,Datetime,Open,High,Low,Close,Stock Splits,Dividends,Volume
0,2020-09-15 09:30:00,270.67,271.35,270.23,270.44,0,0,530819
1,2020-09-15 09:31:00,270.44,270.77,269.89,270.07,0,0,92838
2,2020-09-15 09:32:00,270.15,270.84,269.3,270.24,0,0,118802
3,2020-09-15 09:33:00,270.36,270.43,269.7,270.28,0,0,80533
4,2020-09-15 09:34:00,270.22,270.32,269.45,269.84,0,0,81969
5,2020-09-15 09:35:00,269.93,270.05,269.54,270.0,0,0,57124
6,2020-09-15 09:36:00,270.06,270.64,269.97,270.07,0,0,106546
7,2020-09-15 09:37:00,270.62,270.82,270.05,270.79,0,0,76916
8,2020-09-15 09:38:00,270.77,270.99,270.56,270.65,0,0,81779
9,2020-09-15 09:39:00,270.7,271.96,270.68,271.88,0,0,144756
10,2020-09-15 09:40:00,271.82,272.29,271.81,272.13,0,0,117140
11,2020-09-15 09:41:00,272.43,272.44,271.77,272.18,0,0,91264
12,2020-09-15 09:42:00,271.8,272.23,271.52,271.94,0,0,88004
13,2020-09-15 09:43:00,272.23,272.59,271.77,272.4,0,0,88655
14,2020-09-15 09:44:00,272.41,273.2,272.41,272.91,0,0,130803
15,2020-09-15 09:45:00,272.93,273.22,272.9,273.11,0,0,83142
16,2020-09-15 09:46:00,272.91,273.2,272.6,273.13,0,0,95552
17,2020-09-15 09:47:00,273.1,273.38,272.65,273.33,0,0,101233
18,2020-09-15 09:48:00,273.29,273.49,273.11,273.39,0,0,52947
19,2020-09-15 09:49:00,273.7,273.88,273.33,273.62,0,0,87610
20,2020-09-15 09:50:00,273.76,274.05,273.26,273.4,0,0,107184
21,2020-09-15 09:51:00,272.97,273.44,272.51,272.53,0,0,98403
22,2020-09-15 09:52:00,272.67,273.15,272.37,273.02,0,0,73121
23,2020-09-15 09:53:00,273.06,273.31,273.05,273.26,0,0,42154
24,2020-09-15 09:54:00,273.27,274.05,273.27,273.92,0,0,100480
25,2020-09-15 09:55:00,273.83,274.05,273.5,273.87,0,0,69668
26,2020-09-15 09:56:00,274.06,274.35,273.83,273.87,0,0,119192
27,2020-09-15 09:57:00,273.84,273.89,273.16,273.59,0,0,78822
28,2020-09-15 09:58:00,273.55,273.57,273.22,273.23,0,0,52841
29,2020-09-15 09:59:00,273.39,274.05,273.24,274.04,0,0,66770
30,2020-09-15 10:00:00,273.98,274.48,273.53,273.67,0,0,112760
31,2020-09-15 10:01:00,273.69,274.24,273.68,274.16,0,0,60770
32,2020-09-15 10:02:00,274.2,274.52,274.09,274.12,0,0,104482
33,2020-09-15 10:03:00,274.12,274.46,273.89,274.16,0,0,72288
34,2020-09-15 10:04:00,274.2,274.22,273.64,273.73,0,0,63171
35,2020-09-15 10:05:00,273.72,274.0,273.28,273.52,0,0,111365
36,2020-09-15 10:06:00,273.49,273.65,272.9,273.08,0,0,70813
37,2020-09-15 10:07:00,273.14,273.37,272.95,273.0,0,0,44271
38,2020-09-15 10:08:00,273.0,273.01,272.41,272.53,0,0,88660
39,2020-09-15 10:09:00,272.61,273.06,272.61,273.0,0,0,71467
40,2020-09-15 10:10:00,273.02,273.31,273.0,273.21,0,0,62716
41,2020-09-15 10:11:00,273.24,273.6,273.23,273.37,0,0,58018
42,2020-09-15 10:12:00,273.32,273.67,273.0,273.23,0,0,49935
43,2020-09-15 10:13:00,273.2,273.34,272.67,272.67,0,0,29454
44,2020-09-15 10:14:00,272.72,272.82,272.15,272.27,0,0,65562
45,2020-09-15 10:15:00,272.29,272.44,271.82,271.91,0,0,58776
46,2020-09-15 10:16:00,271.91,272.12,271.65,271.81,0,0,52047
47,2020-09-15 10:17:00,271.81,271.99,271.72,271.99,0,0,39863
48,2020-09-15 10:18:00,271.99,272.38,271.97,272.1,0,0,44044
49,2020-09-15 10:19:00,272.13,272.13,271.64,271.78,0,0,40760
50,2020-09-15 10:20:00,271.86,272.54,271.75,272.2,0,0,46218
51,2020-09-15 10:21:00,272.15,272.55,271.99,272.4,0,0,35282
52,2020-09-15 10:22:00,272.37,272.44,271.8,272.33,0,0,41489
53,2020-09-15 10:23:00,272.36,273.2,272.36,272.66,0,0,78908
54,2020-09-15 10:24:00,272.71,272.71,272.19,272.57,0,0,35731
55,2020-09-15 10:25:00,272.52,272.97,272.52,272.88,0,0,63389
56,2020-09-15 10:26:00,272.88,272.95,272.41,272.66,0,0,40660
57,2020-09-15 10:27:00,272.63,272.88,272.51,272.56,0,0,26468
58,2020-09-15 10:28:00,272.56,272.85,272.48,272.79,0,0,20383
59,2020-09-15 10:29:00,272.85,273.34,272.8,273.16,0,0,38615
60,2020-09-15 10:30:00,273.12,273.29,272.75,272.92,0,0,30192
61,2020-09-15 10:31:00,272.93,273.2,272.76,273.18,0,0,19608
62,2020-09-15 10:32:00,273.16,273.18,272.81,273.0,0,0,21511
63,2020-09-15 10:33:00,273.03,273.03,272.72,272.96,0,0,28148
64,2020-09-15 10:34:00,272.88,273.31,272.74,273.27,0,0,24485
65,2020-09-15 10:35:00,273.32,273.73,273.28,273.68,0,0,56350
66,2020-09-15 10:36:00,273.64,273.65,273.19,273.26,0,0,23697
67,2020-09-15 10:37:00,273.25,273.44,273.15,273.24,0,0,22319
68,2020-09-15 10:38:00,273.27,273.39,272.8,272.89,0,0,37142
69,2020-09-15 10:39:00,272.94,272.95,272.4,272.53,0,0,46040
70,2020-09-15 10:40:00,272.54,272.54,271.54,271.67,0,0,88753
71,2020-09-15 10:41:00,271.62,271.88,271.17,271.38,0,0,58676
72,2020-09-15 10:42:00,271.44,271.75,271.21,271.57,0,0,51086
73,2020-09-15 10:43:00,271.55,271.55,271.01,271.04,0,0,46442
74,2020-09-15 10:44:00,271.04,271.15,270.83,271.01,0,0,50092
75,2020-09-15 10:45:00,271.07,271.45,271.03,271.12,0,0,38346
76,2020-09-15 10:46:00,271.12,271.27,270.66,271.25,0,0,58062
77,2020-09-15 10:47:00,271.21,271.38,270.94,271.24,0,0,36791
78,2020-09-15 10:48:00,271.27,271.48,271.13,271.48,0,0,38483
79,2020-09-15 10:49:00,271.33,271.46,271.16,271.45,0,0,46725
80,2020-09-15 10:50:00,271.44,271.58,271.17,271.39,0,0,25873
81,2020-09-15 10:51:00,271.4,271.53,271.39,271.48,0,0,3749
82,2020-09-15 10:53:00,271.7,271.9,271.67,271.88,0,0,107577
83,2020-09-15 10:54:00,271.93,271.97,271.64,271.68,0,0,26059
84,2020-09-15 10:55:00,271.76,272.05,271.72,271.96,0,0,31572
85,2020-09-15 10:56:00,271.94,272.18,271.56,271.56,0,0,28250
86,2020-09-15 10:57:00,271.6,271.93,271.56,271.86,0,0,25275
87,2020-09-15 10:58:00,271.9,272.0,271.68,271.74,0,0,46390
88,2020-09-15 10:59:00,271.74,271.92,271.7,271.92,0,0,18344
89,2020-09-15 11:00:00,271.94,272.12,271.73,271.73,0,0,23728
90,2020-09-15 11:01:00,271.71,271.89,271.62,271.68,0,0,23512
91,2020-09-15 11:02:00,271.84,272.07,271.58,272.0,0,0,15141
92,2020-09-15 11:03:00,271.99,272.31,271.84,272.18,0,0,28792
93,2020-09-15 11:04:00,272.14,272.36,272.03,272.24,0,0,25088
94,2020-09-15 11:05:00,272.2,272.45,272.06,272.41,0,0,24839
95,2020-09-15 11:06:00,272.43,272.8,272.32,272.39,0,0,40542
96,2020-09-15 11:07:00,272.4,272.65,272.21,272.31,0,0,28120
97,2020-09-15 11:08:00,272.22,272.38,271.92,271.97,0,0,32708
98,2020-09-15 11:09:00,271.94,272.5,271.91,272.33,0,0,33497
99,2020-09-15 11:10:00,272.33,272.46,272.07,272.07,0,0,25359
100,2020-09-15 11:11:00,272.1,272.14,271.85,271.9,0,0,20846
101,2020-09-15 11:12:00,271.95,272.43,271.95,272.33,0,0,54692
102,2020-09-15 11:13:00,272.34,272.74,272.32,272.74,0,0,55530
103,2020-09-15 11:14:00,272.76,272.86,272.36,272.4,0,0,23547
104,2020-09-15 11:15:00,272.44,272.79,272.4,272.5,0,0,25139
105,2020-09-15 11:16:00,272.52,272.6,271.98,272.24,0,0,122020
106,2020-09-15 11:17:00,272.24,272.3,272.0,272.25,0,0,24669
107,2020-09-15 11:18:00,272.21,272.26,272.09,272.26,0,0,12690
108,2020-09-15 11:19:00,272.28,272.55,272.21,272.42,0,0,19222
109,2020-09-15 11:20:00,272.45,272.71,272.43,272.51,0,0,24448
110,2020-09-15 11:21:00,272.48,272.48,272.1,272.13,0,0,20994
111,2020-09-15 11:22:00,272.14,272.19,272.0,272.1,0,0,20369
112,2020-09-15 11:23:00,272.15,272.15,271.95,272.04,0,0,26104
113,2020-09-15 11:24:00,272.04,272.07,271.83,272.04,0,0,27447
114,2020-09-15 11:25:00,272.0,272.0,271.76,271.83,0,0,22942
115,2020-09-15 11:26:00,271.81,271.96,271.75,271.8,0,0,16601
116,2020-09-15 11:27:00,271.83,272.16,271.79,272.16,0,0,24599
117,2020-09-15 11:28:00,272.15,272.38,272.13,272.18,0,0,22772
118,2020-09-15 11:29:00,272.24,272.26,272.06,272.11,0,0,18516
119,2020-09-15 11:30:00,272.11,272.4,272.02,272.18,0,0,26309
120,2020-09-15 11:31:00,272.21,272.43,272.17,272.39,0,0,26207
121,2020-09-15 11:32:00,272.36,272.95,272.34,272.9,0,0,53708
122,2020-09-15 11:33:00,272.88,272.9,272.55,272.58,0,0,26022
123,2020-09-15 11:34:00,272.6,272.6,272.15,272.24,0,0,34702
124,2020-09-15 11:35:00,272.27,272.51,272.1,272.15,0,0,20970
125,2020-09-15 11:36:00,272.21,272.35,272.14,272.19,0,0,20708
126,2020-09-15 11:37:00,272.18,272.37,272.02,272.04,0,0,41414
127,2020-09-15 11:38:00,272.09,272.12,271.88,272.04,0,0,25547
128,2020-09-15 11:39:00,272.13,272.75,272.13,272.72,0,0,37574
129,2020-09-15 11:40:00,272.8,272.96,272.62,272.76,0,0,52612
130,2020-09-15 11:41:00,272.76,272.9,272.76,272.84,0,0,17540
131,2020-09-15 11:42:00,272.87,272.95,272.78,272.91,0,0,20661
132,2020-09-15 11:43:00,272.9,273.03,272.78,272.94,0,0,28939
133,2020-09-15 11:44:00,272.95,272.95,272.48,272.73,0,0,17689
134,2020-09-15 11:45:00,272.71,272.71,272.18,272.42,0,0,32342
135,2020-09-15 11:46:00,272.45,272.7,272.38,272.47,0,0,18441
136,2020-09-15 11:47:00,272.47,272.6,272.32,272.41,0,0,14192
137,2020-09-15 11:48:00,272.41,272.42,272.27,272.39,0,0,9325
138,2020-09-15 11:49:00,272.39,272.6,272.18,272.21,0,0,19345
139,2020-09-15 11:50:00,272.21,272.41,272.18,272.24,0,0,19543
140,2020-09-15 11:51:00,272.24,272.24,271.96,272.08,0,0,37221
141,2020-09-15 11:52:00,272.12,272.29,271.92,271.97,0,0,32129
142,2020-09-15 11:53:00,271.93,272.06,271.84,271.96,0,0,22939
143,2020-09-15 11:54:00,271.97,272.26,271.97,272.15,0,0,21522
144,2020-09-15 11:55:00,272.16,272.56,272.16,272.48,0,0,53793
145,2020-09-15 11:56:00,272.49,272.74,272.49,272.59,0,0,23959
146,2020-09-15 11:57:00,272.53,272.55,272.35,272.5,0,0,16389
147,2020-09-15 11:58:00,272.52,272.64,272.45,272.54,0,0,17195
148,2020-09-15 11:59:00,272.54,272.71,272.52,272.66,0,0,17718
149,2020-09-15 12:00:00,272.64,272.9,272.64,272.89,0,0,40718
150,2020-09-15 12:01:00,272.89,272.91,272.78,272.82,0,0,23774
151,2020-09-15 12:02:00,272.84,272.88,272.73,272.88,0,0,13916
152,2020-09-15 12:03:00,272.86,273.08,272.79,273.02,0,0,34114
153,2020-09-15 12:04:00,273.0,273.28,272.98,273.0,0,0,44918
154,2020-09-15 12:05:00,272.99,273.23,272.95,273.15,0,0,27493
155,2020-09-15 12:06:00,273.18,273.35,273.12,273.29,0,0,23285
156,2020-09-15 12:07:00,273.32,273.45,273.18,273.19,0,0,27502
157,2020-09-15 12:08:00,273.17,273.22,273.0,273.03,0,0,24976
158,2020-09-15 12:09:00,273.02,273.05,272.58,272.83,0,0,22720
159,2020-09-15 12:10:00,272.84,273.03,272.73,273.03,0,0,13757
160,2020-09-15 12:11:00,273.0,273.14,272.87,272.9,0,0,20332
161,2020-09-15 12:12:00,272.86,272.91,272.64,272.91,0,0,16691
162,2020-09-15 12:13:00,272.97,273.02,272.61,272.61,0,0,13406
163,2020-09-15 12:14:00,272.61,272.92,272.34,272.86,0,0,23829
164,2020-09-15 12:15:00,272.9,273.0,272.79,272.89,0,0,21678
165,2020-09-15 12:16:00,272.89,272.92,272.77,272.86,0,0,9501
166,2020-09-15 12:17:00,272.87,273.01,272.78,272.79,0,0,11328
167,2020-09-15 12:18:00,272.82,272.83,272.62,272.77,0,0,15117
168,2020-09-15 12:19:00,272.75,273.18,272.73,273.11,0,0,16031
169,2020-09-15 12:20:00,273.11,273.14,272.75,272.76,0,0,24170
170,2020-09-15 12:21:00,272.87,272.87,272.67,272.84,0,0,14827
171,2020-09-15 12:22:00,272.86,272.98,272.67,272.9,0,0,12918
172,2020-09-15 12:23:00,272.89,272.97,272.82,272.88,0,0,10431
173,2020-09-15 12:24:00,272.9,272.96,272.75,272.84,0,0,8053
174,2020-09-15 12:25:00,272.76,272.77,272.51,272.63,0,0,20369
175,2020-09-15 12:26:00,272.67,272.93,272.65,272.89,0,0,10419
176,2020-09-15 12:27:00,272.89,273.03,272.85,272.89,0,0,20615
177,2020-09-15 12:28:00,272.92,273.06,272.9,273.06,0,0,17911
178,2020-09-15 12:29:00,273.11,273.15,272.97,273.0,0,0,15450
179,2020-09-15 12:30:00,273.03,273.2,273.0,273.18,0,0,20430
180,2020-09-15 12:31:00,273.18,273.35,273.16,273.28,0,0,25576
181,2020-09-15 12:32:00,273.24,273.28,273.13,273.23,0,0,11254
182,2020-09-15 12:33:00,273.2,273.2,272.93,273.07,0,0,14046
183,2020-09-15 12:34:00,273.06,273.16,272.98,273.09,0,0,16748
184,2020-09-15 12:35:00,273.12,273.21,272.91,272.91,0,0,10491
185,2020-09-15 12:36:00,272.9,272.98,272.7,272.98,0,0,20181
186,2020-09-15 12:37:00,272.98,272.98,272.63,272.83,0,0,13075
187,2020-09-15 12:38:00,272.85,272.93,272.75,272.86,0,0,8678
188,2020-09-15 12:39:00,272.86,273.0,272.75,272.96,0,0,28312
189,2020-09-15 12:40:00,273.02,273.14,272.97,273.14,0,0,48594
190,2020-09-15 12:41:00,273.17,273.34,273.16,273.34,0,0,22810
191,2020-09-15 12:42:00,273.33,273.55,273.27,273.29,0,0,66688
192,2020-09-15 12:43:00,273.29,273.42,273.24,273.35,0,0,6619
193,2020-09-15 12:44:00,273.39,273.6,273.39,273.55,0,0,18534
194,2020-09-15 12:45:00,273.55,273.73,273.53,273.69,0,0,31480
195,2020-09-15 12:46:00,273.71,273.87,273.6,273.68,0,0,42759
196,2020-09-15 12:47:00,273.74,273.76,273.61,273.61,0,0,22386
197,2020-09-15 12:48:00,273.67,273.77,273.55,273.7,0,0,21624
198,2020-09-15 12:49:00,273.67,273.71,273.48,273.65,0,0,14604
199,2020-09-15 12:50:00,273.63,273.65,273.51,273.52,0,0,9685
200,2020-09-15 12:51:00,273.54,273.77,273.54,273.76,0,0,23653
201,2020-09-15 12:52:00,273.77,273.85,273.74,273.74,0,0,20512
202,2020-09-15 12:53:00,273.74,273.82,273.56,273.71,0,0,20982
203,2020-09-15 12:54:00,273.73,273.96,273.69,273.94,0,0,26209
204,2020-09-15 12:55:00,273.9,274.11,273.73,273.73,0,0,60775
205,2020-09-15 12:56:00,273.71,273.88,273.63,273.84,0,0,17412
206,2020-09-15 12:57:00,273.83,273.83,273.61,273.63,0,0,27149
207,2020-09-15 12:58:00,273.63,273.83,273.63,273.77,0,0,24092
208,2020-09-15 12:59:00,273.75,273.89,273.69,273.87,0,0,32953
209,2020-09-15 13:00:00,273.88,274.08,273.83,273.94,0,0,29743
210,2020-09-15 13:01:00,273.95,274.1,273.84,273.88,0,0,56218
211,2020-09-15 13:02:00,273.88,273.98,273.84,273.91,0,0,19947
212,2020-09-15 13:03:00,273.85,273.96,273.78,273.83,0,0,26674
213,2020-09-15 13:04:00,273.81,273.89,273.64,273.77,0,0,32634
214,2020-09-15 13:05:00,273.74,273.8,273.42,273.64,0,0,35222
215,2020-09-15 13:06:00,273.64,273.91,273.64,273.77,0,0,29856
216,2020-09-15 13:07:00,273.79,273.94,273.75,273.81,0,0,17718
217,2020-09-15 13:08:00,273.83,273.98,273.82,273.93,0,0,25267
218,2020-09-15 13:09:00,273.96,273.98,273.81,273.89,0,0,28681
219,2020-09-15 13:10:00,273.87,274.08,273.87,273.93,0,0,25143
220,2020-09-15 13:11:00,273.92,274.02,273.83,273.92,0,0,19198
221,2020-09-15 13:12:00,273.94,274.1,273.85,273.9,0,0,22683
222,2020-09-15 13:13:00,273.9,274.09,273.85,274.01,0,0,19124
223,2020-09-15 13:14:00,274.0,274.02,273.83,273.86,0,0,16469
224,2020-09-15 13:15:00,273.89,274.11,273.83,273.83,0,0,32578
225,2020-09-15 13:16:00,273.8,273.9,273.7,273.86,0,0,29301
226,2020-09-15 13:17:00,273.87,274.2,273.82,274.14,0,0,25774
227,2020-09-15 13:18:00,274.11,274.11,273.74,273.8,0,0,20952
228,2020-09-15 13:19:00,273.8,273.89,273.75,273.86,0,0,21299
229,2020-09-15 13:20:00,273.83,273.83,273.56,273.64,0,0,19211
230,2020-09-15 13:21:00,273.68,273.8,273.5,273.6,0,0,25877
231,2020-09-15 13:22:00,273.6,273.6,273.38,273.55,0,0,26471
232,2020-09-15 13:23:00,273.55,273.7,273.47,273.6,0,0,22068
233,2020-09-15 13:24:00,273.65,273.91,273.65,273.86,0,0,21059
234,2020-09-15 13:25:00,273.88,273.89,273.72,273.8,0,0,17594
235,2020-09-15 13:26:00,273.76,273.83,273.67,273.71,0,0,23952
236,2020-09-15 13:27:00,273.73,273.82,273.62,273.7,0,0,19729
237,2020-09-15 13:28:00,273.71,273.88,273.7,273.75,0,0,14066
238,2020-09-15 13:29:00,273.75,273.98,273.69,273.86,0,0,24506
239,2020-09-15 13:30:00,273.9,273.93,273.6,273.6,0,0,34161
240,2020-09-15 13:31:00,273.62,273.75,273.56,273.7,0,0,22842
241,2020-09-15 13:32:00,273.71,273.73,273.53,273.64,0,0,26175
242,2020-09-15 13:33:00,273.66,273.77,273.65,273.67,0,0,25242
243,2020-09-15 13:34:00,273.68,273.78,273.6,273.66,0,0,25182
244,2020-09-15 13:35:00,273.66,273.75,273.63,273.68,0,0,15766
245,2020-09-15 13:36:00,273.72,273.77,273.67,273.75,0,0,22839
246,2020-09-15 13:37:00,273.71,273.78,273.63,273.64,0,0,17977
247,2020-09-15 13:38:00,273.66,273.77,273.64,273.7,0,0,21102
248,2020-09-15 13:39:00,273.71,273.71,273.5,273.62,0,0,22532
249,2020-09-15 13:40:00,273.62,273.69,273.44,273.58,0,0,13898
250,2020-09-15 13:41:00,273.62,273.67,273.54,273.54,0,0,11679
251,2020-09-15 13:42:00,273.65,273.71,273.56,273.64,0,0,17398
252,2020-09-15 13:43:00,273.64,273.68,273.6,273.68,0,0,16465
253,2020-09-15 13:44:00,273.65,273.71,273.57,273.64,0,0,13222
254,2020-09-15 13:45:00,273.67,273.73,273.45,273.6,0,0,13097
255,2020-09-15 13:46:00,273.64,273.71,273.62,273.68,0,0,9293
256,2020-09-15 13:47:00,273.68,273.68,273.58,273.63,0,0,7869
257,2020-09-15 13:48:00,273.62,273.68,273.56,273.6,0,0,12416
258,2020-09-15 13:49:00,273.6,273.67,273.5,273.65,0,0,10145
259,2020-09-15 13:50:00,273.65,273.69,273.52,273.69,0,0,11564
260,2020-09-15 13:51:00,273.68,273.71,273.58,273.65,0,0,40774
261,2020-09-15 13:52:00,273.64,273.67,273.58,273.58,0,0,15346
262,2020-09-15 13:53:00,273.56,273.7,273.56,273.65,0,0,11727
263,2020-09-15 13:54:00,273.63,273.68,273.57,273.62,0,0,8177
264,2020-09-15 13:55:00,273.66,273.66,273.47,273.57,0,0,10432
265,2020-09-15 13:56:00,273.6,273.72,273.6,273.66,0,0,34126
266,2020-09-15 13:57:00,273.71,273.77,273.57,273.67,0,0,21333
267,2020-09-15 13:58:00,273.61,273.61,273.26,273.35,0,0,28713
268,2020-09-15 13:59:00,273.35,273.51,273.32,273.42,0,0,22206
269,2020-09-15 14:00:00,273.48,273.56,273.34,273.44,0,0,28469
270,2020-09-15 14:01:00,273.37,273.5,273.29,273.43,0,0,30211
271,2020-09-15 14:02:00,273.46,273.56,273.1,273.17,0,0,69914
272,2020-09-15 14:03:00,273.14,273.36,272.93,273.07,0,0,48346
273,2020-09-15 14:04:00,273.06,273.1,272.79,273.02,0,0,45488
274,2020-09-15 14:05:00,273.05,273.31,272.98,273.22,0,0,37962
275,2020-09-15 14:06:00,273.22,273.34,273.05,273.05,0,0,51935
276,2020-09-15 14:07:00,273.04,273.21,273.04,273.12,0,0,39469
277,2020-09-15 14:08:00,273.09,273.11,272.65,272.9,0,0,47008
278,2020-09-15 14:09:00,272.84,273.05,272.76,272.87,0,0,50916
279,2020-09-15 14:10:00,272.88,273.01,272.88,272.96,0,0,28622
280,2020-09-15 14:11:00,272.97,273.07,272.85,273.05,0,0,35055
281,2020-09-15 14:12:00,273.03,273.15,272.91,273.0,0,0,24541
282,2020-09-15 14:13:00,272.96,273.1,272.94,273.05,0,0,10027
283,2020-09-15 14:14:00,273.03,273.17,272.91,273.11,0,0,31081
284,2020-09-15 14:15:00,273.12,273.12,272.84,272.99,0,0,13879
285,2020-09-15 14:16:00,273.0,273.03,272.89,273.0,0,0,12823
286,2020-09-15 14:17:00,272.98,273.05,272.91,273.02,0,0,16690
287,2020-09-15 14:18:00,273.05,273.06,272.89,272.91,0,0,15762
288,2020-09-15 14:19:00,272.89,273.03,272.81,272.94,0,0,10233
289,2020-09-15 14:20:00,272.86,273.1,272.86,273.07,0,0,19903
290,2020-09-15 14:21:00,273.06,273.11,273.0,273.02,0,0,19513
291,2020-09-15 14:22:00,273.02,273.02,272.72,273.02,0,0,17670
292,2020-09-15 14:23:00,273.04,273.3,273.02,273.23,0,0,38853
293,2020-09-15 14:24:00,273.26,273.26,273.1,273.15,0,0,13365
294,2020-09-15 14:25:00,273.2,273.2,272.97,272.99,0,0,21684
295,2020-09-15 14:26:00,273.02,273.08,272.75,272.86,0,0,22261
296,2020-09-15 14:27:00,272.87,273.13,272.87,273.01,0,0,24539
297,2020-09-15 14:28:00,273.01,273.13,272.93,273.05,0,0,7389
298,2020-09-15 14:29:00,273.07,273.1,272.9,273.06,0,0,14809
299,2020-09-15 14:30:00,273.07,273.1,272.9,272.95,0,0,13173
300,2020-09-15 14:31:00,272.94,272.95,272.59,272.64,0,0,36288
301,2020-09-15 14:32:00,272.61,272.63,272.16,272.18,0,0,50760
302,2020-09-15 14:33:00,272.19,272.5,272.14,272.45,0,0,29286
303,2020-09-15 14:34:00,272.48,272.56,272.28,272.55,0,0,20311
304,2020-09-15 14:35:00,272.54,272.89,272.54,272.89,0,0,23626
305,2020-09-15 14:36:00,272.89,273.04,272.8,272.95,0,0,55049
306,2020-09-15 14:37:00,272.93,273.0,272.83,272.98,0,0,16535
307,2020-09-15 14:38:00,272.96,273.01,272.81,272.81,0,0,20679
308,2020-09-15 14:39:00,272.87,273.05,272.81,272.97,0,0,16803
309,2020-09-15 14:40:00,273.0,273.04,272.87,272.92,0,0,15409
310,2020-09-15 14:41:00,272.9,273.24,272.83,273.08,0,0,36546
311,2020-09-15 14:42:00,273.08,273.2,272.99,273.12,0,0,36747
312,2020-09-15 14:43:00,273.11,273.22,273.05,273.14,0,0,27466
313,2020-09-15 14:44:00,273.16,273.23,273.06,273.1,0,0,16480
314,2020-09-15 14:45:00,273.09,273.18,273.03,273.17,0,0,11230
315,2020-09-15 14:46:00,273.18,273.33,273.1,273.15,0,0,25995
316,2020-09-15 14:47:00,273.15,273.23,273.1,273.2,0,0,12602
317,2020-09-15 14:48:00,273.19,273.33,273.02,273.06,0,0,25205
318,2020-09-15 14:49:00,273.08,273.42,273.02,273.37,0,0,43336
319,2020-09-15 14:50:00,273.38,273.49,273.31,273.42,0,0,34818
320,2020-09-15 14:51:00,273.43,273.71,273.4,273.71,0,0,46240
321,2020-09-15 14:52:00,273.7,273.9,273.6,273.66,0,0,48217
322,2020-09-15 14:53:00,273.63,273.79,273.54,273.63,0,0,34753
323,2020-09-15 14:54:00,273.63,273.76,273.57,273.6,0,0,19664
324,2020-09-15 14:55:00,273.69,273.75,272.59,272.69,0,0,171852
325,2020-09-15 14:56:00,272.73,272.94,272.18,272.72,0,0,174623
326,2020-09-15 14:57:00,272.73,272.8,271.5,271.7,0,0,184027
327,2020-09-15 14:58:00,271.69,271.97,271.2,271.44,0,0,149082
328,2020-09-15 14:59:00,271.56,271.77,271.19,271.61,0,0,145643
329,2020-09-15 15:00:00,271.57,272.13,271.38,271.4,0,0,169413
330,2020-09-15 15:01:00,271.47,271.91,271.34,271.61,0,0,138111
331,2020-09-15 15:02:00,271.63,271.67,271.03,271.3,0,0,174835
332,2020-09-15 15:03:00,271.35,272.17,271.2,272.0,0,0,110389
333,2020-09-15 15:04:00,272.01,272.35,271.61,271.61,0,0,77420
334,2020-09-15 15:05:00,271.68,271.7,270.81,270.85,0,0,105232
335,2020-09-15 15:06:00,270.82,271.23,270.65,270.68,0,0,86061
336,2020-09-15 15:07:00,270.73,270.84,270.45,270.69,0,0,70847
337,2020-09-15 15:08:00,270.68,271.21,270.45,271.09,0,0,69555
338,2020-09-15 15:09:00,271.08,271.08,270.53,270.72,0,0,42696
339,2020-09-15 15:10:00,270.65,270.69,270.42,270.45,0,0,43396
340,2020-09-15 15:11:00,270.5,270.5,270.02,270.11,0,0,104369
341,2020-09-15 15:12:00,270.12,270.58,270.09,270.15,0,0,91231
342,2020-09-15 15:13:00,270.15,270.16,269.55,269.93,0,0,148358
343,2020-09-15 15:14:00,269.93,270.21,269.75,270.08,0,0,67002
344,2020-09-15 15:15:00,270.04,270.38,269.99,270.24,0,0,72064
345,2020-09-15 15:16:00,270.21,270.51,270.19,270.43,0,0,57292
346,2020-09-15 15:17:00,270.43,270.55,270.27,270.33,0,0,64064
347,2020-09-15 15:18:00,270.32,270.46,270.0,270.04,0,0,62585
348,2020-09-15 15:19:00,270.07,270.43,269.98,270.26,0,0,113669
349,2020-09-15 15:20:00,270.28,270.85,270.24,270.72,0,0,113260
350,2020-09-15 15:21:00,270.76,270.95,270.23,270.87,0,0,79788
351,2020-09-15 15:22:00,270.84,271.18,270.61,270.88,0,0,103687
352,2020-09-15 15:23:00,270.87,271.24,270.62,271.0,0,0,76071
353,2020-09-15 15:24:00,270.93,271.26,270.75,271.21,0,0,49389
354,2020-09-15 15:25:00,271.26,271.45,271.04,271.42,0,0,55107
355,2020-09-15 15:26:00,271.44,271.47,271.23,271.43,0,0,58979
356,2020-09-15 15:27:00,271.43,271.51,271.27,271.43,0,0,41384
357,2020-09-15 15:28:00,271.48,271.81,271.48,271.8,0,0,69030
358,2020-09-15 15:29:00,271.83,272.04,271.78,271.96,0,0,76228
359,2020-09-15 15:30:00,271.99,272.14,271.54,271.58,0,0,71949
360,2020-09-15 15:31:00,271.63,271.96,271.63,271.78,0,0,34616
361,2020-09-15 15:32:00,271.77,271.78,271.43,271.48,0,0,45538
362,2020-09-15 15:33:00,271.47,271.54,270.93,270.97,0,0,86425
363,2020-09-15 15:34:00,271.06,271.19,270.84,271.05,0,0,47468
364,2020-09-15 15:35:00,271.07,271.57,270.88,271.57,0,0,78588
365,2020-09-15 15:36:00,271.53,271.58,271.11,271.13,0,0,24501
366,2020-09-15 15:37:00,271.11,271.12,270.5,270.5,0,0,55169
367,2020-09-15 15:38:00,270.47,270.57,270.23,270.48,0,0,51413
368,2020-09-15 15:39:00,270.51,271.04,270.47,270.98,0,0,58313
369,2020-09-15 15:40:00,270.99,271.03,270.39,270.46,0,0,40660
370,2020-09-15 15:41:00,270.42,270.76,270.39,270.65,0,0,23587
371,2020-09-15 15:42:00,270.64,271.31,270.64,271.28,0,0,58294
372,2020-09-15 15:43:00,271.25,271.47,271.13,271.13,0,0,40196
373,2020-09-15 15:44:00,271.07,271.28,270.98,271.01,0,0,24902
374,2020-09-15 15:45:00,271.01,271.3,270.83,271.22,0,0,42522
375,2020-09-15 15:46:00,271.29,271.64,271.15,271.62,0,0,49794
376,2020-09-15 15:47:00,271.64,271.71,271.45,271.56,0,0,47584
377,2020-09-15 15:48:00,271.54,271.75,271.48,271.57,0,0,36003
378,2020-09-15 15:49:00,271.54,271.77,271.49,271.77,0,0,40935
379,2020-09-15 15:50:00,271.72,271.76,271.29,271.36,0,0,57761
380,2020-09-15 15:51:00,271.31,271.45,271.14,271.24,0,0,74478
381,2020-09-15 15:52:00,271.25,271.54,271.25,271.49,0,0,56202
382,2020-09-15 15:53:00,271.54,272.2,271.52,272.0,0,0,81776
383,2020-09-15 15:54:00,272.02,272.33,271.77,272.09,0,0,76720
384,2020-09-15 15:55:00,272.06,272.08,271.76,271.8,0,0,94737
385,2020-09-15 15:56:00,271.8,271.98,271.72,271.88,0,0,87248
386,2020-09-15 15:57:00,271.89,272.17,271.81,272.11,0,0,95647
387,2020-09-15 15:58:00,272.1,272.3,271.81,272.29,0,0,150567
388,2020-09-15 15:59:00,272.31,272.7,272.29,272.46,0,0,195413
389,2020-09-16 09:30:00,267.29,269.8,267.29,269.17,0,0,910691
390,2020-09-16 09:31:00,269.19,270.08,268.56,268.57,0,0,201262
391,2020-09-16 09:32:00,268.64,270.52,268.61,270.42,0,0,167834
392,2020-09-16 09:33:00,270.43,270.86,270.07,270.45,0,0,237663
393,2020-09-16 09:34:00,271.23,271.3,270.25,270.42,0,0,220773
394,2020-09-16 09:35:00,270.42,271.14,270.42,271.06,0,0,138689
395,2020-09-16 09:36:00,271.07,271.77,270.34,270.34,0,0,166952
396,2020-09-16 09:37:00,270.34,270.75,270.16,270.26,0,0,66257
397,2020-09-16 09:38:00,270.97,271.3,270.3,271.0,0,0,145602
398,2020-09-16 09:39:00,271.92,272.19,271.07,272.03,0,0,164010
399,2020-09-16 09:40:00,272.08,272.44,271.69,271.91,0,0,147806
400,2020-09-16 09:41:00,271.86,272.23,271.5,271.96,0,0,116790
401,2020-09-16 09:42:00,271.93,272.38,271.37,271.95,0,0,97075
402,2020-09-16 09:43:00,271.92,271.95,271.13,271.51,0,0,78073
403,2020-09-16 09:44:00,271.43,271.54,270.51,270.54,0,0,93260
404,2020-09-16 09:45:00,270.59,270.84,270.25,270.52,0,0,107714
405,2020-09-16 09:46:00,270.46,270.54,270.02,270.12,0,0,83012
406,2020-09-16 09:47:00,270.07,270.31,270.06,270.11,0,0,73020
407,2020-09-16 09:48:00,270.29,270.44,269.86,270.0,0,0,85259
408,2020-09-16 09:49:00,269.59,270.0,269.42,269.78,0,0,83374
409,2020-09-16 09:50:00,269.91,270.14,269.58,269.93,0,0,62996
410,2020-09-16 09:51:00,271.47,271.54,269.99,271.22,0,0,118359
411,2020-09-16 09:52:00,271.25,271.48,270.99,271.39,0,0,75610
412,2020-09-16 09:53:00,271.71,271.88,271.33,271.76,0,0,85572
413,2020-09-16 09:54:00,271.66,271.88,271.47,271.77,0,0,53111
414,2020-09-16 09:55:00,271.84,271.86,271.23,271.42,0,0,66642
415,2020-09-16 09:56:00,271.49,271.76,270.94,270.99,0,0,66660
416,2020-09-16 09:57:00,270.85,270.96,270.38,270.48,0,0,50264
417,2020-09-16 09:58:00,270.46,270.46,269.99,270.12,0,0,52596
418,2020-09-16 09:59:00,270.26,270.83,270.11,270.7,0,0,63151
419,2020-09-16 10:00:00,270.64,270.81,270.4,270.41,0,0,44544
420,2020-09-16 10:01:00,270.36,270.75,270.16,270.65,0,0,64861
421,2020-09-16 10:02:00,270.6,270.62,270.33,270.62,0,0,31480
422,2020-09-16 10:03:00,270.62,270.67,270.08,270.27,0,0,54276
423,2020-09-16 10:04:00,270.33,270.39,269.75,269.88,0,0,78498
424,2020-09-16 10:05:00,269.9,269.9,269.52,269.59,0,0,47856
425,2020-09-16 10:06:00,269.63,269.63,269.28,269.34,0,0,56569
426,2020-09-16 10:07:00,269.34,270.24,269.34,270.19,0,0,55551
427,2020-09-16 10:08:00,270.23,270.7,270.23,270.49,0,0,66310
428,2020-09-16 10:09:00,270.42,270.7,270.37,270.64,0,0,32692
429,2020-09-16 10:10:00,270.64,270.99,270.42,270.9,0,0,44063
430,2020-09-16 10:11:00,270.83,271.0,270.56,270.84,0,0,38183
431,2020-09-16 10:12:00,270.89,270.89,270.52,270.57,0,0,39698
432,2020-09-16 10:13:00,270.62,270.77,270.19,270.19,0,0,29124
433,2020-09-16 10:14:00,270.22,270.65,270.19,270.3,0,0,54288
434,2020-09-16 10:15:00,270.32,270.52,269.8,269.88,0,0,58755
435,2020-09-16 10:16:00,269.85,270.0,269.57,269.57,0,0,41943
436,2020-09-16 10:17:00,269.65,269.65,269.06,269.17,0,0,92188
437,2020-09-16 10:18:00,269.17,269.17,267.92,267.97,0,0,133518
438,2020-09-16 10:19:00,268.03,268.6,267.88,268.35,0,0,124975
439,2020-09-16 10:20:00,268.45,269.18,268.38,269.0,0,0,82479
440,2020-09-16 10:21:00,269.0,269.13,268.71,268.79,0,0,82294
441,2020-09-16 10:22:00,268.72,268.84,268.26,268.44,0,0,60901
442,2020-09-16 10:23:00,268.42,268.8,268.42,268.67,0,0,35862
443,2020-09-16 10:24:00,268.74,268.83,268.56,268.83,0,0,70928
444,2020-09-16 10:25:00,268.79,268.83,268.5,268.55,0,0,29645
445,2020-09-16 10:26:00,268.52,268.77,268.31,268.46,0,0,56369
446,2020-09-16 10:27:00,268.54,268.98,268.52,268.66,0,0,46074
447,2020-09-16 10:28:00,268.66,268.95,268.51,268.75,0,0,55885
448,2020-09-16 10:29:00,268.78,268.98,268.7,268.84,0,0,34654
449,2020-09-16 10:30:00,268.79,268.91,268.69,268.71,0,0,36223
450,2020-09-16 10:31:00,268.7,268.75,268.49,268.62,0,0,36747
451,2020-09-16 10:32:00,268.63,268.74,268.1,268.15,0,0,45020
452,2020-09-16 10:33:00,268.13,268.21,267.88,268.02,0,0,66823
453,2020-09-16 10:34:00,268.02,268.29,267.66,268.12,0,0,62155
454,2020-09-16 10:35:00,268.12,268.21,267.76,267.96,0,0,71986
455,2020-09-16 10:36:00,267.94,267.94,267.24,267.61,0,0,123762
456,2020-09-16 10:37:00,267.64,267.85,267.45,267.46,0,0,54580
457,2020-09-16 10:38:00,267.5,267.67,267.34,267.55,0,0,48017
458,2020-09-16 10:39:00,267.6,267.86,267.39,267.5,0,0,55236
459,2020-09-16 10:40:00,267.47,267.86,267.42,267.81,0,0,45571
460,2020-09-16 10:41:00,267.81,268.18,267.75,268.03,0,0,44248
461,2020-09-16 10:42:00,268.01,268.13,267.76,267.78,0,0,34928
462,2020-09-16 10:43:00,267.77,268.29,267.72,268.16,0,0,57934
463,2020-09-16 10:44:00,268.16,268.3,267.71,267.78,0,0,48977
464,2020-09-16 10:45:00,267.81,267.95,267.46,267.53,0,0,40827
465,2020-09-16 10:46:00,267.47,267.56,267.08,267.13,0,0,74341
466,2020-09-16 10:47:00,267.14,267.28,266.82,267.02,0,0,121844
467,2020-09-16 10:48:00,267.08,267.39,267.07,267.35,0,0,44158
468,2020-09-16 10:49:00,267.3,267.73,267.2,267.59,0,0,37958
469,2020-09-16 10:50:00,267.57,267.78,267.43,267.78,0,0,29212
470,2020-09-16 10:51:00,267.8,268.2,267.8,268.1,0,0,64567
471,2020-09-16 10:52:00,268.1,268.23,267.9,268.08,0,0,55575
472,2020-09-16 10:53:00,268.05,268.18,268.05,268.06,0,0,20099
473,2020-09-16 10:54:00,267.82,267.97,267.82,267.89,0,0,41480
474,2020-09-16 10:55:00,267.95,268.1,267.93,268.08,0,0,37243
475,2020-09-16 10:56:00,268.08,268.17,268.0,268.02,0,0,32455
476,2020-09-16 10:57:00,268.04,268.55,267.92,268.35,0,0,61017
477,2020-09-16 10:58:00,268.39,268.47,268.21,268.33,0,0,61220
478,2020-09-16 10:59:00,268.31,268.33,267.93,267.93,0,0,23791
479,2020-09-16 11:00:00,268.0,268.24,267.95,268.09,0,0,33384
480,2020-09-16 11:01:00,268.08,268.18,267.97,268.05,0,0,20537
481,2020-09-16 11:02:00,268.05,268.43,268.05,268.36,0,0,21540
482,2020-09-16 11:03:00,268.4,268.76,268.19,268.74,0,0,39479
483,2020-09-16 11:04:00,268.74,268.81,268.58,268.6,0,0,44300
484,2020-09-16 11:05:00,268.62,268.62,268.3,268.3,0,0,23621
485,2020-09-16 11:06:00,268.33,268.44,268.22,268.43,0,0,28246
486,2020-09-16 11:07:00,268.46,268.85,268.4,268.8,0,0,49355
487,2020-09-16 11:08:00,268.75,268.96,268.58,268.75,0,0,38501
488,2020-09-16 11:09:00,268.7,268.79,268.6,268.65,0,0,28939
489,2020-09-16 11:10:00,268.62,268.72,268.32,268.51,0,0,29608
490,2020-09-16 11:11:00,268.49,268.98,268.44,268.85,0,0,49023
491,2020-09-16 11:12:00,268.9,269.0,268.82,268.82,0,0,31290
492,2020-09-16 11:13:00,268.9,269.1,268.85,268.91,0,0,39304
493,2020-09-16 11:14:00,268.96,269.4,268.96,269.34,0,0,49693
494,2020-09-16 11:15:00,269.38,269.78,269.28,269.78,0,0,64131
495,2020-09-16 11:16:00,269.76,269.87,269.5,269.86,0,0,43814
496,2020-09-16 11:17:00,269.82,269.83,269.44,269.53,0,0,29723
497,2020-09-16 11:18:00,269.59,269.85,269.59,269.71,0,0,29994
498,2020-09-16 11:19:00,269.7,269.8,269.5,269.79,0,0,28531
499,2020-09-16 11:20:00,269.77,269.8,269.52,269.56,0,0,22880
500,2020-09-16 11:21:00,269.6,269.63,269.27,269.4,0,0,40512
501,2020-09-16 11:22:00,269.37,269.69,269.36,269.47,0,0,21347
502,2020-09-16 11:23:00,269.57,269.69,269.42,269.66,0,0,19343
503,2020-09-16 11:24:00,269.63,270.05,269.6,269.93,0,0,44554
504,2020-09-16 11:25:00,269.9,269.92,269.43,269.62,0,0,30216
505,2020-09-16 11:27:00,269.86,269.91,269.67,269.85,0,0,86392
506,2020-09-16 11:28:00,269.78,269.89,269.74,269.76,0,0,35112
507,2020-09-16 11:29:00,269.79,270.05,269.79,269.9,0,0,38518
508,2020-09-16 11:30:00,269.91,269.99,269.86,269.92,0,0,22458
509,2020-09-16 11:31:00,269.88,270.13,269.87,269.99,0,0,51924
510,2020-09-16 11:32:00,270.01,270.29,269.89,269.95,0,0,45504
511,2020-09-16 11:33:00,269.97,270.21,269.95,269.99,0,0,38551
512,2020-09-16 11:34:00,269.96,270.14,269.82,269.84,0,0,28833
513,2020-09-16 11:35:00,269.87,269.94,269.6,269.65,0,0,31188
514,2020-09-16 11:36:00,269.7,269.8,269.55,269.63,0,0,1024431
515,2020-09-16 11:37:00,269.64,269.84,269.49,269.74,0,0,23076
516,2020-09-16 11:38:00,269.72,269.72,269.34,269.35,0,0,24958
517,2020-09-16 11:39:00,269.36,269.48,269.14,269.21,0,0,24355
518,2020-09-16 11:40:00,269.24,269.6,269.11,269.6,0,0,50009
519,2020-09-16 11:41:00,269.58,269.58,269.4,269.52,0,0,17849
520,2020-09-16 11:42:00,269.52,269.52,269.37,269.47,0,0,1617128
521,2020-09-16 11:43:00,269.45,269.52,269.33,269.49,0,0,20438
522,2020-09-16 11:44:00,269.5,269.53,269.19,269.27,0,0,18784
523,2020-09-16 11:45:00,269.27,269.44,269.07,269.12,0,0,18714
524,2020-09-16 11:46:00,269.15,269.3,269.15,269.29,0,0,18605
525,2020-09-16 11:47:00,269.32,269.37,269.11,269.16,0,0,21139
526,2020-09-16 11:48:00,269.18,269.18,268.94,269.13,0,0,21527
527,2020-09-16 11:49:00,269.08,269.18,268.97,269.13,0,0,19809
528,2020-09-16 11:50:00,269.07,269.12,268.89,269.0,0,0,21892
529,2020-09-16 11:51:00,268.99,269.15,268.92,268.94,0,0,14469
530,2020-09-16 11:52:00,268.97,269.01,268.85,269.0,0,0,24902
531,2020-09-16 11:53:00,269.03,269.13,268.88,268.88,0,0,14526
532,2020-09-16 11:54:00,268.85,268.94,268.61,268.66,0,0,36011
533,2020-09-16 11:55:00,268.67,268.75,268.45,268.51,0,0,50187
534,2020-09-16 11:56:00,268.5,268.51,268.15,268.23,0,0,46434
535,2020-09-16 11:57:00,268.27,268.45,268.16,268.37,0,0,26494
536,2020-09-16 11:58:00,268.33,268.37,268.2,268.23,0,0,28874
537,2020-09-16 11:59:00,268.33,268.36,268.07,268.07,0,0,30129
538,2020-09-16 12:00:00,268.09,268.12,267.9,267.9,0,0,56413
539,2020-09-16 12:01:00,267.9,268.09,267.79,267.93,0,0,48693
540,2020-09-16 12:02:00,267.93,268.12,267.88,268.09,0,0,31742
541,2020-09-16 12:03:00,268.11,268.28,268.04,268.25,0,0,900560
542,2020-09-16 12:04:00,268.26,268.36,268.15,268.23,0,0,31236
543,2020-09-16 12:05:00,268.21,268.35,267.9,267.9,0,0,35550
544,2020-09-16 12:06:00,267.87,267.9,267.56,267.73,0,0,51485
545,2020-09-16 12:07:00,267.71,267.79,267.46,267.5,0,0,66870
546,2020-09-16 12:08:00,267.51,267.61,267.48,267.6,0,0,35956
547,2020-09-16 12:09:00,267.62,268.04,267.48,268.04,0,0,40906
548,2020-09-16 12:10:00,268.1,268.23,267.81,267.82,0,0,36930
549,2020-09-16 12:11:00,267.83,267.83,267.6,267.68,0,0,25835
550,2020-09-16 12:12:00,267.68,267.81,267.59,267.63,0,0,51680
551,2020-09-16 12:13:00,267.64,267.66,267.19,267.19,0,0,52213
552,2020-09-16 12:14:00,267.22,267.57,267.15,267.17,0,0,42258
553,2020-09-16 12:15:00,267.18,267.18,266.89,266.95,0,0,90888
554,2020-09-16 12:16:00,266.94,267.09,266.75,266.96,0,0,68874
555,2020-09-16 12:17:00,266.96,267.1,266.88,267.0,0,0,35797
556,2020-09-16 12:18:00,266.97,267.0,266.81,266.93,0,0,33162
557,2020-09-16 12:19:00,266.97,267.01,266.92,266.97,0,0,34410
558,2020-09-16 12:20:00,266.99,267.14,266.92,267.0,0,0,59684
559,2020-09-16 12:21:00,267.0,267.05,266.66,266.81,0,0,61446
560,2020-09-16 12:22:00,266.86,267.01,266.79,266.94,0,0,30204
561,2020-09-16 12:23:00,266.96,267.1,266.93,266.94,0,0,53483
562,2020-09-16 12:24:00,266.94,267.01,266.83,266.97,0,0,33685
563,2020-09-16 12:25:00,267.0,267.0,266.65,266.72,0,0,65457
564,2020-09-16 12:26:00,266.71,267.01,266.69,266.93,0,0,27550
565,2020-09-16 12:27:00,266.91,266.91,266.52,266.62,0,0,40484
566,2020-09-16 12:28:00,266.59,266.89,266.48,266.86,0,0,73852
567,2020-09-16 12:29:00,266.86,267.01,266.81,266.94,0,0,36261
568,2020-09-16 12:30:00,267.0,267.01,266.85,266.89,0,0,54311
569,2020-09-16 12:31:00,266.9,266.97,266.73,266.86,0,0,33153
570,2020-09-16 12:32:00,266.84,266.84,266.42,266.44,0,0,54164
571,2020-09-16 12:33:00,266.42,266.7,266.42,266.65,0,0,33683
572,2020-09-16 12:34:00,266.64,266.66,266.49,266.64,0,0,24048
573,2020-09-16 12:35:00,266.67,267.07,266.59,266.68,0,0,154447
574,2020-09-16 12:36:00,266.66,266.71,266.32,266.47,0,0,89009
575,2020-09-16 12:37:00,266.5,266.82,266.47,266.81,0,0,49885
576,2020-09-16 12:38:00,266.79,267.08,266.73,267.0,0,0,77767
577,2020-09-16 12:39:00,266.99,267.03,266.82,266.85,0,0,52505
578,2020-09-16 12:40:00,266.84,266.84,266.5,266.62,0,0,33188
579,2020-09-16 12:41:00,266.63,266.74,266.52,266.61,0,0,29067
580,2020-09-16 12:42:00,266.6,266.8,266.44,266.45,0,0,42164
581,2020-09-16 12:43:00,266.45,266.49,266.03,266.05,0,0,62319
582,2020-09-16 12:44:00,266.06,266.25,265.94,266.25,0,0,88436
583,2020-09-16 12:45:00,266.21,266.43,266.18,266.38,0,0,36173
584,2020-09-16 12:46:00,266.38,266.59,266.32,266.35,0,0,30136
585,2020-09-16 12:47:00,266.36,266.44,266.12,266.13,0,0,39535
586,2020-09-16 12:48:00,266.12,266.14,265.81,265.96,0,0,54069
587,2020-09-16 12:49:00,265.89,266.05,265.84,265.96,0,0,27225
588,2020-09-16 12:50:00,265.92,266.02,265.8,265.89,0,0,31099
589,2020-09-16 12:51:00,265.89,265.92,265.77,265.89,0,0,29855
590,2020-09-16 12:52:00,265.89,265.89,265.66,265.75,0,0,38504
591,2020-09-16 12:53:00,265.81,265.93,265.72,265.87,0,0,33958
592,2020-09-16 12:54:00,265.88,266.01,265.83,265.95,0,0,35267
593,2020-09-16 12:55:00,265.92,266.05,265.92,265.97,0,0,55468
594,2020-09-16 12:56:00,265.98,266.09,265.91,265.99,0,0,46106
595,2020-09-16 12:57:00,265.98,266.15,265.97,266.08,0,0,33447
596,2020-09-16 12:58:00,266.04,266.04,265.85,265.85,0,0,31089
597,2020-09-16 12:59:00,265.83,265.85,265.38,265.39,0,0,104029
598,2020-09-16 13:00:00,265.38,265.57,265.26,265.3,0,0,68651
599,2020-09-16 13:01:00,265.29,265.52,265.15,265.35,0,0,78352
600,2020-09-16 13:02:00,265.39,266.05,265.24,266.05,0,0,94166
601,2020-09-16 13:03:00,266.05,266.06,265.6,265.64,0,0,43241
602,2020-09-16 13:04:00,265.68,266.09,265.66,266.04,0,0,59069
603,2020-09-16 13:05:00,266.05,266.47,266.05,266.24,0,0,66600
604,2020-09-16 13:06:00,266.18,266.32,266.12,266.29,0,0,52069
605,2020-09-16 13:07:00,266.27,266.44,266.06,266.19,0,0,47163
606,2020-09-16 13:08:00,266.19,266.23,265.82,265.93,0,0,65944
607,2020-09-16 13:09:00,265.92,266.13,265.9,266.09,0,0,42082
608,2020-09-16 13:10:00,266.1,266.1,265.46,265.46,0,0,58915
609,2020-09-16 13:11:00,265.48,265.53,265.09,265.25,0,0,76746
610,2020-09-16 13:12:00,265.26,265.52,265.26,265.44,0,0,46316
611,2020-09-16 13:13:00,265.48,265.51,265.42,265.46,0,0,34946
612,2020-09-16 13:14:00,265.51,266.02,265.48,266.02,0,0,63184
613,2020-09-16 13:15:00,265.99,266.17,265.85,265.86,0,0,54166
614,2020-09-16 13:16:00,265.96,265.98,265.7,265.74,0,0,21067
615,2020-09-16 13:17:00,265.74,265.88,265.69,265.72,0,0,26649
616,2020-09-16 13:18:00,265.68,265.87,265.5,265.84,0,0,49394
617,2020-09-16 13:19:00,265.83,265.87,265.6,265.73,0,0,31506
618,2020-09-16 13:20:00,265.77,265.79,265.27,265.29,0,0,34441
619,2020-09-16 13:21:00,265.26,265.38,265.18,265.34,0,0,40822
620,2020-09-16 13:22:00,265.35,265.36,264.92,265.29,0,0,132517
621,2020-09-16 13:23:00,265.32,265.58,265.06,265.58,0,0,45469
622,2020-09-16 13:24:00,265.51,265.56,265.06,265.27,0,0,33026
623,2020-09-16 13:25:00,265.24,265.24,264.97,265.1,0,0,38123
624,2020-09-16 13:26:00,265.08,265.15,264.94,264.99,0,0,53483
625,2020-09-16 13:27:00,265.0,265.06,264.77,265.0,0,0,61991
626,2020-09-16 13:28:00,265.03,265.16,264.93,264.93,0,0,30483
627,2020-09-16 13:29:00,264.96,264.97,264.62,264.94,0,0,70429
628,2020-09-16 13:30:00,264.95,265.12,264.82,265.1,0,0,45299
629,2020-09-16 13:31:00,265.1,265.3,264.69,264.69,0,0,77583
630,2020-09-16 13:32:00,264.71,264.76,264.28,264.41,0,0,68922
631,2020-09-16 13:33:00,264.44,264.62,264.34,264.47,0,0,61268
632,2020-09-16 13:34:00,264.51,264.88,264.49,264.87,0,0,50662
633,2020-09-16 13:35:00,264.83,264.84,264.23,264.31,0,0,81730
634,2020-09-16 13:36:00,264.33,264.4,264.22,264.26,0,0,70462
635,2020-09-16 13:37:00,264.22,264.43,264.16,264.18,0,0,65511
636,2020-09-16 13:38:00,264.16,264.38,264.09,264.12,0,0,82109
637,2020-09-16 13:39:00,264.13,264.31,264.0,264.13,0,0,79452
638,2020-09-16 13:40:00,264.14,264.53,264.1,264.22,0,0,53998
639,2020-09-16 13:41:00,264.24,264.7,264.18,264.49,0,0,67021
640,2020-09-16 13:42:00,264.52,265.27,264.47,265.25,0,0,75623
641,2020-09-16 13:43:00,265.26,265.51,265.17,265.3,0,0,111664
642,2020-09-16 13:44:00,265.3,265.83,265.3,265.83,0,0,50973
643,2020-09-16 13:45:00,265.8,265.87,265.62,265.83,0,0,69556
644,2020-09-16 13:46:00,265.83,266.0,265.64,265.77,0,0,51561
645,2020-09-16 13:47:00,265.74,265.74,265.48,265.6,0,0,37895
646,2020-09-16 13:48:00,265.63,265.91,265.55,265.61,0,0,51746
647,2020-09-16 13:49:00,265.58,265.66,265.32,265.46,0,0,46498
648,2020-09-16 13:50:00,265.39,265.65,265.33,265.55,0,0,39206
649,2020-09-16 13:51:00,265.57,265.57,264.73,265.03,0,0,65199
650,2020-09-16 13:52:00,265.03,265.26,264.96,265.25,0,0,63038
651,2020-09-16 13:53:00,265.26,265.52,265.13,265.52,0,0,44044
652,2020-09-16 13:54:00,265.52,265.53,265.33,265.44,0,0,23464
653,2020-09-16 13:55:00,265.4,265.5,265.27,265.33,0,0,24441
654,2020-09-16 13:56:00,265.33,265.38,265.02,265.02,0,0,28967
655,2020-09-16 13:57:00,265.02,265.29,264.91,265.2,0,0,45224
656,2020-09-16 13:58:00,265.15,265.24,264.91,265.14,0,0,19502
657,2020-09-16 13:59:00,265.18,265.48,265.05,265.17,0,0,40735
658,2020-09-16 14:00:00,265.26,265.98,265.18,265.56,0,0,66502
659,2020-09-16 14:01:00,265.58,266.23,265.5,266.1,0,0,57893
660,2020-09-16 14:02:00,266.1,266.35,266.0,266.07,0,0,101834
661,2020-09-16 14:03:00,266.06,266.14,265.6,265.9,0,0,62034
662,2020-09-16 14:04:00,265.96,266.0,265.42,265.5,0,0,42657
663,2020-09-16 14:05:00,265.57,265.86,265.42,265.72,0,0,62192
664,2020-09-16 14:06:00,265.74,265.77,265.0,265.17,0,0,61851
665,2020-09-16 14:07:00,265.16,265.54,265.13,265.38,0,0,49437
666,2020-09-16 14:08:00,265.38,265.5,265.09,265.39,0,0,48087
667,2020-09-16 14:09:00,265.4,265.46,265.2,265.42,0,0,41471
668,2020-09-16 14:10:00,265.42,265.52,264.97,265.28,0,0,57413
669,2020-09-16 14:11:00,265.21,265.49,265.1,265.11,0,0,66614
670,2020-09-16 14:12:00,265.13,265.7,265.12,265.7,0,0,98464
671,2020-09-16 14:13:00,265.68,266.23,265.63,265.88,0,0,62314
672,2020-09-16 14:14:00,265.91,266.08,265.62,265.93,0,0,39459
673,2020-09-16 14:15:00,265.94,266.46,265.82,266.42,0,0,59085
674,2020-09-16 14:16:00,266.44,266.65,266.19,266.6,0,0,69131
675,2020-09-16 14:17:00,266.54,266.91,266.54,266.91,0,0,61327
676,2020-09-16 14:18:00,266.83,266.99,266.5,266.54,0,0,58822
677,2020-09-16 14:19:00,266.51,266.58,266.07,266.12,0,0,41728
678,2020-09-16 14:20:00,266.1,266.32,266.0,266.17,0,0,51215
679,2020-09-16 14:21:00,266.2,266.51,266.18,266.36,0,0,41564
680,2020-09-16 14:22:00,266.36,266.42,265.93,265.93,0,0,48742
681,2020-09-16 14:23:00,265.94,266.28,265.84,266.14,0,0,87978
682,2020-09-16 14:24:00,266.24,266.27,265.88,266.04,0,0,33059
683,2020-09-16 14:25:00,265.98,266.13,265.75,265.8,0,0,40633
684,2020-09-16 14:26:00,265.81,265.97,265.35,265.38,0,0,65479
685,2020-09-16 14:27:00,265.42,266.0,265.4,265.95,0,0,57849
686,2020-09-16 14:28:00,265.92,266.25,265.89,266.11,0,0,26589
687,2020-09-16 14:29:00,266.07,266.38,266.03,266.38,0,0,36474
688,2020-09-16 14:30:00,266.35,266.75,266.35,266.58,0,0,54079
689,2020-09-16 14:31:00,266.54,266.54,266.0,266.2,0,0,43453
690,2020-09-16 14:32:00,266.2,266.2,265.81,265.84,0,0,48940
691,2020-09-16 14:33:00,265.9,265.93,265.72,265.81,0,0,38675
692,2020-09-16 14:34:00,265.81,266.1,265.81,265.81,0,0,42537
693,2020-09-16 14:35:00,265.81,265.96,265.55,265.59,0,0,59223
694,2020-09-16 14:36:00,265.6,266.04,265.55,265.95,0,0,42803
695,2020-09-16 14:37:00,265.95,265.95,265.61,265.84,0,0,40970
696,2020-09-16 14:38:00,265.89,266.14,265.88,266.11,0,0,48240
697,2020-09-16 14:39:00,266.07,266.5,266.05,266.41,0,0,101432
698,2020-09-16 14:40:00,266.43,266.43,266.17,266.34,0,0,73289
699,2020-09-16 14:41:00,266.35,266.37,265.99,266.19,0,0,56975
700,2020-09-16 14:42:00,266.17,266.18,266.03,266.09,0,0,19198
701,2020-09-16 14:43:00,266.11,266.27,265.7,265.82,0,0,38567
702,2020-09-16 14:44:00,265.8,265.9,265.3,265.48,0,0,64607
703,2020-09-16 14:45:00,265.46,265.54,264.95,265.11,0,0,103470
704,2020-09-16 14:46:00,265.1,265.26,264.93,264.98,0,0,59022
705,2020-09-16 14:47:00,264.97,265.21,264.93,265.05,0,0,51630
706,2020-09-16 14:48:00,265.05,265.11,264.87,265.03,0,0,48074
707,2020-09-16 14:49:00,265.05,265.33,264.96,265.01,0,0,41298
708,2020-09-16 14:50:00,264.99,265.05,264.77,264.9,0,0,49671
709,2020-09-16 14:51:00,264.89,264.89,264.25,264.44,0,0,102342
710,2020-09-16 14:52:00,264.48,264.51,264.24,264.3,0,0,58103
711,2020-09-16 14:53:00,264.32,264.45,264.1,264.16,0,0,86238
712,2020-09-16 14:54:00,264.19,264.41,264.14,264.29,0,0,62231
713,2020-09-16 14:55:00,264.31,264.54,264.2,264.52,0,0,62599
714,2020-09-16 14:56:00,264.51,264.68,264.37,264.58,0,0,81328
715,2020-09-16 14:57:00,264.6,264.6,264.2,264.33,0,0,79847
716,2020-09-16 14:58:00,264.34,264.44,264.12,264.28,0,0,81986
717,2020-09-16 14:59:00,264.28,264.46,264.13,264.41,0,0,52853
718,2020-09-16 15:00:00,264.39,264.86,264.28,264.84,0,0,76969
719,2020-09-16 15:01:00,264.83,264.83,264.56,264.62,0,0,51527
720,2020-09-16 15:02:00,264.57,264.67,264.42,264.6,0,0,45619
721,2020-09-16 15:03:00,264.58,264.62,264.2,264.31,0,0,56863
722,2020-09-16 15:04:00,264.33,264.5,264.23,264.23,0,0,43768
723,2020-09-16 15:05:00,264.23,264.24,263.96,263.96,0,0,140553
724,2020-09-16 15:06:00,263.97,264.29,263.92,264.24,0,0,97147
725,2020-09-16 15:07:00,264.22,264.54,264.2,264.27,0,0,80786
726,2020-09-16 15:08:00,264.31,264.38,264.11,264.22,0,0,37920
727,2020-09-16 15:09:00,264.18,264.35,263.85,263.89,0,0,95017
728,2020-09-16 15:10:00,263.9,264.16,263.3,263.4,0,0,104576
729,2020-09-16 15:11:00,263.4,263.48,263.0,263.1,0,0,118832
730,2020-09-16 15:12:00,263.13,263.34,263.06,263.26,0,0,63209
731,2020-09-16 15:13:00,263.32,263.57,263.18,263.5,0,0,64820
732,2020-09-16 15:14:00,263.56,263.9,263.48,263.68,0,0,82108
733,2020-09-16 15:15:00,263.64,263.64,263.17,263.36,0,0,66338
734,2020-09-16 15:16:00,263.36,263.54,263.21,263.42,0,0,51014
735,2020-09-16 15:17:00,263.38,263.57,263.16,263.36,0,0,61368
736,2020-09-16 15:18:00,263.35,263.75,263.3,263.74,0,0,46529
737,2020-09-16 15:19:00,263.74,264.07,263.61,263.91,0,0,83208
738,2020-09-16 15:20:00,263.92,263.95,263.59,263.85,0,0,54041
739,2020-09-16 15:21:00,263.86,264.03,263.76,263.94,0,0,187399
740,2020-09-16 15:22:00,263.9,263.95,263.63,263.68,0,0,52986
741,2020-09-16 15:23:00,263.68,263.79,263.44,263.62,0,0,58281
742,2020-09-16 15:24:00,263.63,263.68,263.22,263.22,0,0,53583
743,2020-09-16 15:25:00,263.26,263.42,263.11,263.26,0,0,44604
744,2020-09-16 15:26:00,263.23,263.42,263.18,263.39,0,0,51629
745,2020-09-16 15:27:00,263.37,263.41,262.53,262.72,0,0,143147
746,2020-09-16 15:28:00,262.74,263.05,262.54,262.93,0,0,81864
747,2020-09-16 15:29:00,262.96,263.11,262.71,262.76,0,0,59442
748,2020-09-16 15:30:00,262.78,262.91,262.51,262.56,0,0,68456
749,2020-09-16 15:31:00,262.58,262.58,262.01,262.06,0,0,111955
750,2020-09-16 15:32:00,262.08,262.35,262.01,262.01,0,0,95185
751,2020-09-16 15:33:00,262.01,262.38,261.79,262.16,0,0,173915
752,2020-09-16 15:34:00,262.2,262.59,262.12,262.59,0,0,88518
753,2020-09-16 15:35:00,262.58,263.31,262.53,263.29,0,0,123205
754,2020-09-16 15:36:00,263.27,263.28,263.05,263.13,0,0,92195
755,2020-09-16 15:37:00,263.11,263.22,262.59,262.67,0,0,87053
756,2020-09-16 15:38:00,262.68,262.82,262.51,262.51,0,0,62292
757,2020-09-16 15:39:00,262.51,262.54,261.98,262.16,0,0,74575
758,2020-09-16 15:40:00,262.19,262.19,261.85,261.94,0,0,87652
759,2020-09-16 15:41:00,261.99,262.58,261.95,262.46,0,0,96084
760,2020-09-16 15:42:00,262.48,262.54,262.19,262.39,0,0,82218
761,2020-09-16 15:43:00,262.36,263.04,262.33,263.01,0,0,86512
762,2020-09-16 15:44:00,263.07,263.2,262.78,262.83,0,0,95933
763,2020-09-16 15:45:00,262.86,263.06,262.73,262.96,0,0,79372
764,2020-09-16 15:46:00,262.99,263.34,262.96,263.14,0,0,109468
765,2020-09-16 15:47:00,263.2,263.88,263.19,263.7,0,0,127637
766,2020-09-16 15:48:00,263.7,263.88,263.54,263.62,0,0,79390
767,2020-09-16 15:49:00,263.62,263.91,263.41,263.41,0,0,98818
768,2020-09-16 15:50:00,263.44,263.89,263.42,263.83,0,0,90780
769,2020-09-16 15:51:00,263.82,263.88,263.24,263.45,0,0,79906
770,2020-09-16 15:52:00,263.49,263.78,263.42,263.42,0,0,73990
771,2020-09-16 15:53:00,263.43,263.77,263.4,263.73,0,0,51270
772,2020-09-16 15:54:00,263.73,263.94,263.57,263.86,0,0,78457
773,2020-09-16 15:55:00,263.89,263.94,263.65,263.88,0,0,94588
774,2020-09-16 15:56:00,263.87,264.03,263.72,263.97,0,0,126982
775,2020-09-16 15:57:00,263.96,264.35,263.95,264.23,0,0,178285
776,2020-09-16 15:58:00,264.22,264.29,264.01,264.11,0,0,168912
777,2020-09-16 15:59:00,264.13,264.18,263.46,263.52,0,0,286921
778,2020-09-17 09:30:00,258.28,259.4,257.6,259.08,0,0,1051720
779,2020-09-17 09:31:00,258.94,260.74,258.94,260.58,0,0,216837
780,2020-09-17 09:32:00,260.59,261.5,260.11,260.37,0,0,164223
781,2020-09-17 09:33:00,260.35,260.5,259.82,259.96,0,0,127379
782,2020-09-17 09:34:00,259.91,260.32,259.31,259.31,0,0,103387
783,2020-09-17 09:35:00,259.38,260.18,258.96,259.67,0,0,132561
784,2020-09-17 09:36:00,259.66,259.79,259.18,259.27,0,0,131799
785,2020-09-17 09:37:00,259.3,259.35,258.46,259.35,0,0,169989
786,2020-09-17 09:38:00,259.4,259.58,258.73,259.07,0,0,144677
787,2020-09-17 09:39:00,258.54,259.28,258.35,258.86,0,0,135062
788,2020-09-17 09:40:00,258.86,259.89,258.84,258.94,0,0,107195
789,2020-09-17 09:41:00,259.12,259.5,258.98,259.32,0,0,116045
790,2020-09-17 09:42:00,259.42,260.2,259.21,260.03,0,0,97486
791,2020-09-17 09:43:00,259.98,260.4,259.29,259.36,0,0,77911
792,2020-09-17 09:44:00,259.32,259.46,258.9,258.94,0,0,70479
793,2020-09-17 09:45:00,259.15,259.15,258.99,259.02,0,0,71851
794,2020-09-17 09:46:00,259.01,259.21,259.01,259.15,0,0,66888
795,2020-09-17 09:47:00,259.18,259.64,259.18,259.34,0,0,59673
796,2020-09-17 09:48:00,259.28,259.34,258.51,258.54,0,0,47321
797,2020-09-17 09:49:00,258.25,258.58,257.89,258.2,0,0,105763
798,2020-09-17 09:50:00,258.51,259.3,258.18,259.3,0,0,90577
799,2020-09-17 09:51:00,259.32,259.32,259.01,259.08,0,0,56829
800,2020-09-17 09:52:00,259.14,260.29,259.09,259.78,0,0,102948
801,2020-09-17 09:53:00,259.71,260.43,259.52,260.11,0,0,59492
802,2020-09-17 09:54:00,260.16,261.1,260.04,260.06,0,0,103996
803,2020-09-17 09:55:00,260.08,260.46,259.87,260.32,0,0,82551
804,2020-09-17 09:56:00,260.37,260.58,260.12,260.12,0,0,67501
805,2020-09-17 09:57:00,260.07,260.12,259.24,259.34,0,0,113867
806,2020-09-17 09:58:00,259.31,260.01,259.09,259.53,0,0,105406
807,2020-09-17 09:59:00,259.36,259.53,258.86,259.2,0,0,104826
808,2020-09-17 10:00:00,259.27,259.49,258.93,259.19,0,0,109319
809,2020-09-17 10:01:00,259.19,259.38,258.85,259.1,0,0,73883
810,2020-09-17 10:02:00,259.14,259.36,258.47,258.81,0,0,124241
811,2020-09-17 10:03:00,258.82,259.11,258.77,258.78,0,0,67593
812,2020-09-17 10:04:00,258.85,259.19,258.65,258.95,0,0,47360
813,2020-09-17 10:05:00,258.91,259.89,258.76,259.74,0,0,117825
814,2020-09-17 10:06:00,259.75,259.75,259.11,259.41,0,0,60103
815,2020-09-17 10:07:00,259.49,260.29,259.49,260.08,0,0,81350
816,2020-09-17 10:08:00,260.11,260.5,259.9,260.49,0,0,58246
817,2020-09-17 10:09:00,260.47,260.55,259.78,259.93,0,0,41033
818,2020-09-17 10:10:00,259.91,259.98,259.73,259.95,0,0,57944
819,2020-09-17 10:11:00,259.96,260.04,259.63,259.8,0,0,61300
820,2020-09-17 10:12:00,259.83,259.85,259.58,259.58,0,0,39512
821,2020-09-17 10:13:00,259.55,259.58,258.82,259.05,0,0,116932
822,2020-09-17 10:14:00,259.03,259.44,258.97,259.22,0,0,66078
823,2020-09-17 10:15:00,259.27,259.48,258.88,259.14,0,0,61402
824,2020-09-17 10:16:00,259.21,259.37,258.6,258.7,0,0,51149
825,2020-09-17 10:17:00,258.74,258.81,257.97,258.36,0,0,94587
826,2020-09-17 10:18:00,258.47,258.67,258.25,258.39,0,0,82204
827,2020-09-17 10:19:00,258.41,258.91,258.38,258.72,0,0,49947
828,2020-09-17 10:20:00,258.71,259.3,258.61,259.14,0,0,64365
829,2020-09-17 10:21:00,259.12,259.24,258.82,259.17,0,0,44850
830,2020-09-17 10:22:00,259.13,259.57,258.58,258.61,0,0,79273
831,2020-09-17 10:23:00,258.56,258.57,257.65,257.91,0,0,104451
832,2020-09-17 10:24:00,257.94,258.09,257.34,257.45,0,0,92294
833,2020-09-17 10:25:00,257.42,257.69,256.7,257.04,0,0,165984
834,2020-09-17 10:26:00,257.02,257.22,256.72,256.95,0,0,83393
835,2020-09-17 10:27:00,256.97,257.4,256.91,257.33,0,0,95223
836,2020-09-17 10:28:00,257.36,257.74,257.1,257.74,0,0,83361
837,2020-09-17 10:29:00,257.72,257.86,257.43,257.84,0,0,61522
838,2020-09-17 10:30:00,257.8,257.85,257.4,257.5,0,0,54384
839,2020-09-17 10:31:00,257.5,257.52,257.11,257.15,0,0,79283
840,2020-09-17 10:32:00,257.14,257.85,257.08,257.08,0,0,77338
841,2020-09-17 10:33:00,257.07,257.3,256.88,257.25,0,0,98433
842,2020-09-17 10:34:00,257.23,258.4,257.23,258.33,0,0,115948
843,2020-09-17 10:35:00,258.34,258.62,258.02,258.07,0,0,98803
844,2020-09-17 10:36:00,258.08,258.43,258.06,258.1,0,0,62834
845,2020-09-17 10:37:00,258.11,258.66,257.89,258.6,0,0,68483
846,2020-09-17 10:38:00,258.62,258.9,258.34,258.85,0,0,72420
847,2020-09-17 10:39:00,258.86,259.11,258.77,259.06,0,0,71443
848,2020-09-17 10:40:00,259.02,259.04,258.66,258.93,0,0,52711
849,2020-09-17 10:41:00,258.92,258.95,258.56,258.63,0,0,30839
850,2020-09-17 10:42:00,258.66,259.68,258.66,259.68,0,0,83397
851,2020-09-17 10:43:00,259.62,259.83,259.42,259.62,0,0,51027
852,2020-09-17 10:44:00,259.65,259.65,259.41,259.57,0,0,15072
853,2020-09-17 10:45:00,259.99,260.39,259.71,260.1,0,0,112034
854,2020-09-17 10:46:00,260.05,260.19,259.97,260.01,0,0,55189
855,2020-09-17 10:47:00,260.02,260.47,260.01,260.17,0,0,63267
856,2020-09-17 10:48:00,260.17,260.27,259.83,260.01,0,0,65221
857,2020-09-17 10:49:00,260.03,260.1,259.54,259.97,0,0,50995
858,2020-09-17 10:50:00,259.98,260.07,259.59,259.73,0,0,56374
859,2020-09-17 10:51:00,259.8,260.02,259.77,259.81,0,0,47343
860,2020-09-17 10:52:00,259.81,259.84,259.2,259.63,0,0,71388
861,2020-09-17 10:53:00,259.69,259.84,259.22,259.33,0,0,42395
862,2020-09-17 10:54:00,259.36,259.54,259.06,259.33,0,0,35473
863,2020-09-17 10:55:00,259.29,259.38,258.74,258.87,0,0,64724
864,2020-09-17 10:56:00,258.87,259.05,258.54,258.57,0,0,39372
865,2020-09-17 10:57:00,258.59,259.06,258.36,258.46,0,0,74108
866,2020-09-17 10:58:00,258.44,258.59,258.07,258.16,0,0,47624
867,2020-09-17 10:59:00,258.16,258.37,257.96,258.18,0,0,62808
868,2020-09-17 11:00:00,258.2,258.77,258.2,258.54,0,0,45835
869,2020-09-17 11:01:00,258.64,259.0,258.59,258.64,0,0,50441
870,2020-09-17 11:02:00,258.67,259.0,258.67,258.86,0,0,46067
871,2020-09-17 11:03:00,258.84,258.96,258.65,258.93,0,0,36664
872,2020-09-17 11:04:00,258.93,259.19,258.87,258.93,0,0,41849
873,2020-09-17 11:05:00,258.88,259.16,258.8,259.04,0,0,39715
874,2020-09-17 11:06:00,259.09,259.44,259.0,259.3,0,0,37827
875,2020-09-17 11:07:00,259.3,259.39,259.01,259.01,0,0,45967
876,2020-09-17 11:08:00,259.0,259.0,258.66,258.71,0,0,37525
877,2020-09-17 11:09:00,258.74,258.9,258.48,258.72,0,0,43527
878,2020-09-17 11:10:00,258.61,259.0,258.29,258.95,0,0,46509
879,2020-09-17 11:11:00,258.95,259.06,258.67,258.71,0,0,34043
880,2020-09-17 11:12:00,258.7,258.74,258.58,258.64,0,0,5489
881,2020-09-17 11:13:00,258.73,258.88,258.73,258.85,0,0,48497
882,2020-09-17 11:14:00,258.35,258.35,258.14,258.17,0,0,53740
883,2020-09-17 11:15:00,258.98,258.98,258.83,258.92,0,0,70095
884,2020-09-17 11:16:00,258.97,259.24,258.91,259.06,0,0,41439
885,2020-09-17 11:17:00,259.07,259.07,258.06,258.08,0,0,62499
886,2020-09-17 11:18:00,258.13,258.33,257.86,258.12,0,0,57097
887,2020-09-17 11:19:00,258.11,258.25,257.92,258.05,0,0,43324
888,2020-09-17 11:20:00,258.08,258.09,257.65,257.81,0,0,40016
889,2020-09-17 11:21:00,257.85,257.89,257.3,257.3,0,0,51619
890,2020-09-17 11:22:00,257.34,257.5,257.26,257.39,0,0,45009
891,2020-09-17 11:23:00,257.4,257.77,257.36,257.69,0,0,54558
892,2020-09-17 11:24:00,257.68,257.71,257.22,257.43,0,0,48559
893,2020-09-17 11:25:00,257.46,257.63,257.4,257.49,0,0,31858
894,2020-09-17 11:26:00,257.45,257.95,257.35,257.74,0,0,37260
895,2020-09-17 11:27:00,257.69,258.27,257.66,258.14,0,0,51687
896,2020-09-17 11:28:00,258.19,258.44,258.0,258.1,0,0,39219
897,2020-09-17 11:29:00,258.06,258.25,258.01,258.25,0,0,26955
898,2020-09-17 11:30:00,258.2,258.38,258.02,258.02,0,0,42764
899,2020-09-17 11:31:00,258.02,258.17,257.86,258.03,0,0,69148
900,2020-09-17 11:32:00,258.09,258.83,258.05,258.59,0,0,47719
901,2020-09-17 11:33:00,258.56,258.7,257.78,257.91,0,0,35221
902,2020-09-17 11:34:00,257.93,258.01,257.5,257.76,0,0,53442
903,2020-09-17 11:35:00,257.84,257.96,257.61,257.64,0,0,54163
904,2020-09-17 11:36:00,257.64,258.01,257.46,258.0,0,0,57833
905,2020-09-17 11:37:00,258.04,258.06,257.83,257.98,0,0,39074
906,2020-09-17 11:38:00,257.98,258.0,257.75,257.86,0,0,21422
907,2020-09-17 11:39:00,257.92,258.01,257.72,257.98,0,0,30231
908,2020-09-17 11:40:00,257.99,258.35,257.45,257.58,0,0,59597
909,2020-09-17 11:41:00,257.53,257.53,257.19,257.28,0,0,50641
910,2020-09-17 11:42:00,257.26,257.7,257.14,257.41,0,0,43715
911,2020-09-17 11:43:00,257.39,257.4,256.96,257.06,0,0,56477
912,2020-09-17 11:44:00,257.04,257.11,256.71,256.93,0,0,80346
913,2020-09-17 11:45:00,256.94,257.19,256.67,256.85,0,0,45154
914,2020-09-17 11:46:00,256.82,257.11,256.7,256.79,0,0,57401
915,2020-09-17 11:47:00,256.8,256.89,256.45,256.45,0,0,61882
916,2020-09-17 11:48:00,256.43,256.43,256.04,256.07,0,0,88255
917,2020-09-17 11:49:00,256.07,256.2,255.79,255.81,0,0,122685
918,2020-09-17 11:50:00,255.81,256.02,255.7,255.74,0,0,88791
919,2020-09-17 11:51:00,255.76,255.97,255.57,255.71,0,0,65942
920,2020-09-17 11:52:00,255.7,256.03,255.5,255.79,0,0,85707
921,2020-09-17 11:53:00,255.74,256.41,255.42,256.24,0,0,96954
922,2020-09-17 11:54:00,256.23,256.23,256.01,256.12,0,0,55305
923,2020-09-17 11:55:00,256.14,256.27,256.01,256.13,0,0,81880
924,2020-09-17 11:56:00,256.07,256.07,255.1,255.11,0,0,102604
925,2020-09-17 11:57:00,255.1,255.36,255.02,255.19,0,0,71613
926,2020-09-17 11:58:00,255.17,255.6,255.15,255.6,0,0,63972
927,2020-09-17 11:59:00,255.54,255.55,255.26,255.45,0,0,58907
928,2020-09-17 12:00:00,255.42,255.61,255.22,255.42,0,0,67542
929,2020-09-17 12:01:00,255.42,255.93,255.42,255.93,0,0,65743
930,2020-09-17 12:02:00,255.93,256.09,255.67,255.97,0,0,39326
931,2020-09-17 12:03:00,256.0,256.03,255.51,255.77,0,0,46479
932,2020-09-17 12:04:00,255.82,256.0,255.8,256.0,0,0,45481
933,2020-09-17 12:05:00,256.03,256.24,255.92,255.97,0,0,44396
934,2020-09-17 12:06:00,255.95,255.95,255.64,255.66,0,0,38196
935,2020-09-17 12:07:00,255.67,255.81,255.18,255.18,0,0,53996
936,2020-09-17 12:08:00,255.15,255.3,254.95,255.07,0,0,192036
937,2020-09-17 12:09:00,255.07,255.27,254.95,255.14,0,0,59247
938,2020-09-17 12:10:00,255.19,255.53,254.99,255.03,0,0,57020
939,2020-09-17 12:11:00,255.08,255.09,254.35,254.4,0,0,115867
940,2020-09-17 12:12:00,254.42,254.48,254.02,254.44,0,0,88808
941,2020-09-17 12:13:00,254.43,254.75,254.43,254.69,0,0,62176
942,2020-09-17 12:14:00,254.66,254.66,254.18,254.6,0,0,56794
943,2020-09-17 12:15:00,254.59,254.92,254.45,254.92,0,0,59620
944,2020-09-17 12:16:00,254.94,255.18,254.85,254.92,0,0,50136
945,2020-09-17 12:17:00,254.9,254.91,254.09,254.18,0,0,65286
946,2020-09-17 12:18:00,254.18,254.42,253.87,254.4,0,0,107723
947,2020-09-17 12:19:00,254.45,254.96,254.45,254.72,0,0,42626
948,2020-09-17 12:20:00,254.82,254.84,254.3,254.46,0,0,39390
949,2020-09-17 12:21:00,254.47,254.87,254.46,254.8,0,0,58635
950,2020-09-17 12:22:00,254.85,255.0,254.63,254.94,0,0,51008
951,2020-09-17 12:23:00,254.96,255.11,254.75,254.98,0,0,40364
952,2020-09-17 12:24:00,254.98,254.98,254.41,254.62,0,0,62864
953,2020-09-17 12:25:00,254.54,254.56,253.84,253.86,0,0,73188
954,2020-09-17 12:26:00,253.86,254.39,253.72,254.36,0,0,71015
955,2020-09-17 12:27:00,254.37,254.53,254.19,254.47,0,0,57644
956,2020-09-17 12:28:00,254.48,254.48,253.92,254.08,0,0,54499
957,2020-09-17 12:29:00,254.06,254.36,254.0,254.16,0,0,68660
958,2020-09-17 12:30:00,254.16,254.16,253.84,254.07,0,0,96044
959,2020-09-17 12:31:00,254.05,254.87,254.02,254.59,0,0,107550
960,2020-09-17 12:32:00,254.53,254.53,253.95,254.13,0,0,66095
961,2020-09-17 12:33:00,254.17,254.37,254.0,254.14,0,0,75812
962,2020-09-17 12:34:00,254.03,254.07,253.82,253.85,0,0,54676
963,2020-09-17 12:35:00,253.85,254.11,253.55,253.73,0,0,100504
964,2020-09-17 12:36:00,253.74,254.02,253.64,253.94,0,0,58943
965,2020-09-17 12:37:00,253.94,254.0,253.47,253.74,0,0,74653
966,2020-09-17 12:38:00,253.71,254.25,253.62,254.09,0,0,100009
967,2020-09-17 12:39:00,254.0,254.01,253.55,253.61,0,0,75949
968,2020-09-17 12:40:00,253.68,253.9,253.25,253.8,0,0,81966
969,2020-09-17 12:41:00,253.83,253.84,253.11,253.3,0,0,82067
970,2020-09-17 12:42:00,253.36,253.8,253.08,253.09,0,0,78993
971,2020-09-17 12:43:00,253.11,253.33,252.8,253.1,0,0,134797
972,2020-09-17 12:44:00,253.05,253.55,252.82,253.49,0,0,80270
973,2020-09-17 12:45:00,253.45,253.49,253.02,253.1,0,0,85705
974,2020-09-17 12:46:00,253.17,253.28,252.57,252.75,0,0,105119
975,2020-09-17 12:47:00,252.74,253.05,252.44,252.49,0,0,85114
976,2020-09-17 12:48:00,252.53,252.6,252.3,252.32,0,0,106987
977,2020-09-17 12:49:00,252.3,252.95,252.28,252.62,0,0,84791
978,2020-09-17 12:50:00,252.64,252.67,252.3,252.63,0,0,64911
979,2020-09-17 12:51:00,252.6,253.16,252.6,253.16,0,0,67804
980,2020-09-17 12:52:00,253.16,253.18,252.87,253.06,0,0,53598
981,2020-09-17 12:53:00,252.96,253.15,252.88,253.1,0,0,36374
982,2020-09-17 12:54:00,253.15,253.5,253.06,253.43,0,0,82933
983,2020-09-17 12:55:00,253.38,253.45,253.18,253.39,0,0,54780
984,2020-09-17 12:56:00,253.37,253.43,253.15,253.4,0,0,49373
985,2020-09-17 12:57:00,253.39,253.47,253.18,253.27,0,0,48521
986,2020-09-17 12:58:00,253.28,253.38,253.08,253.08,0,0,42322
987,2020-09-17 12:59:00,253.08,253.1,252.56,252.93,0,0,92718
988,2020-09-17 13:00:00,252.85,253.2,252.72,253.12,0,0,58553
989,2020-09-17 13:01:00,253.16,253.37,252.97,253.3,0,0,60388
990,2020-09-17 13:02:00,253.25,253.36,252.98,253.34,0,0,69718
991,2020-09-17 13:03:00,253.32,253.58,253.26,253.26,0,0,57742
992,2020-09-17 13:04:00,253.26,253.54,253.19,253.31,0,0,66586
993,2020-09-17 13:05:00,253.3,253.31,253.03,253.16,0,0,48323
994,2020-09-17 13:06:00,253.18,253.29,253.15,253.19,0,0,33863
995,2020-09-17 13:07:00,253.22,253.49,253.06,253.26,0,0,67704
996,2020-09-17 13:08:00,253.23,253.41,253.06,253.38,0,0,50520
997,2020-09-17 13:09:00,253.41,253.41,253.0,253.04,0,0,48963
998,2020-09-17 13:10:00,253.02,253.11,252.7,253.01,0,0,63920
999,2020-09-17 13:11:00,253.01,253.23,252.93,253.11,0,0,32512
1000,2020-09-17 13:12:00,253.11,253.45,253.1,253.19,0,0,48716
1001,2020-09-17 13:13:00,253.24,253.35,252.99,253.15,0,0,49629
1002,2020-09-17 13:14:00,253.12,253.33,252.92,252.97,0,0,32316
1003,2020-09-17 13:15:00,252.96,253.09,252.54,252.56,0,0,72830
1004,2020-09-17 13:16:00,252.57,252.75,252.39,252.46,0,0,87785
1005,2020-09-17 13:17:00,252.51,252.7,252.43,252.59,0,0,46494
1006,2020-09-17 13:18:00,252.55,252.64,252.36,252.41,0,0,46801
1007,2020-09-17 13:19:00,252.4,252.44,252.15,252.18,0,0,55928
1008,2020-09-17 13:20:00,252.18,252.6,252.04,252.4,0,0,94361
1009,2020-09-17 13:21:00,252.42,252.69,252.42,252.65,0,0,56039
1010,2020-09-17 13:22:00,252.66,252.66,252.16,252.35,0,0,52012
1011,2020-09-17 13:23:00,252.33,252.33,251.87,252.1,0,0,122062
1012,2020-09-17 13:24:00,252.12,252.39,252.12,252.33,0,0,41238
1013,2020-09-17 13:25:00,252.38,252.49,252.28,252.42,0,0,51336
1014,2020-09-17 13:26:00,252.45,252.64,252.4,252.62,0,0,37614
1015,2020-09-17 13:27:00,252.59,252.63,252.28,252.37,0,0,45398
1016,2020-09-17 13:28:00,252.33,252.61,252.21,252.41,0,0,47885
1017,2020-09-17 13:29:00,252.4,252.95,252.4,252.75,0,0,65750
1018,2020-09-17 13:30:00,252.73,252.94,252.58,252.87,0,0,55781
1019,2020-09-17 13:31:00,252.85,253.22,252.79,253.17,0,0,62362
1020,2020-09-17 13:32:00,253.15,253.54,253.11,253.33,0,0,69891
1021,2020-09-17 13:33:00,253.33,253.7,253.31,253.67,0,0,65995
1022,2020-09-17 13:34:00,253.68,253.72,253.32,253.46,0,0,81638
1023,2020-09-17 13:35:00,253.47,253.58,253.29,253.34,0,0,67110
1024,2020-09-17 13:36:00,253.33,253.48,253.21,253.34,0,0,56243
1025,2020-09-17 13:37:00,253.29,253.32,252.59,252.6,0,0,98573
1026,2020-09-17 13:38:00,252.63,252.65,252.17,252.21,0,0,93167
1027,2020-09-17 13:39:00,252.24,252.66,252.24,252.5,0,0,64834
1028,2020-09-17 13:40:00,252.51,252.93,252.51,252.82,0,0,71650
1029,2020-09-17 13:41:00,252.8,253.02,252.76,252.86,0,0,53379
1030,2020-09-17 13:42:00,252.9,253.2,252.78,253.15,0,0,50581
1031,2020-09-17 13:43:00,253.17,253.54,253.12,253.48,0,0,52491
1032,2020-09-17 13:44:00,253.48,253.85,253.46,253.62,0,0,82523
1033,2020-09-17 13:45:00,253.59,253.8,253.58,253.72,0,0,86651
1034,2020-09-17 13:46:00,253.73,254.15,253.61,254.0,0,0,95173
1035,2020-09-17 13:47:00,254.0,254.1,253.67,253.95,0,0,106974
1036,2020-09-17 13:48:00,253.99,254.07,253.69,253.89,0,0,69548
1037,2020-09-17 13:49:00,253.87,254.6,253.86,254.6,0,0,172932
1038,2020-09-17 13:50:00,254.58,254.67,253.88,254.09,0,0,117676
1039,2020-09-17 13:51:00,254.09,254.31,254.09,254.16,0,0,48050
1040,2020-09-17 13:52:00,254.18,254.59,254.18,254.39,0,0,67959
1041,2020-09-17 13:53:00,254.4,254.58,254.11,254.32,0,0,51897
1042,2020-09-17 13:54:00,254.3,254.42,253.84,253.84,0,0,49496
1043,2020-09-17 13:55:00,253.85,254.02,253.61,253.68,0,0,66875
1044,2020-09-17 13:56:00,253.67,254.04,253.38,253.97,0,0,58470
1045,2020-09-17 13:57:00,253.97,254.19,253.76,253.84,0,0,69754
1046,2020-09-17 13:58:00,253.86,253.97,253.56,253.71,0,0,90474
1047,2020-09-17 13:59:00,253.77,253.93,253.07,253.15,0,0,81462
1048,2020-09-17 14:00:00,253.17,253.71,253.07,253.16,0,0,70257
1049,2020-09-17 14:01:00,253.1,253.34,252.9,253.17,0,0,62630
1050,2020-09-17 14:02:00,253.12,253.31,252.99,253.27,0,0,45219
1051,2020-09-17 14:03:00,253.34,253.39,252.82,252.85,0,0,52851
1052,2020-09-17 14:04:00,252.81,253.57,252.71,253.44,0,0,85550
1053,2020-09-17 14:05:00,253.4,253.49,253.15,253.4,0,0,89799
1054,2020-09-17 14:06:00,253.4,253.85,253.38,253.57,0,0,62061
1055,2020-09-17 14:07:00,253.54,253.9,253.45,253.83,0,0,46820
1056,2020-09-17 14:08:00,253.83,253.84,253.47,253.47,0,0,36982
1057,2020-09-17 14:09:00,253.48,253.74,253.44,253.51,0,0,65116
1058,2020-09-17 14:10:00,253.56,253.78,253.32,253.67,0,0,44665
1059,2020-09-17 14:11:00,253.7,254.09,253.62,253.8,0,0,63065
1060,2020-09-17 14:12:00,253.82,253.97,253.65,253.71,0,0,40132
1061,2020-09-17 14:13:00,253.72,253.73,253.55,253.6,0,0,37089
1062,2020-09-17 14:14:00,253.61,253.96,253.5,253.75,0,0,108078
1063,2020-09-17 14:15:00,253.77,253.82,253.7,253.81,0,0,36075
1064,2020-09-17 14:16:00,253.82,253.96,253.64,253.72,0,0,36039
1065,2020-09-17 14:17:00,253.76,253.91,253.6,253.62,0,0,39999
1066,2020-09-17 14:18:00,253.6,253.75,253.51,253.68,0,0,203042
1067,2020-09-17 14:19:00,253.67,253.76,253.45,253.6,0,0,52293
1068,2020-09-17 14:20:00,253.6,253.62,253.31,253.35,0,0,52374
1069,2020-09-17 14:21:00,253.39,253.57,253.06,253.24,0,0,56065
1070,2020-09-17 14:22:00,253.23,253.26,252.92,252.98,0,0,58752
1071,2020-09-17 14:23:00,252.96,253.43,252.85,253.36,0,0,49678
1072,2020-09-17 14:24:00,253.34,253.34,253.01,253.2,0,0,39166
1073,2020-09-17 14:25:00,253.23,253.58,253.15,253.52,0,0,34972
1074,2020-09-17 14:26:00,253.5,253.56,253.16,253.23,0,0,46592
1075,2020-09-17 14:27:00,253.25,253.35,253.04,253.09,0,0,36761
1076,2020-09-17 14:28:00,253.05,253.06,252.7,252.75,0,0,67758
1077,2020-09-17 14:29:00,252.73,252.83,252.39,252.43,0,0,83427
1078,2020-09-17 14:30:00,252.39,252.51,252.16,252.37,0,0,64292
1079,2020-09-17 14:31:00,252.36,252.54,252.35,252.47,0,0,79886
1080,2020-09-17 14:32:00,252.45,252.61,252.26,252.4,0,0,71047
1081,2020-09-17 14:33:00,252.4,252.56,252.28,252.28,0,0,83530
1082,2020-09-17 14:34:00,252.28,252.29,252.0,252.04,0,0,87112
1083,2020-09-17 14:35:00,252.03,252.24,251.99,252.24,0,0,62004
1084,2020-09-17 14:36:00,252.2,252.39,251.84,251.98,0,0,64702
1085,2020-09-17 14:37:00,251.96,252.28,251.92,252.19,0,0,49034
1086,2020-09-17 14:38:00,252.21,252.21,251.93,251.96,0,0,41349
1087,2020-09-17 14:39:00,251.96,251.99,251.62,251.7,0,0,73933
1088,2020-09-17 14:40:00,251.77,251.79,251.43,251.49,0,0,93494
1089,2020-09-17 14:41:00,251.5,251.95,251.48,251.89,0,0,90285
1090,2020-09-17 14:42:00,251.9,252.05,251.82,251.9,0,0,67464
1091,2020-09-17 14:43:00,251.91,251.91,251.75,251.79,0,0,49514
1092,2020-09-17 14:44:00,251.79,251.96,251.76,251.87,0,0,39435
1093,2020-09-17 14:45:00,251.84,251.95,251.59,251.9,0,0,59469
1094,2020-09-17 14:46:00,251.93,251.94,251.65,251.75,0,0,50934
1095,2020-09-17 14:47:00,251.76,252.26,251.72,252.18,0,0,59301
1096,2020-09-17 14:48:00,252.18,252.72,252.18,252.61,0,0,80006
1097,2020-09-17 14:49:00,252.59,252.59,252.08,252.16,0,0,61144
1098,2020-09-17 14:50:00,252.18,252.35,251.94,251.96,0,0,44606
1099,2020-09-17 14:51:00,251.94,252.18,251.81,251.93,0,0,41246
1100,2020-09-17 14:52:00,251.9,251.96,251.68,251.79,0,0,57155
1101,2020-09-17 14:53:00,251.78,252.02,251.69,251.9,0,0,35858
1102,2020-09-17 14:54:00,251.9,252.13,251.86,252.02,0,0,42067
1103,2020-09-17 14:55:00,252.0,252.12,251.74,252.09,0,0,60128
1104,2020-09-17 14:56:00,252.1,252.1,251.66,251.85,0,0,62722
1105,2020-09-17 14:57:00,251.83,251.99,251.77,251.99,0,0,55350
1106,2020-09-17 14:58:00,252.0,252.15,251.94,252.09,0,0,48595
1107,2020-09-17 14:59:00,252.09,252.1,251.63,251.66,0,0,57030
1108,2020-09-17 15:00:00,251.65,251.99,251.09,251.31,0,0,118877
1109,2020-09-17 15:01:00,251.3,251.42,251.1,251.23,0,0,47628
1110,2020-09-17 15:02:00,251.22,251.25,250.9,251.02,0,0,120812
1111,2020-09-17 15:03:00,251.03,251.12,250.6,250.63,0,0,62548
1112,2020-09-17 15:04:00,250.62,250.72,250.36,250.36,0,0,97739
1113,2020-09-17 15:05:00,250.39,250.45,250.19,250.34,0,0,133757
1114,2020-09-17 15:06:00,250.31,250.64,250.3,250.53,0,0,70575
1115,2020-09-17 15:07:00,250.53,250.86,250.53,250.78,0,0,77749
1116,2020-09-17 15:08:00,250.8,250.96,250.75,250.92,0,0,83787
1117,2020-09-17 15:09:00,250.93,251.04,250.7,250.88,0,0,65487
1118,2020-09-17 15:10:00,250.9,251.34,250.89,251.28,0,0,79000
1119,2020-09-17 15:11:00,251.31,251.68,251.06,251.52,0,0,109221
1120,2020-09-17 15:12:00,251.55,251.6,251.41,251.59,0,0,55971
1121,2020-09-17 15:13:00,251.57,252.31,251.55,252.2,0,0,144531
1122,2020-09-17 15:14:00,252.2,252.23,251.93,252.1,0,0,69673
1123,2020-09-17 15:15:00,252.08,252.38,251.94,252.11,0,0,87749
1124,2020-09-17 15:16:00,252.09,252.44,251.68,252.42,0,0,78288
1125,2020-09-17 15:17:00,252.41,252.41,252.03,252.18,0,0,45602
1126,2020-09-17 15:18:00,252.15,252.31,252.07,252.15,0,0,49176
1127,2020-09-17 15:19:00,252.12,252.45,252.08,252.2,0,0,64749
1128,2020-09-17 15:20:00,252.2,252.91,252.2,252.88,0,0,89988
1129,2020-09-17 15:21:00,252.9,252.9,252.39,252.62,0,0,76351
1130,2020-09-17 15:22:00,252.59,252.74,252.3,252.31,0,0,51825
1131,2020-09-17 15:23:00,252.3,252.68,252.23,252.26,0,0,61953
1132,2020-09-17 15:24:00,252.23,252.32,251.69,251.74,0,0,89464
1133,2020-09-17 15:25:00,251.74,251.77,251.17,251.27,0,0,89842
1134,2020-09-17 15:26:00,251.29,251.56,251.16,251.48,0,0,81842
1135,2020-09-17 15:27:00,251.45,251.61,251.25,251.49,0,0,48902
1136,2020-09-17 15:28:00,251.52,251.54,251.17,251.45,0,0,50467
1137,2020-09-17 15:29:00,251.44,252.0,251.44,251.9,0,0,84026
1138,2020-09-17 15:30:00,251.84,252.12,251.72,251.9,0,0,72845
1139,2020-09-17 15:31:00,251.96,252.3,251.61,252.3,0,0,65637
1140,2020-09-17 15:32:00,252.34,252.75,252.26,252.59,0,0,77346
1141,2020-09-17 15:33:00,252.62,253.08,252.59,252.93,0,0,84314
1142,2020-09-17 15:34:00,252.95,253.37,252.84,253.36,0,0,86207
1143,2020-09-17 15:35:00,253.34,253.54,253.11,253.31,0,0,109587
1144,2020-09-17 15:36:00,253.27,253.52,253.0,253.1,0,0,79192
1145,2020-09-17 15:37:00,253.08,253.33,253.01,253.01,0,0,48604
1146,2020-09-17 15:38:00,253.02,253.19,252.91,253.12,0,0,67164
1147,2020-09-17 15:39:00,253.12,253.8,253.12,253.79,0,0,86276
1148,2020-09-17 15:40:00,253.77,254.16,253.62,254.0,0,0,118769
1149,2020-09-17 15:41:00,253.99,253.99,253.51,253.69,0,0,84162
1150,2020-09-17 15:42:00,253.63,253.76,253.55,253.59,0,0,51798
1151,2020-09-17 15:43:00,253.6,253.85,253.56,253.64,0,0,61764
1152,2020-09-17 15:44:00,253.64,253.92,253.26,253.41,0,0,96280
1153,2020-09-17 15:45:00,253.44,253.71,253.2,253.43,0,0,62926
1154,2020-09-17 15:46:00,253.41,253.47,252.9,252.97,0,0,54656
1155,2020-09-17 15:47:00,252.99,253.5,252.99,253.5,0,0,72086
1156,2020-09-17 15:48:00,253.51,253.92,253.31,253.9,0,0,71990
1157,2020-09-17 15:49:00,253.85,253.87,253.61,253.63,0,0,65974
1158,2020-09-17 15:50:00,253.67,254.36,253.56,254.24,0,0,119202
1159,2020-09-17 15:51:00,254.22,254.22,253.37,253.7,0,0,91853
1160,2020-09-17 15:52:00,253.69,253.96,253.58,253.9,0,0,58808
1161,2020-09-17 15:53:00,253.92,254.27,253.71,254.09,0,0,69654
1162,2020-09-17 15:54:00,254.05,254.7,253.92,254.68,0,0,98822
1163,2020-09-17 15:55:00,254.67,254.76,254.38,254.76,0,0,141333
1164,2020-09-17 15:56:00,254.75,254.79,254.07,254.27,0,0,137804
1165,2020-09-17 15:57:00,254.27,254.54,254.2,254.49,0,0,139580
1166,2020-09-17 15:58:00,254.5,254.7,254.38,254.65,0,0,181873
1167,2020-09-17 15:59:00,254.65,255.05,254.31,254.87,0,0,351419
1168,2020-09-18 09:30:00,258.4,258.87,257.62,258.27,0,0,3306987
1169,2020-09-18 09:31:00,258.26,258.35,257.27,257.3,0,0,117589
1170,2020-09-18 09:32:00,257.29,257.83,257.07,257.54,0,0,120460
1171,2020-09-18 09:33:00,257.5,258.5,257.43,258.29,0,0,146202
1172,2020-09-18 09:34:00,258.37,259.0,257.92,258.08,0,0,127144
1173,2020-09-18 09:35:00,258.13,258.21,257.74,257.75,0,0,146838
1174,2020-09-18 09:36:00,257.73,257.78,256.89,257.36,0,0,111402
1175,2020-09-18 09:37:00,257.37,257.79,257.1,257.19,0,0,62795
1176,2020-09-18 09:38:00,257.31,257.85,257.23,257.8,0,0,71600
1177,2020-09-18 09:39:00,257.76,258.3,257.71,258.01,0,0,122520
1178,2020-09-18 09:40:00,258.05,258.09,257.11,257.49,0,0,89971
1179,2020-09-18 09:41:00,257.56,257.79,257.17,257.44,0,0,70207
1180,2020-09-18 09:42:00,257.41,257.8,257.21,257.4,0,0,81035
1181,2020-09-18 09:43:00,257.43,257.51,257.06,257.4,0,0,104905
1182,2020-09-18 09:44:00,257.42,257.65,257.07,257.15,0,0,61487
1183,2020-09-18 09:45:00,257.18,257.42,256.66,256.76,0,0,122697
1184,2020-09-18 09:46:00,256.78,256.84,256.08,256.33,0,0,116106
1185,2020-09-18 09:47:00,256.33,256.59,256.03,256.19,0,0,79116
1186,2020-09-18 09:48:00,256.19,256.33,255.9,256.08,0,0,114801
1187,2020-09-18 09:49:00,256.14,256.24,255.82,255.89,0,0,85577
1188,2020-09-18 09:50:00,255.9,256.0,255.53,255.71,0,0,98315
1189,2020-09-18 09:51:00,255.67,256.42,255.67,256.29,0,0,148506
1190,2020-09-18 09:52:00,256.33,257.1,256.32,256.76,0,0,120743
1191,2020-09-18 09:53:00,256.87,257.15,256.45,256.63,0,0,83135
1192,2020-09-18 09:54:00,256.62,257.1,256.43,257.05,0,0,63058
1193,2020-09-18 09:55:00,257.03,257.3,256.87,257.19,0,0,71363
1194,2020-09-18 09:56:00,257.22,257.46,257.05,257.15,0,0,76444
1195,2020-09-18 09:57:00,257.2,257.2,256.92,257.06,0,0,55276
1196,2020-09-18 09:58:00,256.98,257.08,256.52,256.8,0,0,76752
1197,2020-09-18 09:59:00,257.14,257.69,256.69,257.64,0,0,84737
1198,2020-09-18 10:00:00,257.62,258.5,257.48,258.5,0,0,148430
1199,2020-09-18 10:01:00,258.54,259.2,258.44,259.05,0,0,163315
1200,2020-09-18 10:02:00,259.05,259.16,258.27,258.5,0,0,103300
1201,2020-09-18 10:03:00,258.49,258.66,258.27,258.59,0,0,65425
1202,2020-09-18 10:04:00,258.59,258.8,258.45,258.69,0,0,78062
1203,2020-09-18 10:05:00,258.55,258.55,258.2,258.25,0,0,60742
1204,2020-09-18 10:06:00,258.2,258.45,257.88,258.08,0,0,48236
1205,2020-09-18 10:07:00,258.13,258.55,258.09,258.15,0,0,59633
1206,2020-09-18 10:08:00,258.18,258.71,258.12,258.63,0,0,47424
1207,2020-09-18 10:09:00,258.62,258.75,258.22,258.24,0,0,42301
1208,2020-09-18 10:10:00,258.23,258.23,257.43,257.51,0,0,72225
1209,2020-09-18 10:11:00,257.52,257.74,257.21,257.24,0,0,52286
1210,2020-09-18 10:12:00,257.27,257.46,256.86,257.08,0,0,67425
1211,2020-09-18 10:13:00,257.03,257.42,256.84,257.33,0,0,55379
1212,2020-09-18 10:14:00,257.34,257.67,257.33,257.56,0,0,45722
1213,2020-09-18 10:15:00,257.55,257.67,257.32,257.33,0,0,34790
1214,2020-09-18 10:16:00,257.36,258.37,257.36,258.28,0,0,71961
1215,2020-09-18 10:17:00,258.29,258.38,258.01,258.1,0,0,51578
1216,2020-09-18 10:18:00,258.13,258.44,258.02,258.04,0,0,66737
1217,2020-09-18 10:19:00,258.06,258.07,256.85,257.06,0,0,103384
1218,2020-09-18 10:20:00,257.1,257.1,256.7,256.95,0,0,51399
1219,2020-09-18 10:21:00,256.94,257.1,256.72,256.8,0,0,63680
1220,2020-09-18 10:22:00,256.9,256.9,256.35,256.6,0,0,79626
1221,2020-09-18 10:23:00,256.58,256.83,256.35,256.68,0,0,56129
1222,2020-09-18 10:24:00,256.66,256.98,256.51,256.61,0,0,44283
1223,2020-09-18 10:25:00,256.6,256.6,255.8,255.84,0,0,87630
1224,2020-09-18 10:26:00,255.88,256.14,255.69,255.96,0,0,73865
1225,2020-09-18 10:27:00,255.96,256.3,255.83,256.11,0,0,48828
1226,2020-09-18 10:28:00,256.08,256.1,255.65,255.68,0,0,47645
1227,2020-09-18 10:29:00,255.68,256.16,255.68,256.08,0,0,59604
1228,2020-09-18 10:30:00,256.09,256.13,255.4,255.57,0,0,79702
1229,2020-09-18 10:31:00,255.54,255.57,255.01,255.46,0,0,97077
1230,2020-09-18 10:32:00,255.43,255.94,254.96,255.04,0,0,98554
1231,2020-09-18 10:33:00,255.02,255.31,254.9,255.21,0,0,81167
1232,2020-09-18 10:34:00,255.27,255.29,254.86,255.01,0,0,59254
1233,2020-09-18 10:35:00,254.92,255.3,254.75,254.81,0,0,60036
1234,2020-09-18 10:36:00,254.79,255.19,254.58,254.69,0,0,70739
1235,2020-09-18 10:37:00,254.71,255.1,254.53,254.63,0,0,52119
1236,2020-09-18 10:38:00,254.55,254.98,254.45,254.93,0,0,46855
1237,2020-09-18 10:39:00,254.99,255.1,254.54,254.88,0,0,48813
1238,2020-09-18 10:40:00,254.83,255.25,254.7,254.83,0,0,77757
1239,2020-09-18 10:41:00,254.76,254.91,254.42,254.76,0,0,62353
1240,2020-09-18 10:42:00,254.76,255.56,254.71,255.42,0,0,92914
1241,2020-09-18 10:43:00,255.41,255.48,255.11,255.38,0,0,51267
1242,2020-09-18 10:44:00,255.39,255.47,255.12,255.21,0,0,41924
1243,2020-09-18 10:45:00,255.23,255.24,254.58,254.91,0,0,61851
1244,2020-09-18 10:46:00,254.87,254.89,254.42,254.45,0,0,52544
1245,2020-09-18 10:47:00,254.45,254.75,254.4,254.67,0,0,36527
1246,2020-09-18 10:48:00,254.7,255.07,254.69,254.84,0,0,76956
1247,2020-09-18 10:49:00,254.8,254.85,254.5,254.65,0,0,47516
1248,2020-09-18 10:50:00,254.66,254.84,254.24,254.78,0,0,63511
1249,2020-09-18 10:51:00,254.75,254.85,254.19,254.19,0,0,54710
1250,2020-09-18 10:52:00,254.2,254.48,253.9,254.09,0,0,92958
1251,2020-09-18 10:53:00,254.07,254.31,253.21,253.29,0,0,134091
1252,2020-09-18 10:54:00,253.22,253.7,253.19,253.41,0,0,85425
1253,2020-09-18 10:55:00,253.48,253.62,253.2,253.29,0,0,51956
1254,2020-09-18 10:56:00,253.29,253.6,253.25,253.44,0,0,52484
1255,2020-09-18 10:57:00,253.47,254.24,253.34,254.21,0,0,85705
1256,2020-09-18 10:58:00,254.21,254.6,254.19,254.49,0,0,116157
1257,2020-09-18 10:59:00,254.49,254.8,254.31,254.48,0,0,99768
1258,2020-09-18 11:00:00,254.46,254.65,253.73,254.02,0,0,46256
1259,2020-09-18 11:01:00,254.05,254.13,253.55,253.81,0,0,36098
1260,2020-09-18 11:02:00,253.83,254.11,253.63,253.8,0,0,47757
1261,2020-09-18 11:03:00,253.78,253.83,253.5,253.5,0,0,28324
1262,2020-09-18 11:04:00,253.52,254.01,253.52,253.99,0,0,25489
1263,2020-09-18 11:05:00,254.17,254.47,254.17,254.39,0,0,66172
1264,2020-09-18 11:06:00,254.52,255.0,254.5,254.94,0,0,132909
1265,2020-09-18 11:07:00,255.0,255.12,254.81,254.9,0,0,68529
1266,2020-09-18 11:08:00,254.94,254.94,254.72,254.78,0,0,47083
1267,2020-09-18 11:09:00,254.82,255.19,254.8,255.04,0,0,47969
1268,2020-09-18 11:10:00,255.0,255.0,254.55,254.57,0,0,50982
1269,2020-09-18 11:11:00,254.58,254.58,254.04,254.12,0,0,48400
1270,2020-09-18 11:12:00,254.09,254.7,253.95,254.41,0,0,59670
1271,2020-09-18 11:13:00,254.4,254.66,253.87,254.42,0,0,70584
1272,2020-09-18 11:14:00,254.45,254.89,254.39,254.83,0,0,66079
1273,2020-09-18 11:15:00,254.87,255.35,254.62,255.01,0,0,110841
1274,2020-09-18 11:16:00,255.01,255.01,254.41,254.73,0,0,39776
1275,2020-09-18 11:17:00,254.66,254.68,254.06,254.17,0,0,33402
1276,2020-09-18 11:18:00,254.18,254.33,254.02,254.1,0,0,43082
1277,2020-09-18 11:19:00,254.09,254.32,253.81,253.87,0,0,39776
1278,2020-09-18 11:20:00,253.95,254.28,253.91,254.03,0,0,40155
1279,2020-09-18 11:21:00,254.11,254.68,254.07,254.55,0,0,56607
1280,2020-09-18 11:22:00,254.55,254.71,254.43,254.69,0,0,34976
1281,2020-09-18 11:23:00,254.7,255.13,254.63,255.1,0,0,56392
1282,2020-09-18 11:24:00,255.1,255.1,254.78,254.98,0,0,42189
1283,2020-09-18 11:25:00,254.93,255.2,254.88,255.1,0,0,52728
1284,2020-09-18 11:26:00,255.05,255.21,254.9,255.09,0,0,31370
1285,2020-09-18 11:27:00,255.12,255.17,254.9,255.0,0,0,40361
1286,2020-09-18 11:28:00,254.9,254.96,254.56,254.81,0,0,62128
1287,2020-09-18 11:29:00,254.86,254.95,254.65,254.95,0,0,30998
1288,2020-09-18 11:30:00,254.96,255.05,254.34,254.4,0,0,62507
1289,2020-09-18 11:31:00,254.43,254.67,253.79,253.9,0,0,72216
1290,2020-09-18 11:32:00,253.89,254.05,253.72,253.94,0,0,40030
1291,2020-09-18 11:33:00,253.96,254.47,253.94,254.46,0,0,65960
1292,2020-09-18 11:34:00,254.43,254.48,253.46,253.53,0,0,78488
1293,2020-09-18 11:35:00,253.54,253.91,253.4,253.87,0,0,97806
1294,2020-09-18 11:36:00,253.78,254.09,253.75,253.9,0,0,23602
1295,2020-09-18 11:37:00,253.78,253.78,253.42,253.6,0,0,43630
1296,2020-09-18 11:38:00,253.59,254.15,253.59,253.96,0,0,44115
1297,2020-09-18 11:39:00,253.96,254.28,253.93,254.27,0,0,27237
1298,2020-09-18 11:40:00,254.21,254.29,253.81,253.9,0,0,37394
1299,2020-09-18 11:41:00,253.91,254.16,253.82,254.16,0,0,41191
1300,2020-09-18 11:42:00,254.08,254.34,253.94,254.1,0,0,40467
1301,2020-09-18 11:43:00,254.12,254.13,253.9,254.02,0,0,25387
1302,2020-09-18 11:44:00,254.01,254.01,253.53,253.87,0,0,32310
1303,2020-09-18 11:45:00,253.89,254.42,253.75,254.42,0,0,41039
1304,2020-09-18 11:46:00,254.44,255.05,254.42,255.05,0,0,59901
1305,2020-09-18 11:47:00,255.01,255.07,254.73,254.86,0,0,37999
1306,2020-09-18 11:48:00,254.81,254.98,254.78,254.98,0,0,30278
1307,2020-09-18 11:49:00,254.97,255.12,254.91,255.1,0,0,40291
1308,2020-09-18 11:50:00,255.05,255.17,254.9,255.12,0,0,23132
1309,2020-09-18 11:51:00,255.09,255.33,254.91,254.93,0,0,49527
1310,2020-09-18 11:52:00,254.93,255.26,254.87,255.16,0,0,52216
1311,2020-09-18 11:53:00,255.17,255.32,255.08,255.24,0,0,34542
1312,2020-09-18 11:54:00,255.21,255.46,255.17,255.41,0,0,39894
1313,2020-09-18 11:55:00,255.4,255.83,255.4,255.51,0,0,80059
1314,2020-09-18 11:56:00,255.57,255.95,255.56,255.95,0,0,50911
1315,2020-09-18 11:57:00,255.94,256.21,255.9,256.09,0,0,79574
1316,2020-09-18 11:58:00,256.06,256.17,255.7,255.93,0,0,62425
1317,2020-09-18 11:59:00,255.93,255.97,255.63,255.9,0,0,48497
1318,2020-09-18 12:00:00,255.83,255.94,255.57,255.65,0,0,36039
1319,2020-09-18 12:01:00,255.77,255.99,255.61,255.99,0,0,40806
1320,2020-09-18 12:02:00,255.96,256.1,255.88,255.98,0,0,31218
1321,2020-09-18 12:03:00,255.93,256.01,255.8,256.01,0,0,22990
1322,2020-09-18 12:04:00,255.99,256.01,255.65,255.69,0,0,25816
1323,2020-09-18 12:05:00,255.58,255.96,255.55,255.9,0,0,33367
1324,2020-09-18 12:06:00,255.9,256.34,255.86,256.24,0,0,73693
1325,2020-09-18 12:07:00,256.18,256.19,255.82,255.83,0,0,30323
1326,2020-09-18 12:08:00,255.87,256.27,255.84,256.13,0,0,84173
1327,2020-09-18 12:09:00,256.15,256.15,255.83,255.85,0,0,36887
1328,2020-09-18 12:10:00,255.8,255.82,255.56,255.62,0,0,32713
1329,2020-09-18 12:11:00,255.62,255.62,254.86,255.07,0,0,80441
1330,2020-09-18 12:12:00,255.02,255.04,254.52,254.53,0,0,48086
1331,2020-09-18 12:13:00,254.54,254.54,253.91,253.91,0,0,74763
1332,2020-09-18 12:14:00,253.93,254.01,253.37,253.6,0,0,91730
1333,2020-09-18 12:15:00,253.63,253.71,253.17,253.44,0,0,85792
1334,2020-09-18 12:16:00,253.47,253.91,253.31,253.32,0,0,62439
1335,2020-09-18 12:17:00,253.42,253.5,253.17,253.37,0,0,68256
1336,2020-09-18 12:18:00,253.41,253.52,253.22,253.34,0,0,58780
1337,2020-09-18 12:19:00,253.3,253.47,253.22,253.4,0,0,43625
1338,2020-09-18 12:20:00,253.4,253.64,253.22,253.51,0,0,55945
1339,2020-09-18 12:21:00,253.6,253.63,253.2,253.29,0,0,50488
1340,2020-09-18 12:22:00,253.31,253.69,253.25,253.3,0,0,64221
1341,2020-09-18 12:23:00,253.31,253.45,253.03,253.27,0,0,96518
1342,2020-09-18 12:24:00,253.22,253.44,253.2,253.38,0,0,51147
1343,2020-09-18 12:25:00,253.38,253.39,253.19,253.26,0,0,36505
1344,2020-09-18 12:26:00,253.26,253.8,253.26,253.64,0,0,58761
1345,2020-09-18 12:27:00,253.68,253.7,253.11,253.31,0,0,47525
1346,2020-09-18 12:28:00,253.3,253.67,253.26,253.4,0,0,27981
1347,2020-09-18 12:29:00,253.43,253.69,253.36,253.6,0,0,36287
1348,2020-09-18 12:30:00,253.56,253.7,253.43,253.46,0,0,25649
1349,2020-09-18 12:31:00,253.5,253.5,252.92,253.01,0,0,110861
1350,2020-09-18 12:32:00,253.04,253.3,252.9,253.02,0,0,86321
1351,2020-09-18 12:33:00,253.02,253.11,252.52,252.54,0,0,67232
1352,2020-09-18 12:34:00,252.57,252.93,252.53,252.73,0,0,52420
1353,2020-09-18 12:35:00,252.85,253.19,252.83,253.17,0,0,52671
1354,2020-09-18 12:36:00,253.2,253.25,252.69,252.69,0,0,32586
1355,2020-09-18 12:37:00,252.77,252.88,252.39,252.51,0,0,56167
1356,2020-09-18 12:38:00,252.54,252.65,252.34,252.52,0,0,47015
1357,2020-09-18 12:39:00,252.5,252.56,252.29,252.32,0,0,69316
1358,2020-09-18 12:40:00,252.32,252.44,252.11,252.18,0,0,56777
1359,2020-09-18 12:41:00,252.23,252.39,252.0,252.09,0,0,76460
1360,2020-09-18 12:42:00,252.06,252.26,251.87,252.24,0,0,116645
1361,2020-09-18 12:43:00,252.24,252.44,252.15,252.17,0,0,38047
1362,2020-09-18 12:44:00,252.21,252.61,252.21,252.42,0,0,50154
1363,2020-09-18 12:45:00,252.51,252.94,252.44,252.74,0,0,34596
1364,2020-09-18 12:46:00,252.77,252.9,252.7,252.82,0,0,22626
1365,2020-09-18 12:47:00,252.83,252.86,252.27,252.38,0,0,31996
1366,2020-09-18 12:48:00,252.43,252.52,252.03,252.21,0,0,29136
1367,2020-09-18 12:49:00,252.13,252.25,251.94,251.98,0,0,29015
1368,2020-09-18 12:50:00,251.97,252.1,251.59,252.1,0,0,58441
1369,2020-09-18 12:51:00,252.19,252.45,252.11,252.4,0,0,37768
1370,2020-09-18 12:52:00,252.41,252.62,252.35,252.35,0,0,24627
1371,2020-09-18 12:53:00,252.39,252.49,251.89,251.98,0,0,35943
1372,2020-09-18 12:54:00,252.03,252.35,251.99,252.35,0,0,23111
1373,2020-09-18 12:55:00,252.3,252.38,252.01,252.16,0,0,21756
1374,2020-09-18 12:56:00,252.19,252.5,252.16,252.23,0,0,25086
1375,2020-09-18 12:57:00,252.19,252.25,252.02,252.11,0,0,22947
1376,2020-09-18 12:58:00,252.11,252.29,251.97,252.03,0,0,32098
1377,2020-09-18 12:59:00,252.1,252.44,252.02,252.21,0,0,19484
1378,2020-09-18 13:00:00,252.16,252.47,252.09,252.24,0,0,15071
1379,2020-09-18 13:01:00,252.24,252.64,252.24,252.6,0,0,35725
1380,2020-09-18 13:02:00,252.61,252.61,252.15,252.33,0,0,32874
1381,2020-09-18 13:03:00,252.32,252.85,252.32,252.79,0,0,42774
1382,2020-09-18 13:04:00,252.74,252.9,252.54,252.54,0,0,40976
1383,2020-09-18 13:05:00,252.54,252.54,252.03,252.24,0,0,46194
1384,2020-09-18 13:06:00,252.31,252.38,251.96,252.25,0,0,28585
1385,2020-09-18 13:07:00,252.27,252.34,252.1,252.29,0,0,30694
1386,2020-09-18 13:08:00,252.3,252.36,251.91,251.91,0,0,26980
1387,2020-09-18 13:09:00,251.96,252.11,251.62,251.95,0,0,45532
1388,2020-09-18 13:10:00,251.96,252.08,251.82,251.91,0,0,31086
1389,2020-09-18 13:11:00,252.01,252.05,251.75,251.79,0,0,30049
1390,2020-09-18 13:12:00,251.78,252.4,251.78,252.2,0,0,37205
1391,2020-09-18 13:13:00,252.28,252.41,252.21,252.4,0,0,14013
1392,2020-09-18 13:14:00,252.39,252.77,252.35,252.61,0,0,30621
1393,2020-09-18 13:15:00,252.55,252.56,251.78,251.86,0,0,46885
1394,2020-09-18 13:16:00,251.79,252.01,251.69,251.84,0,0,53511
1395,2020-09-18 13:17:00,251.86,252.12,251.83,252.12,0,0,40475
1396,2020-09-18 13:18:00,252.15,252.39,252.07,252.18,0,0,29828
1397,2020-09-18 13:19:00,252.23,252.42,251.63,251.89,0,0,66235
1398,2020-09-18 13:20:00,251.89,251.9,251.62,251.83,0,0,31991
1399,2020-09-18 13:21:00,251.78,251.99,251.73,251.93,0,0,20176
1400,2020-09-18 13:22:00,251.99,252.13,251.54,251.57,0,0,43236
1401,2020-09-18 13:23:00,251.53,251.76,251.38,251.62,0,0,79368
1402,2020-09-18 13:24:00,251.66,251.66,251.3,251.34,0,0,60042
1403,2020-09-18 13:25:00,251.32,251.56,251.25,251.39,0,0,70514
1404,2020-09-18 13:26:00,251.42,251.42,251.07,251.07,0,0,43188
1405,2020-09-18 13:27:00,251.14,251.17,250.79,250.86,0,0,70278
1406,2020-09-18 13:28:00,250.85,251.2,250.84,250.89,0,0,49377
1407,2020-09-18 13:29:00,250.93,251.0,250.67,250.73,0,0,55901
1408,2020-09-18 13:30:00,250.77,250.87,250.31,250.46,0,0,83982
1409,2020-09-18 13:31:00,250.43,250.66,250.05,250.61,0,0,74759
1410,2020-09-18 13:32:00,250.62,251.02,250.57,250.95,0,0,55603
1411,2020-09-18 13:33:00,250.99,251.32,250.91,251.29,0,0,59358
1412,2020-09-18 13:34:00,251.32,251.42,251.12,251.35,0,0,40269
1413,2020-09-18 13:35:00,251.37,251.46,251.14,251.46,0,0,46012
1414,2020-09-18 13:36:00,251.42,251.42,250.93,251.03,0,0,44019
1415,2020-09-18 13:37:00,251.05,251.12,250.71,250.91,0,0,30843
1416,2020-09-18 13:38:00,250.84,251.15,250.74,251.1,0,0,33581
1417,2020-09-18 13:39:00,251.1,251.5,250.99,251.48,0,0,46794
1418,2020-09-18 13:40:00,251.54,251.67,251.24,251.3,0,0,37292
1419,2020-09-18 13:41:00,251.3,251.52,251.24,251.3,0,0,26592
1420,2020-09-18 13:42:00,251.37,251.37,250.96,251.03,0,0,33419
1421,2020-09-18 13:43:00,251.03,251.39,250.96,251.26,0,0,45552
1422,2020-09-18 13:44:00,251.21,251.44,251.15,251.38,0,0,29430
1423,2020-09-18 13:45:00,251.31,251.53,251.09,251.42,0,0,35156
1424,2020-09-18 13:46:00,251.32,251.45,251.21,251.34,0,0,12338
1425,2020-09-18 13:47:00,251.35,251.86,251.35,251.81,0,0,55310
1426,2020-09-18 13:48:00,251.8,251.95,251.66,251.85,0,0,35723
1427,2020-09-18 13:49:00,251.85,251.91,251.74,251.82,0,0,38613
1428,2020-09-18 13:50:00,251.83,252.0,251.72,251.96,0,0,34291
1429,2020-09-18 13:51:00,251.93,252.11,251.74,251.9,0,0,27861
1430,2020-09-18 13:52:00,251.9,251.99,251.81,251.85,0,0,17156
1431,2020-09-18 13:53:00,251.86,252.04,251.83,251.98,0,0,25968
1432,2020-09-18 13:54:00,252.0,252.13,251.72,252.1,0,0,45035
1433,2020-09-18 13:55:00,252.13,252.46,252.02,252.45,0,0,47267
1434,2020-09-18 13:56:00,252.43,252.55,252.33,252.49,0,0,40346
1435,2020-09-18 13:57:00,252.49,252.55,252.42,252.45,0,0,32101
1436,2020-09-18 13:58:00,252.49,252.68,252.44,252.64,0,0,35606
1437,2020-09-18 13:59:00,252.62,252.73,252.55,252.59,0,0,34255
1438,2020-09-18 14:00:00,252.55,252.55,252.27,252.35,0,0,56478
1439,2020-09-18 14:01:00,252.37,252.49,252.1,252.32,0,0,36899
1440,2020-09-18 14:02:00,252.35,252.41,252.3,252.31,0,0,26916
1441,2020-09-18 14:03:00,252.32,252.32,252.07,252.3,0,0,21254
1442,2020-09-18 14:04:00,252.3,252.63,252.3,252.41,0,0,28410
1443,2020-09-18 14:05:00,252.42,252.7,252.39,252.54,0,0,36461
1444,2020-09-18 14:06:00,252.56,252.69,252.39,252.46,0,0,39838
1445,2020-09-18 14:07:00,252.46,252.61,252.31,252.55,0,0,26127
1446,2020-09-18 14:08:00,252.54,252.68,252.46,252.51,0,0,20086
1447,2020-09-18 14:09:00,252.55,252.65,252.48,252.56,0,0,20193
1448,2020-09-18 14:10:00,252.53,252.8,252.44,252.68,0,0,28741
1449,2020-09-18 14:11:00,252.68,252.71,252.52,252.66,0,0,34189
1450,2020-09-18 14:12:00,252.65,252.8,252.42,252.42,0,0,25402
1451,2020-09-18 14:13:00,252.47,252.47,252.21,252.29,0,0,29434
1452,2020-09-18 14:14:00,252.4,252.52,252.32,252.39,0,0,22720
1453,2020-09-18 14:15:00,252.32,252.35,252.2,252.26,0,0,19003
1454,2020-09-18 14:16:00,252.26,252.56,252.26,252.56,0,0,14907
1455,2020-09-18 14:17:00,252.48,252.49,251.92,252.13,0,0,44811
1456,2020-09-18 14:18:00,252.21,252.42,252.09,252.21,0,0,33093
1457,2020-09-18 14:19:00,252.24,252.28,251.82,251.94,0,0,33720
1458,2020-09-18 14:20:00,251.92,252.11,251.78,251.93,0,0,29225
1459,2020-09-18 14:21:00,251.95,252.21,251.87,252.17,0,0,17913
1460,2020-09-18 14:22:00,252.2,252.63,252.07,252.63,0,0,33073
1461,2020-09-18 14:23:00,252.63,252.77,252.58,252.73,0,0,46485
1462,2020-09-18 14:24:00,252.71,252.76,252.59,252.76,0,0,22227
1463,2020-09-18 14:25:00,252.74,252.95,252.74,252.83,0,0,30302
1464,2020-09-18 14:26:00,252.88,253.0,252.83,253.0,0,0,29988
1465,2020-09-18 14:27:00,253.01,253.01,252.88,252.96,0,0,24008
1466,2020-09-18 14:28:00,252.97,252.99,252.68,252.84,0,0,52078
1467,2020-09-18 14:29:00,252.83,252.91,252.73,252.88,0,0,19416
1468,2020-09-18 14:30:00,252.77,252.98,252.7,252.94,0,0,19558
1469,2020-09-18 14:31:00,252.94,252.96,252.83,252.86,0,0,15548
1470,2020-09-18 14:32:00,252.82,253.0,252.81,252.84,0,0,33812
1471,2020-09-18 14:33:00,252.88,253.1,252.88,253.1,0,0,24318
1472,2020-09-18 14:34:00,253.07,253.21,252.96,253.21,0,0,26739
1473,2020-09-18 14:35:00,253.23,253.32,253.04,253.06,0,0,45674
1474,2020-09-18 14:36:00,253.05,253.24,252.92,253.24,0,0,36045
1475,2020-09-18 14:37:00,253.24,253.33,253.02,253.29,0,0,45697
1476,2020-09-18 14:38:00,253.25,253.26,253.18,253.2,0,0,26728
1477,2020-09-18 14:39:00,253.19,253.28,253.03,253.12,0,0,39005
1478,2020-09-18 14:40:00,253.11,253.28,253.11,253.26,0,0,29499
1479,2020-09-18 14:41:00,253.23,253.28,253.06,253.17,0,0,30090
1480,2020-09-18 14:42:00,253.18,253.18,252.63,252.71,0,0,43602
1481,2020-09-18 14:43:00,252.73,252.82,252.57,252.68,0,0,35378
1482,2020-09-18 14:44:00,252.65,252.69,252.5,252.67,0,0,56472
1483,2020-09-18 14:45:00,252.69,252.91,252.58,252.7,0,0,36402
1484,2020-09-18 14:46:00,252.68,252.92,252.68,252.84,0,0,21586
1485,2020-09-18 14:47:00,252.83,252.97,252.78,252.9,0,0,20387
1486,2020-09-18 14:48:00,252.9,252.93,252.57,252.71,0,0,31317
1487,2020-09-18 14:49:00,252.74,252.9,252.62,252.9,0,0,17469
1488,2020-09-18 14:50:00,252.83,252.85,252.51,252.57,0,0,24122
1489,2020-09-18 14:51:00,252.6,252.8,252.37,252.75,0,0,27319
1490,2020-09-18 14:52:00,252.8,252.9,252.54,252.9,0,0,24209
1491,2020-09-18 14:53:00,252.87,252.96,252.76,252.84,0,0,17671
1492,2020-09-18 14:54:00,252.8,252.89,252.61,252.61,0,0,17077
1493,2020-09-18 14:55:00,252.69,252.88,252.57,252.88,0,0,28898
1494,2020-09-18 14:56:00,252.92,252.98,252.7,252.89,0,0,19657
1495,2020-09-18 14:57:00,252.86,252.88,252.63,252.72,0,0,17740
1496,2020-09-18 14:58:00,252.75,252.97,252.75,252.85,0,0,24966
1497,2020-09-18 14:59:00,252.87,253.32,252.75,253.25,0,0,44480
1498,2020-09-18 15:00:00,253.32,253.38,252.96,253.07,0,0,31435
1499,2020-09-18 15:01:00,253.12,253.19,253.0,253.09,0,0,13991
1500,2020-09-18 15:02:00,253.09,253.2,253.02,253.2,0,0,16440
1501,2020-09-18 15:03:00,253.17,253.43,253.15,253.32,0,0,25188
1502,2020-09-18 15:04:00,253.37,253.55,253.22,253.5,0,0,53363
1503,2020-09-18 15:05:00,253.47,253.5,253.3,253.42,0,0,27143
1504,2020-09-18 15:06:00,253.46,253.69,253.46,253.58,0,0,25999
1505,2020-09-18 15:07:00,253.54,253.54,253.37,253.42,0,0,28093
1506,2020-09-18 15:08:00,253.43,253.54,253.42,253.52,0,0,19378
1507,2020-09-18 15:09:00,253.52,253.67,253.45,253.45,0,0,25620
1508,2020-09-18 15:10:00,253.45,253.75,253.44,253.73,0,0,38425
1509,2020-09-18 15:11:00,253.7,253.7,253.3,253.3,0,0,32918
1510,2020-09-18 15:12:00,253.32,253.43,253.2,253.38,0,0,52238
1511,2020-09-18 15:13:00,253.38,253.5,253.26,253.45,0,0,27182
1512,2020-09-18 15:14:00,253.39,253.39,253.17,253.33,0,0,17847
1513,2020-09-18 15:15:00,253.4,253.62,253.38,253.43,0,0,30222
1514,2020-09-18 15:16:00,253.46,253.47,253.12,253.19,0,0,40191
1515,2020-09-18 15:17:00,253.24,253.36,253.14,253.34,0,0,19109
1516,2020-09-18 15:18:00,253.36,253.36,253.03,253.27,0,0,29105
1517,2020-09-18 15:19:00,253.3,253.48,253.19,253.48,0,0,29044
1518,2020-09-18 15:20:00,253.48,253.5,253.12,253.12,0,0,23792
1519,2020-09-18 15:21:00,253.1,253.23,252.91,252.96,0,0,70253
1520,2020-09-18 15:22:00,252.96,253.09,252.81,252.82,0,0,31970
1521,2020-09-18 15:23:00,252.85,253.05,252.81,253.02,0,0,33361
1522,2020-09-18 15:24:00,253.02,253.24,252.98,253.12,0,0,29473
1523,2020-09-18 15:25:00,253.15,253.38,253.15,253.27,0,0,33671
1524,2020-09-18 15:26:00,253.22,253.24,253.01,253.22,0,0,22975
1525,2020-09-18 15:27:00,253.2,253.2,253.01,253.13,0,0,24767
1526,2020-09-18 15:28:00,253.12,253.22,253.08,253.1,0,0,42071
1527,2020-09-18 15:29:00,253.08,253.14,252.93,252.96,0,0,39096
1528,2020-09-18 15:30:00,252.96,253.33,252.92,253.32,0,0,68690
1529,2020-09-18 15:31:00,253.32,253.32,253.12,253.21,0,0,35424
1530,2020-09-18 15:32:00,253.15,253.23,253.04,253.04,0,0,50801
1531,2020-09-18 15:33:00,253.04,253.07,252.73,252.8,0,0,55696
1532,2020-09-18 15:34:00,252.8,253.09,252.79,253.09,0,0,49260
1533,2020-09-18 15:35:00,253.1,253.34,253.07,253.26,0,0,46678
1534,2020-09-18 15:36:00,253.24,253.48,253.2,253.39,0,0,39303
1535,2020-09-18 15:37:00,253.33,253.4,253.24,253.3,0,0,21331
1536,2020-09-18 15:38:00,253.2,253.34,252.79,252.85,0,0,36068
1537,2020-09-18 15:39:00,252.8,253.04,252.8,252.98,0,0,38666
1538,2020-09-18 15:40:00,252.92,252.99,252.64,252.65,0,0,35010
1539,2020-09-18 15:41:00,252.65,252.81,252.57,252.79,0,0,48265
1540,2020-09-18 15:42:00,252.77,252.93,252.73,252.88,0,0,27639
1541,2020-09-18 15:43:00,252.86,252.88,252.62,252.79,0,0,35409
1542,2020-09-18 15:44:00,252.75,252.8,252.55,252.58,0,0,34738
1543,2020-09-18 15:45:00,252.59,252.87,252.57,252.72,0,0,51761
1544,2020-09-18 15:46:00,252.7,252.7,252.53,252.6,0,0,44452
1545,2020-09-18 15:47:00,252.59,252.73,252.4,252.41,0,0,43533
1546,2020-09-18 15:48:00,252.41,252.76,252.4,252.69,0,0,44176
1547,2020-09-18 15:49:00,252.67,252.8,252.65,252.77,0,0,63275
1548,2020-09-18 15:50:00,252.73,252.8,251.52,252.41,0,0,160207
1549,2020-09-18 15:51:00,252.4,252.41,251.75,251.94,0,0,126720
1550,2020-09-18 15:52:00,251.95,252.16,251.79,251.83,0,0,89160
1551,2020-09-18 15:53:00,251.83,252.19,251.83,252.17,0,0,96833
1552,2020-09-18 15:54:00,252.13,252.33,252.11,252.28,0,0,140928
1553,2020-09-18 15:55:00,252.31,252.88,252.28,252.83,0,0,112975
1554,2020-09-18 15:56:00,252.83,252.9,252.41,252.49,0,0,137897
1555,2020-09-18 15:57:00,252.47,252.74,252.46,252.62,0,0,147258
1556,2020-09-18 15:58:00,252.61,252.75,252.52,252.74,0,0,171052
1557,2020-09-18 15:59:00,252.72,253.0,252.27,252.29,0,0,342037
1558,2020-09-21 09:30:00,247.54,247.84,246.01,246.77,0,0,841039
1559,2020-09-21 09:31:00,246.91,248.31,246.91,248.23,0,0,159325
1560,2020-09-21 09:32:00,248.28,248.75,247.69,248.11,0,0,103581
1561,2020-09-21 09:33:00,248.17,248.93,247.98,248.72,0,0,127061
1562,2020-09-21 09:34:00,248.74,249.1,246.83,246.85,0,0,136348
1563,2020-09-21 09:35:00,246.88,247.64,245.34,245.83,0,0,250296
1564,2020-09-21 09:36:00,245.68,246.37,245.45,245.52,0,0,150147
1565,2020-09-21 09:37:00,245.48,245.83,245.33,245.57,0,0,121040
1566,2020-09-21 09:38:00,245.51,245.99,245.2,245.73,0,0,170588
1567,2020-09-21 09:39:00,245.73,245.9,245.35,245.53,0,0,122478
1568,2020-09-21 09:40:00,244.6,245.48,244.28,244.6,0,0,223845
1569,2020-09-21 09:41:00,245.11,245.36,244.6,245.13,0,0,132444
1570,2020-09-21 09:42:00,245.48,245.9,245.14,245.9,0,0,154817
1571,2020-09-21 09:43:00,245.88,246.6,245.63,246.54,0,0,125472
1572,2020-09-21 09:44:00,246.54,246.54,246.04,246.38,0,0,81699
1573,2020-09-21 09:45:00,246.7,246.97,246.13,246.92,0,0,102024
1574,2020-09-21 09:46:00,246.89,247.23,246.66,247.14,0,0,97959
1575,2020-09-21 09:47:00,247.1,247.5,246.8,247.04,0,0,91038
1576,2020-09-21 09:48:00,246.98,247.15,246.68,246.83,0,0,72407
1577,2020-09-21 09:49:00,247.38,247.73,246.76,247.28,0,0,77700
1578,2020-09-21 09:50:00,247.33,247.35,246.72,246.91,0,0,66520
1579,2020-09-21 09:51:00,246.92,247.11,246.21,246.34,0,0,88132
1580,2020-09-21 09:52:00,246.7,247.18,246.3,246.89,0,0,67526
1581,2020-09-21 09:53:00,246.88,247.0,246.36,246.44,0,0,82634
1582,2020-09-21 09:54:00,246.43,247.04,246.4,246.95,0,0,78713
1583,2020-09-21 09:55:00,246.9,246.9,245.23,245.25,0,0,149557
1584,2020-09-21 09:56:00,245.26,245.69,245.19,245.4,0,0,66305
1585,2020-09-21 09:57:00,245.33,246.0,245.32,245.58,0,0,86229
1586,2020-09-21 09:58:00,245.61,246.0,245.57,245.79,0,0,67500
1587,2020-09-21 09:59:00,245.27,245.73,245.05,245.14,0,0,74879
1588,2020-09-21 10:00:00,245.12,246.0,245.04,245.84,0,0,81978
1589,2020-09-21 10:01:00,245.85,246.3,245.8,246.27,0,0,60955
1590,2020-09-21 10:02:00,245.44,245.49,245.09,245.11,0,0,83778
1591,2020-09-21 10:03:00,245.1,245.23,244.34,244.41,0,0,146366
1592,2020-09-21 10:04:00,244.39,245.47,244.39,245.0,0,0,118068
1593,2020-09-21 10:05:00,245.01,245.22,244.59,244.72,0,0,45998
1594,2020-09-21 10:06:00,244.76,244.77,244.13,244.56,0,0,83627
1595,2020-09-21 10:07:00,244.59,244.99,244.49,244.97,0,0,61145
1596,2020-09-21 10:08:00,244.95,245.1,244.77,244.95,0,0,78399
1597,2020-09-21 10:09:00,244.99,245.79,244.83,245.63,0,0,87497
1598,2020-09-21 10:10:00,245.68,246.8,245.61,246.57,0,0,124652
1599,2020-09-21 10:11:00,246.59,246.84,246.15,246.71,0,0,83856
1600,2020-09-21 10:12:00,246.66,246.67,246.09,246.61,0,0,70670
1601,2020-09-21 10:13:00,246.53,246.83,246.16,246.41,0,0,50908
1602,2020-09-21 10:14:00,246.45,247.05,246.31,246.67,0,0,58291
1603,2020-09-21 10:15:00,246.65,246.66,246.22,246.56,0,0,46437
1604,2020-09-21 10:16:00,246.62,247.23,246.59,246.7,0,0,49396
1605,2020-09-21 10:17:00,246.67,247.07,246.57,246.9,0,0,46834
1606,2020-09-21 10:18:00,246.87,247.15,246.79,247.11,0,0,114756
1607,2020-09-21 10:19:00,247.07,247.2,246.8,247.09,0,0,150923
1608,2020-09-21 10:20:00,247.07,247.69,247.02,247.19,0,0,84687
1609,2020-09-21 10:21:00,247.16,247.33,246.95,246.99,0,0,53063
1610,2020-09-21 10:22:00,246.96,247.16,246.4,246.49,0,0,60655
1611,2020-09-21 10:23:00,246.46,246.46,245.47,245.74,0,0,85771
1612,2020-09-21 10:24:00,245.61,245.69,245.31,245.55,0,0,86588
1613,2020-09-21 10:25:00,245.4,245.47,244.91,245.03,0,0,80859
1614,2020-09-21 10:26:00,245.0,245.34,244.62,244.79,0,0,76644
1615,2020-09-21 10:27:00,244.79,245.06,244.74,244.91,0,0,53546
1616,2020-09-21 10:28:00,244.87,244.87,244.47,244.84,0,0,76723
1617,2020-09-21 10:29:00,244.85,245.1,244.41,244.63,0,0,77130
1618,2020-09-21 10:30:00,244.63,245.3,244.62,245.1,0,0,84376
1619,2020-09-21 10:31:00,245.13,245.15,244.64,245.08,0,0,61059
1620,2020-09-21 10:32:00,245.06,245.06,244.5,244.66,0,0,51165
1621,2020-09-21 10:33:00,244.69,244.92,244.56,244.8,0,0,49797
1622,2020-09-21 10:34:00,244.79,245.36,244.58,245.36,0,0,56092
1623,2020-09-21 10:35:00,245.37,245.58,245.0,245.39,0,0,107531
1624,2020-09-21 10:36:00,245.41,245.47,245.07,245.16,0,0,46649
1625,2020-09-21 10:37:00,245.13,245.2,244.8,245.02,0,0,65805
1626,2020-09-21 10:38:00,245.05,245.5,245.05,245.12,0,0,47254
1627,2020-09-21 10:39:00,245.07,245.14,244.8,244.84,0,0,62667
1628,2020-09-21 10:40:00,244.87,245.08,244.68,244.9,0,0,52354
1629,2020-09-21 10:41:00,244.89,245.42,244.89,245.34,0,0,74100
1630,2020-09-21 10:42:00,245.31,245.73,245.31,245.31,0,0,55254
1631,2020-09-21 10:43:00,245.36,245.38,244.88,244.94,0,0,93804
1632,2020-09-21 10:44:00,244.95,245.19,244.51,244.71,0,0,60562
1633,2020-09-21 10:45:00,244.68,245.19,244.55,244.94,0,0,56763
1634,2020-09-21 10:46:00,244.99,245.09,244.56,245.08,0,0,82659
1635,2020-09-21 10:47:00,245.07,245.07,244.66,244.92,0,0,48763
1636,2020-09-21 10:48:00,244.91,245.13,244.58,244.93,0,0,55068
1637,2020-09-21 10:49:00,244.95,245.65,244.83,245.33,0,0,73947
1638,2020-09-21 10:50:00,245.3,245.4,245.04,245.05,0,0,43571
1639,2020-09-21 10:51:00,245.06,245.09,244.64,244.7,0,0,60103
1640,2020-09-21 10:52:00,244.65,244.88,244.37,244.81,0,0,55480
1641,2020-09-21 10:53:00,244.85,245.23,244.8,245.1,0,0,48519
1642,2020-09-21 10:54:00,245.14,245.34,244.95,244.96,0,0,53620
1643,2020-09-21 10:55:00,245.02,245.2,244.76,244.83,0,0,50062
1644,2020-09-21 10:56:00,244.83,245.02,244.5,245.0,0,0,68531
1645,2020-09-21 10:57:00,244.96,245.35,244.71,245.32,0,0,47867
1646,2020-09-21 10:59:00,245.57,245.6,245.31,245.34,0,0,116628
1647,2020-09-21 11:00:00,245.33,245.99,245.25,245.92,0,0,64573
1648,2020-09-21 11:01:00,245.92,246.38,245.74,246.1,0,0,118204
1649,2020-09-21 11:02:00,246.13,246.26,245.88,246.07,0,0,197909
1650,2020-09-21 11:03:00,246.02,246.48,246.0,246.17,0,0,78841
1651,2020-09-21 11:04:00,246.13,246.5,245.88,245.88,0,0,63419
1652,2020-09-21 11:05:00,245.93,246.83,245.92,246.83,0,0,41331
1653,2020-09-21 11:06:00,246.78,246.99,246.38,246.38,0,0,51930
1654,2020-09-21 11:07:00,246.37,246.85,246.32,246.6,0,0,90061
1655,2020-09-21 11:08:00,246.64,246.78,246.31,246.6,0,0,43779
1656,2020-09-21 11:09:00,246.63,247.06,246.62,246.78,0,0,59475
1657,2020-09-21 11:10:00,246.79,246.97,246.67,246.76,0,0,35119
1658,2020-09-21 11:11:00,246.7,246.74,246.52,246.57,0,0,48843
1659,2020-09-21 11:12:00,246.6,246.86,246.53,246.59,0,0,46908
1660,2020-09-21 11:13:00,246.55,246.67,246.33,246.51,0,0,66456
1661,2020-09-21 11:14:00,246.51,246.55,246.1,246.19,0,0,42430
1662,2020-09-21 11:15:00,246.26,246.34,245.9,246.07,0,0,55271
1663,2020-09-21 11:16:00,246.09,246.22,245.74,246.09,0,0,43321
1664,2020-09-21 11:17:00,246.09,246.21,245.91,246.01,0,0,48025
1665,2020-09-21 11:18:00,245.97,246.13,245.83,245.95,0,0,40455
1666,2020-09-21 11:19:00,245.92,245.94,245.59,245.93,0,0,43492
1667,2020-09-21 11:20:00,245.94,246.02,245.58,245.58,0,0,31001
1668,2020-09-21 11:21:00,245.59,245.72,245.44,245.6,0,0,60114
1669,2020-09-21 11:22:00,245.6,245.61,245.27,245.54,0,0,44556
1670,2020-09-21 11:23:00,245.53,245.74,245.41,245.58,0,0,59714
1671,2020-09-21 11:24:00,245.58,245.59,245.34,245.35,0,0,40232
1672,2020-09-21 11:25:00,245.33,245.35,245.0,245.02,0,0,57962
1673,2020-09-21 11:26:00,245.05,245.5,245.01,245.4,0,0,45575
1674,2020-09-21 11:27:00,245.44,245.88,245.21,245.7,0,0,40477
1675,2020-09-21 11:28:00,245.74,246.19,245.71,245.92,0,0,52644
1676,2020-09-21 11:29:00,245.93,246.01,245.74,245.95,0,0,29522
1677,2020-09-21 11:30:00,245.92,246.45,245.81,246.38,0,0,52441
1678,2020-09-21 11:31:00,246.4,246.59,246.02,246.11,0,0,45720
1679,2020-09-21 11:32:00,246.12,246.27,245.44,245.69,0,0,33426
1680,2020-09-21 11:33:00,245.62,245.64,245.35,245.42,0,0,23596
1681,2020-09-21 11:34:00,245.42,245.62,245.33,245.49,0,0,39743
1682,2020-09-21 11:35:00,245.48,245.48,245.11,245.32,0,0,25472
1683,2020-09-21 11:36:00,245.25,245.63,245.25,245.44,0,0,33261
1684,2020-09-21 11:37:00,245.44,245.81,245.38,245.66,0,0,29777
1685,2020-09-21 11:38:00,245.68,245.7,245.44,245.53,0,0,22601
1686,2020-09-21 11:39:00,245.56,245.76,245.2,245.38,0,0,31457
1687,2020-09-21 11:40:00,245.41,245.47,245.09,245.25,0,0,27263
1688,2020-09-21 11:41:00,245.25,245.31,244.98,245.23,0,0,43760
1689,2020-09-21 11:42:00,245.25,246.02,245.25,245.91,0,0,38773
1690,2020-09-21 11:43:00,245.88,246.32,245.64,245.71,0,0,41102
1691,2020-09-21 11:44:00,245.66,245.86,245.45,245.74,0,0,30399
1692,2020-09-21 11:45:00,245.7,245.9,245.55,245.79,0,0,22702
1693,2020-09-21 11:46:00,245.85,246.17,245.85,246.13,0,0,27952
1694,2020-09-21 11:47:00,246.12,246.43,246.01,246.2,0,0,186941
1695,2020-09-21 11:48:00,246.22,246.24,246.04,246.07,0,0,27629
1696,2020-09-21 11:49:00,246.02,246.41,245.99,246.31,0,0,31771
1697,2020-09-21 11:50:00,246.26,246.5,246.24,246.4,0,0,39162
1698,2020-09-21 11:51:00,246.45,246.71,246.36,246.71,0,0,31477
1699,2020-09-21 11:52:00,246.66,246.95,246.65,246.85,0,0,47623
1700,2020-09-21 11:53:00,246.83,246.96,246.7,246.85,0,0,28495
1701,2020-09-21 11:54:00,246.84,246.84,246.6,246.78,0,0,15424
1702,2020-09-21 11:55:00,246.75,246.95,246.65,246.88,0,0,23075
1703,2020-09-21 11:56:00,246.92,247.06,246.83,246.93,0,0,42734
1704,2020-09-21 11:57:00,246.93,247.19,246.89,247.19,0,0,31849
1705,2020-09-21 11:58:00,247.17,247.34,246.95,247.06,0,0,47034
1706,2020-09-21 11:59:00,247.02,247.34,247.02,247.21,0,0,36217
1707,2020-09-21 12:00:00,247.28,247.61,247.24,247.46,0,0,40691
1708,2020-09-21 12:01:00,247.46,247.46,247.21,247.39,0,0,37068
1709,2020-09-21 12:02:00,247.39,247.46,247.23,247.31,0,0,40492
1710,2020-09-21 12:03:00,247.3,247.56,247.24,247.37,0,0,27645
1711,2020-09-21 12:04:00,247.35,247.76,247.34,247.76,0,0,52247
1712,2020-09-21 12:05:00,247.75,247.76,247.45,247.53,0,0,36627
1713,2020-09-21 12:06:00,247.6,247.67,247.39,247.47,0,0,26524
1714,2020-09-21 12:07:00,247.5,247.86,247.42,247.78,0,0,33337
1715,2020-09-21 12:08:00,247.83,247.84,247.71,247.78,0,0,28936
1716,2020-09-21 12:09:00,247.81,247.84,247.56,247.56,0,0,29259
1717,2020-09-21 12:10:00,247.59,247.7,247.3,247.62,0,0,72845
1718,2020-09-21 12:11:00,247.66,247.75,247.51,247.58,0,0,21879
1719,2020-09-21 12:12:00,247.61,247.63,247.42,247.51,0,0,20701
1720,2020-09-21 12:13:00,247.49,247.59,247.32,247.39,0,0,29460
1721,2020-09-21 12:14:00,247.41,247.45,247.04,247.14,0,0,35234
1722,2020-09-21 12:15:00,247.11,247.17,246.96,247.09,0,0,40794
1723,2020-09-21 12:16:00,247.08,247.24,246.84,247.11,0,0,49112
1724,2020-09-21 12:17:00,247.14,247.5,247.14,247.41,0,0,24556
1725,2020-09-21 12:18:00,247.41,247.41,247.08,247.13,0,0,30117
1726,2020-09-21 12:19:00,247.17,247.26,247.02,247.05,0,0,20139
1727,2020-09-21 12:20:00,247.08,247.43,246.85,246.87,0,0,36270
1728,2020-09-21 12:21:00,246.88,247.0,246.66,246.79,0,0,30151
1729,2020-09-21 12:22:00,246.79,246.95,246.56,246.81,0,0,20821
1730,2020-09-21 12:23:00,246.84,246.94,246.8,246.94,0,0,19278
1731,2020-09-21 12:24:00,246.94,247.08,246.78,246.82,0,0,20105
1732,2020-09-21 12:25:00,246.85,247.01,246.72,246.97,0,0,17233
1733,2020-09-21 12:26:00,246.99,247.35,246.96,247.16,0,0,26749
1734,2020-09-21 12:27:00,247.16,247.63,247.16,247.5,0,0,27319
1735,2020-09-21 12:28:00,247.5,247.59,247.2,247.38,0,0,22672
1736,2020-09-21 12:29:00,247.42,247.54,247.3,247.45,0,0,19973
1737,2020-09-21 12:30:00,247.45,248.02,247.42,248.0,0,0,42462
1738,2020-09-21 12:31:00,247.99,248.23,247.52,247.76,0,0,56302
1739,2020-09-21 12:32:00,247.75,247.88,247.63,247.87,0,0,26522
1740,2020-09-21 12:33:00,247.87,247.97,247.68,247.92,0,0,28803
1741,2020-09-21 12:34:00,247.91,247.91,247.67,247.72,0,0,15984
1742,2020-09-21 12:35:00,247.73,248.09,247.72,247.88,0,0,17743
1743,2020-09-21 12:36:00,247.9,248.14,247.81,247.82,0,0,20549
1744,2020-09-21 12:37:00,247.8,248.08,247.7,247.77,0,0,40419
1745,2020-09-21 12:38:00,247.76,247.76,247.55,247.57,0,0,11749
1746,2020-09-21 12:39:00,247.67,247.77,247.55,247.55,0,0,30454
1747,2020-09-21 12:40:00,247.58,247.95,247.3,247.95,0,0,32920
1748,2020-09-21 12:41:00,247.9,247.91,247.61,247.72,0,0,30226
1749,2020-09-21 12:42:00,247.69,247.87,247.57,247.87,0,0,20608
1750,2020-09-21 12:43:00,247.89,247.89,247.6,247.66,0,0,18363
1751,2020-09-21 12:44:00,247.71,247.86,247.55,247.78,0,0,25192
1752,2020-09-21 12:45:00,247.81,247.94,247.53,247.53,0,0,20802
1753,2020-09-21 12:46:00,247.5,247.65,247.36,247.52,0,0,21672
1754,2020-09-21 12:47:00,247.5,247.51,247.3,247.44,0,0,21163
1755,2020-09-21 12:48:00,247.43,247.59,247.42,247.53,0,0,12098
1756,2020-09-21 12:49:00,247.52,247.62,247.47,247.58,0,0,12340
1757,2020-09-21 12:50:00,247.55,247.73,247.43,247.7,0,0,26041
1758,2020-09-21 12:51:00,247.65,247.74,247.3,247.34,0,0,27127
1759,2020-09-21 12:52:00,247.35,247.68,247.35,247.5,0,0,24212
1760,2020-09-21 12:53:00,247.5,247.81,247.35,247.75,0,0,26676
1761,2020-09-21 12:54:00,247.67,247.67,247.4,247.57,0,0,24002
1762,2020-09-21 12:55:00,247.55,247.86,247.47,247.75,0,0,40070
1763,2020-09-21 12:56:00,247.79,247.84,247.42,247.57,0,0,20434
1764,2020-09-21 12:57:00,247.56,247.61,247.08,247.1,0,0,32301
1765,2020-09-21 12:58:00,247.14,247.22,247.01,247.18,0,0,27864
1766,2020-09-21 12:59:00,247.14,247.36,247.14,247.31,0,0,16849
1767,2020-09-21 13:00:00,247.37,247.51,247.35,247.37,0,0,14123
1768,2020-09-21 13:01:00,247.36,247.36,246.83,246.91,0,0,30651
1769,2020-09-21 13:02:00,246.87,247.1,246.87,247.08,0,0,27433
1770,2020-09-21 13:03:00,247.08,247.21,246.98,247.15,0,0,13547
1771,2020-09-21 13:04:00,247.16,247.33,247.12,247.19,0,0,15948
1772,2020-09-21 13:05:00,247.23,247.43,247.03,247.41,0,0,20573
1773,2020-09-21 13:06:00,247.37,247.83,247.31,247.82,0,0,30106
1774,2020-09-21 13:07:00,247.78,247.78,247.61,247.65,0,0,14519
1775,2020-09-21 13:08:00,247.7,247.83,247.51,247.58,0,0,19495
1776,2020-09-21 13:09:00,247.57,247.72,247.51,247.67,0,0,14957
1777,2020-09-21 13:10:00,247.7,247.75,247.43,247.61,0,0,21310
1778,2020-09-21 13:11:00,247.57,248.32,247.57,248.29,0,0,69197
1779,2020-09-21 13:12:00,248.24,248.26,248.07,248.16,0,0,37274
1780,2020-09-21 13:13:00,248.23,248.48,248.13,248.38,0,0,27577
1781,2020-09-21 13:14:00,248.38,248.38,248.05,248.25,0,0,19221
1782,2020-09-21 13:15:00,248.23,248.8,248.21,248.57,0,0,39070
1783,2020-09-21 13:16:00,248.55,248.78,248.38,248.75,0,0,30780
1784,2020-09-21 13:17:00,248.72,248.77,248.43,248.49,0,0,16612
1785,2020-09-21 13:18:00,248.46,248.69,248.44,248.64,0,0,30851
1786,2020-09-21 13:19:00,248.71,248.98,248.68,248.68,0,0,46507
1787,2020-09-21 13:20:00,248.66,248.91,248.57,248.8,0,0,22348
1788,2020-09-21 13:21:00,248.82,249.29,248.82,249.23,0,0,65925
1789,2020-09-21 13:22:00,249.2,249.24,249.03,249.1,0,0,33071
1790,2020-09-21 13:23:00,249.12,249.42,249.07,249.29,0,0,56403
1791,2020-09-21 13:24:00,249.31,249.49,249.19,249.4,0,0,38349
1792,2020-09-21 13:25:00,249.42,249.44,249.19,249.36,0,0,40066
1793,2020-09-21 13:26:00,249.34,249.39,249.19,249.29,0,0,35608
1794,2020-09-21 13:27:00,249.28,249.43,249.17,249.38,0,0,27435
1795,2020-09-21 13:28:00,249.42,249.56,249.17,249.23,0,0,45026
1796,2020-09-21 13:29:00,249.27,249.34,249.07,249.32,0,0,42403
1797,2020-09-21 13:30:00,249.34,249.4,249.15,249.2,0,0,19009
1798,2020-09-21 13:31:00,249.17,249.95,249.17,249.92,0,0,76153
1799,2020-09-21 13:32:00,249.95,249.95,249.52,249.59,0,0,46420
1800,2020-09-21 13:33:00,249.53,249.61,249.41,249.43,0,0,35523
1801,2020-09-21 13:34:00,249.46,249.57,249.32,249.38,0,0,22884
1802,2020-09-21 13:35:00,249.38,249.45,249.2,249.32,0,0,31881
1803,2020-09-21 13:36:00,249.36,249.63,249.36,249.53,0,0,26534
1804,2020-09-21 13:37:00,249.51,249.6,249.38,249.6,0,0,15689
1805,2020-09-21 13:38:00,249.66,249.88,249.56,249.56,0,0,29691
1806,2020-09-21 13:39:00,249.55,249.84,249.55,249.66,0,0,23799
1807,2020-09-21 13:40:00,249.67,249.73,249.41,249.49,0,0,18411
1808,2020-09-21 13:41:00,249.49,249.52,249.12,249.17,0,0,39625
1809,2020-09-21 13:42:00,249.23,249.28,249.1,249.16,0,0,28542
1810,2020-09-21 13:43:00,249.17,249.21,248.76,248.82,0,0,53660
1811,2020-09-21 13:44:00,248.86,249.05,248.72,248.78,0,0,25941
1812,2020-09-21 13:45:00,248.71,248.85,248.46,248.69,0,0,47092
1813,2020-09-21 13:46:00,248.72,248.84,248.58,248.76,0,0,25391
1814,2020-09-21 13:47:00,248.8,248.87,248.67,248.68,0,0,29199
1815,2020-09-21 13:48:00,248.73,248.83,248.53,248.56,0,0,24771
1816,2020-09-21 13:49:00,248.52,248.59,248.3,248.58,0,0,36425
1817,2020-09-21 13:50:00,248.53,248.72,248.52,248.68,0,0,30483
1818,2020-09-21 13:51:00,248.65,248.65,248.36,248.54,0,0,32560
1819,2020-09-21 13:52:00,248.52,248.52,248.1,248.36,0,0,31287
1820,2020-09-21 13:53:00,248.4,248.5,248.36,248.46,0,0,8252
1821,2020-09-21 13:54:00,248.43,248.45,248.13,248.16,0,0,31663
1822,2020-09-21 13:55:00,248.13,248.34,247.84,248.2,0,0,51593
1823,2020-09-21 13:56:00,248.18,248.38,248.18,248.33,0,0,26834
1824,2020-09-21 13:57:00,248.36,248.51,248.04,248.14,0,0,16590
1825,2020-09-21 13:58:00,248.16,248.26,248.03,248.16,0,0,19701
1826,2020-09-21 13:59:00,248.17,248.2,247.96,248.09,0,0,25065
1827,2020-09-21 14:00:00,248.04,248.36,248.03,248.15,0,0,34878
1828,2020-09-21 14:01:00,248.14,248.47,248.14,248.25,0,0,27014
1829,2020-09-21 14:02:00,248.27,248.34,248.03,248.12,0,0,47578
1830,2020-09-21 14:03:00,248.11,248.47,248.09,248.45,0,0,17355
1831,2020-09-21 14:04:00,248.43,248.63,248.4,248.55,0,0,24949
1832,2020-09-21 14:05:00,248.48,248.48,247.86,248.0,0,0,31914
1833,2020-09-21 14:06:00,247.97,248.04,247.59,247.61,0,0,58166
1834,2020-09-21 14:07:00,247.64,247.75,247.44,247.71,0,0,45213
1835,2020-09-21 14:08:00,247.74,247.75,247.44,247.46,0,0,26097
1836,2020-09-21 14:09:00,247.49,247.64,247.31,247.57,0,0,33999
1837,2020-09-21 14:10:00,247.58,247.77,247.14,247.15,0,0,44553
1838,2020-09-21 14:11:00,247.16,247.27,246.89,246.91,0,0,39563
1839,2020-09-21 14:12:00,246.95,247.13,246.65,246.65,0,0,47067
1840,2020-09-21 14:13:00,246.64,247.08,246.55,247.08,0,0,45572
1841,2020-09-21 14:14:00,247.08,247.08,246.55,246.67,0,0,40443
1842,2020-09-21 14:15:00,246.72,247.09,246.72,246.99,0,0,43204
1843,2020-09-21 14:16:00,247.02,247.06,246.7,246.79,0,0,44994
1844,2020-09-21 14:17:00,246.8,246.98,246.55,246.57,0,0,42858
1845,2020-09-21 14:18:00,246.56,246.66,246.35,246.47,0,0,59530
1846,2020-09-21 14:19:00,246.45,246.87,246.35,246.68,0,0,35062
1847,2020-09-21 14:20:00,246.68,246.96,246.65,246.83,0,0,26805
1848,2020-09-21 14:21:00,246.79,246.86,246.6,246.81,0,0,25519
1849,2020-09-21 14:22:00,246.83,246.96,246.69,246.79,0,0,30873
1850,2020-09-21 14:23:00,246.8,247.03,246.55,246.84,0,0,60498
1851,2020-09-21 14:24:00,246.8,246.83,246.57,246.71,0,0,25295
1852,2020-09-21 14:25:00,246.68,246.82,246.5,246.69,0,0,26435
1853,2020-09-21 14:26:00,246.72,246.9,246.67,246.87,0,0,25280
1854,2020-09-21 14:27:00,246.87,246.94,246.79,246.9,0,0,28356
1855,2020-09-21 14:28:00,246.95,246.97,246.6,246.65,0,0,35120
1856,2020-09-21 14:29:00,246.66,246.88,246.66,246.72,0,0,23246
1857,2020-09-21 14:30:00,246.75,246.75,246.21,246.36,0,0,51497
1858,2020-09-21 14:31:00,246.39,246.73,246.38,246.64,0,0,33096
1859,2020-09-21 14:32:00,246.66,246.66,246.19,246.25,0,0,30253
1860,2020-09-21 14:33:00,246.28,246.34,245.97,246.05,0,0,51302
1861,2020-09-21 14:34:00,246.03,246.41,245.99,246.31,0,0,30095
1862,2020-09-21 14:35:00,246.32,246.41,246.11,246.16,0,0,16110
1863,2020-09-21 14:36:00,246.15,246.25,246.07,246.23,0,0,19563
1864,2020-09-21 14:37:00,246.23,246.3,245.98,246.27,0,0,35999
1865,2020-09-21 14:38:00,246.3,246.31,246.08,246.17,0,0,28109
1866,2020-09-21 14:39:00,246.17,246.32,246.1,246.15,0,0,27555
1867,2020-09-21 14:40:00,246.14,246.2,246.0,246.11,0,0,25712
1868,2020-09-21 14:41:00,246.13,246.26,246.07,246.15,0,0,31899
1869,2020-09-21 14:42:00,246.11,246.33,245.92,246.02,0,0,35113
1870,2020-09-21 14:43:00,246.03,246.03,245.69,245.89,0,0,48011
1871,2020-09-21 14:44:00,245.88,245.97,245.8,245.91,0,0,214770
1872,2020-09-21 14:45:00,245.89,246.03,245.84,245.9,0,0,24060
1873,2020-09-21 14:46:00,245.88,246.05,245.81,245.94,0,0,22538
1874,2020-09-21 14:47:00,245.94,246.03,245.76,245.9,0,0,22099
1875,2020-09-21 14:48:00,245.87,245.87,245.62,245.81,0,0,37775
1876,2020-09-21 14:49:00,245.81,245.81,245.69,245.72,0,0,18885
1877,2020-09-21 14:50:00,245.76,246.14,245.75,246.06,0,0,36976
1878,2020-09-21 14:51:00,246.0,246.4,246.0,246.28,0,0,24471
1879,2020-09-21 14:52:00,246.28,246.53,246.15,246.45,0,0,47753
1880,2020-09-21 14:53:00,246.47,246.63,246.45,246.55,0,0,47082
1881,2020-09-21 14:54:00,246.58,246.7,246.55,246.67,0,0,29441
1882,2020-09-21 14:55:00,246.66,247.07,246.61,247.03,0,0,54654
1883,2020-09-21 14:56:00,247.03,247.09,246.82,247.0,0,0,82075
1884,2020-09-21 14:57:00,246.99,247.08,246.76,246.8,0,0,44921
1885,2020-09-21 14:58:00,246.78,247.21,246.78,247.04,0,0,40868
1886,2020-09-21 14:59:00,247.03,247.14,246.85,246.95,0,0,33956
1887,2020-09-21 15:00:00,246.96,247.4,246.84,247.25,0,0,63312
1888,2020-09-21 15:01:00,247.32,247.65,247.21,247.42,0,0,63068
1889,2020-09-21 15:02:00,247.43,247.6,247.32,247.35,0,0,41336
1890,2020-09-21 15:03:00,247.37,247.38,247.24,247.28,0,0,36873
1891,2020-09-21 15:04:00,247.28,247.68,247.28,247.49,0,0,35820
1892,2020-09-21 15:05:00,247.53,247.59,247.25,247.29,0,0,32264
1893,2020-09-21 15:06:00,247.3,247.44,247.27,247.38,0,0,34628
1894,2020-09-21 15:07:00,247.38,247.42,247.11,247.2,0,0,37858
1895,2020-09-21 15:08:00,247.21,247.44,247.21,247.38,0,0,46945
1896,2020-09-21 15:09:00,247.35,247.46,247.24,247.34,0,0,34940
1897,2020-09-21 15:10:00,247.33,247.54,247.19,247.25,0,0,35805
1898,2020-09-21 15:11:00,247.24,247.4,247.07,247.15,0,0,34093
1899,2020-09-21 15:12:00,247.15,247.32,247.02,247.07,0,0,45708
1900,2020-09-21 15:13:00,247.09,247.2,247.05,247.09,0,0,32261
1901,2020-09-21 15:14:00,247.09,247.22,247.01,247.22,0,0,33452
1902,2020-09-21 15:15:00,247.19,247.76,247.19,247.69,0,0,60241
1903,2020-09-21 15:16:00,247.64,247.64,247.31,247.45,0,0,67442
1904,2020-09-21 15:17:00,247.43,247.78,247.43,247.64,0,0,49163
1905,2020-09-21 15:18:00,247.66,247.85,247.5,247.62,0,0,55455
1906,2020-09-21 15:19:00,247.62,247.91,247.51,247.57,0,0,50671
1907,2020-09-21 15:20:00,247.56,247.66,247.36,247.48,0,0,42756
1908,2020-09-21 15:21:00,247.49,247.7,247.33,247.4,0,0,44272
1909,2020-09-21 15:22:00,247.41,247.99,247.41,247.84,0,0,50987
1910,2020-09-21 15:23:00,247.82,248.1,247.77,247.9,0,0,69444
1911,2020-09-21 15:24:00,247.95,248.15,247.95,248.15,0,0,47218
1912,2020-09-21 15:25:00,248.14,248.14,247.61,247.84,0,0,60255
1913,2020-09-21 15:26:00,247.84,248.17,247.76,248.08,0,0,37832
1914,2020-09-21 15:27:00,248.07,248.07,247.58,247.75,0,0,71468
1915,2020-09-21 15:28:00,247.78,247.95,247.72,247.82,0,0,39810
1916,2020-09-21 15:29:00,247.82,247.96,247.71,247.72,0,0,33053
1917,2020-09-21 15:30:00,247.72,247.83,247.54,247.64,0,0,61786
1918,2020-09-21 15:31:00,247.67,248.0,247.66,247.81,0,0,50093
1919,2020-09-21 15:32:00,247.78,247.83,247.62,247.72,0,0,49412
1920,2020-09-21 15:33:00,247.76,247.83,247.27,247.42,0,0,66757
1921,2020-09-21 15:34:00,247.4,247.59,247.38,247.59,0,0,44988
1922,2020-09-21 15:35:00,247.59,248.18,247.53,248.14,0,0,56288
1923,2020-09-21 15:36:00,248.14,248.25,248.06,248.15,0,0,35194
1924,2020-09-21 15:37:00,248.12,248.2,247.98,248.09,0,0,41237
1925,2020-09-21 15:38:00,248.09,248.58,248.08,248.55,0,0,64559
1926,2020-09-21 15:39:00,248.56,248.7,248.16,248.31,0,0,80188
1927,2020-09-21 15:40:00,248.31,248.42,248.0,248.1,0,0,70315
1928,2020-09-21 15:41:00,248.12,248.28,247.93,248.04,0,0,69126
1929,2020-09-21 15:42:00,248.06,248.48,248.05,248.31,0,0,45570
1930,2020-09-21 15:43:00,248.39,248.45,248.15,248.43,0,0,46845
1931,2020-09-21 15:44:00,248.44,248.85,248.41,248.67,0,0,71427
1932,2020-09-21 15:45:00,248.69,248.85,248.58,248.8,0,0,94994
1933,2020-09-21 15:46:00,248.8,248.81,248.46,248.52,0,0,64827
1934,2020-09-21 15:47:00,248.51,248.51,248.21,248.29,0,0,65309
1935,2020-09-21 15:48:00,248.28,248.53,248.28,248.38,0,0,64443
1936,2020-09-21 15:49:00,248.34,248.4,248.11,248.22,0,0,84290
1937,2020-09-21 15:50:00,248.19,248.79,247.43,248.66,0,0,184380
1938,2020-09-21 15:51:00,248.64,248.79,248.45,248.58,0,0,109682
1939,2020-09-21 15:52:00,248.57,248.71,248.48,248.52,0,0,77359
1940,2020-09-21 15:53:00,248.5,248.69,248.44,248.59,0,0,102730
1941,2020-09-21 15:54:00,248.58,248.85,248.44,248.58,0,0,136367
1942,2020-09-21 15:55:00,248.53,248.68,248.2,248.33,0,0,173290
1943,2020-09-21 15:56:00,248.34,248.36,247.96,248.0,0,0,172200
1944,2020-09-21 15:57:00,247.99,248.43,246.77,247.38,0,0,434291
1945,2020-09-21 15:58:00,247.43,248.1,247.43,247.95,0,0,259527
1946,2020-09-21 15:59:00,247.97,248.36,247.73,248.05,0,0,419528
1947,2020-09-22 09:30:00,253.31,253.31,251.77,252.38,0,0,827893
1948,2020-09-22 09:31:00,252.36,252.55,251.71,252.05,0,0,166047
1949,2020-09-22 09:32:00,252.08,252.09,250.9,251.78,0,0,143066
1950,2020-09-22 09:33:00,251.8,252.22,251.13,251.91,0,0,123725
1951,2020-09-22 09:34:00,251.93,251.93,250.82,250.91,0,0,107172
1952,2020-09-22 09:35:00,250.97,251.52,250.63,251.36,0,0,94174
1953,2020-09-22 09:36:00,251.32,251.32,250.63,250.93,0,0,74620
1954,2020-09-22 09:37:00,250.89,251.16,250.63,250.71,0,0,101582
1955,2020-09-22 09:38:00,250.72,250.89,250.33,250.89,0,0,60600
1956,2020-09-22 09:39:00,250.46,250.72,250.35,250.5,0,0,103691
1957,2020-09-22 09:40:00,250.67,250.78,250.25,250.45,0,0,97529
1958,2020-09-22 09:41:00,250.45,250.45,249.9,250.0,0,0,152922
1959,2020-09-22 09:42:00,250.03,250.38,249.78,250.09,0,0,106742
1960,2020-09-22 09:43:00,249.97,250.23,249.87,250.21,0,0,83133
1961,2020-09-22 09:44:00,250.17,250.32,249.52,249.61,0,0,137930
1962,2020-09-22 09:45:00,249.6,249.83,249.08,249.08,0,0,127653
1963,2020-09-22 09:46:00,249.12,249.64,249.06,249.43,0,0,83433
1964,2020-09-22 09:47:00,249.45,249.89,249.34,249.59,0,0,76500
1965,2020-09-22 09:48:00,249.34,249.63,249.25,249.29,0,0,114403
1966,2020-09-22 09:49:00,249.05,249.31,248.9,249.18,0,0,99847
1967,2020-09-22 09:50:00,249.21,249.71,249.1,249.1,0,0,68579
1968,2020-09-22 09:51:00,249.12,249.43,248.68,248.83,0,0,93592
1969,2020-09-22 09:52:00,249.13,249.2,248.87,249.15,0,0,104069
1970,2020-09-22 09:53:00,249.01,249.43,248.79,249.32,0,0,109495
1971,2020-09-22 09:54:00,249.31,249.43,248.95,249.27,0,0,82051
1972,2020-09-22 09:55:00,249.39,249.5,249.1,249.35,0,0,70715
1973,2020-09-22 09:56:00,249.38,249.74,249.31,249.58,0,0,107984
1974,2020-09-22 09:57:00,249.41,249.71,249.2,249.24,0,0,108811
1975,2020-09-22 09:58:00,249.22,250.22,249.18,250.03,0,0,164123
1976,2020-09-22 09:59:00,250.26,250.8,249.94,250.59,0,0,361429
1977,2020-09-22 10:00:00,250.61,250.62,250.15,250.51,0,0,193265
1978,2020-09-22 10:01:00,250.54,250.62,250.14,250.45,0,0,134968
1979,2020-09-22 10:02:00,250.43,250.86,250.41,250.69,0,0,97838
1980,2020-09-22 10:03:00,250.72,250.73,250.11,250.33,0,0,75903
1981,2020-09-22 10:04:00,250.35,250.69,250.35,250.59,0,0,71432
1982,2020-09-22 10:05:00,250.62,250.62,250.01,250.11,0,0,85309
1983,2020-09-22 10:06:00,250.05,250.31,249.66,249.92,0,0,106085
1984,2020-09-22 10:07:00,249.9,250.26,249.71,249.96,0,0,77766
1985,2020-09-22 10:08:00,249.98,250.09,249.81,250.0,0,0,61230
1986,2020-09-22 10:09:00,249.98,250.31,249.9,250.25,0,0,57266
1987,2020-09-22 10:10:00,250.26,251.12,250.25,250.89,0,0,132781
1988,2020-09-22 10:11:00,250.91,251.15,250.63,250.65,0,0,108135
1989,2020-09-22 10:12:00,250.71,250.77,250.15,250.29,0,0,97373
1990,2020-09-22 10:13:00,250.32,250.69,250.02,250.22,0,0,63849
1991,2020-09-22 10:14:00,250.22,250.63,250.14,250.54,0,0,59124
1992,2020-09-22 10:15:00,250.54,250.7,250.34,250.36,0,0,66821
1993,2020-09-22 10:16:00,250.36,250.36,249.75,249.76,0,0,84999
1994,2020-09-22 10:17:00,249.76,249.82,249.12,249.16,0,0,103395
1995,2020-09-22 10:18:00,249.16,249.56,249.15,249.19,0,0,83632
1996,2020-09-22 10:19:00,249.21,249.33,248.96,249.22,0,0,88873
1997,2020-09-22 10:20:00,249.24,249.61,248.87,248.98,0,0,270117
1998,2020-09-22 10:21:00,248.96,249.4,248.9,249.27,0,0,82895
1999,2020-09-22 10:22:00,249.31,249.7,249.1,249.49,0,0,104068
2000,2020-09-22 10:23:00,249.47,249.47,249.11,249.42,0,0,55572
2001,2020-09-22 10:24:00,249.42,249.85,249.33,249.48,0,0,155589
2002,2020-09-22 10:25:00,249.48,249.83,249.27,249.7,0,0,55752
2003,2020-09-22 10:26:00,249.74,250.2,249.68,250.18,0,0,77107
2004,2020-09-22 10:27:00,250.18,250.34,249.84,250.05,0,0,120586
2005,2020-09-22 10:28:00,250.09,250.42,249.93,250.13,0,0,70570
2006,2020-09-22 10:29:00,250.1,250.34,250.05,250.2,0,0,60301
2007,2020-09-22 10:30:00,250.19,250.42,250.08,250.33,0,0,55017
2008,2020-09-22 10:31:00,250.3,250.44,249.77,249.96,0,0,78751
2009,2020-09-22 10:32:00,249.96,250.18,249.86,250.11,0,0,120427
2010,2020-09-22 10:33:00,250.09,250.16,249.96,250.04,0,0,51444
2011,2020-09-22 10:34:00,250.04,250.37,249.93,250.21,0,0,50490
2012,2020-09-22 10:35:00,250.25,250.84,250.12,250.81,0,0,108282
2013,2020-09-22 10:36:00,250.86,250.95,250.69,250.91,0,0,52530
2014,2020-09-22 10:37:00,250.9,250.99,250.71,250.88,0,0,86922
2015,2020-09-22 10:38:00,250.88,250.89,250.62,250.77,0,0,50336
2016,2020-09-22 10:39:00,250.79,250.82,250.06,250.13,0,0,54695
2017,2020-09-22 10:40:00,250.15,250.4,249.8,250.15,0,0,105961
2018,2020-09-22 10:41:00,250.15,250.82,250.13,250.58,0,0,68873
2019,2020-09-22 10:42:00,250.57,250.77,250.14,250.55,0,0,53634
2020,2020-09-22 10:43:00,250.55,250.55,250.11,250.23,0,0,38318
2021,2020-09-22 10:44:00,250.22,250.22,249.84,249.93,0,0,53673
2022,2020-09-22 10:45:00,249.95,249.97,249.61,249.79,0,0,50128
2023,2020-09-22 10:46:00,249.84,249.84,249.22,249.22,0,0,62082
2024,2020-09-22 10:47:00,249.21,249.5,249.13,249.42,0,0,68251
2025,2020-09-22 10:48:00,249.4,249.75,249.22,249.54,0,0,50576
2026,2020-09-22 10:49:00,249.53,249.59,249.39,249.53,0,0,49158
2027,2020-09-22 10:50:00,249.49,249.73,249.45,249.69,0,0,36454
2028,2020-09-22 10:51:00,249.73,249.88,249.51,249.79,0,0,43540
2029,2020-09-22 10:52:00,249.81,250.22,249.79,250.14,0,0,49926
2030,2020-09-22 10:53:00,250.06,250.25,250.0,250.1,0,0,23990
2031,2020-09-22 10:54:00,250.1,250.35,250.0,250.11,0,0,31078
2032,2020-09-22 10:55:00,250.09,250.13,249.84,250.04,0,0,50653
2033,2020-09-22 10:56:00,250.08,250.19,249.4,249.45,0,0,63370
2034,2020-09-22 10:57:00,249.49,249.69,249.43,249.47,0,0,25503
2035,2020-09-22 10:58:00,249.49,249.79,249.31,249.45,0,0,37015
2036,2020-09-22 10:59:00,249.46,249.48,248.77,248.83,0,0,87133
2037,2020-09-22 11:00:00,248.87,249.16,248.79,249.16,0,0,43353
2038,2020-09-22 11:01:00,249.2,249.46,249.0,249.46,0,0,43595
2039,2020-09-22 11:02:00,249.36,249.38,248.87,249.0,0,0,80909
2040,2020-09-22 11:03:00,248.99,249.1,248.75,248.9,0,0,36863
2041,2020-09-22 11:05:00,249.08,249.32,249.05,249.2,0,0,126617
2042,2020-09-22 11:06:00,249.12,249.12,248.75,249.0,0,0,55533
2043,2020-09-22 11:07:00,248.93,248.98,248.22,248.55,0,0,101144
2044,2020-09-22 11:08:00,248.59,249.06,248.56,248.81,0,0,60769
2045,2020-09-22 11:09:00,248.85,248.99,248.66,248.79,0,0,30866
2046,2020-09-22 11:10:00,248.84,249.18,248.84,249.08,0,0,56082
2047,2020-09-22 11:11:00,249.08,249.49,248.88,249.34,0,0,64841
2048,2020-09-22 11:12:00,249.34,249.99,249.22,249.93,0,0,69000
2049,2020-09-22 11:13:00,249.96,250.43,249.87,250.37,0,0,100110
2050,2020-09-22 11:14:00,250.36,250.76,250.36,250.63,0,0,96098
2051,2020-09-22 11:15:00,250.61,251.24,250.47,251.16,0,0,121494
2052,2020-09-22 11:16:00,251.11,251.71,251.11,251.67,0,0,121907
2053,2020-09-22 11:17:00,251.69,251.97,251.48,251.57,0,0,96578
2054,2020-09-22 11:18:00,251.59,252.16,251.34,252.09,0,0,186157
2055,2020-09-22 11:19:00,252.09,252.9,251.97,252.66,0,0,174479
2056,2020-09-22 11:20:00,252.64,252.77,252.07,252.28,0,0,134701
2057,2020-09-22 11:21:00,252.31,252.54,252.07,252.22,0,0,96943
2058,2020-09-22 11:22:00,252.2,252.7,252.2,252.63,0,0,106984
2059,2020-09-22 11:23:00,252.67,252.67,252.16,252.5,0,0,53820
2060,2020-09-22 11:24:00,252.53,252.84,252.37,252.84,0,0,64898
2061,2020-09-22 11:25:00,252.83,252.88,252.32,252.37,0,0,56288
2062,2020-09-22 11:26:00,252.39,252.73,252.24,252.66,0,0,45113
2063,2020-09-22 11:27:00,252.66,253.39,252.65,253.19,0,0,141584
2064,2020-09-22 11:28:00,253.21,253.28,252.89,253.18,0,0,71286
2065,2020-09-22 11:29:00,253.17,253.35,253.03,253.19,0,0,71135
2066,2020-09-22 11:30:00,253.19,253.7,253.19,253.48,0,0,149691
2067,2020-09-22 11:31:00,253.48,253.65,253.22,253.38,0,0,88185
2068,2020-09-22 11:32:00,253.38,253.5,252.71,252.97,0,0,79906
2069,2020-09-22 11:33:00,252.93,253.25,252.68,252.72,0,0,71875
2070,2020-09-22 11:34:00,252.74,252.92,252.31,252.34,0,0,69902
2071,2020-09-22 11:35:00,252.38,252.73,252.28,252.67,0,0,69455
2072,2020-09-22 11:36:00,252.7,252.91,252.67,252.76,0,0,59408
2073,2020-09-22 11:37:00,252.78,253.0,252.64,252.91,0,0,102150
2074,2020-09-22 11:38:00,252.88,252.97,252.81,252.85,0,0,41467
2075,2020-09-22 11:39:00,252.83,252.89,252.4,252.44,0,0,57939
2076,2020-09-22 11:40:00,252.43,252.89,252.4,252.72,0,0,92734
2077,2020-09-22 11:41:00,252.76,252.97,252.76,252.91,0,0,82204
2078,2020-09-22 11:42:00,252.91,253.38,252.86,253.33,0,0,112695
2079,2020-09-22 11:43:00,253.36,253.36,252.96,253.0,0,0,45178
2080,2020-09-22 11:44:00,253.07,253.39,252.97,253.12,0,0,89005
2081,2020-09-22 11:45:00,253.11,253.5,253.03,253.43,0,0,86062
2082,2020-09-22 11:46:00,253.44,253.69,252.95,253.09,0,0,121768
2083,2020-09-22 11:47:00,253.11,253.15,252.01,252.27,0,0,78441
2084,2020-09-22 11:48:00,252.31,252.76,252.25,252.68,0,0,98648
2085,2020-09-22 11:49:00,252.72,252.79,252.46,252.55,0,0,108102
2086,2020-09-22 11:50:00,252.67,252.77,252.2,252.2,0,0,103518
2087,2020-09-22 11:51:00,252.23,252.35,251.72,251.83,0,0,87220
2088,2020-09-22 11:52:00,251.87,252.14,251.85,252.13,0,0,89116
2089,2020-09-22 11:53:00,252.16,252.23,251.86,252.12,0,0,40469
2090,2020-09-22 11:54:00,252.12,252.12,251.61,251.86,0,0,40430
2091,2020-09-22 11:55:00,251.86,251.96,251.66,251.86,0,0,37911
2092,2020-09-22 11:56:00,251.87,251.92,251.35,251.58,0,0,369651
2093,2020-09-22 11:57:00,251.59,251.88,251.59,251.76,0,0,56741
2094,2020-09-22 11:58:00,251.8,251.92,251.7,251.84,0,0,91020
2095,2020-09-22 11:59:00,251.84,252.06,251.82,252.01,0,0,87788
2096,2020-09-22 12:00:00,252.0,252.17,251.56,251.88,0,0,64431
2097,2020-09-22 12:01:00,251.86,251.97,251.66,251.9,0,0,78276
2098,2020-09-22 12:02:00,251.9,252.08,251.87,252.04,0,0,53378
2099,2020-09-22 12:03:00,252.08,252.27,252.0,252.09,0,0,62312
2100,2020-09-22 12:04:00,252.09,252.54,252.02,252.5,0,0,69840
2101,2020-09-22 12:05:00,252.52,252.89,252.52,252.86,0,0,82369
2102,2020-09-22 12:06:00,252.93,253.48,252.9,253.21,0,0,91872
2103,2020-09-22 12:07:00,253.22,253.5,253.1,253.45,0,0,73839
2104,2020-09-22 12:08:00,253.42,253.9,253.38,253.82,0,0,121142
2105,2020-09-22 12:09:00,253.77,253.97,253.64,253.7,0,0,100879
2106,2020-09-22 12:10:00,253.73,253.88,253.55,253.76,0,0,65009
2107,2020-09-22 12:11:00,253.8,254.05,253.69,254.04,0,0,85243
2108,2020-09-22 12:12:00,254.04,254.49,254.02,254.24,0,0,100101
2109,2020-09-22 12:13:00,254.24,254.38,253.9,253.96,0,0,80894
2110,2020-09-22 12:14:00,253.99,254.3,253.96,254.19,0,0,58799
2111,2020-09-22 12:15:00,254.23,254.37,253.75,253.8,0,0,72232
2112,2020-09-22 12:16:00,253.82,254.1,253.79,254.0,0,0,53717
2113,2020-09-22 12:17:00,253.98,254.23,253.93,254.17,0,0,69293
2114,2020-09-22 12:18:00,254.17,254.32,253.86,253.92,0,0,57123
2115,2020-09-22 12:19:00,253.91,254.12,253.4,253.44,0,0,64809
2116,2020-09-22 12:20:00,253.48,253.65,253.15,253.19,0,0,67567
2117,2020-09-22 12:21:00,253.18,253.36,253.14,253.34,0,0,47612
2118,2020-09-22 12:22:00,253.29,253.37,253.05,253.05,0,0,59921
2119,2020-09-22 12:23:00,253.07,253.37,253.02,253.35,0,0,61696
2120,2020-09-22 12:24:00,253.37,253.4,252.94,253.06,0,0,41420
2121,2020-09-22 12:25:00,253.05,253.24,252.68,252.85,0,0,66434
2122,2020-09-22 12:26:00,252.87,253.05,252.85,252.92,0,0,46513
2123,2020-09-22 12:27:00,252.93,253.06,252.8,252.93,0,0,48088
2124,2020-09-22 12:28:00,252.91,252.95,252.77,252.9,0,0,38453
2125,2020-09-22 12:29:00,252.88,252.89,252.61,252.83,0,0,65046
2126,2020-09-22 12:30:00,252.84,253.04,252.75,252.82,0,0,59858
2127,2020-09-22 12:31:00,252.84,252.85,252.42,252.6,0,0,85215
2128,2020-09-22 12:32:00,252.64,252.94,252.62,252.81,0,0,39754
2129,2020-09-22 12:33:00,252.81,252.89,252.69,252.73,0,0,33181
2130,2020-09-22 12:34:00,252.77,252.92,252.5,252.5,0,0,45796
2131,2020-09-22 12:35:00,252.46,252.83,252.42,252.79,0,0,67734
2132,2020-09-22 12:36:00,252.78,253.04,252.67,253.0,0,0,66599
2133,2020-09-22 12:37:00,253.02,253.16,252.82,252.85,0,0,74918
2134,2020-09-22 12:38:00,252.86,252.91,252.65,252.8,0,0,32913
2135,2020-09-22 12:39:00,252.82,252.83,252.59,252.62,0,0,34233
2136,2020-09-22 12:40:00,252.61,252.65,252.43,252.47,0,0,29631
2137,2020-09-22 12:41:00,252.53,252.63,252.42,252.42,0,0,21132
2138,2020-09-22 12:42:00,252.45,252.48,252.18,252.2,0,0,111620
2139,2020-09-22 12:43:00,252.24,252.43,252.12,252.38,0,0,54434
2140,2020-09-22 12:44:00,252.44,252.48,252.19,252.29,0,0,36760
2141,2020-09-22 12:45:00,252.29,252.3,251.86,252.06,0,0,65992
2142,2020-09-22 12:46:00,252.06,252.11,251.66,251.93,0,0,47792
2143,2020-09-22 12:47:00,251.95,252.01,251.83,252.0,0,0,32362
2144,2020-09-22 12:48:00,252.0,252.0,251.62,251.65,0,0,28260
2145,2020-09-22 12:49:00,251.65,251.86,251.56,251.81,0,0,30880
2146,2020-09-22 12:50:00,251.77,251.78,251.51,251.75,0,0,63061
2147,2020-09-22 12:51:00,251.76,251.86,251.59,251.77,0,0,52942
2148,2020-09-22 12:52:00,251.78,251.79,251.45,251.63,0,0,75410
2149,2020-09-22 12:53:00,251.61,251.74,251.54,251.65,0,0,32803
2150,2020-09-22 12:54:00,251.62,251.62,251.31,251.53,0,0,72324
2151,2020-09-22 12:55:00,251.54,251.62,251.49,251.61,0,0,55173
2152,2020-09-22 12:56:00,251.63,251.82,251.5,251.63,0,0,59322
2153,2020-09-22 12:57:00,251.65,251.76,251.39,251.43,0,0,60530
2154,2020-09-22 12:58:00,251.43,251.57,251.21,251.54,0,0,95552
2155,2020-09-22 12:59:00,251.56,251.56,251.25,251.4,0,0,104006
2156,2020-09-22 13:00:00,251.4,251.68,251.4,251.4,0,0,81631
2157,2020-09-22 13:01:00,251.37,251.47,251.23,251.34,0,0,47224
2158,2020-09-22 13:02:00,251.37,251.63,251.34,251.52,0,0,46284
2159,2020-09-22 13:03:00,251.58,251.91,251.4,251.87,0,0,113435
2160,2020-09-22 13:04:00,251.87,252.13,251.77,251.81,0,0,93919
2161,2020-09-22 13:05:00,251.78,251.89,251.6,251.61,0,0,44898
2162,2020-09-22 13:06:00,251.55,251.55,251.3,251.42,0,0,46868
2163,2020-09-22 13:07:00,251.42,251.83,251.36,251.81,0,0,78498
2164,2020-09-22 13:08:00,251.82,252.02,251.71,251.85,0,0,61620
2165,2020-09-22 13:09:00,251.83,252.04,251.52,252.04,0,0,53398
2166,2020-09-22 13:10:00,252.03,252.3,251.85,252.26,0,0,94774
2167,2020-09-22 13:11:00,252.25,252.55,252.18,252.49,0,0,96652
2168,2020-09-22 13:12:00,252.51,252.83,252.38,252.68,0,0,84011
2169,2020-09-22 13:13:00,252.68,252.8,252.43,252.68,0,0,88165
2170,2020-09-22 13:14:00,252.66,252.88,252.54,252.55,0,0,61710
2171,2020-09-22 13:15:00,252.57,252.65,252.19,252.3,0,0,52376
2172,2020-09-22 13:16:00,252.33,252.46,252.16,252.17,0,0,44868
2173,2020-09-22 13:17:00,252.14,252.51,252.12,252.38,0,0,52321
2174,2020-09-22 13:18:00,252.37,252.58,252.25,252.42,0,0,52651
2175,2020-09-22 13:19:00,252.38,252.61,252.33,252.5,0,0,44273
2176,2020-09-22 13:20:00,252.5,252.53,252.31,252.38,0,0,86036
2177,2020-09-22 13:21:00,252.36,252.36,251.85,251.99,0,0,77309
2178,2020-09-22 13:22:00,252.01,252.05,251.56,251.71,0,0,64493
2179,2020-09-22 13:23:00,251.68,251.74,251.51,251.67,0,0,49588
2180,2020-09-22 13:24:00,251.7,251.93,251.69,251.76,0,0,44435
2181,2020-09-22 13:25:00,251.75,251.86,251.74,251.85,0,0,25003
2182,2020-09-22 13:26:00,251.87,251.88,251.53,251.57,0,0,20433
2183,2020-09-22 13:27:00,251.66,251.68,251.48,251.54,0,0,42778
2184,2020-09-22 13:28:00,251.53,251.81,251.53,251.78,0,0,34417
2185,2020-09-22 13:29:00,251.79,251.93,251.69,251.73,0,0,34284
2186,2020-09-22 13:30:00,251.71,251.76,251.54,251.58,0,0,35057
2187,2020-09-22 13:31:00,251.59,251.62,251.49,251.62,0,0,26094
2188,2020-09-22 13:32:00,251.6,251.6,251.24,251.28,0,0,50644
2189,2020-09-22 13:33:00,251.25,251.42,251.25,251.34,0,0,38441
2190,2020-09-22 13:34:00,251.37,251.37,251.11,251.21,0,0,47446
2191,2020-09-22 13:35:00,251.21,251.33,251.03,251.14,0,0,37540
2192,2020-09-22 13:36:00,251.12,251.18,251.01,251.1,0,0,51673
2193,2020-09-22 13:37:00,251.09,251.25,250.84,251.25,0,0,77232
2194,2020-09-22 13:38:00,251.24,251.24,250.96,251.13,0,0,44901
2195,2020-09-22 13:39:00,251.1,251.1,250.6,250.7,0,0,79280
2196,2020-09-22 13:40:00,250.72,251.0,250.69,250.89,0,0,50120
2197,2020-09-22 13:41:00,250.92,251.23,250.82,251.17,0,0,37686
2198,2020-09-22 13:42:00,251.15,251.29,250.84,250.92,0,0,60574
2199,2020-09-22 13:43:00,250.96,251.44,250.91,251.23,0,0,63759
2200,2020-09-22 13:44:00,251.24,251.24,251.04,251.15,0,0,43481
2201,2020-09-22 13:45:00,251.22,251.22,250.68,250.75,0,0,60542
2202,2020-09-22 13:46:00,250.75,250.96,250.63,250.93,0,0,37184
2203,2020-09-22 13:47:00,250.91,251.06,250.79,250.98,0,0,27553
2204,2020-09-22 13:48:00,250.97,251.14,250.86,251.03,0,0,31604
2205,2020-09-22 13:49:00,251.06,251.4,250.93,251.31,0,0,44753
2206,2020-09-22 13:50:00,251.31,251.46,251.25,251.38,0,0,64546
2207,2020-09-22 13:51:00,251.39,251.67,251.35,251.6,0,0,61639
2208,2020-09-22 13:52:00,251.56,251.83,251.49,251.81,0,0,55826
2209,2020-09-22 13:53:00,251.83,252.05,251.79,251.83,0,0,59958
2210,2020-09-22 13:54:00,251.82,251.98,251.68,251.79,0,0,50926
2211,2020-09-22 13:55:00,251.8,252.09,251.77,251.92,0,0,39555
2212,2020-09-22 13:56:00,251.91,252.01,251.6,251.62,0,0,46620
2213,2020-09-22 13:57:00,251.62,251.98,251.52,251.9,0,0,41282
2214,2020-09-22 13:58:00,251.9,252.21,251.9,252.06,0,0,65439
2215,2020-09-22 13:59:00,252.04,252.17,251.91,252.03,0,0,37462
2216,2020-09-22 14:00:00,252.05,252.4,252.05,252.18,0,0,69230
2217,2020-09-22 14:01:00,252.21,252.49,252.16,252.47,0,0,57411
2218,2020-09-22 14:02:00,252.43,252.49,252.32,252.35,0,0,46669
2219,2020-09-22 14:03:00,252.32,252.57,252.29,252.42,0,0,56342
2220,2020-09-22 14:04:00,252.41,252.78,252.38,252.76,0,0,90893
2221,2020-09-22 14:05:00,252.74,252.77,252.51,252.59,0,0,50579
2222,2020-09-22 14:06:00,252.6,252.94,252.6,252.81,0,0,53647
2223,2020-09-22 14:07:00,252.82,252.93,252.55,252.61,0,0,47486
2224,2020-09-22 14:08:00,252.59,252.94,252.52,252.84,0,0,47494
2225,2020-09-22 14:09:00,252.84,253.09,252.8,252.91,0,0,59796
2226,2020-09-22 14:10:00,252.96,253.1,252.83,252.89,0,0,55598
2227,2020-09-22 14:11:00,252.89,253.0,252.81,253.0,0,0,37814
2228,2020-09-22 14:12:00,253.02,253.21,252.98,253.1,0,0,56302
2229,2020-09-22 14:13:00,253.1,253.32,253.1,253.2,0,0,48357
2230,2020-09-22 14:14:00,253.23,253.38,253.21,253.32,0,0,64914
2231,2020-09-22 14:15:00,253.33,253.37,253.18,253.32,0,0,38561
2232,2020-09-22 14:16:00,253.35,253.49,253.33,253.44,0,0,58219
2233,2020-09-22 14:17:00,253.44,253.51,253.12,253.3,0,0,62523
2234,2020-09-22 14:18:00,253.36,253.41,253.18,253.29,0,0,39203
2235,2020-09-22 14:19:00,253.34,253.54,253.34,253.38,0,0,64238
2236,2020-09-22 14:20:00,253.41,253.44,253.06,253.16,0,0,54765
2237,2020-09-22 14:21:00,253.17,253.32,253.02,253.08,0,0,34239
2238,2020-09-22 14:22:00,253.09,253.15,252.59,252.62,0,0,274337
2239,2020-09-22 14:23:00,252.65,252.86,252.58,252.58,0,0,56577
2240,2020-09-22 14:24:00,252.56,252.65,252.4,252.61,0,0,35326
2241,2020-09-22 14:25:00,252.58,252.79,252.57,252.76,0,0,39382
2242,2020-09-22 14:26:00,252.75,252.75,252.57,252.57,0,0,57928
2243,2020-09-22 14:27:00,252.56,252.83,252.52,252.78,0,0,45597
2244,2020-09-22 14:28:00,252.78,252.95,252.69,252.86,0,0,45919
2245,2020-09-22 14:29:00,252.88,252.98,252.64,252.91,0,0,37225
2246,2020-09-22 14:30:00,252.95,252.99,252.86,252.97,0,0,39140
2247,2020-09-22 14:31:00,252.97,252.98,252.67,252.91,0,0,51212
2248,2020-09-22 14:32:00,252.89,252.92,252.7,252.77,0,0,34286
2249,2020-09-22 14:33:00,252.76,252.83,252.64,252.77,0,0,33245
2250,2020-09-22 14:34:00,252.78,252.92,252.7,252.73,0,0,41516
2251,2020-09-22 14:35:00,252.75,252.77,252.47,252.54,0,0,68842
2252,2020-09-22 14:36:00,252.56,252.78,252.44,252.73,0,0,27171
2253,2020-09-22 14:37:00,252.71,252.97,252.68,252.95,0,0,41373
2254,2020-09-22 14:38:00,252.95,252.96,252.7,252.88,0,0,37731
2255,2020-09-22 14:39:00,252.87,252.9,252.76,252.86,0,0,19109
2256,2020-09-22 14:40:00,252.86,253.15,252.76,252.99,0,0,58326
2257,2020-09-22 14:41:00,253.0,253.11,252.91,253.07,0,0,31771
2258,2020-09-22 14:42:00,253.1,253.11,252.84,252.92,0,0,26140
2259,2020-09-22 14:43:00,252.86,252.89,252.56,252.71,0,0,55837
2260,2020-09-22 14:44:00,252.72,252.98,252.72,252.93,0,0,42980
2261,2020-09-22 14:45:00,252.93,253.0,252.83,252.9,0,0,34565
2262,2020-09-22 14:46:00,252.92,252.95,252.61,252.71,0,0,28145
2263,2020-09-22 14:47:00,252.72,252.84,252.65,252.79,0,0,40069
2264,2020-09-22 14:48:00,252.78,252.78,252.61,252.63,0,0,25798
2265,2020-09-22 14:49:00,252.62,252.81,252.6,252.81,0,0,30937
2266,2020-09-22 14:50:00,252.78,252.93,252.66,252.85,0,0,25962
2267,2020-09-22 14:51:00,252.84,252.88,252.75,252.86,0,0,15011
2268,2020-09-22 14:52:00,252.9,252.92,252.75,252.82,0,0,13657
2269,2020-09-22 14:53:00,252.8,252.8,252.5,252.54,0,0,47251
2270,2020-09-22 14:54:00,252.55,252.56,252.41,252.48,0,0,40473
2271,2020-09-22 14:55:00,252.44,252.76,252.32,252.7,0,0,52848
2272,2020-09-22 14:56:00,252.74,252.87,252.7,252.82,0,0,24314
2273,2020-09-22 14:57:00,252.83,252.97,252.75,252.92,0,0,27808
2274,2020-09-22 14:58:00,252.93,252.97,252.77,252.8,0,0,14907
2275,2020-09-22 14:59:00,252.78,252.85,252.59,252.85,0,0,37342
2276,2020-09-22 15:00:00,252.84,252.95,252.49,252.77,0,0,31254
2277,2020-09-22 15:01:00,252.8,252.85,252.69,252.74,0,0,21128
2278,2020-09-22 15:02:00,252.74,253.05,252.74,252.87,0,0,33110
2279,2020-09-22 15:03:00,252.9,253.21,252.9,253.14,0,0,44434
2280,2020-09-22 15:04:00,253.16,253.26,253.01,253.03,0,0,32937
2281,2020-09-22 15:05:00,253.04,253.44,253.03,253.38,0,0,48694
2282,2020-09-22 15:06:00,253.31,253.59,253.26,253.57,0,0,66726
2283,2020-09-22 15:07:00,253.59,253.88,253.51,253.88,0,0,68015
2284,2020-09-22 15:08:00,253.88,253.88,253.62,253.63,0,0,34938
2285,2020-09-22 15:09:00,253.67,253.78,253.54,253.65,0,0,36640
2286,2020-09-22 15:10:00,253.67,253.82,253.56,253.57,0,0,37039
2287,2020-09-22 15:11:00,253.56,253.74,253.48,253.48,0,0,26564
2288,2020-09-22 15:12:00,253.47,253.75,253.37,253.61,0,0,60333
2289,2020-09-22 15:13:00,253.63,253.76,253.61,253.74,0,0,24717
2290,2020-09-22 15:14:00,253.74,253.77,253.56,253.61,0,0,28528
2291,2020-09-22 15:15:00,253.59,253.73,253.32,253.45,0,0,48335
2292,2020-09-22 15:16:00,253.47,253.6,253.33,253.47,0,0,24602
2293,2020-09-22 15:17:00,253.49,253.62,253.49,253.54,0,0,24193
2294,2020-09-22 15:18:00,253.53,253.98,253.52,253.84,0,0,72767
2295,2020-09-22 15:19:00,253.85,253.95,253.77,253.84,0,0,32077
2296,2020-09-22 15:20:00,253.81,253.84,253.48,253.51,0,0,32145
2297,2020-09-22 15:21:00,253.5,253.62,253.46,253.53,0,0,35568
2298,2020-09-22 15:22:00,253.5,253.7,253.46,253.65,0,0,28017
2299,2020-09-22 15:23:00,253.65,253.88,253.61,253.71,0,0,34470
2300,2020-09-22 15:24:00,253.73,253.81,253.69,253.81,0,0,22490
2301,2020-09-22 15:25:00,253.82,254.1,253.82,254.07,0,0,53193
2302,2020-09-22 15:26:00,254.1,254.32,253.96,254.27,0,0,62036
2303,2020-09-22 15:27:00,254.31,254.41,254.17,254.24,0,0,57350
2304,2020-09-22 15:28:00,254.25,254.44,254.19,254.25,0,0,65448
2305,2020-09-22 15:29:00,254.26,254.37,254.19,254.35,0,0,47796
2306,2020-09-22 15:30:00,254.34,254.47,254.16,254.28,0,0,61049
2307,2020-09-22 15:31:00,254.29,254.6,254.11,254.23,0,0,120749
2308,2020-09-22 15:32:00,254.22,254.52,254.21,254.36,0,0,73574
2309,2020-09-22 15:33:00,254.36,254.58,254.29,254.57,0,0,59952
2310,2020-09-22 15:34:00,254.58,254.65,254.44,254.63,0,0,55326
2311,2020-09-22 15:35:00,254.64,254.65,254.48,254.56,0,0,65805
2312,2020-09-22 15:36:00,254.56,254.96,254.51,254.84,0,0,82469
2313,2020-09-22 15:37:00,254.81,254.92,254.72,254.87,0,0,51872
2314,2020-09-22 15:38:00,254.84,254.88,254.76,254.86,0,0,51570
2315,2020-09-22 15:39:00,254.86,254.89,254.71,254.83,0,0,81959
2316,2020-09-22 15:40:00,254.81,255.08,254.71,255.01,0,0,114355
2317,2020-09-22 15:41:00,255.0,255.1,254.69,254.84,0,0,54994
2318,2020-09-22 15:42:00,254.82,254.98,254.74,254.85,0,0,58609
2319,2020-09-22 15:43:00,254.84,254.84,254.69,254.73,0,0,48264
2320,2020-09-22 15:44:00,254.77,254.85,254.51,254.54,0,0,71022
2321,2020-09-22 15:45:00,254.53,254.92,254.3,254.91,0,0,77140
2322,2020-09-22 15:46:00,254.91,255.04,254.82,254.99,0,0,50844
2323,2020-09-22 15:47:00,254.97,254.97,254.77,254.85,0,0,43907
2324,2020-09-22 15:48:00,254.85,254.9,254.7,254.83,0,0,55622
2325,2020-09-22 15:49:00,254.83,254.83,254.57,254.64,0,0,66002
2326,2020-09-22 15:50:00,254.64,254.65,254.23,254.51,0,0,94299
2327,2020-09-22 15:51:00,254.51,254.56,254.07,254.36,0,0,78216
2328,2020-09-22 15:52:00,254.38,254.59,254.09,254.13,0,0,125995
2329,2020-09-22 15:53:00,254.11,254.38,254.01,254.19,0,0,64989
2330,2020-09-22 15:54:00,254.23,254.98,254.12,254.95,0,0,157195
2331,2020-09-22 15:55:00,254.98,255.25,254.81,255.2,0,0,123738
2332,2020-09-22 15:56:00,255.19,255.32,255.1,255.24,0,0,127405
2333,2020-09-22 15:57:00,255.25,255.25,255.04,255.21,0,0,137371
2334,2020-09-22 15:58:00,255.21,255.32,255.01,255.06,0,0,154634
2335,2020-09-22 15:59:00,255.06,255.16,254.43,254.73,0,0,327093
2336,2020-09-23 09:30:00,255.26,255.83,254.42,254.45,0,0,1066618
2337,2020-09-23 09:31:00,254.48,255.49,254.41,254.62,0,0,94192
2338,2020-09-23 09:32:00,254.56,255.32,254.51,254.66,0,0,62045
2339,2020-09-23 09:33:00,254.67,254.8,253.83,254.3,0,0,119217
2340,2020-09-23 09:34:00,254.32,254.69,253.75,254.69,0,0,68699
2341,2020-09-23 09:35:00,255.24,255.34,254.65,254.74,0,0,95050
2342,2020-09-23 09:36:00,254.7,254.72,254.12,254.37,0,0,61057
2343,2020-09-23 09:37:00,254.38,254.97,254.25,254.83,0,0,73975
2344,2020-09-23 09:38:00,255.0,256.31,254.82,256.21,0,0,127891
2345,2020-09-23 09:39:00,256.21,257.3,256.07,257.26,0,0,176560
2346,2020-09-23 09:40:00,257.26,257.33,256.61,256.73,0,0,128200
2347,2020-09-23 09:41:00,256.77,257.33,256.76,257.14,0,0,119367
2348,2020-09-23 09:42:00,257.1,257.14,256.53,256.71,0,0,95900
2349,2020-09-23 09:43:00,256.73,257.99,256.64,257.81,0,0,168895
2350,2020-09-23 09:44:00,257.76,257.87,257.09,257.09,0,0,94472
2351,2020-09-23 09:45:00,257.13,257.44,256.06,256.74,0,0,140083
2352,2020-09-23 09:46:00,256.74,257.38,256.49,256.83,0,0,87272
2353,2020-09-23 09:47:00,256.83,257.47,256.78,257.26,0,0,72047
2354,2020-09-23 09:48:00,257.37,257.69,257.18,257.2,0,0,72981
2355,2020-09-23 09:49:00,257.33,257.5,256.69,256.79,0,0,82671
2356,2020-09-23 09:50:00,256.54,256.89,256.25,256.43,0,0,56363
2357,2020-09-23 09:51:00,256.42,256.52,255.94,256.23,0,0,56562
2358,2020-09-23 09:52:00,256.19,256.3,255.83,255.95,0,0,67093
2359,2020-09-23 09:53:00,256.02,256.06,255.72,256.03,0,0,56455
2360,2020-09-23 09:54:00,256.07,256.29,255.84,255.96,0,0,36999
2361,2020-09-23 09:55:00,255.96,256.21,255.56,255.56,0,0,42701
2362,2020-09-23 09:56:00,255.64,256.03,255.53,255.75,0,0,39675
2363,2020-09-23 09:57:00,255.73,256.0,255.28,255.62,0,0,58479
2364,2020-09-23 09:58:00,255.58,255.64,255.2,255.32,0,0,54288
2365,2020-09-23 09:59:00,255.04,255.4,254.96,255.32,0,0,61151
2366,2020-09-23 10:00:00,255.39,255.71,255.24,255.59,0,0,59813
2367,2020-09-23 10:01:00,255.64,255.84,255.55,255.72,0,0,40629
2368,2020-09-23 10:02:00,255.76,256.0,255.66,255.93,0,0,46541
2369,2020-09-23 10:03:00,255.93,256.46,255.75,256.24,0,0,71993
2370,2020-09-23 10:04:00,256.19,256.66,256.07,256.56,0,0,65814
2371,2020-09-23 10:05:00,256.59,256.59,255.59,255.59,0,0,47186
2372,2020-09-23 10:06:00,255.64,255.89,255.38,255.74,0,0,60827
2373,2020-09-23 10:07:00,255.83,255.95,255.54,255.71,0,0,30117
2374,2020-09-23 10:08:00,255.74,255.76,254.75,254.88,0,0,69532
2375,2020-09-23 10:09:00,254.9,254.92,254.3,254.73,0,0,63642
2376,2020-09-23 10:10:00,254.72,254.98,254.53,254.91,0,0,49041
2377,2020-09-23 10:11:00,254.93,255.31,254.75,255.31,0,0,56728
2378,2020-09-23 10:12:00,255.32,255.36,254.79,254.82,0,0,45745
2379,2020-09-23 10:13:00,254.84,255.03,254.47,254.71,0,0,50974
2380,2020-09-23 10:14:00,254.74,255.07,254.6,254.95,0,0,45710
2381,2020-09-23 10:15:00,254.97,255.16,254.22,254.39,0,0,71309
2382,2020-09-23 10:16:00,254.36,254.74,254.2,254.21,0,0,39455
2383,2020-09-23 10:17:00,254.21,254.69,254.2,254.54,0,0,36192
2384,2020-09-23 10:18:00,254.57,254.57,254.27,254.39,0,0,31363
2385,2020-09-23 10:19:00,254.44,254.68,253.84,253.92,0,0,71762
2386,2020-09-23 10:20:00,253.94,254.48,253.94,254.4,0,0,38760
2387,2020-09-23 10:21:00,254.45,254.63,254.39,254.57,0,0,28823
2388,2020-09-23 10:22:00,254.53,254.67,254.18,254.42,0,0,42788
2389,2020-09-23 10:23:00,254.39,254.81,254.37,254.71,0,0,34446
2390,2020-09-23 10:24:00,254.72,254.95,254.63,254.7,0,0,34156
2391,2020-09-23 10:25:00,254.65,255.12,254.37,255.08,0,0,51147
2392,2020-09-23 10:26:00,255.11,255.34,255.04,255.3,0,0,64085
2393,2020-09-23 10:27:00,255.28,255.55,255.18,255.49,0,0,50166
2394,2020-09-23 10:28:00,255.52,256.04,255.43,255.85,0,0,78025
2395,2020-09-23 10:29:00,255.79,256.14,255.71,255.75,0,0,69867
2396,2020-09-23 10:30:00,255.8,255.88,255.41,255.53,0,0,43936
2397,2020-09-23 10:31:00,255.56,255.93,255.38,255.92,0,0,38824
2398,2020-09-23 10:32:00,255.92,255.97,255.57,255.57,0,0,34111
2399,2020-09-23 10:33:00,255.57,255.67,255.25,255.48,0,0,30907
2400,2020-09-23 10:34:00,255.49,255.54,255.24,255.35,0,0,87729
2401,2020-09-23 10:35:00,255.29,255.4,254.68,254.96,0,0,87730
2402,2020-09-23 10:36:00,254.99,255.11,254.88,254.89,0,0,26921
2403,2020-09-23 10:37:00,254.92,254.99,254.6,254.91,0,0,35558
2404,2020-09-23 10:38:00,254.93,255.01,254.61,254.92,0,0,31686
2405,2020-09-23 10:39:00,254.87,255.22,254.82,255.03,0,0,33997
2406,2020-09-23 10:40:00,255.09,255.79,255.02,255.77,0,0,49948
2407,2020-09-23 10:41:00,255.68,255.85,255.6,255.64,0,0,61119
2408,2020-09-23 10:42:00,255.62,255.81,255.58,255.78,0,0,30398
2409,2020-09-23 10:43:00,255.76,256.08,255.54,256.01,0,0,62906
2410,2020-09-23 10:44:00,256.0,256.16,255.8,255.9,0,0,38433
2411,2020-09-23 10:45:00,255.91,256.23,255.8,256.12,0,0,48348
2412,2020-09-23 10:46:00,256.12,256.18,255.91,256.07,0,0,33446
2413,2020-09-23 10:47:00,256.07,256.15,255.78,256.06,0,0,43503
2414,2020-09-23 10:48:00,256.12,256.19,256.03,256.1,0,0,25049
2415,2020-09-23 10:49:00,256.07,256.36,255.94,256.21,0,0,50313
2416,2020-09-23 10:50:00,256.2,256.23,255.95,255.97,0,0,27597
2417,2020-09-23 10:51:00,255.95,255.95,255.5,255.51,0,0,51451
2418,2020-09-23 10:52:00,255.49,255.77,255.49,255.57,0,0,25431
2419,2020-09-23 10:53:00,255.65,255.93,255.65,255.8,0,0,29237
2420,2020-09-23 10:54:00,255.84,256.19,255.78,256.08,0,0,32941
2421,2020-09-23 10:55:00,256.1,256.13,255.79,256.05,0,0,22497
2422,2020-09-23 10:56:00,256.05,256.36,256.05,256.13,0,0,39036
2423,2020-09-23 10:57:00,256.13,256.21,255.74,255.74,0,0,37626
2424,2020-09-23 10:58:00,255.74,255.8,254.76,254.87,0,0,78446
2425,2020-09-23 10:59:00,254.87,255.23,254.87,255.11,0,0,55607
2426,2020-09-23 11:00:00,255.11,255.37,255.09,255.3,0,0,25112
2427,2020-09-23 11:01:00,255.18,255.18,254.67,254.93,0,0,38226
2428,2020-09-23 11:02:00,254.93,255.45,254.93,255.19,0,0,28603
2429,2020-09-23 11:03:00,255.23,255.24,254.75,254.85,0,0,26736
2430,2020-09-23 11:04:00,254.9,254.94,254.46,254.81,0,0,45567
2431,2020-09-23 11:05:00,254.76,255.28,254.68,255.23,0,0,38051
2432,2020-09-23 11:06:00,255.21,255.34,255.09,255.12,0,0,27292
2433,2020-09-23 11:07:00,255.1,255.27,255.0,255.18,0,0,12467
2434,2020-09-23 11:08:00,255.2,255.5,255.1,255.23,0,0,27320
2435,2020-09-23 11:09:00,255.26,255.6,255.09,255.38,0,0,29681
2436,2020-09-23 11:10:00,255.49,255.49,255.14,255.18,0,0,28200
2437,2020-09-23 11:11:00,255.23,255.4,255.06,255.32,0,0,26369
2438,2020-09-23 11:12:00,255.3,255.36,255.19,255.29,0,0,7273
2439,2020-09-23 11:14:00,254.7,254.78,254.69,254.76,0,0,68410
2440,2020-09-23 11:15:00,254.82,254.95,254.78,254.95,0,0,31237
2441,2020-09-23 11:16:00,254.85,255.19,254.81,255.0,0,0,41568
2442,2020-09-23 11:17:00,255.0,255.01,254.7,254.89,0,0,31884
2443,2020-09-23 11:18:00,254.93,254.93,254.32,254.45,0,0,54938
2444,2020-09-23 11:19:00,254.46,254.76,254.39,254.49,0,0,25765
2445,2020-09-23 11:20:00,254.5,254.7,254.36,254.6,0,0,21707
2446,2020-09-23 11:21:00,254.54,254.54,254.1,254.21,0,0,42730
2447,2020-09-23 11:22:00,254.19,254.34,254.11,254.16,0,0,30224
2448,2020-09-23 11:23:00,254.24,254.31,254.11,254.25,0,0,34196
2449,2020-09-23 11:24:00,254.29,254.33,254.19,254.31,0,0,159042
2450,2020-09-23 11:25:00,254.27,254.46,253.99,254.46,0,0,50094
2451,2020-09-23 11:26:00,254.44,254.45,254.19,254.36,0,0,31254
2452,2020-09-23 11:27:00,254.34,254.38,254.04,254.3,0,0,36135
2453,2020-09-23 11:28:00,254.3,254.34,254.11,254.12,0,0,11645
2454,2020-09-23 11:29:00,254.07,254.23,253.89,254.07,0,0,35327
2455,2020-09-23 11:30:00,254.01,254.01,253.61,253.68,0,0,54459
2456,2020-09-23 11:31:00,253.64,253.68,253.1,253.12,0,0,69048
2457,2020-09-23 11:32:00,253.1,253.25,252.91,253.1,0,0,74867
2458,2020-09-23 11:33:00,253.08,253.08,252.7,252.87,0,0,55857
2459,2020-09-23 11:34:00,252.88,252.95,252.74,252.84,0,0,33390
2460,2020-09-23 11:35:00,252.81,252.89,252.71,252.79,0,0,32685
2461,2020-09-23 11:36:00,252.77,252.77,252.02,252.09,0,0,85424
2462,2020-09-23 11:37:00,252.15,252.71,252.13,252.63,0,0,61948
2463,2020-09-23 11:38:00,252.6,252.85,252.46,252.84,0,0,48617
2464,2020-09-23 11:39:00,252.78,253.0,252.71,252.86,0,0,64874
2465,2020-09-23 11:40:00,252.86,253.09,252.78,253.08,0,0,41756
2466,2020-09-23 11:41:00,253.04,253.23,252.85,253.0,0,0,42622
2467,2020-09-23 11:42:00,253.03,253.12,252.87,253.07,0,0,26202
2468,2020-09-23 11:43:00,253.09,253.09,252.79,252.85,0,0,20923
2469,2020-09-23 11:44:00,252.8,252.8,252.6,252.74,0,0,29578
2470,2020-09-23 11:45:00,252.71,252.71,252.02,252.16,0,0,54376
2471,2020-09-23 11:46:00,252.26,252.41,252.06,252.23,0,0,32195
2472,2020-09-23 11:47:00,252.22,252.26,251.84,251.91,0,0,40643
2473,2020-09-23 11:48:00,251.89,252.24,251.89,252.04,0,0,41452
2474,2020-09-23 11:49:00,252.06,252.15,251.92,251.98,0,0,20748
2475,2020-09-23 11:50:00,251.99,252.0,251.52,251.59,0,0,38195
2476,2020-09-23 11:51:00,251.57,251.86,251.55,251.68,0,0,39235
2477,2020-09-23 11:52:00,251.66,251.7,251.48,251.53,0,0,49320
2478,2020-09-23 11:53:00,251.56,251.61,251.22,251.22,0,0,56666
2479,2020-09-23 11:54:00,251.28,251.81,251.27,251.76,0,0,56658
2480,2020-09-23 11:55:00,251.72,252.02,251.72,251.88,0,0,34420
2481,2020-09-23 11:56:00,251.93,252.09,251.87,251.94,0,0,39871
2482,2020-09-23 11:57:00,251.98,252.14,251.89,252.07,0,0,34317
2483,2020-09-23 11:58:00,252.08,252.08,251.58,251.9,0,0,34739
2484,2020-09-23 11:59:00,251.85,251.9,251.59,251.77,0,0,31520
2485,2020-09-23 12:00:00,251.68,251.82,251.59,251.71,0,0,24936
2486,2020-09-23 12:01:00,251.7,252.0,251.68,251.91,0,0,18442
2487,2020-09-23 12:02:00,251.96,252.18,251.96,252.18,0,0,23994
2488,2020-09-23 12:03:00,252.16,252.18,252.01,252.15,0,0,17841
2489,2020-09-23 12:04:00,252.16,252.17,251.85,252.08,0,0,30823
2490,2020-09-23 12:05:00,252.05,252.18,251.91,252.08,0,0,24673
2491,2020-09-23 12:06:00,252.06,252.5,252.04,252.47,0,0,31653
2492,2020-09-23 12:07:00,252.5,252.73,252.49,252.73,0,0,44791
2493,2020-09-23 12:08:00,252.67,252.91,252.63,252.66,0,0,31022
2494,2020-09-23 12:09:00,252.64,252.94,252.58,252.79,0,0,23781
2495,2020-09-23 12:10:00,252.84,253.1,252.81,253.01,0,0,36687
2496,2020-09-23 12:11:00,252.97,253.12,252.89,253.11,0,0,23809
2497,2020-09-23 12:12:00,253.05,253.05,252.78,252.83,0,0,38826
2498,2020-09-23 12:13:00,252.8,252.82,252.61,252.75,0,0,24900
2499,2020-09-23 12:14:00,252.71,252.87,252.7,252.85,0,0,18848
2500,2020-09-23 12:15:00,252.84,252.87,252.64,252.77,0,0,22689
2501,2020-09-23 12:16:00,252.74,252.98,252.66,252.85,0,0,27810
2502,2020-09-23 12:17:00,252.86,253.16,252.84,253.03,0,0,30280
2503,2020-09-23 12:18:00,253.02,253.03,252.51,252.53,0,0,26092
2504,2020-09-23 12:19:00,252.57,252.64,252.1,252.15,0,0,35583
2505,2020-09-23 12:20:00,252.18,252.3,252.05,252.07,0,0,20128
2506,2020-09-23 12:21:00,252.1,252.13,251.81,251.89,0,0,60330
2507,2020-09-23 12:22:00,251.96,252.04,251.77,251.77,0,0,26161
2508,2020-09-23 12:23:00,251.83,251.98,251.83,251.91,0,0,24895
2509,2020-09-23 12:24:00,251.9,252.34,251.88,252.32,0,0,32416
2510,2020-09-23 12:25:00,252.41,252.62,252.38,252.59,0,0,26525
2511,2020-09-23 12:26:00,252.57,252.8,252.53,252.8,0,0,27106
2512,2020-09-23 12:27:00,252.81,253.16,252.74,253.13,0,0,24838
2513,2020-09-23 12:28:00,253.14,253.14,252.83,252.95,0,0,26268
2514,2020-09-23 12:29:00,252.98,253.14,252.91,252.97,0,0,18021
2515,2020-09-23 12:30:00,252.95,253.13,252.87,252.98,0,0,22619
2516,2020-09-23 12:31:00,252.95,252.99,252.55,252.6,0,0,28711
2517,2020-09-23 12:32:00,252.57,253.06,252.53,253.02,0,0,21468
2518,2020-09-23 12:33:00,253.03,253.22,252.84,252.9,0,0,26968
2519,2020-09-23 12:34:00,252.93,253.14,252.86,253.0,0,0,16080
2520,2020-09-23 12:35:00,253.04,253.12,252.76,252.92,0,0,15039
2521,2020-09-23 12:36:00,252.89,253.32,252.89,253.28,0,0,20968
2522,2020-09-23 12:37:00,253.24,253.39,253.22,253.32,0,0,30722
2523,2020-09-23 12:38:00,253.25,253.42,253.06,253.39,0,0,25915
2524,2020-09-23 12:39:00,253.35,253.45,253.28,253.45,0,0,26270
2525,2020-09-23 12:40:00,253.41,253.59,253.34,253.58,0,0,31074
2526,2020-09-23 12:41:00,253.55,253.64,253.41,253.64,0,0,13765
2527,2020-09-23 12:42:00,253.58,253.77,253.51,253.74,0,0,23394
2528,2020-09-23 12:43:00,253.69,253.88,253.62,253.82,0,0,28290
2529,2020-09-23 12:44:00,253.77,253.9,253.67,253.86,0,0,30946
2530,2020-09-23 12:45:00,253.86,253.86,253.55,253.63,0,0,25042
2531,2020-09-23 12:46:00,253.63,253.81,253.56,253.6,0,0,26736
2532,2020-09-23 12:47:00,253.54,253.69,253.51,253.66,0,0,13178
2533,2020-09-23 12:48:00,253.67,253.91,253.58,253.79,0,0,26346
2534,2020-09-23 12:49:00,253.79,253.97,253.78,253.97,0,0,22392
2535,2020-09-23 12:50:00,253.96,254.23,253.91,254.09,0,0,46710
2536,2020-09-23 12:51:00,254.08,254.29,254.03,254.13,0,0,47118
2537,2020-09-23 12:52:00,254.08,254.13,253.93,254.1,0,0,34818
2538,2020-09-23 12:53:00,254.08,254.19,253.77,253.93,0,0,46635
2539,2020-09-23 12:54:00,253.94,254.05,253.72,253.87,0,0,29050
2540,2020-09-23 12:55:00,253.89,254.22,253.87,254.1,0,0,43583
2541,2020-09-23 12:56:00,254.02,254.28,254.0,254.05,0,0,36139
2542,2020-09-23 12:57:00,254.05,254.45,254.05,254.33,0,0,59710
2543,2020-09-23 12:58:00,254.3,254.61,254.28,254.45,0,0,44010
2544,2020-09-23 12:59:00,254.45,254.57,254.41,254.49,0,0,20145
2545,2020-09-23 13:00:00,254.46,254.53,254.3,254.38,0,0,30606
2546,2020-09-23 13:01:00,254.34,254.34,254.06,254.18,0,0,32762
2547,2020-09-23 13:02:00,254.16,254.27,254.1,254.23,0,0,13723
2548,2020-09-23 13:03:00,254.21,254.34,253.94,253.97,0,0,26657
2549,2020-09-23 13:04:00,253.97,254.21,253.96,254.07,0,0,27267
2550,2020-09-23 13:05:00,254.04,254.36,253.99,254.35,0,0,37655
2551,2020-09-23 13:06:00,254.34,254.47,254.29,254.45,0,0,31637
2552,2020-09-23 13:07:00,254.4,254.4,254.19,254.19,0,0,15796
2553,2020-09-23 13:08:00,254.23,254.27,254.1,254.26,0,0,22469
2554,2020-09-23 13:09:00,254.25,254.53,254.24,254.48,0,0,29552
2555,2020-09-23 13:10:00,254.47,254.7,254.41,254.58,0,0,42477
2556,2020-09-23 13:11:00,254.63,254.63,254.31,254.54,0,0,24022
2557,2020-09-23 13:12:00,254.54,254.86,254.5,254.78,0,0,32709
2558,2020-09-23 13:13:00,254.78,254.84,254.69,254.78,0,0,35367
2559,2020-09-23 13:14:00,254.82,254.82,254.39,254.46,0,0,36256
2560,2020-09-23 13:15:00,254.45,254.65,254.3,254.45,0,0,30635
2561,2020-09-23 13:16:00,254.43,254.45,254.24,254.4,0,0,29339
2562,2020-09-23 13:17:00,254.46,254.49,254.35,254.35,0,0,18467
2563,2020-09-23 13:18:00,254.28,254.56,254.28,254.48,0,0,16500
2564,2020-09-23 13:19:00,254.49,254.62,254.39,254.4,0,0,20705
2565,2020-09-23 13:20:00,254.39,254.6,254.35,254.53,0,0,20083
2566,2020-09-23 13:21:00,254.55,254.59,254.45,254.47,0,0,23659
2567,2020-09-23 13:22:00,254.46,254.54,254.43,254.53,0,0,15109
2568,2020-09-23 13:23:00,254.54,254.57,254.4,254.46,0,0,10830
2569,2020-09-23 13:24:00,254.41,254.42,254.15,254.32,0,0,20233
2570,2020-09-23 13:25:00,254.31,254.31,254.06,254.07,0,0,23359
2571,2020-09-23 13:26:00,254.06,254.08,253.79,253.86,0,0,41315
2572,2020-09-23 13:27:00,253.86,253.87,253.68,253.8,0,0,23702
2573,2020-09-23 13:28:00,253.76,253.76,253.28,253.69,0,0,33705
2574,2020-09-23 13:29:00,253.64,253.72,253.48,253.49,0,0,35458
2575,2020-09-23 13:30:00,253.51,253.61,253.26,253.3,0,0,32421
2576,2020-09-23 13:31:00,253.37,253.45,253.25,253.35,0,0,19030
2577,2020-09-23 13:32:00,253.48,253.52,253.31,253.41,0,0,14424
2578,2020-09-23 13:33:00,253.49,253.64,253.45,253.57,0,0,11115
2579,2020-09-23 13:34:00,253.55,253.62,253.51,253.55,0,0,19057
2580,2020-09-23 13:35:00,253.54,253.57,253.2,253.35,0,0,20243
2581,2020-09-23 13:36:00,253.33,253.35,253.11,253.17,0,0,20299
2582,2020-09-23 13:37:00,253.23,253.34,253.06,253.34,0,0,17582
2583,2020-09-23 13:38:00,253.32,253.43,253.21,253.27,0,0,14229
2584,2020-09-23 13:39:00,253.26,253.26,253.02,253.04,0,0,20048
2585,2020-09-23 13:40:00,253.06,253.06,252.89,252.91,0,0,12388
2586,2020-09-23 13:41:00,252.95,253.01,252.74,252.96,0,0,23652
2587,2020-09-23 13:42:00,253.0,253.15,252.93,252.96,0,0,17882
2588,2020-09-23 13:43:00,252.91,253.04,252.71,252.71,0,0,27033
2589,2020-09-23 13:44:00,252.66,252.84,252.51,252.56,0,0,21027
2590,2020-09-23 13:45:00,252.53,252.76,252.47,252.57,0,0,22703
2591,2020-09-23 13:46:00,252.62,252.65,252.36,252.54,0,0,21633
2592,2020-09-23 13:47:00,252.61,252.77,252.46,252.77,0,0,22959
2593,2020-09-23 13:48:00,252.79,253.13,252.64,253.01,0,0,44921
2594,2020-09-23 13:49:00,252.96,253.01,252.75,252.82,0,0,34368
2595,2020-09-23 13:50:00,252.76,252.92,252.7,252.84,0,0,11370
2596,2020-09-23 13:51:00,252.91,253.02,252.62,252.62,0,0,22764
2597,2020-09-23 13:52:00,252.65,252.85,252.58,252.65,0,0,15545
2598,2020-09-23 13:53:00,252.58,252.59,251.99,252.17,0,0,46176
2599,2020-09-23 13:54:00,252.28,252.34,252.14,252.29,0,0,24713
2600,2020-09-23 13:55:00,252.3,252.42,252.1,252.1,0,0,26610
2601,2020-09-23 13:56:00,252.16,252.38,252.15,252.35,0,0,16266
2602,2020-09-23 13:57:00,252.32,252.32,252.24,252.28,0,0,11992
2603,2020-09-23 13:58:00,252.3,252.45,252.29,252.4,0,0,16909
2604,2020-09-23 13:59:00,252.38,252.38,252.05,252.15,0,0,17335
2605,2020-09-23 14:00:00,252.18,252.18,251.6,251.69,0,0,34079
2606,2020-09-23 14:01:00,251.69,251.98,251.61,251.61,0,0,37539
2607,2020-09-23 14:02:00,251.65,251.73,251.37,251.37,0,0,51609
2608,2020-09-23 14:03:00,251.37,251.45,251.19,251.37,0,0,48216
2609,2020-09-23 14:04:00,251.4,251.64,251.34,251.51,0,0,37776
2610,2020-09-23 14:05:00,251.49,251.78,251.49,251.71,0,0,26239
2611,2020-09-23 14:06:00,251.69,251.88,251.55,251.67,0,0,26689
2612,2020-09-23 14:07:00,251.6,251.74,251.49,251.59,0,0,21414
2613,2020-09-23 14:08:00,251.58,251.74,251.34,251.38,0,0,16431
2614,2020-09-23 14:09:00,251.35,251.5,251.32,251.36,0,0,21855
2615,2020-09-23 14:10:00,251.34,251.42,251.11,251.12,0,0,34393
2616,2020-09-23 14:11:00,251.16,251.18,251.01,251.12,0,0,31578
2617,2020-09-23 14:12:00,251.13,251.43,251.03,251.26,0,0,32270
2618,2020-09-23 14:13:00,251.26,251.43,251.13,251.22,0,0,18771
2619,2020-09-23 14:14:00,251.21,251.39,251.14,251.39,0,0,18035
2620,2020-09-23 14:15:00,251.36,251.36,250.61,250.66,0,0,66812
2621,2020-09-23 14:16:00,250.66,250.71,250.27,250.47,0,0,40897
2622,2020-09-23 14:17:00,250.46,250.55,250.24,250.34,0,0,41328
2623,2020-09-23 14:18:00,250.35,250.55,250.28,250.55,0,0,33579
2624,2020-09-23 14:19:00,250.55,250.62,250.15,250.29,0,0,56558
2625,2020-09-23 14:20:00,250.27,250.7,250.21,250.65,0,0,56034
2626,2020-09-23 14:21:00,250.69,250.94,250.5,250.92,0,0,44722
2627,2020-09-23 14:22:00,250.87,250.94,250.42,250.71,0,0,43245
2628,2020-09-23 14:23:00,250.71,250.8,250.48,250.6,0,0,32194
2629,2020-09-23 14:24:00,250.58,250.87,250.55,250.65,0,0,29153
2630,2020-09-23 14:25:00,250.62,251.22,250.51,251.15,0,0,43535
2631,2020-09-23 14:26:00,251.15,251.34,250.81,251.25,0,0,36516
2632,2020-09-23 14:27:00,251.25,251.25,250.86,251.04,0,0,37854
2633,2020-09-23 14:28:00,250.96,251.26,250.92,251.11,0,0,26792
2634,2020-09-23 14:29:00,251.14,251.16,250.7,250.74,0,0,30811
2635,2020-09-23 14:30:00,250.69,250.94,250.65,250.77,0,0,17634
2636,2020-09-23 14:31:00,250.7,250.9,250.5,250.67,0,0,29734
2637,2020-09-23 14:32:00,250.74,250.8,250.36,250.49,0,0,22922
2638,2020-09-23 14:33:00,250.53,251.26,250.53,251.25,0,0,27203
2639,2020-09-23 14:34:00,251.19,251.2,251.03,251.14,0,0,14938
2640,2020-09-23 14:35:00,251.17,251.2,250.63,250.63,0,0,13692
2641,2020-09-23 14:36:00,250.69,250.9,250.65,250.88,0,0,14133
2642,2020-09-23 14:37:00,250.92,251.05,250.72,251.05,0,0,14886
2643,2020-09-23 14:38:00,251.03,251.16,250.92,251.06,0,0,14552
2644,2020-09-23 14:39:00,251.05,251.13,250.89,250.97,0,0,12422
2645,2020-09-23 14:40:00,250.94,250.94,250.26,250.38,0,0,42954
2646,2020-09-23 14:41:00,250.37,250.62,250.27,250.61,0,0,27374
2647,2020-09-23 14:42:00,250.52,250.69,250.21,250.27,0,0,24745
2648,2020-09-23 14:43:00,250.32,250.32,250.11,250.11,0,0,24919
2649,2020-09-23 14:44:00,250.11,250.18,249.81,250.15,0,0,87136
2650,2020-09-23 14:45:00,250.2,250.28,249.9,250.0,0,0,23491
2651,2020-09-23 14:46:00,249.91,250.1,249.75,249.82,0,0,25071
2652,2020-09-23 14:47:00,249.78,249.9,249.49,249.51,0,0,42273
2653,2020-09-23 14:48:00,249.46,249.79,249.46,249.67,0,0,30161
2654,2020-09-23 14:49:00,249.7,249.84,249.63,249.74,0,0,18646
2655,2020-09-23 14:50:00,249.71,250.12,249.66,250.12,0,0,24769
2656,2020-09-23 14:51:00,250.2,250.33,250.13,250.14,0,0,22159
2657,2020-09-23 14:52:00,250.12,250.12,249.8,249.8,0,0,28274
2658,2020-09-23 14:53:00,249.86,250.07,249.81,250.03,0,0,18047
2659,2020-09-23 14:54:00,250.08,250.11,249.6,249.6,0,0,25205
2660,2020-09-23 14:55:00,249.62,249.75,249.37,249.69,0,0,58895
2661,2020-09-23 14:56:00,249.75,249.93,249.54,249.56,0,0,25807
2662,2020-09-23 14:57:00,249.62,249.68,249.24,249.27,0,0,39005
2663,2020-09-23 14:58:00,249.34,249.57,249.31,249.48,0,0,24833
2664,2020-09-23 14:59:00,249.46,249.53,249.31,249.41,0,0,18602
2665,2020-09-23 15:00:00,249.5,249.58,249.25,249.58,0,0,32331
2666,2020-09-23 15:01:00,249.55,249.63,249.27,249.51,0,0,48869
2667,2020-09-23 15:02:00,249.44,249.44,248.7,248.87,0,0,62887
2668,2020-09-23 15:03:00,248.95,249.08,248.72,248.77,0,0,27740
2669,2020-09-23 15:04:00,248.82,248.9,248.53,248.54,0,0,33052
2670,2020-09-23 15:05:00,248.56,248.75,248.43,248.44,0,0,53636
2671,2020-09-23 15:06:00,248.44,248.48,248.25,248.37,0,0,49149
2672,2020-09-23 15:07:00,248.36,248.57,248.26,248.55,0,0,39093
2673,2020-09-23 15:08:00,248.52,248.75,248.42,248.6,0,0,43210
2674,2020-09-23 15:09:00,248.6,248.96,248.53,248.84,0,0,37791
2675,2020-09-23 15:10:00,248.81,249.41,248.76,249.36,0,0,59492
2676,2020-09-23 15:11:00,249.34,249.54,249.23,249.52,0,0,38323
2677,2020-09-23 15:12:00,249.5,249.99,249.49,249.99,0,0,36835
2678,2020-09-23 15:13:00,249.99,250.14,249.83,249.97,0,0,57249
2679,2020-09-23 15:14:00,249.95,250.22,249.9,249.92,0,0,45277
2680,2020-09-23 15:15:00,249.91,250.0,249.54,249.64,0,0,68477
2681,2020-09-23 15:16:00,249.65,249.86,249.3,249.76,0,0,57027
2682,2020-09-23 15:17:00,249.77,249.93,249.33,249.82,0,0,41247
2683,2020-09-23 15:18:00,249.88,249.93,249.67,249.79,0,0,33977
2684,2020-09-23 15:19:00,249.75,250.18,249.75,250.11,0,0,36745
2685,2020-09-23 15:20:00,250.04,250.13,249.71,249.89,0,0,49975
2686,2020-09-23 15:21:00,249.85,250.55,249.74,250.12,0,0,57597
2687,2020-09-23 15:22:00,250.15,250.37,250.04,250.15,0,0,46532
2688,2020-09-23 15:23:00,250.11,250.26,249.92,250.1,0,0,35764
2689,2020-09-23 15:24:00,250.09,250.09,249.5,249.54,0,0,41316
2690,2020-09-23 15:25:00,249.56,249.77,249.13,249.23,0,0,54123
2691,2020-09-23 15:26:00,249.25,249.77,249.05,249.06,0,0,42298
2692,2020-09-23 15:27:00,249.1,249.29,249.08,249.16,0,0,40996
2693,2020-09-23 15:28:00,249.25,249.58,249.18,249.22,0,0,33492
2694,2020-09-23 15:29:00,249.22,250.07,249.22,250.03,0,0,49920
2695,2020-09-23 15:30:00,250.02,250.38,249.91,249.91,0,0,58153
2696,2020-09-23 15:31:00,249.95,250.38,249.9,250.23,0,0,37556
2697,2020-09-23 15:32:00,250.27,250.57,250.24,250.57,0,0,59814
2698,2020-09-23 15:33:00,250.56,250.56,249.95,250.12,0,0,34858
2699,2020-09-23 15:34:00,250.16,250.43,249.94,250.16,0,0,36956
2700,2020-09-23 15:35:00,250.04,250.18,249.91,249.97,0,0,25726
2701,2020-09-23 15:36:00,249.99,250.32,249.92,250.01,0,0,28090
2702,2020-09-23 15:37:00,250.02,250.35,249.99,250.35,0,0,28785
2703,2020-09-23 15:38:00,250.31,250.43,250.22,250.22,0,0,50698
2704,2020-09-23 15:39:00,250.19,250.38,250.03,250.32,0,0,91293
2705,2020-09-23 15:40:00,250.33,250.74,250.3,250.4,0,0,40979
2706,2020-09-23 15:41:00,250.4,250.41,250.12,250.27,0,0,55087
2707,2020-09-23 15:42:00,250.32,250.41,250.23,250.33,0,0,28670
2708,2020-09-23 15:43:00,250.25,250.39,250.03,250.12,0,0,24385
2709,2020-09-23 15:44:00,250.14,250.23,250.06,250.13,0,0,35396
2710,2020-09-23 15:45:00,250.12,250.3,249.85,249.94,0,0,55835
2711,2020-09-23 15:46:00,249.88,249.97,249.19,249.25,0,0,44120
2712,2020-09-23 15:47:00,249.24,249.3,248.46,248.48,0,0,90901
2713,2020-09-23 15:48:00,248.49,249.11,248.49,248.99,0,0,48491
2714,2020-09-23 15:49:00,248.97,249.14,248.74,249.14,0,0,63128
2715,2020-09-23 15:50:00,249.08,249.08,248.32,248.65,0,0,105912
2716,2020-09-23 15:51:00,248.59,248.78,248.42,248.48,0,0,66412
2717,2020-09-23 15:52:00,248.45,248.59,248.18,248.3,0,0,56800
2718,2020-09-23 15:53:00,248.29,248.56,248.21,248.3,0,0,57600
2719,2020-09-23 15:54:00,248.25,248.64,248.16,248.35,0,0,57373
2720,2020-09-23 15:55:00,248.42,249.18,248.35,249.14,0,0,111890
2721,2020-09-23 15:56:00,249.18,249.33,248.95,248.95,0,0,105903
2722,2020-09-23 15:57:00,248.92,249.13,248.78,248.9,0,0,0
2723,2020-09-23 15:58:00,248.89,249.12,248.66,248.76,0,0,131111
2724,2020-09-23 15:59:00,248.79,249.42,248.78,249.02,0,0,301609
2725,2020-09-24 09:30:00,246.5,247.73,246.2,247.4,0,0,567332
2726,2020-09-24 09:31:00,247.54,248.3,247.45,247.96,0,0,106245
2727,2020-09-24 09:32:00,247.99,248.24,247.92,248.13,0,0,14691
2728,2020-09-24 09:34:00,247.22,247.3,246.5,246.5,0,0,214013
2729,2020-09-24 09:35:00,246.5,246.77,246.2,246.6,0,0,110495
2730,2020-09-24 09:36:00,246.61,247.65,246.61,247.05,0,0,46754
2731,2020-09-24 09:38:00,246.47,246.62,246.26,246.31,0,0,99780
2732,2020-09-24 09:39:00,246.51,246.54,245.9,246.0,0,0,88705
2733,2020-09-24 09:40:00,245.96,246.16,245.62,245.82,0,0,70766
2734,2020-09-24 09:41:00,245.84,246.42,245.7,246.36,0,0,53813
2735,2020-09-24 09:42:00,246.24,247.07,246.17,247.01,0,0,74098
2736,2020-09-24 09:43:00,247.02,247.65,246.96,247.46,0,0,66413
2737,2020-09-24 09:44:00,247.48,248.0,247.25,247.92,0,0,81156
2738,2020-09-24 09:45:00,248.39,248.62,247.43,248.4,0,0,126947
2739,2020-09-24 09:46:00,248.33,249.01,248.31,248.93,0,0,89951
2740,2020-09-24 09:47:00,248.85,248.95,248.48,248.9,0,0,75645
2741,2020-09-24 09:48:00,249.65,250.01,248.84,249.63,0,0,131884
2742,2020-09-24 09:49:00,249.64,249.64,248.82,249.32,0,0,84443
2743,2020-09-24 09:50:00,249.4,250.44,249.4,250.43,0,0,120675
2744,2020-09-24 09:51:00,250.28,250.63,250.0,250.5,0,0,115866
2745,2020-09-24 09:52:00,250.45,250.5,249.32,249.48,0,0,71361
2746,2020-09-24 09:53:00,249.51,249.99,249.23,249.55,0,0,73086
2747,2020-09-24 09:54:00,249.52,249.92,249.3,249.66,0,0,56565
2748,2020-09-24 09:55:00,249.24,249.77,249.04,249.14,0,0,54735
2749,2020-09-24 09:56:00,249.12,249.31,248.91,249.07,0,0,60215
2750,2020-09-24 09:57:00,248.96,249.25,248.76,248.86,0,0,58701
2751,2020-09-24 09:58:00,248.65,249.09,248.54,248.65,0,0,41574
2752,2020-09-24 09:59:00,248.61,249.26,248.58,249.02,0,0,50513
2753,2020-09-24 10:00:00,249.03,249.98,248.96,249.8,0,0,69263
2754,2020-09-24 10:01:00,249.81,250.91,249.74,250.91,0,0,119554
2755,2020-09-24 10:02:00,250.95,251.44,250.7,251.38,0,0,128017
2756,2020-09-24 10:03:00,251.39,251.5,250.7,250.74,0,0,102745
2757,2020-09-24 10:04:00,250.72,250.87,250.58,250.85,0,0,63371
2758,2020-09-24 10:05:00,250.88,251.76,250.86,251.19,0,0,93673
2759,2020-09-24 10:06:00,251.19,251.5,251.1,251.17,0,0,46549
2760,2020-09-24 10:07:00,251.15,251.15,250.65,250.99,0,0,67729
2761,2020-09-24 10:08:00,251.0,251.54,250.99,251.27,0,0,99290
2762,2020-09-24 10:09:00,251.26,251.9,251.22,251.75,0,0,92704
2763,2020-09-24 10:10:00,251.72,251.72,250.37,250.63,0,0,86574
2764,2020-09-24 10:11:00,250.65,250.92,250.51,250.57,0,0,41312
2765,2020-09-24 10:12:00,250.57,250.98,250.57,250.86,0,0,46749
2766,2020-09-24 10:13:00,250.86,251.04,250.59,250.59,0,0,32792
2767,2020-09-24 10:14:00,250.57,251.02,250.36,250.56,0,0,48858
2768,2020-09-24 10:15:00,250.54,251.05,250.48,250.63,0,0,59558
2769,2020-09-24 10:16:00,250.63,250.94,250.26,250.66,0,0,38791
2770,2020-09-24 10:17:00,250.65,251.24,250.52,251.19,0,0,37341
2771,2020-09-24 10:18:00,251.18,251.18,250.67,250.85,0,0,39226
2772,2020-09-24 10:19:00,250.86,251.12,250.64,250.72,0,0,31989
2773,2020-09-24 10:20:00,250.74,250.74,249.9,250.06,0,0,66665
2774,2020-09-24 10:21:00,250.13,250.17,249.46,249.6,0,0,47205
2775,2020-09-24 10:22:00,249.61,249.82,249.53,249.59,0,0,34672
2776,2020-09-24 10:23:00,249.59,249.98,249.3,249.34,0,0,44697
2777,2020-09-24 10:24:00,249.32,249.45,249.14,249.33,0,0,68727
2778,2020-09-24 10:25:00,249.37,249.73,249.33,249.61,0,0,35819
2779,2020-09-24 10:26:00,249.53,249.54,249.11,249.23,0,0,44712
2780,2020-09-24 10:27:00,249.2,249.46,249.15,249.31,0,0,34624
2781,2020-09-24 10:28:00,249.26,249.39,248.92,249.06,0,0,34166
2782,2020-09-24 10:29:00,249.07,249.27,248.88,248.94,0,0,41297
2783,2020-09-24 10:30:00,248.94,248.99,248.36,248.51,0,0,58967
2784,2020-09-24 10:31:00,248.42,248.69,248.2,248.24,0,0,49086
2785,2020-09-24 10:32:00,248.23,248.45,248.05,248.19,0,0,67167
2786,2020-09-24 10:33:00,248.26,248.4,248.12,248.26,0,0,29814
2787,2020-09-24 10:34:00,248.2,248.2,247.81,247.97,0,0,44453
2788,2020-09-24 10:35:00,247.99,248.14,247.53,247.85,0,0,52398
2789,2020-09-24 10:36:00,247.84,248.19,247.84,248.16,0,0,44685
2790,2020-09-24 10:37:00,248.17,248.37,247.84,248.25,0,0,50124
2791,2020-09-24 10:38:00,248.21,248.21,247.54,247.86,0,0,42222
2792,2020-09-24 10:39:00,247.78,248.19,247.74,247.85,0,0,27801
2793,2020-09-24 10:40:00,247.95,248.44,247.71,248.44,0,0,43413
2794,2020-09-24 10:41:00,248.36,249.08,248.34,248.88,0,0,74824
2795,2020-09-24 10:42:00,248.87,249.1,248.63,248.64,0,0,31105
2796,2020-09-24 10:43:00,248.61,248.61,248.11,248.23,0,0,30646
2797,2020-09-24 10:44:00,248.25,248.43,247.86,248.02,0,0,28771
2798,2020-09-24 10:45:00,248.06,249.05,248.06,248.87,0,0,39778
2799,2020-09-24 10:46:00,248.9,249.37,248.67,249.09,0,0,48534
2800,2020-09-24 10:47:00,249.21,249.81,249.05,249.81,0,0,52062
2801,2020-09-24 10:48:00,249.82,249.85,249.03,249.18,0,0,53891
2802,2020-09-24 10:49:00,249.13,249.68,249.13,249.55,0,0,45576
2803,2020-09-24 10:50:00,249.56,249.66,249.06,249.39,0,0,41285
2804,2020-09-24 10:51:00,249.36,249.4,248.85,249.28,0,0,29452
2805,2020-09-24 10:52:00,249.23,249.68,249.09,249.68,0,0,21409
2806,2020-09-24 10:53:00,249.65,249.93,249.65,249.93,0,0,34845
2807,2020-09-24 10:54:00,249.93,250.07,249.76,249.91,0,0,50605
2808,2020-09-24 10:55:00,249.9,250.23,249.78,250.11,0,0,53066
2809,2020-09-24 10:56:00,250.15,250.15,249.69,249.83,0,0,37093
2810,2020-09-24 10:57:00,249.82,249.97,249.62,249.79,0,0,20936
2811,2020-09-24 10:58:00,249.91,250.25,249.88,250.17,0,0,64065
2812,2020-09-24 10:59:00,250.32,250.43,250.24,250.31,0,0,35587
2813,2020-09-24 11:00:00,250.28,250.36,249.71,249.93,0,0,33440
2814,2020-09-24 11:01:00,249.93,250.13,249.71,249.94,0,0,28605
2815,2020-09-24 11:02:00,250.0,250.32,249.84,249.88,0,0,46911
2816,2020-09-24 11:03:00,249.86,249.91,249.5,249.85,0,0,38073
2817,2020-09-24 11:04:00,249.82,250.0,249.32,249.43,0,0,32202
2818,2020-09-24 11:05:00,249.42,249.66,249.31,249.47,0,0,26732
2819,2020-09-24 11:06:00,249.38,249.61,249.04,249.07,0,0,38068
2820,2020-09-24 11:07:00,249.14,249.33,248.51,248.54,0,0,42887
2821,2020-09-24 11:08:00,248.64,248.64,248.37,248.52,0,0,27614
2822,2020-09-24 11:09:00,248.52,248.63,248.33,248.56,0,0,32316
2823,2020-09-24 11:10:00,248.65,249.06,248.54,248.97,0,0,35742
2824,2020-09-24 11:11:00,249.01,249.01,248.66,248.95,0,0,26484
2825,2020-09-24 11:12:00,249.06,249.14,248.79,248.93,0,0,26134
2826,2020-09-24 11:13:00,248.83,249.22,248.63,249.2,0,0,22157
2827,2020-09-24 11:14:00,249.15,249.7,249.04,249.7,0,0,44550
2828,2020-09-24 11:15:00,249.67,249.71,249.18,249.29,0,0,27159
2829,2020-09-24 11:16:00,249.27,249.3,248.95,249.08,0,0,36691
2830,2020-09-24 11:17:00,249.07,249.38,249.03,249.38,0,0,22670
2831,2020-09-24 11:18:00,249.45,249.67,249.39,249.46,0,0,48347
2832,2020-09-24 11:19:00,249.46,249.8,249.34,249.72,0,0,23763
2833,2020-09-24 11:20:00,249.75,250.0,249.55,249.7,0,0,40663
2834,2020-09-24 11:21:00,249.74,249.95,249.54,249.65,0,0,31967
2835,2020-09-24 11:22:00,249.64,250.38,249.64,250.22,0,0,52132
2836,2020-09-24 11:23:00,250.21,250.62,250.21,250.52,0,0,39082
2837,2020-09-24 11:24:00,250.46,250.76,250.16,250.73,0,0,47371
2838,2020-09-24 11:25:00,250.7,250.77,250.53,250.68,0,0,34924
2839,2020-09-24 11:26:00,250.68,250.75,250.4,250.52,0,0,37121
2840,2020-09-24 11:27:00,250.52,250.75,250.44,250.53,0,0,29949
2841,2020-09-24 11:28:00,250.56,250.63,249.99,249.99,0,0,57681
2842,2020-09-24 11:29:00,249.96,250.48,249.96,250.4,0,0,26329
2843,2020-09-24 11:30:00,250.39,250.66,250.31,250.5,0,0,442953
2844,2020-09-24 11:31:00,250.51,250.65,250.26,250.58,0,0,18260
2845,2020-09-24 11:32:00,250.62,250.84,250.5,250.75,0,0,31250
2846,2020-09-24 11:33:00,250.76,250.93,250.65,250.85,0,0,35043
2847,2020-09-24 11:34:00,250.84,251.0,250.73,250.87,0,0,38575
2848,2020-09-24 11:35:00,250.82,250.94,250.73,250.88,0,0,27021
2849,2020-09-24 11:36:00,250.91,251.09,250.81,251.09,0,0,29945
2850,2020-09-24 11:37:00,251.0,251.01,250.71,250.82,0,0,26645
2851,2020-09-24 11:38:00,250.83,250.9,250.61,250.67,0,0,22594
2852,2020-09-24 11:39:00,250.64,250.64,250.37,250.47,0,0,40641
2853,2020-09-24 11:40:00,250.49,251.04,250.49,251.04,0,0,32497
2854,2020-09-24 11:41:00,251.01,251.62,250.99,251.44,0,0,69358
2855,2020-09-24 11:42:00,251.45,251.46,251.13,251.19,0,0,26459
2856,2020-09-24 11:43:00,251.15,251.3,250.91,251.05,0,0,28544
2857,2020-09-24 11:44:00,251.0,251.0,250.6,251.0,0,0,31830
2858,2020-09-24 11:45:00,251.01,251.24,250.7,250.7,0,0,40874
2859,2020-09-24 11:46:00,250.71,250.95,250.5,250.5,0,0,24010
2860,2020-09-24 11:47:00,250.45,250.49,250.12,250.26,0,0,47818
2861,2020-09-24 11:48:00,250.2,250.53,250.2,250.25,0,0,25376
2862,2020-09-24 11:49:00,250.24,250.42,250.18,250.38,0,0,18909
2863,2020-09-24 11:50:00,250.42,250.77,250.36,250.52,0,0,19308
2864,2020-09-24 11:51:00,250.5,250.74,250.46,250.54,0,0,17215
2865,2020-09-24 11:52:00,250.57,250.84,250.51,250.56,0,0,221568
2866,2020-09-24 11:53:00,250.59,250.59,250.25,250.27,0,0,36525
2867,2020-09-24 11:54:00,250.26,250.34,250.02,250.17,0,0,43384
2868,2020-09-24 11:55:00,250.18,250.34,250.08,250.27,0,0,55722
2869,2020-09-24 11:56:00,250.27,250.65,250.27,250.49,0,0,40362
2870,2020-09-24 11:57:00,250.5,250.71,250.35,250.65,0,0,20712
2871,2020-09-24 11:58:00,250.67,250.91,250.41,250.82,0,0,43863
2872,2020-09-24 11:59:00,250.81,251.17,250.79,251.15,0,0,46401
2873,2020-09-24 12:00:00,251.15,251.25,250.96,251.22,0,0,32057
2874,2020-09-24 12:01:00,251.23,251.32,251.03,251.03,0,0,32827
2875,2020-09-24 12:02:00,251.06,251.36,251.06,251.26,0,0,26260
2876,2020-09-24 12:03:00,251.27,251.28,251.1,251.28,0,0,17453
2877,2020-09-24 12:04:00,251.29,251.42,251.18,251.19,0,0,26112
2878,2020-09-24 12:05:00,251.21,251.44,251.21,251.4,0,0,23993
2879,2020-09-24 12:06:00,251.43,251.59,251.13,251.19,0,0,44140
2880,2020-09-24 12:07:00,251.21,251.55,251.1,251.54,0,0,38619
2881,2020-09-24 12:08:00,251.51,251.54,251.13,251.22,0,0,20456
2882,2020-09-24 12:09:00,251.2,251.34,251.07,251.23,0,0,18605
2883,2020-09-24 12:10:00,251.24,251.27,250.99,251.08,0,0,24820
2884,2020-09-24 12:11:00,251.11,251.19,250.99,251.0,0,0,15638
2885,2020-09-24 12:12:00,250.95,251.16,250.9,250.97,0,0,26206
2886,2020-09-24 12:13:00,250.99,251.21,250.81,250.9,0,0,17715
2887,2020-09-24 12:14:00,250.87,251.08,250.87,250.92,0,0,15185
2888,2020-09-24 12:15:00,250.93,251.49,250.93,251.4,0,0,25605
2889,2020-09-24 12:16:00,251.3,251.45,251.22,251.24,0,0,15326
2890,2020-09-24 12:17:00,251.26,251.26,250.81,250.81,0,0,24369
2891,2020-09-24 12:18:00,250.77,250.85,250.3,250.37,0,0,36625
2892,2020-09-24 12:19:00,250.4,250.52,250.32,250.43,0,0,30843
2893,2020-09-24 12:20:00,250.5,250.81,250.49,250.78,0,0,28406
2894,2020-09-24 12:21:00,250.76,250.83,250.35,250.5,0,0,32213
2895,2020-09-24 12:22:00,250.49,250.61,250.37,250.38,0,0,18054
2896,2020-09-24 12:23:00,250.35,250.68,250.23,250.66,0,0,23842
2897,2020-09-24 12:24:00,250.65,250.65,250.19,250.3,0,0,36264
2898,2020-09-24 12:25:00,250.26,250.51,250.24,250.5,0,0,22578
2899,2020-09-24 12:26:00,250.48,250.71,250.47,250.57,0,0,35312
2900,2020-09-24 12:27:00,250.54,250.88,250.53,250.71,0,0,29822
2901,2020-09-24 12:28:00,250.6,250.62,250.33,250.39,0,0,16017
2902,2020-09-24 12:29:00,250.41,250.52,250.21,250.28,0,0,22289
2903,2020-09-24 12:30:00,250.33,250.53,249.93,250.06,0,0,47988
2904,2020-09-24 12:31:00,250.03,250.25,249.96,250.04,0,0,24279
2905,2020-09-24 12:32:00,250.02,250.05,249.84,249.85,0,0,30660
2906,2020-09-24 12:33:00,249.85,249.9,249.63,249.64,0,0,35123
2907,2020-09-24 12:34:00,249.66,249.8,249.37,249.42,0,0,48751
2908,2020-09-24 12:35:00,249.44,249.67,249.44,249.61,0,0,23901
2909,2020-09-24 12:36:00,249.58,249.98,249.47,249.93,0,0,30539
2910,2020-09-24 12:37:00,249.93,249.99,249.8,249.87,0,0,18869
2911,2020-09-24 12:38:00,249.82,249.82,249.26,249.29,0,0,33478
2912,2020-09-24 12:39:00,249.33,249.44,249.26,249.33,0,0,18825
2913,2020-09-24 12:40:00,249.33,249.55,249.28,249.48,0,0,18144
2914,2020-09-24 12:41:00,249.48,249.55,249.35,249.39,0,0,18909
2915,2020-09-24 12:42:00,249.37,249.43,249.23,249.3,0,0,18752
2916,2020-09-24 12:43:00,249.3,249.59,249.29,249.49,0,0,21974
2917,2020-09-24 12:44:00,249.43,249.91,249.37,249.87,0,0,33401
2918,2020-09-24 12:45:00,249.85,249.87,249.63,249.75,0,0,17564
2919,2020-09-24 12:46:00,249.73,249.95,249.7,249.9,0,0,16732
2920,2020-09-24 12:47:00,249.95,250.04,249.84,249.95,0,0,17539
2921,2020-09-24 12:48:00,249.97,249.97,249.68,249.81,0,0,23929
2922,2020-09-24 12:49:00,249.81,250.09,249.78,250.09,0,0,27885
2923,2020-09-24 12:50:00,250.06,250.22,249.95,250.15,0,0,53616
2924,2020-09-24 12:51:00,250.18,250.18,250.02,250.15,0,0,19016
2925,2020-09-24 12:52:00,250.12,250.17,249.66,249.66,0,0,22188
2926,2020-09-24 12:53:00,249.7,249.87,249.33,249.46,0,0,36117
2927,2020-09-24 12:54:00,249.48,249.58,249.48,249.58,0,0,15432
2928,2020-09-24 12:55:00,249.54,249.86,249.51,249.69,0,0,17481
2929,2020-09-24 12:56:00,249.73,250.0,249.58,249.94,0,0,23565
2930,2020-09-24 12:57:00,249.96,249.96,249.77,249.94,0,0,13316
2931,2020-09-24 12:58:00,249.93,250.13,249.91,250.0,0,0,15114
2932,2020-09-24 12:59:00,250.05,250.42,250.05,250.38,0,0,27710
2933,2020-09-24 13:00:00,250.38,250.42,250.18,250.31,0,0,22682
2934,2020-09-24 13:01:00,250.3,250.33,250.1,250.27,0,0,18505
2935,2020-09-24 13:02:00,250.16,250.35,250.1,250.18,0,0,13249
2936,2020-09-24 13:03:00,250.2,250.38,250.16,250.28,0,0,16963
2937,2020-09-24 13:04:00,250.3,250.64,250.29,250.55,0,0,23398
2938,2020-09-24 13:05:00,250.51,250.66,250.4,250.49,0,0,26611
2939,2020-09-24 13:06:00,250.48,250.52,250.32,250.33,0,0,26017
2940,2020-09-24 13:07:00,250.35,250.57,250.34,250.45,0,0,27140
2941,2020-09-24 13:08:00,250.45,250.5,250.35,250.39,0,0,16435
2942,2020-09-24 13:09:00,250.4,250.48,250.31,250.41,0,0,19337
2943,2020-09-24 13:10:00,250.38,250.51,250.37,250.43,0,0,11859
2944,2020-09-24 13:11:00,250.46,250.72,250.44,250.68,0,0,24048
2945,2020-09-24 13:12:00,250.63,250.64,250.46,250.62,0,0,19532
2946,2020-09-24 13:13:00,250.58,250.58,250.35,250.44,0,0,24313
2947,2020-09-24 13:14:00,250.47,250.53,250.18,250.36,0,0,27163
2948,2020-09-24 13:15:00,250.39,250.71,250.38,250.49,0,0,30363
2949,2020-09-24 13:16:00,250.51,250.8,250.51,250.67,0,0,24235
2950,2020-09-24 13:17:00,250.67,250.67,250.51,250.57,0,0,19623
2951,2020-09-24 13:18:00,250.57,250.58,250.12,250.12,0,0,42744
2952,2020-09-24 13:19:00,250.13,250.35,250.08,250.09,0,0,30533
2953,2020-09-24 13:20:00,250.05,250.2,250.04,250.09,0,0,19486
2954,2020-09-24 13:21:00,250.09,250.12,249.93,250.0,0,0,24420
2955,2020-09-24 13:22:00,250.01,250.05,249.87,250.01,0,0,46617
2956,2020-09-24 13:23:00,250.04,250.21,249.95,250.01,0,0,33727
2957,2020-09-24 13:24:00,250.01,250.13,249.87,249.94,0,0,26006
2958,2020-09-24 13:25:00,249.93,250.02,249.79,249.93,0,0,27304
2959,2020-09-24 13:26:00,249.93,250.13,249.93,250.03,0,0,27326
2960,2020-09-24 13:27:00,250.03,250.38,250.03,250.26,0,0,34600
2961,2020-09-24 13:28:00,250.24,250.29,250.11,250.21,0,0,32995
2962,2020-09-24 13:29:00,250.23,250.38,250.15,250.31,0,0,37275
2963,2020-09-24 13:30:00,250.35,250.45,250.21,250.39,0,0,25475
2964,2020-09-24 13:31:00,250.41,250.62,250.33,250.58,0,0,21585
2965,2020-09-24 13:32:00,250.62,250.75,250.62,250.68,0,0,21633
2966,2020-09-24 13:33:00,250.67,250.88,250.62,250.86,0,0,25430
2967,2020-09-24 13:34:00,250.89,251.0,250.78,250.84,0,0,41205
2968,2020-09-24 13:35:00,250.79,250.83,250.62,250.71,0,0,28811
2969,2020-09-24 13:36:00,250.7,250.97,250.68,250.97,0,0,34810
2970,2020-09-24 13:37:00,250.98,251.03,250.79,250.79,0,0,34409
2971,2020-09-24 13:38:00,250.8,251.15,250.79,251.09,0,0,39115
2972,2020-09-24 13:39:00,251.11,251.62,251.11,251.5,0,0,63242
2973,2020-09-24 13:40:00,251.51,251.82,251.48,251.79,0,0,58498
2974,2020-09-24 13:41:00,251.78,251.88,251.65,251.68,0,0,57581
2975,2020-09-24 13:42:00,251.7,251.88,251.69,251.79,0,0,33298
2976,2020-09-24 13:43:00,251.76,251.89,251.62,251.77,0,0,39085
2977,2020-09-24 13:44:00,251.79,251.97,251.76,251.95,0,0,70097
2978,2020-09-24 13:45:00,251.95,252.24,251.9,252.14,0,0,77235
2979,2020-09-24 13:46:00,252.14,252.2,251.82,251.86,0,0,39640
2980,2020-09-24 13:47:00,251.88,252.01,251.67,251.84,0,0,43400
2981,2020-09-24 13:48:00,251.87,251.99,251.71,251.71,0,0,42391
2982,2020-09-24 13:49:00,251.71,251.71,251.26,251.32,0,0,51444
2983,2020-09-24 13:50:00,251.33,251.67,251.31,251.54,0,0,41588
2984,2020-09-24 13:51:00,251.59,251.62,251.27,251.48,0,0,41325
2985,2020-09-24 13:52:00,251.44,251.65,251.44,251.56,0,0,27578
2986,2020-09-24 13:53:00,251.54,251.54,251.19,251.35,0,0,39609
2987,2020-09-24 13:54:00,251.38,251.46,251.13,251.29,0,0,42598
2988,2020-09-24 13:55:00,251.23,251.23,251.01,251.12,0,0,29992
2989,2020-09-24 13:56:00,251.1,251.33,251.07,251.27,0,0,44018
2990,2020-09-24 13:57:00,251.28,251.43,251.07,251.36,0,0,43997
2991,2020-09-24 13:58:00,251.35,251.47,251.15,251.46,0,0,43886
2992,2020-09-24 13:59:00,251.45,251.45,251.07,251.21,0,0,42251
2993,2020-09-24 14:00:00,251.23,251.45,251.13,251.16,0,0,57906
2994,2020-09-24 14:01:00,251.17,251.24,251.02,251.13,0,0,37849
2995,2020-09-24 14:02:00,251.12,251.36,250.81,251.09,0,0,98091
2996,2020-09-24 14:03:00,251.11,251.11,250.62,250.65,0,0,26101
2997,2020-09-24 14:04:00,250.58,251.14,250.54,251.04,0,0,33748
2998,2020-09-24 14:05:00,251.05,251.12,250.75,250.81,0,0,24612
2999,2020-09-24 14:06:00,250.9,250.9,250.67,250.68,0,0,16292
3000,2020-09-24 14:07:00,250.67,250.9,250.63,250.89,0,0,13995
3001,2020-09-24 14:08:00,250.86,250.99,250.77,250.94,0,0,17769
3002,2020-09-24 14:09:00,250.88,250.88,250.71,250.82,0,0,20873
3003,2020-09-24 14:10:00,250.82,250.82,250.52,250.65,0,0,32645
3004,2020-09-24 14:11:00,250.63,250.77,250.47,250.52,0,0,28304
3005,2020-09-24 14:12:00,250.54,250.67,250.52,250.61,0,0,24299
3006,2020-09-24 14:13:00,250.61,250.82,250.61,250.66,0,0,18031
3007,2020-09-24 14:14:00,250.58,250.72,250.54,250.64,0,0,21622
3008,2020-09-24 14:15:00,250.69,251.0,250.65,250.96,0,0,29270
3009,2020-09-24 14:16:00,250.96,251.0,250.87,250.88,0,0,24329
3010,2020-09-24 14:17:00,250.86,250.9,250.47,250.62,0,0,41680
3011,2020-09-24 14:18:00,250.6,250.64,250.12,250.18,0,0,60668
3012,2020-09-24 14:19:00,250.14,250.15,249.92,250.05,0,0,49902
3013,2020-09-24 14:20:00,250.04,250.13,249.66,249.86,0,0,41207
3014,2020-09-24 14:21:00,249.86,249.91,249.6,249.65,0,0,20019
3015,2020-09-24 14:22:00,249.66,249.99,249.61,249.94,0,0,20337
3016,2020-09-24 14:23:00,249.88,249.88,249.47,249.5,0,0,36466
3017,2020-09-24 14:24:00,249.5,249.74,249.48,249.73,0,0,21302
3018,2020-09-24 14:25:00,249.68,249.68,249.3,249.64,0,0,27384
3019,2020-09-24 14:26:00,249.67,249.93,249.52,249.82,0,0,36729
3020,2020-09-24 14:27:00,249.8,249.91,249.66,249.76,0,0,38604
3021,2020-09-24 14:28:00,249.8,250.1,249.68,250.05,0,0,22375
3022,2020-09-24 14:29:00,250.05,250.15,249.83,249.84,0,0,55376
3023,2020-09-24 14:30:00,249.87,250.08,249.78,249.93,0,0,44607
3024,2020-09-24 14:31:00,249.93,250.37,249.87,250.37,0,0,35329
3025,2020-09-24 14:32:00,250.35,250.65,250.27,250.57,0,0,76692
3026,2020-09-24 14:33:00,250.55,250.9,250.46,250.88,0,0,71720
3027,2020-09-24 14:34:00,250.78,250.92,250.58,250.6,0,0,85006
3028,2020-09-24 14:35:00,250.69,250.93,250.65,250.83,0,0,33853
3029,2020-09-24 14:36:00,250.85,250.9,250.62,250.7,0,0,30284
3030,2020-09-24 14:37:00,250.74,251.04,250.57,250.96,0,0,38535
3031,2020-09-24 14:38:00,250.97,251.0,250.74,250.95,0,0,28393
3032,2020-09-24 14:39:00,250.93,251.01,250.79,250.84,0,0,28783
3033,2020-09-24 14:40:00,250.85,251.03,250.75,250.94,0,0,27345
3034,2020-09-24 14:41:00,250.9,251.15,250.81,251.13,0,0,43467
3035,2020-09-24 14:42:00,251.15,251.15,250.93,251.06,0,0,30577
3036,2020-09-24 14:43:00,251.0,251.12,250.9,250.92,0,0,33618
3037,2020-09-24 14:44:00,250.86,250.93,250.79,250.89,0,0,33565
3038,2020-09-24 14:45:00,250.92,251.01,250.25,250.33,0,0,57804
3039,2020-09-24 14:46:00,250.35,250.83,250.35,250.61,0,0,31048
3040,2020-09-24 14:47:00,250.63,250.8,250.6,250.64,0,0,10303
3041,2020-09-24 14:48:00,250.57,250.68,250.15,250.17,0,0,40590
3042,2020-09-24 14:49:00,250.06,250.17,249.77,249.79,0,0,38582
3043,2020-09-24 14:50:00,249.76,249.89,249.61,249.79,0,0,27202
3044,2020-09-24 14:51:00,249.76,249.8,249.32,249.39,0,0,51582
3045,2020-09-24 14:52:00,249.43,249.47,249.13,249.15,0,0,28846
3046,2020-09-24 14:53:00,249.13,249.36,249.1,249.29,0,0,28471
3047,2020-09-24 14:54:00,249.3,249.3,248.8,249.01,0,0,55904
3048,2020-09-24 14:55:00,249.03,249.19,248.88,249.17,0,0,40799
3049,2020-09-24 14:56:00,249.16,249.31,248.75,248.85,0,0,61884
3050,2020-09-24 14:57:00,248.85,249.17,248.85,249.0,0,0,26404
3051,2020-09-24 14:58:00,249.0,249.02,248.69,248.78,0,0,32092
3052,2020-09-24 14:59:00,248.81,248.94,248.49,248.55,0,0,56168
3053,2020-09-24 15:00:00,248.58,248.88,248.53,248.7,0,0,36622
3054,2020-09-24 15:01:00,248.69,248.85,248.48,248.57,0,0,34345
3055,2020-09-24 15:02:00,248.59,248.71,248.5,248.64,0,0,23408
3056,2020-09-24 15:03:00,248.61,248.77,248.47,248.68,0,0,29496
3057,2020-09-24 15:04:00,248.69,248.81,248.46,248.61,0,0,42670
3058,2020-09-24 15:05:00,248.62,248.89,248.52,248.56,0,0,31281
3059,2020-09-24 15:06:00,248.51,248.77,248.27,248.75,0,0,58777
3060,2020-09-24 15:07:00,248.75,248.83,248.3,248.3,0,0,27464
3061,2020-09-24 15:08:00,248.33,248.47,248.21,248.41,0,0,36792
3062,2020-09-24 15:09:00,248.4,248.77,248.4,248.7,0,0,33438
3063,2020-09-24 15:10:00,248.65,248.65,248.25,248.42,0,0,39585
3064,2020-09-24 15:11:00,248.4,248.65,248.31,248.57,0,0,23531
3065,2020-09-24 15:12:00,248.59,249.14,248.59,249.14,0,0,71856
3066,2020-09-24 15:13:00,249.11,249.11,248.78,249.03,0,0,34507
3067,2020-09-24 15:14:00,249.03,249.2,248.95,248.99,0,0,37431
3068,2020-09-24 15:15:00,249.0,249.08,248.77,248.99,0,0,23090
3069,2020-09-24 15:16:00,248.96,249.23,248.93,249.1,0,0,33748
3070,2020-09-24 15:17:00,249.1,249.4,249.05,249.29,0,0,49934
3071,2020-09-24 15:18:00,249.32,249.38,248.97,249.02,0,0,71087
3072,2020-09-24 15:19:00,249.01,249.16,248.59,248.66,0,0,38008
3073,2020-09-24 15:20:00,248.66,248.91,247.99,248.08,0,0,90051
3074,2020-09-24 15:21:00,248.08,248.28,247.99,248.02,0,0,45552
3075,2020-09-24 15:22:00,248.01,248.13,247.89,248.02,0,0,41818
3076,2020-09-24 15:23:00,247.98,248.31,247.93,248.08,0,0,33336
3077,2020-09-24 15:24:00,248.12,248.22,247.93,248.18,0,0,23257
3078,2020-09-24 15:25:00,248.13,248.24,247.76,247.83,0,0,43052
3079,2020-09-24 15:26:00,247.9,248.07,247.76,247.99,0,0,22482
3080,2020-09-24 15:27:00,247.99,248.08,247.71,247.72,0,0,21226
3081,2020-09-24 15:28:00,247.69,248.26,247.61,248.06,0,0,38989
3082,2020-09-24 15:29:00,247.98,248.09,247.84,248.01,0,0,19272
3083,2020-09-24 15:30:00,248.01,248.1,247.77,247.92,0,0,28577
3084,2020-09-24 15:31:00,247.9,247.97,247.51,247.61,0,0,28112
3085,2020-09-24 15:32:00,247.62,247.75,247.43,247.71,0,0,22835
3086,2020-09-24 15:33:00,247.68,247.9,247.55,247.72,0,0,24402
3087,2020-09-24 15:34:00,247.65,248.05,247.65,247.85,0,0,41098
3088,2020-09-24 15:35:00,247.87,247.89,247.48,247.62,0,0,28081
3089,2020-09-24 15:36:00,247.57,247.86,247.52,247.86,0,0,26897
3090,2020-09-24 15:37:00,247.82,248.17,247.74,248.15,0,0,40905
3091,2020-09-24 15:38:00,248.14,248.58,248.01,248.54,0,0,58009
3092,2020-09-24 15:39:00,248.54,249.13,248.46,249.04,0,0,58503
3093,2020-09-24 15:40:00,249.04,249.34,248.85,249.27,0,0,38525
3094,2020-09-24 15:41:00,249.24,249.34,249.11,249.17,0,0,32455
3095,2020-09-24 15:42:00,249.15,249.54,249.13,249.49,0,0,55443
3096,2020-09-24 15:43:00,249.45,249.48,249.1,249.31,0,0,63428
3097,2020-09-24 15:44:00,249.31,249.55,249.15,249.33,0,0,40903
3098,2020-09-24 15:45:00,249.32,249.87,249.32,249.8,0,0,49062
3099,2020-09-24 15:46:00,249.78,249.88,249.67,249.73,0,0,34651
3100,2020-09-24 15:47:00,249.71,250.33,249.71,250.06,0,0,66960
3101,2020-09-24 15:48:00,250.05,250.09,249.52,249.62,0,0,45302
3102,2020-09-24 15:49:00,249.59,249.64,249.06,249.18,0,0,62979
3103,2020-09-24 15:50:00,249.19,249.2,248.53,248.95,0,0,97320
3104,2020-09-24 15:51:00,248.96,249.08,248.55,248.73,0,0,86964
3105,2020-09-24 15:52:00,248.72,249.36,248.7,249.18,0,0,76059
3106,2020-09-24 15:53:00,249.17,249.24,248.82,249.0,0,0,65169
3107,2020-09-24 15:54:00,249.02,249.9,248.8,249.89,0,0,121634
3108,2020-09-24 15:55:00,249.9,249.93,249.25,249.25,0,0,84716
3109,2020-09-24 15:56:00,249.25,249.64,249.12,249.43,0,0,59175
3110,2020-09-24 15:57:00,249.42,249.62,249.34,249.48,0,0,66217
3111,2020-09-24 15:58:00,249.49,249.63,249.19,249.33,0,0,82790
3112,2020-09-24 15:59:00,249.34,249.59,249.09,249.52,0,0,259269
3113,2020-09-25 09:30:00,249.0,249.0,249.0,249.0,0,0,376381
3114,2020-09-25 09:31:00,248.9,249.57,248.81,249.37,0,0,51735
3115,2020-09-25 09:32:00,249.44,249.48,248.38,248.57,0,0,76849
3116,2020-09-25 09:33:00,248.78,248.96,248.18,248.41,0,0,92376
3117,2020-09-25 09:34:00,248.39,248.69,248.02,248.27,0,0,57984
3118,2020-09-25 09:35:00,248.28,249.12,247.95,248.93,0,0,77511
3119,2020-09-25 09:36:00,248.89,249.05,248.05,248.42,0,0,53976
3120,2020-09-25 09:37:00,248.37,248.54,248.01,248.14,0,0,49838
3121,2020-09-25 09:38:00,247.68,248.37,247.68,248.1,0,0,54075
3122,2020-09-25 09:39:00,248.33,248.38,248.0,248.19,0,0,37349
3123,2020-09-25 09:40:00,248.2,248.58,247.95,248.12,0,0,54269
3124,2020-09-25 09:41:00,248.22,248.61,248.12,248.41,0,0,73031
3125,2020-09-25 09:42:00,248.5,248.7,248.33,248.51,0,0,74358
3126,2020-09-25 09:43:00,248.5,248.59,248.02,248.45,0,0,55454
3127,2020-09-25 09:44:00,248.39,248.43,248.11,248.27,0,0,36017
3128,2020-09-25 09:45:00,248.25,248.36,247.81,248.17,0,0,50347
3129,2020-09-25 09:46:00,248.14,248.4,247.88,247.9,0,0,35902
3130,2020-09-25 09:47:00,247.87,247.97,247.3,247.31,0,0,54581
3131,2020-09-25 09:48:00,247.43,247.62,246.93,247.59,0,0,66449
3132,2020-09-25 09:49:00,247.74,248.0,247.46,247.55,0,0,47650
3133,2020-09-25 09:50:00,247.6,247.6,247.13,247.28,0,0,43870
3134,2020-09-25 09:51:00,247.28,247.97,247.24,247.96,0,0,47480
3135,2020-09-25 09:52:00,247.97,248.52,247.89,248.02,0,0,82989
3136,2020-09-25 09:53:00,248.08,248.37,247.91,248.02,0,0,33398
3137,2020-09-25 09:54:00,247.95,248.18,247.77,248.0,0,0,57639
3138,2020-09-25 09:55:00,247.98,248.38,247.87,248.13,0,0,25139
3139,2020-09-25 09:56:00,248.01,248.15,247.85,248.07,0,0,25855
3140,2020-09-25 09:57:00,248.01,248.4,247.83,248.28,0,0,24551
3141,2020-09-25 09:58:00,248.5,248.59,248.23,248.56,0,0,62804
3142,2020-09-25 09:59:00,248.53,248.79,248.24,248.72,0,0,62559
3143,2020-09-25 10:00:00,248.77,249.05,248.6,248.98,0,0,63438
3144,2020-09-25 10:01:00,248.59,248.78,248.59,248.76,0,0,19911
3145,2020-09-25 10:02:00,248.53,248.56,248.1,248.38,0,0,82886
3146,2020-09-25 10:03:00,248.34,248.55,248.29,248.34,0,0,23397
3147,2020-09-25 10:04:00,248.29,248.58,248.22,248.45,0,0,24462
3148,2020-09-25 10:05:00,248.44,248.57,248.28,248.31,0,0,29845
3149,2020-09-25 10:06:00,248.25,248.26,247.89,248.13,0,0,54422
3150,2020-09-25 10:07:00,248.16,248.38,247.93,248.05,0,0,29725
3151,2020-09-25 10:08:00,248.03,248.03,247.44,247.53,0,0,61402
3152,2020-09-25 10:09:00,247.54,247.57,247.25,247.49,0,0,53138
3153,2020-09-25 10:10:00,247.47,247.47,247.13,247.17,0,0,45305
3154,2020-09-25 10:11:00,247.17,247.54,247.07,247.35,0,0,66570
3155,2020-09-25 10:12:00,247.44,247.61,246.61,246.69,0,0,65151
3156,2020-09-25 10:13:00,246.72,247.24,246.65,247.24,0,0,48661
3157,2020-09-25 10:14:00,247.25,247.4,246.89,247.35,0,0,29291
3158,2020-09-25 10:15:00,247.32,248.01,247.14,247.94,0,0,55371
3159,2020-09-25 10:16:00,248.01,248.4,247.91,248.35,0,0,41986
3160,2020-09-25 10:17:00,248.33,248.36,248.16,248.3,0,0,34948
3161,2020-09-25 10:18:00,248.35,248.55,248.28,248.47,0,0,65680
3162,2020-09-25 10:19:00,248.47,248.55,248.1,248.25,0,0,57875
3163,2020-09-25 10:20:00,248.24,248.56,248.11,248.48,0,0,28205
3164,2020-09-25 10:21:00,248.42,248.6,248.41,248.52,0,0,54160
3165,2020-09-25 10:22:00,248.51,249.3,248.47,249.23,0,0,134900
3166,2020-09-25 10:23:00,249.23,249.6,249.05,249.47,0,0,71943
3167,2020-09-25 10:24:00,249.49,249.62,248.89,249.0,0,0,73791
3168,2020-09-25 10:25:00,249.0,249.22,248.77,249.0,0,0,38968
3169,2020-09-25 10:26:00,248.99,249.03,248.79,248.88,0,0,36821
3170,2020-09-25 10:27:00,248.94,249.05,248.8,248.99,0,0,35765
3171,2020-09-25 10:28:00,249.02,249.09,248.93,248.99,0,0,57952
3172,2020-09-25 10:29:00,248.96,249.06,248.88,249.06,0,0,29491
3173,2020-09-25 10:30:00,249.09,249.47,249.08,249.38,0,0,47185
3174,2020-09-25 10:31:00,249.35,249.45,249.05,249.18,0,0,32666
3175,2020-09-25 10:32:00,249.19,249.46,249.18,249.26,0,0,47341
3176,2020-09-25 10:33:00,249.32,249.5,249.32,249.43,0,0,41054
3177,2020-09-25 10:34:00,249.4,249.93,249.36,249.71,0,0,66330
3178,2020-09-25 10:35:00,249.68,249.9,249.36,249.9,0,0,30402
3179,2020-09-25 10:36:00,249.87,249.89,249.6,249.68,0,0,20340
3180,2020-09-25 10:37:00,249.67,249.76,249.32,249.35,0,0,31528
3181,2020-09-25 10:38:00,249.37,249.6,249.32,249.38,0,0,20053
3182,2020-09-25 10:39:00,249.37,250.06,249.34,250.0,0,0,72153
3183,2020-09-25 10:40:00,250.02,250.41,249.9,250.04,0,0,44792
3184,2020-09-25 10:41:00,250.02,250.02,249.59,249.67,0,0,41292
3185,2020-09-25 10:42:00,249.71,249.88,249.56,249.81,0,0,27201
3186,2020-09-25 10:43:00,249.74,249.91,249.4,249.86,0,0,34136
3187,2020-09-25 10:44:00,249.79,249.93,249.68,249.89,0,0,24738
3188,2020-09-25 10:45:00,249.94,250.05,249.72,249.97,0,0,43208
3189,2020-09-25 10:46:00,249.95,249.95,249.52,249.78,0,0,37225
3190,2020-09-25 10:47:00,249.72,249.76,249.5,249.66,0,0,41841
3191,2020-09-25 10:48:00,249.64,249.73,249.45,249.65,0,0,54311
3192,2020-09-25 10:49:00,249.6,249.62,249.23,249.47,0,0,35553
3193,2020-09-25 10:50:00,249.5,249.68,249.04,249.68,0,0,87572
3194,2020-09-25 10:51:00,249.68,249.97,249.67,249.86,0,0,48843
3195,2020-09-25 10:52:00,249.88,250.26,249.59,249.62,0,0,72591
3196,2020-09-25 10:53:00,249.64,249.87,249.61,249.81,0,0,21194
3197,2020-09-25 10:54:00,249.82,250.1,249.82,249.97,0,0,30697
3198,2020-09-25 10:55:00,249.85,249.85,249.46,249.64,0,0,41837
3199,2020-09-25 10:56:00,249.68,249.68,249.38,249.53,0,0,29315
3200,2020-09-25 10:57:00,249.52,249.55,249.34,249.46,0,0,21428
3201,2020-09-25 10:58:00,249.46,249.57,249.43,249.5,0,0,14101
3202,2020-09-25 11:00:00,249.79,249.79,249.7,249.73,0,0,79144
3203,2020-09-25 11:01:00,249.96,250.0,249.46,249.5,0,0,43979
3204,2020-09-25 11:02:00,249.55,250.02,249.55,249.88,0,0,43302
3205,2020-09-25 11:03:00,249.93,249.93,249.51,249.55,0,0,45935
3206,2020-09-25 11:04:00,249.6,249.82,249.48,249.61,0,0,33198
3207,2020-09-25 11:05:00,249.64,249.84,249.5,249.79,0,0,25911
3208,2020-09-25 11:06:00,249.82,249.99,249.66,249.69,0,0,36625
3209,2020-09-25 11:07:00,249.66,249.76,249.47,249.61,0,0,36325
3210,2020-09-25 11:08:00,249.58,249.7,249.5,249.67,0,0,17354
3211,2020-09-25 11:09:00,249.68,249.91,249.68,249.76,0,0,21510
3212,2020-09-25 11:10:00,249.71,249.85,249.48,249.84,0,0,22912
3213,2020-09-25 11:11:00,249.84,250.09,249.8,250.01,0,0,25362
3214,2020-09-25 11:12:00,250.0,250.38,250.0,250.21,0,0,82854
3215,2020-09-25 11:13:00,250.24,250.37,250.07,250.34,0,0,34778
3216,2020-09-25 11:14:00,250.32,250.48,250.18,250.44,0,0,39555
3217,2020-09-25 11:15:00,250.41,250.62,250.3,250.57,0,0,56768
3218,2020-09-25 11:16:00,250.55,250.87,250.55,250.58,0,0,54049
3219,2020-09-25 11:17:00,250.55,251.24,250.54,251.19,0,0,60818
3220,2020-09-25 11:18:00,251.19,251.37,251.04,251.14,0,0,62135
3221,2020-09-25 11:19:00,251.11,251.22,251.01,251.09,0,0,36315
3222,2020-09-25 11:20:00,251.07,251.18,250.85,250.96,0,0,44045
3223,2020-09-25 11:21:00,250.98,251.1,250.89,251.05,0,0,42054
3224,2020-09-25 11:22:00,251.05,251.18,250.98,251.02,0,0,30872
3225,2020-09-25 11:23:00,251.03,251.16,250.98,251.12,0,0,23542
3226,2020-09-25 11:24:00,251.13,251.31,250.93,250.93,0,0,29374
3227,2020-09-25 11:25:00,250.96,251.56,250.96,251.5,0,0,73550
3228,2020-09-25 11:26:00,251.48,251.48,251.07,251.18,0,0,31867
3229,2020-09-25 11:27:00,251.21,251.29,250.89,251.13,0,0,28946
3230,2020-09-25 11:28:00,251.13,251.51,250.9,251.33,0,0,46967
3231,2020-09-25 11:29:00,251.28,251.52,251.19,251.34,0,0,35791
3232,2020-09-25 11:30:00,251.36,251.41,251.04,251.09,0,0,33624
3233,2020-09-25 11:31:00,251.1,251.32,250.83,250.97,0,0,40110
3234,2020-09-25 11:32:00,250.97,251.21,250.97,251.15,0,0,23326
3235,2020-09-25 11:33:00,251.12,251.17,250.97,251.13,0,0,23237
3236,2020-09-25 11:34:00,251.13,251.42,251.13,251.38,0,0,32308
3237,2020-09-25 11:35:00,251.32,251.32,250.95,251.11,0,0,43705
3238,2020-09-25 11:36:00,251.15,251.29,251.0,251.11,0,0,25924
3239,2020-09-25 11:37:00,251.13,251.2,250.95,251.18,0,0,20950
3240,2020-09-25 11:38:00,251.2,251.22,250.91,250.91,0,0,21402
3241,2020-09-25 11:39:00,250.93,251.05,250.86,250.97,0,0,34493
3242,2020-09-25 11:40:00,251.03,251.48,251.01,251.45,0,0,37237
3243,2020-09-25 11:41:00,251.45,251.47,251.22,251.27,0,0,32566
3244,2020-09-25 11:42:00,251.25,251.25,251.0,251.21,0,0,37154
3245,2020-09-25 11:43:00,251.19,251.26,250.95,251.14,0,0,36249
3246,2020-09-25 11:44:00,251.16,251.28,250.99,251.08,0,0,30645
3247,2020-09-25 11:45:00,251.13,251.42,250.96,251.01,0,0,39827
3248,2020-09-25 11:46:00,250.95,251.22,250.95,251.12,0,0,32553
3249,2020-09-25 11:47:00,251.11,251.17,250.89,250.89,0,0,45888
3250,2020-09-25 11:48:00,250.88,251.07,250.7,250.89,0,0,49529
3251,2020-09-25 11:49:00,250.85,250.85,250.42,250.58,0,0,59848
3252,2020-09-25 11:50:00,250.56,250.72,250.5,250.7,0,0,34358
3253,2020-09-25 11:51:00,250.69,250.85,250.54,250.61,0,0,51887
3254,2020-09-25 11:52:00,250.61,250.62,250.39,250.56,0,0,32435
3255,2020-09-25 11:53:00,250.55,250.65,250.4,250.55,0,0,23623
3256,2020-09-25 11:54:00,250.53,250.53,250.24,250.42,0,0,27341
3257,2020-09-25 11:55:00,250.41,250.51,250.19,250.28,0,0,34040
3258,2020-09-25 11:56:00,250.3,250.46,250.16,250.36,0,0,41446
3259,2020-09-25 11:57:00,250.36,250.57,250.36,250.5,0,0,48911
3260,2020-09-25 11:58:00,250.45,250.48,250.29,250.48,0,0,20724
3261,2020-09-25 11:59:00,250.46,250.49,250.17,250.2,0,0,27969
3262,2020-09-25 12:00:00,250.2,250.86,250.2,250.37,0,0,141651
3263,2020-09-25 12:01:00,250.4,250.64,250.29,250.54,0,0,52633
3264,2020-09-25 12:02:00,250.54,250.74,250.43,250.57,0,0,32485
3265,2020-09-25 12:03:00,250.57,250.64,250.39,250.46,0,0,31494
3266,2020-09-25 12:04:00,250.48,250.63,250.45,250.61,0,0,22484
3267,2020-09-25 12:05:00,250.62,250.73,250.47,250.73,0,0,47671
3268,2020-09-25 12:06:00,250.74,251.08,250.73,251.05,0,0,44630
3269,2020-09-25 12:07:00,251.08,251.09,250.9,251.01,0,0,20929
3270,2020-09-25 12:08:00,251.1,251.17,251.02,251.08,0,0,20510
3271,2020-09-25 12:09:00,251.13,251.48,251.11,251.45,0,0,31269
3272,2020-09-25 12:10:00,251.41,251.54,251.22,251.31,0,0,52282
3273,2020-09-25 12:11:00,251.32,251.41,251.24,251.36,0,0,29746
3274,2020-09-25 12:12:00,251.36,251.58,251.35,251.54,0,0,38199
3275,2020-09-25 12:13:00,251.54,251.63,251.37,251.53,0,0,48572
3276,2020-09-25 12:14:00,251.52,251.76,251.51,251.68,0,0,43532
3277,2020-09-25 12:15:00,251.67,251.82,251.54,251.54,0,0,32973
3278,2020-09-25 12:16:00,251.53,251.68,251.32,251.32,0,0,68489
3279,2020-09-25 12:17:00,251.31,251.38,251.23,251.32,0,0,34843
3280,2020-09-25 12:18:00,251.37,251.5,251.23,251.24,0,0,24371
3281,2020-09-25 12:19:00,251.21,251.21,250.73,250.84,0,0,37719
3282,2020-09-25 12:20:00,250.83,250.96,250.65,250.74,0,0,34447
3283,2020-09-25 12:21:00,250.77,251.0,250.73,250.87,0,0,16283
3284,2020-09-25 12:22:00,250.83,250.96,250.65,250.8,0,0,20760
3285,2020-09-25 12:23:00,250.8,250.92,250.62,250.92,0,0,19519
3286,2020-09-25 12:24:00,250.87,250.96,250.74,250.85,0,0,21814
3287,2020-09-25 12:25:00,250.86,250.91,250.68,250.82,0,0,18334
3288,2020-09-25 12:26:00,250.81,250.81,250.42,250.62,0,0,35514
3289,2020-09-25 12:27:00,250.54,250.57,250.25,250.25,0,0,39928
3290,2020-09-25 12:28:00,250.29,250.57,250.26,250.5,0,0,26443
3291,2020-09-25 12:29:00,250.5,250.75,250.46,250.64,0,0,15602
3292,2020-09-25 12:30:00,250.62,250.79,250.54,250.59,0,0,21560
3293,2020-09-25 12:31:00,250.57,250.57,250.4,250.41,0,0,24327
3294,2020-09-25 12:32:00,250.38,250.54,250.3,250.37,0,0,19990
3295,2020-09-25 12:33:00,250.34,250.34,249.93,250.3,0,0,44563
3296,2020-09-25 12:34:00,250.32,250.34,250.12,250.18,0,0,22793
3297,2020-09-25 12:35:00,250.15,250.36,250.08,250.26,0,0,17863
3298,2020-09-25 12:36:00,250.23,250.25,250.07,250.09,0,0,13843
3299,2020-09-25 12:37:00,250.1,250.29,250.04,250.18,0,0,20419
3300,2020-09-25 12:38:00,250.18,250.27,250.09,250.27,0,0,18040
3301,2020-09-25 12:39:00,250.29,250.59,250.21,250.45,0,0,37256
3302,2020-09-25 12:40:00,250.45,250.69,250.41,250.6,0,0,49420
3303,2020-09-25 12:41:00,250.62,250.79,250.6,250.68,0,0,24877
3304,2020-09-25 12:42:00,250.65,250.8,250.54,250.6,0,0,13229
3305,2020-09-25 12:43:00,250.59,250.79,250.48,250.69,0,0,27705
3306,2020-09-25 12:44:00,250.69,250.79,250.62,250.75,0,0,13614
3307,2020-09-25 12:45:00,250.72,250.91,250.69,250.9,0,0,18851
3308,2020-09-25 12:46:00,250.96,250.98,250.74,250.81,0,0,22592
3309,2020-09-25 12:47:00,250.84,250.98,250.69,250.92,0,0,34234
3310,2020-09-25 12:48:00,250.95,250.95,250.74,250.81,0,0,11881
3311,2020-09-25 12:49:00,250.8,250.87,250.7,250.7,0,0,23503
3312,2020-09-25 12:50:00,250.73,250.85,250.67,250.85,0,0,38799
3313,2020-09-25 12:51:00,250.85,250.89,250.57,250.74,0,0,37789
3314,2020-09-25 12:52:00,250.77,250.87,250.74,250.75,0,0,9280
3315,2020-09-25 12:53:00,250.74,250.98,250.66,250.93,0,0,35207
3316,2020-09-25 12:54:00,250.96,251.11,250.95,251.05,0,0,21484
3317,2020-09-25 12:55:00,251.09,251.15,251.03,251.12,0,0,14407
3318,2020-09-25 12:56:00,251.12,251.25,251.06,251.21,0,0,22561
3319,2020-09-25 12:57:00,251.24,251.27,251.03,251.06,0,0,22316
3320,2020-09-25 12:58:00,251.08,251.15,251.02,251.09,0,0,12929
3321,2020-09-25 12:59:00,251.1,251.16,250.94,251.01,0,0,18898
3322,2020-09-25 13:00:00,251.04,251.11,250.81,250.98,0,0,45672
3323,2020-09-25 13:01:00,250.98,251.06,250.91,250.95,0,0,16371
3324,2020-09-25 13:02:00,250.95,251.28,250.93,251.02,0,0,38934
3325,2020-09-25 13:03:00,251.0,251.04,250.84,250.97,0,0,24265
3326,2020-09-25 13:04:00,250.95,251.11,250.95,251.06,0,0,32349
3327,2020-09-25 13:05:00,250.97,251.15,250.91,251.03,0,0,15230
3328,2020-09-25 13:06:00,251.0,251.18,250.94,251.17,0,0,24512
3329,2020-09-25 13:07:00,251.2,251.32,251.2,251.3,0,0,24250
3330,2020-09-25 13:08:00,251.28,251.32,251.23,251.3,0,0,21956
3331,2020-09-25 13:09:00,251.26,251.35,251.2,251.3,0,0,35505
3332,2020-09-25 13:10:00,251.32,251.45,251.28,251.4,0,0,23722
3333,2020-09-25 13:11:00,251.4,251.48,251.31,251.46,0,0,22896
3334,2020-09-25 13:12:00,251.46,251.65,251.43,251.63,0,0,35615
3335,2020-09-25 13:13:00,251.63,251.63,251.4,251.49,0,0,50373
3336,2020-09-25 13:14:00,251.49,251.65,251.47,251.56,0,0,36821
3337,2020-09-25 13:15:00,251.55,251.64,251.52,251.59,0,0,16610
3338,2020-09-25 13:16:00,251.62,251.7,251.45,251.5,0,0,20473
3339,2020-09-25 13:17:00,251.51,251.55,251.26,251.45,0,0,16889
3340,2020-09-25 13:18:00,251.44,251.44,251.35,251.4,0,0,10310
3341,2020-09-25 13:19:00,251.4,251.4,251.05,251.05,0,0,15196
3342,2020-09-25 13:20:00,251.11,251.26,251.07,251.2,0,0,27202
3343,2020-09-25 13:21:00,251.23,251.28,251.09,251.13,0,0,12245
3344,2020-09-25 13:22:00,251.13,251.18,251.05,251.05,0,0,8502
3345,2020-09-25 13:23:00,251.06,251.17,250.94,251.16,0,0,13896
3346,2020-09-25 13:24:00,251.16,251.19,250.9,251.04,0,0,25323
3347,2020-09-25 13:25:00,251.0,251.19,251.0,251.13,0,0,10899
3348,2020-09-25 13:26:00,251.07,251.23,250.98,250.99,0,0,25894
3349,2020-09-25 13:27:00,251.01,251.09,250.92,251.0,0,0,25401
3350,2020-09-25 13:28:00,250.98,251.11,250.87,251.05,0,0,34584
3351,2020-09-25 13:29:00,251.07,251.2,251.06,251.06,0,0,11969
3352,2020-09-25 13:30:00,251.1,251.2,251.01,251.16,0,0,14151
3353,2020-09-25 13:31:00,251.16,251.34,251.13,251.34,0,0,15127
3354,2020-09-25 13:32:00,251.32,251.35,251.14,251.26,0,0,369018
3355,2020-09-25 13:33:00,251.25,251.3,250.98,251.06,0,0,20842
3356,2020-09-25 13:34:00,251.07,251.3,251.07,251.3,0,0,24277
3357,2020-09-25 13:35:00,251.3,251.44,251.25,251.36,0,0,19650
3358,2020-09-25 13:36:00,251.35,251.36,251.21,251.22,0,0,23763
3359,2020-09-25 13:37:00,251.21,251.35,251.2,251.29,0,0,12341
3360,2020-09-25 13:38:00,251.28,251.33,251.15,251.17,0,0,10185
3361,2020-09-25 13:39:00,251.22,251.36,251.22,251.26,0,0,6081
3362,2020-09-25 13:40:00,251.28,251.62,251.28,251.62,0,0,19508
3363,2020-09-25 13:41:00,251.58,251.86,251.51,251.71,0,0,39278
3364,2020-09-25 13:42:00,251.72,251.94,251.72,251.94,0,0,23363
3365,2020-09-25 13:43:00,251.91,252.15,251.88,252.12,0,0,77745
3366,2020-09-25 13:44:00,252.1,252.14,251.99,252.11,0,0,78431
3367,2020-09-25 13:45:00,252.1,252.42,252.1,252.18,0,0,80027
3368,2020-09-25 13:46:00,252.22,252.59,252.07,252.59,0,0,65394
3369,2020-09-25 13:47:00,252.59,252.66,252.42,252.49,0,0,67413
3370,2020-09-25 13:48:00,252.46,252.94,252.46,252.87,0,0,81306
3371,2020-09-25 13:49:00,252.86,253.05,252.72,252.82,0,0,76679
3372,2020-09-25 13:50:00,252.82,252.9,252.69,252.77,0,0,65605
3373,2020-09-25 13:51:00,252.75,252.78,252.46,252.51,0,0,51671
3374,2020-09-25 13:52:00,252.48,252.74,252.48,252.7,0,0,35038
3375,2020-09-25 13:53:00,252.63,252.86,252.63,252.71,0,0,34327
3376,2020-09-25 13:54:00,252.71,252.82,252.55,252.64,0,0,20906
3377,2020-09-25 13:55:00,252.6,252.82,252.6,252.82,0,0,26495
3378,2020-09-25 13:56:00,252.8,252.9,252.61,252.84,0,0,37697
3379,2020-09-25 13:57:00,252.87,253.04,252.74,253.02,0,0,32530
3380,2020-09-25 13:58:00,253.05,253.12,252.89,252.92,0,0,28481
3381,2020-09-25 13:59:00,252.96,253.1,252.88,253.02,0,0,25197
3382,2020-09-25 14:00:00,253.03,253.07,252.82,252.96,0,0,33629
3383,2020-09-25 14:01:00,253.02,253.17,252.95,252.99,0,0,31580
3384,2020-09-25 14:02:00,253.0,253.17,252.98,253.1,0,0,25746
3385,2020-09-25 14:03:00,253.08,253.1,252.83,252.83,0,0,24040
3386,2020-09-25 14:04:00,252.8,253.09,252.78,253.09,0,0,28905
3387,2020-09-25 14:05:00,253.11,253.16,252.97,253.08,0,0,32539
3388,2020-09-25 14:06:00,253.05,253.36,253.04,253.19,0,0,32313
3389,2020-09-25 14:07:00,253.21,253.46,253.21,253.35,0,0,27425
3390,2020-09-25 14:08:00,253.39,253.41,253.21,253.22,0,0,20945
3391,2020-09-25 14:09:00,253.21,253.34,253.13,253.24,0,0,20201
3392,2020-09-25 14:10:00,253.24,253.32,253.16,253.24,0,0,27329
3393,2020-09-25 14:11:00,253.24,253.4,253.2,253.37,0,0,19127
3394,2020-09-25 14:12:00,253.34,253.56,253.27,253.52,0,0,25016
3395,2020-09-25 14:13:00,253.5,253.51,253.17,253.18,0,0,34347
3396,2020-09-25 14:14:00,253.15,253.31,253.15,253.31,0,0,27977
3397,2020-09-25 14:15:00,253.34,253.44,253.27,253.38,0,0,35678
3398,2020-09-25 14:16:00,253.37,253.61,253.37,253.55,0,0,24654
3399,2020-09-25 14:17:00,253.57,253.64,253.45,253.47,0,0,21715
3400,2020-09-25 14:18:00,253.45,253.56,253.4,253.53,0,0,21296
3401,2020-09-25 14:19:00,253.53,253.83,253.53,253.82,0,0,42435
3402,2020-09-25 14:20:00,253.82,253.82,253.4,253.54,0,0,31918
3403,2020-09-25 14:21:00,253.51,253.58,253.41,253.49,0,0,36699
3404,2020-09-25 14:22:00,253.51,253.74,253.51,253.69,0,0,26166
3405,2020-09-25 14:23:00,253.71,253.84,253.6,253.71,0,0,23072
3406,2020-09-25 14:24:00,253.69,253.69,253.5,253.53,0,0,32460
3407,2020-09-25 14:25:00,253.5,253.55,253.32,253.53,0,0,49951
3408,2020-09-25 14:26:00,253.51,253.61,253.33,253.35,0,0,34652
3409,2020-09-25 14:27:00,253.33,253.56,253.19,253.25,0,0,33516
3410,2020-09-25 14:28:00,253.24,253.45,253.24,253.39,0,0,24308
3411,2020-09-25 14:29:00,253.45,253.49,253.23,253.24,0,0,21966
3412,2020-09-25 14:30:00,253.23,253.26,253.07,253.13,0,0,29145
3413,2020-09-25 14:31:00,253.12,253.19,253.02,253.14,0,0,30913
3414,2020-09-25 14:32:00,253.15,253.26,253.13,253.18,0,0,30114
3415,2020-09-25 14:33:00,253.13,253.24,253.06,253.16,0,0,19028
3416,2020-09-25 14:34:00,253.13,253.24,253.11,253.14,0,0,12673
3417,2020-09-25 14:35:00,253.15,253.4,253.15,253.35,0,0,19118
3418,2020-09-25 14:36:00,253.35,253.55,253.19,253.43,0,0,19019
3419,2020-09-25 14:37:00,253.44,253.51,253.36,253.49,0,0,16700
3420,2020-09-25 14:38:00,253.47,253.6,253.42,253.54,0,0,22134
3421,2020-09-25 14:39:00,253.54,253.71,253.54,253.58,0,0,26071
3422,2020-09-25 14:40:00,253.6,253.67,253.45,253.62,0,0,34101
3423,2020-09-25 14:41:00,253.6,253.68,253.56,253.6,0,0,22753
3424,2020-09-25 14:42:00,253.58,253.62,253.32,253.48,0,0,27025
3425,2020-09-25 14:43:00,253.45,253.47,253.24,253.34,0,0,21190
3426,2020-09-25 14:44:00,253.34,253.55,253.34,253.47,0,0,16121
3427,2020-09-25 14:45:00,253.44,253.78,253.44,253.66,0,0,22986
3428,2020-09-25 14:46:00,253.65,253.73,253.57,253.7,0,0,21321
3429,2020-09-25 14:47:00,253.72,253.9,253.71,253.88,0,0,23121
3430,2020-09-25 14:48:00,253.9,253.91,253.84,253.9,0,0,21652
3431,2020-09-25 14:49:00,253.88,253.94,253.7,253.83,0,0,19179
3432,2020-09-25 14:50:00,253.85,254.32,253.85,254.18,0,0,64486
3433,2020-09-25 14:51:00,254.2,254.28,254.03,254.2,0,0,25680
3434,2020-09-25 14:52:00,254.2,254.36,254.2,254.33,0,0,33198
3435,2020-09-25 14:53:00,254.33,254.4,254.26,254.35,0,0,42392
3436,2020-09-25 14:54:00,254.32,254.48,254.22,254.46,0,0,57916
3437,2020-09-25 14:55:00,254.45,254.45,254.18,254.22,0,0,35273
3438,2020-09-25 14:56:00,254.22,254.25,254.12,254.19,0,0,37961
3439,2020-09-25 14:57:00,254.18,254.29,254.07,254.22,0,0,41442
3440,2020-09-25 14:58:00,254.23,254.36,254.16,254.26,0,0,30846
3441,2020-09-25 14:59:00,254.26,254.35,254.15,254.23,0,0,25320
3442,2020-09-25 15:00:00,254.2,254.39,254.06,254.33,0,0,63510
3443,2020-09-25 15:01:00,254.3,254.6,254.26,254.55,0,0,44130
3444,2020-09-25 15:02:00,254.59,254.7,254.44,254.55,0,0,38988
3445,2020-09-25 15:03:00,254.56,254.66,254.47,254.47,0,0,33330
3446,2020-09-25 15:04:00,254.48,254.69,254.37,254.4,0,0,25486
3447,2020-09-25 15:05:00,254.39,254.65,254.33,254.63,0,0,30433
3448,2020-09-25 15:06:00,254.66,254.69,254.35,254.53,0,0,27501
3449,2020-09-25 15:07:00,254.54,254.55,254.38,254.5,0,0,30611
3450,2020-09-25 15:08:00,254.52,254.83,254.45,254.74,0,0,42002
3451,2020-09-25 15:09:00,254.75,254.95,254.74,254.84,0,0,49571
3452,2020-09-25 15:10:00,254.8,255.14,254.73,255.01,0,0,75201
3453,2020-09-25 15:11:00,255.0,255.15,254.9,254.9,0,0,38110
3454,2020-09-25 15:12:00,254.92,255.03,254.72,255.03,0,0,42696
3455,2020-09-25 15:13:00,255.03,255.13,254.94,255.08,0,0,43552
3456,2020-09-25 15:14:00,255.08,255.09,254.85,254.98,0,0,28168
3457,2020-09-25 15:15:00,254.99,255.07,254.95,254.96,0,0,36366
3458,2020-09-25 15:16:00,254.97,255.15,254.85,255.07,0,0,51364
3459,2020-09-25 15:17:00,255.07,255.17,254.97,255.15,0,0,32187
3460,2020-09-25 15:18:00,255.15,255.47,255.09,255.35,0,0,49505
3461,2020-09-25 15:19:00,255.35,255.48,255.33,255.45,0,0,40493
3462,2020-09-25 15:20:00,255.46,255.58,255.27,255.52,0,0,53812
3463,2020-09-25 15:21:00,255.49,255.75,255.47,255.65,0,0,72184
3464,2020-09-25 15:22:00,255.63,255.75,255.26,255.53,0,0,79793
3465,2020-09-25 15:23:00,255.58,255.67,255.37,255.37,0,0,57204
3466,2020-09-25 15:24:00,255.4,255.54,255.3,255.33,0,0,43222
3467,2020-09-25 15:25:00,255.34,255.66,255.23,255.26,0,0,93663
3468,2020-09-25 15:26:00,255.26,255.4,255.07,255.18,0,0,56671
3469,2020-09-25 15:27:00,255.14,255.34,255.11,255.2,0,0,32827
3470,2020-09-25 15:28:00,255.2,255.21,254.95,255.01,0,0,48206
3471,2020-09-25 15:29:00,255.02,255.08,254.86,254.98,0,0,69402
3472,2020-09-25 15:30:00,254.93,255.1,254.89,254.95,0,0,50070
3473,2020-09-25 15:31:00,254.95,255.1,254.9,255.0,0,0,52767
3474,2020-09-25 15:32:00,255.0,255.18,255.0,255.02,0,0,53984
3475,2020-09-25 15:33:00,255.01,255.06,254.78,254.96,0,0,62920
3476,2020-09-25 15:34:00,254.96,255.08,254.83,254.94,0,0,60292
3477,2020-09-25 15:35:00,254.97,254.99,254.58,254.91,0,0,87303
3478,2020-09-25 15:36:00,254.88,254.98,254.77,254.84,0,0,46848
3479,2020-09-25 15:37:00,254.86,255.3,254.86,255.15,0,0,69713
3480,2020-09-25 15:38:00,255.12,255.2,254.89,255.15,0,0,53603
3481,2020-09-25 15:39:00,255.07,255.07,254.62,254.79,0,0,50154
3482,2020-09-25 15:40:00,254.83,254.97,254.72,254.73,0,0,68295
3483,2020-09-25 15:41:00,254.72,255.03,254.67,254.99,0,0,51575
3484,2020-09-25 15:42:00,255.0,255.09,254.77,255.01,0,0,60915
3485,2020-09-25 15:43:00,255.0,255.14,254.97,255.11,0,0,37290
3486,2020-09-25 15:44:00,255.11,255.38,255.07,255.22,0,0,64355
3487,2020-09-25 15:45:00,255.21,255.22,254.96,255.01,0,0,42724
3488,2020-09-25 15:46:00,255.02,255.14,254.87,254.99,0,0,52220
3489,2020-09-25 15:47:00,255.0,255.07,254.74,254.88,0,0,57400
3490,2020-09-25 15:48:00,254.86,255.13,254.85,255.1,0,0,47750
3491,2020-09-25 15:49:00,255.12,255.23,254.95,255.21,0,0,47360
3492,2020-09-25 15:50:00,255.18,255.18,254.3,254.79,0,0,126349
3493,2020-09-25 15:51:00,254.78,255.03,254.76,254.86,0,0,58752
3494,2020-09-25 15:52:00,254.85,255.18,254.84,255.04,0,0,72664
3495,2020-09-25 15:53:00,255.02,255.1,254.75,254.81,0,0,89451
3496,2020-09-25 15:54:00,254.79,255.07,254.76,254.76,0,0,81650
3497,2020-09-25 15:55:00,254.75,254.91,254.72,254.83,0,0,100183
3498,2020-09-25 15:56:00,254.84,254.97,254.75,254.86,0,0,85565
3499,2020-09-25 15:57:00,254.85,254.93,254.77,254.79,0,0,85353
3500,2020-09-25 15:58:00,254.8,254.88,254.65,254.86,0,0,129052
3501,2020-09-25 15:59:00,254.87,254.98,254.69,254.87,0,0,273474
3502,2020-09-28 09:30:00,259.4,259.6,258.61,258.78,0,0,506085
3503,2020-09-28 09:31:00,258.72,258.93,258.49,258.64,0,0,78329
3504,2020-09-28 09:32:00,258.58,258.81,258.2,258.65,0,0,68923
3505,2020-09-28 09:33:00,258.65,258.66,258.06,258.33,0,0,71036
3506,2020-09-28 09:34:00,258.4,258.95,258.33,258.85,0,0,83360
3507,2020-09-28 09:35:00,258.81,259.13,258.49,258.56,0,0,95124
3508,2020-09-28 09:36:00,258.57,258.71,257.65,257.69,0,0,107206
3509,2020-09-28 09:37:00,257.05,257.7,256.81,257.24,0,0,90139
3510,2020-09-28 09:38:00,257.37,257.47,256.89,257.4,0,0,65844
3511,2020-09-28 09:39:00,257.47,257.71,257.38,257.63,0,0,66850
3512,2020-09-28 09:40:00,257.92,258.42,257.56,258.39,0,0,74703
3513,2020-09-28 09:41:00,258.26,258.56,258.14,258.14,0,0,47171
3514,2020-09-28 09:42:00,258.33,258.55,258.0,258.1,0,0,96251
3515,2020-09-28 09:43:00,258.17,258.47,257.87,258.06,0,0,58897
3516,2020-09-28 09:44:00,258.04,258.48,257.79,258.42,0,0,59248
3517,2020-09-28 09:45:00,258.42,258.69,258.09,258.41,0,0,74679
3518,2020-09-28 09:46:00,258.38,258.72,258.35,258.58,0,0,51603
3519,2020-09-28 09:47:00,258.61,258.61,258.15,258.19,0,0,56904
3520,2020-09-28 09:48:00,257.75,258.29,257.59,257.69,0,0,42952
3521,2020-09-28 09:49:00,257.75,257.78,257.46,257.46,0,0,50330
3522,2020-09-28 09:50:00,257.43,257.54,257.27,257.39,0,0,51436
3523,2020-09-28 09:51:00,257.34,257.79,256.92,257.5,0,0,65080
3524,2020-09-28 09:52:00,257.54,257.86,257.46,257.82,0,0,47263
3525,2020-09-28 09:53:00,257.33,257.82,257.02,257.33,0,0,52406
3526,2020-09-28 09:54:00,257.37,257.57,257.19,257.24,0,0,45331
3527,2020-09-28 09:55:00,257.19,257.36,257.09,257.22,0,0,55002
3528,2020-09-28 09:56:00,257.24,257.4,257.08,257.22,0,0,32131
3529,2020-09-28 09:57:00,257.29,257.61,257.23,257.52,0,0,50249
3530,2020-09-28 09:58:00,257.67,257.87,257.49,257.64,0,0,47998
3531,2020-09-28 09:59:00,257.54,257.67,257.32,257.53,0,0,50510
3532,2020-09-28 10:00:00,257.55,257.55,256.71,256.71,0,0,75903
3533,2020-09-28 10:01:00,256.76,257.36,256.76,256.92,0,0,48310
3534,2020-09-28 10:02:00,256.95,257.42,256.91,257.17,0,0,47312
3535,2020-09-28 10:03:00,257.22,257.72,257.22,257.6,0,0,49736
3536,2020-09-28 10:04:00,257.46,257.65,257.25,257.46,0,0,27023
3537,2020-09-28 10:05:00,257.45,257.55,257.27,257.37,0,0,42152
3538,2020-09-28 10:06:00,257.36,257.4,257.07,257.14,0,0,34249
3539,2020-09-28 10:07:00,257.17,257.17,256.37,256.58,0,0,65765
3540,2020-09-28 10:08:00,256.58,256.84,256.48,256.83,0,0,39581
3541,2020-09-28 10:09:00,256.82,257.05,256.69,256.89,0,0,51293
3542,2020-09-28 10:10:00,256.89,257.23,256.84,256.95,0,0,44940
3543,2020-09-28 10:11:00,256.92,257.25,256.77,256.86,0,0,40297
3544,2020-09-28 10:12:00,256.82,257.12,256.8,256.96,0,0,34419
3545,2020-09-28 10:13:00,256.99,257.21,256.99,257.18,0,0,31121
3546,2020-09-28 10:14:00,257.19,257.45,257.05,257.37,0,0,45770
3547,2020-09-28 10:15:00,257.49,257.57,257.36,257.49,0,0,60816
3548,2020-09-28 10:16:00,257.55,257.78,257.4,257.4,0,0,58845
3549,2020-09-28 10:17:00,257.38,257.38,256.75,256.86,0,0,53877
3550,2020-09-28 10:18:00,256.87,256.91,256.59,256.85,0,0,35557
3551,2020-09-28 10:19:00,256.83,257.11,256.83,256.95,0,0,35373
3552,2020-09-28 10:20:00,257.04,257.12,256.81,257.04,0,0,66385
3553,2020-09-28 10:21:00,257.12,257.48,257.08,257.37,0,0,53147
3554,2020-09-28 10:22:00,257.34,257.36,257.0,257.1,0,0,63367
3555,2020-09-28 10:23:00,257.09,257.22,257.0,257.03,0,0,42494
3556,2020-09-28 10:24:00,257.1,257.12,256.99,257.1,0,0,53836
3557,2020-09-28 10:25:00,257.07,257.13,256.65,257.06,0,0,56632
3558,2020-09-28 10:26:00,257.07,257.27,256.93,257.07,0,0,55198
3559,2020-09-28 10:27:00,257.08,257.38,257.08,257.32,0,0,49308
3560,2020-09-28 10:28:00,257.29,257.41,257.2,257.41,0,0,37428
3561,2020-09-28 10:29:00,257.4,257.4,257.0,257.08,0,0,44395
3562,2020-09-28 10:30:00,257.1,257.2,256.79,257.2,0,0,53198
3563,2020-09-28 10:31:00,257.21,257.59,257.01,257.4,0,0,51045
3564,2020-09-28 10:32:00,257.36,257.42,256.98,257.22,0,0,50147
3565,2020-09-28 10:33:00,257.21,257.21,256.73,256.73,0,0,46030
3566,2020-09-28 10:34:00,256.71,256.79,256.06,256.08,0,0,97542
3567,2020-09-28 10:35:00,256.13,256.13,255.55,255.99,0,0,127637
3568,2020-09-28 10:36:00,256.03,256.07,255.65,255.66,0,0,37239
3569,2020-09-28 10:37:00,255.68,255.68,255.31,255.37,0,0,78353
3570,2020-09-28 10:38:00,255.37,255.4,255.0,255.15,0,0,92486
3571,2020-09-28 10:39:00,255.1,255.5,255.07,255.22,0,0,63368
3572,2020-09-28 10:40:00,255.2,255.34,254.82,255.22,0,0,140194
3573,2020-09-28 10:41:00,255.25,255.61,255.18,255.61,0,0,59512
3574,2020-09-28 10:42:00,255.61,255.82,255.54,255.82,0,0,62913
3575,2020-09-28 10:43:00,255.84,255.84,255.52,255.54,0,0,39665
3576,2020-09-28 10:44:00,255.5,255.94,255.39,255.86,0,0,27015
3577,2020-09-28 10:45:00,255.86,256.13,255.64,255.73,0,0,53777
3578,2020-09-28 10:46:00,255.72,255.74,255.43,255.48,0,0,29164
3579,2020-09-28 10:47:00,255.43,256.06,255.38,255.89,0,0,42210
3580,2020-09-28 10:48:00,255.89,256.07,255.57,255.68,0,0,29208
3581,2020-09-28 10:49:00,255.68,255.86,255.68,255.68,0,0,19834
3582,2020-09-28 10:50:00,255.7,256.0,255.68,255.9,0,0,44953
3583,2020-09-28 10:51:00,255.89,256.0,255.23,255.36,0,0,75259
3584,2020-09-28 10:52:00,255.36,255.96,255.33,255.88,0,0,76108
3585,2020-09-28 10:53:00,255.43,255.85,255.26,255.43,0,0,32233
3586,2020-09-28 10:54:00,255.42,255.57,255.2,255.35,0,0,23694
3587,2020-09-28 10:55:00,255.28,255.55,255.22,255.38,0,0,27101
3588,2020-09-28 10:56:00,255.37,255.74,255.32,255.57,0,0,19599
3589,2020-09-28 10:57:00,255.54,255.54,255.04,255.19,0,0,44205
3590,2020-09-28 10:58:00,255.16,255.42,255.15,255.33,0,0,28929
3591,2020-09-28 10:59:00,255.26,255.35,255.04,255.26,0,0,23103
3592,2020-09-28 11:00:00,255.31,255.59,255.27,255.49,0,0,33480
3593,2020-09-28 11:01:00,255.48,255.8,255.41,255.75,0,0,30434
3594,2020-09-28 11:02:00,255.79,256.03,255.66,256.03,0,0,52919
3595,2020-09-28 11:03:00,256.02,256.36,256.0,256.24,0,0,43993
3596,2020-09-28 11:04:00,256.27,256.42,256.2,256.23,0,0,23857
3597,2020-09-28 11:05:00,256.21,256.36,256.04,256.15,0,0,20812
3598,2020-09-28 11:07:00,256.42,256.44,256.42,256.44,0,0,50749
3599,2020-09-28 11:08:00,256.34,256.55,256.26,256.35,0,0,17378
3600,2020-09-28 11:09:00,256.33,256.49,256.22,256.4,0,0,22294
3601,2020-09-28 11:10:00,256.33,256.5,256.13,256.46,0,0,60466
3602,2020-09-28 11:11:00,256.43,256.79,256.41,256.48,0,0,39773
3603,2020-09-28 11:12:00,256.45,256.85,256.45,256.8,0,0,42274
3604,2020-09-28 11:13:00,256.79,257.14,256.72,257.06,0,0,63660
3605,2020-09-28 11:14:00,257.06,257.2,256.86,257.11,0,0,39664
3606,2020-09-28 11:15:00,257.12,257.23,256.93,257.13,0,0,30287
3607,2020-09-28 11:16:00,256.91,257.1,256.88,256.91,0,0,18510
3608,2020-09-28 11:17:00,256.9,256.95,256.69,256.81,0,0,20370
3609,2020-09-28 11:18:00,256.77,256.93,256.64,256.9,0,0,26172
3610,2020-09-28 11:19:00,256.87,256.9,256.76,256.9,0,0,21287
3611,2020-09-28 11:20:00,256.89,256.96,256.49,256.5,0,0,28349
3612,2020-09-28 11:21:00,256.54,256.66,256.47,256.48,0,0,19902
3613,2020-09-28 11:22:00,256.46,256.75,256.25,256.75,0,0,50547
3614,2020-09-28 11:23:00,256.76,256.86,256.61,256.86,0,0,22057
3615,2020-09-28 11:24:00,256.9,257.14,256.9,257.1,0,0,46770
3616,2020-09-28 11:25:00,257.06,257.1,256.87,256.97,0,0,21033
3617,2020-09-28 11:26:00,256.96,256.97,256.47,256.69,0,0,36281
3618,2020-09-28 11:27:00,256.66,256.68,256.36,256.58,0,0,27995
3619,2020-09-28 11:28:00,256.55,256.72,256.53,256.59,0,0,19857
3620,2020-09-28 11:29:00,256.61,256.82,256.58,256.75,0,0,19673
3621,2020-09-28 11:30:00,256.76,256.85,256.42,256.5,0,0,27915
3622,2020-09-28 11:31:00,256.48,256.56,256.18,256.31,0,0,31137
3623,2020-09-28 11:32:00,256.53,256.62,256.23,256.53,0,0,9852
3624,2020-09-28 11:33:00,256.62,256.92,256.59,256.68,0,0,37937
3625,2020-09-28 11:34:00,256.69,256.77,256.61,256.72,0,0,11777
3626,2020-09-28 11:35:00,256.75,256.99,256.68,256.9,0,0,34536
3627,2020-09-28 11:36:00,256.94,257.19,256.9,257.02,0,0,34210
3628,2020-09-28 11:37:00,257.01,257.2,256.97,257.2,0,0,29621
3629,2020-09-28 11:38:00,257.21,257.3,257.06,257.18,0,0,44513
3630,2020-09-28 11:39:00,257.16,257.29,257.01,257.24,0,0,30567
3631,2020-09-28 11:40:00,257.24,257.29,257.06,257.09,0,0,22096
3632,2020-09-28 11:41:00,257.09,257.2,257.06,257.06,0,0,26299
3633,2020-09-28 11:42:00,257.05,257.05,256.67,256.74,0,0,38866
3634,2020-09-28 11:43:00,256.69,257.0,256.69,256.87,0,0,17785
3635,2020-09-28 11:44:00,256.82,257.08,256.79,257.04,0,0,21245
3636,2020-09-28 11:45:00,257.05,257.17,257.01,257.03,0,0,39130
3637,2020-09-28 11:46:00,256.99,256.99,256.55,256.64,0,0,47026
3638,2020-09-28 11:47:00,256.66,256.71,256.42,256.52,0,0,29407
3639,2020-09-28 11:48:00,256.51,256.69,256.38,256.62,0,0,22286
3640,2020-09-28 11:49:00,256.39,256.59,256.25,256.39,0,0,33700
3641,2020-09-28 11:50:00,256.41,256.64,256.27,256.58,0,0,22820
3642,2020-09-28 11:51:00,256.57,256.57,256.36,256.55,0,0,18547
3643,2020-09-28 11:52:00,256.52,256.7,256.36,256.61,0,0,26271
3644,2020-09-28 11:53:00,256.62,256.85,256.55,256.6,0,0,33044
3645,2020-09-28 11:54:00,256.53,256.57,256.31,256.46,0,0,18191
3646,2020-09-28 11:55:00,256.44,256.46,256.13,256.19,0,0,23165
3647,2020-09-28 11:56:00,256.18,256.26,256.04,256.07,0,0,26469
3648,2020-09-28 11:57:00,256.07,256.09,255.81,255.9,0,0,31278
3649,2020-09-28 11:58:00,255.89,256.2,255.89,255.92,0,0,33018
3650,2020-09-28 11:59:00,255.94,256.26,255.94,256.2,0,0,11494
3651,2020-09-28 12:00:00,256.21,256.3,256.0,256.0,0,0,43350
3652,2020-09-28 12:01:00,256.04,256.13,255.9,256.04,0,0,42993
3653,2020-09-28 12:02:00,256.13,256.16,255.84,255.84,0,0,46882
3654,2020-09-28 12:03:00,255.84,256.0,255.84,255.94,0,0,15418
3655,2020-09-28 12:04:00,255.91,256.01,255.8,255.85,0,0,18086
3656,2020-09-28 12:05:00,255.85,255.9,255.77,255.79,0,0,29487
3657,2020-09-28 12:06:00,255.81,255.9,255.72,255.84,0,0,27962
3658,2020-09-28 12:07:00,255.85,256.09,255.81,256.09,0,0,29947
3659,2020-09-28 12:08:00,256.05,256.11,255.91,256.04,0,0,24342
3660,2020-09-28 12:09:00,256.07,256.36,256.07,256.21,0,0,18892
3661,2020-09-28 12:10:00,256.18,256.21,255.93,255.99,0,0,16214
3662,2020-09-28 12:11:00,256.03,256.14,255.86,256.06,0,0,28059
3663,2020-09-28 12:12:00,256.05,256.07,255.93,256.01,0,0,6584
3664,2020-09-28 12:13:00,256.0,256.0,255.82,255.87,0,0,11247
3665,2020-09-28 12:14:00,255.86,256.18,255.85,256.07,0,0,15916
3666,2020-09-28 12:15:00,256.04,256.4,256.02,256.09,0,0,30106
3667,2020-09-28 12:16:00,255.99,255.99,255.73,255.79,0,0,28968
3668,2020-09-28 12:17:00,255.77,255.87,255.64,255.68,0,0,14790
3669,2020-09-28 12:18:00,255.69,255.79,255.6,255.65,0,0,17614
3670,2020-09-28 12:19:00,255.65,255.78,255.57,255.78,0,0,14089
3671,2020-09-28 12:20:00,255.75,255.95,255.72,255.85,0,0,16719
3672,2020-09-28 12:21:00,255.8,255.87,255.59,255.61,0,0,15904
3673,2020-09-28 12:22:00,255.64,255.67,255.53,255.67,0,0,15905
3674,2020-09-28 12:23:00,255.73,256.01,255.73,256.0,0,0,22969
3675,2020-09-28 12:24:00,256.0,256.0,255.76,255.84,0,0,22498
3676,2020-09-28 12:25:00,255.73,255.97,255.66,255.73,0,0,13947
3677,2020-09-28 12:26:00,255.71,255.86,255.65,255.84,0,0,13135
3678,2020-09-28 12:27:00,255.82,255.9,255.75,255.83,0,0,12313
3679,2020-09-28 12:28:00,255.81,256.0,255.75,255.93,0,0,14262
3680,2020-09-28 12:29:00,255.91,256.2,255.83,256.17,0,0,18595
3681,2020-09-28 12:30:00,256.16,256.17,255.97,255.99,0,0,11142
3682,2020-09-28 12:31:00,255.91,255.95,255.8,255.95,0,0,13323
3683,2020-09-28 12:32:00,255.92,256.15,255.85,256.11,0,0,14820
3684,2020-09-28 12:33:00,256.1,256.21,256.08,256.11,0,0,15377
3685,2020-09-28 12:34:00,256.13,256.26,256.04,256.17,0,0,34938
3686,2020-09-28 12:35:00,256.18,256.24,255.99,256.06,0,0,29246
3687,2020-09-28 12:36:00,256.05,256.13,256.04,256.11,0,0,20099
3688,2020-09-28 12:37:00,256.09,256.11,255.97,256.08,0,0,18883
3689,2020-09-28 12:38:00,256.05,256.13,255.92,255.95,0,0,16198
3690,2020-09-28 12:39:00,255.95,256.08,255.83,256.06,0,0,22454
3691,2020-09-28 12:40:00,256.08,256.18,255.99,256.02,0,0,58066
3692,2020-09-28 12:41:00,256.02,256.08,255.91,255.98,0,0,35455
3693,2020-09-28 12:42:00,255.97,255.97,255.84,255.91,0,0,28588
3694,2020-09-28 12:43:00,255.9,256.08,255.89,256.02,0,0,24578
3695,2020-09-28 12:44:00,256.05,256.11,256.04,256.07,0,0,13320
3696,2020-09-28 12:45:00,256.06,256.12,255.98,256.02,0,0,40222
3697,2020-09-28 12:46:00,256.06,256.07,255.89,256.06,0,0,13676
3698,2020-09-28 12:47:00,256.07,256.14,256.02,256.05,0,0,35625
3699,2020-09-28 12:48:00,256.07,256.11,256.02,256.09,0,0,29157
3700,2020-09-28 12:49:00,256.01,256.07,255.96,256.05,0,0,25342
3701,2020-09-28 12:50:00,256.04,256.54,256.04,256.32,0,0,66579
3702,2020-09-28 12:51:00,256.35,256.38,256.23,256.23,0,0,19729
3703,2020-09-28 12:52:00,256.24,256.39,256.16,256.39,0,0,16228
3704,2020-09-28 12:53:00,256.36,256.36,256.23,256.24,0,0,15464
3705,2020-09-28 12:54:00,256.25,256.34,256.24,256.34,0,0,15664
3706,2020-09-28 12:55:00,256.3,256.36,256.23,256.28,0,0,19737
3707,2020-09-28 12:56:00,256.29,256.5,256.25,256.34,0,0,23021
3708,2020-09-28 12:57:00,256.34,256.45,256.26,256.26,0,0,24538
3709,2020-09-28 12:58:00,256.25,256.36,256.19,256.2,0,0,17478
3710,2020-09-28 12:59:00,256.21,256.5,256.21,256.49,0,0,21660
3711,2020-09-28 13:00:00,256.48,256.57,256.39,256.43,0,0,18070
3712,2020-09-28 13:01:00,256.44,256.46,256.14,256.14,0,0,28878
3713,2020-09-28 13:02:00,256.15,256.36,256.08,256.34,0,0,27084
3714,2020-09-28 13:03:00,256.36,256.43,256.23,256.23,0,0,61698
3715,2020-09-28 13:04:00,256.25,256.38,256.22,256.25,0,0,18438
3716,2020-09-28 13:05:00,256.23,256.27,256.02,256.13,0,0,49432
3717,2020-09-28 13:06:00,256.17,256.33,256.13,256.19,0,0,25773
3718,2020-09-28 13:07:00,256.15,256.22,256.05,256.16,0,0,33482
3719,2020-09-28 13:08:00,256.16,256.3,256.1,256.1,0,0,13146
3720,2020-09-28 13:09:00,256.11,256.27,256.11,256.11,0,0,12004
3721,2020-09-28 13:10:00,256.12,256.21,255.9,255.91,0,0,27395
3722,2020-09-28 13:11:00,255.87,255.96,255.76,255.87,0,0,28163
3723,2020-09-28 13:12:00,255.91,255.96,255.83,255.83,0,0,22485
3724,2020-09-28 13:13:00,255.87,255.87,255.71,255.75,0,0,18060
3725,2020-09-28 13:14:00,255.79,255.94,255.77,255.92,0,0,16814
3726,2020-09-28 13:15:00,255.93,256.1,255.93,256.03,0,0,12894
3727,2020-09-28 13:16:00,255.99,256.08,255.92,255.95,0,0,17326
3728,2020-09-28 13:17:00,255.99,256.01,255.91,255.91,0,0,10443
3729,2020-09-28 13:18:00,255.9,256.06,255.84,256.0,0,0,12147
3730,2020-09-28 13:19:00,256.03,256.04,255.95,255.97,0,0,8503
3731,2020-09-28 13:20:00,255.94,256.24,255.94,256.24,0,0,19758
3732,2020-09-28 13:21:00,256.22,256.22,256.12,256.21,0,0,11793
3733,2020-09-28 13:22:00,256.18,256.58,256.18,256.58,0,0,30387
3734,2020-09-28 13:23:00,256.56,256.74,256.48,256.7,0,0,43870
3735,2020-09-28 13:24:00,256.72,256.87,256.72,256.83,0,0,22629
3736,2020-09-28 13:25:00,256.81,257.08,256.8,257.02,0,0,25255
3737,2020-09-28 13:26:00,257.02,257.07,256.79,256.79,0,0,26196
3738,2020-09-28 13:27:00,256.76,256.93,256.72,256.82,0,0,20951
3739,2020-09-28 13:28:00,256.85,256.86,256.67,256.77,0,0,16967
3740,2020-09-28 13:29:00,256.78,256.86,256.65,256.65,0,0,15872
3741,2020-09-28 13:30:00,256.7,256.83,256.45,256.54,0,0,36752
3742,2020-09-28 13:31:00,256.54,256.63,256.4,256.47,0,0,29386
3743,2020-09-28 13:32:00,256.42,256.65,256.35,256.55,0,0,52483
3744,2020-09-28 13:33:00,256.57,256.75,256.49,256.75,0,0,41466
3745,2020-09-28 13:34:00,256.72,256.77,256.7,256.7,0,0,20364
3746,2020-09-28 13:35:00,256.72,256.76,256.66,256.69,0,0,20124
3747,2020-09-28 13:36:00,256.66,256.75,256.55,256.57,0,0,25564
3748,2020-09-28 13:37:00,256.6,256.68,256.45,256.55,0,0,40920
3749,2020-09-28 13:38:00,256.55,256.59,256.4,256.4,0,0,17606
3750,2020-09-28 13:39:00,256.36,256.56,256.35,256.51,0,0,22717
3751,2020-09-28 13:40:00,256.53,256.71,256.52,256.67,0,0,24844
3752,2020-09-28 13:41:00,256.68,256.73,256.53,256.58,0,0,26963
3753,2020-09-28 13:42:00,256.6,256.61,256.47,256.47,0,0,20601
3754,2020-09-28 13:43:00,256.49,256.55,256.34,256.36,0,0,20617
3755,2020-09-28 13:44:00,256.4,256.52,256.32,256.45,0,0,26787
3756,2020-09-28 13:45:00,256.45,256.56,256.4,256.5,0,0,12371
3757,2020-09-28 13:46:00,256.47,256.66,256.47,256.56,0,0,21035
3758,2020-09-28 13:47:00,256.54,256.65,256.38,256.6,0,0,20110
3759,2020-09-28 13:48:00,256.59,256.78,256.58,256.65,0,0,24282
3760,2020-09-28 13:49:00,256.68,256.74,256.66,256.72,0,0,7828
3761,2020-09-28 13:50:00,256.75,256.75,256.58,256.66,0,0,20162
3762,2020-09-28 13:51:00,256.63,256.76,256.52,256.67,0,0,24835
3763,2020-09-28 13:52:00,256.64,256.64,256.49,256.52,0,0,10271
3764,2020-09-28 13:53:00,256.52,256.58,256.52,256.55,0,0,10128
3765,2020-09-28 13:54:00,256.53,256.57,256.48,256.52,0,0,11622
3766,2020-09-28 13:55:00,256.48,256.71,256.46,256.66,0,0,29436
3767,2020-09-28 13:56:00,256.62,256.69,256.49,256.54,0,0,46586
3768,2020-09-28 13:57:00,256.52,256.53,256.4,256.45,0,0,34700
3769,2020-09-28 13:58:00,256.42,256.51,256.27,256.3,0,0,24813
3770,2020-09-28 13:59:00,256.3,256.37,256.16,256.32,0,0,35879
3771,2020-09-28 14:00:00,256.32,256.58,256.32,256.44,0,0,22796
3772,2020-09-28 14:01:00,256.45,256.45,256.08,256.14,0,0,37591
3773,2020-09-28 14:02:00,256.11,256.24,256.1,256.1,0,0,15849
3774,2020-09-28 14:03:00,256.11,256.32,256.02,256.32,0,0,27395
3775,2020-09-28 14:04:00,256.38,256.39,256.2,256.27,0,0,19758
3776,2020-09-28 14:05:00,256.27,256.45,256.27,256.41,0,0,23368
3777,2020-09-28 14:06:00,256.42,256.5,256.12,256.23,0,0,29897
3778,2020-09-28 14:07:00,256.25,256.39,256.19,256.25,0,0,24867
3779,2020-09-28 14:08:00,256.24,256.41,256.22,256.35,0,0,19515
3780,2020-09-28 14:09:00,256.37,256.39,256.27,256.37,0,0,16384
3781,2020-09-28 14:10:00,256.38,256.5,256.3,256.3,0,0,26357
3782,2020-09-28 14:11:00,256.3,256.55,256.28,256.53,0,0,30736
3783,2020-09-28 14:12:00,256.53,256.71,256.4,256.49,0,0,72602
3784,2020-09-28 14:13:00,256.48,256.55,256.41,256.52,0,0,22180
3785,2020-09-28 14:14:00,256.58,256.58,256.4,256.43,0,0,11421
3786,2020-09-28 14:15:00,256.47,256.71,256.47,256.64,0,0,20402
3787,2020-09-28 14:16:00,256.65,256.67,256.45,256.46,0,0,22917
3788,2020-09-28 14:17:00,256.48,256.55,256.42,256.46,0,0,17926
3789,2020-09-28 14:18:00,256.42,256.48,256.38,256.42,0,0,20355
3790,2020-09-28 14:19:00,256.42,256.47,256.3,256.32,0,0,19519
3791,2020-09-28 14:20:00,256.3,256.33,256.02,256.03,0,0,32315
3792,2020-09-28 14:21:00,256.06,256.24,256.03,256.22,0,0,20545
3793,2020-09-28 14:22:00,256.27,256.3,255.86,255.91,0,0,42460
3794,2020-09-28 14:23:00,255.95,256.09,255.92,256.04,0,0,20600
3795,2020-09-28 14:24:00,256.01,256.04,255.93,255.98,0,0,276012
3796,2020-09-28 14:25:00,255.97,256.38,255.93,256.24,0,0,32927
3797,2020-09-28 14:26:00,256.24,256.36,256.23,256.35,0,0,18972
3798,2020-09-28 14:27:00,256.37,256.49,256.32,256.34,0,0,21068
3799,2020-09-28 14:28:00,256.36,256.38,256.26,256.33,0,0,21829
3800,2020-09-28 14:29:00,256.35,256.52,256.35,256.44,0,0,19384
3801,2020-09-28 14:30:00,256.45,256.68,256.39,256.68,0,0,26958
3802,2020-09-28 14:31:00,256.67,256.79,256.65,256.72,0,0,34563
3803,2020-09-28 14:32:00,256.7,256.73,256.56,256.65,0,0,36602
3804,2020-09-28 14:33:00,256.63,256.66,256.55,256.63,0,0,39051
3805,2020-09-28 14:34:00,256.64,256.73,256.59,256.59,0,0,35713
3806,2020-09-28 14:35:00,256.61,256.66,256.17,256.29,0,0,42562
3807,2020-09-28 14:36:00,256.32,256.44,256.32,256.38,0,0,36831
3808,2020-09-28 14:37:00,256.36,256.39,256.31,256.38,0,0,20108
3809,2020-09-28 14:38:00,256.38,256.67,256.37,256.63,0,0,33191
3810,2020-09-28 14:39:00,256.61,256.65,256.47,256.56,0,0,27423
3811,2020-09-28 14:40:00,256.57,256.58,256.33,256.37,0,0,27414
3812,2020-09-28 14:41:00,256.33,256.5,256.33,256.43,0,0,18152
3813,2020-09-28 14:42:00,256.44,256.53,256.42,256.49,0,0,20445
3814,2020-09-28 14:43:00,256.49,256.7,256.49,256.65,0,0,54020
3815,2020-09-28 14:44:00,256.65,256.66,256.56,256.64,0,0,29559
3816,2020-09-28 14:45:00,256.6,256.84,256.59,256.83,0,0,27522
3817,2020-09-28 14:46:00,256.83,256.83,256.65,256.72,0,0,32667
3818,2020-09-28 14:47:00,256.76,256.95,256.74,256.92,0,0,26862
3819,2020-09-28 14:48:00,256.88,256.88,256.65,256.74,0,0,35318
3820,2020-09-28 14:49:00,256.74,256.74,256.46,256.51,0,0,29395
3821,2020-09-28 14:50:00,256.53,256.78,256.52,256.74,0,0,49763
3822,2020-09-28 14:51:00,256.77,256.85,256.71,256.71,0,0,32596
3823,2020-09-28 14:52:00,256.71,256.73,256.43,256.71,0,0,52186
3824,2020-09-28 14:53:00,256.66,256.8,256.61,256.68,0,0,27828
3825,2020-09-28 14:54:00,256.62,256.72,256.5,256.5,0,0,35995
3826,2020-09-28 14:55:00,256.5,256.75,256.3,256.73,0,0,36063
3827,2020-09-28 14:56:00,256.72,256.81,256.69,256.69,0,0,38426
3828,2020-09-28 14:57:00,256.7,256.85,256.7,256.81,0,0,19430
3829,2020-09-28 14:58:00,256.78,256.82,256.65,256.74,0,0,16757
3830,2020-09-28 14:59:00,256.74,256.82,256.67,256.74,0,0,13191
3831,2020-09-28 15:00:00,256.75,256.88,256.62,256.74,0,0,34131
3832,2020-09-28 15:01:00,256.72,256.83,256.67,256.8,0,0,23592
3833,2020-09-28 15:02:00,256.84,256.84,256.68,256.73,0,0,29169
3834,2020-09-28 15:03:00,256.7,256.73,256.56,256.67,0,0,23755
3835,2020-09-28 15:04:00,256.68,256.86,256.68,256.71,0,0,28623
3836,2020-09-28 15:05:00,256.66,256.85,256.66,256.83,0,0,24218
3837,2020-09-28 15:06:00,256.79,256.93,256.79,256.87,0,0,24089
3838,2020-09-28 15:07:00,256.87,256.91,256.75,256.79,0,0,17932
3839,2020-09-28 15:08:00,256.77,256.84,256.72,256.77,0,0,21758
3840,2020-09-28 15:09:00,256.73,256.81,256.55,256.58,0,0,44199
3841,2020-09-28 15:10:00,256.61,256.85,256.57,256.79,0,0,43691
3842,2020-09-28 15:11:00,256.77,256.77,256.55,256.64,0,0,34042
3843,2020-09-28 15:12:00,256.67,256.73,256.57,256.65,0,0,26997
3844,2020-09-28 15:13:00,256.65,256.79,256.61,256.65,0,0,27031
3845,2020-09-28 15:14:00,256.66,256.78,256.64,256.74,0,0,35741
3846,2020-09-28 15:15:00,256.74,256.77,256.5,256.66,0,0,62124
3847,2020-09-28 15:16:00,256.63,256.69,256.56,256.66,0,0,50480
3848,2020-09-28 15:17:00,256.64,256.97,256.64,256.97,0,0,62450
3849,2020-09-28 15:18:00,256.95,256.98,256.85,256.85,0,0,39809
3850,2020-09-28 15:19:00,256.81,256.92,256.75,256.9,0,0,25528
3851,2020-09-28 15:20:00,256.91,257.0,256.84,256.99,0,0,51484
3852,2020-09-28 15:21:00,257.0,257.09,256.98,257.03,0,0,87171
3853,2020-09-28 15:22:00,257.05,257.07,256.87,256.9,0,0,50153
3854,2020-09-28 15:23:00,256.89,256.98,256.81,256.83,0,0,40068
3855,2020-09-28 15:24:00,256.84,256.92,256.8,256.92,0,0,33816
3856,2020-09-28 15:25:00,256.9,257.03,256.86,257.02,0,0,32633
3857,2020-09-28 15:26:00,257.02,257.08,256.94,256.99,0,0,33706
3858,2020-09-28 15:27:00,256.98,256.98,256.91,256.91,0,0,19931
3859,2020-09-28 15:28:00,256.9,256.98,256.81,256.95,0,0,30066
3860,2020-09-28 15:29:00,256.95,256.96,256.82,256.86,0,0,16477
3861,2020-09-28 15:30:00,256.84,256.85,256.51,256.6,0,0,37192
3862,2020-09-28 15:31:00,256.61,256.81,256.31,256.31,0,0,40486
3863,2020-09-28 15:32:00,256.3,256.38,255.96,256.04,0,0,60242
3864,2020-09-28 15:33:00,256.06,256.09,255.83,255.96,0,0,50828
3865,2020-09-28 15:34:00,255.96,256.38,255.95,256.26,0,0,42920
3866,2020-09-28 15:35:00,256.27,256.49,256.19,256.25,0,0,52094
3867,2020-09-28 15:36:00,256.28,256.4,256.2,256.35,0,0,32555
3868,2020-09-28 15:37:00,256.39,256.56,256.3,256.41,0,0,52964
3869,2020-09-28 15:38:00,256.37,256.69,256.31,256.66,0,0,37202
3870,2020-09-28 15:39:00,256.66,256.85,256.64,256.7,0,0,40966
3871,2020-09-28 15:40:00,256.66,257.0,256.64,256.91,0,0,58865
3872,2020-09-28 15:41:00,256.9,256.93,256.74,256.88,0,0,31045
3873,2020-09-28 15:42:00,256.9,257.04,256.86,257.0,0,0,38973
3874,2020-09-28 15:43:00,257.01,257.12,256.9,256.91,0,0,62772
3875,2020-09-28 15:44:00,256.97,257.03,256.91,257.0,0,0,45613
3876,2020-09-28 15:45:00,256.99,257.01,256.78,256.96,0,0,62368
3877,2020-09-28 15:46:00,256.95,257.02,256.82,256.86,0,0,35220
3878,2020-09-28 15:47:00,256.86,257.08,256.86,256.98,0,0,55586
3879,2020-09-28 15:48:00,256.96,256.98,256.78,256.9,0,0,49200
3880,2020-09-28 15:49:00,256.89,256.89,256.62,256.66,0,0,42034
3881,2020-09-28 15:50:00,256.62,256.91,256.03,256.77,0,0,120839
3882,2020-09-28 15:51:00,256.77,256.83,256.67,256.7,0,0,17226
3883,2020-09-28 15:52:00,256.79,256.88,256.73,256.86,0,0,99786
3884,2020-09-28 15:53:00,256.86,256.98,256.85,256.93,0,0,58280
3885,2020-09-28 15:54:00,256.92,256.99,256.63,256.86,0,0,92638
3886,2020-09-28 15:55:00,256.86,256.9,256.54,256.76,0,0,122975
3887,2020-09-28 15:56:00,256.79,256.82,256.55,256.74,0,0,107807
3888,2020-09-28 15:57:00,256.73,256.93,256.6,256.7,0,0,139637
3889,2020-09-28 15:58:00,256.7,256.76,256.55,256.67,0,0,140342
3890,2020-09-28 15:59:00,256.69,257.01,256.48,256.84,0,0,298693
3891,2020-09-30 09:30:00,261.98,262.71,261.76,262.52,0,0,367132
3892,2020-09-30 09:31:00,262.47,262.48,261.71,262.14,0,0,55476
3893,2020-09-30 09:32:00,262.07,263.0,262.07,262.78,0,0,89881
3894,2020-09-30 09:33:00,262.64,263.24,262.6,263.09,0,0,74380
3895,2020-09-30 09:34:00,262.43,262.64,262.39,262.64,0,0,67928
3896,2020-09-30 09:35:00,262.27,262.41,262.15,262.21,0,0,56390
3897,2020-09-30 09:36:00,261.79,261.79,261.61,261.71,0,0,76970
3898,2020-09-30 09:37:00,261.97,262.09,261.8,261.9,0,0,59022
3899,2020-09-30 09:38:00,261.75,261.98,261.75,261.98,0,0,44808
3900,2020-09-30 09:39:00,261.91,261.91,261.88,261.88,0,0,33946
3901,2020-09-30 09:40:00,261.68,261.95,261.68,261.81,0,0,45771
3902,2020-09-30 09:41:00,261.76,262.06,261.4,261.92,0,0,61579
3903,2020-09-30 09:42:00,261.93,261.99,261.36,261.4,0,0,59120
3904,2020-09-30 09:43:00,261.47,261.53,261.45,261.53,0,0,39401
3905,2020-09-30 09:44:00,261.79,261.8,261.63,261.7,0,0,46298
3906,2020-09-30 09:45:00,261.79,261.98,261.68,261.91,0,0,50821
3907,2020-09-30 09:46:00,261.88,261.97,261.7,261.9,0,0,46888
3908,2020-09-30 09:47:00,262.1,262.31,262.1,262.23,0,0,54826
3909,2020-09-30 09:48:00,262.0,262.23,261.89,262.04,0,0,37126
3910,2020-09-30 09:49:00,261.89,262.06,261.83,261.84,0,0,45782
3911,2020-09-30 09:50:00,261.91,261.91,261.67,261.87,0,0,40090
3912,2020-09-30 09:51:00,262.56,262.64,262.49,262.64,0,0,70043
3913,2020-09-30 09:52:00,262.39,262.63,262.39,262.45,0,0,58534
3914,2020-09-30 09:53:00,262.29,262.42,262.23,262.3,0,0,33360
3915,2020-09-30 09:54:00,262.5,262.71,262.42,262.71,0,0,32406
3916,2020-09-30 09:55:00,262.8,262.96,262.61,262.67,0,0,38297
3917,2020-09-30 09:56:00,262.65,262.98,262.62,262.95,0,0,39853
3918,2020-09-30 09:57:00,263.5,263.79,263.38,263.62,0,0,98860
3919,2020-09-30 09:58:00,264.09,264.09,263.84,263.95,0,0,79070
3920,2020-09-30 09:59:00,263.76,264.09,263.5,263.5,0,0,70156
3921,2020-09-30 10:00:00,263.52,264.01,263.47,263.83,0,0,65629
3922,2020-09-30 10:01:00,263.74,263.76,263.48,263.63,0,0,47600
3923,2020-09-30 10:02:00,263.65,263.68,263.38,263.6,0,0,53786
3924,2020-09-30 10:03:00,263.61,263.82,263.3,263.73,0,0,41990
3925,2020-09-30 10:04:00,263.73,263.99,263.52,263.93,0,0,42255
3926,2020-09-30 10:05:00,263.92,264.0,263.6,263.7,0,0,52098
3927,2020-09-30 10:06:00,263.74,263.77,263.38,263.38,0,0,47204
3928,2020-09-30 10:07:00,263.35,263.71,263.21,263.54,0,0,55596
3929,2020-09-30 10:08:00,263.52,263.86,263.28,263.35,0,0,50468
3930,2020-09-30 10:09:00,263.37,263.5,263.15,263.24,0,0,37260
3931,2020-09-30 10:10:00,263.25,263.93,263.23,263.78,0,0,37772
3932,2020-09-30 10:11:00,263.85,263.93,263.59,263.72,0,0,37833
3933,2020-09-30 10:12:00,263.74,263.85,263.42,263.85,0,0,51671
3934,2020-09-30 10:13:00,263.31,263.84,263.31,263.31,0,0,45332
3935,2020-09-30 10:14:00,263.27,263.27,262.77,262.95,0,0,67936
3936,2020-09-30 10:15:00,262.95,263.14,262.47,262.61,0,0,71742
3937,2020-09-30 10:16:00,262.59,262.94,262.51,262.71,0,0,48005
3938,2020-09-30 10:17:00,262.66,263.35,262.58,263.19,0,0,51338
3939,2020-09-30 10:18:00,263.18,263.19,262.7,262.86,0,0,45187
3940,2020-09-30 10:19:00,262.85,262.85,262.57,262.62,0,0,26073
3941,2020-09-30 10:20:00,262.57,262.92,262.56,262.89,0,0,48153
3942,2020-09-30 10:21:00,262.91,263.18,262.79,263.14,0,0,44246
3943,2020-09-30 10:22:00,263.15,263.48,262.88,263.37,0,0,47162
3944,2020-09-30 10:23:00,263.4,263.49,263.3,263.48,0,0,33856
3945,2020-09-30 10:24:00,263.5,264.11,263.38,264.11,0,0,66859
3946,2020-09-30 10:25:00,264.11,264.38,263.7,263.72,0,0,82730
3947,2020-09-30 10:26:00,263.7,263.8,263.51,263.59,0,0,32445
3948,2020-09-30 10:27:00,263.58,263.76,263.53,263.62,0,0,35587
3949,2020-09-30 10:28:00,263.62,263.74,263.38,263.45,0,0,32877
3950,2020-09-30 10:29:00,263.45,263.61,263.25,263.5,0,0,32367
3951,2020-09-30 10:30:00,263.54,263.77,263.47,263.58,0,0,40886
3952,2020-09-30 10:31:00,263.53,264.0,263.43,263.98,0,0,35946
3953,2020-09-30 10:32:00,264.01,264.2,263.99,264.1,0,0,30047
3954,2020-09-30 10:33:00,264.07,264.1,263.58,263.63,0,0,27456
3955,2020-09-30 10:34:00,263.6,263.82,263.55,263.8,0,0,26228
3956,2020-09-30 10:35:00,263.79,263.95,263.54,263.54,0,0,34557
3957,2020-09-30 10:36:00,263.57,263.67,263.4,263.58,0,0,30723
3958,2020-09-30 10:37:00,263.64,263.75,263.55,263.62,0,0,24280
3959,2020-09-30 10:38:00,263.64,263.64,263.43,263.54,0,0,21124
3960,2020-09-30 10:39:00,263.55,263.75,263.45,263.59,0,0,23075
3961,2020-09-30 10:40:00,263.62,263.99,263.58,263.68,0,0,47179
3962,2020-09-30 10:41:00,263.7,263.7,263.5,263.53,0,0,25089
3963,2020-09-30 10:42:00,263.57,263.59,262.96,263.26,0,0,67123
3964,2020-09-30 10:43:00,263.23,263.3,263.0,263.09,0,0,43509
3965,2020-09-30 10:44:00,263.06,263.32,263.06,263.32,0,0,16413
3966,2020-09-30 10:45:00,263.32,263.33,263.11,263.21,0,0,30597
3967,2020-09-30 10:46:00,263.18,263.53,263.12,263.48,0,0,15923
3968,2020-09-30 10:47:00,263.51,263.63,263.29,263.38,0,0,15563
3969,2020-09-30 10:48:00,263.34,263.4,263.06,263.1,0,0,30531
3970,2020-09-30 10:49:00,263.1,263.11,262.99,263.04,0,0,48923
3971,2020-09-30 10:50:00,263.03,263.18,262.84,263.18,0,0,37308
3972,2020-09-30 10:51:00,263.16,263.21,262.86,262.98,0,0,22586
3973,2020-09-30 10:52:00,262.98,263.16,262.97,263.02,0,0,14805
3974,2020-09-30 10:53:00,262.98,263.37,262.93,263.18,0,0,60052
3975,2020-09-30 10:54:00,263.13,263.3,262.88,263.05,0,0,29163
3976,2020-09-30 10:55:00,263.04,263.2,263.0,263.08,0,0,30078
3977,2020-09-30 10:56:00,263.15,263.23,262.85,262.92,0,0,17864
3978,2020-09-30 10:57:00,262.94,263.08,262.7,262.92,0,0,35154
3979,2020-09-30 10:58:00,262.89,262.89,262.62,262.73,0,0,23017
3980,2020-09-30 10:59:00,262.72,262.74,262.56,262.72,0,0,32953
3981,2020-09-30 11:00:00,262.73,262.96,262.73,262.85,0,0,36529
3982,2020-09-30 11:01:00,262.88,262.93,262.58,262.86,0,0,24612
3983,2020-09-30 11:02:00,262.99,263.04,262.7,262.99,0,0,31707
3984,2020-09-30 11:03:00,263.02,263.38,263.0,263.21,0,0,28955
3985,2020-09-30 11:04:00,263.21,263.29,263.05,263.24,0,0,24202
3986,2020-09-30 11:05:00,263.24,263.73,263.24,263.52,0,0,49006
3987,2020-09-30 11:06:00,263.54,263.79,263.49,263.78,0,0,25798
3988,2020-09-30 11:07:00,263.77,263.95,263.75,263.81,0,0,32222
3989,2020-09-30 11:08:00,263.81,264.09,263.81,263.98,0,0,56274
3990,2020-09-30 11:09:00,264.0,264.23,264.0,264.14,0,0,43459
3991,2020-09-30 11:10:00,264.17,264.4,264.15,264.31,0,0,45883
3992,2020-09-30 11:11:00,264.36,264.55,264.01,264.04,0,0,76179
3993,2020-09-30 11:12:00,264.04,264.4,264.04,264.38,0,0,51703
3994,2020-09-30 11:13:00,264.38,264.72,264.37,264.67,0,0,58446
3995,2020-09-30 11:14:00,264.68,264.84,264.67,264.77,0,0,64852
3996,2020-09-30 11:15:00,264.82,264.95,264.72,264.91,0,0,58300
3997,2020-09-30 11:16:00,264.92,264.93,264.71,264.79,0,0,37264
3998,2020-09-30 11:17:00,264.78,264.99,264.74,264.95,0,0,39940
3999,2020-09-30 11:18:00,264.96,265.25,264.96,265.14,0,0,91337
4000,2020-09-30 11:19:00,265.11,265.11,264.74,264.75,0,0,48057
4001,2020-09-30 11:20:00,264.75,264.77,264.5,264.65,0,0,87638
4002,2020-09-30 11:21:00,264.71,264.71,264.71,264.71,0,0,76210
4003,2020-09-30 11:22:00,264.66,264.83,264.55,264.65,0,0,39404
4004,2020-09-30 11:23:00,264.64,264.75,264.56,264.73,0,0,37436
4005,2020-09-30 11:24:00,264.72,264.98,264.72,264.95,0,0,51729
4006,2020-09-30 11:25:00,264.96,265.1,264.74,264.89,0,0,46465
4007,2020-09-30 11:26:00,264.87,265.24,264.75,265.1,0,0,54706
4008,2020-09-30 11:27:00,265.1,265.48,265.04,265.45,0,0,79660
4009,2020-09-30 11:28:00,265.45,265.63,265.28,265.46,0,0,77229
4010,2020-09-30 11:29:00,265.45,265.63,265.2,265.22,0,0,39950
4011,2020-09-30 11:30:00,265.16,265.28,265.0,265.1,0,0,51099
4012,2020-09-30 11:31:00,265.12,265.25,265.1,265.2,0,0,23276
4013,2020-09-30 11:32:00,265.2,265.26,265.08,265.14,0,0,28213
4014,2020-09-30 11:33:00,265.13,265.24,264.85,264.99,0,0,36393
4015,2020-09-30 11:34:00,264.99,265.22,264.97,265.07,0,0,68236
4016,2020-09-30 11:35:00,265.08,265.22,264.97,265.17,0,0,53019
4017,2020-09-30 11:36:00,265.15,265.28,264.96,264.97,0,0,30199
4018,2020-09-30 11:37:00,264.98,265.08,264.7,264.71,0,0,34052
4019,2020-09-30 11:38:00,264.71,264.8,264.64,264.8,0,0,33182
4020,2020-09-30 11:39:00,264.83,264.86,264.65,264.83,0,0,31276
4021,2020-09-30 11:40:00,264.83,264.9,264.69,264.85,0,0,25840
4022,2020-09-30 11:41:00,264.8,264.8,264.57,264.58,0,0,24651
4023,2020-09-30 11:42:00,264.58,264.67,264.42,264.67,0,0,34636
4024,2020-09-30 11:43:00,264.73,265.04,264.71,265.04,0,0,25511
4025,2020-09-30 11:44:00,265.0,265.32,264.97,265.25,0,0,44073
4026,2020-09-30 11:45:00,265.32,265.41,265.0,265.11,0,0,38450
4027,2020-09-30 11:46:00,265.15,265.56,265.09,265.56,0,0,45124
4028,2020-09-30 11:47:00,265.53,265.67,265.44,265.67,0,0,24919
4029,2020-09-30 11:48:00,265.69,265.93,265.69,265.82,0,0,41181
4030,2020-09-30 11:49:00,265.83,266.08,265.83,265.92,0,0,57025
4031,2020-09-30 11:50:00,265.92,266.05,265.5,265.67,0,0,58807
4032,2020-09-30 11:51:00,265.7,265.77,265.5,265.5,0,0,48883
4033,2020-09-30 11:52:00,265.5,265.59,265.3,265.32,0,0,55199
4034,2020-09-30 11:53:00,265.33,265.35,265.25,265.27,0,0,46295
4035,2020-09-30 11:54:00,265.27,265.47,265.2,265.36,0,0,68862
4036,2020-09-30 11:55:00,265.36,265.47,265.27,265.3,0,0,33526
4037,2020-09-30 11:56:00,265.3,265.3,264.83,264.99,0,0,34336
4038,2020-09-30 11:57:00,265.01,265.09,264.85,264.85,0,0,23664
4039,2020-09-30 11:58:00,264.85,265.13,264.76,265.05,0,0,28272
4040,2020-09-30 11:59:00,265.05,265.11,264.92,264.92,0,0,17299
4041,2020-09-30 12:00:00,264.81,264.81,264.81,264.81,0,0,35034
4042,2020-09-30 12:01:00,264.78,264.94,264.75,264.82,0,0,22042
4043,2020-09-30 12:02:00,264.85,265.01,264.82,264.9,0,0,21825
4044,2020-09-30 12:03:00,264.9,265.16,264.87,265.13,0,0,19053
4045,2020-09-30 12:04:00,265.13,265.15,264.85,265.01,0,0,16833
4046,2020-09-30 12:05:00,264.96,264.96,264.82,264.86,0,0,25416
4047,2020-09-30 12:06:00,264.86,264.88,264.65,264.71,0,0,24367
4048,2020-09-30 12:07:00,264.73,264.75,264.51,264.56,0,0,36201
4049,2020-09-30 12:08:00,264.54,264.54,264.33,264.44,0,0,35569
4050,2020-09-30 12:09:00,264.42,264.62,264.42,264.57,0,0,25968
4051,2020-09-30 12:10:00,264.55,264.76,264.4,264.63,0,0,36584
4052,2020-09-30 12:11:00,264.62,264.62,264.52,264.58,0,0,12189
4053,2020-09-30 12:12:00,264.61,264.68,264.46,264.53,0,0,30382
4054,2020-09-30 12:13:00,264.36,264.64,264.34,264.36,0,0,26444
4055,2020-09-30 12:14:00,264.35,264.48,264.22,264.44,0,0,26834
4056,2020-09-30 12:15:00,264.44,264.51,264.36,264.45,0,0,14975
4057,2020-09-30 12:16:00,264.47,264.52,264.43,264.43,0,0,12430
4058,2020-09-30 12:17:00,264.45,264.46,264.32,264.43,0,0,15235
4059,2020-09-30 12:18:00,264.43,264.59,264.37,264.58,0,0,23262
4060,2020-09-30 12:19:00,264.55,264.55,264.36,264.39,0,0,20345
4061,2020-09-30 12:20:00,264.42,264.43,264.27,264.41,0,0,18932
4062,2020-09-30 12:21:00,264.39,264.4,263.95,264.2,0,0,44701
4063,2020-09-30 12:22:00,264.18,264.3,264.13,264.21,0,0,22377
4064,2020-09-30 12:23:00,264.2,264.2,264.07,264.12,0,0,12208
4065,2020-09-30 12:24:00,264.15,264.42,264.15,264.36,0,0,20158
4066,2020-09-30 12:25:00,264.34,264.34,264.09,264.16,0,0,15555
4067,2020-09-30 12:26:00,264.13,264.13,263.9,264.03,0,0,38446
4068,2020-09-30 12:27:00,264.04,264.12,264.0,264.04,0,0,14372
4069,2020-09-30 12:28:00,264.07,264.18,264.06,264.08,0,0,20413
4070,2020-09-30 12:29:00,264.09,264.32,264.05,264.22,0,0,26755
4071,2020-09-30 12:30:00,264.24,264.35,264.08,264.32,0,0,27322
4072,2020-09-30 12:31:00,264.31,264.7,264.29,264.57,0,0,50773
4073,2020-09-30 12:32:00,264.57,264.7,264.4,264.55,0,0,39787
4074,2020-09-30 12:33:00,264.42,264.42,264.25,264.25,0,0,32184
4075,2020-09-30 12:34:00,264.26,264.32,264.25,264.28,0,0,24374
4076,2020-09-30 12:35:00,264.26,264.26,263.61,263.7,0,0,73142
4077,2020-09-30 12:36:00,263.71,263.72,263.41,263.48,0,0,35902
4078,2020-09-30 12:37:00,263.48,263.48,263.18,263.29,0,0,56779
4079,2020-09-30 12:38:00,263.34,263.35,263.19,263.2,0,0,26754
4080,2020-09-30 12:39:00,263.18,263.27,262.92,263.26,0,0,59100
4081,2020-09-30 12:40:00,263.27,263.33,263.15,263.22,0,0,33286
4082,2020-09-30 12:41:00,263.19,263.31,263.09,263.26,0,0,24171
4083,2020-09-30 12:42:00,263.26,263.31,263.07,263.24,0,0,26787
4084,2020-09-30 12:43:00,263.25,263.39,263.24,263.25,0,0,26395
4085,2020-09-30 12:44:00,263.27,263.28,263.04,263.28,0,0,22985
4086,2020-09-30 12:45:00,263.31,263.31,263.07,263.13,0,0,16951
4087,2020-09-30 12:46:00,263.13,263.14,262.98,263.06,0,0,25593
4088,2020-09-30 12:47:00,263.07,263.33,263.06,263.15,0,0,21471
4089,2020-09-30 12:48:00,263.16,263.37,263.15,263.24,0,0,27038
4090,2020-09-30 12:49:00,263.24,263.25,263.05,263.15,0,0,22589
4091,2020-09-30 12:50:00,263.11,263.13,263.01,263.09,0,0,21781
4092,2020-09-30 12:51:00,263.06,263.2,263.01,263.16,0,0,13267
4093,2020-09-30 12:52:00,263.13,263.35,263.13,263.26,0,0,15988
4094,2020-09-30 12:53:00,262.77,263.29,262.76,262.77,0,0,52808
4095,2020-09-30 12:54:00,262.79,262.92,262.69,262.92,0,0,35331
4096,2020-09-30 12:55:00,262.92,263.14,262.92,263.11,0,0,29810
4097,2020-09-30 12:56:00,263.14,263.15,263.0,263.05,0,0,22127
4098,2020-09-30 12:57:00,263.05,263.05,262.78,262.84,0,0,24056
4099,2020-09-30 12:58:00,262.87,263.03,262.76,263.02,0,0,26942
4100,2020-09-30 12:59:00,263.02,263.2,262.89,263.1,0,0,18998
4101,2020-09-30 13:00:00,263.13,263.29,263.02,263.06,0,0,29861
4102,2020-09-30 13:01:00,263.08,263.24,262.84,262.84,0,0,40821
4103,2020-09-30 13:02:00,262.62,262.86,262.39,262.62,0,0,65448
4104,2020-09-30 13:03:00,262.63,262.7,262.56,262.6,0,0,17959
4105,2020-09-30 13:04:00,262.58,262.69,262.51,262.62,0,0,17732
4106,2020-09-30 13:05:00,262.65,262.86,262.65,262.86,0,0,28352
4107,2020-09-30 13:06:00,262.84,262.97,262.79,262.93,0,0,21806
4108,2020-09-30 13:07:00,262.92,262.97,262.6,262.72,0,0,26426
4109,2020-09-30 13:08:00,262.71,262.79,262.62,262.68,0,0,20030
4110,2020-09-30 13:09:00,262.69,262.83,262.68,262.82,0,0,25627
4111,2020-09-30 13:10:00,262.83,262.92,262.78,262.91,0,0,21066
4112,2020-09-30 13:11:00,262.93,262.99,262.58,262.62,0,0,28332
4113,2020-09-30 13:12:00,262.66,262.83,262.63,262.76,0,0,24916
4114,2020-09-30 13:13:00,262.76,262.91,262.71,262.91,0,0,25843
4115,2020-09-30 13:14:00,262.92,262.94,262.71,262.8,0,0,14523
4116,2020-09-30 13:15:00,262.79,262.92,262.77,262.88,0,0,23694
4117,2020-09-30 13:16:00,262.86,263.16,262.83,263.14,0,0,35546
4118,2020-09-30 13:17:00,263.11,263.19,263.04,263.11,0,0,132868
4119,2020-09-30 13:18:00,263.11,263.4,263.11,263.37,0,0,33560
4120,2020-09-30 13:19:00,263.36,263.42,263.33,263.41,0,0,28969
4121,2020-09-30 13:20:00,263.4,263.42,263.18,263.31,0,0,26063
4122,2020-09-30 13:21:00,263.28,263.35,263.26,263.27,0,0,14639
4123,2020-09-30 13:22:00,263.27,263.29,262.94,263.07,0,0,26704
4124,2020-09-30 13:23:00,263.1,263.27,262.96,262.96,0,0,23810
4125,2020-09-30 13:24:00,262.96,263.16,262.94,263.16,0,0,16189
4126,2020-09-30 13:25:00,263.14,263.29,263.05,263.17,0,0,19361
4127,2020-09-30 13:26:00,263.14,263.2,263.08,263.2,0,0,21995
4128,2020-09-30 13:27:00,263.2,263.4,263.2,263.4,0,0,17091
4129,2020-09-30 13:28:00,263.4,263.56,263.37,263.41,0,0,25584
4130,2020-09-30 13:29:00,263.39,263.42,263.28,263.36,0,0,19250
4131,2020-09-30 13:30:00,263.41,263.46,263.34,263.41,0,0,11113
4132,2020-09-30 13:31:00,263.43,263.84,263.34,263.84,0,0,35478
4133,2020-09-30 13:32:00,263.8,263.89,263.73,263.8,0,0,42744
4134,2020-09-30 13:33:00,263.8,263.93,263.72,263.88,0,0,33896
4135,2020-09-30 13:34:00,263.83,263.95,263.81,263.91,0,0,16629
4136,2020-09-30 13:35:00,263.89,263.99,263.75,263.98,0,0,30769
4137,2020-09-30 13:36:00,263.94,264.11,263.93,264.0,0,0,23212
4138,2020-09-30 13:37:00,263.99,264.01,263.83,264.0,0,0,30737
4139,2020-09-30 13:38:00,264.0,264.04,263.9,264.0,0,0,19966
4140,2020-09-30 13:39:00,264.03,264.18,264.03,264.18,0,0,20074
4141,2020-09-30 13:40:00,264.18,264.27,264.14,264.15,0,0,21710
4142,2020-09-30 13:41:00,264.18,264.18,264.07,264.12,0,0,18365
4143,2020-09-30 13:42:00,264.12,264.38,264.09,264.35,0,0,33351
4144,2020-09-30 13:43:00,264.36,264.39,264.12,264.22,0,0,19678
4145,2020-09-30 13:44:00,264.22,264.32,264.18,264.27,0,0,12489
4146,2020-09-30 13:45:00,264.29,264.32,264.08,264.18,0,0,25369
4147,2020-09-30 13:46:00,264.2,264.25,264.0,264.08,0,0,23906
4148,2020-09-30 13:47:00,264.1,264.24,264.1,264.19,0,0,24033
4149,2020-09-30 13:48:00,264.17,264.46,264.17,264.43,0,0,21621
4150,2020-09-30 13:49:00,264.44,264.5,264.43,264.48,0,0,14034
4151,2020-09-30 13:50:00,264.47,264.63,264.46,264.61,0,0,24932
4152,2020-09-30 13:51:00,264.6,264.73,264.54,264.7,0,0,38600
4153,2020-09-30 13:52:00,264.68,264.69,264.44,264.51,0,0,20503
4154,2020-09-30 13:53:00,264.47,264.57,264.32,264.52,0,0,15363
4155,2020-09-30 13:54:00,264.52,264.66,264.5,264.59,0,0,17237
4156,2020-09-30 13:55:00,264.57,264.66,264.52,264.65,0,0,18752
4157,2020-09-30 13:56:00,264.63,264.64,264.34,264.47,0,0,49536
4158,2020-09-30 13:57:00,264.48,264.54,264.39,264.54,0,0,47311
4159,2020-09-30 13:58:00,264.55,264.66,264.54,264.64,0,0,14955
4160,2020-09-30 13:59:00,264.58,264.65,264.53,264.65,0,0,20429
4161,2020-09-30 14:00:00,264.64,264.67,264.51,264.58,0,0,16433
4162,2020-09-30 14:01:00,264.59,264.82,264.55,264.74,0,0,31188
4163,2020-09-30 14:02:00,264.73,264.84,264.72,264.82,0,0,15464
4164,2020-09-30 14:03:00,264.77,264.84,264.64,264.8,0,0,16597
4165,2020-09-30 14:04:00,264.8,265.0,264.8,264.89,0,0,41594
4166,2020-09-30 14:05:00,264.91,265.04,264.81,265.0,0,0,30245
4167,2020-09-30 14:06:00,265.0,265.11,264.98,265.06,0,0,25304
4168,2020-09-30 14:07:00,265.07,265.19,265.03,265.05,0,0,24274
4169,2020-09-30 14:08:00,265.07,265.14,264.87,264.88,0,0,35379
4170,2020-09-30 14:09:00,264.89,265.0,264.74,264.98,0,0,31426
4171,2020-09-30 14:10:00,264.95,265.04,264.88,264.95,0,0,19490
4172,2020-09-30 14:11:00,264.89,265.07,264.78,265.03,0,0,33654
4173,2020-09-30 14:12:00,265.03,265.09,264.95,264.98,0,0,25632
4174,2020-09-30 14:13:00,264.93,264.99,264.83,264.89,0,0,38682
4175,2020-09-30 14:14:00,264.85,264.94,264.78,264.78,0,0,15999
4176,2020-09-30 14:15:00,264.84,264.89,264.75,264.75,0,0,16594
4177,2020-09-30 14:16:00,264.74,264.74,264.31,264.32,0,0,38965
4178,2020-09-30 14:17:00,264.33,264.65,264.32,264.44,0,0,42716
4179,2020-09-30 14:18:00,264.46,264.64,264.46,264.55,0,0,15512
4180,2020-09-30 14:19:00,264.55,264.61,264.45,264.59,0,0,13944
4181,2020-09-30 14:20:00,264.57,264.99,264.54,264.91,0,0,10886018
4182,2020-09-30 14:21:00,264.9,264.9,264.78,264.82,0,0,26168
4183,2020-09-30 14:22:00,264.78,264.93,264.78,264.89,0,0,40407
4184,2020-09-30 14:23:00,264.88,264.89,263.72,264.04,0,0,152842
4185,2020-09-30 14:24:00,264.0,264.39,263.54,263.81,0,0,69012
4186,2020-09-30 14:25:00,263.81,263.89,263.49,263.61,0,0,47479
4187,2020-09-30 14:26:00,263.61,263.61,263.13,263.14,0,0,102434
4188,2020-09-30 14:27:00,263.14,263.51,263.01,263.46,0,0,88044
4189,2020-09-30 14:28:00,263.43,263.91,263.33,263.68,0,0,74046
4190,2020-09-30 14:29:00,263.67,263.73,263.35,263.4,0,0,54992
4191,2020-09-30 14:30:00,263.34,263.34,262.9,263.28,0,0,66151
4192,2020-09-30 14:31:00,263.25,263.33,263.1,263.23,0,0,20459
4193,2020-09-30 14:32:00,263.18,263.36,263.02,263.25,0,0,29103
4194,2020-09-30 14:33:00,263.19,263.19,262.98,263.04,0,0,26507
4195,2020-09-30 14:34:00,263.05,263.2,263.0,263.06,0,0,14477
4196,2020-09-30 14:35:00,263.12,263.12,263.12,263.12,0,0,30790
4197,2020-09-30 14:36:00,263.1,263.32,263.0,263.32,0,0,30297
4198,2020-09-30 14:37:00,263.31,263.44,263.07,263.07,0,0,24696
4199,2020-09-30 14:38:00,263.12,263.22,263.04,263.06,0,0,21168
4200,2020-09-30 14:39:00,263.13,263.19,262.75,262.79,0,0,41146
4201,2020-09-30 14:40:00,262.78,263.03,262.68,262.85,0,0,32351
4202,2020-09-30 14:41:00,262.89,263.13,262.87,263.0,0,0,28319
4203,2020-09-30 14:42:00,263.11,263.22,262.89,262.89,0,0,47780
4204,2020-09-30 14:43:00,262.88,262.92,262.65,262.74,0,0,47747
4205,2020-09-30 14:44:00,262.72,262.76,262.56,262.69,0,0,33940
4206,2020-09-30 14:45:00,262.66,262.79,262.57,262.72,0,0,24390
4207,2020-09-30 14:46:00,262.69,262.84,262.56,262.62,0,0,36101
4208,2020-09-30 14:47:00,262.56,262.59,262.03,262.15,0,0,68584
4209,2020-09-30 14:48:00,262.15,262.33,262.0,262.0,0,0,48354
4210,2020-09-30 14:49:00,262.03,262.09,261.68,261.76,0,0,87204
4211,2020-09-30 14:50:00,261.76,261.96,261.55,261.92,0,0,56207
4212,2020-09-30 14:51:00,261.9,262.35,261.89,262.33,0,0,52331
4213,2020-09-30 14:52:00,262.3,262.4,262.2,262.27,0,0,63814
4214,2020-09-30 14:53:00,262.27,262.29,262.06,262.16,0,0,38730
4215,2020-09-30 14:54:00,262.17,262.17,261.89,262.1,0,0,33035
4216,2020-09-30 14:55:00,262.05,262.33,261.98,262.29,0,0,32778
4217,2020-09-30 14:56:00,262.27,262.74,262.21,262.67,0,0,53947
4218,2020-09-30 14:57:00,262.66,262.87,262.6,262.73,0,0,35407
4219,2020-09-30 14:58:00,262.71,263.01,262.7,262.95,0,0,46669
4220,2020-09-30 14:59:00,262.96,263.06,262.92,262.94,0,0,39594
4221,2020-09-30 15:00:00,262.96,263.22,262.85,263.19,0,0,46349
4222,2020-09-30 15:01:00,263.17,263.3,263.05,263.1,0,0,44352
4223,2020-09-30 15:02:00,263.11,263.27,263.03,263.17,0,0,33776
4224,2020-09-30 15:03:00,263.15,263.23,263.02,263.17,0,0,21496
4225,2020-09-30 15:04:00,263.18,263.18,262.78,262.87,0,0,48393
4226,2020-09-30 15:05:00,262.9,263.04,262.83,262.88,0,0,26494
4227,2020-09-30 15:06:00,262.83,262.89,262.7,262.87,0,0,26080
4228,2020-09-30 15:07:00,262.94,263.1,262.94,263.0,0,0,22228
4229,2020-09-30 15:08:00,263.01,263.24,263.01,263.23,0,0,47406
4230,2020-09-30 15:09:00,263.23,263.32,263.05,263.08,0,0,39297
4231,2020-09-30 15:10:00,263.05,263.23,262.88,262.92,0,0,35777
4232,2020-09-30 15:11:00,262.95,263.08,261.55,261.77,0,0,134831
4233,2020-09-30 15:12:00,261.78,262.4,261.74,261.91,0,0,54224
4234,2020-09-30 15:13:00,261.84,261.99,261.65,261.82,0,0,50836
4235,2020-09-30 15:14:00,261.84,261.98,261.71,261.84,0,0,35528
4236,2020-09-30 15:15:00,261.87,261.87,261.44,261.45,0,0,45909
4237,2020-09-30 15:16:00,261.46,261.49,261.3,261.35,0,0,45221
4238,2020-09-30 15:17:00,261.35,261.35,260.86,261.0,0,0,99721
4239,2020-09-30 15:18:00,261.0,261.19,260.81,260.93,0,0,59404
4240,2020-09-30 15:19:00,260.94,260.97,260.67,260.74,0,0,46058
4241,2020-09-30 15:20:00,260.72,260.83,260.27,260.33,0,0,81757
4242,2020-09-30 15:21:00,260.33,260.66,260.27,260.58,0,0,52629
4243,2020-09-30 15:22:00,260.58,260.73,260.47,260.47,0,0,51303
4244,2020-09-30 15:23:00,260.51,260.51,260.1,260.15,0,0,48094
4245,2020-09-30 15:24:00,260.12,260.78,260.12,260.62,0,0,55021
4246,2020-09-30 15:25:00,260.62,260.69,260.32,260.66,0,0,44350
4247,2020-09-30 15:26:00,260.64,261.0,260.62,260.9,0,0,55861
4248,2020-09-30 15:27:00,260.92,261.0,260.77,260.95,0,0,57664
4249,2020-09-30 15:28:00,260.95,261.13,260.5,261.11,0,0,50565
4250,2020-09-30 15:29:00,261.1,261.16,260.89,261.13,0,0,44624
4251,2020-09-30 15:30:00,261.11,261.11,260.34,260.74,0,0,64894
4252,2020-09-30 15:31:00,260.67,260.82,260.5,260.61,0,0,35824
4253,2020-09-30 15:32:00,260.61,260.87,260.56,260.82,0,0,31859
4254,2020-09-30 15:33:00,260.82,260.88,260.48,260.7,0,0,31240
4255,2020-09-30 15:34:00,260.72,260.88,260.53,260.77,0,0,26773
4256,2020-09-30 15:35:00,260.77,260.89,260.53,260.56,0,0,35244
4257,2020-09-30 15:36:00,260.54,260.84,260.54,260.67,0,0,41484
4258,2020-09-30 15:37:00,260.71,261.15,260.7,261.15,0,0,45447
4259,2020-09-30 15:38:00,261.15,261.36,261.09,261.3,0,0,47853
4260,2020-09-30 15:39:00,261.35,261.45,260.9,260.93,0,0,55361
4261,2020-09-30 15:40:00,260.9,261.0,260.67,260.84,0,0,38326
4262,2020-09-30 15:41:00,260.85,261.21,260.85,261.14,0,0,43461
4263,2020-09-30 15:42:00,261.14,261.42,261.14,261.36,0,0,47252
4264,2020-09-30 15:43:00,261.41,261.58,261.09,261.57,0,0,59299
4265,2020-09-30 15:44:00,261.57,261.59,261.28,261.43,0,0,44676
4266,2020-09-30 15:45:00,261.41,261.73,261.22,261.68,0,0,49377
4267,2020-09-30 15:46:00,261.66,261.96,261.62,261.93,0,0,66425
4268,2020-09-30 15:47:00,261.95,262.52,261.93,262.51,0,0,65810
4269,2020-09-30 15:48:00,262.52,262.66,262.43,262.62,0,0,49192
4270,2020-09-30 15:49:00,262.63,263.02,262.63,262.85,0,0,63764
4271,2020-09-30 15:50:00,262.89,262.97,262.14,262.23,0,0,140076
4272,2020-09-30 15:51:00,262.25,262.83,262.21,262.8,0,0,84350
4273,2020-09-30 15:52:00,262.77,262.82,262.4,262.77,0,0,43165
4274,2020-09-30 15:53:00,262.73,262.88,262.57,262.7,0,0,68961
4275,2020-09-30 15:54:00,262.72,262.94,262.57,262.59,0,0,57007
4276,2020-09-30 15:55:00,262.63,262.99,262.48,262.85,0,0,80888
4277,2020-09-30 15:56:00,262.9,263.18,262.89,263.1,0,0,99995
4278,2020-09-30 15:57:00,263.11,263.12,262.68,262.83,0,0,90886
4279,2020-09-30 15:58:00,262.82,262.88,262.52,262.6,0,0,104865
4280,2020-09-30 15:59:00,262.61,262.61,261.63,261.8,0,0,354479
4281,2020-10-01 09:30:00,265.72,265.85,265.72,265.78,0,0,544909
4282,2020-10-01 09:31:00,265.71,266.16,265.3,265.67,0,0,105162
4283,2020-10-01 09:32:00,265.92,265.95,265.2,265.92,0,0,88921
4284,2020-10-01 09:33:00,265.96,266.67,265.81,266.56,0,0,121139
4285,2020-10-01 09:34:00,267.67,267.76,267.56,267.74,0,0,144542
4286,2020-10-01 09:35:00,267.62,267.77,267.33,267.33,0,0,143820
4287,2020-10-01 09:36:00,267.81,267.81,267.68,267.72,0,0,89475
4288,2020-10-01 09:37:00,267.03,267.25,266.92,267.17,0,0,83671
4289,2020-10-01 09:38:00,267.0,267.29,266.79,267.02,0,0,78352
4290,2020-10-01 09:39:00,266.68,266.88,266.28,266.38,0,0,65624
4291,2020-10-01 09:40:00,266.5,267.33,266.17,267.17,0,0,117665
4292,2020-10-01 09:41:00,267.18,267.22,266.87,267.1,0,0,102872
4293,2020-10-01 09:42:00,266.98,267.17,266.91,267.09,0,0,70010
4294,2020-10-01 09:43:00,267.36,267.7,266.8,267.37,0,0,121207
4295,2020-10-01 09:44:00,267.17,267.46,267.05,267.13,0,0,54387
4296,2020-10-01 09:45:00,267.01,267.09,267.01,267.09,0,0,70850
4297,2020-10-01 09:46:00,266.34,266.35,266.25,266.27,0,0,58784
4298,2020-10-01 09:47:00,266.02,266.02,266.02,266.02,0,0,51675
4299,2020-10-01 09:48:00,265.82,265.9,265.73,265.78,0,0,70913
4300,2020-10-01 09:49:00,265.68,265.8,265.65,265.8,0,0,79128
4301,2020-10-01 09:50:00,265.78,265.88,265.61,265.74,0,0,58652
4302,2020-10-01 09:51:00,265.87,265.9,265.85,265.85,0,0,43872
4303,2020-10-01 09:52:00,265.67,265.8,265.67,265.8,0,0,52142
4304,2020-10-01 09:53:00,265.28,265.49,265.28,265.47,0,0,76105
4305,2020-10-01 09:54:00,265.43,265.6,265.4,265.47,0,0,49985
4306,2020-10-01 09:55:00,265.77,266.1,265.77,265.92,0,0,72642
4307,2020-10-01 09:56:00,265.7,265.94,265.67,265.67,0,0,33293
4308,2020-10-01 09:57:00,265.83,265.92,265.83,265.92,0,0,27311
4309,2020-10-01 09:58:00,265.73,265.89,265.71,265.79,0,0,36640
4310,2020-10-01 09:59:00,265.84,265.92,265.84,265.92,0,0,46211
4311,2020-10-01 10:00:00,265.47,265.92,265.47,265.47,0,0,56697
4312,2020-10-01 10:01:00,265.48,265.55,265.1,265.17,0,0,42175
4313,2020-10-01 10:02:00,265.12,265.88,265.12,265.81,0,0,43951
4314,2020-10-01 10:03:00,266.43,266.45,265.74,266.43,0,0,71692
4315,2020-10-01 10:04:00,266.44,266.48,266.09,266.46,0,0,68033
4316,2020-10-01 10:05:00,266.46,266.53,265.93,266.21,0,0,49941
4317,2020-10-01 10:06:00,266.16,266.37,266.0,266.18,0,0,36361
4318,2020-10-01 10:07:00,266.24,266.39,266.03,266.03,0,0,33109
4319,2020-10-01 10:08:00,266.04,266.09,265.74,265.79,0,0,53207
4320,2020-10-01 10:09:00,265.73,265.95,265.69,265.86,0,0,40563
4321,2020-10-01 10:10:00,265.86,266.43,265.77,266.39,0,0,36800
4322,2020-10-01 10:11:00,266.37,266.37,265.56,265.61,0,0,48149
4323,2020-10-01 10:12:00,265.63,265.77,265.22,265.39,0,0,51378
4324,2020-10-01 10:13:00,265.41,265.55,265.36,265.39,0,0,39792
4325,2020-10-01 10:14:00,265.36,265.83,265.34,265.76,0,0,34723
4326,2020-10-01 10:15:00,265.76,266.01,265.75,265.99,0,0,48216
4327,2020-10-01 10:16:00,265.93,266.03,265.62,266.0,0,0,29130
4328,2020-10-01 10:17:00,266.03,266.48,265.94,266.18,0,0,66668
4329,2020-10-01 10:18:00,266.16,266.49,266.02,266.43,0,0,60233
4330,2020-10-01 10:19:00,266.39,266.5,266.06,266.35,0,0,49153
4331,2020-10-01 10:20:00,266.37,266.87,266.35,266.86,0,0,52530
4332,2020-10-01 10:21:00,266.86,266.91,266.7,266.71,0,0,31862
4333,2020-10-01 10:22:00,266.71,266.89,266.6,266.73,0,0,35650
4334,2020-10-01 10:23:00,266.76,267.02,266.52,266.54,0,0,50276
4335,2020-10-01 10:24:00,266.55,267.15,266.5,266.81,0,0,80833
4336,2020-10-01 10:25:00,266.82,266.89,266.19,266.39,0,0,53506
4337,2020-10-01 10:26:00,266.36,266.46,265.82,265.91,0,0,41768
4338,2020-10-01 10:27:00,265.92,266.05,265.81,265.93,0,0,34361
4339,2020-10-01 10:28:00,265.91,266.01,265.83,265.93,0,0,24524
4340,2020-10-01 10:29:00,265.94,266.22,265.86,266.17,0,0,34357
4341,2020-10-01 10:30:00,266.1,266.39,265.87,266.29,0,0,33270
4342,2020-10-01 10:31:00,266.29,266.58,266.25,266.51,0,0,48034
4343,2020-10-01 10:32:00,266.5,266.57,266.1,266.2,0,0,48757
4344,2020-10-01 10:33:00,266.16,266.31,266.0,266.12,0,0,42795
4345,2020-10-01 10:34:00,266.12,266.52,266.07,266.52,0,0,38813
4346,2020-10-01 10:35:00,266.49,266.56,266.36,266.5,0,0,30521
4347,2020-10-01 10:36:00,266.49,266.57,266.35,266.51,0,0,12768
4348,2020-10-01 10:37:00,266.52,266.76,266.52,266.74,0,0,28968
4349,2020-10-01 10:38:00,266.77,266.87,266.49,266.53,0,0,25926
4350,2020-10-01 10:39:00,266.53,266.8,266.53,266.78,0,0,27595
4351,2020-10-01 10:40:00,266.78,266.95,266.74,266.75,0,0,44049
4352,2020-10-01 10:41:00,266.76,266.82,266.35,266.5,0,0,26566
4353,2020-10-01 10:42:00,266.5,266.66,266.5,266.58,0,0,17843
4354,2020-10-01 10:43:00,266.54,266.9,266.54,266.69,0,0,20123
4355,2020-10-01 10:44:00,266.68,266.78,266.43,266.51,0,0,25585
4356,2020-10-01 10:45:00,266.48,266.54,266.35,266.46,0,0,23776
4357,2020-10-01 10:46:00,266.46,266.6,266.4,266.52,0,0,16369
4358,2020-10-01 10:47:00,266.45,266.59,266.11,266.2,0,0,26542
4359,2020-10-01 10:48:00,266.14,266.31,266.12,266.31,0,0,17289
4360,2020-10-01 10:49:00,266.34,266.42,266.05,266.2,0,0,31003
4361,2020-10-01 10:50:00,266.24,266.24,265.55,265.55,0,0,47273
4362,2020-10-01 10:51:00,265.56,265.96,265.56,265.91,0,0,41935
4363,2020-10-01 10:52:00,265.99,266.27,265.93,266.17,0,0,27088
4364,2020-10-01 10:53:00,266.23,266.24,265.98,266.06,0,0,23116
4365,2020-10-01 10:54:00,266.05,266.1,265.61,265.64,0,0,47111
4366,2020-10-01 10:55:00,265.63,265.77,265.4,265.55,0,0,50015
4367,2020-10-01 10:56:00,265.58,265.58,264.84,265.2,0,0,115760
4368,2020-10-01 10:57:00,265.25,265.25,265.0,265.13,0,0,29606
4369,2020-10-01 10:58:00,265.18,265.25,264.99,265.11,0,0,42622
4370,2020-10-01 10:59:00,265.12,265.46,264.94,265.46,0,0,58553
4371,2020-10-01 11:00:00,265.43,265.62,264.8,264.95,0,0,68255
4372,2020-10-01 11:01:00,264.97,265.14,264.89,264.99,0,0,24389
4373,2020-10-01 11:02:00,264.92,265.68,264.92,265.62,0,0,73986
4374,2020-10-01 11:03:00,265.59,265.91,265.5,265.71,0,0,67540
4375,2020-10-01 11:04:00,265.7,265.76,265.25,265.62,0,0,38494
4376,2020-10-01 11:05:00,265.6,265.72,265.45,265.52,0,0,29604
4377,2020-10-01 11:06:00,265.48,266.0,265.32,265.78,0,0,34769
4378,2020-10-01 11:07:00,265.8,265.83,265.54,265.66,0,0,18982
4379,2020-10-01 11:08:00,265.62,265.63,265.4,265.58,0,0,26742
4380,2020-10-01 11:09:00,265.55,265.63,265.37,265.4,0,0,24606
4381,2020-10-01 11:10:00,265.04,265.04,265.04,265.04,0,0,49475
4382,2020-10-01 11:11:00,265.04,265.24,264.92,265.24,0,0,26324
4383,2020-10-01 11:12:00,265.21,265.55,265.18,265.3,0,0,41349
4384,2020-10-01 11:13:00,265.32,265.49,265.17,265.47,0,0,35060
4385,2020-10-01 11:14:00,265.51,265.55,265.27,265.5,0,0,20112
4386,2020-10-01 11:15:00,265.47,265.78,265.29,265.72,0,0,21245
4387,2020-10-01 11:16:00,265.64,265.77,265.55,265.55,0,0,33223
4388,2020-10-01 11:17:00,265.57,265.84,265.51,265.52,0,0,31015
4389,2020-10-01 11:18:00,265.48,266.02,265.45,265.92,0,0,53090
4390,2020-10-01 11:19:00,265.89,265.92,265.66,265.84,0,0,27626
4391,2020-10-01 11:20:00,265.81,266.04,265.76,265.87,0,0,25126
4392,2020-10-01 11:21:00,265.86,266.05,265.78,265.99,0,0,30611
4393,2020-10-01 11:22:00,266.03,266.06,265.83,266.06,0,0,33801
4394,2020-10-01 11:23:00,266.06,266.1,265.95,266.0,0,0,32331
4395,2020-10-01 11:24:00,265.98,266.26,265.89,266.11,0,0,41330
4396,2020-10-01 11:25:00,266.07,266.34,266.02,266.33,0,0,33680
4397,2020-10-01 11:26:00,266.33,266.45,266.24,266.42,0,0,30862
4398,2020-10-01 11:27:00,266.45,266.52,266.3,266.43,0,0,51240
4399,2020-10-01 11:28:00,266.47,266.64,266.47,266.58,0,0,32333
4400,2020-10-01 11:29:00,266.58,266.78,266.52,266.76,0,0,30272
4401,2020-10-01 11:30:00,266.77,266.93,266.71,266.8,0,0,40457
4402,2020-10-01 11:31:00,266.81,266.96,266.64,266.78,0,0,34737
4403,2020-10-01 11:32:00,266.78,266.87,266.67,266.71,0,0,28611
4404,2020-10-01 11:33:00,266.71,266.87,266.59,266.75,0,0,133080
4405,2020-10-01 11:34:00,266.76,267.05,266.76,266.83,0,0,46738
4406,2020-10-01 11:35:00,267.15,267.22,266.81,267.15,0,0,53393
4407,2020-10-01 11:36:00,267.13,267.14,266.91,266.91,0,0,38168
4408,2020-10-01 11:37:00,266.92,267.1,266.9,267.05,0,0,23161
4409,2020-10-01 11:38:00,267.07,267.3,267.07,267.16,0,0,36383
4410,2020-10-01 11:39:00,267.16,267.34,267.16,267.32,0,0,22622
4411,2020-10-01 11:40:00,267.32,267.46,267.32,267.42,0,0,37272
4412,2020-10-01 11:41:00,267.39,267.42,267.19,267.32,0,0,35880
4413,2020-10-01 11:42:00,267.35,267.76,267.29,267.75,0,0,85881
4414,2020-10-01 11:43:00,267.75,267.86,267.5,267.67,0,0,86432
4415,2020-10-01 11:44:00,267.66,267.74,267.43,267.49,0,0,40343
4416,2020-10-01 11:45:00,267.53,267.62,267.31,267.43,0,0,45019
4417,2020-10-01 11:46:00,267.39,267.42,267.1,267.22,0,0,40609
4418,2020-10-01 11:47:00,267.2,267.2,266.97,266.97,0,0,39277
4419,2020-10-01 11:48:00,266.97,267.01,266.8,266.93,0,0,45554
4420,2020-10-01 11:49:00,266.94,267.08,266.71,266.74,0,0,45222
4421,2020-10-01 11:50:00,266.71,266.8,266.54,266.58,0,0,48526
4422,2020-10-01 11:51:00,266.59,266.73,266.46,266.6,0,0,28086
4423,2020-10-01 11:52:00,266.59,266.92,266.5,266.82,0,0,41943
4424,2020-10-01 11:53:00,266.82,266.95,266.68,266.91,0,0,28209
4425,2020-10-01 11:54:00,266.92,267.0,266.82,266.99,0,0,32121
4426,2020-10-01 11:55:00,266.98,267.06,266.88,266.92,0,0,39164
4427,2020-10-01 11:56:00,266.94,267.14,266.86,267.14,0,0,24500
4428,2020-10-01 11:57:00,267.15,267.42,267.1,267.15,0,0,55075
4429,2020-10-01 11:58:00,267.15,267.28,267.07,267.12,0,0,49645
4430,2020-10-01 11:59:00,266.81,267.21,266.66,266.81,0,0,65350
4431,2020-10-01 12:00:00,266.76,266.98,266.58,266.59,0,0,31554
4432,2020-10-01 12:01:00,266.63,266.63,266.2,266.21,0,0,68774
4433,2020-10-01 12:02:00,266.26,266.26,266.13,266.15,0,0,44219
4434,2020-10-01 12:03:00,266.12,266.15,265.84,266.03,0,0,56493
4435,2020-10-01 12:04:00,266.08,266.1,265.84,265.97,0,0,44051
4436,2020-10-01 12:05:00,265.98,266.0,265.77,265.99,0,0,46626
4437,2020-10-01 12:06:00,265.99,266.04,265.83,265.85,0,0,30368
4438,2020-10-01 12:07:00,265.85,265.94,265.75,265.89,0,0,39351
4439,2020-10-01 12:08:00,265.88,266.05,265.8,266.05,0,0,46209
4440,2020-10-01 12:09:00,266.04,266.11,265.89,266.0,0,0,47413
4441,2020-10-01 12:10:00,265.99,265.99,265.76,265.9,0,0,41688
4442,2020-10-01 12:11:00,265.89,266.17,265.89,265.93,0,0,49768
4443,2020-10-01 12:12:00,265.92,266.19,265.86,266.15,0,0,39964
4444,2020-10-01 12:13:00,266.11,266.22,266.02,266.14,0,0,31496
4445,2020-10-01 12:14:00,266.11,266.22,265.9,266.22,0,0,31475
4446,2020-10-01 12:15:00,266.21,266.45,265.94,265.95,0,0,55838
4447,2020-10-01 12:16:00,265.96,265.96,265.46,265.63,0,0,8519269
4448,2020-10-01 12:17:00,265.57,265.86,265.55,265.7,0,0,26347
4449,2020-10-01 12:18:00,265.69,265.69,265.54,265.55,0,0,28463
4450,2020-10-01 12:19:00,265.6,265.88,265.57,265.78,0,0,23460
4451,2020-10-01 12:20:00,265.77,265.9,265.64,265.86,0,0,22805
4452,2020-10-01 12:21:00,265.85,265.93,265.77,265.89,0,0,24685
4453,2020-10-01 12:22:00,265.96,266.18,265.76,265.84,0,0,35173
4454,2020-10-01 12:23:00,265.85,266.47,265.82,266.1,0,0,37716
4455,2020-10-01 12:24:00,266.07,266.22,265.98,266.07,0,0,27920
4456,2020-10-01 12:25:00,266.09,266.22,266.05,266.15,0,0,18125
4457,2020-10-01 12:26:00,266.18,266.4,266.1,266.13,0,0,33077
4458,2020-10-01 12:27:00,266.14,266.41,266.03,266.41,0,0,23253
4459,2020-10-01 12:28:00,266.41,266.47,266.22,266.25,0,0,22859
4460,2020-10-01 12:29:00,266.25,266.26,266.15,266.24,0,0,17555
4461,2020-10-01 12:30:00,266.17,266.35,266.15,266.3,0,0,14838
4462,2020-10-01 12:31:00,266.33,266.63,266.26,266.63,0,0,23027
4463,2020-10-01 12:32:00,266.59,266.65,266.49,266.6,0,0,21462
4464,2020-10-01 12:33:00,266.55,266.74,266.51,266.74,0,0,22429
4465,2020-10-01 12:34:00,266.73,266.77,266.62,266.62,0,0,17616
4466,2020-10-01 12:35:00,266.66,266.77,266.47,266.52,0,0,21903
4467,2020-10-01 12:36:00,266.54,266.61,266.22,266.41,0,0,22168
4468,2020-10-01 12:37:00,266.42,266.45,266.29,266.29,0,0,11849
4469,2020-10-01 12:38:00,266.26,266.42,266.24,266.42,0,0,10119
4470,2020-10-01 12:39:00,266.41,266.59,266.38,266.56,0,0,12430
4471,2020-10-01 12:40:00,266.54,266.71,266.51,266.64,0,0,19255
4472,2020-10-01 12:41:00,266.65,266.7,266.55,266.67,0,0,17413
4473,2020-10-01 12:42:00,266.66,266.69,266.5,266.5,0,0,24141
4474,2020-10-01 12:43:00,266.51,266.7,266.51,266.67,0,0,12009
4475,2020-10-01 12:44:00,266.64,266.68,266.34,266.34,0,0,29125
4476,2020-10-01 12:45:00,266.34,266.63,266.27,266.55,0,0,29417
4477,2020-10-01 12:46:00,266.54,266.66,266.52,266.62,0,0,21142
4478,2020-10-01 12:47:00,266.67,266.7,266.59,266.67,0,0,21486
4479,2020-10-01 12:48:00,266.67,266.82,266.61,266.64,0,0,28575
4480,2020-10-01 12:49:00,266.65,266.74,266.59,266.71,0,0,16720
4481,2020-10-01 12:50:00,266.69,266.72,266.52,266.71,0,0,14448
4482,2020-10-01 12:51:00,266.68,266.89,266.61,266.82,0,0,26477
4483,2020-10-01 12:52:00,266.83,266.94,266.67,266.74,0,0,18560
4484,2020-10-01 12:53:00,266.73,266.93,266.66,266.91,0,0,24349
4485,2020-10-01 12:54:00,266.91,267.05,266.91,267.0,0,0,21955
4486,2020-10-01 12:55:00,266.99,267.1,266.95,266.98,0,0,16198
4487,2020-10-01 12:56:00,266.98,267.06,266.91,267.0,0,0,14186
4488,2020-10-01 12:57:00,266.97,267.09,266.92,267.02,0,0,13142
4489,2020-10-01 12:58:00,267.05,267.1,266.91,266.95,0,0,16796
4490,2020-10-01 12:59:00,266.93,267.19,266.91,267.18,0,0,18144
4491,2020-10-01 13:00:00,267.19,267.36,267.1,267.33,0,0,23982
4492,2020-10-01 13:01:00,267.36,267.45,267.32,267.38,0,0,24601
4493,2020-10-01 13:02:00,267.37,267.37,267.11,267.36,0,0,28711
4494,2020-10-01 13:03:00,267.33,267.37,267.16,267.17,0,0,17408
4495,2020-10-01 13:04:00,267.17,267.35,267.12,267.23,0,0,27560
4496,2020-10-01 13:05:00,267.24,267.38,267.2,267.32,0,0,20950
4497,2020-10-01 13:06:00,267.32,267.43,267.28,267.38,0,0,19085
4498,2020-10-01 13:07:00,267.38,267.47,267.36,267.44,0,0,21793
4499,2020-10-01 13:08:00,267.29,267.48,267.18,267.29,0,0,17882
4500,2020-10-01 13:09:00,267.29,267.5,267.29,267.41,0,0,35065
4501,2020-10-01 13:10:00,267.4,267.49,267.23,267.3,0,0,24106
4502,2020-10-01 13:11:00,267.36,267.45,267.33,267.44,0,0,14724
4503,2020-10-01 13:12:00,267.44,267.55,267.41,267.45,0,0,25653
4504,2020-10-01 13:13:00,267.45,267.5,267.34,267.49,0,0,27223
4505,2020-10-01 13:14:00,267.49,267.59,267.26,267.29,0,0,25344
4506,2020-10-01 13:15:00,267.29,267.51,267.26,267.45,0,0,22095
4507,2020-10-01 13:16:00,267.47,267.47,266.94,267.03,0,0,33350
4508,2020-10-01 13:17:00,267.02,267.19,266.82,266.92,0,0,51822
4509,2020-10-01 13:18:00,266.88,266.97,266.76,266.82,0,0,28911
4510,2020-10-01 13:19:00,266.79,267.0,266.79,267.0,0,0,21055
4511,2020-10-01 13:20:00,266.95,267.04,266.9,266.99,0,0,20967
4512,2020-10-01 13:21:00,267.02,267.02,266.89,266.93,0,0,16576
4513,2020-10-01 13:22:00,266.84,266.96,266.74,266.88,0,0,17996
4514,2020-10-01 13:23:00,266.86,267.15,266.86,267.01,0,0,24949
4515,2020-10-01 13:24:00,267.03,267.23,267.03,267.15,0,0,17563
4516,2020-10-01 13:25:00,267.23,267.25,267.03,267.23,0,0,10005378
4517,2020-10-01 13:26:00,267.23,267.42,267.17,267.22,0,0,28730
4518,2020-10-01 13:27:00,266.97,267.26,266.87,266.97,0,0,23763
4519,2020-10-01 13:28:00,266.93,266.93,266.66,266.84,0,0,29167
4520,2020-10-01 13:29:00,266.83,267.07,266.83,267.05,0,0,21703
4521,2020-10-01 13:30:00,267.05,267.14,266.83,267.05,0,0,46175
4522,2020-10-01 13:31:00,267.13,267.17,267.05,267.12,0,0,14424
4523,2020-10-01 13:32:00,267.14,267.22,266.96,267.0,0,0,27500
4524,2020-10-01 13:33:00,267.0,267.16,266.93,267.15,0,0,18305
4525,2020-10-01 13:34:00,267.14,267.14,267.02,267.1,0,0,18224
4526,2020-10-01 13:35:00,267.05,267.2,266.98,267.2,0,0,8775
4527,2020-10-01 13:36:00,267.19,267.27,267.14,267.22,0,0,25214
4528,2020-10-01 13:37:00,267.2,267.33,267.2,267.27,0,0,19606
4529,2020-10-01 13:38:00,267.27,267.49,267.24,267.47,0,0,17640
4530,2020-10-01 13:39:00,267.5,267.55,267.4,267.51,0,0,26116
4531,2020-10-01 13:40:00,267.53,267.72,267.49,267.58,0,0,37906
4532,2020-10-01 13:41:00,267.58,267.69,267.49,267.51,0,0,43363
4533,2020-10-01 13:42:00,267.52,267.53,267.27,267.44,0,0,26959
4534,2020-10-01 13:43:00,267.47,267.57,267.41,267.52,0,0,15572
4535,2020-10-01 13:44:00,267.52,267.66,267.51,267.66,0,0,18941
4536,2020-10-01 13:45:00,267.68,267.75,267.48,267.65,0,0,19472
4537,2020-10-01 13:46:00,267.65,267.74,267.57,267.72,0,0,24273
4538,2020-10-01 13:47:00,267.71,267.71,267.41,267.44,0,0,20155
4539,2020-10-01 13:48:00,267.42,267.61,267.41,267.51,0,0,17176
4540,2020-10-01 13:49:00,267.51,267.55,267.32,267.37,0,0,19122
4541,2020-10-01 13:50:00,267.4,267.4,267.03,267.16,0,0,29327
4542,2020-10-01 13:51:00,267.15,267.18,266.98,267.09,0,0,19422
4543,2020-10-01 13:52:00,267.13,267.27,267.06,267.06,0,0,28221
4544,2020-10-01 13:53:00,267.05,267.26,267.01,267.21,0,0,20203
4545,2020-10-01 13:54:00,267.24,267.42,267.24,267.39,0,0,44243
4546,2020-10-01 13:55:00,267.38,267.39,267.25,267.27,0,0,14096
4547,2020-10-01 13:56:00,267.26,267.62,267.24,267.57,0,0,25594
4548,2020-10-01 13:57:00,267.56,267.57,267.33,267.5,0,0,27807
4549,2020-10-01 13:58:00,267.5,267.6,267.42,267.43,0,0,21419
4550,2020-10-01 13:59:00,267.43,267.58,266.28,266.51,0,0,120360
4551,2020-10-01 14:00:00,266.51,267.43,266.51,266.6,0,0,93391
4552,2020-10-01 14:01:00,265.93,266.51,265.85,265.93,0,0,74477
4553,2020-10-01 14:02:00,265.96,266.03,265.59,266.03,0,0,53245
4554,2020-10-01 14:03:00,265.86,266.0,265.64,265.86,0,0,28188
4555,2020-10-01 14:04:00,265.86,266.08,265.56,265.92,0,0,38350
4556,2020-10-01 14:05:00,265.95,266.0,265.55,265.68,0,0,43466
4557,2020-10-01 14:06:00,265.67,265.71,265.4,265.44,0,0,49026
4558,2020-10-01 14:07:00,265.45,266.11,265.4,265.85,0,0,61175
4559,2020-10-01 14:08:00,265.86,265.93,265.27,265.61,0,0,1079453
4560,2020-10-01 14:09:00,265.66,265.92,265.44,265.77,0,0,38400
4561,2020-10-01 14:10:00,265.74,266.13,265.74,266.03,0,0,40418
4562,2020-10-01 14:11:00,266.01,266.29,265.87,266.29,0,0,30510
4563,2020-10-01 14:12:00,266.25,266.25,265.68,265.89,0,0,30697
4564,2020-10-01 14:13:00,265.91,266.0,265.68,265.96,0,0,17372
4565,2020-10-01 14:14:00,266.01,266.27,265.94,266.01,0,0,18257
4566,2020-10-01 14:15:00,266.02,266.02,265.35,265.38,0,0,42985
4567,2020-10-01 14:16:00,265.36,265.88,265.32,265.86,0,0,38895
4568,2020-10-01 14:17:00,265.79,265.96,265.65,265.69,0,0,21281
4569,2020-10-01 14:18:00,265.52,265.52,265.44,265.44,0,0,24263
4570,2020-10-01 14:19:00,265.43,265.99,265.42,265.99,0,0,37036
4571,2020-10-01 14:20:00,265.99,266.13,265.77,266.08,0,0,28697
4572,2020-10-01 14:21:00,266.08,266.29,266.04,266.29,0,0,45783
4573,2020-10-01 14:22:00,266.17,266.27,265.98,266.17,0,0,33393
4574,2020-10-01 14:23:00,266.16,266.31,265.93,265.95,0,0,1045648
4575,2020-10-01 14:24:00,265.97,266.33,265.97,266.32,0,0,22067
4576,2020-10-01 14:25:00,266.28,266.32,266.13,266.29,0,0,24293
4577,2020-10-01 14:26:00,266.27,266.8,266.25,266.75,0,0,60361
4578,2020-10-01 14:27:00,266.75,266.75,266.52,266.7,0,0,34681
4579,2020-10-01 14:28:00,266.71,266.99,266.61,266.91,0,0,64927
4580,2020-10-01 14:29:00,266.89,266.93,266.82,266.89,0,0,31495
4581,2020-10-01 14:30:00,266.89,267.18,266.87,267.1,0,0,48867
4582,2020-10-01 14:31:00,267.09,267.2,267.08,267.17,0,0,30482
4583,2020-10-01 14:32:00,267.17,267.36,267.07,267.35,0,0,26539
4584,2020-10-01 14:33:00,267.35,267.42,267.2,267.38,0,0,30925
4585,2020-10-01 14:34:00,267.37,267.57,267.34,267.51,0,0,31053
4586,2020-10-01 14:35:00,267.54,267.56,267.32,267.39,0,0,35741
4587,2020-10-01 14:36:00,267.38,267.59,267.33,267.56,0,0,53040
4588,2020-10-01 14:37:00,267.58,267.7,267.58,267.65,0,0,47059
4589,2020-10-01 14:38:00,267.62,267.81,267.58,267.8,0,0,31779
4590,2020-10-01 14:39:00,267.8,267.82,267.34,267.5,0,0,60553
4591,2020-10-01 14:40:00,267.52,267.77,267.52,267.59,0,0,38892
4592,2020-10-01 14:41:00,267.6,267.7,267.55,267.58,0,0,23663
4593,2020-10-01 14:42:00,267.61,267.76,267.6,267.75,0,0,33958
4594,2020-10-01 14:43:00,267.74,267.77,267.59,267.65,0,0,27759
4595,2020-10-01 14:44:00,267.68,267.91,267.68,267.72,0,0,48564
4596,2020-10-01 14:45:00,267.71,267.76,267.5,267.52,0,0,37215
4597,2020-10-01 14:46:00,267.54,267.89,267.54,267.82,0,0,43646
4598,2020-10-01 14:47:00,267.77,267.8,267.63,267.67,0,0,21372
4599,2020-10-01 14:48:00,267.68,267.93,267.67,267.93,0,0,28597
4600,2020-10-01 14:49:00,267.93,268.05,267.59,267.59,0,0,81593
4601,2020-10-01 14:50:00,267.63,267.66,267.33,267.55,0,0,65790
4602,2020-10-01 14:51:00,267.55,267.76,267.4,267.61,0,0,49782
4603,2020-10-01 14:52:00,267.61,267.8,267.52,267.8,0,0,24496
4604,2020-10-01 14:53:00,267.78,267.82,267.59,267.6,0,0,15965
4605,2020-10-01 14:54:00,267.62,267.76,267.62,267.7,0,0,15090
4606,2020-10-01 14:55:00,267.68,267.68,267.57,267.62,0,0,20322
4607,2020-10-01 14:56:00,267.65,267.88,267.65,267.85,0,0,24629
4608,2020-10-01 14:57:00,267.85,267.91,267.63,267.72,0,0,27038
4609,2020-10-01 14:58:00,267.68,267.85,267.67,267.8,0,0,20478
4610,2020-10-01 14:59:00,267.8,267.93,267.77,267.82,0,0,37189
4611,2020-10-01 15:00:00,267.83,267.97,267.81,267.89,0,0,31460
4612,2020-10-01 15:01:00,267.89,267.95,267.85,267.95,0,0,32705
4613,2020-10-01 15:02:00,267.92,268.23,267.92,268.13,0,0,63714
4614,2020-10-01 15:03:00,268.12,268.26,268.01,268.24,0,0,35403
4615,2020-10-01 15:04:00,268.26,268.33,267.98,267.99,0,0,46394
4616,2020-10-01 15:05:00,267.96,268.11,267.91,268.08,0,0,35380
4617,2020-10-01 15:06:00,268.08,268.08,267.76,267.79,0,0,49911
4618,2020-10-01 15:07:00,267.77,267.87,267.7,267.75,0,0,31869
4619,2020-10-01 15:08:00,267.75,267.97,267.75,267.91,0,0,34867
4620,2020-10-01 15:09:00,267.88,267.92,267.48,267.6,0,0,47744
4621,2020-10-01 15:10:00,267.69,267.98,267.66,267.95,0,0,33844
4622,2020-10-01 15:11:00,267.95,267.95,267.63,267.65,0,0,33283
4623,2020-10-01 15:12:00,267.65,267.77,267.62,267.77,0,0,36457
4624,2020-10-01 15:13:00,267.76,267.82,267.66,267.73,0,0,18993
4625,2020-10-01 15:14:00,267.74,267.84,267.53,267.64,0,0,30028
4626,2020-10-01 15:15:00,267.65,267.84,267.39,267.45,0,0,50704
4627,2020-10-01 15:16:00,267.45,267.65,267.43,267.58,0,0,36073
4628,2020-10-01 15:17:00,267.6,267.79,267.49,267.79,0,0,25510
4629,2020-10-01 15:18:00,267.74,267.79,267.49,267.5,0,0,35991
4630,2020-10-01 15:19:00,267.51,267.63,267.19,267.2,0,0,39718
4631,2020-10-01 15:20:00,267.19,267.35,267.13,267.27,0,0,41079
4632,2020-10-01 15:21:00,267.29,267.39,267.19,267.34,0,0,18321
4633,2020-10-01 15:22:00,267.28,267.32,266.97,267.02,0,0,45451
4634,2020-10-01 15:23:00,267.05,267.05,266.94,266.98,0,0,32969
4635,2020-10-01 15:24:00,267.0,267.14,267.0,267.04,0,0,23026
4636,2020-10-01 15:25:00,267.03,267.04,266.72,266.93,0,0,29499
4637,2020-10-01 15:26:00,266.94,266.94,266.73,266.86,0,0,26435
4638,2020-10-01 15:27:00,266.85,266.97,266.82,266.94,0,0,21579
4639,2020-10-01 15:28:00,266.94,267.15,266.94,266.96,0,0,41004
4640,2020-10-01 15:29:00,266.97,266.97,266.61,266.63,0,0,42964
4641,2020-10-01 15:30:00,266.63,266.96,266.59,266.82,0,0,30212
4642,2020-10-01 15:31:00,266.82,266.98,266.71,266.76,0,0,38294
4643,2020-10-01 15:32:00,266.73,266.76,266.42,266.42,0,0,33821
4644,2020-10-01 15:33:00,266.42,266.68,266.33,266.68,0,0,37667
4645,2020-10-01 15:34:00,266.68,266.88,266.65,266.87,0,0,48644
4646,2020-10-01 15:35:00,266.85,266.9,266.6,266.62,0,0,34133
4647,2020-10-01 15:36:00,266.6,266.82,266.51,266.82,0,0,30033
4648,2020-10-01 15:37:00,266.81,266.97,266.8,266.81,0,0,34880
4649,2020-10-01 15:38:00,266.82,266.92,266.21,266.21,0,0,53821
4650,2020-10-01 15:39:00,266.21,266.96,266.21,266.91,0,0,54057
4651,2020-10-01 15:40:00,266.91,266.95,266.61,266.61,0,0,54895
4652,2020-10-01 15:41:00,266.62,266.67,266.49,266.67,0,0,24132
4653,2020-10-01 15:42:00,266.64,266.92,266.63,266.87,0,0,43124
4654,2020-10-01 15:43:00,266.86,267.0,266.71,266.99,0,0,32881
4655,2020-10-01 15:44:00,267.02,267.09,266.8,266.91,0,0,30317
4656,2020-10-01 15:45:00,266.95,266.99,266.61,266.63,0,0,42958
4657,2020-10-01 15:46:00,266.6,266.69,266.57,266.68,0,0,38266
4658,2020-10-01 15:47:00,266.68,266.96,266.67,266.84,0,0,35028
4659,2020-10-01 15:48:00,266.82,266.91,266.69,266.84,0,0,63412
4660,2020-10-01 15:49:00,266.87,266.93,266.74,266.85,0,0,35530
4661,2020-10-01 15:50:00,266.93,267.18,266.85,267.05,0,0,54463
4662,2020-10-01 15:51:00,267.04,267.17,266.99,267.12,0,0,79672
4663,2020-10-01 15:52:00,267.15,267.17,266.84,266.88,0,0,81425
4664,2020-10-01 15:53:00,266.89,266.94,266.74,266.93,0,0,70122
4665,2020-10-01 15:54:00,266.93,267.07,266.65,266.66,0,0,97623
4666,2020-10-01 15:55:00,266.65,266.87,266.63,266.81,0,0,90814
4667,2020-10-01 15:56:00,266.83,266.83,266.65,266.75,0,0,100017
4668,2020-10-01 15:57:00,266.75,266.79,266.52,266.56,0,0,114946
4669,2020-10-01 15:58:00,266.56,266.58,266.42,266.54,0,0,121208
4670,2020-10-01 15:59:00,266.53,266.71,266.3,266.63,0,0,280112
4671,2020-10-02 09:30:00,261.21,263.08,260.05,262.5,0,0,613031
4672,2020-10-02 09:31:00,262.42,263.07,262.21,262.8,0,0,64978
4673,2020-10-02 09:32:00,262.61,262.93,262.01,262.08,0,0,77206
4674,2020-10-02 09:33:00,262.08,262.48,261.83,262.18,0,0,67972
4675,2020-10-02 09:34:00,262.2,262.5,261.63,262.15,0,0,107427
4676,2020-10-02 09:35:00,262.0,262.23,261.54,261.88,0,0,66575
4677,2020-10-02 09:36:00,261.79,262.54,261.79,262.41,0,0,62673
4678,2020-10-02 09:37:00,262.43,263.64,262.21,263.6,0,0,96141
4679,2020-10-02 09:38:00,263.61,263.61,263.2,263.38,0,0,81219
4680,2020-10-02 09:39:00,263.43,263.75,263.09,263.53,0,0,75270
4681,2020-10-02 09:40:00,263.04,263.34,263.04,263.32,0,0,85039
4682,2020-10-02 09:41:00,263.25,263.8,263.2,263.51,0,0,76698
4683,2020-10-02 09:42:00,263.5,263.61,263.33,263.41,0,0,71197
4684,2020-10-02 09:43:00,263.51,263.85,263.24,263.75,0,0,31948
4685,2020-10-02 09:44:00,263.68,263.87,263.53,263.67,0,0,72428
4686,2020-10-02 09:45:00,263.61,263.76,263.1,263.63,0,0,68309
4687,2020-10-02 09:46:00,263.6,263.89,263.55,263.55,0,0,58971
4688,2020-10-02 09:47:00,263.5,263.82,263.48,263.77,0,0,63366
4689,2020-10-02 09:48:00,264.15,264.35,263.99,264.18,0,0,86705
4690,2020-10-02 09:49:00,264.0,264.19,263.89,264.03,0,0,55181
4691,2020-10-02 09:50:00,263.75,263.77,263.34,263.34,0,0,68554
4692,2020-10-02 09:51:00,263.44,263.59,262.97,263.15,0,0,67030
4693,2020-10-02 09:52:00,263.21,263.35,262.6,262.79,0,0,66690
4694,2020-10-02 09:53:00,262.36,262.75,262.36,262.6,0,0,82643
4695,2020-10-02 09:54:00,262.6,262.89,262.48,262.7,0,0,66272
4696,2020-10-02 09:55:00,262.69,262.82,262.57,262.62,0,0,41123
4697,2020-10-02 09:56:00,262.47,262.61,262.47,262.52,0,0,56382
4698,2020-10-02 09:57:00,262.5,263.22,262.5,263.15,0,0,59982
4699,2020-10-02 09:58:00,263.15,263.55,263.15,263.55,0,0,51733
4700,2020-10-02 09:59:00,263.87,263.95,263.42,263.67,0,0,65817
4701,2020-10-02 10:00:00,263.64,264.01,263.33,263.98,0,0,82893
4702,2020-10-02 10:01:00,264.02,264.04,263.5,263.85,0,0,51471
4703,2020-10-02 10:02:00,263.75,263.79,263.34,263.62,0,0,27774
4704,2020-10-02 10:03:00,263.57,264.06,263.57,263.8,0,0,70818
4705,2020-10-02 10:04:00,263.75,263.8,263.45,263.52,0,0,27422
4706,2020-10-02 10:05:00,263.5,263.88,263.5,263.54,0,0,24590
4707,2020-10-02 10:06:00,263.51,263.97,263.44,263.84,0,0,31304
4708,2020-10-02 10:07:00,263.78,263.8,263.37,263.5,0,0,28465
4709,2020-10-02 10:08:00,263.53,263.97,263.42,263.86,0,0,28853
4710,2020-10-02 10:09:00,263.91,263.95,263.69,263.81,0,0,25256
4711,2020-10-02 10:10:00,263.86,264.22,263.72,263.79,0,0,41229
4712,2020-10-02 10:11:00,263.73,264.12,263.73,264.04,0,0,32922
4713,2020-10-02 10:12:00,264.03,264.12,263.81,264.0,0,0,22081
4714,2020-10-02 10:13:00,264.0,264.58,264.0,264.5,0,0,55634
4715,2020-10-02 10:14:00,264.54,264.72,264.35,264.59,0,0,45082
4716,2020-10-02 10:15:00,264.56,264.99,264.41,264.77,0,0,47877
4717,2020-10-02 10:16:00,264.75,264.89,264.4,264.48,0,0,45344
4718,2020-10-02 10:17:00,264.53,264.65,264.29,264.36,0,0,30568
4719,2020-10-02 10:18:00,264.31,264.82,264.26,264.82,0,0,24709
4720,2020-10-02 10:19:00,264.78,264.88,264.63,264.71,0,0,23602
4721,2020-10-02 10:20:00,264.74,265.09,264.58,264.68,0,0,45297
4722,2020-10-02 10:21:00,264.64,264.99,264.6,264.93,0,0,35830
4723,2020-10-02 10:22:00,264.99,265.15,264.55,264.6,0,0,54456
4724,2020-10-02 10:23:00,264.66,264.86,264.33,264.37,0,0,44840
4725,2020-10-02 10:24:00,264.46,264.6,264.17,264.31,0,0,60602
4726,2020-10-02 10:25:00,264.31,264.52,264.2,264.41,0,0,61652
4727,2020-10-02 10:26:00,264.46,264.51,264.3,264.35,0,0,28767
4728,2020-10-02 10:27:00,264.32,264.33,264.02,264.25,0,0,30269
4729,2020-10-02 10:28:00,264.29,264.63,264.28,264.57,0,0,27546
4730,2020-10-02 10:29:00,264.53,264.78,264.43,264.65,0,0,21336
4731,2020-10-02 10:30:00,264.67,264.68,264.25,264.43,0,0,18572
4732,2020-10-02 10:31:00,264.39,264.46,264.15,264.29,0,0,18876
4733,2020-10-02 10:32:00,264.31,264.5,264.08,264.1,0,0,19021
4734,2020-10-02 10:33:00,264.1,264.38,263.91,264.19,0,0,40195
4735,2020-10-02 10:34:00,264.28,264.78,264.16,264.71,0,0,28641
4736,2020-10-02 10:35:00,264.67,264.67,264.01,264.14,0,0,26717
4737,2020-10-02 10:36:00,264.08,264.17,263.93,264.09,0,0,33987
4738,2020-10-02 10:37:00,264.06,264.15,263.81,263.86,0,0,21675
4739,2020-10-02 10:38:00,263.95,264.08,263.52,263.58,0,0,26592
4740,2020-10-02 10:39:00,263.6,263.79,263.44,263.46,0,0,46506
4741,2020-10-02 10:40:00,263.43,263.55,263.21,263.36,0,0,39085
4742,2020-10-02 10:41:00,263.31,263.44,263.17,263.29,0,0,28928
4743,2020-10-02 10:42:00,263.34,263.5,263.3,263.45,0,0,24156
4744,2020-10-02 10:43:00,263.48,263.53,263.34,263.48,0,0,20570
4745,2020-10-02 10:44:00,263.43,263.45,263.01,263.02,0,0,34423
4746,2020-10-02 10:45:00,263.02,263.2,262.78,263.18,0,0,50225
4747,2020-10-02 10:46:00,263.15,263.56,263.1,263.48,0,0,32081
4748,2020-10-02 10:47:00,263.44,263.56,263.33,263.44,0,0,35563
4749,2020-10-02 10:48:00,263.4,263.69,263.4,263.62,0,0,31112
4750,2020-10-02 10:49:00,263.63,263.67,263.37,263.61,0,0,18721
4751,2020-10-02 10:50:00,263.47,263.59,263.4,263.5,0,0,22163
4752,2020-10-02 10:51:00,263.5,263.76,263.4,263.62,0,0,40424
4753,2020-10-02 10:52:00,263.68,263.77,263.43,263.77,0,0,22373
4754,2020-10-02 10:53:00,263.68,263.85,263.4,263.4,0,0,34421
4755,2020-10-02 10:54:00,263.44,263.55,263.22,263.55,0,0,30643
4756,2020-10-02 10:55:00,263.57,263.82,263.57,263.76,0,0,35603
4757,2020-10-02 10:56:00,263.76,264.05,263.76,263.96,0,0,18989
4758,2020-10-02 10:57:00,264.0,264.05,263.87,263.92,0,0,22405
4759,2020-10-02 10:58:00,263.9,264.17,263.9,264.15,0,0,19948
4760,2020-10-02 10:59:00,264.12,264.27,264.08,264.2,0,0,42352
4761,2020-10-02 11:00:00,264.16,264.32,263.71,263.9,0,0,54285
4762,2020-10-02 11:01:00,263.94,264.13,263.9,264.13,0,0,38682
4763,2020-10-02 11:02:00,264.18,264.6,264.15,264.56,0,0,35995
4764,2020-10-02 11:03:00,264.55,264.8,264.54,264.6,0,0,44618
4765,2020-10-02 11:04:00,264.58,264.6,263.83,263.85,0,0,56275
4766,2020-10-02 11:05:00,263.92,263.92,263.35,263.56,0,0,54798
4767,2020-10-02 11:06:00,263.56,263.86,263.47,263.52,0,0,20084
4768,2020-10-02 11:07:00,263.54,263.7,263.47,263.59,0,0,18388
4769,2020-10-02 11:08:00,263.59,263.9,263.47,263.9,0,0,21354
4770,2020-10-02 11:09:00,263.89,264.11,263.7,263.73,0,0,28205
4771,2020-10-02 11:10:00,263.74,263.96,263.65,263.78,0,0,16064
4772,2020-10-02 11:11:00,263.75,263.9,263.74,263.79,0,0,9447
4773,2020-10-02 11:12:00,263.83,263.99,263.83,263.97,0,0,10411
4774,2020-10-02 11:13:00,263.92,263.95,263.6,263.74,0,0,22508
4775,2020-10-02 11:14:00,263.78,263.9,263.69,263.69,0,0,18837
4776,2020-10-02 11:15:00,263.67,263.87,263.42,263.47,0,0,28928
4777,2020-10-02 11:16:00,263.47,263.62,263.43,263.47,0,0,21387
4778,2020-10-02 11:17:00,263.47,263.8,263.34,263.57,0,0,24776
4779,2020-10-02 11:18:00,263.55,263.71,263.37,263.57,0,0,20137
4780,2020-10-02 11:19:00,263.54,263.98,263.51,263.73,0,0,21909
4781,2020-10-02 11:20:00,263.64,263.93,263.61,263.67,0,0,27172
4782,2020-10-02 11:21:00,263.6,263.79,263.45,263.62,0,0,22781
4783,2020-10-02 11:22:00,263.59,263.66,263.42,263.42,0,0,15200
4784,2020-10-02 11:23:00,263.47,263.56,263.21,263.26,0,0,25476
4785,2020-10-02 11:24:00,263.28,263.29,262.85,262.97,0,0,38576
4786,2020-10-02 11:25:00,263.0,263.16,263.0,263.08,0,0,21765
4787,2020-10-02 11:26:00,263.16,263.16,262.71,262.83,0,0,30588
4788,2020-10-02 11:27:00,262.8,263.1,262.77,263.04,0,0,25624
4789,2020-10-02 11:28:00,263.01,263.11,262.87,263.01,0,0,19254
4790,2020-10-02 11:29:00,262.93,262.97,262.59,262.65,0,0,15796
4791,2020-10-02 11:30:00,262.65,262.65,262.47,262.52,0,0,38334
4792,2020-10-02 11:31:00,262.53,262.71,262.4,262.43,0,0,27844
4793,2020-10-02 11:32:00,262.41,262.53,262.35,262.52,0,0,25780
4794,2020-10-02 11:33:00,262.5,262.5,262.14,262.2,0,0,38897
4795,2020-10-02 11:34:00,262.15,262.37,262.15,262.23,0,0,30102
4796,2020-10-02 11:35:00,262.23,262.5,262.13,262.45,0,0,31119
4797,2020-10-02 11:36:00,262.48,262.49,262.17,262.17,0,0,34121
4798,2020-10-02 11:37:00,262.2,262.2,261.81,261.91,0,0,68780
4799,2020-10-02 11:38:00,261.84,261.97,261.81,261.85,0,0,30305
4800,2020-10-02 11:39:00,261.8,261.84,261.65,261.74,0,0,29666
4801,2020-10-02 11:40:00,261.69,261.79,261.6,261.65,0,0,27312
4802,2020-10-02 11:41:00,261.61,261.75,261.51,261.6,0,0,38655
4803,2020-10-02 11:42:00,261.65,262.1,261.63,261.88,0,0,38151
4804,2020-10-02 11:43:00,261.86,262.12,261.72,261.75,0,0,51201
4805,2020-10-02 11:44:00,261.72,261.91,261.65,261.78,0,0,32047
4806,2020-10-02 11:45:00,261.76,261.97,261.6,261.96,0,0,36682
4807,2020-10-02 11:46:00,261.96,262.25,261.91,262.17,0,0,39733
4808,2020-10-02 11:47:00,262.19,262.46,262.15,262.45,0,0,42959
4809,2020-10-02 11:48:00,262.49,262.5,262.27,262.29,0,0,29550
4810,2020-10-02 11:49:00,262.33,262.49,262.29,262.46,0,0,24873
4811,2020-10-02 11:50:00,262.45,262.58,262.29,262.49,0,0,40535
4812,2020-10-02 11:51:00,262.51,262.56,262.28,262.51,0,0,50459
4813,2020-10-02 11:52:00,262.52,262.52,262.17,262.28,0,0,29217
4814,2020-10-02 11:53:00,262.21,262.21,261.75,261.78,0,0,56702
4815,2020-10-02 11:54:00,261.83,261.99,261.4,261.55,0,0,73835
4816,2020-10-02 11:55:00,261.55,261.64,261.22,261.28,0,0,50292
4817,2020-10-02 11:56:00,261.31,261.34,260.88,261.19,0,0,82044
4818,2020-10-02 11:57:00,261.19,261.26,260.85,261.03,0,0,51768
4819,2020-10-02 11:58:00,261.0,261.21,260.69,261.13,0,0,39198
4820,2020-10-02 11:59:00,261.17,261.3,260.73,260.88,0,0,42179
4821,2020-10-02 12:00:00,260.8,260.8,260.33,260.5,0,0,52200
4822,2020-10-02 12:01:00,260.48,260.48,259.64,259.7,0,0,162383
4823,2020-10-02 12:02:00,259.79,260.18,259.71,259.98,0,0,68469
4824,2020-10-02 12:03:00,260.02,260.02,259.73,259.73,0,0,52231
4825,2020-10-02 12:04:00,259.72,259.95,259.57,259.89,0,0,81837
4826,2020-10-02 12:05:00,259.81,259.86,259.18,259.54,0,0,91470
4827,2020-10-02 12:06:00,259.56,260.0,259.51,259.9,0,0,66063
4828,2020-10-02 12:07:00,259.9,260.48,259.9,260.48,0,0,68661
4829,2020-10-02 12:08:00,260.51,260.67,260.07,260.13,0,0,64409
4830,2020-10-02 12:09:00,260.22,260.53,260.15,260.25,0,0,41892
4831,2020-10-02 12:10:00,260.35,260.75,260.27,260.56,0,0,57112
4832,2020-10-02 12:11:00,260.63,260.82,260.46,260.65,0,0,39050
4833,2020-10-02 12:12:00,260.65,260.96,260.33,260.77,0,0,65085
4834,2020-10-02 12:13:00,260.77,261.47,260.68,261.46,0,0,86241
4835,2020-10-02 12:14:00,261.46,261.91,261.21,261.39,0,0,74264
4836,2020-10-02 12:15:00,261.4,261.49,260.81,261.13,0,0,37709
4837,2020-10-02 12:16:00,261.17,261.63,261.12,261.57,0,0,34585
4838,2020-10-02 12:17:00,261.63,261.9,261.53,261.78,0,0,55583
4839,2020-10-02 12:18:00,261.78,262.23,261.6,261.9,0,0,84252
4840,2020-10-02 12:19:00,261.93,262.26,261.78,262.24,0,0,57683
4841,2020-10-02 12:20:00,262.3,262.61,262.3,262.37,0,0,74007
4842,2020-10-02 12:21:00,262.35,262.46,262.19,262.36,0,0,35674
4843,2020-10-02 12:22:00,262.32,262.52,262.15,262.36,0,0,51974
4844,2020-10-02 12:23:00,262.32,262.44,262.06,262.1,0,0,37323
4845,2020-10-02 12:24:00,262.1,262.34,262.04,262.17,0,0,31927
4846,2020-10-02 12:25:00,262.15,262.48,262.15,262.31,0,0,44178
4847,2020-10-02 12:26:00,262.31,262.55,262.0,262.03,0,0,66095
4848,2020-10-02 12:27:00,262.05,262.33,262.02,262.29,0,0,37952
4849,2020-10-02 12:28:00,262.24,262.29,261.95,262.0,0,0,39674
4850,2020-10-02 12:29:00,262.03,262.05,261.73,262.0,0,0,39110
4851,2020-10-02 12:30:00,261.98,262.3,261.98,262.06,0,0,61345
4852,2020-10-02 12:31:00,262.09,262.19,261.44,261.55,0,0,46012
4853,2020-10-02 12:32:00,261.55,261.84,261.23,261.23,0,0,36607
4854,2020-10-02 12:33:00,261.24,261.52,261.17,261.22,0,0,38963
4855,2020-10-02 12:34:00,261.35,261.57,261.27,261.27,0,0,19947
4856,2020-10-02 12:35:00,261.35,261.59,261.19,261.56,0,0,26655
4857,2020-10-02 12:36:00,261.53,261.79,261.44,261.71,0,0,22492
4858,2020-10-02 12:37:00,261.72,262.0,261.68,262.0,0,0,26298
4859,2020-10-02 12:38:00,262.03,262.32,262.0,262.23,0,0,21488
4860,2020-10-02 12:39:00,262.27,262.38,262.11,262.21,0,0,25306
4861,2020-10-02 12:40:00,262.26,262.4,262.17,262.39,0,0,21567
4862,2020-10-02 12:41:00,262.45,262.45,262.17,262.17,0,0,18405
4863,2020-10-02 12:42:00,262.19,262.37,261.86,262.0,0,0,38786
4864,2020-10-02 12:43:00,261.95,262.11,261.9,262.09,0,0,26731
4865,2020-10-02 12:44:00,262.07,262.25,261.93,262.25,0,0,12310
4866,2020-10-02 12:45:00,262.26,262.33,261.95,262.08,0,0,23797
4867,2020-10-02 12:46:00,262.04,262.24,261.83,261.91,0,0,25466
4868,2020-10-02 12:47:00,261.93,262.14,261.91,261.91,0,0,15981
4869,2020-10-02 12:48:00,261.92,262.07,261.9,261.98,0,0,28164
4870,2020-10-02 12:49:00,262.01,262.16,261.95,261.95,0,0,23175
4871,2020-10-02 12:50:00,261.99,262.05,261.54,261.82,0,0,46403
4872,2020-10-02 12:51:00,261.86,262.0,261.78,261.84,0,0,17303
4873,2020-10-02 12:52:00,261.84,262.17,261.83,262.08,0,0,24143
4874,2020-10-02 12:53:00,262.11,262.11,261.78,261.93,0,0,39350
4875,2020-10-02 12:54:00,261.92,262.11,261.86,261.91,0,0,31675
4876,2020-10-02 12:55:00,261.9,261.92,261.74,261.79,0,0,23108
4877,2020-10-02 12:56:00,261.78,261.95,261.74,261.92,0,0,25064
4878,2020-10-02 12:57:00,261.92,261.93,261.7,261.73,0,0,23066
4879,2020-10-02 12:58:00,261.72,261.72,261.27,261.32,0,0,30173
4880,2020-10-02 12:59:00,261.36,261.43,261.22,261.23,0,0,34624
4881,2020-10-02 13:00:00,261.24,261.6,261.22,261.57,0,0,31737
4882,2020-10-02 13:01:00,261.57,261.57,261.1,261.2,0,0,35682
4883,2020-10-02 13:02:00,261.26,261.26,261.05,261.08,0,0,28444
4884,2020-10-02 13:03:00,261.1,261.32,260.91,261.28,0,0,34721
4885,2020-10-02 13:04:00,261.4,261.4,260.94,261.02,0,0,29324
4886,2020-10-02 13:05:00,261.05,261.05,260.61,260.74,0,0,41961
4887,2020-10-02 13:06:00,260.71,260.78,260.56,260.76,0,0,23860
4888,2020-10-02 13:07:00,260.78,261.02,260.78,260.83,0,0,29376
4889,2020-10-02 13:08:00,260.87,261.09,260.76,261.09,0,0,18610
4890,2020-10-02 13:09:00,261.07,261.07,260.75,260.89,0,0,23365
4891,2020-10-02 13:10:00,260.86,261.23,260.77,261.17,0,0,23690
4892,2020-10-02 13:11:00,261.2,261.32,261.13,261.17,0,0,22764
4893,2020-10-02 13:12:00,261.12,261.14,260.36,260.49,0,0,42385
4894,2020-10-02 13:13:00,260.5,260.75,260.46,260.63,0,0,18419
4895,2020-10-02 13:14:00,260.65,260.86,260.63,260.69,0,0,13682
4896,2020-10-02 13:15:00,260.74,260.87,260.6,260.72,0,0,24487
4897,2020-10-02 13:16:00,260.68,260.87,260.64,260.8,0,0,14187
4898,2020-10-02 13:17:00,260.83,260.9,260.65,260.65,0,0,14599
4899,2020-10-02 13:18:00,260.64,260.72,260.38,260.7,0,0,25739
4900,2020-10-02 13:19:00,260.71,261.07,260.71,260.89,0,0,24248
4901,2020-10-02 13:20:00,260.93,261.2,260.82,261.18,0,0,23967
4902,2020-10-02 13:21:00,261.18,261.25,261.07,261.07,0,0,22489
4903,2020-10-02 13:22:00,261.06,261.29,260.96,261.18,0,0,15284
4904,2020-10-02 13:23:00,261.18,261.34,261.11,261.27,0,0,19181
4905,2020-10-02 13:24:00,261.33,261.56,261.33,261.47,0,0,23273
4906,2020-10-02 13:25:00,261.44,261.44,261.25,261.28,0,0,14525
4907,2020-10-02 13:26:00,261.3,261.48,261.25,261.43,0,0,14787
4908,2020-10-02 13:27:00,261.47,261.58,261.42,261.55,0,0,11708
4909,2020-10-02 13:28:00,261.52,261.52,261.18,261.36,0,0,21146
4910,2020-10-02 13:29:00,261.34,261.61,261.34,261.47,0,0,13431
4911,2020-10-02 13:30:00,261.48,261.52,261.35,261.47,0,0,10707
4912,2020-10-02 13:31:00,261.54,261.65,261.4,261.46,0,0,13121
4913,2020-10-02 13:32:00,261.48,261.48,261.14,261.34,0,0,13882
4914,2020-10-02 13:33:00,261.39,261.45,261.02,261.19,0,0,11939
4915,2020-10-02 13:34:00,261.23,261.23,260.92,261.05,0,0,24020
4916,2020-10-02 13:35:00,261.02,261.41,261.02,261.31,0,0,13444
4917,2020-10-02 13:36:00,261.33,261.6,261.3,261.45,0,0,17707
4918,2020-10-02 13:37:00,261.49,261.68,261.46,261.61,0,0,12264
4919,2020-10-02 13:38:00,261.65,261.73,261.6,261.69,0,0,20322
4920,2020-10-02 13:39:00,261.68,261.85,261.61,261.83,0,0,22141
4921,2020-10-02 13:40:00,261.83,261.86,260.64,260.81,0,0,69679
4922,2020-10-02 13:41:00,260.77,261.18,260.77,261.02,0,0,29580
4923,2020-10-02 13:42:00,261.02,261.19,260.92,261.18,0,0,19422
4924,2020-10-02 13:43:00,261.19,261.22,260.93,261.1,0,0,18812
4925,2020-10-02 13:44:00,261.15,261.25,261.04,261.16,0,0,11989
4926,2020-10-02 13:45:00,261.11,261.24,260.93,261.17,0,0,19618
4927,2020-10-02 13:46:00,261.12,261.3,261.03,261.29,0,0,19854
4928,2020-10-02 13:47:00,261.3,261.62,261.25,261.4,0,0,21723
4929,2020-10-02 13:48:00,261.39,261.51,261.33,261.45,0,0,13274
4930,2020-10-02 13:49:00,261.43,261.5,261.22,261.46,0,0,17787
4931,2020-10-02 13:50:00,261.49,261.5,261.17,261.43,0,0,19346
4932,2020-10-02 13:51:00,261.5,261.52,261.35,261.45,0,0,14067
4933,2020-10-02 13:52:00,261.42,261.54,261.32,261.44,0,0,16757
4934,2020-10-02 13:53:00,261.48,261.57,261.42,261.52,0,0,18627
4935,2020-10-02 13:54:00,261.5,261.68,261.37,261.51,0,0,28557
4936,2020-10-02 13:55:00,261.48,261.66,261.33,261.36,0,0,24893
4937,2020-10-02 13:56:00,261.36,261.5,261.31,261.4,0,0,16600
4938,2020-10-02 13:57:00,261.37,261.53,261.29,261.47,0,0,16684
4939,2020-10-02 13:58:00,261.43,261.75,261.41,261.7,0,0,18335
4940,2020-10-02 13:59:00,261.66,261.66,261.5,261.54,0,0,20530
4941,2020-10-02 14:00:00,261.54,261.9,261.51,261.85,0,0,20989
4942,2020-10-02 14:01:00,261.85,262.04,261.77,262.02,0,0,29886
4943,2020-10-02 14:02:00,262.02,262.24,262.01,262.11,0,0,21383
4944,2020-10-02 14:03:00,262.15,262.25,262.15,262.23,0,0,20878
4945,2020-10-02 14:04:00,262.24,262.31,262.14,262.31,0,0,18650
4946,2020-10-02 14:05:00,262.31,262.38,262.2,262.31,0,0,32898
4947,2020-10-02 14:06:00,262.28,262.7,262.28,262.53,0,0,27634
4948,2020-10-02 14:07:00,262.55,262.55,262.34,262.42,0,0,30266
4949,2020-10-02 14:08:00,262.48,262.53,262.43,262.48,0,0,8703
4950,2020-10-02 14:09:00,262.5,262.59,262.41,262.5,0,0,10737
4951,2020-10-02 14:10:00,262.5,262.57,262.36,262.46,0,0,21442
4952,2020-10-02 14:11:00,262.5,262.72,262.5,262.55,0,0,20102
4953,2020-10-02 14:12:00,262.56,262.72,262.5,262.52,0,0,27372
4954,2020-10-02 14:13:00,262.52,262.52,262.08,262.09,0,0,32008
4955,2020-10-02 14:14:00,262.08,262.12,261.94,262.04,0,0,33137
4956,2020-10-02 14:15:00,262.05,262.13,261.9,261.98,0,0,26513
4957,2020-10-02 14:16:00,262.01,262.19,261.97,262.04,0,0,14621
4958,2020-10-02 14:17:00,262.02,262.02,261.81,262.0,0,0,20974
4959,2020-10-02 14:18:00,262.02,262.1,261.86,261.89,0,0,14765
4960,2020-10-02 14:19:00,261.93,262.03,261.81,261.85,0,0,14343
4961,2020-10-02 14:20:00,261.83,262.04,261.81,261.86,0,0,16157
4962,2020-10-02 14:21:00,261.84,262.06,261.84,261.98,0,0,14029
4963,2020-10-02 14:22:00,261.92,261.92,261.61,261.76,0,0,18292
4964,2020-10-02 14:23:00,261.77,261.8,261.64,261.73,0,0,20174
4965,2020-10-02 14:24:00,261.71,261.77,261.58,261.67,0,0,11906
4966,2020-10-02 14:25:00,261.62,261.66,261.4,261.51,0,0,20984
4967,2020-10-02 14:26:00,261.52,261.55,261.2,261.35,0,0,26334
4968,2020-10-02 14:27:00,261.3,261.33,261.0,261.14,0,0,41865
4969,2020-10-02 14:28:00,261.16,261.23,261.06,261.13,0,0,20502
4970,2020-10-02 14:29:00,261.1,261.26,261.07,261.26,0,0,9488
4971,2020-10-02 14:30:00,261.26,261.31,261.12,261.12,0,0,15596
4972,2020-10-02 14:31:00,261.12,261.18,260.83,260.95,0,0,36199
4973,2020-10-02 14:32:00,260.93,261.01,260.55,260.85,0,0,37063
4974,2020-10-02 14:33:00,260.9,260.9,260.49,260.62,0,0,35578
4975,2020-10-02 14:34:00,260.65,260.92,260.57,260.68,0,0,32899
4976,2020-10-02 14:35:00,260.65,260.77,260.48,260.55,0,0,30013
4977,2020-10-02 14:36:00,260.55,260.83,260.42,260.63,0,0,18770
4978,2020-10-02 14:37:00,260.6,260.61,260.35,260.41,0,0,25940
4979,2020-10-02 14:38:00,260.38,260.6,260.37,260.58,0,0,17037
4980,2020-10-02 14:39:00,260.6,260.77,260.33,260.39,0,0,32521
4981,2020-10-02 14:40:00,260.38,260.57,260.2,260.2,0,0,27330
4982,2020-10-02 14:41:00,260.28,260.78,260.2,260.71,0,0,20947
4983,2020-10-02 14:42:00,260.72,260.88,260.6,260.88,0,0,13431
4984,2020-10-02 14:43:00,260.82,260.86,260.56,260.66,0,0,16408
4985,2020-10-02 14:44:00,260.7,261.11,260.56,260.98,0,0,27294
4986,2020-10-02 14:45:00,260.93,261.01,260.66,260.7,0,0,14697
4987,2020-10-02 14:46:00,260.76,261.32,260.76,261.17,0,0,23508
4988,2020-10-02 14:47:00,261.14,261.15,260.75,260.79,0,0,13330
4989,2020-10-02 14:48:00,260.83,260.84,260.55,260.78,0,0,17680
4990,2020-10-02 14:49:00,260.83,261.04,260.83,260.9,0,0,13017
4991,2020-10-02 14:50:00,260.83,260.94,260.56,260.7,0,0,16132
4992,2020-10-02 14:51:00,260.64,260.88,260.6,260.79,0,0,10711
4993,2020-10-02 14:52:00,260.78,260.92,260.66,260.78,0,0,19500
4994,2020-10-02 14:53:00,260.82,261.09,260.82,261.0,0,0,24490
4995,2020-10-02 14:54:00,260.95,261.05,260.87,260.98,0,0,10271
4996,2020-10-02 14:55:00,261.06,262.0,261.06,261.75,0,0,81560
4997,2020-10-02 14:56:00,261.77,261.77,261.33,261.33,0,0,21937
4998,2020-10-02 14:57:00,261.32,261.49,261.21,261.47,0,0,20751
4999,2020-10-02 14:58:00,261.46,261.46,261.26,261.36,0,0,9797
5000,2020-10-02 14:59:00,261.38,261.59,261.35,261.56,0,0,18169
5001,2020-10-02 15:00:00,261.49,261.63,261.2,261.3,0,0,16427
5002,2020-10-02 15:01:00,261.26,261.41,261.04,261.15,0,0,18480
5003,2020-10-02 15:02:00,261.15,261.23,260.84,261.23,0,0,25710
5004,2020-10-02 15:03:00,261.26,261.5,261.26,261.47,0,0,16954
5005,2020-10-02 15:04:00,261.42,261.55,261.31,261.42,0,0,10054
5006,2020-10-02 15:05:00,261.41,261.43,261.26,261.31,0,0,7785
5007,2020-10-02 15:06:00,261.27,261.49,261.23,261.45,0,0,10194
5008,2020-10-02 15:07:00,261.44,261.55,261.33,261.39,0,0,10925
5009,2020-10-02 15:08:00,261.43,261.45,261.2,261.4,0,0,10590
5010,2020-10-02 15:09:00,261.38,261.38,261.14,261.24,0,0,15984
5011,2020-10-02 15:10:00,261.23,261.54,261.22,261.4,0,0,12916
5012,2020-10-02 15:11:00,261.36,261.96,261.12,261.23,0,0,61742
5013,2020-10-02 15:12:00,261.23,261.45,260.6,260.87,0,0,57828
5014,2020-10-02 15:13:00,260.96,261.15,260.84,260.98,0,0,17850
5015,2020-10-02 15:14:00,260.97,261.1,260.91,260.97,0,0,18510
5016,2020-10-02 15:15:00,261.0,261.08,260.72,260.77,0,0,19934
5017,2020-10-02 15:16:00,260.8,261.25,260.8,261.18,0,0,15041
5018,2020-10-02 15:17:00,261.18,261.38,261.18,261.32,0,0,22954
5019,2020-10-02 15:18:00,261.33,261.57,261.24,261.54,0,0,23303
5020,2020-10-02 15:19:00,261.51,261.6,261.28,261.33,0,0,24480
5021,2020-10-02 15:20:00,261.33,261.78,261.24,261.68,0,0,23403
5022,2020-10-02 15:21:00,261.66,261.7,261.5,261.67,0,0,17717
5023,2020-10-02 15:22:00,261.61,261.64,261.33,261.48,0,0,20287
5024,2020-10-02 15:23:00,261.38,261.43,261.19,261.42,0,0,18421
5025,2020-10-02 15:24:00,261.37,261.56,261.3,261.52,0,0,18430
5026,2020-10-02 15:25:00,261.51,261.55,261.34,261.34,0,0,16495
5027,2020-10-02 15:26:00,261.34,261.36,261.18,261.26,0,0,17072
5028,2020-10-02 15:27:00,261.26,261.48,261.23,261.33,0,0,16057
5029,2020-10-02 15:28:00,261.37,261.49,261.28,261.3,0,0,12058
5030,2020-10-02 15:29:00,261.3,261.36,261.25,261.28,0,0,14268
5031,2020-10-02 15:30:00,261.3,261.4,261.08,261.31,0,0,21503
5032,2020-10-02 15:31:00,261.33,261.48,261.21,261.25,0,0,17460
5033,2020-10-02 15:32:00,261.25,261.51,261.02,261.48,0,0,29704
5034,2020-10-02 15:33:00,261.53,261.73,261.46,261.63,0,0,27431
5035,2020-10-02 15:34:00,261.61,261.68,261.52,261.59,0,0,16280
5036,2020-10-02 15:35:00,261.58,261.82,261.54,261.82,0,0,23517
5037,2020-10-02 15:36:00,261.83,262.04,261.79,262.04,0,0,26224
5038,2020-10-02 15:37:00,262.03,262.24,262.03,262.12,0,0,39252
5039,2020-10-02 15:38:00,262.12,262.33,261.96,262.04,0,0,50073
5040,2020-10-02 15:39:00,262.07,262.14,261.83,261.92,0,0,32681
5041,2020-10-02 15:40:00,261.98,262.06,261.85,262.01,0,0,25640
5042,2020-10-02 15:41:00,261.93,262.01,261.32,261.33,0,0,39209
5043,2020-10-02 15:42:00,261.3,261.61,261.3,261.57,0,0,23161
5044,2020-10-02 15:43:00,261.57,261.84,261.57,261.64,0,0,24872
5045,2020-10-02 15:44:00,261.67,261.79,261.51,261.57,0,0,24819
5046,2020-10-02 15:45:00,261.53,261.56,261.2,261.29,0,0,38389
5047,2020-10-02 15:46:00,261.23,261.26,261.01,261.05,0,0,22268
5048,2020-10-02 15:47:00,261.02,261.16,260.95,261.01,0,0,45133
5049,2020-10-02 15:48:00,261.01,261.05,260.83,261.01,0,0,39292
5050,2020-10-02 15:49:00,261.01,261.09,260.86,261.04,0,0,32202
5051,2020-10-02 15:50:00,261.07,261.52,260.8,260.8,0,0,59439
5052,2020-10-02 15:51:00,260.78,260.85,260.63,260.63,0,0,36821
5053,2020-10-02 15:52:00,260.65,260.77,260.53,260.66,0,0,32412
5054,2020-10-02 15:53:00,260.69,260.89,260.64,260.79,0,0,44908
5055,2020-10-02 15:54:00,260.76,260.77,260.12,260.12,0,0,101005
5056,2020-10-02 15:55:00,260.11,260.21,260.04,260.12,0,0,82744
5057,2020-10-02 15:56:00,260.12,260.46,260.07,260.1,0,0,133496
5058,2020-10-02 15:57:00,260.07,260.16,259.95,260.15,0,0,152764
5059,2020-10-02 15:58:00,260.15,260.19,259.93,259.94,0,0,92851
5060,2020-10-02 15:59:00,259.97,260.15,259.8,259.91,0,0,290219
5061,2020-10-05 09:30:00,262.2,262.63,261.55,262.53,0,0,368766
5062,2020-10-05 09:31:00,262.55,262.88,261.97,262.19,0,0,110524
5063,2020-10-05 09:32:00,262.23,262.23,261.85,261.95,0,0,11332
5064,2020-10-05 09:33:00,261.72,261.72,261.58,261.61,0,0,100463
5065,2020-10-05 09:34:00,261.62,262.27,261.62,262.27,0,0,79926
5066,2020-10-05 09:35:00,261.51,261.66,261.25,261.36,0,0,62029
5067,2020-10-05 09:36:00,261.36,261.68,261.33,261.53,0,0,39658
5068,2020-10-05 09:37:00,261.54,261.7,261.41,261.69,0,0,46300
5069,2020-10-05 09:38:00,261.66,262.22,261.55,262.17,0,0,52896
5070,2020-10-05 09:39:00,262.15,262.35,261.8,261.89,0,0,60613
5071,2020-10-05 09:40:00,261.86,262.04,261.86,262.0,0,0,43161
5072,2020-10-05 09:41:00,262.02,262.02,261.81,261.83,0,0,42974
5073,2020-10-05 09:42:00,261.85,261.96,261.51,261.57,0,0,66018
5074,2020-10-05 09:43:00,261.58,262.0,261.55,261.77,0,0,58246
5075,2020-10-05 09:44:00,261.62,261.65,261.33,261.33,0,0,45573
5076,2020-10-05 09:45:00,261.39,261.47,261.28,261.43,0,0,37186
5077,2020-10-05 09:46:00,261.42,261.66,261.34,261.47,0,0,42928
5078,2020-10-05 09:47:00,261.54,261.54,261.35,261.35,0,0,38747
5079,2020-10-05 09:48:00,261.15,261.21,260.95,260.95,0,0,65786
5080,2020-10-05 09:49:00,261.18,261.21,261.05,261.17,0,0,46107
5081,2020-10-05 09:50:00,261.25,261.31,260.94,261.13,0,0,34089
5082,2020-10-05 09:51:00,261.18,261.25,261.08,261.08,0,0,26999
5083,2020-10-05 09:52:00,261.22,261.31,261.17,261.28,0,0,52224
5084,2020-10-05 09:53:00,261.93,262.06,261.86,261.97,0,0,90887
5085,2020-10-05 09:54:00,262.0,262.25,261.92,262.25,0,0,104060
5086,2020-10-05 09:55:00,262.22,262.46,262.12,262.12,0,0,48789
5087,2020-10-05 09:56:00,262.18,262.54,261.97,262.4,0,0,39680
5088,2020-10-05 09:57:00,262.44,262.58,262.29,262.33,0,0,22728
5089,2020-10-05 09:58:00,262.36,262.57,262.31,262.33,0,0,18402
5090,2020-10-05 09:59:00,262.33,262.59,262.33,262.51,0,0,26144
5091,2020-10-05 10:00:00,262.58,262.96,262.55,262.89,0,0,74714
5092,2020-10-05 10:01:00,262.89,262.94,262.65,262.68,0,0,35199
5093,2020-10-05 10:02:00,262.67,262.75,262.56,262.68,0,0,46279
5094,2020-10-05 10:03:00,262.74,262.8,262.44,262.59,0,0,35352
5095,2020-10-05 10:04:00,262.64,262.68,262.45,262.64,0,0,14698
5096,2020-10-05 10:05:00,262.63,262.67,262.42,262.46,0,0,20820
5097,2020-10-05 10:06:00,262.46,262.6,262.4,262.45,0,0,21719
5098,2020-10-05 10:07:00,262.4,262.49,262.23,262.45,0,0,42321
5099,2020-10-05 10:08:00,262.44,262.61,262.37,262.55,0,0,26978
5100,2020-10-05 10:09:00,262.57,262.59,262.33,262.33,0,0,22949
5101,2020-10-05 10:10:00,262.37,262.73,262.37,262.72,0,0,22973
5102,2020-10-05 10:11:00,262.77,262.86,262.6,262.62,0,0,20395
5103,2020-10-05 10:12:00,262.62,262.72,262.55,262.57,0,0,19987
5104,2020-10-05 10:13:00,262.57,263.1,262.55,262.96,0,0,64265
5105,2020-10-05 10:14:00,262.93,263.4,262.93,263.38,0,0,64692
5106,2020-10-05 10:15:00,263.33,263.44,263.19,263.31,0,0,35548
5107,2020-10-05 10:16:00,263.31,263.33,263.13,263.3,0,0,26509
5108,2020-10-05 10:17:00,263.2,263.22,263.03,263.05,0,0,13474
5109,2020-10-05 10:18:00,263.02,263.25,263.02,263.21,0,0,23740
5110,2020-10-05 10:19:00,263.2,263.57,263.18,263.49,0,0,56122
5111,2020-10-05 10:20:00,263.49,263.53,263.27,263.37,0,0,27479
5112,2020-10-05 10:21:00,263.32,263.48,263.29,263.47,0,0,29520
5113,2020-10-05 10:22:00,263.45,263.59,263.45,263.47,0,0,23430
5114,2020-10-05 10:23:00,263.46,263.46,263.17,263.21,0,0,32552
5115,2020-10-05 10:24:00,263.2,263.32,263.14,263.32,0,0,29727
5116,2020-10-05 10:25:00,263.33,263.57,263.31,263.56,0,0,28239
5117,2020-10-05 10:26:00,263.59,264.0,263.59,263.99,0,0,56335
5118,2020-10-05 10:27:00,263.98,264.12,263.87,264.1,0,0,46175
5119,2020-10-05 10:28:00,264.11,264.11,263.71,263.74,0,0,23854
5120,2020-10-05 10:29:00,263.73,263.86,263.68,263.85,0,0,28608
5121,2020-10-05 10:30:00,263.86,263.93,263.69,263.8,0,0,32035
5122,2020-10-05 10:31:00,263.84,263.91,263.73,263.85,0,0,35605
5123,2020-10-05 10:32:00,263.83,264.2,263.83,264.14,0,0,50146
5124,2020-10-05 10:33:00,264.17,264.22,263.79,263.85,0,0,44998
5125,2020-10-05 10:34:00,263.85,263.85,263.55,263.65,0,0,36617
5126,2020-10-05 10:35:00,263.65,263.89,263.64,263.72,0,0,25326
5127,2020-10-05 10:36:00,263.7,263.77,263.45,263.53,0,0,32230
5128,2020-10-05 10:37:00,263.51,263.69,263.42,263.69,0,0,34278
5129,2020-10-05 10:38:00,263.67,263.71,263.5,263.66,0,0,16746
5130,2020-10-05 10:39:00,263.66,263.7,263.46,263.51,0,0,19914
5131,2020-10-05 10:40:00,263.52,263.6,263.45,263.6,0,0,31637
5132,2020-10-05 10:41:00,263.62,263.69,263.55,263.55,0,0,15637
5133,2020-10-05 10:42:00,263.55,263.84,263.52,263.69,0,0,20283
5134,2020-10-05 10:43:00,263.68,263.96,263.68,263.94,0,0,16175
5135,2020-10-05 10:44:00,263.93,263.98,263.6,263.62,0,0,25973
5136,2020-10-05 10:45:00,263.62,263.77,263.56,263.56,0,0,17839
5137,2020-10-05 10:46:00,263.57,263.57,263.19,263.32,0,0,31533
5138,2020-10-05 10:47:00,263.32,263.49,263.29,263.36,0,0,18565
5139,2020-10-05 10:48:00,263.37,263.55,263.32,263.36,0,0,16684
5140,2020-10-05 10:49:00,263.35,263.61,263.28,263.58,0,0,19548
5141,2020-10-05 10:50:00,263.6,263.72,263.52,263.53,0,0,13881
5142,2020-10-05 10:51:00,263.53,263.55,263.11,263.13,0,0,30411
5143,2020-10-05 10:52:00,263.15,263.3,263.11,263.15,0,0,25718
5144,2020-10-05 10:53:00,263.19,263.19,263.01,263.04,0,0,30926
5145,2020-10-05 10:54:00,263.07,263.09,262.91,262.95,0,0,36399
5146,2020-10-05 10:55:00,262.95,263.13,262.91,262.97,0,0,15953
5147,2020-10-05 10:56:00,262.99,263.04,262.88,262.9,0,0,16318
5148,2020-10-05 10:57:00,262.94,263.21,262.94,263.19,0,0,19859
5149,2020-10-05 10:58:00,263.19,263.35,263.09,263.1,0,0,19084
5150,2020-10-05 10:59:00,263.1,263.1,263.0,263.1,0,0,8952
5151,2020-10-05 11:00:00,263.11,263.18,262.94,263.15,0,0,18216
5152,2020-10-05 11:01:00,263.15,263.26,262.87,262.91,0,0,26883
5153,2020-10-05 11:02:00,262.91,263.0,262.89,262.98,0,0,21779
5154,2020-10-05 11:03:00,262.98,263.1,262.98,262.98,0,0,10538
5155,2020-10-05 11:04:00,263.02,263.31,263.02,263.23,0,0,25509
5156,2020-10-05 11:05:00,263.18,263.48,263.17,263.48,0,0,30529
5157,2020-10-05 11:06:00,263.44,263.47,263.33,263.45,0,0,24557
5158,2020-10-05 11:07:00,263.4,263.4,263.23,263.25,0,0,19131
5159,2020-10-05 11:08:00,263.22,263.54,263.22,263.49,0,0,25059
5160,2020-10-05 11:09:00,263.54,263.69,263.5,263.61,0,0,19027
5161,2020-10-05 11:10:00,263.64,263.65,263.36,263.41,0,0,12446
5162,2020-10-05 11:11:00,263.39,263.55,263.32,263.47,0,0,20982
5163,2020-10-05 11:12:00,263.46,263.58,263.44,263.48,0,0,19078
5164,2020-10-05 11:13:00,263.47,263.55,263.43,263.5,0,0,14373
5165,2020-10-05 11:14:00,263.5,263.6,263.23,263.28,0,0,12781
5166,2020-10-05 11:15:00,263.27,263.68,263.19,263.68,0,0,28240
5167,2020-10-05 11:16:00,263.61,263.84,263.61,263.78,0,0,30136
5168,2020-10-05 11:17:00,263.74,263.83,263.69,263.78,0,0,15177
5169,2020-10-05 11:18:00,263.8,263.82,263.76,263.79,0,0,12851
5170,2020-10-05 11:19:00,263.81,263.83,263.77,263.8,0,0,16721
5171,2020-10-05 11:20:00,263.83,263.98,263.81,263.93,0,0,35695
5172,2020-10-05 11:21:00,263.98,264.17,263.86,264.14,0,0,41902
5173,2020-10-05 11:22:00,264.15,264.19,263.85,263.89,0,0,39384
5174,2020-10-05 11:23:00,263.89,264.0,263.75,263.94,0,0,33625
5175,2020-10-05 11:24:00,263.97,264.02,263.89,263.98,0,0,14271
5176,2020-10-05 11:25:00,263.99,264.14,263.95,264.08,0,0,24216
5177,2020-10-05 11:26:00,264.08,264.15,264.0,264.01,0,0,21734
5178,2020-10-05 11:27:00,264.01,264.07,263.55,263.56,0,0,30499
5179,2020-10-05 11:28:00,263.61,263.86,263.61,263.84,0,0,15592
5180,2020-10-05 11:29:00,263.87,264.05,263.75,263.75,0,0,18876
5181,2020-10-05 11:30:00,263.77,263.85,263.69,263.73,0,0,16041
5182,2020-10-05 11:31:00,263.73,263.83,263.66,263.77,0,0,8573
5183,2020-10-05 11:32:00,263.79,263.86,263.71,263.78,0,0,9304
5184,2020-10-05 11:33:00,263.79,263.79,263.43,263.51,0,0,21176
5185,2020-10-05 11:34:00,263.5,263.64,263.47,263.64,0,0,15182
5186,2020-10-05 11:35:00,263.62,263.79,263.55,263.55,0,0,16063
5187,2020-10-05 11:36:00,263.5,263.59,263.41,263.42,0,0,22487
5188,2020-10-05 11:37:00,263.42,263.64,263.41,263.57,0,0,19978
5189,2020-10-05 11:38:00,263.6,263.64,263.45,263.64,0,0,8075
5190,2020-10-05 11:39:00,263.62,263.62,263.42,263.46,0,0,9453
5191,2020-10-05 11:40:00,263.45,263.45,263.21,263.24,0,0,23969
5192,2020-10-05 11:41:00,263.3,263.42,263.24,263.42,0,0,17049
5193,2020-10-05 11:42:00,263.42,263.53,263.32,263.33,0,0,12010
5194,2020-10-05 11:43:00,263.26,263.31,263.05,263.08,0,0,24423
5195,2020-10-05 11:44:00,263.11,263.22,263.02,263.22,0,0,19515
5196,2020-10-05 11:45:00,263.18,263.24,263.01,263.15,0,0,16261
5197,2020-10-05 11:46:00,263.17,263.3,263.17,263.22,0,0,23551
5198,2020-10-05 11:47:00,263.19,263.36,263.15,263.36,0,0,26867
5199,2020-10-05 11:48:00,263.35,263.37,263.17,263.19,0,0,17316
5200,2020-10-05 11:49:00,263.2,263.33,263.2,263.27,0,0,10128
5201,2020-10-05 11:50:00,263.22,263.25,263.07,263.09,0,0,14125
5202,2020-10-05 11:51:00,263.1,263.1,263.01,263.02,0,0,14141
5203,2020-10-05 11:52:00,263.01,263.04,262.91,263.0,0,0,22419
5204,2020-10-05 11:53:00,263.02,263.11,263.0,263.07,0,0,13547
5205,2020-10-05 11:54:00,263.05,263.08,262.9,262.91,0,0,14769
5206,2020-10-05 11:55:00,262.94,263.17,262.94,263.17,0,0,13262
5207,2020-10-05 11:56:00,263.17,263.26,263.11,263.19,0,0,18140
5208,2020-10-05 11:57:00,263.19,263.29,263.15,263.23,0,0,12146
5209,2020-10-05 11:58:00,263.22,263.34,263.2,263.2,0,0,14825
5210,2020-10-05 11:59:00,263.2,263.38,263.18,263.35,0,0,7980
5211,2020-10-05 12:00:00,263.35,263.37,263.25,263.25,0,0,10711
5212,2020-10-05 12:01:00,263.25,263.3,263.19,263.3,0,0,9462
5213,2020-10-05 12:02:00,263.29,263.38,263.2,263.24,0,0,11500
5214,2020-10-05 12:03:00,263.22,263.26,263.08,263.09,0,0,13543
5215,2020-10-05 12:04:00,263.1,263.17,263.1,263.14,0,0,5855
5216,2020-10-05 12:05:00,263.17,263.36,263.17,263.35,0,0,416312
5217,2020-10-05 12:06:00,263.37,263.5,263.37,263.5,0,0,17079
5218,2020-10-05 12:07:00,263.56,263.67,263.54,263.62,0,0,19143
5219,2020-10-05 12:08:00,263.6,263.62,263.52,263.54,0,0,14235
5220,2020-10-05 12:09:00,263.55,263.63,263.54,263.6,0,0,12293
5221,2020-10-05 12:10:00,263.64,263.64,263.53,263.54,0,0,7585
5222,2020-10-05 12:11:00,263.52,263.77,263.5,263.71,0,0,15229
5223,2020-10-05 12:12:00,263.7,263.7,263.51,263.63,0,0,20556
5224,2020-10-05 12:13:00,263.64,263.75,263.62,263.64,0,0,10042
5225,2020-10-05 12:14:00,263.68,263.7,263.59,263.67,0,0,8513
5226,2020-10-05 12:15:00,263.73,263.73,263.54,263.62,0,0,15362
5227,2020-10-05 12:16:00,263.66,263.75,263.61,263.75,0,0,9814
5228,2020-10-05 12:17:00,263.7,263.82,263.7,263.8,0,0,10329
5229,2020-10-05 12:18:00,263.82,263.86,263.78,263.84,0,0,8379
5230,2020-10-05 12:19:00,263.85,263.9,263.74,263.74,0,0,12670
5231,2020-10-05 12:20:00,263.75,263.81,263.75,263.78,0,0,10164
5232,2020-10-05 12:21:00,263.84,264.09,263.84,264.06,0,0,23336
5233,2020-10-05 12:22:00,264.05,264.16,264.05,264.09,0,0,33320
5234,2020-10-05 12:23:00,264.09,264.1,263.83,263.87,0,0,22693
5235,2020-10-05 12:24:00,263.86,263.88,263.75,263.84,0,0,8117
5236,2020-10-05 12:25:00,263.8,263.91,263.8,263.88,0,0,10719
5237,2020-10-05 12:26:00,263.89,263.98,263.83,263.95,0,0,9705
5238,2020-10-05 12:27:00,263.95,263.97,263.89,263.95,0,0,7477
5239,2020-10-05 12:28:00,263.96,264.03,263.95,264.0,0,0,12774
5240,2020-10-05 12:29:00,264.0,264.08,263.95,263.95,0,0,12233
5241,2020-10-05 12:30:00,263.96,264.0,263.9,263.95,0,0,9864
5242,2020-10-05 12:31:00,263.96,263.97,263.9,263.91,0,0,6013
5243,2020-10-05 12:32:00,263.94,263.98,263.91,263.96,0,0,7563
5244,2020-10-05 12:33:00,263.93,263.95,263.89,263.93,0,0,58847
5245,2020-10-05 12:34:00,263.92,263.98,263.91,263.98,0,0,7243
5246,2020-10-05 12:35:00,263.97,264.06,263.93,264.06,0,0,17231
5247,2020-10-05 12:36:00,264.03,264.06,263.94,264.03,0,0,10556
5248,2020-10-05 12:37:00,264.05,264.08,263.95,263.97,0,0,21237
5249,2020-10-05 12:38:00,263.95,263.97,263.84,263.84,0,0,12701
5250,2020-10-05 12:39:00,263.83,263.95,263.82,263.93,0,0,9595
5251,2020-10-05 12:40:00,263.95,264.06,263.93,263.96,0,0,21677
5252,2020-10-05 12:41:00,263.95,264.03,263.95,263.96,0,0,7656
5253,2020-10-05 12:42:00,263.98,264.0,263.91,263.92,0,0,13727
5254,2020-10-05 12:43:00,263.91,263.93,263.83,263.9,0,0,16899
5255,2020-10-05 12:44:00,263.89,264.03,263.87,264.03,0,0,11684
5256,2020-10-05 12:45:00,264.04,264.1,263.99,264.04,0,0,20387
5257,2020-10-05 12:46:00,264.05,264.05,263.86,263.88,0,0,9708
5258,2020-10-05 12:47:00,263.88,264.02,263.88,263.98,0,0,12694
5259,2020-10-05 12:48:00,263.99,264.01,263.94,263.94,0,0,6486
5260,2020-10-05 12:49:00,263.95,263.96,263.9,263.94,0,0,8990
5261,2020-10-05 12:50:00,263.95,263.99,263.81,263.81,0,0,7516
5262,2020-10-05 12:51:00,263.83,263.89,263.75,263.88,0,0,12899
5263,2020-10-05 12:52:00,263.92,264.02,263.89,263.95,0,0,14350
5264,2020-10-05 12:53:00,263.95,264.04,263.92,263.98,0,0,9566
5265,2020-10-05 12:54:00,264.01,264.13,263.98,264.08,0,0,13786
5266,2020-10-05 12:55:00,264.1,264.19,264.06,264.08,0,0,14316
5267,2020-10-05 12:56:00,264.11,264.14,263.95,263.97,0,0,12634
5268,2020-10-05 12:57:00,263.96,264.1,263.96,264.01,0,0,7839
5269,2020-10-05 12:58:00,264.0,264.02,263.96,263.98,0,0,8682
5270,2020-10-05 12:59:00,263.97,264.15,263.94,264.12,0,0,12942
5271,2020-10-05 13:00:00,264.09,264.15,264.04,264.04,0,0,5382
5272,2020-10-05 13:01:00,264.03,264.1,264.02,264.04,0,0,7684
5273,2020-10-05 13:02:00,264.01,264.02,263.79,263.86,0,0,23525
5274,2020-10-05 13:03:00,263.88,263.96,263.8,263.86,0,0,27327
5275,2020-10-05 13:04:00,263.84,263.92,263.76,263.8,0,0,21330
5276,2020-10-05 13:05:00,263.79,263.87,263.77,263.77,0,0,13083
5277,2020-10-05 13:06:00,263.79,263.82,263.7,263.8,0,0,16137
5278,2020-10-05 13:07:00,263.8,263.97,263.8,263.94,0,0,12089
5279,2020-10-05 13:08:00,263.94,263.97,263.9,263.96,0,0,8215
5280,2020-10-05 13:09:00,263.97,264.04,263.91,263.96,0,0,15689
5281,2020-10-05 13:10:00,264.0,264.04,263.98,264.01,0,0,6572
5282,2020-10-05 13:11:00,264.03,264.1,264.0,264.05,0,0,13029
5283,2020-10-05 13:12:00,264.05,264.14,264.02,264.08,0,0,16112
5284,2020-10-05 13:13:00,264.05,264.12,263.95,264.04,0,0,30936
5285,2020-10-05 13:14:00,264.05,264.17,264.03,264.16,0,0,19299
5286,2020-10-05 13:15:00,264.17,264.22,264.04,264.07,0,0,30023
5287,2020-10-05 13:16:00,264.07,264.07,263.86,263.93,0,0,25062
5288,2020-10-05 13:17:00,263.93,264.01,263.67,263.7,0,0,29403
5289,2020-10-05 13:18:00,263.72,263.76,263.67,263.73,0,0,7373
5290,2020-10-05 13:19:00,263.73,263.74,263.68,263.71,0,0,9193
5291,2020-10-05 13:20:00,263.68,263.68,263.45,263.5,0,0,60767
5292,2020-10-05 13:21:00,263.49,263.49,263.27,263.36,0,0,36216
5293,2020-10-05 13:22:00,263.36,263.48,263.3,263.45,0,0,14678
5294,2020-10-05 13:23:00,263.46,263.51,263.42,263.46,0,0,10772
5295,2020-10-05 13:24:00,263.46,263.57,263.46,263.51,0,0,11134
5296,2020-10-05 13:25:00,263.48,263.48,263.34,263.45,0,0,13542
5297,2020-10-05 13:26:00,263.49,263.62,263.48,263.57,0,0,214495
5298,2020-10-05 13:27:00,263.56,263.58,263.52,263.53,0,0,8298
5299,2020-10-05 13:28:00,263.56,263.57,263.5,263.55,0,0,14289
5300,2020-10-05 13:29:00,263.55,263.67,263.55,263.61,0,0,15905
5301,2020-10-05 13:30:00,263.61,263.65,263.36,263.38,0,0,12979
5302,2020-10-05 13:31:00,263.42,263.42,263.27,263.33,0,0,19901
5303,2020-10-05 13:32:00,263.37,263.37,263.16,263.26,0,0,9316
5304,2020-10-05 13:33:00,263.27,263.37,263.18,263.29,0,0,13469
5305,2020-10-05 13:34:00,263.27,263.4,263.24,263.3,0,0,31701
5306,2020-10-05 13:35:00,263.32,263.38,263.31,263.38,0,0,12751
5307,2020-10-05 13:36:00,263.39,263.4,263.28,263.34,0,0,23104
5308,2020-10-05 13:37:00,263.29,263.37,263.19,263.36,0,0,7353
5309,2020-10-05 13:38:00,263.36,263.36,263.25,263.26,0,0,22998
5310,2020-10-05 13:39:00,263.31,263.37,263.25,263.33,0,0,10564
5311,2020-10-05 13:40:00,263.35,263.35,263.23,263.33,0,0,16132
5312,2020-10-05 13:41:00,263.31,263.32,263.12,263.12,0,0,43819
5313,2020-10-05 13:42:00,263.14,263.15,262.95,263.0,0,0,54476
5314,2020-10-05 13:43:00,263.0,263.01,262.85,262.95,0,0,19879
5315,2020-10-05 13:44:00,262.99,263.04,262.96,263.03,0,0,25297
5316,2020-10-05 13:45:00,263.02,263.19,263.0,263.1,0,0,10574
5317,2020-10-05 13:46:00,263.09,263.09,262.89,262.96,0,0,216340
5318,2020-10-05 13:47:00,262.94,262.98,262.8,262.93,0,0,41938
5319,2020-10-05 13:48:00,262.97,262.97,262.73,262.86,0,0,20665
5320,2020-10-05 13:49:00,262.88,262.99,262.86,262.9,0,0,11744
5321,2020-10-05 13:50:00,262.92,262.95,262.83,262.9,0,0,10483
5322,2020-10-05 13:51:00,262.89,262.98,262.8,262.87,0,0,24880
5323,2020-10-05 13:52:00,262.84,262.87,262.72,262.76,0,0,34401
5324,2020-10-05 13:53:00,262.74,262.78,262.66,262.77,0,0,23400
5325,2020-10-05 13:54:00,262.77,262.77,262.68,262.73,0,0,15321
5326,2020-10-05 13:55:00,262.74,262.76,262.67,262.71,0,0,8307
5327,2020-10-05 13:56:00,262.71,262.71,262.5,262.56,0,0,19069
5328,2020-10-05 13:57:00,262.55,262.55,262.38,262.42,0,0,29879
5329,2020-10-05 13:58:00,262.44,262.61,262.44,262.58,0,0,13487
5330,2020-10-05 13:59:00,262.58,262.64,262.51,262.57,0,0,29603
5331,2020-10-05 14:00:00,262.57,262.68,262.54,262.63,0,0,20855
5332,2020-10-05 14:01:00,262.65,262.68,262.39,262.47,0,0,29928
5333,2020-10-05 14:02:00,262.5,262.52,262.39,262.39,0,0,21900
5334,2020-10-05 14:03:00,262.44,262.44,262.02,262.1,0,0,37104
5335,2020-10-05 14:04:00,262.08,262.17,262.03,262.08,0,0,30228
5336,2020-10-05 14:05:00,262.12,262.25,262.09,262.12,0,0,18971
5337,2020-10-05 14:06:00,262.15,262.21,262.06,262.21,0,0,19792
5338,2020-10-05 14:07:00,262.18,262.28,262.1,262.16,0,0,33675
5339,2020-10-05 14:08:00,262.18,262.18,261.95,262.01,0,0,75616
5340,2020-10-05 14:09:00,262.02,262.25,261.98,262.21,0,0,43360
5341,2020-10-05 14:10:00,262.19,262.44,262.17,262.41,0,0,41446
5342,2020-10-05 14:11:00,262.39,262.39,262.28,262.35,0,0,34546
5343,2020-10-05 14:12:00,262.36,262.46,262.27,262.38,0,0,0
5344,2020-10-05 14:13:00,262.38,262.57,262.38,262.4,0,0,30758
5345,2020-10-05 14:14:00,262.44,262.49,262.41,262.41,0,0,15564
5346,2020-10-05 14:15:00,262.42,262.5,262.35,262.43,0,0,28449
5347,2020-10-05 14:16:00,262.45,262.65,262.45,262.54,0,0,30867
5348,2020-10-05 14:17:00,262.52,262.61,262.48,262.55,0,0,14264
5349,2020-10-05 14:18:00,262.52,262.52,262.41,262.48,0,0,20664
5350,2020-10-05 14:19:00,262.47,262.47,262.33,262.41,0,0,23994
5351,2020-10-05 14:20:00,262.43,262.53,262.37,262.49,0,0,22281
5352,2020-10-05 14:21:00,262.53,262.71,262.53,262.68,0,0,29711
5353,2020-10-05 14:22:00,262.69,262.74,262.64,262.7,0,0,15466
5354,2020-10-05 14:23:00,262.67,262.72,262.61,262.68,0,0,14204
5355,2020-10-05 14:24:00,262.7,262.75,262.61,262.66,0,0,22153
5356,2020-10-05 14:25:00,262.64,262.7,262.52,262.6,0,0,12442
5357,2020-10-05 14:26:00,262.56,262.62,262.35,262.36,0,0,20114
5358,2020-10-05 14:27:00,262.33,262.35,262.08,262.08,0,0,58741
5359,2020-10-05 14:28:00,262.1,262.24,262.0,262.12,0,0,37772
5360,2020-10-05 14:29:00,262.16,262.22,262.11,262.15,0,0,14117
5361,2020-10-05 14:30:00,262.12,262.45,262.11,262.32,0,0,39299
5362,2020-10-05 14:31:00,262.33,262.46,262.29,262.43,0,0,29828
5363,2020-10-05 14:32:00,262.46,262.48,262.36,262.39,0,0,17200
5364,2020-10-05 14:33:00,262.41,262.58,262.35,262.41,0,0,33113
5365,2020-10-05 14:34:00,262.39,262.47,262.35,262.44,0,0,18777
5366,2020-10-05 14:35:00,262.42,262.48,262.42,262.46,0,0,21061
5367,2020-10-05 14:36:00,262.48,262.63,262.38,262.4,0,0,20016
5368,2020-10-05 14:37:00,262.42,262.64,262.36,262.54,0,0,22476
5369,2020-10-05 14:38:00,262.55,262.56,262.45,262.56,0,0,15527
5370,2020-10-05 14:39:00,262.59,262.89,262.56,262.85,0,0,29193
5371,2020-10-05 14:40:00,262.88,262.91,262.67,262.87,0,0,40782
5372,2020-10-05 14:41:00,262.89,262.93,262.84,262.89,0,0,16671
5373,2020-10-05 14:42:00,262.86,262.95,262.79,262.92,0,0,20957
5374,2020-10-05 14:43:00,262.93,262.97,262.75,262.78,0,0,16057
5375,2020-10-05 14:44:00,262.8,262.86,262.74,262.75,0,0,23457
5376,2020-10-05 14:45:00,262.73,262.89,262.73,262.81,0,0,20915
5377,2020-10-05 14:46:00,262.8,262.82,262.75,262.8,0,0,11921
5378,2020-10-05 14:47:00,262.77,262.79,262.65,262.65,0,0,20324
5379,2020-10-05 14:48:00,262.67,262.77,262.64,262.76,0,0,19533
5380,2020-10-05 14:49:00,262.77,262.79,262.67,262.72,0,0,14150
5381,2020-10-05 14:50:00,262.73,262.91,262.69,262.89,0,0,20831
5382,2020-10-05 14:51:00,262.91,262.95,262.79,262.91,0,0,17837
5383,2020-10-05 14:52:00,262.91,262.93,262.84,262.87,0,0,9530
5384,2020-10-05 14:53:00,262.89,263.06,262.89,263.03,0,0,23540
5385,2020-10-05 14:54:00,263.05,263.1,263.02,263.03,0,0,23286
5386,2020-10-05 14:55:00,263.04,263.18,263.02,263.05,0,0,24166
5387,2020-10-05 14:56:00,263.06,263.07,262.96,263.02,0,0,17528
5388,2020-10-05 14:57:00,263.03,263.15,263.03,263.1,0,0,15876
5389,2020-10-05 14:58:00,263.1,263.35,263.04,263.22,0,0,39992
5390,2020-10-05 14:59:00,263.19,263.6,263.15,263.54,0,0,87293
5391,2020-10-05 15:00:00,263.56,263.63,263.29,263.4,0,0,46622
5392,2020-10-05 15:01:00,263.41,263.43,263.3,263.39,0,0,18630
5393,2020-10-05 15:02:00,263.4,263.51,263.3,263.33,0,0,16400
5394,2020-10-05 15:03:00,263.37,263.45,263.37,263.44,0,0,10775
5395,2020-10-05 15:04:00,263.45,263.52,263.39,263.43,0,0,11946
5396,2020-10-05 15:05:00,263.4,263.48,263.38,263.48,0,0,16473
5397,2020-10-05 15:06:00,263.46,263.5,263.41,263.48,0,0,17330
5398,2020-10-05 15:07:00,263.49,263.57,263.47,263.55,0,0,10455
5399,2020-10-05 15:08:00,263.56,263.67,263.55,263.67,0,0,22317
5400,2020-10-05 15:09:00,263.63,263.8,263.6,263.72,0,0,36319
5401,2020-10-05 15:10:00,263.72,263.82,263.65,263.7,0,0,28360
5402,2020-10-05 15:11:00,263.69,263.88,263.68,263.84,0,0,28916
5403,2020-10-05 15:12:00,263.83,263.83,263.67,263.73,0,0,30987
5404,2020-10-05 15:13:00,263.71,263.71,263.55,263.6,0,0,29983
5405,2020-10-05 15:14:00,263.59,263.83,263.58,263.77,0,0,22851
5406,2020-10-05 15:15:00,263.76,263.97,263.76,263.82,0,0,28466
5407,2020-10-05 15:16:00,263.84,263.93,263.84,263.92,0,0,15524
5408,2020-10-05 15:17:00,263.91,263.93,263.86,263.89,0,0,17230
5409,2020-10-05 15:18:00,263.88,263.93,263.82,263.89,0,0,13383
5410,2020-10-05 15:19:00,263.92,264.05,263.91,264.02,0,0,30630
5411,2020-10-05 15:20:00,264.04,264.1,263.99,264.06,0,0,22997
5412,2020-10-05 15:21:00,264.06,264.06,263.88,263.96,0,0,41772
5413,2020-10-05 15:22:00,263.98,264.04,263.82,263.85,0,0,29281
5414,2020-10-05 15:23:00,263.82,263.82,263.72,263.77,0,0,36460
5415,2020-10-05 15:24:00,263.76,264.02,263.75,263.85,0,0,30016
5416,2020-10-05 15:25:00,263.86,263.92,263.82,263.91,0,0,23840
5417,2020-10-05 15:26:00,263.9,264.05,263.89,264.0,0,0,39211
5418,2020-10-05 15:27:00,263.98,264.06,263.95,264.06,0,0,22786
5419,2020-10-05 15:28:00,264.04,264.19,264.04,264.16,0,0,32699
5420,2020-10-05 15:29:00,264.15,264.18,264.02,264.08,0,0,30336
5421,2020-10-05 15:30:00,264.09,264.09,263.84,263.93,0,0,44176
5422,2020-10-05 15:31:00,263.93,264.06,263.93,264.02,0,0,13342
5423,2020-10-05 15:32:00,264.05,264.2,264.05,264.2,0,0,18784
5424,2020-10-05 15:33:00,264.17,264.17,263.95,264.12,0,0,30577
5425,2020-10-05 15:34:00,264.13,264.13,263.86,263.96,0,0,30047
5426,2020-10-05 15:35:00,263.97,264.13,263.96,264.08,0,0,16990
5427,2020-10-05 15:36:00,264.09,264.13,264.0,264.07,0,0,19983
5428,2020-10-05 15:37:00,264.08,264.31,264.07,264.3,0,0,45740
5429,2020-10-05 15:38:00,264.31,264.33,264.11,264.13,0,0,32429
5430,2020-10-05 15:39:00,264.11,264.11,263.77,263.85,0,0,48975
5431,2020-10-05 15:40:00,263.88,264.11,263.88,264.01,0,0,31560
5432,2020-10-05 15:41:00,263.99,264.02,263.8,263.81,0,0,35583
5433,2020-10-05 15:42:00,263.81,263.89,263.71,263.74,0,0,34661
5434,2020-10-05 15:43:00,263.73,263.82,263.65,263.74,0,0,43558
5435,2020-10-05 15:44:00,263.74,263.81,263.6,263.67,0,0,38714
5436,2020-10-05 15:45:00,263.68,263.8,263.68,263.79,0,0,24541
5437,2020-10-05 15:46:00,263.78,263.97,263.77,263.92,0,0,42755
5438,2020-10-05 15:47:00,263.92,264.07,263.85,264.07,0,0,41260
5439,2020-10-05 15:48:00,264.07,264.17,263.9,264.14,0,0,46363
5440,2020-10-05 15:49:00,264.14,264.22,264.06,264.2,0,0,32392
5441,2020-10-05 15:50:00,264.21,264.45,264.15,264.2,0,0,58071
5442,2020-10-05 15:51:00,264.2,264.27,264.07,264.08,0,0,64775
5443,2020-10-05 15:52:00,264.08,264.17,264.04,264.14,0,0,37647
5444,2020-10-05 15:53:00,264.13,264.23,264.04,264.18,0,0,37643
5445,2020-10-05 15:54:00,264.18,264.68,264.11,264.66,0,0,79560
5446,2020-10-05 15:55:00,264.64,264.69,264.45,264.51,0,0,99294
5447,2020-10-05 15:56:00,264.55,264.67,264.43,264.59,0,0,72126
5448,2020-10-05 15:57:00,264.58,264.86,264.54,264.81,0,0,73715
5449,2020-10-05 15:58:00,264.81,264.83,264.67,264.8,0,0,63816
5450,2020-10-05 15:59:00,264.8,264.82,264.12,264.65,0,0,234912
5451,2020-10-06 09:30:00,262.55,262.55,262.41,262.41,0,0,550204
5452,2020-10-06 09:31:00,262.51,262.85,262.25,262.73,0,0,74891
5453,2020-10-06 09:32:00,262.73,263.01,262.41,262.81,0,0,82742
5454,2020-10-06 09:33:00,262.82,263.24,262.51,262.79,0,0,57115
5455,2020-10-06 09:34:00,262.5,262.94,262.41,262.64,0,0,66700
5456,2020-10-06 09:35:00,263.09,263.16,262.94,263.0,0,0,65845
5457,2020-10-06 09:36:00,262.96,263.2,262.89,263.05,0,0,47925
5458,2020-10-06 09:37:00,263.0,263.0,262.45,262.47,0,0,65465
5459,2020-10-06 09:38:00,262.43,262.67,262.21,262.6,0,0,65654
5460,2020-10-06 09:39:00,262.56,262.73,262.39,262.5,0,0,54808
5461,2020-10-06 09:40:00,262.5,262.83,262.36,262.5,0,0,59591
5462,2020-10-06 09:41:00,262.51,262.96,262.43,262.46,0,0,51199
5463,2020-10-06 09:42:00,262.5,262.53,262.09,262.36,0,0,50633
5464,2020-10-06 09:43:00,262.43,262.84,262.34,262.8,0,0,40296
5465,2020-10-06 09:44:00,262.95,262.98,262.52,262.54,0,0,38462
5466,2020-10-06 09:45:00,262.59,262.75,262.03,262.1,0,0,44972
5467,2020-10-06 09:46:00,262.18,262.27,261.92,262.27,0,0,77807
5468,2020-10-06 09:47:00,262.26,262.35,262.19,262.3,0,0,34703
5469,2020-10-06 09:48:00,262.12,262.18,262.09,262.15,0,0,31848
5470,2020-10-06 09:49:00,262.19,262.37,262.01,262.07,0,0,33648
5471,2020-10-06 09:50:00,262.0,262.0,261.47,261.65,0,0,81687
5472,2020-10-06 09:51:00,261.65,261.94,261.53,261.94,0,0,67979
5473,2020-10-06 09:52:00,261.88,261.97,261.84,261.91,0,0,33661
5474,2020-10-06 09:53:00,261.97,262.3,261.7,261.7,0,0,47115
5475,2020-10-06 09:54:00,261.7,261.72,261.52,261.7,0,0,34060
5476,2020-10-06 09:55:00,261.65,261.98,261.63,261.8,0,0,39024
5477,2020-10-06 09:56:00,262.29,262.29,262.15,262.25,0,0,38189
5478,2020-10-06 09:57:00,262.25,262.6,262.25,262.4,0,0,60306
5479,2020-10-06 09:58:00,262.44,262.56,262.37,262.42,0,0,35896
5480,2020-10-06 09:59:00,262.42,262.52,262.32,262.43,0,0,26532
5481,2020-10-06 10:00:00,262.42,262.85,262.25,262.83,0,0,82446
5482,2020-10-06 10:01:00,262.83,263.46,262.81,263.46,0,0,93299
5483,2020-10-06 10:02:00,263.45,264.19,263.44,264.09,0,0,94837
5484,2020-10-06 10:03:00,264.08,264.62,264.08,264.29,0,0,147122
5485,2020-10-06 10:04:00,264.32,264.49,264.19,264.21,0,0,108415
5486,2020-10-06 10:05:00,264.3,264.42,263.93,263.96,0,0,74885
5487,2020-10-06 10:06:00,264.0,264.25,263.8,263.8,0,0,72558
5488,2020-10-06 10:07:00,263.83,264.59,263.66,264.59,0,0,95049
5489,2020-10-06 10:08:00,264.57,264.83,264.49,264.79,0,0,122795
5490,2020-10-06 10:09:00,264.78,264.86,264.66,264.78,0,0,81433
5491,2020-10-06 10:10:00,264.74,264.78,264.45,264.62,0,0,45179
5492,2020-10-06 10:11:00,264.62,264.76,264.55,264.69,0,0,36127
5493,2020-10-06 10:12:00,264.95,265.32,264.92,265.11,0,0,133750
5494,2020-10-06 10:13:00,265.12,265.12,264.94,265.07,0,0,13424
5495,2020-10-06 10:14:00,265.15,265.24,265.04,265.04,0,0,112123
5496,2020-10-06 10:15:00,265.04,265.29,264.94,265.2,0,0,82723
5497,2020-10-06 10:16:00,265.2,265.25,265.02,265.11,0,0,47396
5498,2020-10-06 10:17:00,265.14,265.27,264.95,265.0,0,0,59222
5499,2020-10-06 10:18:00,264.99,265.19,264.96,265.14,0,0,30425
5500,2020-10-06 10:19:00,265.13,265.69,265.04,265.65,0,0,74264
5501,2020-10-06 10:20:00,265.65,265.68,265.25,265.3,0,0,65709
5502,2020-10-06 10:21:00,265.28,265.29,264.7,264.81,0,0,71400
5503,2020-10-06 10:22:00,264.81,264.85,264.52,264.52,0,0,44014
5504,2020-10-06 10:23:00,264.53,264.53,264.06,264.33,0,0,96554
5505,2020-10-06 10:24:00,264.33,264.38,263.87,264.07,0,0,63317
5506,2020-10-06 10:25:00,264.1,264.33,264.06,264.29,0,0,46616
5507,2020-10-06 10:26:00,264.3,264.56,264.13,264.46,0,0,56688
5508,2020-10-06 10:27:00,264.46,264.59,264.4,264.55,0,0,35223
5509,2020-10-06 10:28:00,264.55,264.69,264.44,264.45,0,0,83920
5510,2020-10-06 10:29:00,264.5,264.5,264.12,264.15,0,0,57087
5511,2020-10-06 10:30:00,264.17,264.2,264.04,264.09,0,0,66280
5512,2020-10-06 10:31:00,264.1,264.12,263.85,263.89,0,0,67143
5513,2020-10-06 10:32:00,263.87,263.87,263.64,263.72,0,0,56301
5514,2020-10-06 10:33:00,263.71,263.99,263.71,263.76,0,0,46706
5515,2020-10-06 10:34:00,263.77,263.97,263.63,263.91,0,0,26998
5516,2020-10-06 10:35:00,263.91,264.1,263.85,263.99,0,0,27879
5517,2020-10-06 10:36:00,264.02,264.09,263.91,264.01,0,0,26516
5518,2020-10-06 10:37:00,264.01,264.15,263.87,264.15,0,0,25481
5519,2020-10-06 10:38:00,264.19,264.42,264.18,264.27,0,0,45198
5520,2020-10-06 10:39:00,264.33,264.33,264.06,264.2,0,0,38797
5521,2020-10-06 10:40:00,264.2,264.59,264.14,264.47,0,0,51116
5522,2020-10-06 10:41:00,264.51,264.66,264.46,264.56,0,0,34952
5523,2020-10-06 10:42:00,264.57,264.77,264.57,264.65,0,0,39052
5524,2020-10-06 10:43:00,264.65,264.74,263.67,263.95,0,0,87262
5525,2020-10-06 10:44:00,263.88,263.97,263.55,263.79,0,0,59566
5526,2020-10-06 10:45:00,263.77,264.34,263.74,264.31,0,0,36025
5527,2020-10-06 10:46:00,264.32,264.32,263.96,264.08,0,0,29496
5528,2020-10-06 10:47:00,264.06,264.17,263.9,263.95,0,0,56336
5529,2020-10-06 10:48:00,263.91,264.0,263.81,263.84,0,0,24999
5530,2020-10-06 10:49:00,263.81,263.93,263.75,263.85,0,0,19047
5531,2020-10-06 10:50:00,263.87,264.18,263.84,264.1,0,0,28076
5532,2020-10-06 10:51:00,264.08,264.28,264.08,264.22,0,0,20239
5533,2020-10-06 10:52:00,264.22,264.34,264.0,264.27,0,0,24583
5534,2020-10-06 10:53:00,264.26,264.3,264.07,264.15,0,0,18879
5535,2020-10-06 10:54:00,264.16,264.16,263.85,264.09,0,0,21184
5536,2020-10-06 10:55:00,264.08,264.08,263.88,264.01,0,0,37036
5537,2020-10-06 10:56:00,264.0,264.18,263.82,264.16,0,0,50324
5538,2020-10-06 10:57:00,264.15,264.16,263.99,264.07,0,0,23153
5539,2020-10-06 10:58:00,264.06,264.17,263.77,263.87,0,0,26044
5540,2020-10-06 10:59:00,263.91,264.01,263.8,263.92,0,0,30915
5541,2020-10-06 11:00:00,263.91,264.42,263.87,264.41,0,0,56196
5542,2020-10-06 11:01:00,264.45,264.89,264.41,264.83,0,0,85673
5543,2020-10-06 11:02:00,264.83,264.95,264.61,264.68,0,0,43920
5544,2020-10-06 11:03:00,264.64,264.8,264.61,264.66,0,0,18785
5545,2020-10-06 11:04:00,264.66,264.66,264.49,264.65,0,0,18714
5546,2020-10-06 11:05:00,264.64,264.74,264.22,264.32,0,0,28571
5547,2020-10-06 11:06:00,264.37,264.44,264.33,264.43,0,0,20994
5548,2020-10-06 11:07:00,264.41,264.47,264.02,264.02,0,0,27282
5549,2020-10-06 11:08:00,264.05,264.11,264.0,264.01,0,0,6423
5550,2020-10-06 11:09:00,263.73,263.77,263.62,263.71,0,0,56593
5551,2020-10-06 11:10:00,263.41,263.5,263.27,263.29,0,0,104475
5552,2020-10-06 11:11:00,263.25,263.45,263.24,263.41,0,0,38229
5553,2020-10-06 11:12:00,263.39,263.39,263.26,263.37,0,0,22697
5554,2020-10-06 11:13:00,263.39,263.69,263.39,263.46,0,0,38961
5555,2020-10-06 11:14:00,263.45,263.51,263.28,263.4,0,0,27958
5556,2020-10-06 11:15:00,263.45,263.48,263.33,263.47,0,0,19267
5557,2020-10-06 11:16:00,263.45,263.62,263.27,263.58,0,0,23411
5558,2020-10-06 11:17:00,263.57,263.57,263.22,263.33,0,0,23747
5559,2020-10-06 11:18:00,263.32,263.45,263.24,263.32,0,0,20652
5560,2020-10-06 11:19:00,263.33,263.36,263.05,263.06,0,0,29295
5561,2020-10-06 11:20:00,263.02,263.25,262.87,263.24,0,0,56451
5562,2020-10-06 11:21:00,263.21,263.26,263.17,263.19,0,0,49210
5563,2020-10-06 11:22:00,263.16,263.22,262.81,262.93,0,0,40048
5564,2020-10-06 11:23:00,262.93,262.94,262.69,262.7,0,0,41892
5565,2020-10-06 11:24:00,262.7,262.72,262.36,262.46,0,0,42065
5566,2020-10-06 11:25:00,262.42,262.44,262.18,262.25,0,0,35967
5567,2020-10-06 11:26:00,262.23,262.46,262.1,262.44,0,0,26398
5568,2020-10-06 11:27:00,262.47,262.58,262.41,262.54,0,0,16347
5569,2020-10-06 11:28:00,262.55,262.87,262.5,262.68,0,0,48125
5570,2020-10-06 11:29:00,262.65,262.93,262.56,262.84,0,0,13186
5571,2020-10-06 11:30:00,262.82,262.94,262.61,262.72,0,0,15557
5572,2020-10-06 11:31:00,262.64,262.72,262.29,262.59,0,0,23424
5573,2020-10-06 11:32:00,262.6,262.85,262.54,262.74,0,0,11415
5574,2020-10-06 11:33:00,262.75,262.83,262.47,262.58,0,0,25173
5575,2020-10-06 11:34:00,262.63,262.82,262.53,262.82,0,0,9512
5576,2020-10-06 11:35:00,262.8,263.01,262.78,263.0,0,0,27918
5577,2020-10-06 11:36:00,262.98,262.98,262.74,262.78,0,0,15575
5578,2020-10-06 11:37:00,262.78,262.86,262.68,262.83,0,0,13684
5579,2020-10-06 11:38:00,262.86,263.09,262.82,263.09,0,0,18563
5580,2020-10-06 11:39:00,263.05,263.08,262.95,263.0,0,0,21814
5581,2020-10-06 11:40:00,263.0,263.05,262.92,263.01,0,0,14602
5582,2020-10-06 11:41:00,263.0,263.19,263.0,263.02,0,0,26518
5583,2020-10-06 11:42:00,263.0,263.06,262.94,263.0,0,0,7716
5584,2020-10-06 11:43:00,263.0,263.08,262.96,263.08,0,0,15142
5585,2020-10-06 11:44:00,263.08,263.17,263.03,263.03,0,0,10670
5586,2020-10-06 11:45:00,263.04,263.04,262.66,262.67,0,0,25674
5587,2020-10-06 11:46:00,262.75,262.83,262.61,262.64,0,0,25080
5588,2020-10-06 11:47:00,262.64,262.7,262.06,262.08,0,0,35302
5589,2020-10-06 11:48:00,262.06,262.2,261.9,262.03,0,0,55993
5590,2020-10-06 11:49:00,262.02,262.05,261.67,261.69,0,0,30470
5591,2020-10-06 11:50:00,261.67,261.67,261.24,261.39,0,0,60483
5592,2020-10-06 11:51:00,261.34,261.4,261.2,261.31,0,0,28087
5593,2020-10-06 11:52:00,261.29,261.36,261.1,261.23,0,0,49433
5594,2020-10-06 11:53:00,261.2,261.39,261.15,261.34,0,0,33491
5595,2020-10-06 11:54:00,261.35,261.46,261.28,261.44,0,0,16797
5596,2020-10-06 11:55:00,261.41,261.42,261.25,261.36,0,0,24078
5597,2020-10-06 11:56:00,261.36,261.59,261.34,261.47,0,0,31602
5598,2020-10-06 11:57:00,261.51,261.61,261.43,261.55,0,0,24883
5599,2020-10-06 11:58:00,261.52,261.63,261.48,261.56,0,0,19532
5600,2020-10-06 11:59:00,261.55,261.55,261.35,261.45,0,0,26553
5601,2020-10-06 12:00:00,261.44,261.71,261.37,261.61,0,0,43905
5602,2020-10-06 12:01:00,261.67,261.98,261.66,261.85,0,0,28378
5603,2020-10-06 12:02:00,261.89,261.96,261.73,261.78,0,0,16800
5604,2020-10-06 12:03:00,261.79,262.02,261.76,262.02,0,0,23613
5605,2020-10-06 12:04:00,262.03,262.03,261.72,261.82,0,0,25729
5606,2020-10-06 12:05:00,261.77,261.8,261.5,261.8,0,0,44564
5607,2020-10-06 12:06:00,261.84,262.11,261.8,262.05,0,0,27930
5608,2020-10-06 12:07:00,262.12,262.12,261.99,262.05,0,0,18910
5609,2020-10-06 12:08:00,262.07,262.07,261.79,261.91,0,0,26737
5610,2020-10-06 12:09:00,261.91,262.0,261.91,261.94,0,0,14389
5611,2020-10-06 12:10:00,261.95,262.03,261.86,261.86,0,0,27524
5612,2020-10-06 12:11:00,261.92,261.94,261.8,261.85,0,0,15738
5613,2020-10-06 12:12:00,261.84,262.03,261.84,261.97,0,0,15717
5614,2020-10-06 12:13:00,262.04,262.28,262.04,262.26,0,0,21539
5615,2020-10-06 12:14:00,262.2,262.28,262.08,262.28,0,0,17276
5616,2020-10-06 12:15:00,262.31,262.36,262.13,262.23,0,0,15477
5617,2020-10-06 12:16:00,262.27,262.45,262.27,262.38,0,0,22559
5618,2020-10-06 12:17:00,262.36,262.38,262.27,262.27,0,0,12927
5619,2020-10-06 12:18:00,262.26,262.42,262.24,262.4,0,0,12366
5620,2020-10-06 12:19:00,262.42,262.66,262.42,262.53,0,0,46183
5621,2020-10-06 12:20:00,262.52,262.57,262.23,262.47,0,0,37190
5622,2020-10-06 12:21:00,262.47,262.53,262.41,262.42,0,0,19751
5623,2020-10-06 12:22:00,262.47,262.61,262.47,262.59,0,0,22138
5624,2020-10-06 12:23:00,262.57,262.74,262.57,262.69,0,0,16889
5625,2020-10-06 12:24:00,262.71,262.76,262.63,262.69,0,0,26689
5626,2020-10-06 12:25:00,262.73,262.73,262.3,262.34,0,0,45043
5627,2020-10-06 12:26:00,262.33,262.47,262.33,262.4,0,0,17242
5628,2020-10-06 12:27:00,262.42,262.49,262.33,262.39,0,0,7640
5629,2020-10-06 12:28:00,262.37,262.6,262.37,262.53,0,0,14391
5630,2020-10-06 12:29:00,262.56,262.57,262.36,262.44,0,0,11865
5631,2020-10-06 12:30:00,262.46,262.53,262.42,262.48,0,0,12469
5632,2020-10-06 12:31:00,262.46,262.48,262.18,262.24,0,0,22998
5633,2020-10-06 12:32:00,262.2,262.27,262.15,262.23,0,0,11135
5634,2020-10-06 12:33:00,262.2,262.23,262.13,262.19,0,0,15543
5635,2020-10-06 12:34:00,262.19,262.19,262.02,262.03,0,0,25828
5636,2020-10-06 12:35:00,262.05,262.17,262.0,262.12,0,0,18212
5637,2020-10-06 12:36:00,262.18,262.26,262.18,262.21,0,0,9977
5638,2020-10-06 12:37:00,262.25,262.39,262.22,262.31,0,0,29432
5639,2020-10-06 12:38:00,262.3,262.39,262.24,262.31,0,0,21342
5640,2020-10-06 12:39:00,262.29,262.31,262.19,262.31,0,0,6499
5641,2020-10-06 12:40:00,262.28,262.28,262.13,262.15,0,0,8108
5642,2020-10-06 12:41:00,262.1,262.3,262.08,262.27,0,0,16569
5643,2020-10-06 12:42:00,262.3,262.56,262.3,262.54,0,0,11362
5644,2020-10-06 12:43:00,262.56,262.61,262.43,262.46,0,0,18652
5645,2020-10-06 12:44:00,262.44,262.47,262.41,262.45,0,0,7849
5646,2020-10-06 12:45:00,262.44,262.49,262.37,262.39,0,0,12279
5647,2020-10-06 12:46:00,262.39,262.49,262.36,262.4,0,0,16488
5648,2020-10-06 12:47:00,262.39,262.5,262.38,262.48,0,0,12971
5649,2020-10-06 12:48:00,262.49,262.83,262.49,262.79,0,0,33338
5650,2020-10-06 12:49:00,262.8,262.82,262.7,262.76,0,0,24538
5651,2020-10-06 12:50:00,262.79,262.8,262.66,262.69,0,0,17299
5652,2020-10-06 12:51:00,262.64,262.73,262.6,262.65,0,0,11064
5653,2020-10-06 12:52:00,262.64,262.78,262.61,262.63,0,0,21287
5654,2020-10-06 12:53:00,262.64,262.89,262.64,262.79,0,0,18921
5655,2020-10-06 12:54:00,262.79,262.88,262.79,262.85,0,0,11285
5656,2020-10-06 12:55:00,262.86,262.96,262.79,262.8,0,0,19498
5657,2020-10-06 12:56:00,262.79,262.83,262.79,262.83,0,0,7817
5658,2020-10-06 12:57:00,262.83,262.85,262.64,262.7,0,0,10472
5659,2020-10-06 12:58:00,262.75,262.76,262.58,262.58,0,0,11683
5660,2020-10-06 12:59:00,262.6,262.99,262.5,262.93,0,0,115924
5661,2020-10-06 13:00:00,262.95,263.43,262.88,263.36,0,0,201186
5662,2020-10-06 13:01:00,263.35,263.65,263.35,263.61,0,0,149210
5663,2020-10-06 13:02:00,263.59,263.65,263.36,263.51,0,0,95239
5664,2020-10-06 13:03:00,263.49,263.61,263.43,263.45,0,0,32107
5665,2020-10-06 13:04:00,263.49,263.57,263.37,263.43,0,0,26327
5666,2020-10-06 13:05:00,263.41,263.67,263.38,263.64,0,0,31170
5667,2020-10-06 13:06:00,263.68,263.77,263.64,263.73,0,0,36620
5668,2020-10-06 13:07:00,263.73,263.74,263.57,263.58,0,0,19423
5669,2020-10-06 13:08:00,263.6,263.88,263.53,263.83,0,0,37039
5670,2020-10-06 13:09:00,263.84,263.96,263.75,263.9,0,0,45143
5671,2020-10-06 13:10:00,263.91,263.92,263.6,263.62,0,0,32231
5672,2020-10-06 13:11:00,263.64,263.66,263.56,263.62,0,0,20892
5673,2020-10-06 13:12:00,263.62,263.67,263.41,263.45,0,0,29655
5674,2020-10-06 13:13:00,263.45,263.47,263.24,263.33,0,0,31956
5675,2020-10-06 13:14:00,263.37,263.46,263.2,263.21,0,0,18563
5676,2020-10-06 13:15:00,263.2,263.31,263.14,263.31,0,0,17294
5677,2020-10-06 13:16:00,263.32,263.41,263.21,263.25,0,0,21308
5678,2020-10-06 13:17:00,263.26,263.26,263.11,263.23,0,0,17257
5679,2020-10-06 13:18:00,263.2,263.23,263.11,263.11,0,0,24809
5680,2020-10-06 13:19:00,263.14,263.14,262.8,262.83,0,0,57847
5681,2020-10-06 13:20:00,262.83,262.85,262.63,262.64,0,0,62508
5682,2020-10-06 13:21:00,262.64,262.69,262.54,262.62,0,0,52350
5683,2020-10-06 13:22:00,262.64,263.1,262.64,263.1,0,0,47535
5684,2020-10-06 13:23:00,263.09,263.1,262.88,263.05,0,0,27067
5685,2020-10-06 13:24:00,263.05,263.08,262.77,262.81,0,0,16778
5686,2020-10-06 13:25:00,262.81,262.82,262.71,262.74,0,0,21708
5687,2020-10-06 13:26:00,262.74,262.76,262.67,262.76,0,0,15279
5688,2020-10-06 13:27:00,262.77,262.98,262.77,262.89,0,0,18928
5689,2020-10-06 13:28:00,262.92,262.92,262.81,262.83,0,0,9924
5690,2020-10-06 13:29:00,262.86,262.97,262.85,262.87,0,0,9672
5691,2020-10-06 13:30:00,262.88,263.04,262.87,263.04,0,0,11264
5692,2020-10-06 13:31:00,263.02,263.08,262.85,262.93,0,0,18953
5693,2020-10-06 13:32:00,262.92,263.02,262.88,262.96,0,0,35042
5694,2020-10-06 13:33:00,262.96,263.03,262.93,263.01,0,0,16448
5695,2020-10-06 13:34:00,263.04,263.07,262.95,263.03,0,0,17470
5696,2020-10-06 13:35:00,263.05,263.15,262.98,263.06,0,0,14424
5697,2020-10-06 13:36:00,263.05,263.05,262.85,262.95,0,0,15429
5698,2020-10-06 13:37:00,262.97,263.07,262.95,263.07,0,0,9273
5699,2020-10-06 13:38:00,263.02,263.2,263.02,263.2,0,0,16855
5700,2020-10-06 13:39:00,263.19,263.24,263.11,263.2,0,0,17870
5701,2020-10-06 13:40:00,263.19,263.25,263.11,263.2,0,0,15011
5702,2020-10-06 13:41:00,263.2,263.47,263.2,263.47,0,0,41896
5703,2020-10-06 13:42:00,263.43,263.5,263.36,263.42,0,0,20429
5704,2020-10-06 13:43:00,263.42,263.42,263.04,263.09,0,0,27749
5705,2020-10-06 13:44:00,263.11,263.25,263.11,263.2,0,0,10660
5706,2020-10-06 13:45:00,263.2,263.23,263.06,263.18,0,0,18599
5707,2020-10-06 13:46:00,263.15,263.17,262.9,263.0,0,0,20987
5708,2020-10-06 13:47:00,263.01,263.17,262.92,263.17,0,0,19720
5709,2020-10-06 13:48:00,263.17,263.26,263.04,263.09,0,0,18230
5710,2020-10-06 13:49:00,263.13,263.16,263.04,263.12,0,0,10009
5711,2020-10-06 13:50:00,263.14,263.2,262.95,262.98,0,0,13887
5712,2020-10-06 13:51:00,263.0,263.25,263.0,263.25,0,0,12490
5713,2020-10-06 13:52:00,263.26,263.35,263.26,263.3,0,0,15173
5714,2020-10-06 13:53:00,263.33,263.37,263.23,263.24,0,0,10559
5715,2020-10-06 13:54:00,263.21,263.26,263.11,263.25,0,0,7012
5716,2020-10-06 13:55:00,263.24,263.33,263.23,263.3,0,0,12212
5717,2020-10-06 13:56:00,263.29,263.33,263.18,263.33,0,0,11699
5718,2020-10-06 13:57:00,263.32,263.38,263.31,263.33,0,0,8459
5719,2020-10-06 13:58:00,263.35,263.48,263.33,263.48,0,0,17659
5720,2020-10-06 13:59:00,263.48,263.73,263.48,263.7,0,0,32906
5721,2020-10-06 14:00:00,263.71,263.87,263.7,263.76,0,0,35973
5722,2020-10-06 14:01:00,263.76,263.9,263.74,263.9,0,0,29857
5723,2020-10-06 14:02:00,263.89,263.99,263.87,263.93,0,0,27821
5724,2020-10-06 14:03:00,263.95,264.09,263.88,263.89,0,0,42439
5725,2020-10-06 14:04:00,263.84,263.99,263.84,263.91,0,0,37984
5726,2020-10-06 14:05:00,263.88,264.04,263.73,263.92,0,0,70844
5727,2020-10-06 14:06:00,263.92,264.17,263.9,264.11,0,0,50137
5728,2020-10-06 14:07:00,264.09,264.11,263.92,264.0,0,0,22521
5729,2020-10-06 14:08:00,263.98,264.02,263.8,263.86,0,0,19206
5730,2020-10-06 14:09:00,263.82,263.82,263.58,263.63,0,0,24967
5731,2020-10-06 14:10:00,263.62,263.64,263.53,263.56,0,0,12100
5732,2020-10-06 14:11:00,263.57,263.66,263.57,263.64,0,0,23596
5733,2020-10-06 14:12:00,263.64,263.72,263.57,263.64,0,0,19879
5734,2020-10-06 14:13:00,263.62,263.75,263.6,263.64,0,0,22370
5735,2020-10-06 14:14:00,263.67,263.78,263.51,263.71,0,0,126954
5736,2020-10-06 14:15:00,263.7,263.73,263.54,263.62,0,0,23263
5737,2020-10-06 14:16:00,263.59,263.73,263.59,263.6,0,0,21355
5738,2020-10-06 14:17:00,263.59,263.63,263.55,263.61,0,0,14393
5739,2020-10-06 14:18:00,263.63,263.69,263.59,263.68,0,0,18494
5740,2020-10-06 14:19:00,263.67,263.67,263.54,263.56,0,0,10880
5741,2020-10-06 14:20:00,263.54,263.69,263.53,263.65,0,0,17325
5742,2020-10-06 14:21:00,263.7,263.71,263.58,263.65,0,0,17311
5743,2020-10-06 14:22:00,263.67,263.77,263.63,263.77,0,0,21690
5744,2020-10-06 14:23:00,263.75,263.82,263.73,263.77,0,0,11524
5745,2020-10-06 14:24:00,263.74,263.8,263.66,263.77,0,0,19785
5746,2020-10-06 14:25:00,263.77,264.02,263.73,264.0,0,0,21524
5747,2020-10-06 14:26:00,264.01,264.01,263.85,263.85,0,0,38896
5748,2020-10-06 14:27:00,263.85,263.85,263.69,263.74,0,0,22092
5749,2020-10-06 14:28:00,263.73,263.73,263.53,263.6,0,0,12510
5750,2020-10-06 14:29:00,263.6,263.61,263.54,263.61,0,0,12488
5751,2020-10-06 14:30:00,263.63,263.74,263.63,263.72,0,0,18920
5752,2020-10-06 14:31:00,263.71,263.82,263.66,263.82,0,0,15579
5753,2020-10-06 14:32:00,263.83,264.02,263.8,264.02,0,0,12580
5754,2020-10-06 14:33:00,264.01,264.33,264.01,264.28,0,0,43401
5755,2020-10-06 14:34:00,264.27,264.35,264.2,264.3,0,0,21572
5756,2020-10-06 14:35:00,264.31,264.39,264.29,264.36,0,0,22278
5757,2020-10-06 14:36:00,264.34,264.48,264.32,264.48,0,0,35487
5758,2020-10-06 14:37:00,264.44,264.46,264.26,264.34,0,0,18232
5759,2020-10-06 14:38:00,264.36,264.49,264.36,264.46,0,0,25853
5760,2020-10-06 14:39:00,264.45,264.54,264.42,264.51,0,0,23876
5761,2020-10-06 14:40:00,264.5,264.53,264.34,264.44,0,0,25317
5762,2020-10-06 14:41:00,264.44,264.52,264.37,264.5,0,0,15914
5763,2020-10-06 14:42:00,264.53,264.83,264.5,264.78,0,0,28836
5764,2020-10-06 14:43:00,264.8,264.99,264.75,264.97,0,0,57090
5765,2020-10-06 14:44:00,264.98,265.17,264.9,265.09,0,0,58890
5766,2020-10-06 14:45:00,265.09,265.17,265.0,265.13,0,0,31432
5767,2020-10-06 14:46:00,265.15,265.28,265.08,265.2,0,0,50126
5768,2020-10-06 14:47:00,265.21,265.35,265.15,265.17,0,0,48707
5769,2020-10-06 14:48:00,265.18,265.18,264.47,264.7,0,0,70861
5770,2020-10-06 14:49:00,264.7,264.94,263.61,263.74,0,0,108104
5771,2020-10-06 14:50:00,263.78,263.78,262.7,262.84,0,0,80579
5772,2020-10-06 14:51:00,262.9,262.9,262.07,262.17,0,0,90318
5773,2020-10-06 14:52:00,262.16,262.17,261.25,261.86,0,0,93900
5774,2020-10-06 14:53:00,261.9,262.42,261.86,262.11,0,0,76635
5775,2020-10-06 14:54:00,262.09,262.11,260.8,260.9,0,0,121708
5776,2020-10-06 14:55:00,260.89,261.11,260.01,260.52,0,0,127157
5777,2020-10-06 14:56:00,260.52,260.52,259.85,260.32,0,0,101801
5778,2020-10-06 14:57:00,260.36,261.05,260.2,260.95,0,0,80249
5779,2020-10-06 14:58:00,260.98,261.62,260.62,261.38,0,0,96794
5780,2020-10-06 14:59:00,261.4,261.49,260.74,261.35,0,0,83089
5781,2020-10-06 15:00:00,261.33,261.33,260.42,260.96,0,0,75349
5782,2020-10-06 15:01:00,260.91,261.24,260.43,260.52,0,0,65150
5783,2020-10-06 15:02:00,260.43,260.72,260.15,260.66,0,0,59944
5784,2020-10-06 15:03:00,260.75,260.91,260.38,260.4,0,0,50295
5785,2020-10-06 15:04:00,260.39,260.68,260.11,260.24,0,0,35722
5786,2020-10-06 15:05:00,260.2,260.43,259.89,259.98,0,0,45707
5787,2020-10-06 15:06:00,259.94,259.96,259.11,259.26,0,0,78629
5788,2020-10-06 15:07:00,259.28,259.46,258.7,258.94,0,0,100499
5789,2020-10-06 15:08:00,258.92,259.34,258.72,258.98,0,0,68490
5790,2020-10-06 15:09:00,259.02,259.62,259.0,259.62,0,0,50399
5791,2020-10-06 15:10:00,259.52,260.19,259.14,260.19,0,0,68121
5792,2020-10-06 15:11:00,260.09,260.31,259.57,260.3,0,0,89054
5793,2020-10-06 15:12:00,260.22,260.8,260.1,260.47,0,0,70597
5794,2020-10-06 15:13:00,260.5,260.53,260.04,260.47,0,0,61808
5795,2020-10-06 15:14:00,260.45,260.73,260.27,260.52,0,0,58081
5796,2020-10-06 15:15:00,260.51,261.13,260.15,261.07,0,0,62356
5797,2020-10-06 15:16:00,261.01,261.08,260.44,260.66,0,0,65407
5798,2020-10-06 15:17:00,260.63,260.94,260.39,260.57,0,0,46035
5799,2020-10-06 15:18:00,260.59,260.78,260.32,260.73,0,0,48842
5800,2020-10-06 15:19:00,260.79,260.83,260.2,260.35,0,0,57204
5801,2020-10-06 15:20:00,260.35,260.44,259.9,260.03,0,0,76253
5802,2020-10-06 15:21:00,260.03,260.38,259.64,260.18,0,0,58739
5803,2020-10-06 15:22:00,260.14,260.4,259.94,260.06,0,0,37909
5804,2020-10-06 15:23:00,260.04,260.28,259.76,260.0,0,0,34335
5805,2020-10-06 15:24:00,259.95,260.0,259.72,259.74,0,0,33205
5806,2020-10-06 15:25:00,259.66,260.08,259.64,259.95,0,0,35109
5807,2020-10-06 15:26:00,259.92,260.09,259.76,259.93,0,0,75663
5808,2020-10-06 15:27:00,259.81,260.6,259.8,260.51,0,0,59075
5809,2020-10-06 15:28:00,260.51,260.56,260.26,260.41,0,0,37772
5810,2020-10-06 15:29:00,260.48,260.75,260.46,260.68,0,0,36387
5811,2020-10-06 15:30:00,260.69,260.83,260.33,260.63,0,0,36699
5812,2020-10-06 15:31:00,260.64,260.95,260.5,260.88,0,0,42715
5813,2020-10-06 15:32:00,260.89,260.89,260.47,260.63,0,0,37855
5814,2020-10-06 15:33:00,260.6,260.98,260.6,260.9,0,0,28569
5815,2020-10-06 15:34:00,260.93,261.19,260.83,261.06,0,0,47179
5816,2020-10-06 15:35:00,261.05,261.05,260.73,260.98,0,0,27639
5817,2020-10-06 15:36:00,261.0,261.01,260.62,260.69,0,0,48359
5818,2020-10-06 15:37:00,260.64,260.72,260.31,260.44,0,0,30777
5819,2020-10-06 15:38:00,260.45,260.71,260.15,260.42,0,0,37054
5820,2020-10-06 15:39:00,260.42,260.52,260.19,260.35,0,0,36752
5821,2020-10-06 15:40:00,260.33,260.6,259.9,259.96,0,0,64962
5822,2020-10-06 15:41:00,259.95,260.0,259.64,259.78,0,0,50185
5823,2020-10-06 15:42:00,259.7,259.79,259.42,259.64,0,0,33730
5824,2020-10-06 15:43:00,259.67,260.1,259.67,259.78,0,0,43549
5825,2020-10-06 15:44:00,259.75,259.78,259.5,259.58,0,0,32993
5826,2020-10-06 15:45:00,259.55,259.63,258.87,258.9,0,0,82911
5827,2020-10-06 15:46:00,258.87,259.06,258.36,258.45,0,0,86369
5828,2020-10-06 15:47:00,258.45,259.06,258.33,258.71,0,0,60465
5829,2020-10-06 15:48:00,258.69,258.86,258.6,258.68,0,0,35933
5830,2020-10-06 15:49:00,258.72,259.06,258.63,258.81,0,0,58206
5831,2020-10-06 15:50:00,258.8,258.8,258.24,258.48,0,0,82559
5832,2020-10-06 15:51:00,258.48,258.76,258.48,258.73,0,0,43815
5833,2020-10-06 15:52:00,258.75,258.97,258.57,258.61,0,0,45916
5834,2020-10-06 15:53:00,258.64,258.92,258.5,258.62,0,0,64652
5835,2020-10-06 15:54:00,258.57,259.09,258.54,258.98,0,0,89841
5836,2020-10-06 15:55:00,259.03,259.5,258.76,259.01,0,0,141021
5837,2020-10-06 15:56:00,259.0,259.04,258.52,258.71,0,0,101194
5838,2020-10-06 15:57:00,258.71,258.98,258.54,258.92,0,0,99487
5839,2020-10-06 15:58:00,258.96,258.97,258.64,258.79,0,0,130498
5840,2020-10-06 15:59:00,258.8,258.99,258.5,258.53,0,0,267583
5841,2020-10-07 09:30:00,259.21,259.34,256.79,257.9,0,0,721099
5842,2020-10-07 09:31:00,257.72,259.2,257.72,259.1,0,0,128087
5843,2020-10-07 09:32:00,259.05,259.09,257.9,258.4,0,0,116361
5844,2020-10-07 09:33:00,258.39,259.65,258.0,259.57,0,0,116033
5845,2020-10-07 09:34:00,259.0,259.15,258.8,259.03,0,0,90237
5846,2020-10-07 09:35:00,259.17,259.17,259.08,259.15,0,0,68314
5847,2020-10-07 09:36:00,259.0,259.28,258.9,259.28,0,0,53837
5848,2020-10-07 09:37:00,259.15,259.24,259.05,259.16,0,0,90108
5849,2020-10-07 09:38:00,259.0,259.0,258.25,258.38,0,0,93245
5850,2020-10-07 09:39:00,258.25,258.34,257.93,257.95,0,0,90900
5851,2020-10-07 09:40:00,258.25,258.58,258.17,258.58,0,0,63751
5852,2020-10-07 09:41:00,258.5,259.7,258.49,259.61,0,0,123991
5853,2020-10-07 09:42:00,259.62,259.96,259.51,259.72,0,0,102690
5854,2020-10-07 09:43:00,259.74,259.84,259.4,259.43,0,0,75807
5855,2020-10-07 09:44:00,260.0,260.14,259.6,259.69,0,0,102087
5856,2020-10-07 09:45:00,259.45,259.51,258.58,258.83,0,0,116348
5857,2020-10-07 09:46:00,258.83,258.83,258.52,258.57,0,0,81695
5858,2020-10-07 09:47:00,258.54,258.58,258.2,258.25,0,0,65351
5859,2020-10-07 09:48:00,258.23,258.87,258.22,258.66,0,0,72253
5860,2020-10-07 09:49:00,258.62,258.81,258.41,258.56,0,0,67371
5861,2020-10-07 09:50:00,258.54,258.77,258.45,258.66,0,0,50033
5862,2020-10-07 09:51:00,258.69,258.94,258.68,258.79,0,0,58182
5863,2020-10-07 09:52:00,258.58,258.64,258.51,258.64,0,0,70851
5864,2020-10-07 09:53:00,258.0,258.03,257.82,257.95,0,0,169500
5865,2020-10-07 09:54:00,257.93,258.22,257.81,258.14,0,0,82897
5866,2020-10-07 09:55:00,258.04,258.2,258.0,258.11,0,0,40901
5867,2020-10-07 09:56:00,258.0,258.02,257.89,257.89,0,0,46673
5868,2020-10-07 09:57:00,257.91,257.98,257.28,257.28,0,0,137024
5869,2020-10-07 09:58:00,257.27,257.7,257.09,257.27,0,0,65967
5870,2020-10-07 09:59:00,257.27,257.4,256.7,256.76,0,0,127327
5871,2020-10-07 10:00:00,256.8,257.01,256.5,256.79,0,0,116942
5872,2020-10-07 10:01:00,256.79,256.81,256.25,256.79,0,0,122596
5873,2020-10-07 10:02:00,256.77,256.95,256.68,256.7,0,0,101105
5874,2020-10-07 10:03:00,256.65,256.68,256.2,256.29,0,0,167443
5875,2020-10-07 10:04:00,256.29,256.79,256.01,256.38,0,0,109091
5876,2020-10-07 10:05:00,256.35,256.92,256.25,256.8,0,0,79601
5877,2020-10-07 10:06:00,256.75,256.81,256.37,256.51,0,0,69720
5878,2020-10-07 10:07:00,256.45,256.56,256.21,256.42,0,0,69507
5879,2020-10-07 10:08:00,256.39,256.8,256.39,256.8,0,0,91020
5880,2020-10-07 10:09:00,256.81,257.34,256.75,257.31,0,0,83715
5881,2020-10-07 10:10:00,257.32,257.41,256.52,256.52,0,0,101128
5882,2020-10-07 10:11:00,256.54,256.59,256.25,256.41,0,0,75389
5883,2020-10-07 10:12:00,256.47,256.52,256.3,256.38,0,0,37179
5884,2020-10-07 10:13:00,256.38,256.38,255.68,255.7,0,0,120523
5885,2020-10-07 10:14:00,255.73,255.78,255.57,255.68,0,0,85891
5886,2020-10-07 10:15:00,255.69,255.75,255.43,255.54,0,0,90225
5887,2020-10-07 10:16:00,255.52,256.06,255.47,255.96,0,0,114018
5888,2020-10-07 10:17:00,255.99,256.38,255.85,256.3,0,0,99775
5889,2020-10-07 10:18:00,256.28,256.28,255.95,256.08,0,0,49941
5890,2020-10-07 10:19:00,256.04,256.09,255.71,256.09,0,0,76139
5891,2020-10-07 10:20:00,256.03,256.58,255.87,256.5,0,0,102237
5892,2020-10-07 10:21:00,256.51,256.83,256.51,256.68,0,0,75980
5893,2020-10-07 10:22:00,256.68,256.72,256.27,256.38,0,0,64542
5894,2020-10-07 10:23:00,256.36,256.38,255.65,255.65,0,0,82604
5895,2020-10-07 10:24:00,255.65,255.81,255.39,255.77,0,0,94471
5896,2020-10-07 10:25:00,255.75,255.8,255.44,255.49,0,0,178485
5897,2020-10-07 10:26:00,255.51,255.74,255.5,255.62,0,0,47879
5898,2020-10-07 10:27:00,255.62,255.7,255.36,255.36,0,0,86592
5899,2020-10-07 10:28:00,255.35,255.85,255.35,255.78,0,0,61424
5900,2020-10-07 10:29:00,255.83,256.06,255.66,255.79,0,0,60723
5901,2020-10-07 10:30:00,255.82,256.15,255.55,256.0,0,0,124855
5902,2020-10-07 10:31:00,256.06,256.24,255.79,256.24,0,0,101027
5903,2020-10-07 10:32:00,256.23,256.24,256.01,256.1,0,0,61123
5904,2020-10-07 10:33:00,256.07,256.1,255.8,255.87,0,0,61773
5905,2020-10-07 10:34:00,255.85,255.91,255.54,255.57,0,0,52454
5906,2020-10-07 10:35:00,255.55,255.55,255.23,255.32,0,0,102569
5907,2020-10-07 10:36:00,255.32,255.33,255.02,255.04,0,0,112242
5908,2020-10-07 10:37:00,255.04,255.6,254.82,255.48,0,0,181452
5909,2020-10-07 10:38:00,255.48,255.73,255.47,255.5,0,0,52771
5910,2020-10-07 10:39:00,255.54,255.66,255.2,255.28,0,0,53848
5911,2020-10-07 10:40:00,255.28,255.39,255.04,255.18,0,0,47310
5912,2020-10-07 10:41:00,255.19,255.91,255.14,255.85,0,0,61697
5913,2020-10-07 10:42:00,255.85,255.91,255.71,255.87,0,0,47310
5914,2020-10-07 10:43:00,255.88,255.92,255.6,255.86,0,0,46138
5915,2020-10-07 10:44:00,255.85,255.87,255.69,255.84,0,0,33329
5916,2020-10-07 10:45:00,255.8,255.87,255.71,255.75,0,0,37433
5917,2020-10-07 10:46:00,255.75,255.81,255.72,255.72,0,0,30444
5918,2020-10-07 10:47:00,255.74,255.9,255.54,255.9,0,0,61205
5919,2020-10-07 10:48:00,255.89,256.45,255.84,256.42,0,0,72118
5920,2020-10-07 10:49:00,256.35,256.71,256.35,256.62,0,0,66527
5921,2020-10-07 10:50:00,256.6,256.88,256.34,256.75,0,0,66024
5922,2020-10-07 10:51:00,256.74,256.96,256.73,256.83,0,0,49535
5923,2020-10-07 10:52:00,256.8,256.94,256.46,256.57,0,0,63812
5924,2020-10-07 10:53:00,256.57,256.77,256.57,256.68,0,0,37504
5925,2020-10-07 10:54:00,256.71,256.86,256.53,256.53,0,0,32371
5926,2020-10-07 10:55:00,256.55,256.55,256.06,256.12,0,0,58670
5927,2020-10-07 10:56:00,256.17,256.27,256.12,256.21,0,0,41418
5928,2020-10-07 10:57:00,256.23,256.34,256.03,256.18,0,0,66214
5929,2020-10-07 10:58:00,256.18,256.37,256.1,256.12,0,0,62563
5930,2020-10-07 10:59:00,256.11,256.27,256.01,256.08,0,0,63062
5931,2020-10-07 11:00:00,256.08,256.22,256.06,256.1,0,0,44577
5932,2020-10-07 11:01:00,256.11,256.34,256.08,256.18,0,0,57179
5933,2020-10-07 11:02:00,256.17,256.24,256.0,256.03,0,0,60324
5934,2020-10-07 11:03:00,256.02,256.25,255.96,256.13,0,0,64779
5935,2020-10-07 11:04:00,256.15,256.32,256.15,256.2,0,0,81605
5936,2020-10-07 11:05:00,256.24,256.49,256.2,256.41,0,0,65628
5937,2020-10-07 11:06:00,256.45,256.47,256.31,256.4,0,0,66860
5938,2020-10-07 11:07:00,256.4,256.59,256.11,256.25,0,0,81944
5939,2020-10-07 11:08:00,256.22,256.45,256.12,256.15,0,0,51877
5940,2020-10-07 11:09:00,256.13,256.17,256.01,256.1,0,0,73535
5941,2020-10-07 11:10:00,256.27,256.3,256.11,256.15,0,0,70955
5942,2020-10-07 11:11:00,256.11,256.11,256.01,256.11,0,0,35616
5943,2020-10-07 11:12:00,256.12,256.27,256.04,256.27,0,0,28915
5944,2020-10-07 11:13:00,256.24,256.37,256.08,256.1,0,0,59795
5945,2020-10-07 11:14:00,256.1,256.21,256.04,256.16,0,0,43575
5946,2020-10-07 11:15:00,256.17,256.17,255.76,255.78,0,0,79167
5947,2020-10-07 11:16:00,255.8,255.82,255.56,255.6,0,0,120249
5948,2020-10-07 11:17:00,255.59,256.0,255.46,255.97,0,0,72412
5949,2020-10-07 11:18:00,255.98,256.05,255.44,255.45,0,0,57638
5950,2020-10-07 11:19:00,255.48,255.61,255.47,255.58,0,0,38532
5951,2020-10-07 11:20:00,255.6,255.64,255.47,255.58,0,0,32101
5952,2020-10-07 11:21:00,255.59,255.72,255.51,255.53,0,0,32822
5953,2020-10-07 11:22:00,255.54,255.74,255.52,255.72,0,0,30957
5954,2020-10-07 11:23:00,255.78,255.8,255.68,255.8,0,0,34569
5955,2020-10-07 11:24:00,255.82,255.97,255.68,255.86,0,0,49843
5956,2020-10-07 11:25:00,255.88,255.99,255.82,255.82,0,0,23915
5957,2020-10-07 11:26:00,255.86,256.17,255.72,255.74,0,0,56673
5958,2020-10-07 11:27:00,255.78,255.96,255.76,255.91,0,0,17336
5959,2020-10-07 11:28:00,255.94,256.21,255.92,256.15,0,0,33854
5960,2020-10-07 11:29:00,256.2,256.4,256.18,256.34,0,0,48231
5961,2020-10-07 11:30:00,256.36,256.9,256.32,256.78,0,0,83675
5962,2020-10-07 11:31:00,256.76,256.95,256.74,256.84,0,0,65949
5963,2020-10-07 11:32:00,256.82,257.09,256.76,256.93,0,0,72746
5964,2020-10-07 11:33:00,256.94,257.03,256.87,256.91,0,0,28044
5965,2020-10-07 11:34:00,256.91,256.97,256.74,256.74,0,0,28055
5966,2020-10-07 11:35:00,256.77,256.84,256.59,256.78,0,0,44957
5967,2020-10-07 11:36:00,256.77,256.8,256.66,256.79,0,0,26542
5968,2020-10-07 11:37:00,256.78,256.85,256.65,256.8,0,0,53021
5969,2020-10-07 11:38:00,256.82,256.83,256.4,256.44,0,0,53583
5970,2020-10-07 11:39:00,256.4,256.48,256.31,256.48,0,0,44381
5971,2020-10-07 11:40:00,256.49,256.79,256.49,256.79,0,0,45545
5972,2020-10-07 11:41:00,256.77,256.88,256.54,256.56,0,0,69608
5973,2020-10-07 11:42:00,256.55,256.59,256.45,256.5,0,0,46036
5974,2020-10-07 11:43:00,256.51,256.55,256.37,256.55,0,0,66662
5975,2020-10-07 11:44:00,256.55,256.77,256.55,256.77,0,0,31247
5976,2020-10-07 11:45:00,256.79,257.09,256.69,257.04,0,0,37037
5977,2020-10-07 11:46:00,257.04,257.17,257.04,257.07,0,0,51981
5978,2020-10-07 11:47:00,257.03,257.11,256.89,257.11,0,0,67799
5979,2020-10-07 11:48:00,257.12,257.16,257.03,257.07,0,0,30238
5980,2020-10-07 11:49:00,257.07,257.14,256.83,256.92,0,0,49642
5981,2020-10-07 11:50:00,256.97,257.01,256.7,256.89,0,0,49989
5982,2020-10-07 11:51:00,256.93,257.02,256.79,256.88,0,0,41814
5983,2020-10-07 11:52:00,256.9,256.95,256.81,256.85,0,0,43192
5984,2020-10-07 11:53:00,256.86,257.15,256.81,256.99,0,0,73040
5985,2020-10-07 11:54:00,256.99,257.19,256.93,257.12,0,0,33896
5986,2020-10-07 11:55:00,257.13,257.25,257.1,257.23,0,0,26288
5987,2020-10-07 11:56:00,257.22,257.45,257.22,257.41,0,0,57807
5988,2020-10-07 11:57:00,257.4,257.45,257.18,257.38,0,0,32225
5989,2020-10-07 11:58:00,257.36,257.57,257.36,257.43,0,0,54726
5990,2020-10-07 11:59:00,257.45,257.57,257.34,257.5,0,0,37729
5991,2020-10-07 12:00:00,257.47,257.57,257.42,257.47,0,0,35694
5992,2020-10-07 12:01:00,257.45,257.59,257.42,257.54,0,0,33616
5993,2020-10-07 12:02:00,257.54,257.7,257.46,257.5,0,0,37825
5994,2020-10-07 12:03:00,257.46,257.51,257.06,257.1,0,0,49770
5995,2020-10-07 12:04:00,257.09,257.1,256.62,256.76,0,0,62167
5996,2020-10-07 12:05:00,256.74,256.87,256.63,256.86,0,0,58912
5997,2020-10-07 12:06:00,256.85,256.97,256.67,256.88,0,0,49552
5998,2020-10-07 12:07:00,256.89,256.99,256.66,256.73,0,0,53356
5999,2020-10-07 12:08:00,256.73,256.89,256.69,256.74,0,0,34720
6000,2020-10-07 12:09:00,256.73,256.9,256.66,256.86,0,0,28058
6001,2020-10-07 12:10:00,256.87,257.29,256.8,257.09,0,0,50953
6002,2020-10-07 12:11:00,257.12,257.26,257.11,257.13,0,0,35447
6003,2020-10-07 12:12:00,257.13,257.17,257.02,257.1,0,0,39617
6004,2020-10-07 12:13:00,257.13,257.5,257.11,257.38,0,0,67916
6005,2020-10-07 12:14:00,257.4,257.57,257.37,257.51,0,0,35185
6006,2020-10-07 12:15:00,257.51,257.68,257.42,257.45,0,0,27465
6007,2020-10-07 12:16:00,257.42,257.42,257.05,257.27,0,0,55919
6008,2020-10-07 12:17:00,257.31,257.32,257.08,257.14,0,0,34493
6009,2020-10-07 12:18:00,257.14,257.18,256.91,256.91,0,0,40417
6010,2020-10-07 12:19:00,256.9,257.02,256.83,256.96,0,0,27414
6011,2020-10-07 12:20:00,256.99,257.06,256.95,256.97,0,0,23334
6012,2020-10-07 12:21:00,256.98,257.05,256.95,257.0,0,0,32047
6013,2020-10-07 12:22:00,256.98,257.09,256.91,256.98,0,0,50881
6014,2020-10-07 12:23:00,256.99,257.01,256.94,256.95,0,0,14845
6015,2020-10-07 12:24:00,256.94,257.09,256.93,257.08,0,0,16683
6016,2020-10-07 12:25:00,257.07,257.14,257.0,257.1,0,0,25398
6017,2020-10-07 12:26:00,257.1,257.11,256.87,256.87,0,0,35737
6018,2020-10-07 12:27:00,256.86,256.86,255.99,256.47,0,0,94267
6019,2020-10-07 12:28:00,256.45,256.58,256.23,256.29,0,0,42572
6020,2020-10-07 12:29:00,256.3,256.38,256.01,256.3,0,0,62677
6021,2020-10-07 12:30:00,256.23,256.42,256.16,256.35,0,0,32604
6022,2020-10-07 12:31:00,256.33,256.6,256.33,256.55,0,0,54277
6023,2020-10-07 12:32:00,256.57,256.57,256.35,256.45,0,0,26701
6024,2020-10-07 12:33:00,256.45,256.6,256.37,256.4,0,0,23449
6025,2020-10-07 12:34:00,256.37,256.39,256.2,256.32,0,0,37681
6026,2020-10-07 12:35:00,256.35,256.45,256.3,256.39,0,0,32054
6027,2020-10-07 12:36:00,256.33,256.38,256.26,256.35,0,0,14142
6028,2020-10-07 12:37:00,256.33,256.43,256.2,256.23,0,0,32710
6029,2020-10-07 12:38:00,256.2,256.24,256.12,256.17,0,0,33432
6030,2020-10-07 12:39:00,256.19,256.47,256.19,256.34,0,0,25295
6031,2020-10-07 12:40:00,256.35,256.4,256.32,256.4,0,0,26513
6032,2020-10-07 12:41:00,256.4,256.5,256.31,256.36,0,0,17014
6033,2020-10-07 12:42:00,256.35,256.38,256.18,256.22,0,0,30226
6034,2020-10-07 12:43:00,256.28,256.36,256.28,256.35,0,0,7870
6035,2020-10-07 12:44:00,256.36,256.45,256.25,256.39,0,0,20463
6036,2020-10-07 12:45:00,256.43,256.54,256.4,256.53,0,0,18508
6037,2020-10-07 12:46:00,256.53,256.54,256.35,256.43,0,0,17347
6038,2020-10-07 12:47:00,256.45,256.51,256.4,256.47,0,0,13832
6039,2020-10-07 12:48:00,256.45,256.83,256.34,256.73,0,0,51027
6040,2020-10-07 12:49:00,256.74,256.78,256.64,256.74,0,0,28589
6041,2020-10-07 12:50:00,256.72,256.83,256.67,256.73,0,0,20106
6042,2020-10-07 12:51:00,256.7,256.77,256.59,256.72,0,0,32000
6043,2020-10-07 12:52:00,256.73,256.85,256.69,256.8,0,0,42988
6044,2020-10-07 12:53:00,256.84,256.86,256.65,256.66,0,0,19391
6045,2020-10-07 12:54:00,256.65,256.74,256.55,256.56,0,0,10774
6046,2020-10-07 12:55:00,256.58,256.78,256.58,256.72,0,0,30365
6047,2020-10-07 12:56:00,256.77,256.77,256.61,256.67,0,0,8799
6048,2020-10-07 12:57:00,256.7,256.78,256.67,256.78,0,0,12257
6049,2020-10-07 12:58:00,256.76,257.0,256.75,256.95,0,0,38253
6050,2020-10-07 12:59:00,256.95,257.25,256.92,257.22,0,0,43505
6051,2020-10-07 13:00:00,257.18,257.37,257.17,257.35,0,0,29864
6052,2020-10-07 13:01:00,257.32,257.39,257.27,257.37,0,0,18283
6053,2020-10-07 13:02:00,257.36,257.5,257.35,257.44,0,0,25717
6054,2020-10-07 13:03:00,257.43,257.54,257.26,257.54,0,0,40379
6055,2020-10-07 13:04:00,257.51,257.65,257.42,257.65,0,0,29375
6056,2020-10-07 13:05:00,257.64,257.71,257.6,257.68,0,0,41830
6057,2020-10-07 13:06:00,257.69,257.73,257.46,257.54,0,0,37833
6058,2020-10-07 13:07:00,257.56,257.7,257.46,257.7,0,0,32326
6059,2020-10-07 13:08:00,257.71,257.86,257.7,257.75,0,0,52732
6060,2020-10-07 13:09:00,257.75,257.87,257.72,257.81,0,0,18875
6061,2020-10-07 13:10:00,257.81,257.87,257.77,257.77,0,0,14681
6062,2020-10-07 13:11:00,257.78,257.8,257.73,257.77,0,0,19544
6063,2020-10-07 13:12:00,257.78,257.98,257.74,257.96,0,0,40514
6064,2020-10-07 13:13:00,257.96,257.99,257.84,257.86,0,0,40182
6065,2020-10-07 13:14:00,257.86,257.88,257.65,257.7,0,0,26210
6066,2020-10-07 13:15:00,257.71,257.81,257.69,257.74,0,0,23974
6067,2020-10-07 13:16:00,257.73,257.95,257.66,257.88,0,0,39398
6068,2020-10-07 13:17:00,257.88,257.88,257.51,257.56,0,0,29795
6069,2020-10-07 13:18:00,257.56,257.74,257.56,257.7,0,0,26326
6070,2020-10-07 13:19:00,257.7,257.86,257.67,257.83,0,0,32049
6071,2020-10-07 13:20:00,257.82,257.83,257.7,257.8,0,0,19487
6072,2020-10-07 13:21:00,257.79,257.85,257.68,257.82,0,0,17646
6073,2020-10-07 13:22:00,257.83,257.86,257.71,257.79,0,0,18506
6074,2020-10-07 13:23:00,257.77,257.88,257.74,257.85,0,0,16413
6075,2020-10-07 13:24:00,257.85,257.93,257.81,257.9,0,0,45194
6076,2020-10-07 13:25:00,257.89,257.89,257.64,257.66,0,0,21314
6077,2020-10-07 13:26:00,257.61,257.67,257.54,257.59,0,0,18532
6078,2020-10-07 13:27:00,257.62,257.65,257.56,257.58,0,0,13807
6079,2020-10-07 13:28:00,257.57,257.65,257.53,257.55,0,0,14174
6080,2020-10-07 13:29:00,257.55,257.63,257.51,257.54,0,0,19124
6081,2020-10-07 13:30:00,257.55,257.7,257.55,257.65,0,0,21823
6082,2020-10-07 13:31:00,257.67,257.7,257.54,257.6,0,0,18237
6083,2020-10-07 13:32:00,257.58,257.66,257.55,257.57,0,0,16987
6084,2020-10-07 13:33:00,257.57,257.65,257.56,257.59,0,0,26286
6085,2020-10-07 13:34:00,257.55,257.57,257.25,257.38,0,0,36865
6086,2020-10-07 13:35:00,257.4,257.52,257.33,257.51,0,0,24785
6087,2020-10-07 13:36:00,257.51,257.66,257.49,257.63,0,0,26566
6088,2020-10-07 13:37:00,257.62,257.74,257.59,257.71,0,0,21581
6089,2020-10-07 13:38:00,257.7,257.85,257.7,257.82,0,0,22770
6090,2020-10-07 13:39:00,257.82,257.86,257.78,257.84,0,0,39448
6091,2020-10-07 13:40:00,257.81,257.92,257.81,257.9,0,0,46620
6092,2020-10-07 13:41:00,257.9,257.94,257.82,257.91,0,0,32066
6093,2020-10-07 13:42:00,257.92,257.94,257.86,257.93,0,0,40979
6094,2020-10-07 13:43:00,257.93,257.94,257.76,257.8,0,0,28376
6095,2020-10-07 13:44:00,257.81,258.17,257.78,258.01,0,0,107221
6096,2020-10-07 13:45:00,258.02,258.02,257.87,257.93,0,0,31732
6097,2020-10-07 13:46:00,257.95,258.06,257.94,258.04,0,0,37029
6098,2020-10-07 13:47:00,258.04,258.09,257.86,257.98,0,0,40215
6099,2020-10-07 13:48:00,257.96,258.04,257.89,258.03,0,0,25503
6100,2020-10-07 13:49:00,258.02,258.2,257.98,258.2,0,0,32395
6101,2020-10-07 13:50:00,258.2,258.29,258.0,258.1,0,0,49026
6102,2020-10-07 13:51:00,258.12,258.22,258.03,258.22,0,0,34118
6103,2020-10-07 13:52:00,258.22,258.42,258.21,258.38,0,0,45389
6104,2020-10-07 13:53:00,258.4,258.55,258.37,258.55,0,0,35346
6105,2020-10-07 13:54:00,258.55,258.66,258.54,258.61,0,0,38389
6106,2020-10-07 13:55:00,258.61,258.65,258.52,258.59,0,0,38259
6107,2020-10-07 13:56:00,258.58,258.6,258.35,258.45,0,0,40796
6108,2020-10-07 13:57:00,258.45,258.47,258.34,258.41,0,0,21786
6109,2020-10-07 13:58:00,258.4,258.52,258.37,258.44,0,0,32391
6110,2020-10-07 13:59:00,258.41,258.41,258.11,258.31,0,0,37351
6111,2020-10-07 14:00:00,258.24,258.43,258.23,258.34,0,0,31105
6112,2020-10-07 14:01:00,258.37,258.51,258.37,258.5,0,0,31439
6113,2020-10-07 14:02:00,258.5,258.71,258.48,258.67,0,0,44946
6114,2020-10-07 14:03:00,258.72,258.83,258.52,258.52,0,0,50853
6115,2020-10-07 14:04:00,258.44,258.78,258.4,258.7,0,0,28493
6116,2020-10-07 14:05:00,258.69,258.88,258.58,258.86,0,0,40887
6117,2020-10-07 14:06:00,258.88,258.98,258.8,258.95,0,0,56309
6118,2020-10-07 14:07:00,258.94,258.95,258.63,258.78,0,0,37393
6119,2020-10-07 14:08:00,258.76,258.89,258.62,258.7,0,0,56594
6120,2020-10-07 14:09:00,258.66,259.03,258.65,258.9,0,0,60151
6121,2020-10-07 14:10:00,258.91,259.01,258.72,258.84,0,0,37102
6122,2020-10-07 14:11:00,258.87,259.0,258.87,258.92,0,0,30616
6123,2020-10-07 14:12:00,258.92,259.08,258.9,258.97,0,0,33595
6124,2020-10-07 14:13:00,259.0,259.01,258.82,258.95,0,0,25186
6125,2020-10-07 14:14:00,258.93,258.96,258.82,258.9,0,0,23431
6126,2020-10-07 14:15:00,258.89,258.95,258.8,258.87,0,0,29651
6127,2020-10-07 14:16:00,258.89,259.0,258.87,258.96,0,0,50881
6128,2020-10-07 14:17:00,258.97,259.11,258.87,259.08,0,0,39496
6129,2020-10-07 14:18:00,259.1,259.17,258.97,259.11,0,0,45692
6130,2020-10-07 14:19:00,259.11,259.38,259.08,259.37,0,0,78889
6131,2020-10-07 14:20:00,259.37,259.4,259.16,259.18,0,0,47607
6132,2020-10-07 14:21:00,259.2,259.36,259.18,259.26,0,0,66349
6133,2020-10-07 14:22:00,259.28,259.33,259.22,259.32,0,0,19792
6134,2020-10-07 14:23:00,259.29,259.64,259.28,259.57,0,0,61203
6135,2020-10-07 14:24:00,259.56,259.56,259.38,259.5,0,0,34410
6136,2020-10-07 14:25:00,259.48,259.57,259.47,259.52,0,0,20060
6137,2020-10-07 14:26:00,259.51,259.51,259.06,259.1,0,0,54007
6138,2020-10-07 14:27:00,259.07,259.31,259.0,259.28,0,0,45318
6139,2020-10-07 14:28:00,259.23,259.26,258.85,258.86,0,0,42199
6140,2020-10-07 14:29:00,258.88,258.97,258.7,258.79,0,0,40780
6141,2020-10-07 14:30:00,258.79,258.99,258.76,258.8,0,0,37098
6142,2020-10-07 14:31:00,258.82,259.22,258.82,259.22,0,0,31569
6143,2020-10-07 14:32:00,259.2,259.28,259.05,259.12,0,0,28561
6144,2020-10-07 14:33:00,259.14,259.25,259.11,259.13,0,0,22893
6145,2020-10-07 14:34:00,259.11,259.11,258.87,258.94,0,0,32466
6146,2020-10-07 14:35:00,258.94,259.0,258.73,258.88,0,0,38617
6147,2020-10-07 14:36:00,258.88,258.92,258.76,258.88,0,0,31607
6148,2020-10-07 14:37:00,258.9,258.9,258.72,258.73,0,0,33603
6149,2020-10-07 14:38:00,258.71,258.71,258.5,258.52,0,0,48999
6150,2020-10-07 14:39:00,258.56,258.68,258.51,258.62,0,0,34458
6151,2020-10-07 14:40:00,258.65,258.71,258.41,258.41,0,0,49599
6152,2020-10-07 14:41:00,258.39,258.45,258.03,258.13,0,0,64782
6153,2020-10-07 14:42:00,258.11,258.36,258.1,258.12,0,0,46774
6154,2020-10-07 14:43:00,258.13,258.16,257.91,258.04,0,0,80811
6155,2020-10-07 14:44:00,258.04,258.15,257.94,258.15,0,0,41157
6156,2020-10-07 14:45:00,258.11,258.19,258.01,258.15,0,0,38481
6157,2020-10-07 14:46:00,258.18,258.21,258.06,258.06,0,0,42076
6158,2020-10-07 14:47:00,258.06,258.27,258.0,258.27,0,0,30887
6159,2020-10-07 14:48:00,258.25,258.45,258.23,258.35,0,0,42310
6160,2020-10-07 14:49:00,258.36,258.42,258.33,258.36,0,0,33581
6161,2020-10-07 14:50:00,258.36,258.46,258.35,258.39,0,0,16422
6162,2020-10-07 14:51:00,258.39,258.45,258.27,258.33,0,0,27758
6163,2020-10-07 14:52:00,258.33,258.45,258.21,258.45,0,0,35325
6164,2020-10-07 14:53:00,258.44,258.63,258.43,258.58,0,0,35138
6165,2020-10-07 14:54:00,258.61,258.64,258.52,258.53,0,0,35756
6166,2020-10-07 14:55:00,258.54,258.7,258.54,258.67,0,0,25305
6167,2020-10-07 14:56:00,258.69,258.89,258.68,258.79,0,0,34344
6168,2020-10-07 14:57:00,258.77,258.84,258.71,258.79,0,0,20695
6169,2020-10-07 14:58:00,258.78,258.79,258.71,258.74,0,0,16743
6170,2020-10-07 14:59:00,258.77,258.88,258.71,258.74,0,0,20439
6171,2020-10-07 15:00:00,258.72,258.82,258.66,258.7,0,0,21984
6172,2020-10-07 15:01:00,258.72,258.83,258.64,258.79,0,0,17509
6173,2020-10-07 15:02:00,258.82,258.82,258.67,258.67,0,0,15746
6174,2020-10-07 15:03:00,258.7,258.7,258.48,258.49,0,0,37471
6175,2020-10-07 15:04:00,258.48,258.62,258.45,258.62,0,0,34361
6176,2020-10-07 15:05:00,258.61,258.72,258.59,258.62,0,0,25563
6177,2020-10-07 15:06:00,258.61,258.75,258.53,258.73,0,0,40957
6178,2020-10-07 15:07:00,258.71,258.76,258.63,258.7,0,0,27899
6179,2020-10-07 15:08:00,258.66,258.74,258.66,258.71,0,0,10795
6180,2020-10-07 15:09:00,258.69,258.71,258.55,258.58,0,0,21950
6181,2020-10-07 15:10:00,258.57,258.69,258.55,258.69,0,0,17831
6182,2020-10-07 15:11:00,258.72,258.73,258.52,258.52,0,0,21779
6183,2020-10-07 15:12:00,258.52,258.53,258.43,258.48,0,0,36501
6184,2020-10-07 15:13:00,258.47,258.51,258.25,258.25,0,0,55897
6185,2020-10-07 15:14:00,258.26,258.29,258.14,258.26,0,0,54099
6186,2020-10-07 15:15:00,258.26,258.3,258.01,258.03,0,0,46135
6187,2020-10-07 15:16:00,258.05,258.09,257.97,258.06,0,0,49050
6188,2020-10-07 15:17:00,258.05,258.19,258.03,258.17,0,0,19388
6189,2020-10-07 15:18:00,258.19,258.26,258.13,258.19,0,0,41989
6190,2020-10-07 15:19:00,258.18,258.25,258.11,258.23,0,0,35499
6191,2020-10-07 15:20:00,258.25,258.37,258.25,258.35,0,0,38440
6192,2020-10-07 15:21:00,258.38,258.38,258.22,258.27,0,0,26829
6193,2020-10-07 15:22:00,258.27,258.27,258.03,258.05,0,0,40687
6194,2020-10-07 15:23:00,258.03,258.3,258.01,258.24,0,0,41274
6195,2020-10-07 15:24:00,258.23,258.23,258.08,258.22,0,0,25290
6196,2020-10-07 15:25:00,258.23,258.36,258.21,258.36,0,0,36592
6197,2020-10-07 15:26:00,258.36,258.4,258.16,258.17,0,0,30422
6198,2020-10-07 15:27:00,258.18,258.25,258.08,258.23,0,0,43986
6199,2020-10-07 15:28:00,258.21,258.21,257.8,257.86,0,0,74847
6200,2020-10-07 15:29:00,257.89,258.44,257.87,258.44,0,0,95063
6201,2020-10-07 15:30:00,258.44,258.72,258.33,258.69,0,0,83314
6202,2020-10-07 15:31:00,258.67,258.95,258.62,258.93,0,0,76108
6203,2020-10-07 15:32:00,258.94,259.06,258.58,258.61,0,0,76769
6204,2020-10-07 15:33:00,258.64,258.87,258.63,258.83,0,0,50229
6205,2020-10-07 15:34:00,258.82,258.84,258.65,258.72,0,0,118251
6206,2020-10-07 15:35:00,258.72,259.05,258.72,258.92,0,0,56770
6207,2020-10-07 15:36:00,258.93,259.04,258.87,258.87,0,0,68592
6208,2020-10-07 15:37:00,258.86,258.93,258.73,258.93,0,0,33776
6209,2020-10-07 15:38:00,258.94,258.96,258.79,258.81,0,0,28099
6210,2020-10-07 15:39:00,258.78,258.96,258.77,258.95,0,0,50045
6211,2020-10-07 15:40:00,258.96,259.54,258.95,259.49,0,0,100076
6212,2020-10-07 15:41:00,259.48,259.49,259.3,259.32,0,0,48106
6213,2020-10-07 15:42:00,259.32,259.32,259.07,259.18,0,0,46558
6214,2020-10-07 15:43:00,259.2,259.33,259.16,259.26,0,0,48934
6215,2020-10-07 15:44:00,259.24,259.48,259.19,259.44,0,0,48357
6216,2020-10-07 15:45:00,259.47,259.49,259.23,259.35,0,0,51900
6217,2020-10-07 15:46:00,259.27,259.42,259.27,259.42,0,0,37751
6218,2020-10-07 15:47:00,259.4,259.42,259.25,259.35,0,0,53055
6219,2020-10-07 15:48:00,259.37,259.37,259.13,259.25,0,0,42353
6220,2020-10-07 15:49:00,259.28,259.31,259.16,259.24,0,0,39395
6221,2020-10-07 15:50:00,259.27,259.4,258.86,258.87,0,0,74541
6222,2020-10-07 15:51:00,258.87,259.24,258.87,259.2,0,0,48306
6223,2020-10-07 15:52:00,259.24,259.25,259.07,259.16,0,0,56922
6224,2020-10-07 15:53:00,259.19,259.23,258.31,258.61,0,0,196168
6225,2020-10-07 15:54:00,258.58,258.72,258.53,258.63,0,0,130943
6226,2020-10-07 15:55:00,258.62,258.68,258.1,258.11,0,0,194653
6227,2020-10-07 15:56:00,258.11,258.13,257.88,257.97,0,0,173274
6228,2020-10-07 15:57:00,257.97,258.0,257.83,257.86,0,0,187868
6229,2020-10-07 15:58:00,257.87,257.95,257.65,257.65,0,0,207481
6230,2020-10-07 15:59:00,257.67,258.07,257.51,258.01,0,0,327800
6231,2020-10-08 09:30:00,259.75,259.95,259.15,259.53,0,0,412550
6232,2020-10-08 09:31:00,259.6,259.92,259.28,259.81,0,0,76555
6233,2020-10-08 09:32:00,259.77,260.97,259.57,260.82,0,0,155695
6234,2020-10-08 09:33:00,260.12,260.12,260.12,260.12,0,0,68684
6235,2020-10-08 09:34:00,260.22,260.25,260.03,260.04,0,0,68782
6236,2020-10-08 09:35:00,260.25,260.59,260.15,260.52,0,0,79852
6237,2020-10-08 09:36:00,260.6,261.16,260.51,260.98,0,0,69388
6238,2020-10-08 09:37:00,260.97,261.15,260.64,260.7,0,0,79684
6239,2020-10-08 09:38:00,260.93,261.16,260.93,261.1,0,0,62591
6240,2020-10-08 09:39:00,261.12,261.19,260.7,261.08,0,0,46042
6241,2020-10-08 09:40:00,261.65,261.77,261.55,261.55,0,0,119978
6242,2020-10-08 09:41:00,261.68,261.7,261.21,261.7,0,0,111834
6243,2020-10-08 09:42:00,261.67,261.82,261.55,261.58,0,0,80730
6244,2020-10-08 09:43:00,261.54,261.61,261.1,261.42,0,0,83233
6245,2020-10-08 09:44:00,261.5,261.62,261.5,261.52,0,0,48340
6246,2020-10-08 09:45:00,262.0,262.0,262.0,262.0,0,0,140565
6247,2020-10-08 09:46:00,261.98,262.19,261.88,262.02,0,0,91384
6248,2020-10-08 09:47:00,262.0,262.0,261.73,261.77,0,0,45956
6249,2020-10-08 09:48:00,261.72,262.22,261.7,262.21,0,0,66352
6250,2020-10-08 09:49:00,262.11,262.15,261.88,261.93,0,0,76509
6251,2020-10-08 09:50:00,261.92,262.37,261.92,262.37,0,0,86674
6252,2020-10-08 09:51:00,262.43,262.45,262.28,262.28,0,0,104786
6253,2020-10-08 09:52:00,262.41,262.61,262.21,262.28,0,0,115668
6254,2020-10-08 09:53:00,262.25,262.27,262.06,262.22,0,0,50691
6255,2020-10-08 09:54:00,262.22,262.42,262.2,262.35,0,0,50152
6256,2020-10-08 09:55:00,262.11,262.76,262.08,262.73,0,0,90905
6257,2020-10-08 09:56:00,262.58,262.64,262.57,262.64,0,0,55197
6258,2020-10-08 09:57:00,262.63,262.75,262.49,262.49,0,0,35505
6259,2020-10-08 09:58:00,262.51,262.68,262.47,262.52,0,0,37093
6260,2020-10-08 09:59:00,262.5,262.63,262.44,262.56,0,0,95421
6261,2020-10-08 10:00:00,262.57,262.95,262.57,262.87,0,0,85511
6262,2020-10-08 10:01:00,262.88,262.9,262.54,262.54,0,0,46837
6263,2020-10-08 10:02:00,262.58,262.69,262.46,262.5,0,0,50495
6264,2020-10-08 10:03:00,262.5,262.5,261.81,261.95,0,0,93254
6265,2020-10-08 10:04:00,261.95,262.05,261.69,261.96,0,0,54071
6266,2020-10-08 10:05:00,261.95,262.39,261.71,262.39,0,0,60420
6267,2020-10-08 10:06:00,262.33,262.64,262.33,262.55,0,0,42601
6268,2020-10-08 10:07:00,262.59,262.88,262.59,262.84,0,0,57751
6269,2020-10-08 10:08:00,262.85,263.15,262.82,262.93,0,0,109554
6270,2020-10-08 10:09:00,262.97,263.1,262.84,263.03,0,0,45070
6271,2020-10-08 10:10:00,263.05,263.41,262.92,263.41,0,0,60749
6272,2020-10-08 10:11:00,263.37,263.46,263.1,263.2,0,0,68347
6273,2020-10-08 10:12:00,263.24,263.51,263.19,263.35,0,0,59089
6274,2020-10-08 10:13:00,263.3,263.63,263.19,263.57,0,0,73162
6275,2020-10-08 10:14:00,263.61,263.81,263.56,263.6,0,0,77915
6276,2020-10-08 10:15:00,263.62,263.69,263.29,263.33,0,0,61956
6277,2020-10-08 10:16:00,263.34,263.39,263.07,263.22,0,0,50236
6278,2020-10-08 10:17:00,263.2,263.2,262.46,262.68,0,0,77112
6279,2020-10-08 10:18:00,262.71,262.86,262.65,262.81,0,0,27429
6280,2020-10-08 10:19:00,262.81,262.83,262.48,262.62,0,0,32543
6281,2020-10-08 10:20:00,262.61,262.86,262.59,262.8,0,0,33808
6282,2020-10-08 10:21:00,262.79,262.98,262.72,262.88,0,0,39353
6283,2020-10-08 10:22:00,262.91,262.96,262.84,262.93,0,0,31169
6284,2020-10-08 10:23:00,263.0,263.0,262.61,262.62,0,0,44742
6285,2020-10-08 10:24:00,262.64,262.64,262.11,262.43,0,0,57586
6286,2020-10-08 10:25:00,262.42,262.42,261.75,262.0,0,0,43772
6287,2020-10-08 10:26:00,262.04,262.2,261.95,262.14,0,0,33095
6288,2020-10-08 10:27:00,262.14,262.14,261.97,262.13,0,0,33075
6289,2020-10-08 10:28:00,262.16,262.19,261.82,261.96,0,0,46450
6290,2020-10-08 10:29:00,261.99,262.05,261.8,262.0,0,0,38070
6291,2020-10-08 10:30:00,262.08,262.32,262.08,262.2,0,0,45058
6292,2020-10-08 10:31:00,262.18,262.49,262.15,262.45,0,0,26014
6293,2020-10-08 10:32:00,262.45,262.72,262.43,262.72,0,0,38163
6294,2020-10-08 10:33:00,262.72,262.86,262.58,262.78,0,0,40633
6295,2020-10-08 10:34:00,262.75,262.93,262.65,262.93,0,0,34021
6296,2020-10-08 10:35:00,262.94,263.27,262.9,263.05,0,0,53880
6297,2020-10-08 10:36:00,263.05,263.19,262.95,263.11,0,0,29186
6298,2020-10-08 10:37:00,263.11,263.3,263.06,263.26,0,0,31063
6299,2020-10-08 10:38:00,263.28,263.42,263.18,263.36,0,0,59299
6300,2020-10-08 10:39:00,263.36,263.36,262.89,263.01,0,0,43014
6301,2020-10-08 10:40:00,262.97,263.13,262.6,262.66,0,0,34072
6302,2020-10-08 10:41:00,262.7,262.75,262.51,262.7,0,0,19667
6303,2020-10-08 10:42:00,262.63,262.67,262.53,262.53,0,0,26388
6304,2020-10-08 10:43:00,262.56,262.56,262.35,262.39,0,0,37748
6305,2020-10-08 10:44:00,262.37,262.41,262.04,262.29,0,0,49186
6306,2020-10-08 10:45:00,262.29,262.36,262.23,262.3,0,0,40504
6307,2020-10-08 10:46:00,262.3,262.39,262.2,262.26,0,0,41852
6308,2020-10-08 10:47:00,262.22,262.24,261.83,262.23,0,0,79252
6309,2020-10-08 10:48:00,262.23,262.23,262.0,262.02,0,0,29821
6310,2020-10-08 10:49:00,262.06,262.23,261.94,262.2,0,0,27648
6311,2020-10-08 10:50:00,262.23,262.82,262.22,262.78,0,0,45028
6312,2020-10-08 10:51:00,262.77,262.82,262.65,262.69,0,0,106090
6313,2020-10-08 10:52:00,262.7,262.73,262.56,262.73,0,0,34256
6314,2020-10-08 10:53:00,262.72,262.92,262.61,262.61,0,0,32269
6315,2020-10-08 10:54:00,262.6,262.77,262.03,262.15,0,0,47291
6316,2020-10-08 10:55:00,262.22,262.31,262.03,262.14,0,0,31325
6317,2020-10-08 10:56:00,262.14,262.35,262.14,262.32,0,0,21750
6318,2020-10-08 10:57:00,262.3,262.66,262.3,262.4,0,0,19997
6319,2020-10-08 10:58:00,262.32,262.54,262.28,262.45,0,0,17063
6320,2020-10-08 10:59:00,262.45,262.46,262.22,262.26,0,0,10918
6321,2020-10-08 11:00:00,262.26,262.67,262.26,262.56,0,0,36090
6322,2020-10-08 11:01:00,262.6,262.64,262.45,262.6,0,0,18772
6323,2020-10-08 11:02:00,262.6,262.85,262.58,262.71,0,0,28642
6324,2020-10-08 11:03:00,262.73,262.89,262.73,262.83,0,0,22077
6325,2020-10-08 11:04:00,262.82,263.13,262.81,263.05,0,0,39885
6326,2020-10-08 11:05:00,263.09,263.22,263.04,263.15,0,0,41801
6327,2020-10-08 11:06:00,263.17,263.33,262.88,262.95,0,0,45317
6328,2020-10-08 11:07:00,262.92,263.08,262.92,263.02,0,0,30537
6329,2020-10-08 11:08:00,263.02,263.11,262.95,263.09,0,0,27155
6330,2020-10-08 11:09:00,263.1,263.15,262.95,262.97,0,0,17466
6331,2020-10-08 11:10:00,263.07,263.08,262.98,263.05,0,0,6841
6332,2020-10-08 11:11:00,263.36,263.36,263.27,263.32,0,0,43583
6333,2020-10-08 11:12:00,263.23,263.33,263.21,263.33,0,0,3075
6334,2020-10-08 11:13:00,263.53,263.53,263.39,263.42,0,0,61788
6335,2020-10-08 11:14:00,263.54,263.72,263.52,263.67,0,0,46619
6336,2020-10-08 11:15:00,263.68,263.81,263.57,263.65,0,0,46046
6337,2020-10-08 11:16:00,263.68,263.68,263.48,263.56,0,0,33609
6338,2020-10-08 11:17:00,263.62,263.65,263.32,263.45,0,0,39807
6339,2020-10-08 11:18:00,263.4,263.49,263.33,263.39,0,0,14825
6340,2020-10-08 11:19:00,263.39,263.39,263.02,263.04,0,0,31353
6341,2020-10-08 11:20:00,263.07,263.25,262.78,262.95,0,0,28967
6342,2020-10-08 11:21:00,262.95,263.05,262.8,262.88,0,0,23256
6343,2020-10-08 11:22:00,262.87,262.99,262.8,262.89,0,0,17050
6344,2020-10-08 11:23:00,262.88,262.99,262.77,262.95,0,0,26255
6345,2020-10-08 11:24:00,262.95,263.0,262.9,262.91,0,0,28982
6346,2020-10-08 11:25:00,262.85,262.89,262.65,262.73,0,0,41010
6347,2020-10-08 11:26:00,262.73,262.77,262.34,262.4,0,0,41145
6348,2020-10-08 11:27:00,262.43,262.76,262.43,262.73,0,0,29182
6349,2020-10-08 11:28:00,262.72,262.74,262.37,262.48,0,0,35197
6350,2020-10-08 11:29:00,262.46,262.67,262.4,262.52,0,0,22733
6351,2020-10-08 11:30:00,262.52,262.85,262.42,262.82,0,0,20366
6352,2020-10-08 11:31:00,262.81,262.96,262.72,262.82,0,0,39666
6353,2020-10-08 11:32:00,262.85,262.89,262.7,262.71,0,0,15880
6354,2020-10-08 11:33:00,262.73,262.73,262.4,262.56,0,0,20839
6355,2020-10-08 11:34:00,262.56,262.56,262.3,262.54,0,0,40805
6356,2020-10-08 11:35:00,262.55,262.78,262.53,262.76,0,0,30092
6357,2020-10-08 11:36:00,262.76,263.16,262.75,263.11,0,0,49884
6358,2020-10-08 11:37:00,263.12,263.34,263.04,263.27,0,0,43044
6359,2020-10-08 11:38:00,263.31,263.48,263.18,263.42,0,0,51040
6360,2020-10-08 11:39:00,263.44,263.59,263.42,263.47,0,0,33648
6361,2020-10-08 11:40:00,263.44,263.59,263.37,263.42,0,0,26514
6362,2020-10-08 11:41:00,263.44,263.44,263.2,263.28,0,0,27501
6363,2020-10-08 11:42:00,263.26,263.35,263.19,263.3,0,0,24220
6364,2020-10-08 11:43:00,263.32,263.47,263.28,263.47,0,0,34511
6365,2020-10-08 11:44:00,263.49,263.51,263.34,263.4,0,0,26968
6366,2020-10-08 11:45:00,263.42,263.48,263.33,263.39,0,0,25993
6367,2020-10-08 11:46:00,263.44,263.52,263.36,263.52,0,0,16990
6368,2020-10-08 11:47:00,263.53,263.63,263.5,263.52,0,0,35736
6369,2020-10-08 11:48:00,263.53,263.8,263.53,263.77,0,0,34231
6370,2020-10-08 11:49:00,263.76,263.78,263.58,263.58,0,0,31207
6371,2020-10-08 11:50:00,263.61,263.61,263.39,263.5,0,0,28401
6372,2020-10-08 11:51:00,263.5,263.72,263.46,263.54,0,0,20529
6373,2020-10-08 11:52:00,263.54,263.74,263.47,263.73,0,0,30340
6374,2020-10-08 11:53:00,263.75,263.77,263.5,263.54,0,0,39500
6375,2020-10-08 11:54:00,263.54,263.55,263.05,263.08,0,0,50574
6376,2020-10-08 11:55:00,263.15,263.31,263.06,263.23,0,0,51585
6377,2020-10-08 11:56:00,263.24,263.53,263.19,263.53,0,0,41099
6378,2020-10-08 11:57:00,263.5,263.97,263.46,263.93,0,0,76478
6379,2020-10-08 11:58:00,263.95,264.07,263.73,263.85,0,0,82544
6380,2020-10-08 11:59:00,263.86,263.9,263.74,263.8,0,0,51804
6381,2020-10-08 12:00:00,263.84,264.14,263.79,263.83,0,0,64612
6382,2020-10-08 12:01:00,263.87,263.98,263.66,263.89,0,0,33933
6383,2020-10-08 12:02:00,263.92,264.14,263.92,264.0,0,0,41904
6384,2020-10-08 12:03:00,264.04,264.24,264.04,264.24,0,0,57265
6385,2020-10-08 12:04:00,264.25,264.4,264.24,264.27,0,0,44264
6386,2020-10-08 12:05:00,264.26,264.45,264.24,264.4,0,0,34680
6387,2020-10-08 12:06:00,264.42,264.45,264.3,264.45,0,0,35437
6388,2020-10-08 12:07:00,264.44,264.6,264.42,264.6,0,0,54865
6389,2020-10-08 12:08:00,264.6,264.62,264.44,264.58,0,0,34842
6390,2020-10-08 12:09:00,264.56,264.6,264.46,264.51,0,0,32474
6391,2020-10-08 12:10:00,264.51,264.59,264.15,264.19,0,0,46608
6392,2020-10-08 12:11:00,264.17,264.41,264.17,264.32,0,0,29894
6393,2020-10-08 12:12:00,264.32,264.52,264.31,264.39,0,0,41272
6394,2020-10-08 12:13:00,264.38,264.47,264.37,264.37,0,0,22167
6395,2020-10-08 12:14:00,264.38,264.48,264.26,264.39,0,0,22104
6396,2020-10-08 12:15:00,264.4,264.43,264.18,264.18,0,0,33321
6397,2020-10-08 12:16:00,264.16,264.27,264.03,264.13,0,0,29200
6398,2020-10-08 12:17:00,264.1,264.11,263.91,263.99,0,0,35720
6399,2020-10-08 12:18:00,264.0,264.36,264.0,264.23,0,0,36538
6400,2020-10-08 12:19:00,264.21,264.22,264.07,264.16,0,0,17702
6401,2020-10-08 12:20:00,264.13,264.15,263.92,264.09,0,0,17899
6402,2020-10-08 12:21:00,264.1,264.11,263.89,263.97,0,0,19833
6403,2020-10-08 12:22:00,263.95,264.19,263.95,264.17,0,0,45650
6404,2020-10-08 12:23:00,264.17,264.24,264.1,264.15,0,0,20405
6405,2020-10-08 12:24:00,264.18,264.35,264.16,264.35,0,0,12127
6406,2020-10-08 12:25:00,264.35,264.36,264.14,264.19,0,0,23076
6407,2020-10-08 12:26:00,264.18,264.22,264.1,264.14,0,0,16749
6408,2020-10-08 12:27:00,264.13,264.14,263.95,264.02,0,0,25280
6409,2020-10-08 12:28:00,264.02,264.06,263.72,263.82,0,0,38112
6410,2020-10-08 12:29:00,263.83,263.83,263.63,263.68,0,0,19177
6411,2020-10-08 12:30:00,263.7,263.92,263.63,263.89,0,0,20700
6412,2020-10-08 12:31:00,263.94,264.13,263.86,264.08,0,0,29407
6413,2020-10-08 12:32:00,264.11,264.16,264.03,264.13,0,0,31410
6414,2020-10-08 12:33:00,264.14,264.2,264.04,264.04,0,0,20956
6415,2020-10-08 12:34:00,264.06,264.17,264.02,264.17,0,0,11552
6416,2020-10-08 12:35:00,264.17,264.18,264.07,264.08,0,0,16333
6417,2020-10-08 12:36:00,264.09,264.13,264.01,264.09,0,0,25979
6418,2020-10-08 12:37:00,264.08,264.08,263.85,263.88,0,0,21095
6419,2020-10-08 12:38:00,263.9,263.92,263.73,263.75,0,0,11472
6420,2020-10-08 12:39:00,263.76,263.9,263.76,263.9,0,0,20194
6421,2020-10-08 12:40:00,263.92,263.95,263.82,263.82,0,0,11560
6422,2020-10-08 12:41:00,263.83,263.92,263.8,263.92,0,0,11978
6423,2020-10-08 12:42:00,263.94,263.99,263.88,263.9,0,0,12990
6424,2020-10-08 12:43:00,263.92,264.18,263.92,264.16,0,0,41887
6425,2020-10-08 12:44:00,264.17,264.27,263.96,264.09,0,0,31099
6426,2020-10-08 12:45:00,264.12,264.35,263.98,264.02,0,0,41521
6427,2020-10-08 12:46:00,264.05,264.25,264.05,264.23,0,0,24729
6428,2020-10-08 12:47:00,264.23,264.31,264.18,264.31,0,0,19581
6429,2020-10-08 12:48:00,264.32,264.35,264.19,264.2,0,0,12662
6430,2020-10-08 12:49:00,264.2,264.32,264.2,264.28,0,0,14683
6431,2020-10-08 12:50:00,264.28,264.28,264.2,264.2,0,0,16214
6432,2020-10-08 12:51:00,264.19,264.33,264.17,264.29,0,0,13505
6433,2020-10-08 12:52:00,264.3,264.34,264.25,264.26,0,0,20741
6434,2020-10-08 12:53:00,264.26,264.31,264.26,264.26,0,0,10517
6435,2020-10-08 12:54:00,264.25,264.31,264.25,264.25,0,0,14972
6436,2020-10-08 12:55:00,264.27,264.3,264.25,264.25,0,0,16569
6437,2020-10-08 12:56:00,264.25,264.25,263.82,263.85,0,0,61634
6438,2020-10-08 12:57:00,263.87,263.91,263.82,263.86,0,0,29910
6439,2020-10-08 12:58:00,263.85,264.0,263.85,263.98,0,0,17071
6440,2020-10-08 12:59:00,264.01,264.17,263.99,264.02,0,0,46236
6441,2020-10-08 13:00:00,264.03,264.06,263.88,263.95,0,0,15075
6442,2020-10-08 13:01:00,263.94,263.98,263.81,263.85,0,0,22410
6443,2020-10-08 13:02:00,263.83,263.85,263.76,263.76,0,0,23857
6444,2020-10-08 13:03:00,263.78,263.83,263.75,263.82,0,0,27690
6445,2020-10-08 13:04:00,263.8,263.88,263.79,263.8,0,0,28490
6446,2020-10-08 13:05:00,263.8,263.88,263.77,263.87,0,0,14692
6447,2020-10-08 13:06:00,263.9,264.0,263.75,263.76,0,0,25037
6448,2020-10-08 13:07:00,263.76,263.9,263.76,263.9,0,0,10565
6449,2020-10-08 13:08:00,263.93,264.08,263.88,264.0,0,0,24466
6450,2020-10-08 13:09:00,264.0,264.02,263.9,263.9,0,0,27895
6451,2020-10-08 13:10:00,263.9,263.91,263.8,263.8,0,0,52257
6452,2020-10-08 13:11:00,263.8,263.8,263.42,263.56,0,0,70647
6453,2020-10-08 13:12:00,263.56,263.56,263.43,263.49,0,0,71857
6454,2020-10-08 13:13:00,263.46,263.87,263.43,263.43,0,0,275957
6455,2020-10-08 13:14:00,263.42,263.53,263.29,263.52,0,0,40387
6456,2020-10-08 13:15:00,263.52,263.53,263.45,263.47,0,0,16567
6457,2020-10-08 13:16:00,263.45,263.45,263.25,263.25,0,0,23327
6458,2020-10-08 13:17:00,263.25,263.27,263.01,263.08,0,0,32658
6459,2020-10-08 13:18:00,263.02,263.04,262.81,262.84,0,0,45165
6460,2020-10-08 13:19:00,262.86,263.07,262.84,262.92,0,0,33449
6461,2020-10-08 13:20:00,262.92,263.06,262.87,263.02,0,0,23209
6462,2020-10-08 13:21:00,263.03,263.2,263.03,263.14,0,0,37796
6463,2020-10-08 13:22:00,263.1,263.16,262.95,263.14,0,0,28100
6464,2020-10-08 13:23:00,263.12,263.14,262.94,262.98,0,0,18585
6465,2020-10-08 13:24:00,262.94,262.94,262.75,262.79,0,0,14147
6466,2020-10-08 13:25:00,262.82,262.93,262.68,262.77,0,0,43678
6467,2020-10-08 13:26:00,262.76,262.79,262.49,262.64,0,0,68102
6468,2020-10-08 13:27:00,262.63,262.71,262.55,262.65,0,0,34209
6469,2020-10-08 13:28:00,262.66,262.82,262.63,262.79,0,0,21115
6470,2020-10-08 13:29:00,262.81,263.07,262.81,262.97,0,0,38350
6471,2020-10-08 13:30:00,262.98,263.09,262.92,263.09,0,0,19626
6472,2020-10-08 13:31:00,263.09,263.23,263.05,263.11,0,0,28010
6473,2020-10-08 13:32:00,263.14,263.15,263.0,263.04,0,0,20440
6474,2020-10-08 13:33:00,263.15,263.33,263.1,263.23,0,0,37186
6475,2020-10-08 13:34:00,263.23,263.23,262.93,262.95,0,0,23121
6476,2020-10-08 13:35:00,262.94,263.06,262.94,263.02,0,0,12488
6477,2020-10-08 13:36:00,263.02,263.05,262.97,262.97,0,0,12760
6478,2020-10-08 13:37:00,262.97,262.97,262.81,262.86,0,0,38329
6479,2020-10-08 13:38:00,262.85,263.01,262.85,263.0,0,0,41470
6480,2020-10-08 13:39:00,263.0,263.36,262.96,263.0,0,0,51298
6481,2020-10-08 13:40:00,263.0,263.05,262.84,262.91,0,0,49148
6482,2020-10-08 13:41:00,262.87,262.94,262.86,262.87,0,0,18395
6483,2020-10-08 13:42:00,262.87,263.07,262.86,262.98,0,0,20279
6484,2020-10-08 13:43:00,262.99,262.99,262.9,262.91,0,0,28475
6485,2020-10-08 13:44:00,262.9,263.2,262.86,263.14,0,0,35532
6486,2020-10-08 13:45:00,263.14,263.14,262.93,263.0,0,0,16826
6487,2020-10-08 13:46:00,263.02,263.17,262.95,263.11,0,0,24371
6488,2020-10-08 13:47:00,263.14,263.17,263.05,263.05,0,0,11998
6489,2020-10-08 13:48:00,263.02,263.02,262.81,262.95,0,0,30461
6490,2020-10-08 13:49:00,262.94,263.19,262.94,263.16,0,0,16233
6491,2020-10-08 13:50:00,263.13,263.21,263.0,263.21,0,0,15643
6492,2020-10-08 13:51:00,263.18,263.29,263.15,263.21,0,0,16068
6493,2020-10-08 13:52:00,263.23,263.39,263.22,263.33,0,0,27681
6494,2020-10-08 13:53:00,263.33,263.33,263.14,263.14,0,0,20346
6495,2020-10-08 13:54:00,263.13,263.26,263.09,263.22,0,0,26391
6496,2020-10-08 13:55:00,263.2,263.21,263.02,263.08,0,0,58759
6497,2020-10-08 13:56:00,263.08,263.11,262.98,263.08,0,0,38941
6498,2020-10-08 13:57:00,263.08,263.09,262.96,262.97,0,0,33947
6499,2020-10-08 13:58:00,262.96,263.02,262.89,262.94,0,0,26037
6500,2020-10-08 13:59:00,262.95,262.95,262.55,262.58,0,0,48615
6501,2020-10-08 14:00:00,262.6,262.61,262.32,262.47,0,0,27627
6502,2020-10-08 14:01:00,262.48,262.51,262.32,262.39,0,0,18666
6503,2020-10-08 14:02:00,262.38,262.5,262.34,262.44,0,0,24783
6504,2020-10-08 14:03:00,262.42,262.42,262.31,262.36,0,0,12474
6505,2020-10-08 14:04:00,262.37,262.44,262.34,262.44,0,0,19223
6506,2020-10-08 14:05:00,262.45,262.51,262.38,262.48,0,0,23986
6507,2020-10-08 14:06:00,262.47,262.5,262.34,262.39,0,0,9562
6508,2020-10-08 14:07:00,262.44,262.52,262.37,262.49,0,0,13982
6509,2020-10-08 14:08:00,262.46,262.53,262.43,262.51,0,0,23071
6510,2020-10-08 14:09:00,262.52,262.53,262.47,262.53,0,0,26438
6511,2020-10-08 14:10:00,262.51,262.53,262.38,262.42,0,0,15015
6512,2020-10-08 14:11:00,262.41,262.5,262.38,262.41,0,0,17910
6513,2020-10-08 14:12:00,262.4,262.51,262.4,262.49,0,0,16729
6514,2020-10-08 14:13:00,262.5,262.5,262.36,262.46,0,0,26800
6515,2020-10-08 14:14:00,262.44,262.51,262.35,262.49,0,0,26050
6516,2020-10-08 14:15:00,262.49,262.58,262.45,262.55,0,0,23290
6517,2020-10-08 14:16:00,262.55,262.57,262.45,262.56,0,0,21456
6518,2020-10-08 14:17:00,262.55,262.63,262.55,262.59,0,0,16812
6519,2020-10-08 14:18:00,262.6,262.6,262.5,262.58,0,0,15577
6520,2020-10-08 14:19:00,262.59,262.63,262.5,262.56,0,0,18531
6521,2020-10-08 14:20:00,262.54,262.54,262.45,262.49,0,0,29541
6522,2020-10-08 14:21:00,262.52,262.85,262.5,262.83,0,0,34912
6523,2020-10-08 14:22:00,262.85,262.88,262.75,262.79,0,0,28480
6524,2020-10-08 14:23:00,262.81,262.83,262.72,262.8,0,0,12751
6525,2020-10-08 14:24:00,262.83,262.93,262.82,262.85,0,0,21152
6526,2020-10-08 14:25:00,262.85,262.89,262.77,262.87,0,0,11370
6527,2020-10-08 14:26:00,262.87,262.96,262.87,262.89,0,0,15785
6528,2020-10-08 14:27:00,262.87,262.88,262.79,262.85,0,0,12844
6529,2020-10-08 14:28:00,262.83,263.01,262.8,262.99,0,0,22262
6530,2020-10-08 14:29:00,263.0,263.03,262.86,263.03,0,0,25889
6531,2020-10-08 14:30:00,263.05,263.07,262.95,262.99,0,0,23941
6532,2020-10-08 14:31:00,263.0,263.09,262.92,263.02,0,0,127122
6533,2020-10-08 14:32:00,263.03,263.09,262.95,263.0,0,0,14239
6534,2020-10-08 14:33:00,263.02,263.19,263.02,263.19,0,0,17082
6535,2020-10-08 14:34:00,263.2,263.35,263.2,263.25,0,0,34029
6536,2020-10-08 14:35:00,263.26,263.28,263.16,263.25,0,0,26726
6537,2020-10-08 14:36:00,263.26,263.48,263.25,263.43,0,0,30030
6538,2020-10-08 14:37:00,263.42,263.48,263.31,263.45,0,0,12736
6539,2020-10-08 14:38:00,263.45,263.55,263.42,263.53,0,0,24779
6540,2020-10-08 14:39:00,263.52,263.65,263.47,263.63,0,0,18620
6541,2020-10-08 14:40:00,263.62,263.73,263.6,263.63,0,0,30237
6542,2020-10-08 14:41:00,263.64,263.67,263.57,263.64,0,0,28063
6543,2020-10-08 14:42:00,263.62,263.7,263.47,263.62,0,0,57755
6544,2020-10-08 14:43:00,263.64,263.71,263.6,263.7,0,0,21294
6545,2020-10-08 14:44:00,263.69,263.75,263.65,263.7,0,0,15277
6546,2020-10-08 14:45:00,263.7,263.82,263.6,263.79,0,0,27635
6547,2020-10-08 14:46:00,263.78,263.82,263.63,263.68,0,0,25587
6548,2020-10-08 14:47:00,263.65,263.71,263.6,263.64,0,0,13301
6549,2020-10-08 14:48:00,263.64,263.72,263.59,263.66,0,0,34133
6550,2020-10-08 14:49:00,263.69,263.73,263.63,263.7,0,0,10918
6551,2020-10-08 14:50:00,263.71,263.71,263.54,263.58,0,0,23547
6552,2020-10-08 14:51:00,263.57,263.64,263.57,263.63,0,0,21788
6553,2020-10-08 14:52:00,263.62,263.62,263.34,263.4,0,0,30801
6554,2020-10-08 14:53:00,263.37,263.53,263.29,263.52,0,0,40487
6555,2020-10-08 14:54:00,263.52,263.55,263.37,263.41,0,0,12436
6556,2020-10-08 14:55:00,263.41,263.53,263.29,263.35,0,0,23049
6557,2020-10-08 14:56:00,263.37,263.56,263.33,263.39,0,0,25584
6558,2020-10-08 14:57:00,263.42,263.46,263.39,263.39,0,0,11214
6559,2020-10-08 14:58:00,263.41,263.54,263.38,263.5,0,0,15254
6560,2020-10-08 14:59:00,263.48,263.59,263.47,263.57,0,0,16608
6561,2020-10-08 15:00:00,263.58,263.62,263.47,263.47,0,0,30038
6562,2020-10-08 15:01:00,263.47,263.49,263.1,263.34,0,0,36000
6563,2020-10-08 15:02:00,263.33,263.33,263.04,263.11,0,0,43406
6564,2020-10-08 15:03:00,263.11,263.28,263.05,263.28,0,0,15942
6565,2020-10-08 15:04:00,263.24,263.28,263.06,263.09,0,0,13506
6566,2020-10-08 15:05:00,263.11,263.12,262.81,263.11,0,0,25377
6567,2020-10-08 15:06:00,263.11,263.19,263.02,263.07,0,0,19333
6568,2020-10-08 15:07:00,263.05,263.16,263.05,263.11,0,0,13270
6569,2020-10-08 15:08:00,263.11,263.17,263.05,263.11,0,0,13960
6570,2020-10-08 15:09:00,263.1,263.14,263.05,263.08,0,0,23335
6571,2020-10-08 15:10:00,263.11,263.22,263.09,263.16,0,0,19598
6572,2020-10-08 15:11:00,263.13,263.26,263.09,263.26,0,0,27827
6573,2020-10-08 15:12:00,263.27,263.43,263.18,263.43,0,0,46736
6574,2020-10-08 15:13:00,263.4,263.46,263.33,263.45,0,0,20106
6575,2020-10-08 15:14:00,263.44,263.47,263.38,263.38,0,0,11091
6576,2020-10-08 15:15:00,263.42,263.45,263.32,263.34,0,0,18528
6577,2020-10-08 15:16:00,263.35,263.5,263.33,263.33,0,0,26408
6578,2020-10-08 15:17:00,263.3,263.53,263.3,263.47,0,0,28228
6579,2020-10-08 15:18:00,263.45,263.47,263.31,263.36,0,0,10902
6580,2020-10-08 15:19:00,263.36,263.36,263.27,263.33,0,0,19355
6581,2020-10-08 15:20:00,263.32,263.37,263.26,263.3,0,0,14094
6582,2020-10-08 15:21:00,263.25,263.52,263.25,263.49,0,0,27618
6583,2020-10-08 15:22:00,263.49,263.6,263.39,263.59,0,0,15133
6584,2020-10-08 15:23:00,263.57,263.71,263.57,263.61,0,0,24857
6585,2020-10-08 15:24:00,263.6,263.6,263.5,263.56,0,0,11291
6586,2020-10-08 15:25:00,263.55,263.69,263.52,263.65,0,0,20249
6587,2020-10-08 15:26:00,263.66,263.68,263.61,263.65,0,0,15412
6588,2020-10-08 15:27:00,263.69,263.71,263.64,263.65,0,0,20607
6589,2020-10-08 15:28:00,263.65,263.8,263.63,263.73,0,0,24271
6590,2020-10-08 15:29:00,263.73,263.76,263.67,263.73,0,0,25803
6591,2020-10-08 15:30:00,263.71,263.76,263.68,263.76,0,0,20708
6592,2020-10-08 15:31:00,263.76,263.76,263.57,263.69,0,0,30144
6593,2020-10-08 15:32:00,263.63,263.71,263.59,263.62,0,0,16447
6594,2020-10-08 15:33:00,263.61,263.77,263.61,263.72,0,0,17108
6595,2020-10-08 15:34:00,263.73,263.83,263.71,263.77,0,0,21705
6596,2020-10-08 15:35:00,263.81,263.84,263.57,263.62,0,0,33379
6597,2020-10-08 15:36:00,263.66,263.76,263.66,263.7,0,0,16048
6598,2020-10-08 15:37:00,263.71,263.78,263.64,263.74,0,0,24564
6599,2020-10-08 15:38:00,263.76,263.87,263.76,263.86,0,0,28899
6600,2020-10-08 15:39:00,263.87,263.91,263.75,263.84,0,0,26471
6601,2020-10-08 15:40:00,263.84,263.88,263.7,263.7,0,0,25961
6602,2020-10-08 15:41:00,263.68,263.72,263.59,263.67,0,0,48843
6603,2020-10-08 15:42:00,263.66,263.79,263.63,263.64,0,0,27915
6604,2020-10-08 15:43:00,263.67,263.76,263.66,263.76,0,0,15591
6605,2020-10-08 15:44:00,263.74,263.86,263.71,263.73,0,0,33250
6606,2020-10-08 15:45:00,263.75,263.83,263.74,263.79,0,0,16954
6607,2020-10-08 15:46:00,263.79,263.8,263.6,263.73,0,0,34416
6608,2020-10-08 15:47:00,263.71,263.77,263.64,263.71,0,0,15684
6609,2020-10-08 15:48:00,263.7,263.75,263.63,263.65,0,0,21900
6610,2020-10-08 15:49:00,263.65,263.75,263.57,263.73,0,0,33585
6611,2020-10-08 15:50:00,263.75,263.75,263.36,263.43,0,0,147458
6612,2020-10-08 15:51:00,263.41,263.57,263.35,263.41,0,0,47477
6613,2020-10-08 15:52:00,263.44,263.55,263.37,263.43,0,0,33188
6614,2020-10-08 15:53:00,263.44,263.45,263.21,263.32,0,0,61241
6615,2020-10-08 15:54:00,263.33,263.43,263.15,263.39,0,0,67256
6616,2020-10-08 15:55:00,263.43,263.69,263.4,263.61,0,0,89581
6617,2020-10-08 15:56:00,263.58,263.63,263.4,263.61,0,0,87994
6618,2020-10-08 15:57:00,263.61,263.73,263.59,263.71,0,0,94419
6619,2020-10-08 15:58:00,263.72,263.79,263.61,263.77,0,0,117960
6620,2020-10-08 15:59:00,263.76,264.08,263.55,263.76,0,0,305781
6621,2020-10-09 09:30:00,264.52,264.63,263.51,263.73,0,0,313847
6622,2020-10-09 09:31:00,263.67,264.21,263.6,263.9,0,0,72133
6623,2020-10-09 09:32:00,263.78,264.24,263.56,264.0,0,0,48424
6624,2020-10-09 09:33:00,264.01,264.02,263.33,263.62,0,0,89055
6625,2020-10-09 09:34:00,263.84,263.92,263.62,263.68,0,0,69396
6626,2020-10-09 09:35:00,263.68,264.35,263.6,264.3,0,0,82855
6627,2020-10-09 09:36:00,263.83,263.97,263.58,263.73,0,0,58383
6628,2020-10-09 09:37:00,263.6,263.91,263.57,263.73,0,0,35121
6629,2020-10-09 09:38:00,264.12,264.15,263.91,263.91,0,0,51062
6630,2020-10-09 09:39:00,263.93,263.94,263.39,263.41,0,0,71342
6631,2020-10-09 09:40:00,263.5,263.95,263.5,263.86,0,0,40705
6632,2020-10-09 09:41:00,264.04,264.15,263.91,263.93,0,0,59687
6633,2020-10-09 09:42:00,263.93,264.1,263.52,263.61,0,0,66998
6634,2020-10-09 09:43:00,263.54,263.63,263.25,263.38,0,0,54038
6635,2020-10-09 09:44:00,263.4,263.4,263.08,263.26,0,0,57821
6636,2020-10-09 09:45:00,263.27,263.5,263.14,263.14,0,0,56555
6637,2020-10-09 09:46:00,262.75,262.83,262.75,262.83,0,0,101054
6638,2020-10-09 09:47:00,262.86,263.25,262.86,263.05,0,0,52323
6639,2020-10-09 09:48:00,262.94,262.99,262.89,262.96,0,0,40290
6640,2020-10-09 09:49:00,262.95,263.05,262.78,263.0,0,0,50202
6641,2020-10-09 09:50:00,263.0,263.46,263.0,263.4,0,0,76319
6642,2020-10-09 09:51:00,263.51,263.54,263.32,263.54,0,0,117174
6643,2020-10-09 09:52:00,263.54,263.74,263.34,263.6,0,0,224312
6644,2020-10-09 09:53:00,263.23,263.25,263.15,263.22,0,0,63355
6645,2020-10-09 09:54:00,263.18,263.46,263.08,263.39,0,0,56488
6646,2020-10-09 09:55:00,263.36,263.41,263.2,263.25,0,0,35159
6647,2020-10-09 09:56:00,263.23,263.43,263.11,263.38,0,0,36286
6648,2020-10-09 09:57:00,263.37,263.56,263.04,263.04,0,0,60973
6649,2020-10-09 09:58:00,263.14,263.17,263.04,263.12,0,0,27012
6650,2020-10-09 09:59:00,263.15,263.26,263.04,263.2,0,0,87124
6651,2020-10-09 10:00:00,263.2,263.36,262.9,263.12,0,0,83277
6652,2020-10-09 10:01:00,263.17,263.24,262.57,262.7,0,0,55770
6653,2020-10-09 10:02:00,262.74,263.12,262.74,263.07,0,0,29816
6654,2020-10-09 10:03:00,263.08,263.3,263.08,263.23,0,0,45402
6655,2020-10-09 10:04:00,263.24,263.47,263.21,263.37,0,0,47000
6656,2020-10-09 10:05:00,263.37,263.46,262.9,262.9,0,0,60608
6657,2020-10-09 10:06:00,262.89,263.02,262.75,262.8,0,0,39647
6658,2020-10-09 10:07:00,262.79,262.85,262.6,262.74,0,0,23203
6659,2020-10-09 10:08:00,262.72,262.83,262.69,262.8,0,0,19822
6660,2020-10-09 10:09:00,262.79,262.89,262.76,262.86,0,0,28345
6661,2020-10-09 10:10:00,262.86,263.06,262.85,262.93,0,0,29675
6662,2020-10-09 10:11:00,262.91,262.91,262.56,262.57,0,0,31893
6663,2020-10-09 10:12:00,262.6,262.76,262.28,262.38,0,0,69686
6664,2020-10-09 10:13:00,262.43,262.61,262.33,262.59,0,0,26903
6665,2020-10-09 10:14:00,262.61,262.76,262.5,262.51,0,0,32696
6666,2020-10-09 10:15:00,262.51,262.85,262.49,262.73,0,0,49462
6667,2020-10-09 10:16:00,262.73,262.86,262.7,262.76,0,0,39932
6668,2020-10-09 10:17:00,262.78,262.82,262.61,262.67,0,0,33066
6669,2020-10-09 10:18:00,262.67,262.7,262.17,262.4,0,0,71617
6670,2020-10-09 10:19:00,262.35,262.49,262.23,262.41,0,0,46052
6671,2020-10-09 10:20:00,262.38,262.64,262.38,262.56,0,0,27139
6672,2020-10-09 10:21:00,262.58,262.71,262.55,262.64,0,0,21168
6673,2020-10-09 10:22:00,262.67,262.83,262.43,262.48,0,0,28232
6674,2020-10-09 10:23:00,262.47,262.68,262.44,262.68,0,0,18894
6675,2020-10-09 10:24:00,262.67,263.07,262.67,263.01,0,0,59878
6676,2020-10-09 10:25:00,263.03,263.15,262.86,262.99,0,0,62013
6677,2020-10-09 10:26:00,262.98,263.02,262.73,262.86,0,0,36791
6678,2020-10-09 10:27:00,262.87,263.05,262.78,262.81,0,0,31668
6679,2020-10-09 10:28:00,262.81,263.33,262.7,263.33,0,0,47838
6680,2020-10-09 10:29:00,263.35,263.44,263.32,263.43,0,0,47894
6681,2020-10-09 10:30:00,263.42,263.72,263.41,263.72,0,0,94150
6682,2020-10-09 10:31:00,263.71,263.92,263.68,263.88,0,0,64463
6683,2020-10-09 10:32:00,263.89,263.92,263.73,263.83,0,0,38623
6684,2020-10-09 10:33:00,263.85,264.0,263.85,263.96,0,0,39885
6685,2020-10-09 10:34:00,263.92,263.95,263.71,263.87,0,0,39917
6686,2020-10-09 10:35:00,263.89,263.89,263.63,263.64,0,0,36626
6687,2020-10-09 10:36:00,263.64,263.9,263.6,263.9,0,0,33559
6688,2020-10-09 10:37:00,263.9,264.34,263.9,264.25,0,0,107620
6689,2020-10-09 10:38:00,264.25,264.37,264.02,264.05,0,0,44953
6690,2020-10-09 10:39:00,264.05,264.24,264.04,264.17,0,0,30341
6691,2020-10-09 10:40:00,264.16,264.19,264.01,264.11,0,0,41924
6692,2020-10-09 10:41:00,264.07,264.69,264.07,264.64,0,0,75107
6693,2020-10-09 10:42:00,264.62,264.75,264.35,264.53,0,0,49774
6694,2020-10-09 10:43:00,264.53,264.6,264.29,264.29,0,0,38112
6695,2020-10-09 10:44:00,264.3,264.37,264.26,264.33,0,0,33912
6696,2020-10-09 10:45:00,264.34,264.35,264.26,264.27,0,0,28508
6697,2020-10-09 10:46:00,264.29,264.32,264.06,264.23,0,0,30760
6698,2020-10-09 10:47:00,264.25,264.38,264.19,264.32,0,0,26065
6699,2020-10-09 10:48:00,264.33,264.55,264.12,264.17,0,0,57076
6700,2020-10-09 10:49:00,264.2,264.33,264.11,264.12,0,0,25868
6701,2020-10-09 10:50:00,264.12,264.15,263.99,264.11,0,0,37067
6702,2020-10-09 10:51:00,264.09,264.13,263.89,263.92,0,0,29547
6703,2020-10-09 10:52:00,263.92,264.05,263.87,263.94,0,0,18256
6704,2020-10-09 10:53:00,263.87,263.87,263.81,263.81,0,0,33866
6705,2020-10-09 10:54:00,263.85,263.85,263.68,263.72,0,0,45030
6706,2020-10-09 10:55:00,263.67,263.86,263.67,263.8,0,0,32645
6707,2020-10-09 10:56:00,263.77,263.77,263.63,263.63,0,0,51603
6708,2020-10-09 10:57:00,263.63,263.84,263.63,263.8,0,0,31270
6709,2020-10-09 10:58:00,263.85,263.97,263.83,263.91,0,0,46353
6710,2020-10-09 10:59:00,263.91,263.93,263.8,263.88,0,0,26576
6711,2020-10-09 11:00:00,263.89,263.94,263.62,263.62,0,0,33446
6712,2020-10-09 11:01:00,263.66,263.75,263.54,263.57,0,0,24018
6713,2020-10-09 11:02:00,263.53,263.65,263.41,263.62,0,0,35553
6714,2020-10-09 11:03:00,263.64,263.76,263.64,263.73,0,0,25225
6715,2020-10-09 11:04:00,263.73,263.89,263.68,263.85,0,0,31241
6716,2020-10-09 11:05:00,263.87,264.14,263.83,264.05,0,0,55517
6717,2020-10-09 11:06:00,264.08,264.08,263.81,263.91,0,0,48398
6718,2020-10-09 11:07:00,263.85,263.85,263.64,263.64,0,0,25815
6719,2020-10-09 11:08:00,263.64,263.68,263.28,263.38,0,0,80476
6720,2020-10-09 11:09:00,263.35,263.55,263.3,263.4,0,0,37603
6721,2020-10-09 11:10:00,263.4,263.49,263.21,263.27,0,0,32506
6722,2020-10-09 11:11:00,263.27,263.31,263.11,263.18,0,0,35566
6723,2020-10-09 11:12:00,263.17,263.23,263.07,263.22,0,0,33806
6724,2020-10-09 11:13:00,263.22,263.22,262.91,263.02,0,0,55818
6725,2020-10-09 11:14:00,263.0,263.29,262.96,263.29,0,0,45180
6726,2020-10-09 11:15:00,263.29,263.54,263.26,263.31,0,0,75105
6727,2020-10-09 11:16:00,263.31,263.33,263.11,263.19,0,0,23741
6728,2020-10-09 11:17:00,263.19,263.32,263.17,263.25,0,0,25033
6729,2020-10-09 11:18:00,263.23,263.35,263.2,263.24,0,0,39682
6730,2020-10-09 11:19:00,263.23,263.31,263.14,263.26,0,0,22526
6731,2020-10-09 11:20:00,263.26,263.32,263.25,263.28,0,0,11938
6732,2020-10-09 11:21:00,263.3,263.4,263.2,263.38,0,0,28416
6733,2020-10-09 11:22:00,263.4,263.45,263.27,263.3,0,0,15707
6734,2020-10-09 11:23:00,263.28,263.28,263.16,263.27,0,0,30778
6735,2020-10-09 11:24:00,263.28,263.39,263.25,263.36,0,0,17121
6736,2020-10-09 11:25:00,263.44,263.57,263.42,263.52,0,0,24547
6737,2020-10-09 11:26:00,263.49,263.54,263.44,263.54,0,0,26958
6738,2020-10-09 11:27:00,263.57,263.72,263.56,263.68,0,0,25991
6739,2020-10-09 11:28:00,263.71,263.95,263.7,263.94,0,0,52471
6740,2020-10-09 11:29:00,263.93,264.03,263.7,263.83,0,0,64073
6741,2020-10-09 11:30:00,263.82,263.98,263.74,263.98,0,0,30583
6742,2020-10-09 11:31:00,263.99,264.03,263.8,263.97,0,0,56278
6743,2020-10-09 11:32:00,264.0,264.09,263.8,263.86,0,0,28548
6744,2020-10-09 11:33:00,263.86,263.92,263.8,263.89,0,0,28944
6745,2020-10-09 11:34:00,263.9,263.92,263.75,263.83,0,0,58891
6746,2020-10-09 11:35:00,263.85,263.89,263.78,263.8,0,0,16756
6747,2020-10-09 11:36:00,263.77,263.81,263.75,263.81,0,0,31326
6748,2020-10-09 11:37:00,263.83,263.93,263.8,263.8,0,0,13318
6749,2020-10-09 11:38:00,263.8,263.85,263.7,263.82,0,0,41840
6750,2020-10-09 11:39:00,263.8,263.97,263.8,263.82,0,0,21649
6751,2020-10-09 11:40:00,263.83,263.85,263.65,263.68,0,0,23267
6752,2020-10-09 11:41:00,263.66,263.66,263.52,263.58,0,0,15547
6753,2020-10-09 11:42:00,263.6,263.63,263.52,263.53,0,0,14481
6754,2020-10-09 11:43:00,263.52,263.65,263.5,263.58,0,0,21276
6755,2020-10-09 11:44:00,263.6,263.9,263.47,263.68,0,0,69648
6756,2020-10-09 11:45:00,263.7,263.87,263.69,263.8,0,0,33009
6757,2020-10-09 11:46:00,263.8,264.01,263.8,263.91,0,0,34146
6758,2020-10-09 11:47:00,263.89,263.94,263.77,263.82,0,0,37304
6759,2020-10-09 11:48:00,263.82,263.91,263.79,263.9,0,0,19034
6760,2020-10-09 11:49:00,263.88,263.99,263.84,263.97,0,0,35836
6761,2020-10-09 11:50:00,263.93,263.99,263.76,263.76,0,0,33415
6762,2020-10-09 11:51:00,263.8,263.81,263.62,263.75,0,0,35898
6763,2020-10-09 11:52:00,263.76,263.78,263.3,263.36,0,0,51234
6764,2020-10-09 11:53:00,263.38,263.47,263.28,263.37,0,0,29762
6765,2020-10-09 11:54:00,263.35,263.4,263.1,263.16,0,0,35005
6766,2020-10-09 11:55:00,263.16,263.19,262.98,263.05,0,0,54031
6767,2020-10-09 11:56:00,263.01,263.02,262.78,262.95,0,0,76763
6768,2020-10-09 11:57:00,262.95,263.13,262.81,263.04,0,0,30156
6769,2020-10-09 11:58:00,263.08,263.29,263.05,263.29,0,0,38132
6770,2020-10-09 11:59:00,263.3,263.34,263.12,263.19,0,0,34128
6771,2020-10-09 12:00:00,263.18,263.28,263.1,263.27,0,0,20637
6772,2020-10-09 12:01:00,263.28,263.35,263.21,263.28,0,0,30340
6773,2020-10-09 12:02:00,263.27,263.27,263.11,263.21,0,0,27599
6774,2020-10-09 12:03:00,263.18,263.22,263.14,263.22,0,0,15988
6775,2020-10-09 12:04:00,263.2,263.4,263.19,263.39,0,0,24142
6776,2020-10-09 12:05:00,263.38,263.4,263.27,263.34,0,0,26002
6777,2020-10-09 12:06:00,263.31,263.45,263.31,263.45,0,0,30352
6778,2020-10-09 12:07:00,263.49,263.56,263.33,263.38,0,0,35205
6779,2020-10-09 12:08:00,263.36,263.54,263.32,263.54,0,0,31435
6780,2020-10-09 12:09:00,263.52,263.63,263.49,263.59,0,0,20246
6781,2020-10-09 12:10:00,263.58,263.82,263.58,263.75,0,0,32991
6782,2020-10-09 12:11:00,263.79,263.8,263.61,263.64,0,0,29577
6783,2020-10-09 12:12:00,263.64,263.64,263.53,263.57,0,0,11878
6784,2020-10-09 12:13:00,263.58,263.66,263.55,263.62,0,0,10714
6785,2020-10-09 12:14:00,263.6,263.7,263.6,263.66,0,0,30420
6786,2020-10-09 12:15:00,263.68,263.8,263.63,263.72,0,0,25167
6787,2020-10-09 12:16:00,263.72,263.77,263.66,263.7,0,0,18165
6788,2020-10-09 12:17:00,263.7,263.76,263.7,263.72,0,0,11965
6789,2020-10-09 12:18:00,263.71,263.72,263.62,263.67,0,0,16466
6790,2020-10-09 12:19:00,263.66,263.73,263.58,263.62,0,0,28700
6791,2020-10-09 12:20:00,263.65,263.66,263.5,263.6,0,0,18861
6792,2020-10-09 12:21:00,263.58,263.65,263.54,263.6,0,0,12808
6793,2020-10-09 12:22:00,263.59,263.68,263.57,263.68,0,0,7625
6794,2020-10-09 12:23:00,263.7,263.77,263.65,263.69,0,0,24413
6795,2020-10-09 12:24:00,263.71,263.75,263.66,263.7,0,0,8253
6796,2020-10-09 12:25:00,263.68,263.71,263.56,263.6,0,0,22493
6797,2020-10-09 12:26:00,263.61,263.64,263.45,263.46,0,0,21846
6798,2020-10-09 12:27:00,263.43,263.56,263.03,263.47,0,0,80601
6799,2020-10-09 12:28:00,263.46,263.46,263.14,263.14,0,0,18300
6800,2020-10-09 12:29:00,263.18,263.23,263.12,263.2,0,0,18594
6801,2020-10-09 12:30:00,263.21,263.4,263.18,263.36,0,0,32436
6802,2020-10-09 12:31:00,263.37,263.41,263.2,263.24,0,0,12253
6803,2020-10-09 12:32:00,263.24,263.3,263.14,263.3,0,0,15598
6804,2020-10-09 12:33:00,263.3,263.4,263.28,263.38,0,0,11362
6805,2020-10-09 12:34:00,263.36,263.4,263.24,263.39,0,0,19207
6806,2020-10-09 12:35:00,263.39,263.46,263.32,263.38,0,0,17391
6807,2020-10-09 12:36:00,263.38,263.47,263.36,263.39,0,0,13199
6808,2020-10-09 12:37:00,263.38,263.5,263.38,263.47,0,0,10055
6809,2020-10-09 12:38:00,263.48,263.5,263.41,263.43,0,0,10264
6810,2020-10-09 12:39:00,263.43,263.52,263.42,263.45,0,0,17525
6811,2020-10-09 12:40:00,263.46,263.51,263.42,263.5,0,0,14993
6812,2020-10-09 12:41:00,263.5,263.51,263.37,263.39,0,0,24971
6813,2020-10-09 12:42:00,263.37,263.45,263.28,263.28,0,0,29370
6814,2020-10-09 12:43:00,263.3,263.45,263.17,263.42,0,0,34251
6815,2020-10-09 12:44:00,263.45,263.49,263.35,263.36,0,0,12197
6816,2020-10-09 12:45:00,263.39,263.39,263.24,263.25,0,0,9758
6817,2020-10-09 12:46:00,263.27,263.29,263.22,263.25,0,0,12551
6818,2020-10-09 12:47:00,263.26,263.3,263.15,263.22,0,0,14753
6819,2020-10-09 12:48:00,263.22,263.26,263.18,263.22,0,0,16027
6820,2020-10-09 12:49:00,263.21,263.34,263.21,263.3,0,0,9002
6821,2020-10-09 12:50:00,263.27,263.43,263.25,263.37,0,0,19445
6822,2020-10-09 12:51:00,263.38,263.38,263.29,263.3,0,0,9916
6823,2020-10-09 12:52:00,263.31,263.4,263.3,263.36,0,0,9544
6824,2020-10-09 12:53:00,263.37,263.45,263.36,263.42,0,0,12606
6825,2020-10-09 12:54:00,263.41,263.47,263.38,263.43,0,0,16399
6826,2020-10-09 12:55:00,263.43,263.5,263.3,263.32,0,0,30004
6827,2020-10-09 12:56:00,263.3,263.31,263.2,263.21,0,0,16476
6828,2020-10-09 12:57:00,263.2,263.33,263.16,263.32,0,0,21944
6829,2020-10-09 12:58:00,263.33,263.43,263.33,263.43,0,0,10731
6830,2020-10-09 12:59:00,263.42,263.46,263.36,263.43,0,0,14901
6831,2020-10-09 13:00:00,263.4,263.47,263.36,263.47,0,0,17821
6832,2020-10-09 13:01:00,263.48,263.5,263.36,263.43,0,0,19956
6833,2020-10-09 13:02:00,263.42,263.51,263.4,263.5,0,0,34066
6834,2020-10-09 13:03:00,263.5,263.61,263.5,263.51,0,0,32432
6835,2020-10-09 13:04:00,263.51,263.68,263.5,263.68,0,0,27905
6836,2020-10-09 13:05:00,263.7,263.74,263.59,263.61,0,0,18243
6837,2020-10-09 13:06:00,263.64,263.77,263.64,263.73,0,0,20439
6838,2020-10-09 13:07:00,263.75,263.87,263.73,263.86,0,0,18956
6839,2020-10-09 13:08:00,263.88,263.99,263.86,263.91,0,0,23889
6840,2020-10-09 13:09:00,263.9,263.97,263.84,263.93,0,0,22506
6841,2020-10-09 13:10:00,263.98,264.09,263.96,263.97,0,0,25657
6842,2020-10-09 13:11:00,263.98,264.01,263.87,263.91,0,0,24764
6843,2020-10-09 13:12:00,263.92,264.0,263.81,263.91,0,0,37889
6844,2020-10-09 13:13:00,263.93,264.04,263.82,263.9,0,0,28856
6845,2020-10-09 13:14:00,263.9,263.95,263.85,263.87,0,0,21896
6846,2020-10-09 13:15:00,263.87,263.95,263.71,263.85,0,0,35217
6847,2020-10-09 13:16:00,263.88,263.92,263.8,263.82,0,0,14048
6848,2020-10-09 13:17:00,263.83,263.89,263.78,263.85,0,0,13507
6849,2020-10-09 13:18:00,263.83,263.9,263.78,263.78,0,0,12092
6850,2020-10-09 13:19:00,263.8,263.86,263.78,263.82,0,0,16367
6851,2020-10-09 13:20:00,263.81,263.86,263.64,263.75,0,0,21987
6852,2020-10-09 13:21:00,263.76,263.78,263.5,263.54,0,0,35457
6853,2020-10-09 13:22:00,263.55,263.66,263.52,263.52,0,0,15166
6854,2020-10-09 13:23:00,263.56,263.57,263.36,263.36,0,0,27232
6855,2020-10-09 13:24:00,263.37,263.45,263.36,263.38,0,0,21746
6856,2020-10-09 13:25:00,263.4,263.4,263.31,263.33,0,0,9264
6857,2020-10-09 13:26:00,263.34,263.46,263.34,263.42,0,0,12432
6858,2020-10-09 13:27:00,263.42,263.5,263.37,263.45,0,0,13288
6859,2020-10-09 13:28:00,263.49,263.5,263.32,263.4,0,0,24692
6860,2020-10-09 13:29:00,263.41,263.46,263.39,263.42,0,0,8428
6861,2020-10-09 13:30:00,263.45,263.45,263.32,263.36,0,0,16657
6862,2020-10-09 13:31:00,263.34,263.34,263.22,263.24,0,0,19631
6863,2020-10-09 13:32:00,263.24,263.3,263.23,263.27,0,0,12773
6864,2020-10-09 13:33:00,263.27,263.33,263.24,263.33,0,0,7186
6865,2020-10-09 13:34:00,263.34,263.4,263.28,263.4,0,0,9999
6866,2020-10-09 13:35:00,263.4,263.48,263.39,263.47,0,0,10505
6867,2020-10-09 13:36:00,263.45,263.45,263.31,263.33,0,0,11107
6868,2020-10-09 13:37:00,263.33,263.37,263.21,263.3,0,0,28877
6869,2020-10-09 13:38:00,263.28,263.38,263.28,263.3,0,0,15596
6870,2020-10-09 13:39:00,263.31,263.38,263.26,263.36,0,0,20484
6871,2020-10-09 13:40:00,263.35,263.51,263.34,263.42,0,0,23604
6872,2020-10-09 13:41:00,263.4,263.64,263.36,263.64,0,0,26885
6873,2020-10-09 13:42:00,263.61,263.77,263.58,263.58,0,0,29233
6874,2020-10-09 13:43:00,263.57,263.65,263.52,263.65,0,0,17179
6875,2020-10-09 13:44:00,263.64,263.75,263.58,263.58,0,0,18026
6876,2020-10-09 13:45:00,263.58,263.58,263.41,263.48,0,0,20821
6877,2020-10-09 13:46:00,263.5,263.74,263.48,263.72,0,0,24368
6878,2020-10-09 13:47:00,263.7,263.8,263.7,263.75,0,0,14806
6879,2020-10-09 13:48:00,263.74,263.84,263.71,263.78,0,0,19717
6880,2020-10-09 13:49:00,263.78,263.9,263.61,263.74,0,0,42488
6881,2020-10-09 13:50:00,263.76,263.77,263.64,263.71,0,0,11047
6882,2020-10-09 13:51:00,263.69,263.77,263.67,263.77,0,0,25155
6883,2020-10-09 13:52:00,263.74,263.79,263.67,263.79,0,0,14650
6884,2020-10-09 13:53:00,263.8,263.84,263.74,263.74,0,0,12298
6885,2020-10-09 13:54:00,263.75,263.88,263.74,263.88,0,0,12592
6886,2020-10-09 13:55:00,263.89,263.98,263.85,263.97,0,0,27487
6887,2020-10-09 13:56:00,263.96,264.06,263.95,263.99,0,0,26058
6888,2020-10-09 13:57:00,263.98,264.04,263.93,264.04,0,0,28443
6889,2020-10-09 13:58:00,264.05,264.12,264.01,264.07,0,0,28370
6890,2020-10-09 13:59:00,264.07,264.1,264.02,264.09,0,0,21075
6891,2020-10-09 14:00:00,264.1,264.26,264.06,264.26,0,0,30726
6892,2020-10-09 14:01:00,264.29,264.3,264.16,264.18,0,0,33712
6893,2020-10-09 14:02:00,264.18,264.21,264.07,264.18,0,0,20315
6894,2020-10-09 14:03:00,264.2,264.34,264.2,264.23,0,0,27772
6895,2020-10-09 14:04:00,264.19,264.35,264.09,264.11,0,0,24034
6896,2020-10-09 14:05:00,264.12,264.2,264.05,264.11,0,0,28934
6897,2020-10-09 14:06:00,264.16,264.22,264.09,264.12,0,0,17312
6898,2020-10-09 14:07:00,264.09,264.13,264.0,264.09,0,0,19249
6899,2020-10-09 14:08:00,264.1,264.29,264.08,264.22,0,0,30064
6900,2020-10-09 14:09:00,264.22,264.23,264.07,264.08,0,0,21196
6901,2020-10-09 14:10:00,264.06,264.16,263.89,263.9,0,0,25029
6902,2020-10-09 14:11:00,263.9,263.95,263.81,263.9,0,0,22401
6903,2020-10-09 14:12:00,263.89,264.01,263.89,263.95,0,0,26598
6904,2020-10-09 14:13:00,263.91,264.03,263.89,263.98,0,0,10444
6905,2020-10-09 14:14:00,264.02,264.13,263.98,264.1,0,0,14942
6906,2020-10-09 14:15:00,264.1,264.13,263.98,263.99,0,0,21444
6907,2020-10-09 14:16:00,263.98,264.02,263.9,263.99,0,0,12715
6908,2020-10-09 14:17:00,263.99,264.11,263.99,264.04,0,0,7898
6909,2020-10-09 14:18:00,264.05,264.11,264.0,264.04,0,0,12818
6910,2020-10-09 14:19:00,264.04,264.04,263.87,263.92,0,0,14480
6911,2020-10-09 14:20:00,263.87,263.95,263.81,263.92,0,0,10993
6912,2020-10-09 14:21:00,263.93,264.1,263.93,264.04,0,0,14298
6913,2020-10-09 14:22:00,264.04,264.07,263.99,264.04,0,0,11958
6914,2020-10-09 14:23:00,264.04,264.04,263.87,263.89,0,0,9712
6915,2020-10-09 14:24:00,263.91,264.04,263.9,264.04,0,0,14289
6916,2020-10-09 14:25:00,264.05,264.05,263.86,263.95,0,0,19562
6917,2020-10-09 14:26:00,263.96,264.02,263.87,263.95,0,0,15006
6918,2020-10-09 14:27:00,263.91,263.97,263.8,263.9,0,0,29005
6919,2020-10-09 14:28:00,263.89,264.07,263.87,264.04,0,0,30848
6920,2020-10-09 14:29:00,264.05,264.1,263.96,264.0,0,0,14979
6921,2020-10-09 14:30:00,264.03,264.17,264.01,264.13,0,0,17368
6922,2020-10-09 14:31:00,264.16,264.18,264.03,264.09,0,0,24383
6923,2020-10-09 14:32:00,264.08,264.21,264.08,264.18,0,0,19416
6924,2020-10-09 14:33:00,264.18,264.34,264.18,264.24,0,0,26624
6925,2020-10-09 14:34:00,264.23,264.27,264.16,264.21,0,0,22068
6926,2020-10-09 14:35:00,264.23,264.28,264.13,264.2,0,0,17480
6927,2020-10-09 14:36:00,264.18,264.18,264.05,264.05,0,0,15832
6928,2020-10-09 14:37:00,264.05,264.05,263.96,264.02,0,0,23278
6929,2020-10-09 14:38:00,264.06,264.09,263.99,263.99,0,0,9508
6930,2020-10-09 14:39:00,263.99,264.03,263.71,263.9,0,0,69979
6931,2020-10-09 14:40:00,263.89,263.95,263.64,263.84,0,0,35508
6932,2020-10-09 14:41:00,263.8,263.8,263.59,263.6,0,0,29041
6933,2020-10-09 14:42:00,263.59,263.65,263.48,263.58,0,0,29573
6934,2020-10-09 14:43:00,263.59,263.63,263.51,263.58,0,0,25478
6935,2020-10-09 14:44:00,263.58,263.75,263.57,263.75,0,0,25934
6936,2020-10-09 14:45:00,263.74,263.75,263.57,263.64,0,0,23463
6937,2020-10-09 14:46:00,263.64,263.64,263.55,263.62,0,0,21242
6938,2020-10-09 14:47:00,263.62,263.7,263.61,263.61,0,0,8464
6939,2020-10-09 14:48:00,263.58,263.6,263.42,263.45,0,0,28221
6940,2020-10-09 14:49:00,263.45,263.47,263.31,263.34,0,0,21790
6941,2020-10-09 14:50:00,263.37,263.37,263.22,263.29,0,0,31524
6942,2020-10-09 14:51:00,263.29,263.4,263.29,263.37,0,0,13250
6943,2020-10-09 14:52:00,263.39,263.45,263.36,263.41,0,0,8785
6944,2020-10-09 14:53:00,263.41,263.43,263.26,263.42,0,0,22251
6945,2020-10-09 14:54:00,263.43,263.45,263.34,263.38,0,0,13050
6946,2020-10-09 14:55:00,263.37,263.42,263.27,263.36,0,0,18635
6947,2020-10-09 14:56:00,263.36,263.4,263.29,263.37,0,0,14435
6948,2020-10-09 14:57:00,263.34,263.36,263.29,263.36,0,0,20380
6949,2020-10-09 14:58:00,263.3,263.35,263.28,263.29,0,0,19628
6950,2020-10-09 14:59:00,263.32,263.36,263.26,263.3,0,0,12537
6951,2020-10-09 15:00:00,263.26,263.34,263.14,263.21,0,0,28997
6952,2020-10-09 15:01:00,263.2,263.2,262.97,263.09,0,0,54901
6953,2020-10-09 15:02:00,263.08,263.2,263.07,263.18,0,0,18583
6954,2020-10-09 15:03:00,263.19,263.23,263.1,263.12,0,0,23258
6955,2020-10-09 15:04:00,263.1,263.23,263.02,263.22,0,0,26591
6956,2020-10-09 15:05:00,263.22,263.27,263.07,263.08,0,0,25012
6957,2020-10-09 15:06:00,263.05,263.08,262.89,262.89,0,0,34475
6958,2020-10-09 15:07:00,262.87,262.95,262.82,262.95,0,0,36789
6959,2020-10-09 15:08:00,262.93,262.94,262.84,262.93,0,0,18052
6960,2020-10-09 15:09:00,262.94,263.04,262.93,262.99,0,0,15166
6961,2020-10-09 15:10:00,262.98,263.06,262.94,263.01,0,0,16267
6962,2020-10-09 15:11:00,263.03,263.16,263.01,263.09,0,0,19885
6963,2020-10-09 15:12:00,263.11,263.28,263.11,263.18,0,0,19373
6964,2020-10-09 15:13:00,263.17,263.17,263.02,263.11,0,0,19216
6965,2020-10-09 15:14:00,263.13,263.23,263.11,263.15,0,0,19874
6966,2020-10-09 15:15:00,263.14,263.24,263.13,263.14,0,0,21274
6967,2020-10-09 15:16:00,263.13,263.13,263.0,263.07,0,0,22479
6968,2020-10-09 15:17:00,263.08,263.15,263.0,263.13,0,0,19249
6969,2020-10-09 15:18:00,263.1,263.24,263.05,263.23,0,0,23537
6970,2020-10-09 15:19:00,263.2,263.22,263.12,263.16,0,0,43844
6971,2020-10-09 15:20:00,263.16,263.36,263.14,263.36,0,0,56337
6972,2020-10-09 15:21:00,263.39,263.48,263.34,263.41,0,0,36262
6973,2020-10-09 15:22:00,263.4,263.49,263.33,263.48,0,0,25777
6974,2020-10-09 15:23:00,263.47,263.48,263.26,263.32,0,0,29107
6975,2020-10-09 15:24:00,263.32,263.37,263.28,263.29,0,0,21594
6976,2020-10-09 15:25:00,263.28,263.34,263.24,263.33,0,0,13373
6977,2020-10-09 15:26:00,263.35,263.4,263.33,263.38,0,0,16424
6978,2020-10-09 15:27:00,263.35,263.45,263.34,263.44,0,0,15763
6979,2020-10-09 15:28:00,263.43,263.55,263.43,263.44,0,0,27485
6980,2020-10-09 15:29:00,263.45,263.52,263.42,263.52,0,0,17074
6981,2020-10-09 15:30:00,263.52,263.61,263.42,263.45,0,0,24541
6982,2020-10-09 15:31:00,263.45,263.61,263.45,263.57,0,0,18550
6983,2020-10-09 15:32:00,263.58,263.7,263.54,263.55,0,0,35566
6984,2020-10-09 15:33:00,263.55,263.66,263.53,263.63,0,0,26491
6985,2020-10-09 15:34:00,263.65,263.69,263.62,263.69,0,0,23810
6986,2020-10-09 15:35:00,263.7,263.78,263.59,263.7,0,0,28718
6987,2020-10-09 15:36:00,263.73,263.85,263.71,263.81,0,0,33946
6988,2020-10-09 15:37:00,263.85,263.92,263.8,263.92,0,0,38540
6989,2020-10-09 15:38:00,263.89,263.97,263.84,263.87,0,0,34560
6990,2020-10-09 15:39:00,263.86,263.95,263.74,263.82,0,0,35643
6991,2020-10-09 15:40:00,263.83,263.98,263.82,263.96,0,0,32876
6992,2020-10-09 15:41:00,263.98,264.06,263.93,264.05,0,0,46791
6993,2020-10-09 15:42:00,264.05,264.1,264.03,264.05,0,0,31117
6994,2020-10-09 15:43:00,264.06,264.09,264.03,264.07,0,0,34725
6995,2020-10-09 15:44:00,264.04,264.08,264.0,264.04,0,0,29064
6996,2020-10-09 15:45:00,264.04,264.08,263.89,263.96,0,0,32735
6997,2020-10-09 15:46:00,263.99,264.1,263.99,264.03,0,0,38111
6998,2020-10-09 15:47:00,264.02,264.11,263.96,263.98,0,0,22970
6999,2020-10-09 15:48:00,263.99,264.04,263.91,263.97,0,0,19811
7000,2020-10-09 15:49:00,263.95,264.05,263.91,264.05,0,0,31825
7001,2020-10-09 15:50:00,264.04,264.38,264.02,264.2,0,0,81297
7002,2020-10-09 15:51:00,264.2,264.33,264.14,264.33,0,0,33043
7003,2020-10-09 15:52:00,264.32,264.43,264.25,264.26,0,0,42320
7004,2020-10-09 15:53:00,264.27,264.33,264.11,264.29,0,0,55078
7005,2020-10-09 15:54:00,264.3,264.5,264.22,264.43,0,0,160846
7006,2020-10-09 15:55:00,264.43,264.44,264.07,264.1,0,0,160201
7007,2020-10-09 15:56:00,264.1,264.2,263.97,264.02,0,0,0
7008,2020-10-09 15:57:00,264.04,264.07,263.96,264.06,0,0,86328
7009,2020-10-09 15:58:00,264.08,264.23,263.95,264.23,0,0,161711
7010,2020-10-09 15:59:00,264.23,264.5,264.2,264.49,0,0,172572
7011,2020-10-13 09:30:00,277.58,277.8,276.42,276.56,0,0,677224
7012,2020-10-13 09:31:00,276.43,276.84,275.9,276.15,0,0,113655
7013,2020-10-13 09:32:00,276.18,276.19,275.08,275.21,0,0,124769
7014,2020-10-13 09:33:00,275.23,275.49,274.76,275.06,0,0,121532
7015,2020-10-13 09:34:00,275.0,275.4,274.15,275.17,0,0,99251
7016,2020-10-13 09:35:00,275.25,275.29,274.56,275.01,0,0,81401
7017,2020-10-13 09:36:00,274.97,275.01,274.24,274.91,0,0,88999
7018,2020-10-13 09:37:00,274.54,274.76,274.54,274.61,0,0,71820
7019,2020-10-13 09:38:00,274.47,274.79,274.23,274.6,0,0,55262
7020,2020-10-13 09:39:00,274.61,274.72,273.61,273.7,0,0,85560
7021,2020-10-13 09:40:00,274.61,274.66,274.38,274.38,0,0,82971
7022,2020-10-13 09:41:00,274.33,274.55,274.26,274.43,0,0,52270
7023,2020-10-13 09:42:00,274.29,274.38,274.26,274.3,0,0,51978
7024,2020-10-13 09:43:00,274.5,274.67,274.32,274.64,0,0,83688
7025,2020-10-13 09:44:00,274.61,274.61,274.22,274.27,0,0,75654
7026,2020-10-13 09:45:00,274.25,274.32,273.4,273.88,0,0,66202
7027,2020-10-13 09:46:00,274.0,274.68,274.0,274.5,0,0,103504
7028,2020-10-13 09:47:00,274.5,274.5,274.02,274.02,0,0,46232
7029,2020-10-13 09:48:00,274.64,274.73,274.42,274.73,0,0,57933
7030,2020-10-13 09:49:00,274.75,275.05,274.56,274.85,0,0,75693
7031,2020-10-13 09:50:00,274.8,275.2,274.61,274.98,0,0,72457
7032,2020-10-13 09:51:00,274.97,274.97,274.23,274.63,0,0,77490
7033,2020-10-13 09:52:00,274.97,275.15,274.97,275.05,0,0,51813
7034,2020-10-13 09:53:00,274.93,274.93,274.32,274.42,0,0,49998
7035,2020-10-13 09:54:00,274.46,274.49,274.0,274.24,0,0,62623
7036,2020-10-13 09:55:00,274.62,274.78,274.61,274.61,0,0,53253
7037,2020-10-13 09:56:00,274.38,274.41,274.26,274.3,0,0,38849
7038,2020-10-13 09:57:00,274.25,274.27,273.97,274.05,0,0,90664
7039,2020-10-13 09:58:00,274.02,274.1,273.88,274.05,0,0,91923
7040,2020-10-13 09:59:00,274.05,275.08,274.02,275.01,0,0,97234
7041,2020-10-13 10:00:00,275.07,275.18,274.51,274.74,0,0,97970
7042,2020-10-13 10:01:00,274.74,274.92,274.3,274.44,0,0,73121
7043,2020-10-13 10:02:00,274.43,274.5,273.76,274.35,0,0,82341
7044,2020-10-13 10:03:00,274.35,274.55,274.24,274.4,0,0,46203
7045,2020-10-13 10:04:00,274.43,274.55,274.09,274.15,0,0,63001
7046,2020-10-13 10:05:00,274.15,274.5,273.96,274.38,0,0,68291
7047,2020-10-13 10:06:00,274.4,274.42,273.77,273.86,0,0,51702
7048,2020-10-13 10:07:00,273.85,274.21,273.8,274.07,0,0,46461
7049,2020-10-13 10:08:00,274.09,274.5,274.09,274.44,0,0,56856
7050,2020-10-13 10:09:00,274.44,274.83,274.3,274.64,0,0,94049
7051,2020-10-13 10:10:00,274.69,275.0,274.55,274.99,0,0,88202
7052,2020-10-13 10:11:00,274.98,275.0,274.38,274.46,0,0,86518
7053,2020-10-13 10:12:00,274.54,274.64,274.07,274.17,0,0,54569
7054,2020-10-13 10:13:00,274.14,274.6,274.13,274.43,0,0,61238
7055,2020-10-13 10:14:00,274.42,274.84,274.37,274.83,0,0,69077
7056,2020-10-13 10:15:00,274.84,274.9,274.19,274.26,0,0,56234
7057,2020-10-13 10:16:00,274.33,274.77,274.31,274.76,0,0,53430
7058,2020-10-13 10:17:00,274.74,274.86,274.61,274.74,0,0,61410
7059,2020-10-13 10:18:00,274.72,274.79,274.62,274.79,0,0,38381
7060,2020-10-13 10:19:00,274.76,275.21,274.7,275.15,0,0,57311
7061,2020-10-13 10:20:00,275.14,275.44,275.14,275.42,0,0,78051
7062,2020-10-13 10:21:00,275.4,275.48,275.03,275.29,0,0,78434
7063,2020-10-13 10:22:00,275.3,275.94,275.3,275.82,0,0,80010
7064,2020-10-13 10:23:00,275.88,275.99,275.77,275.97,0,0,42906
7065,2020-10-13 10:24:00,275.94,276.14,275.79,276.14,0,0,67034
7066,2020-10-13 10:25:00,276.1,276.1,275.59,275.61,0,0,44121
7067,2020-10-13 10:26:00,275.62,275.93,275.58,275.75,0,0,39692
7068,2020-10-13 10:27:00,275.77,275.83,275.58,275.79,0,0,26652
7069,2020-10-13 10:28:00,275.74,275.79,275.58,275.68,0,0,23994
7070,2020-10-13 10:29:00,275.72,275.83,275.5,275.58,0,0,28985
7071,2020-10-13 10:30:00,275.57,275.79,275.34,275.52,0,0,40787
7072,2020-10-13 10:31:00,275.46,275.72,275.45,275.66,0,0,24978
7073,2020-10-13 10:32:00,275.67,275.9,275.3,275.35,0,0,51643
7074,2020-10-13 10:33:00,275.32,275.47,274.85,274.98,0,0,45963
7075,2020-10-13 10:34:00,274.96,275.05,274.89,274.94,0,0,31560
7076,2020-10-13 10:35:00,274.96,275.02,274.7,274.91,0,0,28377
7077,2020-10-13 10:36:00,274.98,275.25,274.84,274.88,0,0,30626
7078,2020-10-13 10:37:00,274.83,275.18,274.71,275.12,0,0,21402
7079,2020-10-13 10:38:00,275.13,275.4,275.13,275.32,0,0,28047
7080,2020-10-13 10:39:00,275.33,275.5,275.22,275.43,0,0,26115
7081,2020-10-13 10:40:00,275.43,275.72,275.34,275.38,0,0,31336
7082,2020-10-13 10:41:00,275.36,275.61,275.24,275.61,0,0,25098
7083,2020-10-13 10:42:00,275.58,275.88,275.46,275.5,0,0,31398
7084,2020-10-13 10:43:00,275.45,275.91,275.33,275.9,0,0,25948
7085,2020-10-13 10:44:00,275.91,276.05,275.62,275.8,0,0,52387
7086,2020-10-13 10:45:00,275.86,275.97,275.51,275.56,0,0,32145
7087,2020-10-13 10:46:00,275.71,276.13,275.71,275.84,0,0,52858
7088,2020-10-13 10:47:00,275.86,276.14,275.86,276.08,0,0,25293
7089,2020-10-13 10:48:00,276.1,276.32,276.0,276.21,0,0,37269
7090,2020-10-13 10:49:00,276.24,276.27,276.05,276.14,0,0,40196
7091,2020-10-13 10:50:00,276.19,276.35,276.12,276.16,0,0,26967
7092,2020-10-13 10:51:00,276.16,276.47,276.16,276.4,0,0,52721
7093,2020-10-13 10:52:00,276.4,276.69,276.4,276.51,0,0,69624
7094,2020-10-13 10:53:00,276.51,276.7,276.46,276.63,0,0,36573
7095,2020-10-13 10:54:00,276.63,276.93,276.55,276.88,0,0,62694
7096,2020-10-13 10:55:00,276.87,277.04,276.68,276.82,0,0,85498
7097,2020-10-13 10:56:00,276.81,276.99,276.65,276.85,0,0,34774
7098,2020-10-13 10:57:00,276.85,276.98,276.8,276.92,0,0,22744
7099,2020-10-13 10:58:00,276.92,276.96,276.69,276.85,0,0,40890
7100,2020-10-13 10:59:00,276.88,277.02,276.7,277.02,0,0,35764
7101,2020-10-13 11:00:00,276.99,277.09,276.92,277.03,0,0,46858
7102,2020-10-13 11:01:00,277.03,277.05,276.91,277.04,0,0,82731
7103,2020-10-13 11:02:00,277.06,277.08,276.93,276.98,0,0,31825
7104,2020-10-13 11:03:00,277.0,277.08,276.94,277.01,0,0,27759
7105,2020-10-13 11:04:00,276.97,277.16,276.91,277.1,0,0,44713
7106,2020-10-13 11:05:00,277.06,277.56,277.06,277.32,0,0,44660
7107,2020-10-13 11:06:00,277.38,277.67,277.28,277.61,0,0,46678
7108,2020-10-13 11:07:00,277.59,278.01,277.48,278.01,0,0,69058
7109,2020-10-13 11:08:00,278.03,278.25,278.0,278.07,0,0,81594
7110,2020-10-13 11:09:00,278.06,278.12,277.74,277.8,0,0,60645
7111,2020-10-13 11:10:00,277.82,277.99,277.56,277.89,0,0,33283
7112,2020-10-13 11:11:00,277.87,277.89,277.62,277.83,0,0,27911
7113,2020-10-13 11:12:00,277.8,277.85,277.57,277.66,0,0,20362
7114,2020-10-13 11:13:00,277.66,277.66,277.35,277.61,0,0,46989
7115,2020-10-13 11:14:00,277.5,277.58,277.39,277.52,0,0,21438
7116,2020-10-13 11:15:00,277.52,278.13,277.52,278.11,0,0,55882
7117,2020-10-13 11:16:00,278.11,278.12,277.8,278.02,0,0,32531
7118,2020-10-13 11:17:00,277.99,278.02,277.79,277.89,0,0,18555
7119,2020-10-13 11:18:00,277.9,278.06,277.82,278.06,0,0,20001
7120,2020-10-13 11:19:00,278.01,278.61,278.01,278.54,0,0,68311
7121,2020-10-13 11:20:00,278.56,278.68,278.46,278.5,0,0,78071
7122,2020-10-13 11:21:00,278.46,278.77,278.42,278.76,0,0,59006
7123,2020-10-13 11:22:00,278.79,278.8,278.53,278.68,0,0,43657
7124,2020-10-13 11:23:00,278.64,278.77,278.53,278.71,0,0,46609
7125,2020-10-13 11:24:00,278.72,278.87,278.67,278.8,0,0,43715
7126,2020-10-13 11:25:00,278.77,278.77,278.33,278.41,0,0,87118
7127,2020-10-13 11:26:00,278.51,278.52,278.35,278.4,0,0,36578
7128,2020-10-13 11:27:00,278.43,278.49,278.21,278.38,0,0,32074
7129,2020-10-13 11:28:00,278.37,278.44,278.13,278.22,0,0,33380
7130,2020-10-13 11:29:00,278.23,278.49,278.22,278.49,0,0,59566
7131,2020-10-13 11:30:00,278.5,278.57,278.37,278.45,0,0,40069
7132,2020-10-13 11:31:00,278.47,279.0,278.47,278.94,0,0,70343
7133,2020-10-13 11:32:00,278.95,279.0,278.72,278.89,0,0,26252
7134,2020-10-13 11:33:00,278.86,279.0,278.68,278.97,0,0,28831
7135,2020-10-13 11:34:00,278.98,279.04,278.85,279.04,0,0,19772
7136,2020-10-13 11:35:00,279.03,279.1,278.68,278.73,0,0,64015
7137,2020-10-13 11:36:00,278.74,278.84,278.58,278.58,0,0,21955
7138,2020-10-13 11:37:00,278.56,278.72,278.56,278.67,0,0,22084
7139,2020-10-13 11:38:00,278.65,278.97,278.52,278.52,0,0,37279
7140,2020-10-13 11:39:00,278.55,278.77,278.39,278.62,0,0,31267
7141,2020-10-13 11:40:00,278.62,278.75,278.58,278.71,0,0,16741
7142,2020-10-13 11:41:00,278.68,278.69,277.82,278.1,0,0,77471
7143,2020-10-13 11:42:00,278.13,278.15,277.63,277.76,0,0,40425
7144,2020-10-13 11:43:00,277.77,277.91,277.53,277.64,0,0,31646
7145,2020-10-13 11:44:00,277.62,277.69,277.48,277.68,0,0,38423
7146,2020-10-13 11:45:00,277.64,277.68,277.27,277.29,0,0,48081
7147,2020-10-13 11:46:00,277.27,277.42,277.22,277.24,0,0,29200
7148,2020-10-13 11:47:00,277.24,277.25,276.97,277.04,0,0,38591
7149,2020-10-13 11:48:00,277.05,277.14,276.97,276.99,0,0,39815
7150,2020-10-13 11:49:00,277.0,277.07,276.91,276.94,0,0,31409
7151,2020-10-13 11:50:00,276.95,277.35,276.95,277.2,0,0,53069
7152,2020-10-13 11:51:00,277.19,277.32,277.05,277.32,0,0,27451
7153,2020-10-13 11:52:00,277.31,277.36,277.05,277.09,0,0,38467
7154,2020-10-13 11:53:00,277.07,277.11,276.95,277.02,0,0,32029
7155,2020-10-13 11:54:00,277.04,277.17,276.74,276.8,0,0,37220
7156,2020-10-13 11:55:00,276.82,276.89,276.72,276.77,0,0,30168
7157,2020-10-13 11:56:00,276.8,277.08,276.8,277.06,0,0,22919
7158,2020-10-13 11:57:00,277.09,277.22,277.04,277.14,0,0,21649
7159,2020-10-13 11:58:00,277.17,277.2,277.01,277.17,0,0,26452
7160,2020-10-13 11:59:00,277.14,277.15,276.62,276.72,0,0,36069
7161,2020-10-13 12:00:00,276.71,276.96,276.7,276.91,0,0,28530
7162,2020-10-13 12:01:00,276.96,277.03,276.65,276.71,0,0,27562
7163,2020-10-13 12:02:00,276.67,276.75,276.43,276.43,0,0,34825
7164,2020-10-13 12:03:00,276.4,276.53,276.33,276.37,0,0,30099
7165,2020-10-13 12:04:00,276.38,276.67,276.36,276.51,0,0,21639
7166,2020-10-13 12:05:00,276.54,276.58,276.22,276.41,0,0,34830
7167,2020-10-13 12:06:00,276.43,276.51,276.26,276.43,0,0,19841
7168,2020-10-13 12:07:00,276.47,276.6,276.47,276.56,0,0,25662
7169,2020-10-13 12:08:00,276.53,276.6,276.45,276.55,0,0,21658
7170,2020-10-13 12:09:00,276.58,276.65,276.4,276.46,0,0,24465
7171,2020-10-13 12:10:00,276.49,276.49,275.6,275.63,0,0,61006
7172,2020-10-13 12:11:00,275.56,275.96,275.53,275.94,0,0,55798
7173,2020-10-13 12:12:00,275.94,276.09,275.8,275.86,0,0,37215
7174,2020-10-13 12:13:00,275.9,276.14,275.87,275.92,0,0,27658
7175,2020-10-13 12:14:00,275.97,276.02,275.9,275.93,0,0,14904
7176,2020-10-13 12:15:00,276.02,276.09,275.6,275.67,0,0,23515
7177,2020-10-13 12:16:00,275.73,275.8,275.51,275.73,0,0,35411
7178,2020-10-13 12:17:00,275.69,275.75,275.53,275.73,0,0,22203
7179,2020-10-13 12:18:00,275.74,275.89,275.64,275.86,0,0,26301
7180,2020-10-13 12:19:00,275.85,275.98,275.59,275.62,0,0,42107
7181,2020-10-13 12:20:00,275.64,275.89,275.51,275.87,0,0,43009
7182,2020-10-13 12:21:00,275.91,275.95,275.75,275.92,0,0,28338
7183,2020-10-13 12:22:00,275.87,276.1,275.86,276.08,0,0,17570
7184,2020-10-13 12:23:00,276.08,276.33,276.06,276.27,0,0,56575
7185,2020-10-13 12:24:00,276.23,276.43,276.08,276.41,0,0,58162
7186,2020-10-13 12:25:00,276.33,276.68,276.33,276.67,0,0,26323
7187,2020-10-13 12:26:00,276.64,276.71,276.44,276.71,0,0,24420
7188,2020-10-13 12:27:00,276.67,276.75,276.53,276.53,0,0,30021
7189,2020-10-13 12:28:00,276.57,276.66,276.48,276.56,0,0,15486
7190,2020-10-13 12:29:00,276.61,276.78,276.54,276.71,0,0,20601
7191,2020-10-13 12:30:00,276.73,276.8,276.57,276.77,0,0,26907
7192,2020-10-13 12:31:00,276.78,276.98,276.67,276.93,0,0,38309
7193,2020-10-13 12:32:00,276.97,277.2,276.97,277.12,0,0,39819
7194,2020-10-13 12:33:00,277.1,277.27,277.03,277.11,0,0,32379
7195,2020-10-13 12:34:00,277.07,277.11,276.76,276.76,0,0,20097
7196,2020-10-13 12:35:00,276.79,277.2,276.79,277.13,0,0,29702
7197,2020-10-13 12:36:00,277.1,277.1,276.84,276.87,0,0,10156
7198,2020-10-13 12:37:00,276.85,277.19,276.84,277.07,0,0,22189
7199,2020-10-13 12:38:00,277.1,277.25,277.05,277.05,0,0,17246
7200,2020-10-13 12:39:00,277.02,277.25,277.02,277.15,0,0,16037
7201,2020-10-13 12:40:00,277.12,277.41,277.12,277.35,0,0,34499
7202,2020-10-13 12:41:00,277.38,277.49,277.35,277.41,0,0,23689
7203,2020-10-13 12:42:00,277.43,277.45,277.23,277.23,0,0,29487
7204,2020-10-13 12:43:00,277.29,277.59,277.29,277.44,0,0,20925
7205,2020-10-13 12:44:00,277.45,277.51,277.15,277.2,0,0,25010
7206,2020-10-13 12:45:00,277.18,277.19,276.83,276.83,0,0,32644
7207,2020-10-13 12:46:00,276.8,276.93,276.61,276.77,0,0,24041
7208,2020-10-13 12:47:00,276.79,276.93,276.64,276.67,0,0,25490
7209,2020-10-13 12:48:00,276.65,276.75,276.46,276.71,0,0,33327
7210,2020-10-13 12:49:00,276.68,276.82,276.68,276.71,0,0,19382
7211,2020-10-13 12:50:00,276.71,276.75,276.55,276.68,0,0,23641
7212,2020-10-13 12:51:00,276.67,276.98,276.63,276.8,0,0,31681
7213,2020-10-13 12:52:00,276.73,276.86,276.7,276.77,0,0,22360
7214,2020-10-13 12:53:00,276.81,277.02,276.77,276.96,0,0,16895
7215,2020-10-13 12:54:00,276.96,276.98,276.62,276.75,0,0,25227
7216,2020-10-13 12:55:00,276.78,277.08,276.78,277.05,0,0,15381
7217,2020-10-13 12:56:00,277.05,277.17,276.9,277.04,0,0,17338
7218,2020-10-13 12:57:00,277.1,277.32,277.04,277.14,0,0,32758
7219,2020-10-13 12:58:00,277.14,277.14,276.85,276.92,0,0,25968
7220,2020-10-13 12:59:00,276.89,277.05,276.85,276.97,0,0,16441
7221,2020-10-13 13:00:00,277.05,277.1,276.51,276.54,0,0,24114
7222,2020-10-13 13:01:00,276.61,276.77,276.48,276.77,0,0,23555
7223,2020-10-13 13:02:00,276.77,276.8,276.61,276.69,0,0,22022
7224,2020-10-13 13:03:00,276.66,277.0,276.58,277.0,0,0,29134
7225,2020-10-13 13:04:00,276.94,276.94,276.49,276.52,0,0,18130
7226,2020-10-13 13:05:00,276.55,276.59,276.22,276.47,0,0,33323
7227,2020-10-13 13:06:00,276.52,276.62,276.3,276.44,0,0,15732
7228,2020-10-13 13:07:00,276.42,276.47,276.31,276.39,0,0,11383
7229,2020-10-13 13:08:00,276.32,276.32,276.02,276.07,0,0,30397
7230,2020-10-13 13:09:00,276.05,276.11,275.75,275.79,0,0,31635
7231,2020-10-13 13:10:00,275.83,276.14,275.83,276.11,0,0,27853
7232,2020-10-13 13:11:00,276.14,276.36,276.06,276.09,0,0,24400
7233,2020-10-13 13:12:00,276.06,276.54,276.01,276.37,0,0,33893
7234,2020-10-13 13:13:00,276.34,276.39,276.2,276.36,0,0,16361
7235,2020-10-13 13:14:00,276.35,276.66,276.29,276.66,0,0,19854
7236,2020-10-13 13:15:00,276.61,276.85,276.53,276.73,0,0,26131
7237,2020-10-13 13:16:00,276.72,277.26,276.65,277.18,0,0,47064
7238,2020-10-13 13:17:00,277.19,277.2,276.96,277.01,0,0,31520
7239,2020-10-13 13:18:00,277.06,277.35,277.06,277.29,0,0,27448
7240,2020-10-13 13:19:00,277.23,277.24,277.06,277.14,0,0,24006
7241,2020-10-13 13:20:00,277.17,277.21,276.95,277.02,0,0,26214
7242,2020-10-13 13:21:00,277.1,277.18,276.9,277.07,0,0,16140
7243,2020-10-13 13:22:00,277.01,277.23,277.01,277.04,0,0,42112
7244,2020-10-13 13:23:00,276.99,276.99,276.4,276.49,0,0,39436
7245,2020-10-13 13:24:00,276.47,276.6,276.35,276.35,0,0,26298
7246,2020-10-13 13:25:00,276.36,276.55,276.2,276.25,0,0,26372
7247,2020-10-13 13:26:00,276.27,276.5,276.17,276.31,0,0,19403
7248,2020-10-13 13:27:00,276.34,276.44,276.01,276.17,0,0,21661
7249,2020-10-13 13:28:00,276.04,276.35,276.03,276.18,0,0,29125
7250,2020-10-13 13:29:00,276.16,276.24,275.92,276.01,0,0,29348
7251,2020-10-13 13:30:00,275.98,276.07,275.83,276.07,0,0,36996
7252,2020-10-13 13:31:00,276.04,276.04,275.55,275.55,0,0,37273
7253,2020-10-13 13:32:00,275.53,275.84,275.51,275.7,0,0,32352
7254,2020-10-13 13:33:00,275.62,275.62,275.35,275.5,0,0,39697
7255,2020-10-13 13:34:00,275.44,275.85,275.26,275.55,0,0,72368
7256,2020-10-13 13:35:00,275.55,275.61,275.3,275.38,0,0,37200
7257,2020-10-13 13:36:00,275.42,275.49,275.16,275.49,0,0,30782
7258,2020-10-13 13:37:00,275.41,275.45,275.31,275.34,0,0,26298
7259,2020-10-13 13:38:00,275.4,275.57,275.28,275.32,0,0,30040
7260,2020-10-13 13:39:00,275.33,275.33,275.03,275.03,0,0,30125
7261,2020-10-13 13:40:00,275.04,275.44,275.03,275.3,0,0,49053
7262,2020-10-13 13:41:00,275.28,275.29,274.93,275.1,0,0,52152
7263,2020-10-13 13:42:00,275.17,275.23,274.96,275.11,0,0,41854
7264,2020-10-13 13:43:00,275.05,275.11,274.93,274.94,0,0,27117
7265,2020-10-13 13:44:00,274.99,275.02,274.75,274.85,0,0,48455
7266,2020-10-13 13:45:00,274.83,275.2,274.78,275.18,0,0,34088
7267,2020-10-13 13:46:00,275.19,275.53,275.13,275.53,0,0,41856
7268,2020-10-13 13:47:00,275.51,275.66,275.35,275.35,0,0,57392
7269,2020-10-13 13:48:00,275.39,275.59,275.35,275.55,0,0,24655
7270,2020-10-13 13:49:00,275.58,275.65,275.46,275.58,0,0,81068
7271,2020-10-13 13:50:00,275.57,275.66,275.46,275.58,0,0,17015
7272,2020-10-13 13:51:00,275.55,275.67,275.5,275.54,0,0,17464
7273,2020-10-13 13:52:00,275.57,275.58,275.35,275.36,0,0,16118
7274,2020-10-13 13:53:00,275.29,275.45,275.29,275.35,0,0,14795
7275,2020-10-13 13:54:00,275.37,275.49,275.35,275.42,0,0,12902
7276,2020-10-13 13:55:00,275.48,275.48,275.24,275.3,0,0,21969
7277,2020-10-13 13:56:00,275.29,275.29,274.82,274.83,0,0,25132
7278,2020-10-13 13:57:00,274.82,275.07,274.76,274.9,0,0,32655
7279,2020-10-13 13:58:00,274.9,275.05,274.73,274.84,0,0,36555
7280,2020-10-13 13:59:00,274.82,275.06,274.8,274.98,0,0,19716
7281,2020-10-13 14:00:00,275.07,275.07,274.62,274.8,0,0,25324
7282,2020-10-13 14:01:00,274.75,274.87,274.62,274.69,0,0,16008
7283,2020-10-13 14:02:00,274.74,274.88,274.56,274.74,0,0,46403
7284,2020-10-13 14:03:00,274.73,275.01,274.7,274.99,0,0,22670
7285,2020-10-13 14:04:00,275.09,275.32,275.02,275.27,0,0,38007
7286,2020-10-13 14:05:00,275.27,275.34,275.1,275.33,0,0,22454
7287,2020-10-13 14:06:00,275.34,275.36,275.09,275.18,0,0,21736
7288,2020-10-13 14:07:00,275.17,275.26,275.02,275.16,0,0,18163
7289,2020-10-13 14:08:00,275.11,275.17,274.81,275.17,0,0,17586
7290,2020-10-13 14:09:00,275.12,275.12,274.94,274.98,0,0,12247
7291,2020-10-13 14:10:00,274.95,275.02,274.76,274.98,0,0,17322
7292,2020-10-13 14:11:00,274.89,275.17,274.86,275.1,0,0,14590
7293,2020-10-13 14:12:00,275.16,275.25,275.07,275.16,0,0,15224
7294,2020-10-13 14:13:00,275.16,275.18,275.07,275.08,0,0,7614
7295,2020-10-13 14:14:00,275.13,275.21,275.06,275.2,0,0,13169
7296,2020-10-13 14:15:00,275.19,275.19,275.04,275.16,0,0,8905
7297,2020-10-13 14:16:00,275.15,275.44,275.12,275.32,0,0,39238
7298,2020-10-13 14:17:00,275.33,275.33,275.14,275.17,0,0,35596
7299,2020-10-13 14:18:00,275.21,275.4,275.14,275.38,0,0,18883
7300,2020-10-13 14:19:00,275.39,275.59,275.37,275.51,0,0,27749
7301,2020-10-13 14:20:00,275.5,275.67,275.49,275.6,0,0,27271
7302,2020-10-13 14:21:00,275.55,275.67,275.54,275.61,0,0,23701
7303,2020-10-13 14:22:00,275.57,275.57,275.33,275.52,0,0,21682
7304,2020-10-13 14:23:00,275.53,275.64,275.48,275.64,0,0,10043
7305,2020-10-13 14:24:00,275.64,275.83,275.57,275.81,0,0,27174
7306,2020-10-13 14:25:00,275.8,275.89,275.69,275.72,0,0,28346
7307,2020-10-13 14:26:00,275.69,275.86,275.69,275.75,0,0,17957
7308,2020-10-13 14:27:00,275.74,275.8,275.62,275.63,0,0,14454
7309,2020-10-13 14:28:00,275.64,275.65,275.11,275.12,0,0,14882
7310,2020-10-13 14:29:00,275.13,275.34,275.1,275.16,0,0,24184
7311,2020-10-13 14:30:00,275.2,275.21,274.38,274.5,0,0,46768
7312,2020-10-13 14:31:00,274.53,274.74,274.53,274.7,0,0,20354
7313,2020-10-13 14:32:00,274.72,274.92,274.72,274.87,0,0,17688
7314,2020-10-13 14:33:00,274.96,275.69,274.92,275.58,0,0,47737
7315,2020-10-13 14:34:00,275.58,275.8,275.43,275.71,0,0,35429
7316,2020-10-13 14:35:00,275.7,275.84,275.61,275.69,0,0,27701
7317,2020-10-13 14:36:00,275.75,275.79,275.52,275.73,0,0,22340
7318,2020-10-13 14:37:00,275.74,275.87,275.5,275.57,0,0,23157
7319,2020-10-13 14:38:00,275.58,275.77,275.55,275.55,0,0,14287
7320,2020-10-13 14:39:00,275.55,275.76,275.53,275.75,0,0,29447
7321,2020-10-13 14:40:00,275.74,275.74,275.52,275.53,0,0,19311
7322,2020-10-13 14:41:00,275.59,275.6,275.22,275.35,0,0,26285
7323,2020-10-13 14:42:00,275.37,275.56,275.33,275.56,0,0,24229
7324,2020-10-13 14:43:00,275.51,275.56,275.44,275.5,0,0,7580
7325,2020-10-13 14:44:00,275.48,275.52,275.44,275.46,0,0,12773
7326,2020-10-13 14:45:00,275.48,275.81,275.07,275.07,0,0,42872
7327,2020-10-13 14:46:00,275.07,275.25,275.07,275.24,0,0,21596
7328,2020-10-13 14:47:00,275.24,275.37,275.13,275.16,0,0,17261
7329,2020-10-13 14:48:00,275.17,275.28,275.17,275.25,0,0,12707
7330,2020-10-13 14:49:00,275.28,275.44,275.26,275.38,0,0,12142
7331,2020-10-13 14:50:00,275.41,275.45,275.24,275.29,0,0,23476
7332,2020-10-13 14:51:00,275.31,275.45,275.16,275.19,0,0,22577
7333,2020-10-13 14:52:00,275.3,275.45,275.2,275.24,0,0,20023
7334,2020-10-13 14:53:00,275.3,275.34,275.21,275.29,0,0,15638
7335,2020-10-13 14:54:00,275.29,275.32,275.16,275.22,0,0,17175
7336,2020-10-13 14:55:00,275.26,275.67,275.23,275.64,0,0,26867
7337,2020-10-13 14:56:00,275.67,275.81,275.56,275.67,0,0,43230
7338,2020-10-13 14:57:00,275.67,275.69,275.53,275.57,0,0,21991
7339,2020-10-13 14:58:00,275.57,275.79,275.51,275.68,0,0,25562
7340,2020-10-13 14:59:00,275.72,275.78,275.6,275.6,0,0,22397
7341,2020-10-13 15:00:00,275.63,275.77,275.5,275.74,0,0,17535
7342,2020-10-13 15:01:00,275.77,275.83,275.64,275.67,0,0,24443
7343,2020-10-13 15:02:00,275.67,275.9,275.66,275.86,0,0,33554
7344,2020-10-13 15:03:00,275.84,276.05,275.76,276.05,0,0,36012
7345,2020-10-13 15:04:00,276.0,276.22,275.97,276.14,0,0,36995
7346,2020-10-13 15:05:00,276.19,276.32,276.14,276.25,0,0,39048
7347,2020-10-13 15:06:00,276.27,276.28,276.15,276.2,0,0,16856
7348,2020-10-13 15:07:00,276.15,276.41,276.14,276.37,0,0,32085
7349,2020-10-13 15:08:00,276.4,276.6,276.38,276.6,0,0,38202
7350,2020-10-13 15:09:00,276.66,276.66,276.33,276.42,0,0,37709
7351,2020-10-13 15:10:00,276.44,276.53,276.41,276.47,0,0,21574
7352,2020-10-13 15:11:00,276.45,276.9,276.42,276.9,0,0,47287
7353,2020-10-13 15:12:00,276.89,277.03,276.83,277.0,0,0,50713
7354,2020-10-13 15:13:00,276.98,277.17,276.89,277.15,0,0,51256
7355,2020-10-13 15:14:00,277.12,277.13,276.91,277.09,0,0,34662
7356,2020-10-13 15:15:00,277.1,277.15,276.91,276.92,0,0,35971
7357,2020-10-13 15:16:00,276.94,276.96,276.64,276.75,0,0,41925
7358,2020-10-13 15:17:00,276.76,276.9,276.6,276.78,0,0,59082
7359,2020-10-13 15:18:00,276.79,277.0,276.79,276.99,0,0,38773
7360,2020-10-13 15:19:00,276.99,277.19,276.96,277.17,0,0,44776
7361,2020-10-13 15:20:00,277.18,277.18,277.04,277.11,0,0,34995
7362,2020-10-13 15:21:00,277.11,277.33,277.09,277.26,0,0,40074
7363,2020-10-13 15:22:00,277.29,277.37,277.19,277.3,0,0,56845
7364,2020-10-13 15:23:00,277.29,277.47,277.22,277.43,0,0,38889
7365,2020-10-13 15:24:00,277.42,277.57,277.37,277.41,0,0,40655
7366,2020-10-13 15:25:00,277.37,277.45,277.3,277.32,0,0,25997
7367,2020-10-13 15:26:00,277.3,277.42,277.23,277.38,0,0,21545
7368,2020-10-13 15:27:00,277.43,277.76,277.42,277.49,0,0,27167
7369,2020-10-13 15:28:00,277.49,277.49,277.22,277.37,0,0,31450
7370,2020-10-13 15:29:00,277.38,277.64,277.36,277.51,0,0,21011
7371,2020-10-13 15:30:00,277.56,277.65,277.5,277.54,0,0,31304
7372,2020-10-13 15:31:00,277.54,277.72,277.51,277.61,0,0,32252
7373,2020-10-13 15:32:00,277.6,277.81,277.54,277.8,0,0,34081
7374,2020-10-13 15:33:00,277.77,277.85,277.73,277.84,0,0,38949
7375,2020-10-13 15:34:00,277.84,277.84,277.69,277.71,0,0,37447
7376,2020-10-13 15:35:00,277.75,277.88,277.7,277.84,0,0,35898
7377,2020-10-13 15:36:00,277.84,278.0,277.83,277.96,0,0,57780
7378,2020-10-13 15:37:00,277.96,278.0,277.92,277.95,0,0,44669
7379,2020-10-13 15:38:00,277.92,277.94,277.38,277.51,0,0,58862
7380,2020-10-13 15:39:00,277.5,277.56,277.23,277.45,0,0,40306
7381,2020-10-13 15:40:00,277.45,277.69,277.45,277.67,0,0,31649
7382,2020-10-13 15:41:00,277.69,277.79,277.52,277.52,0,0,25590
7383,2020-10-13 15:42:00,277.54,277.67,277.45,277.64,0,0,25096
7384,2020-10-13 15:43:00,277.64,277.66,277.47,277.61,0,0,19298
7385,2020-10-13 15:44:00,277.6,277.64,277.38,277.41,0,0,22973
7386,2020-10-13 15:45:00,277.4,277.55,277.26,277.45,0,0,50666
7387,2020-10-13 15:46:00,277.49,277.49,277.31,277.38,0,0,28317
7388,2020-10-13 15:47:00,277.39,277.56,277.25,277.33,0,0,46529
7389,2020-10-13 15:48:00,277.35,277.35,277.06,277.17,0,0,48864
7390,2020-10-13 15:49:00,277.15,277.29,276.85,276.88,0,0,41984
7391,2020-10-13 15:50:00,276.9,277.49,276.9,277.05,0,0,111528
7392,2020-10-13 15:51:00,277.07,277.31,276.84,276.89,0,0,61895
7393,2020-10-13 15:52:00,276.9,277.02,276.72,276.81,0,0,59246
7394,2020-10-13 15:53:00,276.84,276.85,276.64,276.66,0,0,49173
7395,2020-10-13 15:54:00,276.7,276.99,276.3,276.32,0,0,86119
7396,2020-10-13 15:55:00,276.32,276.44,275.98,276.11,0,0,81750
7397,2020-10-13 15:56:00,276.14,276.21,275.93,276.21,0,0,166315
7398,2020-10-13 15:57:00,276.2,276.3,276.09,276.27,0,0,63296
7399,2020-10-13 15:58:00,276.26,276.53,276.22,276.42,0,0,89122
7400,2020-10-13 15:59:00,276.41,276.41,275.94,276.06,0,0,212874
7401,2020-10-12 09:30:00,270.2,270.29,269.5,269.71,0,0,721069
7402,2020-10-12 09:31:00,269.61,269.68,268.81,269.44,0,0,103923
7403,2020-10-12 09:32:00,269.42,270.13,269.16,269.78,0,0,102173
7404,2020-10-12 09:33:00,269.85,269.88,269.35,269.67,0,0,107847
7405,2020-10-12 09:34:00,269.61,269.79,269.36,269.79,0,0,122005
7406,2020-10-12 09:35:00,270.25,270.41,270.24,270.41,0,0,117690
7407,2020-10-12 09:36:00,271.0,271.5,271.0,271.5,0,0,166888
7408,2020-10-12 09:37:00,272.0,272.17,271.8,272.01,0,0,166065
7409,2020-10-12 09:38:00,271.84,271.96,271.59,271.62,0,0,130769
7410,2020-10-12 09:39:00,271.0,271.29,270.89,270.97,0,0,180393
7411,2020-10-12 09:40:00,271.0,271.28,270.63,270.85,0,0,181544
7412,2020-10-12 09:41:00,270.84,270.99,270.37,270.66,0,0,133131
7413,2020-10-12 09:42:00,270.66,271.19,270.42,270.46,0,0,100532
7414,2020-10-12 09:43:00,270.36,270.53,269.74,269.76,0,0,86703
7415,2020-10-12 09:44:00,269.76,270.04,269.64,269.9,0,0,65963
7416,2020-10-12 09:45:00,270.0,270.2,269.82,269.97,0,0,70490
7417,2020-10-12 09:46:00,270.01,270.17,269.9,269.92,0,0,73086
7418,2020-10-12 09:47:00,270.0,270.05,269.34,269.68,0,0,196303
7419,2020-10-12 09:48:00,269.41,269.89,269.21,269.43,0,0,56493
7420,2020-10-12 09:49:00,269.44,269.7,269.39,269.42,0,0,50108
7421,2020-10-12 09:50:00,269.36,269.69,268.97,269.04,0,0,62225
7422,2020-10-12 09:51:00,268.75,268.75,268.75,268.75,0,0,59785
7423,2020-10-12 09:52:00,268.5,268.84,268.47,268.76,0,0,58643
7424,2020-10-12 09:53:00,268.69,268.77,268.63,268.68,0,0,38686
7425,2020-10-12 09:54:00,268.62,268.75,268.5,268.5,0,0,38550
7426,2020-10-12 09:55:00,268.76,268.76,268.15,268.19,0,0,92558
7427,2020-10-12 09:56:00,268.55,268.55,268.0,268.3,0,0,112199
7428,2020-10-12 09:57:00,268.29,268.56,268.26,268.54,0,0,455258
7429,2020-10-12 09:58:00,268.84,269.09,268.53,269.02,0,0,136014
7430,2020-10-12 09:59:00,269.02,269.19,268.12,268.25,0,0,162875
7431,2020-10-12 10:00:00,268.25,268.57,268.12,268.44,0,0,260262
7432,2020-10-12 10:01:00,268.43,268.43,267.88,268.31,0,0,59988
7433,2020-10-12 10:02:00,268.4,268.81,268.38,268.53,0,0,63479
7434,2020-10-12 10:03:00,268.6,268.88,268.6,268.88,0,0,48676
7435,2020-10-12 10:04:00,268.82,269.24,268.75,268.85,0,0,50089
7436,2020-10-12 10:05:00,268.78,269.13,268.5,269.07,0,0,32878
7437,2020-10-12 10:06:00,269.1,269.43,268.91,269.28,0,0,61461
7438,2020-10-12 10:07:00,269.25,269.57,269.21,269.54,0,0,104920
7439,2020-10-12 10:08:00,269.52,269.54,269.03,269.07,0,0,41703
7440,2020-10-12 10:09:00,269.0,269.18,268.69,268.92,0,0,43000
7441,2020-10-12 10:10:00,268.86,268.93,268.57,268.72,0,0,27963
7442,2020-10-12 10:11:00,268.77,268.85,268.54,268.59,0,0,25606
7443,2020-10-12 10:12:00,268.66,269.2,268.66,269.17,0,0,42302
7444,2020-10-12 10:13:00,269.19,269.58,269.16,269.52,0,0,44875
7445,2020-10-12 10:14:00,269.53,269.55,269.25,269.5,0,0,37767
7446,2020-10-12 10:15:00,269.57,269.65,269.29,269.54,0,0,57610
7447,2020-10-12 10:16:00,269.55,269.68,269.32,269.57,0,0,39744
7448,2020-10-12 10:17:00,269.6,269.82,269.44,269.48,0,0,64584
7449,2020-10-12 10:18:00,269.44,269.65,269.32,269.55,0,0,24704
7450,2020-10-12 10:19:00,269.52,269.52,269.34,269.43,0,0,27649
7451,2020-10-12 10:20:00,269.5,269.58,269.28,269.36,0,0,19976
7452,2020-10-12 10:21:00,269.44,269.75,269.44,269.57,0,0,36905
7453,2020-10-12 10:22:00,269.63,269.64,269.3,269.58,0,0,86123
7454,2020-10-12 10:23:00,269.59,270.02,269.54,269.97,0,0,66464
7455,2020-10-12 10:24:00,269.97,270.07,269.81,270.01,0,0,45329
7456,2020-10-12 10:25:00,270.01,270.02,269.87,269.94,0,0,34255
7457,2020-10-12 10:26:00,269.94,269.95,269.55,269.76,0,0,41050
7458,2020-10-12 10:27:00,269.76,269.91,269.72,269.78,0,0,28059
7459,2020-10-12 10:28:00,269.8,269.97,269.61,269.8,0,0,53655
7460,2020-10-12 10:29:00,269.77,270.09,269.75,270.05,0,0,34394
7461,2020-10-12 10:30:00,270.08,270.24,270.01,270.18,0,0,57987
7462,2020-10-12 10:31:00,270.17,270.17,269.82,269.82,0,0,62356
7463,2020-10-12 10:32:00,269.83,270.44,269.83,270.03,0,0,94566
7464,2020-10-12 10:33:00,270.09,270.42,270.07,270.36,0,0,54871
7465,2020-10-12 10:34:00,270.36,270.52,270.29,270.47,0,0,60730
7466,2020-10-12 10:35:00,270.48,270.77,270.48,270.73,0,0,65733
7467,2020-10-12 10:36:00,270.73,271.04,270.63,271.02,0,0,87453
7468,2020-10-12 10:37:00,271.04,271.14,270.94,271.08,0,0,73889
7469,2020-10-12 10:38:00,271.1,271.38,271.1,271.38,0,0,79728
7470,2020-10-12 10:39:00,271.38,271.44,271.23,271.31,0,0,46661
7471,2020-10-12 10:40:00,271.34,271.55,271.22,271.27,0,0,53974
7472,2020-10-12 10:41:00,271.25,271.49,271.23,271.23,0,0,41470
7473,2020-10-12 10:42:00,271.24,271.35,271.23,271.32,0,0,37803
7474,2020-10-12 10:43:00,271.33,271.42,271.29,271.42,0,0,38678
7475,2020-10-12 10:44:00,271.43,271.48,271.25,271.28,0,0,31072
7476,2020-10-12 10:45:00,271.28,271.37,271.2,271.25,0,0,38170
7477,2020-10-12 10:46:00,271.24,271.43,271.03,271.42,0,0,52831
7478,2020-10-12 10:47:00,271.43,271.55,271.27,271.34,0,0,33307
7479,2020-10-12 10:48:00,271.36,271.37,271.01,271.08,0,0,44618
7480,2020-10-12 10:49:00,271.12,271.27,271.0,271.12,0,0,39165
7481,2020-10-12 10:50:00,271.15,271.5,271.11,271.4,0,0,34430
7482,2020-10-12 10:51:00,271.43,271.49,271.35,271.35,0,0,27957
7483,2020-10-12 10:52:00,271.35,271.35,271.12,271.21,0,0,26386
7484,2020-10-12 10:53:00,271.17,271.48,271.04,271.4,0,0,47778
7485,2020-10-12 10:54:00,271.4,271.49,271.33,271.42,0,0,27506
7486,2020-10-12 10:55:00,271.42,271.77,271.41,271.58,0,0,64397
7487,2020-10-12 10:56:00,271.6,271.85,271.6,271.82,0,0,59448
7488,2020-10-12 10:57:00,271.81,271.93,271.78,271.89,0,0,49104
7489,2020-10-12 10:58:00,271.89,272.02,271.8,271.94,0,0,73726
7490,2020-10-12 10:59:00,271.88,272.0,271.8,271.86,0,0,37025
7491,2020-10-12 11:00:00,271.89,271.94,271.8,271.87,0,0,37185
7492,2020-10-12 11:01:00,271.87,272.05,271.85,271.94,0,0,53537
7493,2020-10-12 11:02:00,271.89,271.99,271.86,271.92,0,0,25147
7494,2020-10-12 11:03:00,271.97,272.19,271.95,272.07,0,0,49995
7495,2020-10-12 11:04:00,272.07,272.25,272.01,272.15,0,0,36003
7496,2020-10-12 11:05:00,272.16,272.27,272.07,272.11,0,0,49563
7497,2020-10-12 11:06:00,272.11,272.35,272.11,272.34,0,0,44302
7498,2020-10-12 11:07:00,272.34,272.48,272.34,272.43,0,0,77150
7499,2020-10-12 11:08:00,272.4,272.45,272.17,272.2,0,0,49116
7500,2020-10-12 11:09:00,272.18,272.18,271.93,271.97,0,0,43701
7501,2020-10-12 11:10:00,271.95,272.15,271.9,272.04,0,0,42362
7502,2020-10-12 11:11:00,272.05,272.44,272.05,272.42,0,0,51525
7503,2020-10-12 11:12:00,272.41,272.7,272.35,272.6,0,0,70449
7504,2020-10-12 11:13:00,272.59,272.59,272.41,272.44,0,0,40195
7505,2020-10-12 11:14:00,272.39,272.58,272.28,272.51,0,0,53546
7506,2020-10-12 11:15:00,272.55,272.65,272.51,272.58,0,0,42578
7507,2020-10-12 11:16:00,272.58,272.78,272.55,272.69,0,0,35669
7508,2020-10-12 11:17:00,272.68,272.75,272.61,272.64,0,0,40124
7509,2020-10-12 11:18:00,272.61,272.75,272.6,272.66,0,0,28092
7510,2020-10-12 11:19:00,272.64,272.74,272.64,272.72,0,0,26600
7511,2020-10-12 11:20:00,272.73,272.83,272.4,272.4,0,0,34159
7512,2020-10-12 11:21:00,272.38,272.38,272.14,272.37,0,0,50991
7513,2020-10-12 11:22:00,272.4,272.43,272.3,272.32,0,0,37323
7514,2020-10-12 11:23:00,272.33,272.38,272.21,272.37,0,0,37795
7515,2020-10-12 11:24:00,272.37,272.37,272.24,272.37,0,0,33386
7516,2020-10-12 11:25:00,272.35,272.77,272.28,272.77,0,0,47039
7517,2020-10-12 11:26:00,272.74,272.88,272.63,272.75,0,0,45236
7518,2020-10-12 11:27:00,272.79,272.8,272.61,272.62,0,0,31415
7519,2020-10-12 11:28:00,272.61,272.78,272.52,272.74,0,0,43345
7520,2020-10-12 11:29:00,272.75,272.87,272.63,272.63,0,0,38139
7521,2020-10-12 11:30:00,272.64,272.87,272.55,272.7,0,0,41733
7522,2020-10-12 11:31:00,272.72,272.9,272.72,272.8,0,0,40928
7523,2020-10-12 11:32:00,272.8,272.84,272.7,272.81,0,0,46534
7524,2020-10-12 11:33:00,272.81,273.0,272.78,272.97,0,0,64182
7525,2020-10-12 11:34:00,272.94,272.99,272.8,272.84,0,0,29841
7526,2020-10-12 11:35:00,272.81,272.91,272.72,272.89,0,0,68709
7527,2020-10-12 11:36:00,272.9,273.24,272.9,273.12,0,0,91809
7528,2020-10-12 11:37:00,273.15,273.36,273.15,273.33,0,0,71961
7529,2020-10-12 11:38:00,273.32,273.55,273.3,273.47,0,0,62186
7530,2020-10-12 11:39:00,273.46,273.72,273.43,273.65,0,0,91112
7531,2020-10-12 11:40:00,273.66,273.81,273.55,273.7,0,0,68015
7532,2020-10-12 11:41:00,273.7,273.73,273.38,273.52,0,0,53337
7533,2020-10-12 11:42:00,273.5,273.86,273.5,273.82,0,0,36152
7534,2020-10-12 11:43:00,273.83,274.12,273.8,274.1,0,0,66349
7535,2020-10-12 11:44:00,274.11,274.11,273.82,273.92,0,0,79721
7536,2020-10-12 11:45:00,273.94,274.0,273.82,273.89,0,0,71703
7537,2020-10-12 11:46:00,273.91,274.04,273.7,273.7,0,0,51166
7538,2020-10-12 11:47:00,273.73,273.8,273.11,273.22,0,0,88678
7539,2020-10-12 11:48:00,273.21,273.26,272.94,273.01,0,0,63730
7540,2020-10-12 11:49:00,273.04,273.17,272.8,273.08,0,0,68307
7541,2020-10-12 11:50:00,273.08,273.21,272.99,273.05,0,0,44593
7542,2020-10-12 11:51:00,273.03,273.15,273.03,273.09,0,0,35178
7543,2020-10-12 11:52:00,273.08,273.12,272.8,272.92,0,0,48963
7544,2020-10-12 11:53:00,272.97,272.97,272.8,272.86,0,0,32190
7545,2020-10-12 11:54:00,272.88,273.0,272.7,272.89,0,0,45083
7546,2020-10-12 11:55:00,272.9,273.04,272.87,272.96,0,0,79546
7547,2020-10-12 11:56:00,272.99,273.04,272.89,272.99,0,0,27770
7548,2020-10-12 11:57:00,273.02,273.44,272.97,273.37,0,0,39148
7549,2020-10-12 11:58:00,273.37,273.45,273.24,273.3,0,0,34258
7550,2020-10-12 11:59:00,273.28,273.45,273.2,273.38,0,0,30984
7551,2020-10-12 12:00:00,273.42,273.6,273.36,273.5,0,0,53823
7552,2020-10-12 12:01:00,273.49,273.79,273.49,273.77,0,0,62691
7553,2020-10-12 12:02:00,273.78,273.88,273.71,273.88,0,0,33806
7554,2020-10-12 12:03:00,273.89,273.94,273.77,273.86,0,0,31048
7555,2020-10-12 12:04:00,273.84,273.95,273.79,273.93,0,0,28528
7556,2020-10-12 12:05:00,273.94,274.1,273.86,273.92,0,0,40971
7557,2020-10-12 12:06:00,273.91,274.1,273.86,274.08,0,0,63137
7558,2020-10-12 12:07:00,274.07,274.44,274.04,274.36,0,0,53690
7559,2020-10-12 12:08:00,274.36,274.43,274.17,274.43,0,0,37221
7560,2020-10-12 12:09:00,274.43,274.5,274.33,274.47,0,0,34287
7561,2020-10-12 12:10:00,274.47,274.47,274.23,274.28,0,0,27568
7562,2020-10-12 12:11:00,274.26,274.26,274.03,274.07,0,0,36053
7563,2020-10-12 12:12:00,274.1,274.27,274.02,274.24,0,0,32502
7564,2020-10-12 12:13:00,274.22,274.22,274.09,274.22,0,0,31595
7565,2020-10-12 12:14:00,274.2,274.75,274.08,274.64,0,0,86058
7566,2020-10-12 12:15:00,274.63,274.87,274.59,274.86,0,0,78839
7567,2020-10-12 12:16:00,274.85,275.32,274.77,275.23,0,0,142252
7568,2020-10-12 12:17:00,275.21,275.48,275.09,275.4,0,0,117600
7569,2020-10-12 12:18:00,275.36,275.57,275.35,275.49,0,0,84850
7570,2020-10-12 12:19:00,275.49,275.5,275.35,275.5,0,0,50627
7571,2020-10-12 12:20:00,275.47,275.72,275.26,275.36,0,0,84475
7572,2020-10-12 12:21:00,275.35,275.67,275.33,275.41,0,0,55246
7573,2020-10-12 12:22:00,275.39,275.64,275.36,275.46,0,0,84708
7574,2020-10-12 12:23:00,275.49,275.64,275.37,275.57,0,0,58558
7575,2020-10-12 12:24:00,275.52,275.84,275.52,275.73,0,0,82159
7576,2020-10-12 12:25:00,275.7,275.99,275.57,275.94,0,0,67818
7577,2020-10-12 12:26:00,275.96,276.2,275.82,275.85,0,0,111565
7578,2020-10-12 12:27:00,275.85,276.25,275.82,276.22,0,0,49905
7579,2020-10-12 12:28:00,276.23,276.34,276.11,276.19,0,0,66216
7580,2020-10-12 12:29:00,276.21,276.71,276.2,276.46,0,0,106432
7581,2020-10-12 12:30:00,276.47,276.8,276.47,276.73,0,0,82875
7582,2020-10-12 12:31:00,276.75,277.0,276.73,276.94,0,0,139382
7583,2020-10-12 12:32:00,276.94,276.98,276.61,276.77,0,0,107665
7584,2020-10-12 12:33:00,276.77,277.05,276.7,276.9,0,0,130841
7585,2020-10-12 12:34:00,276.9,276.97,276.42,276.54,0,0,73333
7586,2020-10-12 12:35:00,276.53,276.6,276.07,276.11,0,0,95958
7587,2020-10-12 12:36:00,276.14,276.19,275.69,275.73,0,0,130141
7588,2020-10-12 12:37:00,275.7,276.04,275.61,275.64,0,0,105869
7589,2020-10-12 12:38:00,275.62,275.76,275.47,275.55,0,0,55996
7590,2020-10-12 12:39:00,275.55,276.06,275.55,275.99,0,0,84627
7591,2020-10-12 12:40:00,276.0,276.13,275.95,276.08,0,0,68600
7592,2020-10-12 12:41:00,276.08,276.24,276.01,276.21,0,0,73888
7593,2020-10-12 12:42:00,276.24,276.72,276.03,276.67,0,0,119705
7594,2020-10-12 12:43:00,276.66,277.01,276.54,276.99,0,0,110949
7595,2020-10-12 12:44:00,276.95,277.24,276.92,277.21,0,0,104457
7596,2020-10-12 12:45:00,277.24,277.34,276.84,277.05,0,0,98661
7597,2020-10-12 12:46:00,277.08,277.57,277.05,277.45,0,0,101726
7598,2020-10-12 12:47:00,277.4,277.73,277.27,277.35,0,0,94167
7599,2020-10-12 12:48:00,277.35,277.49,277.06,277.43,0,0,63385
7600,2020-10-12 12:49:00,277.44,277.79,277.35,277.74,0,0,60568
7601,2020-10-12 12:50:00,277.77,277.8,277.57,277.66,0,0,88801
7602,2020-10-12 12:51:00,277.64,277.65,277.35,277.65,0,0,89140
7603,2020-10-12 12:52:00,277.67,277.69,277.36,277.42,0,0,43441
7604,2020-10-12 12:53:00,277.45,277.95,277.45,277.82,0,0,85322
7605,2020-10-12 12:54:00,277.79,277.79,277.4,277.58,0,0,57848
7606,2020-10-12 12:55:00,277.55,277.64,277.45,277.51,0,0,73071
7607,2020-10-12 12:56:00,277.54,277.96,277.54,277.96,0,0,73672
7608,2020-10-12 12:57:00,277.98,278.09,277.43,277.43,0,0,112908
7609,2020-10-12 12:58:00,277.48,277.85,277.35,277.84,0,0,102863
7610,2020-10-12 12:59:00,277.84,278.16,277.82,277.94,0,0,92982
7611,2020-10-12 13:00:00,277.94,278.18,277.77,277.82,0,0,83095
7612,2020-10-12 13:01:00,277.82,277.94,277.73,277.9,0,0,40646
7613,2020-10-12 13:02:00,277.91,278.18,277.84,277.93,0,0,100012
7614,2020-10-12 13:03:00,277.89,278.26,277.79,278.19,0,0,71001
7615,2020-10-12 13:04:00,278.19,278.19,277.77,277.93,0,0,67639
7616,2020-10-12 13:05:00,277.95,278.0,277.7,277.74,0,0,55612
7617,2020-10-12 13:06:00,277.73,277.8,277.49,277.63,0,0,74665
7618,2020-10-12 13:07:00,277.67,277.69,277.48,277.53,0,0,47717
7619,2020-10-12 13:08:00,277.56,277.83,277.54,277.65,0,0,26877
7620,2020-10-12 13:09:00,277.67,277.77,277.4,277.42,0,0,50509
7621,2020-10-12 13:10:00,277.43,277.61,277.4,277.54,0,0,52820
7622,2020-10-12 13:11:00,277.58,277.86,277.5,277.7,0,0,53056
7623,2020-10-12 13:12:00,277.73,277.73,277.52,277.59,0,0,28979
7624,2020-10-12 13:13:00,277.59,277.75,277.5,277.71,0,0,29541
7625,2020-10-12 13:14:00,277.71,277.95,277.67,277.95,0,0,31190
7626,2020-10-12 13:15:00,277.99,278.21,277.89,278.21,0,0,68297
7627,2020-10-12 13:16:00,278.23,278.34,278.15,278.31,0,0,56141
7628,2020-10-12 13:17:00,278.29,278.31,277.98,277.98,0,0,53903
7629,2020-10-12 13:18:00,277.9,278.15,277.88,278.04,0,0,32712
7630,2020-10-12 13:19:00,278.05,278.23,278.04,278.2,0,0,30114
7631,2020-10-12 13:20:00,278.19,278.2,278.0,278.19,0,0,53255
7632,2020-10-12 13:21:00,278.22,278.38,278.15,278.35,0,0,46944
7633,2020-10-12 13:22:00,278.37,278.51,278.3,278.48,0,0,50347
7634,2020-10-12 13:23:00,278.51,278.57,278.37,278.57,0,0,47348
7635,2020-10-12 13:24:00,278.55,278.69,278.48,278.64,0,0,43138
7636,2020-10-12 13:25:00,278.69,278.77,278.54,278.76,0,0,50533
7637,2020-10-12 13:26:00,278.72,278.98,278.7,278.89,0,0,57705
7638,2020-10-12 13:27:00,278.89,278.92,278.55,278.65,0,0,61776
7639,2020-10-12 13:28:00,278.69,278.75,278.56,278.56,0,0,38623
7640,2020-10-12 13:29:00,278.59,278.63,278.45,278.6,0,0,71452
7641,2020-10-12 13:30:00,278.61,278.74,278.56,278.64,0,0,42580
7642,2020-10-12 13:31:00,278.67,278.93,278.61,278.93,0,0,40791
7643,2020-10-12 13:32:00,278.92,279.15,278.84,279.15,0,0,76730
7644,2020-10-12 13:33:00,279.13,279.13,278.77,279.06,0,0,53480
7645,2020-10-12 13:34:00,279.01,279.21,278.94,279.13,0,0,53663
7646,2020-10-12 13:35:00,279.12,279.22,279.01,279.15,0,0,42149
7647,2020-10-12 13:36:00,279.16,279.34,279.0,279.25,0,0,86289
7648,2020-10-12 13:37:00,279.26,279.47,279.23,279.42,0,0,85101
7649,2020-10-12 13:38:00,279.4,279.64,279.2,279.6,0,0,104674
7650,2020-10-12 13:39:00,279.64,279.75,279.55,279.64,0,0,71029
7651,2020-10-12 13:40:00,279.61,279.79,279.44,279.51,0,0,63235
7652,2020-10-12 13:41:00,279.55,279.7,279.38,279.54,0,0,66715
7653,2020-10-12 13:42:00,279.49,279.78,279.43,279.76,0,0,55599
7654,2020-10-12 13:43:00,279.77,279.77,279.19,279.29,0,0,73755
7655,2020-10-12 13:44:00,279.28,279.43,279.23,279.3,0,0,61743
7656,2020-10-12 13:45:00,279.32,279.43,279.18,279.3,0,0,78469
7657,2020-10-12 13:46:00,279.28,279.49,279.26,279.38,0,0,46444
7658,2020-10-12 13:47:00,279.37,279.37,279.05,279.12,0,0,59442
7659,2020-10-12 13:48:00,279.1,279.1,278.58,278.88,0,0,129526
7660,2020-10-12 13:49:00,278.88,278.95,278.69,278.77,0,0,90569
7661,2020-10-12 13:50:00,278.82,278.95,278.67,278.83,0,0,49943
7662,2020-10-12 13:51:00,278.83,279.43,278.8,279.41,0,0,91271
7663,2020-10-12 13:52:00,279.4,279.56,279.32,279.37,0,0,80174
7664,2020-10-12 13:53:00,279.35,279.44,279.22,279.31,0,0,32745
7665,2020-10-12 13:54:00,279.28,279.45,279.14,279.25,0,0,46226
7666,2020-10-12 13:55:00,279.24,279.49,279.16,279.4,0,0,42057
7667,2020-10-12 13:56:00,279.38,279.48,279.28,279.45,0,0,50128
7668,2020-10-12 13:57:00,279.45,279.59,279.29,279.46,0,0,43458
7669,2020-10-12 13:58:00,279.48,279.61,279.33,279.33,0,0,38503
7670,2020-10-12 13:59:00,279.35,279.44,279.22,279.34,0,0,43270
7671,2020-10-12 14:00:00,279.4,279.82,279.36,279.82,0,0,62631
7672,2020-10-12 14:01:00,279.8,279.99,279.77,279.99,0,0,67318
7673,2020-10-12 14:02:00,279.99,280.0,279.86,279.97,0,0,80700
7674,2020-10-12 14:03:00,279.96,279.96,279.84,279.92,0,0,36765
7675,2020-10-12 14:04:00,279.92,279.95,279.53,279.63,0,0,82002
7676,2020-10-12 14:05:00,279.63,279.69,279.55,279.57,0,0,48573
7677,2020-10-12 14:06:00,279.57,279.77,279.54,279.67,0,0,36132
7678,2020-10-12 14:07:00,279.67,279.69,279.4,279.46,0,0,38825
7679,2020-10-12 14:08:00,279.49,279.67,279.49,279.62,0,0,37650
7680,2020-10-12 14:09:00,279.66,279.9,279.65,279.87,0,0,52705
7681,2020-10-12 14:10:00,279.85,280.0,279.79,279.93,0,0,75360
7682,2020-10-12 14:11:00,279.91,280.0,279.84,279.99,0,0,41408
7683,2020-10-12 14:12:00,279.98,280.1,279.93,279.98,0,0,67675
7684,2020-10-12 14:13:00,279.99,280.17,279.93,280.14,0,0,41547
7685,2020-10-12 14:14:00,280.13,280.18,279.91,279.99,0,0,53410
7686,2020-10-12 14:15:00,279.97,280.12,279.96,280.08,0,0,61544
7687,2020-10-12 14:16:00,280.09,280.1,279.8,279.83,0,0,95141
7688,2020-10-12 14:17:00,279.86,279.91,279.59,279.65,0,0,56814
7689,2020-10-12 14:18:00,279.67,279.72,279.43,279.52,0,0,59769
7690,2020-10-12 14:19:00,279.47,279.53,279.03,279.18,0,0,208937
7691,2020-10-12 14:20:00,279.2,279.42,279.14,279.3,0,0,72163
7692,2020-10-12 14:21:00,279.28,279.37,279.16,279.21,0,0,41747
7693,2020-10-12 14:22:00,279.22,279.6,279.19,279.48,0,0,72155
7694,2020-10-12 14:23:00,279.48,279.78,279.48,279.54,0,0,66842
7695,2020-10-12 14:24:00,279.51,279.59,279.42,279.59,0,0,46906
7696,2020-10-12 14:25:00,279.57,279.6,279.43,279.56,0,0,49406
7697,2020-10-12 14:26:00,279.56,279.77,279.56,279.73,0,0,47082
7698,2020-10-12 14:27:00,279.74,279.86,279.71,279.85,0,0,47853
7699,2020-10-12 14:28:00,279.86,280.1,279.86,280.1,0,0,48987
7700,2020-10-12 14:29:00,280.06,280.06,279.85,279.94,0,0,44829
7701,2020-10-12 14:30:00,279.95,280.04,279.8,279.93,0,0,70384
7702,2020-10-12 14:31:00,279.92,280.03,279.76,279.94,0,0,62895
7703,2020-10-12 14:32:00,279.95,279.97,279.63,279.71,0,0,50770
7704,2020-10-12 14:33:00,279.68,279.8,279.63,279.67,0,0,47540
7705,2020-10-12 14:34:00,279.69,279.78,279.64,279.72,0,0,33032
7706,2020-10-12 14:35:00,279.69,279.92,279.49,279.55,0,0,54135
7707,2020-10-12 14:36:00,279.55,279.64,279.21,279.26,0,0,58145
7708,2020-10-12 14:37:00,279.25,279.49,279.15,279.33,0,0,57941
7709,2020-10-12 14:38:00,279.33,279.37,279.1,279.24,0,0,48815
7710,2020-10-12 14:39:00,279.17,279.38,279.17,279.29,0,0,57659
7711,2020-10-12 14:40:00,279.29,279.38,279.19,279.26,0,0,43632
7712,2020-10-12 14:41:00,279.28,279.28,279.01,279.13,0,0,48633
7713,2020-10-12 14:42:00,279.12,279.16,278.71,278.73,0,0,78711
7714,2020-10-12 14:43:00,278.68,278.92,278.47,278.9,0,0,94416
7715,2020-10-12 14:44:00,278.87,278.97,278.79,278.92,0,0,60416
7716,2020-10-12 14:45:00,278.92,279.24,278.78,279.14,0,0,563074
7717,2020-10-12 14:46:00,279.14,279.49,279.14,279.39,0,0,53765
7718,2020-10-12 14:47:00,279.42,279.56,279.31,279.43,0,0,40916
7719,2020-10-12 14:48:00,279.42,279.55,279.33,279.49,0,0,30479
7720,2020-10-12 14:49:00,279.45,279.65,279.2,279.59,0,0,53775
7721,2020-10-12 14:50:00,279.61,279.78,279.58,279.63,0,0,51263
7722,2020-10-12 14:51:00,279.64,279.85,279.54,279.82,0,0,45278
7723,2020-10-12 14:52:00,279.79,279.81,279.42,279.6,0,0,45322
7724,2020-10-12 14:53:00,279.61,279.64,279.34,279.36,0,0,543840
7725,2020-10-12 14:54:00,279.36,279.44,279.13,279.18,0,0,45855
7726,2020-10-12 14:55:00,279.21,279.23,278.76,278.82,0,0,53771
7727,2020-10-12 14:56:00,278.85,278.9,278.7,278.8,0,0,45190
7728,2020-10-12 14:57:00,278.82,278.82,278.41,278.53,0,0,84485
7729,2020-10-12 14:58:00,278.51,278.64,278.24,278.4,0,0,128483
7730,2020-10-12 14:59:00,278.38,278.7,278.38,278.6,0,0,89184
7731,2020-10-12 15:00:00,278.62,279.28,278.6,279.21,0,0,82063
7732,2020-10-12 15:01:00,279.19,279.19,279.05,279.06,0,0,58339
7733,2020-10-12 15:02:00,279.04,279.04,278.5,278.64,0,0,64796
7734,2020-10-12 15:03:00,278.6,278.84,278.59,278.69,0,0,38451
7735,2020-10-12 15:04:00,278.68,278.77,278.55,278.55,0,0,50053
7736,2020-10-12 15:05:00,278.52,278.58,278.33,278.42,0,0,74405
7737,2020-10-12 15:06:00,278.4,278.64,278.4,278.47,0,0,68644
7738,2020-10-12 15:07:00,278.48,278.71,278.29,278.35,0,0,76459
7739,2020-10-12 15:08:00,278.34,278.5,278.28,278.46,0,0,60848
7740,2020-10-12 15:09:00,278.46,278.49,278.25,278.27,0,0,60365
7741,2020-10-12 15:10:00,278.31,278.49,278.21,278.21,0,0,57747
7742,2020-10-12 15:11:00,278.21,278.38,278.07,278.31,0,0,78067
7743,2020-10-12 15:12:00,278.33,278.47,278.23,278.23,0,0,53826
7744,2020-10-12 15:13:00,278.23,278.32,277.81,277.89,0,0,68544
7745,2020-10-12 15:14:00,277.91,278.13,277.77,277.88,0,0,94894
7746,2020-10-12 15:15:00,277.89,278.12,277.82,277.86,0,0,97882
7747,2020-10-12 15:16:00,277.83,277.95,277.73,277.89,0,0,52821
7748,2020-10-12 15:17:00,277.87,277.98,277.42,277.56,0,0,86798
7749,2020-10-12 15:18:00,277.46,277.48,277.07,277.17,0,0,110373
7750,2020-10-12 15:19:00,277.18,277.43,277.14,277.4,0,0,72744
7751,2020-10-12 15:20:00,277.4,277.54,277.2,277.33,0,0,87331
7752,2020-10-12 15:21:00,277.31,277.45,277.08,277.45,0,0,84493
7753,2020-10-12 15:22:00,277.42,277.51,277.2,277.22,0,0,73217
7754,2020-10-12 15:23:00,277.2,277.21,276.7,276.88,0,0,98642
7755,2020-10-12 15:24:00,276.88,277.43,276.86,277.37,0,0,85306
7756,2020-10-12 15:25:00,277.36,277.42,277.2,277.24,0,0,59481
7757,2020-10-12 15:26:00,277.23,277.25,277.04,277.25,0,0,39331
7758,2020-10-12 15:27:00,277.25,277.25,276.93,277.07,0,0,36942
7759,2020-10-12 15:28:00,277.1,277.42,277.06,277.38,0,0,71059
7760,2020-10-12 15:29:00,277.41,277.41,277.01,277.21,0,0,61004
7761,2020-10-12 15:30:00,277.22,277.26,276.92,277.17,0,0,57514
7762,2020-10-12 15:31:00,277.12,277.18,276.97,277.15,0,0,39642
7763,2020-10-12 15:32:00,277.15,277.17,276.71,276.89,0,0,75322
7764,2020-10-12 15:33:00,276.94,277.06,276.88,276.99,0,0,48872
7765,2020-10-12 15:34:00,276.99,277.03,276.46,276.52,0,0,83754
7766,2020-10-12 15:35:00,276.49,276.87,276.37,276.73,0,0,106500
7767,2020-10-12 15:36:00,276.71,276.75,276.46,276.57,0,0,40234
7768,2020-10-12 15:37:00,276.6,276.68,276.48,276.59,0,0,45068
7769,2020-10-12 15:38:00,276.62,276.77,276.49,276.71,0,0,54948
7770,2020-10-12 15:39:00,276.69,276.81,276.47,276.59,0,0,51024
7771,2020-10-12 15:40:00,276.59,276.83,276.51,276.66,0,0,61749
7772,2020-10-12 15:41:00,276.64,276.72,276.56,276.67,0,0,44876
7773,2020-10-12 15:42:00,276.65,276.84,276.54,276.84,0,0,57986
7774,2020-10-12 15:43:00,276.85,276.93,276.75,276.79,0,0,74868
7775,2020-10-12 15:44:00,276.8,276.95,276.73,276.81,0,0,52003
7776,2020-10-12 15:45:00,276.79,276.79,276.52,276.67,0,0,72600
7777,2020-10-12 15:46:00,276.69,276.71,276.08,276.21,0,0,99505
7778,2020-10-12 15:47:00,276.2,276.41,276.1,276.32,0,0,74046
7779,2020-10-12 15:48:00,276.29,276.29,275.98,276.22,0,0,79274
7780,2020-10-12 15:49:00,276.23,276.24,275.87,275.97,0,0,156360
7781,2020-10-12 15:50:00,275.95,275.98,275.48,275.61,0,0,166906
7782,2020-10-12 15:51:00,275.62,275.98,275.6,275.85,0,0,94124
7783,2020-10-12 15:52:00,275.87,275.87,275.53,275.59,0,0,86361
7784,2020-10-12 15:53:00,275.62,276.34,275.61,276.31,0,0,169797
7785,2020-10-12 15:54:00,276.34,276.39,275.61,275.65,0,0,151419
7786,2020-10-12 15:55:00,275.65,276.01,275.51,275.58,0,0,148485
7787,2020-10-12 15:56:00,275.59,276.12,275.56,275.96,0,0,131785
7788,2020-10-12 15:57:00,275.97,276.02,275.83,275.86,0,0,146533
7789,2020-10-12 15:58:00,275.85,276.11,275.81,276.08,0,0,139800
7790,2020-10-12 15:59:00,276.06,276.17,275.67,275.75,0,0,310055
7791,2020-10-14 09:30:00,277.62,277.62,276.59,276.89,0,0,336428
7792,2020-10-14 09:31:00,276.81,277.04,276.31,276.53,0,0,85934
7793,2020-10-14 09:32:00,276.63,276.88,276.37,276.84,0,0,90640
7794,2020-10-14 09:33:00,276.76,278.08,276.6,278.06,0,0,82839
7795,2020-10-14 09:34:00,278.59,278.71,278.28,278.32,0,0,99988
7796,2020-10-14 09:35:00,278.47,278.47,277.85,277.88,0,0,56599
7797,2020-10-14 09:36:00,278.0,278.34,277.82,277.98,0,0,66723
7798,2020-10-14 09:37:00,278.01,278.1,277.58,277.62,0,0,64204
7799,2020-10-14 09:38:00,277.43,277.54,276.97,277.43,0,0,65693
7800,2020-10-14 09:39:00,277.42,277.9,277.42,277.52,0,0,71609
7801,2020-10-14 09:40:00,277.56,277.84,277.14,277.17,0,0,58082
7802,2020-10-14 09:41:00,277.25,277.67,277.25,277.65,0,0,36176
7803,2020-10-14 09:42:00,277.97,278.29,277.94,278.26,0,0,102130
7804,2020-10-14 09:43:00,277.97,277.97,277.55,277.65,0,0,85725
7805,2020-10-14 09:44:00,277.65,277.95,277.55,277.87,0,0,41398
7806,2020-10-14 09:45:00,277.83,278.24,277.77,278.23,0,0,61541
7807,2020-10-14 09:46:00,278.25,278.32,278.15,278.26,0,0,57400
7808,2020-10-14 09:47:00,278.18,278.37,278.15,278.36,0,0,47910
7809,2020-10-14 09:48:00,278.37,278.38,278.16,278.24,0,0,54983
7810,2020-10-14 09:49:00,278.2,278.28,277.98,278.03,0,0,51891
7811,2020-10-14 09:50:00,277.66,277.67,277.4,277.47,0,0,37796
7812,2020-10-14 09:51:00,277.62,277.62,277.57,277.57,0,0,31499
7813,2020-10-14 09:52:00,277.61,278.08,277.61,278.06,0,0,32862
7814,2020-10-14 09:53:00,278.07,278.14,277.97,278.14,0,0,52932
7815,2020-10-14 09:54:00,277.92,278.08,277.53,277.58,0,0,65777
7816,2020-10-14 09:55:00,277.53,277.53,277.12,277.18,0,0,62984
7817,2020-10-14 09:56:00,277.5,277.5,277.47,277.47,0,0,40621
7818,2020-10-14 09:57:00,277.49,277.58,277.3,277.42,0,0,25898
7819,2020-10-14 09:58:00,277.03,277.46,276.98,277.02,0,0,47651
7820,2020-10-14 09:59:00,277.11,277.25,277.0,277.07,0,0,34067
7821,2020-10-14 10:00:00,277.04,277.25,276.93,276.98,0,0,52140
7822,2020-10-14 10:01:00,276.97,277.02,276.63,276.75,0,0,44792
7823,2020-10-14 10:02:00,276.73,276.74,276.51,276.6,0,0,31558
7824,2020-10-14 10:03:00,276.58,276.62,276.24,276.43,0,0,51702
7825,2020-10-14 10:04:00,276.5,276.7,276.41,276.48,0,0,32763
7826,2020-10-14 10:05:00,276.46,276.46,276.12,276.16,0,0,35133
7827,2020-10-14 10:06:00,276.17,276.34,276.07,276.21,0,0,28347
7828,2020-10-14 10:07:00,276.26,276.57,276.26,276.47,0,0,55057
7829,2020-10-14 10:08:00,276.42,276.79,276.4,276.78,0,0,31706
7830,2020-10-14 10:09:00,276.75,276.9,276.66,276.83,0,0,24760
7831,2020-10-14 10:10:00,276.88,276.99,276.76,276.89,0,0,35402
7832,2020-10-14 10:11:00,276.9,276.9,276.34,276.39,0,0,27187
7833,2020-10-14 10:12:00,276.39,276.39,275.92,275.94,0,0,43504
7834,2020-10-14 10:13:00,275.93,275.97,275.65,275.66,0,0,60459
7835,2020-10-14 10:14:00,275.64,276.13,275.62,276.05,0,0,54245
7836,2020-10-14 10:15:00,276.07,276.6,276.06,276.48,0,0,35067
7837,2020-10-14 10:16:00,276.48,276.59,276.0,276.07,0,0,41767
7838,2020-10-14 10:17:00,276.05,276.42,276.05,276.33,0,0,35035
7839,2020-10-14 10:18:00,276.27,276.27,275.93,275.99,0,0,18986
7840,2020-10-14 10:19:00,275.97,276.12,275.86,276.08,0,0,19574
7841,2020-10-14 10:20:00,276.04,276.24,276.0,276.24,0,0,14107
7842,2020-10-14 10:21:00,276.26,276.29,275.88,275.95,0,0,21024
7843,2020-10-14 10:22:00,275.91,275.91,275.27,275.33,0,0,100526
7844,2020-10-14 10:23:00,275.34,275.71,275.34,275.45,0,0,542622
7845,2020-10-14 10:24:00,275.48,275.48,275.2,275.39,0,0,32911
7846,2020-10-14 10:25:00,275.4,275.48,274.73,274.81,0,0,82930
7847,2020-10-14 10:26:00,274.74,274.87,274.42,274.42,0,0,70275
7848,2020-10-14 10:27:00,274.46,274.87,274.45,274.76,0,0,55962
7849,2020-10-14 10:28:00,274.73,274.91,274.52,274.83,0,0,41962
7850,2020-10-14 10:29:00,274.85,274.99,274.73,274.98,0,0,41725
7851,2020-10-14 10:30:00,275.0,275.18,274.61,274.7,0,0,35717
7852,2020-10-14 10:31:00,274.68,274.8,274.45,274.54,0,0,53211
7853,2020-10-14 10:32:00,274.55,274.66,274.38,274.48,0,0,25315
7854,2020-10-14 10:33:00,274.51,274.89,274.51,274.79,0,0,40687
7855,2020-10-14 10:34:00,274.79,274.9,274.46,274.57,0,0,44467
7856,2020-10-14 10:35:00,274.57,274.71,274.31,274.44,0,0,57989
7857,2020-10-14 10:36:00,274.47,274.72,274.42,274.57,0,0,77441
7858,2020-10-14 10:37:00,274.53,274.64,274.31,274.49,0,0,43056
7859,2020-10-14 10:38:00,274.5,274.65,274.35,274.59,0,0,65122
7860,2020-10-14 10:39:00,274.66,274.66,274.51,274.58,0,0,24685
7861,2020-10-14 10:40:00,274.61,274.95,274.61,274.92,0,0,57700
7862,2020-10-14 10:41:00,274.91,275.03,274.88,274.96,0,0,50679
7863,2020-10-14 10:42:00,274.99,275.18,274.94,275.04,0,0,34797
7864,2020-10-14 10:43:00,275.01,275.28,274.98,275.2,0,0,42948
7865,2020-10-14 10:44:00,275.19,275.28,275.14,275.19,0,0,32916
7866,2020-10-14 10:45:00,275.15,275.58,275.15,275.5,0,0,58394
7867,2020-10-14 10:46:00,275.5,275.62,275.4,275.6,0,0,53081
7868,2020-10-14 10:47:00,275.64,275.68,275.52,275.64,0,0,34358
7869,2020-10-14 10:48:00,275.63,276.04,275.59,276.0,0,0,419305
7870,2020-10-14 10:49:00,275.96,275.98,275.72,275.87,0,0,193640
7871,2020-10-14 10:50:00,275.81,276.0,275.51,275.67,0,0,61383
7872,2020-10-14 10:51:00,275.66,275.73,275.49,275.72,0,0,31482
7873,2020-10-14 10:52:00,275.73,275.9,275.73,275.86,0,0,21463
7874,2020-10-14 10:53:00,275.92,276.21,275.84,276.14,0,0,18574
7875,2020-10-14 10:54:00,276.18,276.28,276.09,276.12,0,0,20193
7876,2020-10-14 10:55:00,276.08,276.11,275.7,275.9,0,0,18431
7877,2020-10-14 10:56:00,275.9,275.97,275.69,275.97,0,0,11275
7878,2020-10-14 10:57:00,275.98,276.02,275.72,275.86,0,0,20560
7879,2020-10-14 10:58:00,275.85,276.04,275.85,276.03,0,0,11646
7880,2020-10-14 10:59:00,276.08,276.28,276.06,276.26,0,0,37050
7881,2020-10-14 11:00:00,276.28,276.38,275.84,275.9,0,0,35300
7882,2020-10-14 11:01:00,275.86,275.86,275.59,275.76,0,0,28499
7883,2020-10-14 11:02:00,275.74,275.79,275.5,275.58,0,0,27385
7884,2020-10-14 11:03:00,275.58,275.7,275.57,275.64,0,0,8049
7885,2020-10-14 11:04:00,275.69,275.82,275.66,275.82,0,0,22669
7886,2020-10-14 11:05:00,275.8,276.25,275.8,276.23,0,0,30709
7887,2020-10-14 11:06:00,276.24,276.49,276.19,276.42,0,0,24406
7888,2020-10-14 11:07:00,276.42,276.49,276.29,276.39,0,0,15284
7889,2020-10-14 11:08:00,276.36,276.39,276.21,276.23,0,0,18182
7890,2020-10-14 11:09:00,276.21,276.48,276.14,276.41,0,0,19386
7891,2020-10-14 11:10:00,276.42,276.48,276.19,276.2,0,0,24737
7892,2020-10-14 11:11:00,276.17,276.18,275.91,276.12,0,0,30547
7893,2020-10-14 11:12:00,276.15,276.24,276.12,276.15,0,0,14161
7894,2020-10-14 11:13:00,276.13,276.14,276.01,276.14,0,0,12976
7895,2020-10-14 11:14:00,276.14,276.14,275.75,275.94,0,0,22265
7896,2020-10-14 11:15:00,276.05,276.11,275.85,275.95,0,0,21004
7897,2020-10-14 11:16:00,275.92,275.92,275.62,275.74,0,0,26872
7898,2020-10-14 11:17:00,275.7,275.84,275.59,275.7,0,0,14227
7899,2020-10-14 11:18:00,275.65,275.84,275.63,275.76,0,0,25004
7900,2020-10-14 11:19:00,275.73,275.8,275.5,275.66,0,0,21015
7901,2020-10-14 11:20:00,275.67,275.69,275.13,275.23,0,0,27140
7902,2020-10-14 11:21:00,275.25,275.45,275.25,275.42,0,0,28533
7903,2020-10-14 11:22:00,275.44,275.65,275.44,275.63,0,0,22154
7904,2020-10-14 11:23:00,275.66,275.66,275.13,275.21,0,0,19589
7905,2020-10-14 11:24:00,275.21,275.22,274.95,275.14,0,0,35256
7906,2020-10-14 11:25:00,275.15,275.46,275.13,275.16,0,0,32599
7907,2020-10-14 11:26:00,275.2,275.28,275.12,275.12,0,0,18282
7908,2020-10-14 11:27:00,275.1,275.1,274.83,275.03,0,0,31077
7909,2020-10-14 11:28:00,274.96,275.26,274.96,275.07,0,0,27362
7910,2020-10-14 11:29:00,275.06,275.11,274.91,275.0,0,0,13433
7911,2020-10-14 11:30:00,275.01,275.1,274.8,275.1,0,0,23943
7912,2020-10-14 11:31:00,275.08,275.18,274.8,274.8,0,0,24369
7913,2020-10-14 11:32:00,274.87,274.95,274.82,274.86,0,0,12841
7914,2020-10-14 11:33:00,274.88,275.0,274.88,274.91,0,0,16897
7915,2020-10-14 11:34:00,274.88,274.89,274.69,274.8,0,0,23695
7916,2020-10-14 11:35:00,274.81,275.18,274.73,275.1,0,0,26633
7917,2020-10-14 11:36:00,275.1,275.1,274.88,275.04,0,0,22391
7918,2020-10-14 11:37:00,275.04,275.27,275.01,275.25,0,0,27837
7919,2020-10-14 11:38:00,275.21,275.25,274.93,274.95,0,0,22999
7920,2020-10-14 11:39:00,274.95,274.95,274.69,274.92,0,0,31790
7921,2020-10-14 11:40:00,274.94,274.97,274.77,274.91,0,0,15075
7922,2020-10-14 11:41:00,274.93,274.93,274.56,274.6,0,0,16043
7923,2020-10-14 11:42:00,274.65,274.93,274.62,274.93,0,0,28724
7924,2020-10-14 11:43:00,274.94,275.15,274.89,274.97,0,0,34753
7925,2020-10-14 11:44:00,274.95,275.02,274.88,274.95,0,0,17562
7926,2020-10-14 11:45:00,274.95,274.95,274.44,274.45,0,0,43334
7927,2020-10-14 11:46:00,274.45,274.56,274.37,274.39,0,0,23191
7928,2020-10-14 11:47:00,274.41,274.41,274.05,274.2,0,0,43175
7929,2020-10-14 11:48:00,274.22,274.3,274.11,274.27,0,0,19189
7930,2020-10-14 11:49:00,274.28,274.38,274.22,274.34,0,0,30511
7931,2020-10-14 11:50:00,274.35,274.4,274.14,274.23,0,0,22503
7932,2020-10-14 11:51:00,274.23,274.24,273.83,273.91,0,0,56730
7933,2020-10-14 11:52:00,273.98,274.2,273.96,274.08,0,0,18966
7934,2020-10-14 11:53:00,274.08,274.1,273.9,273.9,0,0,14157
7935,2020-10-14 11:54:00,273.85,273.94,273.36,273.49,0,0,66115
7936,2020-10-14 11:55:00,273.54,273.92,273.54,273.9,0,0,33511
7937,2020-10-14 11:56:00,273.93,274.03,273.79,273.86,0,0,41078
7938,2020-10-14 11:57:00,273.88,273.95,273.55,273.55,0,0,25409
7939,2020-10-14 11:58:00,273.56,273.56,273.27,273.31,0,0,22691
7940,2020-10-14 11:59:00,273.3,273.35,273.18,273.32,0,0,25256
7941,2020-10-14 12:00:00,273.25,273.5,273.17,273.29,0,0,33687
7942,2020-10-14 12:01:00,273.24,273.55,273.21,273.52,0,0,23442
7943,2020-10-14 12:02:00,273.49,273.55,273.2,273.33,0,0,42650
7944,2020-10-14 12:03:00,273.29,273.34,273.08,273.21,0,0,35280
7945,2020-10-14 12:04:00,273.24,273.68,273.24,273.68,0,0,39485
7946,2020-10-14 12:05:00,273.67,273.71,273.43,273.63,0,0,26720
7947,2020-10-14 12:06:00,273.63,273.84,273.54,273.73,0,0,18214
7948,2020-10-14 12:07:00,273.74,273.81,273.65,273.75,0,0,38921
7949,2020-10-14 12:08:00,273.74,273.76,273.58,273.65,0,0,15868
7950,2020-10-14 12:09:00,273.56,273.59,273.29,273.33,0,0,29900
7951,2020-10-14 12:10:00,273.33,273.37,272.91,272.98,0,0,33198
7952,2020-10-14 12:11:00,272.94,273.19,272.94,273.19,0,0,20043
7953,2020-10-14 12:12:00,273.16,273.16,272.8,272.83,0,0,26335
7954,2020-10-14 12:13:00,272.86,273.17,272.86,272.98,0,0,36679
7955,2020-10-14 12:14:00,272.95,273.17,272.95,273.16,0,0,17929
7956,2020-10-14 12:15:00,273.18,273.4,273.18,273.33,0,0,22060
7957,2020-10-14 12:16:00,273.33,273.34,273.0,273.06,0,0,36432
7958,2020-10-14 12:17:00,273.04,273.08,272.89,273.0,0,0,19114
7959,2020-10-14 12:18:00,273.0,273.0,272.38,272.43,0,0,53226
7960,2020-10-14 12:19:00,272.46,272.68,272.37,272.5,0,0,36810
7961,2020-10-14 12:20:00,272.51,272.68,272.31,272.6,0,0,43545
7962,2020-10-14 12:21:00,272.55,272.7,272.47,272.53,0,0,27075
7963,2020-10-14 12:22:00,272.41,272.56,272.3,272.36,0,0,22508
7964,2020-10-14 12:23:00,272.38,272.48,272.12,272.19,0,0,23465
7965,2020-10-14 12:24:00,272.19,272.31,272.04,272.1,0,0,28639
7966,2020-10-14 12:25:00,272.06,272.33,272.06,272.22,0,0,29683
7967,2020-10-14 12:26:00,272.24,272.39,272.23,272.38,0,0,20919
7968,2020-10-14 12:27:00,272.35,272.53,272.28,272.53,0,0,23151
7969,2020-10-14 12:28:00,272.51,272.6,272.5,272.54,0,0,24566
7970,2020-10-14 12:29:00,272.54,272.72,272.54,272.72,0,0,17675
7971,2020-10-14 12:30:00,272.68,272.7,272.49,272.55,0,0,24540
7972,2020-10-14 12:31:00,272.55,272.91,272.51,272.91,0,0,24487
7973,2020-10-14 12:32:00,272.92,273.0,272.86,273.0,0,0,44312
7974,2020-10-14 12:33:00,272.96,273.0,272.89,272.96,0,0,16445
7975,2020-10-14 12:34:00,272.98,273.1,272.93,272.99,0,0,34386
7976,2020-10-14 12:35:00,272.99,273.22,272.93,272.97,0,0,28430
7977,2020-10-14 12:36:00,273.01,273.03,272.53,272.74,0,0,58133
7978,2020-10-14 12:37:00,272.73,272.74,272.52,272.52,0,0,27113
7979,2020-10-14 12:38:00,272.52,272.58,272.21,272.28,0,0,36259
7980,2020-10-14 12:39:00,272.28,272.85,272.28,272.82,0,0,28946
7981,2020-10-14 12:40:00,272.82,273.07,272.79,272.93,0,0,38222
7982,2020-10-14 12:41:00,272.92,272.94,272.69,272.87,0,0,13957
7983,2020-10-14 12:42:00,272.9,273.09,272.88,273.08,0,0,29137
7984,2020-10-14 12:43:00,273.05,273.23,272.99,273.2,0,0,22233
7985,2020-10-14 12:44:00,273.18,273.21,273.01,273.01,0,0,20375
7986,2020-10-14 12:45:00,273.02,273.02,272.78,272.9,0,0,20947
7987,2020-10-14 12:46:00,272.94,273.15,272.9,273.13,0,0,13748
7988,2020-10-14 12:47:00,273.1,273.1,272.94,272.96,0,0,8285
7989,2020-10-14 12:48:00,272.99,272.99,272.8,272.98,0,0,19068
7990,2020-10-14 12:49:00,272.99,273.13,272.94,273.1,0,0,17060
7991,2020-10-14 12:50:00,273.1,273.1,272.77,272.88,0,0,22953
7992,2020-10-14 12:51:00,272.84,272.95,272.6,272.68,0,0,16376
7993,2020-10-14 12:52:00,272.67,272.86,272.67,272.74,0,0,13045
7994,2020-10-14 12:53:00,272.75,272.87,272.71,272.73,0,0,8217
7995,2020-10-14 12:54:00,272.74,272.79,272.67,272.68,0,0,10061
7996,2020-10-14 12:55:00,272.73,273.11,272.73,273.11,0,0,29753
7997,2020-10-14 12:56:00,273.04,273.04,272.65,272.72,0,0,18693
7998,2020-10-14 12:57:00,272.77,272.89,272.54,272.55,0,0,9617
7999,2020-10-14 12:58:00,272.54,272.62,272.22,272.43,0,0,43975
8000,2020-10-14 12:59:00,272.43,272.77,272.4,272.59,0,0,18136
8001,2020-10-14 13:00:00,272.58,272.58,272.38,272.55,0,0,62942
8002,2020-10-14 13:01:00,272.57,272.94,272.57,272.84,0,0,36337
8003,2020-10-14 13:02:00,272.81,272.86,272.74,272.79,0,0,18112
8004,2020-10-14 13:03:00,272.73,272.73,272.59,272.61,0,0,10667
8005,2020-10-14 13:04:00,272.61,272.79,272.52,272.77,0,0,8425
8006,2020-10-14 13:05:00,272.77,272.82,272.61,272.69,0,0,16588
8007,2020-10-14 13:06:00,272.66,272.66,272.37,272.4,0,0,17168
8008,2020-10-14 13:07:00,272.4,272.42,272.24,272.34,0,0,31118
8009,2020-10-14 13:08:00,272.35,272.44,272.3,272.36,0,0,13345
8010,2020-10-14 13:09:00,272.33,272.48,272.29,272.4,0,0,24495
8011,2020-10-14 13:10:00,272.38,272.4,272.15,272.32,0,0,20942
8012,2020-10-14 13:11:00,272.32,272.32,272.14,272.18,0,0,16960
8013,2020-10-14 13:12:00,272.17,272.29,272.1,272.18,0,0,15687
8014,2020-10-14 13:13:00,272.16,272.23,272.06,272.09,0,0,16817
8015,2020-10-14 13:14:00,272.06,272.28,271.9,272.16,0,0,77288
8016,2020-10-14 13:15:00,272.22,272.28,272.05,272.24,0,0,17491
8017,2020-10-14 13:16:00,272.21,272.69,272.18,272.61,0,0,50187
8018,2020-10-14 13:17:00,272.56,272.66,272.46,272.51,0,0,29655
8019,2020-10-14 13:18:00,272.52,272.73,272.44,272.62,0,0,18908
8020,2020-10-14 13:19:00,272.58,272.58,272.23,272.37,0,0,27003
8021,2020-10-14 13:20:00,272.39,272.47,272.23,272.32,0,0,12740
8022,2020-10-14 13:21:00,272.36,272.52,272.3,272.3,0,0,11129
8023,2020-10-14 13:22:00,272.32,272.44,272.29,272.44,0,0,15436
8024,2020-10-14 13:23:00,272.38,272.45,272.32,272.32,0,0,11264
8025,2020-10-14 13:24:00,272.33,272.62,272.31,272.44,0,0,14926
8026,2020-10-14 13:25:00,272.41,272.67,272.36,272.64,0,0,9353
8027,2020-10-14 13:26:00,272.62,272.69,272.56,272.6,0,0,26502
8028,2020-10-14 13:27:00,272.62,272.66,272.47,272.63,0,0,13318
8029,2020-10-14 13:28:00,272.67,272.75,272.4,272.42,0,0,11021
8030,2020-10-14 13:29:00,272.42,272.52,272.32,272.35,0,0,18347
8031,2020-10-14 13:30:00,272.39,272.51,272.25,272.38,0,0,16370
8032,2020-10-14 13:31:00,272.35,272.43,272.17,272.17,0,0,12400
8033,2020-10-14 13:32:00,272.19,272.19,271.83,271.83,0,0,44512
8034,2020-10-14 13:33:00,271.83,271.94,271.69,271.83,0,0,36747
8035,2020-10-14 13:34:00,271.8,271.85,271.73,271.82,0,0,16100
8036,2020-10-14 13:35:00,271.84,271.99,271.77,271.87,0,0,19873
8037,2020-10-14 13:36:00,271.85,271.95,271.75,271.83,0,0,20726
8038,2020-10-14 13:37:00,271.9,271.9,271.75,271.75,0,0,12636
8039,2020-10-14 13:38:00,271.71,271.85,271.68,271.82,0,0,20715
8040,2020-10-14 13:39:00,271.82,271.89,271.78,271.82,0,0,24106
8041,2020-10-14 13:40:00,271.79,272.07,271.7,272.03,0,0,21952
8042,2020-10-14 13:41:00,272.02,272.06,271.8,271.83,0,0,28631
8043,2020-10-14 13:42:00,271.83,272.11,271.83,272.05,0,0,14766
8044,2020-10-14 13:43:00,272.05,272.33,271.99,272.29,0,0,26964
8045,2020-10-14 13:44:00,272.24,272.26,272.09,272.24,0,0,14103
8046,2020-10-14 13:45:00,272.21,272.5,272.2,272.43,0,0,28620
8047,2020-10-14 13:46:00,272.46,272.46,272.25,272.36,0,0,14313
8048,2020-10-14 13:47:00,272.31,272.34,272.23,272.29,0,0,12793
8049,2020-10-14 13:48:00,272.29,272.35,272.0,272.2,0,0,34368
8050,2020-10-14 13:49:00,272.22,272.59,272.22,272.5,0,0,34385
8051,2020-10-14 13:50:00,272.48,272.56,272.42,272.5,0,0,22713
8052,2020-10-14 13:51:00,272.54,272.62,272.41,272.48,0,0,13248
8053,2020-10-14 13:52:00,272.48,272.53,272.45,272.45,0,0,9310
8054,2020-10-14 13:53:00,272.52,272.54,272.42,272.49,0,0,15215
8055,2020-10-14 13:54:00,272.5,272.7,272.45,272.7,0,0,17532
8056,2020-10-14 13:55:00,272.66,272.69,272.55,272.55,0,0,14169
8057,2020-10-14 13:56:00,272.55,272.64,272.46,272.62,0,0,13606
8058,2020-10-14 13:57:00,272.63,272.72,272.58,272.58,0,0,16476
8059,2020-10-14 13:58:00,272.62,272.84,272.62,272.78,0,0,15657
8060,2020-10-14 13:59:00,272.77,272.86,272.65,272.72,0,0,19532
8061,2020-10-14 14:00:00,272.74,272.91,272.52,272.91,0,0,30708
8062,2020-10-14 14:01:00,272.89,272.91,272.71,272.83,0,0,21380
8063,2020-10-14 14:02:00,272.83,272.96,272.83,272.89,0,0,17671
8064,2020-10-14 14:03:00,272.89,272.91,272.62,272.74,0,0,23239
8065,2020-10-14 14:04:00,272.76,272.82,272.62,272.71,0,0,23392
8066,2020-10-14 14:05:00,272.74,272.94,272.74,272.88,0,0,12951
8067,2020-10-14 14:06:00,272.95,273.27,272.92,273.25,0,0,50020
8068,2020-10-14 14:07:00,273.25,273.25,273.05,273.14,0,0,19277
8069,2020-10-14 14:08:00,273.11,273.24,273.07,273.24,0,0,9705
8070,2020-10-14 14:09:00,273.27,273.3,273.08,273.24,0,0,18996
8071,2020-10-14 14:10:00,273.24,273.35,273.2,273.2,0,0,20666
8072,2020-10-14 14:11:00,273.25,273.39,273.22,273.27,0,0,18417
8073,2020-10-14 14:12:00,273.3,273.36,273.2,273.32,0,0,14790
8074,2020-10-14 14:13:00,273.31,273.48,273.28,273.46,0,0,31079
8075,2020-10-14 14:14:00,273.37,273.48,273.35,273.42,0,0,11161
8076,2020-10-14 14:15:00,273.42,273.46,273.28,273.33,0,0,15551
8077,2020-10-14 14:16:00,273.39,273.46,273.33,273.44,0,0,10064
8078,2020-10-14 14:17:00,273.43,273.48,273.31,273.4,0,0,25967
8079,2020-10-14 14:18:00,273.37,273.43,273.12,273.19,0,0,23906
8080,2020-10-14 14:19:00,273.15,273.2,273.01,273.06,0,0,27003
8081,2020-10-14 14:20:00,273.06,273.11,272.93,273.08,0,0,18202
8082,2020-10-14 14:21:00,273.07,273.25,273.05,273.07,0,0,29060
8083,2020-10-14 14:22:00,273.09,273.09,272.83,272.93,0,0,21649
8084,2020-10-14 14:23:00,272.93,272.96,272.75,272.82,0,0,14030
8085,2020-10-14 14:24:00,272.84,272.93,272.75,272.77,0,0,9246
8086,2020-10-14 14:25:00,272.77,272.82,272.37,272.4,0,0,28440
8087,2020-10-14 14:26:00,272.38,272.38,272.02,272.08,0,0,35938
8088,2020-10-14 14:27:00,272.08,272.16,271.99,272.12,0,0,52114
8089,2020-10-14 14:28:00,272.14,272.2,272.01,272.07,0,0,19216
8090,2020-10-14 14:29:00,272.08,272.3,272.08,272.27,0,0,22198
8091,2020-10-14 14:30:00,272.27,272.51,272.19,272.4,0,0,38330
8092,2020-10-14 14:31:00,272.35,272.38,272.11,272.29,0,0,28127
8093,2020-10-14 14:32:00,272.28,272.37,272.24,272.31,0,0,13730
8094,2020-10-14 14:33:00,272.29,272.32,272.23,272.27,0,0,16202
8095,2020-10-14 14:34:00,272.27,272.27,271.93,271.93,0,0,37783
8096,2020-10-14 14:35:00,271.97,272.13,271.9,272.05,0,0,21597
8097,2020-10-14 14:36:00,272.03,272.26,272.01,272.22,0,0,14484
8098,2020-10-14 14:37:00,272.2,272.2,271.9,271.99,0,0,20478
8099,2020-10-14 14:38:00,271.93,271.94,271.81,271.9,0,0,15105
8100,2020-10-14 14:39:00,271.88,271.95,271.74,271.89,0,0,13672
8101,2020-10-14 14:40:00,271.89,272.08,271.81,272.04,0,0,15533
8102,2020-10-14 14:41:00,272.01,272.4,271.94,272.28,0,0,36579
8103,2020-10-14 14:42:00,272.24,272.35,272.18,272.31,0,0,17480
8104,2020-10-14 14:43:00,272.32,272.32,272.2,272.22,0,0,10781
8105,2020-10-14 14:44:00,272.21,272.21,272.03,272.09,0,0,14431
8106,2020-10-14 14:45:00,272.12,272.17,271.92,272.02,0,0,13756
8107,2020-10-14 14:46:00,271.96,272.13,271.91,272.12,0,0,20522
8108,2020-10-14 14:47:00,272.14,272.19,272.02,272.02,0,0,14803
8109,2020-10-14 14:48:00,272.03,272.22,271.98,272.21,0,0,35342
8110,2020-10-14 14:49:00,272.22,272.4,272.21,272.21,0,0,33921
8111,2020-10-14 14:50:00,272.24,272.33,272.06,272.13,0,0,17361
8112,2020-10-14 14:51:00,272.15,272.28,271.88,272.09,0,0,38743
8113,2020-10-14 14:52:00,272.08,272.26,272.06,272.12,0,0,13399
8114,2020-10-14 14:53:00,272.11,272.19,272.07,272.18,0,0,13097
8115,2020-10-14 14:54:00,272.15,272.31,272.11,272.28,0,0,13436
8116,2020-10-14 14:55:00,272.32,272.5,272.28,272.33,0,0,24893
8117,2020-10-14 14:56:00,272.34,272.63,272.3,272.61,0,0,23774
8118,2020-10-14 14:57:00,272.65,272.65,272.47,272.55,0,0,19249
8119,2020-10-14 14:58:00,272.55,272.57,272.45,272.52,0,0,10534
8120,2020-10-14 14:59:00,272.53,272.63,272.53,272.55,0,0,16953
8121,2020-10-14 15:00:00,272.59,272.7,272.51,272.51,0,0,12094
8122,2020-10-14 15:01:00,272.55,272.64,272.34,272.34,0,0,21865
8123,2020-10-14 15:02:00,272.36,272.7,272.36,272.68,0,0,20554
8124,2020-10-14 15:03:00,272.69,272.88,272.57,272.82,0,0,16323
8125,2020-10-14 15:04:00,272.82,272.85,272.69,272.82,0,0,13916
8126,2020-10-14 15:05:00,272.85,272.98,272.83,272.92,0,0,22027
8127,2020-10-14 15:06:00,272.9,272.95,272.74,272.95,0,0,16087
8128,2020-10-14 15:07:00,272.95,272.96,272.81,272.84,0,0,14092
8129,2020-10-14 15:08:00,272.86,273.38,272.86,273.3,0,0,34900
8130,2020-10-14 15:09:00,273.29,273.29,273.05,273.1,0,0,15325
8131,2020-10-14 15:10:00,273.13,273.37,273.13,273.37,0,0,21279
8132,2020-10-14 15:11:00,273.4,273.55,273.36,273.55,0,0,35263
8133,2020-10-14 15:12:00,273.56,273.62,273.48,273.57,0,0,24672
8134,2020-10-14 15:13:00,273.56,273.57,273.4,273.49,0,0,14155
8135,2020-10-14 15:14:00,273.5,273.55,273.38,273.54,0,0,23161
8136,2020-10-14 15:15:00,273.52,273.61,273.47,273.47,0,0,28240
8137,2020-10-14 15:16:00,273.46,273.48,273.33,273.33,0,0,12993
8138,2020-10-14 15:17:00,273.33,273.35,273.08,273.2,0,0,28863
8139,2020-10-14 15:18:00,273.2,273.3,273.16,273.19,0,0,10978
8140,2020-10-14 15:19:00,273.27,273.29,273.21,273.23,0,0,11752
8141,2020-10-14 15:20:00,273.24,273.46,273.21,273.33,0,0,29072
8142,2020-10-14 15:21:00,273.35,273.35,273.2,273.26,0,0,18543
8143,2020-10-14 15:22:00,273.26,273.26,273.1,273.14,0,0,15796
8144,2020-10-14 15:23:00,273.11,273.19,273.05,273.11,0,0,13230
8145,2020-10-14 15:24:00,273.14,273.17,273.01,273.06,0,0,17338
8146,2020-10-14 15:25:00,273.04,273.05,272.71,272.77,0,0,19832
8147,2020-10-14 15:26:00,272.74,272.99,272.73,272.9,0,0,15813
8148,2020-10-14 15:27:00,272.92,273.09,272.89,272.93,0,0,20000
8149,2020-10-14 15:28:00,273.0,273.03,272.9,272.96,0,0,6919
8150,2020-10-14 15:29:00,272.98,273.11,272.92,273.04,0,0,15665
8151,2020-10-14 15:30:00,273.04,273.1,272.95,273.05,0,0,19317
8152,2020-10-14 15:31:00,273.06,273.42,273.04,273.39,0,0,50664
8153,2020-10-14 15:32:00,273.36,273.59,273.29,273.53,0,0,57681
8154,2020-10-14 15:33:00,273.55,273.59,273.32,273.48,0,0,31629
8155,2020-10-14 15:34:00,273.49,273.49,273.29,273.3,0,0,31923
8156,2020-10-14 15:35:00,273.35,273.38,273.15,273.21,0,0,27385
8157,2020-10-14 15:36:00,273.18,273.24,273.07,273.18,0,0,29006
8158,2020-10-14 15:37:00,273.22,273.22,273.0,273.01,0,0,14116
8159,2020-10-14 15:38:00,272.98,272.99,272.74,272.86,0,0,34099
8160,2020-10-14 15:39:00,272.84,272.91,272.79,272.9,0,0,17818
8161,2020-10-14 15:40:00,272.9,273.44,272.9,273.33,0,0,42662
8162,2020-10-14 15:41:00,273.35,273.36,273.24,273.28,0,0,19417
8163,2020-10-14 15:42:00,273.29,273.35,273.03,273.08,0,0,28552
8164,2020-10-14 15:43:00,273.15,273.38,273.13,273.38,0,0,21186
8165,2020-10-14 15:44:00,273.41,273.52,273.33,273.33,0,0,29849
8166,2020-10-14 15:45:00,273.34,273.38,273.15,273.28,0,0,29855
8167,2020-10-14 15:46:00,273.28,273.28,273.05,273.07,0,0,28925
8168,2020-10-14 15:47:00,273.05,273.09,272.66,272.81,0,0,40032
8169,2020-10-14 15:48:00,272.81,273.07,272.79,273.03,0,0,27447
8170,2020-10-14 15:49:00,273.06,273.17,273.0,273.0,0,0,25339
8171,2020-10-14 15:50:00,273.0,273.45,272.92,273.41,0,0,72770
8172,2020-10-14 15:51:00,273.37,273.37,272.91,272.92,0,0,45788
8173,2020-10-14 15:52:00,272.91,272.95,272.63,272.63,0,0,61274
8174,2020-10-14 15:53:00,272.68,273.07,272.68,272.74,0,0,77892
8175,2020-10-14 15:54:00,272.75,272.79,271.9,272.01,0,0,138427
8176,2020-10-14 15:55:00,272.06,272.35,271.69,271.71,0,0,118846
8177,2020-10-14 15:56:00,271.71,271.87,271.66,271.71,0,0,100941
8178,2020-10-14 15:57:00,271.73,272.0,271.67,271.76,0,0,117794
8179,2020-10-14 15:58:00,271.78,271.92,271.6,271.78,0,0,158867
8180,2020-10-14 15:59:00,271.78,271.87,271.5,271.82,0,0,252217
8181,2020-10-15 09:30:00,267.6,267.68,266.5,267.11,0,0,541527
8182,2020-10-15 09:31:00,267.02,267.87,266.88,267.58,0,0,86309
8183,2020-10-15 09:32:00,267.54,268.88,267.52,268.88,0,0,87147
8184,2020-10-15 09:33:00,268.93,269.04,267.94,268.1,0,0,84100
8185,2020-10-15 09:34:00,268.5,268.5,268.43,268.43,0,0,53175
8186,2020-10-15 09:35:00,268.29,268.34,268.02,268.09,0,0,60022
8187,2020-10-15 09:36:00,268.0,268.07,267.58,267.84,0,0,46835
8188,2020-10-15 09:37:00,268.0,268.14,268.0,268.04,0,0,52283
8189,2020-10-15 09:38:00,267.88,267.88,267.43,267.73,0,0,52440
8190,2020-10-15 09:39:00,267.62,268.11,267.36,267.36,0,0,93837
8191,2020-10-15 09:40:00,267.43,267.7,267.22,267.31,0,0,55938
8192,2020-10-15 09:41:00,267.81,267.88,267.8,267.84,0,0,43430
8193,2020-10-15 09:42:00,267.83,267.87,267.36,267.36,0,0,31939
8194,2020-10-15 09:43:00,266.93,267.25,266.93,267.25,0,0,47601
8195,2020-10-15 09:44:00,267.22,267.62,267.16,267.61,0,0,41095
8196,2020-10-15 09:45:00,267.52,267.8,267.52,267.68,0,0,43181
8197,2020-10-15 09:46:00,267.69,267.84,267.31,267.43,0,0,73448
8198,2020-10-15 09:47:00,267.25,267.43,267.25,267.35,0,0,32873
8199,2020-10-15 09:48:00,267.25,267.33,267.25,267.28,0,0,36674
8200,2020-10-15 09:49:00,267.25,267.47,267.25,267.26,0,0,28254
8201,2020-10-15 09:50:00,267.09,267.46,267.03,267.46,0,0,38852
8202,2020-10-15 09:51:00,267.43,267.72,267.43,267.63,0,0,45423
8203,2020-10-15 09:52:00,267.55,267.64,267.37,267.39,0,0,43688
8204,2020-10-15 09:53:00,267.42,267.69,267.24,267.65,0,0,33358
8205,2020-10-15 09:54:00,267.65,267.65,267.4,267.53,0,0,29031
8206,2020-10-15 09:55:00,267.6,267.61,267.05,267.13,0,0,40001
8207,2020-10-15 09:56:00,267.0,267.01,266.7,266.79,0,0,82243
8208,2020-10-15 09:57:00,266.49,266.76,266.49,266.68,0,0,78478
8209,2020-10-15 09:58:00,266.77,266.99,266.66,266.78,0,0,34387
8210,2020-10-15 09:59:00,266.74,267.36,266.69,267.35,0,0,58800
8211,2020-10-15 10:00:00,267.34,267.38,266.61,266.67,0,0,47963
8212,2020-10-15 10:01:00,266.63,266.76,265.86,266.17,0,0,119746
8213,2020-10-15 10:02:00,266.08,266.5,266.08,266.22,0,0,60118
8214,2020-10-15 10:03:00,266.28,266.34,266.11,266.13,0,0,36352
8215,2020-10-15 10:04:00,266.18,266.33,266.05,266.33,0,0,33826
8216,2020-10-15 10:05:00,266.35,266.59,266.15,266.17,0,0,55633
8217,2020-10-15 10:06:00,266.18,266.43,266.14,266.3,0,0,63471
8218,2020-10-15 10:07:00,266.36,266.61,265.97,266.11,0,0,76137
8219,2020-10-15 10:08:00,266.11,266.11,265.67,265.98,0,0,62117
8220,2020-10-15 10:09:00,265.93,266.0,265.58,265.73,0,0,58790
8221,2020-10-15 10:10:00,265.73,265.94,265.52,265.94,0,0,50385
8222,2020-10-15 10:11:00,265.96,266.28,265.92,266.27,0,0,57973
8223,2020-10-15 10:12:00,266.28,266.37,265.92,265.98,0,0,55456
8224,2020-10-15 10:13:00,265.97,266.01,265.59,265.61,0,0,63292
8225,2020-10-15 10:14:00,265.62,265.62,265.11,265.18,0,0,71920
8226,2020-10-15 10:15:00,265.22,265.56,265.03,265.51,0,0,47190
8227,2020-10-15 10:16:00,265.54,266.42,265.54,266.31,0,0,54347
8228,2020-10-15 10:17:00,266.28,266.66,266.19,266.55,0,0,49313
8229,2020-10-15 10:18:00,266.5,267.04,266.48,266.78,0,0,72005
8230,2020-10-15 10:19:00,266.75,266.87,266.55,266.65,0,0,34182
8231,2020-10-15 10:20:00,266.68,266.71,266.2,266.4,0,0,52642
8232,2020-10-15 10:21:00,266.38,266.69,266.36,266.59,0,0,30165
8233,2020-10-15 10:22:00,266.59,267.0,266.57,266.67,0,0,28242
8234,2020-10-15 10:23:00,266.69,266.82,266.51,266.67,0,0,21717
8235,2020-10-15 10:24:00,266.63,266.9,266.45,266.76,0,0,20687
8236,2020-10-15 10:25:00,266.73,266.74,266.35,266.39,0,0,29210
8237,2020-10-15 10:26:00,266.46,266.47,265.91,266.02,0,0,38832
8238,2020-10-15 10:27:00,266.06,266.34,266.0,266.27,0,0,41686
8239,2020-10-15 10:28:00,266.24,266.34,266.01,266.17,0,0,20393
8240,2020-10-15 10:29:00,266.15,266.15,265.82,265.9,0,0,38909
8241,2020-10-15 10:30:00,265.85,265.91,265.6,265.65,0,0,33743
8242,2020-10-15 10:31:00,265.64,265.86,265.64,265.78,0,0,24051
8243,2020-10-15 10:32:00,265.7,265.77,265.43,265.5,0,0,39576
8244,2020-10-15 10:33:00,265.49,265.53,265.25,265.34,0,0,38587
8245,2020-10-15 10:34:00,265.33,265.6,265.15,265.55,0,0,35313
8246,2020-10-15 10:35:00,265.51,265.51,264.91,265.11,0,0,103757
8247,2020-10-15 10:36:00,265.08,265.19,264.95,265.16,0,0,34698
8248,2020-10-15 10:37:00,265.19,265.29,265.07,265.16,0,0,43981
8249,2020-10-15 10:38:00,265.14,265.17,264.94,264.94,0,0,38173
8250,2020-10-15 10:39:00,264.91,264.91,264.49,264.82,0,0,68524
8251,2020-10-15 10:40:00,264.84,265.39,264.81,265.3,0,0,62697
8252,2020-10-15 10:41:00,265.33,265.4,265.06,265.32,0,0,30338
8253,2020-10-15 10:42:00,265.28,265.38,265.19,265.31,0,0,17530
8254,2020-10-15 10:43:00,265.24,265.24,264.61,264.82,0,0,48218
8255,2020-10-15 10:44:00,264.79,264.99,264.67,264.8,0,0,31347
8256,2020-10-15 10:45:00,264.76,264.83,264.5,264.58,0,0,40368
8257,2020-10-15 10:46:00,264.58,265.03,264.55,265.0,0,0,30500
8258,2020-10-15 10:47:00,264.93,265.45,264.93,265.45,0,0,39612
8259,2020-10-15 10:48:00,265.44,265.75,265.33,265.68,0,0,38253
8260,2020-10-15 10:49:00,265.69,265.72,265.44,265.57,0,0,32085
8261,2020-10-15 10:50:00,265.53,265.98,265.53,265.95,0,0,47971
8262,2020-10-15 10:51:00,265.92,266.2,265.79,266.15,0,0,39059
8263,2020-10-15 10:52:00,266.14,266.16,265.97,266.05,0,0,30731
8264,2020-10-15 10:53:00,266.03,266.03,265.76,266.02,0,0,19226
8265,2020-10-15 10:54:00,265.99,266.11,265.76,265.92,0,0,18681
8266,2020-10-15 10:55:00,265.96,265.96,265.64,265.91,0,0,19899
8267,2020-10-15 10:56:00,265.86,266.48,265.73,266.41,0,0,47768
8268,2020-10-15 10:57:00,266.36,266.49,266.25,266.46,0,0,19583
8269,2020-10-15 10:58:00,266.48,266.69,266.48,266.53,0,0,36946
8270,2020-10-15 10:59:00,266.47,266.63,266.47,266.54,0,0,15966
8271,2020-10-15 11:00:00,266.5,266.54,266.19,266.53,0,0,18331
8272,2020-10-15 11:01:00,266.53,266.62,266.18,266.21,0,0,12928
8273,2020-10-15 11:02:00,266.04,266.09,265.72,265.82,0,0,20085
8274,2020-10-15 11:03:00,265.75,265.77,265.36,265.55,0,0,37764
8275,2020-10-15 11:04:00,265.59,265.77,265.59,265.67,0,0,16141
8276,2020-10-15 11:05:00,265.8,265.86,265.6,265.69,0,0,17639
8277,2020-10-15 11:06:00,265.71,265.99,265.7,265.79,0,0,24278
8278,2020-10-15 11:07:00,265.91,266.35,265.86,266.34,0,0,25122
8279,2020-10-15 11:08:00,266.36,266.63,266.36,266.46,0,0,33652
8280,2020-10-15 11:09:00,266.46,266.5,266.29,266.34,0,0,25015
8281,2020-10-15 11:10:00,266.22,266.28,265.96,266.2,0,0,16645
8282,2020-10-15 11:11:00,266.23,266.26,266.0,266.14,0,0,23624
8283,2020-10-15 11:12:00,266.18,266.39,266.03,266.39,0,0,20652
8284,2020-10-15 11:13:00,266.4,266.56,266.23,266.24,0,0,20473
8285,2020-10-15 11:14:00,266.25,266.3,266.1,266.3,0,0,16068
8286,2020-10-15 11:15:00,266.3,266.49,266.29,266.32,0,0,20460
8287,2020-10-15 11:16:00,266.27,266.33,266.1,266.33,0,0,15350
8288,2020-10-15 11:17:00,266.29,266.33,266.04,266.1,0,0,23701
8289,2020-10-15 11:18:00,266.15,266.54,266.15,266.4,0,0,33798
8290,2020-10-15 11:19:00,266.44,266.5,266.32,266.35,0,0,33954
8291,2020-10-15 11:20:00,266.36,266.38,266.14,266.15,0,0,19722
8292,2020-10-15 11:21:00,266.19,266.44,266.17,266.38,0,0,19752
8293,2020-10-15 11:22:00,266.42,266.45,266.26,266.36,0,0,24239
8294,2020-10-15 11:23:00,266.38,266.47,266.3,266.36,0,0,14645
8295,2020-10-15 11:24:00,266.31,266.31,266.07,266.07,0,0,20395
8296,2020-10-15 11:25:00,266.1,266.2,265.89,265.92,0,0,37449
8297,2020-10-15 11:26:00,265.92,266.02,265.79,265.8,0,0,20432
8298,2020-10-15 11:27:00,265.81,265.9,265.59,265.59,0,0,40110
8299,2020-10-15 11:28:00,265.62,265.68,265.41,265.56,0,0,48297
8300,2020-10-15 11:29:00,265.56,265.57,265.2,265.31,0,0,53049
8301,2020-10-15 11:30:00,265.33,265.34,265.18,265.3,0,0,37960
8302,2020-10-15 11:31:00,265.33,265.62,265.21,265.62,0,0,39510
8303,2020-10-15 11:32:00,265.59,265.73,265.53,265.66,0,0,31216
8304,2020-10-15 11:33:00,265.69,265.96,265.64,265.88,0,0,22374
8305,2020-10-15 11:34:00,265.89,265.91,265.74,265.78,0,0,15242
8306,2020-10-15 11:35:00,265.78,265.92,265.64,265.7,0,0,17447
8307,2020-10-15 11:36:00,265.7,265.92,265.6,265.92,0,0,24010
8308,2020-10-15 11:37:00,265.92,266.07,265.73,265.79,0,0,30437
8309,2020-10-15 11:38:00,265.84,265.85,265.71,265.83,0,0,25855
8310,2020-10-15 11:39:00,265.87,266.21,265.87,266.17,0,0,32713
8311,2020-10-15 11:40:00,266.17,266.53,266.17,266.5,0,0,34760
8312,2020-10-15 11:41:00,266.47,266.68,266.39,266.54,0,0,30352
8313,2020-10-15 11:42:00,266.57,266.63,266.46,266.54,0,0,67451
8314,2020-10-15 11:43:00,266.54,266.8,266.54,266.74,0,0,37173
8315,2020-10-15 11:44:00,266.7,266.8,266.52,266.8,0,0,38365
8316,2020-10-15 11:45:00,266.8,267.05,266.8,266.88,0,0,43420
8317,2020-10-15 11:46:00,266.91,267.03,266.76,266.82,0,0,33385
8318,2020-10-15 11:47:00,266.82,266.82,266.58,266.64,0,0,27353
8319,2020-10-15 11:48:00,266.6,266.64,266.46,266.56,0,0,24358
8320,2020-10-15 11:49:00,266.54,266.54,266.17,266.36,0,0,27222
8321,2020-10-15 11:50:00,266.46,266.65,266.44,266.6,0,0,23606
8322,2020-10-15 11:51:00,266.61,266.65,265.9,266.16,0,0,57533
8323,2020-10-15 11:52:00,266.19,266.66,266.19,266.45,0,0,37235
8324,2020-10-15 11:53:00,266.44,266.54,266.19,266.25,0,0,14655
8325,2020-10-15 11:54:00,266.18,266.23,266.09,266.19,0,0,18696
8326,2020-10-15 11:55:00,266.12,266.27,266.04,266.13,0,0,39631
8327,2020-10-15 11:56:00,266.08,266.08,265.72,265.86,0,0,92825
8328,2020-10-15 11:57:00,265.92,266.01,265.87,265.98,0,0,15852
8329,2020-10-15 11:58:00,265.94,266.0,265.69,265.76,0,0,27190
8330,2020-10-15 11:59:00,265.78,265.86,265.63,265.7,0,0,20774
8331,2020-10-15 12:00:00,265.7,265.91,265.55,265.9,0,0,23891
8332,2020-10-15 12:01:00,265.91,265.95,265.65,265.71,0,0,19003
8333,2020-10-15 12:02:00,265.71,265.73,265.49,265.63,0,0,35079
8334,2020-10-15 12:03:00,265.62,265.78,265.5,265.73,0,0,22744
8335,2020-10-15 12:04:00,265.79,265.82,265.61,265.75,0,0,24989
8336,2020-10-15 12:05:00,265.76,266.02,265.73,266.02,0,0,18150
8337,2020-10-15 12:06:00,265.94,265.97,265.78,265.9,0,0,19371
8338,2020-10-15 12:07:00,265.87,265.91,265.72,265.77,0,0,21167
8339,2020-10-15 12:08:00,265.71,265.91,265.62,265.65,0,0,26668
8340,2020-10-15 12:09:00,265.67,265.78,265.52,265.56,0,0,16823
8341,2020-10-15 12:10:00,265.6,265.6,265.4,265.41,0,0,32733
8342,2020-10-15 12:11:00,265.44,265.61,265.35,265.35,0,0,21724
8343,2020-10-15 12:12:00,265.36,265.39,265.14,265.24,0,0,23596
8344,2020-10-15 12:13:00,265.23,265.31,265.15,265.23,0,0,15799
8345,2020-10-15 12:14:00,265.2,265.24,265.04,265.04,0,0,17258
8346,2020-10-15 12:15:00,265.04,265.27,265.04,265.25,0,0,25328
8347,2020-10-15 12:16:00,265.28,265.32,265.17,265.27,0,0,17738
8348,2020-10-15 12:17:00,265.26,265.37,265.17,265.3,0,0,16202
8349,2020-10-15 12:18:00,265.27,265.27,265.05,265.14,0,0,23522
8350,2020-10-15 12:19:00,265.18,265.21,265.02,265.15,0,0,15958
8351,2020-10-15 12:20:00,265.12,265.18,265.03,265.11,0,0,18814
8352,2020-10-15 12:21:00,265.1,265.13,264.95,265.01,0,0,71162
8353,2020-10-15 12:22:00,265.05,265.09,264.83,264.84,0,0,29962
8354,2020-10-15 12:23:00,264.83,264.99,264.8,264.8,0,0,28641
8355,2020-10-15 12:24:00,264.81,264.91,264.68,264.91,0,0,32616
8356,2020-10-15 12:25:00,264.9,265.0,264.85,264.95,0,0,18168
8357,2020-10-15 12:26:00,264.97,264.99,264.79,264.8,0,0,19057
8358,2020-10-15 12:27:00,264.74,264.81,264.6,264.6,0,0,33137
8359,2020-10-15 12:28:00,264.63,264.72,264.55,264.61,0,0,22676
8360,2020-10-15 12:29:00,264.62,264.7,264.57,264.61,0,0,21614
8361,2020-10-15 12:30:00,264.6,264.75,264.52,264.73,0,0,28169
8362,2020-10-15 12:31:00,264.74,264.86,264.69,264.69,0,0,31163
8363,2020-10-15 12:32:00,264.7,264.7,264.4,264.52,0,0,56059
8364,2020-10-15 12:33:00,264.53,264.56,264.44,264.49,0,0,19102
8365,2020-10-15 12:34:00,264.48,264.58,264.4,264.54,0,0,19377
8366,2020-10-15 12:35:00,264.55,264.56,264.46,264.5,0,0,17384
8367,2020-10-15 12:36:00,264.51,264.54,264.4,264.47,0,0,16406
8368,2020-10-15 12:37:00,264.46,264.49,264.13,264.17,0,0,38425
8369,2020-10-15 12:38:00,264.17,264.58,264.16,264.58,0,0,22298
8370,2020-10-15 12:39:00,264.58,264.82,264.58,264.73,0,0,34060
8371,2020-10-15 12:40:00,264.73,265.01,264.67,264.92,0,0,28414
8372,2020-10-15 12:41:00,264.9,264.98,264.9,264.92,0,0,15764
8373,2020-10-15 12:42:00,264.95,265.19,264.91,265.04,0,0,30177
8374,2020-10-15 12:43:00,265.03,265.03,264.79,264.81,0,0,19788
8375,2020-10-15 12:44:00,264.8,264.8,264.52,264.57,0,0,34847
8376,2020-10-15 12:45:00,264.54,264.57,264.32,264.51,0,0,31767
8377,2020-10-15 12:46:00,264.54,264.62,264.35,264.61,0,0,18448
8378,2020-10-15 12:47:00,264.61,264.82,264.61,264.8,0,0,25375
8379,2020-10-15 12:48:00,264.78,264.78,264.5,264.55,0,0,13322
8380,2020-10-15 12:49:00,264.54,264.75,264.54,264.7,0,0,15022
8381,2020-10-15 12:50:00,264.75,264.86,264.68,264.84,0,0,22273
8382,2020-10-15 12:51:00,264.88,265.14,264.88,265.06,0,0,19284
8383,2020-10-15 12:52:00,265.08,265.51,265.08,265.35,0,0,43030
8384,2020-10-15 12:53:00,265.36,265.36,265.27,265.29,0,0,14952
8385,2020-10-15 12:54:00,265.3,265.4,265.26,265.31,0,0,20232
8386,2020-10-15 12:55:00,265.3,265.5,265.25,265.47,0,0,20518
8387,2020-10-15 12:56:00,265.43,265.51,265.37,265.39,0,0,16210
8388,2020-10-15 12:57:00,265.38,265.39,265.19,265.21,0,0,15151
8389,2020-10-15 12:58:00,265.21,265.35,265.15,265.29,0,0,31058
8390,2020-10-15 12:59:00,265.27,265.4,265.22,265.32,0,0,18514
8391,2020-10-15 13:00:00,265.33,265.41,265.26,265.31,0,0,14216
8392,2020-10-15 13:01:00,265.27,265.27,265.06,265.1,0,0,21310
8393,2020-10-15 13:02:00,265.07,265.31,265.07,265.21,0,0,19358
8394,2020-10-15 13:03:00,265.23,265.33,265.1,265.2,0,0,18864
8395,2020-10-15 13:04:00,265.25,265.32,265.2,265.25,0,0,17745
8396,2020-10-15 13:05:00,265.26,265.44,265.19,265.38,0,0,26832
8397,2020-10-15 13:06:00,265.34,265.44,265.3,265.37,0,0,11467
8398,2020-10-15 13:07:00,265.39,265.46,265.3,265.36,0,0,15433
8399,2020-10-15 13:08:00,265.32,265.35,265.13,265.22,0,0,22195
8400,2020-10-15 13:09:00,265.26,265.27,265.04,265.14,0,0,24523
8401,2020-10-15 13:10:00,265.2,265.2,265.08,265.17,0,0,11528
8402,2020-10-15 13:11:00,265.13,265.18,265.1,265.16,0,0,13169
8403,2020-10-15 13:12:00,265.17,265.41,265.14,265.37,0,0,21743
8404,2020-10-15 13:13:00,265.39,265.45,265.35,265.4,0,0,9687
8405,2020-10-15 13:14:00,265.4,265.42,265.28,265.32,0,0,17880
8406,2020-10-15 13:15:00,265.29,265.29,265.1,265.15,0,0,17431
8407,2020-10-15 13:16:00,265.17,265.38,265.17,265.27,0,0,14499
8408,2020-10-15 13:17:00,265.26,265.26,264.64,264.7,0,0,45586
8409,2020-10-15 13:18:00,264.65,264.69,264.4,264.51,0,0,34741
8410,2020-10-15 13:19:00,264.54,264.68,264.48,264.58,0,0,27523
8411,2020-10-15 13:20:00,264.61,264.67,264.26,264.29,0,0,30832
8412,2020-10-15 13:21:00,264.31,264.48,264.27,264.3,0,0,26700
8413,2020-10-15 13:22:00,264.3,264.34,264.16,264.21,0,0,23319
8414,2020-10-15 13:23:00,264.24,264.3,264.15,264.22,0,0,26434
8415,2020-10-15 13:24:00,264.26,264.29,264.02,264.06,0,0,33961
8416,2020-10-15 13:25:00,264.05,264.17,264.02,264.12,0,0,32042
8417,2020-10-15 13:26:00,264.13,264.23,264.09,264.18,0,0,37701
8418,2020-10-15 13:27:00,264.2,264.38,264.11,264.14,0,0,33756
8419,2020-10-15 13:28:00,264.12,264.14,263.85,263.9,0,0,92613
8420,2020-10-15 13:29:00,263.89,263.94,263.77,263.83,0,0,31107
8421,2020-10-15 13:30:00,263.86,263.92,263.68,263.68,0,0,28589
8422,2020-10-15 13:31:00,263.7,263.93,263.67,263.73,0,0,47833
8423,2020-10-15 13:32:00,263.74,263.89,263.71,263.85,0,0,36778
8424,2020-10-15 13:33:00,263.83,263.87,263.72,263.83,0,0,30449
8425,2020-10-15 13:34:00,263.83,263.92,263.78,263.88,0,0,21978
8426,2020-10-15 13:35:00,263.9,264.13,263.88,263.98,0,0,52514
8427,2020-10-15 13:36:00,263.98,264.21,263.96,264.1,0,0,36036
8428,2020-10-15 13:37:00,264.12,264.2,264.09,264.1,0,0,30978
8429,2020-10-15 13:38:00,264.09,264.19,264.04,264.08,0,0,39215
8430,2020-10-15 13:39:00,264.07,264.19,264.01,264.18,0,0,49010
8431,2020-10-15 13:40:00,264.19,264.25,264.06,264.23,0,0,37365
8432,2020-10-15 13:41:00,264.22,264.43,264.16,264.42,0,0,49366
8433,2020-10-15 13:42:00,264.38,264.38,264.21,264.23,0,0,18222
8434,2020-10-15 13:43:00,264.24,264.4,264.24,264.36,0,0,14455
8435,2020-10-15 13:44:00,264.36,264.62,264.35,264.58,0,0,20857
8436,2020-10-15 13:45:00,264.58,264.77,264.56,264.59,0,0,37454
8437,2020-10-15 13:46:00,264.58,264.64,264.48,264.49,0,0,25901
8438,2020-10-15 13:47:00,264.48,264.5,264.31,264.37,0,0,18950
8439,2020-10-15 13:48:00,264.38,264.46,264.31,264.36,0,0,18975
8440,2020-10-15 13:49:00,264.34,264.35,264.21,264.33,0,0,16355
8441,2020-10-15 13:50:00,264.32,264.38,264.26,264.38,0,0,25753
8442,2020-10-15 13:51:00,264.36,264.54,264.33,264.37,0,0,47410
8443,2020-10-15 13:52:00,264.34,264.47,264.24,264.29,0,0,27164
8444,2020-10-15 13:53:00,264.32,264.53,264.29,264.52,0,0,48358
8445,2020-10-15 13:54:00,264.53,264.67,264.4,264.43,0,0,22454
8446,2020-10-15 13:55:00,264.43,264.46,264.35,264.38,0,0,17554
8447,2020-10-15 13:56:00,264.4,264.55,264.26,264.5,0,0,35824
8448,2020-10-15 13:57:00,264.57,264.7,264.54,264.6,0,0,20034
8449,2020-10-15 13:58:00,264.59,264.61,264.43,264.43,0,0,35986
8450,2020-10-15 13:59:00,264.48,264.57,264.48,264.57,0,0,7699
8451,2020-10-15 14:00:00,264.57,264.86,264.57,264.86,0,0,17334
8452,2020-10-15 14:01:00,264.84,264.84,264.66,264.67,0,0,15256
8453,2020-10-15 14:02:00,264.65,264.86,264.64,264.83,0,0,19426
8454,2020-10-15 14:03:00,264.84,265.0,264.84,264.91,0,0,38529
8455,2020-10-15 14:04:00,264.86,264.95,264.84,264.88,0,0,21377
8456,2020-10-15 14:05:00,264.89,264.96,264.82,264.94,0,0,22427
8457,2020-10-15 14:06:00,264.92,265.09,264.91,265.08,0,0,30051
8458,2020-10-15 14:07:00,265.07,265.28,265.04,265.2,0,0,42874
8459,2020-10-15 14:08:00,265.21,265.21,265.02,265.14,0,0,25011
8460,2020-10-15 14:09:00,265.14,265.29,265.03,265.29,0,0,31832
8461,2020-10-15 14:10:00,265.27,265.4,265.2,265.3,0,0,49748
8462,2020-10-15 14:11:00,265.26,265.3,265.08,265.29,0,0,60750
8463,2020-10-15 14:12:00,265.3,265.44,265.3,265.32,0,0,17232
8464,2020-10-15 14:13:00,265.34,265.56,265.32,265.48,0,0,39768
8465,2020-10-15 14:14:00,265.52,265.77,265.52,265.69,0,0,32844
8466,2020-10-15 14:15:00,265.7,265.73,265.61,265.68,0,0,16708
8467,2020-10-15 14:16:00,265.72,265.72,265.53,265.65,0,0,21702
8468,2020-10-15 14:17:00,265.64,265.69,265.38,265.38,0,0,26515
8469,2020-10-15 14:18:00,265.39,265.43,265.32,265.42,0,0,15225
8470,2020-10-15 14:19:00,265.46,265.63,265.43,265.45,0,0,18409
8471,2020-10-15 14:20:00,265.47,265.6,265.44,265.45,0,0,17499
8472,2020-10-15 14:21:00,265.46,265.6,265.37,265.55,0,0,29423
8473,2020-10-15 14:22:00,265.53,265.6,265.48,265.51,0,0,12989
8474,2020-10-15 14:23:00,265.52,265.62,265.47,265.51,0,0,11348
8475,2020-10-15 14:24:00,265.48,265.5,265.4,265.41,0,0,15774
8476,2020-10-15 14:25:00,265.41,265.42,265.28,265.4,0,0,21447
8477,2020-10-15 14:26:00,265.4,265.5,265.34,265.44,0,0,10842
8478,2020-10-15 14:27:00,265.46,265.53,265.43,265.51,0,0,8139
8479,2020-10-15 14:28:00,265.49,265.62,265.48,265.5,0,0,16980
8480,2020-10-15 14:29:00,265.53,265.69,265.5,265.62,0,0,13991
8481,2020-10-15 14:30:00,265.66,265.66,265.47,265.59,0,0,12620
8482,2020-10-15 14:31:00,265.62,265.71,265.53,265.65,0,0,17776
8483,2020-10-15 14:32:00,265.59,265.75,265.59,265.67,0,0,16545
8484,2020-10-15 14:33:00,265.68,265.75,265.57,265.72,0,0,21564
8485,2020-10-15 14:34:00,265.73,265.88,265.68,265.8,0,0,24461
8486,2020-10-15 14:35:00,265.77,265.77,264.58,264.65,0,0,132216
8487,2020-10-15 14:36:00,264.66,264.79,264.43,264.64,0,0,139520
8488,2020-10-15 14:37:00,264.61,264.92,264.61,264.92,0,0,58799
8489,2020-10-15 14:38:00,264.94,264.94,264.52,264.67,0,0,44494
8490,2020-10-15 14:39:00,264.68,264.73,264.35,264.65,0,0,56837
8491,2020-10-15 14:40:00,264.65,264.93,264.65,264.78,0,0,26817
8492,2020-10-15 14:41:00,264.79,264.96,264.78,264.87,0,0,19865
8493,2020-10-15 14:42:00,264.85,264.85,264.64,264.71,0,0,12658
8494,2020-10-15 14:43:00,264.7,264.78,264.54,264.61,0,0,20211
8495,2020-10-15 14:44:00,264.58,264.63,264.46,264.48,0,0,16933
8496,2020-10-15 14:45:00,264.45,264.65,264.45,264.58,0,0,25173
8497,2020-10-15 14:46:00,264.55,264.65,264.49,264.55,0,0,22015
8498,2020-10-15 14:47:00,264.57,264.6,264.44,264.53,0,0,26187
8499,2020-10-15 14:48:00,264.46,264.49,264.35,264.46,0,0,16016
8500,2020-10-15 14:49:00,264.44,264.81,264.44,264.67,0,0,57451
8501,2020-10-15 14:50:00,264.67,265.04,264.63,265.04,0,0,34983
8502,2020-10-15 14:51:00,265.03,265.16,264.97,265.14,0,0,26820
8503,2020-10-15 14:52:00,265.14,265.32,265.08,265.19,0,0,192988
8504,2020-10-15 14:53:00,265.16,265.23,265.09,265.15,0,0,16352
8505,2020-10-15 14:54:00,265.11,265.19,265.04,265.05,0,0,11610
8506,2020-10-15 14:55:00,265.04,265.07,264.94,265.0,0,0,18272
8507,2020-10-15 14:56:00,264.96,265.25,264.96,265.16,0,0,25693
8508,2020-10-15 14:57:00,265.19,265.38,265.13,265.38,0,0,18954
8509,2020-10-15 14:58:00,265.36,265.47,265.22,265.47,0,0,40753
8510,2020-10-15 14:59:00,265.49,265.73,265.45,265.56,0,0,29642
8511,2020-10-15 15:00:00,265.56,265.6,265.41,265.53,0,0,21137
8512,2020-10-15 15:01:00,265.54,265.85,265.48,265.85,0,0,21080
8513,2020-10-15 15:02:00,265.84,265.91,265.73,265.9,0,0,23926
8514,2020-10-15 15:03:00,265.92,265.92,265.77,265.8,0,0,23028
8515,2020-10-15 15:04:00,265.81,265.93,265.68,265.77,0,0,20291
8516,2020-10-15 15:05:00,265.78,265.86,265.74,265.77,0,0,13270
8517,2020-10-15 15:06:00,265.77,265.91,265.77,265.89,0,0,16016
8518,2020-10-15 15:07:00,265.87,266.28,265.82,266.26,0,0,63567
8519,2020-10-15 15:08:00,266.22,266.22,266.02,266.12,0,0,20120
8520,2020-10-15 15:09:00,266.08,266.15,266.02,266.12,0,0,19445
8521,2020-10-15 15:10:00,266.12,266.29,265.96,265.97,0,0,23857
8522,2020-10-15 15:11:00,266.01,266.23,266.01,266.11,0,0,13690
8523,2020-10-15 15:12:00,266.1,266.15,266.06,266.13,0,0,9079
8524,2020-10-15 15:13:00,266.15,266.24,265.91,266.24,0,0,27629
8525,2020-10-15 15:14:00,266.23,266.29,266.13,266.25,0,0,17933
8526,2020-10-15 15:15:00,266.24,266.36,266.2,266.33,0,0,60166
8527,2020-10-15 15:16:00,266.33,266.48,266.25,266.48,0,0,28517
8528,2020-10-15 15:17:00,266.48,266.95,266.46,266.94,0,0,72260
8529,2020-10-15 15:18:00,266.94,266.97,266.79,266.87,0,0,46160
8530,2020-10-15 15:19:00,266.92,266.96,266.73,266.9,0,0,21163
8531,2020-10-15 15:20:00,266.88,266.99,266.79,266.89,0,0,34718
8532,2020-10-15 15:21:00,266.89,266.98,266.52,266.66,0,0,53193
8533,2020-10-15 15:22:00,266.61,266.8,266.61,266.75,0,0,23242
8534,2020-10-15 15:23:00,266.74,266.84,266.63,266.84,0,0,26336
8535,2020-10-15 15:24:00,266.81,266.98,266.8,266.98,0,0,25077
8536,2020-10-15 15:25:00,266.99,267.27,266.99,267.22,0,0,45919
8537,2020-10-15 15:26:00,267.23,267.29,267.18,267.26,0,0,28390
8538,2020-10-15 15:27:00,267.24,267.29,267.19,267.24,0,0,30188
8539,2020-10-15 15:28:00,267.28,267.3,267.01,267.04,0,0,23746
8540,2020-10-15 15:29:00,267.01,267.1,266.92,267.01,0,0,34507
8541,2020-10-15 15:30:00,267.05,267.13,266.72,266.81,0,0,42966
8542,2020-10-15 15:31:00,266.86,267.04,266.85,267.0,0,0,25226
8543,2020-10-15 15:32:00,267.01,267.15,266.95,266.97,0,0,33837
8544,2020-10-15 15:33:00,266.98,267.08,266.94,267.02,0,0,30444
8545,2020-10-15 15:34:00,267.02,267.05,266.82,266.95,0,0,23371
8546,2020-10-15 15:35:00,266.95,267.1,266.91,266.98,0,0,20072
8547,2020-10-15 15:36:00,266.98,267.1,266.95,267.07,0,0,25925
8548,2020-10-15 15:37:00,267.06,267.31,267.06,267.19,0,0,37281
8549,2020-10-15 15:38:00,267.16,267.16,266.92,266.94,0,0,21027
8550,2020-10-15 15:39:00,266.94,267.02,266.8,266.98,0,0,28438
8551,2020-10-15 15:40:00,266.99,267.16,266.8,266.98,0,0,45792
8552,2020-10-15 15:41:00,267.02,267.34,267.02,267.34,0,0,62418
8553,2020-10-15 15:42:00,267.34,267.38,267.24,267.35,0,0,23228
8554,2020-10-15 15:43:00,267.36,267.39,267.24,267.27,0,0,21892
8555,2020-10-15 15:44:00,267.28,267.36,267.1,267.17,0,0,23448
8556,2020-10-15 15:45:00,267.17,267.21,266.83,266.91,0,0,33611
8557,2020-10-15 15:46:00,266.87,266.99,266.81,266.86,0,0,28261
8558,2020-10-15 15:47:00,266.88,266.9,266.5,266.57,0,0,44465
8559,2020-10-15 15:48:00,266.55,266.9,266.55,266.78,0,0,42255
8560,2020-10-15 15:49:00,266.69,266.85,266.62,266.62,0,0,32090
8561,2020-10-15 15:50:00,266.68,266.99,266.52,266.93,0,0,65662
8562,2020-10-15 15:51:00,266.94,266.99,266.69,266.84,0,0,58741
8563,2020-10-15 15:52:00,266.82,266.89,266.71,266.8,0,0,28546
8564,2020-10-15 15:53:00,266.79,266.87,266.75,266.87,0,0,38008
8565,2020-10-15 15:54:00,266.88,266.96,266.59,266.63,0,0,62204
8566,2020-10-15 15:55:00,266.65,266.8,266.6,266.61,0,0,54710
8567,2020-10-15 15:56:00,266.6,266.61,266.41,266.51,0,0,74347
8568,2020-10-15 15:57:00,266.53,266.6,266.32,266.41,0,0,66732
8569,2020-10-15 15:58:00,266.42,266.66,266.38,266.64,0,0,77261
8570,2020-10-15 15:59:00,266.62,266.9,266.6,266.72,0,0,237836
8571,2020-10-16 09:30:00,267.38,268.28,267.08,267.85,0,0,892609
8572,2020-10-16 09:31:00,267.79,268.11,267.43,267.66,0,0,55581
8573,2020-10-16 09:32:00,267.66,267.89,267.54,267.84,0,0,46691
8574,2020-10-16 09:33:00,267.74,267.91,267.43,267.54,0,0,59296
8575,2020-10-16 09:34:00,268.0,268.33,267.83,268.09,0,0,53870
8576,2020-10-16 09:35:00,268.54,268.76,268.45,268.73,0,0,102503
8577,2020-10-16 09:36:00,269.29,269.42,269.27,269.33,0,0,110925
8578,2020-10-16 09:37:00,269.3,269.46,268.66,268.89,0,0,59002
8579,2020-10-16 09:38:00,269.0,269.35,268.89,269.29,0,0,64132
8580,2020-10-16 09:39:00,269.25,269.71,268.93,269.01,0,0,112622
8581,2020-10-16 09:40:00,269.0,269.11,268.64,268.93,0,0,76631
8582,2020-10-16 09:41:00,269.04,269.3,268.86,269.22,0,0,53977
8583,2020-10-16 09:42:00,268.9,269.0,268.67,268.67,0,0,61866
8584,2020-10-16 09:43:00,269.08,269.08,269.05,269.08,0,0,48966
8585,2020-10-16 09:44:00,269.5,269.5,269.25,269.27,0,0,80913
8586,2020-10-16 09:45:00,269.34,269.74,269.1,269.1,0,0,82263
8587,2020-10-16 09:46:00,268.89,269.08,268.83,269.08,0,0,68422
8588,2020-10-16 09:47:00,269.5,269.64,269.5,269.5,0,0,52330
8589,2020-10-16 09:48:00,269.62,269.65,269.13,269.13,0,0,50869
8590,2020-10-16 09:49:00,269.0,269.45,269.0,269.36,0,0,44770
8591,2020-10-16 09:50:00,269.41,269.41,269.09,269.2,0,0,41884
8592,2020-10-16 09:51:00,269.15,269.28,268.74,268.78,0,0,61959
8593,2020-10-16 09:52:00,268.79,268.96,268.59,268.59,0,0,40540
8594,2020-10-16 09:53:00,268.67,268.79,268.67,268.79,0,0,40904
8595,2020-10-16 09:54:00,268.75,268.82,268.6,268.71,0,0,43204
8596,2020-10-16 09:55:00,269.03,269.19,268.84,269.19,0,0,50951
8597,2020-10-16 09:56:00,269.61,269.67,269.55,269.58,0,0,59030
8598,2020-10-16 09:57:00,269.59,269.79,269.46,269.46,0,0,67730
8599,2020-10-16 09:58:00,269.67,269.7,269.48,269.64,0,0,57954
8600,2020-10-16 09:59:00,269.63,269.79,269.54,269.79,0,0,55598
8601,2020-10-16 10:00:00,269.75,270.42,269.71,270.41,0,0,133991
8602,2020-10-16 10:01:00,270.41,270.52,270.31,270.39,0,0,83267
8603,2020-10-16 10:02:00,270.38,270.95,270.36,270.83,0,0,92936
8604,2020-10-16 10:03:00,270.81,271.03,270.7,270.95,0,0,104294
8605,2020-10-16 10:04:00,270.95,271.09,270.64,270.7,0,0,73825
8606,2020-10-16 10:05:00,270.67,270.85,270.62,270.72,0,0,54779
8607,2020-10-16 10:06:00,270.79,270.8,270.4,270.45,0,0,73017
8608,2020-10-16 10:07:00,270.49,270.58,270.2,270.39,0,0,40135
8609,2020-10-16 10:08:00,270.38,270.54,270.38,270.45,0,0,31462
8610,2020-10-16 10:09:00,270.43,270.67,270.12,270.17,0,0,79157
8611,2020-10-16 10:10:00,270.22,270.45,270.13,270.33,0,0,37506
8612,2020-10-16 10:11:00,270.3,270.6,270.3,270.51,0,0,30836
8613,2020-10-16 10:12:00,270.51,270.62,270.39,270.44,0,0,32279
8614,2020-10-16 10:13:00,270.45,270.58,270.4,270.48,0,0,26300
8615,2020-10-16 10:14:00,270.5,270.52,270.28,270.33,0,0,26015
8616,2020-10-16 10:15:00,270.34,270.36,270.23,270.34,0,0,40733
8617,2020-10-16 10:16:00,270.34,270.43,270.17,270.2,0,0,56486
8618,2020-10-16 10:17:00,270.2,270.23,269.94,270.11,0,0,74481
8619,2020-10-16 10:18:00,270.12,270.26,270.08,270.26,0,0,55019
8620,2020-10-16 10:19:00,270.28,270.73,270.28,270.64,0,0,74621
8621,2020-10-16 10:20:00,270.68,270.99,270.65,270.95,0,0,41603
8622,2020-10-16 10:21:00,270.93,271.21,270.9,271.16,0,0,80517
8623,2020-10-16 10:22:00,271.14,271.37,271.12,271.28,0,0,62964
8624,2020-10-16 10:23:00,271.27,271.31,270.82,270.89,0,0,47475
8625,2020-10-16 10:24:00,270.88,270.99,270.71,270.96,0,0,40509
8626,2020-10-16 10:25:00,270.93,270.95,270.65,270.66,0,0,43062
8627,2020-10-16 10:26:00,270.67,270.67,270.18,270.22,0,0,68761
8628,2020-10-16 10:27:00,270.22,270.43,270.22,270.41,0,0,29070
8629,2020-10-16 10:28:00,270.39,270.42,270.17,270.3,0,0,30163
8630,2020-10-16 10:29:00,270.29,270.29,270.04,270.2,0,0,29411
8631,2020-10-16 10:30:00,270.24,270.3,270.06,270.16,0,0,32823
8632,2020-10-16 10:31:00,270.2,270.22,270.08,270.09,0,0,26329
8633,2020-10-16 10:32:00,270.12,270.19,270.07,270.14,0,0,27959
8634,2020-10-16 10:33:00,270.1,270.21,270.03,270.12,0,0,24356
8635,2020-10-16 10:34:00,270.14,270.17,269.73,269.82,0,0,54308
8636,2020-10-16 10:35:00,269.84,269.86,269.26,269.33,0,0,70257
8637,2020-10-16 10:36:00,269.3,269.32,268.81,268.92,0,0,94680
8638,2020-10-16 10:37:00,268.94,269.04,268.8,268.89,0,0,44489
8639,2020-10-16 10:38:00,268.89,268.89,268.64,268.76,0,0,41243
8640,2020-10-16 10:39:00,268.74,269.08,268.69,269.0,0,0,42214
8641,2020-10-16 10:40:00,269.02,269.1,268.85,269.0,0,0,46200
8642,2020-10-16 10:41:00,269.01,269.13,268.87,268.92,0,0,42569
8643,2020-10-16 10:42:00,268.94,268.94,268.71,268.77,0,0,39324
8644,2020-10-16 10:43:00,268.76,268.77,268.54,268.62,0,0,39871
8645,2020-10-16 10:44:00,268.57,268.62,268.47,268.57,0,0,43804
8646,2020-10-16 10:45:00,268.57,268.77,268.56,268.74,0,0,31305
8647,2020-10-16 10:46:00,268.72,268.98,268.72,268.88,0,0,54550
8648,2020-10-16 10:47:00,268.89,269.0,268.79,268.82,0,0,63728
8649,2020-10-16 10:48:00,268.85,268.89,268.6,268.6,0,0,29078
8650,2020-10-16 10:49:00,268.61,268.61,268.05,268.1,0,0,69536
8651,2020-10-16 10:50:00,268.08,268.08,267.86,267.93,0,0,74888
8652,2020-10-16 10:51:00,267.95,268.01,267.76,267.76,0,0,68254
8653,2020-10-16 10:52:00,267.77,267.82,267.34,267.42,0,0,73613
8654,2020-10-16 10:53:00,267.43,267.76,267.42,267.73,0,0,50868
8655,2020-10-16 10:54:00,267.76,267.99,267.76,267.99,0,0,36974
8656,2020-10-16 10:55:00,268.0,268.15,267.94,268.02,0,0,35880
8657,2020-10-16 10:56:00,268.06,268.18,267.84,268.15,0,0,37656
8658,2020-10-16 10:57:00,268.15,268.15,267.87,267.96,0,0,36144
8659,2020-10-16 10:58:00,267.91,268.0,267.65,267.65,0,0,42562
8660,2020-10-16 10:59:00,267.7,267.72,267.51,267.54,0,0,40618
8661,2020-10-16 11:00:00,267.52,267.54,267.46,267.46,0,0,2885
8662,2020-10-16 11:02:00,267.21,267.3,267.21,267.24,0,0,105352
8663,2020-10-16 11:03:00,267.26,267.49,267.21,267.23,0,0,36272
8664,2020-10-16 11:04:00,267.24,267.39,267.2,267.31,0,0,29971
8665,2020-10-16 11:05:00,267.3,267.3,266.77,266.92,0,0,91071
8666,2020-10-16 11:06:00,266.89,267.17,266.84,267.14,0,0,34856
8667,2020-10-16 11:07:00,267.16,267.2,267.09,267.15,0,0,32303
8668,2020-10-16 11:08:00,267.14,267.15,266.8,266.83,0,0,46247
8669,2020-10-16 11:09:00,266.83,267.05,266.83,267.05,0,0,45487
8670,2020-10-16 11:10:00,267.06,267.06,266.53,266.76,0,0,61950
8671,2020-10-16 11:11:00,266.73,266.99,266.72,266.81,0,0,36587
8672,2020-10-16 11:12:00,266.75,267.02,266.72,266.94,0,0,26271
8673,2020-10-16 11:13:00,266.93,266.98,266.74,266.76,0,0,40359
8674,2020-10-16 11:14:00,266.8,266.94,266.78,266.86,0,0,23444
8675,2020-10-16 11:15:00,266.81,267.07,266.69,266.79,0,0,53214
8676,2020-10-16 11:16:00,266.79,266.88,266.72,266.78,0,0,23578
8677,2020-10-16 11:17:00,266.76,266.77,266.38,266.43,0,0,63926
8678,2020-10-16 11:18:00,266.43,266.43,266.06,266.11,0,0,49873
8679,2020-10-16 11:19:00,266.11,266.65,266.11,266.54,0,0,44233
8680,2020-10-16 11:20:00,266.53,266.53,265.9,266.0,0,0,53956
8681,2020-10-16 11:21:00,266.01,266.33,265.91,266.3,0,0,58200
8682,2020-10-16 11:22:00,266.28,266.33,266.02,266.12,0,0,21969
8683,2020-10-16 11:23:00,266.01,266.07,265.66,265.88,0,0,61385
8684,2020-10-16 11:24:00,265.88,265.96,265.45,265.48,0,0,65695
8685,2020-10-16 11:25:00,265.49,265.64,265.3,265.59,0,0,49682
8686,2020-10-16 11:26:00,265.57,265.82,265.56,265.7,0,0,36183
8687,2020-10-16 11:27:00,265.71,266.27,265.6,266.17,0,0,38370
8688,2020-10-16 11:28:00,266.17,266.43,266.02,266.36,0,0,30992
8689,2020-10-16 11:29:00,266.35,266.62,266.26,266.51,0,0,48494
8690,2020-10-16 11:30:00,266.43,266.87,266.33,266.87,0,0,73154
8691,2020-10-16 11:31:00,266.81,266.81,266.53,266.73,0,0,49091
8692,2020-10-16 11:32:00,266.68,266.74,266.5,266.64,0,0,42740
8693,2020-10-16 11:33:00,266.55,266.65,266.3,266.6,0,0,33105
8694,2020-10-16 11:34:00,266.59,266.82,266.58,266.75,0,0,33567
8695,2020-10-16 11:35:00,266.76,266.79,266.3,266.47,0,0,38307
8696,2020-10-16 11:36:00,266.46,266.66,266.46,266.62,0,0,15068
8697,2020-10-16 11:37:00,266.64,266.82,266.64,266.78,0,0,38424
8698,2020-10-16 11:38:00,266.77,266.86,266.47,266.63,0,0,26371
8699,2020-10-16 11:39:00,266.66,266.73,266.34,266.37,0,0,36370
8700,2020-10-16 11:40:00,266.3,266.44,266.23,266.32,0,0,19346
8701,2020-10-16 11:41:00,266.35,266.71,266.35,266.67,0,0,29304
8702,2020-10-16 11:42:00,266.73,266.94,266.69,266.9,0,0,37242
8703,2020-10-16 11:43:00,266.89,267.0,266.87,266.87,0,0,44234
8704,2020-10-16 11:44:00,266.85,266.88,266.7,266.77,0,0,12874
8705,2020-10-16 11:45:00,266.83,266.88,266.72,266.75,0,0,17526
8706,2020-10-16 11:46:00,266.77,266.91,266.76,266.88,0,0,22987
8707,2020-10-16 11:47:00,266.91,267.07,266.74,266.98,0,0,27439
8708,2020-10-16 11:48:00,266.92,267.0,266.88,266.99,0,0,13319
8709,2020-10-16 11:49:00,267.0,267.22,267.0,267.21,0,0,38686
8710,2020-10-16 11:50:00,267.18,267.2,267.04,267.2,0,0,23745
8711,2020-10-16 11:51:00,267.19,267.29,267.17,267.23,0,0,37374
8712,2020-10-16 11:52:00,267.22,267.25,266.93,267.0,0,0,23775
8713,2020-10-16 11:53:00,267.02,267.16,267.0,267.1,0,0,26676
8714,2020-10-16 11:54:00,267.08,267.45,267.08,267.37,0,0,39446
8715,2020-10-16 11:55:00,267.35,267.5,267.33,267.44,0,0,23604
8716,2020-10-16 11:56:00,267.46,267.55,267.44,267.51,0,0,29296
8717,2020-10-16 11:57:00,267.56,267.68,267.47,267.61,0,0,22041
8718,2020-10-16 11:58:00,267.56,267.6,267.48,267.52,0,0,28334
8719,2020-10-16 11:59:00,267.55,267.71,267.51,267.54,0,0,14857
8720,2020-10-16 12:00:00,267.58,267.73,267.57,267.7,0,0,18439
8721,2020-10-16 12:01:00,267.71,267.71,267.58,267.65,0,0,13526
8722,2020-10-16 12:02:00,267.63,267.63,267.48,267.53,0,0,26111
8723,2020-10-16 12:03:00,267.55,267.62,267.45,267.58,0,0,19448
8724,2020-10-16 12:04:00,267.55,267.65,267.49,267.53,0,0,20760
8725,2020-10-16 12:05:00,267.53,267.59,267.3,267.51,0,0,28359
8726,2020-10-16 12:06:00,267.46,267.61,267.11,267.13,0,0,27492
8727,2020-10-16 12:07:00,267.12,267.14,266.65,266.7,0,0,38370
8728,2020-10-16 12:08:00,266.72,266.85,266.61,266.8,0,0,17672
8729,2020-10-16 12:09:00,266.84,267.08,266.8,266.97,0,0,41309
8730,2020-10-16 12:10:00,266.96,267.03,266.72,267.03,0,0,23653
8731,2020-10-16 12:11:00,267.07,267.11,266.88,266.93,0,0,16347
8732,2020-10-16 12:12:00,266.93,266.99,266.83,266.96,0,0,16676
8733,2020-10-16 12:13:00,266.98,267.17,266.86,267.16,0,0,18236
8734,2020-10-16 12:14:00,267.17,267.26,267.12,267.25,0,0,28899
8735,2020-10-16 12:15:00,267.27,267.27,267.06,267.2,0,0,17929
8736,2020-10-16 12:16:00,267.2,267.48,267.19,267.48,0,0,33461
8737,2020-10-16 12:17:00,267.48,267.51,267.25,267.3,0,0,21779
8738,2020-10-16 12:18:00,267.36,267.4,267.2,267.31,0,0,27405
8739,2020-10-16 12:19:00,267.32,267.41,267.25,267.38,0,0,18594
8740,2020-10-16 12:20:00,267.33,267.45,267.16,267.16,0,0,14734
8741,2020-10-16 12:21:00,267.17,267.33,267.14,267.22,0,0,5570
8742,2020-10-16 12:22:00,267.21,267.21,267.04,267.07,0,0,17270
8743,2020-10-16 12:23:00,267.02,267.1,266.9,266.99,0,0,9910
8744,2020-10-16 12:24:00,267.02,267.08,266.9,266.91,0,0,7295
8745,2020-10-16 12:25:00,266.85,266.93,266.8,266.9,0,0,7502
8746,2020-10-16 12:26:00,266.9,266.99,266.83,266.87,0,0,12393
8747,2020-10-16 12:27:00,266.85,267.0,266.85,266.95,0,0,23828
8748,2020-10-16 12:28:00,266.96,267.08,266.96,267.05,0,0,20158
8749,2020-10-16 12:29:00,267.03,267.07,266.98,267.0,0,0,14290
8750,2020-10-16 12:30:00,266.97,267.06,266.9,266.98,0,0,20044
8751,2020-10-16 12:31:00,266.97,267.0,266.81,266.85,0,0,14750
8752,2020-10-16 12:32:00,266.85,266.85,266.45,266.52,0,0,38304
8753,2020-10-16 12:33:00,266.49,266.55,266.34,266.53,0,0,49977
8754,2020-10-16 12:34:00,266.57,266.7,266.54,266.65,0,0,12461
8755,2020-10-16 12:35:00,266.67,266.7,266.22,266.28,0,0,15841
8756,2020-10-16 12:36:00,266.3,266.38,266.2,266.24,0,0,14103
8757,2020-10-16 12:37:00,266.31,266.55,266.29,266.46,0,0,22913
8758,2020-10-16 12:38:00,266.46,266.54,266.34,266.42,0,0,18869
8759,2020-10-16 12:39:00,266.45,266.56,266.39,266.5,0,0,19747
8760,2020-10-16 12:40:00,266.53,266.53,266.33,266.44,0,0,19922
8761,2020-10-16 12:41:00,266.41,266.44,266.24,266.3,0,0,14606
8762,2020-10-16 12:42:00,266.29,266.29,266.0,266.26,0,0,23657
8763,2020-10-16 12:43:00,266.28,266.42,266.26,266.33,0,0,17827
8764,2020-10-16 12:44:00,266.33,266.39,266.22,266.34,0,0,15633
8765,2020-10-16 12:45:00,266.33,266.63,266.33,266.58,0,0,16058
8766,2020-10-16 12:46:00,266.6,266.87,266.6,266.83,0,0,20747
8767,2020-10-16 12:47:00,266.83,266.97,266.79,266.94,0,0,21876
8768,2020-10-16 12:48:00,266.89,267.08,266.87,266.92,0,0,25167
8769,2020-10-16 12:49:00,266.9,267.0,266.82,266.98,0,0,18176
8770,2020-10-16 12:50:00,267.0,267.02,266.7,266.78,0,0,14451
8771,2020-10-16 12:51:00,266.78,266.78,266.5,266.73,0,0,17390
8772,2020-10-16 12:52:00,266.75,266.9,266.74,266.79,0,0,13138
8773,2020-10-16 12:53:00,266.79,266.89,266.77,266.85,0,0,13722
8774,2020-10-16 12:54:00,266.8,266.97,266.74,266.91,0,0,10406
8775,2020-10-16 12:55:00,266.94,266.98,266.75,266.83,0,0,11640
8776,2020-10-16 12:56:00,266.8,267.1,266.77,267.09,0,0,22788
8777,2020-10-16 12:57:00,267.06,267.2,266.99,267.16,0,0,222066
8778,2020-10-16 12:58:00,267.14,267.23,267.08,267.11,0,0,26340
8779,2020-10-16 12:59:00,267.14,267.18,267.08,267.17,0,0,73021
8780,2020-10-16 13:00:00,267.09,267.15,267.05,267.05,0,0,5495
8781,2020-10-16 13:01:00,267.03,267.08,267.01,267.01,0,0,11515
8782,2020-10-16 13:02:00,267.06,267.21,267.06,267.12,0,0,14524
8783,2020-10-16 13:03:00,267.08,267.17,267.07,267.08,0,0,8827
8784,2020-10-16 13:04:00,267.03,267.11,266.78,266.81,0,0,276607
8785,2020-10-16 13:05:00,266.85,266.89,266.65,266.75,0,0,20968
8786,2020-10-16 13:06:00,266.76,266.76,266.62,266.71,0,0,17816
8787,2020-10-16 13:07:00,266.73,266.8,266.7,266.79,0,0,12391
8788,2020-10-16 13:08:00,266.8,266.97,266.77,266.92,0,0,16493
8789,2020-10-16 13:09:00,266.95,267.05,266.92,266.96,0,0,10187
8790,2020-10-16 13:10:00,266.94,267.17,266.91,267.1,0,0,17153
8791,2020-10-16 13:11:00,267.11,267.3,267.09,267.29,0,0,19594
8792,2020-10-16 13:12:00,267.27,267.27,267.13,267.26,0,0,13549
8793,2020-10-16 13:13:00,267.24,267.24,267.11,267.12,0,0,13057
8794,2020-10-16 13:14:00,267.14,267.23,267.11,267.19,0,0,15266
8795,2020-10-16 13:15:00,267.2,267.36,267.18,267.3,0,0,29907
8796,2020-10-16 13:16:00,267.27,267.39,267.27,267.35,0,0,16557
8797,2020-10-16 13:17:00,267.37,267.59,267.36,267.53,0,0,19464
8798,2020-10-16 13:18:00,267.55,267.59,267.44,267.47,0,0,15362
8799,2020-10-16 13:19:00,267.46,267.54,267.37,267.4,0,0,17811
8800,2020-10-16 13:20:00,267.41,267.41,267.35,267.39,0,0,6033
8801,2020-10-16 13:21:00,267.38,267.5,267.38,267.5,0,0,10835
8802,2020-10-16 13:22:00,267.52,267.64,267.52,267.59,0,0,16497
8803,2020-10-16 13:23:00,267.58,267.69,267.57,267.66,0,0,16404
8804,2020-10-16 13:24:00,267.62,267.62,267.48,267.55,0,0,16002
8805,2020-10-16 13:25:00,267.58,267.65,267.54,267.63,0,0,21148
8806,2020-10-16 13:26:00,267.61,267.63,267.45,267.49,0,0,23993
8807,2020-10-16 13:27:00,267.52,267.58,267.42,267.48,0,0,14718
8808,2020-10-16 13:28:00,267.49,267.55,267.3,267.3,0,0,14220
8809,2020-10-16 13:29:00,267.36,267.49,267.35,267.45,0,0,14853
8810,2020-10-16 13:30:00,267.46,267.47,267.15,267.17,0,0,14602
8811,2020-10-16 13:31:00,267.21,267.37,267.19,267.35,0,0,20536
8812,2020-10-16 13:32:00,267.39,267.45,267.09,267.12,0,0,40955
8813,2020-10-16 13:33:00,267.1,267.26,267.1,267.26,0,0,15438
8814,2020-10-16 13:34:00,267.26,267.45,267.24,267.45,0,0,27635
8815,2020-10-16 13:35:00,267.44,267.5,267.32,267.47,0,0,15725
8816,2020-10-16 13:36:00,267.47,267.55,267.43,267.51,0,0,19904
8817,2020-10-16 13:37:00,267.5,267.54,267.47,267.51,0,0,14960
8818,2020-10-16 13:38:00,267.5,267.62,267.48,267.52,0,0,19497
8819,2020-10-16 13:39:00,267.48,267.51,267.45,267.5,0,0,13401
8820,2020-10-16 13:40:00,267.52,267.59,267.49,267.49,0,0,23797
8821,2020-10-16 13:41:00,267.51,267.56,267.22,267.27,0,0,21498
8822,2020-10-16 13:42:00,267.31,267.31,267.23,267.25,0,0,12636
8823,2020-10-16 13:43:00,267.27,267.36,267.22,267.25,0,0,0
8824,2020-10-16 13:44:00,267.26,267.29,267.15,267.18,0,0,9902
8825,2020-10-16 13:45:00,267.2,267.24,266.98,267.03,0,0,28108
8826,2020-10-16 13:46:00,267.05,267.21,267.04,267.14,0,0,16073
8827,2020-10-16 13:47:00,267.12,267.27,267.12,267.23,0,0,10519
8828,2020-10-16 13:48:00,267.28,267.4,267.24,267.38,0,0,15408
8829,2020-10-16 13:49:00,267.4,267.54,267.4,267.45,0,0,21326
8830,2020-10-16 13:50:00,267.45,267.51,267.38,267.5,0,0,7735
8831,2020-10-16 13:51:00,267.49,267.56,267.49,267.55,0,0,18812
8832,2020-10-16 13:52:00,267.51,267.59,267.45,267.55,0,0,19666
8833,2020-10-16 13:53:00,267.55,267.56,267.44,267.52,0,0,19425
8834,2020-10-16 13:54:00,267.52,267.58,267.48,267.49,0,0,9194
8835,2020-10-16 13:55:00,267.51,267.53,267.21,267.33,0,0,23776
8836,2020-10-16 13:56:00,267.31,267.36,267.25,267.36,0,0,6710
8837,2020-10-16 13:57:00,267.35,267.36,267.14,267.2,0,0,0
8838,2020-10-16 13:58:00,267.19,267.34,267.16,267.24,0,0,14066
8839,2020-10-16 13:59:00,267.25,267.28,267.16,267.25,0,0,11895
8840,2020-10-16 14:00:00,267.23,267.57,267.23,267.49,0,0,24103
8841,2020-10-16 14:01:00,267.45,267.49,267.36,267.45,0,0,12540
8842,2020-10-16 14:02:00,267.45,267.59,267.45,267.49,0,0,13409
8843,2020-10-16 14:03:00,267.47,267.54,267.28,267.36,0,0,18133
8844,2020-10-16 14:04:00,267.37,267.37,267.02,267.12,0,0,24164
8845,2020-10-16 14:05:00,267.14,267.44,267.14,267.43,0,0,15943
8846,2020-10-16 14:06:00,267.4,267.63,267.4,267.63,0,0,20243
8847,2020-10-16 14:07:00,267.65,267.85,267.65,267.76,0,0,32500
8848,2020-10-16 14:08:00,267.76,267.84,267.73,267.79,0,0,29244
8849,2020-10-16 14:09:00,267.76,267.8,267.69,267.73,0,0,22103
8850,2020-10-16 14:10:00,267.73,267.79,267.61,267.62,0,0,16776
8851,2020-10-16 14:11:00,267.67,267.9,267.67,267.81,0,0,33517
8852,2020-10-16 14:12:00,267.84,267.98,267.78,267.89,0,0,29432
8853,2020-10-16 14:13:00,267.87,267.87,267.7,267.75,0,0,10472
8854,2020-10-16 14:14:00,267.79,267.79,267.61,267.64,0,0,14301
8855,2020-10-16 14:15:00,267.63,267.85,267.62,267.74,0,0,21912
8856,2020-10-16 14:16:00,267.8,267.87,267.73,267.81,0,0,18990
8857,2020-10-16 14:17:00,267.82,267.82,267.7,267.73,0,0,27608
8858,2020-10-16 14:18:00,267.72,267.72,267.57,267.57,0,0,10932
8859,2020-10-16 14:19:00,267.59,267.8,267.56,267.75,0,0,16177
8860,2020-10-16 14:20:00,267.78,267.89,267.69,267.75,0,0,22256
8861,2020-10-16 14:21:00,267.74,267.74,267.61,267.67,0,0,7300
8862,2020-10-16 14:22:00,267.66,267.85,267.64,267.77,0,0,25071
8863,2020-10-16 14:23:00,267.77,267.79,267.65,267.67,0,0,9565
8864,2020-10-16 14:24:00,267.68,267.75,267.59,267.74,0,0,11033
8865,2020-10-16 14:25:00,267.72,267.75,267.6,267.67,0,0,14723
8866,2020-10-16 14:26:00,267.64,267.78,267.6,267.72,0,0,13060
8867,2020-10-16 14:27:00,267.71,267.84,267.65,267.84,0,0,6653
8868,2020-10-16 14:28:00,267.82,267.91,267.71,267.8,0,0,19741
8869,2020-10-16 14:29:00,267.83,267.98,267.78,267.9,0,0,11081
8870,2020-10-16 14:30:00,267.95,267.96,267.71,267.8,0,0,16477
8871,2020-10-16 14:31:00,267.8,267.83,267.76,267.76,0,0,10650
8872,2020-10-16 14:32:00,267.81,267.87,267.79,267.79,0,0,12363
8873,2020-10-16 14:33:00,267.82,267.86,267.73,267.81,0,0,9749
8874,2020-10-16 14:34:00,267.83,267.88,267.78,267.82,0,0,12791
8875,2020-10-16 14:35:00,267.8,267.85,267.69,267.76,0,0,17592
8876,2020-10-16 14:36:00,267.74,267.87,267.73,267.78,0,0,8289
8877,2020-10-16 14:37:00,267.8,267.84,267.6,267.78,0,0,69978
8878,2020-10-16 14:38:00,267.77,267.92,267.77,267.83,0,0,22381
8879,2020-10-16 14:39:00,267.83,267.86,267.77,267.81,0,0,16689
8880,2020-10-16 14:40:00,267.83,267.85,267.56,267.57,0,0,25234
8881,2020-10-16 14:41:00,267.55,267.56,267.32,267.35,0,0,38537
8882,2020-10-16 14:42:00,267.35,267.39,267.15,267.35,0,0,51313
8883,2020-10-16 14:43:00,267.29,267.4,267.28,267.33,0,0,15712
8884,2020-10-16 14:44:00,267.33,267.44,267.33,267.41,0,0,12430
8885,2020-10-16 14:45:00,267.42,267.47,267.4,267.47,0,0,10758
8886,2020-10-16 14:46:00,267.51,267.67,267.5,267.67,0,0,30785
8887,2020-10-16 14:47:00,267.67,267.7,267.45,267.53,0,0,39236
8888,2020-10-16 14:48:00,267.53,267.6,267.42,267.45,0,0,6855
8889,2020-10-16 14:49:00,267.45,267.56,267.33,267.52,0,0,13413
8890,2020-10-16 14:50:00,267.52,267.7,267.49,267.7,0,0,13258
8891,2020-10-16 14:51:00,267.66,267.77,267.65,267.76,0,0,15995
8892,2020-10-16 14:52:00,267.72,267.8,267.67,267.74,0,0,14387
8893,2020-10-16 14:53:00,267.74,267.93,267.7,267.93,0,0,18958
8894,2020-10-16 14:54:00,267.93,268.05,267.9,268.01,0,0,38652
8895,2020-10-16 14:55:00,268.01,268.05,267.91,268.03,0,0,23487
8896,2020-10-16 14:56:00,268.02,268.22,267.95,268.21,0,0,38439
8897,2020-10-16 14:57:00,268.23,268.34,268.14,268.18,0,0,43182
8898,2020-10-16 14:58:00,268.15,268.19,268.01,268.11,0,0,31515
8899,2020-10-16 14:59:00,268.08,268.14,268.0,268.03,0,0,11394
8900,2020-10-16 15:00:00,268.08,268.08,267.89,268.02,0,0,25568
8901,2020-10-16 15:01:00,267.96,268.0,267.78,267.78,0,0,22264
8902,2020-10-16 15:02:00,267.8,267.8,267.48,267.49,0,0,34828
8903,2020-10-16 15:03:00,267.53,267.68,267.4,267.61,0,0,21195
8904,2020-10-16 15:04:00,267.61,267.61,267.3,267.52,0,0,25812
8905,2020-10-16 15:05:00,267.48,267.48,267.17,267.27,0,0,44111
8906,2020-10-16 15:06:00,267.32,267.42,267.27,267.36,0,0,18394
8907,2020-10-16 15:07:00,267.39,267.47,267.32,267.35,0,0,15486
8908,2020-10-16 15:08:00,267.35,267.48,267.32,267.47,0,0,13060
8909,2020-10-16 15:09:00,267.48,267.48,267.32,267.39,0,0,12602
8910,2020-10-16 15:10:00,267.42,267.46,267.23,267.23,0,0,14880
8911,2020-10-16 15:11:00,267.27,267.4,267.23,267.4,0,0,11378
8912,2020-10-16 15:12:00,267.43,267.43,267.31,267.33,0,0,13963
8913,2020-10-16 15:13:00,267.29,267.29,267.07,267.07,0,0,27253
8914,2020-10-16 15:14:00,267.05,267.09,266.97,266.99,0,0,23258
8915,2020-10-16 15:15:00,267.0,267.12,266.93,267.11,0,0,22129
8916,2020-10-16 15:16:00,267.12,267.24,267.03,267.14,0,0,25364
8917,2020-10-16 15:17:00,267.12,267.18,267.03,267.11,0,0,19796
8918,2020-10-16 15:18:00,267.08,267.09,267.0,267.04,0,0,11881
8919,2020-10-16 15:19:00,267.04,267.21,267.04,267.18,0,0,17502
8920,2020-10-16 15:20:00,267.19,267.24,267.06,267.18,0,0,12955
8921,2020-10-16 15:21:00,267.2,267.23,267.08,267.1,0,0,17019
8922,2020-10-16 15:22:00,267.08,267.11,266.92,267.04,0,0,31006
8923,2020-10-16 15:23:00,267.05,267.05,266.93,266.96,0,0,21021
8924,2020-10-16 15:24:00,266.93,267.02,266.82,266.99,0,0,26957
8925,2020-10-16 15:25:00,266.99,267.03,266.86,266.98,0,0,18374
8926,2020-10-16 15:26:00,266.99,267.12,266.95,267.11,0,0,27913
8927,2020-10-16 15:27:00,267.11,267.15,267.0,267.11,0,0,22243
8928,2020-10-16 15:28:00,267.08,267.18,267.02,267.16,0,0,19522
8929,2020-10-16 15:29:00,267.13,267.14,267.04,267.07,0,0,20230
8930,2020-10-16 15:30:00,267.09,267.13,266.72,266.79,0,0,46482
8931,2020-10-16 15:31:00,266.75,266.9,266.72,266.82,0,0,26387
8932,2020-10-16 15:32:00,266.86,267.02,266.86,266.95,0,0,28129
8933,2020-10-16 15:33:00,266.93,266.96,266.83,266.88,0,0,13456
8934,2020-10-16 15:34:00,266.85,266.85,266.67,266.79,0,0,35740
8935,2020-10-16 15:35:00,266.8,266.81,266.64,266.76,0,0,31680
8936,2020-10-16 15:36:00,266.76,266.84,266.65,266.74,0,0,32063
8937,2020-10-16 15:37:00,266.74,266.85,266.63,266.66,0,0,27111
8938,2020-10-16 15:38:00,266.68,266.71,266.55,266.55,0,0,20233
8939,2020-10-16 15:39:00,266.56,266.65,266.53,266.54,0,0,20326
8940,2020-10-16 15:40:00,266.54,266.6,266.39,266.55,0,0,28238
8941,2020-10-16 15:41:00,266.55,266.57,266.23,266.31,0,0,33488
8942,2020-10-16 15:42:00,266.3,266.43,266.24,266.38,0,0,29076
8943,2020-10-16 15:43:00,266.39,266.58,266.38,266.54,0,0,27492
8944,2020-10-16 15:44:00,266.54,266.62,266.42,266.53,0,0,30366
8945,2020-10-16 15:45:00,266.55,266.75,266.49,266.67,0,0,36928
8946,2020-10-16 15:46:00,266.67,266.86,266.65,266.79,0,0,78877
8947,2020-10-16 15:47:00,266.8,266.96,266.68,266.89,0,0,26803
8948,2020-10-16 15:48:00,266.92,267.06,266.82,266.99,0,0,35672
8949,2020-10-16 15:49:00,267.03,267.06,266.91,266.98,0,0,33378
8950,2020-10-16 15:50:00,266.97,266.97,266.54,266.61,0,0,70024
8951,2020-10-16 15:51:00,266.56,266.68,266.42,266.52,0,0,56855
8952,2020-10-16 15:52:00,266.53,266.61,266.36,266.39,0,0,40236
8953,2020-10-16 15:53:00,266.37,266.46,266.31,266.36,0,0,54465
8954,2020-10-16 15:54:00,266.38,266.41,266.09,266.13,0,0,70638
8955,2020-10-16 15:55:00,266.16,266.3,266.11,266.27,0,0,89465
8956,2020-10-16 15:56:00,266.26,266.26,266.02,266.02,0,0,99177
8957,2020-10-16 15:57:00,266.03,266.25,266.01,266.16,0,0,93020
8958,2020-10-16 15:58:00,266.17,266.17,265.84,265.98,0,0,121928
8959,2020-10-16 15:59:00,266.0,266.0,265.49,265.93,0,0,426711
8960,2020-10-19 09:30:00,265.53,266.94,265.22,266.43,0,0,391211
8961,2020-10-19 09:31:00,266.41,266.65,265.85,266.27,0,0,67535
8962,2020-10-19 09:32:00,266.32,266.49,265.69,265.89,0,0,50574
8963,2020-10-19 09:33:00,265.9,266.14,265.64,266.09,0,0,39479
8964,2020-10-19 09:34:00,266.13,266.21,265.94,266.16,0,0,36692
8965,2020-10-19 09:35:00,266.15,267.16,266.13,267.03,0,0,67898
8966,2020-10-19 09:36:00,267.07,267.4,266.84,267.4,0,0,48600
8967,2020-10-19 09:37:00,267.39,267.72,267.24,267.3,0,0,42273
8968,2020-10-19 09:38:00,267.32,267.7,267.31,267.65,0,0,44832
8969,2020-10-19 09:39:00,267.61,267.61,267.37,267.46,0,0,41839
8970,2020-10-19 09:40:00,267.52,267.99,267.51,267.76,0,0,49375
8971,2020-10-19 09:41:00,267.8,268.14,267.77,268.05,0,0,62959
8972,2020-10-19 09:42:00,268.07,268.15,267.74,267.75,0,0,51007
8973,2020-10-19 09:43:00,267.75,268.39,267.73,268.31,0,0,50663
8974,2020-10-19 09:44:00,268.36,268.39,268.08,268.38,0,0,32246
8975,2020-10-19 09:45:00,268.39,268.42,268.13,268.13,0,0,33959
8976,2020-10-19 09:46:00,268.13,268.26,268.01,268.03,0,0,24142
8977,2020-10-19 09:47:00,267.66,267.83,267.66,267.7,0,0,46150
8978,2020-10-19 09:48:00,267.73,267.75,267.44,267.53,0,0,46547
8979,2020-10-19 09:49:00,267.58,267.58,267.07,267.12,0,0,34445
8980,2020-10-19 09:50:00,267.0,267.31,266.91,267.2,0,0,49698
8981,2020-10-19 09:51:00,267.26,267.29,267.19,267.24,0,0,23160
8982,2020-10-19 09:52:00,267.23,267.29,267.07,267.13,0,0,31364
8983,2020-10-19 09:53:00,266.75,266.95,266.68,266.86,0,0,45880
8984,2020-10-19 09:54:00,266.25,266.48,266.1,266.46,0,0,64943
8985,2020-10-19 09:55:00,266.33,266.38,265.93,265.93,0,0,27874
8986,2020-10-19 09:56:00,265.94,266.39,265.83,266.32,0,0,47882
8987,2020-10-19 09:57:00,266.5,266.62,266.42,266.5,0,0,27306
8988,2020-10-19 09:58:00,266.22,266.52,266.2,266.27,0,0,21738
8989,2020-10-19 09:59:00,266.24,266.28,265.85,265.91,0,0,32864
8990,2020-10-19 10:00:00,265.86,265.87,265.59,265.71,0,0,38058
8991,2020-10-19 10:01:00,265.72,265.79,265.41,265.58,0,0,48210
8992,2020-10-19 10:02:00,265.48,265.53,265.13,265.26,0,0,82910
8993,2020-10-19 10:03:00,265.27,265.47,265.02,265.42,0,0,68324
8994,2020-10-19 10:04:00,265.39,265.55,264.76,264.9,0,0,112411
8995,2020-10-19 10:05:00,264.88,264.88,264.43,264.58,0,0,64376
8996,2020-10-19 10:06:00,264.6,264.61,264.14,264.39,0,0,40767
8997,2020-10-19 10:07:00,264.39,264.46,264.12,264.42,0,0,66133
8998,2020-10-19 10:08:00,264.42,264.76,264.4,264.45,0,0,51906
8999,2020-10-19 10:09:00,264.38,264.38,264.07,264.12,0,0,32381
9000,2020-10-19 10:10:00,264.1,264.23,263.92,264.23,0,0,49970
9001,2020-10-19 10:11:00,264.2,264.2,263.68,263.9,0,0,57738
9002,2020-10-19 10:12:00,263.9,264.26,263.8,264.18,0,0,50547
9003,2020-10-19 10:13:00,264.23,264.46,264.03,264.38,0,0,33809
9004,2020-10-19 10:14:00,264.33,264.33,264.14,264.17,0,0,34034
9005,2020-10-19 10:15:00,264.16,264.22,263.94,264.21,0,0,32347
9006,2020-10-19 10:16:00,264.18,264.55,264.14,264.48,0,0,43037
9007,2020-10-19 10:17:00,264.5,264.51,264.21,264.34,0,0,35705
9008,2020-10-19 10:18:00,264.36,264.63,264.36,264.59,0,0,23830
9009,2020-10-19 10:19:00,264.65,264.77,264.6,264.6,0,0,48569
9010,2020-10-19 10:20:00,264.66,264.67,264.19,264.21,0,0,32953
9011,2020-10-19 10:21:00,264.25,264.37,264.16,264.22,0,0,33322
9012,2020-10-19 10:22:00,264.17,264.38,264.12,264.35,0,0,19381
9013,2020-10-19 10:23:00,264.4,264.44,264.12,264.27,0,0,21645
9014,2020-10-19 10:24:00,264.22,264.42,264.2,264.42,0,0,14124
9015,2020-10-19 10:25:00,264.38,264.6,264.32,264.51,0,0,24216
9016,2020-10-19 10:26:00,264.5,264.72,264.43,264.67,0,0,26428
9017,2020-10-19 10:27:00,264.68,264.73,264.56,264.64,0,0,17209
9018,2020-10-19 10:28:00,264.63,264.8,264.6,264.72,0,0,22646
9019,2020-10-19 10:29:00,264.73,264.98,264.72,264.92,0,0,30563
9020,2020-10-19 10:30:00,264.92,264.97,264.48,264.56,0,0,30440
9021,2020-10-19 10:31:00,264.53,264.55,264.2,264.34,0,0,21724
9022,2020-10-19 10:32:00,264.39,264.4,264.1,264.11,0,0,22994
9023,2020-10-19 10:33:00,264.09,264.09,263.8,263.88,0,0,44516
9024,2020-10-19 10:34:00,263.89,263.89,263.61,263.69,0,0,31065
9025,2020-10-19 10:35:00,263.69,263.69,263.13,263.13,0,0,55599
9026,2020-10-19 10:36:00,263.12,263.13,262.55,262.61,0,0,96159
9027,2020-10-19 10:37:00,262.6,262.6,261.83,261.96,0,0,140748
9028,2020-10-19 10:38:00,261.93,262.24,261.93,262.11,0,0,36661
9029,2020-10-19 10:39:00,262.12,262.32,262.01,262.21,0,0,55763
9030,2020-10-19 10:40:00,262.15,262.57,262.02,262.57,0,0,40952
9031,2020-10-19 10:41:00,262.52,262.78,262.31,262.62,0,0,43967
9032,2020-10-19 10:42:00,262.64,262.92,262.59,262.79,0,0,45376
9033,2020-10-19 10:43:00,262.77,262.79,262.63,262.67,0,0,31228
9034,2020-10-19 10:44:00,262.68,262.75,262.29,262.47,0,0,56483
9035,2020-10-19 10:45:00,262.43,262.48,262.11,262.22,0,0,50753
9036,2020-10-19 10:46:00,262.28,262.73,262.18,262.63,0,0,88574
9037,2020-10-19 10:47:00,262.63,262.84,262.55,262.55,0,0,44601
9038,2020-10-19 10:48:00,262.54,263.19,262.54,263.07,0,0,36758
9039,2020-10-19 10:49:00,263.05,263.07,262.89,263.04,0,0,13113
9040,2020-10-19 10:50:00,262.96,263.25,262.76,263.23,0,0,20533
9041,2020-10-19 10:51:00,263.27,263.27,262.93,263.02,0,0,13046
9042,2020-10-19 10:52:00,263.04,263.08,262.82,262.93,0,0,24816
9043,2020-10-19 10:53:00,262.9,263.29,262.9,263.11,0,0,21862
9044,2020-10-19 10:54:00,263.06,263.29,262.94,262.97,0,0,41058
9045,2020-10-19 10:55:00,262.97,263.12,262.65,263.02,0,0,36101
9046,2020-10-19 10:56:00,263.0,263.04,262.76,262.99,0,0,33064
9047,2020-10-19 10:57:00,263.04,263.32,262.9,263.2,0,0,33120
9048,2020-10-19 10:58:00,263.2,263.59,263.2,263.55,0,0,36729
9049,2020-10-19 10:59:00,263.54,263.67,263.47,263.53,0,0,40206
9050,2020-10-19 11:00:00,263.5,263.75,263.4,263.58,0,0,45947
9051,2020-10-19 11:01:00,263.61,263.68,263.46,263.6,0,0,15645
9052,2020-10-19 11:02:00,263.55,263.66,263.52,263.59,0,0,10886
9053,2020-10-19 11:03:00,263.58,263.95,263.55,263.94,0,0,28479
9054,2020-10-19 11:04:00,263.95,264.07,263.88,264.05,0,0,35193
9055,2020-10-19 11:05:00,264.06,264.14,263.96,264.0,0,0,25789
9056,2020-10-19 11:06:00,264.04,264.47,263.95,264.38,0,0,47415
9057,2020-10-19 11:07:00,264.36,264.37,264.02,264.14,0,0,13901
9058,2020-10-19 11:08:00,264.1,264.33,264.08,264.16,0,0,22910
9059,2020-10-19 11:09:00,264.19,264.25,264.08,264.24,0,0,7063
9060,2020-10-19 11:10:00,264.21,264.35,264.13,264.28,0,0,11807
9061,2020-10-19 11:11:00,264.35,264.46,264.33,264.37,0,0,19274
9062,2020-10-19 11:12:00,264.41,264.56,264.34,264.51,0,0,17186
9063,2020-10-19 11:13:00,264.55,264.58,264.45,264.56,0,0,15218
9064,2020-10-19 11:14:00,264.56,264.6,264.33,264.56,0,0,21943
9065,2020-10-19 11:15:00,264.61,264.62,264.38,264.38,0,0,9749
9066,2020-10-19 11:16:00,264.41,264.46,264.11,264.43,0,0,36669
9067,2020-10-19 11:17:00,264.5,264.88,264.49,264.86,0,0,41301
9068,2020-10-19 11:18:00,264.88,264.9,264.73,264.74,0,0,19699
9069,2020-10-19 11:19:00,264.71,264.71,264.43,264.44,0,0,11526
9070,2020-10-19 11:20:00,264.5,264.53,264.1,264.29,0,0,23504
9071,2020-10-19 11:21:00,264.34,264.42,264.19,264.25,0,0,9553
9072,2020-10-19 11:22:00,264.3,264.31,263.91,263.91,0,0,20572
9073,2020-10-19 11:23:00,263.9,263.9,263.35,263.5,0,0,43231
9074,2020-10-19 11:24:00,263.5,263.79,263.5,263.76,0,0,20706
9075,2020-10-19 11:25:00,263.73,263.94,263.58,263.94,0,0,11618
9076,2020-10-19 11:26:00,263.87,264.02,263.82,264.0,0,0,13582
9077,2020-10-19 11:27:00,263.93,264.07,263.86,264.0,0,0,19596
9078,2020-10-19 11:28:00,264.02,264.1,263.96,264.07,0,0,16200
9079,2020-10-19 11:29:00,264.05,264.28,264.05,264.16,0,0,31080
9080,2020-10-19 11:30:00,264.15,264.4,264.07,264.26,0,0,24816
9081,2020-10-19 11:31:00,264.21,264.22,264.01,264.04,0,0,20326
9082,2020-10-19 11:32:00,264.02,264.19,263.92,264.14,0,0,18659
9083,2020-10-19 11:33:00,264.16,264.24,264.0,264.21,0,0,12971
9084,2020-10-19 11:34:00,264.27,264.46,264.18,264.21,0,0,20775
9085,2020-10-19 11:35:00,264.21,264.65,264.21,264.47,0,0,39135
9086,2020-10-19 11:36:00,264.51,264.59,264.47,264.59,0,0,9525
9087,2020-10-19 11:37:00,264.52,264.79,264.48,264.73,0,0,13142
9088,2020-10-19 11:38:00,264.68,264.72,264.55,264.66,0,0,9803
9089,2020-10-19 11:39:00,264.65,264.67,264.46,264.57,0,0,12878
9090,2020-10-19 11:40:00,264.54,264.77,264.52,264.73,0,0,8818
9091,2020-10-19 11:41:00,264.7,264.91,264.7,264.8,0,0,27951
9092,2020-10-19 11:42:00,264.77,264.87,264.71,264.71,0,0,10861
9093,2020-10-19 11:43:00,264.74,264.74,264.32,264.48,0,0,24202
9094,2020-10-19 11:44:00,264.39,264.56,264.33,264.53,0,0,11501
9095,2020-10-19 11:45:00,264.52,264.55,264.24,264.3,0,0,11196
9096,2020-10-19 11:46:00,264.32,264.51,264.32,264.48,0,0,9146
9097,2020-10-19 11:47:00,264.49,264.62,264.31,264.33,0,0,29197
9098,2020-10-19 11:48:00,264.36,264.41,264.27,264.27,0,0,9967
9099,2020-10-19 11:49:00,264.3,264.39,263.96,264.06,0,0,29617
9100,2020-10-19 11:50:00,264.04,264.3,263.95,264.3,0,0,11676
9101,2020-10-19 11:51:00,264.29,264.31,264.2,264.24,0,0,5120
9102,2020-10-19 11:52:00,264.29,264.35,264.19,264.32,0,0,6846
9103,2020-10-19 11:53:00,264.31,264.34,264.19,264.28,0,0,11931
9104,2020-10-19 11:54:00,264.18,264.2,263.94,263.97,0,0,12784
9105,2020-10-19 11:55:00,264.02,264.06,263.85,263.94,0,0,11244
9106,2020-10-19 11:56:00,264.0,264.1,263.91,263.96,0,0,8806
9107,2020-10-19 11:57:00,263.9,263.91,263.73,263.83,0,0,13033
9108,2020-10-19 11:58:00,263.83,264.03,263.75,263.77,0,0,13794
9109,2020-10-19 11:59:00,263.77,263.83,263.65,263.78,0,0,16638
9110,2020-10-19 12:00:00,263.74,263.94,263.64,263.83,0,0,18413
9111,2020-10-19 12:01:00,263.89,263.89,263.66,263.68,0,0,9789
9112,2020-10-19 12:02:00,263.65,263.66,263.37,263.39,0,0,31516
9113,2020-10-19 12:03:00,263.42,264.08,263.42,263.9,0,0,37235
9114,2020-10-19 12:04:00,263.89,264.13,263.86,263.92,0,0,16272
9115,2020-10-19 12:05:00,263.86,263.89,263.36,263.48,0,0,21327
9116,2020-10-19 12:06:00,263.44,263.68,263.17,263.67,0,0,20583
9117,2020-10-19 12:07:00,263.65,264.19,263.65,264.03,0,0,29828
9118,2020-10-19 12:08:00,264.02,264.02,263.83,263.89,0,0,35277
9119,2020-10-19 12:09:00,263.88,264.04,263.6,263.72,0,0,36048
9120,2020-10-19 12:10:00,263.73,263.89,263.66,263.8,0,0,22809
9121,2020-10-19 12:11:00,263.75,263.81,263.45,263.49,0,0,18623
9122,2020-10-19 12:12:00,263.53,263.53,263.38,263.42,0,0,14143
9123,2020-10-19 12:13:00,263.44,263.47,262.99,263.2,0,0,35203
9124,2020-10-19 12:14:00,263.16,263.25,263.06,263.25,0,0,11260
9125,2020-10-19 12:15:00,263.2,263.4,263.15,263.38,0,0,14365
9126,2020-10-19 12:16:00,263.38,263.63,263.38,263.53,0,0,17758
9127,2020-10-19 12:17:00,263.48,263.49,263.13,263.35,0,0,20154
9128,2020-10-19 12:18:00,263.36,263.38,263.19,263.23,0,0,17057
9129,2020-10-19 12:19:00,263.23,263.56,263.23,263.31,0,0,48702
9130,2020-10-19 12:20:00,263.42,263.5,263.31,263.38,0,0,19420
9131,2020-10-19 12:21:00,263.33,263.33,262.78,262.9,0,0,47775
9132,2020-10-19 12:22:00,262.89,262.93,262.76,262.93,0,0,24706
9133,2020-10-19 12:23:00,262.9,263.01,262.77,262.79,0,0,38970
9134,2020-10-19 12:24:00,262.79,262.85,262.68,262.8,0,0,47971
9135,2020-10-19 12:25:00,262.77,262.85,262.55,262.69,0,0,31462
9136,2020-10-19 12:26:00,262.7,262.88,262.7,262.84,0,0,26133
9137,2020-10-19 12:27:00,262.87,263.01,262.66,262.67,0,0,38605
9138,2020-10-19 12:28:00,262.68,262.84,262.67,262.74,0,0,26265
9139,2020-10-19 12:29:00,262.71,262.89,262.71,262.79,0,0,35054
9140,2020-10-19 12:30:00,262.76,262.97,262.7,262.88,0,0,33477
9141,2020-10-19 12:31:00,262.85,262.97,262.71,262.9,0,0,14025
9142,2020-10-19 12:32:00,262.94,263.12,262.85,263.1,0,0,19337
9143,2020-10-19 12:33:00,263.12,263.31,263.04,263.31,0,0,17126
9144,2020-10-19 12:34:00,263.3,263.32,262.94,263.01,0,0,27825
9145,2020-10-19 12:35:00,263.01,263.32,262.97,263.3,0,0,26193
9146,2020-10-19 12:36:00,263.35,263.5,263.3,263.36,0,0,31835
9147,2020-10-19 12:37:00,263.35,263.35,263.19,263.23,0,0,22301
9148,2020-10-19 12:38:00,263.21,263.26,263.14,263.2,0,0,20851
9149,2020-10-19 12:39:00,263.21,263.21,263.0,263.03,0,0,42031
9150,2020-10-19 12:40:00,263.0,263.17,262.97,263.15,0,0,48446
9151,2020-10-19 12:41:00,263.12,263.24,263.07,263.2,0,0,22717
9152,2020-10-19 12:42:00,263.22,263.28,263.12,263.22,0,0,17494
9153,2020-10-19 12:43:00,263.22,263.36,263.2,263.26,0,0,18679
9154,2020-10-19 12:44:00,263.25,263.3,263.15,263.26,0,0,9275
9155,2020-10-19 12:45:00,263.22,263.29,263.11,263.2,0,0,9145
9156,2020-10-19 12:46:00,263.19,263.31,263.15,263.25,0,0,9847
9157,2020-10-19 12:47:00,263.26,263.3,263.21,263.28,0,0,9661
9158,2020-10-19 12:48:00,263.3,263.43,263.25,263.35,0,0,20033
9159,2020-10-19 12:49:00,263.34,263.38,263.29,263.33,0,0,20656
9160,2020-10-19 12:50:00,263.33,263.49,263.27,263.34,0,0,24295
9161,2020-10-19 12:51:00,263.35,263.36,263.02,263.02,0,0,39262
9162,2020-10-19 12:52:00,263.02,263.18,263.01,263.14,0,0,14669
9163,2020-10-19 12:53:00,263.15,263.22,263.08,263.13,0,0,35671
9164,2020-10-19 12:54:00,263.15,263.24,263.08,263.1,0,0,15542
9165,2020-10-19 12:55:00,263.08,263.25,263.05,263.17,0,0,13105
9166,2020-10-19 12:56:00,263.15,263.34,263.08,263.3,0,0,18669
9167,2020-10-19 12:57:00,263.33,263.52,263.33,263.39,0,0,47891
9168,2020-10-19 12:58:00,263.39,263.43,263.35,263.4,0,0,16876
9169,2020-10-19 12:59:00,263.38,263.45,263.17,263.17,0,0,17951
9170,2020-10-19 13:00:00,263.22,263.44,263.22,263.39,0,0,19526
9171,2020-10-19 13:01:00,263.39,263.47,262.96,263.05,0,0,28580
9172,2020-10-19 13:02:00,263.07,263.08,262.98,263.05,0,0,17637
9173,2020-10-19 13:03:00,263.06,263.24,263.05,263.23,0,0,32160
9174,2020-10-19 13:04:00,263.22,263.22,263.02,263.06,0,0,23239
9175,2020-10-19 13:05:00,263.03,263.36,262.98,263.36,0,0,28637
9176,2020-10-19 13:06:00,263.4,263.51,263.33,263.51,0,0,17848
9177,2020-10-19 13:07:00,263.48,263.49,263.35,263.37,0,0,9739
9178,2020-10-19 13:08:00,263.39,263.62,263.37,263.4,0,0,16233
9179,2020-10-19 13:09:00,263.4,263.54,263.38,263.44,0,0,15532
9180,2020-10-19 13:10:00,263.42,263.87,263.36,263.73,0,0,32379
9181,2020-10-19 13:11:00,263.73,263.85,263.62,263.71,0,0,13881
9182,2020-10-19 13:12:00,263.68,263.84,263.67,263.77,0,0,13342
9183,2020-10-19 13:13:00,263.81,263.93,263.81,263.89,0,0,14102
9184,2020-10-19 13:14:00,263.9,263.98,263.83,263.95,0,0,11877
9185,2020-10-19 13:15:00,263.98,264.04,263.89,263.91,0,0,16793
9186,2020-10-19 13:16:00,263.89,263.95,263.7,263.8,0,0,11123
9187,2020-10-19 13:17:00,263.84,264.12,263.8,264.05,0,0,13365
9188,2020-10-19 13:18:00,264.11,264.13,264.0,264.05,0,0,28970
9189,2020-10-19 13:19:00,264.05,264.14,264.0,264.01,0,0,14040
9190,2020-10-19 13:20:00,264.01,264.29,264.01,264.28,0,0,21742
9191,2020-10-19 13:21:00,264.23,264.3,264.17,264.23,0,0,15151
9192,2020-10-19 13:22:00,264.25,264.35,264.2,264.29,0,0,10765
9193,2020-10-19 13:23:00,264.33,264.34,264.16,264.21,0,0,12386
9194,2020-10-19 13:24:00,264.22,264.25,263.97,264.12,0,0,11362
9195,2020-10-19 13:25:00,264.14,264.2,263.76,263.82,0,0,18011
9196,2020-10-19 13:26:00,263.86,264.0,263.85,263.96,0,0,13222
9197,2020-10-19 13:27:00,263.92,264.03,263.92,264.02,0,0,6507
9198,2020-10-19 13:28:00,264.03,264.16,264.02,264.07,0,0,12011
9199,2020-10-19 13:29:00,264.08,264.15,263.99,264.1,0,0,14354
9200,2020-10-19 13:30:00,264.11,264.29,264.11,264.24,0,0,20831
9201,2020-10-19 13:31:00,264.24,264.44,264.23,264.44,0,0,20323
9202,2020-10-19 13:32:00,264.39,264.39,263.89,264.11,0,0,46797
9203,2020-10-19 13:33:00,264.12,264.21,264.03,264.15,0,0,10280
9204,2020-10-19 13:34:00,264.16,264.18,263.92,264.08,0,0,18548
9205,2020-10-19 13:35:00,264.08,264.27,264.0,264.16,0,0,14091
9206,2020-10-19 13:36:00,264.17,264.2,263.95,263.98,0,0,10193
9207,2020-10-19 13:37:00,264.04,264.12,263.98,264.07,0,0,9428
9208,2020-10-19 13:38:00,264.03,264.13,263.9,263.93,0,0,10111
9209,2020-10-19 13:39:00,263.89,263.97,263.76,263.88,0,0,17386
9210,2020-10-19 13:40:00,263.85,264.05,263.83,263.96,0,0,9915
9211,2020-10-19 13:41:00,263.98,264.02,263.78,263.83,0,0,9359
9212,2020-10-19 13:42:00,263.84,264.04,263.74,263.86,0,0,17259
9213,2020-10-19 13:43:00,263.87,263.87,263.67,263.8,0,0,7777
9214,2020-10-19 13:44:00,263.86,263.97,263.79,263.86,0,0,7909
9215,2020-10-19 13:45:00,263.88,263.89,263.61,263.64,0,0,7222
9216,2020-10-19 13:46:00,263.6,263.62,263.53,263.58,0,0,11782
9217,2020-10-19 13:47:00,263.53,263.58,263.12,263.13,0,0,29855
9218,2020-10-19 13:48:00,263.15,263.15,262.84,262.87,0,0,40778
9219,2020-10-19 13:49:00,262.89,263.11,262.87,263.11,0,0,20072
9220,2020-10-19 13:50:00,263.08,263.22,263.07,263.11,0,0,14621
9221,2020-10-19 13:51:00,263.12,263.2,263.02,263.11,0,0,18194
9222,2020-10-19 13:52:00,263.13,263.14,262.99,263.14,0,0,11972
9223,2020-10-19 13:53:00,263.06,263.09,262.67,262.78,0,0,26962
9224,2020-10-19 13:54:00,262.77,262.96,262.75,262.87,0,0,13342
9225,2020-10-19 13:55:00,262.92,263.07,262.78,263.03,0,0,14127
9226,2020-10-19 13:56:00,263.02,263.02,262.9,262.9,0,0,8297
9227,2020-10-19 13:57:00,262.87,263.02,262.86,262.92,0,0,13797
9228,2020-10-19 13:58:00,262.87,263.0,262.81,263.0,0,0,14726
9229,2020-10-19 13:59:00,262.97,263.23,262.92,263.18,0,0,24219
9230,2020-10-19 14:00:00,263.16,263.25,262.99,263.07,0,0,11096
9231,2020-10-19 14:01:00,263.11,263.17,262.75,262.82,0,0,37083
9232,2020-10-19 14:02:00,262.82,263.02,262.82,262.98,0,0,17426
9233,2020-10-19 14:03:00,262.99,263.09,262.92,263.01,0,0,11632
9234,2020-10-19 14:04:00,262.98,263.01,262.83,262.9,0,0,12475
9235,2020-10-19 14:05:00,262.9,263.14,262.81,263.0,0,0,21395
9236,2020-10-19 14:06:00,263.02,263.13,262.96,262.99,0,0,11366
9237,2020-10-19 14:07:00,262.99,263.2,262.93,263.13,0,0,10209
9238,2020-10-19 14:08:00,263.13,263.21,263.08,263.11,0,0,12479
9239,2020-10-19 14:09:00,263.11,263.17,263.03,263.05,0,0,14224
9240,2020-10-19 14:10:00,263.03,263.03,262.83,262.88,0,0,28062
9241,2020-10-19 14:11:00,262.91,263.02,262.91,262.95,0,0,13902
9242,2020-10-19 14:12:00,262.93,262.97,262.82,262.82,0,0,14099
9243,2020-10-19 14:13:00,262.83,263.11,262.8,263.09,0,0,19142
9244,2020-10-19 14:14:00,263.09,263.25,263.09,263.25,0,0,12066
9245,2020-10-19 14:15:00,263.27,263.55,263.21,263.49,0,0,26320
9246,2020-10-19 14:16:00,263.47,263.67,263.45,263.61,0,0,12548
9247,2020-10-19 14:17:00,263.6,263.66,263.41,263.49,0,0,14862
9248,2020-10-19 14:18:00,263.46,263.46,263.23,263.27,0,0,13558
9249,2020-10-19 14:19:00,263.27,263.29,263.18,263.27,0,0,9660
9250,2020-10-19 14:20:00,263.27,263.34,263.14,263.23,0,0,8957
9251,2020-10-19 14:21:00,263.24,263.24,263.06,263.1,0,0,9990
9252,2020-10-19 14:22:00,263.1,263.25,263.1,263.21,0,0,8195
9253,2020-10-19 14:23:00,263.21,263.26,263.12,263.12,0,0,5396
9254,2020-10-19 14:24:00,263.12,263.29,263.12,263.29,0,0,10357
9255,2020-10-19 14:25:00,263.32,263.34,263.2,263.28,0,0,6099
9256,2020-10-19 14:26:00,263.3,263.39,263.24,263.27,0,0,7720
9257,2020-10-19 14:27:00,263.29,263.32,263.14,263.2,0,0,13585
9258,2020-10-19 14:28:00,263.25,263.38,263.2,263.36,0,0,11691
9259,2020-10-19 14:29:00,263.34,263.42,263.32,263.33,0,0,16747
9260,2020-10-19 14:30:00,263.3,263.32,263.05,263.12,0,0,27292
9261,2020-10-19 14:31:00,263.11,263.14,262.9,262.92,0,0,11300
9262,2020-10-19 14:32:00,262.9,263.03,262.89,262.98,0,0,12633
9263,2020-10-19 14:33:00,262.94,263.02,262.59,262.68,0,0,21326
9264,2020-10-19 14:34:00,262.65,262.7,262.25,262.38,0,0,40150
9265,2020-10-19 14:35:00,262.37,262.37,262.2,262.2,0,0,16113
9266,2020-10-19 14:36:00,262.2,262.25,262.1,262.17,0,0,27500
9267,2020-10-19 14:37:00,262.17,262.17,261.84,261.92,0,0,59643
9268,2020-10-19 14:38:00,261.93,261.97,261.83,261.89,0,0,28702
9269,2020-10-19 14:39:00,261.88,261.92,261.81,261.88,0,0,25287
9270,2020-10-19 14:40:00,261.91,262.02,261.89,262.0,0,0,34798
9271,2020-10-19 14:41:00,261.94,261.96,261.86,261.92,0,0,20629
9272,2020-10-19 14:42:00,261.92,262.12,261.86,261.95,0,0,36319
9273,2020-10-19 14:43:00,261.95,261.99,261.85,261.89,0,0,20016
9274,2020-10-19 14:44:00,261.88,261.91,261.55,261.55,0,0,40365
9275,2020-10-19 14:45:00,261.55,261.55,261.23,261.25,0,0,46446
9276,2020-10-19 14:46:00,261.29,261.36,261.22,261.22,0,0,29878
9277,2020-10-19 14:47:00,261.24,261.4,261.15,261.29,0,0,32944
9278,2020-10-19 14:48:00,261.25,261.29,261.04,261.11,0,0,43708
9279,2020-10-19 14:49:00,261.13,261.26,261.08,261.13,0,0,28558
9280,2020-10-19 14:50:00,261.12,261.33,260.92,261.33,0,0,81616
9281,2020-10-19 14:51:00,261.28,261.33,261.2,261.31,0,0,15148
9282,2020-10-19 14:52:00,261.25,261.44,261.23,261.38,0,0,21563
9283,2020-10-19 14:53:00,261.35,261.39,261.14,261.34,0,0,34834
9284,2020-10-19 14:54:00,261.33,261.34,261.11,261.31,0,0,25447
9285,2020-10-19 14:55:00,261.27,261.53,261.17,261.52,0,0,41216
9286,2020-10-19 14:56:00,261.54,261.81,261.51,261.8,0,0,36690
9287,2020-10-19 14:57:00,261.81,261.84,261.52,261.54,0,0,34696
9288,2020-10-19 14:58:00,261.56,261.68,261.26,261.28,0,0,39905
9289,2020-10-19 14:59:00,261.28,261.29,260.9,260.9,0,0,50923
9290,2020-10-19 15:00:00,260.96,260.96,260.65,260.8,0,0,40029
9291,2020-10-19 15:01:00,260.75,260.8,260.27,260.34,0,0,47069
9292,2020-10-19 15:02:00,260.3,260.63,260.01,260.2,0,0,51057
9293,2020-10-19 15:03:00,260.26,260.4,260.17,260.29,0,0,30038
9294,2020-10-19 15:04:00,260.27,260.34,260.11,260.18,0,0,36041
9295,2020-10-19 15:05:00,260.17,260.24,260.08,260.1,0,0,26941
9296,2020-10-19 15:06:00,260.09,260.11,259.88,260.02,0,0,115811
9297,2020-10-19 15:07:00,260.04,260.35,260.0,260.23,0,0,34438
9298,2020-10-19 15:08:00,260.21,260.38,260.07,260.34,0,0,31175
9299,2020-10-19 15:09:00,260.34,260.58,260.14,260.56,0,0,36053
9300,2020-10-19 15:10:00,260.56,260.64,260.23,260.6,0,0,29204
9301,2020-10-19 15:11:00,260.63,260.63,260.38,260.5,0,0,26955
9302,2020-10-19 15:12:00,260.49,260.76,260.4,260.66,0,0,27591
9303,2020-10-19 15:13:00,260.63,260.88,260.36,260.86,0,0,33185
9304,2020-10-19 15:14:00,260.87,261.15,260.8,261.03,0,0,41477
9305,2020-10-19 15:15:00,261.01,261.01,260.63,260.7,0,0,31698
9306,2020-10-19 15:16:00,260.68,260.78,260.55,260.71,0,0,25712
9307,2020-10-19 15:17:00,260.67,260.99,260.67,260.98,0,0,22860
9308,2020-10-19 15:18:00,260.98,261.0,260.43,260.54,0,0,26661
9309,2020-10-19 15:19:00,260.54,260.66,260.39,260.56,0,0,29045
9310,2020-10-19 15:20:00,260.5,260.88,260.46,260.82,0,0,25753
9311,2020-10-19 15:21:00,260.75,260.85,260.59,260.69,0,0,19142
9312,2020-10-19 15:22:00,260.63,260.68,260.39,260.55,0,0,20736
9313,2020-10-19 15:23:00,260.53,260.58,260.4,260.48,0,0,21166
9314,2020-10-19 15:24:00,260.47,260.47,260.06,260.08,0,0,42418
9315,2020-10-19 15:25:00,260.08,260.29,260.07,260.16,0,0,29800
9316,2020-10-19 15:26:00,260.12,260.29,260.02,260.23,0,0,43576
9317,2020-10-19 15:27:00,260.27,260.27,259.94,260.08,0,0,38992
9318,2020-10-19 15:28:00,260.08,260.48,260.03,260.34,0,0,35449
9319,2020-10-19 15:29:00,260.36,260.5,260.29,260.42,0,0,26592
9320,2020-10-19 15:30:00,260.39,260.7,260.3,260.61,0,0,30540
9321,2020-10-19 15:31:00,260.62,260.9,260.46,260.87,0,0,38070
9322,2020-10-19 15:32:00,260.84,260.97,260.75,260.94,0,0,28070
9323,2020-10-19 15:33:00,260.94,261.05,260.83,261.01,0,0,37716
9324,2020-10-19 15:34:00,260.98,260.98,260.72,260.75,0,0,31458
9325,2020-10-19 15:35:00,260.71,261.26,260.67,261.14,0,0,53930
9326,2020-10-19 15:36:00,261.12,261.32,261.04,261.15,0,0,25367
9327,2020-10-19 15:37:00,261.13,261.22,260.93,261.14,0,0,25725
9328,2020-10-19 15:38:00,261.13,261.32,261.04,261.23,0,0,26248
9329,2020-10-19 15:39:00,261.26,261.33,261.05,261.15,0,0,43720
9330,2020-10-19 15:40:00,261.14,261.3,261.01,261.08,0,0,52249
9331,2020-10-19 15:41:00,261.1,261.1,260.75,260.75,0,0,22085
9332,2020-10-19 15:42:00,260.75,260.86,260.59,260.65,0,0,42396
9333,2020-10-19 15:43:00,260.65,260.79,260.37,260.41,0,0,48882
9334,2020-10-19 15:44:00,260.38,260.72,260.38,260.51,0,0,28322
9335,2020-10-19 15:45:00,260.52,260.74,260.49,260.6,0,0,24831
9336,2020-10-19 15:46:00,260.63,260.7,260.48,260.57,0,0,21004
9337,2020-10-19 15:47:00,260.62,260.75,260.6,260.64,0,0,23084
9338,2020-10-19 15:48:00,260.63,260.74,260.61,260.7,0,0,31783
9339,2020-10-19 15:49:00,260.66,260.82,260.44,260.59,0,0,38248
9340,2020-10-19 15:50:00,260.6,260.73,260.4,260.58,0,0,45904
9341,2020-10-19 15:51:00,260.56,260.65,260.41,260.63,0,0,40913
9342,2020-10-19 15:52:00,260.68,260.74,260.52,260.64,0,0,52010
9343,2020-10-19 15:53:00,260.66,260.75,260.59,260.67,0,0,40537
9344,2020-10-19 15:54:00,260.68,260.72,260.38,260.62,0,0,48659
9345,2020-10-19 15:55:00,260.61,260.73,260.43,260.59,0,0,72303
9346,2020-10-19 15:56:00,260.59,260.97,260.57,260.73,0,0,63524
9347,2020-10-19 15:57:00,260.73,261.26,260.72,261.11,0,0,114927
9348,2020-10-19 15:58:00,261.12,261.35,261.04,261.35,0,0,104764
9349,2020-10-19 15:59:00,261.33,261.63,261.08,261.47,0,0,319617
9350,2020-10-20 09:30:00,263.06,263.57,262.88,263.27,0,0,358196
9351,2020-10-20 09:31:00,263.27,263.52,262.95,263.49,0,0,72544
9352,2020-10-20 09:32:00,263.49,264.34,263.12,264.12,0,0,102813
9353,2020-10-20 09:33:00,264.19,264.44,264.1,264.35,0,0,59267
9354,2020-10-20 09:34:00,264.4,264.4,263.68,264.17,0,0,73820
9355,2020-10-20 09:35:00,264.24,265.17,264.21,265.02,0,0,143788
9356,2020-10-20 09:36:00,264.98,265.08,263.54,263.97,0,0,78475
9357,2020-10-20 09:37:00,263.96,263.96,262.88,263.29,0,0,66703
9358,2020-10-20 09:38:00,263.4,263.83,263.18,263.73,0,0,45355
9359,2020-10-20 09:39:00,263.71,264.36,263.66,264.21,0,0,69264
9360,2020-10-20 09:40:00,264.26,264.38,263.72,264.24,0,0,89479
9361,2020-10-20 09:41:00,264.33,264.85,264.21,264.7,0,0,61324
9362,2020-10-20 09:42:00,264.7,265.17,264.45,264.91,0,0,94509
9363,2020-10-20 09:43:00,264.92,265.1,264.52,264.63,0,0,68902
9364,2020-10-20 09:44:00,264.62,264.67,264.27,264.4,0,0,46400
9365,2020-10-20 09:45:00,264.33,264.99,264.33,264.65,0,0,45802
9366,2020-10-20 09:46:00,264.61,265.3,264.37,265.3,0,0,78594
9367,2020-10-20 09:47:00,265.24,265.79,265.24,265.39,0,0,95927
9368,2020-10-20 09:48:00,265.38,265.38,264.73,265.01,0,0,59065
9369,2020-10-20 09:49:00,265.03,265.03,264.6,264.62,0,0,51746
9370,2020-10-20 09:50:00,264.67,264.86,264.21,264.81,0,0,49206
9371,2020-10-20 09:51:00,264.91,264.96,264.37,264.39,0,0,42177
9372,2020-10-20 09:52:00,264.4,264.44,263.95,264.27,0,0,52198
9373,2020-10-20 09:53:00,264.23,264.65,264.23,264.41,0,0,51920
9374,2020-10-20 09:54:00,264.47,264.81,264.05,264.05,0,0,50783
9375,2020-10-20 09:55:00,264.08,264.64,264.05,264.62,0,0,37922
9376,2020-10-20 09:56:00,264.55,264.93,264.42,264.89,0,0,36747
9377,2020-10-20 09:57:00,264.89,265.4,264.82,265.29,0,0,65185
9378,2020-10-20 09:58:00,265.27,265.56,265.18,265.41,0,0,61244
9379,2020-10-20 09:59:00,265.38,266.15,265.38,266.06,0,0,99132
9380,2020-10-20 10:00:00,265.91,266.02,265.5,265.85,0,0,63030
9381,2020-10-20 10:01:00,265.8,266.31,265.78,265.97,0,0,85977
9382,2020-10-20 10:02:00,265.92,266.06,265.56,265.59,0,0,60432
9383,2020-10-20 10:03:00,265.68,265.95,265.59,265.95,0,0,45220
9384,2020-10-20 10:04:00,265.94,266.27,265.89,266.15,0,0,45817
9385,2020-10-20 10:05:00,266.11,266.5,266.04,266.47,0,0,55364
9386,2020-10-20 10:06:00,266.44,266.61,266.33,266.47,0,0,51267
9387,2020-10-20 10:07:00,266.46,266.63,266.24,266.46,0,0,60938
9388,2020-10-20 10:08:00,266.29,266.29,265.97,266.02,0,0,51926
9389,2020-10-20 10:09:00,266.01,266.06,265.83,265.83,0,0,40616
9390,2020-10-20 10:10:00,265.96,266.54,265.96,266.4,0,0,115354
9391,2020-10-20 10:11:00,266.38,266.94,266.38,266.89,0,0,101874
9392,2020-10-20 10:12:00,266.79,266.87,266.32,266.56,0,0,61969
9393,2020-10-20 10:13:00,266.57,266.9,266.53,266.84,0,0,50748
9394,2020-10-20 10:14:00,266.85,266.86,266.5,266.63,0,0,36464
9395,2020-10-20 10:15:00,266.61,266.64,266.13,266.36,0,0,63711
9396,2020-10-20 10:16:00,266.34,266.45,266.15,266.38,0,0,43578
9397,2020-10-20 10:17:00,266.43,266.7,266.36,266.61,0,0,48207
9398,2020-10-20 10:18:00,266.56,266.87,266.51,266.59,0,0,62321
9399,2020-10-20 10:19:00,266.58,266.62,266.13,266.29,0,0,88595
9400,2020-10-20 10:20:00,266.29,266.69,266.29,266.45,0,0,52632
9401,2020-10-20 10:21:00,266.44,266.51,265.98,266.14,0,0,83042
9402,2020-10-20 10:22:00,266.17,266.48,266.14,266.24,0,0,61794
9403,2020-10-20 10:23:00,266.25,266.39,266.16,266.24,0,0,30915
9404,2020-10-20 10:24:00,266.28,266.38,266.04,266.19,0,0,36700
9405,2020-10-20 10:25:00,266.21,266.69,266.05,266.05,0,0,67706
9406,2020-10-20 10:26:00,266.11,266.2,265.68,265.73,0,0,50860
9407,2020-10-20 10:27:00,265.71,265.74,265.37,265.47,0,0,59227
9408,2020-10-20 10:28:00,265.49,265.78,265.4,265.67,0,0,66496
9409,2020-10-20 10:29:00,265.67,265.98,265.6,265.88,0,0,38993
9410,2020-10-20 10:30:00,265.92,266.11,265.82,266.11,0,0,75443
9411,2020-10-20 10:31:00,266.1,266.17,265.76,266.15,0,0,73452
9412,2020-10-20 10:32:00,266.12,266.25,266.05,266.17,0,0,31907
9413,2020-10-20 10:33:00,266.17,266.31,266.02,266.3,0,0,45624
9414,2020-10-20 10:34:00,266.3,266.35,266.08,266.2,0,0,41418
9415,2020-10-20 10:35:00,266.22,266.39,266.07,266.29,0,0,41894
9416,2020-10-20 10:36:00,266.35,266.42,266.09,266.31,0,0,34279
9417,2020-10-20 10:37:00,266.29,266.3,265.67,265.78,0,0,32549
9418,2020-10-20 10:38:00,265.79,265.9,265.69,265.76,0,0,38217
9419,2020-10-20 10:39:00,265.84,266.08,265.74,265.94,0,0,43387
9420,2020-10-20 10:40:00,265.89,266.21,265.83,265.83,0,0,29784
9421,2020-10-20 10:41:00,265.98,266.0,265.83,266.0,0,0,33046
9422,2020-10-20 10:42:00,265.98,266.14,265.62,265.69,0,0,46937
9423,2020-10-20 10:43:00,265.61,265.66,265.19,265.3,0,0,58603
9424,2020-10-20 10:44:00,265.32,265.6,265.23,265.52,0,0,40721
9425,2020-10-20 10:45:00,265.49,265.75,265.43,265.65,0,0,24504
9426,2020-10-20 10:46:00,265.62,265.69,265.23,265.28,0,0,31613
9427,2020-10-20 10:47:00,265.3,265.31,264.81,265.03,0,0,84085
9428,2020-10-20 10:48:00,265.04,265.09,264.65,264.88,0,0,48716
9429,2020-10-20 10:49:00,264.86,264.9,264.49,264.5,0,0,42825
9430,2020-10-20 10:50:00,264.49,264.78,264.33,264.71,0,0,36901
9431,2020-10-20 10:51:00,264.72,264.96,264.67,264.95,0,0,38213
9432,2020-10-20 10:52:00,264.97,264.99,264.48,264.67,0,0,51090
9433,2020-10-20 10:53:00,264.61,264.75,264.56,264.56,0,0,26223
9434,2020-10-20 10:54:00,264.58,264.58,264.2,264.45,0,0,46077
9435,2020-10-20 10:55:00,264.43,264.68,264.38,264.43,0,0,27569
9436,2020-10-20 10:56:00,264.45,264.6,264.39,264.57,0,0,14122
9437,2020-10-20 10:57:00,264.55,264.65,264.48,264.54,0,0,18591
9438,2020-10-20 10:58:00,264.58,264.63,264.36,264.4,0,0,34506
9439,2020-10-20 10:59:00,264.45,264.64,264.45,264.55,0,0,19352
9440,2020-10-20 11:00:00,264.47,264.64,264.03,264.03,0,0,37607
9441,2020-10-20 11:01:00,264.03,264.15,263.7,263.85,0,0,52117
9442,2020-10-20 11:02:00,263.82,263.83,263.3,263.43,0,0,40618
9443,2020-10-20 11:03:00,263.51,263.69,263.45,263.6,0,0,25782
9444,2020-10-20 11:04:00,263.62,264.05,263.6,264.05,0,0,43820
9445,2020-10-20 11:05:00,264.01,264.01,263.67,263.85,0,0,26316
9446,2020-10-20 11:06:00,263.9,263.97,263.77,263.89,0,0,18863
9447,2020-10-20 11:07:00,263.89,264.32,263.84,264.19,0,0,16988
9448,2020-10-20 11:08:00,264.18,264.18,263.9,263.96,0,0,23117
9449,2020-10-20 11:09:00,263.92,264.42,263.91,264.35,0,0,27625
9450,2020-10-20 11:10:00,264.36,264.54,264.25,264.37,0,0,27005
9451,2020-10-20 11:11:00,264.4,264.51,264.15,264.28,0,0,31868
9452,2020-10-20 11:12:00,264.3,264.55,264.27,264.55,0,0,16373
9453,2020-10-20 11:13:00,264.52,264.66,264.45,264.57,0,0,24875
9454,2020-10-20 11:14:00,264.76,264.82,264.63,264.63,0,0,18644
9455,2020-10-20 11:15:00,264.65,264.88,264.58,264.66,0,0,20965
9456,2020-10-20 11:16:00,264.65,264.86,264.63,264.8,0,0,17677
9457,2020-10-20 11:17:00,264.76,264.79,264.61,264.61,0,0,15264
9458,2020-10-20 11:18:00,264.67,264.7,264.36,264.48,0,0,20230
9459,2020-10-20 11:19:00,264.45,264.61,264.45,264.53,0,0,9484
9460,2020-10-20 11:20:00,264.53,264.55,264.21,264.23,0,0,24108
9461,2020-10-20 11:21:00,264.23,264.31,264.1,264.15,0,0,17668
9462,2020-10-20 11:22:00,264.15,264.24,264.0,264.22,0,0,27932
9463,2020-10-20 11:23:00,264.23,264.71,264.2,264.6,0,0,29493
9464,2020-10-20 11:24:00,264.57,264.81,264.43,264.43,0,0,26246
9465,2020-10-20 11:25:00,264.49,264.57,264.41,264.44,0,0,215561
9466,2020-10-20 11:26:00,264.43,264.47,264.2,264.24,0,0,25814
9467,2020-10-20 11:27:00,264.26,264.34,264.13,264.15,0,0,15229
9468,2020-10-20 11:28:00,264.13,264.14,263.86,263.96,0,0,19058
9469,2020-10-20 11:29:00,263.98,264.06,263.94,264.0,0,0,13832
9470,2020-10-20 11:30:00,263.96,264.19,263.96,264.05,0,0,15933
9471,2020-10-20 11:31:00,264.08,264.26,264.02,264.26,0,0,31054
9472,2020-10-20 11:32:00,264.23,264.33,264.11,264.18,0,0,11675
9473,2020-10-20 11:33:00,264.24,264.3,264.12,264.15,0,0,18351
9474,2020-10-20 11:34:00,264.19,264.3,263.59,263.62,0,0,51668
9475,2020-10-20 11:35:00,263.62,263.82,263.56,263.72,0,0,17160
9476,2020-10-20 11:36:00,263.73,263.84,263.58,263.68,0,0,22433
9477,2020-10-20 11:37:00,263.68,263.85,263.68,263.8,0,0,23295
9478,2020-10-20 11:38:00,263.77,263.91,263.76,263.91,0,0,15357
9479,2020-10-20 11:39:00,263.89,264.18,263.76,263.95,0,0,43890
9480,2020-10-20 11:40:00,263.95,264.04,263.82,263.85,0,0,16154
9481,2020-10-20 11:41:00,263.87,263.93,263.65,263.81,0,0,37629
9482,2020-10-20 11:42:00,263.74,263.85,263.45,263.79,0,0,29936
9483,2020-10-20 11:43:00,263.77,263.95,263.69,263.95,0,0,12522
9484,2020-10-20 11:44:00,263.95,264.43,263.95,264.38,0,0,29001
9485,2020-10-20 11:45:00,264.36,264.62,264.28,264.58,0,0,28893
9486,2020-10-20 11:46:00,264.6,264.61,264.37,264.51,0,0,27336
9487,2020-10-20 11:47:00,264.54,264.84,264.54,264.79,0,0,24322
9488,2020-10-20 11:48:00,264.77,264.88,264.72,264.82,0,0,14531
9489,2020-10-20 11:49:00,264.76,264.92,264.68,264.86,0,0,34561
9490,2020-10-20 11:50:00,264.86,264.96,264.78,264.84,0,0,17174
9491,2020-10-20 11:51:00,264.75,264.84,264.59,264.84,0,0,37564
9492,2020-10-20 11:52:00,264.89,264.99,264.78,264.9,0,0,18639
9493,2020-10-20 11:53:00,264.9,264.92,264.77,264.88,0,0,8126
9494,2020-10-20 11:54:00,264.9,264.93,264.73,264.79,0,0,20870
9495,2020-10-20 11:55:00,264.79,264.88,264.65,264.75,0,0,9745
9496,2020-10-20 11:56:00,264.74,264.85,264.68,264.71,0,0,11178
9497,2020-10-20 11:57:00,264.73,264.89,264.73,264.85,0,0,9565
9498,2020-10-20 11:58:00,264.84,264.89,264.73,264.74,0,0,9318
9499,2020-10-20 11:59:00,264.78,265.25,264.78,265.25,0,0,38368
9500,2020-10-20 12:00:00,265.21,265.33,265.13,265.26,0,0,31820
9501,2020-10-20 12:01:00,265.26,265.32,265.13,265.32,0,0,24742
9502,2020-10-20 12:02:00,265.33,265.64,265.31,265.6,0,0,28560
9503,2020-10-20 12:03:00,265.59,265.73,265.51,265.6,0,0,21085
9504,2020-10-20 12:04:00,265.57,265.69,265.52,265.62,0,0,23764
9505,2020-10-20 12:05:00,265.61,265.99,265.58,265.97,0,0,41112
9506,2020-10-20 12:06:00,265.96,265.99,265.82,265.86,0,0,22432
9507,2020-10-20 12:07:00,265.85,265.98,265.83,265.95,0,0,20646
9508,2020-10-20 12:08:00,265.95,265.97,265.7,265.71,0,0,31142
9509,2020-10-20 12:09:00,265.72,265.85,265.72,265.75,0,0,36684
9510,2020-10-20 12:10:00,265.81,265.85,265.73,265.77,0,0,46232
9511,2020-10-20 12:11:00,265.77,265.94,265.77,265.86,0,0,23420
9512,2020-10-20 12:12:00,265.89,266.08,265.85,266.03,0,0,120786
9513,2020-10-20 12:13:00,266.06,266.19,266.02,266.1,0,0,27524
9514,2020-10-20 12:14:00,266.11,266.12,266.0,266.04,0,0,32458
9515,2020-10-20 12:15:00,266.04,266.34,266.03,266.2,0,0,25906
9516,2020-10-20 12:16:00,266.22,266.24,266.02,266.03,0,0,20185
9517,2020-10-20 12:17:00,266.06,266.18,265.96,266.12,0,0,42222
9518,2020-10-20 12:18:00,266.11,266.11,265.74,265.88,0,0,27486
9519,2020-10-20 12:19:00,265.86,265.88,265.7,265.8,0,0,13993
9520,2020-10-20 12:20:00,265.82,266.2,265.8,266.05,0,0,31170
9521,2020-10-20 12:21:00,266.01,266.02,265.86,265.94,0,0,12860
9522,2020-10-20 12:22:00,265.94,265.97,265.85,265.9,0,0,20199
9523,2020-10-20 12:23:00,265.9,266.15,265.9,266.03,0,0,44952
9524,2020-10-20 12:24:00,266.01,266.1,265.91,265.94,0,0,23635
9525,2020-10-20 12:25:00,265.91,266.05,265.91,266.0,0,0,26335
9526,2020-10-20 12:26:00,266.02,266.09,265.94,265.95,0,0,12187
9527,2020-10-20 12:27:00,265.98,265.98,265.79,265.89,0,0,19504
9528,2020-10-20 12:28:00,265.94,266.13,265.89,266.04,0,0,18611
9529,2020-10-20 12:29:00,266.03,266.05,265.93,265.95,0,0,18899
9530,2020-10-20 12:30:00,265.99,266.22,265.94,266.22,0,0,32990
9531,2020-10-20 12:31:00,266.22,266.49,266.09,266.09,0,0,44462
9532,2020-10-20 12:32:00,266.1,266.15,265.92,266.15,0,0,25923
9533,2020-10-20 12:33:00,266.15,266.6,266.02,266.51,0,0,57015
9534,2020-10-20 12:34:00,266.52,266.91,266.52,266.81,0,0,75714
9535,2020-10-20 12:35:00,266.81,266.98,266.59,266.67,0,0,66119
9536,2020-10-20 12:36:00,266.67,266.79,266.5,266.57,0,0,40027
9537,2020-10-20 12:37:00,266.56,266.69,266.48,266.63,0,0,19529
9538,2020-10-20 12:38:00,266.69,266.69,266.4,266.45,0,0,43837
9539,2020-10-20 12:39:00,266.46,266.63,266.41,266.5,0,0,47558
9540,2020-10-20 12:40:00,266.54,266.63,266.51,266.61,0,0,18802
9541,2020-10-20 12:41:00,266.64,266.77,266.59,266.77,0,0,39390
9542,2020-10-20 12:42:00,266.75,266.9,266.74,266.86,0,0,44806
9543,2020-10-20 12:43:00,266.86,266.94,266.75,266.75,0,0,31440
9544,2020-10-20 12:44:00,266.77,266.81,266.61,266.65,0,0,19980
9545,2020-10-20 12:45:00,266.67,266.78,266.55,266.62,0,0,22816
9546,2020-10-20 12:46:00,266.57,266.63,266.41,266.51,0,0,34728
9547,2020-10-20 12:47:00,266.55,266.65,266.47,266.55,0,0,39966
9548,2020-10-20 12:48:00,266.57,266.72,266.51,266.6,0,0,36945
9549,2020-10-20 12:49:00,266.6,266.6,266.44,266.49,0,0,39778
9550,2020-10-20 12:50:00,266.49,266.49,266.27,266.38,0,0,73885
9551,2020-10-20 12:51:00,266.35,266.44,266.32,266.36,0,0,15537
9552,2020-10-20 12:52:00,266.39,266.42,266.27,266.39,0,0,20009
9553,2020-10-20 12:53:00,266.32,266.35,266.11,266.18,0,0,32946
9554,2020-10-20 12:54:00,266.15,266.17,266.03,266.12,0,0,25890
9555,2020-10-20 12:55:00,266.14,266.22,265.96,265.96,0,0,13255
9556,2020-10-20 12:56:00,266.0,266.09,266.0,266.02,0,0,10046
9557,2020-10-20 12:57:00,266.02,266.26,266.02,266.25,0,0,13394
9558,2020-10-20 12:58:00,266.23,266.49,266.23,266.49,0,0,18595
9559,2020-10-20 12:59:00,266.49,266.6,266.32,266.6,0,0,33915
9560,2020-10-20 13:00:00,266.62,267.04,266.56,266.91,0,0,116126
9561,2020-10-20 13:01:00,266.9,267.2,266.89,267.17,0,0,44742
9562,2020-10-20 13:02:00,267.14,267.43,267.14,267.42,0,0,56094
9563,2020-10-20 13:03:00,267.43,267.48,267.22,267.34,0,0,33979
9564,2020-10-20 13:04:00,267.36,267.48,267.25,267.25,0,0,25454
9565,2020-10-20 13:05:00,267.22,267.47,267.19,267.43,0,0,41015
9566,2020-10-20 13:06:00,267.4,267.52,267.31,267.52,0,0,41335
9567,2020-10-20 13:07:00,267.52,267.69,267.47,267.57,0,0,40192
9568,2020-10-20 13:08:00,267.56,267.73,267.41,267.48,0,0,35469
9569,2020-10-20 13:09:00,267.49,267.64,267.48,267.6,0,0,18715
9570,2020-10-20 13:10:00,267.63,267.98,267.6,267.78,0,0,82820
9571,2020-10-20 13:11:00,267.77,268.09,267.73,268.07,0,0,58644
9572,2020-10-20 13:12:00,268.04,268.3,267.94,268.27,0,0,64636
9573,2020-10-20 13:13:00,268.28,268.7,268.23,268.61,0,0,75910
9574,2020-10-20 13:14:00,268.55,268.7,268.46,268.52,0,0,78446
9575,2020-10-20 13:15:00,268.54,268.85,268.54,268.82,0,0,56654
9576,2020-10-20 13:16:00,268.84,268.9,268.65,268.9,0,0,54877
9577,2020-10-20 13:17:00,268.89,268.95,268.73,268.8,0,0,69117
9578,2020-10-20 13:18:00,268.73,268.88,268.72,268.75,0,0,47119
9579,2020-10-20 13:19:00,268.77,269.01,268.69,268.79,0,0,59617
9580,2020-10-20 13:20:00,268.78,268.78,268.5,268.67,0,0,55242
9581,2020-10-20 13:21:00,268.69,268.95,268.69,268.85,0,0,58384
9582,2020-10-20 13:22:00,268.83,268.95,268.78,268.79,0,0,27466
9583,2020-10-20 13:23:00,268.79,268.98,268.77,268.95,0,0,27031
9584,2020-10-20 13:24:00,268.95,269.05,268.77,268.85,0,0,65785
9585,2020-10-20 13:25:00,268.85,268.88,268.7,268.78,0,0,34326
9586,2020-10-20 13:26:00,268.72,268.85,268.72,268.81,0,0,23569
9587,2020-10-20 13:27:00,268.81,268.82,268.71,268.79,0,0,22271
9588,2020-10-20 13:28:00,268.77,268.85,268.66,268.66,0,0,42272
9589,2020-10-20 13:29:00,268.65,268.8,268.54,268.65,0,0,32511
9590,2020-10-20 13:30:00,268.65,268.8,268.56,268.56,0,0,28670
9591,2020-10-20 13:31:00,268.57,268.84,268.52,268.8,0,0,36859
9592,2020-10-20 13:32:00,268.81,268.86,268.5,268.5,0,0,41106
9593,2020-10-20 13:33:00,268.5,268.53,268.29,268.34,0,0,58510
9594,2020-10-20 13:34:00,268.35,268.51,268.33,268.42,0,0,37894
9595,2020-10-20 13:35:00,268.42,268.73,268.38,268.72,0,0,51094
9596,2020-10-20 13:36:00,268.71,269.1,268.71,269.1,0,0,55911
9597,2020-10-20 13:37:00,269.08,269.49,269.05,269.49,0,0,77153
9598,2020-10-20 13:38:00,269.5,269.59,269.39,269.5,0,0,70288
9599,2020-10-20 13:39:00,269.52,269.7,269.52,269.58,0,0,65052
9600,2020-10-20 13:40:00,269.55,269.62,269.25,269.46,0,0,88508
9601,2020-10-20 13:41:00,269.44,269.52,269.19,269.4,0,0,39849
9602,2020-10-20 13:42:00,269.43,269.45,269.15,269.23,0,0,48248
9603,2020-10-20 13:43:00,269.21,269.33,269.12,269.24,0,0,35557
9604,2020-10-20 13:44:00,269.18,269.22,269.01,269.14,0,0,24292
9605,2020-10-20 13:45:00,269.17,269.27,269.09,269.17,0,0,30334
9606,2020-10-20 13:46:00,269.16,269.28,269.14,269.26,0,0,28063
9607,2020-10-20 13:47:00,269.25,269.25,269.02,269.08,0,0,22760
9608,2020-10-20 13:48:00,269.08,269.47,269.08,269.43,0,0,65793
9609,2020-10-20 13:49:00,269.47,269.53,269.35,269.35,0,0,37224
9610,2020-10-20 13:50:00,269.34,269.35,269.01,269.02,0,0,49808
9611,2020-10-20 13:51:00,269.03,269.16,269.01,269.01,0,0,58590
9612,2020-10-20 13:52:00,269.01,269.06,268.74,268.93,0,0,70104
9613,2020-10-20 13:53:00,268.94,269.07,268.87,269.01,0,0,31985
9614,2020-10-20 13:54:00,269.01,269.01,268.8,268.8,0,0,48096
9615,2020-10-20 13:55:00,268.8,268.92,268.7,268.83,0,0,25165
9616,2020-10-20 13:56:00,268.81,268.89,268.45,268.51,0,0,39578
9617,2020-10-20 13:57:00,268.5,268.57,268.1,268.25,0,0,73412
9618,2020-10-20 13:58:00,268.27,268.4,267.97,268.32,0,0,47615
9619,2020-10-20 13:59:00,268.33,268.51,268.26,268.5,0,0,27922
9620,2020-10-20 14:00:00,268.5,268.59,268.36,268.53,0,0,32866
9621,2020-10-20 14:01:00,268.53,268.64,268.38,268.42,0,0,25362
9622,2020-10-20 14:02:00,268.38,268.55,268.3,268.5,0,0,19476
9623,2020-10-20 14:03:00,268.52,268.61,268.46,268.55,0,0,23883
9624,2020-10-20 14:04:00,268.55,268.72,268.39,268.39,0,0,34021
9625,2020-10-20 14:05:00,268.36,268.52,268.09,268.19,0,0,37304
9626,2020-10-20 14:06:00,268.21,268.26,267.79,268.0,0,0,59322
9627,2020-10-20 14:07:00,268.03,268.39,268.03,268.33,0,0,38059
9628,2020-10-20 14:08:00,268.36,268.55,268.36,268.48,0,0,28171
9629,2020-10-20 14:09:00,268.49,268.75,268.45,268.7,0,0,29303
9630,2020-10-20 14:10:00,268.72,268.72,268.55,268.55,0,0,26783
9631,2020-10-20 14:11:00,268.6,269.28,268.6,269.22,0,0,74366
9632,2020-10-20 14:12:00,269.22,269.3,268.93,269.04,0,0,45862
9633,2020-10-20 14:13:00,269.08,269.33,269.08,269.17,0,0,15926
9634,2020-10-20 14:14:00,269.16,269.24,269.07,269.2,0,0,16114
9635,2020-10-20 14:15:00,269.15,269.53,269.15,269.53,0,0,35349
9636,2020-10-20 14:16:00,269.52,269.54,269.28,269.36,0,0,30052
9637,2020-10-20 14:17:00,269.31,269.48,269.24,269.42,0,0,21839
9638,2020-10-20 14:18:00,269.42,269.42,269.13,269.27,0,0,27005
9639,2020-10-20 14:19:00,269.28,269.4,269.1,269.3,0,0,22040
9640,2020-10-20 14:20:00,269.3,269.33,268.59,268.87,0,0,35401
9641,2020-10-20 14:21:00,268.89,269.15,268.85,269.06,0,0,28074
9642,2020-10-20 14:22:00,269.07,269.14,268.87,268.98,0,0,13270
9643,2020-10-20 14:23:00,268.97,269.05,268.86,269.01,0,0,16488
9644,2020-10-20 14:24:00,269.01,269.07,268.79,268.92,0,0,16920
9645,2020-10-20 14:25:00,268.92,269.08,268.89,268.94,0,0,21731
9646,2020-10-20 14:26:00,268.91,269.11,268.85,269.02,0,0,23292
9647,2020-10-20 14:27:00,268.94,269.0,268.81,268.85,0,0,18340
9648,2020-10-20 14:28:00,268.82,268.93,268.75,268.78,0,0,14293
9649,2020-10-20 14:29:00,268.74,268.74,268.42,268.44,0,0,35852
9650,2020-10-20 14:30:00,268.45,268.79,268.45,268.69,0,0,30936
9651,2020-10-20 14:31:00,268.7,268.74,268.61,268.64,0,0,20206
9652,2020-10-20 14:32:00,268.68,268.72,268.55,268.72,0,0,18097
9653,2020-10-20 14:33:00,268.72,268.77,268.66,268.68,0,0,12290
9654,2020-10-20 14:34:00,268.78,268.83,268.67,268.72,0,0,11831
9655,2020-10-20 14:35:00,268.75,268.79,268.27,268.56,0,0,31256
9656,2020-10-20 14:36:00,268.5,268.57,268.41,268.53,0,0,17169
9657,2020-10-20 14:37:00,268.58,268.85,268.52,268.81,0,0,20644
9658,2020-10-20 14:38:00,268.76,268.93,268.75,268.8,0,0,20346
9659,2020-10-20 14:39:00,268.75,268.91,268.68,268.91,0,0,29056
9660,2020-10-20 14:40:00,268.91,269.3,268.78,269.27,0,0,47108
9661,2020-10-20 14:41:00,269.32,269.46,269.25,269.44,0,0,56933
9662,2020-10-20 14:42:00,269.41,269.42,269.05,269.33,0,0,41211
9663,2020-10-20 14:43:00,269.32,269.65,269.32,269.65,0,0,56082
9664,2020-10-20 14:44:00,269.62,269.69,269.43,269.59,0,0,60887
9665,2020-10-20 14:45:00,269.59,269.62,269.22,269.27,0,0,38361
9666,2020-10-20 14:46:00,269.32,269.33,269.05,269.12,0,0,27712
9667,2020-10-20 14:47:00,269.13,269.18,268.64,268.74,0,0,50068
9668,2020-10-20 14:48:00,268.77,268.97,268.52,268.9,0,0,39983
9669,2020-10-20 14:49:00,268.84,269.05,268.77,269.0,0,0,57997
9670,2020-10-20 14:50:00,268.92,268.94,268.5,268.51,0,0,26451
9671,2020-10-20 14:51:00,268.49,268.79,268.47,268.72,0,0,23992
9672,2020-10-20 14:52:00,268.72,268.86,268.59,268.62,0,0,19381
9673,2020-10-20 14:53:00,268.63,268.7,268.5,268.61,0,0,20075
9674,2020-10-20 14:54:00,268.56,268.69,268.54,268.6,0,0,17950
9675,2020-10-20 14:55:00,268.6,268.73,268.52,268.7,0,0,28104
9676,2020-10-20 14:56:00,268.72,268.93,268.63,268.92,0,0,29771
9677,2020-10-20 14:57:00,268.91,268.93,268.7,268.8,0,0,32487
9678,2020-10-20 14:58:00,268.78,268.81,268.64,268.7,0,0,26801
9679,2020-10-20 14:59:00,268.72,268.98,268.72,268.89,0,0,41580
9680,2020-10-20 15:00:00,268.95,269.08,268.79,268.96,0,0,31105
9681,2020-10-20 15:01:00,268.93,269.28,268.81,269.26,0,0,52994
9682,2020-10-20 15:02:00,269.24,269.24,269.03,269.16,0,0,33123
9683,2020-10-20 15:03:00,269.19,269.48,269.17,269.44,0,0,36888
9684,2020-10-20 15:04:00,269.46,269.57,269.39,269.57,0,0,48110
9685,2020-10-20 15:05:00,269.52,269.64,269.25,269.26,0,0,46411
9686,2020-10-20 15:06:00,269.22,269.28,268.03,268.08,0,0,84646
9687,2020-10-20 15:07:00,268.13,268.4,268.03,268.39,0,0,45268
9688,2020-10-20 15:08:00,268.4,268.4,268.14,268.23,0,0,24908
9689,2020-10-20 15:09:00,268.23,268.26,267.52,267.65,0,0,90833
9690,2020-10-20 15:10:00,267.69,267.7,266.89,267.35,0,0,91996
9691,2020-10-20 15:11:00,267.31,267.61,267.16,267.39,0,0,84487
9692,2020-10-20 15:12:00,267.32,267.55,267.25,267.51,0,0,31952
9693,2020-10-20 15:13:00,267.45,267.62,267.35,267.46,0,0,68317
9694,2020-10-20 15:14:00,267.46,267.61,267.32,267.48,0,0,29417
9695,2020-10-20 15:15:00,267.45,267.45,266.9,267.36,0,0,92729
9696,2020-10-20 15:16:00,267.32,267.7,267.32,267.58,0,0,33032
9697,2020-10-20 15:17:00,267.58,267.62,266.61,267.29,0,0,105365
9698,2020-10-20 15:18:00,267.29,267.69,267.22,267.61,0,0,37512
9699,2020-10-20 15:19:00,267.6,268.09,267.55,267.9,0,0,69223
9700,2020-10-20 15:20:00,267.88,268.0,267.77,267.82,0,0,35527
9701,2020-10-20 15:21:00,267.75,267.99,267.72,267.81,0,0,37125
9702,2020-10-20 15:22:00,267.79,267.9,267.68,267.73,0,0,22009
9703,2020-10-20 15:23:00,267.78,268.12,267.78,267.98,0,0,25334
9704,2020-10-20 15:24:00,268.02,268.27,267.99,268.0,0,0,43311
9705,2020-10-20 15:25:00,267.96,267.96,267.74,267.79,0,0,38535
9706,2020-10-20 15:26:00,267.81,267.99,267.61,267.94,0,0,33853
9707,2020-10-20 15:27:00,267.98,268.01,267.86,267.93,0,0,18624
9708,2020-10-20 15:28:00,267.93,268.16,267.82,268.04,0,0,21998
9709,2020-10-20 15:29:00,268.08,268.35,267.95,268.1,0,0,40776
9710,2020-10-20 15:30:00,268.12,268.22,267.83,267.94,0,0,33753
9711,2020-10-20 15:31:00,267.91,268.08,267.77,268.05,0,0,30529
9712,2020-10-20 15:32:00,268.02,268.08,267.86,267.97,0,0,32867
9713,2020-10-20 15:33:00,267.94,268.07,267.78,267.94,0,0,57611
9714,2020-10-20 15:34:00,267.97,268.19,267.95,268.12,0,0,39296
9715,2020-10-20 15:35:00,268.1,268.25,267.46,267.66,0,0,56137
9716,2020-10-20 15:36:00,267.69,267.78,267.47,267.57,0,0,28480
9717,2020-10-20 15:37:00,267.61,267.91,267.58,267.89,0,0,29310
9718,2020-10-20 15:38:00,267.85,268.0,267.72,267.77,0,0,24186
9719,2020-10-20 15:39:00,267.77,268.07,267.61,268.02,0,0,32725
9720,2020-10-20 15:40:00,267.97,268.85,267.97,268.7,0,0,76109
9721,2020-10-20 15:41:00,268.72,268.72,268.44,268.46,0,0,29538
9722,2020-10-20 15:42:00,268.44,268.66,268.36,268.58,0,0,25402
9723,2020-10-20 15:43:00,268.65,268.75,268.44,268.57,0,0,53764
9724,2020-10-20 15:44:00,268.55,268.73,268.53,268.59,0,0,29136
9725,2020-10-20 15:45:00,268.59,268.6,268.2,268.32,0,0,40715
9726,2020-10-20 15:46:00,268.31,268.6,268.25,268.51,0,0,31610
9727,2020-10-20 15:47:00,268.47,268.47,268.17,268.29,0,0,34677
9728,2020-10-20 15:48:00,268.25,268.29,267.89,267.93,0,0,43293
9729,2020-10-20 15:49:00,267.92,268.1,267.83,267.88,0,0,30734
9730,2020-10-20 15:50:00,267.83,267.98,267.6,267.65,0,0,74022
9731,2020-10-20 15:51:00,267.58,267.74,267.56,267.65,0,0,48648
9732,2020-10-20 15:52:00,267.63,267.65,267.37,267.59,0,0,48952
9733,2020-10-20 15:53:00,267.56,268.02,267.41,267.95,0,0,48760
9734,2020-10-20 15:54:00,268.02,268.31,267.87,267.87,0,0,117364
9735,2020-10-20 15:55:00,267.88,268.14,267.57,267.72,0,0,127003
9736,2020-10-20 15:56:00,267.68,267.99,267.55,267.92,0,0,123262
9737,2020-10-20 15:57:00,267.92,268.08,267.79,267.85,0,0,100174
9738,2020-10-20 15:58:00,267.81,267.93,267.68,267.86,0,0,78246
9739,2020-10-20 15:59:00,267.86,267.89,267.56,267.58,0,0,177507
9740,2020-10-21 09:30:00,276.97,276.97,276.97,276.97,0,0,1949106
9741,2020-10-21 09:31:00,277.69,278.54,277.65,278.24,0,0,431123
9742,2020-10-21 09:32:00,278.19,278.5,277.58,278.31,0,0,512205
9743,2020-10-21 09:33:00,278.68,278.9,278.3,278.8,0,0,309760
9744,2020-10-21 09:34:00,278.0,278.22,277.61,277.61,0,0,207639
9745,2020-10-21 09:35:00,276.93,277.48,276.91,277.39,0,0,262028
9746,2020-10-21 09:36:00,277.03,277.5,277.02,277.29,0,0,151097
9747,2020-10-21 09:37:00,277.18,277.18,277.17,277.17,0,0,202688
9748,2020-10-21 09:38:00,277.15,277.62,277.05,277.62,0,0,135791
9749,2020-10-21 09:39:00,279.0,279.29,278.93,279.21,0,0,295040
9750,2020-10-21 09:40:00,280.0,280.44,280.0,280.36,0,0,442306
9751,2020-10-21 09:41:00,280.38,281.35,280.3,281.28,0,0,390281
9752,2020-10-21 09:42:00,282.0,282.29,281.14,281.22,0,0,445378
9753,2020-10-21 09:43:00,282.68,283.05,281.64,281.86,0,0,512492
9754,2020-10-21 09:44:00,280.95,280.95,280.64,280.84,0,0,327104
9755,2020-10-21 09:45:00,280.86,281.07,280.38,280.38,0,0,163667
9756,2020-10-21 09:46:00,280.5,280.62,280.41,280.56,0,0,135931
9757,2020-10-21 09:47:00,280.43,280.5,280.43,280.46,0,0,103088
9758,2020-10-21 09:48:00,280.55,280.7,280.51,280.56,0,0,189986
9759,2020-10-21 09:49:00,280.5,280.63,280.14,280.55,0,0,149226
9760,2020-10-21 09:50:00,280.55,280.84,280.09,280.24,0,0,130271
9761,2020-10-21 09:51:00,280.93,281.35,280.93,281.12,0,0,175437
9762,2020-10-21 09:52:00,281.12,281.98,281.12,281.98,0,0,185536
9763,2020-10-21 09:53:00,281.79,281.99,281.64,281.95,0,0,160666
9764,2020-10-21 09:54:00,282.27,282.28,282.0,282.05,0,0,173383
9765,2020-10-21 09:55:00,282.0,282.0,281.8,281.84,0,0,142805
9766,2020-10-21 09:56:00,282.0,282.42,281.8,282.23,0,0,222702
9767,2020-10-21 09:57:00,282.25,282.48,282.14,282.24,0,0,125850
9768,2020-10-21 09:58:00,282.45,282.5,282.21,282.47,0,0,99113
9769,2020-10-21 09:59:00,282.38,282.42,281.9,282.0,0,0,182514
9770,2020-10-21 10:00:00,282.0,282.35,281.92,281.98,0,0,137356
9771,2020-10-21 10:01:00,282.0,282.6,282.0,282.12,0,0,188049
9772,2020-10-21 10:02:00,282.11,282.71,282.11,282.35,0,0,123720
9773,2020-10-21 10:03:00,282.4,282.42,282.03,282.36,0,0,91850
9774,2020-10-21 10:04:00,282.4,282.59,281.86,282.14,0,0,143634
9775,2020-10-21 10:05:00,282.15,282.39,281.9,282.13,0,0,94970
9776,2020-10-21 10:06:00,282.2,282.2,281.73,281.74,0,0,117605
9777,2020-10-21 10:07:00,281.74,281.86,281.12,281.2,0,0,101145
9778,2020-10-21 10:08:00,281.16,281.23,280.51,280.97,0,0,98859
9779,2020-10-21 10:09:00,280.97,281.5,280.95,281.5,0,0,78991
9780,2020-10-21 10:10:00,281.53,281.73,281.04,281.1,0,0,71213
9781,2020-10-21 10:11:00,281.1,281.47,281.01,281.45,0,0,68705
9782,2020-10-21 10:12:00,281.49,281.6,281.21,281.35,0,0,94257
9783,2020-10-21 10:13:00,281.35,281.9,281.3,281.76,0,0,99250
9784,2020-10-21 10:14:00,281.79,282.08,281.76,281.85,0,0,57595
9785,2020-10-21 10:15:00,281.83,282.08,281.42,281.6,0,0,92116
9786,2020-10-21 10:16:00,281.62,281.92,281.45,281.69,0,0,58675
9787,2020-10-21 10:17:00,281.7,282.0,281.58,281.88,0,0,78947
9788,2020-10-21 10:18:00,281.84,281.88,281.41,281.41,0,0,35375
9789,2020-10-21 10:19:00,281.37,281.82,281.37,281.82,0,0,51687
9790,2020-10-21 10:20:00,281.8,282.05,281.77,282.04,0,0,72547
9791,2020-10-21 10:21:00,282.04,282.17,281.91,281.99,0,0,88376
9792,2020-10-21 10:22:00,281.98,281.99,281.25,281.52,0,0,77972
9793,2020-10-21 10:23:00,281.52,281.73,280.92,281.01,0,0,81618
9794,2020-10-21 10:24:00,281.03,281.1,280.79,280.89,0,0,65783
9795,2020-10-21 10:25:00,280.9,281.0,280.67,280.76,0,0,66297
9796,2020-10-21 10:26:00,280.73,281.12,280.67,281.02,0,0,59492
9797,2020-10-21 10:27:00,281.05,281.55,280.83,280.91,0,0,73598
9798,2020-10-21 10:28:00,280.89,280.91,280.61,280.64,0,0,40358
9799,2020-10-21 10:29:00,280.63,281.23,280.63,281.09,0,0,34009
9800,2020-10-21 10:30:00,281.09,281.26,280.96,281.08,0,0,68456
9801,2020-10-21 10:31:00,281.09,281.09,280.55,280.88,0,0,69951
9802,2020-10-21 10:32:00,280.81,280.86,280.56,280.71,0,0,52853
9803,2020-10-21 10:33:00,280.67,280.7,280.37,280.67,0,0,86656
9804,2020-10-21 10:34:00,280.67,281.07,280.65,280.68,0,0,68822
9805,2020-10-21 10:35:00,280.67,280.94,280.56,280.76,0,0,69543
9806,2020-10-21 10:36:00,280.75,280.75,280.12,280.34,0,0,80269
9807,2020-10-21 10:37:00,280.37,280.45,280.2,280.42,0,0,53405
9808,2020-10-21 10:38:00,280.42,280.84,280.35,280.79,0,0,51045
9809,2020-10-21 10:39:00,280.81,280.97,280.54,280.97,0,0,61552
9810,2020-10-21 10:40:00,280.96,281.26,280.85,281.21,0,0,92703
9811,2020-10-21 10:41:00,281.2,281.47,281.17,281.42,0,0,65552
9812,2020-10-21 10:42:00,281.46,281.7,281.15,281.68,0,0,82039
9813,2020-10-21 10:43:00,281.68,281.69,280.98,281.35,0,0,72874
9814,2020-10-21 10:44:00,281.31,281.43,281.23,281.35,0,0,36334
9815,2020-10-21 10:45:00,281.35,281.69,281.25,281.33,0,0,56224
9816,2020-10-21 10:46:00,281.38,281.7,281.31,281.46,0,0,39568
9817,2020-10-21 10:47:00,281.42,281.44,280.94,281.0,0,0,62560
9818,2020-10-21 10:48:00,280.92,281.03,280.57,280.7,0,0,49198
9819,2020-10-21 10:49:00,280.76,280.88,280.6,280.66,0,0,55819
9820,2020-10-21 10:50:00,280.67,280.78,280.55,280.56,0,0,30697
9821,2020-10-21 10:51:00,280.59,280.75,280.4,280.61,0,0,87185
9822,2020-10-21 10:52:00,280.61,280.72,280.44,280.71,0,0,37468
9823,2020-10-21 10:53:00,280.71,280.75,280.45,280.62,0,0,62163
9824,2020-10-21 10:54:00,280.62,280.9,280.62,280.84,0,0,45716
9825,2020-10-21 10:55:00,280.82,280.87,280.67,280.83,0,0,58040
9826,2020-10-21 10:56:00,280.86,280.87,280.59,280.66,0,0,30879
9827,2020-10-21 10:59:00,279.89,280.05,279.86,279.86,0,0,276347
9828,2020-10-21 11:00:00,279.55,279.74,279.5,279.67,0,0,81400
9829,2020-10-21 11:01:00,279.67,280.05,279.49,280.02,0,0,41856
9830,2020-10-21 11:02:00,280.0,280.03,279.56,279.66,0,0,58724
9831,2020-10-21 11:03:00,279.66,279.73,279.06,279.06,0,0,79341
9832,2020-10-21 11:04:00,279.06,279.18,278.65,278.76,0,0,104633
9833,2020-10-21 11:05:00,278.76,278.99,278.54,278.85,0,0,55592
9834,2020-10-21 11:06:00,278.82,279.19,278.7,279.17,0,0,247012
9835,2020-10-21 11:07:00,279.2,279.23,278.8,278.92,0,0,41750
9836,2020-10-21 11:08:00,278.85,279.08,278.62,279.01,0,0,32188
9837,2020-10-21 11:09:00,278.96,279.0,278.64,278.84,0,0,29131
9838,2020-10-21 11:10:00,278.86,278.86,278.27,278.47,0,0,61847
9839,2020-10-21 11:11:00,278.42,278.59,278.32,278.52,0,0,33667
9840,2020-10-21 11:12:00,278.51,278.51,277.93,278.36,0,0,79881
9841,2020-10-21 11:13:00,278.39,278.47,278.19,278.33,0,0,35459
9842,2020-10-21 11:14:00,278.37,278.6,278.31,278.31,0,0,42184
9843,2020-10-21 11:15:00,278.38,278.42,278.11,278.2,0,0,39242
9844,2020-10-21 11:16:00,278.2,278.25,277.78,278.05,0,0,46658
9845,2020-10-21 11:17:00,278.03,278.16,277.92,278.09,0,0,35981
9846,2020-10-21 11:27:00,278.73,279.19,278.7,278.97,0,0,509058
9847,2020-10-21 11:28:00,278.94,279.87,278.91,279.74,0,0,83232
9848,2020-10-21 11:29:00,279.71,279.71,279.42,279.62,0,0,64930
9849,2020-10-21 11:30:00,279.61,279.91,279.55,279.83,0,0,44469
9850,2020-10-21 11:31:00,279.86,280.1,279.78,280.06,0,0,65086
9851,2020-10-21 11:32:00,280.05,280.05,279.59,279.62,0,0,44182
9852,2020-10-21 11:33:00,279.62,279.87,279.58,279.73,0,0,25411
9853,2020-10-21 11:34:00,279.72,279.75,279.3,279.31,0,0,34630
9854,2020-10-21 11:35:00,279.32,279.89,279.31,279.88,0,0,30103
9855,2020-10-21 11:36:00,279.91,280.19,279.9,280.14,0,0,61878
9856,2020-10-21 11:37:00,280.14,280.16,279.84,280.0,0,0,39294
9857,2020-10-21 11:38:00,279.99,280.12,279.94,279.99,0,0,31871
9858,2020-10-21 11:39:00,280.02,280.26,279.97,280.18,0,0,37614
9859,2020-10-21 11:40:00,280.17,280.34,280.15,280.31,0,0,34684
9860,2020-10-21 11:41:00,280.31,280.31,279.64,279.98,0,0,95610
9861,2020-10-21 11:42:00,279.95,280.14,279.92,279.94,0,0,29626
9862,2020-10-21 11:43:00,279.93,280.22,279.93,280.13,0,0,30440
9863,2020-10-21 11:44:00,280.13,280.22,280.04,280.08,0,0,30149
9864,2020-10-21 11:45:00,280.14,280.47,280.03,280.43,0,0,32029
9865,2020-10-21 11:46:00,280.46,280.64,280.4,280.62,0,0,58288
9866,2020-10-21 11:47:00,280.64,280.65,280.29,280.34,0,0,35808
9867,2020-10-21 11:48:00,280.36,280.64,280.24,280.64,0,0,59309
9868,2020-10-21 11:49:00,280.6,280.84,280.57,280.77,0,0,55375
9869,2020-10-21 11:50:00,280.75,281.18,280.68,281.11,0,0,75162
9870,2020-10-21 11:51:00,281.14,281.32,281.1,281.23,0,0,76519
9871,2020-10-21 11:52:00,281.23,281.42,281.22,281.37,0,0,52153
9872,2020-10-21 11:53:00,281.39,281.68,281.35,281.64,0,0,63991
9873,2020-10-21 11:54:00,281.65,281.89,281.63,281.63,0,0,77885
9874,2020-10-21 11:55:00,281.67,281.7,281.14,281.47,0,0,95734
9875,2020-10-21 11:56:00,281.45,281.66,281.42,281.61,0,0,48624
9876,2020-10-21 11:57:00,281.61,281.67,281.06,281.09,0,0,73159
9877,2020-10-21 11:58:00,281.14,281.3,280.38,280.52,0,0,101284
9878,2020-10-21 11:59:00,280.57,280.82,280.47,280.71,0,0,45525
9879,2020-10-21 12:00:00,280.7,280.74,280.47,280.59,0,0,29902
9880,2020-10-21 12:01:00,280.56,280.68,280.25,280.44,0,0,64266
9881,2020-10-21 12:02:00,280.45,280.48,280.24,280.33,0,0,33982
9882,2020-10-21 12:03:00,280.35,280.65,280.3,280.61,0,0,41447
9883,2020-10-21 12:04:00,280.61,280.78,280.44,280.45,0,0,36227
9884,2020-10-21 12:05:00,280.42,280.42,280.21,280.35,0,0,27219
9885,2020-10-21 12:06:00,280.28,280.43,280.15,280.38,0,0,288727
9886,2020-10-21 12:07:00,280.45,280.97,280.44,280.74,0,0,58829
9887,2020-10-21 12:08:00,280.74,280.74,280.33,280.38,0,0,30782
9888,2020-10-21 12:09:00,280.37,280.46,280.07,280.12,0,0,61242
9889,2020-10-21 12:10:00,280.1,280.14,279.53,279.54,0,0,59064
9890,2020-10-21 12:11:00,279.7,279.74,279.25,279.6,0,0,53812
9891,2020-10-21 12:12:00,279.61,279.72,279.39,279.53,0,0,25566
9892,2020-10-21 12:13:00,279.58,279.86,279.55,279.81,0,0,27372
9893,2020-10-21 12:14:00,279.82,280.02,279.82,279.95,0,0,29779
9894,2020-10-21 12:15:00,279.93,279.97,279.64,279.74,0,0,32148
9895,2020-10-21 12:16:00,279.74,279.85,279.62,279.77,0,0,17127
9896,2020-10-21 12:17:00,279.8,279.98,279.7,279.7,0,0,33012
9897,2020-10-21 12:18:00,279.74,279.74,279.53,279.58,0,0,30245
9898,2020-10-21 12:19:00,279.6,279.8,279.52,279.56,0,0,18860
9899,2020-10-21 12:20:00,279.6,280.74,279.57,280.68,0,0,68957
9900,2020-10-21 12:21:00,280.68,281.36,280.49,281.35,0,0,99325
9901,2020-10-21 12:22:00,281.35,281.73,281.13,281.3,0,0,82801
9902,2020-10-21 12:23:00,281.25,281.58,281.02,281.25,0,0,56673
9903,2020-10-21 12:24:00,281.14,281.42,281.02,281.21,0,0,83651
9904,2020-10-21 12:25:00,281.21,281.49,281.04,281.36,0,0,39583
9905,2020-10-21 12:26:00,281.34,281.7,281.33,281.41,0,0,63785
9906,2020-10-21 12:27:00,281.41,281.5,280.9,281.25,0,0,93641
9907,2020-10-21 12:28:00,281.25,281.4,281.21,281.26,0,0,46223
9908,2020-10-21 12:29:00,281.31,281.36,281.07,281.25,0,0,32235
9909,2020-10-21 12:30:00,281.29,281.35,281.14,281.23,0,0,59969
9910,2020-10-21 12:31:00,281.19,281.44,281.17,281.23,0,0,42551
9911,2020-10-21 12:32:00,281.28,281.39,281.08,281.09,0,0,43619
9912,2020-10-21 12:33:00,281.15,281.17,280.45,280.74,0,0,73231
9913,2020-10-21 12:34:00,280.72,280.9,280.61,280.72,0,0,28421
9914,2020-10-21 12:35:00,280.74,280.9,280.45,280.78,0,0,37125
9915,2020-10-21 12:36:00,280.78,280.94,280.61,280.93,0,0,32525
9916,2020-10-21 12:37:00,280.93,281.06,280.75,280.99,0,0,51440
9917,2020-10-21 12:38:00,281.02,281.47,280.98,281.45,0,0,38612
9918,2020-10-21 12:39:00,281.43,281.43,281.07,281.25,0,0,40125
9919,2020-10-21 12:40:00,281.27,281.27,280.93,281.23,0,0,48314
9920,2020-10-21 12:41:00,281.18,281.18,280.98,281.01,0,0,20897
9921,2020-10-21 12:42:00,281.0,281.11,280.3,280.32,0,0,27073
9922,2020-10-21 12:43:00,280.36,280.47,280.18,280.19,0,0,51214
9923,2020-10-21 12:44:00,280.22,280.25,279.75,280.11,0,0,46835
9924,2020-10-21 12:45:00,280.1,280.45,279.94,280.42,0,0,33425
9925,2020-10-21 12:46:00,280.38,280.72,280.38,280.54,0,0,36591
9926,2020-10-21 12:47:00,280.52,280.59,280.32,280.51,0,0,22860
9927,2020-10-21 12:48:00,280.48,280.48,280.01,280.09,0,0,28756
9928,2020-10-21 12:49:00,280.1,280.14,279.88,280.04,0,0,27724
9929,2020-10-21 12:50:00,280.05,280.12,279.87,280.07,0,0,27142
9930,2020-10-21 12:51:00,280.07,280.33,280.06,280.12,0,0,39617
9931,2020-10-21 12:52:00,280.14,280.19,279.98,280.1,0,0,24826
9932,2020-10-21 12:53:00,280.1,280.1,279.8,280.03,0,0,28143
9933,2020-10-21 12:54:00,280.01,280.01,279.77,279.99,0,0,49876
9934,2020-10-21 12:55:00,279.98,280.36,279.92,280.09,0,0,48707
9935,2020-10-21 12:56:00,280.09,280.31,280.07,280.29,0,0,42815
9936,2020-10-21 12:57:00,280.28,280.49,280.07,280.11,0,0,41943
9937,2020-10-21 12:58:00,280.11,280.12,279.81,280.06,0,0,43947
9938,2020-10-21 12:59:00,280.06,280.07,279.88,280.0,0,0,28691
9939,2020-10-21 13:00:00,280.01,280.05,279.71,279.98,0,0,71616
9940,2020-10-21 13:01:00,280.04,280.2,279.86,279.87,0,0,30460
9941,2020-10-21 13:02:00,279.84,280.1,279.83,280.06,0,0,29984
9942,2020-10-21 13:03:00,280.1,280.28,280.04,280.15,0,0,41438
9943,2020-10-21 13:04:00,280.19,280.74,280.18,280.7,0,0,68358
9944,2020-10-21 13:05:00,280.64,280.75,280.57,280.73,0,0,55476
9945,2020-10-21 13:06:00,280.74,280.74,280.3,280.44,0,0,39852
9946,2020-10-21 13:07:00,280.46,280.72,280.37,280.66,0,0,32754
9947,2020-10-21 13:08:00,280.63,280.69,280.5,280.5,0,0,23422
9948,2020-10-21 13:09:00,280.53,280.59,280.28,280.39,0,0,37491
9949,2020-10-21 13:10:00,280.4,280.4,280.2,280.26,0,0,27530
9950,2020-10-21 13:11:00,280.26,280.59,280.26,280.43,0,0,43034
9951,2020-10-21 13:12:00,280.47,280.71,280.47,280.62,0,0,21703
9952,2020-10-21 13:13:00,280.64,280.88,280.61,280.85,0,0,27678
9953,2020-10-21 13:14:00,280.83,280.88,280.67,280.88,0,0,31046
9954,2020-10-21 13:15:00,280.86,281.16,280.86,281.1,0,0,46424
9955,2020-10-21 13:16:00,281.09,281.22,281.07,281.18,0,0,24700
9956,2020-10-21 13:17:00,281.21,281.42,281.1,281.12,0,0,46445
9957,2020-10-21 13:18:00,281.13,281.2,280.93,281.05,0,0,39873
9958,2020-10-21 13:19:00,281.02,281.2,280.99,281.18,0,0,17793
9959,2020-10-21 13:20:00,281.18,281.33,281.0,281.05,0,0,47161
9960,2020-10-21 13:21:00,281.05,281.13,280.79,280.79,0,0,36124
9961,2020-10-21 13:22:00,280.84,280.96,280.76,280.86,0,0,19828
9962,2020-10-21 13:23:00,280.87,281.04,280.65,281.04,0,0,46400
9963,2020-10-21 13:24:00,281.03,281.37,281.03,281.32,0,0,31585
9964,2020-10-21 13:25:00,281.32,281.35,281.06,281.06,0,0,41971
9965,2020-10-21 13:26:00,281.03,281.28,280.94,281.23,0,0,36669
9966,2020-10-21 13:27:00,281.21,281.23,281.03,281.13,0,0,15377
9967,2020-10-21 13:28:00,281.1,281.42,281.03,281.36,0,0,28375
9968,2020-10-21 13:29:00,281.35,281.4,281.22,281.4,0,0,46769
9969,2020-10-21 13:30:00,281.4,281.77,281.28,281.73,0,0,78301
9970,2020-10-21 13:31:00,281.68,281.7,281.5,281.52,0,0,35300
9971,2020-10-21 13:32:00,281.52,281.52,281.24,281.33,0,0,33726
9972,2020-10-21 13:33:00,281.34,281.46,281.33,281.39,0,0,38181
9973,2020-10-21 13:34:00,281.37,281.52,281.23,281.49,0,0,29536
9974,2020-10-21 13:35:00,281.45,281.64,281.44,281.5,0,0,56919
9975,2020-10-21 13:36:00,281.56,281.69,281.54,281.62,0,0,20084
9976,2020-10-21 13:37:00,281.6,281.69,281.51,281.58,0,0,20870
9977,2020-10-21 13:38:00,281.59,281.64,281.03,281.06,0,0,43940
9978,2020-10-21 13:39:00,281.05,281.05,280.58,280.7,0,0,38942
9979,2020-10-21 13:40:00,280.7,280.97,280.7,280.9,0,0,33614
9980,2020-10-21 13:41:00,280.89,280.91,280.8,280.84,0,0,17978
9981,2020-10-21 13:42:00,280.84,280.84,280.5,280.57,0,0,22286
9982,2020-10-21 13:43:00,280.6,280.64,280.35,280.62,0,0,34357
9983,2020-10-21 13:44:00,280.59,280.77,280.54,280.73,0,0,22665
9984,2020-10-21 13:45:00,280.69,280.98,280.67,280.93,0,0,21518
9985,2020-10-21 13:46:00,280.95,281.17,280.91,281.12,0,0,48909
9986,2020-10-21 13:47:00,281.09,281.12,280.85,281.06,0,0,28982
9987,2020-10-21 13:48:00,281.07,281.08,280.74,280.76,0,0,16534
9988,2020-10-21 13:49:00,280.76,280.94,280.7,280.92,0,0,10720
9989,2020-10-21 13:50:00,280.93,281.47,280.93,281.43,0,0,34454
9990,2020-10-21 13:51:00,281.41,281.46,281.26,281.26,0,0,22372
9991,2020-10-21 13:52:00,281.26,281.27,280.97,281.03,0,0,25726
9992,2020-10-21 13:53:00,281.0,281.06,280.88,280.97,0,0,19719
9993,2020-10-21 13:54:00,280.92,280.94,280.65,280.69,0,0,16752
9994,2020-10-21 13:55:00,280.71,280.82,280.36,280.56,0,0,29211
9995,2020-10-21 13:56:00,280.61,280.76,280.49,280.58,0,0,47554
9996,2020-10-21 13:57:00,280.62,280.68,280.47,280.58,0,0,19201
9997,2020-10-21 13:58:00,280.55,280.62,280.39,280.59,0,0,19261
9998,2020-10-21 13:59:00,280.57,280.61,280.45,280.6,0,0,16474
9999,2020-10-21 14:00:00,280.63,281.04,280.34,280.99,0,0,52632
10000,2020-10-21 14:01:00,280.97,281.25,280.82,280.84,0,0,40978
10001,2020-10-21 14:02:00,280.83,281.05,280.73,280.96,0,0,34328
10002,2020-10-21 14:03:00,280.96,281.05,280.83,280.85,0,0,16820
10003,2020-10-21 14:04:00,280.89,280.91,280.58,280.67,0,0,21334
10004,2020-10-21 14:05:00,280.67,280.73,280.43,280.72,0,0,31506
10005,2020-10-21 14:06:00,280.74,280.78,280.6,280.66,0,0,38220
10006,2020-10-21 14:07:00,280.64,280.75,280.53,280.67,0,0,31693
10007,2020-10-21 14:08:00,280.7,280.75,280.42,280.46,0,0,19425
10008,2020-10-21 14:09:00,280.47,280.67,280.37,280.49,0,0,35345
10009,2020-10-21 14:10:00,280.52,280.6,280.37,280.54,0,0,17155
10010,2020-10-21 14:11:00,280.52,280.84,280.51,280.67,0,0,40486
10011,2020-10-21 14:12:00,280.67,280.7,280.27,280.34,0,0,40755
10012,2020-10-21 14:13:00,280.34,280.54,280.3,280.33,0,0,24098
10013,2020-10-21 14:14:00,280.33,280.33,280.07,280.15,0,0,33841
10014,2020-10-21 14:15:00,280.17,280.39,280.15,280.26,0,0,21653
10015,2020-10-21 14:16:00,280.31,280.56,280.3,280.36,0,0,34885
10016,2020-10-21 14:17:00,280.35,280.35,280.08,280.09,0,0,25244
10017,2020-10-21 14:18:00,280.09,280.2,279.86,280.0,0,0,66072
10018,2020-10-21 14:19:00,279.98,280.05,279.89,279.97,0,0,27442
10019,2020-10-21 14:20:00,279.97,280.12,279.95,279.98,0,0,17125
10020,2020-10-21 14:21:00,279.97,279.97,279.73,279.9,0,0,24559
10021,2020-10-21 14:22:00,279.9,279.96,279.8,279.85,0,0,12008
10022,2020-10-21 14:23:00,279.84,279.96,279.84,279.92,0,0,13190
10023,2020-10-21 14:24:00,279.95,280.04,279.9,280.01,0,0,26075
10024,2020-10-21 14:25:00,280.02,280.17,279.99,280.14,0,0,24560
10025,2020-10-21 14:26:00,280.13,280.37,280.13,280.35,0,0,40858
10026,2020-10-21 14:27:00,280.37,280.92,280.31,280.83,0,0,58786
10027,2020-10-21 14:28:00,280.85,281.12,280.81,281.09,0,0,64269
10028,2020-10-21 14:29:00,281.11,281.12,280.93,281.01,0,0,41472
10029,2020-10-21 14:30:00,281.03,281.1,280.88,281.07,0,0,41218
10030,2020-10-21 14:31:00,281.1,281.29,281.09,281.29,0,0,31933
10031,2020-10-21 14:32:00,281.3,281.32,281.12,281.27,0,0,35750
10032,2020-10-21 14:33:00,281.27,281.3,281.2,281.27,0,0,22491
10033,2020-10-21 14:34:00,281.27,281.27,281.04,281.11,0,0,24553
10034,2020-10-21 14:35:00,281.1,281.17,281.02,281.07,0,0,25704
10035,2020-10-21 14:36:00,281.1,281.16,280.9,280.93,0,0,32833
10036,2020-10-21 14:37:00,280.96,281.09,280.87,280.95,0,0,25417
10037,2020-10-21 14:38:00,280.91,280.91,280.73,280.79,0,0,13881
10038,2020-10-21 14:39:00,280.81,280.97,280.79,280.89,0,0,13342
10039,2020-10-21 14:40:00,280.86,281.15,280.86,281.03,0,0,13062
10040,2020-10-21 14:41:00,280.97,281.12,280.91,281.02,0,0,11037
10041,2020-10-21 14:42:00,280.96,281.44,280.96,281.41,0,0,24501
10042,2020-10-21 14:43:00,281.4,281.4,281.25,281.26,0,0,18921
10043,2020-10-21 14:44:00,281.26,281.26,280.96,280.98,0,0,40427
10044,2020-10-21 14:45:00,281.0,281.3,280.98,281.28,0,0,27094
10045,2020-10-21 14:46:00,281.3,281.3,281.12,281.28,0,0,20546
10046,2020-10-21 14:47:00,281.28,281.39,281.23,281.31,0,0,43214
10047,2020-10-21 14:48:00,281.3,281.53,281.3,281.43,0,0,33065
10048,2020-10-21 14:49:00,281.47,281.53,281.38,281.38,0,0,36828
10049,2020-10-21 14:50:00,281.38,281.43,281.3,281.3,0,0,25148
10050,2020-10-21 14:51:00,281.3,281.36,281.15,281.34,0,0,36553
10051,2020-10-21 14:52:00,281.35,281.7,281.31,281.67,0,0,59171
10052,2020-10-21 14:53:00,281.66,281.72,281.6,281.7,0,0,33123
10053,2020-10-21 14:54:00,281.7,281.7,281.51,281.63,0,0,22394
10054,2020-10-21 14:55:00,281.6,281.75,281.53,281.74,0,0,26052
10055,2020-10-21 14:56:00,281.75,281.99,281.71,281.99,0,0,51105
10056,2020-10-21 14:57:00,281.99,282.06,281.87,281.9,0,0,66581
10057,2020-10-21 14:58:00,281.91,282.09,281.9,282.0,0,0,28426
10058,2020-10-21 14:59:00,282.05,282.14,282.0,282.01,0,0,47506
10059,2020-10-21 15:00:00,282.06,282.14,282.0,282.07,0,0,34290
10060,2020-10-21 15:01:00,282.06,282.06,281.69,281.85,0,0,39207
10061,2020-10-21 15:02:00,281.89,281.97,281.8,281.85,0,0,31853
10062,2020-10-21 15:03:00,281.8,281.86,281.4,281.4,0,0,32598
10063,2020-10-21 15:04:00,281.45,281.47,281.11,281.25,0,0,55847
10064,2020-10-21 15:05:00,281.25,281.34,281.14,281.25,0,0,34937
10065,2020-10-21 15:06:00,281.26,281.28,281.04,281.05,0,0,24743
10066,2020-10-21 15:07:00,281.07,281.09,280.69,280.83,0,0,57381
10067,2020-10-21 15:08:00,280.8,280.95,280.69,280.7,0,0,27083
10068,2020-10-21 15:09:00,280.72,280.95,280.72,280.82,0,0,22312
10069,2020-10-21 15:10:00,280.88,280.89,280.6,280.76,0,0,27758
10070,2020-10-21 15:11:00,280.7,280.86,280.69,280.83,0,0,27983
10071,2020-10-21 15:12:00,280.83,281.23,280.83,281.07,0,0,54998
10072,2020-10-21 15:13:00,281.09,281.1,280.8,280.85,0,0,29765
10073,2020-10-21 15:14:00,280.85,281.05,280.75,281.01,0,0,24731
10074,2020-10-21 15:15:00,280.98,281.06,280.82,280.83,0,0,19311
10075,2020-10-21 15:16:00,280.85,281.01,280.8,280.86,0,0,22743
10076,2020-10-21 15:17:00,280.87,280.89,280.51,280.58,0,0,42123
10077,2020-10-21 15:18:00,280.6,280.61,280.4,280.57,0,0,24874
10078,2020-10-21 15:19:00,280.57,280.71,280.5,280.65,0,0,47508
10079,2020-10-21 15:20:00,280.65,280.98,280.57,280.84,0,0,41218
10080,2020-10-21 15:21:00,280.84,281.01,280.84,280.95,0,0,24662
10081,2020-10-21 15:22:00,280.94,281.13,280.84,281.11,0,0,24036
10082,2020-10-21 15:23:00,281.13,281.23,281.06,281.2,0,0,37181
10083,2020-10-21 15:24:00,281.19,281.19,280.98,281.08,0,0,26627
10084,2020-10-21 15:25:00,281.07,281.52,281.07,281.49,0,0,48534
10085,2020-10-21 15:26:00,281.49,281.52,281.34,281.39,0,0,43515
10086,2020-10-21 15:27:00,281.39,281.59,281.36,281.39,0,0,31267
10087,2020-10-21 15:28:00,281.43,281.47,280.95,280.99,0,0,42230
10088,2020-10-21 15:29:00,280.97,281.29,280.9,281.24,0,0,47804
10089,2020-10-21 15:30:00,281.25,281.51,281.09,281.48,0,0,43905
10090,2020-10-21 15:31:00,281.47,281.6,281.35,281.54,0,0,35761
10091,2020-10-21 15:32:00,281.53,281.63,281.44,281.52,0,0,35022
10092,2020-10-21 15:33:00,281.51,281.61,281.4,281.4,0,0,26393
10093,2020-10-21 15:34:00,281.4,281.47,280.54,280.82,0,0,72096
10094,2020-10-21 15:35:00,280.85,280.91,280.63,280.88,0,0,50138
10095,2020-10-21 15:36:00,280.89,280.89,280.44,280.56,0,0,42592
10096,2020-10-21 15:37:00,280.59,280.66,280.32,280.4,0,0,50713
10097,2020-10-21 15:38:00,280.47,280.49,280.17,280.3,0,0,49314
10098,2020-10-21 15:39:00,280.24,280.32,280.1,280.3,0,0,61605
10099,2020-10-21 15:40:00,280.31,280.35,280.05,280.11,0,0,61398
10100,2020-10-21 15:41:00,280.14,280.25,279.88,279.95,0,0,55548
10101,2020-10-21 15:42:00,279.97,280.0,279.71,279.78,0,0,41794
10102,2020-10-21 15:43:00,279.76,279.97,279.64,279.79,0,0,40902
10103,2020-10-21 15:44:00,279.83,279.83,279.44,279.44,0,0,35517
10104,2020-10-21 15:45:00,279.44,279.45,279.08,279.11,0,0,72853
10105,2020-10-21 15:46:00,279.13,279.26,278.79,278.96,0,0,83509
10106,2020-10-21 15:47:00,278.95,279.26,278.95,279.21,0,0,80472
10107,2020-10-21 15:48:00,279.15,279.17,278.87,278.91,0,0,65781
10108,2020-10-21 15:49:00,278.92,279.17,278.82,279.17,0,0,52008
10109,2020-10-21 15:50:00,279.11,279.24,278.82,279.2,0,0,99393
10110,2020-10-21 15:51:00,279.21,279.69,279.12,279.48,0,0,145951
10111,2020-10-21 15:52:00,279.48,279.91,279.45,279.84,0,0,108884
10112,2020-10-21 15:53:00,279.84,279.86,279.43,279.48,0,0,83480
10113,2020-10-21 15:54:00,279.45,279.52,278.9,278.94,0,0,114200
10114,2020-10-21 15:55:00,278.95,279.63,278.92,279.51,0,0,129387
10115,2020-10-21 15:56:00,279.49,279.57,279.3,279.45,0,0,88111
10116,2020-10-21 15:57:00,279.48,279.53,278.91,278.94,0,0,157257
10117,2020-10-21 15:58:00,278.93,279.07,278.87,278.97,0,0,167899
10118,2020-10-21 15:59:00,278.94,279.24,278.63,278.66,0,0,259300
10119,2020-10-22 09:30:00,279.87,281.42,279.56,281.37,0,0,531936
10120,2020-10-22 09:31:00,281.42,281.77,280.65,280.84,0,0,188596
10121,2020-10-22 09:32:00,280.94,281.3,279.81,279.96,0,0,90358
10122,2020-10-22 09:33:00,279.97,280.59,279.72,280.59,0,0,76983
10123,2020-10-22 09:34:00,281.0,281.49,280.93,281.3,0,0,83341
10124,2020-10-22 09:35:00,281.25,281.95,281.18,281.93,0,0,138279
10125,2020-10-22 09:36:00,282.43,282.43,282.29,282.33,0,0,231816
10126,2020-10-22 09:37:00,281.43,281.49,281.43,281.48,0,0,160035
10127,2020-10-22 09:38:00,281.5,281.89,281.42,281.57,0,0,97634
10128,2020-10-22 09:39:00,281.5,281.83,280.9,281.73,0,0,152119
10129,2020-10-22 09:40:00,281.4,281.54,280.47,280.5,0,0,110293
10130,2020-10-22 09:41:00,280.33,280.61,280.24,280.4,0,0,94754
10131,2020-10-22 09:42:00,280.22,280.4,280.18,280.31,0,0,63613
10132,2020-10-22 09:43:00,280.0,280.09,279.92,280.08,0,0,71002
10133,2020-10-22 09:44:00,280.29,280.37,280.1,280.27,0,0,71543
10134,2020-10-22 09:45:00,280.3,280.38,279.6,279.68,0,0,74381
10135,2020-10-22 09:46:00,279.43,279.54,279.3,279.48,0,0,54628
10136,2020-10-22 09:47:00,279.5,279.7,279.5,279.66,0,0,46891
10137,2020-10-22 09:48:00,279.84,280.06,279.46,279.65,0,0,47629
10138,2020-10-22 09:49:00,279.54,279.6,279.5,279.52,0,0,48405
10139,2020-10-22 09:50:00,279.69,279.92,279.69,279.85,0,0,74629
10140,2020-10-22 09:51:00,279.86,280.0,279.58,279.96,0,0,63619
10141,2020-10-22 09:52:00,280.13,280.32,280.09,280.31,0,0,65340
10142,2020-10-22 09:53:00,280.4,280.45,280.04,280.27,0,0,80928
10143,2020-10-22 09:54:00,280.17,280.17,280.17,280.17,0,0,38370
10144,2020-10-22 09:55:00,280.11,280.29,279.79,280.16,0,0,80542
10145,2020-10-22 09:56:00,280.29,280.37,280.02,280.18,0,0,102401
10146,2020-10-22 09:57:00,280.17,280.3,279.88,279.93,0,0,48368
10147,2020-10-22 09:58:00,279.45,279.96,279.22,279.45,0,0,55411
10148,2020-10-22 09:59:00,279.37,279.4,278.9,279.12,0,0,74729
10149,2020-10-22 10:00:00,279.12,279.35,278.79,278.9,0,0,73089
10150,2020-10-22 10:01:00,278.9,278.99,278.64,278.96,0,0,77863
10151,2020-10-22 10:02:00,278.9,279.09,278.7,278.83,0,0,75894
10152,2020-10-22 10:03:00,278.91,278.92,278.02,278.07,0,0,99688
10153,2020-10-22 10:04:00,278.13,278.18,277.76,277.91,0,0,87249
10154,2020-10-22 10:05:00,277.95,278.05,277.35,277.99,0,0,69527
10155,2020-10-22 10:06:00,277.91,278.0,277.86,278.0,0,0,37094
10156,2020-10-22 10:07:00,278.0,278.07,277.78,277.94,0,0,79465
10157,2020-10-22 10:08:00,277.94,278.05,277.7,278.0,0,0,43565
10158,2020-10-22 10:09:00,277.98,278.01,277.53,277.65,0,0,57336
10159,2020-10-22 10:10:00,277.69,278.05,277.68,278.01,0,0,62447
10160,2020-10-22 10:11:00,277.99,278.1,277.69,277.95,0,0,60166
10161,2020-10-22 10:12:00,277.92,278.0,277.5,277.97,0,0,32578
10162,2020-10-22 10:13:00,277.98,278.02,277.69,277.88,0,0,34422
10163,2020-10-22 10:14:00,277.9,278.36,277.89,278.29,0,0,68785
10164,2020-10-22 10:15:00,278.23,278.28,277.74,277.74,0,0,34562
10165,2020-10-22 10:16:00,277.68,277.71,277.27,277.56,0,0,55436
10166,2020-10-22 10:17:00,277.5,277.51,276.8,276.9,0,0,63147
10167,2020-10-22 10:18:00,276.91,277.37,276.91,277.34,0,0,28746
10168,2020-10-22 10:19:00,277.37,277.62,277.06,277.18,0,0,44727
10169,2020-10-22 10:20:00,277.13,277.18,276.95,277.0,0,0,29020
10170,2020-10-22 10:21:00,276.96,277.0,276.57,276.68,0,0,65765
10171,2020-10-22 10:22:00,276.7,277.02,276.58,276.86,0,0,36621
10172,2020-10-22 10:23:00,276.93,277.01,276.55,276.56,0,0,34911
10173,2020-10-22 10:24:00,276.56,276.72,275.89,275.98,0,0,89017
10174,2020-10-22 10:25:00,276.02,276.42,275.71,276.39,0,0,92891
10175,2020-10-22 10:26:00,276.43,276.57,276.18,276.52,0,0,29386
10176,2020-10-22 10:27:00,276.57,276.95,276.57,276.82,0,0,40651
10177,2020-10-22 10:28:00,276.84,276.85,276.55,276.55,0,0,41031
10178,2020-10-22 10:29:00,276.55,276.75,276.47,276.69,0,0,34555
10179,2020-10-22 10:30:00,276.7,276.99,276.53,276.58,0,0,44626
10180,2020-10-22 10:31:00,276.62,276.64,276.14,276.59,0,0,76166
10181,2020-10-22 10:32:00,276.55,276.62,276.36,276.4,0,0,64137
10182,2020-10-22 10:33:00,276.4,276.4,276.07,276.29,0,0,54612
10183,2020-10-22 10:34:00,276.32,276.49,276.25,276.38,0,0,32150
10184,2020-10-22 10:35:00,276.42,276.59,276.38,276.5,0,0,24145
10185,2020-10-22 10:36:00,276.52,276.52,275.93,276.29,0,0,46008
10186,2020-10-22 10:37:00,276.3,276.5,276.15,276.41,0,0,36430
10187,2020-10-22 10:38:00,276.42,276.42,276.17,276.27,0,0,34265
10188,2020-10-22 10:39:00,276.3,276.38,275.85,275.9,0,0,56911
10189,2020-10-22 10:40:00,275.86,275.92,275.4,275.7,0,0,66303
10190,2020-10-22 10:41:00,275.69,276.07,275.57,276.01,0,0,43861
10191,2020-10-22 10:42:00,275.96,276.07,275.86,275.89,0,0,45005
10192,2020-10-22 10:43:00,275.82,275.93,275.57,275.7,0,0,45110
10193,2020-10-22 10:44:00,275.57,275.63,275.22,275.29,0,0,31912
10194,2020-10-22 10:45:00,275.32,275.8,275.32,275.57,0,0,44736
10195,2020-10-22 10:46:00,275.55,276.22,275.37,276.22,0,0,36567
10196,2020-10-22 10:47:00,276.14,276.33,275.7,275.75,0,0,53408
10197,2020-10-22 10:48:00,275.77,275.77,275.39,275.68,0,0,31484
10198,2020-10-22 10:49:00,275.67,275.68,275.17,275.4,0,0,60347
10199,2020-10-22 10:50:00,275.4,275.56,275.04,275.51,0,0,65241
10200,2020-10-22 10:51:00,275.51,276.21,275.41,276.1,0,0,83837
10201,2020-10-22 10:52:00,276.07,276.53,275.64,275.8,0,0,47851
10202,2020-10-22 10:53:00,275.8,275.85,275.47,275.55,0,0,36210
10203,2020-10-22 10:54:00,275.56,275.92,275.56,275.64,0,0,22481
10204,2020-10-22 10:55:00,275.55,276.05,275.55,275.95,0,0,21248
10205,2020-10-22 10:56:00,275.95,276.37,275.91,276.31,0,0,44754
10206,2020-10-22 10:57:00,276.34,276.4,276.14,276.23,0,0,39695
10207,2020-10-22 10:58:00,276.28,276.39,276.14,276.31,0,0,26957
10208,2020-10-22 10:59:00,276.33,276.5,276.03,276.06,0,0,35397
10209,2020-10-22 11:00:00,276.05,276.71,275.94,276.7,0,0,32685
10210,2020-10-22 11:01:00,276.68,276.73,276.49,276.7,0,0,35898
10211,2020-10-22 11:02:00,276.7,276.7,276.51,276.59,0,0,28846
10212,2020-10-22 11:03:00,276.61,276.72,276.4,276.44,0,0,33020
10213,2020-10-22 11:04:00,276.41,276.85,276.38,276.76,0,0,27350
10214,2020-10-22 11:05:00,276.82,276.92,276.49,276.6,0,0,30912
10215,2020-10-22 11:06:00,276.65,276.79,276.39,276.43,0,0,35049
10216,2020-10-22 11:07:00,276.39,276.4,276.03,276.15,0,0,37369
10217,2020-10-22 11:08:00,276.14,276.29,276.03,276.04,0,0,16228
10218,2020-10-22 11:09:00,276.04,276.27,275.78,275.83,0,0,41610
10219,2020-10-22 11:10:00,275.88,276.26,275.88,276.24,0,0,24466
10220,2020-10-22 11:11:00,276.18,276.46,276.07,276.36,0,0,24478
10221,2020-10-22 11:12:00,276.28,276.47,276.24,276.32,0,0,20002
10222,2020-10-22 11:13:00,276.3,276.88,276.3,276.85,0,0,37531
10223,2020-10-22 11:14:00,276.81,277.39,276.7,277.35,0,0,65846
10224,2020-10-22 11:15:00,277.33,277.36,277.05,277.27,0,0,68497
10225,2020-10-22 11:16:00,277.24,277.24,276.79,277.06,0,0,31240
10226,2020-10-22 11:17:00,277.03,277.19,276.89,276.97,0,0,25638
10227,2020-10-22 11:18:00,276.97,277.0,276.62,276.66,0,0,32677
10228,2020-10-22 11:19:00,276.7,276.84,276.49,276.8,0,0,23562
10229,2020-10-22 11:20:00,276.83,277.19,276.6,277.19,0,0,44729
10230,2020-10-22 11:21:00,277.19,277.36,277.08,277.23,0,0,46510
10231,2020-10-22 11:22:00,277.19,277.3,277.05,277.21,0,0,47522
10232,2020-10-22 11:23:00,277.18,277.56,277.18,277.5,0,0,61166
10233,2020-10-22 11:24:00,277.53,277.6,277.3,277.38,0,0,49592
10234,2020-10-22 11:25:00,277.34,277.46,277.23,277.44,0,0,41444
10235,2020-10-22 11:26:00,277.46,277.6,277.32,277.49,0,0,37519
10236,2020-10-22 11:27:00,277.46,277.46,277.24,277.29,0,0,29966
10237,2020-10-22 11:28:00,277.31,277.44,277.0,277.14,0,0,40201
10238,2020-10-22 11:29:00,277.07,277.28,276.99,276.99,0,0,32878
10239,2020-10-22 11:30:00,277.06,277.25,276.94,277.21,0,0,29925
10240,2020-10-22 11:31:00,277.17,277.37,276.98,277.07,0,0,18993
10241,2020-10-22 11:32:00,277.06,277.18,276.94,277.14,0,0,48591
10242,2020-10-22 11:33:00,277.14,277.14,276.98,277.04,0,0,28276
10243,2020-10-22 11:34:00,277.0,277.1,276.93,277.01,0,0,64509
10244,2020-10-22 11:35:00,277.02,277.33,276.96,277.27,0,0,50725
10245,2020-10-22 11:36:00,277.3,277.31,277.07,277.23,0,0,30663
10246,2020-10-22 11:37:00,277.23,277.33,277.1,277.1,0,0,118264
10247,2020-10-22 11:38:00,277.1,277.11,276.75,276.83,0,0,49144
10248,2020-10-22 11:39:00,276.83,277.0,276.83,276.97,0,0,23737
10249,2020-10-22 11:40:00,276.98,277.12,276.82,276.9,0,0,25967
10250,2020-10-22 11:41:00,276.88,277.0,276.84,276.97,0,0,17339
10251,2020-10-22 11:42:00,276.97,277.29,276.93,277.26,0,0,32064
10252,2020-10-22 11:43:00,277.27,277.42,277.17,277.26,0,0,26238
10253,2020-10-22 11:44:00,277.27,277.58,277.27,277.45,0,0,37381
10254,2020-10-22 11:45:00,277.43,277.59,277.35,277.5,0,0,20977
10255,2020-10-22 11:46:00,277.39,277.9,277.23,277.9,0,0,52836
10256,2020-10-22 11:47:00,277.87,277.87,277.62,277.74,0,0,32529
10257,2020-10-22 11:48:00,277.77,277.77,277.52,277.53,0,0,32293
10258,2020-10-22 11:49:00,277.52,277.64,277.4,277.51,0,0,19159
10259,2020-10-22 11:50:00,277.52,277.8,277.48,277.77,0,0,28154
10260,2020-10-22 11:51:00,277.75,277.85,277.42,277.6,0,0,25454
10261,2020-10-22 11:52:00,277.6,277.68,277.47,277.53,0,0,13492
10262,2020-10-22 11:53:00,277.47,277.48,277.2,277.34,0,0,30024
10263,2020-10-22 11:54:00,277.33,277.33,276.8,276.85,0,0,19319
10264,2020-10-22 11:55:00,276.82,276.94,276.61,276.61,0,0,32974
10265,2020-10-22 11:56:00,276.63,276.74,276.52,276.7,0,0,25230
10266,2020-10-22 11:57:00,276.67,276.87,276.62,276.71,0,0,19212
10267,2020-10-22 11:58:00,276.73,276.76,276.64,276.76,0,0,16694
10268,2020-10-22 11:59:00,276.71,276.73,276.47,276.57,0,0,20146
10269,2020-10-22 12:00:00,276.55,276.65,276.26,276.26,0,0,29862
10270,2020-10-22 12:01:00,276.28,276.35,276.2,276.33,0,0,27316
10271,2020-10-22 12:02:00,276.36,276.46,276.35,276.43,0,0,20430
10272,2020-10-22 12:03:00,276.4,276.47,276.34,276.36,0,0,16833
10273,2020-10-22 12:04:00,276.38,276.39,275.93,275.98,0,0,65661
10274,2020-10-22 12:05:00,276.01,276.29,275.95,276.2,0,0,59720
10275,2020-10-22 12:06:00,276.19,276.5,276.17,276.48,0,0,26809
10276,2020-10-22 12:07:00,276.42,276.57,276.32,276.47,0,0,26713
10277,2020-10-22 12:08:00,276.47,276.55,276.39,276.41,0,0,27403
10278,2020-10-22 12:09:00,276.4,276.65,276.25,276.58,0,0,43340
10279,2020-10-22 12:10:00,276.54,276.73,276.54,276.67,0,0,30550
10280,2020-10-22 12:11:00,276.65,276.81,276.43,276.54,0,0,55113
10281,2020-10-22 12:12:00,276.54,276.77,276.51,276.77,0,0,14494
10282,2020-10-22 12:13:00,276.77,276.78,276.54,276.62,0,0,22553
10283,2020-10-22 12:14:00,276.6,276.7,276.57,276.62,0,0,16889
10284,2020-10-22 12:15:00,276.61,277.01,276.61,276.75,0,0,30309
10285,2020-10-22 12:16:00,276.73,276.78,276.58,276.6,0,0,18817
10286,2020-10-22 12:17:00,276.58,276.61,276.42,276.61,0,0,25543
10287,2020-10-22 12:18:00,276.63,276.68,276.43,276.45,0,0,18449
10288,2020-10-22 12:19:00,276.45,276.57,276.38,276.38,0,0,25508
10289,2020-10-22 12:20:00,276.38,276.44,276.23,276.44,0,0,26882
10290,2020-10-22 12:21:00,276.46,276.56,276.36,276.53,0,0,18692
10291,2020-10-22 12:22:00,276.51,276.63,276.37,276.39,0,0,20907
10292,2020-10-22 12:23:00,276.43,276.49,276.34,276.39,0,0,10484
10293,2020-10-22 12:24:00,276.33,276.41,276.16,276.25,0,0,30249
10294,2020-10-22 12:25:00,276.28,276.34,276.21,276.32,0,0,12089
10295,2020-10-22 12:26:00,276.3,276.41,276.26,276.27,0,0,12371
10296,2020-10-22 12:27:00,276.25,276.32,276.13,276.27,0,0,11956
10297,2020-10-22 12:28:00,276.26,276.43,276.2,276.23,0,0,8805
10298,2020-10-22 12:29:00,276.21,276.34,276.18,276.34,0,0,10456
10299,2020-10-22 12:30:00,276.33,276.35,276.13,276.13,0,0,297200
10300,2020-10-22 12:31:00,276.14,276.15,275.87,275.89,0,0,32811
10301,2020-10-22 12:32:00,275.89,275.89,275.62,275.79,0,0,38220
10302,2020-10-22 12:33:00,275.79,275.98,275.74,275.95,0,0,17950
10303,2020-10-22 12:34:00,275.95,275.95,275.77,275.78,0,0,10403
10304,2020-10-22 12:35:00,275.77,275.86,275.66,275.8,0,0,23680
10305,2020-10-22 12:36:00,275.78,275.78,275.41,275.49,0,0,34488
10306,2020-10-22 12:37:00,275.49,275.75,275.49,275.68,0,0,26735
10307,2020-10-22 12:38:00,275.7,275.7,275.56,275.7,0,0,19403
10308,2020-10-22 12:39:00,275.67,275.86,275.59,275.83,0,0,17533
10309,2020-10-22 12:40:00,275.86,275.96,275.78,275.88,0,0,13020
10310,2020-10-22 12:41:00,275.88,275.92,275.66,275.67,0,0,22080
10311,2020-10-22 12:42:00,275.67,275.68,275.46,275.48,0,0,38150
10312,2020-10-22 12:43:00,275.49,275.68,275.38,275.63,0,0,26396
10313,2020-10-22 12:44:00,275.64,275.95,275.64,275.86,0,0,31651
10314,2020-10-22 12:45:00,275.83,276.09,275.8,275.88,0,0,23975
10315,2020-10-22 12:46:00,275.9,275.93,275.73,275.73,0,0,14079
10316,2020-10-22 12:47:00,275.73,275.78,275.52,275.62,0,0,17252
10317,2020-10-22 12:48:00,275.59,275.88,275.58,275.84,0,0,18045
10318,2020-10-22 12:49:00,275.89,276.26,275.87,276.24,0,0,31373
10319,2020-10-22 12:50:00,276.22,276.25,276.09,276.2,0,0,15380
10320,2020-10-22 12:51:00,276.19,276.41,276.19,276.33,0,0,24368
10321,2020-10-22 12:52:00,276.3,276.41,276.25,276.32,0,0,15622
10322,2020-10-22 12:53:00,276.32,276.32,276.21,276.29,0,0,12784
10323,2020-10-22 12:54:00,276.26,276.31,276.18,276.26,0,0,13355
10324,2020-10-22 12:55:00,276.28,276.46,276.23,276.39,0,0,19293
10325,2020-10-22 12:56:00,276.39,276.72,276.35,276.66,0,0,20491
10326,2020-10-22 12:57:00,276.65,276.76,276.65,276.67,0,0,12509
10327,2020-10-22 12:58:00,276.68,276.93,276.65,276.89,0,0,13776
10328,2020-10-22 12:59:00,276.9,276.9,276.74,276.75,0,0,16876
10329,2020-10-22 13:00:00,276.72,276.82,276.64,276.74,0,0,21791
10330,2020-10-22 13:01:00,276.75,276.86,276.73,276.85,0,0,14883
10331,2020-10-22 13:02:00,276.87,276.9,276.79,276.87,0,0,39276
10332,2020-10-22 13:03:00,276.87,276.99,276.85,276.96,0,0,24212
10333,2020-10-22 13:04:00,276.98,277.07,276.93,276.95,0,0,26802
10334,2020-10-22 13:05:00,276.95,277.06,276.63,276.67,0,0,38951
10335,2020-10-22 13:06:00,276.69,276.8,276.67,276.76,0,0,18994
10336,2020-10-22 13:07:00,276.79,276.84,276.74,276.77,0,0,21635
10337,2020-10-22 13:08:00,276.77,277.04,276.76,277.01,0,0,22406
10338,2020-10-22 13:09:00,277.02,277.37,276.98,277.24,0,0,52062
10339,2020-10-22 13:10:00,277.21,277.47,277.17,277.42,0,0,28730
10340,2020-10-22 13:11:00,277.4,277.42,277.13,277.17,0,0,27470
10341,2020-10-22 13:12:00,277.14,277.47,277.14,277.42,0,0,39910
10342,2020-10-22 13:13:00,277.43,277.48,277.22,277.37,0,0,32482
10343,2020-10-22 13:14:00,277.36,277.84,277.28,277.72,0,0,47784
10344,2020-10-22 13:15:00,277.71,277.82,277.59,277.63,0,0,17008
10345,2020-10-22 13:16:00,277.65,277.8,277.57,277.69,0,0,24660
10346,2020-10-22 13:17:00,277.71,277.85,277.67,277.79,0,0,22007
10347,2020-10-22 13:18:00,277.79,277.83,277.44,277.55,0,0,19878
10348,2020-10-22 13:19:00,277.61,277.65,277.57,277.61,0,0,9980
10349,2020-10-22 13:20:00,277.63,277.69,277.58,277.69,0,0,14296
10350,2020-10-22 13:21:00,277.69,277.78,277.65,277.78,0,0,16313
10351,2020-10-22 13:22:00,277.76,277.91,277.76,277.85,0,0,17477
10352,2020-10-22 13:23:00,277.86,277.93,277.81,277.81,0,0,11480
10353,2020-10-22 13:24:00,277.85,277.86,277.65,277.75,0,0,19884
10354,2020-10-22 13:25:00,277.78,277.97,277.69,277.81,0,0,17597
10355,2020-10-22 13:26:00,277.8,277.94,277.8,277.93,0,0,13661
10356,2020-10-22 13:27:00,277.91,277.93,277.78,277.83,0,0,19080
10357,2020-10-22 13:28:00,277.85,277.94,277.84,277.87,0,0,12416
10358,2020-10-22 13:29:00,277.86,277.96,277.82,277.96,0,0,16650
10359,2020-10-22 13:30:00,277.96,277.98,277.68,277.74,0,0,25378
10360,2020-10-22 13:31:00,277.69,277.71,277.42,277.48,0,0,30526
10361,2020-10-22 13:32:00,277.49,277.49,277.19,277.21,0,0,26811
10362,2020-10-22 13:33:00,277.2,277.24,277.0,277.0,0,0,28343
10363,2020-10-22 13:34:00,277.01,277.28,277.01,277.14,0,0,24649
10364,2020-10-22 13:35:00,277.08,277.2,277.0,277.12,0,0,24941
10365,2020-10-22 13:36:00,277.09,277.21,277.06,277.12,0,0,16213
10366,2020-10-22 13:37:00,277.14,277.27,277.02,277.23,0,0,18999
10367,2020-10-22 13:38:00,277.27,277.36,277.23,277.28,0,0,22628
10368,2020-10-22 13:39:00,277.29,277.29,277.09,277.14,0,0,21547
10369,2020-10-22 13:40:00,277.17,277.28,276.91,277.1,0,0,26213
10370,2020-10-22 13:41:00,277.11,277.25,277.11,277.25,0,0,14075
10371,2020-10-22 13:42:00,277.27,277.29,277.13,277.19,0,0,12523
10372,2020-10-22 13:43:00,277.16,277.61,277.09,277.61,0,0,28219
10373,2020-10-22 13:44:00,277.61,277.72,277.38,277.48,0,0,35961
10374,2020-10-22 13:45:00,277.49,277.64,277.34,277.36,0,0,23828
10375,2020-10-22 13:46:00,277.34,277.47,277.25,277.47,0,0,15061
10376,2020-10-22 13:47:00,277.42,277.44,277.24,277.28,0,0,9457
10377,2020-10-22 13:48:00,277.24,277.31,277.21,277.3,0,0,11595
10378,2020-10-22 13:49:00,277.3,277.3,277.19,277.25,0,0,11134
10379,2020-10-22 13:50:00,277.28,277.35,277.2,277.29,0,0,21254
10380,2020-10-22 13:51:00,277.3,277.34,277.03,277.14,0,0,26299
10381,2020-10-22 13:52:00,277.11,277.66,277.11,277.62,0,0,35395
10382,2020-10-22 13:53:00,277.62,278.34,277.55,278.24,0,0,59520
10383,2020-10-22 13:54:00,278.2,278.3,278.14,278.21,0,0,25871
10384,2020-10-22 13:55:00,278.22,278.3,278.01,278.01,0,0,37150
10385,2020-10-22 13:56:00,278.05,278.19,277.98,278.1,0,0,19916
10386,2020-10-22 13:57:00,278.1,278.11,277.88,277.99,0,0,16023
10387,2020-10-22 13:58:00,277.97,278.07,277.91,278.07,0,0,11473
10388,2020-10-22 13:59:00,278.05,278.11,277.94,278.05,0,0,16188
10389,2020-10-22 14:00:00,278.06,278.3,278.02,278.13,0,0,27750
10390,2020-10-22 14:01:00,278.09,278.4,278.04,278.4,0,0,24675
10391,2020-10-22 14:02:00,278.36,278.38,278.2,278.29,0,0,24747
10392,2020-10-22 14:03:00,278.27,278.32,278.04,278.23,0,0,30952
10393,2020-10-22 14:04:00,278.27,278.34,278.05,278.17,0,0,26199
10394,2020-10-22 14:05:00,278.2,278.28,278.0,278.03,0,0,18284
10395,2020-10-22 14:06:00,278.06,278.14,278.02,278.1,0,0,18625
10396,2020-10-22 14:07:00,278.1,278.16,277.99,278.11,0,0,19714
10397,2020-10-22 14:08:00,278.12,278.16,277.99,278.07,0,0,22123
10398,2020-10-22 14:09:00,278.03,278.12,277.96,278.12,0,0,29045
10399,2020-10-22 14:10:00,278.09,278.17,277.95,278.0,0,0,29754
10400,2020-10-22 14:11:00,278.02,278.23,277.98,278.13,0,0,34451
10401,2020-10-22 14:12:00,278.08,278.25,278.08,278.19,0,0,20736
10402,2020-10-22 14:13:00,278.21,278.31,278.16,278.22,0,0,18666
10403,2020-10-22 14:14:00,278.22,278.29,278.07,278.2,0,0,13089
10404,2020-10-22 14:15:00,278.18,278.34,278.15,278.34,0,0,21012
10405,2020-10-22 14:16:00,278.34,278.73,278.32,278.47,0,0,41519
10406,2020-10-22 14:17:00,278.45,278.52,278.24,278.25,0,0,18249
10407,2020-10-22 14:18:00,278.24,278.25,278.11,278.24,0,0,18012
10408,2020-10-22 14:19:00,278.23,278.25,278.1,278.1,0,0,20014
10409,2020-10-22 14:20:00,278.14,278.2,278.04,278.04,0,0,21348
10410,2020-10-22 14:21:00,278.05,278.07,278.0,278.0,0,0,21648
10411,2020-10-22 14:22:00,278.02,278.1,277.93,278.0,0,0,36984
10412,2020-10-22 14:23:00,278.02,278.17,278.01,278.17,0,0,11608
10413,2020-10-22 14:24:00,278.15,278.4,278.14,278.36,0,0,28352
10414,2020-10-22 14:25:00,278.31,278.42,278.2,278.35,0,0,21204
10415,2020-10-22 14:26:00,278.35,278.37,278.24,278.25,0,0,15372
10416,2020-10-22 14:27:00,278.22,278.3,278.09,278.23,0,0,18659
10417,2020-10-22 14:28:00,278.24,278.25,278.08,278.1,0,0,13125
10418,2020-10-22 14:29:00,278.05,278.16,277.98,278.02,0,0,27136
10419,2020-10-22 14:30:00,278.01,278.01,277.77,277.8,0,0,25549
10420,2020-10-22 14:31:00,277.83,278.01,277.83,277.96,0,0,14431
10421,2020-10-22 14:32:00,277.98,278.09,277.87,277.89,0,0,15891
10422,2020-10-22 14:33:00,277.88,277.99,277.87,277.97,0,0,10302
10423,2020-10-22 14:34:00,277.95,278.3,277.95,278.27,0,0,21599
10424,2020-10-22 14:35:00,278.29,278.37,278.17,278.34,0,0,19246
10425,2020-10-22 14:36:00,278.31,278.32,278.06,278.11,0,0,14045
10426,2020-10-22 14:37:00,278.11,278.11,278.01,278.04,0,0,9575
10427,2020-10-22 14:38:00,278.03,278.03,277.91,277.98,0,0,12458
10428,2020-10-22 14:39:00,278.03,278.22,277.96,278.19,0,0,10386
10429,2020-10-22 14:40:00,278.19,278.19,277.98,278.0,0,0,23167
10430,2020-10-22 14:41:00,278.02,278.07,277.85,277.91,0,0,22485
10431,2020-10-22 14:42:00,277.92,278.08,277.89,278.05,0,0,19041
10432,2020-10-22 14:43:00,278.05,278.08,277.95,278.05,0,0,23118
10433,2020-10-22 14:44:00,278.05,278.06,277.89,278.0,0,0,13454
10434,2020-10-22 14:45:00,277.98,278.0,277.84,277.92,0,0,12356
10435,2020-10-22 14:46:00,277.85,277.87,277.75,277.75,0,0,14387
10436,2020-10-22 14:47:00,277.75,277.76,277.65,277.71,0,0,20599
10437,2020-10-22 14:48:00,277.75,277.91,277.73,277.9,0,0,17218
10438,2020-10-22 14:49:00,277.88,277.95,277.77,277.78,0,0,7619
10439,2020-10-22 14:50:00,277.79,277.87,277.53,277.66,0,0,13740
10440,2020-10-22 14:51:00,277.64,278.05,277.64,277.95,0,0,20764
10441,2020-10-22 14:52:00,277.99,278.2,277.97,278.2,0,0,26021
10442,2020-10-22 14:53:00,278.2,278.2,278.07,278.07,0,0,12628
10443,2020-10-22 14:54:00,278.08,278.18,278.08,278.13,0,0,9863
10444,2020-10-22 14:55:00,278.09,278.15,278.02,278.05,0,0,10107
10445,2020-10-22 14:56:00,278.06,278.1,277.95,278.02,0,0,14150
10446,2020-10-22 14:57:00,278.0,278.2,277.98,278.16,0,0,14576
10447,2020-10-22 14:58:00,278.17,278.17,278.01,278.07,0,0,17025
10448,2020-10-22 14:59:00,278.02,278.2,278.02,278.06,0,0,13326
10449,2020-10-22 15:00:00,278.07,278.15,277.83,277.94,0,0,24782
10450,2020-10-22 15:01:00,277.93,277.93,277.73,277.74,0,0,12083
10451,2020-10-22 15:02:00,277.73,277.82,277.69,277.71,0,0,12554
10452,2020-10-22 15:03:00,277.74,277.82,277.66,277.8,0,0,16406
10453,2020-10-22 15:04:00,277.84,277.9,277.74,277.88,0,0,11385
10454,2020-10-22 15:05:00,277.82,277.84,277.7,277.71,0,0,18846
10455,2020-10-22 15:06:00,277.73,277.73,277.41,277.62,0,0,31749
10456,2020-10-22 15:07:00,277.59,277.67,277.41,277.45,0,0,24372
10457,2020-10-22 15:08:00,277.44,277.49,277.3,277.46,0,0,26548
10458,2020-10-22 15:09:00,277.48,277.59,277.46,277.58,0,0,17369
10459,2020-10-22 15:10:00,277.55,277.65,277.5,277.55,0,0,17817
10460,2020-10-22 15:11:00,277.56,277.59,277.4,277.43,0,0,21560
10461,2020-10-22 15:12:00,277.4,277.47,277.33,277.35,0,0,13279
10462,2020-10-22 15:13:00,277.33,277.6,277.33,277.6,0,0,17278
10463,2020-10-22 15:14:00,277.58,277.68,277.49,277.61,0,0,23848
10464,2020-10-22 15:15:00,277.63,277.69,277.49,277.61,0,0,14424
10465,2020-10-22 15:16:00,277.61,277.67,277.55,277.58,0,0,15238
10466,2020-10-22 15:17:00,277.58,277.72,277.58,277.66,0,0,14737
10467,2020-10-22 15:18:00,277.63,277.81,277.62,277.81,0,0,18216
10468,2020-10-22 15:19:00,277.83,277.97,277.82,277.9,0,0,26123
10469,2020-10-22 15:20:00,277.9,278.11,277.85,278.09,0,0,20757
10470,2020-10-22 15:21:00,278.07,278.16,278.02,278.11,0,0,21879
10471,2020-10-22 15:22:00,278.13,278.21,278.08,278.2,0,0,19737
10472,2020-10-22 15:23:00,278.19,278.5,278.18,278.48,0,0,27804
10473,2020-10-22 15:24:00,278.48,278.49,278.36,278.42,0,0,20473
10474,2020-10-22 15:25:00,278.5,278.57,278.33,278.54,0,0,28664
10475,2020-10-22 15:26:00,278.53,278.63,278.5,278.62,0,0,20251
10476,2020-10-22 15:27:00,278.61,278.92,278.61,278.86,0,0,44846
10477,2020-10-22 15:28:00,278.87,278.95,278.73,278.95,0,0,27007
10478,2020-10-22 15:29:00,278.95,278.97,278.77,278.81,0,0,51208
10479,2020-10-22 15:30:00,278.85,278.95,278.8,278.81,0,0,21734
10480,2020-10-22 15:31:00,278.87,278.93,278.82,278.86,0,0,18882
10481,2020-10-22 15:32:00,278.86,278.98,278.8,278.91,0,0,27748
10482,2020-10-22 15:33:00,278.9,279.15,278.9,279.02,0,0,43801
10483,2020-10-22 15:34:00,279.0,279.1,278.99,279.0,0,0,29084
10484,2020-10-22 15:35:00,279.0,279.3,279.0,279.2,0,0,602126
10485,2020-10-22 15:36:00,279.18,279.42,279.18,279.41,0,0,38745
10486,2020-10-22 15:37:00,279.42,279.63,279.42,279.53,0,0,59180
10487,2020-10-22 15:38:00,279.52,279.53,279.19,279.22,0,0,51107
10488,2020-10-22 15:39:00,279.22,279.26,278.75,278.75,0,0,48681
10489,2020-10-22 15:40:00,278.79,278.97,278.78,278.96,0,0,44276
10490,2020-10-22 15:41:00,278.93,279.03,278.76,278.8,0,0,28516
10491,2020-10-22 15:42:00,278.81,278.96,278.8,278.89,0,0,28255
10492,2020-10-22 15:43:00,278.92,278.92,278.65,278.65,0,0,27149
10493,2020-10-22 15:44:00,278.69,278.79,278.63,278.73,0,0,33080
10494,2020-10-22 15:45:00,278.66,278.67,278.41,278.49,0,0,56410
10495,2020-10-22 15:46:00,278.49,278.49,278.31,278.4,0,0,17938
10496,2020-10-22 15:47:00,278.4,278.62,278.4,278.6,0,0,19474
10497,2020-10-22 15:48:00,278.54,278.6,278.35,278.48,0,0,27517
10498,2020-10-22 15:49:00,278.45,278.57,278.39,278.49,0,0,33527
10499,2020-10-22 15:50:00,278.57,278.92,278.53,278.69,0,0,56211
10500,2020-10-22 15:51:00,278.69,278.74,278.41,278.45,0,0,31012
10501,2020-10-22 15:52:00,278.46,278.5,278.33,278.4,0,0,26651
10502,2020-10-22 15:53:00,278.39,278.43,278.31,278.35,0,0,24795
10503,2020-10-22 15:54:00,278.31,278.56,278.12,278.38,0,0,88086
10504,2020-10-22 15:55:00,278.36,278.44,277.87,277.9,0,0,67453
10505,2020-10-22 15:56:00,277.9,277.91,277.66,277.86,0,0,71392
10506,2020-10-22 15:57:00,277.85,278.12,277.82,277.98,0,0,68541
10507,2020-10-22 15:58:00,277.97,278.09,277.92,278.04,0,0,67558
10508,2020-10-22 15:59:00,278.0,278.25,277.94,278.12,0,0,179299
10509,2020-10-23 09:30:00,278.8,278.94,277.11,277.45,0,0,330277
10510,2020-10-23 09:31:00,277.44,277.93,277.11,277.7,0,0,47165
10511,2020-10-23 09:32:00,277.6,278.38,277.6,278.29,0,0,55359
10512,2020-10-23 09:33:00,278.33,278.49,277.85,277.87,0,0,60465
10513,2020-10-23 09:34:00,277.92,278.1,277.52,277.83,0,0,56645
10514,2020-10-23 09:35:00,277.83,277.83,276.82,277.32,0,0,86234
10515,2020-10-23 09:36:00,277.31,277.59,277.17,277.38,0,0,33588
10516,2020-10-23 09:37:00,277.4,277.85,277.06,277.62,0,0,48537
10517,2020-10-23 09:38:00,277.72,278.18,277.62,278.17,0,0,61875
10518,2020-10-23 09:39:00,278.11,278.14,277.75,278.08,0,0,39793
10519,2020-10-23 09:40:00,278.08,278.12,277.57,278.0,0,0,50484
10520,2020-10-23 09:41:00,277.96,278.14,277.73,277.76,0,0,37908
10521,2020-10-23 09:42:00,277.76,277.92,277.33,277.55,0,0,31283
10522,2020-10-23 09:43:00,277.62,277.87,277.54,277.87,0,0,24229
10523,2020-10-23 09:44:00,277.87,278.23,277.83,278.07,0,0,32642
10524,2020-10-23 09:45:00,278.04,278.17,277.75,278.05,0,0,44066
10525,2020-10-23 09:46:00,278.09,278.38,277.75,278.31,0,0,31650
10526,2020-10-23 09:47:00,278.35,278.73,278.19,278.54,0,0,54452
10527,2020-10-23 09:48:00,278.54,278.57,277.74,277.86,0,0,52616
10528,2020-10-23 09:49:00,277.8,277.84,277.41,277.51,0,0,59666
10529,2020-10-23 09:50:00,277.5,277.67,277.3,277.43,0,0,61413
10530,2020-10-23 09:51:00,277.4,278.54,277.4,278.43,0,0,69433
10531,2020-10-23 09:52:00,278.45,279.19,278.41,278.89,0,0,73192
10532,2020-10-23 09:53:00,278.97,278.97,278.59,278.66,0,0,42565
10533,2020-10-23 09:54:00,278.62,278.77,278.43,278.75,0,0,51502
10534,2020-10-23 09:55:00,278.73,279.34,278.62,279.27,0,0,83699
10535,2020-10-23 09:56:00,279.21,279.21,278.73,278.91,0,0,92430
10536,2020-10-23 09:57:00,278.84,279.16,278.81,278.91,0,0,56929
10537,2020-10-23 09:58:00,278.89,279.05,278.81,278.83,0,0,38636
10538,2020-10-23 09:59:00,278.93,278.97,278.32,278.51,0,0,71317
10539,2020-10-23 10:00:00,278.48,278.5,277.52,277.6,0,0,65833
10540,2020-10-23 10:01:00,277.64,277.64,277.15,277.15,0,0,62656
10541,2020-10-23 10:02:00,277.11,277.34,276.93,277.3,0,0,64232
10542,2020-10-23 10:03:00,277.38,277.77,277.32,277.77,0,0,70041
10543,2020-10-23 10:04:00,277.75,278.05,277.65,277.72,0,0,46117
10544,2020-10-23 10:05:00,277.74,278.0,277.43,277.85,0,0,42669
10545,2020-10-23 10:06:00,277.87,277.87,277.41,277.5,0,0,26837
10546,2020-10-23 10:07:00,277.53,277.94,277.48,277.76,0,0,35466
10547,2020-10-23 10:08:00,277.77,278.0,277.77,277.95,0,0,29853
10548,2020-10-23 10:09:00,277.99,277.99,277.6,277.67,0,0,40612
10549,2020-10-23 10:10:00,277.64,277.88,277.62,277.72,0,0,26364
10550,2020-10-23 10:11:00,277.75,277.75,277.42,277.5,0,0,24536
10551,2020-10-23 10:12:00,277.53,277.97,277.24,277.93,0,0,34356
10552,2020-10-23 10:13:00,278.0,278.46,277.94,278.29,0,0,50131
10553,2020-10-23 10:14:00,278.29,278.59,278.29,278.46,0,0,41013
10554,2020-10-23 10:15:00,278.5,278.56,278.22,278.45,0,0,30630
10555,2020-10-23 10:16:00,278.48,278.93,278.34,278.93,0,0,58734
10556,2020-10-23 10:17:00,278.92,278.92,278.63,278.69,0,0,25970
10557,2020-10-23 10:18:00,278.73,279.56,278.73,279.56,0,0,69736
10558,2020-10-23 10:19:00,279.57,280.44,279.57,280.19,0,0,157029
10559,2020-10-23 10:20:00,280.2,280.22,279.85,279.96,0,0,50309
10560,2020-10-23 10:21:00,279.96,280.07,279.57,279.95,0,0,48440
10561,2020-10-23 10:22:00,279.95,280.28,279.87,279.93,0,0,65590
10562,2020-10-23 10:23:00,279.9,279.92,279.2,279.27,0,0,35081
10563,2020-10-23 10:24:00,279.31,279.69,279.28,279.43,0,0,29176
10564,2020-10-23 10:25:00,279.49,279.56,279.28,279.49,0,0,30723
10565,2020-10-23 10:26:00,279.52,279.76,279.46,279.46,0,0,27915
10566,2020-10-23 10:27:00,279.51,279.68,279.36,279.6,0,0,36902
10567,2020-10-23 10:28:00,279.64,279.68,279.38,279.61,0,0,34217
10568,2020-10-23 10:29:00,279.6,280.23,279.49,280.22,0,0,66128
10569,2020-10-23 10:30:00,280.18,280.75,279.94,280.72,0,0,104788
10570,2020-10-23 10:31:00,280.75,280.95,280.62,280.95,0,0,83363
10571,2020-10-23 10:32:00,280.92,281.09,280.88,280.95,0,0,73080
10572,2020-10-23 10:33:00,280.92,281.0,280.72,280.77,0,0,44866
10573,2020-10-23 10:34:00,280.79,281.01,280.7,280.83,0,0,52247
10574,2020-10-23 10:35:00,280.86,281.15,280.55,280.62,0,0,103933
10575,2020-10-23 10:36:00,280.57,280.63,280.3,280.38,0,0,51986
10576,2020-10-23 10:37:00,280.42,280.72,280.38,280.47,0,0,34585
10577,2020-10-23 10:38:00,280.45,280.45,279.9,279.98,0,0,44354
10578,2020-10-23 10:39:00,280.0,280.0,279.48,279.74,0,0,37988
10579,2020-10-23 10:40:00,279.7,279.94,279.7,279.92,0,0,29103
10580,2020-10-23 10:41:00,279.91,280.11,279.64,279.78,0,0,34796
10581,2020-10-23 10:42:00,279.77,279.85,279.64,279.73,0,0,20172
10582,2020-10-23 10:43:00,279.75,280.3,279.7,280.2,0,0,59161
10583,2020-10-23 10:44:00,280.27,280.3,279.23,279.79,0,0,53512
10584,2020-10-23 10:45:00,279.64,279.8,279.27,279.53,0,0,35118
10585,2020-10-23 10:46:00,279.56,279.65,279.41,279.52,0,0,36301
10586,2020-10-23 10:47:00,279.55,279.81,279.55,279.6,0,0,16971
10587,2020-10-23 10:48:00,279.64,279.72,279.32,279.42,0,0,25798
10588,2020-10-23 10:49:00,279.44,279.72,279.44,279.6,0,0,10047
10589,2020-10-23 10:50:00,279.6,279.72,278.82,278.98,0,0,43356
10590,2020-10-23 10:51:00,279.02,279.28,278.92,279.04,0,0,23918
10591,2020-10-23 10:52:00,279.07,279.27,279.0,279.17,0,0,15471
10592,2020-10-23 10:53:00,279.26,279.29,278.99,279.12,0,0,24240
10593,2020-10-23 10:54:00,279.06,279.08,278.98,279.03,0,0,16372
10594,2020-10-23 10:55:00,278.9,279.2,278.73,279.15,0,0,34571
10595,2020-10-23 10:56:00,279.2,279.55,279.2,279.51,0,0,23025
10596,2020-10-23 10:57:00,279.53,279.99,279.5,279.89,0,0,33781
10597,2020-10-23 10:58:00,279.89,280.17,279.84,280.0,0,0,35749
10598,2020-10-23 10:59:00,279.97,280.02,279.83,279.93,0,0,20357
10599,2020-10-23 11:00:00,279.93,280.26,279.86,280.24,0,0,37232
10600,2020-10-23 11:01:00,280.26,280.35,279.97,280.02,0,0,23678
10601,2020-10-23 11:02:00,280.02,280.18,279.62,279.93,0,0,29568
10602,2020-10-23 11:03:00,279.92,280.69,279.89,280.68,0,0,77715
10603,2020-10-23 11:04:00,280.69,280.84,280.43,280.47,0,0,51922
10604,2020-10-23 11:05:00,280.51,280.53,280.31,280.36,0,0,34045
10605,2020-10-23 11:06:00,280.32,280.41,280.25,280.37,0,0,29438
10606,2020-10-23 11:07:00,280.35,280.5,280.16,280.18,0,0,37708
10607,2020-10-23 11:08:00,280.21,280.44,280.18,280.22,0,0,27399
10608,2020-10-23 11:09:00,280.28,280.46,280.21,280.44,0,0,16763
10609,2020-10-23 11:10:00,280.47,280.69,280.0,280.13,0,0,43123
10610,2020-10-23 11:11:00,280.13,280.37,280.01,280.17,0,0,31828
10611,2020-10-23 11:12:00,280.19,280.38,280.19,280.29,0,0,31050
10612,2020-10-23 11:13:00,280.31,280.59,280.28,280.36,0,0,29127
10613,2020-10-23 11:14:00,280.31,280.36,280.06,280.16,0,0,42372
10614,2020-10-23 11:15:00,280.18,280.32,280.11,280.17,0,0,34352
10615,2020-10-23 11:16:00,280.23,280.31,280.14,280.19,0,0,31615
10616,2020-10-23 11:17:00,280.15,280.37,279.84,280.3,0,0,62021
10617,2020-10-23 11:18:00,280.34,280.57,280.12,280.22,0,0,46084
10618,2020-10-23 11:19:00,280.16,280.23,279.97,280.03,0,0,33299
10619,2020-10-23 11:20:00,280.01,280.27,279.77,279.79,0,0,76036
10620,2020-10-23 11:21:00,279.78,279.8,279.08,279.25,0,0,50074
10621,2020-10-23 11:22:00,279.24,279.3,278.89,279.12,0,0,56741
10622,2020-10-23 11:23:00,279.14,279.23,278.9,278.94,0,0,37649
10623,2020-10-23 11:24:00,278.93,279.08,278.54,278.64,0,0,47505
10624,2020-10-23 11:25:00,278.68,278.74,278.38,278.51,0,0,27340
10625,2020-10-23 11:26:00,278.52,278.61,278.38,278.51,0,0,58350
10626,2020-10-23 11:27:00,278.54,278.68,278.44,278.57,0,0,33761
10627,2020-10-23 11:28:00,278.55,278.83,278.5,278.71,0,0,33402
10628,2020-10-23 11:29:00,278.72,278.92,278.61,278.86,0,0,32707
10629,2020-10-23 11:30:00,278.85,278.86,278.6,278.8,0,0,25342
10630,2020-10-23 11:31:00,278.78,278.88,278.62,278.79,0,0,21196
10631,2020-10-23 11:32:00,278.77,279.18,278.74,279.05,0,0,35987
10632,2020-10-23 11:33:00,279.03,279.03,278.57,278.58,0,0,18971
10633,2020-10-23 11:34:00,278.57,278.57,278.19,278.38,0,0,34453
10634,2020-10-23 11:35:00,278.42,278.47,278.19,278.42,0,0,20190
10635,2020-10-23 11:36:00,278.36,278.55,278.36,278.49,0,0,17227
10636,2020-10-23 11:37:00,278.49,278.67,278.36,278.42,0,0,18004
10637,2020-10-23 11:38:00,278.41,278.41,278.02,278.12,0,0,35048
10638,2020-10-23 11:39:00,278.17,278.24,277.81,278.18,0,0,36345
10639,2020-10-23 11:40:00,278.22,278.38,278.02,278.37,0,0,16466
10640,2020-10-23 11:41:00,278.33,278.62,278.31,278.37,0,0,22835
10641,2020-10-23 11:42:00,278.36,278.5,278.25,278.36,0,0,15601
10642,2020-10-23 11:43:00,278.39,278.53,278.36,278.37,0,0,8261
10643,2020-10-23 11:44:00,278.38,278.38,278.17,278.23,0,0,12854
10644,2020-10-23 11:45:00,278.21,278.44,278.16,278.36,0,0,13062
10645,2020-10-23 11:46:00,278.24,278.24,277.42,277.68,0,0,52690
10646,2020-10-23 11:47:00,277.71,277.73,277.42,277.61,0,0,24310
10647,2020-10-23 11:48:00,277.6,277.74,277.57,277.63,0,0,21431
10648,2020-10-23 11:49:00,277.64,277.73,277.57,277.6,0,0,22801
10649,2020-10-23 11:50:00,277.58,277.72,277.52,277.68,0,0,21448
10650,2020-10-23 11:51:00,277.7,277.71,277.61,277.68,0,0,12237
10651,2020-10-23 11:52:00,277.65,277.69,277.49,277.64,0,0,26322
10652,2020-10-23 11:53:00,277.72,277.92,277.7,277.92,0,0,26632
10653,2020-10-23 11:54:00,277.92,278.06,277.78,277.81,0,0,34716
10654,2020-10-23 11:55:00,277.78,278.11,277.76,277.97,0,0,43897
10655,2020-10-23 11:56:00,277.97,278.25,277.87,278.14,0,0,28880
10656,2020-10-23 11:57:00,278.12,278.28,278.12,278.26,0,0,15778
10657,2020-10-23 11:58:00,278.23,278.24,278.06,278.07,0,0,15952
10658,2020-10-23 11:59:00,278.07,278.15,277.97,278.13,0,0,18459
10659,2020-10-23 12:00:00,278.09,278.09,277.88,277.98,0,0,23116
10660,2020-10-23 12:01:00,277.94,278.13,277.73,277.73,0,0,21410
10661,2020-10-23 12:02:00,277.69,277.9,277.6,277.9,0,0,23789
10662,2020-10-23 12:03:00,277.87,278.21,277.81,278.2,0,0,20281
10663,2020-10-23 12:04:00,278.19,278.43,278.18,278.25,0,0,19381
10664,2020-10-23 12:05:00,278.28,278.55,278.18,278.43,0,0,21321
10665,2020-10-23 12:06:00,278.45,278.57,278.4,278.44,0,0,20101
10666,2020-10-23 12:07:00,278.46,278.47,278.3,278.37,0,0,12969
10667,2020-10-23 12:08:00,278.35,278.36,278.17,278.28,0,0,13586
10668,2020-10-23 12:09:00,278.35,278.4,278.19,278.24,0,0,10611
10669,2020-10-23 12:10:00,278.32,278.46,278.29,278.46,0,0,14767
10670,2020-10-23 12:11:00,278.43,278.55,278.4,278.47,0,0,8901
10671,2020-10-23 12:12:00,278.43,278.53,278.38,278.43,0,0,11434
10672,2020-10-23 12:13:00,278.46,278.53,278.31,278.48,0,0,18322
10673,2020-10-23 12:14:00,278.44,278.73,278.44,278.52,0,0,21300
10674,2020-10-23 12:15:00,278.56,278.65,278.41,278.58,0,0,15407
10675,2020-10-23 12:16:00,278.59,278.75,277.53,278.04,0,0,84009
10676,2020-10-23 12:17:00,278.12,278.39,277.95,278.12,0,0,24286
10677,2020-10-23 12:18:00,278.07,278.25,277.82,278.14,0,0,21606
10678,2020-10-23 12:19:00,278.14,278.35,278.03,278.1,0,0,16173
10679,2020-10-23 12:20:00,278.13,278.25,277.57,277.75,0,0,37629
10680,2020-10-23 12:21:00,277.68,277.8,277.5,277.52,0,0,28061
10681,2020-10-23 12:22:00,277.57,277.9,277.51,277.81,0,0,16878
10682,2020-10-23 12:23:00,277.9,277.98,277.66,277.71,0,0,11087
10683,2020-10-23 12:24:00,277.68,277.69,277.57,277.64,0,0,10899
10684,2020-10-23 12:25:00,277.62,277.76,277.52,277.66,0,0,11198
10685,2020-10-23 12:26:00,277.76,277.91,277.74,277.91,0,0,16681
10686,2020-10-23 12:27:00,277.91,277.91,277.71,277.76,0,0,17220
10687,2020-10-23 12:28:00,277.78,277.84,277.7,277.73,0,0,7767
10688,2020-10-23 12:29:00,277.72,277.85,277.67,277.85,0,0,21081
10689,2020-10-23 12:30:00,277.84,277.84,277.61,277.79,0,0,15505
10690,2020-10-23 12:31:00,277.78,277.91,277.72,277.88,0,0,7099
10691,2020-10-23 12:32:00,277.92,277.93,277.84,277.86,0,0,12684
10692,2020-10-23 12:33:00,277.86,278.15,277.81,278.12,0,0,25297
10693,2020-10-23 12:34:00,278.1,278.11,277.96,278.02,0,0,15476
10694,2020-10-23 12:35:00,277.98,278.32,277.96,278.29,0,0,20223
10695,2020-10-23 12:36:00,278.27,278.36,278.16,278.26,0,0,19294
10696,2020-10-23 12:37:00,278.27,278.48,278.23,278.44,0,0,20535
10697,2020-10-23 12:38:00,278.46,278.54,278.37,278.4,0,0,36364
10698,2020-10-23 12:39:00,278.42,278.45,278.31,278.36,0,0,12770
10699,2020-10-23 12:40:00,278.39,278.46,278.23,278.37,0,0,19273
10700,2020-10-23 12:41:00,278.38,278.68,278.38,278.58,0,0,18593
10701,2020-10-23 12:42:00,278.58,278.68,278.54,278.61,0,0,16077
10702,2020-10-23 12:43:00,278.64,278.96,278.33,278.92,0,0,73414
10703,2020-10-23 12:44:00,278.92,279.08,278.85,278.92,0,0,81058
10704,2020-10-23 12:45:00,278.93,279.34,278.9,279.23,0,0,59250
10705,2020-10-23 12:46:00,279.21,279.46,279.08,279.39,0,0,47275
10706,2020-10-23 12:47:00,279.42,279.43,279.14,279.18,0,0,35526
10707,2020-10-23 12:48:00,279.17,279.17,278.88,278.99,0,0,34549
10708,2020-10-23 12:49:00,279.01,279.26,279.01,279.15,0,0,18073
10709,2020-10-23 12:50:00,279.19,279.23,279.1,279.21,0,0,9200
10710,2020-10-23 12:51:00,279.15,279.47,279.15,279.45,0,0,37581
10711,2020-10-23 12:52:00,279.47,279.63,279.36,279.63,0,0,23092
10712,2020-10-23 12:53:00,279.61,279.71,279.42,279.54,0,0,29995
10713,2020-10-23 12:54:00,279.5,279.65,279.38,279.65,0,0,25739
10714,2020-10-23 12:55:00,279.65,279.78,279.49,279.55,0,0,29092
10715,2020-10-23 12:56:00,279.51,279.53,279.32,279.39,0,0,24779
10716,2020-10-23 12:57:00,279.4,279.4,278.83,278.84,0,0,32546
10717,2020-10-23 12:58:00,278.92,279.19,278.9,279.18,0,0,16442
10718,2020-10-23 12:59:00,279.13,279.18,279.02,279.13,0,0,8331
10719,2020-10-23 13:00:00,279.11,279.39,279.07,279.39,0,0,8250
10720,2020-10-23 13:01:00,279.39,279.47,279.24,279.35,0,0,21000
10721,2020-10-23 13:02:00,279.37,279.63,279.37,279.62,0,0,20528
10722,2020-10-23 13:03:00,279.64,279.8,279.58,279.79,0,0,34676
10723,2020-10-23 13:04:00,279.8,279.8,279.61,279.69,0,0,13585
10724,2020-10-23 13:05:00,279.73,279.92,279.72,279.92,0,0,32228
10725,2020-10-23 13:06:00,279.89,279.96,279.84,279.93,0,0,26630
10726,2020-10-23 13:07:00,279.93,280.08,279.89,280.08,0,0,32479
10727,2020-10-23 13:08:00,280.06,280.15,280.04,280.12,0,0,14075
10728,2020-10-23 13:09:00,280.09,280.1,279.96,280.08,0,0,14908
10729,2020-10-23 13:10:00,280.1,280.18,280.02,280.15,0,0,19085
10730,2020-10-23 13:11:00,280.17,280.28,279.9,280.15,0,0,29985
10731,2020-10-23 13:12:00,280.13,280.16,280.02,280.07,0,0,17703
10732,2020-10-23 13:13:00,280.07,280.25,280.07,280.18,0,0,16926
10733,2020-10-23 13:14:00,280.23,280.26,280.1,280.22,0,0,15591
10734,2020-10-23 13:15:00,280.24,280.55,280.23,280.29,0,0,48670
10735,2020-10-23 13:16:00,280.26,280.31,279.81,280.0,0,0,32761
10736,2020-10-23 13:17:00,280.02,280.08,279.84,279.9,0,0,20592
10737,2020-10-23 13:18:00,279.94,279.98,279.83,279.95,0,0,10520
10738,2020-10-23 13:19:00,279.96,280.1,279.96,280.02,0,0,31639
10739,2020-10-23 13:20:00,280.0,280.18,279.89,280.09,0,0,21981
10740,2020-10-23 13:21:00,280.08,280.22,280.07,280.18,0,0,17989
10741,2020-10-23 13:22:00,280.16,280.22,280.06,280.15,0,0,12938
10742,2020-10-23 13:23:00,280.08,280.47,280.08,280.4,0,0,33641
10743,2020-10-23 13:24:00,280.36,280.6,280.36,280.54,0,0,27846
10744,2020-10-23 13:25:00,280.53,280.53,280.32,280.35,0,0,13043
10745,2020-10-23 13:26:00,280.33,280.38,280.2,280.22,0,0,8110
10746,2020-10-23 13:27:00,280.23,280.27,280.11,280.17,0,0,12249
10747,2020-10-23 13:28:00,280.14,280.2,280.08,280.1,0,0,10391
10748,2020-10-23 13:29:00,280.12,280.23,280.09,280.21,0,0,13016
10749,2020-10-23 13:30:00,280.19,280.36,280.19,280.32,0,0,17012
10750,2020-10-23 13:31:00,280.33,280.48,280.3,280.37,0,0,17151
10751,2020-10-23 13:32:00,280.32,280.37,280.25,280.28,0,0,10267
10752,2020-10-23 13:33:00,280.27,280.27,280.2,280.2,0,0,5365
10753,2020-10-23 13:34:00,280.2,280.2,279.73,279.96,0,0,27748
10754,2020-10-23 13:35:00,279.99,280.0,279.75,279.8,0,0,6776
10755,2020-10-23 13:36:00,279.79,279.96,279.71,279.91,0,0,20374
10756,2020-10-23 13:37:00,279.92,279.92,279.57,279.72,0,0,19600
10757,2020-10-23 13:38:00,279.72,279.93,279.71,279.85,0,0,17398
10758,2020-10-23 13:39:00,279.83,280.05,279.78,280.04,0,0,19560
10759,2020-10-23 13:40:00,280.03,280.18,279.83,279.86,0,0,18728
10760,2020-10-23 13:41:00,279.84,279.99,279.82,279.94,0,0,10570
10761,2020-10-23 13:42:00,279.9,279.96,279.87,279.96,0,0,6564
10762,2020-10-23 13:43:00,279.95,279.98,279.83,279.91,0,0,6737
10763,2020-10-23 13:44:00,279.89,279.97,279.85,279.94,0,0,8042
10764,2020-10-23 13:45:00,279.98,279.99,279.76,279.89,0,0,23569
10765,2020-10-23 13:46:00,279.86,279.91,279.77,279.9,0,0,12625
10766,2020-10-23 13:47:00,279.91,279.94,279.84,279.84,0,0,21899
10767,2020-10-23 13:48:00,279.84,279.91,279.81,279.87,0,0,13714
10768,2020-10-23 13:49:00,279.88,279.94,279.86,279.93,0,0,23276
10769,2020-10-23 13:50:00,279.93,280.24,279.93,280.15,0,0,44240
10770,2020-10-23 13:51:00,280.12,280.18,280.03,280.11,0,0,11843
10771,2020-10-23 13:52:00,280.14,280.26,280.14,280.22,0,0,8787
10772,2020-10-23 13:53:00,280.22,280.4,280.18,280.3,0,0,20045
10773,2020-10-23 13:54:00,280.27,280.27,280.16,280.18,0,0,13192
10774,2020-10-23 13:55:00,280.17,280.36,280.16,280.31,0,0,15106
10775,2020-10-23 13:56:00,280.28,280.34,280.26,280.31,0,0,9394
10776,2020-10-23 13:57:00,280.27,280.29,280.18,280.18,0,0,9550
10777,2020-10-23 13:58:00,280.21,280.22,280.08,280.17,0,0,9203
10778,2020-10-23 13:59:00,280.18,280.26,280.11,280.16,0,0,9919
10779,2020-10-23 14:00:00,280.14,280.24,280.0,280.07,0,0,11574
10780,2020-10-23 14:01:00,280.07,280.13,279.98,280.03,0,0,12015
10781,2020-10-23 14:02:00,280.04,280.2,280.03,280.2,0,0,13621
10782,2020-10-23 14:03:00,280.23,280.3,280.21,280.3,0,0,8876
10783,2020-10-23 14:04:00,280.28,280.45,280.2,280.43,0,0,37958
10784,2020-10-23 14:05:00,280.43,280.63,280.37,280.49,0,0,35016
10785,2020-10-23 14:06:00,280.51,280.55,280.3,280.37,0,0,17393
10786,2020-10-23 14:07:00,280.38,280.42,280.36,280.38,0,0,12386
10787,2020-10-23 14:08:00,280.37,280.48,280.37,280.45,0,0,12053
10788,2020-10-23 14:09:00,280.45,280.55,280.41,280.55,0,0,7213
10789,2020-10-23 14:10:00,280.54,280.56,280.36,280.39,0,0,23436
10790,2020-10-23 14:11:00,280.39,280.46,280.33,280.42,0,0,17087
10791,2020-10-23 14:12:00,280.42,280.52,280.36,280.52,0,0,25307
10792,2020-10-23 14:13:00,280.52,280.65,280.48,280.64,0,0,33918
10793,2020-10-23 14:14:00,280.65,280.71,280.5,280.71,0,0,34596
10794,2020-10-23 14:15:00,280.7,280.74,280.62,280.74,0,0,27520
10795,2020-10-23 14:16:00,280.75,280.87,280.75,280.86,0,0,34749
10796,2020-10-23 14:17:00,280.88,280.95,280.83,280.95,0,0,31287
10797,2020-10-23 14:18:00,280.96,281.23,280.95,281.2,0,0,97913
10798,2020-10-23 14:19:00,281.17,281.22,281.03,281.11,0,0,32132
10799,2020-10-23 14:20:00,281.13,281.13,280.77,280.79,0,0,40672
10800,2020-10-23 14:21:00,280.82,280.85,280.69,280.83,0,0,21941
10801,2020-10-23 14:22:00,280.84,281.03,280.83,280.96,0,0,52790
10802,2020-10-23 14:23:00,281.0,281.21,280.98,281.19,0,0,43100
10803,2020-10-23 14:24:00,281.19,281.35,281.1,281.34,0,0,48982
10804,2020-10-23 14:25:00,281.34,281.49,281.18,281.36,0,0,60783
10805,2020-10-23 14:26:00,281.38,281.45,281.31,281.38,0,0,41788
10806,2020-10-23 14:27:00,281.4,281.59,281.32,281.55,0,0,41262
10807,2020-10-23 14:28:00,281.54,281.67,281.51,281.66,0,0,36634
10808,2020-10-23 14:29:00,281.64,281.9,281.61,281.83,0,0,37779
10809,2020-10-23 14:30:00,281.85,282.05,281.8,282.04,0,0,93316
10810,2020-10-23 14:31:00,282.01,282.05,281.73,281.79,0,0,59185
10811,2020-10-23 14:32:00,281.77,281.88,281.72,281.74,0,0,23521
10812,2020-10-23 14:33:00,281.72,281.74,281.6,281.67,0,0,34793
10813,2020-10-23 14:34:00,281.73,282.02,281.71,281.97,0,0,73688
10814,2020-10-23 14:35:00,281.99,282.1,281.82,282.02,0,0,59804
10815,2020-10-23 14:36:00,282.03,282.06,281.68,281.77,0,0,44971
10816,2020-10-23 14:37:00,281.81,281.86,281.7,281.79,0,0,17816
10817,2020-10-23 14:38:00,281.84,282.02,281.83,282.01,0,0,29133
10818,2020-10-23 14:39:00,282.03,282.28,282.0,282.25,0,0,63702
10819,2020-10-23 14:40:00,282.26,282.27,282.11,282.12,0,0,30646
10820,2020-10-23 14:41:00,282.14,282.38,282.12,282.2,0,0,50561
10821,2020-10-23 14:42:00,282.19,282.19,281.97,281.98,0,0,29845
10822,2020-10-23 14:43:00,282.01,282.06,281.82,281.85,0,0,27452
10823,2020-10-23 14:44:00,281.86,282.01,281.84,281.96,0,0,24862
10824,2020-10-23 14:45:00,281.99,282.01,281.72,281.85,0,0,33412
10825,2020-10-23 14:46:00,281.87,282.01,281.83,281.92,0,0,23354
10826,2020-10-23 14:47:00,281.94,282.21,281.94,282.19,0,0,32426
10827,2020-10-23 14:48:00,282.17,282.21,281.93,282.04,0,0,26845
10828,2020-10-23 14:49:00,282.04,282.24,282.03,282.21,0,0,25290
10829,2020-10-23 14:50:00,282.2,282.4,282.06,282.34,0,0,34133
10830,2020-10-23 14:51:00,282.33,282.44,282.22,282.3,0,0,29494
10831,2020-10-23 14:52:00,282.29,282.39,282.26,282.28,0,0,19239
10832,2020-10-23 14:53:00,282.33,282.33,282.1,282.14,0,0,22899
10833,2020-10-23 14:54:00,282.14,282.14,281.88,281.89,0,0,27758
10834,2020-10-23 14:55:00,281.91,282.01,281.88,281.93,0,0,24681
10835,2020-10-23 14:56:00,281.9,282.05,281.88,282.02,0,0,26700
10836,2020-10-23 14:57:00,281.97,282.05,281.87,281.87,0,0,15161
10837,2020-10-23 14:58:00,281.88,281.96,281.83,281.93,0,0,19617
10838,2020-10-23 14:59:00,281.92,281.98,281.77,281.93,0,0,38584
10839,2020-10-23 15:00:00,281.93,282.08,281.93,282.01,0,0,30252
10840,2020-10-23 15:01:00,282.07,282.19,282.05,282.05,0,0,174588
10841,2020-10-23 15:02:00,282.05,282.08,282.0,282.02,0,0,13542
10842,2020-10-23 15:03:00,282.02,282.21,282.01,282.21,0,0,40051
10843,2020-10-23 15:04:00,282.21,282.34,282.17,282.31,0,0,176318
10844,2020-10-23 15:05:00,282.34,282.36,282.12,282.19,0,0,31356
10845,2020-10-23 15:06:00,282.19,282.27,282.11,282.27,0,0,24584
10846,2020-10-23 15:07:00,282.28,282.29,282.14,282.25,0,0,18890
10847,2020-10-23 15:08:00,282.26,282.52,282.26,282.52,0,0,65833
10848,2020-10-23 15:09:00,282.51,282.67,282.51,282.64,0,0,63836
10849,2020-10-23 15:10:00,282.63,282.79,282.62,282.71,0,0,56743
10850,2020-10-23 15:11:00,282.71,282.77,282.53,282.56,0,0,41964
10851,2020-10-23 15:12:00,282.56,282.72,282.46,282.72,0,0,36579
10852,2020-10-23 15:13:00,282.72,282.97,282.68,282.95,0,0,74673
10853,2020-10-23 15:14:00,282.95,282.97,282.81,282.83,0,0,33892
10854,2020-10-23 15:15:00,282.83,282.83,282.61,282.62,0,0,33970
10855,2020-10-23 15:16:00,282.64,282.95,282.64,282.94,0,0,56250
10856,2020-10-23 15:17:00,282.95,283.22,282.93,283.11,0,0,97681
10857,2020-10-23 15:18:00,283.12,283.25,283.02,283.17,0,0,42912
10858,2020-10-23 15:19:00,283.17,283.29,283.13,283.16,0,0,50741
10859,2020-10-23 15:20:00,283.17,283.38,283.17,283.2,0,0,54655
10860,2020-10-23 15:21:00,283.2,283.29,283.12,283.18,0,0,37217
10861,2020-10-23 15:22:00,283.17,283.22,283.11,283.13,0,0,26443
10862,2020-10-23 15:23:00,283.12,283.31,283.12,283.3,0,0,36124
10863,2020-10-23 15:24:00,283.28,283.31,282.97,283.01,0,0,54822
10864,2020-10-23 15:25:00,283.01,283.05,282.82,282.85,0,0,1043565
10865,2020-10-23 15:26:00,282.88,282.94,282.81,282.91,0,0,30782
10866,2020-10-23 15:27:00,282.91,282.95,282.66,282.67,0,0,36589
10867,2020-10-23 15:28:00,282.67,282.92,282.67,282.86,0,0,32150
10868,2020-10-23 15:29:00,282.85,282.92,282.77,282.9,0,0,25022
10869,2020-10-23 15:30:00,282.91,282.94,282.68,282.77,0,0,44970
10870,2020-10-23 15:31:00,282.75,282.84,282.64,282.74,0,0,46865
10871,2020-10-23 15:32:00,282.72,282.85,282.67,282.78,0,0,25884
10872,2020-10-23 15:33:00,282.76,282.9,282.74,282.89,0,0,28169
10873,2020-10-23 15:34:00,282.89,283.01,282.85,283.0,0,0,61749
10874,2020-10-23 15:35:00,282.99,283.14,282.89,283.14,0,0,45515
10875,2020-10-23 15:36:00,283.13,283.13,282.98,283.09,0,0,33783
10876,2020-10-23 15:37:00,283.08,283.1,282.94,282.95,0,0,43642
10877,2020-10-23 15:38:00,282.95,283.11,282.95,283.1,0,0,22815
10878,2020-10-23 15:39:00,283.12,283.37,283.11,283.36,0,0,66864
10879,2020-10-23 15:40:00,283.34,283.48,283.22,283.39,0,0,79234
10880,2020-10-23 15:41:00,283.38,283.63,283.34,283.58,0,0,83722
10881,2020-10-23 15:42:00,283.59,283.83,283.52,283.73,0,0,84719
10882,2020-10-23 15:43:00,283.73,283.98,283.62,283.95,0,0,75209
10883,2020-10-23 15:44:00,283.93,284.15,283.87,284.04,0,0,82691
10884,2020-10-23 15:45:00,284.04,284.34,283.99,284.22,0,0,88585
10885,2020-10-23 15:46:00,284.24,284.46,284.22,284.39,0,0,0
10886,2020-10-23 15:47:00,284.39,284.49,284.34,284.48,0,0,51953
10887,2020-10-23 15:48:00,284.48,284.7,284.47,284.64,0,0,78725
10888,2020-10-23 15:49:00,284.64,284.69,284.21,284.36,0,0,88348
10889,2020-10-23 15:50:00,284.39,284.95,284.36,284.92,0,0,141839
10890,2020-10-23 15:51:00,284.92,284.93,284.63,284.71,0,0,93279
10891,2020-10-23 15:52:00,284.73,284.77,284.56,284.61,0,0,68640
10892,2020-10-23 15:53:00,284.6,284.67,284.49,284.56,0,0,104797
10893,2020-10-23 15:54:00,284.58,284.63,284.13,284.61,0,0,153565
10894,2020-10-23 15:55:00,284.6,284.67,284.45,284.65,0,0,91501
10895,2020-10-23 15:56:00,284.65,284.75,284.57,284.74,0,0,125303
10896,2020-10-23 15:57:00,284.73,285.16,284.72,285.16,0,0,221385
10897,2020-10-23 15:58:00,285.14,285.24,285.05,285.17,0,0,207128
10898,2020-10-23 15:59:00,285.18,285.21,284.73,284.79,0,0,297030
10899,2020-10-26 09:30:00,283.16,283.67,282.72,283.36,0,0,762616
10900,2020-10-26 09:31:00,283.32,283.87,282.56,282.63,0,0,162242
10901,2020-10-26 09:32:00,282.59,284.13,282.41,284.0,0,0,168524
10902,2020-10-26 09:33:00,283.96,284.25,283.3,283.74,0,0,202860
10903,2020-10-26 09:34:00,283.72,283.85,282.41,282.52,0,0,115212
10904,2020-10-26 09:35:00,282.54,282.79,282.28,282.61,0,0,141829
10905,2020-10-26 09:36:00,282.61,283.18,282.29,282.57,0,0,112652
10906,2020-10-26 09:37:00,282.57,283.3,282.43,282.87,0,0,78054
10907,2020-10-26 09:38:00,282.89,283.26,282.55,283.21,0,0,75886
10908,2020-10-26 09:39:00,283.2,283.73,282.78,283.55,0,0,102723
10909,2020-10-26 09:40:00,283.5,284.07,283.49,283.9,0,0,146159
10910,2020-10-26 09:41:00,283.97,284.17,283.05,283.35,0,0,115638
10911,2020-10-26 09:42:00,283.38,284.1,283.35,283.8,0,0,75243
10912,2020-10-26 09:43:00,283.7,284.22,283.62,283.89,0,0,109071
10913,2020-10-26 09:44:00,283.97,284.57,283.89,284.53,0,0,154699
10914,2020-10-26 09:45:00,284.57,284.77,283.7,283.81,0,0,151632
10915,2020-10-26 09:46:00,283.77,283.96,283.51,283.59,0,0,68160
10916,2020-10-26 09:47:00,283.64,284.1,283.6,283.9,0,0,56719
10917,2020-10-26 09:48:00,283.99,285.0,283.92,284.97,0,0,183433
10918,2020-10-26 09:49:00,285.0,285.0,281.94,283.58,0,0,286378
10919,2020-10-26 09:50:00,283.56,284.12,283.53,283.64,0,0,113613
10920,2020-10-26 09:51:00,283.7,283.9,283.58,283.74,0,0,72634
10921,2020-10-26 09:52:00,283.73,284.27,283.51,283.85,0,0,81299
10922,2020-10-26 09:53:00,283.84,283.91,282.8,282.86,0,0,102797
10923,2020-10-26 09:54:00,282.85,283.34,282.66,283.24,0,0,60361
10924,2020-10-26 09:55:00,283.23,283.57,282.79,282.79,0,0,56224
10925,2020-10-26 09:56:00,282.77,283.3,282.5,283.06,0,0,102240
10926,2020-10-26 09:57:00,283.02,283.33,282.91,283.31,0,0,57692
10927,2020-10-26 09:58:00,283.23,283.23,282.86,283.03,0,0,57864
10928,2020-10-26 09:59:00,283.07,283.47,283.01,283.29,0,0,40792
10929,2020-10-26 10:00:00,283.28,283.43,282.7,282.85,0,0,72545
10930,2020-10-26 10:01:00,282.9,283.75,282.76,283.75,0,0,55717
10931,2020-10-26 10:02:00,283.74,284.23,283.3,284.16,0,0,79198
10932,2020-10-26 10:03:00,284.21,284.24,283.88,283.97,0,0,40854
10933,2020-10-26 10:04:00,284.0,284.0,283.63,283.98,0,0,32182
10934,2020-10-26 10:05:00,283.96,284.5,283.88,284.21,0,0,54193
10935,2020-10-26 10:06:00,284.23,284.33,283.51,283.68,0,0,69069
10936,2020-10-26 10:07:00,283.69,283.85,283.41,283.63,0,0,54154
10937,2020-10-26 10:08:00,283.65,283.9,283.5,283.82,0,0,30730
10938,2020-10-26 10:09:00,283.81,284.3,283.74,284.14,0,0,31677
10939,2020-10-26 10:10:00,284.19,284.29,283.72,283.79,0,0,26338
10940,2020-10-26 10:11:00,283.83,283.88,283.52,283.6,0,0,32074
10941,2020-10-26 10:12:00,283.67,283.73,283.43,283.56,0,0,30622
10942,2020-10-26 10:13:00,283.62,283.74,283.32,283.49,0,0,28535
10943,2020-10-26 10:14:00,283.5,283.69,283.37,283.39,0,0,22662
10944,2020-10-26 10:15:00,283.37,284.29,283.37,283.85,0,0,49407
10945,2020-10-26 10:16:00,283.93,284.13,283.66,283.75,0,0,17341
10946,2020-10-26 10:17:00,283.81,284.05,283.67,283.95,0,0,27773
10947,2020-10-26 10:18:00,283.99,284.33,283.94,284.25,0,0,43700
10948,2020-10-26 10:19:00,284.18,284.33,284.1,284.27,0,0,26382
10949,2020-10-26 10:20:00,284.22,285.0,284.17,284.93,0,0,126838
10950,2020-10-26 10:21:00,284.9,285.23,284.6,284.64,0,0,109318
10951,2020-10-26 10:22:00,284.64,284.89,284.25,284.51,0,0,48760
10952,2020-10-26 10:23:00,284.54,284.54,284.01,284.24,0,0,53179
10953,2020-10-26 10:24:00,284.26,284.78,284.26,284.53,0,0,49917
10954,2020-10-26 10:25:00,284.56,284.67,284.43,284.57,0,0,32831
10955,2020-10-26 10:26:00,284.48,284.56,284.04,284.04,0,0,78077
10956,2020-10-26 10:27:00,284.04,284.12,283.56,283.73,0,0,54584
10957,2020-10-26 10:28:00,283.81,283.85,283.5,283.75,0,0,50629
10958,2020-10-26 10:29:00,283.71,283.95,283.69,283.86,0,0,43933
10959,2020-10-26 10:30:00,283.87,284.09,283.68,284.06,0,0,43043
10960,2020-10-26 10:31:00,284.04,284.04,283.37,283.44,0,0,50250
10961,2020-10-26 10:32:00,283.5,283.58,282.85,282.88,0,0,83953
10962,2020-10-26 10:33:00,282.92,283.58,282.87,283.21,0,0,48752
10963,2020-10-26 10:34:00,283.29,283.49,283.25,283.35,0,0,40881
10964,2020-10-26 10:35:00,283.29,283.35,282.91,283.11,0,0,48814
10965,2020-10-26 10:36:00,283.12,283.48,282.89,283.44,0,0,33502
10966,2020-10-26 10:37:00,283.41,283.59,283.24,283.27,0,0,32388
10967,2020-10-26 10:38:00,283.24,283.48,283.13,283.38,0,0,19713
10968,2020-10-26 10:39:00,283.34,283.38,283.12,283.13,0,0,28936
10969,2020-10-26 10:40:00,283.2,283.23,282.82,283.16,0,0,33920
10970,2020-10-26 10:41:00,283.16,283.17,282.81,282.92,0,0,29033
10971,2020-10-26 10:42:00,282.91,282.91,282.53,282.69,0,0,60247
10972,2020-10-26 10:43:00,282.61,282.67,282.42,282.49,0,0,36177
10973,2020-10-26 10:44:00,282.51,282.75,282.44,282.52,0,0,46010
10974,2020-10-26 10:45:00,282.47,282.57,282.13,282.34,0,0,84505
10975,2020-10-26 10:46:00,282.4,282.51,282.01,282.17,0,0,30033
10976,2020-10-26 10:47:00,282.17,282.18,281.94,281.98,0,0,44019
10977,2020-10-26 10:48:00,281.9,281.9,281.42,281.6,0,0,73511
10978,2020-10-26 10:49:00,281.6,281.71,281.34,281.61,0,0,54916
10979,2020-10-26 10:50:00,281.62,281.62,281.0,281.21,0,0,75428
10980,2020-10-26 10:51:00,281.2,281.44,281.02,281.36,0,0,44397
10981,2020-10-26 10:52:00,281.32,281.34,281.03,281.04,0,0,61685
10982,2020-10-26 10:53:00,281.1,281.15,281.0,281.13,0,0,34584
10983,2020-10-26 10:54:00,281.18,281.28,280.92,280.95,0,0,49240
10984,2020-10-26 10:55:00,281.03,281.44,281.03,281.4,0,0,50059
10985,2020-10-26 10:56:00,281.4,281.52,280.69,280.85,0,0,80117
10986,2020-10-26 10:57:00,280.82,280.85,280.53,280.59,0,0,32362
10987,2020-10-26 10:58:00,280.62,280.97,280.62,280.84,0,0,38582
10988,2020-10-26 10:59:00,280.86,281.11,280.74,280.85,0,0,23733
10989,2020-10-26 11:00:00,280.84,280.84,280.49,280.53,0,0,44193
10990,2020-10-26 11:01:00,280.51,280.8,280.28,280.64,0,0,51770
10991,2020-10-26 11:02:00,280.61,280.69,280.13,280.26,0,0,37418
10992,2020-10-26 11:03:00,280.21,280.24,279.86,280.02,0,0,74332
10993,2020-10-26 11:04:00,280.01,280.68,280.0,280.52,0,0,48540
10994,2020-10-26 11:05:00,280.48,280.52,280.2,280.38,0,0,28784
10995,2020-10-26 11:06:00,280.36,280.59,280.24,280.55,0,0,40926
10996,2020-10-26 11:07:00,280.57,280.78,280.3,280.65,0,0,40214
10997,2020-10-26 11:08:00,280.61,280.78,280.25,280.54,0,0,43792
10998,2020-10-26 11:09:00,280.63,280.63,280.33,280.51,0,0,24087
10999,2020-10-26 11:10:00,280.58,280.8,280.44,280.69,0,0,35764
11000,2020-10-26 11:11:00,280.68,280.9,280.57,280.78,0,0,37875
11001,2020-10-26 11:12:00,280.75,280.76,280.36,280.5,0,0,38955
11002,2020-10-26 11:13:00,280.42,280.43,279.95,280.24,0,0,70911
11003,2020-10-26 11:14:00,280.23,280.4,280.06,280.4,0,0,29428
11004,2020-10-26 11:15:00,280.34,280.34,279.85,279.85,0,0,50271
11005,2020-10-26 11:16:00,279.83,280.09,279.52,279.55,0,0,58416
11006,2020-10-26 11:17:00,279.55,279.69,279.45,279.65,0,0,50212
11007,2020-10-26 11:18:00,279.67,279.77,279.4,279.68,0,0,59123
11008,2020-10-26 11:19:00,279.69,279.96,279.66,279.77,0,0,33600
11009,2020-10-26 11:20:00,279.79,279.99,279.59,279.88,0,0,30079
11010,2020-10-26 11:21:00,279.88,280.57,279.82,280.0,0,0,76043
11011,2020-10-26 11:22:00,280.01,280.35,280.01,280.18,0,0,29177
11012,2020-10-26 11:23:00,280.18,280.44,280.15,280.37,0,0,18785
11013,2020-10-26 11:24:00,280.34,280.6,280.25,280.39,0,0,41514
11014,2020-10-26 11:25:00,280.39,280.55,280.14,280.39,0,0,28890
11015,2020-10-26 11:26:00,280.34,280.4,280.01,280.13,0,0,34707
11016,2020-10-26 11:27:00,280.12,280.3,280.1,280.15,0,0,35795
11017,2020-10-26 11:28:00,280.14,280.18,279.91,280.01,0,0,30637
11018,2020-10-26 11:29:00,280.02,280.02,279.82,279.98,0,0,21520
11019,2020-10-26 11:30:00,280.02,280.21,279.68,279.93,0,0,58861
11020,2020-10-26 11:31:00,279.87,279.87,279.4,279.4,0,0,37738
11021,2020-10-26 11:32:00,279.4,279.52,279.12,279.45,0,0,57924
11022,2020-10-26 11:33:00,279.45,279.61,279.26,279.39,0,0,25346
11023,2020-10-26 11:34:00,279.34,279.34,278.89,278.89,0,0,62538
11024,2020-10-26 11:35:00,278.9,279.3,278.88,279.0,0,0,36020
11025,2020-10-26 11:36:00,279.06,279.33,279.03,279.26,0,0,21686
11026,2020-10-26 11:37:00,279.3,279.68,279.29,279.34,0,0,40930
11027,2020-10-26 11:38:00,279.33,279.6,279.28,279.39,0,0,26967
11028,2020-10-26 11:39:00,279.39,279.58,279.22,279.47,0,0,32508
11029,2020-10-26 11:40:00,279.37,279.41,279.19,279.39,0,0,38705
11030,2020-10-26 11:41:00,279.39,279.48,279.05,279.08,0,0,25682
11031,2020-10-26 11:42:00,279.09,279.33,278.96,279.03,0,0,58765
11032,2020-10-26 11:43:00,279.0,279.0,278.62,278.68,0,0,41609
11033,2020-10-26 11:44:00,278.63,278.96,278.53,278.9,0,0,38889
11034,2020-10-26 11:45:00,279.0,279.38,278.86,279.38,0,0,59703
11035,2020-10-26 11:46:00,279.28,279.35,279.1,279.13,0,0,23964
11036,2020-10-26 11:47:00,279.09,279.3,279.03,279.11,0,0,23826
11037,2020-10-26 11:48:00,279.15,279.15,278.88,278.88,0,0,21049
11038,2020-10-26 11:49:00,278.91,279.09,278.85,278.9,0,0,18782
11039,2020-10-26 11:50:00,278.89,278.92,278.59,278.92,0,0,49862
11040,2020-10-26 11:51:00,278.96,279.24,278.94,279.16,0,0,24029
11041,2020-10-26 11:52:00,279.14,279.37,279.08,279.32,0,0,27911
11042,2020-10-26 11:53:00,279.36,279.62,279.21,279.3,0,0,42111
11043,2020-10-26 11:54:00,279.35,279.49,279.25,279.47,0,0,56704
11044,2020-10-26 11:55:00,279.45,279.59,279.27,279.55,0,0,23698
11045,2020-10-26 11:56:00,279.51,279.56,279.35,279.4,0,0,23973
11046,2020-10-26 11:57:00,279.45,279.72,279.36,279.72,0,0,35421
11047,2020-10-26 11:58:00,279.72,279.86,279.52,279.52,0,0,44961
11048,2020-10-26 11:59:00,279.54,279.56,279.02,279.15,0,0,75210
11049,2020-10-26 12:00:00,279.14,279.28,278.6,278.75,0,0,98715
11050,2020-10-26 12:01:00,278.76,278.8,278.41,278.62,0,0,47284
11051,2020-10-26 12:02:00,278.65,278.95,278.57,278.92,0,0,24753
11052,2020-10-26 12:03:00,278.96,279.17,278.92,279.05,0,0,19402
11053,2020-10-26 12:04:00,279.0,279.51,278.96,279.46,0,0,20433
11054,2020-10-26 12:05:00,279.52,279.67,279.35,279.36,0,0,36462
11055,2020-10-26 12:06:00,279.35,279.38,279.06,279.14,0,0,18714
11056,2020-10-26 12:07:00,279.17,279.45,279.1,279.4,0,0,13186
11057,2020-10-26 12:08:00,279.42,279.78,279.35,279.67,0,0,33583
11058,2020-10-26 12:09:00,279.66,279.76,279.38,279.64,0,0,30823
11059,2020-10-26 12:10:00,279.63,280.04,279.63,279.89,0,0,25883
11060,2020-10-26 12:11:00,279.9,280.12,279.9,280.04,0,0,19838
11061,2020-10-26 12:12:00,280.02,280.25,280.02,280.09,0,0,22286
11062,2020-10-26 12:13:00,280.04,280.09,279.84,279.88,0,0,27524
11063,2020-10-26 12:14:00,279.87,280.06,279.6,279.76,0,0,21262
11064,2020-10-26 12:15:00,279.75,280.06,279.65,280.06,0,0,29049
11065,2020-10-26 12:16:00,280.01,280.22,279.9,279.9,0,0,19266
11066,2020-10-26 12:17:00,279.9,280.08,279.85,279.9,0,0,12291
11067,2020-10-26 12:18:00,279.94,279.95,279.67,279.77,0,0,14605
11068,2020-10-26 12:19:00,279.82,280.0,279.77,279.94,0,0,15628
11069,2020-10-26 12:20:00,279.98,280.16,279.34,279.67,0,0,30096
11070,2020-10-26 12:21:00,279.69,279.89,279.55,279.86,0,0,13343
11071,2020-10-26 12:22:00,279.92,279.95,279.7,279.92,0,0,13226
11072,2020-10-26 12:23:00,279.87,280.08,279.87,279.93,0,0,14871
11073,2020-10-26 12:24:00,279.89,280.06,279.74,279.85,0,0,18811
11074,2020-10-26 12:25:00,279.86,280.24,279.71,280.02,0,0,22638
11075,2020-10-26 12:26:00,280.01,280.01,279.7,279.73,0,0,15933
11076,2020-10-26 12:27:00,279.77,279.82,279.44,279.5,0,0,25680
11077,2020-10-26 12:28:00,279.48,279.66,279.34,279.57,0,0,20225
11078,2020-10-26 12:29:00,279.59,279.74,279.44,279.48,0,0,10668
11079,2020-10-26 12:30:00,279.43,279.43,279.1,279.15,0,0,28658
11080,2020-10-26 12:31:00,279.25,279.41,279.21,279.36,0,0,13916
11081,2020-10-26 12:32:00,279.32,279.34,278.99,279.02,0,0,37468
11082,2020-10-26 12:33:00,279.05,279.05,278.79,278.79,0,0,28715
11083,2020-10-26 12:34:00,278.78,278.88,278.62,278.87,0,0,17076
11084,2020-10-26 12:35:00,278.87,278.98,278.62,278.71,0,0,22384
11085,2020-10-26 12:36:00,278.7,279.08,278.63,278.98,0,0,24868
11086,2020-10-26 12:37:00,278.98,279.01,278.86,278.95,0,0,21244
11087,2020-10-26 12:38:00,278.96,279.03,278.89,278.93,0,0,16101
11088,2020-10-26 12:39:00,278.92,279.13,278.92,279.07,0,0,16436
11089,2020-10-26 12:40:00,279.1,279.15,278.94,278.95,0,0,29051
11090,2020-10-26 12:41:00,278.96,279.0,278.86,278.97,0,0,22482
11091,2020-10-26 12:42:00,278.96,279.15,278.87,279.08,0,0,36004
11092,2020-10-26 12:43:00,279.03,279.07,278.86,278.94,0,0,19825
11093,2020-10-26 12:44:00,278.91,279.02,278.8,278.92,0,0,26045
11094,2020-10-26 12:45:00,278.9,278.9,278.43,278.48,0,0,39907
11095,2020-10-26 12:46:00,278.45,278.47,278.14,278.14,0,0,34453
11096,2020-10-26 12:47:00,278.15,278.18,278.03,278.14,0,0,38488
11097,2020-10-26 12:48:00,278.17,278.32,278.14,278.2,0,0,18619
11098,2020-10-26 12:49:00,278.19,278.19,277.8,277.86,0,0,54080
11099,2020-10-26 12:50:00,277.85,278.18,277.85,278.14,0,0,25303
11100,2020-10-26 12:51:00,278.12,278.18,278.02,278.02,0,0,14661
11101,2020-10-26 12:52:00,278.02,278.05,277.39,277.62,0,0,50089
11102,2020-10-26 12:53:00,277.62,277.78,277.35,277.57,0,0,27176
11103,2020-10-26 12:54:00,277.62,277.68,277.15,277.25,0,0,24683
11104,2020-10-26 12:55:00,277.2,277.5,277.15,277.47,0,0,21158
11105,2020-10-26 12:56:00,277.46,277.5,277.38,277.45,0,0,13956
11106,2020-10-26 12:57:00,277.42,277.42,277.01,277.21,0,0,26300
11107,2020-10-26 12:58:00,277.19,277.27,277.05,277.12,0,0,23565
11108,2020-10-26 12:59:00,277.17,277.25,277.07,277.11,0,0,12998
11109,2020-10-26 13:00:00,277.05,277.2,276.84,277.01,0,0,59159
11110,2020-10-26 13:01:00,277.04,277.06,276.53,276.64,0,0,57009
11111,2020-10-26 13:02:00,276.61,277.0,276.54,276.92,0,0,36365
11112,2020-10-26 13:03:00,276.95,277.07,276.87,276.87,0,0,28565
11113,2020-10-26 13:04:00,276.83,276.84,276.61,276.83,0,0,26645
11114,2020-10-26 13:05:00,276.82,276.85,276.53,276.54,0,0,19245
11115,2020-10-26 13:06:00,276.5,276.53,276.33,276.4,0,0,41424
11116,2020-10-26 13:07:00,276.45,276.73,276.45,276.64,0,0,30513
11117,2020-10-26 13:08:00,276.64,276.64,276.33,276.48,0,0,30920
11118,2020-10-26 13:09:00,276.46,276.68,276.33,276.62,0,0,47042
11119,2020-10-26 13:10:00,276.66,277.16,276.64,276.85,0,0,70359
11120,2020-10-26 13:11:00,276.89,276.9,276.6,276.61,0,0,33205
11121,2020-10-26 13:12:00,276.58,276.63,276.46,276.5,0,0,33798
11122,2020-10-26 13:13:00,276.5,276.54,276.2,276.2,0,0,29786
11123,2020-10-26 13:14:00,276.25,276.57,276.25,276.52,0,0,31326
11124,2020-10-26 13:15:00,276.48,276.5,276.21,276.3,0,0,19685
11125,2020-10-26 13:16:00,276.3,276.31,275.9,275.93,0,0,50704
11126,2020-10-26 13:17:00,275.93,276.24,275.86,276.11,0,0,27132
11127,2020-10-26 13:18:00,276.05,276.05,275.58,275.7,0,0,37554
11128,2020-10-26 13:19:00,275.68,275.83,275.59,275.76,0,0,38745
11129,2020-10-26 13:20:00,275.79,276.11,275.72,275.83,0,0,30775
11130,2020-10-26 13:21:00,275.86,276.05,275.81,275.9,0,0,19151
11131,2020-10-26 13:22:00,275.86,275.96,275.75,275.78,0,0,21394
11132,2020-10-26 13:23:00,275.75,275.81,275.26,275.27,0,0,35279
11133,2020-10-26 13:24:00,275.25,275.45,275.21,275.39,0,0,32728
11134,2020-10-26 13:25:00,275.41,275.51,275.12,275.12,0,0,38841
11135,2020-10-26 13:26:00,275.12,275.34,274.91,275.15,0,0,87287
11136,2020-10-26 13:27:00,275.14,275.45,275.04,275.04,0,0,37354
11137,2020-10-26 13:28:00,275.04,275.09,274.7,274.92,0,0,54336
11138,2020-10-26 13:29:00,274.89,274.89,274.64,274.8,0,0,89953
11139,2020-10-26 13:30:00,274.77,274.79,274.36,274.4,0,0,40259
11140,2020-10-26 13:31:00,274.36,274.56,274.26,274.51,0,0,33002
11141,2020-10-26 13:32:00,274.51,274.62,274.41,274.6,0,0,24463
11142,2020-10-26 13:33:00,274.57,274.57,274.4,274.48,0,0,43987
11143,2020-10-26 13:34:00,274.48,274.67,274.42,274.53,0,0,43229
11144,2020-10-26 13:35:00,274.54,274.8,274.41,274.69,0,0,33282
11145,2020-10-26 13:36:00,274.69,274.79,274.48,274.72,0,0,29434
11146,2020-10-26 13:37:00,274.7,274.91,274.56,274.88,0,0,36939
11147,2020-10-26 13:38:00,274.88,274.97,274.8,274.87,0,0,37022
11148,2020-10-26 13:39:00,274.85,275.21,274.76,275.06,0,0,45600
11149,2020-10-26 13:40:00,275.07,275.16,274.86,274.95,0,0,49479
11150,2020-10-26 13:41:00,274.95,275.14,274.95,275.1,0,0,20766
11151,2020-10-26 13:42:00,275.07,275.12,274.88,275.08,0,0,27763
11152,2020-10-26 13:43:00,275.08,275.12,275.0,275.03,0,0,13029
11153,2020-10-26 13:44:00,275.01,275.15,274.83,275.1,0,0,31461
11154,2020-10-26 13:45:00,275.12,275.16,274.78,274.81,0,0,24049
11155,2020-10-26 13:46:00,274.83,275.24,274.83,275.16,0,0,56917
11156,2020-10-26 13:47:00,275.11,275.27,275.04,275.21,0,0,26316
11157,2020-10-26 13:48:00,275.23,275.33,275.12,275.26,0,0,39589
11158,2020-10-26 13:49:00,275.25,275.39,275.15,275.27,0,0,53949
11159,2020-10-26 13:50:00,275.25,275.29,275.08,275.27,0,0,23139
11160,2020-10-26 13:51:00,275.23,275.27,275.16,275.18,0,0,36598
11161,2020-10-26 13:52:00,275.19,275.26,275.01,275.23,0,0,23353
11162,2020-10-26 13:53:00,275.22,275.38,275.16,275.36,0,0,33295
11163,2020-10-26 13:54:00,275.37,275.51,275.36,275.5,0,0,39024
11164,2020-10-26 13:55:00,275.49,275.53,275.25,275.25,0,0,87471
11165,2020-10-26 13:56:00,275.29,275.45,275.21,275.4,0,0,23147
11166,2020-10-26 13:57:00,275.39,275.55,275.36,275.52,0,0,38670
11167,2020-10-26 13:58:00,275.52,275.62,275.47,275.57,0,0,30289
11168,2020-10-26 13:59:00,275.59,275.84,275.59,275.64,0,0,33837
11169,2020-10-26 14:00:00,275.69,275.81,275.58,275.73,0,0,41320
11170,2020-10-26 14:01:00,275.71,276.13,275.71,276.1,0,0,29954
11171,2020-10-26 14:02:00,276.11,276.15,275.76,275.85,0,0,27929
11172,2020-10-26 14:03:00,275.82,276.14,275.82,276.0,0,0,26080
11173,2020-10-26 14:04:00,276.03,276.03,275.77,275.88,0,0,17875
11174,2020-10-26 14:05:00,275.88,276.16,275.83,276.13,0,0,18728
11175,2020-10-26 14:06:00,276.12,276.32,276.09,276.12,0,0,36432
11176,2020-10-26 14:07:00,276.12,276.31,276.07,276.13,0,0,36145
11177,2020-10-26 14:08:00,276.21,276.21,275.9,276.06,0,0,27311
11178,2020-10-26 14:09:00,276.05,276.05,275.78,275.78,0,0,32429
11179,2020-10-26 14:10:00,275.81,276.16,275.81,276.16,0,0,32814
11180,2020-10-26 14:11:00,276.07,276.17,275.81,275.85,0,0,37443
11181,2020-10-26 14:12:00,275.85,275.92,275.52,275.62,0,0,35505
11182,2020-10-26 14:13:00,275.65,275.73,275.53,275.69,0,0,20621
11183,2020-10-26 14:14:00,275.73,275.91,275.45,275.72,0,0,28615
11184,2020-10-26 14:15:00,275.72,275.94,275.67,275.87,0,0,19961
11185,2020-10-26 14:16:00,275.9,276.09,275.9,276.05,0,0,18285
11186,2020-10-26 14:17:00,276.02,276.18,275.87,276.08,0,0,30865
11187,2020-10-26 14:18:00,276.1,276.13,275.99,276.06,0,0,23228
11188,2020-10-26 14:19:00,276.03,276.28,276.03,276.11,0,0,24495
11189,2020-10-26 14:20:00,276.13,276.13,275.72,275.78,0,0,31779
11190,2020-10-26 14:21:00,275.78,276.02,275.73,275.89,0,0,73526
11191,2020-10-26 14:22:00,275.92,275.93,275.71,275.81,0,0,21925
11192,2020-10-26 14:23:00,275.75,275.9,275.75,275.8,0,0,9734
11193,2020-10-26 14:24:00,275.76,275.85,275.66,275.71,0,0,15946
11194,2020-10-26 14:25:00,275.69,275.95,275.45,275.82,0,0,42133
11195,2020-10-26 14:26:00,275.84,276.21,275.83,276.15,0,0,38770
11196,2020-10-26 14:27:00,276.16,276.3,276.03,276.19,0,0,33768
11197,2020-10-26 14:28:00,276.18,276.23,276.04,276.22,0,0,21749
11198,2020-10-26 14:29:00,276.22,276.24,275.88,276.02,0,0,31576
11199,2020-10-26 14:30:00,276.0,276.09,275.66,275.73,0,0,37739
11200,2020-10-26 14:31:00,275.76,275.89,275.6,275.66,0,0,29869
11201,2020-10-26 14:32:00,275.65,275.91,275.65,275.82,0,0,25048
11202,2020-10-26 14:33:00,275.82,275.93,275.56,275.59,0,0,26212
11203,2020-10-26 14:34:00,275.58,275.86,275.58,275.7,0,0,28555
11204,2020-10-26 14:35:00,275.68,275.85,275.5,275.63,0,0,28561
11205,2020-10-26 14:36:00,275.6,275.6,275.33,275.43,0,0,27291
11206,2020-10-26 14:37:00,275.45,275.83,275.45,275.79,0,0,22324
11207,2020-10-26 14:38:00,275.82,275.88,275.54,275.54,0,0,20307
11208,2020-10-26 14:39:00,275.59,275.79,275.56,275.64,0,0,16443
11209,2020-10-26 14:40:00,275.58,276.09,275.53,275.8,0,0,40498
11210,2020-10-26 14:41:00,275.76,275.78,275.51,275.56,0,0,28306
11211,2020-10-26 14:42:00,275.53,275.8,275.49,275.69,0,0,31393
11212,2020-10-26 14:43:00,275.73,276.05,275.73,275.75,0,0,20459
11213,2020-10-26 14:44:00,275.73,275.89,275.63,275.77,0,0,19811
11214,2020-10-26 14:45:00,275.73,275.77,275.34,275.37,0,0,32349
11215,2020-10-26 14:46:00,275.35,275.42,274.93,275.08,0,0,57938
11216,2020-10-26 14:47:00,275.08,275.19,275.04,275.15,0,0,15954
11217,2020-10-26 14:48:00,275.16,275.26,274.93,274.94,0,0,23455
11218,2020-10-26 14:49:00,274.97,275.11,274.96,275.0,0,0,19795
11219,2020-10-26 14:50:00,275.0,275.19,275.0,275.19,0,0,14681
11220,2020-10-26 14:51:00,275.22,275.65,275.2,275.43,0,0,54648
11221,2020-10-26 14:52:00,275.51,275.73,275.33,275.61,0,0,28328
11222,2020-10-26 14:53:00,275.64,276.12,275.38,276.12,0,0,66688
11223,2020-10-26 14:54:00,276.11,276.11,275.71,275.91,0,0,51017
11224,2020-10-26 14:55:00,275.96,276.64,275.96,276.48,0,0,68952
11225,2020-10-26 14:56:00,276.52,276.76,276.34,276.7,0,0,62274
11226,2020-10-26 14:57:00,276.69,276.85,276.65,276.81,0,0,71968
11227,2020-10-26 14:58:00,276.79,276.87,276.68,276.71,0,0,31905
11228,2020-10-26 14:59:00,276.77,276.79,276.61,276.63,0,0,33683
11229,2020-10-26 15:00:00,276.72,276.8,276.47,276.75,0,0,31816
11230,2020-10-26 15:01:00,276.79,277.24,276.7,277.17,0,0,69209
11231,2020-10-26 15:02:00,277.18,277.23,276.92,276.93,0,0,42367
11232,2020-10-26 15:03:00,276.96,277.0,276.65,276.73,0,0,29358
11233,2020-10-26 15:04:00,276.7,276.85,276.47,276.49,0,0,38982
11234,2020-10-26 15:05:00,276.49,276.66,276.21,276.21,0,0,30670
11235,2020-10-26 15:06:00,276.2,276.27,276.01,276.07,0,0,43442
11236,2020-10-26 15:07:00,276.04,276.1,275.91,276.01,0,0,34200
11237,2020-10-26 15:08:00,276.03,276.08,275.67,275.77,0,0,50558
11238,2020-10-26 15:09:00,275.77,275.94,275.75,275.92,0,0,25799
11239,2020-10-26 15:10:00,275.94,276.2,275.94,276.04,0,0,23343
11240,2020-10-26 15:11:00,276.02,276.32,276.01,276.27,0,0,25753
11241,2020-10-26 15:12:00,276.27,276.27,275.73,275.81,0,0,32072
11242,2020-10-26 15:13:00,275.79,275.82,275.6,275.67,0,0,26543
11243,2020-10-26 15:14:00,275.58,275.63,275.42,275.54,0,0,22216
11244,2020-10-26 15:15:00,275.55,275.61,275.37,275.5,0,0,27999
11245,2020-10-26 15:16:00,275.51,275.51,275.25,275.31,0,0,24717
11246,2020-10-26 15:17:00,275.3,275.89,275.28,275.52,0,0,38029
11247,2020-10-26 15:18:00,275.53,275.55,275.13,275.21,0,0,34389
11248,2020-10-26 15:19:00,275.23,275.46,275.23,275.36,0,0,38700
11249,2020-10-26 15:20:00,275.36,276.2,275.36,276.16,0,0,32050
11250,2020-10-26 15:21:00,276.17,276.34,276.04,276.12,0,0,45238
11251,2020-10-26 15:22:00,276.09,276.49,275.93,276.44,0,0,31847
11252,2020-10-26 15:23:00,276.41,276.42,276.05,276.05,0,0,22677
11253,2020-10-26 15:24:00,276.09,276.24,276.0,276.0,0,0,21225
11254,2020-10-26 15:25:00,275.95,276.28,275.9,276.01,0,0,25329
11255,2020-10-26 15:26:00,275.97,276.1,275.81,275.86,0,0,22411
11256,2020-10-26 15:27:00,275.89,276.05,275.77,276.02,0,0,35779
11257,2020-10-26 15:28:00,276.03,276.07,275.89,276.06,0,0,20378
11258,2020-10-26 15:29:00,276.09,276.25,276.06,276.24,0,0,31917
11259,2020-10-26 15:30:00,276.23,276.34,276.13,276.13,0,0,83277
11260,2020-10-26 15:31:00,276.13,276.14,275.8,275.88,0,0,42982
11261,2020-10-26 15:32:00,275.93,276.67,275.93,276.51,0,0,48435
11262,2020-10-26 15:33:00,276.49,276.51,276.16,276.32,0,0,27691
11263,2020-10-26 15:34:00,276.29,276.29,276.08,276.13,0,0,21465
11264,2020-10-26 15:35:00,276.16,276.31,275.99,276.05,0,0,29305
11265,2020-10-26 15:36:00,276.02,276.12,275.65,275.71,0,0,27435
11266,2020-10-26 15:37:00,275.73,275.96,275.71,275.88,0,0,43779
11267,2020-10-26 15:38:00,275.87,276.24,275.83,276.11,0,0,30820
11268,2020-10-26 15:39:00,276.11,276.19,275.93,276.08,0,0,28438
11269,2020-10-26 15:40:00,276.11,276.38,276.01,276.35,0,0,32543
11270,2020-10-26 15:41:00,276.32,276.37,276.2,276.29,0,0,29127
11271,2020-10-26 15:42:00,276.31,276.38,276.22,276.33,0,0,34126
11272,2020-10-26 15:43:00,276.3,276.34,276.11,276.26,0,0,29934
11273,2020-10-26 15:44:00,276.23,276.42,276.23,276.28,0,0,27371
11274,2020-10-26 15:45:00,276.35,276.45,276.14,276.34,0,0,55531
11275,2020-10-26 15:46:00,276.41,276.41,276.05,276.31,0,0,43765
11276,2020-10-26 15:47:00,276.3,276.3,275.92,276.07,0,0,46408
11277,2020-10-26 15:48:00,276.13,276.18,275.81,275.9,0,0,32669
11278,2020-10-26 15:49:00,275.92,275.92,275.65,275.69,0,0,34729
11279,2020-10-26 15:50:00,275.74,276.55,275.74,276.2,0,0,140808
11280,2020-10-26 15:51:00,276.22,276.51,276.12,276.16,0,0,63123
11281,2020-10-26 15:52:00,276.19,276.19,275.96,276.11,0,0,52879
11282,2020-10-26 15:53:00,276.13,276.19,276.03,276.11,0,0,53134
11283,2020-10-26 15:54:00,276.15,276.23,275.86,276.23,0,0,95300
11284,2020-10-26 15:55:00,276.21,277.04,276.21,277.01,0,0,85416
11285,2020-10-26 15:56:00,277.03,277.75,276.98,277.72,0,0,114812
11286,2020-10-26 15:57:00,277.74,277.79,277.37,277.65,0,0,83420
11287,2020-10-26 15:58:00,277.65,277.88,277.5,277.82,0,0,155337
11288,2020-10-26 15:59:00,277.84,277.84,277.09,277.12,0,0,313607
11289,2020-10-27 09:30:00,278.76,279.0,277.72,277.86,0,0,344437
11290,2020-10-27 09:31:00,277.72,278.04,276.96,277.43,0,0,62435
11291,2020-10-27 09:32:00,277.47,277.47,276.31,277.0,0,0,69868
11292,2020-10-27 09:33:00,277.03,277.16,276.54,276.66,0,0,39619
11293,2020-10-27 09:34:00,276.75,277.09,276.5,276.84,0,0,43282
11294,2020-10-27 09:35:00,277.0,277.36,276.88,277.21,0,0,44904
11295,2020-10-27 09:36:00,277.43,277.49,277.4,277.49,0,0,50883
11296,2020-10-27 09:37:00,277.5,278.11,277.5,277.92,0,0,44345
11297,2020-10-27 09:38:00,277.93,277.97,277.38,277.51,0,0,41398
11298,2020-10-27 09:39:00,277.61,277.86,277.46,277.76,0,0,29116
11299,2020-10-27 09:40:00,277.66,277.68,277.52,277.57,0,0,29901
11300,2020-10-27 09:41:00,277.61,277.61,277.2,277.29,0,0,59067
11301,2020-10-27 09:42:00,277.36,278.2,277.36,278.2,0,0,27737
11302,2020-10-27 09:43:00,278.12,278.5,278.12,278.17,0,0,23502
11303,2020-10-27 09:44:00,278.31,278.48,278.25,278.45,0,0,26632
11304,2020-10-27 09:45:00,278.49,279.0,278.49,278.89,0,0,63872
11305,2020-10-27 09:46:00,278.35,278.41,278.25,278.25,0,0,69069
11306,2020-10-27 09:47:00,278.4,278.41,278.03,278.39,0,0,34057
11307,2020-10-27 09:48:00,278.03,278.11,277.83,277.83,0,0,26206
11308,2020-10-27 09:49:00,277.75,278.09,277.51,277.88,0,0,30088
11309,2020-10-27 09:50:00,278.44,278.47,278.34,278.34,0,0,20550
11310,2020-10-27 09:51:00,278.68,278.89,278.67,278.89,0,0,37262
11311,2020-10-27 09:52:00,278.79,278.9,278.42,278.45,0,0,24293
11312,2020-10-27 09:53:00,278.88,278.9,278.76,278.76,0,0,36581
11313,2020-10-27 09:54:00,278.8,279.25,278.66,279.13,0,0,73207
11314,2020-10-27 09:55:00,279.0,279.02,278.79,278.81,0,0,51114
11315,2020-10-27 09:56:00,278.37,278.37,278.37,278.37,0,0,53027
11316,2020-10-27 09:57:00,278.4,278.53,278.17,278.44,0,0,43750
11317,2020-10-27 09:58:00,278.31,278.51,278.15,278.26,0,0,19933
11318,2020-10-27 09:59:00,278.32,278.85,278.32,278.65,0,0,37554
11319,2020-10-27 10:00:00,278.74,278.74,278.12,278.18,0,0,53017
11320,2020-10-27 10:01:00,278.24,279.2,278.24,279.2,0,0,28400
11321,2020-10-27 10:02:00,279.2,279.44,279.04,279.42,0,0,33531
11322,2020-10-27 10:03:00,279.39,279.61,279.2,279.27,0,0,60924
11323,2020-10-27 10:04:00,279.27,279.31,278.51,278.56,0,0,38540
11324,2020-10-27 10:05:00,278.5,279.27,278.4,279.26,0,0,46500
11325,2020-10-27 10:06:00,279.29,279.29,278.95,279.15,0,0,53813
11326,2020-10-27 10:07:00,279.14,279.31,278.98,279.17,0,0,45359
11327,2020-10-27 10:08:00,279.2,279.28,278.98,279.23,0,0,25664
11328,2020-10-27 10:09:00,279.15,279.2,279.0,279.02,0,0,10091
11329,2020-10-27 10:10:00,279.01,279.17,278.96,279.02,0,0,15570
11330,2020-10-27 10:11:00,278.98,279.03,278.77,278.95,0,0,19049
11331,2020-10-27 10:12:00,279.03,279.31,278.94,279.17,0,0,42819
11332,2020-10-27 10:13:00,279.25,279.46,279.17,279.21,0,0,17583
11333,2020-10-27 10:14:00,279.26,279.28,278.77,278.83,0,0,35192
11334,2020-10-27 10:15:00,278.87,278.91,278.5,278.68,0,0,52321
11335,2020-10-27 10:16:00,278.68,278.92,278.64,278.7,0,0,17172
11336,2020-10-27 10:17:00,278.68,278.8,278.62,278.66,0,0,33268
11337,2020-10-27 10:18:00,278.71,278.78,278.36,278.53,0,0,32207
11338,2020-10-27 10:19:00,278.55,278.56,278.19,278.25,0,0,33674
11339,2020-10-27 10:20:00,278.2,278.58,278.16,278.47,0,0,32824
11340,2020-10-27 10:21:00,278.52,278.54,278.39,278.4,0,0,17838
11341,2020-10-27 10:22:00,278.48,278.5,277.9,278.05,0,0,46344
11342,2020-10-27 10:23:00,278.04,278.08,277.65,277.67,0,0,26996
11343,2020-10-27 10:24:00,277.75,278.01,277.65,277.95,0,0,42181
11344,2020-10-27 10:25:00,277.97,277.99,277.79,277.92,0,0,13160
11345,2020-10-27 10:26:00,277.99,278.3,277.97,278.17,0,0,28728
11346,2020-10-27 10:27:00,278.19,278.58,278.19,278.28,0,0,19991
11347,2020-10-27 10:28:00,278.34,278.37,277.98,277.98,0,0,25474
11348,2020-10-27 10:29:00,278.01,278.05,277.89,277.91,0,0,12890
11349,2020-10-27 10:30:00,277.89,278.19,277.8,278.14,0,0,17629
11350,2020-10-27 10:31:00,278.17,278.26,278.11,278.21,0,0,20147
11351,2020-10-27 10:32:00,278.24,278.24,277.96,278.12,0,0,37107
11352,2020-10-27 10:33:00,278.17,278.59,278.13,278.59,0,0,26352
11353,2020-10-27 10:34:00,278.59,278.99,278.35,278.97,0,0,31148
11354,2020-10-27 10:35:00,278.93,279.23,278.87,279.06,0,0,25309
11355,2020-10-27 10:36:00,279.04,279.52,279.04,279.33,0,0,47483
11356,2020-10-27 10:37:00,279.35,279.68,279.35,279.59,0,0,36990
11357,2020-10-27 10:38:00,279.6,279.81,279.52,279.68,0,0,43796
11358,2020-10-27 10:39:00,279.72,280.13,279.72,280.13,0,0,72504
11359,2020-10-27 10:40:00,280.13,280.35,280.02,280.12,0,0,65825
11360,2020-10-27 10:41:00,280.11,280.2,279.88,279.99,0,0,50523
11361,2020-10-27 10:42:00,279.99,280.1,279.77,279.99,0,0,59148
11362,2020-10-27 10:43:00,280.01,280.53,280.01,280.4,0,0,74003
11363,2020-10-27 10:44:00,280.45,280.93,280.45,280.83,0,0,68959
11364,2020-10-27 10:45:00,280.9,280.96,280.68,280.87,0,0,43479
11365,2020-10-27 10:46:00,280.9,281.14,280.74,281.1,0,0,76759
11366,2020-10-27 10:47:00,281.14,281.95,281.08,281.95,0,0,94376
11367,2020-10-27 10:48:00,281.97,282.46,281.97,282.38,0,0,125562
11368,2020-10-27 10:49:00,282.3,282.5,281.91,282.06,0,0,118651
11369,2020-10-27 10:50:00,282.08,282.34,282.02,282.05,0,0,53287
11370,2020-10-27 10:51:00,282.03,282.2,281.87,282.11,0,0,46132
11371,2020-10-27 10:52:00,282.17,282.3,282.0,282.16,0,0,58753
11372,2020-10-27 10:53:00,282.18,282.27,281.86,281.9,0,0,174775
11373,2020-10-27 10:54:00,281.95,282.54,281.78,282.54,0,0,95762
11374,2020-10-27 10:55:00,282.5,282.89,282.5,282.56,0,0,87153
11375,2020-10-27 10:56:00,282.53,282.55,282.27,282.31,0,0,35743
11376,2020-10-27 10:57:00,282.31,282.65,282.17,282.62,0,0,62254
11377,2020-10-27 10:58:00,282.64,282.89,282.64,282.89,0,0,54441
11378,2020-10-27 10:59:00,282.89,283.0,282.63,282.65,0,0,57201
11379,2020-10-27 11:00:00,282.69,282.91,282.18,282.4,0,0,59658
11380,2020-10-27 11:01:00,282.4,282.67,282.31,282.38,0,0,54325
11381,2020-10-27 11:02:00,282.4,282.54,282.25,282.49,0,0,44085
11382,2020-10-27 11:03:00,282.52,282.57,282.38,282.38,0,0,27516
11383,2020-10-27 11:04:00,282.38,282.41,282.2,282.36,0,0,40552
11384,2020-10-27 11:05:00,282.42,282.44,282.03,282.35,0,0,43539
11385,2020-10-27 11:06:00,282.37,282.38,282.11,282.38,0,0,33867
11386,2020-10-27 11:07:00,282.37,282.48,282.25,282.45,0,0,51795
11387,2020-10-27 11:08:00,282.45,282.48,282.37,282.43,0,0,49606
11388,2020-10-27 11:09:00,282.45,282.78,282.38,282.73,0,0,72370
11389,2020-10-27 11:10:00,282.68,282.94,282.59,282.93,0,0,60918
11390,2020-10-27 11:11:00,282.95,283.21,282.9,283.11,0,0,77393
11391,2020-10-27 11:12:00,283.09,283.45,283.09,283.34,0,0,67600
11392,2020-10-27 11:13:00,283.29,283.44,283.21,283.21,0,0,37362
11393,2020-10-27 11:14:00,283.28,283.55,283.23,283.51,0,0,45415
11394,2020-10-27 11:15:00,283.54,283.55,283.14,283.21,0,0,32011
11395,2020-10-27 11:16:00,283.24,283.4,283.16,283.33,0,0,33875
11396,2020-10-27 11:17:00,283.34,283.63,283.32,283.58,0,0,78425
11397,2020-10-27 11:18:00,283.58,283.61,283.08,283.17,0,0,52535
11398,2020-10-27 11:19:00,283.14,283.23,283.0,283.2,0,0,52592
11399,2020-10-27 11:20:00,283.22,283.34,282.93,282.95,0,0,43480
11400,2020-10-27 11:21:00,282.97,283.05,282.76,282.89,0,0,66341
11401,2020-10-27 11:22:00,282.9,283.0,282.58,282.59,0,0,43244
11402,2020-10-27 11:23:00,282.61,282.69,282.5,282.51,0,0,67442
11403,2020-10-27 11:24:00,282.51,282.83,282.4,282.68,0,0,49393
11404,2020-10-27 11:25:00,282.63,282.86,282.6,282.72,0,0,32111
11405,2020-10-27 11:26:00,282.72,282.97,282.67,282.86,0,0,58137
11406,2020-10-27 11:27:00,282.82,282.82,282.31,282.34,0,0,36213
11407,2020-10-27 11:28:00,282.4,282.4,281.9,281.9,0,0,48807
11408,2020-10-27 11:29:00,281.9,281.9,281.51,281.62,0,0,52655
11409,2020-10-27 11:30:00,281.67,281.73,281.32,281.37,0,0,45212
11410,2020-10-27 11:31:00,281.38,281.5,281.28,281.38,0,0,46698
11411,2020-10-27 11:32:00,281.38,281.42,281.03,281.35,0,0,42388
11412,2020-10-27 11:33:00,281.3,281.48,281.18,281.44,0,0,58005
11413,2020-10-27 11:34:00,281.43,281.6,281.36,281.55,0,0,47644
11414,2020-10-27 11:35:00,281.5,281.53,281.18,281.38,0,0,25750
11415,2020-10-27 11:36:00,281.38,281.57,281.27,281.49,0,0,50656
11416,2020-10-27 11:37:00,281.5,281.96,281.36,281.85,0,0,45689
11417,2020-10-27 11:38:00,281.88,281.97,281.81,281.91,0,0,51184
11418,2020-10-27 11:39:00,281.95,282.1,281.77,282.1,0,0,22160
11419,2020-10-27 11:40:00,282.05,282.43,282.05,282.35,0,0,41452
11420,2020-10-27 11:41:00,282.37,282.59,282.36,282.49,0,0,49560
11421,2020-10-27 11:42:00,282.49,282.5,282.11,282.11,0,0,20278
11422,2020-10-27 11:43:00,282.12,282.24,281.95,282.09,0,0,23453
11423,2020-10-27 11:44:00,282.03,282.07,281.67,281.75,0,0,34536
11424,2020-10-27 11:45:00,281.8,282.08,281.75,282.02,0,0,22256
11425,2020-10-27 11:46:00,282.04,282.36,282.0,282.33,0,0,35332
11426,2020-10-27 11:47:00,282.32,282.39,282.11,282.11,0,0,26354
11427,2020-10-27 11:48:00,282.15,282.23,281.94,282.08,0,0,15876
11428,2020-10-27 11:49:00,282.09,282.32,282.02,282.28,0,0,17048
11429,2020-10-27 11:50:00,282.27,282.64,282.21,282.62,0,0,30611
11430,2020-10-27 11:51:00,282.67,282.8,282.25,282.43,0,0,43600
11431,2020-10-27 11:52:00,282.48,282.83,282.46,282.72,0,0,24444
11432,2020-10-27 11:53:00,282.71,282.95,282.67,282.93,0,0,32327
11433,2020-10-27 11:54:00,282.92,282.94,282.74,282.81,0,0,28656
11434,2020-10-27 11:55:00,282.81,282.93,282.72,282.9,0,0,19262
11435,2020-10-27 11:56:00,282.89,283.08,282.75,282.91,0,0,64908
11436,2020-10-27 11:57:00,282.95,283.06,282.93,282.98,0,0,20997
11437,2020-10-27 11:58:00,282.99,283.38,282.99,283.28,0,0,40658
11438,2020-10-27 11:59:00,283.3,283.44,283.27,283.32,0,0,35127
11439,2020-10-27 12:00:00,283.38,283.45,283.17,283.18,0,0,30792
11440,2020-10-27 12:01:00,283.23,283.23,283.03,283.1,0,0,20690
11441,2020-10-27 12:03:00,283.41,283.41,283.34,283.34,0,0,50542
11442,2020-10-27 12:04:00,283.4,283.43,283.15,283.15,0,0,18124
11443,2020-10-27 12:05:00,283.2,283.26,282.92,283.05,0,0,35618
11444,2020-10-27 12:06:00,283.0,283.0,282.72,282.85,0,0,33693
11445,2020-10-27 12:07:00,282.86,283.03,282.86,282.96,0,0,35432
11446,2020-10-27 12:08:00,282.92,282.97,282.75,282.75,0,0,12646
11447,2020-10-27 12:09:00,282.72,282.74,282.61,282.73,0,0,20432
11448,2020-10-27 12:10:00,282.79,282.79,282.34,282.35,0,0,17073
11449,2020-10-27 12:11:00,282.39,282.43,282.2,282.25,0,0,19900
11450,2020-10-27 12:12:00,282.25,282.28,282.09,282.19,0,0,27601
11451,2020-10-27 12:13:00,282.17,282.23,281.95,281.99,0,0,26764
11452,2020-10-27 12:14:00,281.96,282.17,281.9,281.92,0,0,24971
11453,2020-10-27 12:15:00,281.9,282.04,281.86,281.98,0,0,11365
11454,2020-10-27 12:16:00,281.92,282.03,281.79,281.8,0,0,17247
11455,2020-10-27 12:17:00,281.81,281.9,281.75,281.83,0,0,17431
11456,2020-10-27 12:18:00,281.84,281.84,281.55,281.55,0,0,15011
11457,2020-10-27 12:19:00,281.55,281.92,281.54,281.89,0,0,31869
11458,2020-10-27 12:20:00,281.85,282.09,281.84,281.96,0,0,37045
11459,2020-10-27 12:21:00,281.96,282.01,281.76,281.79,0,0,35676
11460,2020-10-27 12:22:00,281.82,281.88,281.75,281.77,0,0,13807
11461,2020-10-27 12:23:00,281.77,281.83,281.61,281.63,0,0,15661
11462,2020-10-27 12:24:00,281.68,281.74,281.53,281.57,0,0,16233
11463,2020-10-27 12:25:00,281.61,281.78,281.38,281.76,0,0,29106
11464,2020-10-27 12:26:00,281.75,281.96,281.69,281.72,0,0,16037
11465,2020-10-27 12:27:00,281.72,281.82,281.55,281.61,0,0,13206
11466,2020-10-27 12:28:00,281.58,281.64,281.54,281.54,0,0,9397
11467,2020-10-27 12:29:00,281.57,281.59,281.47,281.51,0,0,18178
11468,2020-10-27 12:30:00,281.54,281.58,281.46,281.53,0,0,16554
11469,2020-10-27 12:31:00,281.52,281.58,281.5,281.58,0,0,2294
11470,2020-10-27 12:32:00,281.5,281.53,281.22,281.31,0,0,27279
11471,2020-10-27 12:33:00,281.32,281.45,281.26,281.31,0,0,21217
11472,2020-10-27 12:34:00,281.34,281.39,281.17,281.29,0,0,14076
11473,2020-10-27 12:35:00,281.27,281.36,281.16,281.34,0,0,20691
11474,2020-10-27 12:36:00,281.32,281.39,281.19,281.36,0,0,28697
11475,2020-10-27 12:37:00,281.35,281.69,281.35,281.55,0,0,17956
11476,2020-10-27 12:38:00,281.57,281.75,281.54,281.74,0,0,29364
11477,2020-10-27 12:39:00,281.69,281.78,281.69,281.74,0,0,18476
11478,2020-10-27 12:40:00,281.76,281.99,281.72,281.97,0,0,21774
11479,2020-10-27 12:41:00,281.97,282.33,281.96,282.22,0,0,32923
11480,2020-10-27 12:42:00,282.26,282.42,282.22,282.36,0,0,46987
11481,2020-10-27 12:43:00,282.3,282.37,281.97,282.15,0,0,25589
11482,2020-10-27 12:44:00,282.15,282.19,281.92,282.01,0,0,33431
11483,2020-10-27 12:45:00,282.0,282.17,281.93,282.06,0,0,24484
11484,2020-10-27 12:46:00,282.14,282.23,282.13,282.18,0,0,21614
11485,2020-10-27 12:47:00,282.18,282.2,282.11,282.18,0,0,4771
11486,2020-10-27 12:48:00,282.18,282.18,281.9,281.93,0,0,14002
11487,2020-10-27 12:49:00,281.89,281.98,281.64,281.64,0,0,20171
11488,2020-10-27 12:50:00,281.61,281.7,281.54,281.62,0,0,13275
11489,2020-10-27 12:51:00,281.63,281.77,281.48,281.53,0,0,15162
11490,2020-10-27 12:52:00,281.54,281.71,281.47,281.65,0,0,14080
11491,2020-10-27 12:53:00,281.73,281.81,281.68,281.81,0,0,7523
11492,2020-10-27 12:54:00,281.88,282.1,281.88,281.97,0,0,16068
11493,2020-10-27 12:55:00,281.89,282.07,281.83,282.07,0,0,9995
11494,2020-10-27 12:56:00,282.05,282.08,281.98,282.08,0,0,5495
11495,2020-10-27 12:57:00,282.08,282.15,282.04,282.08,0,0,22258
11496,2020-10-27 12:58:00,282.1,282.1,281.55,281.67,0,0,28045
11497,2020-10-27 12:59:00,281.73,282.16,281.73,282.1,0,0,17975
11498,2020-10-27 13:00:00,282.08,282.15,281.92,281.95,0,0,6549
11499,2020-10-27 13:01:00,281.91,282.06,281.85,282.0,0,0,10889
11500,2020-10-27 13:02:00,281.97,282.15,281.95,282.13,0,0,8411
11501,2020-10-27 13:03:00,282.09,282.12,281.93,281.93,0,0,7835
11502,2020-10-27 13:04:00,281.98,282.22,281.98,282.16,0,0,25522
11503,2020-10-27 13:05:00,282.18,282.38,282.14,282.34,0,0,24416
11504,2020-10-27 13:06:00,282.29,282.36,282.18,282.33,0,0,28395
11505,2020-10-27 13:07:00,282.33,282.49,282.33,282.43,0,0,25991
11506,2020-10-27 13:08:00,282.35,282.39,282.18,282.27,0,0,14745
11507,2020-10-27 13:09:00,282.24,282.29,281.98,282.02,0,0,22939
11508,2020-10-27 13:10:00,282.07,282.11,281.67,281.68,0,0,24144
11509,2020-10-27 13:11:00,281.67,281.67,281.42,281.61,0,0,31512
11510,2020-10-27 13:12:00,281.58,281.71,281.58,281.68,0,0,11632
11511,2020-10-27 13:13:00,281.68,281.81,281.67,281.76,0,0,13630
11512,2020-10-27 13:14:00,281.74,281.97,281.74,281.91,0,0,11840
11513,2020-10-27 13:15:00,281.98,282.18,281.94,281.98,0,0,16246
11514,2020-10-27 13:16:00,282.02,282.23,282.02,282.17,0,0,18196
11515,2020-10-27 13:17:00,282.13,282.24,282.1,282.2,0,0,7198
11516,2020-10-27 13:18:00,282.23,282.25,282.07,282.08,0,0,14487
11517,2020-10-27 13:19:00,282.1,282.36,282.1,282.17,0,0,10534
11518,2020-10-27 13:20:00,282.28,282.39,282.22,282.36,0,0,12702
11519,2020-10-27 13:21:00,282.41,282.49,282.28,282.41,0,0,20254
11520,2020-10-27 13:22:00,282.43,282.45,282.2,282.39,0,0,22581
11521,2020-10-27 13:23:00,282.4,282.8,282.4,282.79,0,0,34542
11522,2020-10-27 13:24:00,282.81,282.9,282.73,282.88,0,0,21712
11523,2020-10-27 13:25:00,282.83,282.94,282.63,282.79,0,0,38763
11524,2020-10-27 13:26:00,282.83,282.92,282.58,282.81,0,0,29066
11525,2020-10-27 13:27:00,282.8,283.18,282.8,283.16,0,0,47546
11526,2020-10-27 13:28:00,283.12,283.15,282.94,283.04,0,0,22756
11527,2020-10-27 13:29:00,283.0,283.14,282.95,283.02,0,0,27906
11528,2020-10-27 13:30:00,283.02,283.26,282.98,283.11,0,0,29725
11529,2020-10-27 13:31:00,283.12,283.42,283.11,283.42,0,0,23015
11530,2020-10-27 13:32:00,283.4,283.67,283.4,283.67,0,0,68350
11531,2020-10-27 13:33:00,283.68,283.83,283.59,283.64,0,0,47350
11532,2020-10-27 13:34:00,283.65,283.68,283.38,283.45,0,0,25445
11533,2020-10-27 13:35:00,283.5,283.54,283.21,283.4,0,0,22051
11534,2020-10-27 13:36:00,283.48,283.67,283.32,283.67,0,0,23081
11535,2020-10-27 13:37:00,283.69,283.79,283.59,283.67,0,0,32633
11536,2020-10-27 13:38:00,283.67,283.83,283.64,283.71,0,0,29745
11537,2020-10-27 13:39:00,283.74,283.78,283.61,283.75,0,0,20631
11538,2020-10-27 13:40:00,283.8,283.8,283.61,283.72,0,0,17219
11539,2020-10-27 13:41:00,283.8,284.08,283.69,284.03,0,0,63245
11540,2020-10-27 13:42:00,284.05,284.09,283.91,284.01,0,0,36614
11541,2020-10-27 13:43:00,284.02,284.08,283.9,283.9,0,0,31156
11542,2020-10-27 13:44:00,283.92,284.29,283.91,284.16,0,0,47554
11543,2020-10-27 13:45:00,284.19,284.19,283.86,284.05,0,0,44578
11544,2020-10-27 13:46:00,284.03,284.3,284.01,284.3,0,0,51889
11545,2020-10-27 13:47:00,284.31,284.43,284.21,284.22,0,0,53063
11546,2020-10-27 13:48:00,284.24,284.34,284.22,284.27,0,0,41970
11547,2020-10-27 13:49:00,284.26,284.48,284.26,284.3,0,0,41869
11548,2020-10-27 13:50:00,284.32,284.49,284.29,284.49,0,0,28525
11549,2020-10-27 13:51:00,284.49,284.51,284.24,284.24,0,0,99965
11550,2020-10-27 13:52:00,284.22,284.24,283.93,283.99,0,0,52466
11551,2020-10-27 13:53:00,283.96,284.0,283.65,283.9,0,0,36018
11552,2020-10-27 13:54:00,283.88,284.11,283.87,284.03,0,0,34096
11553,2020-10-27 13:55:00,284.01,284.01,283.31,283.5,0,0,49043
11554,2020-10-27 13:56:00,283.57,283.73,283.5,283.56,0,0,30635
11555,2020-10-27 13:57:00,283.61,283.75,283.61,283.72,0,0,28909
11556,2020-10-27 13:58:00,283.76,283.78,283.61,283.75,0,0,22991
11557,2020-10-27 13:59:00,283.77,283.92,283.74,283.87,0,0,28755
11558,2020-10-27 14:00:00,283.84,283.92,283.33,283.33,0,0,39739
11559,2020-10-27 14:01:00,283.46,283.54,283.33,283.43,0,0,40650
11560,2020-10-27 14:02:00,283.41,283.5,283.4,283.44,0,0,26212
11561,2020-10-27 14:03:00,283.47,283.5,283.35,283.46,0,0,31817
11562,2020-10-27 14:04:00,283.45,283.59,283.41,283.53,0,0,15922
11563,2020-10-27 14:05:00,283.52,283.63,283.47,283.48,0,0,24765
11564,2020-10-27 14:06:00,283.48,283.67,283.46,283.67,0,0,41482
11565,2020-10-27 14:07:00,283.68,283.92,283.68,283.88,0,0,60549
11566,2020-10-27 14:08:00,283.88,283.98,283.81,283.95,0,0,33954
11567,2020-10-27 14:09:00,283.95,284.01,283.74,283.79,0,0,48781
11568,2020-10-27 14:10:00,283.83,283.95,283.57,283.66,0,0,50418
11569,2020-10-27 14:11:00,283.6,283.77,283.5,283.68,0,0,43495
11570,2020-10-27 14:12:00,283.67,283.75,283.64,283.7,0,0,33595
11571,2020-10-27 14:13:00,283.67,283.9,283.65,283.8,0,0,45816
11572,2020-10-27 14:14:00,283.81,283.94,283.75,283.87,0,0,16796
11573,2020-10-27 14:15:00,283.88,283.94,283.8,283.85,0,0,22023
11574,2020-10-27 14:16:00,283.87,283.87,283.64,283.79,0,0,27613
11575,2020-10-27 14:17:00,283.82,283.82,283.61,283.62,0,0,15440
11576,2020-10-27 14:18:00,283.64,283.64,283.32,283.32,0,0,50334
11577,2020-10-27 14:19:00,283.3,283.32,282.92,282.98,0,0,54596
11578,2020-10-27 14:20:00,282.97,283.09,282.86,282.92,0,0,31429
11579,2020-10-27 14:21:00,282.92,283.14,282.9,282.92,0,0,33794
11580,2020-10-27 14:22:00,282.95,282.97,282.69,282.71,0,0,37501
11581,2020-10-27 14:23:00,282.72,283.0,282.7,282.93,0,0,26877
11582,2020-10-27 14:24:00,282.94,283.08,282.85,282.88,0,0,23278
11583,2020-10-27 14:25:00,282.89,283.08,282.83,283.08,0,0,15809
11584,2020-10-27 14:26:00,283.06,283.13,282.91,283.01,0,0,19565
11585,2020-10-27 14:27:00,282.98,283.09,282.91,283.0,0,0,9360
11586,2020-10-27 14:28:00,283.0,283.14,282.97,283.12,0,0,19988
11587,2020-10-27 14:29:00,283.1,283.2,282.85,282.89,0,0,31266
11588,2020-10-27 14:30:00,282.9,283.05,282.67,282.67,0,0,44598
11589,2020-10-27 14:31:00,282.68,282.72,282.45,282.71,0,0,28016
11590,2020-10-27 14:32:00,282.71,282.72,282.53,282.56,0,0,15859
11591,2020-10-27 14:33:00,282.55,282.63,282.45,282.49,0,0,26970
11592,2020-10-27 14:34:00,282.52,282.59,282.46,282.49,0,0,10769
11593,2020-10-27 14:35:00,282.49,282.67,282.31,282.46,0,0,18735
11594,2020-10-27 14:36:00,282.49,282.58,282.47,282.56,0,0,7708
11595,2020-10-27 14:37:00,282.54,282.57,282.05,282.16,0,0,32571
11596,2020-10-27 14:38:00,282.17,282.22,282.04,282.04,0,0,20184
11597,2020-10-27 14:39:00,282.05,282.07,281.8,281.8,0,0,35045
11598,2020-10-27 14:40:00,281.83,282.07,281.83,281.92,0,0,22264
11599,2020-10-27 14:41:00,281.9,282.03,281.74,282.0,0,0,19430
11600,2020-10-27 14:42:00,281.99,282.05,281.6,281.67,0,0,33409
11601,2020-10-27 14:43:00,281.67,281.79,281.25,281.29,0,0,62000
11602,2020-10-27 14:44:00,281.28,281.49,281.08,281.12,0,0,88425
11603,2020-10-27 14:45:00,281.04,281.44,281.04,281.17,0,0,53199
11604,2020-10-27 14:46:00,281.14,281.38,281.08,281.36,0,0,32438
11605,2020-10-27 14:47:00,281.33,281.66,281.33,281.54,0,0,34161
11606,2020-10-27 14:48:00,281.58,281.85,281.54,281.77,0,0,25182
11607,2020-10-27 14:49:00,281.76,282.16,281.76,281.92,0,0,33285
11608,2020-10-27 14:50:00,281.92,281.96,281.8,281.96,0,0,19392
11609,2020-10-27 14:51:00,282.0,282.03,281.75,281.87,0,0,20050
11610,2020-10-27 14:52:00,281.85,281.9,281.65,281.66,0,0,14529
11611,2020-10-27 14:53:00,281.68,281.92,281.68,281.9,0,0,7603
11612,2020-10-27 14:54:00,281.9,282.41,281.9,282.37,0,0,34371
11613,2020-10-27 14:55:00,282.4,282.4,281.9,281.9,0,0,19299
11614,2020-10-27 14:56:00,281.93,282.05,281.82,281.88,0,0,21634
11615,2020-10-27 14:57:00,281.92,282.23,281.92,282.06,0,0,18006
11616,2020-10-27 14:58:00,282.03,282.11,281.92,281.95,0,0,16947
11617,2020-10-27 14:59:00,281.96,282.01,281.84,281.9,0,0,10215
11618,2020-10-27 15:00:00,281.89,281.95,281.64,281.78,0,0,21115
11619,2020-10-27 15:01:00,281.77,282.21,281.77,282.16,0,0,22549
11620,2020-10-27 15:02:00,282.14,282.3,282.05,282.26,0,0,16501
11621,2020-10-27 15:03:00,282.26,282.39,282.23,282.33,0,0,30001
11622,2020-10-27 15:04:00,282.34,282.34,282.06,282.12,0,0,21313
11623,2020-10-27 15:05:00,282.1,282.3,282.1,282.3,0,0,11169
11624,2020-10-27 15:06:00,282.28,282.28,281.8,282.02,0,0,27699
11625,2020-10-27 15:07:00,282.05,282.28,281.86,281.89,0,0,20283
11626,2020-10-27 15:08:00,281.9,282.12,281.9,282.1,0,0,9404
11627,2020-10-27 15:09:00,282.0,282.0,281.78,281.95,0,0,19862
11628,2020-10-27 15:10:00,281.94,282.12,281.94,282.06,0,0,20219
11629,2020-10-27 15:11:00,282.0,282.1,281.89,282.0,0,0,16433
11630,2020-10-27 15:12:00,282.04,282.19,281.89,282.01,0,0,28667
11631,2020-10-27 15:13:00,282.01,282.15,281.96,282.12,0,0,13546
11632,2020-10-27 15:14:00,282.12,282.13,281.94,282.04,0,0,15484
11633,2020-10-27 15:15:00,282.04,282.16,281.85,282.13,0,0,15327
11634,2020-10-27 15:16:00,282.1,282.28,282.05,282.21,0,0,16516
11635,2020-10-27 15:17:00,282.28,282.3,282.0,282.06,0,0,16614
11636,2020-10-27 15:18:00,282.18,282.33,282.14,282.27,0,0,10918
11637,2020-10-27 15:19:00,282.28,282.43,282.21,282.41,0,0,18900
11638,2020-10-27 15:20:00,282.45,282.66,282.24,282.5,0,0,43557
11639,2020-10-27 15:21:00,282.5,282.63,282.43,282.43,0,0,33929
11640,2020-10-27 15:22:00,282.5,282.63,282.48,282.48,0,0,41569
11641,2020-10-27 15:23:00,282.46,282.54,282.39,282.54,0,0,22212
11642,2020-10-27 15:24:00,282.52,282.55,282.2,282.33,0,0,30734
11643,2020-10-27 15:25:00,282.36,282.59,282.34,282.54,0,0,19324
11644,2020-10-27 15:26:00,282.49,282.57,282.36,282.52,0,0,15721
11645,2020-10-27 15:27:00,282.52,282.69,282.51,282.67,0,0,32317
11646,2020-10-27 15:28:00,282.67,282.81,282.64,282.76,0,0,21168
11647,2020-10-27 15:29:00,282.79,283.11,282.77,283.09,0,0,50205
11648,2020-10-27 15:30:00,283.08,283.08,282.86,283.05,0,0,39016
11649,2020-10-27 15:31:00,283.04,283.3,282.98,283.22,0,0,24366
11650,2020-10-27 15:32:00,283.22,283.25,283.05,283.25,0,0,18864
11651,2020-10-27 15:33:00,283.24,283.32,283.14,283.2,0,0,25112
11652,2020-10-27 15:34:00,283.22,283.46,283.11,283.39,0,0,23025
11653,2020-10-27 15:35:00,283.4,283.4,283.21,283.32,0,0,22355
11654,2020-10-27 15:36:00,283.34,283.5,283.26,283.44,0,0,34920
11655,2020-10-27 15:37:00,283.45,283.63,283.36,283.62,0,0,26198
11656,2020-10-27 15:38:00,283.63,283.86,283.56,283.82,0,0,43587
11657,2020-10-27 15:39:00,283.83,283.89,283.7,283.85,0,0,36099
11658,2020-10-27 15:40:00,283.87,284.06,283.77,284.05,0,0,81819
11659,2020-10-27 15:41:00,284.03,284.27,284.03,284.27,0,0,37874
11660,2020-10-27 15:42:00,284.25,284.27,284.13,284.17,0,0,43315
11661,2020-10-27 15:43:00,284.19,284.25,284.08,284.14,0,0,63471
11662,2020-10-27 15:44:00,284.12,284.33,284.08,284.3,0,0,57452
11663,2020-10-27 15:45:00,284.32,284.42,283.61,283.73,0,0,79703
11664,2020-10-27 15:46:00,283.71,283.94,283.58,283.68,0,0,48479
11665,2020-10-27 15:47:00,283.68,283.76,283.53,283.67,0,0,50212
11666,2020-10-27 15:48:00,283.66,283.73,283.52,283.7,0,0,47814
11667,2020-10-27 15:49:00,283.72,283.72,283.3,283.4,0,0,47154
11668,2020-10-27 15:50:00,283.4,283.69,283.22,283.62,0,0,61033
11669,2020-10-27 15:51:00,283.63,283.67,283.43,283.46,0,0,35063
11670,2020-10-27 15:52:00,283.47,283.59,283.42,283.47,0,0,53302
11671,2020-10-27 15:53:00,283.48,283.79,283.48,283.73,0,0,72301
11672,2020-10-27 15:54:00,283.71,283.93,283.63,283.8,0,0,97359
11673,2020-10-27 15:55:00,283.78,283.79,283.64,283.73,0,0,87016
11674,2020-10-27 15:56:00,283.72,283.79,283.64,283.79,0,0,97663
11675,2020-10-27 15:57:00,283.79,283.81,283.51,283.63,0,0,112870
11676,2020-10-27 15:58:00,283.63,283.69,283.47,283.64,0,0,120818
11677,2020-10-27 15:59:00,283.63,283.63,283.21,283.29,0,0,217015
11678,2020-10-28 09:30:00,278.79,278.79,277.01,277.32,0,0,709576
11679,2020-10-28 09:31:00,277.29,278.0,276.58,277.64,0,0,109931
11680,2020-10-28 09:32:00,277.57,278.5,276.5,276.66,0,0,114744
11681,2020-10-28 09:33:00,276.0,276.46,275.66,275.95,0,0,115362
11682,2020-10-28 09:34:00,275.73,276.13,275.0,275.03,0,0,160403
11683,2020-10-28 09:35:00,275.0,275.11,275.0,275.11,0,0,186706
11684,2020-10-28 09:36:00,274.5,275.14,274.5,275.08,0,0,98085
11685,2020-10-28 09:37:00,275.09,275.09,274.21,274.71,0,0,105608
11686,2020-10-28 09:38:00,274.68,275.66,274.67,275.42,0,0,165590
11687,2020-10-28 09:39:00,275.33,275.33,274.68,275.14,0,0,104921
11688,2020-10-28 09:40:00,274.5,274.52,274.12,274.13,0,0,93563
11689,2020-10-28 09:41:00,274.0,274.35,273.7,274.09,0,0,144000
11690,2020-10-28 09:42:00,274.1,274.31,274.1,274.22,0,0,66256
11691,2020-10-28 09:43:00,274.11,274.17,274.1,274.13,0,0,107046
11692,2020-10-28 09:44:00,274.12,274.12,273.63,273.75,0,0,99118
11693,2020-10-28 09:45:00,273.5,273.6,273.5,273.6,0,0,108849
11694,2020-10-28 09:46:00,273.5,274.05,273.5,274.01,0,0,110275
11695,2020-10-28 09:47:00,274.0,274.28,273.9,274.07,0,0,77757
11696,2020-10-28 09:48:00,274.18,274.33,274.05,274.29,0,0,100097
11697,2020-10-28 09:49:00,274.5,274.69,274.19,274.21,0,0,113494
11698,2020-10-28 09:50:00,274.0,274.0,273.08,273.24,0,0,116737
11699,2020-10-28 09:51:00,273.0,273.17,272.59,272.59,0,0,134454
11700,2020-10-28 09:52:00,272.0,272.47,272.0,272.24,0,0,165004
11701,2020-10-28 09:53:00,272.76,272.76,272.31,272.34,0,0,63887
11702,2020-10-28 09:54:00,272.0,272.72,271.93,272.53,0,0,91678
11703,2020-10-28 09:55:00,272.5,272.9,272.47,272.78,0,0,73019
11704,2020-10-28 09:56:00,272.94,272.95,272.83,272.92,0,0,88470
11705,2020-10-28 09:57:00,272.93,273.01,272.89,273.01,0,0,127232
11706,2020-10-28 09:58:00,272.81,273.47,272.81,273.34,0,0,51407
11707,2020-10-28 09:59:00,273.27,273.61,273.23,273.56,0,0,113131
11708,2020-10-28 10:00:00,273.55,273.55,273.08,273.47,0,0,92161
11709,2020-10-28 10:01:00,273.49,273.5,272.61,272.85,0,0,64104
11710,2020-10-28 10:02:00,272.86,273.1,272.45,272.82,0,0,53784
11711,2020-10-28 10:03:00,272.89,273.14,272.6,273.1,0,0,36854
11712,2020-10-28 10:04:00,273.14,273.41,272.94,273.07,0,0,40903
11713,2020-10-28 10:05:00,273.02,273.18,272.42,272.54,0,0,57309
11714,2020-10-28 10:06:00,272.58,273.4,272.58,273.28,0,0,37288
11715,2020-10-28 10:07:00,273.33,273.46,272.78,273.04,0,0,60836
11716,2020-10-28 10:08:00,273.12,273.63,273.12,273.39,0,0,76688
11717,2020-10-28 10:09:00,273.39,273.48,273.05,273.29,0,0,42176
11718,2020-10-28 10:10:00,273.18,273.24,272.78,273.14,0,0,50033
11719,2020-10-28 10:11:00,273.11,273.11,272.31,272.32,0,0,74603
11720,2020-10-28 10:12:00,272.39,273.12,272.16,273.12,0,0,42999
11721,2020-10-28 10:13:00,273.19,273.22,272.62,272.62,0,0,34517
11722,2020-10-28 10:14:00,272.66,272.77,272.34,272.59,0,0,38574
11723,2020-10-28 10:15:00,272.55,272.55,271.92,272.09,0,0,98666
11724,2020-10-28 10:16:00,272.17,272.22,271.34,271.39,0,0,102485
11725,2020-10-28 10:17:00,271.43,271.61,270.96,271.24,0,0,122563
11726,2020-10-28 10:18:00,271.2,271.72,271.03,271.03,0,0,84521
11727,2020-10-28 10:19:00,271.08,271.25,270.64,270.69,0,0,103621
11728,2020-10-28 10:20:00,270.61,271.39,270.61,271.25,0,0,75614
11729,2020-10-28 10:21:00,271.22,271.71,271.22,271.58,0,0,72399
11730,2020-10-28 10:22:00,271.55,271.6,270.85,271.29,0,0,58862
11731,2020-10-28 10:23:00,271.29,271.7,271.19,271.67,0,0,65701
11732,2020-10-28 10:24:00,271.64,271.95,271.44,271.54,0,0,68117
11733,2020-10-28 10:25:00,271.5,271.96,271.5,271.95,0,0,40895
11734,2020-10-28 10:26:00,271.97,272.1,271.34,271.34,0,0,79151
11735,2020-10-28 10:27:00,271.37,271.39,270.45,270.51,0,0,83832
11736,2020-10-28 10:28:00,270.45,270.88,270.39,270.5,0,0,61583
11737,2020-10-28 10:29:00,270.47,270.7,270.05,270.68,0,0,122997
11738,2020-10-28 10:30:00,270.67,270.76,270.25,270.43,0,0,59706
11739,2020-10-28 10:31:00,270.44,271.0,270.13,270.82,0,0,59017
11740,2020-10-28 10:32:00,270.84,271.5,270.75,271.36,0,0,113196
11741,2020-10-28 10:33:00,271.25,271.8,271.12,271.8,0,0,70431
11742,2020-10-28 10:34:00,271.71,272.11,271.56,272.08,0,0,74001
11743,2020-10-28 10:35:00,272.15,272.15,271.72,272.08,0,0,72960
11744,2020-10-28 10:36:00,272.05,272.15,271.67,271.95,0,0,35843
11745,2020-10-28 10:37:00,271.88,272.43,271.83,272.32,0,0,53869
11746,2020-10-28 10:38:00,272.3,272.73,272.11,272.48,0,0,100264
11747,2020-10-28 10:39:00,272.49,272.54,272.0,272.44,0,0,102785
11748,2020-10-28 10:40:00,272.35,272.59,271.88,272.44,0,0,77874
11749,2020-10-28 10:41:00,272.4,272.53,272.08,272.24,0,0,37597
11750,2020-10-28 10:42:00,272.3,272.6,272.19,272.21,0,0,61445
11751,2020-10-28 10:43:00,272.23,272.27,271.72,271.77,0,0,50846
11752,2020-10-28 10:44:00,271.73,272.3,271.73,272.17,0,0,49828
11753,2020-10-28 10:45:00,272.18,272.43,272.05,272.22,0,0,40023
11754,2020-10-28 10:46:00,272.15,272.15,271.52,271.74,0,0,32617
11755,2020-10-28 10:47:00,271.74,271.9,271.41,271.67,0,0,41054
11756,2020-10-28 10:48:00,271.68,271.84,271.42,271.56,0,0,33199
11757,2020-10-28 10:49:00,271.52,271.55,271.24,271.41,0,0,40783
11758,2020-10-28 10:50:00,271.32,271.95,271.32,271.91,0,0,30803
11759,2020-10-28 10:51:00,271.93,271.96,271.54,271.86,0,0,30285
11760,2020-10-28 10:52:00,271.82,271.9,271.35,271.43,0,0,50244
11761,2020-10-28 10:53:00,271.46,271.62,271.3,271.4,0,0,77446
11762,2020-10-28 10:54:00,271.42,271.89,271.3,271.77,0,0,62308
11763,2020-10-28 10:55:00,271.76,272.05,271.43,271.8,0,0,96611
11764,2020-10-28 10:56:00,271.79,272.02,271.67,271.96,0,0,61140
11765,2020-10-28 10:57:00,271.89,272.02,271.54,271.63,0,0,31437
11766,2020-10-28 10:58:00,271.63,272.34,271.48,272.28,0,0,78734
11767,2020-10-28 10:59:00,272.28,272.8,272.21,272.75,0,0,87835
11768,2020-10-28 11:00:00,272.71,272.79,272.46,272.68,0,0,52858
11769,2020-10-28 11:01:00,272.63,272.89,272.53,272.68,0,0,74125
11770,2020-10-28 11:02:00,272.67,272.8,272.47,272.65,0,0,57237
11771,2020-10-28 11:03:00,272.58,272.58,272.0,272.09,0,0,41848
11772,2020-10-28 11:04:00,272.14,272.18,271.93,272.09,0,0,47407
11773,2020-10-28 11:05:00,272.22,272.69,272.2,272.45,0,0,49439
11774,2020-10-28 11:06:00,272.45,272.74,272.4,272.7,0,0,22496
11775,2020-10-28 11:07:00,272.67,272.81,272.4,272.62,0,0,23816
11776,2020-10-28 11:08:00,272.62,272.86,272.59,272.79,0,0,37297
11777,2020-10-28 11:09:00,272.77,272.96,272.45,272.5,0,0,38951
11778,2020-10-28 11:10:00,272.42,272.42,272.07,272.16,0,0,34282
11779,2020-10-28 11:11:00,272.18,272.32,272.1,272.16,0,0,28881
11780,2020-10-28 11:12:00,272.11,272.5,271.96,272.49,0,0,45153
11781,2020-10-28 11:13:00,272.46,272.58,272.28,272.28,0,0,35923
11782,2020-10-28 11:14:00,272.32,272.95,272.22,272.95,0,0,38550
11783,2020-10-28 11:15:00,272.91,272.99,272.65,272.87,0,0,43811
11784,2020-10-28 11:16:00,272.86,273.07,272.48,272.73,0,0,53684
11785,2020-10-28 11:17:00,272.77,272.81,272.2,272.32,0,0,34058
11786,2020-10-28 11:18:00,272.23,272.39,272.01,272.36,0,0,24445
11787,2020-10-28 11:19:00,272.46,272.48,272.0,272.01,0,0,31875
11788,2020-10-28 11:20:00,272.06,272.37,271.64,271.74,0,0,50556
11789,2020-10-28 11:21:00,271.82,271.89,271.51,271.81,0,0,54035
11790,2020-10-28 11:22:00,271.82,271.82,271.45,271.48,0,0,31803
11791,2020-10-28 11:23:00,271.5,271.54,271.36,271.43,0,0,20186
11792,2020-10-28 11:24:00,271.39,271.4,271.11,271.4,0,0,43387
11793,2020-10-28 11:25:00,271.35,271.51,271.22,271.41,0,0,28834
11794,2020-10-28 11:26:00,271.39,271.57,271.26,271.52,0,0,33061
11795,2020-10-28 11:27:00,271.58,271.68,271.4,271.42,0,0,25970
11796,2020-10-28 11:28:00,271.44,271.55,271.3,271.37,0,0,23663
11797,2020-10-28 11:29:00,271.4,271.6,271.27,271.6,0,0,30321
11798,2020-10-28 11:30:00,271.55,271.55,271.03,271.1,0,0,37563
11799,2020-10-28 11:31:00,271.13,271.13,270.63,270.77,0,0,81382
11800,2020-10-28 11:32:00,270.76,270.79,270.42,270.57,0,0,90833
11801,2020-10-28 11:33:00,270.57,270.68,270.42,270.63,0,0,67221
11802,2020-10-28 11:34:00,270.59,270.71,270.22,270.36,0,0,51909
11803,2020-10-28 11:35:00,270.44,270.94,270.42,270.83,0,0,66959
11804,2020-10-28 11:36:00,270.82,270.97,270.52,270.65,0,0,39246
11805,2020-10-28 11:37:00,270.58,270.62,270.36,270.52,0,0,25261
11806,2020-10-28 11:38:00,270.52,270.95,270.43,270.94,0,0,30248
11807,2020-10-28 11:39:00,270.89,271.0,270.75,270.77,0,0,38150
11808,2020-10-28 11:40:00,270.75,270.93,270.54,270.87,0,0,39632
11809,2020-10-28 11:41:00,270.82,270.93,270.6,270.88,0,0,56934
11810,2020-10-28 11:42:00,270.9,271.23,270.84,271.21,0,0,68165
11811,2020-10-28 11:43:00,271.21,271.49,271.19,271.4,0,0,53851
11812,2020-10-28 11:44:00,271.4,271.57,271.24,271.4,0,0,72786
11813,2020-10-28 11:45:00,271.36,271.45,271.15,271.15,0,0,33152
11814,2020-10-28 11:46:00,271.17,271.52,271.17,271.52,0,0,25270
11815,2020-10-28 11:47:00,271.55,271.55,271.08,271.2,0,0,32381
11816,2020-10-28 11:48:00,271.22,271.32,270.92,271.0,0,0,22568
11817,2020-10-28 11:49:00,271.0,271.1,270.84,270.9,0,0,26983
11818,2020-10-28 11:50:00,270.97,270.98,270.5,270.8,0,0,35403
11819,2020-10-28 11:51:00,270.76,271.19,270.75,270.94,0,0,27853
11820,2020-10-28 11:52:00,271.0,271.33,270.94,271.33,0,0,39160
11821,2020-10-28 11:53:00,271.35,271.49,271.23,271.37,0,0,51801
11822,2020-10-28 11:54:00,271.36,271.84,271.21,271.84,0,0,54796
11823,2020-10-28 11:55:00,271.8,272.0,271.43,271.64,0,0,68350
11824,2020-10-28 11:56:00,271.58,271.78,271.48,271.78,0,0,40103
11825,2020-10-28 11:57:00,271.82,272.24,271.8,272.24,0,0,48359
11826,2020-10-28 11:58:00,272.26,272.29,271.98,272.11,0,0,60103
11827,2020-10-28 11:59:00,272.08,272.21,271.49,271.53,0,0,54071
11828,2020-10-28 12:00:00,271.59,271.82,271.4,271.44,0,0,29985
11829,2020-10-28 12:01:00,271.4,271.43,271.17,271.21,0,0,39573
11830,2020-10-28 12:02:00,271.17,271.62,271.17,271.28,0,0,23448
11831,2020-10-28 12:03:00,271.33,271.38,271.07,271.36,0,0,27087
11832,2020-10-28 12:04:00,271.4,271.72,271.28,271.28,0,0,16956
11833,2020-10-28 12:05:00,271.36,271.41,271.21,271.3,0,0,13240
11834,2020-10-28 12:06:00,271.24,271.88,271.23,271.53,0,0,24956
11835,2020-10-28 12:07:00,271.55,271.62,271.39,271.54,0,0,7445
11836,2020-10-28 12:08:00,271.57,271.6,271.33,271.4,0,0,28748
11837,2020-10-28 12:09:00,271.39,271.39,271.13,271.26,0,0,30223
11838,2020-10-28 12:10:00,271.27,271.38,271.17,271.27,0,0,20702
11839,2020-10-28 12:11:00,271.26,271.39,271.15,271.21,0,0,16046
11840,2020-10-28 12:12:00,271.27,271.82,271.27,271.73,0,0,37951
11841,2020-10-28 12:13:00,271.79,271.88,271.51,271.67,0,0,20053
11842,2020-10-28 12:14:00,271.66,271.88,271.61,271.61,0,0,25924
11843,2020-10-28 12:15:00,271.62,271.81,271.62,271.8,0,0,15806
11844,2020-10-28 12:16:00,271.7,271.85,271.51,271.58,0,0,17448
11845,2020-10-28 12:17:00,271.55,271.64,271.37,271.5,0,0,28334
11846,2020-10-28 12:18:00,271.51,271.68,271.51,271.64,0,0,17856
11847,2020-10-28 12:19:00,271.66,271.72,271.52,271.69,0,0,14227
11848,2020-10-28 12:20:00,271.68,271.88,271.29,271.44,0,0,40101
11849,2020-10-28 12:21:00,271.45,271.74,271.43,271.43,0,0,24043
11850,2020-10-28 12:22:00,271.46,271.46,271.0,271.05,0,0,60266
11851,2020-10-28 12:23:00,271.11,271.33,271.05,271.08,0,0,23816
11852,2020-10-28 12:24:00,271.05,271.21,271.0,271.21,0,0,25695
11853,2020-10-28 12:25:00,271.22,271.36,270.95,271.04,0,0,55653
11854,2020-10-28 12:26:00,271.03,271.24,270.97,270.97,0,0,20875
11855,2020-10-28 12:27:00,271.02,271.16,270.9,270.91,0,0,26849
11856,2020-10-28 12:28:00,270.88,270.92,270.72,270.78,0,0,26760
11857,2020-10-28 12:29:00,270.73,270.84,270.63,270.84,0,0,26997
11858,2020-10-28 12:30:00,270.83,270.85,270.56,270.56,0,0,22139
11859,2020-10-28 12:31:00,270.53,270.88,270.45,270.79,0,0,50500
11860,2020-10-28 12:32:00,270.81,271.0,270.73,270.95,0,0,23811
11861,2020-10-28 12:33:00,270.98,271.1,270.9,271.0,0,0,20347
11862,2020-10-28 12:34:00,271.03,271.13,270.9,271.09,0,0,21333
11863,2020-10-28 12:35:00,271.14,271.47,271.08,271.44,0,0,42836
11864,2020-10-28 12:36:00,271.45,271.5,271.28,271.29,0,0,52582
11865,2020-10-28 12:37:00,271.23,271.28,270.95,271.05,0,0,30037
11866,2020-10-28 12:38:00,271.05,271.05,270.8,270.92,0,0,25478
11867,2020-10-28 12:39:00,270.81,271.07,270.81,270.85,0,0,17018
11868,2020-10-28 12:40:00,270.85,270.96,270.69,270.69,0,0,27363
11869,2020-10-28 12:41:00,270.65,270.93,270.62,270.8,0,0,44589
11870,2020-10-28 12:42:00,270.8,270.8,270.35,270.36,0,0,59658
11871,2020-10-28 12:43:00,270.35,270.42,270.2,270.36,0,0,43905
11872,2020-10-28 12:44:00,270.38,270.46,270.22,270.38,0,0,27121
11873,2020-10-28 12:45:00,270.34,270.34,270.18,270.29,0,0,38221
11874,2020-10-28 12:46:00,270.27,270.35,270.21,270.21,0,0,43917
11875,2020-10-28 12:47:00,270.2,270.33,270.17,270.19,0,0,50633
11876,2020-10-28 12:48:00,270.2,270.2,269.69,269.92,0,0,165026
11877,2020-10-28 12:49:00,269.93,270.05,269.67,269.77,0,0,45205
11878,2020-10-28 12:50:00,269.81,270.0,269.64,269.89,0,0,29796
11879,2020-10-28 12:51:00,269.85,269.87,269.6,269.71,0,0,18686
11880,2020-10-28 12:52:00,269.72,270.14,269.72,270.13,0,0,46370
11881,2020-10-28 12:53:00,270.1,270.48,270.1,270.47,0,0,44400
11882,2020-10-28 12:54:00,270.48,270.49,270.36,270.41,0,0,52494
11883,2020-10-28 12:55:00,270.41,270.44,270.14,270.2,0,0,29001
11884,2020-10-28 12:56:00,270.23,270.62,270.1,270.49,0,0,65791
11885,2020-10-28 12:57:00,270.45,270.74,270.36,270.46,0,0,37825
11886,2020-10-28 12:58:00,270.41,270.41,270.16,270.23,0,0,28511
11887,2020-10-28 12:59:00,270.24,270.24,270.07,270.16,0,0,20062
11888,2020-10-28 13:00:00,270.12,270.2,269.93,270.11,0,0,29000
11889,2020-10-28 13:01:00,270.13,270.31,269.82,269.9,0,0,42057
11890,2020-10-28 13:02:00,269.87,269.97,269.71,269.78,0,0,24264
11891,2020-10-28 13:03:00,269.81,270.01,269.8,269.9,0,0,19111
11892,2020-10-28 13:04:00,269.9,269.97,269.78,269.89,0,0,19396
11893,2020-10-28 13:05:00,269.87,269.96,269.71,269.92,0,0,25592
11894,2020-10-28 13:06:00,269.83,269.87,269.76,269.81,0,0,30280
11895,2020-10-28 13:07:00,269.84,269.88,269.7,269.74,0,0,24455
11896,2020-10-28 13:08:00,269.74,269.82,269.66,269.73,0,0,34485
11897,2020-10-28 13:09:00,269.7,269.86,269.2,269.84,0,0,92919
11898,2020-10-28 13:10:00,269.79,269.91,269.24,269.33,0,0,33417
11899,2020-10-28 13:11:00,269.32,269.69,269.32,269.59,0,0,23521
11900,2020-10-28 13:12:00,269.54,269.77,269.54,269.61,0,0,39654
11901,2020-10-28 13:13:00,269.63,269.84,269.57,269.67,0,0,21894
11902,2020-10-28 13:14:00,269.68,269.8,269.56,269.75,0,0,22289
11903,2020-10-28 13:15:00,269.73,269.78,269.16,269.18,0,0,57736
11904,2020-10-28 13:16:00,269.2,269.23,268.75,268.81,0,0,100348
11905,2020-10-28 13:17:00,268.79,268.9,268.57,268.83,0,0,65189
11906,2020-10-28 13:18:00,268.81,269.1,268.81,269.1,0,0,29594
11907,2020-10-28 13:19:00,269.1,269.2,268.9,269.15,0,0,40627
11908,2020-10-28 13:20:00,269.12,269.16,268.72,268.87,0,0,26770
11909,2020-10-28 13:21:00,268.86,268.93,268.72,268.9,0,0,15475
11910,2020-10-28 13:22:00,268.92,269.12,268.85,269.06,0,0,38985
11911,2020-10-28 13:23:00,269.1,269.14,269.03,269.03,0,0,20180
11912,2020-10-28 13:24:00,269.01,269.32,268.87,269.26,0,0,44867
11913,2020-10-28 13:25:00,269.17,269.49,269.17,269.45,0,0,35004
11914,2020-10-28 13:26:00,269.45,269.55,269.22,269.33,0,0,44166
11915,2020-10-28 13:27:00,269.33,269.46,269.3,269.33,0,0,28352
11916,2020-10-28 13:28:00,269.29,269.4,268.95,269.2,0,0,66758
11917,2020-10-28 13:29:00,269.1,269.5,268.99,269.5,0,0,43084
11918,2020-10-28 13:30:00,269.48,269.76,269.39,269.52,0,0,43427
11919,2020-10-28 13:31:00,269.5,269.51,269.29,269.47,0,0,34002
11920,2020-10-28 13:32:00,269.48,269.54,269.4,269.53,0,0,23412
11921,2020-10-28 13:33:00,269.55,269.76,269.48,269.54,0,0,27727
11922,2020-10-28 13:34:00,269.54,269.93,269.53,269.9,0,0,31458
11923,2020-10-28 13:35:00,269.91,270.36,269.85,270.34,0,0,47283
11924,2020-10-28 13:36:00,270.32,270.45,270.07,270.24,0,0,31109
11925,2020-10-28 13:37:00,270.2,270.3,270.18,270.22,0,0,24969
11926,2020-10-28 13:38:00,270.23,270.25,270.03,270.14,0,0,27074
11927,2020-10-28 13:39:00,270.13,270.19,269.9,270.11,0,0,28049
11928,2020-10-28 13:40:00,270.11,270.25,270.11,270.12,0,0,24119
11929,2020-10-28 13:41:00,270.12,270.17,269.71,269.84,0,0,37261
11930,2020-10-28 13:42:00,269.85,270.07,269.85,269.92,0,0,26113
11931,2020-10-28 13:43:00,269.96,269.99,269.89,269.93,0,0,11925
11932,2020-10-28 13:44:00,269.95,269.99,269.79,269.89,0,0,18124
11933,2020-10-28 13:45:00,269.92,270.16,269.89,270.03,0,0,28612
11934,2020-10-28 13:46:00,270.05,270.21,269.76,269.83,0,0,42414
11935,2020-10-28 13:47:00,269.8,269.92,269.36,269.45,0,0,34941
11936,2020-10-28 13:48:00,269.49,269.68,269.49,269.65,0,0,18767
11937,2020-10-28 13:49:00,269.67,270.11,269.67,269.79,0,0,30758
11938,2020-10-28 13:50:00,269.79,269.85,269.65,269.8,0,0,14944
11939,2020-10-28 13:51:00,269.79,269.88,269.58,269.72,0,0,16527
11940,2020-10-28 13:52:00,269.74,269.88,269.64,269.81,0,0,26921
11941,2020-10-28 13:53:00,269.8,269.84,269.66,269.69,0,0,16005
11942,2020-10-28 13:54:00,269.68,270.03,269.68,269.98,0,0,18697
11943,2020-10-28 13:55:00,269.96,270.1,269.85,270.08,0,0,25465
11944,2020-10-28 13:56:00,270.12,270.37,270.07,270.1,0,0,37844
11945,2020-10-28 13:57:00,270.11,270.49,270.0,270.01,0,0,20560
11946,2020-10-28 13:58:00,270.03,270.04,269.83,269.93,0,0,18912
11947,2020-10-28 13:59:00,269.96,270.11,269.84,270.06,0,0,17188
11948,2020-10-28 14:00:00,270.01,270.13,269.63,269.76,0,0,35594
11949,2020-10-28 14:01:00,269.75,269.79,269.17,269.35,0,0,33688
11950,2020-10-28 14:02:00,269.36,269.74,269.34,269.74,0,0,17048
11951,2020-10-28 14:03:00,269.74,269.81,269.6,269.75,0,0,20018
11952,2020-10-28 14:04:00,269.77,270.12,269.76,269.86,0,0,22786
11953,2020-10-28 14:05:00,269.82,269.89,269.71,269.84,0,0,26407
11954,2020-10-28 14:06:00,269.81,269.98,269.71,269.78,0,0,21574
11955,2020-10-28 14:07:00,269.8,270.25,269.8,270.14,0,0,29770
11956,2020-10-28 14:08:00,270.1,270.16,269.94,269.95,0,0,23994
11957,2020-10-28 14:09:00,269.92,270.01,269.81,269.81,0,0,29276
11958,2020-10-28 14:10:00,269.81,269.9,269.67,269.67,0,0,37523
11959,2020-10-28 14:11:00,269.69,269.85,269.52,269.59,0,0,37913
11960,2020-10-28 14:12:00,269.6,269.7,269.56,269.58,0,0,13730
11961,2020-10-28 14:13:00,269.59,269.62,269.4,269.4,0,0,39760
11962,2020-10-28 14:14:00,269.41,269.45,269.26,269.29,0,0,20495
11963,2020-10-28 14:15:00,269.25,269.35,269.2,269.28,0,0,49836
11964,2020-10-28 14:16:00,269.22,269.35,269.14,269.35,0,0,39904
11965,2020-10-28 14:17:00,269.34,269.34,269.16,269.2,0,0,33882
11966,2020-10-28 14:18:00,269.17,269.54,269.16,269.52,0,0,28998
11967,2020-10-28 14:19:00,269.53,269.53,269.26,269.27,0,0,30076
11968,2020-10-28 14:20:00,269.27,269.47,269.2,269.37,0,0,37359
11969,2020-10-28 14:21:00,269.37,269.49,269.31,269.49,0,0,38972
11970,2020-10-28 14:22:00,269.49,269.78,269.32,269.73,0,0,30432
11971,2020-10-28 14:23:00,269.73,269.81,269.6,269.7,0,0,23859
11972,2020-10-28 14:24:00,269.7,270.12,269.6,270.12,0,0,47797
11973,2020-10-28 14:25:00,270.14,270.14,269.94,270.1,0,0,25751
11974,2020-10-28 14:26:00,270.12,270.19,269.95,270.08,0,0,41917
11975,2020-10-28 14:27:00,270.11,270.19,270.03,270.1,0,0,27109
11976,2020-10-28 14:28:00,270.16,270.59,270.16,270.59,0,0,50016
11977,2020-10-28 14:29:00,270.57,270.65,270.43,270.63,0,0,44746
11978,2020-10-28 14:30:00,270.62,270.85,270.4,270.4,0,0,54420
11979,2020-10-28 14:31:00,270.38,270.41,270.21,270.31,0,0,26736
11980,2020-10-28 14:32:00,270.3,270.42,270.01,270.09,0,0,28300
11981,2020-10-28 14:33:00,270.07,270.1,269.71,269.71,0,0,26904
11982,2020-10-28 14:34:00,269.75,270.03,269.75,269.92,0,0,29433
11983,2020-10-28 14:35:00,269.95,270.05,269.56,269.57,0,0,39162
11984,2020-10-28 14:36:00,269.61,269.76,269.51,269.68,0,0,29508
11985,2020-10-28 14:37:00,269.7,269.75,269.32,269.39,0,0,26072
11986,2020-10-28 14:38:00,269.39,269.55,269.3,269.32,0,0,16766
11987,2020-10-28 14:39:00,269.31,269.46,269.27,269.41,0,0,23788
11988,2020-10-28 14:40:00,269.37,269.46,269.32,269.39,0,0,11468
11989,2020-10-28 14:41:00,269.39,269.39,269.2,269.33,0,0,24359
11990,2020-10-28 14:42:00,269.33,269.8,269.23,269.72,0,0,28860
11991,2020-10-28 14:43:00,269.7,269.79,269.5,269.66,0,0,33507
11992,2020-10-28 14:44:00,269.64,269.64,269.35,269.41,0,0,13450
11993,2020-10-28 14:45:00,269.39,269.4,269.15,269.35,0,0,25777
11994,2020-10-28 14:46:00,269.39,269.47,269.27,269.4,0,0,21865
11995,2020-10-28 14:47:00,269.4,269.4,269.14,269.28,0,0,18768
11996,2020-10-28 14:48:00,269.3,269.4,269.14,269.35,0,0,17817
11997,2020-10-28 14:49:00,269.3,269.3,269.06,269.12,0,0,21463
11998,2020-10-28 14:50:00,269.15,269.48,269.12,269.21,0,0,30469
11999,2020-10-28 14:51:00,269.2,269.28,268.86,268.98,0,0,55191
12000,2020-10-28 14:52:00,269.01,269.08,268.86,268.93,0,0,25560
12001,2020-10-28 14:53:00,268.95,269.1,268.86,268.91,0,0,24752
12002,2020-10-28 14:54:00,268.87,268.88,268.73,268.83,0,0,28091
12003,2020-10-28 14:55:00,268.86,269.0,268.75,268.97,0,0,24531
12004,2020-10-28 14:56:00,268.96,269.5,268.94,269.44,0,0,29295
12005,2020-10-28 14:57:00,269.44,270.25,269.39,270.22,0,0,47013
12006,2020-10-28 14:58:00,270.14,270.34,270.08,270.3,0,0,27835
12007,2020-10-28 14:59:00,270.31,270.32,270.13,270.26,0,0,43900
12008,2020-10-28 15:00:00,270.27,270.3,270.07,270.15,0,0,30345
12009,2020-10-28 15:01:00,270.15,270.2,269.9,269.92,0,0,34389
12010,2020-10-28 15:02:00,269.98,270.24,269.89,269.89,0,0,27454
12011,2020-10-28 15:03:00,269.89,270.06,269.67,269.73,0,0,25225
12012,2020-10-28 15:04:00,269.72,269.74,269.41,269.61,0,0,30924
12013,2020-10-28 15:05:00,269.54,269.6,269.31,269.55,0,0,22472
12014,2020-10-28 15:06:00,269.58,269.94,269.46,269.55,0,0,21256
12015,2020-10-28 15:07:00,269.57,269.63,269.51,269.6,0,0,12422
12016,2020-10-28 15:08:00,269.65,270.06,269.61,269.95,0,0,36149
12017,2020-10-28 15:09:00,269.86,270.04,269.74,269.89,0,0,18700
12018,2020-10-28 15:10:00,269.9,270.05,269.74,269.78,0,0,25683
12019,2020-10-28 15:11:00,269.72,269.83,269.56,269.62,0,0,18980
12020,2020-10-28 15:12:00,269.6,270.21,269.5,270.12,0,0,44977
12021,2020-10-28 15:13:00,270.17,270.17,269.85,269.89,0,0,27221
12022,2020-10-28 15:14:00,269.92,270.02,269.77,269.9,0,0,34765
12023,2020-10-28 15:15:00,269.87,269.87,269.51,269.71,0,0,30206
12024,2020-10-28 15:16:00,269.74,270.0,269.65,269.66,0,0,38156
12025,2020-10-28 15:17:00,269.65,269.9,269.59,269.77,0,0,35781
12026,2020-10-28 15:18:00,269.78,270.32,269.75,270.31,0,0,38175
12027,2020-10-28 15:19:00,270.28,270.37,270.0,270.19,0,0,33649
12028,2020-10-28 15:20:00,270.16,270.23,270.01,270.06,0,0,103056
12029,2020-10-28 15:21:00,270.01,270.67,269.98,270.66,0,0,47135
12030,2020-10-28 15:22:00,270.61,270.99,270.44,270.92,0,0,58953
12031,2020-10-28 15:23:00,270.89,270.99,270.68,270.99,0,0,38579
12032,2020-10-28 15:24:00,270.95,271.13,270.76,270.99,0,0,73223
12033,2020-10-28 15:25:00,270.96,271.03,270.71,271.03,0,0,40887
12034,2020-10-28 15:26:00,270.99,271.68,270.98,271.55,0,0,80142
12035,2020-10-28 15:27:00,271.52,271.67,271.35,271.39,0,0,55547
12036,2020-10-28 15:28:00,271.34,271.43,271.26,271.29,0,0,40872
12037,2020-10-28 15:29:00,271.26,271.34,271.03,271.14,0,0,39163
12038,2020-10-28 15:30:00,271.08,271.66,271.05,271.63,0,0,67165
12039,2020-10-28 15:31:00,271.67,271.88,271.6,271.63,0,0,51960
12040,2020-10-28 15:32:00,271.63,272.14,271.59,272.03,0,0,55294
12041,2020-10-28 15:33:00,272.04,272.21,271.88,272.2,0,0,56659
12042,2020-10-28 15:34:00,272.2,272.31,271.87,271.97,0,0,55171
12043,2020-10-28 15:35:00,271.96,272.02,271.37,271.39,0,0,82900
12044,2020-10-28 15:36:00,271.38,271.51,270.7,270.73,0,0,90746
12045,2020-10-28 15:37:00,270.73,270.81,270.37,270.47,0,0,54099
12046,2020-10-28 15:38:00,270.46,270.53,270.12,270.13,0,0,53544
12047,2020-10-28 15:39:00,270.1,270.27,269.96,270.09,0,0,58738
12048,2020-10-28 15:40:00,270.11,270.41,270.09,270.36,0,0,39090
12049,2020-10-28 15:41:00,270.4,270.4,270.08,270.19,0,0,45426
12050,2020-10-28 15:42:00,270.23,270.49,270.12,270.27,0,0,42706
12051,2020-10-28 15:43:00,270.24,270.24,269.8,270.08,0,0,69626
12052,2020-10-28 15:44:00,270.07,270.07,269.65,269.65,0,0,60717
12053,2020-10-28 15:45:00,269.72,269.8,269.4,269.69,0,0,77849
12054,2020-10-28 15:46:00,269.66,269.66,269.11,269.17,0,0,46490
12055,2020-10-28 15:47:00,269.14,269.25,268.63,268.66,0,0,87147
12056,2020-10-28 15:48:00,268.72,269.02,268.72,268.97,0,0,62013
12057,2020-10-28 15:49:00,268.94,269.3,268.83,269.19,0,0,91656
12058,2020-10-28 15:50:00,269.16,269.3,268.85,268.88,0,0,124476
12059,2020-10-28 15:51:00,268.88,269.24,268.82,268.86,0,0,60587
12060,2020-10-28 15:52:00,268.87,269.15,268.85,269.1,0,0,66158
12061,2020-10-28 15:53:00,269.12,269.57,269.05,269.05,0,0,120659
12062,2020-10-28 15:54:00,269.04,269.22,268.5,268.62,0,0,97498
12063,2020-10-28 15:55:00,268.62,268.71,268.0,268.07,0,0,138303
12064,2020-10-28 15:56:00,268.09,268.14,267.56,267.85,0,0,166198
12065,2020-10-28 15:57:00,267.85,268.07,267.6,267.69,0,0,147318
12066,2020-10-28 15:58:00,267.71,268.1,267.71,267.8,0,0,145121
12067,2020-10-28 15:59:00,267.82,268.1,267.26,267.55,0,0,479389
12068,2020-10-29 09:30:00,276.55,277.18,276.0,276.74,0,0,946221
12069,2020-10-29 09:31:00,276.74,276.94,275.51,275.55,0,0,168748
12070,2020-10-29 09:32:00,275.65,276.01,275.0,275.23,0,0,162199
12071,2020-10-29 09:33:00,274.93,275.28,274.93,275.16,0,0,107148
12072,2020-10-29 09:34:00,274.43,275.68,274.4,275.46,0,0,185597
12073,2020-10-29 09:35:00,276.18,276.44,275.68,275.71,0,0,191443
12074,2020-10-29 09:36:00,276.5,276.51,276.02,276.26,0,0,150852
12075,2020-10-29 09:37:00,276.17,276.17,275.71,275.91,0,0,132575
12076,2020-10-29 09:38:00,275.77,275.77,274.61,274.72,0,0,130052
12077,2020-10-29 09:39:00,274.5,274.59,274.42,274.59,0,0,119832
12078,2020-10-29 09:40:00,274.5,275.61,274.5,275.43,0,0,163557
12079,2020-10-29 09:41:00,275.12,275.12,274.72,274.81,0,0,91655
12080,2020-10-29 09:42:00,274.0,274.11,274.0,274.02,0,0,128346
12081,2020-10-29 09:43:00,274.0,274.4,273.98,274.4,0,0,116993
12082,2020-10-29 09:44:00,274.67,274.88,274.01,274.33,0,0,81756
12083,2020-10-29 09:45:00,274.04,274.62,273.97,274.62,0,0,95700
12084,2020-10-29 09:46:00,275.23,275.75,275.23,275.65,0,0,160039
12085,2020-10-29 09:47:00,275.75,276.28,275.67,276.24,0,0,125713
12086,2020-10-29 09:48:00,276.79,276.85,276.79,276.85,0,0,121255
12087,2020-10-29 09:49:00,276.75,276.87,275.75,275.99,0,0,99541
12088,2020-10-29 09:50:00,276.0,276.06,275.86,275.86,0,0,80370
12089,2020-10-29 09:51:00,276.12,276.61,275.95,276.61,0,0,83731
12090,2020-10-29 09:52:00,276.62,276.62,276.05,276.3,0,0,86598
12091,2020-10-29 09:53:00,277.0,277.23,276.99,277.11,0,0,166270
12092,2020-10-29 09:54:00,277.11,277.59,277.11,277.29,0,0,142706
12093,2020-10-29 09:55:00,278.0,278.2,278.0,278.1,0,0,127727
12094,2020-10-29 09:56:00,278.0,278.08,277.7,278.07,0,0,101376
12095,2020-10-29 09:57:00,278.22,278.35,278.1,278.35,0,0,97658
12096,2020-10-29 09:58:00,278.12,278.36,277.52,278.12,0,0,85420
12097,2020-10-29 09:59:00,277.93,278.3,277.59,277.7,0,0,122616
12098,2020-10-29 10:00:00,277.79,277.95,277.05,277.68,0,0,86082
12099,2020-10-29 10:01:00,277.6,278.0,277.4,277.42,0,0,51224
12100,2020-10-29 10:02:00,277.42,278.11,277.36,277.8,0,0,74234
12101,2020-10-29 10:03:00,277.84,278.35,277.78,278.35,0,0,71810
12102,2020-10-29 10:04:00,278.37,278.75,278.3,278.75,0,0,112869
12103,2020-10-29 10:05:00,278.76,279.27,278.09,279.22,0,0,116839
12104,2020-10-29 10:06:00,279.29,279.6,278.94,279.35,0,0,105498
12105,2020-10-29 10:07:00,279.3,279.53,279.11,279.21,0,0,72944
12106,2020-10-29 10:08:00,279.22,279.44,278.86,279.3,0,0,84740
12107,2020-10-29 10:09:00,279.3,279.44,279.07,279.3,0,0,85584
12108,2020-10-29 10:10:00,279.35,280.0,279.27,279.55,0,0,168622
12109,2020-10-29 10:11:00,279.54,279.55,279.09,279.14,0,0,92753
12110,2020-10-29 10:12:00,279.19,279.35,279.11,279.14,0,0,93152
12111,2020-10-29 10:13:00,279.15,279.45,279.11,279.25,0,0,93745
12112,2020-10-29 10:14:00,279.28,279.38,279.09,279.21,0,0,72510
12113,2020-10-29 10:15:00,279.22,279.46,278.82,278.96,0,0,103626
12114,2020-10-29 10:16:00,278.93,279.39,278.72,279.29,0,0,90366
12115,2020-10-29 10:17:00,279.2,279.91,279.03,279.45,0,0,96262
12116,2020-10-29 10:18:00,279.45,279.53,279.23,279.42,0,0,47371
12117,2020-10-29 10:19:00,279.38,279.43,279.04,279.29,0,0,45416
12118,2020-10-29 10:20:00,279.3,279.49,278.87,279.22,0,0,56139
12119,2020-10-29 10:21:00,279.15,279.45,278.81,278.92,0,0,54854
12120,2020-10-29 10:22:00,278.87,279.75,278.81,279.45,0,0,70543
12121,2020-10-29 10:23:00,279.46,279.99,279.32,279.66,0,0,53892
12122,2020-10-29 10:24:00,279.65,279.82,279.25,279.43,0,0,48625
12123,2020-10-29 10:25:00,279.4,279.64,279.39,279.42,0,0,25980
12124,2020-10-29 10:26:00,279.49,279.54,279.19,279.26,0,0,35273
12125,2020-10-29 10:27:00,279.26,279.46,279.21,279.33,0,0,31479
12126,2020-10-29 10:28:00,279.33,279.8,279.29,279.8,0,0,84639
12127,2020-10-29 10:29:00,279.73,279.91,279.4,279.51,0,0,51756
12128,2020-10-29 10:30:00,279.53,279.6,279.23,279.39,0,0,70220
12129,2020-10-29 10:31:00,279.37,279.37,278.86,279.07,0,0,62243
12130,2020-10-29 10:32:00,279.08,279.5,278.92,279.18,0,0,80032
12131,2020-10-29 10:33:00,279.18,279.21,278.41,278.63,0,0,99858
12132,2020-10-29 10:34:00,278.5,278.77,278.3,278.73,0,0,45125
12133,2020-10-29 10:35:00,278.73,278.78,278.1,278.23,0,0,51545
12134,2020-10-29 10:36:00,278.29,278.5,278.15,278.4,0,0,46997
12135,2020-10-29 10:37:00,278.47,278.72,278.43,278.63,0,0,51646
12136,2020-10-29 10:38:00,278.65,278.74,278.29,278.56,0,0,51356
12137,2020-10-29 10:39:00,278.53,278.85,278.52,278.85,0,0,71688
12138,2020-10-29 10:40:00,278.8,279.37,278.8,279.31,0,0,97541
12139,2020-10-29 10:41:00,279.24,279.33,278.83,278.85,0,0,52453
12140,2020-10-29 10:42:00,278.86,279.06,278.74,278.99,0,0,31290
12141,2020-10-29 10:43:00,278.92,279.2,278.82,279.14,0,0,37183
12142,2020-10-29 10:44:00,279.08,279.24,278.98,279.19,0,0,29849
12143,2020-10-29 10:45:00,279.23,279.56,279.15,279.37,0,0,72775
12144,2020-10-29 10:46:00,279.3,279.3,278.88,278.95,0,0,53457
12145,2020-10-29 10:47:00,278.86,278.98,278.72,278.98,0,0,47219
12146,2020-10-29 10:48:00,279.0,279.37,279.0,279.14,0,0,54006
12147,2020-10-29 10:49:00,279.13,279.14,278.9,278.91,0,0,74123
12148,2020-10-29 10:50:00,278.96,279.0,278.6,278.79,0,0,76897
12149,2020-10-29 10:51:00,278.78,278.94,278.73,278.81,0,0,34401
12150,2020-10-29 10:52:00,278.81,279.1,278.8,278.89,0,0,33113
12151,2020-10-29 10:53:00,278.88,279.5,278.83,279.42,0,0,205251
12152,2020-10-29 10:54:00,279.39,279.73,279.28,279.63,0,0,43307
12153,2020-10-29 10:55:00,279.62,280.32,279.62,280.13,0,0,174592
12154,2020-10-29 10:56:00,280.05,280.34,280.0,280.26,0,0,73284
12155,2020-10-29 10:57:00,280.29,280.65,280.26,280.53,0,0,101195
12156,2020-10-29 10:58:00,280.53,280.62,280.22,280.3,0,0,62859
12157,2020-10-29 10:59:00,280.29,280.37,280.12,280.33,0,0,35775
12158,2020-10-29 11:00:00,280.37,280.55,280.12,280.21,0,0,77609
12159,2020-10-29 11:01:00,280.24,280.32,279.66,279.97,0,0,64921
12160,2020-10-29 11:02:00,279.96,280.34,279.94,280.32,0,0,51817
12161,2020-10-29 11:03:00,280.32,280.64,280.26,280.39,0,0,74198
12162,2020-10-29 11:04:00,280.45,280.67,280.15,280.39,0,0,63410
12163,2020-10-29 11:05:00,280.41,280.53,280.09,280.15,0,0,52715
12164,2020-10-29 11:06:00,280.16,280.22,279.95,280.17,0,0,58835
12165,2020-10-29 11:07:00,280.19,280.25,279.95,280.14,0,0,29649
12166,2020-10-29 11:08:00,280.21,280.72,280.12,280.65,0,0,55851
12167,2020-10-29 11:09:00,280.68,281.14,280.64,280.98,0,0,126243
12168,2020-10-29 11:10:00,281.0,281.3,280.82,281.18,0,0,93145
12169,2020-10-29 11:11:00,281.22,281.48,281.0,281.45,0,0,77443
12170,2020-10-29 11:12:00,281.45,281.7,281.35,281.62,0,0,74343
12171,2020-10-29 11:13:00,281.58,281.89,281.45,281.87,0,0,80866
12172,2020-10-29 11:14:00,281.89,282.11,281.83,282.0,0,0,84178
12173,2020-10-29 11:15:00,282.01,282.42,281.92,282.12,0,0,104984
12174,2020-10-29 11:16:00,282.12,282.19,282.0,282.1,0,0,89969
12175,2020-10-29 11:17:00,282.09,282.51,282.09,282.44,0,0,77176
12176,2020-10-29 11:18:00,282.42,282.67,282.11,282.67,0,0,66375
12177,2020-10-29 11:19:00,282.69,282.7,282.46,282.62,0,0,66533
12178,2020-10-29 11:20:00,282.58,282.85,282.49,282.85,0,0,91873
12179,2020-10-29 11:21:00,282.83,282.9,282.55,282.84,0,0,65307
12180,2020-10-29 11:22:00,282.81,282.99,282.75,282.98,0,0,60977
12181,2020-10-29 11:23:00,282.96,283.0,282.33,282.47,0,0,106841
12182,2020-10-29 11:24:00,282.43,282.78,282.39,282.65,0,0,51264
12183,2020-10-29 11:25:00,282.65,282.81,282.44,282.64,0,0,56887
12184,2020-10-29 11:26:00,282.64,282.94,282.6,282.88,0,0,60612
12185,2020-10-29 11:27:00,282.92,283.12,282.64,283.1,0,0,62165
12186,2020-10-29 11:28:00,283.1,283.21,282.86,283.15,0,0,64260
12187,2020-10-29 11:29:00,283.17,283.43,282.88,282.93,0,0,101806
12188,2020-10-29 11:30:00,282.89,283.19,282.33,282.41,0,0,92689
12189,2020-10-29 11:31:00,282.41,282.5,282.12,282.36,0,0,75857
12190,2020-10-29 11:32:00,282.39,282.5,282.22,282.37,0,0,43302
12191,2020-10-29 11:33:00,282.38,282.38,282.02,282.14,0,0,85986
12192,2020-10-29 11:34:00,282.05,282.43,282.01,282.24,0,0,55975
12193,2020-10-29 11:35:00,282.23,282.35,281.73,281.81,0,0,70197
12194,2020-10-29 11:36:00,281.87,281.96,281.57,281.67,0,0,45628
12195,2020-10-29 11:37:00,281.65,281.79,281.54,281.73,0,0,51787
12196,2020-10-29 11:38:00,281.71,282.07,281.71,282.02,0,0,45340
12197,2020-10-29 11:39:00,282.04,282.5,281.82,282.44,0,0,49973
12198,2020-10-29 11:40:00,282.39,282.95,282.36,282.74,0,0,73199
12199,2020-10-29 11:41:00,282.72,282.75,282.05,282.2,0,0,46159
12200,2020-10-29 11:42:00,282.2,282.2,281.53,281.69,0,0,31980
12201,2020-10-29 11:43:00,281.72,281.76,281.18,281.3,0,0,51186
12202,2020-10-29 11:44:00,281.26,281.52,281.21,281.34,0,0,35538
12203,2020-10-29 11:45:00,281.32,281.32,280.91,281.18,0,0,58570
12204,2020-10-29 11:46:00,281.21,281.27,281.03,281.12,0,0,57414
12205,2020-10-29 11:47:00,281.13,281.43,281.07,281.37,0,0,43117
12206,2020-10-29 11:48:00,281.38,281.43,281.07,281.17,0,0,56359
12207,2020-10-29 11:49:00,281.22,281.4,281.1,281.26,0,0,28933
12208,2020-10-29 11:50:00,281.2,281.4,280.93,281.29,0,0,38664
12209,2020-10-29 11:51:00,281.27,281.28,280.81,280.83,0,0,45986
12210,2020-10-29 11:52:00,280.82,281.25,280.82,280.96,0,0,44851
12211,2020-10-29 11:53:00,280.95,281.1,280.67,281.02,0,0,50514
12212,2020-10-29 11:54:00,281.03,281.49,280.96,281.39,0,0,54043
12213,2020-10-29 11:55:00,281.4,281.98,281.39,281.9,0,0,70823
12214,2020-10-29 11:56:00,281.87,282.2,281.86,282.19,0,0,67713
12215,2020-10-29 11:57:00,282.15,282.36,280.92,281.22,0,0,76806
12216,2020-10-29 11:58:00,281.22,281.35,280.73,281.3,0,0,54034
12217,2020-10-29 11:59:00,281.3,281.45,281.11,281.45,0,0,36445
12218,2020-10-29 12:00:00,281.43,281.95,281.43,281.9,0,0,51494
12219,2020-10-29 12:01:00,281.91,282.03,281.65,281.85,0,0,35638
12220,2020-10-29 12:02:00,281.9,282.12,281.74,282.1,0,0,37931
12221,2020-10-29 12:03:00,282.1,282.13,281.75,281.75,0,0,24951
12222,2020-10-29 12:04:00,281.77,281.81,281.15,281.19,0,0,46379
12223,2020-10-29 12:05:00,281.16,281.62,281.16,281.43,0,0,29186
12224,2020-10-29 12:06:00,281.43,281.46,281.13,281.2,0,0,21675
12225,2020-10-29 12:07:00,281.16,281.75,281.16,281.62,0,0,23686
12226,2020-10-29 12:08:00,281.58,281.74,281.39,281.57,0,0,33003
12227,2020-10-29 12:09:00,281.65,281.67,281.42,281.55,0,0,22373
12228,2020-10-29 12:10:00,281.54,281.55,281.26,281.31,0,0,40097
12229,2020-10-29 12:11:00,281.28,281.5,281.11,281.42,0,0,56022
12230,2020-10-29 12:12:00,281.42,281.69,281.41,281.55,0,0,11182
12231,2020-10-29 12:13:00,281.9,281.99,281.85,281.88,0,0,56877
12232,2020-10-29 12:14:00,281.83,282.04,281.74,282.04,0,0,57286
12233,2020-10-29 12:15:00,282.0,282.34,281.91,282.34,0,0,47553
12234,2020-10-29 12:16:00,282.3,282.38,282.2,282.28,0,0,23996
12235,2020-10-29 12:17:00,282.25,282.26,281.96,282.09,0,0,28120
12236,2020-10-29 12:18:00,282.06,282.47,282.05,282.35,0,0,32630
12237,2020-10-29 12:19:00,282.29,282.43,282.25,282.32,0,0,16597
12238,2020-10-29 12:20:00,282.32,282.46,282.05,282.21,0,0,35175
12239,2020-10-29 12:21:00,282.2,282.32,282.1,282.15,0,0,21885
12240,2020-10-29 12:22:00,282.15,282.3,281.9,282.0,0,0,28179
12241,2020-10-29 12:23:00,282.03,282.15,281.94,281.95,0,0,24398
12242,2020-10-29 12:24:00,282.01,282.1,281.63,281.79,0,0,29521
12243,2020-10-29 12:25:00,281.78,281.85,281.73,281.76,0,0,25116
12244,2020-10-29 12:26:00,281.75,281.94,281.37,281.41,0,0,34966
12245,2020-10-29 12:27:00,281.42,281.78,281.37,281.74,0,0,27691
12246,2020-10-29 12:28:00,281.74,281.9,281.57,281.63,0,0,37764
12247,2020-10-29 12:29:00,281.64,281.7,281.23,281.36,0,0,31826
12248,2020-10-29 12:30:00,281.34,281.58,281.34,281.41,0,0,31594
12249,2020-10-29 12:31:00,281.41,281.45,281.29,281.4,0,0,28740
12250,2020-10-29 12:32:00,281.41,281.73,281.41,281.52,0,0,24211
12251,2020-10-29 12:33:00,281.44,281.58,281.29,281.46,0,0,17109
12252,2020-10-29 12:34:00,281.53,281.58,281.41,281.54,0,0,11977
12253,2020-10-29 12:35:00,281.54,281.56,281.38,281.49,0,0,16916
12254,2020-10-29 12:36:00,281.49,281.8,281.49,281.71,0,0,27824
12255,2020-10-29 12:37:00,281.71,282.16,281.71,282.07,0,0,35887
12256,2020-10-29 12:38:00,282.04,282.04,281.82,281.82,0,0,25206
12257,2020-10-29 12:39:00,281.83,282.19,281.73,282.13,0,0,69179
12258,2020-10-29 12:40:00,282.1,282.29,282.1,282.17,0,0,27249
12259,2020-10-29 12:41:00,282.14,282.23,282.08,282.1,0,0,24488
12260,2020-10-29 12:42:00,282.07,282.36,282.03,282.29,0,0,29617
12261,2020-10-29 12:43:00,282.31,282.43,282.21,282.26,0,0,40932
12262,2020-10-29 12:44:00,282.24,282.28,281.8,281.86,0,0,28714
12263,2020-10-29 12:45:00,281.91,282.0,281.75,281.81,0,0,17209
12264,2020-10-29 12:46:00,281.79,281.88,281.45,281.64,0,0,32478
12265,2020-10-29 12:47:00,281.68,281.9,281.57,281.8,0,0,23031
12266,2020-10-29 12:48:00,281.81,282.1,281.76,282.1,0,0,18607
12267,2020-10-29 12:49:00,282.08,282.33,282.0,282.33,0,0,24740
12268,2020-10-29 12:50:00,282.37,282.45,282.21,282.29,0,0,34586
12269,2020-10-29 12:51:00,282.29,282.29,281.8,282.07,0,0,28402
12270,2020-10-29 12:52:00,282.06,282.25,281.87,282.15,0,0,18082
12271,2020-10-29 12:53:00,282.18,282.23,281.93,282.05,0,0,24266
12272,2020-10-29 12:54:00,282.11,282.15,281.97,282.08,0,0,30325
12273,2020-10-29 12:55:00,282.02,282.05,281.77,281.97,0,0,31612
12274,2020-10-29 12:56:00,282.0,282.19,281.94,282.11,0,0,36028
12275,2020-10-29 12:57:00,282.04,282.08,281.99,281.99,0,0,19956
12276,2020-10-29 12:58:00,281.98,282.28,281.98,282.26,0,0,22420
12277,2020-10-29 12:59:00,282.24,282.32,282.08,282.16,0,0,21257
12278,2020-10-29 13:00:00,282.2,282.45,282.18,282.39,0,0,34822
12279,2020-10-29 13:01:00,282.42,282.87,282.42,282.8,0,0,59031
12280,2020-10-29 13:02:00,282.83,282.83,282.68,282.71,0,0,29688
12281,2020-10-29 13:03:00,282.69,282.73,282.5,282.6,0,0,47325
12282,2020-10-29 13:04:00,282.59,282.6,282.4,282.51,0,0,37093
12283,2020-10-29 13:05:00,282.53,282.65,282.42,282.61,0,0,27340
12284,2020-10-29 13:06:00,282.6,282.79,282.59,282.69,0,0,24498
12285,2020-10-29 13:07:00,282.68,282.76,282.21,282.47,0,0,39922
12286,2020-10-29 13:08:00,282.45,282.53,281.94,282.04,0,0,51266
12287,2020-10-29 13:09:00,282.06,282.15,281.8,281.9,0,0,28724
12288,2020-10-29 13:10:00,281.91,282.06,281.79,281.84,0,0,24763
12289,2020-10-29 13:11:00,281.87,282.1,281.87,281.96,0,0,26539
12290,2020-10-29 13:12:00,282.01,282.08,281.79,281.95,0,0,39116
12291,2020-10-29 13:13:00,282.02,282.3,282.0,282.04,0,0,50788
12292,2020-10-29 13:14:00,282.08,282.17,281.58,281.61,0,0,50877
12293,2020-10-29 13:15:00,281.61,281.65,281.4,281.47,0,0,53537
12294,2020-10-29 13:16:00,281.46,281.52,281.02,281.28,0,0,71055
12295,2020-10-29 13:17:00,281.3,281.55,281.27,281.46,0,0,60454
12296,2020-10-29 13:18:00,281.52,281.52,281.2,281.4,0,0,29910
12297,2020-10-29 13:19:00,281.41,281.41,281.16,281.18,0,0,26587
12298,2020-10-29 13:20:00,281.18,281.4,281.17,281.29,0,0,41784
12299,2020-10-29 13:21:00,281.29,281.46,281.25,281.43,0,0,33093
12300,2020-10-29 13:22:00,281.42,281.53,281.27,281.44,0,0,49074
12301,2020-10-29 13:23:00,281.39,281.55,281.3,281.5,0,0,32936
12302,2020-10-29 13:24:00,281.52,281.63,281.43,281.48,0,0,33627
12303,2020-10-29 13:25:00,281.53,281.53,281.19,281.23,0,0,46360
12304,2020-10-29 13:26:00,281.21,281.24,281.05,281.14,0,0,32007
12305,2020-10-29 13:27:00,281.18,281.45,281.17,281.4,0,0,27348
12306,2020-10-29 13:28:00,281.4,281.59,281.29,281.47,0,0,31664
12307,2020-10-29 13:29:00,281.5,281.71,281.47,281.53,0,0,39303
12308,2020-10-29 13:30:00,281.53,281.77,281.48,281.68,0,0,45837
12309,2020-10-29 13:31:00,281.68,281.7,281.5,281.6,0,0,41794
12310,2020-10-29 13:32:00,281.58,281.63,281.45,281.49,0,0,39115
12311,2020-10-29 13:33:00,281.49,281.65,281.49,281.63,0,0,25652
12312,2020-10-29 13:34:00,281.67,281.9,281.63,281.87,0,0,35990
12313,2020-10-29 13:35:00,281.89,282.09,281.89,281.92,0,0,64580
12314,2020-10-29 13:36:00,281.92,281.94,281.63,281.7,0,0,42875
12315,2020-10-29 13:37:00,281.68,281.7,281.39,281.43,0,0,46426
12316,2020-10-29 13:38:00,281.46,281.47,281.28,281.31,0,0,43791
12317,2020-10-29 13:39:00,281.31,281.35,281.2,281.29,0,0,38002
12318,2020-10-29 13:40:00,281.3,281.36,281.24,281.34,0,0,42316
12319,2020-10-29 13:41:00,281.34,281.48,281.21,281.47,0,0,43455
12320,2020-10-29 13:42:00,281.45,281.48,281.32,281.45,0,0,43411
12321,2020-10-29 13:43:00,281.42,281.48,281.24,281.3,0,0,24396
12322,2020-10-29 13:44:00,281.24,281.24,280.84,280.84,0,0,65588
12323,2020-10-29 13:45:00,280.85,281.03,280.81,280.89,0,0,59082
12324,2020-10-29 13:46:00,280.92,281.03,280.85,280.86,0,0,38112
12325,2020-10-29 13:47:00,280.88,280.9,280.38,280.47,0,0,63710
12326,2020-10-29 13:48:00,280.46,280.49,280.25,280.35,0,0,40205
12327,2020-10-29 13:49:00,280.34,280.41,280.13,280.3,0,0,53072
12328,2020-10-29 13:50:00,280.27,280.44,280.19,280.44,0,0,61021
12329,2020-10-29 13:51:00,280.44,280.68,280.38,280.56,0,0,64757
12330,2020-10-29 13:52:00,280.58,280.63,280.49,280.57,0,0,39348
12331,2020-10-29 13:53:00,280.58,280.67,280.5,280.54,0,0,32995
12332,2020-10-29 13:54:00,280.54,280.79,280.34,280.75,0,0,58336
12333,2020-10-29 13:55:00,280.72,280.95,280.71,280.93,0,0,29211
12334,2020-10-29 13:56:00,280.92,281.16,280.85,281.14,0,0,56820
12335,2020-10-29 13:57:00,281.21,281.5,281.17,281.46,0,0,37548
12336,2020-10-29 13:58:00,281.49,281.52,281.22,281.38,0,0,39106
12337,2020-10-29 13:59:00,281.4,281.41,281.22,281.39,0,0,24519
12338,2020-10-29 14:00:00,281.36,282.28,281.33,282.17,0,0,63978
12339,2020-10-29 14:01:00,282.11,282.35,282.07,282.3,0,0,45282
12340,2020-10-29 14:02:00,282.33,282.33,282.13,282.3,0,0,28025
12341,2020-10-29 14:03:00,282.27,282.29,281.89,281.9,0,0,37784
12342,2020-10-29 14:04:00,281.91,282.27,281.91,282.14,0,0,32019
12343,2020-10-29 14:05:00,282.2,282.29,282.0,282.23,0,0,50458
12344,2020-10-29 14:06:00,282.26,282.26,282.02,282.14,0,0,23391
12345,2020-10-29 14:07:00,282.15,282.19,281.84,281.87,0,0,36233
12346,2020-10-29 14:08:00,281.87,281.96,281.38,281.76,0,0,58898
12347,2020-10-29 14:09:00,281.75,281.75,281.11,281.17,0,0,52328
12348,2020-10-29 14:10:00,281.2,281.27,281.06,281.1,0,0,44617
12349,2020-10-29 14:11:00,281.13,281.27,280.88,281.17,0,0,56844
12350,2020-10-29 14:12:00,281.18,281.25,280.88,280.93,0,0,35345
12351,2020-10-29 14:13:00,280.88,281.16,280.88,281.15,0,0,41614
12352,2020-10-29 14:14:00,281.15,281.24,281.03,281.12,0,0,32471
12353,2020-10-29 14:15:00,281.23,281.31,281.1,281.15,0,0,39988
12354,2020-10-29 14:16:00,281.18,281.29,281.1,281.26,0,0,38556
12355,2020-10-29 14:17:00,281.27,281.48,281.2,281.45,0,0,42235
12356,2020-10-29 14:18:00,281.44,281.68,281.41,281.61,0,0,47217
12357,2020-10-29 14:19:00,281.66,281.76,281.55,281.76,0,0,36598
12358,2020-10-29 14:20:00,281.75,281.96,281.64,281.88,0,0,30980
12359,2020-10-29 14:21:00,281.9,282.17,281.89,282.16,0,0,54655
12360,2020-10-29 14:22:00,282.13,282.37,282.13,282.3,0,0,49990
12361,2020-10-29 14:23:00,282.3,282.3,282.05,282.26,0,0,54369
12362,2020-10-29 14:24:00,282.26,282.61,282.23,282.54,0,0,91119
12363,2020-10-29 14:25:00,282.5,282.73,282.5,282.65,0,0,57125
12364,2020-10-29 14:26:00,282.64,282.75,282.55,282.71,0,0,73856
12365,2020-10-29 14:27:00,282.7,282.96,282.67,282.89,0,0,58977
12366,2020-10-29 14:28:00,282.91,282.98,282.7,282.73,0,0,66174
12367,2020-10-29 14:29:00,282.73,283.14,282.72,283.02,0,0,101018
12368,2020-10-29 14:30:00,283.04,283.09,282.61,282.8,0,0,49575
12369,2020-10-29 14:31:00,282.79,283.28,282.78,283.11,0,0,47906
12370,2020-10-29 14:32:00,283.11,283.25,283.07,283.19,0,0,44915
12371,2020-10-29 14:33:00,283.18,283.26,283.0,283.07,0,0,40112
12372,2020-10-29 14:34:00,283.07,283.57,283.07,283.57,0,0,109090
12373,2020-10-29 14:35:00,283.57,283.6,283.16,283.29,0,0,52233
12374,2020-10-29 14:36:00,283.32,283.42,283.18,283.31,0,0,31266
12375,2020-10-29 14:37:00,283.32,283.4,282.89,282.89,0,0,55456
12376,2020-10-29 14:38:00,282.93,282.97,282.66,282.71,0,0,54461
12377,2020-10-29 14:39:00,282.7,282.73,282.35,282.59,0,0,55317
12378,2020-10-29 14:40:00,282.62,282.8,282.6,282.74,0,0,42874
12379,2020-10-29 14:41:00,282.72,282.9,282.65,282.87,0,0,28674
12380,2020-10-29 14:42:00,282.9,282.98,282.74,282.79,0,0,30508
12381,2020-10-29 14:43:00,282.82,282.82,282.49,282.63,0,0,27167
12382,2020-10-29 14:44:00,282.64,283.34,282.61,283.0,0,0,80757
12383,2020-10-29 14:45:00,282.94,283.28,282.88,282.99,0,0,39432
12384,2020-10-29 14:46:00,282.98,283.06,282.53,282.67,0,0,45216
12385,2020-10-29 14:47:00,282.71,283.03,282.71,282.99,0,0,18766
12386,2020-10-29 14:48:00,282.98,283.11,282.92,282.97,0,0,18083
12387,2020-10-29 14:49:00,282.98,283.07,282.78,282.8,0,0,30898
12388,2020-10-29 14:50:00,282.79,282.88,282.56,282.59,0,0,36653
12389,2020-10-29 14:51:00,282.68,282.68,282.2,282.4,0,0,42703
12390,2020-10-29 14:52:00,282.4,282.4,281.94,282.01,0,0,70230
12391,2020-10-29 14:53:00,282.06,282.19,281.89,282.17,0,0,41516
12392,2020-10-29 14:54:00,282.15,282.58,281.89,282.58,0,0,37301
12393,2020-10-29 14:55:00,282.55,283.06,282.53,282.91,0,0,50143
12394,2020-10-29 14:56:00,282.9,283.15,282.88,283.1,0,0,44027
12395,2020-10-29 14:57:00,283.09,283.15,282.94,283.13,0,0,45130
12396,2020-10-29 14:58:00,283.11,283.15,282.67,282.67,0,0,43025
12397,2020-10-29 14:59:00,282.65,282.71,282.46,282.66,0,0,33630
12398,2020-10-29 15:00:00,282.7,282.89,282.43,282.57,0,0,32066
12399,2020-10-29 15:01:00,282.6,282.78,282.56,282.72,0,0,41180
12400,2020-10-29 15:02:00,282.86,283.1,282.8,282.83,0,0,69666
12401,2020-10-29 15:03:00,282.8,282.98,282.63,282.77,0,0,48099
12402,2020-10-29 15:04:00,282.79,283.07,282.76,282.94,0,0,43609
12403,2020-10-29 15:05:00,282.9,283.02,282.67,282.86,0,0,88873
12404,2020-10-29 15:06:00,282.8,282.94,282.6,282.73,0,0,54152
12405,2020-10-29 15:07:00,282.75,282.78,282.41,282.41,0,0,33836
12406,2020-10-29 15:08:00,282.4,282.6,282.35,282.45,0,0,43378
12407,2020-10-29 15:09:00,282.48,282.48,281.83,282.05,0,0,54705
12408,2020-10-29 15:10:00,282.06,282.18,281.86,281.98,0,0,38388
12409,2020-10-29 15:11:00,281.98,282.2,281.66,281.74,0,0,63118
12410,2020-10-29 15:12:00,281.71,281.93,281.61,281.75,0,0,79504
12411,2020-10-29 15:13:00,281.77,281.84,281.41,281.51,0,0,101244
12412,2020-10-29 15:14:00,281.48,281.48,280.9,281.12,0,0,85130
12413,2020-10-29 15:15:00,281.12,281.17,280.76,280.91,0,0,68259
12414,2020-10-29 15:16:00,280.92,281.09,280.73,280.79,0,0,56959
12415,2020-10-29 15:17:00,280.78,280.99,280.57,280.61,0,0,176430
12416,2020-10-29 15:18:00,280.61,280.84,280.58,280.75,0,0,44725
12417,2020-10-29 15:19:00,280.75,281.11,280.75,281.0,0,0,81832
12418,2020-10-29 15:20:00,280.92,281.23,280.87,281.0,0,0,63903
12419,2020-10-29 15:21:00,281.02,281.14,280.93,281.01,0,0,55360
12420,2020-10-29 15:22:00,281.04,281.08,280.86,280.92,0,0,42424
12421,2020-10-29 15:23:00,280.9,281.0,280.74,280.95,0,0,46181
12422,2020-10-29 15:24:00,280.94,281.09,280.92,281.06,0,0,42711
12423,2020-10-29 15:25:00,281.06,281.06,280.85,280.94,0,0,33010
12424,2020-10-29 15:26:00,280.97,281.32,280.96,281.23,0,0,60675
12425,2020-10-29 15:27:00,281.26,281.5,281.18,281.24,0,0,71590
12426,2020-10-29 15:28:00,281.23,281.26,280.81,280.85,0,0,65776
12427,2020-10-29 15:29:00,280.85,280.96,280.65,280.96,0,0,60255
12428,2020-10-29 15:30:00,280.96,281.0,280.65,280.78,0,0,56356
12429,2020-10-29 15:31:00,280.73,281.12,280.72,280.84,0,0,62266
12430,2020-10-29 15:32:00,280.83,280.9,280.65,280.8,0,0,50427
12431,2020-10-29 15:33:00,280.84,280.91,280.56,280.68,0,0,49363
12432,2020-10-29 15:34:00,280.75,280.75,280.52,280.58,0,0,52766
12433,2020-10-29 15:35:00,280.6,280.69,280.46,280.46,0,0,63168
12434,2020-10-29 15:36:00,280.48,280.48,280.25,280.37,0,0,82699
12435,2020-10-29 15:37:00,280.37,280.44,280.12,280.12,0,0,85817
12436,2020-10-29 15:38:00,280.12,280.17,279.91,280.04,0,0,142720
12437,2020-10-29 15:39:00,280.0,280.44,279.69,280.26,0,0,106727
12438,2020-10-29 15:40:00,280.23,280.9,280.14,280.7,0,0,107000
12439,2020-10-29 15:41:00,280.67,281.09,280.64,280.98,0,0,84234
12440,2020-10-29 15:42:00,280.97,281.46,280.94,281.2,0,0,88554
12441,2020-10-29 15:43:00,281.2,281.42,281.14,281.27,0,0,51204
12442,2020-10-29 15:44:00,281.28,281.57,281.25,281.3,0,0,78145
12443,2020-10-29 15:45:00,281.35,281.58,281.15,281.38,0,0,72644
12444,2020-10-29 15:46:00,281.42,282.0,281.42,281.85,0,0,118253
12445,2020-10-29 15:47:00,281.85,282.38,281.82,282.38,0,0,113720
12446,2020-10-29 15:48:00,282.38,282.59,282.04,282.59,0,0,110446
12447,2020-10-29 15:49:00,282.57,282.6,282.3,282.51,0,0,97466
12448,2020-10-29 15:50:00,282.5,282.67,281.9,282.01,0,0,169245
12449,2020-10-29 15:51:00,282.01,282.14,281.82,282.0,0,0,114402
12450,2020-10-29 15:52:00,282.04,282.4,282.02,282.4,0,0,108364
12451,2020-10-29 15:53:00,282.4,282.68,282.33,282.47,0,0,136797
12452,2020-10-29 15:54:00,282.47,282.48,282.02,282.09,0,0,90676
12453,2020-10-29 15:55:00,282.09,282.09,281.46,281.58,0,0,140866
12454,2020-10-29 15:56:00,281.54,281.56,281.06,281.1,0,0,151069
12455,2020-10-29 15:57:00,281.12,281.85,281.1,281.83,0,0,204625
12456,2020-10-29 15:58:00,281.83,282.3,281.83,282.01,0,0,233385
12457,2020-10-29 15:59:00,282.01,282.01,279.82,279.82,0,0,370731
12458,2020-10-30 09:30:00,274.5,276.7,274.0,275.11,0,0,1694727
12459,2020-10-30 09:31:00,275.07,275.97,274.51,274.98,0,0,217071
12460,2020-10-30 09:32:00,274.82,275.02,273.5,274.2,0,0,206467
12461,2020-10-30 09:33:00,274.2,274.48,272.92,273.91,0,0,242431
12462,2020-10-30 09:34:00,272.5,272.57,272.5,272.55,0,0,267831
12463,2020-10-30 09:35:00,272.25,273.2,272.08,273.11,0,0,248504
12464,2020-10-30 09:36:00,273.0,273.52,272.95,273.32,0,0,204014
12465,2020-10-30 09:37:00,273.58,274.05,273.16,273.55,0,0,249159
12466,2020-10-30 09:38:00,273.43,274.5,273.36,274.33,0,0,226061
12467,2020-10-30 09:39:00,274.25,274.5,273.86,274.19,0,0,164276
12468,2020-10-30 09:40:00,272.51,272.74,272.33,272.62,0,0,163669
12469,2020-10-30 09:41:00,272.0,272.19,271.85,272.19,0,0,278868
12470,2020-10-30 09:42:00,272.0,272.07,271.65,271.89,0,0,140603
12471,2020-10-30 09:43:00,272.0,272.14,271.83,272.14,0,0,149972
12472,2020-10-30 09:44:00,271.43,271.72,271.43,271.64,0,0,227721
12473,2020-10-30 09:45:00,271.48,271.79,271.33,271.48,0,0,162851
12474,2020-10-30 09:46:00,271.5,271.5,270.92,271.26,0,0,187888
12475,2020-10-30 09:47:00,270.0,270.0,269.5,269.7,0,0,644494
12476,2020-10-30 09:48:00,269.5,270.0,268.96,269.66,0,0,304148
12477,2020-10-30 09:49:00,268.9,269.55,268.85,269.39,0,0,173260
12478,2020-10-30 09:50:00,269.23,269.97,269.16,269.88,0,0,145013
12479,2020-10-30 09:51:00,269.93,270.23,269.12,269.12,0,0,189337
12480,2020-10-30 09:52:00,268.75,268.86,268.09,268.21,0,0,213986
12481,2020-10-30 09:53:00,268.0,269.45,268.0,269.16,0,0,219283
12482,2020-10-30 09:54:00,269.31,269.4,269.3,269.3,0,0,126583
12483,2020-10-30 09:55:00,268.93,269.38,268.79,269.07,0,0,140370
12484,2020-10-30 09:56:00,269.18,269.59,268.56,268.79,0,0,282716
12485,2020-10-30 09:57:00,268.0,268.47,267.84,268.4,0,0,252338
12486,2020-10-30 09:58:00,268.92,268.98,268.4,268.89,0,0,146840
12487,2020-10-30 09:59:00,268.9,268.96,267.5,268.01,0,0,219968
12488,2020-10-30 10:00:00,267.95,268.23,267.5,267.5,0,0,246165
12489,2020-10-30 10:01:00,267.5,267.6,266.88,267.06,0,0,211091
12490,2020-10-30 10:02:00,267.2,267.37,266.72,267.33,0,0,152812
12491,2020-10-30 10:03:00,267.29,267.64,266.95,267.01,0,0,132046
12492,2020-10-30 10:04:00,266.96,267.64,266.63,267.57,0,0,220536
12493,2020-10-30 10:05:00,267.52,268.14,267.16,267.85,0,0,174386
12494,2020-10-30 10:06:00,267.89,268.35,267.8,268.34,0,0,165342
12495,2020-10-30 10:07:00,268.29,268.29,267.67,268.0,0,0,151376
12496,2020-10-30 10:08:00,267.92,268.07,267.26,267.86,0,0,166116
12497,2020-10-30 10:09:00,267.82,267.94,266.5,266.61,0,0,231611
12498,2020-10-30 10:10:00,266.58,267.07,266.51,266.67,0,0,158371
12499,2020-10-30 10:11:00,266.63,267.06,266.31,266.82,0,0,200024
12500,2020-10-30 10:12:00,266.82,266.96,266.18,266.55,0,0,127137
12501,2020-10-30 10:13:00,266.45,266.65,266.0,266.05,0,0,169928
12502,2020-10-30 10:14:00,266.08,266.13,265.56,265.67,0,0,205810
12503,2020-10-30 10:15:00,265.65,266.07,265.51,265.81,0,0,164208
12504,2020-10-30 10:16:00,265.84,266.19,265.55,265.58,0,0,146117
12505,2020-10-30 10:17:00,265.55,265.77,265.03,265.75,0,0,323274
12506,2020-10-30 10:18:00,265.77,266.48,265.41,266.42,0,0,213679
12507,2020-10-30 10:19:00,266.42,266.44,265.92,266.2,0,0,189885
12508,2020-10-30 10:20:00,266.2,266.27,265.38,265.58,0,0,149711
12509,2020-10-30 10:21:00,265.62,265.9,264.83,265.8,0,0,313801
12510,2020-10-30 10:22:00,265.8,266.01,265.1,265.41,0,0,293789
12511,2020-10-30 10:23:00,265.44,265.46,264.51,264.59,0,0,156430
12512,2020-10-30 10:24:00,264.6,265.37,264.6,264.87,0,0,132150
12513,2020-10-30 10:25:00,264.9,265.02,264.5,264.61,0,0,135547
12514,2020-10-30 10:26:00,264.55,264.66,264.13,264.4,0,0,169419
12515,2020-10-30 10:27:00,264.4,265.0,264.1,264.8,0,0,172128
12516,2020-10-30 10:28:00,264.82,265.05,264.5,264.65,0,0,114172
12517,2020-10-30 10:29:00,264.62,264.93,264.15,264.73,0,0,110492
12518,2020-10-30 10:30:00,264.76,265.2,264.21,264.86,0,0,166731
12519,2020-10-30 10:31:00,264.84,265.31,264.51,264.83,0,0,139570
12520,2020-10-30 10:32:00,264.76,264.91,263.7,264.31,0,0,259052
12521,2020-10-30 10:33:00,264.32,264.71,264.15,264.44,0,0,102438
12522,2020-10-30 10:34:00,264.5,264.57,263.82,263.84,0,0,115556
12523,2020-10-30 10:35:00,263.82,264.02,263.54,264.0,0,0,147442
12524,2020-10-30 10:36:00,264.05,264.08,263.38,263.69,0,0,110168
12525,2020-10-30 10:37:00,263.65,264.76,263.65,264.61,0,0,164352
12526,2020-10-30 10:38:00,264.56,265.15,264.33,265.0,0,0,153383
12527,2020-10-30 10:39:00,264.98,265.17,264.42,265.0,0,0,121009
12528,2020-10-30 10:40:00,265.05,265.13,264.24,264.39,0,0,67987
12529,2020-10-30 10:41:00,264.28,264.52,263.56,263.92,0,0,104616
12530,2020-10-30 10:42:00,263.88,264.16,263.77,264.05,0,0,85828
12531,2020-10-30 10:43:00,264.01,264.42,263.1,263.38,0,0,204931
12532,2020-10-30 10:44:00,263.38,263.98,263.26,263.54,0,0,94988
12533,2020-10-30 10:45:00,263.59,264.09,263.3,263.98,0,0,115785
12534,2020-10-30 10:46:00,263.95,264.0,263.48,263.85,0,0,77081
12535,2020-10-30 10:47:00,263.88,263.88,263.31,263.57,0,0,75631
12536,2020-10-30 10:48:00,263.58,263.94,263.43,263.52,0,0,98903
12537,2020-10-30 10:49:00,263.57,264.1,263.51,263.58,0,0,134861
12538,2020-10-30 10:50:00,263.56,263.8,263.25,263.72,0,0,82388
12539,2020-10-30 10:51:00,263.7,264.29,263.57,263.84,0,0,170346
12540,2020-10-30 10:52:00,263.81,264.44,263.75,263.97,0,0,119839
12541,2020-10-30 10:53:00,263.98,264.03,262.5,263.08,0,0,308753
12542,2020-10-30 10:54:00,263.11,263.89,262.8,263.59,0,0,180346
12543,2020-10-30 10:55:00,263.47,264.02,263.42,263.93,0,0,152636
12544,2020-10-30 10:56:00,263.91,263.92,263.25,263.66,0,0,87262
12545,2020-10-30 10:57:00,263.65,264.06,263.15,263.49,0,0,76425
12546,2020-10-30 10:58:00,263.51,263.51,262.84,262.98,0,0,88399
12547,2020-10-30 10:59:00,263.01,263.15,262.7,262.81,0,0,69051
12548,2020-10-30 11:00:00,262.8,263.95,262.64,263.79,0,0,154141
12549,2020-10-30 11:01:00,263.74,263.87,263.51,263.6,0,0,109554
12550,2020-10-30 11:02:00,263.74,263.89,263.2,263.78,0,0,93272
12551,2020-10-30 11:03:00,263.85,264.15,263.67,263.88,0,0,147942
12552,2020-10-30 11:04:00,263.76,264.33,263.7,264.31,0,0,109288
12553,2020-10-30 11:05:00,264.33,264.66,263.9,264.44,0,0,118948
12554,2020-10-30 11:06:00,264.46,264.58,264.12,264.29,0,0,99460
12555,2020-10-30 11:07:00,264.29,264.29,263.29,263.31,0,0,130030
12556,2020-10-30 11:08:00,263.31,263.97,263.18,263.56,0,0,117252
12557,2020-10-30 11:09:00,263.56,263.65,262.79,262.79,0,0,117188
12558,2020-10-30 11:10:00,262.77,263.36,262.77,262.88,0,0,143699
12559,2020-10-30 11:11:00,262.82,263.79,262.82,263.49,0,0,135457
12560,2020-10-30 11:12:00,263.46,263.59,263.04,263.38,0,0,86276
12561,2020-10-30 11:13:00,263.34,263.79,263.17,263.57,0,0,90530
12562,2020-10-30 11:14:00,263.56,264.22,263.5,264.05,0,0,126948
12563,2020-10-30 11:15:00,264.04,264.14,263.47,263.57,0,0,70811
12564,2020-10-30 11:16:00,263.55,263.87,263.4,263.44,0,0,116795
12565,2020-10-30 11:17:00,263.39,263.44,262.0,262.12,0,0,343401
12566,2020-10-30 11:18:00,262.19,262.28,261.5,261.89,0,0,188565
12567,2020-10-30 11:19:00,261.9,262.16,261.51,261.65,0,0,143852
12568,2020-10-30 11:20:00,261.66,262.08,261.31,261.62,0,0,163175
12569,2020-10-30 11:21:00,261.64,262.36,261.64,262.33,0,0,146832
12570,2020-10-30 11:22:00,262.37,262.44,261.65,261.66,0,0,98619
12571,2020-10-30 11:23:00,261.7,262.6,261.7,262.43,0,0,117967
12572,2020-10-30 11:24:00,262.41,262.7,262.2,262.65,0,0,97691
12573,2020-10-30 11:25:00,262.62,262.81,262.14,262.22,0,0,127953
12574,2020-10-30 11:26:00,262.2,262.93,262.18,262.91,0,0,77280
12575,2020-10-30 11:27:00,262.92,262.92,261.91,261.91,0,0,100410
12576,2020-10-30 11:28:00,261.96,262.37,261.96,262.18,0,0,64078
12577,2020-10-30 11:29:00,262.17,262.86,262.13,262.48,0,0,56083
12578,2020-10-30 11:30:00,262.48,262.48,262.05,262.29,0,0,56952
12579,2020-10-30 11:31:00,262.34,262.38,261.89,262.04,0,0,49671
12580,2020-10-30 11:32:00,262.05,262.53,261.8,261.8,0,0,81094
12581,2020-10-30 11:33:00,261.85,261.85,261.0,261.0,0,0,176990
12582,2020-10-30 11:34:00,261.05,261.88,261.0,261.79,0,0,154001
12583,2020-10-30 11:35:00,261.81,262.33,261.73,261.91,0,0,118590
12584,2020-10-30 11:36:00,261.98,262.01,261.51,261.7,0,0,70572
12585,2020-10-30 11:37:00,261.76,261.98,261.59,261.59,0,0,73458
12586,2020-10-30 11:38:00,261.59,261.7,261.0,261.38,0,0,147900
12587,2020-10-30 11:39:00,261.41,261.79,261.38,261.71,0,0,105047
12588,2020-10-30 11:40:00,261.66,261.75,261.18,261.34,0,0,82264
12589,2020-10-30 11:41:00,261.38,261.5,261.0,261.26,0,0,107981
12590,2020-10-30 11:42:00,261.25,261.6,261.17,261.42,0,0,129345
12591,2020-10-30 11:43:00,261.39,261.97,261.37,261.57,0,0,94798
12592,2020-10-30 11:44:00,261.55,262.25,261.35,262.16,0,0,112564
12593,2020-10-30 11:45:00,262.18,262.53,262.05,262.16,0,0,133564
12594,2020-10-30 11:46:00,262.16,262.16,261.64,261.85,0,0,99982
12595,2020-10-30 11:47:00,261.87,262.28,261.68,261.98,0,0,103491
12596,2020-10-30 11:48:00,262.02,262.46,261.92,262.36,0,0,78537
12597,2020-10-30 11:49:00,262.37,262.56,262.21,262.45,0,0,67353
12598,2020-10-30 11:50:00,262.39,262.6,261.89,262.26,0,0,104416
12599,2020-10-30 11:51:00,262.25,262.56,262.14,262.26,0,0,84834
12600,2020-10-30 11:52:00,262.2,262.49,262.08,262.36,0,0,64408
12601,2020-10-30 11:53:00,262.37,262.73,262.21,262.63,0,0,72710
12602,2020-10-30 11:54:00,262.67,263.06,262.58,262.98,0,0,102609
12603,2020-10-30 11:55:00,262.92,262.94,262.56,262.94,0,0,88820
12604,2020-10-30 11:56:00,262.94,262.98,262.59,262.82,0,0,79199
12605,2020-10-30 11:57:00,262.82,262.91,262.39,262.8,0,0,82982
12606,2020-10-30 11:58:00,262.8,262.86,262.22,262.4,0,0,41397
12607,2020-10-30 11:59:00,262.46,262.61,262.44,262.51,0,0,48987
12608,2020-10-30 12:00:00,262.49,263.05,262.18,262.71,0,0,112449
12609,2020-10-30 12:01:00,262.71,264.15,262.7,264.08,0,0,219914
12610,2020-10-30 12:02:00,264.0,264.13,263.8,263.84,0,0,136737
12611,2020-10-30 12:03:00,263.61,263.8,263.56,263.65,0,0,162103
12612,2020-10-30 12:04:00,263.84,264.3,263.75,264.2,0,0,136318
12613,2020-10-30 12:05:00,264.2,264.82,263.86,264.73,0,0,237293
12614,2020-10-30 12:06:00,264.75,264.83,264.26,264.6,0,0,140321
12615,2020-10-30 12:07:00,264.53,264.77,264.28,264.6,0,0,119297
12616,2020-10-30 12:08:00,264.61,264.78,264.32,264.41,0,0,123039
12617,2020-10-30 12:09:00,264.44,264.88,264.42,264.71,0,0,101263
12618,2020-10-30 12:10:00,264.67,264.7,264.0,264.1,0,0,92438
12619,2020-10-30 12:11:00,264.11,264.46,263.98,264.41,0,0,79162
12620,2020-10-30 12:12:00,264.42,264.8,264.37,264.8,0,0,86278
12621,2020-10-30 12:13:00,264.83,265.31,264.68,265.26,0,0,176372
12622,2020-10-30 12:14:00,265.28,265.67,265.08,265.08,0,0,208257
12623,2020-10-30 12:15:00,265.08,265.47,264.91,265.26,0,0,148353
12624,2020-10-30 12:16:00,265.28,265.48,264.91,265.01,0,0,104810
12625,2020-10-30 12:17:00,265.0,265.33,264.65,264.69,0,0,101821
12626,2020-10-30 12:18:00,264.72,265.01,264.65,264.84,0,0,64458
12627,2020-10-30 12:19:00,264.85,265.11,264.73,264.93,0,0,67287
12628,2020-10-30 12:20:00,264.91,264.91,264.51,264.67,0,0,63255
12629,2020-10-30 12:21:00,264.69,264.69,264.09,264.16,0,0,94241
12630,2020-10-30 12:22:00,264.12,264.32,264.02,264.21,0,0,65000
12631,2020-10-30 12:23:00,264.18,264.53,264.08,264.49,0,0,57043
12632,2020-10-30 12:24:00,264.47,264.97,264.45,264.97,0,0,74560
12633,2020-10-30 12:25:00,264.91,264.95,264.67,264.93,0,0,55826
12634,2020-10-30 12:26:00,264.92,265.39,264.66,265.13,0,0,87440
12635,2020-10-30 12:27:00,265.17,265.53,264.98,265.22,0,0,85328
12636,2020-10-30 12:28:00,265.21,265.79,264.98,265.68,0,0,97710
12637,2020-10-30 12:29:00,265.68,265.72,265.22,265.3,0,0,68739
12638,2020-10-30 12:30:00,265.27,265.53,265.2,265.53,0,0,69374
12639,2020-10-30 12:31:00,265.52,265.57,265.14,265.25,0,0,68252
12640,2020-10-30 12:32:00,265.2,265.28,264.77,264.8,0,0,112155
12641,2020-10-30 12:33:00,264.86,265.36,264.64,264.7,0,0,68240
12642,2020-10-30 12:34:00,264.71,264.99,264.66,264.95,0,0,51661
12643,2020-10-30 12:35:00,264.95,264.97,264.67,264.86,0,0,67297
12644,2020-10-30 12:36:00,264.83,264.95,264.4,264.42,0,0,48917
12645,2020-10-30 12:37:00,264.4,264.57,264.14,264.45,0,0,58687
12646,2020-10-30 12:38:00,264.42,264.71,264.28,264.68,0,0,50505
12647,2020-10-30 12:39:00,264.67,264.87,264.48,264.68,0,0,51195
12648,2020-10-30 12:40:00,264.69,265.2,264.69,265.15,0,0,59822
12649,2020-10-30 12:41:00,265.11,265.33,264.8,265.15,0,0,60686
12650,2020-10-30 12:42:00,265.09,265.11,264.81,264.84,0,0,50061
12651,2020-10-30 12:43:00,264.78,264.94,264.62,264.89,0,0,63912
12652,2020-10-30 12:44:00,264.83,264.96,264.64,264.75,0,0,65251
12653,2020-10-30 12:45:00,264.71,265.08,264.58,264.98,0,0,76231
12654,2020-10-30 12:46:00,264.98,265.29,264.93,265.17,0,0,70615
12655,2020-10-30 12:47:00,265.18,265.89,265.09,265.88,0,0,121325
12656,2020-10-30 12:48:00,265.86,266.46,265.84,266.27,0,0,231061
12657,2020-10-30 12:49:00,266.23,266.48,266.03,266.28,0,0,86433
12658,2020-10-30 12:50:00,266.27,266.4,265.91,266.31,0,0,95174
12659,2020-10-30 12:51:00,266.3,266.39,265.94,266.2,0,0,77826
12660,2020-10-30 12:52:00,266.17,266.62,266.07,266.26,0,0,141443
12661,2020-10-30 12:53:00,266.26,266.75,266.17,266.67,0,0,84721
12662,2020-10-30 12:54:00,266.67,266.71,265.94,266.17,0,0,86752
12663,2020-10-30 12:55:00,266.18,266.31,265.3,265.33,0,0,80106
12664,2020-10-30 12:56:00,265.3,265.8,265.17,265.23,0,0,70656
12665,2020-10-30 12:57:00,265.23,265.7,265.17,265.49,0,0,52097
12666,2020-10-30 12:58:00,265.45,265.8,265.36,265.47,0,0,34358
12667,2020-10-30 12:59:00,265.51,265.79,265.44,265.51,0,0,55828
12668,2020-10-30 13:00:00,265.54,265.7,265.2,265.65,0,0,55978
12669,2020-10-30 13:01:00,265.67,266.3,265.67,266.02,0,0,85982
12670,2020-10-30 13:02:00,266.06,266.06,265.34,265.46,0,0,61843
12671,2020-10-30 13:03:00,265.44,265.45,264.92,265.17,0,0,41008
12672,2020-10-30 13:04:00,265.16,265.16,264.63,264.76,0,0,41119
12673,2020-10-30 13:05:00,264.73,264.86,264.57,264.68,0,0,42194
12674,2020-10-30 13:06:00,264.68,264.91,264.56,264.72,0,0,44439
12675,2020-10-30 13:07:00,264.66,264.66,264.23,264.49,0,0,58903
12676,2020-10-30 13:08:00,264.5,264.5,264.23,264.25,0,0,26822
12677,2020-10-30 13:09:00,264.23,264.38,264.12,264.17,0,0,53096
12678,2020-10-30 13:10:00,264.15,264.31,264.03,264.17,0,0,74046
12679,2020-10-30 13:11:00,264.2,264.26,264.09,264.15,0,0,43940
12680,2020-10-30 13:12:00,264.14,264.21,263.6,263.6,0,0,108304
12681,2020-10-30 13:13:00,263.61,263.8,263.2,263.52,0,0,75038
12682,2020-10-30 13:14:00,263.47,263.67,263.23,263.28,0,0,57978
12683,2020-10-30 13:15:00,263.22,263.58,263.21,263.31,0,0,74285
12684,2020-10-30 13:16:00,263.35,263.44,263.17,263.26,0,0,51054
12685,2020-10-30 13:17:00,263.27,263.8,263.24,263.68,0,0,85816
12686,2020-10-30 13:18:00,263.67,263.72,263.27,263.29,0,0,53588
12687,2020-10-30 13:19:00,263.29,263.33,263.09,263.21,0,0,49578
12688,2020-10-30 13:20:00,263.2,263.31,262.96,263.24,0,0,68630
12689,2020-10-30 13:21:00,263.08,263.21,263.0,263.03,0,0,37663
12690,2020-10-30 13:22:00,263.05,263.29,262.91,263.14,0,0,54238
12691,2020-10-30 13:23:00,263.18,263.53,263.14,263.3,0,0,45140
12692,2020-10-30 13:24:00,263.26,263.31,262.81,262.99,0,0,53762
12693,2020-10-30 13:25:00,262.99,263.28,262.94,262.94,0,0,55380
12694,2020-10-30 13:26:00,263.02,263.21,262.88,262.92,0,0,22543
12695,2020-10-30 13:27:00,262.92,263.0,262.44,262.51,0,0,80339
12696,2020-10-30 13:28:00,262.49,263.19,262.49,262.92,0,0,91866
12697,2020-10-30 13:29:00,262.96,263.27,262.71,263.13,0,0,265580
12698,2020-10-30 13:30:00,263.05,263.22,262.71,262.97,0,0,50504
12699,2020-10-30 13:31:00,262.89,262.93,262.78,262.83,0,0,29098
12700,2020-10-30 13:32:00,262.88,262.88,262.51,262.56,0,0,103187
12701,2020-10-30 13:33:00,262.55,262.68,262.02,262.09,0,0,76177
12702,2020-10-30 13:34:00,262.13,262.49,261.94,262.04,0,0,88823
12703,2020-10-30 13:35:00,262.03,262.55,262.03,262.27,0,0,68788
12704,2020-10-30 13:36:00,262.27,262.33,261.8,261.8,0,0,46517
12705,2020-10-30 13:37:00,261.82,262.03,261.77,261.86,0,0,55991
12706,2020-10-30 13:38:00,261.87,261.95,261.36,261.69,0,0,113005
12707,2020-10-30 13:39:00,261.61,261.93,261.59,261.75,0,0,59013
12708,2020-10-30 13:40:00,261.81,262.03,261.74,261.79,0,0,62232
12709,2020-10-30 13:41:00,261.8,262.18,261.78,261.94,0,0,69415
12710,2020-10-30 13:42:00,261.93,262.2,261.8,261.8,0,0,64082
12711,2020-10-30 13:43:00,261.84,262.02,261.77,261.82,0,0,40338
12712,2020-10-30 13:44:00,261.83,261.88,261.59,261.81,0,0,45036
12713,2020-10-30 13:45:00,261.76,262.3,261.68,262.19,0,0,75399
12714,2020-10-30 13:46:00,262.17,262.28,261.85,261.95,0,0,48824
12715,2020-10-30 13:47:00,261.88,262.35,261.67,262.25,0,0,55673
12716,2020-10-30 13:48:00,262.23,262.49,262.04,262.41,0,0,46082
12717,2020-10-30 13:49:00,262.42,262.56,262.26,262.52,0,0,61505
12718,2020-10-30 13:50:00,262.53,262.97,262.51,262.97,0,0,77370
12719,2020-10-30 13:51:00,262.96,263.0,262.4,262.49,0,0,62103
12720,2020-10-30 13:52:00,262.51,262.54,262.15,262.32,0,0,50929
12721,2020-10-30 13:53:00,262.32,262.7,262.31,262.53,0,0,39684
12722,2020-10-30 13:54:00,262.61,262.61,262.17,262.23,0,0,32959
12723,2020-10-30 13:55:00,262.27,262.56,262.19,262.32,0,0,33973
12724,2020-10-30 13:56:00,262.46,262.62,262.21,262.38,0,0,52306
12725,2020-10-30 13:57:00,262.46,262.51,262.35,262.46,0,0,40927
12726,2020-10-30 13:58:00,262.46,262.66,262.21,262.22,0,0,48295
12727,2020-10-30 13:59:00,262.2,262.21,261.7,261.83,0,0,66439
12728,2020-10-30 14:00:00,261.87,261.87,261.31,261.41,0,0,103672
12729,2020-10-30 14:01:00,261.42,261.75,261.4,261.59,0,0,34144
12730,2020-10-30 14:02:00,261.58,261.95,261.46,261.71,0,0,66176
12731,2020-10-30 14:03:00,261.61,261.68,261.11,261.31,0,0,70678
12732,2020-10-30 14:04:00,261.33,261.61,261.22,261.52,0,0,58536
12733,2020-10-30 14:05:00,261.53,262.32,261.38,262.2,0,0,113224
12734,2020-10-30 14:06:00,262.23,263.65,262.07,263.5,0,0,235233
12735,2020-10-30 14:07:00,263.54,263.74,263.43,263.53,0,0,117783
12736,2020-10-30 14:08:00,263.54,264.2,262.74,263.96,0,0,195317
12737,2020-10-30 14:09:00,264.02,264.35,263.37,263.5,0,0,102069
12738,2020-10-30 14:10:00,263.5,263.8,262.93,262.93,0,0,44600
12739,2020-10-30 14:11:00,262.98,263.19,262.57,262.58,0,0,61880
12740,2020-10-30 14:12:00,262.55,262.67,262.25,262.3,0,0,54915
12741,2020-10-30 14:13:00,262.31,262.41,262.05,262.19,0,0,44176
12742,2020-10-30 14:14:00,262.13,262.31,261.82,261.99,0,0,49200
12743,2020-10-30 14:15:00,261.98,262.34,261.88,262.18,0,0,39609
12744,2020-10-30 14:16:00,262.14,262.48,262.11,262.19,0,0,44942
12745,2020-10-30 14:17:00,262.19,262.26,261.93,262.22,0,0,32386
12746,2020-10-30 14:18:00,262.25,262.48,262.02,262.13,0,0,44681
12747,2020-10-30 14:19:00,262.13,262.25,262.03,262.08,0,0,38024
12748,2020-10-30 14:20:00,262.08,262.2,261.91,262.08,0,0,33112
12749,2020-10-30 14:21:00,262.02,262.02,261.48,261.55,0,0,73709
12750,2020-10-30 14:22:00,261.55,261.75,261.47,261.57,0,0,39437
12751,2020-10-30 14:23:00,261.56,261.85,261.46,261.5,0,0,35358
12752,2020-10-30 14:24:00,261.47,261.76,261.1,261.2,0,0,86466
12753,2020-10-30 14:25:00,261.25,261.37,261.11,261.32,0,0,50356
12754,2020-10-30 14:26:00,261.26,261.33,261.02,261.05,0,0,45989
12755,2020-10-30 14:27:00,261.05,261.09,260.68,260.93,0,0,139692
12756,2020-10-30 14:28:00,260.99,261.1,260.81,260.99,0,0,56510
12757,2020-10-30 14:29:00,260.99,261.21,260.9,261.09,0,0,52636
12758,2020-10-30 14:30:00,261.08,261.22,261.0,261.05,0,0,46859
12759,2020-10-30 14:31:00,261.06,261.18,260.76,261.09,0,0,63025
12760,2020-10-30 14:32:00,261.07,261.25,260.95,261.14,0,0,46988
12761,2020-10-30 14:33:00,261.11,261.11,260.47,260.72,0,0,83007
12762,2020-10-30 14:34:00,260.7,260.89,260.6,260.72,0,0,45709
12763,2020-10-30 14:35:00,260.72,260.87,260.55,260.55,0,0,43202
12764,2020-10-30 14:36:00,260.54,260.7,260.5,260.54,0,0,53825
12765,2020-10-30 14:37:00,260.6,260.9,260.55,260.9,0,0,45589
12766,2020-10-30 14:38:00,260.94,261.39,260.89,261.29,0,0,160034
12767,2020-10-30 14:39:00,261.28,261.32,260.7,260.74,0,0,49631
12768,2020-10-30 14:40:00,260.69,260.75,260.13,260.3,0,0,115437
12769,2020-10-30 14:41:00,260.29,260.6,260.29,260.39,0,0,53240
12770,2020-10-30 14:42:00,260.39,260.42,260.07,260.18,0,0,78960
12771,2020-10-30 14:43:00,260.17,260.54,260.17,260.48,0,0,47610
12772,2020-10-30 14:44:00,260.52,260.52,260.33,260.4,0,0,35182
12773,2020-10-30 14:45:00,260.43,260.8,260.33,260.78,0,0,59377
12774,2020-10-30 14:46:00,260.74,261.3,260.74,261.25,0,0,104781
12775,2020-10-30 14:47:00,261.29,261.31,260.85,260.99,0,0,47805
12776,2020-10-30 14:48:00,261.01,261.47,260.9,261.39,0,0,57711
12777,2020-10-30 14:49:00,261.42,261.5,261.09,261.17,0,0,47142
12778,2020-10-30 14:50:00,261.2,261.29,260.8,261.0,0,0,91091
12779,2020-10-30 14:51:00,260.98,261.05,260.81,260.94,0,0,53113
12780,2020-10-30 14:52:00,260.94,260.95,260.36,260.55,0,0,56141
12781,2020-10-30 14:53:00,260.51,260.7,260.4,260.61,0,0,51230
12782,2020-10-30 14:54:00,260.55,260.92,260.46,260.71,0,0,33399
12783,2020-10-30 14:55:00,260.7,261.05,260.5,260.97,0,0,34501
12784,2020-10-30 14:56:00,260.96,261.0,260.73,260.88,0,0,41644
12785,2020-10-30 14:57:00,260.89,261.36,260.75,261.32,0,0,42033
12786,2020-10-30 14:58:00,261.29,261.39,261.1,261.14,0,0,57679
12787,2020-10-30 14:59:00,261.14,261.14,260.22,260.26,0,0,67138
12788,2020-10-30 15:00:00,260.21,260.43,259.71,259.94,0,0,242235
12789,2020-10-30 15:01:00,259.99,260.55,259.88,259.93,0,0,89224
12790,2020-10-30 15:02:00,259.98,260.29,259.9,259.99,0,0,74061
12791,2020-10-30 15:03:00,259.93,260.04,259.62,259.97,0,0,86453
12792,2020-10-30 15:04:00,259.94,260.12,259.82,259.9,0,0,78636
12793,2020-10-30 15:05:00,259.86,260.05,259.34,259.61,0,0,117822
12794,2020-10-30 15:06:00,259.67,259.82,259.1,259.4,0,0,138826
12795,2020-10-30 15:07:00,259.4,259.52,259.13,259.3,0,0,63225
12796,2020-10-30 15:08:00,259.29,259.54,259.1,259.35,0,0,54026
12797,2020-10-30 15:09:00,259.36,259.59,259.27,259.58,0,0,69826
12798,2020-10-30 15:10:00,259.58,259.85,259.41,259.77,0,0,81423
12799,2020-10-30 15:11:00,259.76,260.31,259.76,259.84,0,0,124926
12800,2020-10-30 15:12:00,259.87,260.08,259.52,260.05,0,0,60514
12801,2020-10-30 15:13:00,260.08,260.29,260.03,260.2,0,0,54404
12802,2020-10-30 15:14:00,260.24,260.52,260.11,260.36,0,0,56250
12803,2020-10-30 15:15:00,260.33,260.55,260.07,260.54,0,0,73104
12804,2020-10-30 15:16:00,260.53,260.7,260.24,260.61,0,0,69475
12805,2020-10-30 15:17:00,260.65,260.65,260.11,260.3,0,0,96672
12806,2020-10-30 15:18:00,260.34,260.44,260.15,260.25,0,0,59829
12807,2020-10-30 15:19:00,260.25,260.65,260.19,260.35,0,0,60357
12808,2020-10-30 15:20:00,260.36,260.86,260.2,260.68,0,0,91870
12809,2020-10-30 15:21:00,260.65,260.68,260.4,260.44,0,0,65921
12810,2020-10-30 15:22:00,260.41,260.41,260.01,260.19,0,0,92267
12811,2020-10-30 15:23:00,260.18,260.25,259.9,259.95,0,0,85334
12812,2020-10-30 15:24:00,259.98,260.15,259.9,260.06,0,0,56649
12813,2020-10-30 15:25:00,260.08,260.17,259.93,260.02,0,0,60724
12814,2020-10-30 15:26:00,260.02,260.05,259.74,259.94,0,0,78195
12815,2020-10-30 15:27:00,259.95,260.16,259.95,260.0,0,0,69966
12816,2020-10-30 15:28:00,259.97,260.0,259.81,259.92,0,0,49475
12817,2020-10-30 15:29:00,259.93,260.11,259.77,259.82,0,0,93540
12818,2020-10-30 15:30:00,259.8,260.33,259.8,260.0,0,0,92271
12819,2020-10-30 15:31:00,260.0,260.06,259.76,259.92,0,0,78202
12820,2020-10-30 15:32:00,259.9,260.07,259.83,259.88,0,0,57884
12821,2020-10-30 15:33:00,259.89,259.9,259.75,259.81,0,0,65982
12822,2020-10-30 15:34:00,259.8,260.02,259.74,259.81,0,0,85807
12823,2020-10-30 15:35:00,259.83,259.95,259.65,259.92,0,0,70968
12824,2020-10-30 15:36:00,259.93,260.05,259.8,259.84,0,0,77947
12825,2020-10-30 15:37:00,259.83,259.83,259.41,259.54,0,0,131401
12826,2020-10-30 15:38:00,259.65,259.76,259.43,259.69,0,0,70184
12827,2020-10-30 15:39:00,259.69,260.25,259.69,260.19,0,0,194207
12828,2020-10-30 15:40:00,260.21,260.34,259.9,259.96,0,0,105531
12829,2020-10-30 15:41:00,259.99,260.12,259.7,260.07,0,0,78034
12830,2020-10-30 15:42:00,260.03,260.46,259.92,260.43,0,0,139636
12831,2020-10-30 15:43:00,260.43,260.86,260.23,260.73,0,0,136994
12832,2020-10-30 15:44:00,260.76,261.15,260.76,261.04,0,0,128617
12833,2020-10-30 15:45:00,261.09,261.63,261.07,261.51,0,0,152758
12834,2020-10-30 15:46:00,261.5,261.59,261.29,261.32,0,0,178018
12835,2020-10-30 15:47:00,261.31,261.5,261.21,261.32,0,0,187518
12836,2020-10-30 15:48:00,261.33,261.38,260.58,260.79,0,0,178474
12837,2020-10-30 15:49:00,260.8,261.08,260.64,260.7,0,0,117491
12838,2020-10-30 15:50:00,260.84,261.26,260.5,260.93,0,0,171023
12839,2020-10-30 15:51:00,260.93,261.77,260.93,261.64,0,0,142527
12840,2020-10-30 15:52:00,261.67,261.69,261.2,261.23,0,0,122641
12841,2020-10-30 15:53:00,261.16,261.26,261.0,261.21,0,0,136518
12842,2020-10-30 15:54:00,261.18,261.85,261.08,261.48,0,0,162868
12843,2020-10-30 15:55:00,261.42,261.89,261.23,261.89,0,0,181571
12844,2020-10-30 15:56:00,261.9,262.31,261.81,262.28,0,0,216795
12845,2020-10-30 15:57:00,262.26,262.99,262.22,262.76,0,0,330953
12846,2020-10-30 15:58:00,262.74,263.43,262.65,263.3,0,0,384626
12847,2020-10-30 15:59:00,263.36,264.07,263.0,263.75,0,0,783282
