,Datetime,Open,High,Low,Close,Stock Splits,Dividends,Volume
0,2020-09-15 09:30:00,49.79,49.99,49.73,49.99,0,0,718948
1,2020-09-15 09:31:00,49.99,50.09,49.99,50.01,0,0,494845
2,2020-09-15 09:32:00,50.01,50.16,50.01,50.1,0,0,263200
3,2020-09-15 09:33:00,50.1,50.17,50.07,50.09,0,0,149760
4,2020-09-15 09:34:00,50.09,50.12,50.03,50.04,0,0,128786
5,2020-09-15 09:35:00,50.05,50.16,50.04,50.16,0,0,133906
6,2020-09-15 09:36:00,50.16,50.23,50.16,50.19,0,0,143558
7,2020-09-15 09:37:00,50.19,50.21,50.06,50.11,0,0,105477
8,2020-09-15 09:38:00,50.11,50.21,50.1,50.19,0,0,124766
9,2020-09-15 09:39:00,50.21,50.22,50.16,50.19,0,0,119222
10,2020-09-15 09:40:00,50.2,50.22,50.16,50.21,0,0,102325
11,2020-09-15 09:41:00,50.21,50.3,50.21,50.27,0,0,150031
12,2020-09-15 09:42:00,50.26,50.27,50.17,50.18,0,0,104794
13,2020-09-15 09:43:00,50.19,50.21,50.13,50.15,0,0,111847
14,2020-09-15 09:44:00,50.15,50.19,50.12,50.14,0,0,63938
15,2020-09-15 09:45:00,50.08,50.15,50.04,50.05,0,0,107965
16,2020-09-15 09:46:00,50.04,50.11,50.03,50.08,0,0,103615
17,2020-09-15 09:47:00,50.08,50.1,50.05,50.08,0,0,99147
18,2020-09-15 09:48:00,50.08,50.1,50.06,50.06,0,0,64159
19,2020-09-15 09:49:00,50.03,50.07,49.96,49.97,0,0,76178
20,2020-09-15 09:50:00,49.96,50.0,49.94,49.99,0,0,59300
21,2020-09-15 09:51:00,49.97,50.0,49.96,49.97,0,0,54425
22,2020-09-15 09:52:00,49.96,50.0,49.93,49.94,0,0,93696
23,2020-09-15 09:53:00,49.94,49.97,49.93,49.96,0,0,56033
24,2020-09-15 09:54:00,49.96,49.98,49.88,49.88,0,0,69621
25,2020-09-15 09:55:00,49.89,49.9,49.83,49.85,0,0,62827
26,2020-09-15 09:56:00,49.84,49.94,49.84,49.94,0,0,85732
27,2020-09-15 09:57:00,49.96,49.97,49.92,49.97,0,0,54866
28,2020-09-15 09:58:00,49.97,50.0,49.94,49.99,0,0,59840
29,2020-09-15 09:59:00,50.0,50.02,49.97,50.01,0,0,97863
30,2020-09-15 10:00:00,50.0,50.04,49.98,50.03,0,0,74949
31,2020-09-15 10:01:00,50.03,50.09,50.03,50.08,0,0,80300
32,2020-09-15 10:02:00,50.08,50.22,50.08,50.21,0,0,145077
33,2020-09-15 10:03:00,50.21,50.23,50.18,50.23,0,0,91758
34,2020-09-15 10:04:00,50.22,50.24,50.17,50.2,0,0,97681
35,2020-09-15 10:05:00,50.21,50.29,50.2,50.26,0,0,107590
36,2020-09-15 10:06:00,50.25,50.26,50.19,50.24,0,0,76681
37,2020-09-15 10:07:00,50.24,50.26,50.2,50.26,0,0,109854
38,2020-09-15 10:08:00,50.25,50.29,50.25,50.26,0,0,58109
39,2020-09-15 10:09:00,50.26,50.27,50.23,50.25,0,0,46440
40,2020-09-15 10:10:00,50.26,50.28,50.24,50.25,0,0,57747
41,2020-09-15 10:11:00,50.26,50.27,50.24,50.24,0,0,60503
42,2020-09-15 10:12:00,50.25,50.25,50.2,50.23,0,0,84082
43,2020-09-15 10:13:00,50.23,50.29,50.21,50.29,0,0,276175
44,2020-09-15 10:14:00,50.28,50.32,50.26,50.31,0,0,359918
45,2020-09-15 10:15:00,50.31,50.39,50.31,50.38,0,0,112297
46,2020-09-15 10:16:00,50.38,50.39,50.34,50.34,0,0,80538
47,2020-09-15 10:17:00,50.35,50.38,50.34,50.37,0,0,58653
48,2020-09-15 10:18:00,50.37,50.44,50.36,50.44,0,0,152750
49,2020-09-15 10:19:00,50.43,50.47,50.39,50.42,0,0,97812
50,2020-09-15 10:20:00,50.43,50.43,50.36,50.4,0,0,61938
51,2020-09-15 10:21:00,50.4,50.42,50.38,50.38,0,0,73884
52,2020-09-15 10:22:00,50.38,50.44,50.38,50.44,0,0,80637
53,2020-09-15 10:23:00,50.44,50.47,50.43,50.47,0,0,180142
54,2020-09-15 10:24:00,50.47,50.47,50.37,50.4,0,0,86016
55,2020-09-15 10:25:00,50.4,50.42,50.38,50.41,0,0,67606
56,2020-09-15 10:26:00,50.41,50.47,50.41,50.47,0,0,102143
57,2020-09-15 10:27:00,50.47,50.5,50.47,50.49,0,0,129408
58,2020-09-15 10:28:00,50.49,50.5,50.46,50.46,0,0,287154
59,2020-09-15 10:29:00,50.46,50.49,50.43,50.45,0,0,51161
60,2020-09-15 10:30:00,50.45,50.46,50.42,50.44,0,0,72152
61,2020-09-15 10:31:00,50.44,50.46,50.43,50.46,0,0,70472
62,2020-09-15 10:32:00,50.46,50.47,50.44,50.46,0,0,47967
63,2020-09-15 10:33:00,50.46,50.47,50.43,50.44,0,0,57793
64,2020-09-15 10:34:00,50.44,50.44,50.39,50.42,0,0,49747
65,2020-09-15 10:35:00,50.42,50.5,50.42,50.49,0,0,214589
66,2020-09-15 10:36:00,50.49,50.5,50.44,50.44,0,0,119247
67,2020-09-15 10:37:00,50.44,50.44,50.42,50.42,0,0,44574
68,2020-09-15 10:38:00,50.42,50.43,50.37,50.38,0,0,41320
69,2020-09-15 10:39:00,50.38,50.38,50.27,50.31,0,0,109877
70,2020-09-15 10:40:00,50.3,50.3,50.23,50.29,0,0,90758
71,2020-09-15 10:41:00,50.28,50.3,50.24,50.25,0,0,65573
72,2020-09-15 10:42:00,50.26,50.32,50.25,50.31,0,0,55298
73,2020-09-15 10:43:00,50.3,50.35,50.27,50.32,0,0,57361
74,2020-09-15 10:44:00,50.32,50.34,50.31,50.33,0,0,52125
75,2020-09-15 10:45:00,50.33,50.36,50.32,50.33,0,0,35153
76,2020-09-15 10:46:00,50.33,50.38,50.29,50.38,0,0,61464
77,2020-09-15 10:47:00,50.38,50.42,50.38,50.41,0,0,49984
78,2020-09-15 10:48:00,50.41,50.43,50.41,50.42,0,0,63590
79,2020-09-15 10:49:00,50.43,50.45,50.43,50.45,0,0,66088
80,2020-09-15 10:50:00,50.44,50.47,50.43,50.44,0,0,111209
81,2020-09-15 10:51:00,50.44,50.45,50.42,50.43,0,0,15180
82,2020-09-15 10:53:00,50.35,50.37,50.34,50.36,0,0,166627
83,2020-09-15 10:54:00,50.37,50.37,50.35,50.35,0,0,44447
84,2020-09-15 10:55:00,50.35,50.36,50.32,50.33,0,0,68442
85,2020-09-15 10:56:00,50.34,50.39,50.33,50.38,0,0,102268
86,2020-09-15 10:57:00,50.38,50.38,50.35,50.36,0,0,150824
87,2020-09-15 10:58:00,50.35,50.38,50.35,50.36,0,0,97829
88,2020-09-15 10:59:00,50.36,50.38,50.35,50.37,0,0,42792
89,2020-09-15 11:00:00,50.37,50.4,50.36,50.39,0,0,44086
90,2020-09-15 11:01:00,50.4,50.44,50.39,50.44,0,0,44725
91,2020-09-15 11:02:00,50.44,50.44,50.42,50.42,0,0,43655
92,2020-09-15 11:03:00,50.43,50.43,50.4,50.42,0,0,20003
93,2020-09-15 11:04:00,50.42,50.44,50.42,50.44,0,0,36366
94,2020-09-15 11:05:00,50.44,50.46,50.4,50.46,0,0,34281
95,2020-09-15 11:06:00,50.46,50.46,50.42,50.44,0,0,34546
96,2020-09-15 11:07:00,50.44,50.45,50.42,50.42,0,0,30342
97,2020-09-15 11:08:00,50.43,50.44,50.41,50.41,0,0,35415
98,2020-09-15 11:09:00,50.42,50.42,50.4,50.42,0,0,35803
99,2020-09-15 11:10:00,50.42,50.46,50.42,50.45,0,0,50723
100,2020-09-15 11:11:00,50.45,50.46,50.42,50.44,0,0,47057
101,2020-09-15 11:12:00,50.45,50.45,50.41,50.41,0,0,49836
102,2020-09-15 11:13:00,50.42,50.44,50.4,50.4,0,0,47565
103,2020-09-15 11:14:00,50.4,50.42,50.39,50.42,0,0,33617
104,2020-09-15 11:15:00,50.42,50.43,50.42,50.42,0,0,30365
105,2020-09-15 11:16:00,50.43,50.46,50.42,50.45,0,0,39330
106,2020-09-15 11:17:00,50.46,50.49,50.45,50.49,0,0,85330
107,2020-09-15 11:18:00,50.49,50.51,50.49,50.5,0,0,225878
108,2020-09-15 11:19:00,50.51,50.56,50.51,50.56,0,0,105272
109,2020-09-15 11:20:00,50.55,50.59,50.55,50.59,0,0,123006
110,2020-09-15 11:21:00,50.58,50.58,50.54,50.54,0,0,90417
111,2020-09-15 11:22:00,50.55,50.56,50.53,50.56,0,0,26415
112,2020-09-15 11:23:00,50.56,50.59,50.56,50.58,0,0,50122
113,2020-09-15 11:24:00,50.58,50.59,50.55,50.56,0,0,51172
114,2020-09-15 11:25:00,50.55,50.57,50.51,50.57,0,0,56048
115,2020-09-15 11:26:00,50.57,50.58,50.5,50.51,0,0,48422
116,2020-09-15 11:27:00,50.51,50.53,50.51,50.52,0,0,19178
117,2020-09-15 11:28:00,50.52,50.54,50.51,50.51,0,0,65475
118,2020-09-15 11:29:00,50.51,50.51,50.5,50.51,0,0,26278
119,2020-09-15 11:30:00,50.51,50.51,50.47,50.47,0,0,48303
120,2020-09-15 11:31:00,50.47,50.5,50.46,50.48,0,0,98451
121,2020-09-15 11:32:00,50.48,50.5,50.47,50.49,0,0,32083
122,2020-09-15 11:33:00,50.49,50.49,50.43,50.44,0,0,38195
123,2020-09-15 11:34:00,50.43,50.44,50.4,50.44,0,0,50934
124,2020-09-15 11:35:00,50.43,50.46,50.42,50.44,0,0,49898
125,2020-09-15 11:36:00,50.45,50.46,50.42,50.44,0,0,70015
126,2020-09-15 11:37:00,50.44,50.47,50.41,50.41,0,0,54083
127,2020-09-15 11:38:00,50.41,50.43,50.4,50.42,0,0,27066
128,2020-09-15 11:39:00,50.42,50.43,50.4,50.42,0,0,33011
129,2020-09-15 11:40:00,50.41,50.43,50.4,50.42,0,0,51448
130,2020-09-15 11:41:00,50.43,50.44,50.41,50.42,0,0,46856
131,2020-09-15 11:42:00,50.43,50.44,50.37,50.4,0,0,44908
132,2020-09-15 11:43:00,50.4,50.4,50.38,50.39,0,0,21918
133,2020-09-15 11:44:00,50.4,50.4,50.37,50.4,0,0,38590
134,2020-09-15 11:45:00,50.4,50.4,50.38,50.39,0,0,36219
135,2020-09-15 11:46:00,50.38,50.4,50.37,50.38,0,0,44259
136,2020-09-15 11:47:00,50.38,50.41,50.38,50.4,0,0,37031
137,2020-09-15 11:48:00,50.4,50.41,50.38,50.38,0,0,41511
138,2020-09-15 11:49:00,50.39,50.43,50.38,50.43,0,0,60216
139,2020-09-15 11:50:00,50.42,50.44,50.38,50.39,0,0,50478
140,2020-09-15 11:51:00,50.39,50.41,50.38,50.38,0,0,26929
141,2020-09-15 11:52:00,50.39,50.39,50.35,50.35,0,0,45153
142,2020-09-15 11:53:00,50.35,50.37,50.33,50.33,0,0,24352
143,2020-09-15 11:54:00,50.33,50.35,50.33,50.35,0,0,28619
144,2020-09-15 11:55:00,50.35,50.4,50.35,50.4,0,0,49754
145,2020-09-15 11:56:00,50.39,50.44,50.39,50.42,0,0,37337
146,2020-09-15 11:57:00,50.42,50.42,50.38,50.38,0,0,45898
147,2020-09-15 11:58:00,50.38,50.42,50.38,50.42,0,0,24721
148,2020-09-15 11:59:00,50.42,50.45,50.41,50.44,0,0,34249
149,2020-09-15 12:00:00,50.44,50.49,50.43,50.48,0,0,26921
150,2020-09-15 12:01:00,50.48,50.5,50.47,50.5,0,0,24435
151,2020-09-15 12:02:00,50.49,50.51,50.47,50.48,0,0,81095
152,2020-09-15 12:03:00,50.47,50.49,50.46,50.49,0,0,36107
153,2020-09-15 12:04:00,50.48,50.51,50.47,50.51,0,0,39523
154,2020-09-15 12:05:00,50.5,50.52,50.5,50.51,0,0,21272
155,2020-09-15 12:06:00,50.51,50.52,50.49,50.49,0,0,47880
156,2020-09-15 12:07:00,50.49,50.53,50.49,50.53,0,0,29528
157,2020-09-15 12:08:00,50.52,50.53,50.49,50.51,0,0,53623
158,2020-09-15 12:09:00,50.51,50.52,50.49,50.5,0,0,33047
159,2020-09-15 12:10:00,50.49,50.51,50.48,50.49,0,0,24520
160,2020-09-15 12:11:00,50.49,50.5,50.47,50.47,0,0,37943
161,2020-09-15 12:12:00,50.47,50.49,50.46,50.47,0,0,44220
162,2020-09-15 12:13:00,50.48,50.48,50.47,50.47,0,0,17228
163,2020-09-15 12:14:00,50.47,50.48,50.46,50.48,0,0,31499
164,2020-09-15 12:15:00,50.47,50.52,50.47,50.5,0,0,75993
165,2020-09-15 12:16:00,50.51,50.51,50.5,50.51,0,0,36966
166,2020-09-15 12:17:00,50.51,50.51,50.49,50.5,0,0,43867
167,2020-09-15 12:18:00,50.5,50.51,50.49,50.51,0,0,18689
168,2020-09-15 12:19:00,50.51,50.53,50.5,50.53,0,0,69697
169,2020-09-15 12:20:00,50.53,50.55,50.52,50.53,0,0,104553
170,2020-09-15 12:21:00,50.53,50.53,50.51,50.52,0,0,26945
171,2020-09-15 12:22:00,50.51,50.52,50.51,50.51,0,0,29253
172,2020-09-15 12:23:00,50.51,50.54,50.51,50.53,0,0,30026
173,2020-09-15 12:24:00,50.53,50.54,50.53,50.54,0,0,28740
174,2020-09-15 12:25:00,50.54,50.54,50.49,50.51,0,0,57288
175,2020-09-15 12:26:00,50.51,50.53,50.5,50.53,0,0,37585
176,2020-09-15 12:27:00,50.54,50.55,50.53,50.53,0,0,28818
177,2020-09-15 12:28:00,50.54,50.54,50.53,50.54,0,0,45062
178,2020-09-15 12:29:00,50.54,50.55,50.53,50.53,0,0,64213
179,2020-09-15 12:30:00,50.53,50.54,50.52,50.53,0,0,27692
180,2020-09-15 12:31:00,50.54,50.56,50.54,50.54,0,0,44843
181,2020-09-15 12:32:00,50.54,50.57,50.54,50.56,0,0,34730
182,2020-09-15 12:33:00,50.56,50.57,50.55,50.57,0,0,23724
183,2020-09-15 12:34:00,50.56,50.56,50.53,50.53,0,0,34269
184,2020-09-15 12:35:00,50.54,50.58,50.53,50.58,0,0,33596
185,2020-09-15 12:36:00,50.58,50.58,50.54,50.54,0,0,26911
186,2020-09-15 12:37:00,50.54,50.55,50.53,50.54,0,0,17976
187,2020-09-15 12:38:00,50.53,50.57,50.53,50.56,0,0,28694
188,2020-09-15 12:39:00,50.56,50.59,50.56,50.58,0,0,92423
189,2020-09-15 12:40:00,50.58,50.6,50.56,50.57,0,0,64037
190,2020-09-15 12:41:00,50.58,50.58,50.57,50.58,0,0,8373
191,2020-09-15 12:42:00,50.58,50.6,50.57,50.59,0,0,54248
192,2020-09-15 12:43:00,50.58,50.59,50.58,50.58,0,0,9622
193,2020-09-15 12:44:00,50.59,50.59,50.57,50.58,0,0,52434
194,2020-09-15 12:45:00,50.58,50.59,50.57,50.58,0,0,19872
195,2020-09-15 12:46:00,50.58,50.59,50.57,50.58,0,0,16412
196,2020-09-15 12:47:00,50.59,50.6,50.58,50.58,0,0,28568
197,2020-09-15 12:48:00,50.59,50.6,50.58,50.6,0,0,17858
198,2020-09-15 12:49:00,50.6,50.6,50.58,50.59,0,0,28202
199,2020-09-15 12:50:00,50.58,50.58,50.56,50.56,0,0,23893
200,2020-09-15 12:51:00,50.56,50.58,50.56,50.57,0,0,24930
201,2020-09-15 12:52:00,50.56,50.57,50.55,50.55,0,0,21994
202,2020-09-15 12:53:00,50.55,50.56,50.55,50.56,0,0,14605
203,2020-09-15 12:54:00,50.56,50.58,50.54,50.57,0,0,51783
204,2020-09-15 12:55:00,50.56,50.58,50.54,50.56,0,0,40685
205,2020-09-15 12:56:00,50.56,50.58,50.56,50.56,0,0,32003
206,2020-09-15 12:57:00,50.56,50.57,50.55,50.57,0,0,19290
207,2020-09-15 12:58:00,50.57,50.58,50.53,50.56,0,0,61748
208,2020-09-15 12:59:00,50.56,50.56,50.54,50.54,0,0,14975
209,2020-09-15 13:00:00,50.54,50.56,50.54,50.56,0,0,33874
210,2020-09-15 13:01:00,50.56,50.58,50.56,50.56,0,0,51496
211,2020-09-15 13:02:00,50.56,50.57,50.54,50.55,0,0,32795
212,2020-09-15 13:03:00,50.56,50.56,50.55,50.55,0,0,38446
213,2020-09-15 13:04:00,50.56,50.56,50.54,50.54,0,0,63216
214,2020-09-15 13:05:00,50.54,50.54,50.5,50.51,0,0,25001
215,2020-09-15 13:06:00,50.51,50.52,50.49,50.5,0,0,49514
216,2020-09-15 13:07:00,50.51,50.53,50.5,50.52,0,0,12563
217,2020-09-15 13:08:00,50.52,50.55,50.52,50.54,0,0,28995
218,2020-09-15 13:09:00,50.54,50.55,50.53,50.54,0,0,28419
219,2020-09-15 13:10:00,50.53,50.55,50.53,50.54,0,0,58407
220,2020-09-15 13:11:00,50.54,50.56,50.53,50.53,0,0,45292
221,2020-09-15 13:12:00,50.53,50.54,50.53,50.53,0,0,11765
222,2020-09-15 13:13:00,50.53,50.54,50.53,50.53,0,0,14281
223,2020-09-15 13:14:00,50.54,50.54,50.52,50.52,0,0,27631
224,2020-09-15 13:15:00,50.52,50.54,50.52,50.53,0,0,35048
225,2020-09-15 13:16:00,50.53,50.54,50.52,50.54,0,0,23154
226,2020-09-15 13:17:00,50.53,50.55,50.53,50.54,0,0,22938
227,2020-09-15 13:18:00,50.54,50.55,50.5,50.51,0,0,57279
228,2020-09-15 13:19:00,50.51,50.53,50.5,50.5,0,0,33214
229,2020-09-15 13:20:00,50.51,50.51,50.48,50.49,0,0,46699
230,2020-09-15 13:21:00,50.49,50.5,50.47,50.49,0,0,32907
231,2020-09-15 13:22:00,50.49,50.49,50.47,50.48,0,0,16539
232,2020-09-15 13:23:00,50.49,50.49,50.46,50.46,0,0,21418
233,2020-09-15 13:24:00,50.46,50.48,50.46,50.47,0,0,35794
234,2020-09-15 13:25:00,50.47,50.47,50.44,50.44,0,0,29091
235,2020-09-15 13:26:00,50.44,50.46,50.44,50.44,0,0,31142
236,2020-09-15 13:27:00,50.44,50.44,50.43,50.43,0,0,16567
237,2020-09-15 13:28:00,50.44,50.44,50.4,50.42,0,0,32693
238,2020-09-15 13:29:00,50.41,50.42,50.4,50.41,0,0,28631
239,2020-09-15 13:30:00,50.41,50.44,50.41,50.42,0,0,34411
240,2020-09-15 13:31:00,50.42,50.44,50.41,50.44,0,0,16438
241,2020-09-15 13:32:00,50.44,50.45,50.41,50.42,0,0,34426
242,2020-09-15 13:33:00,50.42,50.46,50.42,50.44,0,0,32205
243,2020-09-15 13:34:00,50.45,50.46,50.44,50.46,0,0,14871
244,2020-09-15 13:35:00,50.45,50.47,50.45,50.47,0,0,24025
245,2020-09-15 13:36:00,50.47,50.48,50.47,50.47,0,0,32370
246,2020-09-15 13:37:00,50.47,50.48,50.46,50.48,0,0,12066
247,2020-09-15 13:38:00,50.48,50.49,50.48,50.49,0,0,12332
248,2020-09-15 13:39:00,50.49,50.49,50.46,50.47,0,0,30947
249,2020-09-15 13:40:00,50.47,50.47,50.45,50.46,0,0,32326
250,2020-09-15 13:41:00,50.46,50.47,50.46,50.46,0,0,15953
251,2020-09-15 13:42:00,50.47,50.48,50.46,50.48,0,0,8730
252,2020-09-15 13:43:00,50.48,50.48,50.47,50.47,0,0,52964
253,2020-09-15 13:44:00,50.47,50.48,50.47,50.47,0,0,15845
254,2020-09-15 13:45:00,50.47,50.48,50.46,50.47,0,0,30913
255,2020-09-15 13:46:00,50.48,50.49,50.48,50.49,0,0,14252
256,2020-09-15 13:47:00,50.48,50.49,50.48,50.48,0,0,9400
257,2020-09-15 13:48:00,50.49,50.51,50.47,50.48,0,0,49543
258,2020-09-15 13:49:00,50.48,50.48,50.47,50.47,0,0,77258
259,2020-09-15 13:50:00,50.47,50.48,50.44,50.44,0,0,28241
260,2020-09-15 13:51:00,50.45,50.45,50.41,50.41,0,0,100295
261,2020-09-15 13:52:00,50.42,50.42,50.38,50.39,0,0,63293
262,2020-09-15 13:53:00,50.39,50.4,50.39,50.39,0,0,11942
263,2020-09-15 13:54:00,50.4,50.41,50.39,50.41,0,0,25007
264,2020-09-15 13:55:00,50.4,50.41,50.38,50.4,0,0,47385
265,2020-09-15 13:56:00,50.39,50.4,50.38,50.39,0,0,42694
266,2020-09-15 13:57:00,50.39,50.4,50.37,50.4,0,0,43866
267,2020-09-15 13:58:00,50.4,50.4,50.35,50.35,0,0,40549
268,2020-09-15 13:59:00,50.35,50.36,50.33,50.34,0,0,47615
269,2020-09-15 14:00:00,50.35,50.35,50.32,50.33,0,0,47645
270,2020-09-15 14:01:00,50.33,50.37,50.33,50.35,0,0,62863
271,2020-09-15 14:02:00,50.35,50.36,50.32,50.32,0,0,44402
272,2020-09-15 14:03:00,50.33,50.34,50.31,50.33,0,0,58538
273,2020-09-15 14:04:00,50.33,50.36,50.33,50.35,0,0,30318
274,2020-09-15 14:05:00,50.36,50.38,50.35,50.37,0,0,36876
275,2020-09-15 14:06:00,50.37,50.37,50.34,50.34,0,0,18815
276,2020-09-15 14:07:00,50.34,50.36,50.34,50.36,0,0,16779
277,2020-09-15 14:08:00,50.36,50.36,50.3,50.3,0,0,33193
278,2020-09-15 14:09:00,50.31,50.32,50.29,50.32,0,0,23939
279,2020-09-15 14:10:00,50.32,50.36,50.32,50.35,0,0,52681
280,2020-09-15 14:11:00,50.35,50.35,50.32,50.33,0,0,65107
281,2020-09-15 14:12:00,50.33,50.35,50.31,50.35,0,0,28343
282,2020-09-15 14:13:00,50.34,50.35,50.33,50.33,0,0,22854
283,2020-09-15 14:14:00,50.33,50.35,50.33,50.33,0,0,26253
284,2020-09-15 14:15:00,50.33,50.34,50.31,50.33,0,0,136334
285,2020-09-15 14:16:00,50.33,50.33,50.31,50.31,0,0,50434
286,2020-09-15 14:17:00,50.32,50.36,50.31,50.35,0,0,100751
287,2020-09-15 14:18:00,50.35,50.36,50.34,50.34,0,0,25522
288,2020-09-15 14:19:00,50.33,50.34,50.31,50.31,0,0,70863
289,2020-09-15 14:20:00,50.31,50.33,50.3,50.3,0,0,68773
290,2020-09-15 14:21:00,50.3,50.31,50.29,50.29,0,0,25192
291,2020-09-15 14:22:00,50.3,50.3,50.26,50.29,0,0,38916
292,2020-09-15 14:23:00,50.29,50.31,50.28,50.28,0,0,34678
293,2020-09-15 14:24:00,50.28,50.31,50.28,50.29,0,0,26656
294,2020-09-15 14:25:00,50.29,50.3,50.29,50.29,0,0,19067
295,2020-09-15 14:26:00,50.28,50.29,50.25,50.29,0,0,40366
296,2020-09-15 14:27:00,50.3,50.33,50.29,50.32,0,0,30037
297,2020-09-15 14:28:00,50.31,50.37,50.31,50.37,0,0,32032
298,2020-09-15 14:29:00,50.38,50.38,50.36,50.37,0,0,25189
299,2020-09-15 14:30:00,50.37,50.37,50.33,50.33,0,0,56404
300,2020-09-15 14:31:00,50.33,50.33,50.28,50.28,0,0,61033
301,2020-09-15 14:32:00,50.28,50.28,50.23,50.24,0,0,53587
302,2020-09-15 14:33:00,50.24,50.29,50.24,50.28,0,0,23546
303,2020-09-15 14:34:00,50.29,50.3,50.27,50.28,0,0,39059
304,2020-09-15 14:35:00,50.29,50.31,50.28,50.3,0,0,17861
305,2020-09-15 14:36:00,50.3,50.3,50.27,50.28,0,0,25196
306,2020-09-15 14:37:00,50.28,50.29,50.28,50.28,0,0,10074
307,2020-09-15 14:38:00,50.28,50.29,50.27,50.27,0,0,23321
308,2020-09-15 14:39:00,50.28,50.3,50.27,50.29,0,0,26612
309,2020-09-15 14:40:00,50.29,50.31,50.29,50.29,0,0,28593
310,2020-09-15 14:41:00,50.29,50.32,50.29,50.31,0,0,35167
311,2020-09-15 14:42:00,50.31,50.31,50.28,50.29,0,0,31674
312,2020-09-15 14:43:00,50.29,50.3,50.29,50.29,0,0,11319
313,2020-09-15 14:44:00,50.3,50.31,50.29,50.3,0,0,27769
314,2020-09-15 14:45:00,50.3,50.31,50.29,50.3,0,0,21985
315,2020-09-15 14:46:00,50.31,50.31,50.29,50.29,0,0,11517
316,2020-09-15 14:47:00,50.29,50.3,50.28,50.29,0,0,14124
317,2020-09-15 14:48:00,50.28,50.3,50.27,50.29,0,0,46213
318,2020-09-15 14:49:00,50.29,50.31,50.29,50.3,0,0,152789
319,2020-09-15 14:50:00,50.29,50.3,50.28,50.29,0,0,20929
320,2020-09-15 14:51:00,50.29,50.31,50.28,50.3,0,0,32175
321,2020-09-15 14:52:00,50.3,50.31,50.29,50.3,0,0,14434
322,2020-09-15 14:53:00,50.3,50.31,50.29,50.29,0,0,10668
323,2020-09-15 14:54:00,50.3,50.3,50.27,50.28,0,0,109719
324,2020-09-15 14:55:00,50.27,50.28,50.26,50.28,0,0,17339
325,2020-09-15 14:56:00,50.28,50.28,50.26,50.28,0,0,34151
326,2020-09-15 14:57:00,50.28,50.28,50.26,50.26,0,0,12314
327,2020-09-15 14:58:00,50.26,50.29,50.26,50.27,0,0,40102
328,2020-09-15 14:59:00,50.28,50.3,50.27,50.28,0,0,115022
329,2020-09-15 15:00:00,50.29,50.3,50.27,50.28,0,0,33966
330,2020-09-15 15:01:00,50.28,50.29,50.27,50.27,0,0,42280
331,2020-09-15 15:02:00,50.28,50.28,50.26,50.27,0,0,35225
332,2020-09-15 15:03:00,50.26,50.28,50.26,50.28,0,0,22757
333,2020-09-15 15:04:00,50.28,50.29,50.26,50.26,0,0,74857
334,2020-09-15 15:05:00,50.26,50.26,50.19,50.21,0,0,108074
335,2020-09-15 15:06:00,50.22,50.23,50.21,50.22,0,0,66540
336,2020-09-15 15:07:00,50.22,50.23,50.2,50.21,0,0,30593
337,2020-09-15 15:08:00,50.21,50.23,50.17,50.21,0,0,66372
338,2020-09-15 15:09:00,50.2,50.23,50.18,50.22,0,0,65133
339,2020-09-15 15:10:00,50.22,50.25,50.2,50.22,0,0,66071
340,2020-09-15 15:11:00,50.22,50.23,50.18,50.19,0,0,92877
341,2020-09-15 15:12:00,50.19,50.21,50.19,50.19,0,0,55464
342,2020-09-15 15:13:00,50.2,50.21,50.15,50.15,0,0,208150
343,2020-09-15 15:14:00,50.15,50.16,50.13,50.13,0,0,80304
344,2020-09-15 15:15:00,50.13,50.15,50.12,50.12,0,0,65892
345,2020-09-15 15:16:00,50.12,50.12,50.1,50.11,0,0,114085
346,2020-09-15 15:17:00,50.11,50.12,50.08,50.12,0,0,81907
347,2020-09-15 15:18:00,50.11,50.11,50.08,50.08,0,0,29786
348,2020-09-15 15:19:00,50.08,50.1,50.06,50.1,0,0,125629
349,2020-09-15 15:20:00,50.1,50.12,50.1,50.12,0,0,67962
350,2020-09-15 15:21:00,50.12,50.12,50.08,50.12,0,0,135658
351,2020-09-15 15:22:00,50.11,50.12,50.1,50.11,0,0,76901
352,2020-09-15 15:23:00,50.11,50.12,50.07,50.08,0,0,131526
353,2020-09-15 15:24:00,50.08,50.11,50.06,50.11,0,0,78013
354,2020-09-15 15:25:00,50.12,50.16,50.12,50.16,0,0,45051
355,2020-09-15 15:26:00,50.15,50.17,50.13,50.15,0,0,34432
356,2020-09-15 15:27:00,50.15,50.17,50.13,50.16,0,0,61614
357,2020-09-15 15:28:00,50.17,50.19,50.15,50.16,0,0,52231
358,2020-09-15 15:29:00,50.17,50.17,50.15,50.16,0,0,21429
359,2020-09-15 15:30:00,50.16,50.16,50.11,50.11,0,0,33869
360,2020-09-15 15:31:00,50.12,50.13,50.12,50.12,0,0,24595
361,2020-09-15 15:32:00,50.12,50.13,50.1,50.12,0,0,75319
362,2020-09-15 15:33:00,50.12,50.13,50.1,50.12,0,0,57165
363,2020-09-15 15:34:00,50.12,50.12,50.09,50.09,0,0,80675
364,2020-09-15 15:35:00,50.1,50.1,50.08,50.08,0,0,195584
365,2020-09-15 15:36:00,50.09,50.09,50.06,50.06,0,0,57033
366,2020-09-15 15:37:00,50.06,50.06,50.02,50.02,0,0,63632
367,2020-09-15 15:38:00,50.02,50.03,50.01,50.02,0,0,31479
368,2020-09-15 15:39:00,50.01,50.06,49.99,50.04,0,0,485322
369,2020-09-15 15:40:00,50.04,50.04,49.99,50.01,0,0,80189
370,2020-09-15 15:41:00,50.01,50.02,49.99,50.0,0,0,54024
371,2020-09-15 15:42:00,49.99,50.03,49.97,49.99,0,0,132570
372,2020-09-15 15:43:00,50.0,50.02,49.98,50.01,0,0,71243
373,2020-09-15 15:44:00,50.02,50.02,49.99,50.0,0,0,52097
374,2020-09-15 15:45:00,50.0,50.02,49.98,50.01,0,0,65348
375,2020-09-15 15:46:00,50.01,50.06,50.01,50.05,0,0,72744
376,2020-09-15 15:47:00,50.05,50.08,50.04,50.07,0,0,34464
377,2020-09-15 15:48:00,50.07,50.08,50.06,50.08,0,0,48709
378,2020-09-15 15:49:00,50.07,50.08,50.06,50.06,0,0,134761
379,2020-09-15 15:50:00,50.06,50.07,50.03,50.05,0,0,211392
380,2020-09-15 15:51:00,50.06,50.06,50.03,50.03,0,0,112265
381,2020-09-15 15:52:00,50.04,50.07,50.03,50.03,0,0,219209
382,2020-09-15 15:53:00,50.03,50.06,50.03,50.04,0,0,161254
383,2020-09-15 15:54:00,50.04,50.08,50.03,50.03,0,0,141725
384,2020-09-15 15:55:00,50.03,50.04,50.0,50.01,0,0,167570
385,2020-09-15 15:56:00,50.01,50.04,50.0,50.03,0,0,183287
386,2020-09-15 15:57:00,50.03,50.04,50.01,50.04,0,0,165519
387,2020-09-15 15:58:00,50.04,50.05,50.02,50.03,0,0,213293
388,2020-09-15 15:59:00,50.03,50.03,49.98,50.0,0,0,584034
389,2020-09-16 09:30:00,50.51,50.51,50.3,50.4,0,0,593847
390,2020-09-16 09:31:00,50.4,50.4,50.27,50.38,0,0,98120
391,2020-09-16 09:32:00,50.38,50.44,50.36,50.42,0,0,109280
392,2020-09-16 09:33:00,50.43,50.54,50.4,50.53,0,0,82258
393,2020-09-16 09:34:00,50.53,50.54,50.36,50.39,0,0,80816
394,2020-09-16 09:35:00,50.39,50.41,50.34,50.38,0,0,98551
395,2020-09-16 09:36:00,50.37,50.4,50.24,50.25,0,0,88542
396,2020-09-16 09:37:00,50.23,50.25,50.17,50.17,0,0,133272
397,2020-09-16 09:38:00,50.17,50.31,50.17,50.28,0,0,90344
398,2020-09-16 09:39:00,50.33,50.36,50.29,50.35,0,0,88654
399,2020-09-16 09:40:00,50.33,50.37,50.31,50.36,0,0,62872
400,2020-09-16 09:41:00,50.35,50.38,50.33,50.35,0,0,145099
401,2020-09-16 09:42:00,50.35,50.36,50.32,50.35,0,0,60214
402,2020-09-16 09:43:00,50.34,50.35,50.29,50.3,0,0,67448
403,2020-09-16 09:44:00,50.3,50.31,50.27,50.31,0,0,50070
404,2020-09-16 09:45:00,50.31,50.36,50.31,50.35,0,0,75735
405,2020-09-16 09:46:00,50.35,50.44,50.34,50.44,0,0,89637
406,2020-09-16 09:47:00,50.43,50.44,50.39,50.43,0,0,50689
407,2020-09-16 09:48:00,50.47,50.51,50.42,50.5,0,0,70807
408,2020-09-16 09:49:00,50.46,50.51,50.44,50.44,0,0,88654
409,2020-09-16 09:50:00,50.37,50.44,50.37,50.37,0,0,101506
410,2020-09-16 09:51:00,50.35,50.38,50.33,50.38,0,0,79999
411,2020-09-16 09:52:00,50.38,50.38,50.31,50.32,0,0,51486
412,2020-09-16 09:53:00,50.31,50.34,50.3,50.3,0,0,101941
413,2020-09-16 09:54:00,50.3,50.32,50.3,50.3,0,0,23883
414,2020-09-16 09:55:00,50.3,50.39,50.29,50.38,0,0,53355
415,2020-09-16 09:56:00,50.39,50.46,50.39,50.45,0,0,65662
416,2020-09-16 09:57:00,50.44,50.48,50.43,50.45,0,0,93495
417,2020-09-16 09:58:00,50.44,50.46,50.42,50.46,0,0,37929
418,2020-09-16 09:59:00,50.46,50.49,50.45,50.49,0,0,34186
419,2020-09-16 10:00:00,50.49,50.52,50.47,50.52,0,0,99408
420,2020-09-16 10:01:00,50.51,50.52,50.47,50.49,0,0,77080
421,2020-09-16 10:02:00,50.49,50.51,50.45,50.51,0,0,33192
422,2020-09-16 10:03:00,50.5,50.51,50.47,50.51,0,0,48708
423,2020-09-16 10:04:00,50.51,50.52,50.48,50.48,0,0,66020
424,2020-09-16 10:05:00,50.47,50.48,50.43,50.47,0,0,59279
425,2020-09-16 10:06:00,50.47,50.49,50.44,50.45,0,0,44801
426,2020-09-16 10:07:00,50.45,50.52,50.45,50.51,0,0,43294
427,2020-09-16 10:08:00,50.52,50.53,50.5,50.51,0,0,76920
428,2020-09-16 10:09:00,50.51,50.52,50.5,50.52,0,0,67680
429,2020-09-16 10:10:00,50.51,50.54,50.49,50.53,0,0,75269
430,2020-09-16 10:11:00,50.53,50.54,50.49,50.49,0,0,98146
431,2020-09-16 10:12:00,50.49,50.54,50.47,50.53,0,0,43168
432,2020-09-16 10:13:00,50.53,50.57,50.53,50.56,0,0,66786
433,2020-09-16 10:14:00,50.55,50.55,50.53,50.55,0,0,56771
434,2020-09-16 10:15:00,50.54,50.56,50.48,50.53,0,0,72998
435,2020-09-16 10:16:00,50.52,50.55,50.51,50.53,0,0,42224
436,2020-09-16 10:17:00,50.53,50.54,50.5,50.52,0,0,42775
437,2020-09-16 10:18:00,50.53,50.53,50.5,50.53,0,0,49751
438,2020-09-16 10:19:00,50.52,50.52,50.48,50.49,0,0,29267
439,2020-09-16 10:20:00,50.49,50.5,50.45,50.49,0,0,70916
440,2020-09-16 10:21:00,50.49,50.51,50.47,50.51,0,0,27139
441,2020-09-16 10:22:00,50.5,50.52,50.47,50.52,0,0,47853
442,2020-09-16 10:23:00,50.51,50.54,50.51,50.53,0,0,61921
443,2020-09-16 10:24:00,50.53,50.54,50.52,50.53,0,0,65606
444,2020-09-16 10:25:00,50.53,50.53,50.49,50.51,0,0,87561
445,2020-09-16 10:26:00,50.5,50.51,50.47,50.49,0,0,44023
446,2020-09-16 10:27:00,50.5,50.5,50.44,50.45,0,0,23648
447,2020-09-16 10:28:00,50.45,50.46,50.41,50.45,0,0,46548
448,2020-09-16 10:29:00,50.45,50.48,50.45,50.45,0,0,45681
449,2020-09-16 10:30:00,50.45,50.48,50.44,50.46,0,0,59751
450,2020-09-16 10:31:00,50.46,50.49,50.44,50.49,0,0,49656
451,2020-09-16 10:32:00,50.48,50.49,50.46,50.49,0,0,33674
452,2020-09-16 10:33:00,50.48,50.51,50.47,50.48,0,0,48460
453,2020-09-16 10:34:00,50.47,50.49,50.44,50.49,0,0,38684
454,2020-09-16 10:35:00,50.5,50.51,50.49,50.51,0,0,47640
455,2020-09-16 10:36:00,50.51,50.51,50.41,50.43,0,0,60695
456,2020-09-16 10:37:00,50.42,50.48,50.42,50.47,0,0,57548
457,2020-09-16 10:38:00,50.47,50.49,50.44,50.48,0,0,32709
458,2020-09-16 10:39:00,50.48,50.5,50.43,50.44,0,0,77846
459,2020-09-16 10:40:00,50.44,50.44,50.42,50.44,0,0,55993
460,2020-09-16 10:41:00,50.44,50.49,50.44,50.47,0,0,709764
461,2020-09-16 10:42:00,50.47,50.49,50.44,50.44,0,0,55728
462,2020-09-16 10:43:00,50.44,50.45,50.39,50.4,0,0,228538
463,2020-09-16 10:44:00,50.4,50.41,50.37,50.38,0,0,45954
464,2020-09-16 10:45:00,50.39,50.4,50.32,50.32,0,0,60305
465,2020-09-16 10:46:00,50.33,50.34,50.28,50.29,0,0,64631
466,2020-09-16 10:47:00,50.28,50.31,50.28,50.3,0,0,52568
467,2020-09-16 10:48:00,50.31,50.35,50.31,50.35,0,0,48885
468,2020-09-16 10:49:00,50.35,50.35,50.29,50.35,0,0,93194
469,2020-09-16 10:50:00,50.35,50.35,50.31,50.33,0,0,31213
470,2020-09-16 10:51:00,50.33,50.4,50.33,50.38,0,0,32601
471,2020-09-16 10:52:00,50.38,50.4,50.37,50.38,0,0,66184
472,2020-09-16 10:53:00,50.37,50.38,50.37,50.38,0,0,8887
473,2020-09-16 10:54:00,50.4,50.4,50.36,50.36,0,0,55617
474,2020-09-16 10:55:00,50.38,50.39,50.38,50.39,0,0,42330
475,2020-09-16 10:56:00,50.39,50.4,50.36,50.39,0,0,39615
476,2020-09-16 10:57:00,50.39,50.42,50.38,50.4,0,0,61788
477,2020-09-16 10:58:00,50.4,50.42,50.39,50.4,0,0,63504
478,2020-09-16 10:59:00,50.4,50.4,50.38,50.38,0,0,44564
479,2020-09-16 11:00:00,50.38,50.44,50.38,50.44,0,0,79024
480,2020-09-16 11:01:00,50.44,50.49,50.42,50.47,0,0,54019
481,2020-09-16 11:02:00,50.47,50.52,50.45,50.51,0,0,30474
482,2020-09-16 11:03:00,50.51,50.53,50.5,50.52,0,0,74576
483,2020-09-16 11:04:00,50.52,50.53,50.51,50.51,0,0,20601
484,2020-09-16 11:05:00,50.51,50.54,50.51,50.53,0,0,37592
485,2020-09-16 11:06:00,50.53,50.54,50.51,50.53,0,0,30839
486,2020-09-16 11:07:00,50.53,50.55,50.53,50.53,0,0,41071
487,2020-09-16 11:08:00,50.53,50.58,50.53,50.56,0,0,59550
488,2020-09-16 11:09:00,50.57,50.59,50.56,50.58,0,0,25124
489,2020-09-16 11:10:00,50.58,50.59,50.56,50.57,0,0,63445
490,2020-09-16 11:11:00,50.58,50.59,50.54,50.56,0,0,57423
491,2020-09-16 11:12:00,50.57,50.6,50.56,50.6,0,0,80638
492,2020-09-16 11:13:00,50.6,50.65,50.59,50.65,0,0,57689
493,2020-09-16 11:14:00,50.65,50.68,50.64,50.67,0,0,377824
494,2020-09-16 11:15:00,50.67,50.69,50.65,50.68,0,0,57538
495,2020-09-16 11:16:00,50.68,50.72,50.67,50.71,0,0,66411
496,2020-09-16 11:17:00,50.71,50.73,50.69,50.73,0,0,75841
497,2020-09-16 11:18:00,50.73,50.74,50.68,50.69,0,0,71216
498,2020-09-16 11:19:00,50.7,50.7,50.67,50.7,0,0,44958
499,2020-09-16 11:20:00,50.69,50.7,50.67,50.68,0,0,34865
500,2020-09-16 11:21:00,50.67,50.67,50.65,50.66,0,0,51839
501,2020-09-16 11:22:00,50.67,50.68,50.65,50.65,0,0,43113
502,2020-09-16 11:23:00,50.65,50.65,50.62,50.65,0,0,28059
503,2020-09-16 11:24:00,50.65,50.66,50.6,50.65,0,0,73276
504,2020-09-16 11:25:00,50.64,50.66,50.63,50.65,0,0,55848
505,2020-09-16 11:27:00,50.65,50.65,50.62,50.63,0,0,75630
506,2020-09-16 11:28:00,50.63,50.63,50.6,50.63,0,0,30168
507,2020-09-16 11:29:00,50.64,50.66,50.63,50.63,0,0,67470
508,2020-09-16 11:30:00,50.64,50.65,50.62,50.63,0,0,36614
509,2020-09-16 11:31:00,50.63,50.65,50.62,50.62,0,0,19218
510,2020-09-16 11:32:00,50.62,50.64,50.62,50.63,0,0,23665
511,2020-09-16 11:33:00,50.64,50.66,50.64,50.65,0,0,44285
512,2020-09-16 11:34:00,50.64,50.69,50.64,50.68,0,0,93396
513,2020-09-16 11:35:00,50.68,50.69,50.65,50.66,0,0,72642
514,2020-09-16 11:36:00,50.65,50.65,50.64,50.64,0,0,14507
515,2020-09-16 11:37:00,50.65,50.66,50.63,50.66,0,0,51371
516,2020-09-16 11:38:00,50.65,50.66,50.62,50.62,0,0,49259
517,2020-09-16 11:39:00,50.63,50.63,50.6,50.6,0,0,33965
518,2020-09-16 11:40:00,50.6,50.61,50.56,50.59,0,0,69190
519,2020-09-16 11:41:00,50.59,50.59,50.56,50.57,0,0,24496
520,2020-09-16 11:42:00,50.57,50.6,50.55,50.6,0,0,42035
521,2020-09-16 11:43:00,50.6,50.63,50.59,50.6,0,0,37246
522,2020-09-16 11:44:00,50.61,50.63,50.59,50.63,0,0,24902
523,2020-09-16 11:45:00,50.63,50.65,50.62,50.63,0,0,16650
524,2020-09-16 11:46:00,50.63,50.64,50.61,50.62,0,0,25206
525,2020-09-16 11:47:00,50.62,50.63,50.62,50.63,0,0,13289
526,2020-09-16 11:48:00,50.62,50.65,50.62,50.65,0,0,33738
527,2020-09-16 11:49:00,50.65,50.66,50.62,50.65,0,0,55928
528,2020-09-16 11:50:00,50.65,50.65,50.63,50.65,0,0,13615
529,2020-09-16 11:51:00,50.65,50.67,50.64,50.65,0,0,52627
530,2020-09-16 11:52:00,50.65,50.65,50.63,50.63,0,0,27655
531,2020-09-16 11:53:00,50.63,50.64,50.62,50.63,0,0,22256
532,2020-09-16 11:54:00,50.63,50.65,50.63,50.65,0,0,34963
533,2020-09-16 11:55:00,50.64,50.65,50.63,50.65,0,0,15499
534,2020-09-16 11:56:00,50.64,50.65,50.64,50.65,0,0,29929
535,2020-09-16 11:57:00,50.64,50.65,50.63,50.63,0,0,30678
536,2020-09-16 11:58:00,50.63,50.65,50.62,50.63,0,0,28426
537,2020-09-16 11:59:00,50.63,50.64,50.61,50.61,0,0,21897
538,2020-09-16 12:00:00,50.61,50.63,50.61,50.62,0,0,27918
539,2020-09-16 12:01:00,50.62,50.63,50.61,50.62,0,0,54377
540,2020-09-16 12:02:00,50.62,50.62,50.57,50.59,0,0,55956
541,2020-09-16 12:03:00,50.59,50.63,50.59,50.62,0,0,26798
542,2020-09-16 12:04:00,50.62,50.62,50.59,50.6,0,0,23182
543,2020-09-16 12:05:00,50.6,50.61,50.6,50.6,0,0,12049
544,2020-09-16 12:06:00,50.6,50.6,50.58,50.6,0,0,29911
545,2020-09-16 12:07:00,50.6,50.6,50.58,50.58,0,0,24366
546,2020-09-16 12:08:00,50.58,50.59,50.56,50.57,0,0,50526
547,2020-09-16 12:09:00,50.56,50.57,50.55,50.56,0,0,35975
548,2020-09-16 12:10:00,50.56,50.6,50.56,50.58,0,0,105171
549,2020-09-16 12:11:00,50.58,50.58,50.55,50.56,0,0,39959
550,2020-09-16 12:12:00,50.56,50.57,50.54,50.54,0,0,23962
551,2020-09-16 12:13:00,50.55,50.56,50.52,50.53,0,0,49943
552,2020-09-16 12:14:00,50.54,50.57,50.53,50.57,0,0,50552
553,2020-09-16 12:15:00,50.57,50.59,50.55,50.55,0,0,48531
554,2020-09-16 12:16:00,50.55,50.55,50.53,50.54,0,0,27247
555,2020-09-16 12:17:00,50.54,50.55,50.53,50.53,0,0,85759
556,2020-09-16 12:18:00,50.54,50.56,50.53,50.54,0,0,53575
557,2020-09-16 12:19:00,50.54,50.56,50.53,50.53,0,0,33454
558,2020-09-16 12:20:00,50.53,50.56,50.53,50.54,0,0,23927
559,2020-09-16 12:21:00,50.54,50.56,50.53,50.55,0,0,19975
560,2020-09-16 12:22:00,50.54,50.56,50.53,50.56,0,0,43128
561,2020-09-16 12:23:00,50.55,50.58,50.55,50.58,0,0,52664
562,2020-09-16 12:24:00,50.58,50.58,50.55,50.55,0,0,18505
563,2020-09-16 12:25:00,50.55,50.55,50.53,50.53,0,0,30019
564,2020-09-16 12:26:00,50.53,50.55,50.53,50.54,0,0,11147
565,2020-09-16 12:27:00,50.55,50.55,50.54,50.55,0,0,9114
566,2020-09-16 12:28:00,50.54,50.56,50.53,50.56,0,0,42432
567,2020-09-16 12:29:00,50.56,50.56,50.55,50.56,0,0,49155
568,2020-09-16 12:30:00,50.56,50.56,50.54,50.55,0,0,31070
569,2020-09-16 12:31:00,50.55,50.55,50.53,50.55,0,0,30961
570,2020-09-16 12:32:00,50.54,50.54,50.5,50.51,0,0,28729
571,2020-09-16 12:33:00,50.51,50.53,50.51,50.53,0,0,23537
572,2020-09-16 12:34:00,50.53,50.53,50.51,50.53,0,0,19436
573,2020-09-16 12:35:00,50.52,50.55,50.52,50.55,0,0,18294
574,2020-09-16 12:36:00,50.55,50.55,50.53,50.55,0,0,30478
575,2020-09-16 12:37:00,50.54,50.56,50.54,50.54,0,0,54823
576,2020-09-16 12:38:00,50.54,50.56,50.54,50.56,0,0,33824
577,2020-09-16 12:39:00,50.56,50.56,50.53,50.55,0,0,123134
578,2020-09-16 12:40:00,50.55,50.55,50.51,50.51,0,0,33660
579,2020-09-16 12:41:00,50.52,50.52,50.49,50.51,0,0,48280
580,2020-09-16 12:42:00,50.5,50.54,50.5,50.53,0,0,31255
581,2020-09-16 12:43:00,50.52,50.52,50.5,50.51,0,0,25335
582,2020-09-16 12:44:00,50.52,50.52,50.5,50.52,0,0,22079
583,2020-09-16 12:45:00,50.51,50.56,50.51,50.54,0,0,42796
584,2020-09-16 12:46:00,50.54,50.54,50.52,50.53,0,0,15444
585,2020-09-16 12:47:00,50.53,50.53,50.52,50.53,0,0,5934
586,2020-09-16 12:48:00,50.53,50.53,50.47,50.5,0,0,59025
587,2020-09-16 12:49:00,50.5,50.51,50.49,50.49,0,0,23392
588,2020-09-16 12:50:00,50.5,50.51,50.49,50.51,0,0,14759
589,2020-09-16 12:51:00,50.51,50.52,50.49,50.5,0,0,20074
590,2020-09-16 12:52:00,50.49,50.49,50.48,50.49,0,0,9132
591,2020-09-16 12:53:00,50.49,50.5,50.49,50.49,0,0,15138
592,2020-09-16 12:54:00,50.49,50.52,50.49,50.52,0,0,23448
593,2020-09-16 12:55:00,50.52,50.54,50.51,50.53,0,0,36261
594,2020-09-16 12:56:00,50.53,50.54,50.53,50.54,0,0,6688
595,2020-09-16 12:57:00,50.53,50.56,50.53,50.54,0,0,43690
596,2020-09-16 12:58:00,50.54,50.56,50.54,50.56,0,0,33856
597,2020-09-16 12:59:00,50.56,50.56,50.53,50.54,0,0,24964
598,2020-09-16 13:00:00,50.53,50.53,50.51,50.51,0,0,15949
599,2020-09-16 13:01:00,50.52,50.54,50.49,50.53,0,0,36958
600,2020-09-16 13:02:00,50.53,50.56,50.53,50.55,0,0,44485
601,2020-09-16 13:03:00,50.55,50.56,50.53,50.54,0,0,16451
602,2020-09-16 13:04:00,50.54,50.56,50.53,50.55,0,0,19551
603,2020-09-16 13:05:00,50.54,50.55,50.53,50.53,0,0,15504
604,2020-09-16 13:06:00,50.53,50.53,50.51,50.51,0,0,22523
605,2020-09-16 13:07:00,50.51,50.52,50.51,50.51,0,0,12102
606,2020-09-16 13:08:00,50.51,50.52,50.5,50.51,0,0,30115
607,2020-09-16 13:09:00,50.51,50.53,50.51,50.52,0,0,18544
608,2020-09-16 13:10:00,50.53,50.53,50.51,50.52,0,0,32726
609,2020-09-16 13:11:00,50.53,50.54,50.51,50.53,0,0,43584
610,2020-09-16 13:12:00,50.52,50.55,50.52,50.53,0,0,25459
611,2020-09-16 13:13:00,50.53,50.54,50.53,50.53,0,0,16995
612,2020-09-16 13:14:00,50.53,50.56,50.53,50.55,0,0,64643
613,2020-09-16 13:15:00,50.56,50.56,50.53,50.56,0,0,38578
614,2020-09-16 13:16:00,50.56,50.56,50.53,50.53,0,0,35176
615,2020-09-16 13:17:00,50.53,50.56,50.53,50.53,0,0,38077
616,2020-09-16 13:18:00,50.53,50.55,50.53,50.55,0,0,8941
617,2020-09-16 13:19:00,50.55,50.56,50.53,50.56,0,0,32001
618,2020-09-16 13:20:00,50.56,50.56,50.53,50.53,0,0,26758
619,2020-09-16 13:21:00,50.54,50.54,50.51,50.52,0,0,24240
620,2020-09-16 13:22:00,50.52,50.56,50.51,50.56,0,0,26310
621,2020-09-16 13:23:00,50.56,50.56,50.54,50.54,0,0,13559
622,2020-09-16 13:24:00,50.55,50.55,50.51,50.53,0,0,20442
623,2020-09-16 13:25:00,50.53,50.54,50.51,50.53,0,0,17453
624,2020-09-16 13:26:00,50.53,50.53,50.47,50.48,0,0,44795
625,2020-09-16 13:27:00,50.48,50.49,50.47,50.48,0,0,17188
626,2020-09-16 13:28:00,50.48,50.49,50.47,50.49,0,0,16708
627,2020-09-16 13:29:00,50.49,50.49,50.45,50.47,0,0,46279
628,2020-09-16 13:30:00,50.47,50.47,50.46,50.47,0,0,18665
629,2020-09-16 13:31:00,50.48,50.49,50.46,50.46,0,0,23005
630,2020-09-16 13:32:00,50.46,50.47,50.44,50.44,0,0,33629
631,2020-09-16 13:33:00,50.44,50.46,50.44,50.45,0,0,49275
632,2020-09-16 13:34:00,50.45,50.46,50.44,50.46,0,0,30182
633,2020-09-16 13:35:00,50.45,50.46,50.43,50.44,0,0,29286
634,2020-09-16 13:36:00,50.44,50.45,50.42,50.42,0,0,15000
635,2020-09-16 13:37:00,50.42,50.44,50.41,50.43,0,0,31041
636,2020-09-16 13:38:00,50.42,50.44,50.42,50.42,0,0,17909
637,2020-09-16 13:39:00,50.42,50.44,50.42,50.43,0,0,18399
638,2020-09-16 13:40:00,50.43,50.44,50.4,50.4,0,0,48009
639,2020-09-16 13:41:00,50.4,50.42,50.39,50.41,0,0,26430
640,2020-09-16 13:42:00,50.41,50.44,50.39,50.44,0,0,30922
641,2020-09-16 13:43:00,50.44,50.44,50.42,50.42,0,0,20212
642,2020-09-16 13:44:00,50.42,50.42,50.39,50.4,0,0,41518
643,2020-09-16 13:45:00,50.39,50.41,50.38,50.4,0,0,29982
644,2020-09-16 13:46:00,50.4,50.43,50.4,50.43,0,0,26574
645,2020-09-16 13:47:00,50.43,50.45,50.42,50.45,0,0,12548
646,2020-09-16 13:48:00,50.45,50.45,50.43,50.44,0,0,41634
647,2020-09-16 13:49:00,50.44,50.45,50.42,50.42,0,0,17734
648,2020-09-16 13:50:00,50.42,50.47,50.42,50.46,0,0,26400
649,2020-09-16 13:51:00,50.46,50.46,50.44,50.46,0,0,33797
650,2020-09-16 13:52:00,50.46,50.46,50.43,50.45,0,0,30809
651,2020-09-16 13:53:00,50.46,50.47,50.45,50.47,0,0,29149
652,2020-09-16 13:54:00,50.47,50.47,50.46,50.47,0,0,29495
653,2020-09-16 13:55:00,50.46,50.47,50.46,50.47,0,0,12911
654,2020-09-16 13:56:00,50.46,50.47,50.46,50.46,0,0,7385
655,2020-09-16 13:57:00,50.47,50.47,50.46,50.46,0,0,56073
656,2020-09-16 13:58:00,50.47,50.47,50.46,50.47,0,0,33626
657,2020-09-16 13:59:00,50.47,50.49,50.47,50.49,0,0,108415
658,2020-09-16 14:00:00,50.49,50.53,50.41,50.47,0,0,202038
659,2020-09-16 14:01:00,50.47,50.54,50.47,50.53,0,0,59516
660,2020-09-16 14:02:00,50.53,50.6,50.52,50.56,0,0,84058
661,2020-09-16 14:03:00,50.56,50.56,50.48,50.52,0,0,41497
662,2020-09-16 14:04:00,50.51,50.52,50.46,50.46,0,0,35311
663,2020-09-16 14:05:00,50.47,50.49,50.45,50.46,0,0,21467
664,2020-09-16 14:06:00,50.46,50.46,50.41,50.42,0,0,30937
665,2020-09-16 14:07:00,50.43,50.47,50.42,50.44,0,0,39498
666,2020-09-16 14:08:00,50.44,50.49,50.44,50.47,0,0,50122
667,2020-09-16 14:09:00,50.47,50.47,50.42,50.45,0,0,29503
668,2020-09-16 14:10:00,50.46,50.48,50.43,50.46,0,0,32758
669,2020-09-16 14:11:00,50.46,50.49,50.45,50.49,0,0,79711
670,2020-09-16 14:12:00,50.49,50.51,50.49,50.51,0,0,97057
671,2020-09-16 14:13:00,50.51,50.54,50.51,50.53,0,0,68354
672,2020-09-16 14:14:00,50.53,50.59,50.53,50.58,0,0,41339
673,2020-09-16 14:15:00,50.58,50.64,50.58,50.63,0,0,79053
674,2020-09-16 14:16:00,50.63,50.65,50.62,50.64,0,0,87012
675,2020-09-16 14:17:00,50.63,50.65,50.63,50.63,0,0,78358
676,2020-09-16 14:18:00,50.65,50.65,50.62,50.62,0,0,50792
677,2020-09-16 14:19:00,50.63,50.63,50.61,50.62,0,0,27556
678,2020-09-16 14:20:00,50.62,50.64,50.61,50.63,0,0,35592
679,2020-09-16 14:21:00,50.63,50.67,50.63,50.67,0,0,58110
680,2020-09-16 14:22:00,50.67,50.7,50.66,50.69,0,0,34191
681,2020-09-16 14:23:00,50.69,50.77,50.69,50.76,0,0,135205
682,2020-09-16 14:24:00,50.76,50.78,50.75,50.76,0,0,60539
683,2020-09-16 14:25:00,50.76,50.78,50.73,50.75,0,0,101960
684,2020-09-16 14:26:00,50.75,50.78,50.74,50.76,0,0,35087
685,2020-09-16 14:27:00,50.76,50.8,50.76,50.79,0,0,46396
686,2020-09-16 14:28:00,50.79,50.81,50.78,50.8,0,0,74047
687,2020-09-16 14:29:00,50.8,50.85,50.8,50.85,0,0,58081
688,2020-09-16 14:30:00,50.85,50.96,50.85,50.94,0,0,137275
689,2020-09-16 14:31:00,50.93,50.94,50.88,50.92,0,0,82554
690,2020-09-16 14:32:00,50.92,50.92,50.88,50.88,0,0,47232
691,2020-09-16 14:33:00,50.88,50.89,50.85,50.87,0,0,41374
692,2020-09-16 14:34:00,50.87,50.93,50.87,50.93,0,0,37022
693,2020-09-16 14:35:00,50.92,50.92,50.86,50.91,0,0,93608
694,2020-09-16 14:36:00,50.91,50.95,50.89,50.94,0,0,111473
695,2020-09-16 14:37:00,50.94,50.96,50.91,50.94,0,0,49947
696,2020-09-16 14:38:00,50.94,51.0,50.94,50.99,0,0,70580
697,2020-09-16 14:39:00,50.99,51.03,50.99,51.03,0,0,174995
698,2020-09-16 14:40:00,51.03,51.03,50.99,51.01,0,0,64094
699,2020-09-16 14:41:00,51.01,51.01,50.97,50.99,0,0,51827
700,2020-09-16 14:42:00,50.99,51.0,50.97,50.97,0,0,33774
701,2020-09-16 14:43:00,50.97,50.98,50.92,50.94,0,0,53842
702,2020-09-16 14:44:00,50.94,50.95,50.91,50.92,0,0,40923
703,2020-09-16 14:45:00,50.92,50.93,50.82,50.82,0,0,82187
704,2020-09-16 14:46:00,50.83,50.84,50.81,50.83,0,0,58982
705,2020-09-16 14:47:00,50.81,50.86,50.81,50.82,0,0,50683
706,2020-09-16 14:48:00,50.83,50.86,50.81,50.85,0,0,70286
707,2020-09-16 14:49:00,50.85,50.88,50.85,50.88,0,0,36351
708,2020-09-16 14:50:00,50.87,50.88,50.81,50.84,0,0,55589
709,2020-09-16 14:51:00,50.83,50.83,50.78,50.79,0,0,80311
710,2020-09-16 14:52:00,50.79,50.8,50.74,50.78,0,0,70795
711,2020-09-16 14:53:00,50.77,50.77,50.73,50.74,0,0,68677
712,2020-09-16 14:54:00,50.74,50.76,50.71,50.71,0,0,65862
713,2020-09-16 14:55:00,50.72,50.74,50.7,50.74,0,0,62878
714,2020-09-16 14:56:00,50.74,50.81,50.73,50.81,0,0,50578
715,2020-09-16 14:57:00,50.8,50.81,50.75,50.79,0,0,89680
716,2020-09-16 14:58:00,50.78,50.8,50.75,50.79,0,0,45990
717,2020-09-16 14:59:00,50.8,50.85,50.78,50.84,0,0,37795
718,2020-09-16 15:00:00,50.85,50.88,50.81,50.88,0,0,57086
719,2020-09-16 15:01:00,50.87,50.9,50.86,50.86,0,0,83067
720,2020-09-16 15:02:00,50.86,50.86,50.81,50.85,0,0,29768
721,2020-09-16 15:03:00,50.84,50.85,50.81,50.84,0,0,43186
722,2020-09-16 15:04:00,50.84,50.86,50.83,50.84,0,0,51218
723,2020-09-16 15:05:00,50.83,50.83,50.76,50.76,0,0,65241
724,2020-09-16 15:06:00,50.75,50.77,50.7,50.77,0,0,59152
725,2020-09-16 15:07:00,50.76,50.81,50.74,50.75,0,0,47774
726,2020-09-16 15:08:00,50.74,50.77,50.74,50.74,0,0,56444
727,2020-09-16 15:09:00,50.74,50.76,50.67,50.67,0,0,98642
728,2020-09-16 15:10:00,50.67,50.71,50.55,50.57,0,0,118864
729,2020-09-16 15:11:00,50.58,50.6,50.5,50.53,0,0,137245
730,2020-09-16 15:12:00,50.53,50.62,50.53,50.6,0,0,88111
731,2020-09-16 15:13:00,50.6,50.63,50.57,50.62,0,0,53583
732,2020-09-16 15:14:00,50.62,50.67,50.61,50.65,0,0,56386
733,2020-09-16 15:15:00,50.64,50.65,50.54,50.56,0,0,69149
734,2020-09-16 15:16:00,50.57,50.61,50.54,50.61,0,0,104386
735,2020-09-16 15:17:00,50.61,50.67,50.6,50.63,0,0,155444
736,2020-09-16 15:18:00,50.62,50.7,50.62,50.7,0,0,83987
737,2020-09-16 15:19:00,50.7,50.76,50.68,50.75,0,0,48562
738,2020-09-16 15:20:00,50.75,50.75,50.69,50.72,0,0,57446
739,2020-09-16 15:21:00,50.72,50.75,50.7,50.72,0,0,52499
740,2020-09-16 15:22:00,50.71,50.72,50.69,50.71,0,0,42675
741,2020-09-16 15:23:00,50.71,50.72,50.68,50.71,0,0,58865
742,2020-09-16 15:24:00,50.7,50.72,50.63,50.64,0,0,62924
743,2020-09-16 15:25:00,50.64,50.67,50.61,50.67,0,0,34874
744,2020-09-16 15:26:00,50.67,50.69,50.65,50.67,0,0,47516
745,2020-09-16 15:27:00,50.67,50.68,50.56,50.56,0,0,64073
746,2020-09-16 15:28:00,50.57,50.6,50.54,50.58,0,0,25050
747,2020-09-16 15:29:00,50.58,50.58,50.54,50.55,0,0,37722
748,2020-09-16 15:30:00,50.56,50.59,50.53,50.53,0,0,43608
749,2020-09-16 15:31:00,50.53,50.53,50.47,50.48,0,0,131058
750,2020-09-16 15:32:00,50.48,50.51,50.41,50.41,0,0,74723
751,2020-09-16 15:33:00,50.42,50.47,50.4,50.46,0,0,70818
752,2020-09-16 15:34:00,50.46,50.5,50.45,50.5,0,0,123679
753,2020-09-16 15:35:00,50.5,50.62,50.5,50.62,0,0,147203
754,2020-09-16 15:36:00,50.62,50.62,50.59,50.62,0,0,64375
755,2020-09-16 15:37:00,50.62,50.62,50.51,50.51,0,0,67011
756,2020-09-16 15:38:00,50.52,50.56,50.5,50.54,0,0,72228
757,2020-09-16 15:39:00,50.54,50.58,50.53,50.58,0,0,149114
758,2020-09-16 15:40:00,50.57,50.57,50.49,50.51,0,0,82394
759,2020-09-16 15:41:00,50.51,50.54,50.51,50.52,0,0,49609
760,2020-09-16 15:42:00,50.53,50.54,50.51,50.53,0,0,47537
761,2020-09-16 15:43:00,50.53,50.61,50.53,50.61,0,0,59600
762,2020-09-16 15:44:00,50.61,50.63,50.59,50.62,0,0,67526
763,2020-09-16 15:45:00,50.62,50.63,50.59,50.63,0,0,72417
764,2020-09-16 15:46:00,50.63,50.69,50.63,50.69,0,0,61072
765,2020-09-16 15:47:00,50.69,50.77,50.69,50.76,0,0,96308
766,2020-09-16 15:48:00,50.75,50.75,50.71,50.73,0,0,65281
767,2020-09-16 15:49:00,50.73,50.78,50.67,50.67,0,0,90440
768,2020-09-16 15:50:00,50.67,50.71,50.58,50.58,0,0,169261
769,2020-09-16 15:51:00,50.58,50.58,50.47,50.49,0,0,112421
770,2020-09-16 15:52:00,50.49,50.54,50.45,50.46,0,0,89784
771,2020-09-16 15:53:00,50.45,50.48,50.44,50.47,0,0,65731
772,2020-09-16 15:54:00,50.47,50.52,50.4,50.4,0,0,217269
773,2020-09-16 15:55:00,50.41,50.46,50.37,50.4,0,0,213336
774,2020-09-16 15:56:00,50.4,50.42,50.33,50.37,0,0,203347
775,2020-09-16 15:57:00,50.37,50.47,50.37,50.42,0,0,208256
776,2020-09-16 15:58:00,50.42,50.42,50.38,50.4,0,0,195039
777,2020-09-16 15:59:00,50.4,50.43,50.32,50.37,0,0,528720
778,2020-09-17 09:30:00,49.37,49.67,49.3,49.42,0,0,1325944
779,2020-09-17 09:31:00,49.42,49.49,49.33,49.45,0,0,141838
780,2020-09-17 09:32:00,49.45,49.48,49.35,49.38,0,0,157045
781,2020-09-17 09:33:00,49.39,49.56,49.34,49.54,0,0,106665
782,2020-09-17 09:34:00,49.5,49.58,49.47,49.49,0,0,97130
783,2020-09-17 09:35:00,49.5,49.54,49.47,49.51,0,0,135972
784,2020-09-17 09:36:00,49.52,49.61,49.48,49.58,0,0,104715
785,2020-09-17 09:37:00,49.65,49.68,49.53,49.68,0,0,140392
786,2020-09-17 09:38:00,49.68,49.73,49.65,49.68,0,0,137946
787,2020-09-17 09:39:00,49.66,49.72,49.59,49.63,0,0,174368
788,2020-09-17 09:40:00,49.63,49.64,49.56,49.57,0,0,93563
789,2020-09-17 09:41:00,49.52,49.6,49.51,49.59,0,0,106146
790,2020-09-17 09:42:00,49.6,49.64,49.58,49.62,0,0,73379
791,2020-09-17 09:43:00,49.62,49.65,49.6,49.6,0,0,67478
792,2020-09-17 09:44:00,49.6,49.63,49.56,49.62,0,0,70565
793,2020-09-17 09:45:00,49.62,49.64,49.61,49.62,0,0,76297
794,2020-09-17 09:46:00,49.57,49.6,49.57,49.6,0,0,95738
795,2020-09-17 09:47:00,49.6,49.63,49.56,49.62,0,0,84494
796,2020-09-17 09:48:00,49.62,49.7,49.62,49.65,0,0,145928
797,2020-09-17 09:49:00,49.67,49.69,49.62,49.66,0,0,98581
798,2020-09-17 09:50:00,49.65,49.74,49.65,49.74,0,0,69652
799,2020-09-17 09:51:00,49.74,49.91,49.73,49.88,0,0,147970
800,2020-09-17 09:52:00,49.88,49.94,49.86,49.88,0,0,110125
801,2020-09-17 09:53:00,49.87,49.88,49.79,49.79,0,0,50189
802,2020-09-17 09:54:00,49.81,49.88,49.81,49.85,0,0,52537
803,2020-09-17 09:55:00,49.85,49.91,49.82,49.88,0,0,63040
804,2020-09-17 09:56:00,49.84,49.9,49.83,49.89,0,0,61066
805,2020-09-17 09:57:00,49.89,49.91,49.84,49.87,0,0,50029
806,2020-09-17 09:58:00,49.88,49.9,49.84,49.84,0,0,92961
807,2020-09-17 09:59:00,49.83,49.85,49.81,49.83,0,0,96771
808,2020-09-17 10:00:00,49.83,49.85,49.82,49.84,0,0,118031
809,2020-09-17 10:01:00,49.84,49.85,49.81,49.81,0,0,187146
810,2020-09-17 10:02:00,49.82,49.83,49.76,49.83,0,0,88174
811,2020-09-17 10:03:00,49.84,49.87,49.81,49.87,0,0,47315
812,2020-09-17 10:04:00,49.87,49.99,49.87,49.99,0,0,63727
813,2020-09-17 10:05:00,49.98,50.1,49.97,50.08,0,0,91036
814,2020-09-17 10:06:00,50.07,50.08,50.0,50.03,0,0,48818
815,2020-09-17 10:07:00,50.03,50.07,50.01,50.03,0,0,68194
816,2020-09-17 10:08:00,50.03,50.13,50.02,50.13,0,0,51507
817,2020-09-17 10:09:00,50.12,50.14,50.1,50.1,0,0,39008
818,2020-09-17 10:10:00,50.1,50.18,50.06,50.17,0,0,79662
819,2020-09-17 10:11:00,50.18,50.2,50.12,50.12,0,0,60589
820,2020-09-17 10:12:00,50.12,50.16,50.12,50.16,0,0,32540
821,2020-09-17 10:13:00,50.15,50.17,50.12,50.16,0,0,51155
822,2020-09-17 10:14:00,50.16,50.16,50.08,50.1,0,0,71667
823,2020-09-17 10:15:00,50.1,50.11,50.06,50.1,0,0,34367
824,2020-09-17 10:16:00,50.11,50.14,50.03,50.03,0,0,58629
825,2020-09-17 10:17:00,50.04,50.05,50.02,50.03,0,0,40808
826,2020-09-17 10:18:00,50.03,50.06,49.99,50.01,0,0,40609
827,2020-09-17 10:19:00,50.02,50.07,50.01,50.07,0,0,40232
828,2020-09-17 10:20:00,50.07,50.21,50.06,50.2,0,0,61742
829,2020-09-17 10:21:00,50.2,50.23,50.17,50.22,0,0,35363
830,2020-09-17 10:22:00,50.22,50.23,50.09,50.09,0,0,49836
831,2020-09-17 10:23:00,50.08,50.08,49.98,50.0,0,0,96041
832,2020-09-17 10:24:00,50.0,50.04,49.98,50.01,0,0,54243
833,2020-09-17 10:25:00,50.01,50.02,49.89,49.9,0,0,77141
834,2020-09-17 10:26:00,49.91,49.95,49.88,49.94,0,0,70400
835,2020-09-17 10:27:00,49.94,49.99,49.93,49.98,0,0,40384
836,2020-09-17 10:28:00,49.98,50.01,49.96,49.99,0,0,28898
837,2020-09-17 10:29:00,49.99,50.01,49.95,50.01,0,0,32851
838,2020-09-17 10:30:00,50.01,50.11,49.99,50.11,0,0,62269
839,2020-09-17 10:31:00,50.1,50.12,50.08,50.1,0,0,31701
840,2020-09-17 10:32:00,50.1,50.17,50.1,50.14,0,0,32407
841,2020-09-17 10:33:00,50.14,50.14,50.08,50.14,0,0,78064
842,2020-09-17 10:34:00,50.15,50.25,50.15,50.25,0,0,36536
843,2020-09-17 10:35:00,50.25,50.28,50.19,50.19,0,0,59726
844,2020-09-17 10:36:00,50.2,50.22,50.15,50.2,0,0,44754
845,2020-09-17 10:37:00,50.19,50.22,50.14,50.21,0,0,38935
846,2020-09-17 10:38:00,50.22,50.29,50.19,50.28,0,0,34245
847,2020-09-17 10:39:00,50.28,50.31,50.27,50.29,0,0,37935
848,2020-09-17 10:40:00,50.29,50.29,50.24,50.28,0,0,75940
849,2020-09-17 10:41:00,50.28,50.29,50.24,50.27,0,0,139270
850,2020-09-17 10:42:00,50.28,50.33,50.25,50.32,0,0,49606
851,2020-09-17 10:43:00,50.31,50.32,50.24,50.26,0,0,84849
852,2020-09-17 10:44:00,50.24,50.25,50.22,50.25,0,0,23630
853,2020-09-17 10:45:00,50.31,50.38,50.28,50.36,0,0,115483
854,2020-09-17 10:46:00,50.35,50.38,50.35,50.37,0,0,33259
855,2020-09-17 10:47:00,50.36,50.41,50.34,50.4,0,0,39723
856,2020-09-17 10:48:00,50.4,50.41,50.35,50.35,0,0,32841
857,2020-09-17 10:49:00,50.35,50.39,50.35,50.36,0,0,31202
858,2020-09-17 10:50:00,50.37,50.41,50.36,50.38,0,0,50806
859,2020-09-17 10:51:00,50.38,50.4,50.3,50.34,0,0,38195
860,2020-09-17 10:52:00,50.34,50.35,50.3,50.35,0,0,31731
861,2020-09-17 10:53:00,50.34,50.36,50.31,50.32,0,0,48188
862,2020-09-17 10:54:00,50.33,50.34,50.29,50.33,0,0,72285
863,2020-09-17 10:55:00,50.32,50.32,50.27,50.29,0,0,31478
864,2020-09-17 10:56:00,50.3,50.35,50.3,50.31,0,0,47548
865,2020-09-17 10:57:00,50.32,50.36,50.31,50.32,0,0,33178
866,2020-09-17 10:58:00,50.32,50.33,50.3,50.31,0,0,31989
867,2020-09-17 10:59:00,50.32,50.33,50.28,50.31,0,0,52956
868,2020-09-17 11:00:00,50.32,50.4,50.31,50.37,0,0,45287
869,2020-09-17 11:01:00,50.38,50.43,50.38,50.41,0,0,36372
870,2020-09-17 11:02:00,50.41,50.45,50.41,50.43,0,0,39196
871,2020-09-17 11:03:00,50.43,50.43,50.39,50.42,0,0,31097
872,2020-09-17 11:04:00,50.42,50.43,50.38,50.42,0,0,32736
873,2020-09-17 11:05:00,50.42,50.44,50.4,50.42,0,0,34615
874,2020-09-17 11:06:00,50.43,50.44,50.39,50.42,0,0,33170
875,2020-09-17 11:07:00,50.42,50.46,50.41,50.44,0,0,96740
876,2020-09-17 11:08:00,50.44,50.44,50.38,50.43,0,0,64049
877,2020-09-17 11:09:00,50.43,50.44,50.38,50.4,0,0,57137
878,2020-09-17 11:10:00,50.4,50.44,50.38,50.44,0,0,31794
879,2020-09-17 11:11:00,50.45,50.46,50.38,50.38,0,0,40626
880,2020-09-17 11:12:00,50.38,50.39,50.36,50.36,0,0,8828
881,2020-09-17 11:13:00,50.39,50.39,50.38,50.38,0,0,43585
882,2020-09-17 11:14:00,50.32,50.35,50.31,50.35,0,0,40526
883,2020-09-17 11:15:00,50.44,50.44,50.42,50.42,0,0,74041
884,2020-09-17 11:16:00,50.43,50.44,50.39,50.44,0,0,45943
885,2020-09-17 11:17:00,50.44,50.44,50.32,50.33,0,0,44395
886,2020-09-17 11:18:00,50.33,50.34,50.29,50.29,0,0,57250
887,2020-09-17 11:19:00,50.3,50.32,50.27,50.29,0,0,49402
888,2020-09-17 11:20:00,50.3,50.31,50.26,50.3,0,0,45590
889,2020-09-17 11:21:00,50.31,50.34,50.28,50.29,0,0,38152
890,2020-09-17 11:22:00,50.29,50.31,50.26,50.28,0,0,70521
891,2020-09-17 11:23:00,50.28,50.3,50.27,50.28,0,0,33934
892,2020-09-17 11:24:00,50.28,50.29,50.22,50.26,0,0,59293
893,2020-09-17 11:25:00,50.26,50.27,50.24,50.24,0,0,65891
894,2020-09-17 11:26:00,50.24,50.26,50.2,50.26,0,0,44512
895,2020-09-17 11:27:00,50.25,50.28,50.24,50.27,0,0,24443
896,2020-09-17 11:28:00,50.28,50.3,50.24,50.25,0,0,46140
897,2020-09-17 11:29:00,50.25,50.28,50.24,50.27,0,0,30367
898,2020-09-17 11:30:00,50.28,50.32,50.27,50.3,0,0,44879
899,2020-09-17 11:31:00,50.31,50.35,50.28,50.34,0,0,39206
900,2020-09-17 11:32:00,50.34,50.42,50.33,50.39,0,0,66520
901,2020-09-17 11:33:00,50.38,50.4,50.25,50.26,0,0,33898
902,2020-09-17 11:34:00,50.27,50.3,50.23,50.26,0,0,44393
903,2020-09-17 11:35:00,50.27,50.3,50.24,50.25,0,0,54693
904,2020-09-17 11:36:00,50.24,50.28,50.21,50.26,0,0,36534
905,2020-09-17 11:37:00,50.26,50.33,50.25,50.33,0,0,22230
906,2020-09-17 11:38:00,50.33,50.33,50.28,50.31,0,0,31313
907,2020-09-17 11:39:00,50.32,50.32,50.28,50.3,0,0,24612
908,2020-09-17 11:40:00,50.31,50.35,50.21,50.23,0,0,48086
909,2020-09-17 11:41:00,50.23,50.23,50.12,50.15,0,0,66130
910,2020-09-17 11:42:00,50.16,50.17,50.11,50.15,0,0,41125
911,2020-09-17 11:43:00,50.15,50.15,50.1,50.12,0,0,35837
912,2020-09-17 11:44:00,50.12,50.12,50.08,50.1,0,0,47533
913,2020-09-17 11:45:00,50.12,50.13,50.04,50.06,0,0,71881
914,2020-09-17 11:46:00,50.06,50.09,50.05,50.09,0,0,70686
915,2020-09-17 11:47:00,50.1,50.12,50.04,50.05,0,0,66391
916,2020-09-17 11:48:00,50.05,50.07,50.03,50.06,0,0,28782
917,2020-09-17 11:49:00,50.06,50.1,50.05,50.05,0,0,49505
918,2020-09-17 11:50:00,50.06,50.1,50.05,50.05,0,0,49891
919,2020-09-17 11:51:00,50.06,50.07,50.02,50.02,0,0,94195
920,2020-09-17 11:52:00,50.02,50.06,50.02,50.03,0,0,40484
921,2020-09-17 11:53:00,50.04,50.08,50.03,50.07,0,0,59780
922,2020-09-17 11:54:00,50.06,50.08,50.05,50.06,0,0,31959
923,2020-09-17 11:55:00,50.06,50.08,50.04,50.05,0,0,48356
924,2020-09-17 11:56:00,50.05,50.06,50.0,50.0,0,0,74159
925,2020-09-17 11:57:00,50.0,50.06,49.99,50.03,0,0,90926
926,2020-09-17 11:58:00,50.04,50.11,50.04,50.09,0,0,98734
927,2020-09-17 11:59:00,50.09,50.1,50.03,50.06,0,0,35028
928,2020-09-17 12:00:00,50.05,50.06,50.03,50.04,0,0,26000
929,2020-09-17 12:01:00,50.05,50.12,50.05,50.1,0,0,31830
930,2020-09-17 12:02:00,50.1,50.11,50.06,50.08,0,0,42609
931,2020-09-17 12:03:00,50.07,50.07,50.03,50.06,0,0,30498
932,2020-09-17 12:04:00,50.07,50.11,50.07,50.1,0,0,36538
933,2020-09-17 12:05:00,50.1,50.15,50.1,50.12,0,0,31917
934,2020-09-17 12:06:00,50.11,50.12,50.09,50.09,0,0,30287
935,2020-09-17 12:07:00,50.1,50.13,50.04,50.04,0,0,53013
936,2020-09-17 12:08:00,50.03,50.07,50.02,50.05,0,0,42072
937,2020-09-17 12:09:00,50.05,50.07,50.01,50.04,0,0,67109
938,2020-09-17 12:10:00,50.05,50.05,49.96,49.96,0,0,38932
939,2020-09-17 12:11:00,49.97,50.01,49.91,49.91,0,0,108333
940,2020-09-17 12:12:00,49.91,49.94,49.83,49.84,0,0,111604
941,2020-09-17 12:13:00,49.85,49.89,49.84,49.85,0,0,54161
942,2020-09-17 12:14:00,49.85,49.85,49.79,49.85,0,0,131196
943,2020-09-17 12:15:00,49.85,49.86,49.81,49.83,0,0,59684
944,2020-09-17 12:16:00,49.83,49.87,49.83,49.84,0,0,70493
945,2020-09-17 12:17:00,49.84,49.85,49.76,49.76,0,0,81833
946,2020-09-17 12:18:00,49.76,49.77,49.72,49.76,0,0,92040
947,2020-09-17 12:19:00,49.76,49.79,49.75,49.75,0,0,71951
948,2020-09-17 12:20:00,49.76,49.77,49.72,49.74,0,0,66934
949,2020-09-17 12:21:00,49.74,49.8,49.74,49.77,0,0,65734
950,2020-09-17 12:22:00,49.77,49.79,49.75,49.78,0,0,50866
951,2020-09-17 12:23:00,49.78,49.8,49.77,49.8,0,0,40208
952,2020-09-17 12:24:00,49.79,49.83,49.74,49.83,0,0,91235
953,2020-09-17 12:25:00,49.82,49.82,49.74,49.75,0,0,53683
954,2020-09-17 12:26:00,49.74,49.81,49.73,49.8,0,0,105188
955,2020-09-17 12:27:00,49.81,49.84,49.78,49.83,0,0,56349
956,2020-09-17 12:28:00,49.83,49.83,49.79,49.8,0,0,44591
957,2020-09-17 12:29:00,49.79,49.82,49.79,49.81,0,0,26375
958,2020-09-17 12:30:00,49.81,49.84,49.74,49.83,0,0,70115
959,2020-09-17 12:31:00,49.84,49.9,49.83,49.84,0,0,51116
960,2020-09-17 12:32:00,49.83,49.83,49.77,49.83,0,0,33563
961,2020-09-17 12:33:00,49.83,49.83,49.77,49.78,0,0,43480
962,2020-09-17 12:34:00,49.77,49.85,49.76,49.85,0,0,22794
963,2020-09-17 12:35:00,49.85,49.88,49.8,49.85,0,0,48537
964,2020-09-17 12:36:00,49.85,49.88,49.83,49.87,0,0,24133
965,2020-09-17 12:37:00,49.88,49.88,49.83,49.85,0,0,33740
966,2020-09-17 12:38:00,49.86,49.95,49.86,49.94,0,0,152778
967,2020-09-17 12:39:00,49.93,49.94,49.89,49.91,0,0,157264
968,2020-09-17 12:40:00,49.91,49.98,49.88,49.97,0,0,101603
969,2020-09-17 12:41:00,49.98,50.02,49.95,49.97,0,0,144691
970,2020-09-17 12:42:00,49.97,50.01,49.95,49.95,0,0,51646
971,2020-09-17 12:43:00,49.96,49.98,49.91,49.93,0,0,72907
972,2020-09-17 12:44:00,49.94,49.98,49.9,49.96,0,0,67891
973,2020-09-17 12:45:00,49.96,49.98,49.92,49.92,0,0,39546
974,2020-09-17 12:46:00,49.92,49.93,49.85,49.88,0,0,118083
975,2020-09-17 12:47:00,49.89,49.93,49.85,49.85,0,0,57557
976,2020-09-17 12:48:00,49.86,49.9,49.85,49.89,0,0,53995
977,2020-09-17 12:49:00,49.88,49.96,49.88,49.92,0,0,56697
978,2020-09-17 12:50:00,49.93,49.94,49.85,49.9,0,0,33399
979,2020-09-17 12:51:00,49.9,49.99,49.9,49.98,0,0,33592
980,2020-09-17 12:52:00,49.99,50.03,49.95,50.02,0,0,43962
981,2020-09-17 12:53:00,50.02,50.04,49.99,50.01,0,0,38804
982,2020-09-17 12:54:00,50.01,50.12,50.0,50.09,0,0,80427
983,2020-09-17 12:55:00,50.1,50.16,50.08,50.16,0,0,46950
984,2020-09-17 12:56:00,50.17,50.18,50.14,50.17,0,0,47609
985,2020-09-17 12:57:00,50.18,50.2,50.16,50.17,0,0,37537
986,2020-09-17 12:58:00,50.17,50.19,50.15,50.16,0,0,54731
987,2020-09-17 12:59:00,50.15,50.19,50.13,50.18,0,0,45836
988,2020-09-17 13:00:00,50.19,50.22,50.17,50.2,0,0,45591
989,2020-09-17 13:01:00,50.21,50.22,50.17,50.19,0,0,41506
990,2020-09-17 13:02:00,50.19,50.19,50.16,50.19,0,0,44200
991,2020-09-17 13:03:00,50.19,50.21,50.18,50.19,0,0,27805
992,2020-09-17 13:04:00,50.18,50.22,50.18,50.21,0,0,32701
993,2020-09-17 13:05:00,50.21,50.22,50.16,50.21,0,0,41827
994,2020-09-17 13:06:00,50.21,50.24,50.21,50.23,0,0,37152
995,2020-09-17 13:07:00,50.23,50.24,50.21,50.23,0,0,36478
996,2020-09-17 13:08:00,50.23,50.23,50.2,50.23,0,0,21997
997,2020-09-17 13:09:00,50.24,50.24,50.22,50.22,0,0,19429
998,2020-09-17 13:10:00,50.22,50.26,50.2,50.21,0,0,28377
999,2020-09-17 13:11:00,50.2,50.22,50.18,50.22,0,0,48624
1000,2020-09-17 13:12:00,50.23,50.24,50.21,50.22,0,0,36151
1001,2020-09-17 13:13:00,50.22,50.25,50.21,50.22,0,0,36720
1002,2020-09-17 13:14:00,50.23,50.24,50.21,50.24,0,0,18018
1003,2020-09-17 13:15:00,50.25,50.26,50.17,50.18,0,0,43982
1004,2020-09-17 13:16:00,50.18,50.21,50.07,50.08,0,0,89176
1005,2020-09-17 13:17:00,50.08,50.13,50.08,50.12,0,0,41726
1006,2020-09-17 13:18:00,50.12,50.15,50.12,50.14,0,0,39788
1007,2020-09-17 13:19:00,50.15,50.15,50.12,50.13,0,0,30227
1008,2020-09-17 13:20:00,50.13,50.16,50.11,50.14,0,0,28529
1009,2020-09-17 13:21:00,50.15,50.16,50.13,50.15,0,0,26240
1010,2020-09-17 13:22:00,50.14,50.16,50.13,50.15,0,0,23517
1011,2020-09-17 13:23:00,50.15,50.15,50.1,50.11,0,0,41997
1012,2020-09-17 13:24:00,50.11,50.17,50.11,50.17,0,0,32285
1013,2020-09-17 13:25:00,50.17,50.19,50.16,50.19,0,0,29321
1014,2020-09-17 13:26:00,50.2,50.21,50.18,50.2,0,0,26217
1015,2020-09-17 13:27:00,50.19,50.19,50.15,50.17,0,0,20688
1016,2020-09-17 13:28:00,50.17,50.19,50.14,50.18,0,0,30656
1017,2020-09-17 13:29:00,50.2,50.24,50.19,50.21,0,0,41928
1018,2020-09-17 13:30:00,50.21,50.23,50.19,50.21,0,0,60075
1019,2020-09-17 13:31:00,50.22,50.26,50.22,50.26,0,0,35087
1020,2020-09-17 13:32:00,50.25,50.28,50.25,50.26,0,0,21965
1021,2020-09-17 13:33:00,50.25,50.28,50.24,50.27,0,0,25888
1022,2020-09-17 13:34:00,50.28,50.29,50.26,50.26,0,0,41956
1023,2020-09-17 13:35:00,50.27,50.3,50.25,50.29,0,0,19555
1024,2020-09-17 13:36:00,50.29,50.3,50.24,50.24,0,0,65134
1025,2020-09-17 13:37:00,50.24,50.24,50.21,50.22,0,0,74270
1026,2020-09-17 13:38:00,50.22,50.23,50.21,50.22,0,0,22390
1027,2020-09-17 13:39:00,50.24,50.28,50.24,50.28,0,0,31166
1028,2020-09-17 13:40:00,50.28,50.28,50.25,50.26,0,0,24567
1029,2020-09-17 13:41:00,50.26,50.29,50.24,50.28,0,0,22717
1030,2020-09-17 13:42:00,50.28,50.31,50.27,50.31,0,0,31540
1031,2020-09-17 13:43:00,50.31,50.35,50.31,50.35,0,0,17718
1032,2020-09-17 13:44:00,50.35,50.35,50.33,50.33,0,0,21640
1033,2020-09-17 13:45:00,50.33,50.33,50.31,50.31,0,0,22251
1034,2020-09-17 13:46:00,50.31,50.31,50.27,50.28,0,0,23016
1035,2020-09-17 13:47:00,50.27,50.27,50.25,50.26,0,0,24516
1036,2020-09-17 13:48:00,50.27,50.34,50.26,50.34,0,0,40718
1037,2020-09-17 13:49:00,50.34,50.35,50.32,50.33,0,0,30184
1038,2020-09-17 13:50:00,50.33,50.33,50.27,50.29,0,0,24269
1039,2020-09-17 13:51:00,50.3,50.32,50.29,50.31,0,0,16403
1040,2020-09-17 13:52:00,50.32,50.34,50.31,50.31,0,0,21504
1041,2020-09-17 13:53:00,50.32,50.38,50.32,50.34,0,0,32490
1042,2020-09-17 13:54:00,50.34,50.36,50.31,50.33,0,0,34461
1043,2020-09-17 13:55:00,50.33,50.34,50.32,50.32,0,0,35858
1044,2020-09-17 13:56:00,50.32,50.32,50.25,50.32,0,0,45350
1045,2020-09-17 13:57:00,50.32,50.33,50.28,50.28,0,0,34321
1046,2020-09-17 13:58:00,50.29,50.31,50.28,50.31,0,0,13575
1047,2020-09-17 13:59:00,50.32,50.33,50.29,50.3,0,0,17322
1048,2020-09-17 14:00:00,50.31,50.34,50.3,50.34,0,0,23847
1049,2020-09-17 14:01:00,50.34,50.35,50.31,50.34,0,0,19439
1050,2020-09-17 14:02:00,50.34,50.36,50.32,50.35,0,0,23375
1051,2020-09-17 14:03:00,50.36,50.36,50.34,50.35,0,0,20329
1052,2020-09-17 14:04:00,50.35,50.37,50.34,50.36,0,0,25918
1053,2020-09-17 14:05:00,50.35,50.37,50.35,50.36,0,0,24748
1054,2020-09-17 14:06:00,50.36,50.38,50.35,50.37,0,0,15005
1055,2020-09-17 14:07:00,50.37,50.39,50.37,50.39,0,0,14242
1056,2020-09-17 14:08:00,50.4,50.4,50.36,50.36,0,0,21417
1057,2020-09-17 14:09:00,50.35,50.35,50.34,50.34,0,0,19120
1058,2020-09-17 14:10:00,50.33,50.33,50.31,50.33,0,0,17836
1059,2020-09-17 14:11:00,50.33,50.39,50.31,50.33,0,0,43550
1060,2020-09-17 14:12:00,50.34,50.36,50.32,50.35,0,0,15964
1061,2020-09-17 14:13:00,50.35,50.37,50.33,50.37,0,0,22446
1062,2020-09-17 14:14:00,50.37,50.37,50.34,50.35,0,0,30185
1063,2020-09-17 14:15:00,50.35,50.37,50.34,50.37,0,0,15645
1064,2020-09-17 14:16:00,50.36,50.37,50.31,50.33,0,0,20719
1065,2020-09-17 14:17:00,50.34,50.36,50.33,50.33,0,0,22940
1066,2020-09-17 14:18:00,50.33,50.33,50.29,50.29,0,0,18619
1067,2020-09-17 14:19:00,50.29,50.33,50.29,50.33,0,0,35072
1068,2020-09-17 14:20:00,50.32,50.33,50.27,50.29,0,0,27942
1069,2020-09-17 14:21:00,50.29,50.3,50.26,50.28,0,0,27425
1070,2020-09-17 14:22:00,50.29,50.31,50.28,50.29,0,0,20676
1071,2020-09-17 14:23:00,50.29,50.32,50.27,50.31,0,0,31112
1072,2020-09-17 14:24:00,50.31,50.31,50.27,50.28,0,0,33899
1073,2020-09-17 14:25:00,50.28,50.31,50.26,50.31,0,0,24673
1074,2020-09-17 14:26:00,50.31,50.31,50.27,50.28,0,0,21872
1075,2020-09-17 14:27:00,50.28,50.28,50.24,50.24,0,0,25956
1076,2020-09-17 14:28:00,50.23,50.24,50.15,50.17,0,0,46941
1077,2020-09-17 14:29:00,50.16,50.18,50.11,50.11,0,0,48589
1078,2020-09-17 14:30:00,50.11,50.12,50.08,50.12,0,0,49440
1079,2020-09-17 14:31:00,50.11,50.14,50.1,50.12,0,0,55953
1080,2020-09-17 14:32:00,50.11,50.15,50.1,50.14,0,0,39676
1081,2020-09-17 14:33:00,50.15,50.15,50.13,50.14,0,0,31310
1082,2020-09-17 14:34:00,50.14,50.14,50.1,50.13,0,0,30295
1083,2020-09-17 14:35:00,50.13,50.15,50.11,50.13,0,0,32834
1084,2020-09-17 14:36:00,50.13,50.15,50.08,50.1,0,0,35141
1085,2020-09-17 14:37:00,50.11,50.12,50.1,50.1,0,0,21223
1086,2020-09-17 14:38:00,50.11,50.11,50.1,50.11,0,0,14729
1087,2020-09-17 14:39:00,50.11,50.11,50.06,50.08,0,0,57513
1088,2020-09-17 14:40:00,50.08,50.1,50.05,50.08,0,0,43835
1089,2020-09-17 14:41:00,50.08,50.15,50.08,50.12,0,0,64177
1090,2020-09-17 14:42:00,50.12,50.15,50.12,50.15,0,0,44283
1091,2020-09-17 14:43:00,50.15,50.17,50.14,50.17,0,0,25318
1092,2020-09-17 14:44:00,50.17,50.21,50.17,50.18,0,0,30910
1093,2020-09-17 14:45:00,50.17,50.2,50.16,50.19,0,0,36316
1094,2020-09-17 14:46:00,50.19,50.2,50.18,50.19,0,0,25845
1095,2020-09-17 14:47:00,50.19,50.21,50.19,50.21,0,0,27374
1096,2020-09-17 14:48:00,50.21,50.24,50.21,50.23,0,0,36150
1097,2020-09-17 14:49:00,50.22,50.24,50.19,50.2,0,0,31051
1098,2020-09-17 14:50:00,50.21,50.23,50.17,50.17,0,0,27595
1099,2020-09-17 14:51:00,50.17,50.19,50.16,50.18,0,0,28557
1100,2020-09-17 14:52:00,50.18,50.18,50.15,50.18,0,0,49505
1101,2020-09-17 14:53:00,50.18,50.2,50.17,50.2,0,0,18996
1102,2020-09-17 14:54:00,50.2,50.24,50.19,50.22,0,0,39762
1103,2020-09-17 14:55:00,50.21,50.26,50.19,50.24,0,0,67597
1104,2020-09-17 14:56:00,50.24,50.24,50.19,50.21,0,0,42859
1105,2020-09-17 14:57:00,50.21,50.22,50.19,50.21,0,0,25484
1106,2020-09-17 14:58:00,50.21,50.22,50.2,50.22,0,0,22207
1107,2020-09-17 14:59:00,50.22,50.22,50.16,50.19,0,0,42153
1108,2020-09-17 15:00:00,50.19,50.22,50.15,50.16,0,0,52409
1109,2020-09-17 15:01:00,50.16,50.18,50.13,50.15,0,0,52176
1110,2020-09-17 15:02:00,50.15,50.16,50.11,50.11,0,0,60109
1111,2020-09-17 15:03:00,50.11,50.11,50.08,50.08,0,0,50311
1112,2020-09-17 15:04:00,50.08,50.08,50.03,50.04,0,0,60068
1113,2020-09-17 15:05:00,50.04,50.05,50.02,50.05,0,0,29852
1114,2020-09-17 15:06:00,50.05,50.08,50.05,50.06,0,0,35307
1115,2020-09-17 15:07:00,50.07,50.11,50.06,50.09,0,0,26784
1116,2020-09-17 15:08:00,50.09,50.14,50.09,50.13,0,0,22447
1117,2020-09-17 15:09:00,50.14,50.15,50.13,50.15,0,0,23808
1118,2020-09-17 15:10:00,50.15,50.22,50.15,50.21,0,0,45086
1119,2020-09-17 15:11:00,50.21,50.3,50.19,50.28,0,0,100118
1120,2020-09-17 15:12:00,50.28,50.29,50.24,50.26,0,0,73973
1121,2020-09-17 15:13:00,50.27,50.34,50.25,50.33,0,0,53718
1122,2020-09-17 15:14:00,50.33,50.36,50.31,50.32,0,0,50130
1123,2020-09-17 15:15:00,50.32,50.36,50.31,50.34,0,0,31791
1124,2020-09-17 15:16:00,50.34,50.36,50.31,50.35,0,0,40900
1125,2020-09-17 15:17:00,50.35,50.35,50.3,50.32,0,0,42078
1126,2020-09-17 15:18:00,50.31,50.33,50.28,50.3,0,0,36764
1127,2020-09-17 15:19:00,50.3,50.3,50.25,50.25,0,0,33965
1128,2020-09-17 15:20:00,50.26,50.31,50.26,50.31,0,0,35983
1129,2020-09-17 15:21:00,50.32,50.33,50.26,50.28,0,0,41701
1130,2020-09-17 15:22:00,50.27,50.29,50.23,50.23,0,0,37630
1131,2020-09-17 15:23:00,50.24,50.29,50.24,50.27,0,0,47576
1132,2020-09-17 15:24:00,50.27,50.27,50.2,50.21,0,0,66391
1133,2020-09-17 15:25:00,50.21,50.21,50.16,50.18,0,0,44433
1134,2020-09-17 15:26:00,50.17,50.17,50.12,50.13,0,0,69634
1135,2020-09-17 15:27:00,50.14,50.15,50.1,50.13,0,0,99654
1136,2020-09-17 15:28:00,50.13,50.13,50.08,50.11,0,0,85087
1137,2020-09-17 15:29:00,50.12,50.14,50.1,50.12,0,0,38281
1138,2020-09-17 15:30:00,50.1,50.16,50.1,50.15,0,0,56072
1139,2020-09-17 15:31:00,50.15,50.2,50.11,50.19,0,0,46867
1140,2020-09-17 15:32:00,50.2,50.26,50.19,50.25,0,0,84427
1141,2020-09-17 15:33:00,50.25,50.3,50.24,50.26,0,0,86730
1142,2020-09-17 15:34:00,50.26,50.3,50.26,50.29,0,0,64184
1143,2020-09-17 15:35:00,50.29,50.33,50.27,50.3,0,0,55144
1144,2020-09-17 15:36:00,50.3,50.33,50.28,50.29,0,0,75778
1145,2020-09-17 15:37:00,50.29,50.34,50.29,50.29,0,0,106425
1146,2020-09-17 15:38:00,50.29,50.31,50.26,50.3,0,0,42251
1147,2020-09-17 15:39:00,50.31,50.37,50.31,50.37,0,0,50421
1148,2020-09-17 15:40:00,50.38,50.4,50.35,50.35,0,0,76253
1149,2020-09-17 15:41:00,50.35,50.38,50.33,50.38,0,0,31070
1150,2020-09-17 15:42:00,50.37,50.38,50.33,50.33,0,0,50564
1151,2020-09-17 15:43:00,50.34,50.36,50.33,50.35,0,0,49444
1152,2020-09-17 15:44:00,50.35,50.37,50.3,50.31,0,0,36488
1153,2020-09-17 15:45:00,50.31,50.33,50.27,50.3,0,0,61937
1154,2020-09-17 15:46:00,50.3,50.3,50.24,50.26,0,0,48065
1155,2020-09-17 15:47:00,50.26,50.33,50.26,50.33,0,0,49961
1156,2020-09-17 15:48:00,50.33,50.38,50.31,50.37,0,0,44929
1157,2020-09-17 15:49:00,50.36,50.38,50.33,50.35,0,0,61199
1158,2020-09-17 15:50:00,50.33,50.36,50.29,50.34,0,0,185550
1159,2020-09-17 15:51:00,50.33,50.33,50.28,50.3,0,0,81850
1160,2020-09-17 15:52:00,50.3,50.33,50.27,50.3,0,0,73691
1161,2020-09-17 15:53:00,50.31,50.34,50.28,50.32,0,0,61325
1162,2020-09-17 15:54:00,50.31,50.34,50.21,50.21,0,0,308355
1163,2020-09-17 15:55:00,50.21,50.29,50.21,50.29,0,0,208072
1164,2020-09-17 15:56:00,50.29,50.31,50.16,50.17,0,0,189627
1165,2020-09-17 15:57:00,50.16,50.21,50.16,50.2,0,0,238728
1166,2020-09-17 15:58:00,50.21,50.23,50.18,50.2,0,0,203699
1167,2020-09-17 15:59:00,50.19,50.33,50.19,50.31,0,0,473301
1168,2020-09-18 09:30:00,50.33,50.5,50.25,50.41,0,0,5510917
1169,2020-09-18 09:31:00,50.4,50.4,50.21,50.23,0,0,96525
1170,2020-09-18 09:32:00,50.23,50.28,50.13,50.14,0,0,164586
1171,2020-09-18 09:33:00,50.14,50.29,50.14,50.18,0,0,118672
1172,2020-09-18 09:34:00,50.17,50.22,50.12,50.17,0,0,142892
1173,2020-09-18 09:35:00,50.16,50.18,50.07,50.15,0,0,130686
1174,2020-09-18 09:36:00,50.14,50.17,50.05,50.06,0,0,175323
1175,2020-09-18 09:37:00,50.06,50.12,50.06,50.1,0,0,102147
1176,2020-09-18 09:38:00,50.1,50.22,50.09,50.21,0,0,85516
1177,2020-09-18 09:39:00,50.2,50.26,50.18,50.21,0,0,74520
1178,2020-09-18 09:40:00,50.21,50.25,50.17,50.21,0,0,74264
1179,2020-09-18 09:41:00,50.25,50.28,50.19,50.21,0,0,71260
1180,2020-09-18 09:42:00,50.21,50.25,50.17,50.2,0,0,60545
1181,2020-09-18 09:43:00,50.21,50.25,50.19,50.24,0,0,55045
1182,2020-09-18 09:44:00,50.22,50.28,50.22,50.24,0,0,66634
1183,2020-09-18 09:45:00,50.24,50.29,50.22,50.22,0,0,67809
1184,2020-09-18 09:46:00,50.22,50.22,50.13,50.17,0,0,66967
1185,2020-09-18 09:47:00,50.15,50.19,50.13,50.17,0,0,97443
1186,2020-09-18 09:48:00,50.17,50.19,50.13,50.13,0,0,81159
1187,2020-09-18 09:49:00,50.15,50.17,50.12,50.15,0,0,48179
1188,2020-09-18 09:50:00,50.15,50.16,50.04,50.06,0,0,108341
1189,2020-09-18 09:51:00,50.06,50.1,50.03,50.04,0,0,62487
1190,2020-09-18 09:52:00,50.04,50.09,50.02,50.06,0,0,78701
1191,2020-09-18 09:53:00,50.05,50.06,50.02,50.03,0,0,53099
1192,2020-09-18 09:54:00,50.02,50.06,49.98,50.06,0,0,103858
1193,2020-09-18 09:55:00,50.05,50.05,50.01,50.03,0,0,64744
1194,2020-09-18 09:56:00,50.06,50.12,50.04,50.12,0,0,66594
1195,2020-09-18 09:57:00,50.12,50.12,50.04,50.07,0,0,59349
1196,2020-09-18 09:58:00,50.06,50.07,50.04,50.07,0,0,33101
1197,2020-09-18 09:59:00,50.06,50.13,50.06,50.12,0,0,47902
1198,2020-09-18 10:00:00,50.12,50.12,50.05,50.08,0,0,56969
1199,2020-09-18 10:01:00,50.08,50.14,50.08,50.13,0,0,74626
1200,2020-09-18 10:02:00,50.13,50.17,50.12,50.17,0,0,75428
1201,2020-09-18 10:03:00,50.17,50.19,50.12,50.16,0,0,57295
1202,2020-09-18 10:04:00,50.17,50.17,50.13,50.16,0,0,28534
1203,2020-09-18 10:05:00,50.15,50.15,50.13,50.14,0,0,54943
1204,2020-09-18 10:06:00,50.14,50.16,50.12,50.13,0,0,52818
1205,2020-09-18 10:07:00,50.13,50.19,50.13,50.16,0,0,69494
1206,2020-09-18 10:08:00,50.15,50.18,50.15,50.17,0,0,32572
1207,2020-09-18 10:09:00,50.17,50.18,50.14,50.18,0,0,67443
1208,2020-09-18 10:10:00,50.17,50.17,50.12,50.12,0,0,83349
1209,2020-09-18 10:11:00,50.13,50.15,50.1,50.12,0,0,52245
1210,2020-09-18 10:12:00,50.12,50.18,50.12,50.13,0,0,35840
1211,2020-09-18 10:13:00,50.13,50.19,50.13,50.19,0,0,22351
1212,2020-09-18 10:14:00,50.19,50.22,50.19,50.21,0,0,62343
1213,2020-09-18 10:15:00,50.21,50.26,50.21,50.26,0,0,97939
1214,2020-09-18 10:16:00,50.26,50.28,50.23,50.24,0,0,55075
1215,2020-09-18 10:17:00,50.24,50.25,50.22,50.24,0,0,40431
1216,2020-09-18 10:18:00,50.23,50.23,50.22,50.22,0,0,47573
1217,2020-09-18 10:19:00,50.22,50.23,50.17,50.17,0,0,50601
1218,2020-09-18 10:20:00,50.17,50.19,50.15,50.19,0,0,58184
1219,2020-09-18 10:21:00,50.19,50.21,50.17,50.18,0,0,55532
1220,2020-09-18 10:22:00,50.19,50.19,50.17,50.17,0,0,33374
1221,2020-09-18 10:23:00,50.17,50.21,50.16,50.21,0,0,32965
1222,2020-09-18 10:24:00,50.21,50.26,50.19,50.24,0,0,82916
1223,2020-09-18 10:25:00,50.24,50.26,50.18,50.19,0,0,65766
1224,2020-09-18 10:26:00,50.19,50.2,50.16,50.2,0,0,68414
1225,2020-09-18 10:27:00,50.19,50.23,50.15,50.23,0,0,60834
1226,2020-09-18 10:28:00,50.22,50.22,50.16,50.19,0,0,52928
1227,2020-09-18 10:29:00,50.19,50.22,50.19,50.2,0,0,53929
1228,2020-09-18 10:30:00,50.21,50.22,50.12,50.15,0,0,81681
1229,2020-09-18 10:31:00,50.15,50.17,50.13,50.15,0,0,65222
1230,2020-09-18 10:32:00,50.15,50.2,50.13,50.15,0,0,56458
1231,2020-09-18 10:33:00,50.16,50.19,50.12,50.15,0,0,56169
1232,2020-09-18 10:34:00,50.15,50.16,50.11,50.11,0,0,62927
1233,2020-09-18 10:35:00,50.1,50.14,50.07,50.08,0,0,66925
1234,2020-09-18 10:36:00,50.08,50.09,50.04,50.08,0,0,86205
1235,2020-09-18 10:37:00,50.09,50.11,50.06,50.08,0,0,48857
1236,2020-09-18 10:38:00,50.07,50.12,50.05,50.12,0,0,39943
1237,2020-09-18 10:39:00,50.11,50.12,50.03,50.07,0,0,70705
1238,2020-09-18 10:40:00,50.06,50.11,50.03,50.03,0,0,49075
1239,2020-09-18 10:41:00,50.03,50.04,49.98,50.03,0,0,94378
1240,2020-09-18 10:42:00,50.04,50.08,50.03,50.06,0,0,29070
1241,2020-09-18 10:43:00,50.05,50.1,50.05,50.1,0,0,26667
1242,2020-09-18 10:44:00,50.11,50.12,50.08,50.11,0,0,34933
1243,2020-09-18 10:45:00,50.11,50.12,50.03,50.05,0,0,43754
1244,2020-09-18 10:46:00,50.05,50.05,49.96,49.98,0,0,45479
1245,2020-09-18 10:47:00,49.98,49.99,49.95,49.99,0,0,35511
1246,2020-09-18 10:48:00,49.98,50.03,49.98,50.0,0,0,39983
1247,2020-09-18 10:49:00,50.0,50.0,49.96,49.97,0,0,39192
1248,2020-09-18 10:50:00,49.97,49.97,49.92,49.96,0,0,62048
1249,2020-09-18 10:51:00,49.97,50.01,49.95,49.99,0,0,66177
1250,2020-09-18 10:52:00,50.0,50.01,49.94,49.96,0,0,49833
1251,2020-09-18 10:53:00,49.96,49.96,49.9,49.91,0,0,68374
1252,2020-09-18 10:54:00,49.91,49.94,49.9,49.91,0,0,72354
1253,2020-09-18 10:55:00,49.91,49.92,49.9,49.9,0,0,53317
1254,2020-09-18 10:56:00,49.91,49.93,49.9,49.9,0,0,78378
1255,2020-09-18 10:57:00,49.9,49.95,49.9,49.94,0,0,31924
1256,2020-09-18 10:58:00,49.94,49.95,49.9,49.92,0,0,37386
1257,2020-09-18 10:59:00,49.91,49.92,49.9,49.91,0,0,49733
1258,2020-09-18 11:00:00,49.91,49.96,49.9,49.95,0,0,161828
1259,2020-09-18 11:01:00,49.96,49.97,49.9,49.92,0,0,69101
1260,2020-09-18 11:02:00,49.92,49.94,49.9,49.9,0,0,76883
1261,2020-09-18 11:03:00,49.91,49.94,49.91,49.91,0,0,34968
1262,2020-09-18 11:04:00,49.91,49.98,49.91,49.98,0,0,23425
1263,2020-09-18 11:05:00,49.97,49.99,49.97,49.97,0,0,79741
1264,2020-09-18 11:06:00,49.95,50.03,49.94,50.02,0,0,74083
1265,2020-09-18 11:07:00,50.01,50.04,50.0,50.03,0,0,34631
1266,2020-09-18 11:08:00,50.04,50.04,50.02,50.02,0,0,32921
1267,2020-09-18 11:09:00,50.02,50.05,50.02,50.05,0,0,27870
1268,2020-09-18 11:10:00,50.05,50.05,49.96,49.97,0,0,64964
1269,2020-09-18 11:11:00,49.97,49.99,49.95,49.95,0,0,61134
1270,2020-09-18 11:12:00,49.95,50.0,49.93,49.99,0,0,31429
1271,2020-09-18 11:13:00,49.98,49.99,49.89,49.94,0,0,89831
1272,2020-09-18 11:14:00,49.94,49.95,49.92,49.93,0,0,23570
1273,2020-09-18 11:15:00,49.94,50.01,49.94,49.97,0,0,44405
1274,2020-09-18 11:16:00,49.97,49.97,49.9,49.95,0,0,51981
1275,2020-09-18 11:17:00,49.95,49.95,49.88,49.89,0,0,62853
1276,2020-09-18 11:18:00,49.9,49.92,49.88,49.9,0,0,36340
1277,2020-09-18 11:19:00,49.9,49.92,49.9,49.91,0,0,52410
1278,2020-09-18 11:20:00,49.91,49.97,49.91,49.96,0,0,32654
1279,2020-09-18 11:21:00,49.96,49.99,49.94,49.98,0,0,37444
1280,2020-09-18 11:22:00,49.97,49.99,49.94,49.96,0,0,22298
1281,2020-09-18 11:23:00,49.96,50.02,49.94,50.02,0,0,34981
1282,2020-09-18 11:24:00,50.02,50.02,49.98,50.0,0,0,32692
1283,2020-09-18 11:25:00,50.01,50.01,49.97,49.97,0,0,34503
1284,2020-09-18 11:26:00,49.97,49.99,49.95,49.95,0,0,69587
1285,2020-09-18 11:27:00,49.96,49.96,49.93,49.94,0,0,27127
1286,2020-09-18 11:28:00,49.93,49.94,49.9,49.93,0,0,68398
1287,2020-09-18 11:29:00,49.92,49.94,49.91,49.93,0,0,42203
1288,2020-09-18 11:30:00,49.93,49.94,49.87,49.91,0,0,89618
1289,2020-09-18 11:31:00,49.91,49.92,49.82,49.83,0,0,108049
1290,2020-09-18 11:32:00,49.82,49.85,49.82,49.84,0,0,33758
1291,2020-09-18 11:33:00,49.84,49.86,49.83,49.83,0,0,47710
1292,2020-09-18 11:34:00,49.83,49.83,49.77,49.78,0,0,102154
1293,2020-09-18 11:35:00,49.77,49.78,49.74,49.78,0,0,145917
1294,2020-09-18 11:36:00,49.78,49.8,49.77,49.77,0,0,28338
1295,2020-09-18 11:37:00,49.77,49.77,49.72,49.74,0,0,109313
1296,2020-09-18 11:38:00,49.74,49.77,49.73,49.76,0,0,73085
1297,2020-09-18 11:39:00,49.74,49.78,49.73,49.78,0,0,40743
1298,2020-09-18 11:40:00,49.78,49.81,49.74,49.74,0,0,44347
1299,2020-09-18 11:41:00,49.74,49.75,49.73,49.74,0,0,25173
1300,2020-09-18 11:42:00,49.74,49.8,49.74,49.78,0,0,39616
1301,2020-09-18 11:43:00,49.78,49.79,49.73,49.75,0,0,51192
1302,2020-09-18 11:44:00,49.74,49.74,49.68,49.72,0,0,59073
1303,2020-09-18 11:45:00,49.72,49.85,49.71,49.83,0,0,120988
1304,2020-09-18 11:46:00,49.83,49.88,49.81,49.88,0,0,34539
1305,2020-09-18 11:47:00,49.89,49.9,49.87,49.89,0,0,30040
1306,2020-09-18 11:48:00,49.88,49.89,49.87,49.88,0,0,23181
1307,2020-09-18 11:49:00,49.89,49.94,49.88,49.92,0,0,41799
1308,2020-09-18 11:50:00,49.92,49.96,49.92,49.94,0,0,43261
1309,2020-09-18 11:51:00,49.93,49.94,49.9,49.93,0,0,60732
1310,2020-09-18 11:52:00,49.93,49.93,49.9,49.92,0,0,47214
1311,2020-09-18 11:53:00,49.92,49.94,49.9,49.92,0,0,26194
1312,2020-09-18 11:54:00,49.92,49.94,49.91,49.93,0,0,44938
1313,2020-09-18 11:55:00,49.93,49.94,49.89,49.92,0,0,31119
1314,2020-09-18 11:56:00,49.92,49.96,49.91,49.95,0,0,29252
1315,2020-09-18 11:57:00,49.96,49.99,49.96,49.97,0,0,62487
1316,2020-09-18 11:58:00,49.97,49.97,49.94,49.94,0,0,20608
1317,2020-09-18 11:59:00,49.94,49.94,49.92,49.93,0,0,37397
1318,2020-09-18 12:00:00,49.93,49.93,49.88,49.88,0,0,41236
1319,2020-09-18 12:01:00,49.89,49.91,49.87,49.9,0,0,27182
1320,2020-09-18 12:02:00,49.9,49.93,49.88,49.88,0,0,75266
1321,2020-09-18 12:03:00,49.88,49.88,49.86,49.88,0,0,24392
1322,2020-09-18 12:04:00,49.89,49.9,49.85,49.87,0,0,34976
1323,2020-09-18 12:05:00,49.86,49.87,49.81,49.86,0,0,79764
1324,2020-09-18 12:06:00,49.87,49.92,49.87,49.91,0,0,46795
1325,2020-09-18 12:07:00,49.91,49.92,49.88,49.88,0,0,16833
1326,2020-09-18 12:08:00,49.89,49.91,49.89,49.9,0,0,26923
1327,2020-09-18 12:09:00,49.9,49.91,49.89,49.91,0,0,13812
1328,2020-09-18 12:10:00,49.9,49.94,49.89,49.94,0,0,38187
1329,2020-09-18 12:11:00,49.94,49.94,49.88,49.91,0,0,36330
1330,2020-09-18 12:12:00,49.91,49.91,49.86,49.87,0,0,33245
1331,2020-09-18 12:13:00,49.87,49.87,49.79,49.79,0,0,51130
1332,2020-09-18 12:14:00,49.79,49.8,49.76,49.76,0,0,41210
1333,2020-09-18 12:15:00,49.76,49.76,49.69,49.71,0,0,68973
1334,2020-09-18 12:16:00,49.71,49.74,49.68,49.69,0,0,67042
1335,2020-09-18 12:17:00,49.68,49.69,49.66,49.67,0,0,40846
1336,2020-09-18 12:18:00,49.67,49.69,49.62,49.63,0,0,59385
1337,2020-09-18 12:19:00,49.64,49.66,49.63,49.65,0,0,46296
1338,2020-09-18 12:20:00,49.65,49.67,49.63,49.63,0,0,54843
1339,2020-09-18 12:21:00,49.63,49.65,49.61,49.63,0,0,41081
1340,2020-09-18 12:22:00,49.63,49.68,49.62,49.62,0,0,337298
1341,2020-09-18 12:23:00,49.62,49.65,49.59,49.62,0,0,56185
1342,2020-09-18 12:24:00,49.63,49.65,49.61,49.63,0,0,42565
1343,2020-09-18 12:25:00,49.63,49.68,49.61,49.67,0,0,62628
1344,2020-09-18 12:26:00,49.67,49.71,49.67,49.69,0,0,34403
1345,2020-09-18 12:27:00,49.7,49.71,49.65,49.67,0,0,36014
1346,2020-09-18 12:28:00,49.67,49.73,49.67,49.7,0,0,33639
1347,2020-09-18 12:29:00,49.71,49.71,49.67,49.7,0,0,33177
1348,2020-09-18 12:30:00,49.7,49.71,49.66,49.66,0,0,35839
1349,2020-09-18 12:31:00,49.67,49.67,49.56,49.57,0,0,93752
1350,2020-09-18 12:32:00,49.56,49.58,49.51,49.51,0,0,69860
1351,2020-09-18 12:33:00,49.51,49.55,49.51,49.53,0,0,59898
1352,2020-09-18 12:34:00,49.53,49.56,49.52,49.53,0,0,29565
1353,2020-09-18 12:35:00,49.54,49.55,49.52,49.54,0,0,43082
1354,2020-09-18 12:36:00,49.55,49.56,49.49,49.51,0,0,118839
1355,2020-09-18 12:37:00,49.51,49.53,49.48,49.48,0,0,63335
1356,2020-09-18 12:38:00,49.49,49.52,49.46,49.51,0,0,46885
1357,2020-09-18 12:39:00,49.51,49.51,49.48,49.49,0,0,38246
1358,2020-09-18 12:40:00,49.48,49.49,49.42,49.43,0,0,81503
1359,2020-09-18 12:41:00,49.44,49.46,49.4,49.43,0,0,48377
1360,2020-09-18 12:42:00,49.42,49.42,49.36,49.39,0,0,66466
1361,2020-09-18 12:43:00,49.4,49.44,49.39,49.39,0,0,44364
1362,2020-09-18 12:44:00,49.39,49.44,49.39,49.43,0,0,36880
1363,2020-09-18 12:45:00,49.43,49.47,49.43,49.45,0,0,60012
1364,2020-09-18 12:46:00,49.46,49.51,49.45,49.49,0,0,47254
1365,2020-09-18 12:47:00,49.48,49.48,49.42,49.43,0,0,40571
1366,2020-09-18 12:48:00,49.44,49.44,49.4,49.42,0,0,40762
1367,2020-09-18 12:49:00,49.41,49.44,49.39,49.39,0,0,38610
1368,2020-09-18 12:50:00,49.39,49.4,49.33,49.39,0,0,77978
1369,2020-09-18 12:51:00,49.4,49.44,49.39,49.41,0,0,54757
1370,2020-09-18 12:52:00,49.42,49.46,49.41,49.43,0,0,38770
1371,2020-09-18 12:53:00,49.43,49.44,49.36,49.37,0,0,36105
1372,2020-09-18 12:54:00,49.38,49.43,49.38,49.43,0,0,222240
1373,2020-09-18 12:55:00,49.43,49.43,49.39,49.4,0,0,33212
1374,2020-09-18 12:56:00,49.41,49.45,49.4,49.41,0,0,37339
1375,2020-09-18 12:57:00,49.4,49.41,49.38,49.4,0,0,28271
1376,2020-09-18 12:58:00,49.41,49.45,49.39,49.4,0,0,85683
1377,2020-09-18 12:59:00,49.4,49.45,49.39,49.43,0,0,35630
1378,2020-09-18 13:00:00,49.43,49.47,49.42,49.43,0,0,41044
1379,2020-09-18 13:01:00,49.44,49.47,49.43,49.47,0,0,40335
1380,2020-09-18 13:02:00,49.47,49.47,49.42,49.44,0,0,50272
1381,2020-09-18 13:03:00,49.45,49.52,49.44,49.51,0,0,67387
1382,2020-09-18 13:04:00,49.5,49.51,49.47,49.47,0,0,48255
1383,2020-09-18 13:05:00,49.46,49.47,49.43,49.45,0,0,373712
1384,2020-09-18 13:06:00,49.45,49.46,49.41,49.43,0,0,56737
1385,2020-09-18 13:07:00,49.43,49.44,49.39,49.43,0,0,32150
1386,2020-09-18 13:08:00,49.43,49.47,49.41,49.44,0,0,34531
1387,2020-09-18 13:09:00,49.44,49.46,49.39,49.4,0,0,97497
1388,2020-09-18 13:10:00,49.4,49.42,49.4,49.42,0,0,25815
1389,2020-09-18 13:11:00,49.42,49.43,49.41,49.42,0,0,20312
1390,2020-09-18 13:12:00,49.43,49.49,49.43,49.48,0,0,31881
1391,2020-09-18 13:13:00,49.48,49.51,49.47,49.51,0,0,48130
1392,2020-09-18 13:14:00,49.51,49.54,49.51,49.53,0,0,56699
1393,2020-09-18 13:15:00,49.53,49.53,49.47,49.47,0,0,76227
1394,2020-09-18 13:16:00,49.47,49.49,49.45,49.49,0,0,46690
1395,2020-09-18 13:17:00,49.49,49.49,49.42,49.44,0,0,48101
1396,2020-09-18 13:18:00,49.45,49.48,49.44,49.47,0,0,34549
1397,2020-09-18 13:19:00,49.47,49.48,49.42,49.42,0,0,48628
1398,2020-09-18 13:20:00,49.42,49.43,49.4,49.42,0,0,44449
1399,2020-09-18 13:21:00,49.41,49.42,49.39,49.4,0,0,42898
1400,2020-09-18 13:22:00,49.41,49.43,49.38,49.38,0,0,55306
1401,2020-09-18 13:23:00,49.37,49.37,49.35,49.36,0,0,52711
1402,2020-09-18 13:24:00,49.37,49.37,49.35,49.35,0,0,25355
1403,2020-09-18 13:25:00,49.35,49.38,49.34,49.37,0,0,52495
1404,2020-09-18 13:26:00,49.37,49.37,49.29,49.29,0,0,98976
1405,2020-09-18 13:27:00,49.3,49.3,49.24,49.24,0,0,100205
1406,2020-09-18 13:28:00,49.24,49.28,49.23,49.23,0,0,61008
1407,2020-09-18 13:29:00,49.23,49.24,49.16,49.16,0,0,77282
1408,2020-09-18 13:30:00,49.17,49.17,49.09,49.1,0,0,128535
1409,2020-09-18 13:31:00,49.1,49.13,49.04,49.11,0,0,85581
1410,2020-09-18 13:32:00,49.12,49.2,49.1,49.19,0,0,45995
1411,2020-09-18 13:33:00,49.19,49.21,49.17,49.19,0,0,47173
1412,2020-09-18 13:34:00,49.18,49.25,49.17,49.24,0,0,36008
1413,2020-09-18 13:35:00,49.24,49.24,49.19,49.22,0,0,42583
1414,2020-09-18 13:36:00,49.22,49.22,49.13,49.15,0,0,43055
1415,2020-09-18 13:37:00,49.15,49.15,49.08,49.1,0,0,42653
1416,2020-09-18 13:38:00,49.1,49.13,49.08,49.12,0,0,59007
1417,2020-09-18 13:39:00,49.12,49.19,49.12,49.17,0,0,47148
1418,2020-09-18 13:40:00,49.17,49.19,49.13,49.15,0,0,73239
1419,2020-09-18 13:41:00,49.14,49.19,49.13,49.16,0,0,77601
1420,2020-09-18 13:42:00,49.17,49.19,49.11,49.12,0,0,52768
1421,2020-09-18 13:43:00,49.12,49.2,49.12,49.19,0,0,52827
1422,2020-09-18 13:44:00,49.19,49.24,49.17,49.22,0,0,71667
1423,2020-09-18 13:45:00,49.22,49.25,49.16,49.22,0,0,39956
1424,2020-09-18 13:46:00,49.22,49.24,49.2,49.22,0,0,42617
1425,2020-09-18 13:47:00,49.23,49.28,49.23,49.26,0,0,43984
1426,2020-09-18 13:48:00,49.26,49.3,49.24,49.28,0,0,25561
1427,2020-09-18 13:49:00,49.28,49.31,49.27,49.3,0,0,50475
1428,2020-09-18 13:50:00,49.3,49.35,49.3,49.34,0,0,59497
1429,2020-09-18 13:51:00,49.34,49.34,49.29,49.31,0,0,50148
1430,2020-09-18 13:52:00,49.31,49.33,49.28,49.29,0,0,53096
1431,2020-09-18 13:53:00,49.29,49.35,49.29,49.35,0,0,23614
1432,2020-09-18 13:54:00,49.34,49.41,49.31,49.4,0,0,59547
1433,2020-09-18 13:55:00,49.39,49.41,49.38,49.41,0,0,32260
1434,2020-09-18 13:56:00,49.4,49.42,49.4,49.4,0,0,34962
1435,2020-09-18 13:57:00,49.39,49.42,49.38,49.4,0,0,39102
1436,2020-09-18 13:58:00,49.4,49.43,49.4,49.42,0,0,18709
1437,2020-09-18 13:59:00,49.43,49.43,49.42,49.42,0,0,28612
1438,2020-09-18 14:00:00,49.42,49.42,49.36,49.37,0,0,41638
1439,2020-09-18 14:01:00,49.37,49.38,49.31,49.35,0,0,51219
1440,2020-09-18 14:02:00,49.35,49.37,49.35,49.37,0,0,23902
1441,2020-09-18 14:03:00,49.37,49.37,49.31,49.33,0,0,47425
1442,2020-09-18 14:04:00,49.33,49.38,49.33,49.37,0,0,58537
1443,2020-09-18 14:05:00,49.37,49.45,49.37,49.44,0,0,61892
1444,2020-09-18 14:06:00,49.43,49.44,49.4,49.42,0,0,28531
1445,2020-09-18 14:07:00,49.42,49.44,49.39,49.42,0,0,82330
1446,2020-09-18 14:08:00,49.42,49.44,49.4,49.42,0,0,24063
1447,2020-09-18 14:09:00,49.43,49.44,49.4,49.42,0,0,21363
1448,2020-09-18 14:10:00,49.42,49.47,49.4,49.46,0,0,43318
1449,2020-09-18 14:11:00,49.45,49.48,49.44,49.47,0,0,64782
1450,2020-09-18 14:12:00,49.47,49.49,49.45,49.45,0,0,45963
1451,2020-09-18 14:13:00,49.45,49.51,49.45,49.5,0,0,102052
1452,2020-09-18 14:14:00,49.5,49.53,49.49,49.52,0,0,27602
1453,2020-09-18 14:15:00,49.51,49.51,49.49,49.5,0,0,43390
1454,2020-09-18 14:16:00,49.5,49.54,49.49,49.5,0,0,41882
1455,2020-09-18 14:17:00,49.5,49.5,49.44,49.45,0,0,94662
1456,2020-09-18 14:18:00,49.46,49.48,49.46,49.46,0,0,24391
1457,2020-09-18 14:19:00,49.47,49.47,49.4,49.42,0,0,37647
1458,2020-09-18 14:20:00,49.42,49.45,49.42,49.44,0,0,33005
1459,2020-09-18 14:21:00,49.43,49.51,49.43,49.51,0,0,44517
1460,2020-09-18 14:22:00,49.51,49.55,49.49,49.54,0,0,57151
1461,2020-09-18 14:23:00,49.54,49.58,49.54,49.58,0,0,20491
1462,2020-09-18 14:24:00,49.58,49.58,49.51,49.52,0,0,45055
1463,2020-09-18 14:25:00,49.53,49.56,49.51,49.54,0,0,86877
1464,2020-09-18 14:26:00,49.55,49.58,49.54,49.54,0,0,47858
1465,2020-09-18 14:27:00,49.54,49.55,49.51,49.53,0,0,40476
1466,2020-09-18 14:28:00,49.53,49.53,49.48,49.49,0,0,40462
1467,2020-09-18 14:29:00,49.49,49.52,49.49,49.51,0,0,34081
1468,2020-09-18 14:30:00,49.5,49.53,49.49,49.53,0,0,38165
1469,2020-09-18 14:31:00,49.52,49.53,49.49,49.49,0,0,39559
1470,2020-09-18 14:32:00,49.5,49.54,49.49,49.53,0,0,38078
1471,2020-09-18 14:33:00,49.53,49.56,49.51,49.54,0,0,23409
1472,2020-09-18 14:34:00,49.54,49.55,49.53,49.53,0,0,23286
1473,2020-09-18 14:35:00,49.54,49.54,49.51,49.51,0,0,37184
1474,2020-09-18 14:36:00,49.51,49.54,49.5,49.53,0,0,18769
1475,2020-09-18 14:37:00,49.53,49.54,49.51,49.53,0,0,42874
1476,2020-09-18 14:38:00,49.52,49.53,49.51,49.51,0,0,27345
1477,2020-09-18 14:39:00,49.52,49.54,49.5,49.53,0,0,35090
1478,2020-09-18 14:40:00,49.53,49.56,49.53,49.54,0,0,27239
1479,2020-09-18 14:41:00,49.54,49.55,49.53,49.53,0,0,30504
1480,2020-09-18 14:42:00,49.53,49.53,49.44,49.44,0,0,48827
1481,2020-09-18 14:43:00,49.45,49.49,49.44,49.47,0,0,24120
1482,2020-09-18 14:44:00,49.48,49.48,49.44,49.46,0,0,32241
1483,2020-09-18 14:45:00,49.46,49.51,49.46,49.51,0,0,31484
1484,2020-09-18 14:46:00,49.51,49.54,49.51,49.54,0,0,41205
1485,2020-09-18 14:47:00,49.54,49.56,49.53,49.54,0,0,31637
1486,2020-09-18 14:48:00,49.54,49.54,49.5,49.51,0,0,24995
1487,2020-09-18 14:49:00,49.51,49.56,49.5,49.56,0,0,48475
1488,2020-09-18 14:50:00,49.56,49.56,49.49,49.5,0,0,29011
1489,2020-09-18 14:51:00,49.49,49.53,49.48,49.53,0,0,31996
1490,2020-09-18 14:52:00,49.53,49.56,49.53,49.55,0,0,49129
1491,2020-09-18 14:53:00,49.56,49.56,49.52,49.53,0,0,30163
1492,2020-09-18 14:54:00,49.53,49.53,49.49,49.49,0,0,29671
1493,2020-09-18 14:55:00,49.49,49.51,49.48,49.51,0,0,35289
1494,2020-09-18 14:56:00,49.51,49.53,49.49,49.53,0,0,22696
1495,2020-09-18 14:57:00,49.53,49.53,49.51,49.52,0,0,39824
1496,2020-09-18 14:58:00,49.51,49.55,49.51,49.51,0,0,43353
1497,2020-09-18 14:59:00,49.51,49.58,49.51,49.58,0,0,64519
1498,2020-09-18 15:00:00,49.59,49.59,49.56,49.58,0,0,49516
1499,2020-09-18 15:01:00,49.58,49.59,49.56,49.57,0,0,42429
1500,2020-09-18 15:02:00,49.57,49.6,49.57,49.6,0,0,36993
1501,2020-09-18 15:03:00,49.6,49.63,49.59,49.6,0,0,95924
1502,2020-09-18 15:04:00,49.6,49.65,49.6,49.63,0,0,41740
1503,2020-09-18 15:05:00,49.63,49.63,49.61,49.63,0,0,26829
1504,2020-09-18 15:06:00,49.64,49.68,49.64,49.67,0,0,81685
1505,2020-09-18 15:07:00,49.66,49.67,49.65,49.67,0,0,30249
1506,2020-09-18 15:08:00,49.67,49.68,49.65,49.65,0,0,46506
1507,2020-09-18 15:09:00,49.66,49.68,49.65,49.66,0,0,32927
1508,2020-09-18 15:10:00,49.66,49.68,49.64,49.68,0,0,43842
1509,2020-09-18 15:11:00,49.68,49.68,49.62,49.62,0,0,46370
1510,2020-09-18 15:12:00,49.62,49.65,49.61,49.63,0,0,34454
1511,2020-09-18 15:13:00,49.63,49.63,49.6,49.62,0,0,32893
1512,2020-09-18 15:14:00,49.61,49.63,49.6,49.61,0,0,52515
1513,2020-09-18 15:15:00,49.61,49.67,49.61,49.65,0,0,54051
1514,2020-09-18 15:16:00,49.65,49.65,49.6,49.61,0,0,40398
1515,2020-09-18 15:17:00,49.6,49.65,49.6,49.65,0,0,38798
1516,2020-09-18 15:18:00,49.65,49.65,49.6,49.62,0,0,49874
1517,2020-09-18 15:19:00,49.63,49.65,49.6,49.63,0,0,49468
1518,2020-09-18 15:20:00,49.64,49.65,49.61,49.61,0,0,43313
1519,2020-09-18 15:21:00,49.6,49.61,49.57,49.59,0,0,31091
1520,2020-09-18 15:22:00,49.59,49.62,49.58,49.58,0,0,62794
1521,2020-09-18 15:23:00,49.58,49.62,49.58,49.6,0,0,29804
1522,2020-09-18 15:24:00,49.61,49.65,49.61,49.65,0,0,62590
1523,2020-09-18 15:25:00,49.65,49.69,49.65,49.69,0,0,47085
1524,2020-09-18 15:26:00,49.69,49.69,49.65,49.69,0,0,55414
1525,2020-09-18 15:27:00,49.69,49.74,49.69,49.74,0,0,78836
1526,2020-09-18 15:28:00,49.74,49.77,49.74,49.74,0,0,92418
1527,2020-09-18 15:29:00,49.74,49.78,49.72,49.78,0,0,51936
1528,2020-09-18 15:30:00,49.78,49.81,49.76,49.81,0,0,113782
1529,2020-09-18 15:31:00,49.81,49.81,49.77,49.77,0,0,52428
1530,2020-09-18 15:32:00,49.77,49.78,49.75,49.76,0,0,46452
1531,2020-09-18 15:33:00,49.76,49.76,49.69,49.71,0,0,84167
1532,2020-09-18 15:34:00,49.71,49.75,49.69,49.74,0,0,44393
1533,2020-09-18 15:35:00,49.74,49.78,49.73,49.77,0,0,87048
1534,2020-09-18 15:36:00,49.77,49.81,49.76,49.81,0,0,92296
1535,2020-09-18 15:37:00,49.79,49.8,49.78,49.78,0,0,63983
1536,2020-09-18 15:38:00,49.78,49.78,49.72,49.72,0,0,59950
1537,2020-09-18 15:39:00,49.72,49.78,49.72,49.75,0,0,89939
1538,2020-09-18 15:40:00,49.74,49.76,49.71,49.71,0,0,63042
1539,2020-09-18 15:41:00,49.72,49.74,49.71,49.73,0,0,51609
1540,2020-09-18 15:42:00,49.74,49.75,49.73,49.74,0,0,57927
1541,2020-09-18 15:43:00,49.73,49.75,49.72,49.72,0,0,47177
1542,2020-09-18 15:44:00,49.72,49.74,49.68,49.68,0,0,100722
1543,2020-09-18 15:45:00,49.68,49.74,49.68,49.72,0,0,67732
1544,2020-09-18 15:46:00,49.73,49.74,49.72,49.72,0,0,56194
1545,2020-09-18 15:47:00,49.72,49.75,49.71,49.72,0,0,76178
1546,2020-09-18 15:48:00,49.72,49.73,49.7,49.71,0,0,61873
1547,2020-09-18 15:49:00,49.71,49.72,49.69,49.71,0,0,73966
1548,2020-09-18 15:50:00,49.71,49.84,49.7,49.83,0,0,526197
1549,2020-09-18 15:51:00,49.83,49.84,49.74,49.76,0,0,271574
1550,2020-09-18 15:52:00,49.76,49.78,49.72,49.73,0,0,225884
1551,2020-09-18 15:53:00,49.73,49.94,49.7,49.94,0,0,571237
1552,2020-09-18 15:54:00,49.94,50.09,49.85,50.08,0,0,600678
1553,2020-09-18 15:55:00,50.08,50.11,50.02,50.06,0,0,451021
1554,2020-09-18 15:56:00,50.06,50.06,49.94,49.94,0,0,392259
1555,2020-09-18 15:57:00,49.96,49.98,49.89,49.89,0,0,357636
1556,2020-09-18 15:58:00,49.9,49.9,49.84,49.85,0,0,394066
1557,2020-09-18 15:59:00,49.85,49.9,49.84,49.88,0,0,1088340
1558,2020-09-21 09:30:00,49.39,49.39,49.17,49.2,0,0,911796
1559,2020-09-21 09:31:00,49.21,49.51,49.2,49.47,0,0,255536
1560,2020-09-21 09:32:00,49.47,49.67,49.46,49.55,0,0,227446
1561,2020-09-21 09:33:00,49.54,49.55,49.29,49.33,0,0,144084
1562,2020-09-21 09:34:00,49.18,49.36,49.12,49.13,0,0,138788
1563,2020-09-21 09:35:00,49.12,49.17,49.03,49.14,0,0,133957
1564,2020-09-21 09:36:00,49.02,49.13,49.01,49.03,0,0,145922
1565,2020-09-21 09:37:00,48.99,49.04,48.94,48.98,0,0,247284
1566,2020-09-21 09:38:00,48.93,49.01,48.89,48.97,0,0,151760
1567,2020-09-21 09:39:00,48.9,48.97,48.88,48.88,0,0,106143
1568,2020-09-21 09:40:00,48.88,48.9,48.83,48.86,0,0,220406
1569,2020-09-21 09:41:00,48.86,48.93,48.86,48.9,0,0,119423
1570,2020-09-21 09:42:00,48.91,48.96,48.87,48.94,0,0,95863
1571,2020-09-21 09:43:00,48.94,49.04,48.92,49.04,0,0,124483
1572,2020-09-21 09:44:00,49.03,49.07,49.0,49.03,0,0,120428
1573,2020-09-21 09:45:00,49.03,49.07,48.95,49.05,0,0,134344
1574,2020-09-21 09:46:00,49.04,49.08,48.99,49.06,0,0,134709
1575,2020-09-21 09:47:00,49.04,49.06,48.96,49.04,0,0,102587
1576,2020-09-21 09:48:00,49.08,49.09,49.0,49.07,0,0,77074
1577,2020-09-21 09:49:00,49.13,49.15,49.05,49.15,0,0,108319
1578,2020-09-21 09:50:00,49.15,49.19,49.1,49.13,0,0,92505
1579,2020-09-21 09:51:00,49.12,49.15,49.0,49.01,0,0,79138
1580,2020-09-21 09:52:00,49.04,49.09,49.0,49.04,0,0,71263
1581,2020-09-21 09:53:00,49.04,49.05,48.97,48.99,0,0,93073
1582,2020-09-21 09:54:00,48.99,49.01,48.92,48.94,0,0,89890
1583,2020-09-21 09:55:00,48.93,48.93,48.84,48.85,0,0,142598
1584,2020-09-21 09:56:00,49.05,49.06,48.83,49.06,0,0,104145
1585,2020-09-21 09:57:00,49.06,49.08,49.04,49.06,0,0,73082
1586,2020-09-21 09:58:00,49.05,49.09,49.01,49.06,0,0,34965
1587,2020-09-21 09:59:00,49.06,49.12,49.05,49.08,0,0,115248
1588,2020-09-21 10:00:00,49.08,49.1,49.03,49.1,0,0,74287
1589,2020-09-21 10:01:00,49.12,49.14,49.1,49.12,0,0,70409
1590,2020-09-21 10:02:00,49.02,49.03,49.0,49.01,0,0,66305
1591,2020-09-21 10:03:00,49.01,49.02,49.0,49.0,0,0,150019
1592,2020-09-21 10:04:00,49.01,49.16,48.99,49.11,0,0,180378
1593,2020-09-21 10:05:00,49.12,49.18,49.11,49.15,0,0,68650
1594,2020-09-21 10:06:00,49.15,49.16,49.08,49.1,0,0,53960
1595,2020-09-21 10:07:00,49.09,49.14,49.08,49.12,0,0,64805
1596,2020-09-21 10:08:00,49.11,49.12,49.08,49.08,0,0,42090
1597,2020-09-21 10:09:00,49.09,49.1,49.06,49.07,0,0,50899
1598,2020-09-21 10:10:00,49.07,49.13,49.06,49.09,0,0,69987
1599,2020-09-21 10:11:00,49.08,49.15,49.08,49.15,0,0,59954
1600,2020-09-21 10:12:00,49.15,49.15,49.05,49.06,0,0,41727
1601,2020-09-21 10:13:00,49.05,49.07,49.02,49.06,0,0,65155
1602,2020-09-21 10:14:00,49.06,49.13,49.06,49.12,0,0,52765
1603,2020-09-21 10:15:00,49.11,49.11,49.01,49.04,0,0,70959
1604,2020-09-21 10:16:00,49.04,49.14,49.03,49.04,0,0,81911
1605,2020-09-21 10:17:00,49.02,49.06,49.01,49.03,0,0,50492
1606,2020-09-21 10:18:00,49.03,49.03,48.95,49.0,0,0,81081
1607,2020-09-21 10:19:00,48.99,48.99,48.94,48.97,0,0,64870
1608,2020-09-21 10:20:00,48.96,49.01,48.94,48.96,0,0,67954
1609,2020-09-21 10:21:00,48.96,48.97,48.92,48.93,0,0,53296
1610,2020-09-21 10:22:00,48.93,48.93,48.87,48.89,0,0,86319
1611,2020-09-21 10:23:00,48.89,48.9,48.87,48.88,0,0,75745
1612,2020-09-21 10:24:00,48.88,48.94,48.87,48.92,0,0,64075
1613,2020-09-21 10:25:00,48.91,48.94,48.87,48.88,0,0,44698
1614,2020-09-21 10:26:00,48.88,48.92,48.87,48.9,0,0,72045
1615,2020-09-21 10:27:00,48.89,48.91,48.88,48.88,0,0,43695
1616,2020-09-21 10:28:00,48.88,48.89,48.85,48.89,0,0,110584
1617,2020-09-21 10:29:00,48.9,48.92,48.86,48.9,0,0,86520
1618,2020-09-21 10:30:00,48.89,48.94,48.86,48.9,0,0,118195
1619,2020-09-21 10:31:00,48.91,48.91,48.87,48.9,0,0,35507
1620,2020-09-21 10:32:00,48.91,48.92,48.87,48.9,0,0,65861
1621,2020-09-21 10:33:00,48.89,48.92,48.88,48.88,0,0,38651
1622,2020-09-21 10:34:00,48.88,48.99,48.88,48.99,0,0,234707
1623,2020-09-21 10:35:00,48.99,49.01,48.96,48.98,0,0,80053
1624,2020-09-21 10:36:00,48.97,48.98,48.93,48.94,0,0,50659
1625,2020-09-21 10:37:00,48.94,48.94,48.91,48.92,0,0,68128
1626,2020-09-21 10:38:00,48.93,48.95,48.88,48.9,0,0,56625
1627,2020-09-21 10:39:00,48.9,48.93,48.9,48.9,0,0,29013
1628,2020-09-21 10:40:00,48.9,48.93,48.88,48.9,0,0,41677
1629,2020-09-21 10:41:00,48.9,48.98,48.89,48.97,0,0,57482
1630,2020-09-21 10:42:00,48.98,49.01,48.96,49.01,0,0,58896
1631,2020-09-21 10:43:00,49.0,49.01,48.92,48.93,0,0,42882
1632,2020-09-21 10:44:00,48.92,48.94,48.9,48.94,0,0,42168
1633,2020-09-21 10:45:00,48.94,49.04,48.93,49.01,0,0,48699
1634,2020-09-21 10:46:00,49.01,49.03,48.94,49.02,0,0,75236
1635,2020-09-21 10:47:00,49.01,49.05,49.0,49.02,0,0,57779
1636,2020-09-21 10:48:00,49.01,49.04,48.97,49.01,0,0,47011
1637,2020-09-21 10:49:00,49.01,49.05,48.96,49.02,0,0,116750
1638,2020-09-21 10:50:00,49.02,49.03,48.98,49.01,0,0,52994
1639,2020-09-21 10:51:00,49.01,49.05,48.97,49.01,0,0,59133
1640,2020-09-21 10:52:00,49.01,49.02,48.97,48.97,0,0,40162
1641,2020-09-21 10:53:00,48.97,49.1,48.97,49.08,0,0,60088
1642,2020-09-21 10:54:00,49.08,49.15,49.08,49.13,0,0,70688
1643,2020-09-21 10:55:00,49.12,49.14,49.1,49.12,0,0,42341
1644,2020-09-21 10:56:00,49.13,49.14,49.1,49.12,0,0,69609
1645,2020-09-21 10:57:00,49.12,49.19,49.09,49.18,0,0,74627
1646,2020-09-21 10:59:00,49.15,49.15,49.1,49.1,0,0,153485
1647,2020-09-21 11:00:00,49.1,49.13,49.08,49.11,0,0,63574
1648,2020-09-21 11:01:00,49.11,49.15,49.1,49.15,0,0,41379
1649,2020-09-21 11:02:00,49.15,49.18,49.14,49.18,0,0,54099
1650,2020-09-21 11:03:00,49.17,49.24,49.17,49.24,0,0,72803
1651,2020-09-21 11:04:00,49.24,49.24,49.21,49.22,0,0,24538
1652,2020-09-21 11:05:00,49.23,49.25,49.21,49.25,0,0,49461
1653,2020-09-21 11:06:00,49.25,49.27,49.22,49.25,0,0,82535
1654,2020-09-21 11:07:00,49.24,49.28,49.22,49.26,0,0,37464
1655,2020-09-21 11:08:00,49.26,49.3,49.26,49.29,0,0,66159
1656,2020-09-21 11:09:00,49.29,49.32,49.28,49.31,0,0,46287
1657,2020-09-21 11:10:00,49.3,49.32,49.24,49.24,0,0,57757
1658,2020-09-21 11:11:00,49.25,49.28,49.21,49.21,0,0,47392
1659,2020-09-21 11:12:00,49.22,49.22,49.18,49.18,0,0,26843
1660,2020-09-21 11:13:00,49.19,49.21,49.17,49.18,0,0,30158
1661,2020-09-21 11:14:00,49.19,49.19,49.15,49.17,0,0,27114
1662,2020-09-21 11:15:00,49.16,49.17,49.1,49.1,0,0,53074
1663,2020-09-21 11:16:00,49.11,49.13,49.08,49.13,0,0,47559
1664,2020-09-21 11:17:00,49.13,49.14,49.06,49.06,0,0,62452
1665,2020-09-21 11:18:00,49.06,49.1,49.06,49.07,0,0,40379
1666,2020-09-21 11:19:00,49.08,49.08,49.05,49.07,0,0,37687
1667,2020-09-21 11:20:00,49.08,49.09,49.06,49.06,0,0,51288
1668,2020-09-21 11:21:00,49.06,49.07,49.02,49.04,0,0,65059
1669,2020-09-21 11:22:00,49.04,49.08,49.03,49.07,0,0,43677
1670,2020-09-21 11:23:00,49.07,49.08,49.05,49.07,0,0,25346
1671,2020-09-21 11:24:00,49.06,49.1,49.05,49.09,0,0,36766
1672,2020-09-21 11:25:00,49.1,49.1,49.04,49.04,0,0,71707
1673,2020-09-21 11:26:00,49.04,49.05,49.02,49.03,0,0,74052
1674,2020-09-21 11:27:00,49.03,49.12,49.03,49.11,0,0,383010
1675,2020-09-21 11:28:00,49.11,49.15,49.09,49.09,0,0,79268
1676,2020-09-21 11:29:00,49.1,49.12,49.06,49.1,0,0,35789
1677,2020-09-21 11:30:00,49.1,49.13,49.08,49.13,0,0,42998
1678,2020-09-21 11:31:00,49.12,49.2,49.12,49.17,0,0,100192
1679,2020-09-21 11:32:00,49.17,49.18,49.14,49.14,0,0,26396
1680,2020-09-21 11:33:00,49.15,49.15,49.12,49.14,0,0,42130
1681,2020-09-21 11:34:00,49.13,49.19,49.13,49.19,0,0,57444
1682,2020-09-21 11:35:00,49.19,49.2,49.17,49.19,0,0,27701
1683,2020-09-21 11:36:00,49.19,49.27,49.19,49.25,0,0,30897
1684,2020-09-21 11:37:00,49.25,49.31,49.25,49.29,0,0,45156
1685,2020-09-21 11:38:00,49.3,49.32,49.28,49.31,0,0,42684
1686,2020-09-21 11:39:00,49.31,49.35,49.27,49.28,0,0,54916
1687,2020-09-21 11:40:00,49.29,49.3,49.24,49.28,0,0,29803
1688,2020-09-21 11:41:00,49.28,49.32,49.28,49.3,0,0,20137
1689,2020-09-21 11:42:00,49.31,49.38,49.31,49.37,0,0,47173
1690,2020-09-21 11:43:00,49.37,49.43,49.37,49.37,0,0,49508
1691,2020-09-21 11:44:00,49.36,49.37,49.32,49.32,0,0,33672
1692,2020-09-21 11:45:00,49.32,49.38,49.32,49.37,0,0,39211
1693,2020-09-21 11:46:00,49.37,49.41,49.36,49.36,0,0,61040
1694,2020-09-21 11:47:00,49.37,49.43,49.37,49.4,0,0,52749
1695,2020-09-21 11:48:00,49.39,49.41,49.39,49.41,0,0,22256
1696,2020-09-21 11:49:00,49.4,49.46,49.4,49.45,0,0,56684
1697,2020-09-21 11:50:00,49.45,49.46,49.43,49.43,0,0,58967
1698,2020-09-21 11:51:00,49.44,49.46,49.41,49.44,0,0,49645
1699,2020-09-21 11:52:00,49.44,49.45,49.43,49.44,0,0,34235
1700,2020-09-21 11:53:00,49.45,49.48,49.45,49.48,0,0,20453
1701,2020-09-21 11:54:00,49.47,49.5,49.46,49.49,0,0,30935
1702,2020-09-21 11:55:00,49.49,49.49,49.46,49.48,0,0,47926
1703,2020-09-21 11:56:00,49.48,49.52,49.48,49.5,0,0,52486
1704,2020-09-21 11:57:00,49.5,49.55,49.49,49.52,0,0,58263
1705,2020-09-21 11:58:00,49.52,49.55,49.49,49.51,0,0,63608
1706,2020-09-21 11:59:00,49.52,49.54,49.51,49.53,0,0,31424
1707,2020-09-21 12:00:00,49.53,49.57,49.53,49.55,0,0,43726
1708,2020-09-21 12:01:00,49.56,49.57,49.54,49.56,0,0,42770
1709,2020-09-21 12:02:00,49.56,49.56,49.53,49.54,0,0,24399
1710,2020-09-21 12:03:00,49.54,49.62,49.53,49.59,0,0,51695
1711,2020-09-21 12:04:00,49.6,49.6,49.55,49.59,0,0,34377
1712,2020-09-21 12:05:00,49.58,49.62,49.57,49.59,0,0,40068
1713,2020-09-21 12:06:00,49.59,49.6,49.56,49.58,0,0,21639
1714,2020-09-21 12:07:00,49.59,49.62,49.58,49.6,0,0,31620
1715,2020-09-21 12:08:00,49.61,49.62,49.59,49.6,0,0,56866
1716,2020-09-21 12:09:00,49.6,49.62,49.56,49.58,0,0,29934
1717,2020-09-21 12:10:00,49.58,49.58,49.53,49.53,0,0,27382
1718,2020-09-21 12:11:00,49.54,49.56,49.52,49.52,0,0,24846
1719,2020-09-21 12:12:00,49.53,49.53,49.5,49.51,0,0,30333
1720,2020-09-21 12:13:00,49.52,49.53,49.47,49.47,0,0,29913
1721,2020-09-21 12:14:00,49.47,49.48,49.45,49.47,0,0,34994
1722,2020-09-21 12:15:00,49.47,49.48,49.42,49.42,0,0,27834
1723,2020-09-21 12:16:00,49.42,49.46,49.42,49.43,0,0,100851
1724,2020-09-21 12:17:00,49.44,49.47,49.44,49.45,0,0,24071
1725,2020-09-21 12:18:00,49.46,49.46,49.43,49.44,0,0,18605
1726,2020-09-21 12:19:00,49.45,49.47,49.43,49.44,0,0,23437
1727,2020-09-21 12:20:00,49.44,49.48,49.4,49.41,0,0,34877
1728,2020-09-21 12:21:00,49.41,49.43,49.4,49.43,0,0,26023
1729,2020-09-21 12:22:00,49.43,49.45,49.41,49.44,0,0,21819
1730,2020-09-21 12:23:00,49.45,49.46,49.44,49.45,0,0,32323
1731,2020-09-21 12:24:00,49.46,49.46,49.43,49.43,0,0,32187
1732,2020-09-21 12:25:00,49.43,49.46,49.42,49.45,0,0,20521
1733,2020-09-21 12:26:00,49.46,49.53,49.45,49.5,0,0,57845
1734,2020-09-21 12:27:00,49.5,49.55,49.5,49.53,0,0,41625
1735,2020-09-21 12:28:00,49.53,49.54,49.49,49.51,0,0,44461
1736,2020-09-21 12:29:00,49.5,49.52,49.48,49.49,0,0,55951
1737,2020-09-21 12:30:00,49.48,49.56,49.48,49.56,0,0,147286
1738,2020-09-21 12:31:00,49.56,49.58,49.52,49.53,0,0,50449
1739,2020-09-21 12:32:00,49.54,49.54,49.49,49.53,0,0,42081
1740,2020-09-21 12:33:00,49.53,49.54,49.49,49.5,0,0,34786
1741,2020-09-21 12:34:00,49.5,49.51,49.47,49.5,0,0,27357
1742,2020-09-21 12:35:00,49.51,49.53,49.51,49.51,0,0,23585
1743,2020-09-21 12:36:00,49.51,49.53,49.51,49.53,0,0,16449
1744,2020-09-21 12:37:00,49.52,49.54,49.51,49.53,0,0,18511
1745,2020-09-21 12:38:00,49.53,49.53,49.51,49.52,0,0,24542
1746,2020-09-21 12:39:00,49.53,49.57,49.52,49.53,0,0,24512
1747,2020-09-21 12:40:00,49.53,49.61,49.48,49.61,0,0,82191
1748,2020-09-21 12:41:00,49.6,49.6,49.52,49.53,0,0,54028
1749,2020-09-21 12:42:00,49.53,49.54,49.51,49.54,0,0,17607
1750,2020-09-21 12:43:00,49.53,49.54,49.49,49.5,0,0,24988
1751,2020-09-21 12:44:00,49.5,49.52,49.45,49.46,0,0,45626
1752,2020-09-21 12:45:00,49.46,49.48,49.42,49.42,0,0,27623
1753,2020-09-21 12:46:00,49.41,49.42,49.4,49.42,0,0,38005
1754,2020-09-21 12:47:00,49.42,49.45,49.4,49.44,0,0,43881
1755,2020-09-21 12:48:00,49.43,49.45,49.43,49.45,0,0,32362
1756,2020-09-21 12:49:00,49.45,49.46,49.43,49.44,0,0,18625
1757,2020-09-21 12:50:00,49.44,49.45,49.42,49.44,0,0,26324
1758,2020-09-21 12:51:00,49.45,49.47,49.42,49.42,0,0,32740
1759,2020-09-21 12:52:00,49.42,49.45,49.42,49.44,0,0,21358
1760,2020-09-21 12:53:00,49.44,49.47,49.42,49.46,0,0,19335
1761,2020-09-21 12:54:00,49.46,49.47,49.42,49.46,0,0,25442
1762,2020-09-21 12:55:00,49.46,49.51,49.46,49.47,0,0,46113
1763,2020-09-21 12:56:00,49.47,49.48,49.45,49.45,0,0,22610
1764,2020-09-21 12:57:00,49.44,49.44,49.41,49.42,0,0,55592
1765,2020-09-21 12:58:00,49.42,49.44,49.4,49.41,0,0,36950
1766,2020-09-21 12:59:00,49.41,49.43,49.4,49.43,0,0,14060
1767,2020-09-21 13:00:00,49.43,49.47,49.43,49.45,0,0,24801
1768,2020-09-21 13:01:00,49.45,49.45,49.32,49.33,0,0,73280
1769,2020-09-21 13:02:00,49.34,49.37,49.34,49.37,0,0,15948
1770,2020-09-21 13:03:00,49.36,49.4,49.35,49.4,0,0,18515
1771,2020-09-21 13:04:00,49.4,49.44,49.4,49.42,0,0,23499
1772,2020-09-21 13:05:00,49.43,49.43,49.39,49.41,0,0,20215
1773,2020-09-21 13:06:00,49.42,49.47,49.42,49.47,0,0,20294
1774,2020-09-21 13:07:00,49.47,49.47,49.44,49.46,0,0,26559
1775,2020-09-21 13:08:00,49.45,49.47,49.43,49.45,0,0,24803
1776,2020-09-21 13:09:00,49.46,49.47,49.44,49.47,0,0,16202
1777,2020-09-21 13:10:00,49.47,49.48,49.46,49.48,0,0,31019
1778,2020-09-21 13:11:00,49.48,49.5,49.48,49.49,0,0,26895
1779,2020-09-21 13:12:00,49.49,49.51,49.47,49.51,0,0,22393
1780,2020-09-21 13:13:00,49.51,49.54,49.51,49.53,0,0,33569
1781,2020-09-21 13:14:00,49.53,49.56,49.51,49.56,0,0,20760
1782,2020-09-21 13:15:00,49.56,49.59,49.56,49.59,0,0,48449
1783,2020-09-21 13:16:00,49.59,49.61,49.55,49.59,0,0,63468
1784,2020-09-21 13:17:00,49.58,49.6,49.55,49.56,0,0,18696
1785,2020-09-21 13:18:00,49.56,49.56,49.51,49.51,0,0,34323
1786,2020-09-21 13:19:00,49.52,49.53,49.49,49.51,0,0,28171
1787,2020-09-21 13:20:00,49.51,49.53,49.49,49.51,0,0,47843
1788,2020-09-21 13:21:00,49.51,49.57,49.51,49.55,0,0,68168
1789,2020-09-21 13:22:00,49.55,49.55,49.53,49.55,0,0,22107
1790,2020-09-21 13:23:00,49.55,49.58,49.53,49.54,0,0,25114
1791,2020-09-21 13:24:00,49.55,49.56,49.53,49.56,0,0,22160
1792,2020-09-21 13:25:00,49.56,49.58,49.54,49.57,0,0,17504
1793,2020-09-21 13:26:00,49.58,49.59,49.56,49.56,0,0,30355
1794,2020-09-21 13:27:00,49.57,49.58,49.55,49.57,0,0,29827
1795,2020-09-21 13:28:00,49.56,49.56,49.53,49.53,0,0,16912
1796,2020-09-21 13:29:00,49.54,49.57,49.51,49.57,0,0,26456
1797,2020-09-21 13:30:00,49.57,49.57,49.54,49.54,0,0,26731
1798,2020-09-21 13:31:00,49.54,49.59,49.53,49.59,0,0,42568
1799,2020-09-21 13:32:00,49.58,49.59,49.54,49.54,0,0,18399
1800,2020-09-21 13:33:00,49.54,49.55,49.53,49.53,0,0,15014
1801,2020-09-21 13:34:00,49.53,49.56,49.53,49.53,0,0,37013
1802,2020-09-21 13:35:00,49.53,49.54,49.51,49.53,0,0,12729
1803,2020-09-21 13:36:00,49.54,49.58,49.54,49.57,0,0,15596
1804,2020-09-21 13:37:00,49.56,49.6,49.55,49.6,0,0,19785
1805,2020-09-21 13:38:00,49.59,49.6,49.58,49.58,0,0,23162
1806,2020-09-21 13:39:00,49.58,49.6,49.58,49.59,0,0,6698
1807,2020-09-21 13:40:00,49.59,49.6,49.57,49.57,0,0,22834
1808,2020-09-21 13:41:00,49.57,49.58,49.55,49.56,0,0,38774
1809,2020-09-21 13:42:00,49.56,49.56,49.53,49.56,0,0,29608
1810,2020-09-21 13:43:00,49.56,49.56,49.52,49.53,0,0,24944
1811,2020-09-21 13:44:00,49.53,49.53,49.51,49.51,0,0,15143
1812,2020-09-21 13:45:00,49.5,49.51,49.45,49.47,0,0,32386
1813,2020-09-21 13:46:00,49.48,49.49,49.46,49.48,0,0,25473
1814,2020-09-21 13:47:00,49.49,49.51,49.47,49.49,0,0,22875
1815,2020-09-21 13:48:00,49.49,49.53,49.48,49.49,0,0,40106
1816,2020-09-21 13:49:00,49.5,49.51,49.46,49.51,0,0,34341
1817,2020-09-21 13:50:00,49.51,49.51,49.48,49.49,0,0,26164
1818,2020-09-21 13:51:00,49.49,49.51,49.49,49.5,0,0,17141
1819,2020-09-21 13:52:00,49.51,49.51,49.45,49.48,0,0,35832
1820,2020-09-21 13:53:00,49.48,49.48,49.46,49.46,0,0,17858
1821,2020-09-21 13:54:00,49.46,49.47,49.43,49.44,0,0,33121
1822,2020-09-21 13:55:00,49.43,49.47,49.4,49.45,0,0,106696
1823,2020-09-21 13:56:00,49.46,49.48,49.46,49.46,0,0,15887
1824,2020-09-21 13:57:00,49.45,49.48,49.45,49.46,0,0,12591
1825,2020-09-21 13:58:00,49.47,49.48,49.46,49.47,0,0,28022
1826,2020-09-21 13:59:00,49.47,49.48,49.45,49.45,0,0,17729
1827,2020-09-21 14:00:00,49.45,49.48,49.44,49.46,0,0,32280
1828,2020-09-21 14:01:00,49.45,49.49,49.44,49.48,0,0,19991
1829,2020-09-21 14:02:00,49.47,49.47,49.43,49.45,0,0,33804
1830,2020-09-21 14:03:00,49.44,49.48,49.44,49.47,0,0,26056
1831,2020-09-21 14:04:00,49.48,49.5,49.47,49.5,0,0,34207
1832,2020-09-21 14:05:00,49.49,49.49,49.43,49.46,0,0,29478
1833,2020-09-21 14:06:00,49.46,49.46,49.42,49.43,0,0,28676
1834,2020-09-21 14:07:00,49.44,49.46,49.4,49.44,0,0,42122
1835,2020-09-21 14:08:00,49.44,49.45,49.42,49.43,0,0,23691
1836,2020-09-21 14:09:00,49.42,49.42,49.4,49.41,0,0,29485
1837,2020-09-21 14:10:00,49.42,49.46,49.4,49.4,0,0,33201
1838,2020-09-21 14:11:00,49.41,49.44,49.41,49.43,0,0,52698
1839,2020-09-21 14:12:00,49.43,49.44,49.42,49.43,0,0,23361
1840,2020-09-21 14:13:00,49.44,49.44,49.42,49.44,0,0,75187
1841,2020-09-21 14:14:00,49.45,49.46,49.42,49.44,0,0,18537
1842,2020-09-21 14:15:00,49.44,49.47,49.44,49.46,0,0,23432
1843,2020-09-21 14:16:00,49.46,49.46,49.43,49.44,0,0,25897
1844,2020-09-21 14:17:00,49.44,49.45,49.41,49.42,0,0,48783
1845,2020-09-21 14:18:00,49.41,49.41,49.38,49.38,0,0,44729
1846,2020-09-21 14:19:00,49.38,49.41,49.38,49.4,0,0,15073
1847,2020-09-21 14:20:00,49.4,49.4,49.38,49.39,0,0,34336
1848,2020-09-21 14:21:00,49.4,49.43,49.39,49.42,0,0,33030
1849,2020-09-21 14:22:00,49.42,49.44,49.41,49.43,0,0,26341
1850,2020-09-21 14:23:00,49.43,49.46,49.41,49.45,0,0,34126
1851,2020-09-21 14:24:00,49.44,49.45,49.41,49.42,0,0,20476
1852,2020-09-21 14:25:00,49.42,49.46,49.4,49.44,0,0,34294
1853,2020-09-21 14:26:00,49.44,49.46,49.43,49.44,0,0,32227
1854,2020-09-21 14:27:00,49.43,49.46,49.43,49.44,0,0,20824
1855,2020-09-21 14:28:00,49.44,49.44,49.41,49.41,0,0,28311
1856,2020-09-21 14:29:00,49.42,49.44,49.4,49.43,0,0,23989
1857,2020-09-21 14:30:00,49.41,49.42,49.35,49.38,0,0,42414
1858,2020-09-21 14:31:00,49.38,49.39,49.36,49.37,0,0,23585
1859,2020-09-21 14:32:00,49.37,49.37,49.32,49.34,0,0,18555
1860,2020-09-21 14:33:00,49.33,49.34,49.29,49.3,0,0,50024
1861,2020-09-21 14:34:00,49.31,49.34,49.3,49.32,0,0,48439
1862,2020-09-21 14:35:00,49.32,49.34,49.3,49.33,0,0,72898
1863,2020-09-21 14:36:00,49.34,49.36,49.31,49.35,0,0,178376
1864,2020-09-21 14:37:00,49.35,49.35,49.3,49.33,0,0,81196
1865,2020-09-21 14:38:00,49.32,49.33,49.29,49.32,0,0,34774
1866,2020-09-21 14:39:00,49.32,49.33,49.3,49.33,0,0,23151
1867,2020-09-21 14:40:00,49.33,49.34,49.3,49.31,0,0,17136
1868,2020-09-21 14:41:00,49.31,49.32,49.3,49.31,0,0,15937
1869,2020-09-21 14:42:00,49.31,49.36,49.28,49.32,0,0,67722
1870,2020-09-21 14:43:00,49.32,49.32,49.28,49.31,0,0,33450
1871,2020-09-21 14:44:00,49.31,49.33,49.29,49.32,0,0,58960
1872,2020-09-21 14:45:00,49.33,49.34,49.32,49.32,0,0,39267
1873,2020-09-21 14:46:00,49.32,49.33,49.32,49.32,0,0,50850
1874,2020-09-21 14:47:00,49.33,49.33,49.29,49.32,0,0,37851
1875,2020-09-21 14:48:00,49.31,49.33,49.28,49.33,0,0,20650
1876,2020-09-21 14:49:00,49.33,49.33,49.3,49.31,0,0,19845
1877,2020-09-21 14:50:00,49.32,49.35,49.31,49.34,0,0,32266
1878,2020-09-21 14:51:00,49.34,49.36,49.33,49.35,0,0,21879
1879,2020-09-21 14:52:00,49.35,49.36,49.34,49.35,0,0,16053
1880,2020-09-21 14:53:00,49.35,49.37,49.34,49.35,0,0,36185
1881,2020-09-21 14:54:00,49.36,49.38,49.35,49.38,0,0,30355
1882,2020-09-21 14:55:00,49.38,49.42,49.37,49.42,0,0,36658
1883,2020-09-21 14:56:00,49.42,49.42,49.4,49.42,0,0,48458
1884,2020-09-21 14:57:00,49.42,49.42,49.4,49.4,0,0,20910
1885,2020-09-21 14:58:00,49.4,49.42,49.39,49.4,0,0,41015
1886,2020-09-21 14:59:00,49.4,49.41,49.39,49.39,0,0,15043
1887,2020-09-21 15:00:00,49.4,49.43,49.37,49.42,0,0,33825
1888,2020-09-21 15:01:00,49.42,49.49,49.41,49.47,0,0,40829
1889,2020-09-21 15:02:00,49.47,49.49,49.47,49.47,0,0,21592
1890,2020-09-21 15:03:00,49.47,49.48,49.45,49.47,0,0,20673
1891,2020-09-21 15:04:00,49.48,49.57,49.48,49.57,0,0,67437
1892,2020-09-21 15:05:00,49.57,49.58,49.53,49.56,0,0,24672
1893,2020-09-21 15:06:00,49.56,49.57,49.55,49.56,0,0,27430
1894,2020-09-21 15:07:00,49.56,49.57,49.55,49.57,0,0,26628
1895,2020-09-21 15:08:00,49.57,49.6,49.56,49.59,0,0,51154
1896,2020-09-21 15:09:00,49.59,49.59,49.57,49.59,0,0,29893
1897,2020-09-21 15:10:00,49.59,49.62,49.58,49.59,0,0,50673
1898,2020-09-21 15:11:00,49.6,49.61,49.59,49.61,0,0,26571
1899,2020-09-21 15:12:00,49.62,49.65,49.62,49.62,0,0,22652
1900,2020-09-21 15:13:00,49.62,49.62,49.59,49.62,0,0,29845
1901,2020-09-21 15:14:00,49.61,49.62,49.6,49.62,0,0,20214
1902,2020-09-21 15:15:00,49.62,49.66,49.62,49.65,0,0,82509
1903,2020-09-21 15:16:00,49.65,49.65,49.6,49.63,0,0,83760
1904,2020-09-21 15:17:00,49.64,49.68,49.63,49.64,0,0,63117
1905,2020-09-21 15:18:00,49.63,49.65,49.6,49.62,0,0,72900
1906,2020-09-21 15:19:00,49.62,49.64,49.6,49.6,0,0,44759
1907,2020-09-21 15:20:00,49.6,49.64,49.59,49.6,0,0,48955
1908,2020-09-21 15:21:00,49.6,49.61,49.56,49.58,0,0,39982
1909,2020-09-21 15:22:00,49.58,49.64,49.58,49.62,0,0,47368
1910,2020-09-21 15:23:00,49.62,49.65,49.61,49.62,0,0,64539
1911,2020-09-21 15:24:00,49.62,49.65,49.62,49.63,0,0,48502
1912,2020-09-21 15:25:00,49.64,49.64,49.62,49.62,0,0,14060
1913,2020-09-21 15:26:00,49.62,49.64,49.62,49.62,0,0,45632
1914,2020-09-21 15:27:00,49.63,49.63,49.6,49.6,0,0,60046
1915,2020-09-21 15:28:00,49.61,49.62,49.59,49.6,0,0,37034
1916,2020-09-21 15:29:00,49.61,49.61,49.57,49.58,0,0,29380
1917,2020-09-21 15:30:00,49.58,49.62,49.58,49.6,0,0,52984
1918,2020-09-21 15:31:00,49.6,49.63,49.58,49.58,0,0,43833
1919,2020-09-21 15:32:00,49.58,49.58,49.54,49.55,0,0,63510
1920,2020-09-21 15:33:00,49.56,49.56,49.49,49.5,0,0,46861
1921,2020-09-21 15:34:00,49.51,49.56,49.5,49.56,0,0,57476
1922,2020-09-21 15:35:00,49.56,49.62,49.55,49.61,0,0,55212
1923,2020-09-21 15:36:00,49.6,49.65,49.6,49.65,0,0,83826
1924,2020-09-21 15:37:00,49.64,49.65,49.63,49.63,0,0,17042
1925,2020-09-21 15:38:00,49.63,49.68,49.63,49.65,0,0,102534
1926,2020-09-21 15:39:00,49.65,49.65,49.6,49.62,0,0,46968
1927,2020-09-21 15:40:00,49.62,49.64,49.58,49.62,0,0,68503
1928,2020-09-21 15:41:00,49.62,49.64,49.58,49.59,0,0,56535
1929,2020-09-21 15:42:00,49.59,49.63,49.59,49.6,0,0,118229
1930,2020-09-21 15:43:00,49.62,49.62,49.57,49.61,0,0,77719
1931,2020-09-21 15:44:00,49.6,49.67,49.6,49.64,0,0,99853
1932,2020-09-21 15:45:00,49.65,49.65,49.61,49.62,0,0,114382
1933,2020-09-21 15:46:00,49.62,49.63,49.57,49.58,0,0,94910
1934,2020-09-21 15:47:00,49.58,49.59,49.55,49.57,0,0,46450
1935,2020-09-21 15:48:00,49.58,49.6,49.55,49.55,0,0,39513
1936,2020-09-21 15:49:00,49.55,49.58,49.51,49.51,0,0,60546
1937,2020-09-21 15:50:00,49.51,49.62,49.5,49.6,0,0,220544
1938,2020-09-21 15:51:00,49.6,49.62,49.58,49.6,0,0,92577
1939,2020-09-21 15:52:00,49.59,49.61,49.58,49.59,0,0,140112
1940,2020-09-21 15:53:00,49.58,49.61,49.58,49.6,0,0,189733
1941,2020-09-21 15:54:00,49.6,49.62,49.58,49.6,0,0,125590
1942,2020-09-21 15:55:00,49.59,49.63,49.58,49.62,0,0,137647
1943,2020-09-21 15:56:00,49.62,49.62,49.6,49.6,0,0,124773
1944,2020-09-21 15:57:00,49.6,49.63,49.6,49.63,0,0,231225
1945,2020-09-21 15:58:00,49.62,49.65,49.62,49.65,0,0,286255
1946,2020-09-21 15:59:00,49.65,49.74,49.63,49.73,0,0,387012
1947,2020-09-22 09:30:00,49.89,50.0,49.81,50.0,0,0,660095
1948,2020-09-22 09:31:00,49.99,50.0,49.78,49.78,0,0,146398
1949,2020-09-22 09:32:00,49.78,49.91,49.75,49.91,0,0,80099
1950,2020-09-22 09:33:00,49.91,49.98,49.91,49.97,0,0,93040
1951,2020-09-22 09:34:00,49.97,49.97,49.9,49.92,0,0,65910
1952,2020-09-22 09:35:00,49.93,49.97,49.84,49.97,0,0,107197
1953,2020-09-22 09:36:00,49.97,50.0,49.97,49.99,0,0,165663
1954,2020-09-22 09:37:00,49.99,50.0,49.96,49.97,0,0,133545
1955,2020-09-22 09:38:00,49.97,50.0,49.97,49.99,0,0,82833
1956,2020-09-22 09:39:00,50.06,50.12,50.06,50.12,0,0,104109
1957,2020-09-22 09:40:00,50.16,50.21,50.13,50.19,0,0,82164
1958,2020-09-22 09:41:00,50.19,50.2,50.14,50.14,0,0,106312
1959,2020-09-22 09:42:00,50.15,50.19,50.12,50.17,0,0,71149
1960,2020-09-22 09:43:00,50.17,50.17,50.12,50.13,0,0,46586
1961,2020-09-22 09:44:00,50.13,50.13,50.04,50.08,0,0,54172
1962,2020-09-22 09:45:00,50.02,50.09,50.01,50.03,0,0,79563
1963,2020-09-22 09:46:00,50.05,50.08,50.03,50.03,0,0,78683
1964,2020-09-22 09:47:00,50.02,50.05,49.98,49.99,0,0,61122
1965,2020-09-22 09:48:00,49.99,50.02,49.99,49.99,0,0,55754
1966,2020-09-22 09:49:00,49.95,50.0,49.93,49.94,0,0,57008
1967,2020-09-22 09:50:00,49.94,49.95,49.83,49.83,0,0,80599
1968,2020-09-22 09:51:00,49.83,49.88,49.82,49.87,0,0,48513
1969,2020-09-22 09:52:00,49.88,49.89,49.83,49.86,0,0,50306
1970,2020-09-22 09:53:00,49.87,49.9,49.83,49.9,0,0,50984
1971,2020-09-22 09:54:00,49.9,49.9,49.85,49.88,0,0,43602
1972,2020-09-22 09:55:00,49.88,49.89,49.86,49.87,0,0,63306
1973,2020-09-22 09:56:00,49.87,49.9,49.85,49.87,0,0,35874
1974,2020-09-22 09:57:00,49.88,49.89,49.82,49.82,0,0,43965
1975,2020-09-22 09:58:00,49.82,49.83,49.81,49.82,0,0,59739
1976,2020-09-22 09:59:00,49.79,49.82,49.75,49.75,0,0,68323
1977,2020-09-22 10:00:00,49.76,49.8,49.74,49.77,0,0,88630
1978,2020-09-22 10:01:00,49.79,49.79,49.74,49.76,0,0,63368
1979,2020-09-22 10:02:00,49.77,49.8,49.75,49.76,0,0,49333
1980,2020-09-22 10:03:00,49.76,49.79,49.75,49.79,0,0,43264
1981,2020-09-22 10:04:00,49.79,49.82,49.78,49.79,0,0,57926
1982,2020-09-22 10:05:00,49.79,49.81,49.78,49.79,0,0,75915
1983,2020-09-22 10:06:00,49.78,49.81,49.78,49.8,0,0,61814
1984,2020-09-22 10:07:00,49.79,49.81,49.78,49.8,0,0,43750
1985,2020-09-22 10:08:00,49.8,49.86,49.79,49.83,0,0,70752
1986,2020-09-22 10:09:00,49.83,49.87,49.83,49.84,0,0,48733
1987,2020-09-22 10:10:00,49.85,49.85,49.81,49.83,0,0,58181
1988,2020-09-22 10:11:00,49.83,49.88,49.83,49.85,0,0,57728
1989,2020-09-22 10:12:00,49.85,49.89,49.85,49.88,0,0,74340
1990,2020-09-22 10:13:00,49.88,49.88,49.79,49.8,0,0,65342
1991,2020-09-22 10:14:00,49.81,49.83,49.79,49.81,0,0,44125
1992,2020-09-22 10:15:00,49.82,49.85,49.8,49.8,0,0,85939
1993,2020-09-22 10:16:00,49.81,49.81,49.77,49.78,0,0,57572
1994,2020-09-22 10:17:00,49.77,49.81,49.77,49.77,0,0,63317
1995,2020-09-22 10:18:00,49.77,49.8,49.77,49.79,0,0,43547
1996,2020-09-22 10:19:00,49.79,49.82,49.76,49.82,0,0,38006
1997,2020-09-22 10:20:00,49.82,49.82,49.75,49.75,0,0,37674
1998,2020-09-22 10:21:00,49.76,49.79,49.75,49.76,0,0,35807
1999,2020-09-22 10:22:00,49.77,49.81,49.76,49.78,0,0,49899
2000,2020-09-22 10:23:00,49.78,49.8,49.77,49.78,0,0,59011
2001,2020-09-22 10:24:00,49.79,49.8,49.76,49.78,0,0,50936
2002,2020-09-22 10:25:00,49.78,49.8,49.78,49.78,0,0,33081
2003,2020-09-22 10:26:00,49.78,49.81,49.78,49.8,0,0,44227
2004,2020-09-22 10:27:00,49.81,49.83,49.78,49.81,0,0,47087
2005,2020-09-22 10:28:00,49.81,49.82,49.78,49.8,0,0,78356
2006,2020-09-22 10:29:00,49.81,49.83,49.8,49.83,0,0,62667
2007,2020-09-22 10:30:00,49.83,49.88,49.82,49.86,0,0,79845
2008,2020-09-22 10:31:00,49.87,49.88,49.84,49.85,0,0,53276
2009,2020-09-22 10:32:00,49.85,49.86,49.81,49.81,0,0,37626
2010,2020-09-22 10:33:00,49.81,49.81,49.78,49.79,0,0,27697
2011,2020-09-22 10:34:00,49.79,49.79,49.75,49.78,0,0,40965
2012,2020-09-22 10:35:00,49.78,49.81,49.76,49.81,0,0,46456
2013,2020-09-22 10:36:00,49.81,49.81,49.78,49.79,0,0,22904
2014,2020-09-22 10:37:00,49.79,49.8,49.76,49.78,0,0,28037
2015,2020-09-22 10:38:00,49.78,49.79,49.76,49.78,0,0,21782
2016,2020-09-22 10:39:00,49.78,49.8,49.72,49.73,0,0,53465
2017,2020-09-22 10:40:00,49.73,49.75,49.69,49.74,0,0,58388
2018,2020-09-22 10:41:00,49.74,49.78,49.74,49.78,0,0,55513
2019,2020-09-22 10:42:00,49.78,49.78,49.72,49.74,0,0,71011
2020,2020-09-22 10:43:00,49.75,49.76,49.71,49.73,0,0,46670
2021,2020-09-22 10:44:00,49.73,49.73,49.67,49.69,0,0,72155
2022,2020-09-22 10:45:00,49.68,49.69,49.63,49.64,0,0,73813
2023,2020-09-22 10:46:00,49.65,49.65,49.6,49.64,0,0,73516
2024,2020-09-22 10:47:00,49.63,49.64,49.59,49.61,0,0,38784
2025,2020-09-22 10:48:00,49.6,49.62,49.58,49.62,0,0,75851
2026,2020-09-22 10:49:00,49.61,49.62,49.55,49.58,0,0,53143
2027,2020-09-22 10:50:00,49.58,49.62,49.57,49.62,0,0,49699
2028,2020-09-22 10:51:00,49.62,49.67,49.6,49.66,0,0,51179
2029,2020-09-22 10:52:00,49.66,49.69,49.64,49.65,0,0,50746
2030,2020-09-22 10:53:00,49.65,49.68,49.63,49.67,0,0,63002
2031,2020-09-22 10:54:00,49.67,49.69,49.65,49.66,0,0,45963
2032,2020-09-22 10:55:00,49.66,49.67,49.64,49.65,0,0,20927
2033,2020-09-22 10:56:00,49.65,49.66,49.6,49.61,0,0,57613
2034,2020-09-22 10:57:00,49.62,49.64,49.6,49.63,0,0,53866
2035,2020-09-22 10:58:00,49.62,49.66,49.61,49.62,0,0,32218
2036,2020-09-22 10:59:00,49.63,49.63,49.54,49.55,0,0,62791
2037,2020-09-22 11:00:00,49.54,49.6,49.54,49.6,0,0,70047
2038,2020-09-22 11:01:00,49.6,49.61,49.58,49.6,0,0,30059
2039,2020-09-22 11:02:00,49.61,49.61,49.56,49.57,0,0,71753
2040,2020-09-22 11:03:00,49.58,49.59,49.51,49.54,0,0,68885
2041,2020-09-22 11:05:00,49.59,49.63,49.59,49.6,0,0,94964
2042,2020-09-22 11:06:00,49.59,49.59,49.56,49.58,0,0,52300
2043,2020-09-22 11:07:00,49.58,49.59,49.52,49.53,0,0,42603
2044,2020-09-22 11:08:00,49.53,49.58,49.53,49.56,0,0,39321
2045,2020-09-22 11:09:00,49.56,49.57,49.53,49.55,0,0,50458
2046,2020-09-22 11:10:00,49.56,49.58,49.55,49.55,0,0,63477
2047,2020-09-22 11:11:00,49.54,49.54,49.51,49.52,0,0,42212
2048,2020-09-22 11:12:00,49.52,49.55,49.51,49.55,0,0,34474
2049,2020-09-22 11:13:00,49.55,49.56,49.54,49.56,0,0,28307
2050,2020-09-22 11:14:00,49.56,49.57,49.53,49.54,0,0,45065
2051,2020-09-22 11:15:00,49.54,49.57,49.53,49.56,0,0,59502
2052,2020-09-22 11:16:00,49.56,49.58,49.55,49.58,0,0,66965
2053,2020-09-22 11:17:00,49.58,49.61,49.57,49.61,0,0,53737
2054,2020-09-22 11:18:00,49.6,49.61,49.58,49.59,0,0,31862
2055,2020-09-22 11:19:00,49.59,49.61,49.57,49.59,0,0,45951
2056,2020-09-22 11:20:00,49.59,49.6,49.58,49.58,0,0,45861
2057,2020-09-22 11:21:00,49.58,49.59,49.55,49.56,0,0,30131
2058,2020-09-22 11:22:00,49.55,49.6,49.55,49.6,0,0,27738
2059,2020-09-22 11:23:00,49.6,49.6,49.57,49.58,0,0,419268
2060,2020-09-22 11:24:00,49.58,49.62,49.58,49.6,0,0,51865
2061,2020-09-22 11:25:00,49.6,49.6,49.54,49.55,0,0,46154
2062,2020-09-22 11:26:00,49.55,49.57,49.53,49.57,0,0,42713
2063,2020-09-22 11:27:00,49.57,49.59,49.56,49.56,0,0,15525
2064,2020-09-22 11:28:00,49.56,49.56,49.53,49.56,0,0,24663
2065,2020-09-22 11:29:00,49.57,49.58,49.55,49.56,0,0,16332
2066,2020-09-22 11:30:00,49.56,49.58,49.53,49.53,0,0,42426
2067,2020-09-22 11:31:00,49.53,49.55,49.51,49.53,0,0,35428
2068,2020-09-22 11:32:00,49.52,49.53,49.51,49.53,0,0,37114
2069,2020-09-22 11:33:00,49.53,49.55,49.51,49.53,0,0,61261
2070,2020-09-22 11:34:00,49.53,49.54,49.48,49.49,0,0,141242
2071,2020-09-22 11:35:00,49.49,49.52,49.47,49.51,0,0,50195
2072,2020-09-22 11:36:00,49.52,49.54,49.51,49.53,0,0,42762
2073,2020-09-22 11:37:00,49.53,49.56,49.52,49.54,0,0,53766
2074,2020-09-22 11:38:00,49.54,49.57,49.54,49.56,0,0,43147
2075,2020-09-22 11:39:00,49.56,49.56,49.53,49.53,0,0,35314
2076,2020-09-22 11:40:00,49.54,49.58,49.53,49.57,0,0,37888
2077,2020-09-22 11:41:00,49.57,49.62,49.57,49.61,0,0,42203
2078,2020-09-22 11:42:00,49.62,49.62,49.59,49.6,0,0,32401
2079,2020-09-22 11:43:00,49.59,49.6,49.57,49.58,0,0,46829
2080,2020-09-22 11:44:00,49.58,49.58,49.56,49.56,0,0,33418
2081,2020-09-22 11:45:00,49.56,49.59,49.56,49.58,0,0,14013
2082,2020-09-22 11:46:00,49.59,49.6,49.58,49.58,0,0,19435
2083,2020-09-22 11:47:00,49.58,49.59,49.57,49.58,0,0,16281
2084,2020-09-22 11:48:00,49.59,49.63,49.59,49.62,0,0,30219
2085,2020-09-22 11:49:00,49.61,49.62,49.6,49.62,0,0,29272
2086,2020-09-22 11:50:00,49.61,49.62,49.6,49.6,0,0,22079
2087,2020-09-22 11:51:00,49.6,49.6,49.55,49.56,0,0,23799
2088,2020-09-22 11:52:00,49.56,49.56,49.51,49.53,0,0,81541
2089,2020-09-22 11:53:00,49.55,49.57,49.54,49.55,0,0,39629
2090,2020-09-22 11:54:00,49.56,49.56,49.53,49.56,0,0,44869
2091,2020-09-22 11:55:00,49.57,49.57,49.53,49.57,0,0,28867
2092,2020-09-22 11:56:00,49.57,49.61,49.57,49.61,0,0,30633
2093,2020-09-22 11:57:00,49.61,49.62,49.58,49.61,0,0,49732
2094,2020-09-22 11:58:00,49.61,49.63,49.6,49.62,0,0,20556
2095,2020-09-22 11:59:00,49.63,49.64,49.61,49.63,0,0,44033
2096,2020-09-22 12:00:00,49.63,49.65,49.62,49.65,0,0,78470
2097,2020-09-22 12:01:00,49.65,49.67,49.62,49.64,0,0,62598
2098,2020-09-22 12:02:00,49.65,49.65,49.64,49.65,0,0,15763
2099,2020-09-22 12:03:00,49.65,49.66,49.64,49.64,0,0,46053
2100,2020-09-22 12:04:00,49.65,49.66,49.64,49.65,0,0,37868
2101,2020-09-22 12:05:00,49.65,49.66,49.63,49.65,0,0,44907
2102,2020-09-22 12:06:00,49.65,49.65,49.64,49.65,0,0,11717
2103,2020-09-22 12:07:00,49.65,49.66,49.65,49.66,0,0,59205
2104,2020-09-22 12:08:00,49.67,49.69,49.66,49.69,0,0,60594
2105,2020-09-22 12:09:00,49.69,49.7,49.67,49.69,0,0,28592
2106,2020-09-22 12:10:00,49.68,49.69,49.67,49.69,0,0,43486
2107,2020-09-22 12:11:00,49.69,49.74,49.69,49.74,0,0,28856
2108,2020-09-22 12:12:00,49.73,49.74,49.72,49.72,0,0,28216
2109,2020-09-22 12:13:00,49.72,49.72,49.7,49.71,0,0,16569
2110,2020-09-22 12:14:00,49.71,49.71,49.7,49.7,0,0,18106
2111,2020-09-22 12:15:00,49.71,49.72,49.69,49.71,0,0,29363
2112,2020-09-22 12:16:00,49.71,49.72,49.67,49.67,0,0,38064
2113,2020-09-22 12:17:00,49.68,49.7,49.65,49.67,0,0,39338
2114,2020-09-22 12:18:00,49.67,49.68,49.65,49.67,0,0,23461
2115,2020-09-22 12:19:00,49.68,49.69,49.66,49.66,0,0,32042
2116,2020-09-22 12:20:00,49.67,49.67,49.63,49.63,0,0,22996
2117,2020-09-22 12:21:00,49.63,49.64,49.62,49.62,0,0,22004
2118,2020-09-22 12:22:00,49.63,49.65,49.63,49.65,0,0,33998
2119,2020-09-22 12:23:00,49.65,49.68,49.65,49.68,0,0,29101
2120,2020-09-22 12:24:00,49.68,49.69,49.67,49.67,0,0,21564
2121,2020-09-22 12:25:00,49.67,49.69,49.65,49.66,0,0,24864
2122,2020-09-22 12:26:00,49.65,49.68,49.65,49.67,0,0,25737
2123,2020-09-22 12:27:00,49.67,49.67,49.65,49.65,0,0,28976
2124,2020-09-22 12:28:00,49.65,49.65,49.63,49.65,0,0,14391
2125,2020-09-22 12:29:00,49.65,49.68,49.65,49.67,0,0,22426
2126,2020-09-22 12:30:00,49.67,49.68,49.66,49.67,0,0,30840
2127,2020-09-22 12:31:00,49.67,49.67,49.64,49.64,0,0,24236
2128,2020-09-22 12:32:00,49.64,49.68,49.64,49.67,0,0,26424
2129,2020-09-22 12:33:00,49.68,49.68,49.65,49.66,0,0,24466
2130,2020-09-22 12:34:00,49.67,49.69,49.65,49.65,0,0,27687
2131,2020-09-22 12:35:00,49.65,49.67,49.63,49.65,0,0,28817
2132,2020-09-22 12:36:00,49.65,49.66,49.64,49.65,0,0,23486
2133,2020-09-22 12:37:00,49.66,49.66,49.63,49.65,0,0,29334
2134,2020-09-22 12:38:00,49.65,49.67,49.65,49.66,0,0,22596
2135,2020-09-22 12:39:00,49.66,49.66,49.64,49.66,0,0,21156
2136,2020-09-22 12:40:00,49.65,49.65,49.62,49.63,0,0,21694
2137,2020-09-22 12:41:00,49.63,49.64,49.62,49.63,0,0,9160
2138,2020-09-22 12:42:00,49.64,49.64,49.6,49.61,0,0,73350
2139,2020-09-22 12:43:00,49.61,49.62,49.61,49.62,0,0,22652
2140,2020-09-22 12:44:00,49.62,49.63,49.61,49.61,0,0,23765
2141,2020-09-22 12:45:00,49.62,49.62,49.57,49.58,0,0,34330
2142,2020-09-22 12:46:00,49.58,49.58,49.56,49.56,0,0,21274
2143,2020-09-22 12:47:00,49.56,49.58,49.56,49.58,0,0,25918
2144,2020-09-22 12:48:00,49.58,49.58,49.54,49.55,0,0,19359
2145,2020-09-22 12:49:00,49.56,49.58,49.54,49.57,0,0,23674
2146,2020-09-22 12:50:00,49.57,49.58,49.55,49.58,0,0,14721
2147,2020-09-22 12:51:00,49.58,49.6,49.58,49.58,0,0,35653
2148,2020-09-22 12:52:00,49.58,49.59,49.54,49.55,0,0,45877
2149,2020-09-22 12:53:00,49.55,49.56,49.54,49.55,0,0,12693
2150,2020-09-22 12:54:00,49.54,49.54,49.52,49.53,0,0,20558
2151,2020-09-22 12:55:00,49.53,49.53,49.51,49.51,0,0,22619
2152,2020-09-22 12:56:00,49.51,49.51,49.49,49.5,0,0,39086
2153,2020-09-22 12:57:00,49.51,49.54,49.5,49.52,0,0,38182
2154,2020-09-22 12:58:00,49.53,49.54,49.52,49.54,0,0,12000
2155,2020-09-22 12:59:00,49.53,49.54,49.53,49.53,0,0,40087
2156,2020-09-22 13:00:00,49.53,49.56,49.53,49.54,0,0,47016
2157,2020-09-22 13:01:00,49.55,49.57,49.54,49.56,0,0,38873
2158,2020-09-22 13:02:00,49.56,49.58,49.56,49.56,0,0,25751
2159,2020-09-22 13:03:00,49.56,49.58,49.56,49.58,0,0,30010
2160,2020-09-22 13:04:00,49.57,49.58,49.57,49.58,0,0,21133
2161,2020-09-22 13:05:00,49.58,49.58,49.56,49.57,0,0,18753
2162,2020-09-22 13:06:00,49.57,49.59,49.56,49.58,0,0,35814
2163,2020-09-22 13:07:00,49.59,49.6,49.58,49.6,0,0,11556
2164,2020-09-22 13:08:00,49.6,49.6,49.59,49.59,0,0,13506
2165,2020-09-22 13:09:00,49.6,49.6,49.58,49.58,0,0,17851
2166,2020-09-22 13:10:00,49.58,49.61,49.58,49.6,0,0,52835
2167,2020-09-22 13:11:00,49.61,49.61,49.6,49.6,0,0,10938
2168,2020-09-22 13:12:00,49.61,49.63,49.6,49.63,0,0,21745
2169,2020-09-22 13:13:00,49.62,49.63,49.62,49.63,0,0,24278
2170,2020-09-22 13:14:00,49.63,49.66,49.63,49.66,0,0,28190
2171,2020-09-22 13:15:00,49.65,49.65,49.63,49.65,0,0,41819
2172,2020-09-22 13:16:00,49.64,49.65,49.64,49.65,0,0,9526
2173,2020-09-22 13:17:00,49.65,49.66,49.64,49.65,0,0,28532
2174,2020-09-22 13:18:00,49.65,49.66,49.64,49.65,0,0,25633
2175,2020-09-22 13:19:00,49.65,49.67,49.65,49.67,0,0,21885
2176,2020-09-22 13:20:00,49.67,49.69,49.67,49.69,0,0,33669
2177,2020-09-22 13:21:00,49.68,49.7,49.68,49.69,0,0,10223
2178,2020-09-22 13:22:00,49.7,49.71,49.69,49.7,0,0,16296
2179,2020-09-22 13:23:00,49.71,49.71,49.68,49.69,0,0,23400
2180,2020-09-22 13:24:00,49.69,49.7,49.69,49.69,0,0,14024
2181,2020-09-22 13:25:00,49.7,49.72,49.69,49.72,0,0,23676
2182,2020-09-22 13:26:00,49.72,49.72,49.7,49.71,0,0,15872
2183,2020-09-22 13:27:00,49.71,49.73,49.71,49.72,0,0,48420
2184,2020-09-22 13:28:00,49.72,49.72,49.69,49.71,0,0,57958
2185,2020-09-22 13:29:00,49.71,49.71,49.69,49.69,0,0,11476
2186,2020-09-22 13:30:00,49.69,49.69,49.68,49.69,0,0,43029
2187,2020-09-22 13:31:00,49.69,49.69,49.68,49.69,0,0,16970
2188,2020-09-22 13:32:00,49.68,49.71,49.67,49.69,0,0,51815
2189,2020-09-22 13:33:00,49.69,49.71,49.69,49.7,0,0,13809
2190,2020-09-22 13:34:00,49.71,49.71,49.69,49.69,0,0,17284
2191,2020-09-22 13:35:00,49.69,49.69,49.66,49.67,0,0,62193
2192,2020-09-22 13:36:00,49.67,49.67,49.66,49.66,0,0,13008
2193,2020-09-22 13:37:00,49.66,49.68,49.65,49.67,0,0,47567
2194,2020-09-22 13:38:00,49.68,49.7,49.68,49.69,0,0,34094
2195,2020-09-22 13:39:00,49.69,49.7,49.67,49.7,0,0,28765
2196,2020-09-22 13:40:00,49.7,49.71,49.69,49.69,0,0,24173
2197,2020-09-22 13:41:00,49.69,49.71,49.69,49.7,0,0,21301
2198,2020-09-22 13:42:00,49.7,49.74,49.7,49.72,0,0,33334
2199,2020-09-22 13:43:00,49.72,49.74,49.72,49.73,0,0,18982
2200,2020-09-22 13:44:00,49.73,49.75,49.72,49.75,0,0,52872
2201,2020-09-22 13:45:00,49.74,49.77,49.74,49.75,0,0,35610
2202,2020-09-22 13:46:00,49.76,49.76,49.74,49.76,0,0,44908
2203,2020-09-22 13:47:00,49.76,49.77,49.74,49.77,0,0,23879
2204,2020-09-22 13:48:00,49.76,49.79,49.76,49.78,0,0,28402
2205,2020-09-22 13:49:00,49.78,49.82,49.78,49.81,0,0,34496
2206,2020-09-22 13:50:00,49.81,49.84,49.81,49.83,0,0,59481
2207,2020-09-22 13:51:00,49.83,49.84,49.82,49.84,0,0,16918
2208,2020-09-22 13:52:00,49.84,49.85,49.82,49.85,0,0,26356
2209,2020-09-22 13:53:00,49.85,49.85,49.83,49.83,0,0,19574
2210,2020-09-22 13:54:00,49.83,49.84,49.8,49.81,0,0,60343
2211,2020-09-22 13:55:00,49.8,49.83,49.79,49.83,0,0,43482
2212,2020-09-22 13:56:00,49.82,49.83,49.81,49.83,0,0,12044
2213,2020-09-22 13:57:00,49.83,49.83,49.79,49.79,0,0,39074
2214,2020-09-22 13:58:00,49.79,49.8,49.78,49.78,0,0,28502
2215,2020-09-22 13:59:00,49.79,49.8,49.77,49.8,0,0,39589
2216,2020-09-22 14:00:00,49.8,49.84,49.8,49.83,0,0,62344
2217,2020-09-22 14:01:00,49.83,49.85,49.83,49.85,0,0,41523
2218,2020-09-22 14:02:00,49.84,49.88,49.84,49.87,0,0,37235
2219,2020-09-22 14:03:00,49.88,49.9,49.87,49.9,0,0,31937
2220,2020-09-22 14:04:00,49.9,49.92,49.89,49.9,0,0,123192
2221,2020-09-22 14:05:00,49.9,49.9,49.88,49.89,0,0,35784
2222,2020-09-22 14:06:00,49.89,49.92,49.88,49.9,0,0,42299
2223,2020-09-22 14:07:00,49.89,49.9,49.87,49.87,0,0,20567
2224,2020-09-22 14:08:00,49.87,49.89,49.86,49.87,0,0,32216
2225,2020-09-22 14:09:00,49.87,49.88,49.84,49.85,0,0,24968
2226,2020-09-22 14:10:00,49.85,49.86,49.83,49.84,0,0,39549
2227,2020-09-22 14:11:00,49.83,49.85,49.83,49.84,0,0,22479
2228,2020-09-22 14:12:00,49.85,49.88,49.85,49.87,0,0,39563
2229,2020-09-22 14:13:00,49.88,49.9,49.87,49.9,0,0,39318
2230,2020-09-22 14:14:00,49.9,49.91,49.88,49.88,0,0,26033
2231,2020-09-22 14:15:00,49.88,49.91,49.87,49.91,0,0,66255
2232,2020-09-22 14:16:00,49.9,49.91,49.89,49.91,0,0,22313
2233,2020-09-22 14:17:00,49.9,49.92,49.88,49.9,0,0,24100
2234,2020-09-22 14:18:00,49.9,49.9,49.87,49.88,0,0,62949
2235,2020-09-22 14:19:00,49.89,49.9,49.88,49.88,0,0,33579
2236,2020-09-22 14:20:00,49.88,49.88,49.83,49.85,0,0,49320
2237,2020-09-22 14:21:00,49.85,49.86,49.83,49.85,0,0,20163
2238,2020-09-22 14:22:00,49.85,49.86,49.81,49.84,0,0,85335
2239,2020-09-22 14:23:00,49.84,49.85,49.81,49.81,0,0,24493
2240,2020-09-22 14:24:00,49.82,49.83,49.81,49.83,0,0,26500
2241,2020-09-22 14:25:00,49.83,49.85,49.83,49.85,0,0,27116
2242,2020-09-22 14:26:00,49.85,49.85,49.82,49.83,0,0,26935
2243,2020-09-22 14:27:00,49.83,49.87,49.83,49.86,0,0,27668
2244,2020-09-22 14:28:00,49.87,49.87,49.85,49.85,0,0,34883
2245,2020-09-22 14:29:00,49.85,49.86,49.83,49.85,0,0,36672
2246,2020-09-22 14:30:00,49.87,49.89,49.86,49.87,0,0,28848
2247,2020-09-22 14:31:00,49.87,49.87,49.83,49.85,0,0,33802
2248,2020-09-22 14:32:00,49.84,49.85,49.83,49.83,0,0,14245
2249,2020-09-22 14:33:00,49.83,49.84,49.82,49.83,0,0,25868
2250,2020-09-22 14:34:00,49.83,49.85,49.81,49.82,0,0,25793
2251,2020-09-22 14:35:00,49.83,49.84,49.82,49.83,0,0,19747
2252,2020-09-22 14:36:00,49.84,49.85,49.83,49.85,0,0,17779
2253,2020-09-22 14:37:00,49.85,49.85,49.83,49.85,0,0,23924
2254,2020-09-22 14:38:00,49.85,49.86,49.83,49.85,0,0,61509
2255,2020-09-22 14:39:00,49.85,49.85,49.83,49.85,0,0,21552
2256,2020-09-22 14:40:00,49.84,49.86,49.83,49.85,0,0,26664
2257,2020-09-22 14:41:00,49.86,49.86,49.83,49.85,0,0,35000
2258,2020-09-22 14:42:00,49.85,49.85,49.83,49.83,0,0,16324
2259,2020-09-22 14:43:00,49.83,49.83,49.79,49.81,0,0,48877
2260,2020-09-22 14:44:00,49.81,49.84,49.81,49.83,0,0,27324
2261,2020-09-22 14:45:00,49.83,49.83,49.81,49.83,0,0,35590
2262,2020-09-22 14:46:00,49.83,49.84,49.8,49.84,0,0,32778
2263,2020-09-22 14:47:00,49.84,49.84,49.82,49.83,0,0,22307
2264,2020-09-22 14:48:00,49.83,49.84,49.81,49.81,0,0,21160
2265,2020-09-22 14:49:00,49.82,49.84,49.81,49.83,0,0,15295
2266,2020-09-22 14:50:00,49.83,49.85,49.83,49.84,0,0,27336
2267,2020-09-22 14:51:00,49.84,49.85,49.83,49.85,0,0,18384
2268,2020-09-22 14:52:00,49.85,49.86,49.85,49.85,0,0,21744
2269,2020-09-22 14:53:00,49.86,49.86,49.82,49.83,0,0,42518
2270,2020-09-22 14:54:00,49.82,49.84,49.82,49.83,0,0,17471
2271,2020-09-22 14:55:00,49.83,49.85,49.83,49.85,0,0,36432
2272,2020-09-22 14:56:00,49.84,49.86,49.84,49.86,0,0,22904
2273,2020-09-22 14:57:00,49.86,49.9,49.86,49.9,0,0,36302
2274,2020-09-22 14:58:00,49.89,49.9,49.87,49.87,0,0,22703
2275,2020-09-22 14:59:00,49.86,49.87,49.84,49.84,0,0,45166
2276,2020-09-22 15:00:00,49.84,49.85,49.8,49.83,0,0,54509
2277,2020-09-22 15:01:00,49.83,49.85,49.81,49.82,0,0,21720
2278,2020-09-22 15:02:00,49.82,49.85,49.81,49.82,0,0,51680
2279,2020-09-22 15:03:00,49.81,49.85,49.81,49.83,0,0,10990
2280,2020-09-22 15:04:00,49.83,49.85,49.82,49.84,0,0,25860
2281,2020-09-22 15:05:00,49.84,49.88,49.83,49.87,0,0,26844
2282,2020-09-22 15:06:00,49.87,49.89,49.87,49.89,0,0,19721
2283,2020-09-22 15:07:00,49.89,49.9,49.88,49.9,0,0,20160
2284,2020-09-22 15:08:00,49.9,49.9,49.88,49.89,0,0,31426
2285,2020-09-22 15:09:00,49.9,49.91,49.88,49.9,0,0,22948
2286,2020-09-22 15:10:00,49.91,49.92,49.9,49.9,0,0,31429
2287,2020-09-22 15:11:00,49.89,49.9,49.87,49.88,0,0,46938
2288,2020-09-22 15:12:00,49.88,49.88,49.87,49.87,0,0,31365
2289,2020-09-22 15:13:00,49.88,49.88,49.87,49.88,0,0,12990
2290,2020-09-22 15:14:00,49.87,49.87,49.84,49.85,0,0,37188
2291,2020-09-22 15:15:00,49.84,49.85,49.82,49.83,0,0,47622
2292,2020-09-22 15:16:00,49.85,49.87,49.83,49.85,0,0,53428
2293,2020-09-22 15:17:00,49.85,49.87,49.83,49.87,0,0,38418
2294,2020-09-22 15:18:00,49.86,49.88,49.85,49.88,0,0,27026
2295,2020-09-22 15:19:00,49.88,49.89,49.87,49.88,0,0,20544
2296,2020-09-22 15:20:00,49.88,49.88,49.85,49.86,0,0,43845
2297,2020-09-22 15:21:00,49.87,49.87,49.85,49.86,0,0,30936
2298,2020-09-22 15:22:00,49.86,49.89,49.85,49.89,0,0,26455
2299,2020-09-22 15:23:00,49.88,49.91,49.88,49.89,0,0,50008
2300,2020-09-22 15:24:00,49.9,49.91,49.89,49.89,0,0,9647
2301,2020-09-22 15:25:00,49.9,49.95,49.9,49.94,0,0,61667
2302,2020-09-22 15:26:00,49.94,49.98,49.94,49.97,0,0,50890
2303,2020-09-22 15:27:00,49.97,49.97,49.96,49.97,0,0,27351
2304,2020-09-22 15:28:00,49.97,49.99,49.97,49.98,0,0,30061
2305,2020-09-22 15:29:00,49.99,49.99,49.98,49.98,0,0,25011
2306,2020-09-22 15:30:00,49.98,49.99,49.95,49.97,0,0,57272
2307,2020-09-22 15:31:00,49.97,49.97,49.92,49.94,0,0,91410
2308,2020-09-22 15:32:00,49.93,49.97,49.92,49.94,0,0,43956
2309,2020-09-22 15:33:00,49.94,49.96,49.94,49.95,0,0,13735
2310,2020-09-22 15:34:00,49.95,49.96,49.93,49.95,0,0,39237
2311,2020-09-22 15:35:00,49.95,49.98,49.94,49.97,0,0,47862
2312,2020-09-22 15:36:00,49.97,50.0,49.97,49.98,0,0,57011
2313,2020-09-22 15:37:00,49.98,49.99,49.97,49.98,0,0,78437
2314,2020-09-22 15:38:00,49.99,49.99,49.97,49.98,0,0,29368
2315,2020-09-22 15:39:00,49.99,49.99,49.98,49.99,0,0,31613
2316,2020-09-22 15:40:00,49.99,50.01,49.98,50.01,0,0,128604
2317,2020-09-22 15:41:00,50.01,50.03,50.01,50.02,0,0,47093
2318,2020-09-22 15:42:00,50.03,50.04,50.02,50.03,0,0,27089
2319,2020-09-22 15:43:00,50.04,50.05,50.03,50.04,0,0,33936
2320,2020-09-22 15:44:00,50.05,50.06,50.03,50.03,0,0,52637
2321,2020-09-22 15:45:00,50.04,50.09,50.02,50.08,0,0,76957
2322,2020-09-22 15:46:00,50.08,50.09,50.06,50.08,0,0,69265
2323,2020-09-22 15:47:00,50.08,50.09,50.07,50.08,0,0,77666
2324,2020-09-22 15:48:00,50.08,50.08,50.04,50.05,0,0,63547
2325,2020-09-22 15:49:00,50.05,50.08,50.05,50.06,0,0,73586
2326,2020-09-22 15:50:00,50.06,50.07,50.01,50.02,0,0,161799
2327,2020-09-22 15:51:00,50.02,50.03,49.97,50.0,0,0,109009
2328,2020-09-22 15:52:00,50.01,50.04,49.98,49.99,0,0,115552
2329,2020-09-22 15:53:00,49.99,50.01,49.99,50.0,0,0,58516
2330,2020-09-22 15:54:00,50.0,50.03,49.96,50.01,0,0,253236
2331,2020-09-22 15:55:00,50.01,50.03,49.99,49.99,0,0,346017
2332,2020-09-22 15:56:00,49.99,50.01,49.98,49.98,0,0,180692
2333,2020-09-22 15:57:00,49.98,50.01,49.98,49.99,0,0,165202
2334,2020-09-22 15:58:00,50.0,50.0,49.97,49.97,0,0,138113
2335,2020-09-22 15:59:00,49.97,49.99,49.92,49.94,0,0,459768
2336,2020-09-23 09:30:00,49.83,50.12,49.7,50.04,0,0,595938
2337,2020-09-23 09:31:00,50.03,50.05,50.0,50.05,0,0,100472
2338,2020-09-23 09:32:00,50.05,50.07,49.97,50.04,0,0,116429
2339,2020-09-23 09:33:00,50.04,50.06,49.99,49.99,0,0,456831
2340,2020-09-23 09:34:00,49.98,50.01,49.97,50.0,0,0,86806
2341,2020-09-23 09:35:00,50.02,50.1,50.01,50.08,0,0,109572
2342,2020-09-23 09:36:00,50.08,50.11,50.06,50.1,0,0,66765
2343,2020-09-23 09:37:00,50.11,50.14,50.07,50.13,0,0,103748
2344,2020-09-23 09:38:00,50.13,50.15,50.03,50.05,0,0,113584
2345,2020-09-23 09:39:00,50.04,50.1,50.04,50.07,0,0,123925
2346,2020-09-23 09:40:00,50.07,50.08,49.97,49.98,0,0,116923
2347,2020-09-23 09:41:00,49.98,50.02,49.98,50.01,0,0,74163
2348,2020-09-23 09:42:00,50.01,50.01,49.97,49.99,0,0,93600
2349,2020-09-23 09:43:00,50.0,50.03,49.95,49.97,0,0,50427
2350,2020-09-23 09:44:00,50.01,50.09,49.97,50.08,0,0,40029
2351,2020-09-23 09:45:00,50.13,50.13,50.07,50.08,0,0,125867
2352,2020-09-23 09:46:00,50.12,50.13,50.06,50.11,0,0,221727
2353,2020-09-23 09:47:00,50.1,50.13,50.08,50.08,0,0,115966
2354,2020-09-23 09:48:00,50.11,50.11,50.08,50.1,0,0,88038
2355,2020-09-23 09:49:00,50.14,50.14,50.07,50.12,0,0,70226
2356,2020-09-23 09:50:00,50.11,50.11,50.0,50.01,0,0,121123
2357,2020-09-23 09:51:00,50.0,50.01,49.95,49.96,0,0,52914
2358,2020-09-23 09:52:00,49.96,49.97,49.9,49.92,0,0,50993
2359,2020-09-23 09:53:00,49.92,49.95,49.92,49.94,0,0,36112
2360,2020-09-23 09:54:00,49.94,49.96,49.9,49.94,0,0,52968
2361,2020-09-23 09:55:00,49.94,49.98,49.93,49.93,0,0,57540
2362,2020-09-23 09:56:00,49.94,49.96,49.94,49.94,0,0,46806
2363,2020-09-23 09:57:00,49.93,49.94,49.9,49.92,0,0,83977
2364,2020-09-23 09:58:00,49.92,49.94,49.9,49.92,0,0,29454
2365,2020-09-23 09:59:00,49.9,49.94,49.86,49.89,0,0,55591
2366,2020-09-23 10:00:00,49.88,49.91,49.84,49.9,0,0,73526
2367,2020-09-23 10:01:00,49.9,49.93,49.9,49.92,0,0,47491
2368,2020-09-23 10:02:00,49.92,49.94,49.9,49.93,0,0,73034
2369,2020-09-23 10:03:00,49.93,49.93,49.9,49.9,0,0,43892
2370,2020-09-23 10:04:00,49.9,49.9,49.85,49.88,0,0,122398
2371,2020-09-23 10:05:00,49.87,49.87,49.81,49.81,0,0,58083
2372,2020-09-23 10:06:00,49.81,49.82,49.76,49.79,0,0,72835
2373,2020-09-23 10:07:00,49.79,49.84,49.78,49.79,0,0,64696
2374,2020-09-23 10:08:00,49.8,49.82,49.78,49.79,0,0,35115
2375,2020-09-23 10:09:00,49.8,49.85,49.8,49.82,0,0,56507
2376,2020-09-23 10:10:00,49.82,49.83,49.79,49.81,0,0,45342
2377,2020-09-23 10:11:00,49.81,49.81,49.77,49.79,0,0,69767
2378,2020-09-23 10:12:00,49.79,49.81,49.79,49.79,0,0,37319
2379,2020-09-23 10:13:00,49.79,49.81,49.77,49.78,0,0,37480
2380,2020-09-23 10:14:00,49.77,49.84,49.77,49.82,0,0,52801
2381,2020-09-23 10:15:00,49.83,49.85,49.76,49.76,0,0,55727
2382,2020-09-23 10:16:00,49.76,49.79,49.71,49.71,0,0,53571
2383,2020-09-23 10:17:00,49.72,49.74,49.7,49.71,0,0,41063
2384,2020-09-23 10:18:00,49.72,49.74,49.71,49.74,0,0,35500
2385,2020-09-23 10:19:00,49.75,49.81,49.75,49.77,0,0,49577
2386,2020-09-23 10:20:00,49.77,49.78,49.72,49.72,0,0,41026
2387,2020-09-23 10:21:00,49.73,49.77,49.72,49.76,0,0,51172
2388,2020-09-23 10:22:00,49.75,49.75,49.69,49.73,0,0,56178
2389,2020-09-23 10:23:00,49.72,49.76,49.72,49.73,0,0,41739
2390,2020-09-23 10:24:00,49.74,49.76,49.73,49.74,0,0,35568
2391,2020-09-23 10:25:00,49.74,49.77,49.71,49.77,0,0,46846
2392,2020-09-23 10:26:00,49.77,49.81,49.75,49.76,0,0,56676
2393,2020-09-23 10:27:00,49.76,49.78,49.75,49.78,0,0,40179
2394,2020-09-23 10:28:00,49.77,49.78,49.73,49.74,0,0,40402
2395,2020-09-23 10:29:00,49.73,49.74,49.7,49.7,0,0,43561
2396,2020-09-23 10:30:00,49.71,49.72,49.68,49.71,0,0,46770
2397,2020-09-23 10:31:00,49.7,49.76,49.7,49.74,0,0,40398
2398,2020-09-23 10:32:00,49.73,49.75,49.72,49.74,0,0,46208
2399,2020-09-23 10:33:00,49.74,49.75,49.71,49.71,0,0,21789
2400,2020-09-23 10:34:00,49.72,49.72,49.67,49.68,0,0,52882
2401,2020-09-23 10:35:00,49.68,49.68,49.57,49.58,0,0,82076
2402,2020-09-23 10:36:00,49.58,49.64,49.58,49.61,0,0,47708
2403,2020-09-23 10:37:00,49.62,49.62,49.59,49.61,0,0,48001
2404,2020-09-23 10:38:00,49.61,49.62,49.6,49.61,0,0,48101
2405,2020-09-23 10:39:00,49.6,49.62,49.6,49.61,0,0,35800
2406,2020-09-23 10:40:00,49.62,49.65,49.61,49.64,0,0,55048
2407,2020-09-23 10:41:00,49.65,49.75,49.65,49.7,0,0,56271
2408,2020-09-23 10:42:00,49.7,49.73,49.69,49.72,0,0,38021
2409,2020-09-23 10:43:00,49.72,49.72,49.68,49.69,0,0,85546
2410,2020-09-23 10:44:00,49.69,49.71,49.69,49.69,0,0,29409
2411,2020-09-23 10:45:00,49.69,49.71,49.68,49.7,0,0,57027
2412,2020-09-23 10:46:00,49.7,49.71,49.68,49.69,0,0,53997
2413,2020-09-23 10:47:00,49.69,49.7,49.67,49.67,0,0,48180
2414,2020-09-23 10:48:00,49.67,49.69,49.67,49.69,0,0,27812
2415,2020-09-23 10:49:00,49.69,49.72,49.68,49.69,0,0,80524
2416,2020-09-23 10:50:00,49.69,49.7,49.67,49.69,0,0,29857
2417,2020-09-23 10:51:00,49.68,49.68,49.65,49.65,0,0,75466
2418,2020-09-23 10:52:00,49.65,49.66,49.62,49.64,0,0,55797
2419,2020-09-23 10:53:00,49.64,49.66,49.62,49.62,0,0,37441
2420,2020-09-23 10:54:00,49.63,49.66,49.62,49.66,0,0,47624
2421,2020-09-23 10:55:00,49.66,49.69,49.64,49.69,0,0,37325
2422,2020-09-23 10:56:00,49.69,49.73,49.68,49.72,0,0,30143
2423,2020-09-23 10:57:00,49.72,49.75,49.69,49.7,0,0,52318
2424,2020-09-23 10:58:00,49.7,49.7,49.61,49.62,0,0,49984
2425,2020-09-23 10:59:00,49.63,49.66,49.62,49.64,0,0,41617
2426,2020-09-23 11:00:00,49.63,49.65,49.62,49.63,0,0,53059
2427,2020-09-23 11:01:00,49.63,49.63,49.6,49.61,0,0,74771
2428,2020-09-23 11:02:00,49.6,49.67,49.6,49.65,0,0,39299
2429,2020-09-23 11:03:00,49.66,49.68,49.62,49.64,0,0,29714
2430,2020-09-23 11:04:00,49.65,49.65,49.62,49.65,0,0,24957
2431,2020-09-23 11:05:00,49.65,49.7,49.63,49.7,0,0,39465
2432,2020-09-23 11:06:00,49.7,49.72,49.67,49.67,0,0,29807
2433,2020-09-23 11:07:00,49.67,49.7,49.66,49.67,0,0,45817
2434,2020-09-23 11:08:00,49.67,49.7,49.67,49.68,0,0,34092
2435,2020-09-23 11:09:00,49.67,49.68,49.65,49.67,0,0,22938
2436,2020-09-23 11:10:00,49.67,49.68,49.63,49.65,0,0,31681
2437,2020-09-23 11:11:00,49.66,49.7,49.65,49.7,0,0,30579
2438,2020-09-23 11:12:00,49.69,49.7,49.68,49.69,0,0,14069
2439,2020-09-23 11:14:00,49.65,49.66,49.65,49.65,0,0,62919
2440,2020-09-23 11:15:00,49.66,49.69,49.65,49.68,0,0,69155
2441,2020-09-23 11:16:00,49.68,49.72,49.66,49.71,0,0,47380
2442,2020-09-23 11:17:00,49.71,49.72,49.65,49.66,0,0,42948
2443,2020-09-23 11:18:00,49.67,49.68,49.6,49.61,0,0,46361
2444,2020-09-23 11:19:00,49.6,49.65,49.6,49.65,0,0,59501
2445,2020-09-23 11:20:00,49.65,49.67,49.61,49.63,0,0,33208
2446,2020-09-23 11:21:00,49.63,49.63,49.56,49.58,0,0,65149
2447,2020-09-23 11:22:00,49.58,49.59,49.56,49.58,0,0,47329
2448,2020-09-23 11:23:00,49.58,49.58,49.55,49.56,0,0,40770
2449,2020-09-23 11:24:00,49.56,49.57,49.55,49.56,0,0,14155
2450,2020-09-23 11:25:00,49.56,49.56,49.52,49.56,0,0,22791
2451,2020-09-23 11:26:00,49.56,49.58,49.53,49.53,0,0,19985
2452,2020-09-23 11:27:00,49.53,49.53,49.51,49.51,0,0,42923
2453,2020-09-23 11:28:00,49.51,49.51,49.5,49.5,0,0,108372
2454,2020-09-23 11:29:00,49.5,49.51,49.5,49.51,0,0,135020
2455,2020-09-23 11:30:00,49.51,49.53,49.51,49.51,0,0,48175
2456,2020-09-23 11:31:00,49.51,49.51,49.5,49.5,0,0,56835
2457,2020-09-23 11:32:00,49.5,49.51,49.49,49.5,0,0,77905
2458,2020-09-23 11:33:00,49.5,49.51,49.47,49.49,0,0,62958
2459,2020-09-23 11:34:00,49.5,49.52,49.48,49.51,0,0,79260
2460,2020-09-23 11:35:00,49.51,49.51,49.5,49.51,0,0,32834
2461,2020-09-23 11:36:00,49.51,49.54,49.5,49.54,0,0,32640
2462,2020-09-23 11:37:00,49.54,49.56,49.51,49.54,0,0,48512
2463,2020-09-23 11:38:00,49.54,49.58,49.54,49.58,0,0,42379
2464,2020-09-23 11:39:00,49.58,49.59,49.57,49.59,0,0,33687
2465,2020-09-23 11:40:00,49.59,49.61,49.59,49.61,0,0,24018
2466,2020-09-23 11:41:00,49.6,49.6,49.58,49.59,0,0,23090
2467,2020-09-23 11:42:00,49.59,49.62,49.59,49.6,0,0,37479
2468,2020-09-23 11:43:00,49.6,49.61,49.56,49.56,0,0,26088
2469,2020-09-23 11:44:00,49.56,49.56,49.53,49.53,0,0,58669
2470,2020-09-23 11:45:00,49.53,49.53,49.49,49.5,0,0,49008
2471,2020-09-23 11:46:00,49.5,49.51,49.49,49.5,0,0,33057
2472,2020-09-23 11:47:00,49.49,49.49,49.44,49.47,0,0,73976
2473,2020-09-23 11:48:00,49.48,49.48,49.46,49.47,0,0,19387
2474,2020-09-23 11:49:00,49.47,49.5,49.47,49.49,0,0,25163
2475,2020-09-23 11:50:00,49.48,49.49,49.44,49.45,0,0,35481
2476,2020-09-23 11:51:00,49.45,49.49,49.45,49.49,0,0,20325
2477,2020-09-23 11:52:00,49.49,49.5,49.47,49.48,0,0,32042
2478,2020-09-23 11:53:00,49.49,49.49,49.44,49.44,0,0,33799
2479,2020-09-23 11:54:00,49.44,49.47,49.44,49.46,0,0,34538
2480,2020-09-23 11:55:00,49.47,49.47,49.43,49.45,0,0,21430
2481,2020-09-23 11:56:00,49.45,49.47,49.44,49.45,0,0,31826
2482,2020-09-23 11:57:00,49.46,49.47,49.45,49.46,0,0,17045
2483,2020-09-23 11:58:00,49.46,49.46,49.41,49.44,0,0,48342
2484,2020-09-23 11:59:00,49.44,49.44,49.39,49.41,0,0,52618
2485,2020-09-23 12:00:00,49.41,49.43,49.39,49.41,0,0,51075
2486,2020-09-23 12:01:00,49.4,49.44,49.4,49.44,0,0,54581
2487,2020-09-23 12:02:00,49.45,49.47,49.44,49.47,0,0,32732
2488,2020-09-23 12:03:00,49.46,49.48,49.45,49.47,0,0,32546
2489,2020-09-23 12:04:00,49.47,49.47,49.44,49.44,0,0,23620
2490,2020-09-23 12:05:00,49.44,49.45,49.4,49.42,0,0,63760
2491,2020-09-23 12:06:00,49.43,49.46,49.42,49.44,0,0,42590
2492,2020-09-23 12:07:00,49.44,49.47,49.44,49.47,0,0,35485
2493,2020-09-23 12:08:00,49.47,49.5,49.47,49.49,0,0,17539
2494,2020-09-23 12:09:00,49.48,49.48,49.46,49.46,0,0,23187
2495,2020-09-23 12:10:00,49.47,49.5,49.47,49.49,0,0,39345
2496,2020-09-23 12:11:00,49.49,49.5,49.48,49.5,0,0,23851
2497,2020-09-23 12:12:00,49.49,49.49,49.48,49.48,0,0,20301
2498,2020-09-23 12:13:00,49.48,49.48,49.45,49.48,0,0,64815
2499,2020-09-23 12:14:00,49.47,49.5,49.47,49.49,0,0,35791
2500,2020-09-23 12:15:00,49.5,49.51,49.49,49.49,0,0,44531
2501,2020-09-23 12:16:00,49.49,49.49,49.46,49.47,0,0,46405
2502,2020-09-23 12:17:00,49.48,49.51,49.47,49.47,0,0,26410
2503,2020-09-23 12:18:00,49.47,49.47,49.41,49.41,0,0,22324
2504,2020-09-23 12:19:00,49.42,49.42,49.38,49.4,0,0,35726
2505,2020-09-23 12:20:00,49.4,49.42,49.39,49.39,0,0,23730
2506,2020-09-23 12:21:00,49.39,49.4,49.34,49.36,0,0,68987
2507,2020-09-23 12:22:00,49.36,49.38,49.35,49.36,0,0,24295
2508,2020-09-23 12:23:00,49.35,49.38,49.35,49.37,0,0,34114
2509,2020-09-23 12:24:00,49.38,49.4,49.37,49.4,0,0,33114
2510,2020-09-23 12:25:00,49.4,49.42,49.4,49.42,0,0,48936
2511,2020-09-23 12:26:00,49.42,49.44,49.41,49.44,0,0,23873
2512,2020-09-23 12:27:00,49.44,49.47,49.43,49.46,0,0,51666
2513,2020-09-23 12:28:00,49.46,49.47,49.44,49.45,0,0,33273
2514,2020-09-23 12:29:00,49.45,49.46,49.44,49.45,0,0,17689
2515,2020-09-23 12:30:00,49.44,49.47,49.44,49.45,0,0,26618
2516,2020-09-23 12:31:00,49.44,49.44,49.4,49.42,0,0,30853
2517,2020-09-23 12:32:00,49.41,49.43,49.4,49.42,0,0,62572
2518,2020-09-23 12:33:00,49.43,49.44,49.38,49.4,0,0,35465
2519,2020-09-23 12:34:00,49.39,49.43,49.38,49.41,0,0,46233
2520,2020-09-23 12:35:00,49.42,49.43,49.38,49.4,0,0,43196
2521,2020-09-23 12:36:00,49.4,49.44,49.4,49.44,0,0,64272
2522,2020-09-23 12:37:00,49.44,49.46,49.43,49.43,0,0,50438
2523,2020-09-23 12:38:00,49.43,49.45,49.42,49.45,0,0,54352
2524,2020-09-23 12:39:00,49.45,49.47,49.44,49.47,0,0,40475
2525,2020-09-23 12:40:00,49.47,49.54,49.47,49.53,0,0,96022
2526,2020-09-23 12:41:00,49.53,49.55,49.51,49.54,0,0,34179
2527,2020-09-23 12:42:00,49.54,49.54,49.53,49.54,0,0,20640
2528,2020-09-23 12:43:00,49.55,49.57,49.55,49.55,0,0,43099
2529,2020-09-23 12:44:00,49.56,49.57,49.54,49.56,0,0,19252
2530,2020-09-23 12:45:00,49.56,49.56,49.53,49.54,0,0,26163
2531,2020-09-23 12:46:00,49.53,49.55,49.53,49.54,0,0,19155
2532,2020-09-23 12:47:00,49.53,49.55,49.53,49.55,0,0,8891
2533,2020-09-23 12:48:00,49.55,49.56,49.54,49.55,0,0,31439
2534,2020-09-23 12:49:00,49.54,49.56,49.54,49.55,0,0,11514
2535,2020-09-23 12:50:00,49.55,49.56,49.53,49.53,0,0,44724
2536,2020-09-23 12:51:00,49.53,49.54,49.52,49.52,0,0,45256
2537,2020-09-23 12:52:00,49.52,49.53,49.51,49.52,0,0,28433
2538,2020-09-23 12:53:00,49.52,49.53,49.49,49.51,0,0,28569
2539,2020-09-23 12:54:00,49.51,49.52,49.49,49.5,0,0,23492
2540,2020-09-23 12:55:00,49.5,49.51,49.49,49.51,0,0,31113
2541,2020-09-23 12:56:00,49.51,49.53,49.51,49.52,0,0,29257
2542,2020-09-23 12:57:00,49.52,49.53,49.51,49.51,0,0,38207
2543,2020-09-23 12:58:00,49.51,49.51,49.49,49.5,0,0,29210
2544,2020-09-23 12:59:00,49.49,49.52,49.47,49.52,0,0,55992
2545,2020-09-23 13:00:00,49.53,49.54,49.49,49.54,0,0,84172
2546,2020-09-23 13:01:00,49.53,49.54,49.51,49.51,0,0,21901
2547,2020-09-23 13:02:00,49.51,49.52,49.5,49.51,0,0,21884
2548,2020-09-23 13:03:00,49.52,49.53,49.49,49.49,0,0,22825
2549,2020-09-23 13:04:00,49.5,49.51,49.47,49.47,0,0,33141
2550,2020-09-23 13:05:00,49.47,49.5,49.46,49.5,0,0,30056
2551,2020-09-23 13:06:00,49.5,49.54,49.5,49.53,0,0,23232
2552,2020-09-23 13:07:00,49.52,49.53,49.51,49.52,0,0,17225
2553,2020-09-23 13:08:00,49.51,49.51,49.47,49.49,0,0,25078
2554,2020-09-23 13:09:00,49.49,49.53,49.49,49.52,0,0,26406
2555,2020-09-23 13:10:00,49.53,49.54,49.52,49.52,0,0,21518
2556,2020-09-23 13:11:00,49.51,49.52,49.48,49.51,0,0,24400
2557,2020-09-23 13:12:00,49.52,49.54,49.52,49.54,0,0,15916
2558,2020-09-23 13:13:00,49.53,49.56,49.53,49.54,0,0,45494
2559,2020-09-23 13:14:00,49.54,49.54,49.5,49.51,0,0,34006
2560,2020-09-23 13:15:00,49.51,49.53,49.49,49.5,0,0,33354
2561,2020-09-23 13:16:00,49.5,49.5,49.48,49.5,0,0,22802
2562,2020-09-23 13:17:00,49.51,49.53,49.49,49.49,0,0,32843
2563,2020-09-23 13:18:00,49.49,49.53,49.49,49.52,0,0,32463
2564,2020-09-23 13:19:00,49.52,49.53,49.5,49.51,0,0,32066
2565,2020-09-23 13:20:00,49.52,49.54,49.51,49.52,0,0,25352
2566,2020-09-23 13:21:00,49.51,49.51,49.49,49.5,0,0,13517
2567,2020-09-23 13:22:00,49.5,49.52,49.5,49.5,0,0,16701
2568,2020-09-23 13:23:00,49.51,49.52,49.49,49.51,0,0,25118
2569,2020-09-23 13:24:00,49.51,49.52,49.5,49.51,0,0,9526
2570,2020-09-23 13:25:00,49.51,49.51,49.49,49.5,0,0,24549
2571,2020-09-23 13:26:00,49.51,49.51,49.49,49.49,0,0,23215
2572,2020-09-23 13:27:00,49.5,49.51,49.49,49.5,0,0,22007
2573,2020-09-23 13:28:00,49.49,49.49,49.45,49.48,0,0,24413
2574,2020-09-23 13:29:00,49.47,49.48,49.45,49.46,0,0,67783
2575,2020-09-23 13:30:00,49.46,49.47,49.44,49.45,0,0,28153
2576,2020-09-23 13:31:00,49.45,49.45,49.44,49.44,0,0,22577
2577,2020-09-23 13:32:00,49.44,49.46,49.44,49.46,0,0,38702
2578,2020-09-23 13:33:00,49.45,49.48,49.45,49.48,0,0,22438
2579,2020-09-23 13:34:00,49.48,49.5,49.47,49.48,0,0,34696
2580,2020-09-23 13:35:00,49.48,49.49,49.44,49.45,0,0,37476
2581,2020-09-23 13:36:00,49.46,49.48,49.46,49.46,0,0,26508
2582,2020-09-23 13:37:00,49.47,49.47,49.44,49.46,0,0,25914
2583,2020-09-23 13:38:00,49.47,49.5,49.46,49.49,0,0,19043
2584,2020-09-23 13:39:00,49.49,49.5,49.44,49.44,0,0,35130
2585,2020-09-23 13:40:00,49.44,49.44,49.42,49.42,0,0,19309
2586,2020-09-23 13:41:00,49.43,49.43,49.39,49.42,0,0,53320
2587,2020-09-23 13:42:00,49.41,49.43,49.41,49.42,0,0,24218
2588,2020-09-23 13:43:00,49.42,49.43,49.39,49.39,0,0,35271
2589,2020-09-23 13:44:00,49.39,49.39,49.35,49.35,0,0,49115
2590,2020-09-23 13:45:00,49.35,49.37,49.34,49.34,0,0,40484
2591,2020-09-23 13:46:00,49.35,49.35,49.33,49.35,0,0,47339
2592,2020-09-23 13:47:00,49.35,49.37,49.34,49.37,0,0,19846
2593,2020-09-23 13:48:00,49.38,49.38,49.37,49.38,0,0,25645
2594,2020-09-23 13:49:00,49.38,49.39,49.36,49.38,0,0,40909
2595,2020-09-23 13:50:00,49.37,49.38,49.36,49.37,0,0,13098
2596,2020-09-23 13:51:00,49.37,49.37,49.33,49.33,0,0,64911
2597,2020-09-23 13:52:00,49.33,49.35,49.33,49.33,0,0,46966
2598,2020-09-23 13:53:00,49.32,49.33,49.28,49.31,0,0,89012
2599,2020-09-23 13:54:00,49.31,49.32,49.29,49.31,0,0,26952
2600,2020-09-23 13:55:00,49.31,49.32,49.29,49.29,0,0,38707
2601,2020-09-23 13:56:00,49.29,49.31,49.29,49.31,0,0,51951
2602,2020-09-23 13:57:00,49.31,49.32,49.3,49.32,0,0,19337
2603,2020-09-23 13:58:00,49.33,49.35,49.33,49.35,0,0,21553
2604,2020-09-23 13:59:00,49.35,49.35,49.28,49.29,0,0,46648
2605,2020-09-23 14:00:00,49.29,49.29,49.24,49.25,0,0,53713
2606,2020-09-23 14:01:00,49.26,49.3,49.24,49.28,0,0,85517
2607,2020-09-23 14:02:00,49.28,49.29,49.26,49.27,0,0,19931
2608,2020-09-23 14:03:00,49.27,49.3,49.27,49.29,0,0,18952
2609,2020-09-23 14:04:00,49.29,49.3,49.27,49.28,0,0,33062
2610,2020-09-23 14:05:00,49.27,49.3,49.27,49.29,0,0,21113
2611,2020-09-23 14:06:00,49.29,49.3,49.28,49.29,0,0,46209
2612,2020-09-23 14:07:00,49.29,49.3,49.26,49.26,0,0,34867
2613,2020-09-23 14:08:00,49.26,49.28,49.24,49.24,0,0,22157
2614,2020-09-23 14:09:00,49.25,49.26,49.22,49.24,0,0,38303
2615,2020-09-23 14:10:00,49.23,49.24,49.22,49.22,0,0,17143
2616,2020-09-23 14:11:00,49.22,49.22,49.21,49.22,0,0,38925
2617,2020-09-23 14:12:00,49.22,49.22,49.2,49.21,0,0,99306
2618,2020-09-23 14:13:00,49.21,49.22,49.18,49.21,0,0,51590
2619,2020-09-23 14:14:00,49.21,49.22,49.21,49.22,0,0,37984
2620,2020-09-23 14:15:00,49.21,49.22,49.17,49.17,0,0,90192
2621,2020-09-23 14:16:00,49.17,49.18,49.1,49.12,0,0,69239
2622,2020-09-23 14:17:00,49.11,49.12,49.06,49.08,0,0,68614
2623,2020-09-23 14:18:00,49.08,49.1,49.07,49.09,0,0,62002
2624,2020-09-23 14:19:00,49.1,49.1,49.01,49.03,0,0,86013
2625,2020-09-23 14:20:00,49.04,49.08,49.03,49.06,0,0,92644
2626,2020-09-23 14:21:00,49.06,49.08,49.03,49.07,0,0,46386
2627,2020-09-23 14:22:00,49.06,49.07,48.99,49.04,0,0,241154
2628,2020-09-23 14:23:00,49.04,49.06,49.01,49.03,0,0,54671
2629,2020-09-23 14:24:00,49.03,49.07,49.02,49.02,0,0,39980
2630,2020-09-23 14:25:00,49.02,49.08,49.0,49.06,0,0,75597
2631,2020-09-23 14:26:00,49.05,49.08,49.03,49.07,0,0,36088
2632,2020-09-23 14:27:00,49.07,49.07,49.03,49.04,0,0,54274
2633,2020-09-23 14:28:00,49.05,49.1,49.04,49.06,0,0,55978
2634,2020-09-23 14:29:00,49.07,49.08,49.03,49.06,0,0,49430
2635,2020-09-23 14:30:00,49.05,49.08,49.04,49.05,0,0,71345
2636,2020-09-23 14:31:00,49.05,49.05,49.01,49.01,0,0,64070
2637,2020-09-23 14:32:00,49.01,49.02,48.97,48.99,0,0,56964
2638,2020-09-23 14:33:00,49.0,49.08,49.0,49.06,0,0,68072
2639,2020-09-23 14:34:00,49.06,49.09,49.04,49.07,0,0,65725
2640,2020-09-23 14:35:00,49.08,49.08,49.01,49.02,0,0,51119
2641,2020-09-23 14:36:00,49.03,49.05,49.03,49.03,0,0,27887
2642,2020-09-23 14:37:00,49.03,49.08,49.02,49.06,0,0,54378
2643,2020-09-23 14:38:00,49.06,49.08,49.04,49.06,0,0,49080
2644,2020-09-23 14:39:00,49.07,49.1,49.06,49.08,0,0,24955
2645,2020-09-23 14:40:00,49.07,49.08,49.0,49.01,0,0,58110
2646,2020-09-23 14:41:00,49.02,49.06,49.01,49.06,0,0,43200
2647,2020-09-23 14:42:00,49.06,49.07,49.01,49.02,0,0,53116
2648,2020-09-23 14:43:00,49.02,49.04,49.01,49.03,0,0,27279
2649,2020-09-23 14:44:00,49.03,49.03,48.97,49.01,0,0,73126
2650,2020-09-23 14:45:00,49.0,49.03,48.97,48.97,0,0,42604
2651,2020-09-23 14:46:00,48.97,49.01,48.95,48.98,0,0,54796
2652,2020-09-23 14:47:00,48.97,48.99,48.95,48.96,0,0,39950
2653,2020-09-23 14:48:00,48.96,48.99,48.96,48.97,0,0,34568
2654,2020-09-23 14:49:00,48.97,49.01,48.96,49.01,0,0,23929
2655,2020-09-23 14:50:00,49.01,49.05,49.01,49.04,0,0,49034
2656,2020-09-23 14:51:00,49.05,49.07,49.03,49.03,0,0,50172
2657,2020-09-23 14:52:00,49.03,49.03,48.99,49.0,0,0,65010
2658,2020-09-23 14:53:00,49.02,49.03,48.98,48.99,0,0,85060
2659,2020-09-23 14:54:00,48.99,48.99,48.96,48.96,0,0,33576
2660,2020-09-23 14:55:00,48.96,48.98,48.92,48.95,0,0,117683
2661,2020-09-23 14:56:00,48.96,48.97,48.92,48.93,0,0,55622
2662,2020-09-23 14:57:00,48.92,48.94,48.88,48.9,0,0,134349
2663,2020-09-23 14:58:00,48.9,48.92,48.89,48.9,0,0,49587
2664,2020-09-23 14:59:00,48.9,48.93,48.89,48.92,0,0,35695
2665,2020-09-23 15:00:00,48.93,48.97,48.89,48.96,0,0,57516
2666,2020-09-23 15:01:00,48.95,48.95,48.91,48.94,0,0,52621
2667,2020-09-23 15:02:00,48.93,48.94,48.84,48.88,0,0,108314
2668,2020-09-23 15:03:00,48.89,48.9,48.82,48.83,0,0,195105
2669,2020-09-23 15:04:00,48.84,48.86,48.81,48.81,0,0,48488
2670,2020-09-23 15:05:00,48.82,48.84,48.77,48.78,0,0,144470
2671,2020-09-23 15:06:00,48.77,48.79,48.75,48.78,0,0,98653
2672,2020-09-23 15:07:00,48.78,48.81,48.76,48.81,0,0,57062
2673,2020-09-23 15:08:00,48.8,48.87,48.8,48.85,0,0,96115
2674,2020-09-23 15:09:00,48.85,48.9,48.83,48.87,0,0,92865
2675,2020-09-23 15:10:00,48.87,48.91,48.85,48.9,0,0,55405
2676,2020-09-23 15:11:00,48.9,48.94,48.9,48.93,0,0,77876
2677,2020-09-23 15:12:00,48.93,49.0,48.92,49.0,0,0,60203
2678,2020-09-23 15:13:00,49.0,49.0,48.97,48.99,0,0,50119
2679,2020-09-23 15:14:00,48.99,49.03,48.98,49.0,0,0,76593
2680,2020-09-23 15:15:00,48.99,48.99,48.9,48.92,0,0,92369
2681,2020-09-23 15:16:00,48.92,48.92,48.85,48.88,0,0,328722
2682,2020-09-23 15:17:00,48.88,48.96,48.85,48.95,0,0,132357
2683,2020-09-23 15:18:00,48.95,48.96,48.89,48.91,0,0,86050
2684,2020-09-23 15:19:00,48.9,48.96,48.89,48.94,0,0,56846
2685,2020-09-23 15:20:00,48.94,48.94,48.88,48.88,0,0,81798
2686,2020-09-23 15:21:00,48.88,48.99,48.88,48.92,0,0,131497
2687,2020-09-23 15:22:00,48.92,48.97,48.91,48.93,0,0,80849
2688,2020-09-23 15:23:00,48.93,48.96,48.92,48.95,0,0,82900
2689,2020-09-23 15:24:00,48.96,48.96,48.87,48.89,0,0,107566
2690,2020-09-23 15:25:00,48.89,48.92,48.84,48.88,0,0,112496
2691,2020-09-23 15:26:00,48.88,48.93,48.83,48.83,0,0,105521
2692,2020-09-23 15:27:00,48.83,48.85,48.81,48.83,0,0,63018
2693,2020-09-23 15:28:00,48.83,48.88,48.83,48.84,0,0,68956
2694,2020-09-23 15:29:00,48.84,48.97,48.84,48.95,0,0,85984
2695,2020-09-23 15:30:00,48.95,49.0,48.93,48.94,0,0,80809
2696,2020-09-23 15:31:00,48.95,49.01,48.94,48.98,0,0,112711
2697,2020-09-23 15:32:00,48.98,49.01,48.96,49.0,0,0,82271
2698,2020-09-23 15:33:00,49.0,49.0,48.91,48.94,0,0,75717
2699,2020-09-23 15:34:00,48.94,48.97,48.91,48.94,0,0,64243
2700,2020-09-23 15:35:00,48.94,48.95,48.91,48.92,0,0,72552
2701,2020-09-23 15:36:00,48.92,48.97,48.92,48.94,0,0,103214
2702,2020-09-23 15:37:00,48.94,48.98,48.93,48.98,0,0,81062
2703,2020-09-23 15:38:00,48.97,48.99,48.95,48.96,0,0,71979
2704,2020-09-23 15:39:00,48.95,48.99,48.92,48.98,0,0,90603
2705,2020-09-23 15:40:00,48.98,49.04,48.97,48.99,0,0,76606
2706,2020-09-23 15:41:00,48.99,48.99,48.94,48.96,0,0,81534
2707,2020-09-23 15:42:00,48.96,49.0,48.95,48.97,0,0,57388
2708,2020-09-23 15:43:00,48.98,48.98,48.94,48.96,0,0,73104
2709,2020-09-23 15:44:00,48.95,48.99,48.93,48.98,0,0,71342
2710,2020-09-23 15:45:00,48.99,48.99,48.93,48.94,0,0,108129
2711,2020-09-23 15:46:00,48.94,48.96,48.89,48.89,0,0,131843
2712,2020-09-23 15:47:00,48.9,48.9,48.83,48.83,0,0,90699
2713,2020-09-23 15:48:00,48.85,48.88,48.84,48.84,0,0,93294
2714,2020-09-23 15:49:00,48.85,48.86,48.81,48.85,0,0,119879
2715,2020-09-23 15:50:00,48.85,48.85,48.74,48.78,0,0,382093
2716,2020-09-23 15:51:00,48.78,48.8,48.74,48.74,0,0,169923
2717,2020-09-23 15:52:00,48.74,48.75,48.67,48.67,0,0,244200
2718,2020-09-23 15:53:00,48.68,48.71,48.66,48.69,0,0,167791
2719,2020-09-23 15:54:00,48.7,48.74,48.66,48.71,0,0,205218
2720,2020-09-23 15:55:00,48.71,48.81,48.71,48.8,0,0,239587
2721,2020-09-23 15:56:00,48.8,48.86,48.8,48.82,0,0,205495
2722,2020-09-23 15:57:00,48.81,48.83,48.79,48.82,0,0,0
2723,2020-09-23 15:58:00,48.81,48.82,48.76,48.77,0,0,266745
2724,2020-09-23 15:59:00,48.76,48.85,48.76,48.83,0,0,588901
2725,2020-09-24 09:30:00,48.53,48.86,48.42,48.81,0,0,928592
2726,2020-09-24 09:31:00,48.83,48.88,48.79,48.85,0,0,104624
2727,2020-09-24 09:32:00,48.85,48.86,48.82,48.86,0,0,22553
2728,2020-09-24 09:34:00,48.7,48.7,48.56,48.57,0,0,324705
2729,2020-09-24 09:35:00,48.57,48.6,48.52,48.58,0,0,104549
2730,2020-09-24 09:36:00,48.56,48.59,48.53,48.56,0,0,67702
2731,2020-09-24 09:38:00,48.51,48.53,48.5,48.52,0,0,226345
2732,2020-09-24 09:39:00,48.59,48.64,48.54,48.54,0,0,147510
2733,2020-09-24 09:40:00,48.54,48.56,48.5,48.51,0,0,60609
2734,2020-09-24 09:41:00,48.56,48.62,48.5,48.56,0,0,110955
2735,2020-09-24 09:42:00,48.56,48.69,48.55,48.67,0,0,171225
2736,2020-09-24 09:43:00,48.67,48.68,48.58,48.58,0,0,136228
2737,2020-09-24 09:44:00,48.58,48.6,48.51,48.59,0,0,66531
2738,2020-09-24 09:45:00,48.59,48.69,48.53,48.63,0,0,73350
2739,2020-09-24 09:46:00,48.64,48.72,48.64,48.72,0,0,147805
2740,2020-09-24 09:47:00,48.7,48.76,48.66,48.76,0,0,95439
2741,2020-09-24 09:48:00,48.76,48.84,48.76,48.81,0,0,149382
2742,2020-09-24 09:49:00,48.79,48.85,48.78,48.83,0,0,79591
2743,2020-09-24 09:50:00,48.84,48.88,48.83,48.87,0,0,81379
2744,2020-09-24 09:51:00,48.86,48.88,48.82,48.85,0,0,62585
2745,2020-09-24 09:52:00,48.84,48.87,48.83,48.85,0,0,38761
2746,2020-09-24 09:53:00,48.88,48.89,48.83,48.87,0,0,93611
2747,2020-09-24 09:54:00,48.86,48.9,48.85,48.88,0,0,64151
2748,2020-09-24 09:55:00,48.88,48.89,48.83,48.86,0,0,56272
2749,2020-09-24 09:56:00,48.87,48.88,48.82,48.85,0,0,62732
2750,2020-09-24 09:57:00,48.84,48.85,48.78,48.78,0,0,82890
2751,2020-09-24 09:58:00,48.78,48.83,48.76,48.76,0,0,50107
2752,2020-09-24 09:59:00,48.76,48.83,48.76,48.82,0,0,88956
2753,2020-09-24 10:00:00,48.86,48.99,48.81,48.99,0,0,82625
2754,2020-09-24 10:01:00,48.98,48.99,48.94,48.99,0,0,134493
2755,2020-09-24 10:02:00,48.98,49.0,48.94,48.97,0,0,42168
2756,2020-09-24 10:03:00,48.97,48.97,48.94,48.96,0,0,57513
2757,2020-09-24 10:04:00,48.95,48.99,48.92,48.99,0,0,109738
2758,2020-09-24 10:05:00,48.99,49.15,48.99,49.1,0,0,139061
2759,2020-09-24 10:06:00,49.1,49.14,49.07,49.08,0,0,74462
2760,2020-09-24 10:07:00,49.08,49.08,49.02,49.03,0,0,64895
2761,2020-09-24 10:08:00,49.03,49.11,49.03,49.05,0,0,78271
2762,2020-09-24 10:09:00,49.06,49.12,49.06,49.09,0,0,75938
2763,2020-09-24 10:10:00,49.08,49.09,49.02,49.04,0,0,152377
2764,2020-09-24 10:11:00,49.04,49.08,48.98,49.0,0,0,163136
2765,2020-09-24 10:12:00,48.99,49.03,48.96,48.96,0,0,54219
2766,2020-09-24 10:13:00,48.96,48.99,48.92,48.93,0,0,44658
2767,2020-09-24 10:14:00,48.94,48.99,48.9,48.93,0,0,45911
2768,2020-09-24 10:15:00,48.94,49.0,48.94,48.97,0,0,52262
2769,2020-09-24 10:16:00,48.96,49.03,48.94,48.99,0,0,111780
2770,2020-09-24 10:17:00,48.99,49.12,48.99,49.11,0,0,68316
2771,2020-09-24 10:18:00,49.12,49.13,49.04,49.07,0,0,102783
2772,2020-09-24 10:19:00,49.08,49.09,48.96,48.98,0,0,55979
2773,2020-09-24 10:20:00,48.98,48.98,48.9,48.92,0,0,51284
2774,2020-09-24 10:21:00,48.91,48.94,48.88,48.89,0,0,41121
2775,2020-09-24 10:22:00,48.9,48.97,48.9,48.96,0,0,36897
2776,2020-09-24 10:23:00,48.95,48.98,48.93,48.94,0,0,27579
2777,2020-09-24 10:24:00,48.95,48.96,48.91,48.93,0,0,42386
2778,2020-09-24 10:25:00,48.94,48.98,48.93,48.96,0,0,53266
2779,2020-09-24 10:26:00,48.95,48.97,48.93,48.95,0,0,27038
2780,2020-09-24 10:27:00,48.95,48.99,48.94,48.99,0,0,28154
2781,2020-09-24 10:28:00,48.98,49.0,48.97,48.97,0,0,42372
2782,2020-09-24 10:29:00,48.98,49.02,48.97,49.01,0,0,47690
2783,2020-09-24 10:30:00,49.03,49.06,48.94,48.95,0,0,93127
2784,2020-09-24 10:31:00,48.95,48.96,48.9,48.9,0,0,42281
2785,2020-09-24 10:32:00,48.91,48.92,48.87,48.89,0,0,52681
2786,2020-09-24 10:33:00,48.89,48.9,48.85,48.86,0,0,54965
2787,2020-09-24 10:34:00,48.87,48.89,48.84,48.87,0,0,67392
2788,2020-09-24 10:35:00,48.87,48.88,48.81,48.83,0,0,46145
2789,2020-09-24 10:36:00,48.83,48.9,48.82,48.88,0,0,60065
2790,2020-09-24 10:37:00,48.87,48.9,48.85,48.9,0,0,33580
2791,2020-09-24 10:38:00,48.9,48.9,48.83,48.88,0,0,50196
2792,2020-09-24 10:39:00,48.87,48.88,48.82,48.83,0,0,39828
2793,2020-09-24 10:40:00,48.84,48.87,48.81,48.83,0,0,62698
2794,2020-09-24 10:41:00,48.85,48.92,48.84,48.9,0,0,44676
2795,2020-09-24 10:42:00,48.9,48.92,48.88,48.88,0,0,40295
2796,2020-09-24 10:43:00,48.87,48.87,48.83,48.84,0,0,85520
2797,2020-09-24 10:44:00,48.84,48.86,48.79,48.82,0,0,89952
2798,2020-09-24 10:45:00,48.82,48.96,48.81,48.95,0,0,98294
2799,2020-09-24 10:46:00,48.94,48.98,48.92,48.96,0,0,58983
2800,2020-09-24 10:47:00,48.95,48.98,48.9,48.97,0,0,88063
2801,2020-09-24 10:48:00,48.98,49.0,48.91,48.91,0,0,67757
2802,2020-09-24 10:49:00,48.91,48.97,48.9,48.95,0,0,32923
2803,2020-09-24 10:50:00,48.94,48.97,48.9,48.93,0,0,48451
2804,2020-09-24 10:51:00,48.94,48.94,48.89,48.91,0,0,54700
2805,2020-09-24 10:52:00,48.9,48.97,48.88,48.97,0,0,43278
2806,2020-09-24 10:53:00,48.98,49.03,48.98,49.03,0,0,93765
2807,2020-09-24 10:54:00,49.02,49.03,49.0,49.02,0,0,42896
2808,2020-09-24 10:55:00,49.01,49.04,48.99,49.04,0,0,99516
2809,2020-09-24 10:56:00,49.03,49.04,48.99,49.01,0,0,40762
2810,2020-09-24 10:57:00,49.0,49.01,48.99,49.01,0,0,25571
2811,2020-09-24 10:58:00,49.01,49.04,49.01,49.03,0,0,70849
2812,2020-09-24 10:59:00,49.05,49.06,49.02,49.04,0,0,57127
2813,2020-09-24 11:00:00,49.05,49.06,49.02,49.05,0,0,61120
2814,2020-09-24 11:01:00,49.05,49.06,49.02,49.04,0,0,39631
2815,2020-09-24 11:02:00,49.05,49.1,49.04,49.04,0,0,47614
2816,2020-09-24 11:03:00,49.04,49.04,49.01,49.02,0,0,50673
2817,2020-09-24 11:04:00,49.02,49.04,48.98,49.01,0,0,47562
2818,2020-09-24 11:05:00,49.01,49.04,49.0,49.0,0,0,53146
2819,2020-09-24 11:06:00,49.0,49.03,48.98,48.98,0,0,94477
2820,2020-09-24 11:07:00,48.99,49.01,48.95,48.95,0,0,31190
2821,2020-09-24 11:08:00,48.94,48.96,48.9,48.95,0,0,47981
2822,2020-09-24 11:09:00,48.94,48.96,48.92,48.96,0,0,22844
2823,2020-09-24 11:10:00,48.96,48.99,48.94,48.97,0,0,44145
2824,2020-09-24 11:11:00,48.97,48.99,48.95,48.97,0,0,22151
2825,2020-09-24 11:12:00,48.97,49.01,48.97,49.0,0,0,28160
2826,2020-09-24 11:13:00,49.0,49.03,48.98,49.03,0,0,26545
2827,2020-09-24 11:14:00,49.03,49.1,49.02,49.1,0,0,47764
2828,2020-09-24 11:15:00,49.1,49.11,49.07,49.08,0,0,64739
2829,2020-09-24 11:16:00,49.08,49.08,49.03,49.04,0,0,42525
2830,2020-09-24 11:17:00,49.04,49.06,49.01,49.01,0,0,49535
2831,2020-09-24 11:18:00,49.02,49.02,48.96,48.98,0,0,46983
2832,2020-09-24 11:19:00,48.97,49.0,48.95,49.0,0,0,24391
2833,2020-09-24 11:20:00,49.0,49.03,48.97,48.99,0,0,44363
2834,2020-09-24 11:21:00,48.99,49.03,48.99,48.99,0,0,36943
2835,2020-09-24 11:22:00,48.99,49.04,48.99,49.04,0,0,43563
2836,2020-09-24 11:23:00,49.04,49.09,49.04,49.09,0,0,62872
2837,2020-09-24 11:24:00,49.09,49.1,49.06,49.07,0,0,19062
2838,2020-09-24 11:25:00,49.06,49.09,49.06,49.06,0,0,40180
2839,2020-09-24 11:26:00,49.06,49.08,49.04,49.08,0,0,49843
2840,2020-09-24 11:27:00,49.08,49.09,49.04,49.04,0,0,23335
2841,2020-09-24 11:28:00,49.05,49.05,49.01,49.01,0,0,66190
2842,2020-09-24 11:29:00,49.01,49.01,48.97,48.98,0,0,23258
2843,2020-09-24 11:30:00,48.97,49.02,48.97,49.01,0,0,51265
2844,2020-09-24 11:31:00,49.0,49.04,48.97,49.01,0,0,23864
2845,2020-09-24 11:32:00,49.01,49.05,49.01,49.02,0,0,53054
2846,2020-09-24 11:33:00,49.03,49.03,49.01,49.02,0,0,41012
2847,2020-09-24 11:34:00,49.01,49.04,49.0,49.03,0,0,43152
2848,2020-09-24 11:35:00,49.03,49.06,49.02,49.06,0,0,49049
2849,2020-09-24 11:36:00,49.06,49.06,49.03,49.03,0,0,81911
2850,2020-09-24 11:37:00,49.03,49.06,49.02,49.06,0,0,48064
2851,2020-09-24 11:38:00,49.06,49.08,49.04,49.04,0,0,34444
2852,2020-09-24 11:39:00,49.04,49.06,49.02,49.06,0,0,53810
2853,2020-09-24 11:40:00,49.06,49.1,49.06,49.09,0,0,20991
2854,2020-09-24 11:41:00,49.1,49.15,49.1,49.15,0,0,55526
2855,2020-09-24 11:42:00,49.14,49.15,49.13,49.15,0,0,31781
2856,2020-09-24 11:43:00,49.14,49.15,49.12,49.14,0,0,44517
2857,2020-09-24 11:44:00,49.15,49.15,49.12,49.14,0,0,36869
2858,2020-09-24 11:45:00,49.14,49.15,49.1,49.12,0,0,25639
2859,2020-09-24 11:46:00,49.13,49.17,49.13,49.14,0,0,46334
2860,2020-09-24 11:47:00,49.13,49.13,49.08,49.1,0,0,38234
2861,2020-09-24 11:48:00,49.1,49.11,49.09,49.1,0,0,24816
2862,2020-09-24 11:49:00,49.1,49.11,49.09,49.1,0,0,24820
2863,2020-09-24 11:50:00,49.1,49.12,49.09,49.12,0,0,56137
2864,2020-09-24 11:51:00,49.11,49.12,49.11,49.11,0,0,10625
2865,2020-09-24 11:52:00,49.11,49.15,49.1,49.1,0,0,66767
2866,2020-09-24 11:53:00,49.1,49.11,49.07,49.1,0,0,28907
2867,2020-09-24 11:54:00,49.1,49.11,49.08,49.1,0,0,77690
2868,2020-09-24 11:55:00,49.1,49.12,49.09,49.12,0,0,24235
2869,2020-09-24 11:56:00,49.13,49.14,49.1,49.12,0,0,34325
2870,2020-09-24 11:57:00,49.12,49.18,49.12,49.18,0,0,56904
2871,2020-09-24 11:58:00,49.18,49.22,49.17,49.21,0,0,156720
2872,2020-09-24 11:59:00,49.21,49.23,49.2,49.22,0,0,40008
2873,2020-09-24 12:00:00,49.22,49.23,49.19,49.21,0,0,40829
2874,2020-09-24 12:01:00,49.22,49.22,49.18,49.21,0,0,32391
2875,2020-09-24 12:02:00,49.21,49.24,49.21,49.22,0,0,77774
2876,2020-09-24 12:03:00,49.22,49.22,49.2,49.22,0,0,29932
2877,2020-09-24 12:04:00,49.22,49.24,49.21,49.22,0,0,13651
2878,2020-09-24 12:05:00,49.22,49.23,49.21,49.22,0,0,55982
2879,2020-09-24 12:06:00,49.22,49.24,49.2,49.21,0,0,30939
2880,2020-09-24 12:07:00,49.21,49.21,49.18,49.21,0,0,47364
2881,2020-09-24 12:08:00,49.21,49.21,49.17,49.18,0,0,20690
2882,2020-09-24 12:09:00,49.18,49.22,49.17,49.21,0,0,26874
2883,2020-09-24 12:10:00,49.22,49.22,49.17,49.18,0,0,19450
2884,2020-09-24 12:11:00,49.17,49.22,49.17,49.21,0,0,38018
2885,2020-09-24 12:12:00,49.2,49.22,49.19,49.19,0,0,54463
2886,2020-09-24 12:13:00,49.19,49.19,49.15,49.16,0,0,25979
2887,2020-09-24 12:14:00,49.16,49.18,49.15,49.17,0,0,32676
2888,2020-09-24 12:15:00,49.17,49.22,49.17,49.19,0,0,40569
2889,2020-09-24 12:16:00,49.19,49.22,49.19,49.19,0,0,33708
2890,2020-09-24 12:17:00,49.19,49.19,49.14,49.15,0,0,49681
2891,2020-09-24 12:18:00,49.15,49.16,49.1,49.11,0,0,38203
2892,2020-09-24 12:19:00,49.12,49.12,49.1,49.11,0,0,31810
2893,2020-09-24 12:20:00,49.11,49.17,49.11,49.16,0,0,69468
2894,2020-09-24 12:21:00,49.16,49.16,49.11,49.12,0,0,23895
2895,2020-09-24 12:22:00,49.13,49.13,49.12,49.13,0,0,26560
2896,2020-09-24 12:23:00,49.13,49.16,49.11,49.16,0,0,27979
2897,2020-09-24 12:24:00,49.16,49.17,49.13,49.13,0,0,55154
2898,2020-09-24 12:25:00,49.13,49.18,49.12,49.17,0,0,26074
2899,2020-09-24 12:26:00,49.18,49.24,49.18,49.23,0,0,52442
2900,2020-09-24 12:27:00,49.23,49.24,49.2,49.2,0,0,38937
2901,2020-09-24 12:28:00,49.19,49.22,49.18,49.2,0,0,27623
2902,2020-09-24 12:29:00,49.19,49.21,49.17,49.17,0,0,28034
2903,2020-09-24 12:30:00,49.17,49.18,49.13,49.15,0,0,44249
2904,2020-09-24 12:31:00,49.14,49.17,49.13,49.15,0,0,42506
2905,2020-09-24 12:32:00,49.16,49.17,49.14,49.14,0,0,20303
2906,2020-09-24 12:33:00,49.15,49.15,49.13,49.13,0,0,29662
2907,2020-09-24 12:34:00,49.13,49.13,49.09,49.09,0,0,31189
2908,2020-09-24 12:35:00,49.1,49.12,49.09,49.12,0,0,37124
2909,2020-09-24 12:36:00,49.11,49.15,49.11,49.13,0,0,59379
2910,2020-09-24 12:37:00,49.13,49.14,49.12,49.12,0,0,28368
2911,2020-09-24 12:38:00,49.12,49.12,49.06,49.06,0,0,60398
2912,2020-09-24 12:39:00,49.07,49.1,49.07,49.09,0,0,38287
2913,2020-09-24 12:40:00,49.08,49.11,49.08,49.08,0,0,29650
2914,2020-09-24 12:41:00,49.09,49.1,49.08,49.08,0,0,21694
2915,2020-09-24 12:42:00,49.08,49.1,49.07,49.08,0,0,42906
2916,2020-09-24 12:43:00,49.09,49.12,49.09,49.1,0,0,19225
2917,2020-09-24 12:44:00,49.1,49.14,49.1,49.13,0,0,26615
2918,2020-09-24 12:45:00,49.13,49.15,49.12,49.15,0,0,22607
2919,2020-09-24 12:46:00,49.15,49.19,49.15,49.19,0,0,13246
2920,2020-09-24 12:47:00,49.18,49.21,49.18,49.21,0,0,30223
2921,2020-09-24 12:48:00,49.2,49.2,49.17,49.19,0,0,29853
2922,2020-09-24 12:49:00,49.18,49.22,49.18,49.21,0,0,23049
2923,2020-09-24 12:50:00,49.21,49.24,49.2,49.2,0,0,32830
2924,2020-09-24 12:51:00,49.21,49.22,49.19,49.2,0,0,22038
2925,2020-09-24 12:52:00,49.2,49.23,49.19,49.19,0,0,17779
2926,2020-09-24 12:53:00,49.2,49.22,49.19,49.19,0,0,27109
2927,2020-09-24 12:54:00,49.2,49.22,49.19,49.2,0,0,13314
2928,2020-09-24 12:55:00,49.2,49.24,49.2,49.22,0,0,38134
2929,2020-09-24 12:56:00,49.22,49.26,49.2,49.25,0,0,46676
2930,2020-09-24 12:57:00,49.24,49.28,49.24,49.27,0,0,23322
2931,2020-09-24 12:58:00,49.27,49.29,49.27,49.28,0,0,53107
2932,2020-09-24 12:59:00,49.29,49.33,49.29,49.31,0,0,38297
2933,2020-09-24 13:00:00,49.31,49.35,49.31,49.34,0,0,35551
2934,2020-09-24 13:01:00,49.35,49.35,49.33,49.34,0,0,24827
2935,2020-09-24 13:02:00,49.34,49.35,49.33,49.35,0,0,24660
2936,2020-09-24 13:03:00,49.35,49.37,49.33,49.35,0,0,55147
2937,2020-09-24 13:04:00,49.35,49.38,49.34,49.38,0,0,34135
2938,2020-09-24 13:05:00,49.37,49.38,49.36,49.36,0,0,36284
2939,2020-09-24 13:06:00,49.37,49.4,49.37,49.38,0,0,58435
2940,2020-09-24 13:07:00,49.38,49.42,49.38,49.41,0,0,88124
2941,2020-09-24 13:08:00,49.41,49.43,49.41,49.42,0,0,22887
2942,2020-09-24 13:09:00,49.42,49.45,49.42,49.43,0,0,37202
2943,2020-09-24 13:10:00,49.43,49.46,49.43,49.44,0,0,55877
2944,2020-09-24 13:11:00,49.44,49.47,49.44,49.46,0,0,57584
2945,2020-09-24 13:12:00,49.46,49.48,49.44,49.48,0,0,69183
2946,2020-09-24 13:13:00,49.48,49.48,49.47,49.48,0,0,17773
2947,2020-09-24 13:14:00,49.47,49.5,49.47,49.5,0,0,49159
2948,2020-09-24 13:15:00,49.5,49.55,49.49,49.53,0,0,324473
2949,2020-09-24 13:16:00,49.53,49.56,49.52,49.53,0,0,129650
2950,2020-09-24 13:17:00,49.53,49.53,49.5,49.51,0,0,32795
2951,2020-09-24 13:18:00,49.51,49.52,49.42,49.43,0,0,101316
2952,2020-09-24 13:19:00,49.43,49.45,49.42,49.43,0,0,45733
2953,2020-09-24 13:20:00,49.43,49.45,49.43,49.45,0,0,21711
2954,2020-09-24 13:21:00,49.45,49.47,49.44,49.47,0,0,35323
2955,2020-09-24 13:22:00,49.46,49.48,49.46,49.47,0,0,44666
2956,2020-09-24 13:23:00,49.48,49.51,49.48,49.5,0,0,23783
2957,2020-09-24 13:24:00,49.51,49.51,49.46,49.46,0,0,30719
2958,2020-09-24 13:25:00,49.47,49.48,49.45,49.45,0,0,33164
2959,2020-09-24 13:26:00,49.46,49.51,49.46,49.49,0,0,33471
2960,2020-09-24 13:27:00,49.5,49.53,49.49,49.51,0,0,41630
2961,2020-09-24 13:28:00,49.51,49.53,49.5,49.51,0,0,36104
2962,2020-09-24 13:29:00,49.51,49.53,49.5,49.53,0,0,28140
2963,2020-09-24 13:30:00,49.53,49.53,49.49,49.52,0,0,56360
2964,2020-09-24 13:31:00,49.52,49.54,49.51,49.53,0,0,41570
2965,2020-09-24 13:32:00,49.53,49.56,49.53,49.56,0,0,30178
2966,2020-09-24 13:33:00,49.55,49.56,49.53,49.53,0,0,21017
2967,2020-09-24 13:34:00,49.54,49.54,49.52,49.53,0,0,54845
2968,2020-09-24 13:35:00,49.52,49.52,49.47,49.48,0,0,26521
2969,2020-09-24 13:36:00,49.48,49.51,49.48,49.49,0,0,22591
2970,2020-09-24 13:37:00,49.49,49.51,49.49,49.49,0,0,18553
2971,2020-09-24 13:38:00,49.5,49.53,49.5,49.52,0,0,30590
2972,2020-09-24 13:39:00,49.53,49.56,49.53,49.56,0,0,27239
2973,2020-09-24 13:40:00,49.56,49.6,49.56,49.58,0,0,41002
2974,2020-09-24 13:41:00,49.59,49.59,49.56,49.58,0,0,77439
2975,2020-09-24 13:42:00,49.58,49.59,49.57,49.57,0,0,33250
2976,2020-09-24 13:43:00,49.57,49.57,49.55,49.56,0,0,34736
2977,2020-09-24 13:44:00,49.56,49.59,49.56,49.59,0,0,40239
2978,2020-09-24 13:45:00,49.58,49.61,49.58,49.6,0,0,36289
2979,2020-09-24 13:46:00,49.61,49.61,49.58,49.61,0,0,33706
2980,2020-09-24 13:47:00,49.6,49.62,49.57,49.6,0,0,31259
2981,2020-09-24 13:48:00,49.6,49.62,49.58,49.6,0,0,31454
2982,2020-09-24 13:49:00,49.59,49.6,49.56,49.58,0,0,22426
2983,2020-09-24 13:50:00,49.58,49.6,49.58,49.58,0,0,22944
2984,2020-09-24 13:51:00,49.59,49.6,49.57,49.58,0,0,26633
2985,2020-09-24 13:52:00,49.58,49.63,49.58,49.62,0,0,34072
2986,2020-09-24 13:53:00,49.63,49.63,49.59,49.61,0,0,27628
2987,2020-09-24 13:54:00,49.62,49.64,49.59,49.63,0,0,32414
2988,2020-09-24 13:55:00,49.63,49.63,49.55,49.56,0,0,96035
2989,2020-09-24 13:56:00,49.56,49.57,49.53,49.56,0,0,48429
2990,2020-09-24 13:57:00,49.56,49.58,49.54,49.57,0,0,51431
2991,2020-09-24 13:58:00,49.57,49.59,49.55,49.57,0,0,16245
2992,2020-09-24 13:59:00,49.58,49.58,49.49,49.51,0,0,67123
2993,2020-09-24 14:00:00,49.52,49.56,49.52,49.52,0,0,39381
2994,2020-09-24 14:01:00,49.51,49.53,49.48,49.48,0,0,40675
2995,2020-09-24 14:02:00,49.48,49.49,49.45,49.47,0,0,22719
2996,2020-09-24 14:03:00,49.47,49.47,49.44,49.46,0,0,18976
2997,2020-09-24 14:04:00,49.46,49.51,49.45,49.51,0,0,27383
2998,2020-09-24 14:05:00,49.5,49.53,49.46,49.47,0,0,30038
2999,2020-09-24 14:06:00,49.47,49.47,49.43,49.43,0,0,42732
3000,2020-09-24 14:07:00,49.43,49.44,49.42,49.42,0,0,37044
3001,2020-09-24 14:08:00,49.43,49.46,49.42,49.46,0,0,37260
3002,2020-09-24 14:09:00,49.45,49.46,49.44,49.44,0,0,37363
3003,2020-09-24 14:10:00,49.44,49.44,49.39,49.42,0,0,31796
3004,2020-09-24 14:11:00,49.43,49.44,49.42,49.42,0,0,13954
3005,2020-09-24 14:12:00,49.42,49.44,49.42,49.43,0,0,19384
3006,2020-09-24 14:13:00,49.43,49.44,49.42,49.42,0,0,17837
3007,2020-09-24 14:14:00,49.42,49.44,49.4,49.42,0,0,30615
3008,2020-09-24 14:15:00,49.43,49.48,49.42,49.48,0,0,47036
3009,2020-09-24 14:16:00,49.47,49.5,49.46,49.47,0,0,46407
3010,2020-09-24 14:17:00,49.47,49.47,49.4,49.42,0,0,64856
3011,2020-09-24 14:18:00,49.42,49.42,49.31,49.33,0,0,31034
3012,2020-09-24 14:19:00,49.33,49.33,49.3,49.31,0,0,56829
3013,2020-09-24 14:20:00,49.31,49.33,49.27,49.28,0,0,54461
3014,2020-09-24 14:21:00,49.28,49.3,49.28,49.28,0,0,26603
3015,2020-09-24 14:22:00,49.28,49.3,49.27,49.29,0,0,35808
3016,2020-09-24 14:23:00,49.29,49.3,49.28,49.28,0,0,29575
3017,2020-09-24 14:24:00,49.27,49.29,49.26,49.29,0,0,34651
3018,2020-09-24 14:25:00,49.28,49.29,49.23,49.29,0,0,30375
3019,2020-09-24 14:26:00,49.29,49.33,49.28,49.3,0,0,48386
3020,2020-09-24 14:27:00,49.3,49.3,49.26,49.26,0,0,34493
3021,2020-09-24 14:28:00,49.26,49.31,49.26,49.31,0,0,31711
3022,2020-09-24 14:29:00,49.3,49.31,49.28,49.28,0,0,40072
3023,2020-09-24 14:30:00,49.28,49.32,49.26,49.29,0,0,41122
3024,2020-09-24 14:31:00,49.29,49.31,49.28,49.31,0,0,28553
3025,2020-09-24 14:32:00,49.3,49.35,49.3,49.35,0,0,33265
3026,2020-09-24 14:33:00,49.34,49.35,49.33,49.34,0,0,21909
3027,2020-09-24 14:34:00,49.33,49.38,49.32,49.33,0,0,42183
3028,2020-09-24 14:35:00,49.33,49.35,49.31,49.31,0,0,42574
3029,2020-09-24 14:36:00,49.32,49.33,49.28,49.3,0,0,54013
3030,2020-09-24 14:37:00,49.3,49.34,49.28,49.32,0,0,67411
3031,2020-09-24 14:38:00,49.33,49.33,49.3,49.31,0,0,36309
3032,2020-09-24 14:39:00,49.31,49.35,49.31,49.33,0,0,49712
3033,2020-09-24 14:40:00,49.33,49.35,49.31,49.35,0,0,30735
3034,2020-09-24 14:41:00,49.34,49.39,49.34,49.38,0,0,34385
3035,2020-09-24 14:42:00,49.37,49.39,49.35,49.38,0,0,49207
3036,2020-09-24 14:43:00,49.38,49.39,49.37,49.38,0,0,68882
3037,2020-09-24 14:44:00,49.37,49.38,49.35,49.37,0,0,37556
3038,2020-09-24 14:45:00,49.38,49.38,49.28,49.29,0,0,41102
3039,2020-09-24 14:46:00,49.3,49.35,49.29,49.32,0,0,67614
3040,2020-09-24 14:47:00,49.33,49.35,49.32,49.32,0,0,51957
3041,2020-09-24 14:48:00,49.31,49.31,49.22,49.22,0,0,59151
3042,2020-09-24 14:49:00,49.22,49.22,49.17,49.17,0,0,39181
3043,2020-09-24 14:50:00,49.16,49.19,49.14,49.17,0,0,41045
3044,2020-09-24 14:51:00,49.17,49.17,49.09,49.1,0,0,52383
3045,2020-09-24 14:52:00,49.1,49.12,49.05,49.05,0,0,45558
3046,2020-09-24 14:53:00,49.06,49.09,49.05,49.06,0,0,66514
3047,2020-09-24 14:54:00,49.06,49.07,49.03,49.06,0,0,76644
3048,2020-09-24 14:55:00,49.06,49.07,49.02,49.06,0,0,47415
3049,2020-09-24 14:56:00,49.06,49.09,49.0,49.0,0,0,77696
3050,2020-09-24 14:57:00,49.02,49.05,49.01,49.04,0,0,30915
3051,2020-09-24 14:58:00,49.04,49.05,49.03,49.03,0,0,23880
3052,2020-09-24 14:59:00,49.02,49.06,48.98,48.99,0,0,72980
3053,2020-09-24 15:00:00,49.0,49.03,48.99,49.01,0,0,53254
3054,2020-09-24 15:01:00,49.01,49.03,48.97,48.98,0,0,35125
3055,2020-09-24 15:02:00,48.99,49.03,48.97,49.01,0,0,30264
3056,2020-09-24 15:03:00,49.01,49.01,48.97,49.01,0,0,40863
3057,2020-09-24 15:04:00,49.01,49.02,48.97,48.97,0,0,54095
3058,2020-09-24 15:05:00,48.98,49.01,48.97,48.98,0,0,41150
3059,2020-09-24 15:06:00,48.98,49.02,48.94,49.02,0,0,61020
3060,2020-09-24 15:07:00,49.02,49.03,48.95,48.95,0,0,48566
3061,2020-09-24 15:08:00,48.95,49.01,48.94,49.01,0,0,120173
3062,2020-09-24 15:09:00,49.02,49.06,49.0,49.01,0,0,40205
3063,2020-09-24 15:10:00,49.01,49.03,48.96,48.98,0,0,57291
3064,2020-09-24 15:11:00,48.98,49.02,48.98,48.99,0,0,50362
3065,2020-09-24 15:12:00,49.0,49.07,49.0,49.07,0,0,47453
3066,2020-09-24 15:13:00,49.06,49.06,49.03,49.05,0,0,35731
3067,2020-09-24 15:14:00,49.04,49.1,49.04,49.08,0,0,65028
3068,2020-09-24 15:15:00,49.08,49.1,49.03,49.08,0,0,67037
3069,2020-09-24 15:16:00,49.09,49.12,49.08,49.11,0,0,35921
3070,2020-09-24 15:17:00,49.1,49.12,49.08,49.12,0,0,48308
3071,2020-09-24 15:18:00,49.11,49.11,49.07,49.07,0,0,159571
3072,2020-09-24 15:19:00,49.06,49.09,48.98,48.99,0,0,43867
3073,2020-09-24 15:20:00,48.99,49.0,48.83,48.87,0,0,149092
3074,2020-09-24 15:21:00,48.87,48.87,48.82,48.82,0,0,44775
3075,2020-09-24 15:22:00,48.82,48.83,48.79,48.79,0,0,57744
3076,2020-09-24 15:23:00,48.8,48.85,48.79,48.84,0,0,47979
3077,2020-09-24 15:24:00,48.84,48.85,48.83,48.85,0,0,28781
3078,2020-09-24 15:25:00,48.85,48.88,48.82,48.85,0,0,41223
3079,2020-09-24 15:26:00,48.85,48.87,48.79,48.82,0,0,75596
3080,2020-09-24 15:27:00,48.82,48.83,48.8,48.81,0,0,56649
3081,2020-09-24 15:28:00,48.81,48.88,48.78,48.83,0,0,67223
3082,2020-09-24 15:29:00,48.81,48.85,48.81,48.83,0,0,38373
3083,2020-09-24 15:30:00,48.83,48.87,48.81,48.85,0,0,56361
3084,2020-09-24 15:31:00,48.86,48.86,48.79,48.81,0,0,99736
3085,2020-09-24 15:32:00,48.82,48.83,48.78,48.81,0,0,50927
3086,2020-09-24 15:33:00,48.81,48.85,48.8,48.83,0,0,77450
3087,2020-09-24 15:34:00,48.83,48.89,48.83,48.88,0,0,74777
3088,2020-09-24 15:35:00,48.88,48.88,48.82,48.83,0,0,49066
3089,2020-09-24 15:36:00,48.82,48.83,48.8,48.83,0,0,54044
3090,2020-09-24 15:37:00,48.83,48.88,48.81,48.87,0,0,61491
3091,2020-09-24 15:38:00,48.87,48.95,48.87,48.94,0,0,71326
3092,2020-09-24 15:39:00,48.94,49.03,48.93,49.03,0,0,71636
3093,2020-09-24 15:40:00,49.02,49.07,49.01,49.04,0,0,56259
3094,2020-09-24 15:41:00,49.04,49.06,49.02,49.04,0,0,75109
3095,2020-09-24 15:42:00,49.04,49.08,49.03,49.08,0,0,48318
3096,2020-09-24 15:43:00,49.07,49.08,49.04,49.06,0,0,51403
3097,2020-09-24 15:44:00,49.07,49.08,49.06,49.06,0,0,43353
3098,2020-09-24 15:45:00,49.07,49.13,49.06,49.13,0,0,68521
3099,2020-09-24 15:46:00,49.13,49.14,49.12,49.13,0,0,55223
3100,2020-09-24 15:47:00,49.14,49.22,49.13,49.19,0,0,75013
3101,2020-09-24 15:48:00,49.19,49.19,49.14,49.16,0,0,65198
3102,2020-09-24 15:49:00,49.15,49.15,49.04,49.04,0,0,72456
3103,2020-09-24 15:50:00,49.04,49.04,48.95,48.97,0,0,231743
3104,2020-09-24 15:51:00,48.97,49.01,48.94,48.99,0,0,109823
3105,2020-09-24 15:52:00,48.99,49.07,48.98,49.05,0,0,96998
3106,2020-09-24 15:53:00,49.05,49.06,49.01,49.06,0,0,76894
3107,2020-09-24 15:54:00,49.06,49.17,49.02,49.17,0,0,231458
3108,2020-09-24 15:55:00,49.16,49.18,49.12,49.12,0,0,153284
3109,2020-09-24 15:56:00,49.12,49.17,49.1,49.15,0,0,112649
3110,2020-09-24 15:57:00,49.14,49.17,49.13,49.15,0,0,132651
3111,2020-09-24 15:58:00,49.15,49.15,49.12,49.13,0,0,140281
3112,2020-09-24 15:59:00,49.14,49.18,49.11,49.16,0,0,412980
3113,2020-09-25 09:30:00,48.87,48.88,48.85,48.86,0,0,564009
3114,2020-09-25 09:31:00,48.84,48.97,48.82,48.94,0,0,94579
3115,2020-09-25 09:32:00,48.94,48.94,48.78,48.87,0,0,100927
3116,2020-09-25 09:33:00,48.87,48.92,48.81,48.88,0,0,85624
3117,2020-09-25 09:34:00,48.88,48.94,48.86,48.94,0,0,76865
3118,2020-09-25 09:35:00,48.94,48.94,48.88,48.91,0,0,61903
3119,2020-09-25 09:36:00,48.91,48.95,48.87,48.9,0,0,84885
3120,2020-09-25 09:37:00,48.91,48.92,48.84,48.85,0,0,76472
3121,2020-09-25 09:38:00,48.86,48.89,48.84,48.87,0,0,51089
3122,2020-09-25 09:39:00,48.9,48.92,48.86,48.87,0,0,65262
3123,2020-09-25 09:40:00,48.87,48.97,48.86,48.93,0,0,87791
3124,2020-09-25 09:41:00,48.94,49.02,48.93,49.02,0,0,57264
3125,2020-09-25 09:42:00,49.03,49.08,48.99,49.08,0,0,46523
3126,2020-09-25 09:43:00,49.06,49.09,49.04,49.08,0,0,48334
3127,2020-09-25 09:44:00,49.07,49.07,49.03,49.06,0,0,58389
3128,2020-09-25 09:45:00,48.99,49.06,48.94,48.98,0,0,63648
3129,2020-09-25 09:46:00,48.96,48.99,48.93,48.97,0,0,59595
3130,2020-09-25 09:47:00,48.97,48.97,48.8,48.84,0,0,92849
3131,2020-09-25 09:48:00,48.84,48.85,48.78,48.8,0,0,138828
3132,2020-09-25 09:49:00,48.8,48.85,48.78,48.8,0,0,64402
3133,2020-09-25 09:50:00,48.81,48.82,48.75,48.78,0,0,67713
3134,2020-09-25 09:51:00,48.78,48.86,48.78,48.84,0,0,64178
3135,2020-09-25 09:52:00,48.92,48.92,48.83,48.91,0,0,43457
3136,2020-09-25 09:53:00,48.91,48.97,48.89,48.94,0,0,42540
3137,2020-09-25 09:54:00,48.94,48.96,48.88,48.91,0,0,110217
3138,2020-09-25 09:55:00,48.91,48.95,48.86,48.87,0,0,62481
3139,2020-09-25 09:56:00,48.86,48.86,48.82,48.86,0,0,39717
3140,2020-09-25 09:57:00,48.85,48.95,48.83,48.95,0,0,43725
3141,2020-09-25 09:58:00,48.96,49.09,48.96,49.08,0,0,56982
3142,2020-09-25 09:59:00,49.08,49.19,49.07,49.19,0,0,83858
3143,2020-09-25 10:00:00,49.19,49.2,49.15,49.16,0,0,80730
3144,2020-09-25 10:01:00,49.14,49.15,49.12,49.15,0,0,23898
3145,2020-09-25 10:02:00,49.19,49.19,49.13,49.19,0,0,76928
3146,2020-09-25 10:03:00,49.19,49.21,49.15,49.18,0,0,48996
3147,2020-09-25 10:04:00,49.18,49.19,49.16,49.17,0,0,42036
3148,2020-09-25 10:05:00,49.17,49.17,49.13,49.15,0,0,28073
3149,2020-09-25 10:06:00,49.15,49.16,49.12,49.15,0,0,26443
3150,2020-09-25 10:07:00,49.16,49.19,49.15,49.16,0,0,35582
3151,2020-09-25 10:08:00,49.16,49.17,49.08,49.08,0,0,47956
3152,2020-09-25 10:09:00,49.09,49.11,49.03,49.09,0,0,87826
3153,2020-09-25 10:10:00,49.1,49.13,49.03,49.08,0,0,68969
3154,2020-09-25 10:11:00,49.08,49.1,49.04,49.06,0,0,57876
3155,2020-09-25 10:12:00,49.07,49.09,48.89,48.9,0,0,76262
3156,2020-09-25 10:13:00,48.9,48.96,48.9,48.93,0,0,40433
3157,2020-09-25 10:14:00,48.93,48.94,48.88,48.93,0,0,50278
3158,2020-09-25 10:15:00,48.93,49.06,48.9,49.01,0,0,123161
3159,2020-09-25 10:16:00,49.02,49.08,49.01,49.08,0,0,57786
3160,2020-09-25 10:17:00,49.08,49.12,49.05,49.11,0,0,28852
3161,2020-09-25 10:18:00,49.11,49.15,49.1,49.15,0,0,38716
3162,2020-09-25 10:19:00,49.15,49.21,49.15,49.19,0,0,112475
3163,2020-09-25 10:20:00,49.2,49.22,49.16,49.21,0,0,83724
3164,2020-09-25 10:21:00,49.21,49.26,49.21,49.23,0,0,50984
3165,2020-09-25 10:22:00,49.24,49.3,49.24,49.27,0,0,102231
3166,2020-09-25 10:23:00,49.27,49.31,49.26,49.29,0,0,56837
3167,2020-09-25 10:24:00,49.28,49.33,49.28,49.28,0,0,55001
3168,2020-09-25 10:25:00,49.28,49.32,49.25,49.26,0,0,60247
3169,2020-09-25 10:26:00,49.26,49.27,49.23,49.25,0,0,25930
3170,2020-09-25 10:27:00,49.25,49.31,49.24,49.29,0,0,107115
3171,2020-09-25 10:28:00,49.29,49.32,49.28,49.3,0,0,65656
3172,2020-09-25 10:29:00,49.29,49.31,49.26,49.28,0,0,76804
3173,2020-09-25 10:30:00,49.29,49.29,49.24,49.24,0,0,44213
3174,2020-09-25 10:31:00,49.24,49.27,49.21,49.23,0,0,202066
3175,2020-09-25 10:32:00,49.24,49.25,49.22,49.24,0,0,46033
3176,2020-09-25 10:33:00,49.23,49.28,49.23,49.26,0,0,44346
3177,2020-09-25 10:34:00,49.26,49.32,49.24,49.27,0,0,51082
3178,2020-09-25 10:35:00,49.26,49.28,49.23,49.28,0,0,34174
3179,2020-09-25 10:36:00,49.27,49.28,49.24,49.27,0,0,50811
3180,2020-09-25 10:37:00,49.28,49.3,49.26,49.29,0,0,39762
3181,2020-09-25 10:38:00,49.3,49.35,49.3,49.33,0,0,44495
3182,2020-09-25 10:39:00,49.33,49.45,49.33,49.45,0,0,105637
3183,2020-09-25 10:40:00,49.45,49.52,49.44,49.47,0,0,90768
3184,2020-09-25 10:41:00,49.46,49.49,49.42,49.45,0,0,106712
3185,2020-09-25 10:42:00,49.45,49.48,49.43,49.45,0,0,32242
3186,2020-09-25 10:43:00,49.45,49.51,49.44,49.5,0,0,62675
3187,2020-09-25 10:44:00,49.49,49.51,49.46,49.49,0,0,35672
3188,2020-09-25 10:45:00,49.49,49.52,49.47,49.5,0,0,82530
3189,2020-09-25 10:46:00,49.49,49.5,49.46,49.48,0,0,50078
3190,2020-09-25 10:47:00,49.48,49.48,49.44,49.47,0,0,42381
3191,2020-09-25 10:48:00,49.47,49.49,49.42,49.44,0,0,33054
3192,2020-09-25 10:49:00,49.44,49.45,49.37,49.4,0,0,42152
3193,2020-09-25 10:50:00,49.41,49.42,49.37,49.38,0,0,24500
3194,2020-09-25 10:51:00,49.38,49.43,49.38,49.39,0,0,35633
3195,2020-09-25 10:52:00,49.39,49.42,49.33,49.35,0,0,74921
3196,2020-09-25 10:53:00,49.34,49.38,49.33,49.37,0,0,21723
3197,2020-09-25 10:54:00,49.37,49.45,49.37,49.44,0,0,57659
3198,2020-09-25 10:55:00,49.43,49.43,49.37,49.38,0,0,37888
3199,2020-09-25 10:56:00,49.39,49.39,49.33,49.35,0,0,21915
3200,2020-09-25 10:57:00,49.36,49.36,49.33,49.34,0,0,28900
3201,2020-09-25 10:58:00,49.35,49.36,49.34,49.35,0,0,29890
3202,2020-09-25 11:00:00,49.33,49.33,49.32,49.33,0,0,65855
3203,2020-09-25 11:01:00,49.39,49.39,49.29,49.3,0,0,46923
3204,2020-09-25 11:02:00,49.31,49.34,49.28,49.29,0,0,25865
3205,2020-09-25 11:03:00,49.28,49.3,49.28,49.28,0,0,18815
3206,2020-09-25 11:04:00,49.28,49.3,49.27,49.28,0,0,24517
3207,2020-09-25 11:05:00,49.28,49.32,49.25,49.32,0,0,46282
3208,2020-09-25 11:06:00,49.32,49.35,49.29,49.3,0,0,37568
3209,2020-09-25 11:07:00,49.3,49.31,49.27,49.31,0,0,18948
3210,2020-09-25 11:08:00,49.31,49.33,49.29,49.3,0,0,52611
3211,2020-09-25 11:09:00,49.31,49.32,49.29,49.29,0,0,19308
3212,2020-09-25 11:10:00,49.29,49.33,49.26,49.33,0,0,35117
3213,2020-09-25 11:11:00,49.32,49.35,49.31,49.35,0,0,26356
3214,2020-09-25 11:12:00,49.35,49.45,49.33,49.44,0,0,57212
3215,2020-09-25 11:13:00,49.44,49.44,49.4,49.4,0,0,31578
3216,2020-09-25 11:14:00,49.41,49.44,49.4,49.44,0,0,23300
3217,2020-09-25 11:15:00,49.44,49.48,49.43,49.47,0,0,34497
3218,2020-09-25 11:16:00,49.47,49.5,49.47,49.48,0,0,37525
3219,2020-09-25 11:17:00,49.48,49.54,49.48,49.54,0,0,34195
3220,2020-09-25 11:18:00,49.54,49.56,49.51,49.56,0,0,53708
3221,2020-09-25 11:19:00,49.55,49.55,49.54,49.54,0,0,29930
3222,2020-09-25 11:20:00,49.54,49.54,49.5,49.52,0,0,59846
3223,2020-09-25 11:21:00,49.52,49.54,49.51,49.53,0,0,28513
3224,2020-09-25 11:22:00,49.54,49.56,49.54,49.56,0,0,37344
3225,2020-09-25 11:23:00,49.56,49.59,49.56,49.58,0,0,43501
3226,2020-09-25 11:24:00,49.59,49.6,49.58,49.58,0,0,21974
3227,2020-09-25 11:25:00,49.59,49.66,49.58,49.65,0,0,105455
3228,2020-09-25 11:26:00,49.66,49.66,49.6,49.62,0,0,58906
3229,2020-09-25 11:27:00,49.63,49.64,49.59,49.61,0,0,42025
3230,2020-09-25 11:28:00,49.62,49.65,49.59,49.64,0,0,52962
3231,2020-09-25 11:29:00,49.63,49.63,49.6,49.62,0,0,25386
3232,2020-09-25 11:30:00,49.62,49.63,49.57,49.58,0,0,51433
3233,2020-09-25 11:31:00,49.58,49.6,49.56,49.59,0,0,18612
3234,2020-09-25 11:32:00,49.6,49.63,49.59,49.62,0,0,21251
3235,2020-09-25 11:33:00,49.62,49.62,49.6,49.61,0,0,25756
3236,2020-09-25 11:34:00,49.62,49.7,49.62,49.7,0,0,44701
3237,2020-09-25 11:35:00,49.69,49.7,49.67,49.69,0,0,24276
3238,2020-09-25 11:36:00,49.69,49.69,49.64,49.65,0,0,20475
3239,2020-09-25 11:37:00,49.65,49.67,49.65,49.67,0,0,30406
3240,2020-09-25 11:38:00,49.67,49.67,49.65,49.66,0,0,20058
3241,2020-09-25 11:39:00,49.66,49.67,49.64,49.64,0,0,27590
3242,2020-09-25 11:40:00,49.65,49.67,49.64,49.67,0,0,22801
3243,2020-09-25 11:41:00,49.66,49.67,49.63,49.63,0,0,28366
3244,2020-09-25 11:42:00,49.63,49.63,49.6,49.6,0,0,36099
3245,2020-09-25 11:43:00,49.6,49.61,49.56,49.57,0,0,46833
3246,2020-09-25 11:44:00,49.58,49.59,49.56,49.57,0,0,24847
3247,2020-09-25 11:45:00,49.58,49.6,49.57,49.58,0,0,40617
3248,2020-09-25 11:46:00,49.57,49.58,49.55,49.55,0,0,29549
3249,2020-09-25 11:47:00,49.56,49.58,49.55,49.56,0,0,40990
3250,2020-09-25 11:48:00,49.55,49.58,49.55,49.56,0,0,17248
3251,2020-09-25 11:49:00,49.56,49.57,49.55,49.56,0,0,14445
3252,2020-09-25 11:50:00,49.56,49.56,49.52,49.54,0,0,53003
3253,2020-09-25 11:51:00,49.54,49.56,49.53,49.56,0,0,19930
3254,2020-09-25 11:52:00,49.56,49.57,49.54,49.54,0,0,45550
3255,2020-09-25 11:53:00,49.55,49.56,49.52,49.54,0,0,54268
3256,2020-09-25 11:54:00,49.54,49.55,49.53,49.53,0,0,20814
3257,2020-09-25 11:55:00,49.54,49.56,49.51,49.52,0,0,41408
3258,2020-09-25 11:56:00,49.51,49.55,49.51,49.55,0,0,17655
3259,2020-09-25 11:57:00,49.55,49.55,49.53,49.54,0,0,20346
3260,2020-09-25 11:58:00,49.54,49.54,49.52,49.53,0,0,23808
3261,2020-09-25 11:59:00,49.53,49.55,49.5,49.51,0,0,28345
3262,2020-09-25 12:00:00,49.52,49.54,49.5,49.53,0,0,35409
3263,2020-09-25 12:01:00,49.53,49.57,49.52,49.55,0,0,53482
3264,2020-09-25 12:02:00,49.54,49.58,49.54,49.57,0,0,24386
3265,2020-09-25 12:03:00,49.58,49.6,49.56,49.6,0,0,33206
3266,2020-09-25 12:04:00,49.6,49.62,49.59,49.62,0,0,24180
3267,2020-09-25 12:05:00,49.62,49.62,49.61,49.61,0,0,35335
3268,2020-09-25 12:06:00,49.62,49.65,49.62,49.64,0,0,24658
3269,2020-09-25 12:07:00,49.65,49.67,49.65,49.66,0,0,32849
3270,2020-09-25 12:08:00,49.65,49.68,49.65,49.67,0,0,17517
3271,2020-09-25 12:09:00,49.67,49.71,49.67,49.7,0,0,51101
3272,2020-09-25 12:10:00,49.71,49.71,49.68,49.7,0,0,25054
3273,2020-09-25 12:11:00,49.7,49.71,49.69,49.7,0,0,32577
3274,2020-09-25 12:12:00,49.71,49.72,49.69,49.71,0,0,49595
3275,2020-09-25 12:13:00,49.71,49.72,49.7,49.7,0,0,21054
3276,2020-09-25 12:14:00,49.71,49.74,49.71,49.73,0,0,43992
3277,2020-09-25 12:15:00,49.74,49.75,49.72,49.72,0,0,88173
3278,2020-09-25 12:16:00,49.72,49.73,49.71,49.72,0,0,50310
3279,2020-09-25 12:17:00,49.73,49.73,49.7,49.7,0,0,50159
3280,2020-09-25 12:18:00,49.69,49.71,49.68,49.68,0,0,20507
3281,2020-09-25 12:19:00,49.68,49.69,49.64,49.67,0,0,48658
3282,2020-09-25 12:20:00,49.67,49.68,49.65,49.68,0,0,18374
3283,2020-09-25 12:21:00,49.69,49.7,49.66,49.66,0,0,16407
3284,2020-09-25 12:22:00,49.66,49.68,49.63,49.67,0,0,48229
3285,2020-09-25 12:23:00,49.67,49.67,49.64,49.65,0,0,23278
3286,2020-09-25 12:24:00,49.65,49.67,49.63,49.67,0,0,36652
3287,2020-09-25 12:25:00,49.67,49.68,49.64,49.65,0,0,38302
3288,2020-09-25 12:26:00,49.65,49.65,49.61,49.62,0,0,35350
3289,2020-09-25 12:27:00,49.62,49.62,49.59,49.59,0,0,26978
3290,2020-09-25 12:28:00,49.59,49.62,49.59,49.6,0,0,26716
3291,2020-09-25 12:29:00,49.61,49.63,49.6,49.62,0,0,18722
3292,2020-09-25 12:30:00,49.63,49.66,49.62,49.63,0,0,36461
3293,2020-09-25 12:31:00,49.63,49.63,49.6,49.62,0,0,27298
3294,2020-09-25 12:32:00,49.62,49.62,49.59,49.61,0,0,17241
3295,2020-09-25 12:33:00,49.61,49.62,49.59,49.62,0,0,18090
3296,2020-09-25 12:34:00,49.62,49.64,49.62,49.62,0,0,11798
3297,2020-09-25 12:35:00,49.62,49.65,49.61,49.65,0,0,22853
3298,2020-09-25 12:36:00,49.64,49.64,49.6,49.61,0,0,14924
3299,2020-09-25 12:37:00,49.61,49.63,49.6,49.62,0,0,35390
3300,2020-09-25 12:38:00,49.62,49.64,49.6,49.64,0,0,21341
3301,2020-09-25 12:39:00,49.64,49.67,49.62,49.66,0,0,49480
3302,2020-09-25 12:40:00,49.67,49.69,49.66,49.68,0,0,26393
3303,2020-09-25 12:41:00,49.69,49.71,49.69,49.71,0,0,19633
3304,2020-09-25 12:42:00,49.7,49.72,49.69,49.71,0,0,16961
3305,2020-09-25 12:43:00,49.7,49.7,49.68,49.69,0,0,12864
3306,2020-09-25 12:44:00,49.69,49.71,49.68,49.7,0,0,19554
3307,2020-09-25 12:45:00,49.71,49.71,49.7,49.71,0,0,13098
3308,2020-09-25 12:46:00,49.7,49.72,49.69,49.69,0,0,30641
3309,2020-09-25 12:47:00,49.7,49.72,49.69,49.72,0,0,14393
3310,2020-09-25 12:48:00,49.71,49.73,49.7,49.71,0,0,20567
3311,2020-09-25 12:49:00,49.71,49.71,49.69,49.69,0,0,25101
3312,2020-09-25 12:50:00,49.69,49.7,49.67,49.7,0,0,23013
3313,2020-09-25 12:51:00,49.7,49.71,49.69,49.71,0,0,28592
3314,2020-09-25 12:52:00,49.72,49.74,49.72,49.73,0,0,58676
3315,2020-09-25 12:53:00,49.72,49.75,49.71,49.74,0,0,35626
3316,2020-09-25 12:54:00,49.74,49.75,49.73,49.75,0,0,42216
3317,2020-09-25 12:55:00,49.74,49.74,49.72,49.73,0,0,14752
3318,2020-09-25 12:56:00,49.72,49.73,49.71,49.73,0,0,16272
3319,2020-09-25 12:57:00,49.73,49.75,49.72,49.75,0,0,51346
3320,2020-09-25 12:58:00,49.74,49.75,49.74,49.74,0,0,24329
3321,2020-09-25 12:59:00,49.74,49.77,49.74,49.76,0,0,40956
3322,2020-09-25 13:00:00,49.76,49.76,49.71,49.73,0,0,50108
3323,2020-09-25 13:01:00,49.73,49.74,49.72,49.74,0,0,38760
3324,2020-09-25 13:02:00,49.74,49.8,49.74,49.78,0,0,74396
3325,2020-09-25 13:03:00,49.78,49.78,49.75,49.76,0,0,44452
3326,2020-09-25 13:04:00,49.76,49.78,49.75,49.78,0,0,43608
3327,2020-09-25 13:05:00,49.78,49.83,49.76,49.83,0,0,73840
3328,2020-09-25 13:06:00,49.83,49.84,49.81,49.83,0,0,49326
3329,2020-09-25 13:07:00,49.84,49.84,49.81,49.81,0,0,38501
3330,2020-09-25 13:08:00,49.81,49.83,49.8,49.82,0,0,19796
3331,2020-09-25 13:09:00,49.81,49.83,49.81,49.82,0,0,18560
3332,2020-09-25 13:10:00,49.82,49.83,49.81,49.81,0,0,24397
3333,2020-09-25 13:11:00,49.81,49.82,49.79,49.81,0,0,23801
3334,2020-09-25 13:12:00,49.8,49.83,49.8,49.83,0,0,58063
3335,2020-09-25 13:13:00,49.83,49.83,49.81,49.83,0,0,32769
3336,2020-09-25 13:14:00,49.82,49.83,49.82,49.83,0,0,9350
3337,2020-09-25 13:15:00,49.82,49.85,49.81,49.83,0,0,65543
3338,2020-09-25 13:16:00,49.83,49.85,49.83,49.84,0,0,36859
3339,2020-09-25 13:17:00,49.84,49.84,49.79,49.81,0,0,77059
3340,2020-09-25 13:18:00,49.81,49.81,49.77,49.77,0,0,165400
3341,2020-09-25 13:19:00,49.78,49.8,49.75,49.75,0,0,51101
3342,2020-09-25 13:20:00,49.76,49.78,49.75,49.78,0,0,47204
3343,2020-09-25 13:21:00,49.79,49.8,49.78,49.79,0,0,14820
3344,2020-09-25 13:22:00,49.78,49.8,49.77,49.77,0,0,17770
3345,2020-09-25 13:23:00,49.78,49.79,49.77,49.78,0,0,10411
3346,2020-09-25 13:24:00,49.77,49.78,49.73,49.75,0,0,51107
3347,2020-09-25 13:25:00,49.76,49.78,49.75,49.77,0,0,39976
3348,2020-09-25 13:26:00,49.77,49.78,49.76,49.76,0,0,9425
3349,2020-09-25 13:27:00,49.76,49.78,49.74,49.74,0,0,17506
3350,2020-09-25 13:28:00,49.75,49.75,49.72,49.75,0,0,33098
3351,2020-09-25 13:29:00,49.76,49.78,49.75,49.76,0,0,23708
3352,2020-09-25 13:30:00,49.76,49.78,49.74,49.78,0,0,17532
3353,2020-09-25 13:31:00,49.78,49.79,49.76,49.79,0,0,131265
3354,2020-09-25 13:32:00,49.8,49.81,49.78,49.78,0,0,38251
3355,2020-09-25 13:33:00,49.78,49.79,49.74,49.76,0,0,24105
3356,2020-09-25 13:34:00,49.76,49.77,49.74,49.74,0,0,45013
3357,2020-09-25 13:35:00,49.74,49.75,49.73,49.74,0,0,39511
3358,2020-09-25 13:36:00,49.74,49.74,49.71,49.72,0,0,18853
3359,2020-09-25 13:37:00,49.71,49.74,49.71,49.72,0,0,21537
3360,2020-09-25 13:38:00,49.73,49.73,49.71,49.72,0,0,5821
3361,2020-09-25 13:39:00,49.72,49.74,49.72,49.74,0,0,16419
3362,2020-09-25 13:40:00,49.75,49.77,49.74,49.77,0,0,19651
3363,2020-09-25 13:41:00,49.77,49.8,49.76,49.8,0,0,107211
3364,2020-09-25 13:42:00,49.8,49.81,49.78,49.78,0,0,17589
3365,2020-09-25 13:43:00,49.79,49.81,49.79,49.81,0,0,19040
3366,2020-09-25 13:44:00,49.81,49.83,49.81,49.83,0,0,23333
3367,2020-09-25 13:45:00,49.82,49.86,49.82,49.86,0,0,30287
3368,2020-09-25 13:46:00,49.86,49.86,49.84,49.85,0,0,43042
3369,2020-09-25 13:47:00,49.86,49.86,49.83,49.83,0,0,29068
3370,2020-09-25 13:48:00,49.83,49.85,49.82,49.82,0,0,14885
3371,2020-09-25 13:49:00,49.83,49.83,49.81,49.82,0,0,21899
3372,2020-09-25 13:50:00,49.83,49.85,49.82,49.83,0,0,17681
3373,2020-09-25 13:51:00,49.83,49.86,49.83,49.85,0,0,32498
3374,2020-09-25 13:52:00,49.85,49.85,49.84,49.84,0,0,21862
3375,2020-09-25 13:53:00,49.85,49.88,49.85,49.88,0,0,18323
3376,2020-09-25 13:54:00,49.88,49.89,49.87,49.87,0,0,28385
3377,2020-09-25 13:55:00,49.87,49.87,49.84,49.85,0,0,14320
3378,2020-09-25 13:56:00,49.85,49.85,49.83,49.84,0,0,42647
3379,2020-09-25 13:57:00,49.84,49.86,49.84,49.85,0,0,35108
3380,2020-09-25 13:58:00,49.86,49.88,49.86,49.87,0,0,16129
3381,2020-09-25 13:59:00,49.87,49.87,49.85,49.87,0,0,13935
3382,2020-09-25 14:00:00,49.87,49.87,49.85,49.87,0,0,26088
3383,2020-09-25 14:01:00,49.87,49.89,49.87,49.88,0,0,27623
3384,2020-09-25 14:02:00,49.88,49.89,49.87,49.89,0,0,26050
3385,2020-09-25 14:03:00,49.89,49.9,49.87,49.88,0,0,21289
3386,2020-09-25 14:04:00,49.87,49.91,49.87,49.9,0,0,67937
3387,2020-09-25 14:05:00,49.91,49.92,49.88,49.9,0,0,34927
3388,2020-09-25 14:06:00,49.9,49.93,49.88,49.92,0,0,36278
3389,2020-09-25 14:07:00,49.93,49.94,49.92,49.94,0,0,51561
3390,2020-09-25 14:08:00,49.94,49.94,49.9,49.9,0,0,19413
3391,2020-09-25 14:09:00,49.9,49.91,49.88,49.88,0,0,34685
3392,2020-09-25 14:10:00,49.89,49.9,49.86,49.87,0,0,28491
3393,2020-09-25 14:11:00,49.87,49.87,49.83,49.83,0,0,49766
3394,2020-09-25 14:12:00,49.83,49.83,49.81,49.82,0,0,30757
3395,2020-09-25 14:13:00,49.81,49.82,49.79,49.8,0,0,22014
3396,2020-09-25 14:14:00,49.81,49.82,49.8,49.81,0,0,45679
3397,2020-09-25 14:15:00,49.81,49.83,49.8,49.81,0,0,23447
3398,2020-09-25 14:16:00,49.82,49.85,49.82,49.85,0,0,27389
3399,2020-09-25 14:17:00,49.86,49.88,49.85,49.87,0,0,26021
3400,2020-09-25 14:18:00,49.87,49.89,49.87,49.88,0,0,28621
3401,2020-09-25 14:19:00,49.88,49.9,49.87,49.9,0,0,53447
3402,2020-09-25 14:20:00,49.9,49.9,49.86,49.88,0,0,27362
3403,2020-09-25 14:21:00,49.88,49.92,49.87,49.92,0,0,51857
3404,2020-09-25 14:22:00,49.93,49.94,49.9,49.92,0,0,36831
3405,2020-09-25 14:23:00,49.93,49.94,49.91,49.93,0,0,23660
3406,2020-09-25 14:24:00,49.93,49.93,49.9,49.9,0,0,25793
3407,2020-09-25 14:25:00,49.91,49.92,49.91,49.92,0,0,18845
3408,2020-09-25 14:26:00,49.91,49.93,49.91,49.91,0,0,31553
3409,2020-09-25 14:27:00,49.92,49.93,49.9,49.9,0,0,46890
3410,2020-09-25 14:28:00,49.9,49.92,49.87,49.9,0,0,58010
3411,2020-09-25 14:29:00,49.9,49.93,49.9,49.92,0,0,34679
3412,2020-09-25 14:30:00,49.92,49.93,49.9,49.9,0,0,21733
3413,2020-09-25 14:31:00,49.9,49.91,49.88,49.9,0,0,22878
3414,2020-09-25 14:32:00,49.91,49.94,49.91,49.93,0,0,21624
3415,2020-09-25 14:33:00,49.93,49.93,49.89,49.91,0,0,23247
3416,2020-09-25 14:34:00,49.92,49.92,49.9,49.92,0,0,19464
3417,2020-09-25 14:35:00,49.92,49.93,49.91,49.92,0,0,34624
3418,2020-09-25 14:36:00,49.92,49.94,49.9,49.92,0,0,33939
3419,2020-09-25 14:37:00,49.93,49.93,49.91,49.93,0,0,25301
3420,2020-09-25 14:38:00,49.93,49.94,49.92,49.92,0,0,15874
3421,2020-09-25 14:39:00,49.92,49.94,49.92,49.94,0,0,13975
3422,2020-09-25 14:40:00,49.94,49.95,49.92,49.94,0,0,30130
3423,2020-09-25 14:41:00,49.95,49.96,49.94,49.94,0,0,36201
3424,2020-09-25 14:42:00,49.94,49.94,49.91,49.91,0,0,23205
3425,2020-09-25 14:43:00,49.91,49.92,49.9,49.92,0,0,15306
3426,2020-09-25 14:44:00,49.92,49.95,49.92,49.94,0,0,22422
3427,2020-09-25 14:45:00,49.95,49.97,49.94,49.95,0,0,50450
3428,2020-09-25 14:46:00,49.96,49.96,49.93,49.95,0,0,43060
3429,2020-09-25 14:47:00,49.95,49.98,49.94,49.97,0,0,49544
3430,2020-09-25 14:48:00,49.97,49.97,49.96,49.97,0,0,4736
3431,2020-09-25 14:49:00,49.97,49.97,49.95,49.97,0,0,26009
3432,2020-09-25 14:50:00,49.96,50.0,49.96,49.98,0,0,58620
3433,2020-09-25 14:51:00,49.98,49.99,49.97,49.98,0,0,34371
3434,2020-09-25 14:52:00,49.98,50.0,49.98,49.99,0,0,21351
3435,2020-09-25 14:53:00,49.99,50.0,49.98,49.99,0,0,28193
3436,2020-09-25 14:54:00,49.99,50.03,49.98,50.03,0,0,144380
3437,2020-09-25 14:55:00,50.03,50.03,49.98,50.0,0,0,40101
3438,2020-09-25 14:56:00,49.99,50.0,49.98,50.0,0,0,38600
3439,2020-09-25 14:57:00,49.99,50.01,49.99,50.01,0,0,16401
3440,2020-09-25 14:58:00,50.01,50.03,49.99,50.0,0,0,132385
3441,2020-09-25 14:59:00,49.99,50.0,49.98,49.99,0,0,35259
3442,2020-09-25 15:00:00,49.99,50.02,49.97,50.01,0,0,74208
3443,2020-09-25 15:01:00,50.02,50.05,50.02,50.04,0,0,34477
3444,2020-09-25 15:02:00,50.03,50.07,50.03,50.06,0,0,62577
3445,2020-09-25 15:03:00,50.06,50.07,50.06,50.06,0,0,43405
3446,2020-09-25 15:04:00,50.07,50.08,50.02,50.03,0,0,44210
3447,2020-09-25 15:05:00,50.03,50.04,50.01,50.04,0,0,50867
3448,2020-09-25 15:06:00,50.05,50.06,50.03,50.05,0,0,38079
3449,2020-09-25 15:07:00,50.05,50.06,50.04,50.05,0,0,33621
3450,2020-09-25 15:08:00,50.05,50.09,50.05,50.09,0,0,44556
3451,2020-09-25 15:09:00,50.09,50.13,50.09,50.12,0,0,83286
3452,2020-09-25 15:10:00,50.11,50.17,50.11,50.15,0,0,69869
3453,2020-09-25 15:11:00,50.15,50.17,50.13,50.13,0,0,40201
3454,2020-09-25 15:12:00,50.14,50.15,50.11,50.14,0,0,58977
3455,2020-09-25 15:13:00,50.15,50.16,50.12,50.14,0,0,39386
3456,2020-09-25 15:14:00,50.13,50.14,50.12,50.12,0,0,37188
3457,2020-09-25 15:15:00,50.12,50.16,50.12,50.15,0,0,46773
3458,2020-09-25 15:16:00,50.15,50.18,50.15,50.18,0,0,45926
3459,2020-09-25 15:17:00,50.18,50.24,50.18,50.24,0,0,213773
3460,2020-09-25 15:18:00,50.25,50.28,50.23,50.24,0,0,110414
3461,2020-09-25 15:19:00,50.24,50.26,50.23,50.25,0,0,55506
3462,2020-09-25 15:20:00,50.25,50.25,50.21,50.21,0,0,99521
3463,2020-09-25 15:21:00,50.21,50.23,50.17,50.19,0,0,94589
3464,2020-09-25 15:22:00,50.19,50.22,50.17,50.22,0,0,107328
3465,2020-09-25 15:23:00,50.22,50.22,50.17,50.17,0,0,63930
3466,2020-09-25 15:24:00,50.17,50.19,50.17,50.19,0,0,27246
3467,2020-09-25 15:25:00,50.19,50.21,50.16,50.16,0,0,56750
3468,2020-09-25 15:26:00,50.16,50.19,50.16,50.19,0,0,38644
3469,2020-09-25 15:27:00,50.18,50.2,50.18,50.2,0,0,23881
3470,2020-09-25 15:28:00,50.2,50.2,50.16,50.17,0,0,43981
3471,2020-09-25 15:29:00,50.17,50.2,50.17,50.19,0,0,44258
3472,2020-09-25 15:30:00,50.19,50.2,50.16,50.17,0,0,35499
3473,2020-09-25 15:31:00,50.16,50.16,50.12,50.13,0,0,101406
3474,2020-09-25 15:32:00,50.14,50.18,50.13,50.16,0,0,65129
3475,2020-09-25 15:33:00,50.16,50.17,50.12,50.13,0,0,45687
3476,2020-09-25 15:34:00,50.13,50.15,50.09,50.1,0,0,64382
3477,2020-09-25 15:35:00,50.1,50.11,50.07,50.08,0,0,151385
3478,2020-09-25 15:36:00,50.09,50.1,50.08,50.1,0,0,181515
3479,2020-09-25 15:37:00,50.1,50.13,50.1,50.12,0,0,99451
3480,2020-09-25 15:38:00,50.12,50.12,50.08,50.09,0,0,83975
3481,2020-09-25 15:39:00,50.09,50.09,50.03,50.03,0,0,88767
3482,2020-09-25 15:40:00,50.03,50.04,50.01,50.01,0,0,142343
3483,2020-09-25 15:41:00,50.01,50.02,49.99,50.01,0,0,50468
3484,2020-09-25 15:42:00,50.02,50.05,50.01,50.04,0,0,39661
3485,2020-09-25 15:43:00,50.04,50.09,50.04,50.09,0,0,68476
3486,2020-09-25 15:44:00,50.09,50.15,50.08,50.13,0,0,62511
3487,2020-09-25 15:45:00,50.12,50.12,50.07,50.08,0,0,97337
3488,2020-09-25 15:46:00,50.07,50.07,50.04,50.04,0,0,96735
3489,2020-09-25 15:47:00,50.04,50.05,49.99,50.0,0,0,129234
3490,2020-09-25 15:48:00,50.01,50.03,49.98,50.03,0,0,205190
3491,2020-09-25 15:49:00,50.04,50.06,50.02,50.06,0,0,71743
3492,2020-09-25 15:50:00,50.06,50.06,49.97,49.99,0,0,261786
3493,2020-09-25 15:51:00,49.98,50.02,49.97,49.97,0,0,132572
3494,2020-09-25 15:52:00,49.97,50.04,49.97,50.01,0,0,149287
3495,2020-09-25 15:53:00,50.01,50.01,50.0,50.0,0,0,81172
3496,2020-09-25 15:54:00,50.0,50.03,49.99,50.0,0,0,334597
3497,2020-09-25 15:55:00,50.0,50.01,49.97,49.99,0,0,268135
3498,2020-09-25 15:56:00,49.99,50.0,49.97,49.97,0,0,204582
3499,2020-09-25 15:57:00,49.98,50.0,49.96,49.97,0,0,225866
3500,2020-09-25 15:58:00,49.97,49.98,49.94,49.95,0,0,288568
3501,2020-09-25 15:59:00,49.95,49.96,49.9,49.93,0,0,538798
3502,2020-09-28 09:30:00,50.51,50.56,50.24,50.28,0,0,966183
3503,2020-09-28 09:31:00,50.29,50.3,50.16,50.28,0,0,168142
3504,2020-09-28 09:32:00,50.28,50.45,50.27,50.43,0,0,104876
3505,2020-09-28 09:33:00,50.44,50.49,50.35,50.36,0,0,134921
3506,2020-09-28 09:34:00,50.35,50.48,50.35,50.47,0,0,130480
3507,2020-09-28 09:35:00,50.47,50.49,50.44,50.47,0,0,138803
3508,2020-09-28 09:36:00,50.43,50.5,50.41,50.41,0,0,57119
3509,2020-09-28 09:37:00,50.37,50.4,50.31,50.35,0,0,75293
3510,2020-09-28 09:38:00,50.31,50.34,50.21,50.22,0,0,104601
3511,2020-09-28 09:39:00,50.22,50.28,50.22,50.25,0,0,103901
3512,2020-09-28 09:40:00,50.26,50.38,50.26,50.37,0,0,85767
3513,2020-09-28 09:41:00,50.38,50.42,50.36,50.39,0,0,67445
3514,2020-09-28 09:42:00,50.41,50.42,50.37,50.4,0,0,111302
3515,2020-09-28 09:43:00,50.4,50.44,50.38,50.4,0,0,119799
3516,2020-09-28 09:44:00,50.31,50.4,50.3,50.31,0,0,157384
3517,2020-09-28 09:45:00,50.31,50.38,50.31,50.37,0,0,92055
3518,2020-09-28 09:46:00,50.35,50.42,50.34,50.35,0,0,131515
3519,2020-09-28 09:47:00,50.35,50.38,50.33,50.38,0,0,64759
3520,2020-09-28 09:48:00,50.38,50.42,50.35,50.41,0,0,63474
3521,2020-09-28 09:49:00,50.34,50.41,50.33,50.38,0,0,81857
3522,2020-09-28 09:50:00,50.35,50.38,50.31,50.33,0,0,63704
3523,2020-09-28 09:51:00,50.33,50.36,50.31,50.35,0,0,73973
3524,2020-09-28 09:52:00,50.35,50.38,50.33,50.35,0,0,75642
3525,2020-09-28 09:53:00,50.34,50.36,50.29,50.32,0,0,73327
3526,2020-09-28 09:54:00,50.31,50.34,50.28,50.29,0,0,55779
3527,2020-09-28 09:55:00,50.29,50.34,50.29,50.33,0,0,54111
3528,2020-09-28 09:56:00,50.33,50.38,50.33,50.33,0,0,73722
3529,2020-09-28 09:57:00,50.35,50.36,50.32,50.35,0,0,54143
3530,2020-09-28 09:58:00,50.35,50.42,50.34,50.41,0,0,89062
3531,2020-09-28 09:59:00,50.4,50.42,50.38,50.42,0,0,39870
3532,2020-09-28 10:00:00,50.4,50.45,50.39,50.42,0,0,55675
3533,2020-09-28 10:01:00,50.43,50.46,50.42,50.42,0,0,64009
3534,2020-09-28 10:02:00,50.41,50.45,50.4,50.44,0,0,47462
3535,2020-09-28 10:03:00,50.44,50.46,50.43,50.43,0,0,48558
3536,2020-09-28 10:04:00,50.43,50.43,50.39,50.39,0,0,53015
3537,2020-09-28 10:05:00,50.39,50.43,50.38,50.43,0,0,31385
3538,2020-09-28 10:06:00,50.42,50.43,50.36,50.41,0,0,68819
3539,2020-09-28 10:07:00,50.42,50.42,50.35,50.4,0,0,18455
3540,2020-09-28 10:08:00,50.39,50.41,50.38,50.38,0,0,61429
3541,2020-09-28 10:09:00,50.38,50.39,50.35,50.37,0,0,36465
3542,2020-09-28 10:10:00,50.37,50.4,50.36,50.4,0,0,41486
3543,2020-09-28 10:11:00,50.4,50.42,50.37,50.38,0,0,91056
3544,2020-09-28 10:12:00,50.39,50.42,50.38,50.4,0,0,67894
3545,2020-09-28 10:13:00,50.4,50.45,50.4,50.45,0,0,96706
3546,2020-09-28 10:14:00,50.46,50.5,50.46,50.49,0,0,290993
3547,2020-09-28 10:15:00,50.49,50.5,50.48,50.49,0,0,159860
3548,2020-09-28 10:16:00,50.5,50.5,50.49,50.49,0,0,80054
3549,2020-09-28 10:17:00,50.49,50.5,50.49,50.5,0,0,99104
3550,2020-09-28 10:18:00,50.5,50.56,50.49,50.56,0,0,113325
3551,2020-09-28 10:19:00,50.56,50.61,50.55,50.61,0,0,81222
3552,2020-09-28 10:20:00,50.6,50.61,50.57,50.6,0,0,50024
3553,2020-09-28 10:21:00,50.61,50.68,50.6,50.67,0,0,97574
3554,2020-09-28 10:22:00,50.66,50.67,50.63,50.65,0,0,73448
3555,2020-09-28 10:23:00,50.65,50.66,50.63,50.64,0,0,51446
3556,2020-09-28 10:24:00,50.64,50.65,50.62,50.63,0,0,71727
3557,2020-09-28 10:25:00,50.63,50.69,50.62,50.68,0,0,80551
3558,2020-09-28 10:26:00,50.68,50.68,50.65,50.67,0,0,110430
3559,2020-09-28 10:27:00,50.68,50.69,50.66,50.67,0,0,44756
3560,2020-09-28 10:28:00,50.67,50.68,50.64,50.67,0,0,47189
3561,2020-09-28 10:29:00,50.67,50.68,50.62,50.62,0,0,81783
3562,2020-09-28 10:30:00,50.61,50.69,50.6,50.69,0,0,108941
3563,2020-09-28 10:31:00,50.69,50.76,50.69,50.74,0,0,113918
3564,2020-09-28 10:32:00,50.75,50.76,50.72,50.74,0,0,57507
3565,2020-09-28 10:33:00,50.74,50.75,50.7,50.74,0,0,50505
3566,2020-09-28 10:34:00,50.74,50.75,50.73,50.74,0,0,38276
3567,2020-09-28 10:35:00,50.74,50.75,50.71,50.72,0,0,71790
3568,2020-09-28 10:36:00,50.71,50.72,50.67,50.68,0,0,92974
3569,2020-09-28 10:37:00,50.67,50.69,50.63,50.67,0,0,96575
3570,2020-09-28 10:38:00,50.68,50.69,50.66,50.66,0,0,49785
3571,2020-09-28 10:39:00,50.65,50.66,50.61,50.63,0,0,56892
3572,2020-09-28 10:40:00,50.62,50.67,50.6,50.67,0,0,74335
3573,2020-09-28 10:41:00,50.67,50.67,50.62,50.64,0,0,37823
3574,2020-09-28 10:42:00,50.64,50.67,50.63,50.65,0,0,31999
3575,2020-09-28 10:43:00,50.65,50.65,50.62,50.63,0,0,29355
3576,2020-09-28 10:44:00,50.63,50.71,50.62,50.7,0,0,82026
3577,2020-09-28 10:45:00,50.7,50.74,50.66,50.66,0,0,88835
3578,2020-09-28 10:46:00,50.66,50.66,50.6,50.66,0,0,75020
3579,2020-09-28 10:47:00,50.65,50.69,50.63,50.64,0,0,39121
3580,2020-09-28 10:48:00,50.64,50.65,50.6,50.6,0,0,58079
3581,2020-09-28 10:49:00,50.6,50.6,50.55,50.56,0,0,55345
3582,2020-09-28 10:50:00,50.57,50.57,50.53,50.54,0,0,54337
3583,2020-09-28 10:51:00,50.54,50.54,50.47,50.49,0,0,66183
3584,2020-09-28 10:52:00,50.49,50.53,50.49,50.51,0,0,47939
3585,2020-09-28 10:53:00,50.51,50.52,50.48,50.52,0,0,29290
3586,2020-09-28 10:54:00,50.51,50.52,50.5,50.51,0,0,24707
3587,2020-09-28 10:55:00,50.5,50.53,50.49,50.53,0,0,42007
3588,2020-09-28 10:56:00,50.53,50.57,50.51,50.57,0,0,44936
3589,2020-09-28 10:57:00,50.56,50.58,50.54,50.55,0,0,45521
3590,2020-09-28 10:58:00,50.54,50.56,50.52,50.56,0,0,38143
3591,2020-09-28 10:59:00,50.55,50.57,50.53,50.56,0,0,29489
3592,2020-09-28 11:00:00,50.57,50.62,50.54,50.56,0,0,64159
3593,2020-09-28 11:01:00,50.56,50.59,50.53,50.56,0,0,55641
3594,2020-09-28 11:02:00,50.55,50.59,50.53,50.56,0,0,62497
3595,2020-09-28 11:03:00,50.57,50.59,50.56,50.57,0,0,38646
3596,2020-09-28 11:04:00,50.58,50.58,50.54,50.54,0,0,21947
3597,2020-09-28 11:05:00,50.55,50.56,50.54,50.55,0,0,41960
3598,2020-09-28 11:07:00,50.59,50.6,50.59,50.59,0,0,89132
3599,2020-09-28 11:08:00,50.59,50.61,50.58,50.6,0,0,36071
3600,2020-09-28 11:09:00,50.6,50.62,50.6,50.61,0,0,38539
3601,2020-09-28 11:10:00,50.62,50.62,50.56,50.56,0,0,69940
3602,2020-09-28 11:11:00,50.56,50.62,50.56,50.58,0,0,69581
3603,2020-09-28 11:12:00,50.58,50.61,50.58,50.6,0,0,46412
3604,2020-09-28 11:13:00,50.6,50.64,50.6,50.62,0,0,66234
3605,2020-09-28 11:14:00,50.61,50.68,50.61,50.67,0,0,42175
3606,2020-09-28 11:15:00,50.68,50.71,50.67,50.71,0,0,42912
3607,2020-09-28 11:16:00,50.71,50.72,50.68,50.69,0,0,55086
3608,2020-09-28 11:17:00,50.69,50.69,50.65,50.69,0,0,41622
3609,2020-09-28 11:18:00,50.67,50.7,50.67,50.69,0,0,17078
3610,2020-09-28 11:19:00,50.69,50.7,50.67,50.69,0,0,34048
3611,2020-09-28 11:20:00,50.69,50.7,50.67,50.67,0,0,46516
3612,2020-09-28 11:21:00,50.66,50.7,50.66,50.69,0,0,25474
3613,2020-09-28 11:22:00,50.69,50.69,50.63,50.67,0,0,77902
3614,2020-09-28 11:23:00,50.67,50.71,50.67,50.71,0,0,42615
3615,2020-09-28 11:24:00,50.72,50.75,50.72,50.74,0,0,54959
3616,2020-09-28 11:25:00,50.74,50.74,50.73,50.73,0,0,27341
3617,2020-09-28 11:26:00,50.73,50.81,50.69,50.8,0,0,239720
3618,2020-09-28 11:27:00,50.8,50.81,50.8,50.8,0,0,62917
3619,2020-09-28 11:28:00,50.8,50.81,50.77,50.78,0,0,123428
3620,2020-09-28 11:29:00,50.81,50.82,50.78,50.81,0,0,70496
3621,2020-09-28 11:30:00,50.81,50.83,50.78,50.8,0,0,59003
3622,2020-09-28 11:31:00,50.79,50.79,50.76,50.78,0,0,30139
3623,2020-09-28 11:32:00,50.78,50.83,50.78,50.83,0,0,37041
3624,2020-09-28 11:33:00,50.83,50.85,50.81,50.83,0,0,54900
3625,2020-09-28 11:34:00,50.83,50.83,50.8,50.81,0,0,50126
3626,2020-09-28 11:35:00,50.81,50.84,50.78,50.82,0,0,32520
3627,2020-09-28 11:36:00,50.83,50.85,50.82,50.85,0,0,31972
3628,2020-09-28 11:37:00,50.85,50.88,50.84,50.88,0,0,56244
3629,2020-09-28 11:38:00,50.88,50.91,50.87,50.9,0,0,78495
3630,2020-09-28 11:39:00,50.9,50.94,50.89,50.93,0,0,52674
3631,2020-09-28 11:40:00,50.94,50.94,50.88,50.88,0,0,32023
3632,2020-09-28 11:41:00,50.88,50.89,50.87,50.88,0,0,23258
3633,2020-09-28 11:42:00,50.88,50.88,50.8,50.8,0,0,49866
3634,2020-09-28 11:43:00,50.8,50.83,50.79,50.83,0,0,39094
3635,2020-09-28 11:44:00,50.84,50.86,50.83,50.84,0,0,37628
3636,2020-09-28 11:45:00,50.85,50.88,50.85,50.87,0,0,22765
3637,2020-09-28 11:46:00,50.86,50.86,50.83,50.86,0,0,38555
3638,2020-09-28 11:47:00,50.85,50.85,50.8,50.83,0,0,53712
3639,2020-09-28 11:48:00,50.82,50.83,50.81,50.82,0,0,46807
3640,2020-09-28 11:49:00,50.82,50.84,50.78,50.84,0,0,49306
3641,2020-09-28 11:50:00,50.84,50.84,50.81,50.84,0,0,34586
3642,2020-09-28 11:51:00,50.83,50.83,50.81,50.82,0,0,29889
3643,2020-09-28 11:52:00,50.83,50.87,50.82,50.84,0,0,36767
3644,2020-09-28 11:53:00,50.85,50.86,50.84,50.85,0,0,18203
3645,2020-09-28 11:54:00,50.84,50.85,50.81,50.83,0,0,54301
3646,2020-09-28 11:55:00,50.83,50.84,50.8,50.8,0,0,41057
3647,2020-09-28 11:56:00,50.8,50.81,50.75,50.76,0,0,84706
3648,2020-09-28 11:57:00,50.75,50.76,50.72,50.74,0,0,103754
3649,2020-09-28 11:58:00,50.74,50.79,50.74,50.76,0,0,31580
3650,2020-09-28 11:59:00,50.76,50.78,50.75,50.78,0,0,26056
3651,2020-09-28 12:00:00,50.77,50.8,50.77,50.79,0,0,37241
3652,2020-09-28 12:01:00,50.79,50.79,50.77,50.78,0,0,31218
3653,2020-09-28 12:02:00,50.78,50.8,50.77,50.79,0,0,28670
3654,2020-09-28 12:03:00,50.8,50.81,50.79,50.8,0,0,20475
3655,2020-09-28 12:04:00,50.81,50.83,50.8,50.83,0,0,20973
3656,2020-09-28 12:05:00,50.82,50.84,50.82,50.83,0,0,39435
3657,2020-09-28 12:06:00,50.83,50.84,50.81,50.83,0,0,20377
3658,2020-09-28 12:07:00,50.84,50.85,50.83,50.84,0,0,31859
3659,2020-09-28 12:08:00,50.84,50.85,50.83,50.84,0,0,47296
3660,2020-09-28 12:09:00,50.85,50.89,50.84,50.87,0,0,86099
3661,2020-09-28 12:10:00,50.88,50.88,50.82,50.85,0,0,88112
3662,2020-09-28 12:11:00,50.85,50.85,50.82,50.83,0,0,29676
3663,2020-09-28 12:12:00,50.83,50.84,50.81,50.83,0,0,29926
3664,2020-09-28 12:13:00,50.83,50.83,50.79,50.8,0,0,38227
3665,2020-09-28 12:14:00,50.81,50.85,50.81,50.84,0,0,32378
3666,2020-09-28 12:15:00,50.84,50.86,50.81,50.81,0,0,163202
3667,2020-09-28 12:16:00,50.81,50.81,50.74,50.74,0,0,52036
3668,2020-09-28 12:17:00,50.74,50.77,50.74,50.77,0,0,125953
3669,2020-09-28 12:18:00,50.76,50.78,50.76,50.78,0,0,18577
3670,2020-09-28 12:19:00,50.78,50.78,50.75,50.77,0,0,22929
3671,2020-09-28 12:20:00,50.77,50.8,50.77,50.78,0,0,29875
3672,2020-09-28 12:21:00,50.78,50.78,50.76,50.76,0,0,24411
3673,2020-09-28 12:22:00,50.76,50.76,50.74,50.76,0,0,21652
3674,2020-09-28 12:23:00,50.77,50.79,50.76,50.79,0,0,18444
3675,2020-09-28 12:24:00,50.79,50.8,50.78,50.79,0,0,9950
3676,2020-09-28 12:25:00,50.79,50.81,50.78,50.8,0,0,50201
3677,2020-09-28 12:26:00,50.8,50.8,50.78,50.79,0,0,39893
3678,2020-09-28 12:27:00,50.79,50.81,50.79,50.8,0,0,13631
3679,2020-09-28 12:28:00,50.8,50.84,50.8,50.82,0,0,30023
3680,2020-09-28 12:29:00,50.82,50.86,50.8,50.86,0,0,43586
3681,2020-09-28 12:30:00,50.87,50.88,50.85,50.86,0,0,28704
3682,2020-09-28 12:31:00,50.86,50.86,50.82,50.83,0,0,15168
3683,2020-09-28 12:32:00,50.84,50.88,50.84,50.88,0,0,19362
3684,2020-09-28 12:33:00,50.88,50.9,50.88,50.89,0,0,28591
3685,2020-09-28 12:34:00,50.9,50.91,50.89,50.9,0,0,52847
3686,2020-09-28 12:35:00,50.9,50.9,50.88,50.88,0,0,36665
3687,2020-09-28 12:36:00,50.88,50.9,50.88,50.89,0,0,34674
3688,2020-09-28 12:37:00,50.89,50.92,50.89,50.92,0,0,22232
3689,2020-09-28 12:38:00,50.91,50.92,50.9,50.91,0,0,24954
3690,2020-09-28 12:39:00,50.92,50.92,50.89,50.9,0,0,39179
3691,2020-09-28 12:40:00,50.9,50.94,50.9,50.94,0,0,27515
3692,2020-09-28 12:41:00,50.94,50.96,50.93,50.96,0,0,41505
3693,2020-09-28 12:42:00,50.95,50.98,50.95,50.98,0,0,32923
3694,2020-09-28 12:43:00,50.98,51.0,50.97,50.99,0,0,151222
3695,2020-09-28 12:44:00,50.99,51.01,50.96,50.99,0,0,376169
3696,2020-09-28 12:45:00,50.99,51.0,50.99,50.99,0,0,131297
3697,2020-09-28 12:46:00,50.99,51.0,50.98,50.99,0,0,14371
3698,2020-09-28 12:47:00,51.0,51.01,50.97,50.98,0,0,124758
3699,2020-09-28 12:48:00,50.99,50.99,50.98,50.99,0,0,24773
3700,2020-09-28 12:49:00,50.99,51.0,50.98,50.99,0,0,26847
3701,2020-09-28 12:50:00,50.99,51.0,50.99,50.99,0,0,21823
3702,2020-09-28 12:51:00,50.99,51.0,50.99,50.99,0,0,16520
3703,2020-09-28 12:52:00,51.0,51.0,50.99,50.99,0,0,114723
3704,2020-09-28 12:53:00,50.99,51.03,50.98,51.02,0,0,193656
3705,2020-09-28 12:54:00,51.01,51.03,51.0,51.01,0,0,39278
3706,2020-09-28 12:55:00,51.01,51.03,51.0,51.03,0,0,16127
3707,2020-09-28 12:56:00,51.03,51.03,51.01,51.03,0,0,24496
3708,2020-09-28 12:57:00,51.03,51.04,51.03,51.04,0,0,21459
3709,2020-09-28 12:58:00,51.05,51.06,51.04,51.05,0,0,33133
3710,2020-09-28 12:59:00,51.04,51.05,51.04,51.04,0,0,21093
3711,2020-09-28 13:00:00,51.04,51.06,51.03,51.03,0,0,33526
3712,2020-09-28 13:01:00,51.03,51.04,51.0,51.0,0,0,39825
3713,2020-09-28 13:02:00,51.01,51.02,50.98,51.01,0,0,50697
3714,2020-09-28 13:03:00,51.01,51.02,51.0,51.0,0,0,17973
3715,2020-09-28 13:04:00,51.01,51.03,51.01,51.03,0,0,23213
3716,2020-09-28 13:05:00,51.03,51.03,51.0,51.03,0,0,28901
3717,2020-09-28 13:06:00,51.03,51.04,51.02,51.04,0,0,14662
3718,2020-09-28 13:07:00,51.04,51.04,51.0,51.01,0,0,35776
3719,2020-09-28 13:08:00,51.0,51.01,51.0,51.01,0,0,15703
3720,2020-09-28 13:09:00,51.01,51.02,50.98,50.99,0,0,24709
3721,2020-09-28 13:10:00,50.99,51.0,50.98,50.99,0,0,21617
3722,2020-09-28 13:11:00,50.99,50.99,50.95,50.97,0,0,43353
3723,2020-09-28 13:12:00,50.97,51.0,50.97,50.99,0,0,26507
3724,2020-09-28 13:13:00,51.0,51.0,50.99,51.0,0,0,17896
3725,2020-09-28 13:14:00,51.0,51.04,51.0,51.04,0,0,49480
3726,2020-09-28 13:15:00,51.04,51.07,51.04,51.06,0,0,55882
3727,2020-09-28 13:16:00,51.06,51.07,51.05,51.06,0,0,21125
3728,2020-09-28 13:17:00,51.06,51.06,51.03,51.03,0,0,19919
3729,2020-09-28 13:18:00,51.04,51.05,51.03,51.03,0,0,38742
3730,2020-09-28 13:19:00,51.03,51.04,51.02,51.04,0,0,32934
3731,2020-09-28 13:20:00,51.04,51.07,51.04,51.07,0,0,43660
3732,2020-09-28 13:21:00,51.07,51.07,51.05,51.06,0,0,40790
3733,2020-09-28 13:22:00,51.06,51.09,51.06,51.08,0,0,64256
3734,2020-09-28 13:23:00,51.09,51.1,51.08,51.08,0,0,33350
3735,2020-09-28 13:24:00,51.09,51.11,51.08,51.1,0,0,84833
3736,2020-09-28 13:25:00,51.1,51.12,51.1,51.12,0,0,37958
3737,2020-09-28 13:26:00,51.12,51.12,51.1,51.1,0,0,71298
3738,2020-09-28 13:27:00,51.1,51.11,51.09,51.11,0,0,24551
3739,2020-09-28 13:28:00,51.1,51.11,51.09,51.1,0,0,31869
3740,2020-09-28 13:29:00,51.1,51.1,51.07,51.09,0,0,31894
3741,2020-09-28 13:30:00,51.08,51.12,51.08,51.09,0,0,53996
3742,2020-09-28 13:31:00,51.1,51.12,51.08,51.1,0,0,50645
3743,2020-09-28 13:32:00,51.1,51.17,51.1,51.17,0,0,127412
3744,2020-09-28 13:33:00,51.16,51.19,51.16,51.18,0,0,51564
3745,2020-09-28 13:34:00,51.18,51.2,51.17,51.19,0,0,15945
3746,2020-09-28 13:35:00,51.19,51.2,51.17,51.17,0,0,51365
3747,2020-09-28 13:36:00,51.17,51.18,51.16,51.18,0,0,34651
3748,2020-09-28 13:37:00,51.19,51.19,51.18,51.19,0,0,21012
3749,2020-09-28 13:38:00,51.18,51.19,51.18,51.19,0,0,30197
3750,2020-09-28 13:39:00,51.19,51.19,51.18,51.19,0,0,28095
3751,2020-09-28 13:40:00,51.19,51.2,51.18,51.19,0,0,18903
3752,2020-09-28 13:41:00,51.2,51.21,51.19,51.2,0,0,28845
3753,2020-09-28 13:42:00,51.2,51.21,51.2,51.2,0,0,35070
3754,2020-09-28 13:43:00,51.2,51.21,51.19,51.21,0,0,33153
3755,2020-09-28 13:44:00,51.21,51.22,51.19,51.19,0,0,44705
3756,2020-09-28 13:45:00,51.2,51.2,51.18,51.19,0,0,28444
3757,2020-09-28 13:46:00,51.19,51.2,51.17,51.17,0,0,61825
3758,2020-09-28 13:47:00,51.17,51.19,51.16,51.19,0,0,24921
3759,2020-09-28 13:48:00,51.18,51.21,51.18,51.21,0,0,35471
3760,2020-09-28 13:49:00,51.21,51.22,51.21,51.22,0,0,58838
3761,2020-09-28 13:50:00,51.22,51.24,51.22,51.24,0,0,21637
3762,2020-09-28 13:51:00,51.24,51.25,51.23,51.25,0,0,38884
3763,2020-09-28 13:52:00,51.24,51.25,51.23,51.24,0,0,30025
3764,2020-09-28 13:53:00,51.24,51.27,51.24,51.26,0,0,89272
3765,2020-09-28 13:54:00,51.26,51.28,51.26,51.27,0,0,36987
3766,2020-09-28 13:55:00,51.28,51.29,51.27,51.28,0,0,48378
3767,2020-09-28 13:56:00,51.28,51.29,51.26,51.29,0,0,66391
3768,2020-09-28 13:57:00,51.28,51.3,51.28,51.29,0,0,25990
3769,2020-09-28 13:58:00,51.3,51.3,51.29,51.29,0,0,19725
3770,2020-09-28 13:59:00,51.29,51.3,51.28,51.28,0,0,34395
3771,2020-09-28 14:00:00,51.28,51.3,51.25,51.26,0,0,43930
3772,2020-09-28 14:01:00,51.26,51.26,51.22,51.23,0,0,77305
3773,2020-09-28 14:02:00,51.23,51.27,51.22,51.26,0,0,33359
3774,2020-09-28 14:03:00,51.26,51.27,51.19,51.21,0,0,86545
3775,2020-09-28 14:04:00,51.21,51.21,51.17,51.18,0,0,45500
3776,2020-09-28 14:05:00,51.18,51.24,51.18,51.23,0,0,51131
3777,2020-09-28 14:06:00,51.24,51.25,51.19,51.2,0,0,40904
3778,2020-09-28 14:07:00,51.2,51.22,51.2,51.21,0,0,16420636
3779,2020-09-28 14:08:00,51.21,51.25,51.21,51.24,0,0,29863
3780,2020-09-28 14:09:00,51.23,51.26,51.23,51.24,0,0,27100
3781,2020-09-28 14:10:00,51.25,51.26,51.23,51.23,0,0,72763
3782,2020-09-28 14:11:00,51.23,51.27,51.23,51.27,0,0,24505
3783,2020-09-28 14:12:00,51.27,51.31,51.27,51.31,0,0,74650
3784,2020-09-28 14:13:00,51.31,51.31,51.28,51.28,0,0,31435
3785,2020-09-28 14:14:00,51.28,51.29,51.27,51.28,0,0,26936
3786,2020-09-28 14:15:00,51.28,51.3,51.28,51.29,0,0,32895
3787,2020-09-28 14:16:00,51.3,51.3,51.29,51.29,0,0,13502
3788,2020-09-28 14:17:00,51.29,51.3,51.28,51.29,0,0,23710
3789,2020-09-28 14:18:00,51.29,51.3,51.29,51.3,0,0,18338
3790,2020-09-28 14:19:00,51.29,51.3,51.29,51.29,0,0,21598
3791,2020-09-28 14:20:00,51.29,51.29,51.21,51.22,0,0,54592
3792,2020-09-28 14:21:00,51.22,51.24,51.22,51.22,0,0,22311
3793,2020-09-28 14:22:00,51.23,51.24,51.19,51.19,0,0,37327
3794,2020-09-28 14:23:00,51.18,51.18,51.11,51.12,0,0,92824
3795,2020-09-28 14:24:00,51.13,51.14,51.12,51.12,0,0,43424
3796,2020-09-28 14:25:00,51.12,51.15,51.12,51.15,0,0,30292
3797,2020-09-28 14:26:00,51.16,51.16,51.14,51.14,0,0,22114
3798,2020-09-28 14:27:00,51.15,51.18,51.15,51.16,0,0,39488
3799,2020-09-28 14:28:00,51.16,51.17,51.15,51.15,0,0,12113
3800,2020-09-28 14:29:00,51.16,51.17,51.14,51.16,0,0,32821
3801,2020-09-28 14:30:00,51.17,51.17,51.14,51.17,0,0,44538
3802,2020-09-28 14:31:00,51.17,51.2,51.17,51.19,0,0,24424
3803,2020-09-28 14:32:00,51.19,51.22,51.19,51.22,0,0,30545
3804,2020-09-28 14:33:00,51.21,51.22,51.19,51.2,0,0,39369
3805,2020-09-28 14:34:00,51.19,51.21,51.19,51.19,0,0,31941
3806,2020-09-28 14:35:00,51.19,51.2,51.16,51.17,0,0,16327
3807,2020-09-28 14:36:00,51.17,51.21,51.17,51.19,0,0,36949
3808,2020-09-28 14:37:00,51.19,51.21,51.18,51.21,0,0,30625
3809,2020-09-28 14:38:00,51.21,51.25,51.21,51.24,0,0,45137
3810,2020-09-28 14:39:00,51.24,51.27,51.22,51.26,0,0,32375
3811,2020-09-28 14:40:00,51.26,51.26,51.24,51.24,0,0,33106
3812,2020-09-28 14:41:00,51.22,51.25,51.22,51.22,0,0,37222
3813,2020-09-28 14:42:00,51.22,51.25,51.22,51.24,0,0,20454
3814,2020-09-28 14:43:00,51.25,51.28,51.24,51.28,0,0,47647
3815,2020-09-28 14:44:00,51.28,51.29,51.28,51.28,0,0,34380
3816,2020-09-28 14:45:00,51.28,51.29,51.28,51.28,0,0,30799
3817,2020-09-28 14:46:00,51.28,51.29,51.26,51.27,0,0,39856
3818,2020-09-28 14:47:00,51.26,51.28,51.26,51.26,0,0,36070
3819,2020-09-28 14:48:00,51.26,51.26,51.23,51.24,0,0,36546
3820,2020-09-28 14:49:00,51.27,51.28,51.24,51.27,0,0,62595
3821,2020-09-28 14:50:00,51.27,51.29,51.26,51.28,0,0,40752
3822,2020-09-28 14:51:00,51.28,51.29,51.27,51.28,0,0,31459
3823,2020-09-28 14:52:00,51.28,51.3,51.27,51.29,0,0,46539
3824,2020-09-28 14:53:00,51.28,51.3,51.28,51.3,0,0,50840
3825,2020-09-28 14:54:00,51.29,51.31,51.28,51.31,0,0,47831
3826,2020-09-28 14:55:00,51.3,51.32,51.3,51.32,0,0,34201
3827,2020-09-28 14:56:00,51.31,51.32,51.28,51.3,0,0,34749
3828,2020-09-28 14:57:00,51.3,51.31,51.3,51.31,0,0,27696
3829,2020-09-28 14:58:00,51.3,51.32,51.29,51.31,0,0,24755
3830,2020-09-28 14:59:00,51.31,51.32,51.28,51.28,0,0,55354
3831,2020-09-28 15:00:00,51.29,51.29,51.22,51.22,0,0,69316
3832,2020-09-28 15:01:00,51.22,51.25,51.22,51.24,0,0,38855
3833,2020-09-28 15:02:00,51.24,51.24,51.21,51.22,0,0,41681
3834,2020-09-28 15:03:00,51.21,51.23,51.17,51.2,0,0,52751
3835,2020-09-28 15:04:00,51.21,51.25,51.21,51.22,0,0,77347
3836,2020-09-28 15:05:00,51.21,51.25,51.21,51.24,0,0,45625
3837,2020-09-28 15:06:00,51.24,51.27,51.23,51.24,0,0,34011
3838,2020-09-28 15:07:00,51.23,51.24,51.21,51.23,0,0,24230
3839,2020-09-28 15:08:00,51.24,51.26,51.23,51.23,0,0,28946
3840,2020-09-28 15:09:00,51.22,51.24,51.21,51.22,0,0,19020
3841,2020-09-28 15:10:00,51.22,51.24,51.22,51.24,0,0,64118
3842,2020-09-28 15:11:00,51.24,51.24,51.21,51.24,0,0,40483
3843,2020-09-28 15:12:00,51.24,51.27,51.23,51.25,0,0,48852
3844,2020-09-28 15:13:00,51.24,51.28,51.24,51.28,0,0,37593
3845,2020-09-28 15:14:00,51.28,51.3,51.27,51.3,0,0,44380
3846,2020-09-28 15:15:00,51.3,51.32,51.27,51.3,0,0,108584
3847,2020-09-28 15:16:00,51.31,51.35,51.3,51.35,0,0,91775
3848,2020-09-28 15:17:00,51.34,51.37,51.31,51.32,0,0,82146
3849,2020-09-28 15:18:00,51.32,51.33,51.3,51.3,0,0,41019
3850,2020-09-28 15:19:00,51.3,51.31,51.28,51.29,0,0,69955
3851,2020-09-28 15:20:00,51.29,51.33,51.29,51.33,0,0,32521
3852,2020-09-28 15:21:00,51.32,51.33,51.3,51.31,0,0,67213
3853,2020-09-28 15:22:00,51.3,51.32,51.3,51.3,0,0,58933
3854,2020-09-28 15:23:00,51.3,51.3,51.25,51.25,0,0,39684
3855,2020-09-28 15:24:00,51.26,51.28,51.25,51.26,0,0,36331
3856,2020-09-28 15:25:00,51.26,51.31,51.26,51.29,0,0,52389
3857,2020-09-28 15:26:00,51.3,51.32,51.29,51.32,0,0,47798
3858,2020-09-28 15:27:00,51.33,51.33,51.27,51.27,0,0,59281
3859,2020-09-28 15:28:00,51.27,51.28,51.24,51.28,0,0,28941
3860,2020-09-28 15:29:00,51.28,51.29,51.26,51.26,0,0,40643
3861,2020-09-28 15:30:00,51.26,51.27,51.22,51.22,0,0,65217
3862,2020-09-28 15:31:00,51.22,51.22,51.13,51.14,0,0,58481
3863,2020-09-28 15:32:00,51.13,51.14,51.08,51.1,0,0,85320
3864,2020-09-28 15:33:00,51.1,51.13,51.09,51.1,0,0,60791
3865,2020-09-28 15:34:00,51.1,51.14,51.1,51.13,0,0,98703
3866,2020-09-28 15:35:00,51.14,51.17,51.13,51.13,0,0,51987
3867,2020-09-28 15:36:00,51.13,51.15,51.1,51.13,0,0,58223
3868,2020-09-28 15:37:00,51.13,51.17,51.13,51.16,0,0,85545
3869,2020-09-28 15:38:00,51.15,51.17,51.14,51.15,0,0,47956
3870,2020-09-28 15:39:00,51.15,51.16,51.14,51.15,0,0,30736
3871,2020-09-28 15:40:00,51.15,51.19,51.14,51.17,0,0,72444
3872,2020-09-28 15:41:00,51.17,51.18,51.14,51.17,0,0,58013
3873,2020-09-28 15:42:00,51.18,51.19,51.17,51.18,0,0,81608
3874,2020-09-28 15:43:00,51.18,51.23,51.18,51.23,0,0,94556
3875,2020-09-28 15:44:00,51.23,51.26,51.22,51.26,0,0,95247
3876,2020-09-28 15:45:00,51.25,51.25,51.21,51.22,0,0,107106
3877,2020-09-28 15:46:00,51.22,51.26,51.22,51.26,0,0,88216
3878,2020-09-28 15:47:00,51.26,51.28,51.26,51.28,0,0,88883
3879,2020-09-28 15:48:00,51.27,51.28,51.24,51.28,0,0,125508
3880,2020-09-28 15:49:00,51.27,51.28,51.22,51.24,0,0,120279
3881,2020-09-28 15:50:00,51.23,51.32,51.19,51.31,0,0,217142
3882,2020-09-28 15:51:00,51.31,51.31,51.27,51.28,0,0,50764
3883,2020-09-28 15:52:00,51.3,51.3,51.27,51.3,0,0,233890
3884,2020-09-28 15:53:00,51.3,51.35,51.3,51.35,0,0,153926
3885,2020-09-28 15:54:00,51.35,51.4,51.34,51.39,0,0,197640
3886,2020-09-28 15:55:00,51.39,51.43,51.35,51.42,0,0,278489
3887,2020-09-28 15:56:00,51.43,51.45,51.41,51.44,0,0,238207
3888,2020-09-28 15:57:00,51.44,51.46,51.38,51.38,0,0,235191
3889,2020-09-28 15:58:00,51.38,51.41,51.35,51.4,0,0,294601
3890,2020-09-28 15:59:00,51.4,51.46,51.35,51.45,0,0,565256
3891,2020-09-30 09:30:00,51.31,51.31,51.31,51.31,0,0,482661
3892,2020-09-30 09:31:00,51.33,51.51,51.32,51.47,0,0,107170
3893,2020-09-30 09:32:00,51.45,51.6,51.45,51.56,0,0,65820
3894,2020-09-30 09:33:00,51.56,51.59,51.52,51.52,0,0,73416
3895,2020-09-30 09:34:00,51.52,51.57,51.51,51.53,0,0,58618
3896,2020-09-30 09:35:00,51.46,51.54,51.46,51.53,0,0,81679
3897,2020-09-30 09:36:00,51.55,51.55,51.54,51.55,0,0,29001
3898,2020-09-30 09:37:00,51.6,51.61,51.6,51.6,0,0,80086
3899,2020-09-30 09:38:00,51.53,51.56,51.52,51.54,0,0,45982
3900,2020-09-30 09:39:00,51.58,51.59,51.58,51.59,0,0,31763
3901,2020-09-30 09:40:00,51.63,51.63,51.62,51.63,0,0,53012
3902,2020-09-30 09:41:00,51.62,51.63,51.62,51.62,0,0,52092
3903,2020-09-30 09:42:00,51.67,51.74,51.67,51.73,0,0,121458
3904,2020-09-30 09:43:00,51.75,51.82,51.74,51.81,0,0,123828
3905,2020-09-30 09:44:00,51.77,51.83,51.77,51.79,0,0,179130
3906,2020-09-30 09:45:00,51.73,51.75,51.69,51.69,0,0,104053
3907,2020-09-30 09:46:00,51.71,51.74,51.71,51.73,0,0,65860
3908,2020-09-30 09:47:00,51.82,51.83,51.79,51.79,0,0,111820
3909,2020-09-30 09:48:00,51.78,51.83,51.76,51.83,0,0,33395
3910,2020-09-30 09:49:00,51.8,51.8,51.78,51.79,0,0,89172
3911,2020-09-30 09:50:00,51.79,51.81,51.78,51.79,0,0,91017
3912,2020-09-30 09:51:00,51.85,51.88,51.85,51.87,0,0,109086
3913,2020-09-30 09:52:00,51.88,51.88,51.85,51.86,0,0,91439
3914,2020-09-30 09:53:00,51.85,51.86,51.8,51.81,0,0,68195
3915,2020-09-30 09:54:00,51.81,51.87,51.81,51.87,0,0,41188
3916,2020-09-30 09:55:00,51.88,51.88,51.88,51.88,0,0,74016
3917,2020-09-30 09:56:00,51.92,51.92,51.89,51.89,0,0,70599
3918,2020-09-30 09:57:00,51.93,51.97,51.93,51.95,0,0,102714
3919,2020-09-30 09:58:00,51.97,51.97,51.94,51.94,0,0,45503
3920,2020-09-30 09:59:00,51.96,52.0,51.96,51.99,0,0,89605
3921,2020-09-30 10:00:00,51.97,52.03,51.95,51.96,0,0,291299
3922,2020-09-30 10:01:00,51.96,52.01,51.94,52.0,0,0,74248
3923,2020-09-30 10:02:00,52.0,52.04,51.99,52.03,0,0,104964
3924,2020-09-30 10:03:00,52.01,52.06,51.99,52.01,0,0,110291
3925,2020-09-30 10:04:00,52.01,52.07,52.01,52.06,0,0,75986
3926,2020-09-30 10:05:00,52.06,52.1,52.03,52.03,0,0,95694
3927,2020-09-30 10:06:00,52.03,52.04,51.95,51.97,0,0,88781
3928,2020-09-30 10:07:00,51.97,51.99,51.96,51.97,0,0,53089
3929,2020-09-30 10:08:00,51.97,51.98,51.89,51.89,0,0,63347
3930,2020-09-30 10:09:00,51.9,51.92,51.89,51.91,0,0,52285
3931,2020-09-30 10:10:00,51.91,51.94,51.9,51.94,0,0,54177
3932,2020-09-30 10:11:00,51.93,51.95,51.92,51.93,0,0,45633
3933,2020-09-30 10:12:00,51.94,51.98,51.91,51.97,0,0,46144
3934,2020-09-30 10:13:00,51.97,51.99,51.93,51.94,0,0,50771
3935,2020-09-30 10:14:00,51.94,51.95,51.91,51.94,0,0,43828
3936,2020-09-30 10:15:00,51.94,51.99,51.94,51.99,0,0,37946
3937,2020-09-30 10:16:00,51.99,51.99,51.89,51.89,0,0,101099
3938,2020-09-30 10:17:00,51.9,51.9,51.85,51.87,0,0,158073
3939,2020-09-30 10:18:00,51.87,51.9,51.85,51.85,0,0,70607
3940,2020-09-30 10:19:00,51.85,51.89,51.83,51.87,0,0,73279
3941,2020-09-30 10:20:00,51.87,51.91,51.87,51.91,0,0,54313
3942,2020-09-30 10:21:00,51.9,51.95,51.9,51.94,0,0,52010
3943,2020-09-30 10:22:00,51.94,51.99,51.94,51.99,0,0,58384
3944,2020-09-30 10:23:00,51.99,52.0,51.96,51.97,0,0,68901
3945,2020-09-30 10:24:00,51.98,52.02,51.97,52.01,0,0,96662
3946,2020-09-30 10:25:00,52.01,52.04,51.97,51.99,0,0,68678
3947,2020-09-30 10:26:00,51.99,52.02,51.97,52.01,0,0,46147
3948,2020-09-30 10:27:00,52.01,52.04,52.0,52.03,0,0,55677
3949,2020-09-30 10:28:00,52.03,52.04,51.98,51.99,0,0,34978
3950,2020-09-30 10:29:00,51.99,52.04,51.99,52.01,0,0,48068
3951,2020-09-30 10:30:00,52.01,52.02,51.98,51.98,0,0,35625
3952,2020-09-30 10:31:00,51.98,51.99,51.93,51.97,0,0,59530
3953,2020-09-30 10:32:00,51.97,51.99,51.94,51.94,0,0,44484
3954,2020-09-30 10:33:00,51.94,51.94,51.88,51.88,0,0,43845
3955,2020-09-30 10:34:00,51.88,51.91,51.86,51.9,0,0,33275
3956,2020-09-30 10:35:00,51.91,51.92,51.88,51.9,0,0,33707
3957,2020-09-30 10:36:00,51.9,51.92,51.83,51.83,0,0,48549
3958,2020-09-30 10:37:00,51.84,51.85,51.79,51.8,0,0,60977
3959,2020-09-30 10:38:00,51.81,51.84,51.77,51.83,0,0,45535
3960,2020-09-30 10:39:00,51.83,51.87,51.79,51.79,0,0,57471
3961,2020-09-30 10:40:00,51.79,51.89,51.78,51.81,0,0,75443
3962,2020-09-30 10:41:00,51.81,51.81,51.75,51.76,0,0,33915
3963,2020-09-30 10:42:00,51.76,51.77,51.72,51.73,0,0,34594
3964,2020-09-30 10:43:00,51.73,51.76,51.73,51.76,0,0,54463
3965,2020-09-30 10:44:00,51.76,51.81,51.76,51.8,0,0,41632
3966,2020-09-30 10:45:00,51.81,51.83,51.78,51.8,0,0,37303
3967,2020-09-30 10:46:00,51.8,51.85,51.8,51.84,0,0,33784
3968,2020-09-30 10:47:00,51.85,51.86,51.78,51.79,0,0,44259
3969,2020-09-30 10:48:00,51.78,51.8,51.77,51.77,0,0,37586
3970,2020-09-30 10:49:00,51.76,51.81,51.76,51.79,0,0,18161
3971,2020-09-30 10:50:00,51.8,51.83,51.79,51.81,0,0,26235
3972,2020-09-30 10:51:00,51.81,51.83,51.81,51.82,0,0,33075
3973,2020-09-30 10:52:00,51.81,51.85,51.81,51.84,0,0,24294
3974,2020-09-30 10:53:00,51.85,51.91,51.84,51.9,0,0,67910
3975,2020-09-30 10:54:00,51.9,51.91,51.88,51.88,0,0,113134
3976,2020-09-30 10:55:00,51.88,51.9,51.87,51.89,0,0,21931
3977,2020-09-30 10:56:00,51.89,51.9,51.85,51.86,0,0,32884
3978,2020-09-30 10:57:00,51.87,51.9,51.87,51.9,0,0,20788
3979,2020-09-30 10:58:00,51.9,51.9,51.86,51.88,0,0,28021
3980,2020-09-30 10:59:00,51.88,51.89,51.87,51.88,0,0,16674
3981,2020-09-30 11:00:00,51.88,51.9,51.87,51.87,0,0,25214
3982,2020-09-30 11:01:00,51.88,51.89,51.83,51.86,0,0,45307
3983,2020-09-30 11:02:00,51.85,51.86,51.83,51.84,0,0,45120
3984,2020-09-30 11:03:00,51.85,51.85,51.81,51.81,0,0,25937
3985,2020-09-30 11:04:00,51.82,51.83,51.8,51.8,0,0,29560
3986,2020-09-30 11:05:00,51.81,51.9,51.81,51.9,0,0,53298
3987,2020-09-30 11:06:00,51.89,51.9,51.86,51.87,0,0,24494
3988,2020-09-30 11:07:00,51.86,51.87,51.86,51.86,0,0,9966
3989,2020-09-30 11:08:00,51.86,51.9,51.83,51.84,0,0,56874
3990,2020-09-30 11:09:00,51.84,51.88,51.84,51.84,0,0,29098
3991,2020-09-30 11:10:00,51.85,51.88,51.85,51.87,0,0,24951
3992,2020-09-30 11:11:00,51.87,51.91,51.87,51.88,0,0,34361
3993,2020-09-30 11:12:00,51.88,51.91,51.88,51.9,0,0,21709
3994,2020-09-30 11:13:00,51.9,51.93,51.9,51.92,0,0,50588
3995,2020-09-30 11:14:00,51.92,51.94,51.92,51.92,0,0,145158
3996,2020-09-30 11:15:00,51.93,51.93,51.9,51.92,0,0,29290
3997,2020-09-30 11:16:00,51.92,51.94,51.92,51.92,0,0,22308
3998,2020-09-30 11:17:00,51.93,51.96,51.92,51.95,0,0,29583
3999,2020-09-30 11:18:00,51.95,51.97,51.94,51.96,0,0,28806
4000,2020-09-30 11:19:00,51.97,51.97,51.95,51.96,0,0,31418
4001,2020-09-30 11:20:00,51.96,51.97,51.91,51.92,0,0,73764
4002,2020-09-30 11:21:00,51.92,51.93,51.86,51.87,0,0,37391
4003,2020-09-30 11:22:00,51.87,51.87,51.84,51.85,0,0,24639
4004,2020-09-30 11:23:00,51.84,51.85,51.83,51.84,0,0,35653
4005,2020-09-30 11:24:00,51.85,51.87,51.83,51.84,0,0,24593
4006,2020-09-30 11:25:00,51.84,51.88,51.84,51.86,0,0,40538
4007,2020-09-30 11:26:00,51.87,51.89,51.85,51.88,0,0,31487
4008,2020-09-30 11:27:00,51.87,51.87,51.83,51.83,0,0,30737
4009,2020-09-30 11:28:00,51.83,51.86,51.8,51.83,0,0,105851
4010,2020-09-30 11:29:00,51.83,51.85,51.78,51.78,0,0,43938
4011,2020-09-30 11:30:00,51.78,51.79,51.77,51.78,0,0,25777
4012,2020-09-30 11:31:00,51.78,51.79,51.76,51.77,0,0,39007
4013,2020-09-30 11:32:00,51.77,51.78,51.73,51.76,0,0,22659
4014,2020-09-30 11:33:00,51.76,51.76,51.72,51.72,0,0,21379
4015,2020-09-30 11:34:00,51.73,51.74,51.72,51.74,0,0,49986
4016,2020-09-30 11:35:00,51.73,51.79,51.72,51.77,0,0,29800
4017,2020-09-30 11:36:00,51.77,51.8,51.76,51.78,0,0,26500
4018,2020-09-30 11:37:00,51.78,51.78,51.77,51.78,0,0,13954
4019,2020-09-30 11:38:00,51.78,51.8,51.78,51.78,0,0,21765
4020,2020-09-30 11:39:00,51.78,51.8,51.76,51.79,0,0,37832
4021,2020-09-30 11:40:00,51.79,51.81,51.77,51.78,0,0,29906
4022,2020-09-30 11:41:00,51.78,51.78,51.74,51.74,0,0,84561
4023,2020-09-30 11:42:00,51.74,51.76,51.74,51.76,0,0,70929
4024,2020-09-30 11:43:00,51.77,51.83,51.76,51.83,0,0,75747
4025,2020-09-30 11:44:00,51.83,51.83,51.8,51.8,0,0,34411
4026,2020-09-30 11:45:00,51.81,51.82,51.79,51.81,0,0,54488
4027,2020-09-30 11:46:00,51.82,51.85,51.81,51.85,0,0,53187
4028,2020-09-30 11:47:00,51.85,51.87,51.83,51.86,0,0,42178
4029,2020-09-30 11:48:00,51.86,51.88,51.85,51.88,0,0,36255
4030,2020-09-30 11:49:00,51.87,51.92,51.87,51.92,0,0,42851
4031,2020-09-30 11:50:00,51.93,51.95,51.92,51.95,0,0,51202
4032,2020-09-30 11:51:00,51.95,51.96,51.94,51.95,0,0,47058
4033,2020-09-30 11:52:00,51.95,51.95,51.92,51.94,0,0,24555
4034,2020-09-30 11:53:00,51.95,51.97,51.94,51.97,0,0,64320
4035,2020-09-30 11:54:00,51.96,51.98,51.95,51.97,0,0,45131
4036,2020-09-30 11:55:00,51.97,51.99,51.97,51.98,0,0,39779
4037,2020-09-30 11:56:00,51.99,51.99,51.97,51.97,0,0,43830
4038,2020-09-30 11:57:00,51.97,51.99,51.97,51.99,0,0,13604
4039,2020-09-30 11:58:00,51.99,52.0,51.97,51.99,0,0,40933
4040,2020-09-30 11:59:00,51.99,52.0,51.99,52.0,0,0,24374
4041,2020-09-30 12:00:00,51.99,52.02,51.98,51.99,0,0,90710
4042,2020-09-30 12:01:00,51.97,51.99,51.97,51.99,0,0,29029
4043,2020-09-30 12:02:00,51.99,52.01,51.98,52.0,0,0,37466
4044,2020-09-30 12:03:00,52.0,52.02,52.0,52.01,0,0,74993
4045,2020-09-30 12:04:00,52.01,52.03,52.01,52.03,0,0,67327
4046,2020-09-30 12:05:00,52.02,52.04,52.02,52.03,0,0,57700
4047,2020-09-30 12:06:00,52.03,52.03,51.99,52.01,0,0,49575
4048,2020-09-30 12:07:00,52.01,52.01,52.0,52.01,0,0,30320
4049,2020-09-30 12:08:00,52.01,52.01,51.98,51.99,0,0,37659
4050,2020-09-30 12:09:00,52.0,52.03,51.99,52.03,0,0,31960
4051,2020-09-30 12:10:00,52.02,52.06,52.02,52.05,0,0,59735
4052,2020-09-30 12:11:00,52.05,52.06,52.04,52.06,0,0,25073
4053,2020-09-30 12:12:00,52.06,52.06,52.04,52.04,0,0,19484
4054,2020-09-30 12:13:00,52.04,52.06,52.04,52.06,0,0,26407
4055,2020-09-30 12:14:00,52.05,52.08,52.05,52.07,0,0,22517
4056,2020-09-30 12:15:00,52.08,52.08,52.06,52.07,0,0,29779
4057,2020-09-30 12:16:00,52.07,52.08,52.06,52.07,0,0,19881
4058,2020-09-30 12:17:00,52.06,52.08,52.06,52.07,0,0,20058
4059,2020-09-30 12:18:00,52.07,52.1,52.07,52.1,0,0,50800
4060,2020-09-30 12:19:00,52.1,52.1,52.08,52.08,0,0,46051
4061,2020-09-30 12:20:00,52.08,52.1,52.08,52.1,0,0,45303
4062,2020-09-30 12:21:00,52.09,52.12,52.09,52.12,0,0,170764
4063,2020-09-30 12:22:00,52.12,52.15,52.1,52.15,0,0,74603
4064,2020-09-30 12:23:00,52.15,52.15,52.12,52.15,0,0,52861
4065,2020-09-30 12:24:00,52.14,52.17,52.14,52.15,0,0,132678
4066,2020-09-30 12:25:00,52.15,52.15,52.12,52.13,0,0,45307
4067,2020-09-30 12:26:00,52.14,52.15,52.13,52.13,0,0,25262
4068,2020-09-30 12:27:00,52.14,52.15,52.13,52.13,0,0,26366
4069,2020-09-30 12:28:00,52.14,52.14,52.11,52.12,0,0,33698
4070,2020-09-30 12:29:00,52.13,52.17,52.12,52.17,0,0,45150
4071,2020-09-30 12:30:00,52.16,52.2,52.16,52.2,0,0,73594
4072,2020-09-30 12:31:00,52.19,52.22,52.17,52.21,0,0,90037
4073,2020-09-30 12:32:00,52.21,52.21,52.17,52.19,0,0,53016
4074,2020-09-30 12:33:00,52.19,52.19,52.15,52.15,0,0,32431
4075,2020-09-30 12:34:00,52.15,52.15,52.14,52.14,0,0,21619
4076,2020-09-30 12:35:00,52.14,52.15,52.1,52.1,0,0,42298
4077,2020-09-30 12:36:00,52.1,52.1,52.05,52.05,0,0,41146
4078,2020-09-30 12:37:00,52.05,52.07,52.05,52.07,0,0,40940
4079,2020-09-30 12:38:00,52.06,52.07,52.05,52.06,0,0,30797
4080,2020-09-30 12:39:00,52.06,52.09,52.05,52.09,0,0,55664
4081,2020-09-30 12:40:00,52.09,52.1,52.07,52.07,0,0,15773
4082,2020-09-30 12:41:00,52.07,52.07,52.05,52.06,0,0,17508
4083,2020-09-30 12:42:00,52.05,52.06,52.05,52.06,0,0,21844
4084,2020-09-30 12:43:00,52.06,52.07,52.03,52.03,0,0,17994
4085,2020-09-30 12:44:00,52.03,52.04,52.02,52.02,0,0,36903
4086,2020-09-30 12:45:00,52.02,52.04,52.01,52.02,0,0,34281
4087,2020-09-30 12:46:00,52.02,52.03,52.01,52.03,0,0,13704
4088,2020-09-30 12:47:00,52.03,52.05,52.01,52.03,0,0,46611
4089,2020-09-30 12:48:00,52.03,52.08,52.03,52.07,0,0,31199
4090,2020-09-30 12:49:00,52.06,52.08,52.06,52.08,0,0,17395
4091,2020-09-30 12:50:00,52.07,52.07,52.03,52.04,0,0,28979
4092,2020-09-30 12:51:00,52.04,52.04,52.03,52.03,0,0,22588
4093,2020-09-30 12:52:00,52.03,52.07,52.03,52.06,0,0,50830
4094,2020-09-30 12:53:00,52.06,52.07,52.02,52.03,0,0,25262
4095,2020-09-30 12:54:00,52.03,52.04,52.02,52.03,0,0,13736
4096,2020-09-30 12:55:00,52.03,52.05,52.02,52.04,0,0,28459
4097,2020-09-30 12:56:00,52.06,52.06,52.03,52.05,0,0,25364
4098,2020-09-30 12:57:00,52.05,52.05,52.03,52.03,0,0,31499
4099,2020-09-30 12:58:00,52.03,52.04,52.02,52.04,0,0,29661
4100,2020-09-30 12:59:00,52.04,52.08,52.04,52.07,0,0,39497
4101,2020-09-30 13:00:00,52.08,52.1,52.06,52.06,0,0,28096
4102,2020-09-30 13:01:00,52.06,52.06,52.04,52.04,0,0,20117
4103,2020-09-30 13:02:00,52.05,52.05,51.99,52.01,0,0,37433
4104,2020-09-30 13:03:00,52.01,52.01,51.97,51.97,0,0,35494
4105,2020-09-30 13:04:00,51.97,51.99,51.97,51.97,0,0,35573
4106,2020-09-30 13:05:00,51.98,51.99,51.97,51.99,0,0,24247
4107,2020-09-30 13:06:00,51.99,52.0,51.98,51.99,0,0,29978
4108,2020-09-30 13:07:00,51.99,52.0,51.97,51.99,0,0,20632
4109,2020-09-30 13:08:00,51.98,52.0,51.97,51.99,0,0,19518
4110,2020-09-30 13:09:00,51.99,51.99,51.98,51.99,0,0,16217
4111,2020-09-30 13:10:00,51.99,52.0,51.99,51.99,0,0,16285
4112,2020-09-30 13:11:00,52.0,52.0,51.96,51.96,0,0,36727
4113,2020-09-30 13:12:00,51.97,51.98,51.97,51.97,0,0,12623
4114,2020-09-30 13:13:00,51.98,51.99,51.97,51.99,0,0,17486
4115,2020-09-30 13:14:00,51.98,51.99,51.96,51.97,0,0,14003
4116,2020-09-30 13:15:00,51.97,51.98,51.97,51.97,0,0,25894
4117,2020-09-30 13:16:00,51.97,51.99,51.96,51.99,0,0,49895
4118,2020-09-30 13:17:00,51.99,51.99,51.98,51.99,0,0,23075
4119,2020-09-30 13:18:00,51.99,52.02,51.99,52.01,0,0,45454
4120,2020-09-30 13:19:00,52.01,52.01,51.98,51.99,0,0,26043
4121,2020-09-30 13:20:00,51.98,51.99,51.96,51.97,0,0,25424
4122,2020-09-30 13:21:00,51.97,51.99,51.97,51.99,0,0,196938
4123,2020-09-30 13:22:00,51.99,52.01,51.99,52.01,0,0,40259
4124,2020-09-30 13:23:00,52.01,52.03,52.01,52.02,0,0,25018
4125,2020-09-30 13:24:00,52.03,52.04,52.03,52.04,0,0,24598
4126,2020-09-30 13:25:00,52.04,52.08,52.04,52.06,0,0,27547
4127,2020-09-30 13:26:00,52.07,52.08,52.05,52.08,0,0,31527
4128,2020-09-30 13:27:00,52.08,52.1,52.07,52.08,0,0,29060
4129,2020-09-30 13:28:00,52.09,52.09,52.07,52.08,0,0,12215915
4130,2020-09-30 13:29:00,52.07,52.09,52.07,52.07,0,0,41968
4131,2020-09-30 13:30:00,52.07,52.09,52.06,52.06,0,0,35036
4132,2020-09-30 13:31:00,52.06,52.1,52.04,52.09,0,0,61884
4133,2020-09-30 13:32:00,52.1,52.1,52.08,52.1,0,0,20634
4134,2020-09-30 13:33:00,52.1,52.12,52.08,52.1,0,0,83661
4135,2020-09-30 13:34:00,52.11,52.15,52.1,52.15,0,0,33294
4136,2020-09-30 13:35:00,52.14,52.16,52.12,52.15,0,0,35269
4137,2020-09-30 13:36:00,52.15,52.16,52.09,52.09,0,0,76718
4138,2020-09-30 13:37:00,52.09,52.1,52.08,52.1,0,0,16630
4139,2020-09-30 13:38:00,52.1,52.12,52.09,52.11,0,0,23123
4140,2020-09-30 13:39:00,52.12,52.12,52.1,52.1,0,0,38979
4141,2020-09-30 13:40:00,52.11,52.12,52.1,52.1,0,0,18354
4142,2020-09-30 13:41:00,52.1,52.11,52.1,52.1,0,0,13599
4143,2020-09-30 13:42:00,52.1,52.14,52.1,52.13,0,0,26757
4144,2020-09-30 13:43:00,52.13,52.14,52.11,52.13,0,0,48956
4145,2020-09-30 13:44:00,52.13,52.15,52.13,52.14,0,0,24334
4146,2020-09-30 13:45:00,52.14,52.15,52.11,52.12,0,0,41157
4147,2020-09-30 13:46:00,52.12,52.14,52.1,52.13,0,0,38493
4148,2020-09-30 13:47:00,52.13,52.16,52.13,52.15,0,0,21197
4149,2020-09-30 13:48:00,52.15,52.18,52.15,52.18,0,0,33813
4150,2020-09-30 13:49:00,52.17,52.19,52.16,52.18,0,0,22842
4151,2020-09-30 13:50:00,52.19,52.2,52.18,52.19,0,0,44545
4152,2020-09-30 13:51:00,52.19,52.2,52.18,52.19,0,0,48156
4153,2020-09-30 13:52:00,52.19,52.21,52.17,52.18,0,0,55009
4154,2020-09-30 13:53:00,52.18,52.2,52.17,52.19,0,0,31798
4155,2020-09-30 13:54:00,52.19,52.21,52.19,52.21,0,0,23781
4156,2020-09-30 13:55:00,52.21,52.22,52.2,52.22,0,0,37507
4157,2020-09-30 13:56:00,52.21,52.22,52.19,52.22,0,0,40959
4158,2020-09-30 13:57:00,52.22,52.22,52.21,52.21,0,0,38333
4159,2020-09-30 13:58:00,52.21,52.22,52.19,52.2,0,0,40628
4160,2020-09-30 13:59:00,52.19,52.22,52.18,52.21,0,0,43976
4161,2020-09-30 14:00:00,52.21,52.22,52.19,52.22,0,0,39164
4162,2020-09-30 14:01:00,52.22,52.24,52.21,52.22,0,0,56999
4163,2020-09-30 14:02:00,52.22,52.25,52.22,52.23,0,0,44285
4164,2020-09-30 14:03:00,52.24,52.25,52.21,52.24,0,0,31608
4165,2020-09-30 14:04:00,52.24,52.26,52.22,52.24,0,0,67786
4166,2020-09-30 14:05:00,52.23,52.26,52.22,52.25,0,0,36620
4167,2020-09-30 14:06:00,52.26,52.3,52.26,52.29,0,0,52966
4168,2020-09-30 14:07:00,52.3,52.31,52.28,52.31,0,0,91131
4169,2020-09-30 14:08:00,52.31,52.34,52.3,52.33,0,0,37905
4170,2020-09-30 14:09:00,52.33,52.37,52.32,52.33,0,0,82250
4171,2020-09-30 14:10:00,52.34,52.36,52.33,52.35,0,0,37389
4172,2020-09-30 14:11:00,52.35,52.37,52.33,52.36,0,0,46295
4173,2020-09-30 14:12:00,52.36,52.38,52.35,52.35,0,0,46059
4174,2020-09-30 14:13:00,52.35,52.36,52.34,52.34,0,0,26103
4175,2020-09-30 14:14:00,52.34,52.34,52.31,52.31,0,0,55544
4176,2020-09-30 14:15:00,52.31,52.33,52.31,52.31,0,0,24965
4177,2020-09-30 14:16:00,52.31,52.32,52.24,52.25,0,0,38928
4178,2020-09-30 14:17:00,52.25,52.26,52.23,52.24,0,0,18175
4179,2020-09-30 14:18:00,52.23,52.24,52.19,52.19,0,0,32205
4180,2020-09-30 14:19:00,52.2,52.21,52.19,52.2,0,0,37250
4181,2020-09-30 14:20:00,52.21,52.3,52.2,52.3,0,0,46562
4182,2020-09-30 14:21:00,52.29,52.31,52.28,52.28,0,0,25158
4183,2020-09-30 14:22:00,52.28,52.33,52.27,52.33,0,0,67818
4184,2020-09-30 14:23:00,52.33,52.33,52.08,52.13,0,0,276690
4185,2020-09-30 14:24:00,52.13,52.17,52.03,52.09,0,0,94117
4186,2020-09-30 14:25:00,52.09,52.11,52.06,52.1,0,0,34283
4187,2020-09-30 14:26:00,52.08,52.08,51.97,51.98,0,0,99196
4188,2020-09-30 14:27:00,51.99,52.04,51.98,52.04,0,0,125016
4189,2020-09-30 14:28:00,52.03,52.14,52.03,52.09,0,0,111772
4190,2020-09-30 14:29:00,52.09,52.1,52.05,52.06,0,0,48161
4191,2020-09-30 14:30:00,52.05,52.08,52.0,52.06,0,0,88495
4192,2020-09-30 14:31:00,52.06,52.08,52.03,52.05,0,0,54474
4193,2020-09-30 14:32:00,52.05,52.07,52.01,52.04,0,0,98191
4194,2020-09-30 14:33:00,52.03,52.06,52.02,52.04,0,0,62794
4195,2020-09-30 14:34:00,52.03,52.06,52.01,52.03,0,0,29535
4196,2020-09-30 14:35:00,52.04,52.06,52.02,52.05,0,0,32095
4197,2020-09-30 14:36:00,52.05,52.09,52.05,52.06,0,0,40484
4198,2020-09-30 14:37:00,52.06,52.08,52.03,52.03,0,0,46340
4199,2020-09-30 14:38:00,52.03,52.07,52.03,52.03,0,0,38198
4200,2020-09-30 14:39:00,52.04,52.05,51.98,51.99,0,0,31287
4201,2020-09-30 14:40:00,52.0,52.02,51.96,51.97,0,0,50948
4202,2020-09-30 14:41:00,51.97,52.01,51.97,51.99,0,0,29282
4203,2020-09-30 14:42:00,52.0,52.03,51.99,51.99,0,0,27134
4204,2020-09-30 14:43:00,52.0,52.01,51.93,51.94,0,0,47254
4205,2020-09-30 14:44:00,51.95,51.96,51.9,51.95,0,0,44165
4206,2020-09-30 14:45:00,51.96,51.98,51.92,51.97,0,0,114179
4207,2020-09-30 14:46:00,51.97,51.99,51.94,51.97,0,0,45517
4208,2020-09-30 14:47:00,51.96,51.96,51.84,51.86,0,0,98637
4209,2020-09-30 14:48:00,51.85,51.88,51.85,51.86,0,0,56394
4210,2020-09-30 14:49:00,51.85,51.86,51.78,51.79,0,0,58597
4211,2020-09-30 14:50:00,51.78,51.8,51.75,51.78,0,0,47935
4212,2020-09-30 14:51:00,51.79,51.86,51.78,51.86,0,0,51559
4213,2020-09-30 14:52:00,51.86,51.87,51.84,51.87,0,0,38295
4214,2020-09-30 14:53:00,51.87,51.89,51.83,51.85,0,0,37311
4215,2020-09-30 14:54:00,51.85,51.87,51.81,51.86,0,0,56445
4216,2020-09-30 14:55:00,51.85,51.88,51.81,51.88,0,0,49404
4217,2020-09-30 14:56:00,51.88,51.97,51.86,51.94,0,0,48874
4218,2020-09-30 14:57:00,51.94,51.97,51.91,51.94,0,0,103185
4219,2020-09-30 14:58:00,51.94,52.03,51.94,52.03,0,0,68549
4220,2020-09-30 14:59:00,52.03,52.08,52.02,52.06,0,0,46816
4221,2020-09-30 15:00:00,52.06,52.12,52.04,52.12,0,0,55359
4222,2020-09-30 15:01:00,52.11,52.13,52.08,52.09,0,0,57848
4223,2020-09-30 15:02:00,52.08,52.09,52.06,52.08,0,0,29677
4224,2020-09-30 15:03:00,52.08,52.09,52.03,52.03,0,0,45333
4225,2020-09-30 15:04:00,52.03,52.04,51.98,52.0,0,0,44223
4226,2020-09-30 15:05:00,52.0,52.03,51.98,52.01,0,0,65954
4227,2020-09-30 15:06:00,52.0,52.03,51.99,52.03,0,0,22712
4228,2020-09-30 15:07:00,52.03,52.06,52.01,52.04,0,0,31637
4229,2020-09-30 15:08:00,52.03,52.09,52.03,52.06,0,0,31446
4230,2020-09-30 15:09:00,52.07,52.09,52.05,52.05,0,0,37590
4231,2020-09-30 15:10:00,52.05,52.08,52.03,52.04,0,0,52820
4232,2020-09-30 15:11:00,52.04,52.06,51.81,51.85,0,0,197955
4233,2020-09-30 15:12:00,51.85,51.93,51.84,51.85,0,0,70366
4234,2020-09-30 15:13:00,51.84,51.86,51.82,51.83,0,0,92509
4235,2020-09-30 15:14:00,51.84,51.87,51.79,51.81,0,0,28655
4236,2020-09-30 15:15:00,51.81,51.81,51.76,51.81,0,0,70294
4237,2020-09-30 15:16:00,51.81,51.82,51.76,51.78,0,0,77170
4238,2020-09-30 15:17:00,51.77,51.77,51.66,51.68,0,0,86596
4239,2020-09-30 15:18:00,51.67,51.69,51.62,51.63,0,0,90705
4240,2020-09-30 15:19:00,51.63,51.64,51.6,51.62,0,0,59743
4241,2020-09-30 15:20:00,51.62,51.64,51.52,51.54,0,0,87082
4242,2020-09-30 15:21:00,51.54,51.61,51.54,51.59,0,0,61011
4243,2020-09-30 15:22:00,51.6,51.63,51.58,51.6,0,0,72990
4244,2020-09-30 15:23:00,51.6,51.6,51.55,51.56,0,0,49597
4245,2020-09-30 15:24:00,51.55,51.61,51.54,51.56,0,0,113058
4246,2020-09-30 15:25:00,51.56,51.59,51.52,51.58,0,0,74485
4247,2020-09-30 15:26:00,51.58,51.64,51.58,51.63,0,0,40796
4248,2020-09-30 15:27:00,51.63,51.66,51.62,51.65,0,0,65823
4249,2020-09-30 15:28:00,51.64,51.73,51.62,51.73,0,0,42564
4250,2020-09-30 15:29:00,51.73,51.73,51.7,51.72,0,0,40636
4251,2020-09-30 15:30:00,51.71,51.71,51.6,51.65,0,0,58489
4252,2020-09-30 15:31:00,51.65,51.65,51.58,51.62,0,0,71629
4253,2020-09-30 15:32:00,51.62,51.65,51.58,51.63,0,0,41836
4254,2020-09-30 15:33:00,51.64,51.64,51.59,51.64,0,0,39264
4255,2020-09-30 15:34:00,51.63,51.64,51.6,51.64,0,0,46197
4256,2020-09-30 15:35:00,51.62,51.66,51.58,51.62,0,0,68544
4257,2020-09-30 15:36:00,51.63,51.68,51.63,51.64,0,0,49106
4258,2020-09-30 15:37:00,51.65,51.71,51.65,51.67,0,0,54730
4259,2020-09-30 15:38:00,51.67,51.73,51.67,51.72,0,0,62193
4260,2020-09-30 15:39:00,51.72,51.75,51.7,51.71,0,0,62246
4261,2020-09-30 15:40:00,51.72,51.74,51.67,51.71,0,0,80217
4262,2020-09-30 15:41:00,51.71,51.78,51.71,51.77,0,0,63231
4263,2020-09-30 15:42:00,51.77,51.81,51.77,51.79,0,0,57402
4264,2020-09-30 15:43:00,51.79,51.79,51.74,51.76,0,0,192751
4265,2020-09-30 15:44:00,51.76,51.76,51.71,51.71,0,0,63858
4266,2020-09-30 15:45:00,51.71,51.74,51.68,51.72,0,0,81817
4267,2020-09-30 15:46:00,51.72,51.73,51.7,51.73,0,0,48811
4268,2020-09-30 15:47:00,51.74,51.84,51.74,51.84,0,0,68828
4269,2020-09-30 15:48:00,51.85,51.87,51.83,51.87,0,0,72319
4270,2020-09-30 15:49:00,51.87,51.91,51.87,51.9,0,0,53201
4271,2020-09-30 15:50:00,51.91,51.94,51.85,51.89,0,0,216857
4272,2020-09-30 15:51:00,51.88,51.9,51.85,51.9,0,0,85006
4273,2020-09-30 15:52:00,51.9,51.9,51.84,51.88,0,0,99332
4274,2020-09-30 15:53:00,51.89,51.94,51.87,51.94,0,0,101548
4275,2020-09-30 15:54:00,51.94,51.96,51.9,51.9,0,0,103907
4276,2020-09-30 15:55:00,51.91,51.96,51.9,51.94,0,0,137413
4277,2020-09-30 15:56:00,51.94,51.96,51.93,51.96,0,0,118984
4278,2020-09-30 15:57:00,51.96,51.96,51.9,51.92,0,0,128043
4279,2020-09-30 15:58:00,51.92,51.93,51.89,51.92,0,0,162886
4280,2020-09-30 15:59:00,51.75,51.77,51.75,51.77,0,0,725327
4281,2020-10-01 09:30:00,52.4,52.49,52.36,52.45,0,0,608751
4282,2020-10-01 09:31:00,52.46,52.51,52.42,52.47,0,0,376844
4283,2020-10-01 09:32:00,52.47,52.54,52.44,52.53,0,0,353429
4284,2020-10-01 09:33:00,52.54,52.65,52.53,52.63,0,0,193150
4285,2020-10-01 09:34:00,52.63,52.68,52.55,52.56,0,0,126269
4286,2020-10-01 09:35:00,52.58,52.59,52.51,52.51,0,0,142765
4287,2020-10-01 09:36:00,52.63,52.63,52.63,52.63,0,0,112675
4288,2020-10-01 09:37:00,52.67,52.69,52.6,52.63,0,0,95622
4289,2020-10-01 09:38:00,52.71,52.72,52.61,52.61,0,0,130598
4290,2020-10-01 09:39:00,52.6,52.62,52.53,52.54,0,0,84931
4291,2020-10-01 09:40:00,52.51,52.53,52.47,52.47,0,0,99739
4292,2020-10-01 09:41:00,52.38,52.42,52.38,52.42,0,0,111627
4293,2020-10-01 09:42:00,52.42,52.44,52.4,52.42,0,0,151382
4294,2020-10-01 09:43:00,52.42,52.47,52.4,52.45,0,0,87819
4295,2020-10-01 09:44:00,52.46,52.46,52.43,52.43,0,0,49504
4296,2020-10-01 09:45:00,52.4,52.42,52.39,52.4,0,0,58452
4297,2020-10-01 09:46:00,52.43,52.44,52.43,52.44,0,0,71343
4298,2020-10-01 09:47:00,52.43,52.44,52.4,52.4,0,0,56897
4299,2020-10-01 09:48:00,52.39,52.39,52.37,52.38,0,0,54324
4300,2020-10-01 09:49:00,52.42,52.42,52.42,52.42,0,0,67825
4301,2020-10-01 09:50:00,52.47,52.47,52.41,52.44,0,0,48809
4302,2020-10-01 09:51:00,52.43,52.48,52.42,52.48,0,0,39820
4303,2020-10-01 09:52:00,52.46,52.47,52.46,52.47,0,0,42613
4304,2020-10-01 09:53:00,52.46,52.46,52.38,52.38,0,0,48932
4305,2020-10-01 09:54:00,52.38,52.38,52.27,52.31,0,0,80134
4306,2020-10-01 09:55:00,52.3,52.31,52.28,52.29,0,0,54907
4307,2020-10-01 09:56:00,52.3,52.31,52.26,52.28,0,0,38662
4308,2020-10-01 09:57:00,52.29,52.3,52.28,52.28,0,0,32652
4309,2020-10-01 09:58:00,52.26,52.27,52.21,52.22,0,0,54767
4310,2020-10-01 09:59:00,52.17,52.18,52.17,52.18,0,0,59915
4311,2020-10-01 10:00:00,52.13,52.18,52.11,52.11,0,0,78403
4312,2020-10-01 10:01:00,52.11,52.12,52.08,52.11,0,0,66391
4313,2020-10-01 10:02:00,52.11,52.22,52.1,52.22,0,0,57180
4314,2020-10-01 10:03:00,52.22,52.23,52.19,52.21,0,0,44673
4315,2020-10-01 10:04:00,52.21,52.21,52.15,52.17,0,0,32724
4316,2020-10-01 10:05:00,52.17,52.18,52.13,52.17,0,0,41468
4317,2020-10-01 10:06:00,52.17,52.18,52.13,52.15,0,0,48419
4318,2020-10-01 10:07:00,52.17,52.2,52.15,52.17,0,0,49098
4319,2020-10-01 10:08:00,52.17,52.19,52.14,52.18,0,0,52100
4320,2020-10-01 10:09:00,52.17,52.17,52.14,52.16,0,0,22667
4321,2020-10-01 10:10:00,52.16,52.19,52.15,52.17,0,0,51713
4322,2020-10-01 10:11:00,52.17,52.18,52.08,52.09,0,0,98471
4323,2020-10-01 10:12:00,52.1,52.16,52.1,52.16,0,0,43887
4324,2020-10-01 10:13:00,52.17,52.22,52.16,52.19,0,0,63111
4325,2020-10-01 10:14:00,52.2,52.26,52.19,52.26,0,0,47914
4326,2020-10-01 10:15:00,52.26,52.29,52.25,52.27,0,0,27574
4327,2020-10-01 10:16:00,52.26,52.27,52.18,52.2,0,0,44828
4328,2020-10-01 10:17:00,52.19,52.29,52.14,52.29,0,0,70540
4329,2020-10-01 10:18:00,52.29,52.32,52.25,52.25,0,0,56461
4330,2020-10-01 10:19:00,52.25,52.26,52.22,52.22,0,0,96997
4331,2020-10-01 10:20:00,52.22,52.24,52.17,52.19,0,0,55129
4332,2020-10-01 10:21:00,52.19,52.22,52.18,52.22,0,0,35713
4333,2020-10-01 10:22:00,52.22,52.26,52.22,52.22,0,0,34983
4334,2020-10-01 10:23:00,52.23,52.23,52.15,52.16,0,0,84313
4335,2020-10-01 10:24:00,52.17,52.18,52.13,52.15,0,0,24701
4336,2020-10-01 10:25:00,52.16,52.16,52.03,52.05,0,0,73072
4337,2020-10-01 10:26:00,52.04,52.07,52.0,52.01,0,0,51726
4338,2020-10-01 10:27:00,52.0,52.04,51.99,52.03,0,0,58207
4339,2020-10-01 10:28:00,52.04,52.08,52.03,52.04,0,0,32725
4340,2020-10-01 10:29:00,52.08,52.09,52.02,52.08,0,0,39718
4341,2020-10-01 10:30:00,52.09,52.1,52.03,52.08,0,0,40440
4342,2020-10-01 10:31:00,52.07,52.14,52.04,52.11,0,0,36344
4343,2020-10-01 10:32:00,52.11,52.13,52.11,52.12,0,0,28039
4344,2020-10-01 10:33:00,52.12,52.16,52.1,52.15,0,0,37309
4345,2020-10-01 10:34:00,52.15,52.18,52.15,52.18,0,0,23659
4346,2020-10-01 10:35:00,52.17,52.2,52.17,52.19,0,0,33063
4347,2020-10-01 10:36:00,52.18,52.23,52.17,52.21,0,0,57776
4348,2020-10-01 10:37:00,52.21,52.22,52.19,52.22,0,0,29470
4349,2020-10-01 10:38:00,52.22,52.26,52.21,52.25,0,0,31817
4350,2020-10-01 10:39:00,52.25,52.26,52.24,52.25,0,0,25164
4351,2020-10-01 10:40:00,52.25,52.26,52.23,52.25,0,0,22490
4352,2020-10-01 10:41:00,52.25,52.31,52.25,52.31,0,0,60593
4353,2020-10-01 10:42:00,52.31,52.33,52.28,52.28,0,0,34375
4354,2020-10-01 10:43:00,52.28,52.28,52.26,52.28,0,0,18955
4355,2020-10-01 10:44:00,52.28,52.28,52.24,52.25,0,0,53992
4356,2020-10-01 10:45:00,52.25,52.27,52.24,52.24,0,0,58929
4357,2020-10-01 10:46:00,52.24,52.24,52.22,52.23,0,0,26880
4358,2020-10-01 10:47:00,52.22,52.22,52.18,52.18,0,0,25247
4359,2020-10-01 10:48:00,52.18,52.19,52.16,52.17,0,0,65457
4360,2020-10-01 10:49:00,52.18,52.2,52.18,52.19,0,0,41854
4361,2020-10-01 10:50:00,52.19,52.19,52.13,52.16,0,0,44077
4362,2020-10-01 10:51:00,52.16,52.24,52.16,52.24,0,0,29670
4363,2020-10-01 10:52:00,52.24,52.26,52.21,52.21,0,0,49417
4364,2020-10-01 10:53:00,52.22,52.23,52.19,52.19,0,0,44082
4365,2020-10-01 10:54:00,52.19,52.23,52.18,52.21,0,0,44095
4366,2020-10-01 10:55:00,52.21,52.24,52.19,52.2,0,0,32546
4367,2020-10-01 10:56:00,52.2,52.2,52.11,52.11,0,0,57835
4368,2020-10-01 10:57:00,52.11,52.11,52.07,52.1,0,0,35854
4369,2020-10-01 10:58:00,52.1,52.13,52.09,52.11,0,0,32777
4370,2020-10-01 10:59:00,52.1,52.19,52.07,52.18,0,0,94037
4371,2020-10-01 11:00:00,52.17,52.23,52.1,52.11,0,0,90186
4372,2020-10-01 11:01:00,52.11,52.16,52.1,52.1,0,0,44234
4373,2020-10-01 11:02:00,52.1,52.15,52.08,52.15,0,0,39999
4374,2020-10-01 11:03:00,52.15,52.24,52.14,52.2,0,0,56308
4375,2020-10-01 11:04:00,52.19,52.25,52.18,52.23,0,0,39511
4376,2020-10-01 11:05:00,52.23,52.24,52.19,52.19,0,0,49917
4377,2020-10-01 11:06:00,52.19,52.25,52.16,52.22,0,0,52125
4378,2020-10-01 11:07:00,52.23,52.24,52.19,52.2,0,0,32492
4379,2020-10-01 11:08:00,52.2,52.22,52.15,52.17,0,0,180811
4380,2020-10-01 11:09:00,52.17,52.19,52.14,52.14,0,0,44586
4381,2020-10-01 11:10:00,52.14,52.15,52.05,52.06,0,0,49721
4382,2020-10-01 11:11:00,52.07,52.1,52.06,52.07,0,0,23373
4383,2020-10-01 11:12:00,52.07,52.1,52.06,52.08,0,0,28736
4384,2020-10-01 11:13:00,52.08,52.17,52.08,52.17,0,0,28884
4385,2020-10-01 11:14:00,52.18,52.23,52.15,52.23,0,0,32854
4386,2020-10-01 11:15:00,52.22,52.26,52.21,52.25,0,0,40116
4387,2020-10-01 11:16:00,52.22,52.22,52.2,52.2,0,0,55379
4388,2020-10-01 11:17:00,52.21,52.24,52.18,52.21,0,0,32054
4389,2020-10-01 11:18:00,52.2,52.26,52.2,52.22,0,0,55973
4390,2020-10-01 11:19:00,52.21,52.21,52.16,52.19,0,0,42251
4391,2020-10-01 11:20:00,52.18,52.22,52.17,52.19,0,0,27050
4392,2020-10-01 11:21:00,52.19,52.24,52.18,52.24,0,0,38470
4393,2020-10-01 11:22:00,52.24,52.27,52.23,52.26,0,0,45797
4394,2020-10-01 11:23:00,52.26,52.28,52.24,52.27,0,0,34813
4395,2020-10-01 11:24:00,52.26,52.29,52.25,52.29,0,0,31487
4396,2020-10-01 11:25:00,52.28,52.3,52.24,52.29,0,0,46018
4397,2020-10-01 11:26:00,52.29,52.3,52.27,52.28,0,0,31711
4398,2020-10-01 11:27:00,52.28,52.32,52.28,52.32,0,0,55663
4399,2020-10-01 11:28:00,52.31,52.34,52.31,52.32,0,0,34671
4400,2020-10-01 11:29:00,52.33,52.35,52.31,52.34,0,0,43863
4401,2020-10-01 11:30:00,52.34,52.35,52.33,52.35,0,0,25234
4402,2020-10-01 11:31:00,52.36,52.38,52.35,52.37,0,0,54501
4403,2020-10-01 11:32:00,52.37,52.38,52.36,52.38,0,0,29126
4404,2020-10-01 11:33:00,52.38,52.39,52.38,52.38,0,0,20179
4405,2020-10-01 11:34:00,52.39,52.4,52.37,52.38,0,0,95438
4406,2020-10-01 11:35:00,52.39,52.4,52.37,52.39,0,0,49842
4407,2020-10-01 11:36:00,52.39,52.41,52.37,52.39,0,0,38712
4408,2020-10-01 11:37:00,52.39,52.42,52.39,52.39,0,0,44830
4409,2020-10-01 11:38:00,52.39,52.41,52.39,52.4,0,0,22115
4410,2020-10-01 11:39:00,52.4,52.42,52.35,52.38,0,0,94871
4411,2020-10-01 11:40:00,52.39,52.39,52.36,52.37,0,0,20469
4412,2020-10-01 11:41:00,52.37,52.37,52.33,52.35,0,0,35404
4413,2020-10-01 11:42:00,52.35,52.38,52.35,52.38,0,0,26577
4414,2020-10-01 11:43:00,52.38,52.39,52.33,52.34,0,0,35358
4415,2020-10-01 11:44:00,52.33,52.36,52.33,52.35,0,0,22525
4416,2020-10-01 11:45:00,52.35,52.37,52.33,52.35,0,0,34578
4417,2020-10-01 11:46:00,52.34,52.34,52.27,52.28,0,0,60993
4418,2020-10-01 11:47:00,52.28,52.34,52.28,52.32,0,0,22905
4419,2020-10-01 11:48:00,52.33,52.33,52.31,52.33,0,0,17472
4420,2020-10-01 11:49:00,52.32,52.32,52.27,52.27,0,0,40848
4421,2020-10-01 11:50:00,52.27,52.3,52.26,52.26,0,0,25681
4422,2020-10-01 11:51:00,52.26,52.26,52.23,52.24,0,0,23707
4423,2020-10-01 11:52:00,52.24,52.29,52.24,52.28,0,0,27555
4424,2020-10-01 11:53:00,52.3,52.3,52.26,52.3,0,0,22979
4425,2020-10-01 11:54:00,52.3,52.32,52.3,52.31,0,0,16739
4426,2020-10-01 11:55:00,52.32,52.32,52.29,52.3,0,0,23590
4427,2020-10-01 11:56:00,52.3,52.34,52.28,52.33,0,0,16909
4428,2020-10-01 11:57:00,52.33,52.36,52.31,52.31,0,0,64193
4429,2020-10-01 11:58:00,52.31,52.32,52.29,52.29,0,0,48169
4430,2020-10-01 11:59:00,52.29,52.3,52.27,52.3,0,0,22411
4431,2020-10-01 12:00:00,52.29,52.31,52.27,52.28,0,0,25874
4432,2020-10-01 12:01:00,52.27,52.27,52.21,52.22,0,0,38173
4433,2020-10-01 12:02:00,52.22,52.22,52.2,52.21,0,0,23576
4434,2020-10-01 12:03:00,52.2,52.2,52.15,52.16,0,0,26923
4435,2020-10-01 12:04:00,52.17,52.17,52.15,52.16,0,0,21469
4436,2020-10-01 12:05:00,52.17,52.17,52.15,52.16,0,0,46629
4437,2020-10-01 12:06:00,52.16,52.17,52.15,52.17,0,0,29223
4438,2020-10-01 12:07:00,52.17,52.19,52.16,52.18,0,0,17076
4439,2020-10-01 12:08:00,52.19,52.2,52.18,52.19,0,0,17294
4440,2020-10-01 12:09:00,52.19,52.19,52.16,52.19,0,0,27180
4441,2020-10-01 12:10:00,52.18,52.19,52.17,52.18,0,0,23441
4442,2020-10-01 12:11:00,52.19,52.19,52.18,52.19,0,0,12705
4443,2020-10-01 12:12:00,52.18,52.23,52.18,52.22,0,0,32130
4444,2020-10-01 12:13:00,52.23,52.24,52.22,52.24,0,0,22386
4445,2020-10-01 12:14:00,52.23,52.25,52.23,52.24,0,0,25642
4446,2020-10-01 12:15:00,52.25,52.27,52.19,52.2,0,0,101057
4447,2020-10-01 12:16:00,52.19,52.19,52.15,52.17,0,0,41754
4448,2020-10-01 12:17:00,52.17,52.19,52.15,52.19,0,0,25295
4449,2020-10-01 12:18:00,52.19,52.19,52.17,52.19,0,0,24565
4450,2020-10-01 12:19:00,52.19,52.19,52.17,52.18,0,0,150740
4451,2020-10-01 12:20:00,52.19,52.22,52.18,52.21,0,0,28644
4452,2020-10-01 12:21:00,52.21,52.23,52.21,52.23,0,0,12503
4453,2020-10-01 12:22:00,52.23,52.27,52.22,52.25,0,0,42649
4454,2020-10-01 12:23:00,52.25,52.31,52.24,52.28,0,0,86997
4455,2020-10-01 12:24:00,52.27,52.3,52.26,52.26,0,0,30506
4456,2020-10-01 12:25:00,52.26,52.27,52.25,52.25,0,0,16076
4457,2020-10-01 12:26:00,52.25,52.26,52.24,52.25,0,0,22900
4458,2020-10-01 12:27:00,52.25,52.27,52.24,52.26,0,0,13467
4459,2020-10-01 12:28:00,52.26,52.28,52.26,52.26,0,0,27579
4460,2020-10-01 12:29:00,52.25,52.25,52.24,52.25,0,0,23981
4461,2020-10-01 12:30:00,52.24,52.26,52.24,52.26,0,0,11508
4462,2020-10-01 12:31:00,52.26,52.28,52.25,52.28,0,0,22397
4463,2020-10-01 12:32:00,52.28,52.28,52.25,52.26,0,0,43033
4464,2020-10-01 12:33:00,52.26,52.26,52.23,52.23,0,0,21134
4465,2020-10-01 12:34:00,52.23,52.25,52.22,52.23,0,0,19829
4466,2020-10-01 12:35:00,52.24,52.24,52.19,52.2,0,0,29868
4467,2020-10-01 12:36:00,52.2,52.21,52.17,52.18,0,0,12833
4468,2020-10-01 12:37:00,52.17,52.21,52.17,52.21,0,0,23615
4469,2020-10-01 12:38:00,52.2,52.2,52.18,52.2,0,0,16989
4470,2020-10-01 12:39:00,52.2,52.23,52.2,52.21,0,0,22875
4471,2020-10-01 12:40:00,52.21,52.24,52.2,52.24,0,0,21532
4472,2020-10-01 12:41:00,52.24,52.24,52.22,52.23,0,0,29155
4473,2020-10-01 12:42:00,52.23,52.24,52.22,52.24,0,0,18046
4474,2020-10-01 12:43:00,52.24,52.25,52.23,52.23,0,0,27417
4475,2020-10-01 12:44:00,52.23,52.23,52.19,52.2,0,0,30251
4476,2020-10-01 12:45:00,52.2,52.21,52.18,52.19,0,0,29369
4477,2020-10-01 12:46:00,52.19,52.19,52.17,52.19,0,0,11032
4478,2020-10-01 12:47:00,52.2,52.22,52.19,52.21,0,0,15573
4479,2020-10-01 12:48:00,52.21,52.22,52.19,52.19,0,0,18632
4480,2020-10-01 12:49:00,52.19,52.2,52.18,52.19,0,0,14381
4481,2020-10-01 12:50:00,52.19,52.2,52.19,52.19,0,0,11077
4482,2020-10-01 12:51:00,52.19,52.21,52.17,52.19,0,0,43459
4483,2020-10-01 12:52:00,52.2,52.22,52.19,52.21,0,0,9314
4484,2020-10-01 12:53:00,52.2,52.22,52.2,52.22,0,0,22049
4485,2020-10-01 12:54:00,52.22,52.22,52.21,52.22,0,0,25260
4486,2020-10-01 12:55:00,52.22,52.24,52.21,52.22,0,0,29565
4487,2020-10-01 12:56:00,52.22,52.25,52.22,52.24,0,0,18652
4488,2020-10-01 12:57:00,52.24,52.27,52.24,52.26,0,0,25853
4489,2020-10-01 12:58:00,52.26,52.28,52.25,52.26,0,0,25082
4490,2020-10-01 12:59:00,52.25,52.28,52.25,52.28,0,0,35268
4491,2020-10-01 13:00:00,52.28,52.29,52.27,52.29,0,0,21911
4492,2020-10-01 13:01:00,52.28,52.31,52.28,52.29,0,0,37565
4493,2020-10-01 13:02:00,52.29,52.29,52.28,52.28,0,0,22455
4494,2020-10-01 13:03:00,52.29,52.29,52.26,52.26,0,0,20202
4495,2020-10-01 13:04:00,52.26,52.28,52.26,52.27,0,0,18318
4496,2020-10-01 13:05:00,52.27,52.28,52.27,52.28,0,0,11015
4497,2020-10-01 13:06:00,52.28,52.29,52.28,52.28,0,0,9214
4498,2020-10-01 13:07:00,52.27,52.3,52.26,52.29,0,0,22603
4499,2020-10-01 13:08:00,52.31,52.33,52.3,52.32,0,0,21896
4500,2020-10-01 13:09:00,52.33,52.37,52.33,52.35,0,0,26594
4501,2020-10-01 13:10:00,52.35,52.35,52.32,52.33,0,0,14572
4502,2020-10-01 13:11:00,52.32,52.33,52.3,52.31,0,0,23654
4503,2020-10-01 13:12:00,52.31,52.32,52.3,52.31,0,0,11024
4504,2020-10-01 13:13:00,52.31,52.32,52.29,52.32,0,0,33598
4505,2020-10-01 13:14:00,52.31,52.32,52.28,52.28,0,0,30902
4506,2020-10-01 13:15:00,52.28,52.32,52.28,52.32,0,0,23227
4507,2020-10-01 13:16:00,52.26,52.33,52.25,52.26,0,0,54757
4508,2020-10-01 13:17:00,52.26,52.26,52.23,52.24,0,0,15411
4509,2020-10-01 13:18:00,52.24,52.26,52.24,52.25,0,0,33905
4510,2020-10-01 13:19:00,52.25,52.25,52.21,52.24,0,0,27844
4511,2020-10-01 13:20:00,52.23,52.25,52.22,52.25,0,0,27692
4512,2020-10-01 13:21:00,52.24,52.26,52.23,52.26,0,0,23071
4513,2020-10-01 13:22:00,52.26,52.26,52.22,52.23,0,0,35005
4514,2020-10-01 13:23:00,52.23,52.25,52.22,52.22,0,0,17619
4515,2020-10-01 13:24:00,52.23,52.24,52.22,52.24,0,0,16931
4516,2020-10-01 13:25:00,52.24,52.25,52.22,52.24,0,0,40341
4517,2020-10-01 13:26:00,52.23,52.25,52.22,52.23,0,0,27318
4518,2020-10-01 13:27:00,52.23,52.23,52.18,52.18,0,0,26776
4519,2020-10-01 13:28:00,52.18,52.18,52.12,52.14,0,0,44541
4520,2020-10-01 13:29:00,52.14,52.14,52.14,52.14,0,0,17588
4521,2020-10-01 13:30:00,52.15,52.17,52.13,52.14,0,0,94537
4522,2020-10-01 13:31:00,52.14,52.16,52.14,52.15,0,0,23488
4523,2020-10-01 13:32:00,52.16,52.17,52.13,52.15,0,0,21585
4524,2020-10-01 13:33:00,52.15,52.17,52.15,52.17,0,0,26875
4525,2020-10-01 13:34:00,52.17,52.19,52.17,52.17,0,0,16246
4526,2020-10-01 13:35:00,52.17,52.2,52.16,52.2,0,0,28053
4527,2020-10-01 13:36:00,52.2,52.22,52.19,52.2,0,0,28858
4528,2020-10-01 13:37:00,52.2,52.2,52.18,52.19,0,0,23123
4529,2020-10-01 13:38:00,52.19,52.2,52.18,52.18,0,0,17759
4530,2020-10-01 13:39:00,52.18,52.19,52.16,52.18,0,0,20451
4531,2020-10-01 13:40:00,52.18,52.2,52.17,52.2,0,0,29711
4532,2020-10-01 13:41:00,52.19,52.21,52.19,52.2,0,0,21530
4533,2020-10-01 13:42:00,52.2,52.2,52.17,52.17,0,0,37317
4534,2020-10-01 13:43:00,52.17,52.18,52.17,52.17,0,0,8618
4535,2020-10-01 13:44:00,52.17,52.17,52.16,52.16,0,0,35073
4536,2020-10-01 13:45:00,52.17,52.2,52.17,52.18,0,0,42678
4537,2020-10-01 13:46:00,52.17,52.18,52.16,52.17,0,0,29386
4538,2020-10-01 13:47:00,52.17,52.18,52.14,52.15,0,0,24466
4539,2020-10-01 13:48:00,52.16,52.17,52.15,52.15,0,0,21390
4540,2020-10-01 13:49:00,52.16,52.16,52.14,52.16,0,0,21471
4541,2020-10-01 13:50:00,52.17,52.19,52.15,52.19,0,0,23881
4542,2020-10-01 13:51:00,52.19,52.19,52.18,52.19,0,0,12369
4543,2020-10-01 13:52:00,52.2,52.21,52.19,52.2,0,0,10260
4544,2020-10-01 13:53:00,52.25,52.26,52.21,52.25,0,0,31976
4545,2020-10-01 13:54:00,52.25,52.31,52.25,52.31,0,0,40372
4546,2020-10-01 13:55:00,52.31,52.31,52.26,52.27,0,0,33299
4547,2020-10-01 13:56:00,52.28,52.29,52.26,52.29,0,0,9722
4548,2020-10-01 13:57:00,52.29,52.3,52.28,52.29,0,0,18455
4549,2020-10-01 13:58:00,52.29,52.29,52.27,52.28,0,0,28307
4550,2020-10-01 13:59:00,52.28,52.28,52.06,52.12,0,0,239077
4551,2020-10-01 14:00:00,52.13,52.25,52.1,52.1,0,0,145177
4552,2020-10-01 14:01:00,52.1,52.11,52.02,52.05,0,0,99522
4553,2020-10-01 14:02:00,52.04,52.05,51.99,52.05,0,0,63619
4554,2020-10-01 14:03:00,52.04,52.05,52.0,52.03,0,0,31346
4555,2020-10-01 14:04:00,52.03,52.08,52.01,52.06,0,0,25066
4556,2020-10-01 14:05:00,52.07,52.07,52.04,52.06,0,0,32778
4557,2020-10-01 14:06:00,52.06,52.07,52.02,52.03,0,0,36247
4558,2020-10-01 14:07:00,52.03,52.1,52.03,52.09,0,0,27339
4559,2020-10-01 14:08:00,52.09,52.1,52.01,52.05,0,0,123007
4560,2020-10-01 14:09:00,52.06,52.11,52.02,52.08,0,0,86280
4561,2020-10-01 14:10:00,52.08,52.14,52.08,52.13,0,0,32420
4562,2020-10-01 14:11:00,52.14,52.2,52.13,52.2,0,0,50488
4563,2020-10-01 14:12:00,52.2,52.2,52.13,52.17,0,0,20553
4564,2020-10-01 14:13:00,52.16,52.16,52.12,52.15,0,0,27768
4565,2020-10-01 14:14:00,52.15,52.18,52.14,52.15,0,0,26881
4566,2020-10-01 14:15:00,52.15,52.15,52.06,52.06,0,0,48054
4567,2020-10-01 14:16:00,52.06,52.08,52.04,52.08,0,0,32605
4568,2020-10-01 14:17:00,52.07,52.09,52.06,52.06,0,0,19745
4569,2020-10-01 14:18:00,52.05,52.06,52.01,52.01,0,0,37980
4570,2020-10-01 14:19:00,52.0,52.08,52.0,52.06,0,0,29662
4571,2020-10-01 14:20:00,52.06,52.07,52.03,52.07,0,0,44372
4572,2020-10-01 14:21:00,52.06,52.1,52.05,52.09,0,0,25843
4573,2020-10-01 14:22:00,52.08,52.08,52.03,52.08,0,0,26404
4574,2020-10-01 14:23:00,52.08,52.11,52.07,52.07,0,0,37283
4575,2020-10-01 14:24:00,52.07,52.13,52.07,52.12,0,0,20712
4576,2020-10-01 14:25:00,52.12,52.13,52.11,52.11,0,0,14068
4577,2020-10-01 14:26:00,52.12,52.17,52.12,52.16,0,0,17119
4578,2020-10-01 14:27:00,52.16,52.19,52.15,52.18,0,0,46828
4579,2020-10-01 14:28:00,52.18,52.22,52.17,52.21,0,0,66553
4580,2020-10-01 14:29:00,52.21,52.23,52.2,52.21,0,0,31305
4581,2020-10-01 14:30:00,52.21,52.25,52.21,52.24,0,0,40885
4582,2020-10-01 14:31:00,52.25,52.28,52.25,52.27,0,0,37798
4583,2020-10-01 14:32:00,52.27,52.28,52.25,52.28,0,0,38668
4584,2020-10-01 14:33:00,52.28,52.29,52.27,52.28,0,0,17343
4585,2020-10-01 14:34:00,52.32,52.33,52.27,52.32,0,0,49691
4586,2020-10-01 14:35:00,52.33,52.33,52.29,52.31,0,0,16651
4587,2020-10-01 14:36:00,52.31,52.36,52.31,52.36,0,0,36118
4588,2020-10-01 14:37:00,52.36,52.38,52.35,52.36,0,0,21231
4589,2020-10-01 14:38:00,52.38,52.38,52.35,52.38,0,0,28991
4590,2020-10-01 14:39:00,52.38,52.39,52.35,52.35,0,0,43063
4591,2020-10-01 14:40:00,52.35,52.37,52.33,52.33,0,0,40487
4592,2020-10-01 14:41:00,52.34,52.35,52.32,52.32,0,0,19474
4593,2020-10-01 14:42:00,52.33,52.36,52.32,52.35,0,0,26050
4594,2020-10-01 14:43:00,52.36,52.36,52.33,52.35,0,0,36671
4595,2020-10-01 14:44:00,52.35,52.39,52.35,52.37,0,0,27571
4596,2020-10-01 14:45:00,52.37,52.37,52.33,52.33,0,0,33448
4597,2020-10-01 14:46:00,52.34,52.36,52.33,52.35,0,0,29290
4598,2020-10-01 14:47:00,52.35,52.35,52.33,52.34,0,0,34560
4599,2020-10-01 14:48:00,52.35,52.38,52.35,52.38,0,0,23200
4600,2020-10-01 14:49:00,52.38,52.38,52.33,52.34,0,0,34285
4601,2020-10-01 14:50:00,52.34,52.38,52.34,52.38,0,0,20258
4602,2020-10-01 14:51:00,52.38,52.42,52.38,52.4,0,0,51659
4603,2020-10-01 14:52:00,52.39,52.39,52.37,52.38,0,0,20076
4604,2020-10-01 14:53:00,52.39,52.39,52.37,52.38,0,0,43030
4605,2020-10-01 14:54:00,52.38,52.39,52.38,52.38,0,0,9253
4606,2020-10-01 14:55:00,52.38,52.38,52.35,52.35,0,0,25033
4607,2020-10-01 14:56:00,52.36,52.39,52.36,52.38,0,0,36105
4608,2020-10-01 14:57:00,52.38,52.39,52.35,52.35,0,0,38103
4609,2020-10-01 14:58:00,52.35,52.36,52.35,52.35,0,0,10411
4610,2020-10-01 14:59:00,52.36,52.37,52.33,52.34,0,0,54622
4611,2020-10-01 15:00:00,52.34,52.37,52.34,52.36,0,0,136504
4612,2020-10-01 15:01:00,52.35,52.37,52.35,52.37,0,0,21661
4613,2020-10-01 15:02:00,52.37,52.42,52.37,52.38,0,0,110224
4614,2020-10-01 15:03:00,52.37,52.38,52.36,52.38,0,0,22911
4615,2020-10-01 15:04:00,52.38,52.4,52.36,52.38,0,0,55906
4616,2020-10-01 15:05:00,52.37,52.39,52.37,52.37,0,0,25156
4617,2020-10-01 15:06:00,52.37,52.37,52.33,52.36,0,0,26439
4618,2020-10-01 15:07:00,52.35,52.38,52.34,52.35,0,0,23539
4619,2020-10-01 15:08:00,52.36,52.37,52.36,52.36,0,0,16798
4620,2020-10-01 15:09:00,52.36,52.36,52.34,52.35,0,0,20773
4621,2020-10-01 15:10:00,52.36,52.38,52.35,52.38,0,0,33775
4622,2020-10-01 15:11:00,52.37,52.37,52.33,52.33,0,0,22629
4623,2020-10-01 15:12:00,52.33,52.36,52.33,52.36,0,0,24581
4624,2020-10-01 15:13:00,52.35,52.37,52.34,52.35,0,0,31954
4625,2020-10-01 15:14:00,52.35,52.35,52.31,52.32,0,0,35227
4626,2020-10-01 15:15:00,52.33,52.34,52.28,52.28,0,0,31669
4627,2020-10-01 15:16:00,52.28,52.31,52.28,52.29,0,0,43954
4628,2020-10-01 15:17:00,52.3,52.31,52.29,52.31,0,0,17904
4629,2020-10-01 15:18:00,52.31,52.32,52.28,52.3,0,0,40503
4630,2020-10-01 15:19:00,52.29,52.31,52.27,52.27,0,0,47935
4631,2020-10-01 15:20:00,52.26,52.26,52.24,52.26,0,0,55109
4632,2020-10-01 15:21:00,52.27,52.28,52.26,52.27,0,0,35863
4633,2020-10-01 15:22:00,52.28,52.28,52.23,52.24,0,0,52431
4634,2020-10-01 15:23:00,52.24,52.25,52.24,52.24,0,0,22942
4635,2020-10-01 15:24:00,52.25,52.26,52.24,52.24,0,0,47501
4636,2020-10-01 15:25:00,52.24,52.24,52.2,52.22,0,0,47080
4637,2020-10-01 15:26:00,52.23,52.24,52.21,52.24,0,0,88009
4638,2020-10-01 15:27:00,52.23,52.26,52.22,52.25,0,0,36019
4639,2020-10-01 15:28:00,52.26,52.28,52.26,52.26,0,0,23379
4640,2020-10-01 15:29:00,52.26,52.27,52.24,52.24,0,0,46038
4641,2020-10-01 15:30:00,52.24,52.27,52.23,52.26,0,0,26336
4642,2020-10-01 15:31:00,52.26,52.26,52.24,52.24,0,0,50406
4643,2020-10-01 15:32:00,52.24,52.24,52.15,52.17,0,0,67916
4644,2020-10-01 15:33:00,52.17,52.19,52.16,52.17,0,0,57524
4645,2020-10-01 15:34:00,52.18,52.2,52.17,52.19,0,0,28017
4646,2020-10-01 15:35:00,52.19,52.2,52.17,52.18,0,0,28517
4647,2020-10-01 15:36:00,52.17,52.19,52.17,52.19,0,0,34714
4648,2020-10-01 15:37:00,52.19,52.22,52.18,52.19,0,0,54643
4649,2020-10-01 15:38:00,52.19,52.19,52.09,52.1,0,0,90464
4650,2020-10-01 15:39:00,52.11,52.15,52.1,52.14,0,0,26457
4651,2020-10-01 15:40:00,52.15,52.17,52.12,52.12,0,0,40468
4652,2020-10-01 15:41:00,52.12,52.13,52.1,52.13,0,0,21338
4653,2020-10-01 15:42:00,52.12,52.15,52.12,52.13,0,0,48940
4654,2020-10-01 15:43:00,52.13,52.15,52.12,52.15,0,0,33784
4655,2020-10-01 15:44:00,52.15,52.15,52.11,52.12,0,0,41643
4656,2020-10-01 15:45:00,52.13,52.16,52.1,52.1,0,0,80736
4657,2020-10-01 15:46:00,52.1,52.12,52.1,52.12,0,0,40944
4658,2020-10-01 15:47:00,52.12,52.16,52.12,52.14,0,0,50189
4659,2020-10-01 15:48:00,52.15,52.17,52.13,52.15,0,0,104564
4660,2020-10-01 15:49:00,52.15,52.16,52.13,52.13,0,0,58463
4661,2020-10-01 15:50:00,52.13,52.25,52.12,52.23,0,0,167166
4662,2020-10-01 15:51:00,52.23,52.26,52.22,52.22,0,0,104404
4663,2020-10-01 15:52:00,52.22,52.26,52.21,52.25,0,0,69068
4664,2020-10-01 15:53:00,52.26,52.26,52.22,52.24,0,0,60999
4665,2020-10-01 15:54:00,52.24,52.28,52.24,52.26,0,0,80869
4666,2020-10-01 15:55:00,52.26,52.27,52.21,52.24,0,0,163019
4667,2020-10-01 15:56:00,52.24,52.24,52.22,52.22,0,0,119435
4668,2020-10-01 15:57:00,52.22,52.24,52.2,52.23,0,0,172707
4669,2020-10-01 15:58:00,52.24,52.24,52.18,52.21,0,0,222893
4670,2020-10-01 15:59:00,52.2,52.27,52.2,52.26,0,0,256935
4671,2020-10-02 09:30:00,51.5,51.75,51.4,51.6,0,0,1117440
4672,2020-10-02 09:31:00,51.6,51.76,51.6,51.72,0,0,146405
4673,2020-10-02 09:32:00,51.71,51.72,51.57,51.66,0,0,161096
4674,2020-10-02 09:33:00,51.65,51.71,51.63,51.68,0,0,91785
4675,2020-10-02 09:34:00,51.81,51.81,51.81,51.81,0,0,147247
4676,2020-10-02 09:35:00,51.8,51.8,51.78,51.79,0,0,132262
4677,2020-10-02 09:36:00,51.76,51.81,51.76,51.78,0,0,124258
4678,2020-10-02 09:37:00,51.75,51.86,51.73,51.85,0,0,104054
4679,2020-10-02 09:38:00,51.88,51.88,51.88,51.88,0,0,58997
4680,2020-10-02 09:39:00,51.88,51.98,51.87,51.94,0,0,77587
4681,2020-10-02 09:40:00,51.94,51.94,51.87,51.88,0,0,74413
4682,2020-10-02 09:41:00,51.88,51.88,51.85,51.87,0,0,72108
4683,2020-10-02 09:42:00,51.88,51.94,51.87,51.92,0,0,66930
4684,2020-10-02 09:43:00,51.9,51.92,51.89,51.9,0,0,59021
4685,2020-10-02 09:44:00,51.86,51.88,51.85,51.87,0,0,157465
4686,2020-10-02 09:45:00,51.84,51.86,51.8,51.82,0,0,65936
4687,2020-10-02 09:46:00,51.84,51.85,51.78,51.78,0,0,62036
4688,2020-10-02 09:47:00,51.8,51.84,51.8,51.8,0,0,65480
4689,2020-10-02 09:48:00,51.8,51.83,51.79,51.83,0,0,78904
4690,2020-10-02 09:49:00,51.84,51.85,51.82,51.83,0,0,117532
4691,2020-10-02 09:50:00,51.83,51.85,51.8,51.8,0,0,71921
4692,2020-10-02 09:51:00,51.71,51.71,51.71,51.71,0,0,106234
4693,2020-10-02 09:52:00,51.71,51.73,51.71,51.73,0,0,39554
4694,2020-10-02 09:53:00,51.71,51.76,51.7,51.75,0,0,56465
4695,2020-10-02 09:54:00,51.75,51.77,51.75,51.76,0,0,48654
4696,2020-10-02 09:55:00,51.77,51.8,51.73,51.73,0,0,53415
4697,2020-10-02 09:56:00,51.71,51.72,51.71,51.72,0,0,93653
4698,2020-10-02 09:57:00,51.71,51.71,51.65,51.71,0,0,96532
4699,2020-10-02 09:58:00,51.72,51.78,51.7,51.76,0,0,98663
4700,2020-10-02 09:59:00,51.78,51.8,51.73,51.77,0,0,81887
4701,2020-10-02 10:00:00,51.77,51.89,51.75,51.89,0,0,96728
4702,2020-10-02 10:01:00,51.89,51.92,51.84,51.92,0,0,36610
4703,2020-10-02 10:02:00,51.92,51.92,51.86,51.91,0,0,32123
4704,2020-10-02 10:03:00,51.92,51.94,51.89,51.89,0,0,37295
4705,2020-10-02 10:04:00,51.89,51.92,51.87,51.9,0,0,30711
4706,2020-10-02 10:05:00,51.9,51.94,51.88,51.9,0,0,49570
4707,2020-10-02 10:06:00,51.9,51.92,51.89,51.91,0,0,27254
4708,2020-10-02 10:07:00,51.9,51.95,51.88,51.92,0,0,51674
4709,2020-10-02 10:08:00,51.92,51.96,51.9,51.91,0,0,40281
4710,2020-10-02 10:09:00,51.91,51.94,51.88,51.94,0,0,28912
4711,2020-10-02 10:10:00,51.94,51.95,51.88,51.89,0,0,38955
4712,2020-10-02 10:11:00,51.89,51.92,51.88,51.9,0,0,17406
4713,2020-10-02 10:12:00,51.9,51.94,51.89,51.93,0,0,53210
4714,2020-10-02 10:13:00,51.93,51.94,51.92,51.94,0,0,25923
4715,2020-10-02 10:14:00,51.94,51.94,51.91,51.93,0,0,51356
4716,2020-10-02 10:15:00,51.92,51.95,51.89,51.9,0,0,59753
4717,2020-10-02 10:16:00,51.9,51.92,51.86,51.86,0,0,53084
4718,2020-10-02 10:17:00,51.87,51.89,51.83,51.83,0,0,33139
4719,2020-10-02 10:18:00,51.83,51.88,51.83,51.88,0,0,35974
4720,2020-10-02 10:19:00,51.88,51.94,51.86,51.86,0,0,53557
4721,2020-10-02 10:20:00,51.85,51.87,51.83,51.83,0,0,28931
4722,2020-10-02 10:21:00,51.83,51.85,51.81,51.84,0,0,16719
4723,2020-10-02 10:22:00,51.83,51.83,51.77,51.77,0,0,41866
4724,2020-10-02 10:23:00,51.78,51.82,51.78,51.81,0,0,42928
4725,2020-10-02 10:24:00,51.81,51.83,51.74,51.74,0,0,68881
4726,2020-10-02 10:25:00,51.75,51.76,51.72,51.76,0,0,69075
4727,2020-10-02 10:26:00,51.77,51.84,51.77,51.83,0,0,29248
4728,2020-10-02 10:27:00,51.83,51.93,51.83,51.93,0,0,48439
4729,2020-10-02 10:28:00,51.92,51.95,51.92,51.94,0,0,37035
4730,2020-10-02 10:29:00,51.94,51.94,51.88,51.88,0,0,117619
4731,2020-10-02 10:30:00,51.88,51.88,51.79,51.79,0,0,56276
4732,2020-10-02 10:31:00,51.79,51.81,51.76,51.79,0,0,37071
4733,2020-10-02 10:32:00,51.8,51.82,51.75,51.75,0,0,31558
4734,2020-10-02 10:33:00,51.75,51.8,51.72,51.78,0,0,33004
4735,2020-10-02 10:34:00,51.78,51.85,51.76,51.85,0,0,24469
4736,2020-10-02 10:35:00,51.84,51.84,51.74,51.77,0,0,38731
4737,2020-10-02 10:36:00,51.77,51.77,51.7,51.7,0,0,35759
4738,2020-10-02 10:37:00,51.7,51.72,51.69,51.69,0,0,24088
4739,2020-10-02 10:38:00,51.69,51.7,51.65,51.65,0,0,44049
4740,2020-10-02 10:39:00,51.65,51.67,51.59,51.61,0,0,215149
4741,2020-10-02 10:40:00,51.62,51.63,51.54,51.58,0,0,57982
4742,2020-10-02 10:41:00,51.57,51.62,51.56,51.58,0,0,30494
4743,2020-10-02 10:42:00,51.58,51.6,51.56,51.59,0,0,41213
4744,2020-10-02 10:43:00,51.58,51.61,51.57,51.61,0,0,31629
4745,2020-10-02 10:44:00,51.61,51.61,51.55,51.57,0,0,63037
4746,2020-10-02 10:45:00,51.57,51.59,51.54,51.58,0,0,43167
4747,2020-10-02 10:46:00,51.58,51.64,51.58,51.62,0,0,40300
4748,2020-10-02 10:47:00,51.62,51.63,51.6,51.6,0,0,29979
4749,2020-10-02 10:48:00,51.61,51.63,51.6,51.63,0,0,47425
4750,2020-10-02 10:49:00,51.64,51.65,51.61,51.63,0,0,33024
4751,2020-10-02 10:50:00,51.62,51.63,51.56,51.56,0,0,114007
4752,2020-10-02 10:51:00,51.55,51.59,51.54,51.58,0,0,34712
4753,2020-10-02 10:52:00,51.57,51.58,51.5,51.53,0,0,57047
4754,2020-10-02 10:53:00,51.53,51.56,51.52,51.52,0,0,34960
4755,2020-10-02 10:54:00,51.53,51.55,51.5,51.54,0,0,202631
4756,2020-10-02 10:55:00,51.54,51.59,51.54,51.58,0,0,27251
4757,2020-10-02 10:56:00,51.57,51.62,51.57,51.61,0,0,34937
4758,2020-10-02 10:57:00,51.62,51.63,51.6,51.63,0,0,33405
4759,2020-10-02 10:58:00,51.62,51.63,51.6,51.61,0,0,45688
4760,2020-10-02 10:59:00,51.61,51.63,51.59,51.6,0,0,24025
4761,2020-10-02 11:00:00,51.59,51.62,51.53,51.55,0,0,56480
4762,2020-10-02 11:01:00,51.55,51.57,51.53,51.57,0,0,14504
4763,2020-10-02 11:02:00,51.57,51.65,51.56,51.63,0,0,35519
4764,2020-10-02 11:03:00,51.63,51.65,51.62,51.63,0,0,29825
4765,2020-10-02 11:04:00,51.63,51.63,51.51,51.51,0,0,92052
4766,2020-10-02 11:05:00,51.52,51.52,51.46,51.49,0,0,133483
4767,2020-10-02 11:06:00,51.5,51.57,51.5,51.52,0,0,60479
4768,2020-10-02 11:07:00,51.53,51.54,51.51,51.51,0,0,21416
4769,2020-10-02 11:08:00,51.51,51.58,51.51,51.57,0,0,28856
4770,2020-10-02 11:09:00,51.56,51.6,51.52,51.52,0,0,32376
4771,2020-10-02 11:10:00,51.52,51.57,51.51,51.55,0,0,22144
4772,2020-10-02 11:11:00,51.54,51.57,51.53,51.56,0,0,12852
4773,2020-10-02 11:12:00,51.55,51.58,51.55,51.56,0,0,20060
4774,2020-10-02 11:13:00,51.57,51.57,51.53,51.57,0,0,39664
4775,2020-10-02 11:14:00,51.56,51.57,51.55,51.55,0,0,15967
4776,2020-10-02 11:15:00,51.55,51.59,51.5,51.52,0,0,63215
4777,2020-10-02 11:16:00,51.53,51.58,51.53,51.54,0,0,42570
4778,2020-10-02 11:17:00,51.53,51.58,51.53,51.58,0,0,30930
4779,2020-10-02 11:18:00,51.57,51.58,51.54,51.57,0,0,32411
4780,2020-10-02 11:19:00,51.57,51.62,51.55,51.58,0,0,41808
4781,2020-10-02 11:20:00,51.58,51.62,51.57,51.58,0,0,35261
4782,2020-10-02 11:21:00,51.57,51.61,51.56,51.61,0,0,43827
4783,2020-10-02 11:22:00,51.62,51.62,51.58,51.6,0,0,29264
4784,2020-10-02 11:23:00,51.6,51.6,51.57,51.58,0,0,43137
4785,2020-10-02 11:24:00,51.58,51.6,51.56,51.57,0,0,59704
4786,2020-10-02 11:25:00,51.57,51.59,51.55,51.57,0,0,62738
4787,2020-10-02 11:26:00,51.57,51.57,51.51,51.54,0,0,40580
4788,2020-10-02 11:27:00,51.53,51.6,51.53,51.6,0,0,30456
4789,2020-10-02 11:28:00,51.6,51.66,51.58,51.66,0,0,53525
4790,2020-10-02 11:29:00,51.66,51.66,51.62,51.63,0,0,37472
4791,2020-10-02 11:30:00,51.63,51.65,51.6,51.61,0,0,40231
4792,2020-10-02 11:31:00,51.62,51.62,51.57,51.57,0,0,36899
4793,2020-10-02 11:32:00,51.56,51.6,51.56,51.6,0,0,19265
4794,2020-10-02 11:33:00,51.59,51.62,51.52,51.54,0,0,55037
4795,2020-10-02 11:34:00,51.53,51.57,51.53,51.53,0,0,28566
4796,2020-10-02 11:35:00,51.54,51.56,51.53,51.54,0,0,27593
4797,2020-10-02 11:36:00,51.53,51.54,51.49,51.52,0,0,65791
4798,2020-10-02 11:37:00,51.52,51.53,51.49,51.5,0,0,42601
4799,2020-10-02 11:38:00,51.5,51.52,51.48,51.51,0,0,25653
4800,2020-10-02 11:39:00,51.5,51.52,51.48,51.51,0,0,21854
4801,2020-10-02 11:40:00,51.5,51.5,51.48,51.49,0,0,28124
4802,2020-10-02 11:41:00,51.48,51.5,51.47,51.5,0,0,34684
4803,2020-10-02 11:42:00,51.49,51.52,51.48,51.49,0,0,41442
4804,2020-10-02 11:43:00,51.48,51.5,51.46,51.47,0,0,28712
4805,2020-10-02 11:44:00,51.46,51.49,51.45,51.46,0,0,34466
4806,2020-10-02 11:45:00,51.45,51.49,51.44,51.48,0,0,32601
4807,2020-10-02 11:46:00,51.48,51.48,51.46,51.46,0,0,20709
4808,2020-10-02 11:47:00,51.46,51.51,51.46,51.51,0,0,31571
4809,2020-10-02 11:48:00,51.5,51.5,51.47,51.47,0,0,29123
4810,2020-10-02 11:49:00,51.47,51.48,51.46,51.47,0,0,29498
4811,2020-10-02 11:50:00,51.48,51.49,51.46,51.49,0,0,42579
4812,2020-10-02 11:51:00,51.49,51.5,51.47,51.5,0,0,21297
4813,2020-10-02 11:52:00,51.5,51.51,51.46,51.46,0,0,45686
4814,2020-10-02 11:53:00,51.46,51.46,51.38,51.39,0,0,102293
4815,2020-10-02 11:54:00,51.39,51.4,51.34,51.35,0,0,50192
4816,2020-10-02 11:55:00,51.35,51.35,51.29,51.29,0,0,67856
4817,2020-10-02 11:56:00,51.29,51.32,51.25,51.29,0,0,105242
4818,2020-10-02 11:57:00,51.29,51.29,51.24,51.26,0,0,40145
4819,2020-10-02 11:58:00,51.26,51.29,51.23,51.29,0,0,60544
4820,2020-10-02 11:59:00,51.29,51.31,51.26,51.26,0,0,25463
4821,2020-10-02 12:00:00,51.26,51.27,51.22,51.25,0,0,58742
4822,2020-10-02 12:01:00,51.26,51.27,51.12,51.13,0,0,152744
4823,2020-10-02 12:02:00,51.14,51.19,51.14,51.16,0,0,80295
4824,2020-10-02 12:03:00,51.17,51.18,51.14,51.15,0,0,48494
4825,2020-10-02 12:04:00,51.14,51.15,51.12,51.14,0,0,59204
4826,2020-10-02 12:05:00,51.15,51.16,51.08,51.09,0,0,121934
4827,2020-10-02 12:06:00,51.09,51.21,51.09,51.19,0,0,89801
4828,2020-10-02 12:07:00,51.19,51.32,51.19,51.31,0,0,54743
4829,2020-10-02 12:08:00,51.31,51.36,51.3,51.32,0,0,79500
4830,2020-10-02 12:09:00,51.32,51.36,51.31,51.35,0,0,52773
4831,2020-10-02 12:10:00,51.36,51.44,51.36,51.39,0,0,67839
4832,2020-10-02 12:11:00,51.39,51.41,51.36,51.4,0,0,33805
4833,2020-10-02 12:12:00,51.4,51.43,51.38,51.4,0,0,37397
4834,2020-10-02 12:13:00,51.4,51.54,51.4,51.54,0,0,146644
4835,2020-10-02 12:14:00,51.55,51.62,51.51,51.52,0,0,186699
4836,2020-10-02 12:15:00,51.52,51.57,51.48,51.54,0,0,68815
4837,2020-10-02 12:16:00,51.55,51.61,51.53,51.58,0,0,51742
4838,2020-10-02 12:17:00,51.58,51.61,51.57,51.59,0,0,45339
4839,2020-10-02 12:18:00,51.6,51.66,51.6,51.6,0,0,39588
4840,2020-10-02 12:19:00,51.61,51.62,51.58,51.61,0,0,43208
4841,2020-10-02 12:20:00,51.61,51.69,51.61,51.65,0,0,64007
4842,2020-10-02 12:21:00,51.65,51.65,51.6,51.61,0,0,71099
4843,2020-10-02 12:22:00,51.61,51.63,51.6,51.62,0,0,47706
4844,2020-10-02 12:23:00,51.61,51.64,51.59,51.6,0,0,31965
4845,2020-10-02 12:24:00,51.59,51.63,51.58,51.6,0,0,42524
4846,2020-10-02 12:25:00,51.61,51.63,51.58,51.62,0,0,29317
4847,2020-10-02 12:26:00,51.62,51.65,51.59,51.6,0,0,57181
4848,2020-10-02 12:27:00,51.6,51.62,51.59,51.62,0,0,39342
4849,2020-10-02 12:28:00,51.62,51.62,51.58,51.6,0,0,27449
4850,2020-10-02 12:29:00,51.6,51.62,51.57,51.61,0,0,22078
4851,2020-10-02 12:30:00,51.61,51.66,51.6,51.6,0,0,50263
4852,2020-10-02 12:31:00,51.6,51.62,51.55,51.55,0,0,51023
4853,2020-10-02 12:32:00,51.55,51.59,51.51,51.51,0,0,51059
4854,2020-10-02 12:33:00,51.51,51.57,51.51,51.53,0,0,44328
4855,2020-10-02 12:34:00,51.54,51.57,51.54,51.55,0,0,26914
4856,2020-10-02 12:35:00,51.54,51.58,51.51,51.58,0,0,30566
4857,2020-10-02 12:36:00,51.57,51.6,51.56,51.59,0,0,26483
4858,2020-10-02 12:37:00,51.6,51.66,51.6,51.66,0,0,28699
4859,2020-10-02 12:38:00,51.66,51.72,51.66,51.72,0,0,35307
4860,2020-10-02 12:39:00,51.72,51.76,51.69,51.74,0,0,47997
4861,2020-10-02 12:40:00,51.74,51.78,51.74,51.77,0,0,57811
4862,2020-10-02 12:41:00,51.77,51.78,51.75,51.76,0,0,54128
4863,2020-10-02 12:42:00,51.76,51.8,51.72,51.73,0,0,50352
4864,2020-10-02 12:43:00,51.72,51.75,51.72,51.73,0,0,12930
4865,2020-10-02 12:44:00,51.72,51.76,51.71,51.75,0,0,26556
4866,2020-10-02 12:45:00,51.76,51.77,51.72,51.72,0,0,40683
4867,2020-10-02 12:46:00,51.71,51.72,51.63,51.65,0,0,60985
4868,2020-10-02 12:47:00,51.65,51.68,51.62,51.64,0,0,40454
4869,2020-10-02 12:48:00,51.64,51.67,51.62,51.62,0,0,18792
4870,2020-10-02 12:49:00,51.63,51.65,51.62,51.63,0,0,18958
4871,2020-10-02 12:50:00,51.63,51.64,51.56,51.6,0,0,68507
4872,2020-10-02 12:51:00,51.6,51.65,51.58,51.6,0,0,38593
4873,2020-10-02 12:52:00,51.6,51.65,51.6,51.64,0,0,42722
4874,2020-10-02 12:53:00,51.64,51.66,51.62,51.65,0,0,18216
4875,2020-10-02 12:54:00,51.65,51.68,51.65,51.65,0,0,15602
4876,2020-10-02 12:55:00,51.64,51.65,51.63,51.65,0,0,12600
4877,2020-10-02 12:56:00,51.66,51.69,51.63,51.69,0,0,20512
4878,2020-10-02 12:57:00,51.69,51.69,51.66,51.68,0,0,12171
4879,2020-10-02 12:58:00,51.67,51.69,51.62,51.62,0,0,26318
4880,2020-10-02 12:59:00,51.63,51.64,51.62,51.63,0,0,8377
4881,2020-10-02 13:00:00,51.62,51.67,51.62,51.67,0,0,14494
4882,2020-10-02 13:01:00,51.66,51.66,51.59,51.62,0,0,35476
4883,2020-10-02 13:02:00,51.62,51.64,51.6,51.62,0,0,32613
4884,2020-10-02 13:03:00,51.61,51.63,51.58,51.6,0,0,67980
4885,2020-10-02 13:04:00,51.61,51.62,51.55,51.56,0,0,34475
4886,2020-10-02 13:05:00,51.55,51.55,51.43,51.44,0,0,96889
4887,2020-10-02 13:06:00,51.43,51.44,51.4,51.43,0,0,61190
4888,2020-10-02 13:07:00,51.43,51.45,51.4,51.4,0,0,51609
4889,2020-10-02 13:08:00,51.41,51.46,51.4,51.45,0,0,33658
4890,2020-10-02 13:09:00,51.45,51.46,51.42,51.46,0,0,26282
4891,2020-10-02 13:10:00,51.45,51.56,51.44,51.55,0,0,33733
4892,2020-10-02 13:11:00,51.55,51.55,51.52,51.52,0,0,48833
4893,2020-10-02 13:12:00,51.52,51.52,51.43,51.45,0,0,67005
4894,2020-10-02 13:13:00,51.46,51.47,51.42,51.47,0,0,57027
4895,2020-10-02 13:14:00,51.47,51.49,51.44,51.44,0,0,17309
4896,2020-10-02 13:15:00,51.46,51.47,51.41,51.44,0,0,64002
4897,2020-10-02 13:16:00,51.43,51.47,51.42,51.47,0,0,21266
4898,2020-10-02 13:17:00,51.47,51.47,51.44,51.44,0,0,20173
4899,2020-10-02 13:18:00,51.44,51.44,51.4,51.43,0,0,62127
4900,2020-10-02 13:19:00,51.43,51.49,51.43,51.46,0,0,114121
4901,2020-10-02 13:20:00,51.46,51.47,51.42,51.47,0,0,38997
4902,2020-10-02 13:21:00,51.47,51.51,51.47,51.5,0,0,19560
4903,2020-10-02 13:22:00,51.5,51.51,51.49,51.5,0,0,17331
4904,2020-10-02 13:23:00,51.51,51.54,51.49,51.54,0,0,40756
4905,2020-10-02 13:24:00,51.54,51.57,51.54,51.55,0,0,24799
4906,2020-10-02 13:25:00,51.55,51.57,51.54,51.56,0,0,24523
4907,2020-10-02 13:26:00,51.56,51.56,51.55,51.56,0,0,6444
4908,2020-10-02 13:27:00,51.56,51.58,51.56,51.58,0,0,21697
4909,2020-10-02 13:28:00,51.57,51.58,51.53,51.56,0,0,33354
4910,2020-10-02 13:29:00,51.56,51.58,51.54,51.56,0,0,23609
4911,2020-10-02 13:30:00,51.56,51.58,51.53,51.54,0,0,16470
4912,2020-10-02 13:31:00,51.55,51.56,51.53,51.53,0,0,24909
4913,2020-10-02 13:32:00,51.52,51.52,51.46,51.49,0,0,38230
4914,2020-10-02 13:33:00,51.49,51.49,51.44,51.46,0,0,30002
4915,2020-10-02 13:34:00,51.46,51.46,51.37,51.38,0,0,29626
4916,2020-10-02 13:35:00,51.37,51.43,51.37,51.42,0,0,39754
4917,2020-10-02 13:36:00,51.42,51.44,51.4,51.42,0,0,29796
4918,2020-10-02 13:37:00,51.43,51.46,51.42,51.44,0,0,29302
4919,2020-10-02 13:38:00,51.44,51.48,51.44,51.47,0,0,15807
4920,2020-10-02 13:39:00,51.47,51.48,51.46,51.47,0,0,10919
4921,2020-10-02 13:40:00,51.48,51.49,51.25,51.3,0,0,160611
4922,2020-10-02 13:41:00,51.3,51.33,51.26,51.28,0,0,50232
4923,2020-10-02 13:42:00,51.29,51.31,51.26,51.29,0,0,16464
4924,2020-10-02 13:43:00,51.29,51.32,51.26,51.27,0,0,38493
4925,2020-10-02 13:44:00,51.26,51.29,51.26,51.28,0,0,18686
4926,2020-10-02 13:45:00,51.27,51.3,51.25,51.28,0,0,40878
4927,2020-10-02 13:46:00,51.28,51.29,51.25,51.28,0,0,31047
4928,2020-10-02 13:47:00,51.29,51.33,51.27,51.28,0,0,35403
4929,2020-10-02 13:48:00,51.29,51.31,51.26,51.31,0,0,21195
4930,2020-10-02 13:49:00,51.29,51.29,51.24,51.28,0,0,23058
4931,2020-10-02 13:50:00,51.28,51.28,51.22,51.25,0,0,35403
4932,2020-10-02 13:51:00,51.26,51.27,51.24,51.26,0,0,21152
4933,2020-10-02 13:52:00,51.25,51.25,51.21,51.24,0,0,22457
4934,2020-10-02 13:53:00,51.25,51.29,51.23,51.28,0,0,16163
4935,2020-10-02 13:54:00,51.27,51.3,51.26,51.28,0,0,31493
4936,2020-10-02 13:55:00,51.28,51.28,51.24,51.26,0,0,17989
4937,2020-10-02 13:56:00,51.27,51.29,51.25,51.27,0,0,16383
4938,2020-10-02 13:57:00,51.28,51.3,51.27,51.29,0,0,19408
4939,2020-10-02 13:58:00,51.29,51.33,51.28,51.32,0,0,36221
4940,2020-10-02 13:59:00,51.32,51.32,51.3,51.32,0,0,8128
4941,2020-10-02 14:00:00,51.31,51.37,51.31,51.37,0,0,30104
4942,2020-10-02 14:01:00,51.37,51.41,51.35,51.4,0,0,21868
4943,2020-10-02 14:02:00,51.4,51.45,51.38,51.42,0,0,32754
4944,2020-10-02 14:03:00,51.42,51.45,51.42,51.43,0,0,34119
4945,2020-10-02 14:04:00,51.43,51.44,51.4,51.44,0,0,20815
4946,2020-10-02 14:05:00,51.44,51.45,51.42,51.42,0,0,31658
4947,2020-10-02 14:06:00,51.42,51.5,51.41,51.49,0,0,60545
4948,2020-10-02 14:07:00,51.5,51.5,51.46,51.47,0,0,27022
4949,2020-10-02 14:08:00,51.48,51.49,51.47,51.49,0,0,18442
4950,2020-10-02 14:09:00,51.49,51.49,51.46,51.47,0,0,26948
4951,2020-10-02 14:10:00,51.48,51.48,51.46,51.48,0,0,10648
4952,2020-10-02 14:11:00,51.48,51.51,51.48,51.49,0,0,23100
4953,2020-10-02 14:12:00,51.5,51.53,51.5,51.51,0,0,24435
4954,2020-10-02 14:13:00,51.51,51.51,51.48,51.5,0,0,25386
4955,2020-10-02 14:14:00,51.51,51.52,51.49,51.5,0,0,18274
4956,2020-10-02 14:15:00,51.5,51.51,51.47,51.5,0,0,31112
4957,2020-10-02 14:16:00,51.49,51.5,51.47,51.47,0,0,31355
4958,2020-10-02 14:17:00,51.48,51.5,51.46,51.5,0,0,21813
4959,2020-10-02 14:18:00,51.5,51.51,51.49,51.51,0,0,31176
4960,2020-10-02 14:19:00,51.49,51.51,51.49,51.49,0,0,27570
4961,2020-10-02 14:20:00,51.5,51.52,51.49,51.5,0,0,29142
4962,2020-10-02 14:21:00,51.5,51.53,51.5,51.51,0,0,26820
4963,2020-10-02 14:22:00,51.52,51.52,51.45,51.47,0,0,35997
4964,2020-10-02 14:23:00,51.47,51.47,51.44,51.45,0,0,21365
4965,2020-10-02 14:24:00,51.45,51.47,51.43,51.46,0,0,24125
4966,2020-10-02 14:25:00,51.46,51.47,51.44,51.44,0,0,20641
4967,2020-10-02 14:26:00,51.44,51.44,51.39,51.4,0,0,44956
4968,2020-10-02 14:27:00,51.4,51.42,51.4,51.4,0,0,35023
4969,2020-10-02 14:28:00,51.41,51.41,51.38,51.39,0,0,26396
4970,2020-10-02 14:29:00,51.38,51.39,51.38,51.38,0,0,26402
4971,2020-10-02 14:30:00,51.4,51.44,51.39,51.39,0,0,53037
4972,2020-10-02 14:31:00,51.38,51.39,51.28,51.29,0,0,80766
4973,2020-10-02 14:32:00,51.29,51.31,51.23,51.27,0,0,67909
4974,2020-10-02 14:33:00,51.28,51.28,51.22,51.24,0,0,60479
4975,2020-10-02 14:34:00,51.24,51.29,51.24,51.26,0,0,42665
4976,2020-10-02 14:35:00,51.27,51.27,51.22,51.23,0,0,46096
4977,2020-10-02 14:36:00,51.23,51.29,51.22,51.25,0,0,42053
4978,2020-10-02 14:37:00,51.24,51.28,51.22,51.23,0,0,42795
4979,2020-10-02 14:38:00,51.24,51.27,51.22,51.26,0,0,45635
4980,2020-10-02 14:39:00,51.26,51.26,51.21,51.21,0,0,42884
4981,2020-10-02 14:40:00,51.21,51.26,51.21,51.21,0,0,73349
4982,2020-10-02 14:41:00,51.22,51.29,51.21,51.28,0,0,32824
4983,2020-10-02 14:42:00,51.28,51.33,51.28,51.33,0,0,34555
4984,2020-10-02 14:43:00,51.33,51.33,51.28,51.29,0,0,26862
4985,2020-10-02 14:44:00,51.29,51.29,51.26,51.27,0,0,33113
4986,2020-10-02 14:45:00,51.27,51.28,51.24,51.24,0,0,25016
4987,2020-10-02 14:46:00,51.25,51.37,51.24,51.35,0,0,83936
4988,2020-10-02 14:47:00,51.35,51.35,51.31,51.32,0,0,23760
4989,2020-10-02 14:48:00,51.31,51.32,51.26,51.31,0,0,38517
4990,2020-10-02 14:49:00,51.32,51.34,51.28,51.28,0,0,65857
4991,2020-10-02 14:50:00,51.27,51.3,51.22,51.23,0,0,32521
4992,2020-10-02 14:51:00,51.24,51.26,51.22,51.24,0,0,34213
4993,2020-10-02 14:52:00,51.25,51.26,51.22,51.23,0,0,36269
4994,2020-10-02 14:53:00,51.24,51.28,51.24,51.26,0,0,38061
4995,2020-10-02 14:54:00,51.26,51.29,51.26,51.29,0,0,23769
4996,2020-10-02 14:55:00,51.28,51.46,51.28,51.43,0,0,166668
4997,2020-10-02 14:56:00,51.43,51.45,51.4,51.4,0,0,41575
4998,2020-10-02 14:57:00,51.4,51.4,51.35,51.37,0,0,19967
4999,2020-10-02 14:58:00,51.37,51.37,51.33,51.35,0,0,22793
5000,2020-10-02 14:59:00,51.36,51.4,51.35,51.38,0,0,28479
5001,2020-10-02 15:00:00,51.39,51.42,51.35,51.37,0,0,39269
5002,2020-10-02 15:01:00,51.37,51.38,51.3,51.32,0,0,33021
5003,2020-10-02 15:02:00,51.33,51.33,51.26,51.32,0,0,39627
5004,2020-10-02 15:03:00,51.32,51.37,51.32,51.35,0,0,53317
5005,2020-10-02 15:04:00,51.35,51.37,51.31,51.35,0,0,57640
5006,2020-10-02 15:05:00,51.34,51.34,51.31,51.32,0,0,59213
5007,2020-10-02 15:06:00,51.32,51.34,51.29,51.33,0,0,32412
5008,2020-10-02 15:07:00,51.34,51.35,51.31,51.33,0,0,27297
5009,2020-10-02 15:08:00,51.34,51.35,51.28,51.32,0,0,36325
5010,2020-10-02 15:09:00,51.33,51.33,51.28,51.31,0,0,25599
5011,2020-10-02 15:10:00,51.3,51.35,51.29,51.33,0,0,31620
5012,2020-10-02 15:11:00,51.33,51.42,51.26,51.28,0,0,182287
5013,2020-10-02 15:12:00,51.28,51.3,51.15,51.19,0,0,144628
5014,2020-10-02 15:13:00,51.19,51.23,51.17,51.19,0,0,45300
5015,2020-10-02 15:14:00,51.2,51.22,51.19,51.2,0,0,40888
5016,2020-10-02 15:15:00,51.21,51.21,51.16,51.17,0,0,31179
5017,2020-10-02 15:16:00,51.18,51.25,51.18,51.23,0,0,46016
5018,2020-10-02 15:17:00,51.22,51.31,51.22,51.29,0,0,53275
5019,2020-10-02 15:18:00,51.29,51.32,51.26,51.31,0,0,42505
5020,2020-10-02 15:19:00,51.31,51.32,51.29,51.29,0,0,16674
5021,2020-10-02 15:20:00,51.29,51.39,51.27,51.38,0,0,65397
5022,2020-10-02 15:21:00,51.38,51.38,51.35,51.36,0,0,30965
5023,2020-10-02 15:22:00,51.36,51.36,51.3,51.33,0,0,41881
5024,2020-10-02 15:23:00,51.33,51.33,51.28,51.31,0,0,64902
5025,2020-10-02 15:24:00,51.31,51.33,51.28,51.31,0,0,45251
5026,2020-10-02 15:25:00,51.31,51.33,51.3,51.33,0,0,61168
5027,2020-10-02 15:26:00,51.33,51.33,51.3,51.33,0,0,108066
5028,2020-10-02 15:27:00,51.33,51.36,51.31,51.34,0,0,51353
5029,2020-10-02 15:28:00,51.35,51.37,51.32,51.34,0,0,27439
5030,2020-10-02 15:29:00,51.34,51.36,51.32,51.33,0,0,35042
5031,2020-10-02 15:30:00,51.33,51.35,51.29,51.34,0,0,36335
5032,2020-10-02 15:31:00,51.35,51.37,51.32,51.35,0,0,52111
5033,2020-10-02 15:32:00,51.34,51.37,51.3,51.35,0,0,65361
5034,2020-10-02 15:33:00,51.35,51.38,51.34,51.35,0,0,39739
5035,2020-10-02 15:34:00,51.35,51.36,51.32,51.33,0,0,77144
5036,2020-10-02 15:35:00,51.32,51.36,51.31,51.36,0,0,35564
5037,2020-10-02 15:36:00,51.35,51.36,51.33,51.36,0,0,42979
5038,2020-10-02 15:37:00,51.35,51.37,51.33,51.33,0,0,58464
5039,2020-10-02 15:38:00,51.34,51.36,51.29,51.3,0,0,78958
5040,2020-10-02 15:39:00,51.3,51.33,51.29,51.33,0,0,53848
5041,2020-10-02 15:40:00,51.33,51.34,51.32,51.32,0,0,33705
5042,2020-10-02 15:41:00,51.33,51.34,51.25,51.26,0,0,91178
5043,2020-10-02 15:42:00,51.25,51.26,51.24,51.26,0,0,35456
5044,2020-10-02 15:43:00,51.26,51.29,51.24,51.24,0,0,70330
5045,2020-10-02 15:44:00,51.24,51.25,51.23,51.25,0,0,30795
5046,2020-10-02 15:45:00,51.25,51.26,51.22,51.22,0,0,72074
5047,2020-10-02 15:46:00,51.21,51.22,51.19,51.19,0,0,41270
5048,2020-10-02 15:47:00,51.19,51.21,51.18,51.2,0,0,63967
5049,2020-10-02 15:48:00,51.2,51.22,51.17,51.18,0,0,86403
5050,2020-10-02 15:49:00,51.18,51.2,51.17,51.19,0,0,40046
5051,2020-10-02 15:50:00,51.2,51.21,51.05,51.06,0,0,247291
5052,2020-10-02 15:51:00,51.06,51.1,51.03,51.06,0,0,124301
5053,2020-10-02 15:52:00,51.06,51.07,51.02,51.05,0,0,102769
5054,2020-10-02 15:53:00,51.06,51.08,51.03,51.05,0,0,114197
5055,2020-10-02 15:54:00,51.04,51.08,51.02,51.03,0,0,159004
5056,2020-10-02 15:55:00,51.03,51.04,51.01,51.02,0,0,87101
5057,2020-10-02 15:56:00,51.02,51.06,51.01,51.03,0,0,177135
5058,2020-10-02 15:57:00,51.03,51.04,51.01,51.03,0,0,154334
5059,2020-10-02 15:58:00,51.03,51.04,51.01,51.04,0,0,247750
5060,2020-10-02 15:59:00,51.03,51.04,50.99,51.01,0,0,781086
5061,2020-10-05 09:30:00,51.3,51.52,51.27,51.51,0,0,459615
5062,2020-10-05 09:31:00,51.51,51.59,51.48,51.57,0,0,173725
5063,2020-10-05 09:32:00,51.58,51.62,51.54,51.58,0,0,49184
5064,2020-10-05 09:33:00,51.52,51.53,51.49,51.5,0,0,212682
5065,2020-10-05 09:34:00,51.49,51.51,51.48,51.51,0,0,72242
5066,2020-10-05 09:35:00,51.5,51.56,51.46,51.49,0,0,221108
5067,2020-10-05 09:36:00,51.54,51.56,51.52,51.54,0,0,133091
5068,2020-10-05 09:37:00,51.55,51.55,51.51,51.53,0,0,95113
5069,2020-10-05 09:38:00,51.52,51.53,51.51,51.51,0,0,81887
5070,2020-10-05 09:39:00,51.5,51.51,51.45,51.48,0,0,107255
5071,2020-10-05 09:40:00,51.5,51.55,51.49,51.5,0,0,58804
5072,2020-10-05 09:41:00,51.5,51.52,51.47,51.49,0,0,59229
5073,2020-10-05 09:42:00,51.46,51.48,51.44,51.46,0,0,60843
5074,2020-10-05 09:43:00,51.43,51.43,51.4,51.4,0,0,65757
5075,2020-10-05 09:44:00,51.4,51.4,51.35,51.38,0,0,59793
5076,2020-10-05 09:45:00,51.38,51.38,51.28,51.29,0,0,93113
5077,2020-10-05 09:46:00,51.29,51.37,51.29,51.33,0,0,82814
5078,2020-10-05 09:47:00,51.34,51.41,51.32,51.39,0,0,103336
5079,2020-10-05 09:48:00,51.38,51.41,51.38,51.41,0,0,42441
5080,2020-10-05 09:49:00,51.42,51.42,51.38,51.4,0,0,45131
5081,2020-10-05 09:50:00,51.42,51.47,51.41,51.46,0,0,67792
5082,2020-10-05 09:51:00,51.45,51.46,51.42,51.42,0,0,56387
5083,2020-10-05 09:52:00,51.42,51.52,51.42,51.5,0,0,76018
5084,2020-10-05 09:53:00,51.48,51.49,51.48,51.49,0,0,38401
5085,2020-10-05 09:54:00,51.47,51.47,51.46,51.46,0,0,25237
5086,2020-10-05 09:55:00,51.5,51.54,51.5,51.54,0,0,50258
5087,2020-10-05 09:56:00,51.48,51.48,51.47,51.47,0,0,58453
5088,2020-10-05 09:57:00,51.46,51.48,51.45,51.47,0,0,29858
5089,2020-10-05 09:58:00,51.47,51.47,51.4,51.4,0,0,63013
5090,2020-10-05 09:59:00,51.4,51.4,51.38,51.4,0,0,62781
5091,2020-10-05 10:00:00,51.43,51.47,51.41,51.45,0,0,56035
5092,2020-10-05 10:01:00,51.46,51.47,51.43,51.45,0,0,30761
5093,2020-10-05 10:02:00,51.45,51.46,51.42,51.43,0,0,38724
5094,2020-10-05 10:03:00,51.43,51.48,51.43,51.44,0,0,36165
5095,2020-10-05 10:04:00,51.44,51.45,51.42,51.42,0,0,35499
5096,2020-10-05 10:05:00,51.42,51.45,51.41,51.45,0,0,37034
5097,2020-10-05 10:06:00,51.46,51.47,51.43,51.44,0,0,50063
5098,2020-10-05 10:07:00,51.43,51.48,51.42,51.47,0,0,59469
5099,2020-10-05 10:08:00,51.47,51.48,51.44,51.44,0,0,34962
5100,2020-10-05 10:09:00,51.44,51.47,51.43,51.46,0,0,33139
5101,2020-10-05 10:10:00,51.47,51.47,51.41,51.43,0,0,35851
5102,2020-10-05 10:11:00,51.43,51.43,51.38,51.39,0,0,43229
5103,2020-10-05 10:12:00,51.39,51.4,51.36,51.38,0,0,62714
5104,2020-10-05 10:13:00,51.38,51.42,51.38,51.4,0,0,65912
5105,2020-10-05 10:14:00,51.41,51.44,51.4,51.42,0,0,79526
5106,2020-10-05 10:15:00,51.43,51.46,51.42,51.46,0,0,29446
5107,2020-10-05 10:16:00,51.46,51.51,51.46,51.51,0,0,52911
5108,2020-10-05 10:17:00,51.51,51.51,51.49,51.49,0,0,31497
5109,2020-10-05 10:18:00,51.5,51.53,51.49,51.53,0,0,37695
5110,2020-10-05 10:19:00,51.53,51.53,51.49,51.49,0,0,66313
5111,2020-10-05 10:20:00,51.5,51.54,51.5,51.53,0,0,25618
5112,2020-10-05 10:21:00,51.53,51.56,51.52,51.55,0,0,45479
5113,2020-10-05 10:22:00,51.56,51.6,51.55,51.58,0,0,69804
5114,2020-10-05 10:23:00,51.58,51.59,51.56,51.56,0,0,33274
5115,2020-10-05 10:24:00,51.56,51.56,51.54,51.55,0,0,19123
5116,2020-10-05 10:25:00,51.55,51.55,51.51,51.54,0,0,56056
5117,2020-10-05 10:26:00,51.55,51.56,51.53,51.54,0,0,36399
5118,2020-10-05 10:27:00,51.54,51.55,51.52,51.54,0,0,21399
5119,2020-10-05 10:28:00,51.54,51.55,51.52,51.52,0,0,44579
5120,2020-10-05 10:29:00,51.53,51.54,51.51,51.51,0,0,26743
5121,2020-10-05 10:30:00,51.51,51.56,51.51,51.54,0,0,51035
5122,2020-10-05 10:31:00,51.54,51.58,51.54,51.56,0,0,53399
5123,2020-10-05 10:32:00,51.56,51.64,51.54,51.64,0,0,147186
5124,2020-10-05 10:33:00,51.64,51.67,51.62,51.63,0,0,43888
5125,2020-10-05 10:34:00,51.63,51.66,51.63,51.65,0,0,32541
5126,2020-10-05 10:35:00,51.65,51.66,51.63,51.65,0,0,30756
5127,2020-10-05 10:36:00,51.65,51.65,51.62,51.63,0,0,34642
5128,2020-10-05 10:37:00,51.64,51.64,51.6,51.6,0,0,25924
5129,2020-10-05 10:38:00,51.6,51.61,51.58,51.61,0,0,25035
5130,2020-10-05 10:39:00,51.6,51.61,51.56,51.57,0,0,36069
5131,2020-10-05 10:40:00,51.57,51.59,51.57,51.57,0,0,18337
5132,2020-10-05 10:41:00,51.58,51.6,51.57,51.58,0,0,17838
5133,2020-10-05 10:42:00,51.59,51.61,51.58,51.6,0,0,25570
5134,2020-10-05 10:43:00,51.6,51.6,51.58,51.58,0,0,37674
5135,2020-10-05 10:44:00,51.58,51.59,51.54,51.54,0,0,31065
5136,2020-10-05 10:45:00,51.54,51.57,51.54,51.56,0,0,22126
5137,2020-10-05 10:46:00,51.57,51.58,51.56,51.57,0,0,21025
5138,2020-10-05 10:47:00,51.56,51.58,51.55,51.56,0,0,31021
5139,2020-10-05 10:48:00,51.57,51.58,51.54,51.55,0,0,21779
5140,2020-10-05 10:49:00,51.55,51.57,51.54,51.54,0,0,42296
5141,2020-10-05 10:50:00,51.54,51.54,51.52,51.53,0,0,25767
5142,2020-10-05 10:51:00,51.53,51.54,51.52,51.53,0,0,23099
5143,2020-10-05 10:52:00,51.53,51.55,51.51,51.51,0,0,17618
5144,2020-10-05 10:53:00,51.51,51.52,51.5,51.5,0,0,27916
5145,2020-10-05 10:54:00,51.5,51.51,51.47,51.47,0,0,33250
5146,2020-10-05 10:55:00,51.48,51.49,51.47,51.47,0,0,34244
5147,2020-10-05 10:56:00,51.47,51.48,51.46,51.46,0,0,17374
5148,2020-10-05 10:57:00,51.47,51.49,51.46,51.48,0,0,33451
5149,2020-10-05 10:58:00,51.49,51.5,51.49,51.49,0,0,9517
5150,2020-10-05 10:59:00,51.49,51.5,51.47,51.48,0,0,34819
5151,2020-10-05 11:00:00,51.48,51.49,51.47,51.47,0,0,36124
5152,2020-10-05 11:01:00,51.47,51.49,51.47,51.49,0,0,24535
5153,2020-10-05 11:02:00,51.48,51.51,51.48,51.5,0,0,25965
5154,2020-10-05 11:03:00,51.51,51.53,51.5,51.5,0,0,33171
5155,2020-10-05 11:04:00,51.5,51.56,51.5,51.54,0,0,33278
5156,2020-10-05 11:05:00,51.55,51.58,51.54,51.57,0,0,55576
5157,2020-10-05 11:06:00,51.58,51.59,51.57,51.57,0,0,25648
5158,2020-10-05 11:07:00,51.57,51.58,51.55,51.56,0,0,16990
5159,2020-10-05 11:08:00,51.56,51.59,51.56,51.59,0,0,34293
5160,2020-10-05 11:09:00,51.58,51.59,51.56,51.56,0,0,23402
5161,2020-10-05 11:10:00,51.56,51.56,51.54,51.54,0,0,23856
5162,2020-10-05 11:11:00,51.54,51.58,51.54,51.57,0,0,20415
5163,2020-10-05 11:12:00,51.56,51.58,51.56,51.57,0,0,23143
5164,2020-10-05 11:13:00,51.56,51.6,51.56,51.59,0,0,22574
5165,2020-10-05 11:14:00,51.59,51.62,51.59,51.61,0,0,57552
5166,2020-10-05 11:15:00,51.6,51.65,51.6,51.65,0,0,28191
5167,2020-10-05 11:16:00,51.65,51.7,51.65,51.68,0,0,78634
5168,2020-10-05 11:17:00,51.69,51.7,51.68,51.69,0,0,38118
5169,2020-10-05 11:18:00,51.69,51.73,51.69,51.72,0,0,48158
5170,2020-10-05 11:19:00,51.73,51.73,51.7,51.72,0,0,38055
5171,2020-10-05 11:20:00,51.72,51.72,51.69,51.7,0,0,39469
5172,2020-10-05 11:21:00,51.7,51.71,51.67,51.71,0,0,34448
5173,2020-10-05 11:22:00,51.71,51.72,51.68,51.69,0,0,35940
5174,2020-10-05 11:23:00,51.69,51.71,51.69,51.71,0,0,26236
5175,2020-10-05 11:24:00,51.71,51.71,51.69,51.69,0,0,40953
5176,2020-10-05 11:25:00,51.7,51.7,51.66,51.67,0,0,29721
5177,2020-10-05 11:26:00,51.67,51.69,51.67,51.68,0,0,21672
5178,2020-10-05 11:27:00,51.68,51.7,51.65,51.66,0,0,58811
5179,2020-10-05 11:28:00,51.67,51.7,51.67,51.7,0,0,30103
5180,2020-10-05 11:29:00,51.69,51.72,51.65,51.65,0,0,55766
5181,2020-10-05 11:30:00,51.65,51.66,51.59,51.6,0,0,56479
5182,2020-10-05 11:31:00,51.6,51.6,51.58,51.58,0,0,29567
5183,2020-10-05 11:32:00,51.58,51.61,51.58,51.61,0,0,34488
5184,2020-10-05 11:33:00,51.61,51.63,51.6,51.63,0,0,16589
5185,2020-10-05 11:34:00,51.62,51.62,51.6,51.6,0,0,23668
5186,2020-10-05 11:35:00,51.6,51.65,51.6,51.64,0,0,54498
5187,2020-10-05 11:36:00,51.65,51.65,51.63,51.65,0,0,20739
5188,2020-10-05 11:37:00,51.66,51.7,51.65,51.69,0,0,29411
5189,2020-10-05 11:38:00,51.69,51.69,51.67,51.69,0,0,17577
5190,2020-10-05 11:39:00,51.69,51.69,51.65,51.65,0,0,30494
5191,2020-10-05 11:40:00,51.65,51.66,51.63,51.65,0,0,41108
5192,2020-10-05 11:41:00,51.64,51.65,51.63,51.64,0,0,27711
5193,2020-10-05 11:42:00,51.65,51.66,51.63,51.65,0,0,39918
5194,2020-10-05 11:43:00,51.64,51.64,51.62,51.64,0,0,17208
5195,2020-10-05 11:44:00,51.65,51.65,51.62,51.63,0,0,44353
5196,2020-10-05 11:45:00,51.63,51.65,51.6,51.65,0,0,20800
5197,2020-10-05 11:46:00,51.65,51.65,51.64,51.64,0,0,27362
5198,2020-10-05 11:47:00,51.64,51.65,51.63,51.65,0,0,22472
5199,2020-10-05 11:48:00,51.64,51.65,51.61,51.63,0,0,21326
5200,2020-10-05 11:49:00,51.64,51.64,51.63,51.63,0,0,25134
5201,2020-10-05 11:50:00,51.63,51.66,51.62,51.66,0,0,28699
5202,2020-10-05 11:51:00,51.65,51.66,51.64,51.66,0,0,15842
5203,2020-10-05 11:52:00,51.65,51.66,51.65,51.65,0,0,34460
5204,2020-10-05 11:53:00,51.65,51.66,51.65,51.65,0,0,34309
5205,2020-10-05 11:54:00,51.65,51.65,51.62,51.64,0,0,22973
5206,2020-10-05 11:55:00,51.65,51.65,51.63,51.65,0,0,22499
5207,2020-10-05 11:56:00,51.64,51.67,51.64,51.65,0,0,36123
5208,2020-10-05 11:57:00,51.65,51.66,51.64,51.64,0,0,14896
5209,2020-10-05 11:58:00,51.65,51.67,51.64,51.67,0,0,46126
5210,2020-10-05 11:59:00,51.68,51.72,51.67,51.7,0,0,69796
5211,2020-10-05 12:00:00,51.7,51.71,51.69,51.71,0,0,21606
5212,2020-10-05 12:01:00,51.71,51.71,51.69,51.7,0,0,20384
5213,2020-10-05 12:02:00,51.69,51.73,51.69,51.72,0,0,27585
5214,2020-10-05 12:03:00,51.72,51.75,51.72,51.74,0,0,46945
5215,2020-10-05 12:04:00,51.74,51.75,51.73,51.74,0,0,21065
5216,2020-10-05 12:05:00,51.74,51.77,51.74,51.76,0,0,37540
5217,2020-10-05 12:06:00,51.76,51.78,51.76,51.77,0,0,22453
5218,2020-10-05 12:07:00,51.76,51.78,51.76,51.76,0,0,32579
5219,2020-10-05 12:08:00,51.76,51.78,51.75,51.78,0,0,57456
5220,2020-10-05 12:09:00,51.78,51.79,51.78,51.78,0,0,20843
5221,2020-10-05 12:10:00,51.78,51.8,51.78,51.8,0,0,28614
5222,2020-10-05 12:11:00,51.79,51.81,51.78,51.81,0,0,26126
5223,2020-10-05 12:12:00,51.8,51.8,51.78,51.78,0,0,29486
5224,2020-10-05 12:13:00,51.78,51.81,51.78,51.8,0,0,22693
5225,2020-10-05 12:14:00,51.8,51.81,51.78,51.81,0,0,21767
5226,2020-10-05 12:15:00,51.81,51.81,51.76,51.77,0,0,22459
5227,2020-10-05 12:16:00,51.78,51.78,51.74,51.74,0,0,34407
5228,2020-10-05 12:17:00,51.74,51.77,51.74,51.76,0,0,28334
5229,2020-10-05 12:18:00,51.76,51.76,51.73,51.74,0,0,23744
5230,2020-10-05 12:19:00,51.74,51.74,51.72,51.74,0,0,17653
5231,2020-10-05 12:20:00,51.74,51.77,51.72,51.77,0,0,31613
5232,2020-10-05 12:21:00,51.77,51.78,51.76,51.77,0,0,36007
5233,2020-10-05 12:22:00,51.77,51.78,51.76,51.76,0,0,17708
5234,2020-10-05 12:23:00,51.76,51.76,51.75,51.76,0,0,23887
5235,2020-10-05 12:24:00,51.76,51.8,51.76,51.8,0,0,31995
5236,2020-10-05 12:25:00,51.79,51.8,51.78,51.78,0,0,27110
5237,2020-10-05 12:26:00,51.79,51.79,51.78,51.78,0,0,26767
5238,2020-10-05 12:27:00,51.77,51.79,51.77,51.78,0,0,11785
5239,2020-10-05 12:28:00,51.78,51.78,51.78,51.78,0,0,18719
5240,2020-10-05 12:29:00,51.78,51.8,51.78,51.79,0,0,15558
5241,2020-10-05 12:30:00,51.79,51.81,51.78,51.81,0,0,23044
5242,2020-10-05 12:31:00,51.81,51.81,51.79,51.79,0,0,15818
5243,2020-10-05 12:32:00,51.8,51.81,51.78,51.78,0,0,15951
5244,2020-10-05 12:33:00,51.78,51.79,51.77,51.77,0,0,18532
5245,2020-10-05 12:34:00,51.77,51.78,51.75,51.75,0,0,26071
5246,2020-10-05 12:35:00,51.75,51.75,51.73,51.74,0,0,18189
5247,2020-10-05 12:36:00,51.74,51.74,51.72,51.72,0,0,32617
5248,2020-10-05 12:37:00,51.72,51.72,51.7,51.7,0,0,16005
5249,2020-10-05 12:38:00,51.71,51.71,51.69,51.69,0,0,40383
5250,2020-10-05 12:39:00,51.7,51.71,51.69,51.71,0,0,26285
5251,2020-10-05 12:40:00,51.71,51.71,51.68,51.69,0,0,12678
5252,2020-10-05 12:41:00,51.68,51.69,51.67,51.67,0,0,33131
5253,2020-10-05 12:42:00,51.66,51.67,51.65,51.65,0,0,14902
5254,2020-10-05 12:43:00,51.65,51.65,51.62,51.62,0,0,26178
5255,2020-10-05 12:44:00,51.62,51.63,51.61,51.61,0,0,29872
5256,2020-10-05 12:45:00,51.62,51.64,51.62,51.63,0,0,44002
5257,2020-10-05 12:46:00,51.63,51.64,51.61,51.62,0,0,16933
5258,2020-10-05 12:47:00,51.61,51.62,51.61,51.61,0,0,10479
5259,2020-10-05 12:48:00,51.61,51.62,51.6,51.61,0,0,44006
5260,2020-10-05 12:49:00,51.62,51.62,51.58,51.58,0,0,28370
5261,2020-10-05 12:50:00,51.58,51.6,51.56,51.57,0,0,43561
5262,2020-10-05 12:51:00,51.57,51.6,51.57,51.58,0,0,18801
5263,2020-10-05 12:52:00,51.58,51.59,51.56,51.56,0,0,25246
5264,2020-10-05 12:53:00,51.56,51.57,51.54,51.54,0,0,35195
5265,2020-10-05 12:54:00,51.54,51.55,51.52,51.53,0,0,49177
5266,2020-10-05 12:55:00,51.53,51.56,51.53,51.54,0,0,25825
5267,2020-10-05 12:56:00,51.54,51.56,51.54,51.54,0,0,19548
5268,2020-10-05 12:57:00,51.54,51.56,51.54,51.55,0,0,31188
5269,2020-10-05 12:58:00,51.55,51.56,51.53,51.53,0,0,30499
5270,2020-10-05 12:59:00,51.53,51.55,51.53,51.53,0,0,34430
5271,2020-10-05 13:00:00,51.54,51.54,51.51,51.52,0,0,33718
5272,2020-10-05 13:01:00,51.52,51.52,51.5,51.51,0,0,45990
5273,2020-10-05 13:02:00,51.51,51.51,51.46,51.47,0,0,50892
5274,2020-10-05 13:03:00,51.47,51.49,51.47,51.49,0,0,21042
5275,2020-10-05 13:04:00,51.48,51.5,51.48,51.49,0,0,45620
5276,2020-10-05 13:05:00,51.49,51.5,51.48,51.49,0,0,38971
5277,2020-10-05 13:06:00,51.48,51.48,51.47,51.47,0,0,39742
5278,2020-10-05 13:07:00,51.47,51.48,51.46,51.47,0,0,27794
5279,2020-10-05 13:08:00,51.47,51.47,51.44,51.44,0,0,54371
5280,2020-10-05 13:09:00,51.44,51.45,51.42,51.44,0,0,50995
5281,2020-10-05 13:10:00,51.44,51.47,51.44,51.47,0,0,45720
5282,2020-10-05 13:11:00,51.47,51.47,51.44,51.47,0,0,45619
5283,2020-10-05 13:12:00,51.46,51.47,51.46,51.47,0,0,48188
5284,2020-10-05 13:13:00,51.46,51.47,51.45,51.46,0,0,23081
5285,2020-10-05 13:14:00,51.45,51.47,51.45,51.47,0,0,60025
5286,2020-10-05 13:15:00,51.47,51.47,51.46,51.47,0,0,26311
5287,2020-10-05 13:16:00,51.46,51.46,51.42,51.42,0,0,39815
5288,2020-10-05 13:17:00,51.42,51.42,51.4,51.42,0,0,35318
5289,2020-10-05 13:18:00,51.42,51.44,51.41,51.42,0,0,33091
5290,2020-10-05 13:19:00,51.42,51.42,51.41,51.41,0,0,18307
5291,2020-10-05 13:20:00,51.41,51.45,51.41,51.45,0,0,49034
5292,2020-10-05 13:21:00,51.44,51.44,51.42,51.42,0,0,28503
5293,2020-10-05 13:22:00,51.42,51.44,51.4,51.44,0,0,51906
5294,2020-10-05 13:23:00,51.44,51.45,51.42,51.44,0,0,40727
5295,2020-10-05 13:24:00,51.44,51.44,51.42,51.42,0,0,14555
5296,2020-10-05 13:25:00,51.42,51.43,51.41,51.42,0,0,22656
5297,2020-10-05 13:26:00,51.42,51.44,51.42,51.44,0,0,34071
5298,2020-10-05 13:27:00,51.43,51.45,51.42,51.42,0,0,34432
5299,2020-10-05 13:28:00,51.42,51.42,51.41,51.41,0,0,16883
5300,2020-10-05 13:29:00,51.42,51.42,51.41,51.41,0,0,14675
5301,2020-10-05 13:30:00,51.41,51.42,51.38,51.38,0,0,45001
5302,2020-10-05 13:31:00,51.38,51.4,51.35,51.4,0,0,83814
5303,2020-10-05 13:32:00,51.39,51.4,51.38,51.39,0,0,32373
5304,2020-10-05 13:33:00,51.4,51.4,51.37,51.38,0,0,44468
5305,2020-10-05 13:34:00,51.37,51.4,51.36,51.38,0,0,33197
5306,2020-10-05 13:35:00,51.39,51.39,51.38,51.38,0,0,15809
5307,2020-10-05 13:36:00,51.38,51.4,51.36,51.37,0,0,47451
5308,2020-10-05 13:37:00,51.36,51.38,51.36,51.38,0,0,20720
5309,2020-10-05 13:38:00,51.38,51.4,51.38,51.4,0,0,26969
5310,2020-10-05 13:39:00,51.39,51.42,51.39,51.4,0,0,38135
5311,2020-10-05 13:40:00,51.4,51.43,51.4,51.42,0,0,24619
5312,2020-10-05 13:41:00,51.42,51.43,51.42,51.43,0,0,15199
5313,2020-10-05 13:42:00,51.42,51.44,51.42,51.42,0,0,41692
5314,2020-10-05 13:43:00,51.42,51.42,51.39,51.39,0,0,32659
5315,2020-10-05 13:44:00,51.39,51.41,51.38,51.4,0,0,46840
5316,2020-10-05 13:45:00,51.4,51.42,51.39,51.42,0,0,29285
5317,2020-10-05 13:46:00,51.42,51.42,51.4,51.42,0,0,33707
5318,2020-10-05 13:47:00,51.42,51.42,51.38,51.41,0,0,34776
5319,2020-10-05 13:48:00,51.42,51.42,51.37,51.38,0,0,56744
5320,2020-10-05 13:49:00,51.38,51.4,51.37,51.38,0,0,23804
5321,2020-10-05 13:50:00,51.38,51.38,51.36,51.37,0,0,26866
5322,2020-10-05 13:51:00,51.37,51.4,51.36,51.37,0,0,52042
5323,2020-10-05 13:52:00,51.37,51.38,51.36,51.38,0,0,33668
5324,2020-10-05 13:53:00,51.38,51.4,51.37,51.38,0,0,23088
5325,2020-10-05 13:54:00,51.38,51.38,51.37,51.38,0,0,26647
5326,2020-10-05 13:55:00,51.39,51.39,51.35,51.38,0,0,18824
5327,2020-10-05 13:56:00,51.38,51.38,51.35,51.37,0,0,44128
5328,2020-10-05 13:57:00,51.36,51.37,51.33,51.35,0,0,52470
5329,2020-10-05 13:58:00,51.35,51.36,51.34,51.35,0,0,43892
5330,2020-10-05 13:59:00,51.35,51.36,51.34,51.34,0,0,45050
5331,2020-10-05 14:00:00,51.34,51.36,51.33,51.35,0,0,40299
5332,2020-10-05 14:01:00,51.35,51.35,51.31,51.32,0,0,73638
5333,2020-10-05 14:02:00,51.33,51.33,51.32,51.33,0,0,23926
5334,2020-10-05 14:03:00,51.33,51.34,51.3,51.31,0,0,47287
5335,2020-10-05 14:04:00,51.31,51.32,51.3,51.31,0,0,40227
5336,2020-10-05 14:05:00,51.31,51.31,51.29,51.3,0,0,28433
5337,2020-10-05 14:06:00,51.3,51.33,51.3,51.32,0,0,28549
5338,2020-10-05 14:07:00,51.32,51.34,51.32,51.33,0,0,38473
5339,2020-10-05 14:08:00,51.33,51.36,51.32,51.36,0,0,50060
5340,2020-10-05 14:09:00,51.36,51.37,51.33,51.33,0,0,36624
5341,2020-10-05 14:10:00,51.33,51.36,51.33,51.35,0,0,32621
5342,2020-10-05 14:11:00,51.35,51.36,51.34,51.36,0,0,16941
5343,2020-10-05 14:12:00,51.35,51.37,51.34,51.37,0,0,25472
5344,2020-10-05 14:13:00,51.36,51.37,51.36,51.36,0,0,18710
5345,2020-10-05 14:14:00,51.37,51.37,51.36,51.37,0,0,16902
5346,2020-10-05 14:15:00,51.36,51.37,51.35,51.35,0,0,15318
5347,2020-10-05 14:16:00,51.35,51.36,51.35,51.35,0,0,13660
5348,2020-10-05 14:17:00,51.36,51.36,51.34,51.35,0,0,24646
5349,2020-10-05 14:18:00,51.35,51.37,51.35,51.36,0,0,32348
5350,2020-10-05 14:19:00,51.37,51.38,51.35,51.35,0,0,28783
5351,2020-10-05 14:20:00,51.35,51.37,51.33,51.34,0,0,24612
5352,2020-10-05 14:21:00,51.33,51.37,51.33,51.37,0,0,29460
5353,2020-10-05 14:22:00,51.37,51.37,51.36,51.37,0,0,12844
5354,2020-10-05 14:23:00,51.36,51.37,51.36,51.37,0,0,21527
5355,2020-10-05 14:24:00,51.37,51.38,51.36,51.36,0,0,31316
5356,2020-10-05 14:25:00,51.37,51.37,51.36,51.36,0,0,23912
5357,2020-10-05 14:26:00,51.37,51.37,51.34,51.35,0,0,51790
5358,2020-10-05 14:27:00,51.35,51.35,51.3,51.31,0,0,60160
5359,2020-10-05 14:28:00,51.32,51.33,51.29,51.32,0,0,45930
5360,2020-10-05 14:29:00,51.33,51.35,51.33,51.33,0,0,25016
5361,2020-10-05 14:30:00,51.33,51.37,51.33,51.35,0,0,27563
5362,2020-10-05 14:31:00,51.35,51.38,51.34,51.38,0,0,28927
5363,2020-10-05 14:32:00,51.37,51.38,51.36,51.38,0,0,32383
5364,2020-10-05 14:33:00,51.38,51.41,51.38,51.4,0,0,26648
5365,2020-10-05 14:34:00,51.4,51.42,51.39,51.42,0,0,23884
5366,2020-10-05 14:35:00,51.42,51.43,51.41,51.42,0,0,17209
5367,2020-10-05 14:36:00,51.42,51.44,51.41,51.42,0,0,28801
5368,2020-10-05 14:37:00,51.42,51.44,51.4,51.42,0,0,46848
5369,2020-10-05 14:38:00,51.42,51.42,51.4,51.41,0,0,15731
5370,2020-10-05 14:39:00,51.42,51.44,51.42,51.42,0,0,33362
5371,2020-10-05 14:40:00,51.42,51.44,51.42,51.43,0,0,23214
5372,2020-10-05 14:41:00,51.43,51.43,51.42,51.42,0,0,13771
5373,2020-10-05 14:42:00,51.42,51.44,51.42,51.43,0,0,15884
5374,2020-10-05 14:43:00,51.43,51.44,51.42,51.42,0,0,17645
5375,2020-10-05 14:44:00,51.43,51.46,51.43,51.46,0,0,53027
5376,2020-10-05 14:45:00,51.45,51.46,51.42,51.42,0,0,54257
5377,2020-10-05 14:46:00,51.42,51.45,51.42,51.44,0,0,29662
5378,2020-10-05 14:47:00,51.44,51.47,51.44,51.45,0,0,41977
5379,2020-10-05 14:48:00,51.45,51.47,51.44,51.46,0,0,23488
5380,2020-10-05 14:49:00,51.46,51.46,51.43,51.44,0,0,19568
5381,2020-10-05 14:50:00,51.44,51.46,51.43,51.45,0,0,19924
5382,2020-10-05 14:51:00,51.45,51.46,51.44,51.44,0,0,14971
5383,2020-10-05 14:52:00,51.45,51.46,51.44,51.45,0,0,16805
5384,2020-10-05 14:53:00,51.46,51.47,51.46,51.47,0,0,14571
5385,2020-10-05 14:54:00,51.46,51.47,51.45,51.46,0,0,21063
5386,2020-10-05 14:55:00,51.46,51.47,51.45,51.47,0,0,44578
5387,2020-10-05 14:56:00,51.46,51.47,51.44,51.44,0,0,28688
5388,2020-10-05 14:57:00,51.45,51.46,51.44,51.45,0,0,19684
5389,2020-10-05 14:58:00,51.46,51.52,51.44,51.49,0,0,74230
5390,2020-10-05 14:59:00,51.5,51.57,51.49,51.57,0,0,111447
5391,2020-10-05 15:00:00,51.57,51.59,51.54,51.56,0,0,96651
5392,2020-10-05 15:01:00,51.56,51.56,51.53,51.55,0,0,24764
5393,2020-10-05 15:02:00,51.54,51.55,51.52,51.53,0,0,48904
5394,2020-10-05 15:03:00,51.53,51.56,51.53,51.56,0,0,28439
5395,2020-10-05 15:04:00,51.56,51.58,51.53,51.53,0,0,41782
5396,2020-10-05 15:05:00,51.54,51.56,51.52,51.56,0,0,20639
5397,2020-10-05 15:06:00,51.56,51.57,51.56,51.56,0,0,24625
5398,2020-10-05 15:07:00,51.56,51.58,51.55,51.58,0,0,27492
5399,2020-10-05 15:08:00,51.58,51.6,51.58,51.58,0,0,31455
5400,2020-10-05 15:09:00,51.58,51.6,51.57,51.58,0,0,56067
5401,2020-10-05 15:10:00,51.59,51.61,51.58,51.6,0,0,46594
5402,2020-10-05 15:11:00,51.6,51.62,51.59,51.62,0,0,58357
5403,2020-10-05 15:12:00,51.61,51.63,51.6,51.6,0,0,46925
5404,2020-10-05 15:13:00,51.6,51.61,51.58,51.6,0,0,62651
5405,2020-10-05 15:14:00,51.6,51.62,51.59,51.62,0,0,64168
5406,2020-10-05 15:15:00,51.62,51.65,51.62,51.62,0,0,42633
5407,2020-10-05 15:16:00,51.62,51.64,51.62,51.62,0,0,32669
5408,2020-10-05 15:17:00,51.62,51.64,51.62,51.63,0,0,28647
5409,2020-10-05 15:18:00,51.63,51.63,51.6,51.61,0,0,53742
5410,2020-10-05 15:19:00,51.62,51.62,51.6,51.62,0,0,47740
5411,2020-10-05 15:20:00,51.62,51.63,51.61,51.62,0,0,34888
5412,2020-10-05 15:21:00,51.62,51.63,51.61,51.63,0,0,78568
5413,2020-10-05 15:22:00,51.63,51.63,51.61,51.62,0,0,45484
5414,2020-10-05 15:23:00,51.63,51.63,51.61,51.62,0,0,76230
5415,2020-10-05 15:24:00,51.62,51.65,51.61,51.63,0,0,47654
5416,2020-10-05 15:25:00,51.63,51.66,51.63,51.66,0,0,39476
5417,2020-10-05 15:26:00,51.66,51.69,51.65,51.67,0,0,40927
5418,2020-10-05 15:27:00,51.68,51.72,51.67,51.72,0,0,47982
5419,2020-10-05 15:28:00,51.71,51.74,51.71,51.72,0,0,64030
5420,2020-10-05 15:29:00,51.72,51.74,51.72,51.73,0,0,35713
5421,2020-10-05 15:30:00,51.74,51.74,51.7,51.7,0,0,72518
5422,2020-10-05 15:31:00,51.71,51.71,51.69,51.71,0,0,30632
5423,2020-10-05 15:32:00,51.7,51.72,51.68,51.72,0,0,64006
5424,2020-10-05 15:33:00,51.72,51.72,51.67,51.69,0,0,36822
5425,2020-10-05 15:34:00,51.69,51.69,51.68,51.69,0,0,34062
5426,2020-10-05 15:35:00,51.69,51.72,51.69,51.69,0,0,44769
5427,2020-10-05 15:36:00,51.69,51.7,51.66,51.67,0,0,61544
5428,2020-10-05 15:37:00,51.68,51.72,51.67,51.72,0,0,48704
5429,2020-10-05 15:38:00,51.72,51.74,51.72,51.72,0,0,47381
5430,2020-10-05 15:39:00,51.72,51.73,51.67,51.68,0,0,85771
5431,2020-10-05 15:40:00,51.68,51.72,51.68,51.71,0,0,48221
5432,2020-10-05 15:41:00,51.71,51.71,51.69,51.69,0,0,57827
5433,2020-10-05 15:42:00,51.69,51.71,51.67,51.67,0,0,42994
5434,2020-10-05 15:43:00,51.68,51.68,51.65,51.67,0,0,36837
5435,2020-10-05 15:44:00,51.67,51.67,51.64,51.64,0,0,42390
5436,2020-10-05 15:45:00,51.65,51.65,51.61,51.63,0,0,59488
5437,2020-10-05 15:46:00,51.63,51.65,51.63,51.63,0,0,45832
5438,2020-10-05 15:47:00,51.62,51.63,51.6,51.62,0,0,50109
5439,2020-10-05 15:48:00,51.62,51.62,51.57,51.6,0,0,62425
5440,2020-10-05 15:49:00,51.59,51.63,51.59,51.62,0,0,53907
5441,2020-10-05 15:50:00,51.62,51.67,51.62,51.65,0,0,135046
5442,2020-10-05 15:51:00,51.65,51.66,51.63,51.64,0,0,66711
5443,2020-10-05 15:52:00,51.64,51.64,51.62,51.63,0,0,65009
5444,2020-10-05 15:53:00,51.63,51.63,51.6,51.63,0,0,77938
5445,2020-10-05 15:54:00,51.62,51.7,51.61,51.69,0,0,173376
5446,2020-10-05 15:55:00,51.69,51.69,51.63,51.64,0,0,158823
5447,2020-10-05 15:56:00,51.63,51.65,51.61,51.61,0,0,129705
5448,2020-10-05 15:57:00,51.62,51.67,51.62,51.64,0,0,164963
5449,2020-10-05 15:58:00,51.64,51.68,51.63,51.67,0,0,192509
5450,2020-10-05 15:59:00,51.67,51.75,51.65,51.7,0,0,581710
5451,2020-10-06 09:30:00,51.71,51.79,51.61,51.72,0,0,690346
5452,2020-10-06 09:31:00,51.72,51.88,51.72,51.87,0,0,108617
5453,2020-10-06 09:32:00,51.87,51.9,51.84,51.89,0,0,86621
5454,2020-10-06 09:33:00,51.89,52.0,51.88,52.0,0,0,251227
5455,2020-10-06 09:34:00,51.99,52.0,51.93,52.0,0,0,136810
5456,2020-10-06 09:35:00,51.97,52.03,51.97,52.03,0,0,302745
5457,2020-10-06 09:36:00,52.03,52.13,52.03,52.13,0,0,94893
5458,2020-10-06 09:37:00,52.13,52.15,52.1,52.14,0,0,67824
5459,2020-10-06 09:38:00,52.15,52.18,52.14,52.15,0,0,80294
5460,2020-10-06 09:39:00,52.15,52.16,52.1,52.11,0,0,69329
5461,2020-10-06 09:40:00,52.01,52.01,52.01,52.01,0,0,117723
5462,2020-10-06 09:41:00,52.01,52.09,52.01,52.09,0,0,58252
5463,2020-10-06 09:42:00,52.1,52.13,52.09,52.1,0,0,42189
5464,2020-10-06 09:43:00,52.09,52.15,52.06,52.15,0,0,90632
5465,2020-10-06 09:44:00,52.21,52.24,52.2,52.24,0,0,89583
5466,2020-10-06 09:45:00,52.25,52.25,52.21,52.22,0,0,126078
5467,2020-10-06 09:46:00,52.21,52.28,52.21,52.28,0,0,56973
5468,2020-10-06 09:47:00,52.19,52.2,52.17,52.19,0,0,58243
5469,2020-10-06 09:48:00,52.26,52.26,52.24,52.24,0,0,71067
5470,2020-10-06 09:49:00,52.25,52.25,52.25,52.25,0,0,66161
5471,2020-10-06 09:50:00,52.25,52.25,52.2,52.21,0,0,62504
5472,2020-10-06 09:51:00,52.19,52.2,52.17,52.19,0,0,64649
5473,2020-10-06 09:52:00,52.18,52.19,52.16,52.16,0,0,48783
5474,2020-10-06 09:53:00,52.19,52.19,52.15,52.15,0,0,61910
5475,2020-10-06 09:54:00,52.1,52.1,52.09,52.1,0,0,57958
5476,2020-10-06 09:55:00,52.09,52.14,52.08,52.13,0,0,69096
5477,2020-10-06 09:56:00,52.13,52.15,52.13,52.14,0,0,44069
5478,2020-10-06 09:57:00,52.15,52.15,52.14,52.14,0,0,47964
5479,2020-10-06 09:58:00,52.13,52.15,52.1,52.1,0,0,56653
5480,2020-10-06 09:59:00,52.13,52.14,52.1,52.1,0,0,55365
5481,2020-10-06 10:00:00,52.13,52.17,52.09,52.15,0,0,91260
5482,2020-10-06 10:01:00,52.16,52.18,52.13,52.14,0,0,63025
5483,2020-10-06 10:02:00,52.14,52.18,52.12,52.18,0,0,36725
5484,2020-10-06 10:03:00,52.18,52.22,52.18,52.22,0,0,65587
5485,2020-10-06 10:04:00,52.22,52.26,52.22,52.25,0,0,59862
5486,2020-10-06 10:05:00,52.24,52.28,52.24,52.26,0,0,72624
5487,2020-10-06 10:06:00,52.27,52.29,52.25,52.25,0,0,41615
5488,2020-10-06 10:07:00,52.26,52.28,52.24,52.24,0,0,57971
5489,2020-10-06 10:08:00,52.24,52.26,52.24,52.26,0,0,30700
5490,2020-10-06 10:09:00,52.26,52.28,52.23,52.28,0,0,37765
5491,2020-10-06 10:10:00,52.28,52.32,52.27,52.29,0,0,88285
5492,2020-10-06 10:11:00,52.29,52.3,52.27,52.28,0,0,27475
5493,2020-10-06 10:12:00,52.31,52.37,52.31,52.36,0,0,43772
5494,2020-10-06 10:13:00,52.37,52.37,52.35,52.36,0,0,21278
5495,2020-10-06 10:14:00,52.33,52.36,52.33,52.36,0,0,86795
5496,2020-10-06 10:15:00,52.36,52.37,52.35,52.37,0,0,33376
5497,2020-10-06 10:16:00,52.37,52.38,52.33,52.38,0,0,58879
5498,2020-10-06 10:17:00,52.37,52.39,52.37,52.38,0,0,39942
5499,2020-10-06 10:18:00,52.39,52.4,52.35,52.37,0,0,58092
5500,2020-10-06 10:19:00,52.37,52.39,52.35,52.38,0,0,37955
5501,2020-10-06 10:20:00,52.38,52.41,52.38,52.41,0,0,54928
5502,2020-10-06 10:21:00,52.4,52.42,52.38,52.42,0,0,48999
5503,2020-10-06 10:22:00,52.41,52.41,52.37,52.37,0,0,40526
5504,2020-10-06 10:23:00,52.37,52.41,52.37,52.4,0,0,36541
5505,2020-10-06 10:24:00,52.4,52.41,52.36,52.37,0,0,37318
5506,2020-10-06 10:25:00,52.37,52.39,52.34,52.36,0,0,39493
5507,2020-10-06 10:26:00,52.37,52.4,52.36,52.39,0,0,47448
5508,2020-10-06 10:27:00,52.39,52.41,52.38,52.38,0,0,41273
5509,2020-10-06 10:28:00,52.38,52.42,52.38,52.42,0,0,49380
5510,2020-10-06 10:29:00,52.42,52.46,52.41,52.44,0,0,82279
5511,2020-10-06 10:30:00,52.45,52.45,52.41,52.41,0,0,29256
5512,2020-10-06 10:31:00,52.42,52.42,52.4,52.4,0,0,51149
5513,2020-10-06 10:32:00,52.4,52.44,52.4,52.44,0,0,45656
5514,2020-10-06 10:33:00,52.44,52.44,52.39,52.4,0,0,33067
5515,2020-10-06 10:34:00,52.39,52.4,52.37,52.39,0,0,35816
5516,2020-10-06 10:35:00,52.39,52.42,52.39,52.42,0,0,41199
5517,2020-10-06 10:36:00,52.41,52.43,52.38,52.38,0,0,38104
5518,2020-10-06 10:37:00,52.38,52.4,52.36,52.39,0,0,21366
5519,2020-10-06 10:38:00,52.39,52.41,52.38,52.41,0,0,29324
5520,2020-10-06 10:39:00,52.4,52.45,52.4,52.44,0,0,64490
5521,2020-10-06 10:40:00,52.44,52.49,52.43,52.48,0,0,77981
5522,2020-10-06 10:41:00,52.48,52.49,52.47,52.48,0,0,44571
5523,2020-10-06 10:42:00,52.49,52.49,52.42,52.42,0,0,52805
5524,2020-10-06 10:43:00,52.42,52.43,52.21,52.23,0,0,99797
5525,2020-10-06 10:44:00,52.23,52.23,52.15,52.19,0,0,86662
5526,2020-10-06 10:45:00,52.19,52.22,52.17,52.21,0,0,49354
5527,2020-10-06 10:46:00,52.21,52.26,52.19,52.22,0,0,50760
5528,2020-10-06 10:47:00,52.23,52.24,52.2,52.23,0,0,33635
5529,2020-10-06 10:48:00,52.22,52.23,52.2,52.21,0,0,51413
5530,2020-10-06 10:49:00,52.21,52.21,52.17,52.18,0,0,46700
5531,2020-10-06 10:50:00,52.19,52.29,52.19,52.28,0,0,25309
5532,2020-10-06 10:51:00,52.28,52.35,52.28,52.35,0,0,90868
5533,2020-10-06 10:52:00,52.34,52.35,52.32,52.33,0,0,59871
5534,2020-10-06 10:53:00,52.33,52.33,52.3,52.32,0,0,30448
5535,2020-10-06 10:54:00,52.32,52.32,52.27,52.32,0,0,54871
5536,2020-10-06 10:55:00,52.31,52.32,52.28,52.31,0,0,36865
5537,2020-10-06 10:56:00,52.31,52.33,52.26,52.33,0,0,35125
5538,2020-10-06 10:57:00,52.32,52.33,52.28,52.31,0,0,20619
5539,2020-10-06 10:58:00,52.3,52.33,52.28,52.29,0,0,35756
5540,2020-10-06 10:59:00,52.31,52.33,52.31,52.31,0,0,24980
5541,2020-10-06 11:00:00,52.31,52.33,52.31,52.33,0,0,15908
5542,2020-10-06 11:01:00,52.34,52.38,52.33,52.37,0,0,39920
5543,2020-10-06 11:02:00,52.37,52.38,52.36,52.38,0,0,19408
5544,2020-10-06 11:03:00,52.37,52.39,52.37,52.38,0,0,41602
5545,2020-10-06 11:04:00,52.37,52.37,52.35,52.37,0,0,21799
5546,2020-10-06 11:05:00,52.37,52.38,52.31,52.34,0,0,47828
5547,2020-10-06 11:06:00,52.34,52.36,52.33,52.34,0,0,16734
5548,2020-10-06 11:07:00,52.35,52.36,52.32,52.32,0,0,22475
5549,2020-10-06 11:08:00,52.32,52.32,52.31,52.31,0,0,4167
5550,2020-10-06 11:09:00,52.33,52.34,52.29,52.34,0,0,38638
5551,2020-10-06 11:10:00,52.32,52.32,52.28,52.3,0,0,22817
5552,2020-10-06 11:11:00,52.28,52.32,52.28,52.32,0,0,47480
5553,2020-10-06 11:12:00,52.31,52.32,52.3,52.31,0,0,18593
5554,2020-10-06 11:13:00,52.3,52.31,52.28,52.28,0,0,27345
5555,2020-10-06 11:14:00,52.28,52.3,52.28,52.3,0,0,30991
5556,2020-10-06 11:15:00,52.3,52.32,52.28,52.29,0,0,29327
5557,2020-10-06 11:16:00,52.29,52.31,52.26,52.31,0,0,38183
5558,2020-10-06 11:17:00,52.3,52.3,52.23,52.26,0,0,46707
5559,2020-10-06 11:18:00,52.26,52.27,52.25,52.26,0,0,30141
5560,2020-10-06 11:19:00,52.25,52.26,52.23,52.23,0,0,37309
5561,2020-10-06 11:20:00,52.22,52.23,52.2,52.22,0,0,48119
5562,2020-10-06 11:21:00,52.23,52.25,52.22,52.24,0,0,10812
5563,2020-10-06 11:22:00,52.24,52.24,52.21,52.22,0,0,53311
5564,2020-10-06 11:23:00,52.22,52.22,52.17,52.17,0,0,47909
5565,2020-10-06 11:24:00,52.17,52.19,52.11,52.14,0,0,53673
5566,2020-10-06 11:25:00,52.15,52.15,52.11,52.12,0,0,46114
5567,2020-10-06 11:26:00,52.13,52.15,52.12,52.15,0,0,40079
5568,2020-10-06 11:27:00,52.15,52.19,52.15,52.19,0,0,23726
5569,2020-10-06 11:28:00,52.19,52.27,52.19,52.26,0,0,30734
5570,2020-10-06 11:29:00,52.26,52.28,52.25,52.26,0,0,51752
5571,2020-10-06 11:30:00,52.26,52.26,52.23,52.24,0,0,51457
5572,2020-10-06 11:31:00,52.23,52.24,52.19,52.22,0,0,36999
5573,2020-10-06 11:32:00,52.22,52.25,52.2,52.24,0,0,20277
5574,2020-10-06 11:33:00,52.23,52.24,52.22,52.23,0,0,23138
5575,2020-10-06 11:34:00,52.23,52.25,52.23,52.24,0,0,21345
5576,2020-10-06 11:35:00,52.25,52.26,52.25,52.26,0,0,25329
5577,2020-10-06 11:36:00,52.25,52.25,52.23,52.24,0,0,26774
5578,2020-10-06 11:37:00,52.24,52.28,52.24,52.28,0,0,24391
5579,2020-10-06 11:38:00,52.28,52.33,52.27,52.33,0,0,18045
5580,2020-10-06 11:39:00,52.33,52.34,52.31,52.31,0,0,26992
5581,2020-10-06 11:40:00,52.31,52.32,52.29,52.3,0,0,31684
5582,2020-10-06 11:41:00,52.3,52.34,52.3,52.33,0,0,28482
5583,2020-10-06 11:42:00,52.33,52.33,52.31,52.33,0,0,17848
5584,2020-10-06 11:43:00,52.33,52.33,52.31,52.32,0,0,28942
5585,2020-10-06 11:44:00,52.32,52.33,52.3,52.31,0,0,34165
5586,2020-10-06 11:45:00,52.31,52.31,52.27,52.3,0,0,29231
5587,2020-10-06 11:46:00,52.3,52.31,52.28,52.31,0,0,18989
5588,2020-10-06 11:47:00,52.31,52.32,52.21,52.21,0,0,104737
5589,2020-10-06 11:48:00,52.21,52.24,52.2,52.21,0,0,31139
5590,2020-10-06 11:49:00,52.21,52.21,52.13,52.13,0,0,35596
5591,2020-10-06 11:50:00,52.14,52.14,52.08,52.08,0,0,98773
5592,2020-10-06 11:51:00,52.08,52.09,52.04,52.06,0,0,59225
5593,2020-10-06 11:52:00,52.06,52.08,52.05,52.08,0,0,23436
5594,2020-10-06 11:53:00,52.08,52.08,52.06,52.07,0,0,23351
5595,2020-10-06 11:54:00,52.07,52.11,52.07,52.1,0,0,38003
5596,2020-10-06 11:55:00,52.1,52.1,52.08,52.08,0,0,13216
5597,2020-10-06 11:56:00,52.08,52.1,52.07,52.1,0,0,17492
5598,2020-10-06 11:57:00,52.1,52.15,52.09,52.15,0,0,29861
5599,2020-10-06 11:58:00,52.14,52.14,52.11,52.12,0,0,22922
5600,2020-10-06 11:59:00,52.12,52.12,52.1,52.12,0,0,28316
5601,2020-10-06 12:00:00,52.13,52.19,52.13,52.17,0,0,42943
5602,2020-10-06 12:01:00,52.17,52.18,52.16,52.17,0,0,8326
5603,2020-10-06 12:02:00,52.17,52.18,52.15,52.17,0,0,34789
5604,2020-10-06 12:03:00,52.18,52.24,52.18,52.23,0,0,35317
5605,2020-10-06 12:04:00,52.23,52.23,52.17,52.17,0,0,35551
5606,2020-10-06 12:05:00,52.16,52.18,52.13,52.18,0,0,28213
5607,2020-10-06 12:06:00,52.17,52.2,52.17,52.19,0,0,21003
5608,2020-10-06 12:07:00,52.19,52.23,52.19,52.23,0,0,26036
5609,2020-10-06 12:08:00,52.22,52.23,52.2,52.21,0,0,20799
5610,2020-10-06 12:09:00,52.22,52.25,52.22,52.24,0,0,16286
5611,2020-10-06 12:10:00,52.25,52.26,52.23,52.24,0,0,34368
5612,2020-10-06 12:11:00,52.23,52.24,52.21,52.22,0,0,30555
5613,2020-10-06 12:12:00,52.21,52.27,52.21,52.26,0,0,29594
5614,2020-10-06 12:13:00,52.27,52.28,52.26,52.26,0,0,19406
5615,2020-10-06 12:14:00,52.26,52.28,52.26,52.27,0,0,21018
5616,2020-10-06 12:15:00,52.28,52.28,52.26,52.26,0,0,23641
5617,2020-10-06 12:16:00,52.26,52.28,52.24,52.24,0,0,25666
5618,2020-10-06 12:17:00,52.24,52.26,52.24,52.25,0,0,17965
5619,2020-10-06 12:18:00,52.25,52.27,52.25,52.26,0,0,21163
5620,2020-10-06 12:19:00,52.26,52.26,52.25,52.25,0,0,16265
5621,2020-10-06 12:20:00,52.25,52.27,52.22,52.26,0,0,23506
5622,2020-10-06 12:21:00,52.27,52.28,52.27,52.28,0,0,8661
5623,2020-10-06 12:22:00,52.27,52.28,52.26,52.26,0,0,30654
5624,2020-10-06 12:23:00,52.26,52.31,52.26,52.31,0,0,42780
5625,2020-10-06 12:24:00,52.3,52.31,52.28,52.29,0,0,26809
5626,2020-10-06 12:25:00,52.28,52.29,52.26,52.27,0,0,29248
5627,2020-10-06 12:26:00,52.28,52.28,52.27,52.28,0,0,6280
5628,2020-10-06 12:27:00,52.28,52.3,52.28,52.28,0,0,38891
5629,2020-10-06 12:28:00,52.28,52.29,52.28,52.29,0,0,12050
5630,2020-10-06 12:29:00,52.28,52.31,52.28,52.31,0,0,29202
5631,2020-10-06 12:30:00,52.31,52.33,52.3,52.3,0,0,31482
5632,2020-10-06 12:31:00,52.29,52.3,52.29,52.3,0,0,16453
5633,2020-10-06 12:32:00,52.29,52.3,52.27,52.28,0,0,30172
5634,2020-10-06 12:33:00,52.28,52.31,52.28,52.31,0,0,7697
5635,2020-10-06 12:34:00,52.3,52.31,52.26,52.27,0,0,22456
5636,2020-10-06 12:35:00,52.26,52.29,52.24,52.28,0,0,63622
5637,2020-10-06 12:36:00,52.28,52.29,52.28,52.28,0,0,10572
5638,2020-10-06 12:37:00,52.27,52.31,52.27,52.3,0,0,15951
5639,2020-10-06 12:38:00,52.3,52.31,52.29,52.29,0,0,14088
5640,2020-10-06 12:39:00,52.29,52.32,52.29,52.3,0,0,22561
5641,2020-10-06 12:40:00,52.31,52.31,52.26,52.28,0,0,21200
5642,2020-10-06 12:41:00,52.27,52.31,52.27,52.3,0,0,21061
5643,2020-10-06 12:42:00,52.3,52.32,52.3,52.32,0,0,9538
5644,2020-10-06 12:43:00,52.32,52.32,52.3,52.31,0,0,18983
5645,2020-10-06 12:44:00,52.3,52.31,52.29,52.31,0,0,8633
5646,2020-10-06 12:45:00,52.31,52.33,52.29,52.3,0,0,44170
5647,2020-10-06 12:46:00,52.31,52.31,52.3,52.31,0,0,9892
5648,2020-10-06 12:47:00,52.31,52.31,52.3,52.31,0,0,17681
5649,2020-10-06 12:48:00,52.31,52.33,52.31,52.32,0,0,47475
5650,2020-10-06 12:49:00,52.31,52.32,52.31,52.31,0,0,11254
5651,2020-10-06 12:50:00,52.31,52.34,52.31,52.33,0,0,26096
5652,2020-10-06 12:51:00,52.33,52.34,52.31,52.32,0,0,30101
5653,2020-10-06 12:52:00,52.32,52.35,52.32,52.33,0,0,38945
5654,2020-10-06 12:53:00,52.32,52.35,52.32,52.34,0,0,10269
5655,2020-10-06 12:54:00,52.33,52.34,52.33,52.34,0,0,4049
5656,2020-10-06 12:55:00,52.34,52.35,52.34,52.35,0,0,38776
5657,2020-10-06 12:56:00,52.35,52.37,52.34,52.36,0,0,38972
5658,2020-10-06 12:57:00,52.35,52.37,52.33,52.35,0,0,25424
5659,2020-10-06 12:58:00,52.35,52.36,52.34,52.36,0,0,11049
5660,2020-10-06 12:59:00,52.36,52.37,52.35,52.35,0,0,30202
5661,2020-10-06 13:00:00,52.35,52.36,52.33,52.34,0,0,23677
5662,2020-10-06 13:01:00,52.33,52.33,52.29,52.3,0,0,18500
5663,2020-10-06 13:02:00,52.29,52.3,52.28,52.28,0,0,52590
5664,2020-10-06 13:03:00,52.28,52.28,52.26,52.26,0,0,15093
5665,2020-10-06 13:04:00,52.26,52.27,52.24,52.24,0,0,21288
5666,2020-10-06 13:05:00,52.24,52.26,52.24,52.24,0,0,32980
5667,2020-10-06 13:06:00,52.24,52.27,52.23,52.27,0,0,29629
5668,2020-10-06 13:07:00,52.26,52.29,52.25,52.28,0,0,25385
5669,2020-10-06 13:08:00,52.28,52.33,52.27,52.33,0,0,22443
5670,2020-10-06 13:09:00,52.33,52.35,52.33,52.35,0,0,21577
5671,2020-10-06 13:10:00,52.35,52.35,52.32,52.33,0,0,18073
5672,2020-10-06 13:11:00,52.33,52.33,52.32,52.33,0,0,8037
5673,2020-10-06 13:12:00,52.33,52.34,52.31,52.31,0,0,21018
5674,2020-10-06 13:13:00,52.31,52.32,52.3,52.31,0,0,17747
5675,2020-10-06 13:14:00,52.32,52.32,52.3,52.31,0,0,20404
5676,2020-10-06 13:15:00,52.3,52.31,52.29,52.31,0,0,35974
5677,2020-10-06 13:16:00,52.31,52.32,52.31,52.31,0,0,28730
5678,2020-10-06 13:17:00,52.31,52.32,52.31,52.31,0,0,11998
5679,2020-10-06 13:18:00,52.31,52.32,52.31,52.32,0,0,16320
5680,2020-10-06 13:19:00,52.32,52.33,52.31,52.33,0,0,22082
5681,2020-10-06 13:20:00,52.32,52.33,52.31,52.32,0,0,14876
5682,2020-10-06 13:21:00,52.32,52.32,52.28,52.29,0,0,22478
5683,2020-10-06 13:22:00,52.29,52.34,52.28,52.34,0,0,42936
5684,2020-10-06 13:23:00,52.34,52.34,52.32,52.33,0,0,22528
5685,2020-10-06 13:24:00,52.33,52.34,52.31,52.31,0,0,47755
5686,2020-10-06 13:25:00,52.31,52.33,52.31,52.32,0,0,9623
5687,2020-10-06 13:26:00,52.32,52.33,52.31,52.33,0,0,8974
5688,2020-10-06 13:27:00,52.33,52.34,52.32,52.33,0,0,15595
5689,2020-10-06 13:28:00,52.34,52.34,52.31,52.31,0,0,17786
5690,2020-10-06 13:29:00,52.31,52.32,52.31,52.31,0,0,12270
5691,2020-10-06 13:30:00,52.31,52.35,52.31,52.33,0,0,84768
5692,2020-10-06 13:31:00,52.33,52.35,52.32,52.35,0,0,40951
5693,2020-10-06 13:32:00,52.35,52.36,52.34,52.35,0,0,22364
5694,2020-10-06 13:33:00,52.35,52.35,52.35,52.35,0,0,13407
5695,2020-10-06 13:34:00,52.35,52.36,52.35,52.35,0,0,8005
5696,2020-10-06 13:35:00,52.35,52.36,52.35,52.35,0,0,32537
5697,2020-10-06 13:36:00,52.34,52.35,52.33,52.35,0,0,15050
5698,2020-10-06 13:37:00,52.35,52.36,52.34,52.36,0,0,32733
5699,2020-10-06 13:38:00,52.36,52.37,52.35,52.35,0,0,23688
5700,2020-10-06 13:39:00,52.35,52.39,52.35,52.39,0,0,38365
5701,2020-10-06 13:40:00,52.39,52.41,52.37,52.4,0,0,72783
5702,2020-10-06 13:41:00,52.4,52.45,52.4,52.42,0,0,33476
5703,2020-10-06 13:42:00,52.42,52.44,52.4,52.44,0,0,45515
5704,2020-10-06 13:43:00,52.44,52.44,52.37,52.44,0,0,78635
5705,2020-10-06 13:44:00,52.44,52.46,52.43,52.45,0,0,43289
5706,2020-10-06 13:45:00,52.45,52.47,52.42,52.43,0,0,49193
5707,2020-10-06 13:46:00,52.44,52.44,52.41,52.42,0,0,36643
5708,2020-10-06 13:47:00,52.42,52.44,52.4,52.44,0,0,58669
5709,2020-10-06 13:48:00,52.43,52.44,52.4,52.4,0,0,19403
5710,2020-10-06 13:49:00,52.41,52.42,52.4,52.41,0,0,19693
5711,2020-10-06 13:50:00,52.41,52.43,52.4,52.4,0,0,39614
5712,2020-10-06 13:51:00,52.4,52.43,52.4,52.42,0,0,20979
5713,2020-10-06 13:52:00,52.43,52.44,52.43,52.43,0,0,36479
5714,2020-10-06 13:53:00,52.43,52.46,52.43,52.45,0,0,22807
5715,2020-10-06 13:54:00,52.45,52.45,52.44,52.44,0,0,15441
5716,2020-10-06 13:55:00,52.45,52.45,52.42,52.42,0,0,17699
5717,2020-10-06 13:56:00,52.42,52.42,52.4,52.41,0,0,20379
5718,2020-10-06 13:57:00,52.4,52.42,52.4,52.42,0,0,27161
5719,2020-10-06 13:58:00,52.41,52.44,52.41,52.44,0,0,19716
5720,2020-10-06 13:59:00,52.45,52.45,52.44,52.45,0,0,24182
5721,2020-10-06 14:00:00,52.45,52.46,52.44,52.44,0,0,28153
5722,2020-10-06 14:01:00,52.45,52.45,52.43,52.43,0,0,18607
5723,2020-10-06 14:02:00,52.43,52.44,52.42,52.42,0,0,19426
5724,2020-10-06 14:03:00,52.42,52.44,52.42,52.42,0,0,25475
5725,2020-10-06 14:04:00,52.42,52.45,52.42,52.44,0,0,20266
5726,2020-10-06 14:05:00,52.44,52.47,52.44,52.46,0,0,41701
5727,2020-10-06 14:06:00,52.47,52.49,52.46,52.48,0,0,62305
5728,2020-10-06 14:07:00,52.47,52.48,52.46,52.47,0,0,15390
5729,2020-10-06 14:08:00,52.47,52.47,52.46,52.47,0,0,10952
5730,2020-10-06 14:09:00,52.46,52.47,52.45,52.46,0,0,17533
5731,2020-10-06 14:10:00,52.46,52.46,52.45,52.46,0,0,27015
5732,2020-10-06 14:11:00,52.46,52.48,52.46,52.47,0,0,22896
5733,2020-10-06 14:12:00,52.47,52.48,52.47,52.47,0,0,14567
5734,2020-10-06 14:13:00,52.47,52.48,52.46,52.46,0,0,19334
5735,2020-10-06 14:14:00,52.46,52.5,52.44,52.49,0,0,75370
5736,2020-10-06 14:15:00,52.49,52.49,52.48,52.49,0,0,27351
5737,2020-10-06 14:16:00,52.49,52.5,52.47,52.47,0,0,305547
5738,2020-10-06 14:17:00,52.47,52.48,52.46,52.47,0,0,30080
5739,2020-10-06 14:18:00,52.46,52.49,52.46,52.49,0,0,32077
5740,2020-10-06 14:19:00,52.5,52.5,52.48,52.48,0,0,15630
5741,2020-10-06 14:20:00,52.48,52.5,52.47,52.49,0,0,71728
5742,2020-10-06 14:21:00,52.49,52.5,52.49,52.49,0,0,54787
5743,2020-10-06 14:22:00,52.49,52.5,52.48,52.48,0,0,31477
5744,2020-10-06 14:23:00,52.49,52.49,52.48,52.48,0,0,13147
5745,2020-10-06 14:24:00,52.49,52.5,52.47,52.49,0,0,50720
5746,2020-10-06 14:25:00,52.5,52.5,52.49,52.49,0,0,75753
5747,2020-10-06 14:26:00,52.49,52.5,52.48,52.49,0,0,38600
5748,2020-10-06 14:27:00,52.49,52.49,52.48,52.49,0,0,27581
5749,2020-10-06 14:28:00,52.48,52.49,52.45,52.45,0,0,32014
5750,2020-10-06 14:29:00,52.46,52.46,52.44,52.44,0,0,57052
5751,2020-10-06 14:30:00,52.44,52.46,52.44,52.44,0,0,52144
5752,2020-10-06 14:31:00,52.44,52.45,52.44,52.45,0,0,36248
5753,2020-10-06 14:32:00,52.44,52.49,52.44,52.48,0,0,75668
5754,2020-10-06 14:33:00,52.49,52.5,52.48,52.49,0,0,23535
5755,2020-10-06 14:34:00,52.49,52.49,52.48,52.49,0,0,26651
5756,2020-10-06 14:35:00,52.48,52.5,52.47,52.49,0,0,39111
5757,2020-10-06 14:36:00,52.49,52.5,52.49,52.49,0,0,72880
5758,2020-10-06 14:37:00,52.49,52.5,52.49,52.49,0,0,14875
5759,2020-10-06 14:38:00,52.49,52.53,52.49,52.52,0,0,231642
5760,2020-10-06 14:39:00,52.53,52.54,52.5,52.51,0,0,54759
5761,2020-10-06 14:40:00,52.5,52.52,52.5,52.51,0,0,47130
5762,2020-10-06 14:41:00,52.51,52.52,52.51,52.51,0,0,12927
5763,2020-10-06 14:42:00,52.51,52.56,52.51,52.56,0,0,43276
5764,2020-10-06 14:43:00,52.56,52.59,52.56,52.59,0,0,31669
5765,2020-10-06 14:44:00,52.6,52.62,52.59,52.6,0,0,82876
5766,2020-10-06 14:45:00,52.6,52.63,52.58,52.62,0,0,30659
5767,2020-10-06 14:46:00,52.63,52.65,52.62,52.65,0,0,42477
5768,2020-10-06 14:47:00,52.64,52.7,52.63,52.68,0,0,127128
5769,2020-10-06 14:48:00,52.68,52.69,52.52,52.58,0,0,167537
5770,2020-10-06 14:49:00,52.58,52.61,52.39,52.42,0,0,432232
5771,2020-10-06 14:50:00,52.42,52.43,52.18,52.21,0,0,309823
5772,2020-10-06 14:51:00,52.21,52.21,52.06,52.1,0,0,133244
5773,2020-10-06 14:52:00,52.1,52.1,51.92,51.97,0,0,159974
5774,2020-10-06 14:53:00,52.09,52.23,52.08,52.08,0,0,142106
5775,2020-10-06 14:54:00,52.07,52.09,51.81,51.83,0,0,179669
5776,2020-10-06 14:55:00,51.83,51.92,51.67,51.79,0,0,275617
5777,2020-10-06 14:56:00,51.8,51.8,51.62,51.77,0,0,189533
5778,2020-10-06 14:57:00,51.77,51.88,51.69,51.87,0,0,176825
5779,2020-10-06 14:58:00,51.87,52.02,51.82,51.93,0,0,102763
5780,2020-10-06 14:59:00,51.94,51.95,51.75,51.83,0,0,88870
5781,2020-10-06 15:00:00,51.82,51.82,51.66,51.76,0,0,207530
5782,2020-10-06 15:01:00,51.75,51.81,51.7,51.74,0,0,159057
5783,2020-10-06 15:02:00,51.74,51.81,51.68,51.75,0,0,86159
5784,2020-10-06 15:03:00,51.74,51.82,51.65,51.66,0,0,83371
5785,2020-10-06 15:04:00,51.66,51.7,51.6,51.65,0,0,109609
5786,2020-10-06 15:05:00,51.65,51.71,51.58,51.6,0,0,90993
5787,2020-10-06 15:06:00,51.61,51.64,51.44,51.5,0,0,116280
5788,2020-10-06 15:07:00,51.51,51.53,51.43,51.48,0,0,79453
5789,2020-10-06 15:08:00,51.49,51.55,51.47,51.51,0,0,59296
5790,2020-10-06 15:09:00,51.52,51.62,51.52,51.6,0,0,91167
5791,2020-10-06 15:10:00,51.61,51.68,51.51,51.65,0,0,98574
5792,2020-10-06 15:11:00,51.65,51.65,51.57,51.63,0,0,52557
5793,2020-10-06 15:12:00,51.63,51.69,51.59,51.66,0,0,53621
5794,2020-10-06 15:13:00,51.66,51.7,51.59,51.7,0,0,43179
5795,2020-10-06 15:14:00,51.69,51.72,51.65,51.68,0,0,39607
5796,2020-10-06 15:15:00,51.67,51.76,51.61,51.74,0,0,65470
5797,2020-10-06 15:16:00,51.74,51.74,51.62,51.64,0,0,80955
5798,2020-10-06 15:17:00,51.65,51.71,51.61,51.62,0,0,80852
5799,2020-10-06 15:18:00,51.61,51.65,51.58,51.63,0,0,59966
5800,2020-10-06 15:19:00,51.62,51.64,51.51,51.53,0,0,83480
5801,2020-10-06 15:20:00,51.53,51.57,51.45,51.45,0,0,94705
5802,2020-10-06 15:21:00,51.46,51.53,51.42,51.48,0,0,121887
5803,2020-10-06 15:22:00,51.48,51.49,51.42,51.42,0,0,142293
5804,2020-10-06 15:23:00,51.43,51.47,51.37,51.43,0,0,107034
5805,2020-10-06 15:24:00,51.43,51.44,51.38,51.39,0,0,66762
5806,2020-10-06 15:25:00,51.4,51.48,51.37,51.46,0,0,92685
5807,2020-10-06 15:26:00,51.45,51.54,51.43,51.51,0,0,68826
5808,2020-10-06 15:27:00,51.51,51.64,51.51,51.63,0,0,86872
5809,2020-10-06 15:28:00,51.64,51.65,51.59,51.64,0,0,48816
5810,2020-10-06 15:29:00,51.64,51.68,51.6,51.65,0,0,63632
5811,2020-10-06 15:30:00,51.64,51.67,51.6,51.63,0,0,47049
5812,2020-10-06 15:31:00,51.62,51.69,51.6,51.67,0,0,44946
5813,2020-10-06 15:32:00,51.68,51.68,51.62,51.67,0,0,54820
5814,2020-10-06 15:33:00,51.66,51.74,51.66,51.74,0,0,52825
5815,2020-10-06 15:34:00,51.74,51.78,51.72,51.76,0,0,43902
5816,2020-10-06 15:35:00,51.75,51.78,51.72,51.76,0,0,51412
5817,2020-10-06 15:36:00,51.76,51.76,51.71,51.72,0,0,51861
5818,2020-10-06 15:37:00,51.72,51.72,51.63,51.65,0,0,42614
5819,2020-10-06 15:38:00,51.65,51.69,51.65,51.67,0,0,46978
5820,2020-10-06 15:39:00,51.67,51.69,51.63,51.64,0,0,37614
5821,2020-10-06 15:40:00,51.64,51.67,51.56,51.56,0,0,56728
5822,2020-10-06 15:41:00,51.57,51.58,51.53,51.58,0,0,53946
5823,2020-10-06 15:42:00,51.57,51.58,51.52,51.57,0,0,50351
5824,2020-10-06 15:43:00,51.58,51.64,51.56,51.6,0,0,70340
5825,2020-10-06 15:44:00,51.6,51.6,51.57,51.57,0,0,62686
5826,2020-10-06 15:45:00,51.57,51.6,51.49,51.49,0,0,64724
5827,2020-10-06 15:46:00,51.49,51.51,51.38,51.41,0,0,105163
5828,2020-10-06 15:47:00,51.41,51.49,51.4,51.41,0,0,75960
5829,2020-10-06 15:48:00,51.4,51.45,51.38,51.39,0,0,54956
5830,2020-10-06 15:49:00,51.38,51.44,51.38,51.38,0,0,152149
5831,2020-10-06 15:50:00,51.39,51.4,51.27,51.32,0,0,173171
5832,2020-10-06 15:51:00,51.32,51.37,51.31,51.33,0,0,70512
5833,2020-10-06 15:52:00,51.33,51.35,51.26,51.27,0,0,152147
5834,2020-10-06 15:53:00,51.26,51.3,51.23,51.24,0,0,141083
5835,2020-10-06 15:54:00,51.24,51.35,51.23,51.33,0,0,109654
5836,2020-10-06 15:55:00,51.34,51.38,51.28,51.35,0,0,383312
5837,2020-10-06 15:56:00,51.34,51.38,51.28,51.37,0,0,170676
5838,2020-10-06 15:57:00,51.36,51.42,51.34,51.4,0,0,169088
5839,2020-10-06 15:58:00,51.4,51.41,51.35,51.41,0,0,216432
5840,2020-10-06 15:59:00,51.4,51.44,51.35,51.37,0,0,514947
5841,2020-10-07 09:30:00,51.85,52.23,51.79,52.12,0,0,547550
5842,2020-10-07 09:31:00,52.12,52.29,52.08,52.23,0,0,206440
5843,2020-10-07 09:32:00,52.26,52.34,52.24,52.33,0,0,240837
5844,2020-10-07 09:33:00,52.33,52.37,52.29,52.33,0,0,188827
5845,2020-10-07 09:34:00,52.34,52.36,52.26,52.34,0,0,126735
5846,2020-10-07 09:35:00,52.34,52.45,52.34,52.42,0,0,121741
5847,2020-10-07 09:36:00,52.42,52.43,52.24,52.24,0,0,77878
5848,2020-10-07 09:37:00,52.23,52.27,52.19,52.19,0,0,56547
5849,2020-10-07 09:38:00,52.22,52.25,52.16,52.17,0,0,91317
5850,2020-10-07 09:39:00,52.17,52.22,52.17,52.21,0,0,59957
5851,2020-10-07 09:40:00,52.21,52.29,52.21,52.24,0,0,46499
5852,2020-10-07 09:41:00,52.25,52.31,52.23,52.29,0,0,43492
5853,2020-10-07 09:42:00,52.26,52.3,52.26,52.28,0,0,51219
5854,2020-10-07 09:43:00,52.28,52.34,52.23,52.32,0,0,45513
5855,2020-10-07 09:44:00,52.27,52.29,52.25,52.29,0,0,56494
5856,2020-10-07 09:45:00,52.29,52.29,52.21,52.21,0,0,55152
5857,2020-10-07 09:46:00,52.21,52.25,52.21,52.24,0,0,53865
5858,2020-10-07 09:47:00,52.26,52.27,52.22,52.27,0,0,106639
5859,2020-10-07 09:48:00,52.28,52.32,52.28,52.28,0,0,104630
5860,2020-10-07 09:49:00,52.27,52.27,52.27,52.27,0,0,47041
5861,2020-10-07 09:50:00,52.21,52.22,52.21,52.22,0,0,37479
5862,2020-10-07 09:51:00,52.23,52.27,52.22,52.27,0,0,18981
5863,2020-10-07 09:52:00,52.27,52.29,52.26,52.27,0,0,29615
5864,2020-10-07 09:53:00,52.25,52.25,52.25,52.25,0,0,34237
5865,2020-10-07 09:54:00,52.25,52.32,52.24,52.32,0,0,41761
5866,2020-10-07 09:55:00,52.38,52.4,52.37,52.39,0,0,64501
5867,2020-10-07 09:56:00,52.38,52.4,52.38,52.4,0,0,67999
5868,2020-10-07 09:57:00,52.4,52.42,52.4,52.42,0,0,122102
5869,2020-10-07 09:58:00,52.38,52.38,52.38,52.38,0,0,87801
5870,2020-10-07 09:59:00,52.38,52.43,52.38,52.43,0,0,48397
5871,2020-10-07 10:00:00,52.43,52.44,52.4,52.42,0,0,69060
5872,2020-10-07 10:01:00,52.42,52.45,52.41,52.44,0,0,71687
5873,2020-10-07 10:02:00,52.45,52.49,52.45,52.48,0,0,50037
5874,2020-10-07 10:03:00,52.49,52.5,52.43,52.49,0,0,119420
5875,2020-10-07 10:04:00,52.49,52.52,52.47,52.51,0,0,129438
5876,2020-10-07 10:05:00,52.51,52.54,52.49,52.53,0,0,61075
5877,2020-10-07 10:06:00,52.53,52.54,52.48,52.49,0,0,52753
5878,2020-10-07 10:07:00,52.49,52.5,52.47,52.49,0,0,40109
5879,2020-10-07 10:08:00,52.49,52.53,52.48,52.53,0,0,60799
5880,2020-10-07 10:09:00,52.53,52.54,52.51,52.51,0,0,34171
5881,2020-10-07 10:10:00,52.5,52.52,52.44,52.44,0,0,41596
5882,2020-10-07 10:11:00,52.44,52.48,52.42,52.47,0,0,57065
5883,2020-10-07 10:12:00,52.47,52.49,52.46,52.46,0,0,37439
5884,2020-10-07 10:13:00,52.46,52.47,52.42,52.47,0,0,29671
5885,2020-10-07 10:14:00,52.47,52.47,52.38,52.39,0,0,62073
5886,2020-10-07 10:15:00,52.4,52.43,52.38,52.39,0,0,71067
5887,2020-10-07 10:16:00,52.4,52.42,52.4,52.4,0,0,28843
5888,2020-10-07 10:17:00,52.4,52.41,52.38,52.4,0,0,53870
5889,2020-10-07 10:18:00,52.39,52.45,52.38,52.45,0,0,62722
5890,2020-10-07 10:19:00,52.44,52.47,52.43,52.47,0,0,28609
5891,2020-10-07 10:20:00,52.46,52.48,52.44,52.46,0,0,49206
5892,2020-10-07 10:21:00,52.47,52.52,52.46,52.51,0,0,67017
5893,2020-10-07 10:22:00,52.51,52.53,52.51,52.53,0,0,31242
5894,2020-10-07 10:23:00,52.52,52.56,52.51,52.56,0,0,65276
5895,2020-10-07 10:24:00,52.55,52.58,52.51,52.56,0,0,62852
5896,2020-10-07 10:25:00,52.56,52.56,52.51,52.52,0,0,37172
5897,2020-10-07 10:26:00,52.53,52.58,52.52,52.56,0,0,87673
5898,2020-10-07 10:27:00,52.56,52.57,52.52,52.53,0,0,31869
5899,2020-10-07 10:28:00,52.53,52.58,52.53,52.58,0,0,23878
5900,2020-10-07 10:29:00,52.58,52.61,52.58,52.58,0,0,58884
5901,2020-10-07 10:30:00,52.59,52.64,52.54,52.62,0,0,80945
5902,2020-10-07 10:31:00,52.62,52.63,52.61,52.62,0,0,28281
5903,2020-10-07 10:32:00,52.62,52.65,52.62,52.63,0,0,57003
5904,2020-10-07 10:33:00,52.63,52.65,52.62,52.62,0,0,33748
5905,2020-10-07 10:34:00,52.62,52.63,52.58,52.58,0,0,47903
5906,2020-10-07 10:35:00,52.58,52.58,52.53,52.53,0,0,32309
5907,2020-10-07 10:36:00,52.53,52.54,52.5,52.51,0,0,37074
5908,2020-10-07 10:37:00,52.51,52.52,52.47,52.47,0,0,36245
5909,2020-10-07 10:38:00,52.46,52.47,52.45,52.46,0,0,30828
5910,2020-10-07 10:39:00,52.46,52.48,52.41,52.43,0,0,53094
5911,2020-10-07 10:40:00,52.43,52.45,52.41,52.44,0,0,37555
5912,2020-10-07 10:41:00,52.44,52.47,52.42,52.47,0,0,21637
5913,2020-10-07 10:42:00,52.47,52.49,52.46,52.46,0,0,36093
5914,2020-10-07 10:43:00,52.47,52.49,52.46,52.49,0,0,25115
5915,2020-10-07 10:44:00,52.49,52.52,52.47,52.52,0,0,54931
5916,2020-10-07 10:45:00,52.53,52.57,52.53,52.56,0,0,225787
5917,2020-10-07 10:46:00,52.56,52.56,52.54,52.54,0,0,24364
5918,2020-10-07 10:47:00,52.55,52.56,52.47,52.48,0,0,40401
5919,2020-10-07 10:48:00,52.48,52.52,52.48,52.52,0,0,29206
5920,2020-10-07 10:49:00,52.52,52.54,52.51,52.53,0,0,29023
5921,2020-10-07 10:50:00,52.53,52.58,52.53,52.57,0,0,23417
5922,2020-10-07 10:51:00,52.57,52.58,52.56,52.57,0,0,23346
5923,2020-10-07 10:52:00,52.57,52.59,52.56,52.59,0,0,48367
5924,2020-10-07 10:53:00,52.6,52.6,52.58,52.6,0,0,29213
5925,2020-10-07 10:54:00,52.59,52.63,52.59,52.61,0,0,46111
5926,2020-10-07 10:55:00,52.62,52.62,52.59,52.6,0,0,36290
5927,2020-10-07 10:56:00,52.6,52.62,52.6,52.61,0,0,25623
5928,2020-10-07 10:57:00,52.62,52.66,52.62,52.66,0,0,41509
5929,2020-10-07 10:58:00,52.65,52.66,52.6,52.61,0,0,50780
5930,2020-10-07 10:59:00,52.61,52.66,52.6,52.64,0,0,53090
5931,2020-10-07 11:00:00,52.64,52.68,52.64,52.65,0,0,56725
5932,2020-10-07 11:01:00,52.64,52.65,52.62,52.63,0,0,27216
5933,2020-10-07 11:02:00,52.64,52.67,52.62,52.67,0,0,53417
5934,2020-10-07 11:03:00,52.67,52.69,52.66,52.68,0,0,40893
5935,2020-10-07 11:04:00,52.68,52.71,52.67,52.71,0,0,105473
5936,2020-10-07 11:05:00,52.71,52.74,52.71,52.73,0,0,58401
5937,2020-10-07 11:06:00,52.74,52.78,52.73,52.77,0,0,76323
5938,2020-10-07 11:07:00,52.78,52.79,52.77,52.79,0,0,43275
5939,2020-10-07 11:08:00,52.78,52.82,52.78,52.81,0,0,110612
5940,2020-10-07 11:09:00,52.81,52.82,52.8,52.81,0,0,16597
5941,2020-10-07 11:10:00,52.81,52.82,52.8,52.8,0,0,71113
5942,2020-10-07 11:11:00,52.78,52.82,52.78,52.81,0,0,52428
5943,2020-10-07 11:12:00,52.81,52.82,52.79,52.81,0,0,38291
5944,2020-10-07 11:13:00,52.81,52.83,52.78,52.79,0,0,59330
5945,2020-10-07 11:14:00,52.79,52.79,52.73,52.74,0,0,33102
5946,2020-10-07 11:15:00,52.75,52.76,52.71,52.74,0,0,64342
5947,2020-10-07 11:16:00,52.74,52.77,52.74,52.74,0,0,43471
5948,2020-10-07 11:17:00,52.74,52.78,52.74,52.76,0,0,40898
5949,2020-10-07 11:18:00,52.76,52.77,52.72,52.72,0,0,40348
5950,2020-10-07 11:19:00,52.73,52.77,52.72,52.76,0,0,26340
5951,2020-10-07 11:20:00,52.76,52.76,52.72,52.74,0,0,61006
5952,2020-10-07 11:21:00,52.74,52.74,52.71,52.72,0,0,40798
5953,2020-10-07 11:22:00,52.72,52.74,52.71,52.72,0,0,28269
5954,2020-10-07 11:23:00,52.72,52.75,52.72,52.74,0,0,22195
5955,2020-10-07 11:24:00,52.75,52.77,52.74,52.77,0,0,31214
5956,2020-10-07 11:25:00,52.76,52.78,52.71,52.72,0,0,39758
5957,2020-10-07 11:26:00,52.72,52.72,52.69,52.69,0,0,33655
5958,2020-10-07 11:27:00,52.69,52.72,52.68,52.7,0,0,25722
5959,2020-10-07 11:28:00,52.71,52.74,52.7,52.74,0,0,45777
5960,2020-10-07 11:29:00,52.74,52.78,52.74,52.75,0,0,79000
5961,2020-10-07 11:30:00,52.76,52.77,52.75,52.76,0,0,24598
5962,2020-10-07 11:31:00,52.76,52.78,52.74,52.76,0,0,49783
5963,2020-10-07 11:32:00,52.76,52.79,52.76,52.79,0,0,12981
5964,2020-10-07 11:33:00,52.78,52.79,52.76,52.78,0,0,30209
5965,2020-10-07 11:34:00,52.77,52.8,52.77,52.79,0,0,45919
5966,2020-10-07 11:35:00,52.8,52.8,52.75,52.76,0,0,42561
5967,2020-10-07 11:36:00,52.76,52.76,52.74,52.75,0,0,23452
5968,2020-10-07 11:37:00,52.75,52.75,52.71,52.72,0,0,21318
5969,2020-10-07 11:38:00,52.72,52.76,52.71,52.75,0,0,50142
5970,2020-10-07 11:39:00,52.75,52.76,52.73,52.75,0,0,21851
5971,2020-10-07 11:40:00,52.75,52.78,52.75,52.76,0,0,81163
5972,2020-10-07 11:41:00,52.76,52.77,52.74,52.75,0,0,35011
5973,2020-10-07 11:42:00,52.74,52.78,52.73,52.74,0,0,46942
5974,2020-10-07 11:43:00,52.74,52.74,52.72,52.74,0,0,38287
5975,2020-10-07 11:44:00,52.73,52.74,52.69,52.72,0,0,26685
5976,2020-10-07 11:45:00,52.71,52.74,52.71,52.72,0,0,20103
5977,2020-10-07 11:46:00,52.72,52.73,52.69,52.7,0,0,21651
5978,2020-10-07 11:47:00,52.7,52.71,52.7,52.71,0,0,8152
5979,2020-10-07 11:48:00,52.71,52.71,52.69,52.69,0,0,28423
5980,2020-10-07 11:49:00,52.69,52.7,52.69,52.7,0,0,17656
5981,2020-10-07 11:50:00,52.69,52.72,52.67,52.69,0,0,63263
5982,2020-10-07 11:51:00,52.69,52.7,52.68,52.68,0,0,10580
5983,2020-10-07 11:52:00,52.69,52.7,52.68,52.69,0,0,13565
5984,2020-10-07 11:53:00,52.7,52.71,52.68,52.69,0,0,35187
5985,2020-10-07 11:54:00,52.69,52.69,52.65,52.66,0,0,39046
5986,2020-10-07 11:55:00,52.66,52.68,52.66,52.67,0,0,16767
5987,2020-10-07 11:56:00,52.67,52.7,52.67,52.69,0,0,17326
5988,2020-10-07 11:57:00,52.69,52.7,52.69,52.7,0,0,21921
5989,2020-10-07 11:58:00,52.69,52.69,52.68,52.68,0,0,11439
5990,2020-10-07 11:59:00,52.69,52.7,52.68,52.69,0,0,21914
5991,2020-10-07 12:00:00,52.69,52.7,52.69,52.7,0,0,12234
5992,2020-10-07 12:01:00,52.69,52.75,52.69,52.74,0,0,55617
5993,2020-10-07 12:02:00,52.74,52.79,52.74,52.78,0,0,65524
5994,2020-10-07 12:03:00,52.77,52.78,52.74,52.77,0,0,50069
5995,2020-10-07 12:04:00,52.77,52.79,52.76,52.79,0,0,21669
5996,2020-10-07 12:05:00,52.78,52.78,52.72,52.74,0,0,60766
5997,2020-10-07 12:06:00,52.74,52.75,52.72,52.74,0,0,19346
5998,2020-10-07 12:07:00,52.74,52.76,52.74,52.76,0,0,24001
5999,2020-10-07 12:08:00,52.76,52.78,52.76,52.76,0,0,23517
6000,2020-10-07 12:09:00,52.76,52.78,52.76,52.78,0,0,13932
6001,2020-10-07 12:10:00,52.77,52.8,52.77,52.78,0,0,52797
6002,2020-10-07 12:11:00,52.79,52.81,52.79,52.79,0,0,38702
6003,2020-10-07 12:12:00,52.79,52.8,52.78,52.79,0,0,32236
6004,2020-10-07 12:13:00,52.79,52.79,52.77,52.77,0,0,30443
6005,2020-10-07 12:14:00,52.78,52.8,52.76,52.79,0,0,47667
6006,2020-10-07 12:15:00,52.79,52.81,52.79,52.81,0,0,19998
6007,2020-10-07 12:16:00,52.81,52.82,52.79,52.82,0,0,47422
6008,2020-10-07 12:17:00,52.83,52.84,52.82,52.84,0,0,37213
6009,2020-10-07 12:18:00,52.84,52.85,52.81,52.83,0,0,76541
6010,2020-10-07 12:19:00,52.83,52.83,52.81,52.82,0,0,35179
6011,2020-10-07 12:20:00,52.83,52.84,52.82,52.83,0,0,22945
6012,2020-10-07 12:21:00,52.84,52.84,52.83,52.83,0,0,13294
6013,2020-10-07 12:22:00,52.83,52.85,52.82,52.83,0,0,52969
6014,2020-10-07 12:23:00,52.83,52.83,52.79,52.82,0,0,102042
6015,2020-10-07 12:24:00,52.81,52.84,52.81,52.83,0,0,31166
6016,2020-10-07 12:25:00,52.83,52.86,52.83,52.85,0,0,56571
6017,2020-10-07 12:26:00,52.85,52.87,52.81,52.81,0,0,60077
6018,2020-10-07 12:27:00,52.8,52.81,52.62,52.68,0,0,184618
6019,2020-10-07 12:28:00,52.69,52.69,52.64,52.64,0,0,53319
6020,2020-10-07 12:29:00,52.63,52.68,52.62,52.67,0,0,32295
6021,2020-10-07 12:30:00,52.67,52.74,52.67,52.73,0,0,28122
6022,2020-10-07 12:31:00,52.72,52.79,52.72,52.79,0,0,25828
6023,2020-10-07 12:32:00,52.79,52.82,52.78,52.82,0,0,48428
6024,2020-10-07 12:33:00,52.81,52.83,52.78,52.81,0,0,50294
6025,2020-10-07 12:34:00,52.81,52.81,52.79,52.8,0,0,20263
6026,2020-10-07 12:35:00,52.8,52.82,52.8,52.81,0,0,22089
6027,2020-10-07 12:36:00,52.8,52.81,52.78,52.79,0,0,49486
6028,2020-10-07 12:37:00,52.8,52.81,52.76,52.76,0,0,38883
6029,2020-10-07 12:38:00,52.76,52.8,52.76,52.78,0,0,34207
6030,2020-10-07 12:39:00,52.78,52.81,52.78,52.78,0,0,40429
6031,2020-10-07 12:40:00,52.79,52.81,52.78,52.81,0,0,28201
6032,2020-10-07 12:41:00,52.81,52.81,52.78,52.79,0,0,32636
6033,2020-10-07 12:42:00,52.8,52.81,52.78,52.8,0,0,40423
6034,2020-10-07 12:43:00,52.8,52.81,52.78,52.78,0,0,36456
6035,2020-10-07 12:44:00,52.79,52.79,52.76,52.78,0,0,54887
6036,2020-10-07 12:45:00,52.78,52.78,52.74,52.76,0,0,36498
6037,2020-10-07 12:46:00,52.76,52.78,52.75,52.77,0,0,30126
6038,2020-10-07 12:47:00,52.77,52.78,52.76,52.76,0,0,26672
6039,2020-10-07 12:48:00,52.76,52.79,52.74,52.78,0,0,54658
6040,2020-10-07 12:49:00,52.78,52.79,52.77,52.78,0,0,15665
6041,2020-10-07 12:50:00,52.78,52.79,52.76,52.76,0,0,21878
6042,2020-10-07 12:51:00,52.76,52.76,52.74,52.76,0,0,37281
6043,2020-10-07 12:52:00,52.76,52.79,52.76,52.78,0,0,19725
6044,2020-10-07 12:53:00,52.78,52.79,52.76,52.76,0,0,16510
6045,2020-10-07 12:54:00,52.77,52.78,52.76,52.76,0,0,29176
6046,2020-10-07 12:55:00,52.77,52.78,52.76,52.78,0,0,12081
6047,2020-10-07 12:56:00,52.77,52.78,52.77,52.77,0,0,11746
6048,2020-10-07 12:57:00,52.78,52.78,52.77,52.78,0,0,6427
6049,2020-10-07 12:58:00,52.77,52.78,52.77,52.77,0,0,5821
6050,2020-10-07 12:59:00,52.78,52.82,52.77,52.82,0,0,77837
6051,2020-10-07 13:00:00,52.82,52.84,52.82,52.83,0,0,38409
6052,2020-10-07 13:01:00,52.83,52.84,52.81,52.83,0,0,44388
6053,2020-10-07 13:02:00,52.84,52.84,52.83,52.83,0,0,9398
6054,2020-10-07 13:03:00,52.83,52.85,52.81,52.85,0,0,48144
6055,2020-10-07 13:04:00,52.84,52.86,52.84,52.85,0,0,20557
6056,2020-10-07 13:05:00,52.85,52.85,52.82,52.82,0,0,26113
6057,2020-10-07 13:06:00,52.83,52.84,52.81,52.82,0,0,20558
6058,2020-10-07 13:07:00,52.82,52.83,52.8,52.82,0,0,21315
6059,2020-10-07 13:08:00,52.83,52.84,52.82,52.83,0,0,14886
6060,2020-10-07 13:09:00,52.83,52.84,52.81,52.83,0,0,24555
6061,2020-10-07 13:10:00,52.83,52.84,52.81,52.81,0,0,17754
6062,2020-10-07 13:11:00,52.81,52.82,52.79,52.79,0,0,22095
6063,2020-10-07 13:12:00,52.8,52.81,52.78,52.81,0,0,36495
6064,2020-10-07 13:13:00,52.8,52.83,52.8,52.81,0,0,43549
6065,2020-10-07 13:14:00,52.81,52.83,52.8,52.8,0,0,36415
6066,2020-10-07 13:15:00,52.81,52.81,52.79,52.81,0,0,21312
6067,2020-10-07 13:16:00,52.81,52.83,52.79,52.83,0,0,28781
6068,2020-10-07 13:17:00,52.83,52.83,52.82,52.83,0,0,10028
6069,2020-10-07 13:18:00,52.82,52.83,52.8,52.81,0,0,19352
6070,2020-10-07 13:19:00,52.8,52.82,52.79,52.81,0,0,25306
6071,2020-10-07 13:20:00,52.81,52.82,52.81,52.82,0,0,28713
6072,2020-10-07 13:21:00,52.81,52.81,52.78,52.81,0,0,28247
6073,2020-10-07 13:22:00,52.8,52.82,52.78,52.79,0,0,38954
6074,2020-10-07 13:23:00,52.79,52.81,52.79,52.81,0,0,23351
6075,2020-10-07 13:24:00,52.81,52.83,52.8,52.81,0,0,38761
6076,2020-10-07 13:25:00,52.8,52.81,52.79,52.79,0,0,12283
6077,2020-10-07 13:26:00,52.79,52.8,52.79,52.79,0,0,9048
6078,2020-10-07 13:27:00,52.79,52.8,52.79,52.79,0,0,9110
6079,2020-10-07 13:28:00,52.79,52.8,52.79,52.79,0,0,7941
6080,2020-10-07 13:29:00,52.79,52.82,52.79,52.81,0,0,25657
6081,2020-10-07 13:30:00,52.82,52.84,52.81,52.83,0,0,57354
6082,2020-10-07 13:31:00,52.83,52.84,52.83,52.83,0,0,20454
6083,2020-10-07 13:32:00,52.83,52.85,52.82,52.84,0,0,44008
6084,2020-10-07 13:33:00,52.85,52.85,52.8,52.81,0,0,67117
6085,2020-10-07 13:34:00,52.81,52.81,52.79,52.79,0,0,23091
6086,2020-10-07 13:35:00,52.8,52.81,52.79,52.8,0,0,18211
6087,2020-10-07 13:36:00,52.8,52.81,52.78,52.8,0,0,23935
6088,2020-10-07 13:37:00,52.79,52.79,52.78,52.78,0,0,13544
6089,2020-10-07 13:38:00,52.78,52.79,52.77,52.78,0,0,10345
6090,2020-10-07 13:39:00,52.78,52.79,52.77,52.78,0,0,47878
6091,2020-10-07 13:40:00,52.77,52.78,52.76,52.76,0,0,80901
6092,2020-10-07 13:41:00,52.76,52.77,52.76,52.76,0,0,9885
6093,2020-10-07 13:42:00,52.77,52.77,52.76,52.77,0,0,61612
6094,2020-10-07 13:43:00,52.77,52.78,52.76,52.76,0,0,65298
6095,2020-10-07 13:44:00,52.76,52.85,52.76,52.81,0,0,104306
6096,2020-10-07 13:45:00,52.82,52.83,52.79,52.8,0,0,35914
6097,2020-10-07 13:46:00,52.8,52.83,52.78,52.83,0,0,22686
6098,2020-10-07 13:47:00,52.83,52.85,52.83,52.85,0,0,24684
6099,2020-10-07 13:48:00,52.85,52.85,52.83,52.85,0,0,30375
6100,2020-10-07 13:49:00,52.85,52.85,52.83,52.85,0,0,35995
6101,2020-10-07 13:50:00,52.85,52.86,52.83,52.85,0,0,27246
6102,2020-10-07 13:51:00,52.85,52.87,52.85,52.87,0,0,33942
6103,2020-10-07 13:52:00,52.87,52.88,52.87,52.87,0,0,49368
6104,2020-10-07 13:53:00,52.87,52.87,52.86,52.87,0,0,12238
6105,2020-10-07 13:54:00,52.86,52.88,52.86,52.87,0,0,26200
6106,2020-10-07 13:55:00,52.88,52.88,52.86,52.86,0,0,30071
6107,2020-10-07 13:56:00,52.86,52.86,52.83,52.83,0,0,20523
6108,2020-10-07 13:57:00,52.83,52.85,52.83,52.85,0,0,33982
6109,2020-10-07 13:58:00,52.85,52.85,52.84,52.84,0,0,12222
6110,2020-10-07 13:59:00,52.84,52.84,52.79,52.81,0,0,67834
6111,2020-10-07 14:00:00,52.81,52.83,52.81,52.83,0,0,26281
6112,2020-10-07 14:01:00,52.83,52.85,52.83,52.85,0,0,13897
6113,2020-10-07 14:02:00,52.85,52.87,52.84,52.86,0,0,15318
6114,2020-10-07 14:03:00,52.87,52.87,52.79,52.79,0,0,55469
6115,2020-10-07 14:04:00,52.79,52.8,52.77,52.78,0,0,31861
6116,2020-10-07 14:05:00,52.78,52.78,52.74,52.74,0,0,34558
6117,2020-10-07 14:06:00,52.75,52.77,52.74,52.74,0,0,30642
6118,2020-10-07 14:07:00,52.74,52.75,52.7,52.72,0,0,36896
6119,2020-10-07 14:08:00,52.72,52.73,52.7,52.71,0,0,22521
6120,2020-10-07 14:09:00,52.71,52.76,52.71,52.76,0,0,12997
6121,2020-10-07 14:10:00,52.74,52.76,52.72,52.74,0,0,44154
6122,2020-10-07 14:11:00,52.74,52.76,52.73,52.75,0,0,25233
6123,2020-10-07 14:12:00,52.75,52.75,52.72,52.74,0,0,36462
6124,2020-10-07 14:13:00,52.73,52.75,52.71,52.71,0,0,36555
6125,2020-10-07 14:14:00,52.71,52.71,52.68,52.69,0,0,48944
6126,2020-10-07 14:15:00,52.69,52.71,52.67,52.69,0,0,29549
6127,2020-10-07 14:16:00,52.7,52.72,52.69,52.71,0,0,20718
6128,2020-10-07 14:17:00,52.7,52.72,52.7,52.71,0,0,30597
6129,2020-10-07 14:18:00,52.71,52.72,52.69,52.72,0,0,13651
6130,2020-10-07 14:19:00,52.71,52.75,52.71,52.73,0,0,58600
6131,2020-10-07 14:20:00,52.73,52.73,52.7,52.71,0,0,30551
6132,2020-10-07 14:21:00,52.7,52.72,52.7,52.71,0,0,14532
6133,2020-10-07 14:22:00,52.71,52.72,52.7,52.72,0,0,11201
6134,2020-10-07 14:23:00,52.72,52.79,52.72,52.76,0,0,85521
6135,2020-10-07 14:24:00,52.75,52.76,52.74,52.76,0,0,19596
6136,2020-10-07 14:25:00,52.75,52.78,52.75,52.78,0,0,23008
6137,2020-10-07 14:26:00,52.77,52.79,52.77,52.77,0,0,20665
6138,2020-10-07 14:27:00,52.77,52.81,52.76,52.8,0,0,36823
6139,2020-10-07 14:28:00,52.8,52.81,52.78,52.79,0,0,26750
6140,2020-10-07 14:29:00,52.79,52.82,52.78,52.81,0,0,25711
6141,2020-10-07 14:30:00,52.81,52.82,52.79,52.79,0,0,17174
6142,2020-10-07 14:31:00,52.8,52.81,52.8,52.8,0,0,6492
6143,2020-10-07 14:32:00,52.81,52.83,52.79,52.82,0,0,29074
6144,2020-10-07 14:33:00,52.83,52.84,52.82,52.82,0,0,21473
6145,2020-10-07 14:34:00,52.83,52.83,52.82,52.83,0,0,14474
6146,2020-10-07 14:35:00,52.83,52.83,52.8,52.8,0,0,20708
6147,2020-10-07 14:36:00,52.8,52.81,52.79,52.81,0,0,16251
6148,2020-10-07 14:37:00,52.81,52.83,52.8,52.83,0,0,28411
6149,2020-10-07 14:38:00,52.83,52.83,52.81,52.81,0,0,18739
6150,2020-10-07 14:39:00,52.81,52.83,52.81,52.82,0,0,17189
6151,2020-10-07 14:40:00,52.83,52.83,52.79,52.8,0,0,37144
6152,2020-10-07 14:41:00,52.79,52.79,52.74,52.76,0,0,52903
6153,2020-10-07 14:42:00,52.76,52.8,52.76,52.8,0,0,20006
6154,2020-10-07 14:43:00,52.79,52.81,52.79,52.8,0,0,11177
6155,2020-10-07 14:44:00,52.81,52.81,52.79,52.81,0,0,18802
6156,2020-10-07 14:45:00,52.81,52.83,52.8,52.81,0,0,25034
6157,2020-10-07 14:46:00,52.82,52.83,52.8,52.81,0,0,23438
6158,2020-10-07 14:47:00,52.81,52.81,52.8,52.81,0,0,10877
6159,2020-10-07 14:48:00,52.81,52.83,52.8,52.83,0,0,22395
6160,2020-10-07 14:49:00,52.83,52.84,52.83,52.83,0,0,27415
6161,2020-10-07 14:50:00,52.82,52.84,52.82,52.83,0,0,29923
6162,2020-10-07 14:51:00,52.83,52.84,52.83,52.83,0,0,22746
6163,2020-10-07 14:52:00,52.83,52.84,52.83,52.83,0,0,14481
6164,2020-10-07 14:53:00,52.83,52.85,52.83,52.85,0,0,117748
6165,2020-10-07 14:54:00,52.84,52.85,52.83,52.83,0,0,33939
6166,2020-10-07 14:55:00,52.83,52.85,52.83,52.85,0,0,27019
6167,2020-10-07 14:56:00,52.85,52.87,52.85,52.87,0,0,36462
6168,2020-10-07 14:57:00,52.86,52.87,52.85,52.85,0,0,27620
6169,2020-10-07 14:58:00,52.85,52.86,52.83,52.83,0,0,15886
6170,2020-10-07 14:59:00,52.84,52.86,52.83,52.84,0,0,40969
6171,2020-10-07 15:00:00,52.84,52.85,52.82,52.85,0,0,35840
6172,2020-10-07 15:01:00,52.84,52.85,52.83,52.85,0,0,30124
6173,2020-10-07 15:02:00,52.85,52.86,52.85,52.85,0,0,20480
6174,2020-10-07 15:03:00,52.86,52.88,52.86,52.87,0,0,25281
6175,2020-10-07 15:04:00,52.87,52.88,52.84,52.88,0,0,46685
6176,2020-10-07 15:05:00,52.88,52.9,52.86,52.86,0,0,58664
6177,2020-10-07 15:06:00,52.87,52.89,52.85,52.87,0,0,59727
6178,2020-10-07 15:07:00,52.88,52.88,52.85,52.85,0,0,29057
6179,2020-10-07 15:08:00,52.86,52.89,52.86,52.87,0,0,35012
6180,2020-10-07 15:09:00,52.88,52.89,52.87,52.88,0,0,23854
6181,2020-10-07 15:10:00,52.88,52.89,52.88,52.88,0,0,32760
6182,2020-10-07 15:11:00,52.89,52.9,52.87,52.87,0,0,34340
6183,2020-10-07 15:12:00,52.88,52.88,52.85,52.88,0,0,51360
6184,2020-10-07 15:13:00,52.88,52.88,52.86,52.86,0,0,34507
6185,2020-10-07 15:14:00,52.86,52.87,52.86,52.87,0,0,17917
6186,2020-10-07 15:15:00,52.87,52.88,52.83,52.85,0,0,78642
6187,2020-10-07 15:16:00,52.85,52.88,52.85,52.85,0,0,49566
6188,2020-10-07 15:17:00,52.86,52.87,52.85,52.85,0,0,29149
6189,2020-10-07 15:18:00,52.85,52.86,52.84,52.85,0,0,50487
6190,2020-10-07 15:19:00,52.85,52.86,52.84,52.84,0,0,28455
6191,2020-10-07 15:20:00,52.84,52.86,52.84,52.85,0,0,28053
6192,2020-10-07 15:21:00,52.85,52.86,52.83,52.83,0,0,45293
6193,2020-10-07 15:22:00,52.83,52.84,52.81,52.83,0,0,60438
6194,2020-10-07 15:23:00,52.83,52.83,52.82,52.83,0,0,14658
6195,2020-10-07 15:24:00,52.82,52.83,52.8,52.8,0,0,33955
6196,2020-10-07 15:25:00,52.81,52.82,52.79,52.79,0,0,58890
6197,2020-10-07 15:26:00,52.79,52.8,52.77,52.77,0,0,47116
6198,2020-10-07 15:27:00,52.77,52.8,52.77,52.77,0,0,57532
6199,2020-10-07 15:28:00,52.77,52.77,52.73,52.74,0,0,66990
6200,2020-10-07 15:29:00,52.75,52.75,52.74,52.74,0,0,31510
6201,2020-10-07 15:30:00,52.74,52.77,52.73,52.75,0,0,51148
6202,2020-10-07 15:31:00,52.75,52.76,52.74,52.74,0,0,30399
6203,2020-10-07 15:32:00,52.75,52.75,52.7,52.71,0,0,52233
6204,2020-10-07 15:33:00,52.71,52.72,52.69,52.71,0,0,78647
6205,2020-10-07 15:34:00,52.71,52.71,52.65,52.67,0,0,61903
6206,2020-10-07 15:35:00,52.67,52.68,52.65,52.66,0,0,67359
6207,2020-10-07 15:36:00,52.66,52.7,52.66,52.68,0,0,62125
6208,2020-10-07 15:37:00,52.69,52.69,52.67,52.69,0,0,37120
6209,2020-10-07 15:38:00,52.7,52.72,52.69,52.69,0,0,69482
6210,2020-10-07 15:39:00,52.69,52.71,52.67,52.71,0,0,63789
6211,2020-10-07 15:40:00,52.71,52.74,52.7,52.74,0,0,66157
6212,2020-10-07 15:41:00,52.74,52.76,52.73,52.76,0,0,34028
6213,2020-10-07 15:42:00,52.76,52.76,52.72,52.73,0,0,39843
6214,2020-10-07 15:43:00,52.74,52.75,52.73,52.74,0,0,33357
6215,2020-10-07 15:44:00,52.74,52.74,52.71,52.72,0,0,66467
6216,2020-10-07 15:45:00,52.73,52.74,52.7,52.72,0,0,64036
6217,2020-10-07 15:46:00,52.72,52.76,52.72,52.76,0,0,42928
6218,2020-10-07 15:47:00,52.75,52.76,52.74,52.74,0,0,83958
6219,2020-10-07 15:48:00,52.74,52.76,52.73,52.74,0,0,70570
6220,2020-10-07 15:49:00,52.75,52.76,52.73,52.76,0,0,49341
6221,2020-10-07 15:50:00,52.76,52.78,52.69,52.71,0,0,189287
6222,2020-10-07 15:51:00,52.71,52.76,52.71,52.75,0,0,66661
6223,2020-10-07 15:52:00,52.76,52.76,52.71,52.71,0,0,89830
6224,2020-10-07 15:53:00,52.71,52.72,52.69,52.72,0,0,99669
6225,2020-10-07 15:54:00,52.72,52.82,52.69,52.81,0,0,177846
6226,2020-10-07 15:55:00,52.81,52.81,52.74,52.75,0,0,100797
6227,2020-10-07 15:56:00,52.74,52.77,52.72,52.72,0,0,105830
6228,2020-10-07 15:57:00,52.73,52.73,52.71,52.72,0,0,156206
6229,2020-10-07 15:58:00,52.72,52.72,52.68,52.69,0,0,243331
6230,2020-10-07 15:59:00,52.69,52.73,52.64,52.65,0,0,568746
6231,2020-10-08 09:30:00,52.91,52.91,52.67,52.78,0,0,549492
6232,2020-10-08 09:31:00,52.78,52.9,52.73,52.86,0,0,127581
6233,2020-10-08 09:32:00,52.86,52.94,52.84,52.93,0,0,82740
6234,2020-10-08 09:33:00,52.94,53.0,52.92,53.0,0,0,556262
6235,2020-10-08 09:34:00,53.0,53.15,52.99,53.12,0,0,314354
6236,2020-10-08 09:35:00,53.17,53.19,53.17,53.19,0,0,126491
6237,2020-10-08 09:36:00,53.16,53.18,53.13,53.18,0,0,108885
6238,2020-10-08 09:37:00,53.18,53.29,53.18,53.29,0,0,113925
6239,2020-10-08 09:38:00,53.26,53.28,53.24,53.24,0,0,146445
6240,2020-10-08 09:39:00,53.25,53.27,53.21,53.21,0,0,59308
6241,2020-10-08 09:40:00,53.26,53.28,53.24,53.26,0,0,62263
6242,2020-10-08 09:41:00,53.26,53.26,53.23,53.23,0,0,82346
6243,2020-10-08 09:42:00,53.25,53.25,53.23,53.24,0,0,47069
6244,2020-10-08 09:43:00,53.21,53.27,53.2,53.22,0,0,52291
6245,2020-10-08 09:44:00,53.25,53.28,53.24,53.26,0,0,79962
6246,2020-10-08 09:45:00,53.26,53.27,53.21,53.24,0,0,76376
6247,2020-10-08 09:46:00,53.25,53.25,53.2,53.21,0,0,96442
6248,2020-10-08 09:47:00,53.21,53.25,53.2,53.22,0,0,63168
6249,2020-10-08 09:48:00,53.22,53.32,53.22,53.31,0,0,126977
6250,2020-10-08 09:49:00,53.38,53.42,53.35,53.35,0,0,145016
6251,2020-10-08 09:50:00,53.37,53.42,53.34,53.41,0,0,57110
6252,2020-10-08 09:51:00,53.38,53.43,53.37,53.42,0,0,88056
6253,2020-10-08 09:52:00,53.42,53.45,53.42,53.44,0,0,79021
6254,2020-10-08 09:53:00,53.46,53.48,53.46,53.48,0,0,73111
6255,2020-10-08 09:54:00,53.5,53.5,53.44,53.48,0,0,181899
6256,2020-10-08 09:55:00,53.47,53.52,53.47,53.5,0,0,136154
6257,2020-10-08 09:56:00,53.47,53.48,53.44,53.45,0,0,66495
6258,2020-10-08 09:57:00,53.46,53.46,53.42,53.43,0,0,83971
6259,2020-10-08 09:58:00,53.42,53.44,53.41,53.42,0,0,70784
6260,2020-10-08 09:59:00,53.43,53.44,53.41,53.42,0,0,138686
6261,2020-10-08 10:00:00,53.46,53.5,53.41,53.48,0,0,51567
6262,2020-10-08 10:01:00,53.48,53.55,53.45,53.54,0,0,103846
6263,2020-10-08 10:02:00,53.54,53.58,53.53,53.53,0,0,107006
6264,2020-10-08 10:03:00,53.53,53.53,53.44,53.46,0,0,109048
6265,2020-10-08 10:04:00,53.46,53.5,53.44,53.45,0,0,73562
6266,2020-10-08 10:05:00,53.45,53.49,53.43,53.47,0,0,65909
6267,2020-10-08 10:06:00,53.48,53.53,53.48,53.53,0,0,56247
6268,2020-10-08 10:07:00,53.53,53.54,53.5,53.51,0,0,74955
6269,2020-10-08 10:08:00,53.51,53.51,53.44,53.44,0,0,66591
6270,2020-10-08 10:09:00,53.44,53.47,53.43,53.45,0,0,42545
6271,2020-10-08 10:10:00,53.45,53.47,53.43,53.44,0,0,46948
6272,2020-10-08 10:11:00,53.44,53.44,53.41,53.43,0,0,66199
6273,2020-10-08 10:12:00,53.42,53.46,53.42,53.45,0,0,42818
6274,2020-10-08 10:13:00,53.45,53.5,53.44,53.49,0,0,47120
6275,2020-10-08 10:14:00,53.49,53.5,53.46,53.46,0,0,27557
6276,2020-10-08 10:15:00,53.46,53.49,53.43,53.49,0,0,26677
6277,2020-10-08 10:16:00,53.49,53.52,53.48,53.49,0,0,26305
6278,2020-10-08 10:17:00,53.5,53.5,53.44,53.44,0,0,122029
6279,2020-10-08 10:18:00,53.45,53.47,53.43,53.45,0,0,28502
6280,2020-10-08 10:19:00,53.45,53.47,53.44,53.47,0,0,40003
6281,2020-10-08 10:20:00,53.46,53.47,53.42,53.44,0,0,85657
6282,2020-10-08 10:21:00,53.44,53.47,53.44,53.46,0,0,39842
6283,2020-10-08 10:22:00,53.47,53.47,53.44,53.47,0,0,41803
6284,2020-10-08 10:23:00,53.47,53.49,53.47,53.49,0,0,48295
6285,2020-10-08 10:24:00,53.49,53.5,53.47,53.47,0,0,32762
6286,2020-10-08 10:25:00,53.48,53.48,53.42,53.42,0,0,97719
6287,2020-10-08 10:26:00,53.43,53.43,53.4,53.42,0,0,41963
6288,2020-10-08 10:27:00,53.42,53.42,53.37,53.38,0,0,96221
6289,2020-10-08 10:28:00,53.38,53.39,53.32,53.36,0,0,82469
6290,2020-10-08 10:29:00,53.37,53.38,53.33,53.35,0,0,32345
6291,2020-10-08 10:30:00,53.35,53.37,53.34,53.37,0,0,145359
6292,2020-10-08 10:31:00,53.37,53.4,53.36,53.4,0,0,35007
6293,2020-10-08 10:32:00,53.4,53.46,53.4,53.46,0,0,58790
6294,2020-10-08 10:33:00,53.46,53.48,53.45,53.45,0,0,42726
6295,2020-10-08 10:34:00,53.45,53.47,53.44,53.47,0,0,34618
6296,2020-10-08 10:35:00,53.47,53.5,53.47,53.49,0,0,47408
6297,2020-10-08 10:36:00,53.49,53.54,53.49,53.52,0,0,87808
6298,2020-10-08 10:37:00,53.52,53.55,53.52,53.54,0,0,48045
6299,2020-10-08 10:38:00,53.54,53.54,53.5,53.51,0,0,41016
6300,2020-10-08 10:39:00,53.52,53.53,53.51,53.52,0,0,26687
6301,2020-10-08 10:40:00,53.52,53.53,53.5,53.52,0,0,41149
6302,2020-10-08 10:41:00,53.52,53.53,53.51,53.53,0,0,23557
6303,2020-10-08 10:42:00,53.51,53.53,53.51,53.51,0,0,40588
6304,2020-10-08 10:43:00,53.51,53.51,53.5,53.51,0,0,26262
6305,2020-10-08 10:44:00,53.51,53.51,53.46,53.47,0,0,56729
6306,2020-10-08 10:45:00,53.47,53.5,53.45,53.49,0,0,39162
6307,2020-10-08 10:46:00,53.48,53.49,53.45,53.45,0,0,34178
6308,2020-10-08 10:47:00,53.45,53.46,53.4,53.41,0,0,55637
6309,2020-10-08 10:48:00,53.41,53.42,53.4,53.41,0,0,26906
6310,2020-10-08 10:49:00,53.42,53.44,53.41,53.42,0,0,32325
6311,2020-10-08 10:50:00,53.42,53.46,53.42,53.46,0,0,45170
6312,2020-10-08 10:51:00,53.46,53.46,53.42,53.43,0,0,47560
6313,2020-10-08 10:52:00,53.44,53.46,53.44,53.45,0,0,26323
6314,2020-10-08 10:53:00,53.45,53.46,53.42,53.42,0,0,25067
6315,2020-10-08 10:54:00,53.42,53.43,53.35,53.36,0,0,60140
6316,2020-10-08 10:55:00,53.37,53.38,53.34,53.35,0,0,35717
6317,2020-10-08 10:56:00,53.35,53.38,53.34,53.37,0,0,62256
6318,2020-10-08 10:57:00,53.37,53.38,53.31,53.33,0,0,114914
6319,2020-10-08 10:58:00,53.33,53.34,53.31,53.34,0,0,29502
6320,2020-10-08 10:59:00,53.35,53.37,53.34,53.35,0,0,28945
6321,2020-10-08 11:00:00,53.35,53.37,53.3,53.35,0,0,43834
6322,2020-10-08 11:01:00,53.36,53.39,53.35,53.36,0,0,26289
6323,2020-10-08 11:02:00,53.36,53.38,53.35,53.37,0,0,43859
6324,2020-10-08 11:03:00,53.37,53.37,53.34,53.35,0,0,28510
6325,2020-10-08 11:04:00,53.35,53.38,53.35,53.35,0,0,31049
6326,2020-10-08 11:05:00,53.35,53.39,53.34,53.39,0,0,48191
6327,2020-10-08 11:06:00,53.39,53.43,53.38,53.42,0,0,53725
6328,2020-10-08 11:07:00,53.42,53.45,53.41,53.42,0,0,51621
6329,2020-10-08 11:08:00,53.42,53.43,53.41,53.42,0,0,21560
6330,2020-10-08 11:09:00,53.42,53.43,53.41,53.42,0,0,15791
6331,2020-10-08 11:10:00,53.43,53.44,53.42,53.44,0,0,11918
6332,2020-10-08 11:11:00,53.45,53.45,53.45,53.45,0,0,55626
6333,2020-10-08 11:12:00,53.45,53.47,53.45,53.47,0,0,6580
6334,2020-10-08 11:13:00,53.49,53.5,53.48,53.5,0,0,70126
6335,2020-10-08 11:14:00,53.49,53.5,53.48,53.49,0,0,64536
6336,2020-10-08 11:15:00,53.5,53.52,53.49,53.51,0,0,89376
6337,2020-10-08 11:16:00,53.51,53.52,53.51,53.52,0,0,23456
6338,2020-10-08 11:17:00,53.52,53.52,53.49,53.5,0,0,33055
6339,2020-10-08 11:18:00,53.49,53.49,53.44,53.45,0,0,55059
6340,2020-10-08 11:19:00,53.44,53.45,53.38,53.38,0,0,34251
6341,2020-10-08 11:20:00,53.38,53.4,53.29,53.33,0,0,94218
6342,2020-10-08 11:21:00,53.33,53.34,53.28,53.31,0,0,43934
6343,2020-10-08 11:22:00,53.31,53.32,53.29,53.3,0,0,47568
6344,2020-10-08 11:23:00,53.32,53.32,53.26,53.28,0,0,209222
6345,2020-10-08 11:24:00,53.28,53.29,53.23,53.25,0,0,93826
6346,2020-10-08 11:25:00,53.24,53.25,53.15,53.16,0,0,149374
6347,2020-10-08 11:26:00,53.15,53.17,53.15,53.15,0,0,36951
6348,2020-10-08 11:27:00,53.15,53.2,53.15,53.17,0,0,42392
6349,2020-10-08 11:28:00,53.18,53.18,53.13,53.16,0,0,28423
6350,2020-10-08 11:29:00,53.15,53.16,53.12,53.12,0,0,39931
6351,2020-10-08 11:30:00,53.12,53.13,53.1,53.1,0,0,64868
6352,2020-10-08 11:31:00,53.1,53.1,53.03,53.04,0,0,51685
6353,2020-10-08 11:32:00,53.04,53.06,53.0,53.01,0,0,112792
6354,2020-10-08 11:33:00,53.01,53.02,52.96,52.99,0,0,56880
6355,2020-10-08 11:34:00,52.98,53.0,52.96,52.99,0,0,39935
6356,2020-10-08 11:35:00,53.0,53.03,52.98,53.03,0,0,64365
6357,2020-10-08 11:36:00,53.04,53.07,53.03,53.06,0,0,45507
6358,2020-10-08 11:37:00,53.07,53.1,53.04,53.09,0,0,30803
6359,2020-10-08 11:38:00,53.1,53.18,53.09,53.15,0,0,55954
6360,2020-10-08 11:39:00,53.16,53.19,53.15,53.17,0,0,40993
6361,2020-10-08 11:40:00,53.17,53.22,53.17,53.22,0,0,44822
6362,2020-10-08 11:41:00,53.21,53.25,53.2,53.25,0,0,34551
6363,2020-10-08 11:42:00,53.24,53.29,53.24,53.29,0,0,78747
6364,2020-10-08 11:43:00,53.29,53.29,53.26,53.26,0,0,50323
6365,2020-10-08 11:44:00,53.26,53.3,53.26,53.28,0,0,30529
6366,2020-10-08 11:45:00,53.29,53.3,53.27,53.28,0,0,23347
6367,2020-10-08 11:46:00,53.28,53.28,53.26,53.28,0,0,24932
6368,2020-10-08 11:47:00,53.28,53.29,53.26,53.28,0,0,23685
6369,2020-10-08 11:48:00,53.27,53.28,53.26,53.26,0,0,13065
6370,2020-10-08 11:49:00,53.26,53.28,53.23,53.28,0,0,62022
6371,2020-10-08 11:50:00,53.27,53.27,53.22,53.24,0,0,36268
6372,2020-10-08 11:51:00,53.23,53.25,53.22,53.22,0,0,23416
6373,2020-10-08 11:52:00,53.22,53.23,53.2,53.21,0,0,38434
6374,2020-10-08 11:53:00,53.22,53.25,53.22,53.22,0,0,17021
6375,2020-10-08 11:54:00,53.23,53.24,53.19,53.19,0,0,35479
6376,2020-10-08 11:55:00,53.2,53.21,53.19,53.19,0,0,23021
6377,2020-10-08 11:56:00,53.19,53.21,53.17,53.21,0,0,37953
6378,2020-10-08 11:57:00,53.21,53.21,53.17,53.2,0,0,61628
6379,2020-10-08 11:58:00,53.2,53.21,53.17,53.18,0,0,44049
6380,2020-10-08 11:59:00,53.17,53.17,53.15,53.15,0,0,12371
6381,2020-10-08 12:00:00,53.16,53.2,53.15,53.17,0,0,39988
6382,2020-10-08 12:01:00,53.17,53.19,53.16,53.17,0,0,15575
6383,2020-10-08 12:02:00,53.17,53.25,53.16,53.24,0,0,106943
6384,2020-10-08 12:03:00,53.24,53.27,53.24,53.26,0,0,126145
6385,2020-10-08 12:04:00,53.26,53.28,53.25,53.26,0,0,15595
6386,2020-10-08 12:05:00,53.26,53.28,53.25,53.25,0,0,27788
6387,2020-10-08 12:06:00,53.25,53.29,53.25,53.28,0,0,22869
6388,2020-10-08 12:07:00,53.29,53.34,53.28,53.33,0,0,63360
6389,2020-10-08 12:08:00,53.33,53.38,53.33,53.38,0,0,18146
6390,2020-10-08 12:09:00,53.38,53.38,53.36,53.38,0,0,17548
6391,2020-10-08 12:10:00,53.38,53.38,53.31,53.31,0,0,219998
6392,2020-10-08 12:11:00,53.32,53.33,53.31,53.32,0,0,25114
6393,2020-10-08 12:12:00,53.33,53.34,53.31,53.31,0,0,26327
6394,2020-10-08 12:13:00,53.31,53.32,53.29,53.31,0,0,41867
6395,2020-10-08 12:14:00,53.31,53.34,53.31,53.32,0,0,70377
6396,2020-10-08 12:15:00,53.32,53.33,53.28,53.28,0,0,28399
6397,2020-10-08 12:16:00,53.29,53.29,53.25,53.25,0,0,63789
6398,2020-10-08 12:17:00,53.25,53.26,53.25,53.26,0,0,59554
6399,2020-10-08 12:18:00,53.26,53.29,53.26,53.26,0,0,45774
6400,2020-10-08 12:19:00,53.26,53.28,53.26,53.27,0,0,27020
6401,2020-10-08 12:20:00,53.27,53.29,53.25,53.27,0,0,23020
6402,2020-10-08 12:21:00,53.26,53.28,53.26,53.27,0,0,30025
6403,2020-10-08 12:22:00,53.28,53.32,53.27,53.31,0,0,61168
6404,2020-10-08 12:23:00,53.31,53.35,53.3,53.33,0,0,80751
6405,2020-10-08 12:24:00,53.34,53.36,53.34,53.35,0,0,29827
6406,2020-10-08 12:25:00,53.35,53.36,53.3,53.31,0,0,104176
6407,2020-10-08 12:26:00,53.31,53.31,53.3,53.3,0,0,47419
6408,2020-10-08 12:27:00,53.31,53.31,53.28,53.29,0,0,30995
6409,2020-10-08 12:28:00,53.3,53.3,53.26,53.26,0,0,21245
6410,2020-10-08 12:29:00,53.26,53.27,53.25,53.26,0,0,20410
6411,2020-10-08 12:30:00,53.26,53.28,53.26,53.28,0,0,21346
6412,2020-10-08 12:31:00,53.27,53.3,53.27,53.3,0,0,18918
6413,2020-10-08 12:32:00,53.31,53.31,53.28,53.29,0,0,23860
6414,2020-10-08 12:33:00,53.29,53.3,53.28,53.28,0,0,11898
6415,2020-10-08 12:34:00,53.28,53.28,53.26,53.26,0,0,17390
6416,2020-10-08 12:35:00,53.26,53.27,53.26,53.26,0,0,15250
6417,2020-10-08 12:36:00,53.26,53.27,53.25,53.27,0,0,34165
6418,2020-10-08 12:37:00,53.26,53.28,53.26,53.26,0,0,12566
6419,2020-10-08 12:38:00,53.26,53.27,53.26,53.26,0,0,15016
6420,2020-10-08 12:39:00,53.26,53.28,53.26,53.27,0,0,8885
6421,2020-10-08 12:40:00,53.28,53.28,53.27,53.27,0,0,90658
6422,2020-10-08 12:41:00,53.27,53.29,53.26,53.29,0,0,28513
6423,2020-10-08 12:42:00,53.29,53.3,53.27,53.28,0,0,16393
6424,2020-10-08 12:43:00,53.28,53.28,53.26,53.26,0,0,11889
6425,2020-10-08 12:44:00,53.26,53.27,53.24,53.26,0,0,90574
6426,2020-10-08 12:45:00,53.26,53.29,53.25,53.26,0,0,43106
6427,2020-10-08 12:46:00,53.27,53.28,53.25,53.26,0,0,28620
6428,2020-10-08 12:47:00,53.26,53.26,53.25,53.26,0,0,13523
6429,2020-10-08 12:48:00,53.27,53.29,53.27,53.28,0,0,15991
6430,2020-10-08 12:49:00,53.28,53.28,53.26,53.26,0,0,11088
6431,2020-10-08 12:50:00,53.26,53.26,53.25,53.26,0,0,9540
6432,2020-10-08 12:51:00,53.26,53.27,53.26,53.27,0,0,7984
6433,2020-10-08 12:52:00,53.27,53.28,53.26,53.27,0,0,5915
6434,2020-10-08 12:53:00,53.27,53.3,53.27,53.29,0,0,26268
6435,2020-10-08 12:54:00,53.29,53.29,53.28,53.28,0,0,4477
6436,2020-10-08 12:55:00,53.28,53.29,53.25,53.26,0,0,27309
6437,2020-10-08 12:56:00,53.25,53.26,53.17,53.17,0,0,75456
6438,2020-10-08 12:57:00,53.18,53.18,53.15,53.16,0,0,27219
6439,2020-10-08 12:58:00,53.17,53.19,53.16,53.17,0,0,21727
6440,2020-10-08 12:59:00,53.17,53.19,53.17,53.17,0,0,30073
6441,2020-10-08 13:00:00,53.18,53.2,53.18,53.19,0,0,17032
6442,2020-10-08 13:01:00,53.19,53.2,53.17,53.18,0,0,28356
6443,2020-10-08 13:02:00,53.18,53.19,53.15,53.15,0,0,34056
6444,2020-10-08 13:03:00,53.16,53.18,53.15,53.16,0,0,20232
6445,2020-10-08 13:04:00,53.16,53.16,53.12,53.15,0,0,23755
6446,2020-10-08 13:05:00,53.14,53.17,53.13,53.17,0,0,14659
6447,2020-10-08 13:06:00,53.17,53.17,53.12,53.12,0,0,26757
6448,2020-10-08 13:07:00,53.13,53.15,53.13,53.14,0,0,19484
6449,2020-10-08 13:08:00,53.14,53.15,53.13,53.13,0,0,18947
6450,2020-10-08 13:09:00,53.13,53.16,53.13,53.15,0,0,17975
6451,2020-10-08 13:10:00,53.14,53.16,53.13,53.15,0,0,34486
6452,2020-10-08 13:11:00,53.15,53.17,53.15,53.17,0,0,51372
6453,2020-10-08 13:12:00,53.16,53.17,53.15,53.15,0,0,13098
6454,2020-10-08 13:13:00,53.15,53.16,53.13,53.15,0,0,21649
6455,2020-10-08 13:14:00,53.16,53.17,53.15,53.16,0,0,20961
6456,2020-10-08 13:15:00,53.15,53.16,53.14,53.15,0,0,14259
6457,2020-10-08 13:16:00,53.15,53.15,53.13,53.13,0,0,31379
6458,2020-10-08 13:17:00,53.14,53.14,53.12,53.13,0,0,23439
6459,2020-10-08 13:18:00,53.13,53.14,53.12,53.13,0,0,19552
6460,2020-10-08 13:19:00,53.14,53.15,53.12,53.14,0,0,23492
6461,2020-10-08 13:20:00,53.14,53.16,53.13,53.16,0,0,12614
6462,2020-10-08 13:21:00,53.15,53.19,53.15,53.19,0,0,24344
6463,2020-10-08 13:22:00,53.18,53.19,53.15,53.16,0,0,28445
6464,2020-10-08 13:23:00,53.15,53.16,53.14,53.15,0,0,26259
6465,2020-10-08 13:24:00,53.15,53.17,53.15,53.17,0,0,42197
6466,2020-10-08 13:25:00,53.17,53.17,53.14,53.15,0,0,15778
6467,2020-10-08 13:26:00,53.16,53.18,53.15,53.17,0,0,14033
6468,2020-10-08 13:27:00,53.17,53.18,53.16,53.17,0,0,29454
6469,2020-10-08 13:28:00,53.17,53.19,53.16,53.19,0,0,9158
6470,2020-10-08 13:29:00,53.19,53.2,53.19,53.2,0,0,12562
6471,2020-10-08 13:30:00,53.21,53.21,53.19,53.2,0,0,15908
6472,2020-10-08 13:31:00,53.2,53.21,53.2,53.21,0,0,15036
6473,2020-10-08 13:32:00,53.2,53.23,53.2,53.22,0,0,30094
6474,2020-10-08 13:33:00,53.22,53.24,53.22,53.23,0,0,11811
6475,2020-10-08 13:34:00,53.23,53.23,53.21,53.23,0,0,19714
6476,2020-10-08 13:35:00,53.23,53.25,53.22,53.24,0,0,18717
6477,2020-10-08 13:36:00,53.24,53.25,53.23,53.24,0,0,19392
6478,2020-10-08 13:37:00,53.24,53.25,53.24,53.24,0,0,9476
6479,2020-10-08 13:38:00,53.24,53.25,53.23,53.24,0,0,21290
6480,2020-10-08 13:39:00,53.24,53.25,53.24,53.24,0,0,24120
6481,2020-10-08 13:40:00,53.24,53.25,53.24,53.24,0,0,17624
6482,2020-10-08 13:41:00,53.24,53.26,53.23,53.24,0,0,18238
6483,2020-10-08 13:42:00,53.24,53.26,53.24,53.26,0,0,8061
6484,2020-10-08 13:43:00,53.25,53.26,53.23,53.24,0,0,22366
6485,2020-10-08 13:44:00,53.24,53.26,53.22,53.26,0,0,17864
6486,2020-10-08 13:45:00,53.25,53.26,53.24,53.26,0,0,15059
6487,2020-10-08 13:46:00,53.25,53.26,53.24,53.26,0,0,17845
6488,2020-10-08 13:47:00,53.26,53.28,53.26,53.28,0,0,29513
6489,2020-10-08 13:48:00,53.28,53.3,53.28,53.29,0,0,84266
6490,2020-10-08 13:49:00,53.29,53.32,53.29,53.32,0,0,20756
6491,2020-10-08 13:50:00,53.32,53.35,53.31,53.34,0,0,32875
6492,2020-10-08 13:51:00,53.34,53.35,53.33,53.33,0,0,7315
6493,2020-10-08 13:52:00,53.33,53.35,53.31,53.34,0,0,25379
6494,2020-10-08 13:53:00,53.34,53.35,53.33,53.34,0,0,11997
6495,2020-10-08 13:54:00,53.34,53.35,53.33,53.33,0,0,19384
6496,2020-10-08 13:55:00,53.33,53.34,53.29,53.29,0,0,15494
6497,2020-10-08 13:56:00,53.3,53.3,53.26,53.28,0,0,23404
6498,2020-10-08 13:57:00,53.29,53.29,53.26,53.28,0,0,17462
6499,2020-10-08 13:58:00,53.27,53.3,53.27,53.28,0,0,50018
6500,2020-10-08 13:59:00,53.29,53.29,53.28,53.29,0,0,13773
6501,2020-10-08 14:00:00,53.29,53.3,53.27,53.29,0,0,19669
6502,2020-10-08 14:01:00,53.3,53.32,53.28,53.29,0,0,22750
6503,2020-10-08 14:02:00,53.29,53.32,53.28,53.32,0,0,17916
6504,2020-10-08 14:03:00,53.31,53.33,53.31,53.33,0,0,25260
6505,2020-10-08 14:04:00,53.33,53.34,53.32,53.33,0,0,24388
6506,2020-10-08 14:05:00,53.32,53.36,53.31,53.35,0,0,33483
6507,2020-10-08 14:06:00,53.36,53.38,53.32,53.33,0,0,149871
6508,2020-10-08 14:07:00,53.33,53.35,53.31,53.35,0,0,29288
6509,2020-10-08 14:08:00,53.35,53.37,53.34,53.37,0,0,15578
6510,2020-10-08 14:09:00,53.37,53.39,53.37,53.38,0,0,29362
6511,2020-10-08 14:10:00,53.39,53.39,53.36,53.37,0,0,26859
6512,2020-10-08 14:11:00,53.37,53.38,53.33,53.35,0,0,57846
6513,2020-10-08 14:12:00,53.35,53.36,53.35,53.35,0,0,13603
6514,2020-10-08 14:13:00,53.35,53.35,53.32,53.35,0,0,34728
6515,2020-10-08 14:14:00,53.35,53.36,53.33,53.35,0,0,21363
6516,2020-10-08 14:15:00,53.35,53.36,53.35,53.35,0,0,10843
6517,2020-10-08 14:16:00,53.35,53.36,53.35,53.35,0,0,3695
6518,2020-10-08 14:17:00,53.36,53.37,53.34,53.35,0,0,25959
6519,2020-10-08 14:18:00,53.35,53.37,53.35,53.36,0,0,30258
6520,2020-10-08 14:19:00,53.37,53.38,53.36,53.37,0,0,6043
6521,2020-10-08 14:20:00,53.37,53.39,53.37,53.39,0,0,17954
6522,2020-10-08 14:21:00,53.38,53.4,53.35,53.4,0,0,247716
6523,2020-10-08 14:22:00,53.4,53.4,53.37,53.38,0,0,76344
6524,2020-10-08 14:23:00,53.38,53.4,53.38,53.4,0,0,0
6525,2020-10-08 14:24:00,53.4,53.42,53.38,53.42,0,0,38785
6526,2020-10-08 14:25:00,53.42,53.42,53.37,53.38,0,0,72020
6527,2020-10-08 14:26:00,53.38,53.4,53.37,53.4,0,0,33287
6528,2020-10-08 14:27:00,53.4,53.42,53.39,53.41,0,0,19714
6529,2020-10-08 14:28:00,53.42,53.43,53.41,53.42,0,0,28663
6530,2020-10-08 14:29:00,53.42,53.43,53.33,53.33,0,0,132761
6531,2020-10-08 14:30:00,53.34,53.34,53.3,53.31,0,0,55753
6532,2020-10-08 14:31:00,53.31,53.33,53.31,53.33,0,0,59609
6533,2020-10-08 14:32:00,53.33,53.37,53.32,53.37,0,0,29726
6534,2020-10-08 14:33:00,53.37,53.39,53.35,53.39,0,0,80211
6535,2020-10-08 14:34:00,53.39,53.41,53.36,53.37,0,0,36812
6536,2020-10-08 14:35:00,53.38,53.38,53.34,53.37,0,0,15518
6537,2020-10-08 14:36:00,53.37,53.38,53.35,53.37,0,0,38010
6538,2020-10-08 14:37:00,53.37,53.38,53.37,53.37,0,0,5067
6539,2020-10-08 14:38:00,53.38,53.4,53.37,53.4,0,0,29409
6540,2020-10-08 14:39:00,53.4,53.41,53.39,53.4,0,0,18913
6541,2020-10-08 14:40:00,53.39,53.39,53.37,53.38,0,0,31487
6542,2020-10-08 14:41:00,53.39,53.4,53.38,53.4,0,0,11433
6543,2020-10-08 14:42:00,53.4,53.41,53.38,53.4,0,0,18306
6544,2020-10-08 14:43:00,53.4,53.41,53.33,53.33,0,0,80156
6545,2020-10-08 14:44:00,53.33,53.35,53.32,53.33,0,0,29227
6546,2020-10-08 14:45:00,53.33,53.36,53.31,53.35,0,0,300840
6547,2020-10-08 14:46:00,53.35,53.37,53.34,53.36,0,0,25627
6548,2020-10-08 14:47:00,53.35,53.35,53.33,53.33,0,0,34380
6549,2020-10-08 14:48:00,53.33,53.33,53.31,53.32,0,0,17428
6550,2020-10-08 14:49:00,53.31,53.34,53.3,53.3,0,0,25558
6551,2020-10-08 14:50:00,53.3,53.3,53.27,53.28,0,0,35412
6552,2020-10-08 14:51:00,53.28,53.31,53.28,53.29,0,0,44292
6553,2020-10-08 14:52:00,53.28,53.3,53.27,53.28,0,0,27088
6554,2020-10-08 14:53:00,53.28,53.3,53.28,53.29,0,0,12815
6555,2020-10-08 14:54:00,53.29,53.29,53.26,53.27,0,0,15958
6556,2020-10-08 14:55:00,53.27,53.28,53.26,53.27,0,0,25023
6557,2020-10-08 14:56:00,53.28,53.3,53.27,53.28,0,0,35391
6558,2020-10-08 14:57:00,53.28,53.29,53.27,53.28,0,0,26347
6559,2020-10-08 14:58:00,53.27,53.28,53.25,53.27,0,0,19130
6560,2020-10-08 14:59:00,53.27,53.29,53.26,53.28,0,0,48783
6561,2020-10-08 15:00:00,53.28,53.3,53.27,53.29,0,0,45345
6562,2020-10-08 15:01:00,53.28,53.28,53.19,53.21,0,0,79215
6563,2020-10-08 15:02:00,53.21,53.22,53.16,53.22,0,0,74265
6564,2020-10-08 15:03:00,53.21,53.24,53.19,53.22,0,0,25596
6565,2020-10-08 15:04:00,53.23,53.23,53.21,53.21,0,0,28679
6566,2020-10-08 15:05:00,53.22,53.25,53.21,53.23,0,0,35505
6567,2020-10-08 15:06:00,53.23,53.25,53.23,53.24,0,0,34588
6568,2020-10-08 15:07:00,53.24,53.24,53.21,53.21,0,0,30731
6569,2020-10-08 15:08:00,53.21,53.21,53.19,53.2,0,0,53375
6570,2020-10-08 15:09:00,53.19,53.19,53.17,53.18,0,0,42185
6571,2020-10-08 15:10:00,53.18,53.21,53.17,53.19,0,0,32418
6572,2020-10-08 15:11:00,53.19,53.22,53.18,53.21,0,0,37364
6573,2020-10-08 15:12:00,53.21,53.25,53.2,53.24,0,0,38158
6574,2020-10-08 15:13:00,53.24,53.25,53.23,53.24,0,0,46214
6575,2020-10-08 15:14:00,53.24,53.24,53.22,53.22,0,0,24463
6576,2020-10-08 15:15:00,53.22,53.23,53.21,53.21,0,0,40042
6577,2020-10-08 15:16:00,53.21,53.21,53.16,53.17,0,0,41041
6578,2020-10-08 15:17:00,53.17,53.18,53.16,53.17,0,0,26371
6579,2020-10-08 15:18:00,53.17,53.17,53.15,53.15,0,0,70423
6580,2020-10-08 15:19:00,53.16,53.2,53.14,53.19,0,0,50315
6581,2020-10-08 15:20:00,53.19,53.19,53.16,53.18,0,0,47447
6582,2020-10-08 15:21:00,53.18,53.21,53.16,53.19,0,0,55526
6583,2020-10-08 15:22:00,53.2,53.21,53.18,53.21,0,0,47428
6584,2020-10-08 15:23:00,53.21,53.22,53.19,53.22,0,0,41534
6585,2020-10-08 15:24:00,53.22,53.23,53.2,53.23,0,0,19736
6586,2020-10-08 15:25:00,53.22,53.25,53.21,53.24,0,0,36370
6587,2020-10-08 15:26:00,53.24,53.25,53.21,53.23,0,0,65207
6588,2020-10-08 15:27:00,53.24,53.25,53.23,53.24,0,0,42330
6589,2020-10-08 15:28:00,53.24,53.26,53.22,53.26,0,0,28476
6590,2020-10-08 15:29:00,53.25,53.26,53.24,53.26,0,0,25396
6591,2020-10-08 15:30:00,53.27,53.27,53.25,53.26,0,0,27396
6592,2020-10-08 15:31:00,53.26,53.29,53.25,53.28,0,0,47588
6593,2020-10-08 15:32:00,53.28,53.28,53.26,53.26,0,0,51779
6594,2020-10-08 15:33:00,53.26,53.27,53.23,53.24,0,0,49438
6595,2020-10-08 15:34:00,53.24,53.25,53.23,53.24,0,0,35786
6596,2020-10-08 15:35:00,53.24,53.24,53.2,53.2,0,0,46751
6597,2020-10-08 15:36:00,53.21,53.24,53.21,53.23,0,0,28972
6598,2020-10-08 15:37:00,53.23,53.26,53.23,53.24,0,0,37263
6599,2020-10-08 15:38:00,53.23,53.26,53.22,53.26,0,0,22686
6600,2020-10-08 15:39:00,53.25,53.26,53.24,53.24,0,0,33654
6601,2020-10-08 15:40:00,53.24,53.24,53.2,53.21,0,0,73002
6602,2020-10-08 15:41:00,53.2,53.22,53.2,53.2,0,0,22928
6603,2020-10-08 15:42:00,53.21,53.22,53.2,53.22,0,0,42465
6604,2020-10-08 15:43:00,53.22,53.24,53.22,53.24,0,0,30502
6605,2020-10-08 15:44:00,53.24,53.24,53.21,53.21,0,0,30730
6606,2020-10-08 15:45:00,53.21,53.24,53.2,53.24,0,0,57209
6607,2020-10-08 15:46:00,53.24,53.24,53.19,53.2,0,0,59771
6608,2020-10-08 15:47:00,53.2,53.2,53.17,53.19,0,0,73849
6609,2020-10-08 15:48:00,53.19,53.2,53.17,53.17,0,0,61596
6610,2020-10-08 15:49:00,53.17,53.19,53.16,53.19,0,0,54283
6611,2020-10-08 15:50:00,53.18,53.22,53.15,53.21,0,0,181770
6612,2020-10-08 15:51:00,53.21,53.26,53.2,53.25,0,0,132046
6613,2020-10-08 15:52:00,53.25,53.28,53.24,53.28,0,0,118220
6614,2020-10-08 15:53:00,53.28,53.32,53.28,53.31,0,0,58551
6615,2020-10-08 15:54:00,53.31,53.34,53.28,53.34,0,0,155074
6616,2020-10-08 15:55:00,53.33,53.43,53.33,53.42,0,0,216749
6617,2020-10-08 15:56:00,53.42,53.45,53.41,53.44,0,0,151726
6618,2020-10-08 15:57:00,53.43,53.44,53.38,53.4,0,0,265628
6619,2020-10-08 15:58:00,53.4,53.4,53.31,53.32,0,0,295849
6620,2020-10-08 15:59:00,53.31,53.44,53.31,53.38,0,0,419763
6621,2020-10-09 09:30:00,53.55,53.76,53.53,53.69,0,0,861747
6622,2020-10-09 09:31:00,53.69,53.85,53.67,53.82,0,0,187931
6623,2020-10-09 09:32:00,53.82,53.85,53.72,53.72,0,0,99777
6624,2020-10-09 09:33:00,53.72,53.79,53.71,53.76,0,0,172261
6625,2020-10-09 09:34:00,53.77,53.81,53.74,53.76,0,0,116350
6626,2020-10-09 09:35:00,53.76,53.8,53.6,53.6,0,0,167267
6627,2020-10-09 09:36:00,53.5,53.51,53.44,53.44,0,0,215249
6628,2020-10-09 09:37:00,53.44,53.47,53.42,53.46,0,0,126030
6629,2020-10-09 09:38:00,53.46,53.55,53.44,53.53,0,0,94149
6630,2020-10-09 09:39:00,53.59,53.63,53.59,53.63,0,0,115891
6631,2020-10-09 09:40:00,53.63,53.68,53.6,53.67,0,0,85523
6632,2020-10-09 09:41:00,53.67,53.71,53.67,53.69,0,0,81523
6633,2020-10-09 09:42:00,53.68,53.68,53.58,53.58,0,0,71160
6634,2020-10-09 09:43:00,53.58,53.62,53.58,53.58,0,0,101892
6635,2020-10-09 09:44:00,53.58,53.62,53.53,53.53,0,0,104334
6636,2020-10-09 09:45:00,53.47,53.47,53.44,53.47,0,0,66974
6637,2020-10-09 09:46:00,53.46,53.47,53.38,53.38,0,0,68569
6638,2020-10-09 09:47:00,53.4,53.4,53.35,53.38,0,0,96077
6639,2020-10-09 09:48:00,53.38,53.39,53.35,53.37,0,0,73401
6640,2020-10-09 09:49:00,53.31,53.38,53.29,53.38,0,0,75311
6641,2020-10-09 09:50:00,53.38,53.39,53.29,53.29,0,0,92362
6642,2020-10-09 09:51:00,53.3,53.3,53.18,53.19,0,0,115912
6643,2020-10-09 09:52:00,53.25,53.25,53.25,53.25,0,0,95403
6644,2020-10-09 09:53:00,53.17,53.17,53.13,53.15,0,0,73484
6645,2020-10-09 09:54:00,53.19,53.2,53.15,53.19,0,0,123174
6646,2020-10-09 09:55:00,53.21,53.22,53.19,53.22,0,0,56000
6647,2020-10-09 09:56:00,53.22,53.23,53.21,53.22,0,0,59250
6648,2020-10-09 09:57:00,53.22,53.22,53.21,53.22,0,0,38358
6649,2020-10-09 09:58:00,53.21,53.27,53.21,53.26,0,0,56861
6650,2020-10-09 09:59:00,53.25,53.27,53.25,53.26,0,0,48486
6651,2020-10-09 10:00:00,53.26,53.32,53.25,53.32,0,0,51977
6652,2020-10-09 10:01:00,53.31,53.34,53.31,53.32,0,0,66963
6653,2020-10-09 10:02:00,53.33,53.35,53.3,53.35,0,0,40248
6654,2020-10-09 10:03:00,53.35,53.41,53.35,53.38,0,0,103505
6655,2020-10-09 10:04:00,53.38,53.43,53.37,53.38,0,0,61867
6656,2020-10-09 10:05:00,53.38,53.45,53.38,53.42,0,0,87414
6657,2020-10-09 10:06:00,53.41,53.47,53.4,53.42,0,0,77064
6658,2020-10-09 10:07:00,53.42,53.43,53.38,53.4,0,0,67033
6659,2020-10-09 10:08:00,53.39,53.47,53.39,53.46,0,0,39644
6660,2020-10-09 10:09:00,53.46,53.47,53.38,53.38,0,0,58318
6661,2020-10-09 10:10:00,53.38,53.4,53.33,53.38,0,0,63687
6662,2020-10-09 10:11:00,53.37,53.4,53.35,53.38,0,0,55388
6663,2020-10-09 10:12:00,53.38,53.4,53.35,53.37,0,0,72494
6664,2020-10-09 10:13:00,53.36,53.38,53.34,53.38,0,0,46006
6665,2020-10-09 10:14:00,53.38,53.4,53.36,53.4,0,0,62808
6666,2020-10-09 10:15:00,53.4,53.46,53.39,53.46,0,0,39106
6667,2020-10-09 10:16:00,53.46,53.47,53.42,53.46,0,0,75017
6668,2020-10-09 10:17:00,53.46,53.47,53.43,53.43,0,0,49450
6669,2020-10-09 10:18:00,53.44,53.48,53.43,53.45,0,0,43888
6670,2020-10-09 10:19:00,53.46,53.5,53.45,53.49,0,0,36261
6671,2020-10-09 10:20:00,53.49,53.5,53.47,53.49,0,0,41227
6672,2020-10-09 10:21:00,53.49,53.49,53.44,53.45,0,0,126377
6673,2020-10-09 10:22:00,53.45,53.47,53.44,53.45,0,0,32624
6674,2020-10-09 10:23:00,53.46,53.46,53.38,53.4,0,0,49709
6675,2020-10-09 10:24:00,53.4,53.42,53.35,53.37,0,0,63431
6676,2020-10-09 10:25:00,53.38,53.39,53.31,53.32,0,0,46512
6677,2020-10-09 10:26:00,53.32,53.36,53.32,53.33,0,0,36408
6678,2020-10-09 10:27:00,53.33,53.38,53.33,53.34,0,0,43707
6679,2020-10-09 10:28:00,53.33,53.38,53.33,53.36,0,0,86623
6680,2020-10-09 10:29:00,53.37,53.39,53.36,53.37,0,0,24748
6681,2020-10-09 10:30:00,53.36,53.38,53.33,53.33,0,0,57235
6682,2020-10-09 10:31:00,53.33,53.36,53.32,53.36,0,0,32217
6683,2020-10-09 10:32:00,53.36,53.38,53.35,53.36,0,0,59667
6684,2020-10-09 10:33:00,53.37,53.39,53.34,53.35,0,0,105317
6685,2020-10-09 10:34:00,53.34,53.35,53.26,53.26,0,0,65207
6686,2020-10-09 10:35:00,53.26,53.31,53.26,53.27,0,0,47699
6687,2020-10-09 10:36:00,53.27,53.29,53.25,53.26,0,0,28523
6688,2020-10-09 10:37:00,53.27,53.29,53.25,53.26,0,0,32801
6689,2020-10-09 10:38:00,53.26,53.26,53.23,53.26,0,0,48529
6690,2020-10-09 10:39:00,53.26,53.28,53.22,53.22,0,0,59525
6691,2020-10-09 10:40:00,53.22,53.23,53.1,53.11,0,0,134539
6692,2020-10-09 10:41:00,53.12,53.19,53.08,53.18,0,0,80328
6693,2020-10-09 10:42:00,53.19,53.25,53.19,53.25,0,0,65417
6694,2020-10-09 10:43:00,53.26,53.26,53.2,53.21,0,0,48701
6695,2020-10-09 10:44:00,53.2,53.24,53.2,53.24,0,0,29148
6696,2020-10-09 10:45:00,53.24,53.3,53.24,53.26,0,0,65849
6697,2020-10-09 10:46:00,53.26,53.3,53.25,53.28,0,0,34548
6698,2020-10-09 10:47:00,53.28,53.31,53.25,53.25,0,0,40406
6699,2020-10-09 10:48:00,53.26,53.26,53.24,53.25,0,0,40097
6700,2020-10-09 10:49:00,53.25,53.27,53.24,53.25,0,0,29338
6701,2020-10-09 10:50:00,53.24,53.26,53.22,53.22,0,0,55040
6702,2020-10-09 10:51:00,53.23,53.26,53.22,53.26,0,0,34830
6703,2020-10-09 10:52:00,53.26,53.26,53.24,53.25,0,0,23262
6704,2020-10-09 10:53:00,53.22,53.24,53.22,53.23,0,0,59862
6705,2020-10-09 10:54:00,53.23,53.24,53.22,53.22,0,0,23907
6706,2020-10-09 10:55:00,53.23,53.23,53.22,53.22,0,0,33347
6707,2020-10-09 10:56:00,53.21,53.24,53.21,53.24,0,0,46231
6708,2020-10-09 10:57:00,53.24,53.24,53.2,53.22,0,0,42012
6709,2020-10-09 10:58:00,53.21,53.21,53.13,53.15,0,0,90221
6710,2020-10-09 10:59:00,53.15,53.17,53.14,53.17,0,0,33822
6711,2020-10-09 11:00:00,53.17,53.21,53.17,53.18,0,0,52994
6712,2020-10-09 11:01:00,53.18,53.19,53.14,53.15,0,0,60428
6713,2020-10-09 11:02:00,53.15,53.17,53.15,53.16,0,0,29576
6714,2020-10-09 11:03:00,53.17,53.17,53.15,53.17,0,0,26320
6715,2020-10-09 11:04:00,53.16,53.22,53.16,53.22,0,0,28306
6716,2020-10-09 11:05:00,53.22,53.22,53.19,53.2,0,0,45983
6717,2020-10-09 11:06:00,53.19,53.22,53.19,53.21,0,0,43698
6718,2020-10-09 11:07:00,53.21,53.27,53.21,53.26,0,0,15815
6719,2020-10-09 11:08:00,53.26,53.28,53.21,53.23,0,0,70183
6720,2020-10-09 11:09:00,53.22,53.25,53.22,53.24,0,0,18561
6721,2020-10-09 11:10:00,53.24,53.26,53.24,53.26,0,0,40063
6722,2020-10-09 11:11:00,53.26,53.27,53.22,53.22,0,0,22573
6723,2020-10-09 11:12:00,53.22,53.26,53.22,53.25,0,0,26401
6724,2020-10-09 11:13:00,53.26,53.26,53.24,53.25,0,0,27666
6725,2020-10-09 11:14:00,53.25,53.28,53.24,53.28,0,0,11723
6726,2020-10-09 11:15:00,53.27,53.29,53.26,53.28,0,0,23450
6727,2020-10-09 11:16:00,53.29,53.3,53.28,53.29,0,0,12899
6728,2020-10-09 11:17:00,53.29,53.3,53.26,53.28,0,0,35698
6729,2020-10-09 11:18:00,53.29,53.32,53.29,53.31,0,0,23065
6730,2020-10-09 11:19:00,53.31,53.35,53.31,53.31,0,0,47901
6731,2020-10-09 11:20:00,53.31,53.35,53.31,53.35,0,0,17504
6732,2020-10-09 11:21:00,53.35,53.35,53.33,53.33,0,0,21988
6733,2020-10-09 11:22:00,53.33,53.33,53.29,53.32,0,0,34726
6734,2020-10-09 11:23:00,53.32,53.32,53.26,53.27,0,0,28750
6735,2020-10-09 11:24:00,53.28,53.28,53.22,53.24,0,0,33141
6736,2020-10-09 11:25:00,53.25,53.26,53.24,53.25,0,0,25851
6737,2020-10-09 11:26:00,53.24,53.27,53.24,53.26,0,0,21818
6738,2020-10-09 11:27:00,53.26,53.26,53.2,53.2,0,0,45029
6739,2020-10-09 11:28:00,53.2,53.23,53.19,53.21,0,0,32418
6740,2020-10-09 11:29:00,53.21,53.21,53.19,53.19,0,0,34481
6741,2020-10-09 11:30:00,53.19,53.22,53.16,53.22,0,0,58810
6742,2020-10-09 11:31:00,53.22,53.22,53.21,53.22,0,0,27268
6743,2020-10-09 11:32:00,53.22,53.22,53.19,53.21,0,0,28205
6744,2020-10-09 11:33:00,53.2,53.2,53.19,53.19,0,0,31584
6745,2020-10-09 11:34:00,53.19,53.21,53.19,53.21,0,0,41577
6746,2020-10-09 11:35:00,53.21,53.21,53.18,53.19,0,0,26349
6747,2020-10-09 11:36:00,53.19,53.2,53.17,53.17,0,0,53115
6748,2020-10-09 11:37:00,53.17,53.18,53.17,53.17,0,0,13305
6749,2020-10-09 11:38:00,53.17,53.18,53.12,53.12,0,0,79296
6750,2020-10-09 11:39:00,53.13,53.13,53.1,53.11,0,0,54400
6751,2020-10-09 11:40:00,53.12,53.12,53.06,53.07,0,0,49059
6752,2020-10-09 11:41:00,53.07,53.09,53.07,53.09,0,0,50958
6753,2020-10-09 11:42:00,53.08,53.1,53.08,53.1,0,0,31711
6754,2020-10-09 11:43:00,53.1,53.12,53.09,53.11,0,0,67339
6755,2020-10-09 11:44:00,53.11,53.17,53.03,53.06,0,0,249429
6756,2020-10-09 11:45:00,53.07,53.12,53.07,53.12,0,0,61285
6757,2020-10-09 11:46:00,53.12,53.18,53.12,53.18,0,0,86373
6758,2020-10-09 11:47:00,53.17,53.2,53.17,53.18,0,0,52790
6759,2020-10-09 11:48:00,53.17,53.17,53.14,53.17,0,0,32201
6760,2020-10-09 11:49:00,53.17,53.21,53.16,53.2,0,0,27555
6761,2020-10-09 11:50:00,53.2,53.22,53.19,53.19,0,0,49302
6762,2020-10-09 11:51:00,53.19,53.21,53.19,53.21,0,0,42500
6763,2020-10-09 11:52:00,53.21,53.24,53.13,53.19,0,0,166172
6764,2020-10-09 11:53:00,53.19,53.25,53.18,53.24,0,0,46505
6765,2020-10-09 11:54:00,53.24,53.25,53.23,53.24,0,0,22510
6766,2020-10-09 11:55:00,53.24,53.26,53.23,53.24,0,0,53045
6767,2020-10-09 11:56:00,53.24,53.25,53.21,53.22,0,0,35572
6768,2020-10-09 11:57:00,53.21,53.22,53.19,53.19,0,0,79170
6769,2020-10-09 11:58:00,53.2,53.26,53.2,53.23,0,0,46816
6770,2020-10-09 11:59:00,53.23,53.24,53.22,53.23,0,0,36814
6771,2020-10-09 12:00:00,53.22,53.25,53.21,53.22,0,0,51597
6772,2020-10-09 12:01:00,53.21,53.26,53.21,53.24,0,0,46991
6773,2020-10-09 12:02:00,53.24,53.27,53.23,53.26,0,0,43131
6774,2020-10-09 12:03:00,53.26,53.27,53.24,53.26,0,0,81016
6775,2020-10-09 12:04:00,53.26,53.26,53.22,53.22,0,0,27015
6776,2020-10-09 12:05:00,53.22,53.22,53.18,53.19,0,0,22921
6777,2020-10-09 12:06:00,53.19,53.2,53.18,53.19,0,0,23308
6778,2020-10-09 12:07:00,53.2,53.21,53.17,53.18,0,0,25717
6779,2020-10-09 12:08:00,53.18,53.22,53.17,53.22,0,0,49383
6780,2020-10-09 12:09:00,53.22,53.22,53.21,53.21,0,0,33649
6781,2020-10-09 12:10:00,53.21,53.23,53.19,53.19,0,0,34258
6782,2020-10-09 12:11:00,53.19,53.22,53.19,53.21,0,0,22516
6783,2020-10-09 12:12:00,53.22,53.22,53.2,53.21,0,0,22625
6784,2020-10-09 12:13:00,53.21,53.21,53.18,53.19,0,0,37428
6785,2020-10-09 12:14:00,53.19,53.19,53.17,53.19,0,0,51445
6786,2020-10-09 12:15:00,53.19,53.19,53.17,53.18,0,0,27875
6787,2020-10-09 12:16:00,53.17,53.19,53.17,53.19,0,0,30932
6788,2020-10-09 12:17:00,53.19,53.19,53.16,53.16,0,0,36273
6789,2020-10-09 12:18:00,53.16,53.17,53.15,53.17,0,0,21192
6790,2020-10-09 12:19:00,53.17,53.18,53.15,53.16,0,0,29422
6791,2020-10-09 12:20:00,53.16,53.17,53.14,53.15,0,0,40485
6792,2020-10-09 12:21:00,53.15,53.15,53.13,53.14,0,0,42609
6793,2020-10-09 12:22:00,53.14,53.15,53.13,53.15,0,0,15274
6794,2020-10-09 12:23:00,53.15,53.15,53.14,53.15,0,0,21608
6795,2020-10-09 12:24:00,53.15,53.15,53.11,53.13,0,0,28246
6796,2020-10-09 12:25:00,53.12,53.13,53.1,53.11,0,0,45776
6797,2020-10-09 12:26:00,53.1,53.11,53.06,53.08,0,0,95117
6798,2020-10-09 12:27:00,53.08,53.09,52.88,53.03,0,0,367692
6799,2020-10-09 12:28:00,53.02,53.02,52.96,52.97,0,0,43620
6800,2020-10-09 12:29:00,52.97,52.98,52.96,52.96,0,0,32806
6801,2020-10-09 12:30:00,52.96,53.01,52.96,53.01,0,0,48794
6802,2020-10-09 12:31:00,53.0,53.03,52.99,52.99,0,0,26576
6803,2020-10-09 12:32:00,52.99,53.03,52.99,53.03,0,0,14835
6804,2020-10-09 12:33:00,53.03,53.05,53.01,53.05,0,0,32836
6805,2020-10-09 12:34:00,53.05,53.07,53.04,53.06,0,0,34370
6806,2020-10-09 12:35:00,53.06,53.07,53.03,53.06,0,0,35034
6807,2020-10-09 12:36:00,53.06,53.08,53.06,53.06,0,0,28921
6808,2020-10-09 12:37:00,53.06,53.07,53.04,53.04,0,0,45017
6809,2020-10-09 12:38:00,53.03,53.03,53.0,53.0,0,0,34698
6810,2020-10-09 12:39:00,53.0,53.03,53.0,53.03,0,0,26146
6811,2020-10-09 12:40:00,53.03,53.04,53.01,53.02,0,0,25714
6812,2020-10-09 12:41:00,53.02,53.03,53.01,53.03,0,0,15876
6813,2020-10-09 12:42:00,53.03,53.04,53.0,53.01,0,0,39149
6814,2020-10-09 12:43:00,53.01,53.02,52.96,53.01,0,0,81712
6815,2020-10-09 12:44:00,53.01,53.02,53.0,53.01,0,0,19433
6816,2020-10-09 12:45:00,53.01,53.01,52.98,52.99,0,0,28022
6817,2020-10-09 12:46:00,52.99,52.99,52.97,52.98,0,0,30714
6818,2020-10-09 12:47:00,52.98,52.99,52.94,52.94,0,0,76868
6819,2020-10-09 12:48:00,52.94,52.94,52.92,52.93,0,0,52521
6820,2020-10-09 12:49:00,52.93,52.94,52.92,52.93,0,0,27530
6821,2020-10-09 12:50:00,52.94,52.96,52.94,52.94,0,0,25702
6822,2020-10-09 12:51:00,52.94,52.95,52.92,52.92,0,0,19931
6823,2020-10-09 12:52:00,52.92,52.94,52.91,52.94,0,0,22414
6824,2020-10-09 12:53:00,52.93,52.96,52.93,52.95,0,0,27287
6825,2020-10-09 12:54:00,52.94,52.96,52.94,52.95,0,0,34743
6826,2020-10-09 12:55:00,52.95,52.97,52.94,52.97,0,0,23299
6827,2020-10-09 12:56:00,52.97,52.97,52.94,52.94,0,0,31997
6828,2020-10-09 12:57:00,52.94,52.97,52.92,52.97,0,0,32548
6829,2020-10-09 12:58:00,52.97,52.99,52.96,52.97,0,0,23792
6830,2020-10-09 12:59:00,52.97,52.97,52.94,52.95,0,0,23889
6831,2020-10-09 13:00:00,52.94,52.98,52.94,52.98,0,0,19941
6832,2020-10-09 13:01:00,52.99,53.0,52.97,52.98,0,0,43441
6833,2020-10-09 13:02:00,52.97,52.99,52.96,52.99,0,0,32959
6834,2020-10-09 13:03:00,52.99,53.0,52.97,52.97,0,0,48774
6835,2020-10-09 13:04:00,52.97,52.98,52.96,52.96,0,0,18542
6836,2020-10-09 13:05:00,52.96,52.97,52.94,52.96,0,0,21386
6837,2020-10-09 13:06:00,52.96,52.98,52.96,52.98,0,0,24842
6838,2020-10-09 13:07:00,52.98,52.99,52.97,52.98,0,0,18084
6839,2020-10-09 13:08:00,52.98,53.0,52.97,52.99,0,0,21496
6840,2020-10-09 13:09:00,53.0,53.02,53.0,53.02,0,0,26046
6841,2020-10-09 13:10:00,53.03,53.03,53.02,53.02,0,0,11765
6842,2020-10-09 13:11:00,53.03,53.03,53.0,53.01,0,0,44502
6843,2020-10-09 13:12:00,53.01,53.02,53.0,53.01,0,0,17279
6844,2020-10-09 13:13:00,53.01,53.01,53.0,53.01,0,0,16779
6845,2020-10-09 13:14:00,53.01,53.01,52.98,53.01,0,0,43681
6846,2020-10-09 13:15:00,53.01,53.03,53.01,53.01,0,0,31571
6847,2020-10-09 13:16:00,53.01,53.04,53.01,53.03,0,0,20626
6848,2020-10-09 13:17:00,53.04,53.05,53.02,53.03,0,0,30956
6849,2020-10-09 13:18:00,53.03,53.04,53.01,53.01,0,0,29004
6850,2020-10-09 13:19:00,53.01,53.02,52.99,53.0,0,0,29355
6851,2020-10-09 13:20:00,53.01,53.03,52.99,53.03,0,0,35877
6852,2020-10-09 13:21:00,53.03,53.03,53.02,53.03,0,0,13555
6853,2020-10-09 13:22:00,53.03,53.04,53.03,53.03,0,0,16091
6854,2020-10-09 13:23:00,53.04,53.04,53.03,53.03,0,0,11246
6855,2020-10-09 13:24:00,53.04,53.04,53.01,53.02,0,0,26804
6856,2020-10-09 13:25:00,53.01,53.02,53.01,53.02,0,0,13572
6857,2020-10-09 13:26:00,53.01,53.04,53.01,53.03,0,0,23306
6858,2020-10-09 13:27:00,53.03,53.03,53.01,53.01,0,0,26480
6859,2020-10-09 13:28:00,53.01,53.01,53.0,53.01,0,0,7328
6860,2020-10-09 13:29:00,53.0,53.01,52.99,52.99,0,0,20407
6861,2020-10-09 13:30:00,52.99,52.99,52.96,52.96,0,0,29341
6862,2020-10-09 13:31:00,52.97,52.97,52.94,52.94,0,0,55916
6863,2020-10-09 13:32:00,52.94,52.95,52.92,52.92,0,0,50209
6864,2020-10-09 13:33:00,52.92,52.95,52.92,52.95,0,0,15401
6865,2020-10-09 13:34:00,52.95,52.95,52.94,52.94,0,0,13204
6866,2020-10-09 13:35:00,52.94,52.95,52.93,52.94,0,0,22857
6867,2020-10-09 13:36:00,52.94,52.94,52.92,52.92,0,0,21551
6868,2020-10-09 13:37:00,52.92,52.92,52.9,52.91,0,0,30645
6869,2020-10-09 13:38:00,52.9,52.91,52.9,52.9,0,0,27803
6870,2020-10-09 13:39:00,52.9,52.91,52.9,52.91,0,0,23064
6871,2020-10-09 13:40:00,52.91,52.92,52.89,52.92,0,0,104205
6872,2020-10-09 13:41:00,52.92,52.92,52.9,52.9,0,0,23346
6873,2020-10-09 13:42:00,52.9,52.9,52.85,52.86,0,0,57559
6874,2020-10-09 13:43:00,52.85,52.87,52.85,52.87,0,0,35926
6875,2020-10-09 13:44:00,52.87,52.9,52.87,52.9,0,0,20577
6876,2020-10-09 13:45:00,52.9,52.9,52.86,52.87,0,0,38148
6877,2020-10-09 13:46:00,52.86,52.91,52.86,52.9,0,0,47736
6878,2020-10-09 13:47:00,52.9,52.91,52.89,52.91,0,0,30425
6879,2020-10-09 13:48:00,52.9,52.92,52.9,52.9,0,0,32702
6880,2020-10-09 13:49:00,52.9,52.91,52.89,52.9,0,0,31261
6881,2020-10-09 13:50:00,52.9,52.91,52.89,52.9,0,0,23374
6882,2020-10-09 13:51:00,52.91,52.91,52.9,52.9,0,0,8375
6883,2020-10-09 13:52:00,52.9,52.92,52.9,52.91,0,0,31612
6884,2020-10-09 13:53:00,52.91,52.93,52.91,52.92,0,0,30780
6885,2020-10-09 13:54:00,52.92,52.94,52.92,52.93,0,0,20524
6886,2020-10-09 13:55:00,52.93,52.94,52.92,52.92,0,0,22300
6887,2020-10-09 13:56:00,52.92,52.92,52.9,52.91,0,0,22477
6888,2020-10-09 13:57:00,52.9,52.91,52.87,52.88,0,0,46798
6889,2020-10-09 13:58:00,52.88,52.89,52.88,52.88,0,0,34130
6890,2020-10-09 13:59:00,52.88,52.89,52.88,52.88,0,0,23543
6891,2020-10-09 14:00:00,52.88,52.92,52.87,52.9,0,0,143640
6892,2020-10-09 14:01:00,52.9,52.91,52.88,52.89,0,0,31228
6893,2020-10-09 14:02:00,52.9,52.9,52.89,52.89,0,0,9257
6894,2020-10-09 14:03:00,52.9,52.9,52.89,52.9,0,0,11106
6895,2020-10-09 14:04:00,52.89,52.9,52.88,52.89,0,0,31204
6896,2020-10-09 14:05:00,52.89,52.91,52.89,52.9,0,0,36367
6897,2020-10-09 14:06:00,52.9,52.9,52.88,52.88,0,0,17141
6898,2020-10-09 14:07:00,52.88,52.88,52.85,52.86,0,0,58209
6899,2020-10-09 14:08:00,52.87,52.89,52.87,52.88,0,0,33130
6900,2020-10-09 14:09:00,52.87,52.88,52.83,52.83,0,0,44386
6901,2020-10-09 14:10:00,52.84,52.85,52.81,52.81,0,0,54585
6902,2020-10-09 14:11:00,52.82,52.82,52.79,52.79,0,0,89012
6903,2020-10-09 14:12:00,52.8,52.81,52.79,52.79,0,0,51219
6904,2020-10-09 14:13:00,52.79,52.81,52.79,52.81,0,0,13446
6905,2020-10-09 14:14:00,52.81,52.81,52.8,52.81,0,0,41029
6906,2020-10-09 14:15:00,52.81,52.84,52.79,52.8,0,0,58118
6907,2020-10-09 14:16:00,52.79,52.81,52.79,52.81,0,0,19684
6908,2020-10-09 14:17:00,52.8,52.82,52.8,52.81,0,0,36327
6909,2020-10-09 14:18:00,52.81,52.82,52.8,52.8,0,0,19498
6910,2020-10-09 14:19:00,52.81,52.81,52.78,52.78,0,0,20558
6911,2020-10-09 14:20:00,52.78,52.78,52.77,52.77,0,0,50276
6912,2020-10-09 14:21:00,52.77,52.8,52.77,52.79,0,0,40650
6913,2020-10-09 14:22:00,52.8,52.82,52.79,52.82,0,0,13623
6914,2020-10-09 14:23:00,52.82,52.82,52.78,52.78,0,0,29660
6915,2020-10-09 14:24:00,52.79,52.79,52.76,52.77,0,0,24619
6916,2020-10-09 14:25:00,52.76,52.77,52.72,52.75,0,0,70948
6917,2020-10-09 14:26:00,52.74,52.77,52.74,52.74,0,0,23057
6918,2020-10-09 14:27:00,52.74,52.75,52.73,52.73,0,0,19280
6919,2020-10-09 14:28:00,52.73,52.74,52.72,52.74,0,0,37262
6920,2020-10-09 14:29:00,52.74,52.74,52.73,52.74,0,0,14709
6921,2020-10-09 14:30:00,52.74,52.78,52.73,52.78,0,0,51766
6922,2020-10-09 14:31:00,52.78,52.78,52.77,52.78,0,0,22394
6923,2020-10-09 14:32:00,52.78,52.79,52.76,52.76,0,0,36718
6924,2020-10-09 14:33:00,52.77,52.78,52.76,52.78,0,0,16830
6925,2020-10-09 14:34:00,52.77,52.79,52.77,52.78,0,0,27208
6926,2020-10-09 14:35:00,52.78,52.79,52.78,52.79,0,0,24881
6927,2020-10-09 14:36:00,52.79,52.81,52.78,52.79,0,0,25348
6928,2020-10-09 14:37:00,52.78,52.79,52.78,52.78,0,0,31236
6929,2020-10-09 14:38:00,52.79,52.79,52.78,52.78,0,0,8905
6930,2020-10-09 14:39:00,52.78,52.79,52.7,52.74,0,0,219156
6931,2020-10-09 14:40:00,52.74,52.75,52.68,52.74,0,0,69240
6932,2020-10-09 14:41:00,52.74,52.74,52.71,52.71,0,0,20085
6933,2020-10-09 14:42:00,52.72,52.72,52.69,52.71,0,0,51530
6934,2020-10-09 14:43:00,52.71,52.73,52.71,52.73,0,0,39840
6935,2020-10-09 14:44:00,52.72,52.77,52.72,52.76,0,0,32427
6936,2020-10-09 14:45:00,52.76,52.77,52.72,52.74,0,0,50581
6937,2020-10-09 14:46:00,52.74,52.74,52.72,52.72,0,0,10921
6938,2020-10-09 14:47:00,52.72,52.73,52.72,52.72,0,0,52701
6939,2020-10-09 14:48:00,52.73,52.73,52.71,52.72,0,0,37026
6940,2020-10-09 14:49:00,52.72,52.73,52.71,52.72,0,0,69221
6941,2020-10-09 14:50:00,52.73,52.73,52.7,52.7,0,0,45613
6942,2020-10-09 14:51:00,52.7,52.71,52.69,52.69,0,0,35843
6943,2020-10-09 14:52:00,52.69,52.7,52.69,52.69,0,0,28897
6944,2020-10-09 14:53:00,52.69,52.69,52.67,52.68,0,0,45089
6945,2020-10-09 14:54:00,52.69,52.7,52.68,52.7,0,0,25632
6946,2020-10-09 14:55:00,52.69,52.7,52.69,52.69,0,0,22434
6947,2020-10-09 14:56:00,52.69,52.7,52.68,52.69,0,0,31610
6948,2020-10-09 14:57:00,52.69,52.74,52.69,52.74,0,0,28050
6949,2020-10-09 14:58:00,52.74,52.74,52.72,52.73,0,0,32225
6950,2020-10-09 14:59:00,52.72,52.74,52.72,52.73,0,0,22893
6951,2020-10-09 15:00:00,52.74,52.76,52.71,52.74,0,0,49181
6952,2020-10-09 15:01:00,52.75,52.75,52.7,52.72,0,0,41778
6953,2020-10-09 15:02:00,52.72,52.74,52.72,52.74,0,0,21707
6954,2020-10-09 15:03:00,52.74,52.75,52.72,52.72,0,0,94048
6955,2020-10-09 15:04:00,52.72,52.72,52.71,52.72,0,0,54211
6956,2020-10-09 15:05:00,52.72,52.72,52.68,52.69,0,0,47901
6957,2020-10-09 15:06:00,52.68,52.69,52.67,52.67,0,0,22085
6958,2020-10-09 15:07:00,52.67,52.68,52.67,52.67,0,0,22669
6959,2020-10-09 15:08:00,52.67,52.68,52.67,52.67,0,0,13259
6960,2020-10-09 15:09:00,52.68,52.71,52.67,52.69,0,0,89323
6961,2020-10-09 15:10:00,52.69,52.7,52.67,52.68,0,0,66451
6962,2020-10-09 15:11:00,52.69,52.71,52.68,52.68,0,0,33412
6963,2020-10-09 15:12:00,52.69,52.71,52.69,52.71,0,0,30972
6964,2020-10-09 15:13:00,52.71,52.72,52.7,52.72,0,0,38078
6965,2020-10-09 15:14:00,52.72,52.73,52.71,52.72,0,0,47004
6966,2020-10-09 15:15:00,52.71,52.72,52.71,52.72,0,0,55598
6967,2020-10-09 15:16:00,52.72,52.72,52.7,52.7,0,0,24320
6968,2020-10-09 15:17:00,52.7,52.72,52.69,52.72,0,0,77459
6969,2020-10-09 15:18:00,52.72,52.74,52.71,52.74,0,0,61652
6970,2020-10-09 15:19:00,52.74,52.74,52.72,52.72,0,0,38520
6971,2020-10-09 15:20:00,52.72,52.77,52.72,52.76,0,0,84295
6972,2020-10-09 15:21:00,52.74,52.78,52.74,52.78,0,0,28220
6973,2020-10-09 15:22:00,52.78,52.81,52.77,52.81,0,0,53265
6974,2020-10-09 15:23:00,52.81,52.83,52.81,52.81,0,0,71833
6975,2020-10-09 15:24:00,52.81,52.82,52.78,52.78,0,0,41000
6976,2020-10-09 15:25:00,52.78,52.79,52.77,52.79,0,0,33164
6977,2020-10-09 15:26:00,52.79,52.8,52.78,52.78,0,0,29025
6978,2020-10-09 15:27:00,52.78,52.8,52.77,52.79,0,0,45711
6979,2020-10-09 15:28:00,52.79,52.81,52.79,52.81,0,0,16140
6980,2020-10-09 15:29:00,52.81,52.81,52.78,52.79,0,0,66438
6981,2020-10-09 15:30:00,52.79,52.81,52.76,52.77,0,0,40192
6982,2020-10-09 15:31:00,52.76,52.78,52.76,52.76,0,0,27994
6983,2020-10-09 15:32:00,52.77,52.79,52.76,52.76,0,0,39926
6984,2020-10-09 15:33:00,52.76,52.78,52.76,52.76,0,0,73205
6985,2020-10-09 15:34:00,52.77,52.79,52.76,52.78,0,0,55508
6986,2020-10-09 15:35:00,52.78,52.79,52.76,52.76,0,0,27557
6987,2020-10-09 15:36:00,52.76,52.77,52.76,52.77,0,0,43101
6988,2020-10-09 15:37:00,52.76,52.78,52.76,52.76,0,0,30572
6989,2020-10-09 15:38:00,52.76,52.78,52.76,52.77,0,0,32997
6990,2020-10-09 15:39:00,52.78,52.78,52.75,52.75,0,0,40885
6991,2020-10-09 15:40:00,52.75,52.78,52.75,52.78,0,0,56139
6992,2020-10-09 15:41:00,52.78,52.81,52.77,52.8,0,0,66461
6993,2020-10-09 15:42:00,52.81,52.81,52.79,52.79,0,0,65830
6994,2020-10-09 15:43:00,52.79,52.81,52.78,52.81,0,0,56982
6995,2020-10-09 15:44:00,52.8,52.83,52.78,52.81,0,0,63787
6996,2020-10-09 15:45:00,52.82,52.82,52.78,52.79,0,0,42193
6997,2020-10-09 15:46:00,52.8,52.84,52.79,52.81,0,0,76775
6998,2020-10-09 15:47:00,52.81,52.81,52.78,52.81,0,0,53188
6999,2020-10-09 15:48:00,52.8,52.81,52.76,52.76,0,0,82998
7000,2020-10-09 15:49:00,52.76,52.77,52.72,52.74,0,0,65211
7001,2020-10-09 15:50:00,52.73,52.8,52.73,52.8,0,0,145222
7002,2020-10-09 15:51:00,52.8,52.8,52.76,52.77,0,0,99726
7003,2020-10-09 15:52:00,52.78,52.78,52.73,52.74,0,0,63911
7004,2020-10-09 15:53:00,52.74,52.76,52.72,52.74,0,0,142915
7005,2020-10-09 15:54:00,52.75,52.81,52.74,52.79,0,0,173093
7006,2020-10-09 15:55:00,52.79,52.83,52.78,52.83,0,0,145055
7007,2020-10-09 15:56:00,52.83,52.85,52.82,52.83,0,0,0
7008,2020-10-09 15:57:00,52.82,52.83,52.82,52.83,0,0,95001
7009,2020-10-09 15:58:00,52.83,52.83,52.69,52.71,0,0,716335
7010,2020-10-09 15:59:00,52.72,52.84,52.71,52.82,0,0,743526
7011,2020-10-13 09:30:00,54.27,54.27,54.01,54.07,0,0,1055054
7012,2020-10-13 09:31:00,54.05,54.17,54.03,54.17,0,0,128041
7013,2020-10-13 09:32:00,54.17,54.23,54.1,54.21,0,0,128261
7014,2020-10-13 09:33:00,54.22,54.27,54.2,54.26,0,0,213589
7015,2020-10-13 09:34:00,54.26,54.29,54.22,54.27,0,0,196966
7016,2020-10-13 09:35:00,53.96,53.97,53.94,53.94,0,0,149894
7017,2020-10-13 09:36:00,53.92,53.97,53.86,53.86,0,0,117361
7018,2020-10-13 09:37:00,53.88,53.88,53.83,53.87,0,0,81634
7019,2020-10-13 09:38:00,53.79,53.8,53.75,53.75,0,0,122885
7020,2020-10-13 09:39:00,53.75,53.9,53.75,53.85,0,0,91783
7021,2020-10-13 09:40:00,53.84,53.86,53.76,53.76,0,0,127033
7022,2020-10-13 09:41:00,53.75,53.76,53.7,53.71,0,0,115694
7023,2020-10-13 09:42:00,53.75,53.75,53.74,53.74,0,0,85047
7024,2020-10-13 09:43:00,53.81,53.85,53.79,53.85,0,0,46938
7025,2020-10-13 09:44:00,53.85,53.86,53.79,53.81,0,0,74771
7026,2020-10-13 09:45:00,53.81,53.85,53.8,53.83,0,0,59806
7027,2020-10-13 09:46:00,53.81,53.92,53.79,53.9,0,0,57893
7028,2020-10-13 09:47:00,53.88,53.96,53.88,53.94,0,0,77800
7029,2020-10-13 09:48:00,53.97,53.99,53.95,53.99,0,0,33686
7030,2020-10-13 09:49:00,54.0,54.01,54.0,54.01,0,0,53261
7031,2020-10-13 09:50:00,54.07,54.1,53.96,54.07,0,0,81939
7032,2020-10-13 09:51:00,54.06,54.08,54.03,54.08,0,0,67745
7033,2020-10-13 09:52:00,54.08,54.11,54.06,54.1,0,0,51593
7034,2020-10-13 09:53:00,54.04,54.05,54.04,54.05,0,0,60681
7035,2020-10-13 09:54:00,54.06,54.08,54.01,54.05,0,0,49196
7036,2020-10-13 09:55:00,54.01,54.01,54.0,54.01,0,0,65953
7037,2020-10-13 09:56:00,54.0,54.04,54.0,54.01,0,0,31684
7038,2020-10-13 09:57:00,54.0,54.02,53.99,54.01,0,0,36649
7039,2020-10-13 09:58:00,54.0,54.03,54.0,54.01,0,0,35182
7040,2020-10-13 09:59:00,54.02,54.05,54.02,54.04,0,0,36800
7041,2020-10-13 10:00:00,54.04,54.06,54.02,54.05,0,0,48291
7042,2020-10-13 10:01:00,54.05,54.06,54.03,54.03,0,0,36769
7043,2020-10-13 10:02:00,54.02,54.05,54.01,54.03,0,0,27924
7044,2020-10-13 10:03:00,54.04,54.06,54.03,54.06,0,0,41646
7045,2020-10-13 10:04:00,54.06,54.07,54.03,54.06,0,0,31738
7046,2020-10-13 10:05:00,54.06,54.06,53.95,53.99,0,0,67512
7047,2020-10-13 10:06:00,53.98,53.98,53.87,53.87,0,0,50328
7048,2020-10-13 10:07:00,53.87,53.9,53.86,53.88,0,0,41979
7049,2020-10-13 10:08:00,53.88,53.92,53.85,53.86,0,0,25971
7050,2020-10-13 10:09:00,53.87,53.92,53.84,53.9,0,0,45536
7051,2020-10-13 10:10:00,53.89,53.91,53.85,53.87,0,0,37660
7052,2020-10-13 10:11:00,53.87,53.87,53.76,53.76,0,0,48841
7053,2020-10-13 10:12:00,53.76,53.76,53.67,53.7,0,0,60266
7054,2020-10-13 10:13:00,53.7,53.74,53.69,53.72,0,0,34600
7055,2020-10-13 10:14:00,53.73,53.76,53.72,53.75,0,0,36338
7056,2020-10-13 10:15:00,53.75,53.77,53.72,53.76,0,0,42667
7057,2020-10-13 10:16:00,53.76,53.8,53.76,53.79,0,0,78679
7058,2020-10-13 10:17:00,53.79,53.83,53.76,53.79,0,0,52196
7059,2020-10-13 10:18:00,53.79,53.81,53.77,53.79,0,0,29294
7060,2020-10-13 10:19:00,53.78,53.8,53.77,53.78,0,0,30653
7061,2020-10-13 10:20:00,53.79,53.83,53.78,53.82,0,0,49573
7062,2020-10-13 10:21:00,53.82,53.83,53.78,53.78,0,0,30658
7063,2020-10-13 10:22:00,53.79,53.83,53.79,53.82,0,0,56302
7064,2020-10-13 10:23:00,53.83,53.86,53.83,53.85,0,0,39147
7065,2020-10-13 10:24:00,53.84,53.9,53.83,53.89,0,0,58379
7066,2020-10-13 10:25:00,53.89,53.92,53.85,53.89,0,0,35318
7067,2020-10-13 10:26:00,53.89,53.89,53.87,53.88,0,0,28532
7068,2020-10-13 10:27:00,53.89,53.91,53.87,53.88,0,0,47210
7069,2020-10-13 10:28:00,53.88,53.89,53.87,53.88,0,0,22091
7070,2020-10-13 10:29:00,53.89,53.9,53.85,53.85,0,0,30683
7071,2020-10-13 10:30:00,53.86,53.88,53.81,53.83,0,0,34529
7072,2020-10-13 10:31:00,53.83,53.88,53.83,53.83,0,0,26753
7073,2020-10-13 10:32:00,53.83,53.84,53.74,53.74,0,0,31550
7074,2020-10-13 10:33:00,53.75,53.78,53.69,53.72,0,0,117705
7075,2020-10-13 10:34:00,53.72,53.74,53.7,53.72,0,0,27843
7076,2020-10-13 10:35:00,53.72,53.75,53.71,53.72,0,0,24541
7077,2020-10-13 10:36:00,53.73,53.75,53.71,53.71,0,0,45429
7078,2020-10-13 10:37:00,53.7,53.76,53.67,53.76,0,0,62277
7079,2020-10-13 10:38:00,53.76,53.8,53.75,53.79,0,0,29454
7080,2020-10-13 10:39:00,53.79,53.8,53.76,53.78,0,0,31786
7081,2020-10-13 10:40:00,53.78,53.8,53.74,53.74,0,0,30458
7082,2020-10-13 10:41:00,53.75,53.75,53.7,53.75,0,0,33629
7083,2020-10-13 10:42:00,53.75,53.78,53.74,53.74,0,0,22171
7084,2020-10-13 10:43:00,53.74,53.79,53.72,53.79,0,0,36043
7085,2020-10-13 10:44:00,53.78,53.8,53.76,53.77,0,0,27649
7086,2020-10-13 10:45:00,53.78,53.8,53.73,53.74,0,0,51473
7087,2020-10-13 10:46:00,53.74,53.81,53.74,53.78,0,0,59687
7088,2020-10-13 10:47:00,53.78,53.81,53.78,53.8,0,0,35168
7089,2020-10-13 10:48:00,53.79,53.81,53.78,53.79,0,0,39526
7090,2020-10-13 10:49:00,53.79,53.8,53.77,53.78,0,0,29956
7091,2020-10-13 10:50:00,53.78,53.85,53.78,53.85,0,0,59626
7092,2020-10-13 10:51:00,53.85,53.87,53.83,53.85,0,0,48145
7093,2020-10-13 10:52:00,53.85,53.88,53.85,53.85,0,0,37135
7094,2020-10-13 10:53:00,53.85,53.89,53.85,53.88,0,0,27028
7095,2020-10-13 10:54:00,53.88,53.91,53.87,53.9,0,0,50703
7096,2020-10-13 10:55:00,53.9,53.95,53.88,53.92,0,0,40907
7097,2020-10-13 10:56:00,53.91,53.97,53.91,53.95,0,0,51221
7098,2020-10-13 10:57:00,53.95,53.97,53.94,53.96,0,0,37023
7099,2020-10-13 10:58:00,53.96,54.01,53.95,53.96,0,0,92414
7100,2020-10-13 10:59:00,53.95,53.96,53.93,53.95,0,0,56801
7101,2020-10-13 11:00:00,53.95,53.98,53.94,53.97,0,0,29381
7102,2020-10-13 11:01:00,53.97,53.99,53.96,53.97,0,0,35288
7103,2020-10-13 11:02:00,53.97,53.99,53.96,53.97,0,0,44610
7104,2020-10-13 11:03:00,53.96,53.96,53.93,53.94,0,0,20846
7105,2020-10-13 11:04:00,53.94,53.96,53.91,53.91,0,0,22539
7106,2020-10-13 11:05:00,53.92,53.92,53.89,53.9,0,0,34537
7107,2020-10-13 11:06:00,53.9,53.92,53.88,53.88,0,0,15602
7108,2020-10-13 11:07:00,53.88,53.9,53.86,53.9,0,0,35148
7109,2020-10-13 11:08:00,53.9,54.0,53.88,53.98,0,0,58882
7110,2020-10-13 11:09:00,53.98,54.0,53.97,54.0,0,0,37433
7111,2020-10-13 11:10:00,54.0,54.01,53.98,54.01,0,0,41155
7112,2020-10-13 11:11:00,54.01,54.01,53.98,53.99,0,0,23667
7113,2020-10-13 11:12:00,53.99,54.03,53.98,54.03,0,0,33353
7114,2020-10-13 11:13:00,54.02,54.04,54.01,54.02,0,0,34092
7115,2020-10-13 11:14:00,54.02,54.03,54.0,54.01,0,0,25668
7116,2020-10-13 11:15:00,54.02,54.04,54.01,54.03,0,0,26538
7117,2020-10-13 11:16:00,54.03,54.05,54.02,54.05,0,0,26459
7118,2020-10-13 11:17:00,54.06,54.07,54.04,54.06,0,0,30495
7119,2020-10-13 11:18:00,54.06,54.07,54.05,54.06,0,0,28623
7120,2020-10-13 11:19:00,54.05,54.1,54.04,54.1,0,0,45197
7121,2020-10-13 11:20:00,54.1,54.14,54.09,54.12,0,0,62264
7122,2020-10-13 11:21:00,54.12,54.16,54.11,54.13,0,0,69506
7123,2020-10-13 11:22:00,54.13,54.16,54.12,54.15,0,0,33454
7124,2020-10-13 11:23:00,54.16,54.19,54.15,54.17,0,0,46312
7125,2020-10-13 11:24:00,54.17,54.18,54.12,54.13,0,0,54727
7126,2020-10-13 11:25:00,54.13,54.15,54.1,54.1,0,0,52418
7127,2020-10-13 11:26:00,54.1,54.14,54.1,54.13,0,0,45871
7128,2020-10-13 11:27:00,54.13,54.13,54.1,54.1,0,0,64997
7129,2020-10-13 11:28:00,54.1,54.12,54.09,54.11,0,0,25453
7130,2020-10-13 11:29:00,54.11,54.11,54.08,54.08,0,0,16321
7131,2020-10-13 11:30:00,54.09,54.12,54.08,54.11,0,0,28589
7132,2020-10-13 11:31:00,54.11,54.19,54.08,54.18,0,0,64218
7133,2020-10-13 11:32:00,54.18,54.19,54.16,54.16,0,0,32823
7134,2020-10-13 11:33:00,54.16,54.17,54.14,54.17,0,0,40588
7135,2020-10-13 11:34:00,54.16,54.18,54.15,54.17,0,0,42914
7136,2020-10-13 11:35:00,54.18,54.2,54.17,54.19,0,0,39798
7137,2020-10-13 11:36:00,54.19,54.19,54.16,54.16,0,0,19124
7138,2020-10-13 11:37:00,54.15,54.17,54.14,54.17,0,0,30103
7139,2020-10-13 11:38:00,54.17,54.2,54.16,54.18,0,0,42564
7140,2020-10-13 11:39:00,54.19,54.2,54.18,54.19,0,0,37814
7141,2020-10-13 11:40:00,54.19,54.2,54.16,54.16,0,0,46798
7142,2020-10-13 11:41:00,54.17,54.17,54.02,54.13,0,0,97263
7143,2020-10-13 11:42:00,54.13,54.13,54.01,54.03,0,0,32604
7144,2020-10-13 11:43:00,54.03,54.04,54.01,54.02,0,0,27792
7145,2020-10-13 11:44:00,54.02,54.03,54.0,54.03,0,0,30564
7146,2020-10-13 11:45:00,54.02,54.04,54.01,54.03,0,0,22923
7147,2020-10-13 11:46:00,54.03,54.03,54.01,54.03,0,0,32566
7148,2020-10-13 11:47:00,54.03,54.05,54.01,54.03,0,0,20480
7149,2020-10-13 11:48:00,54.03,54.04,54.01,54.03,0,0,29682
7150,2020-10-13 11:49:00,54.04,54.05,54.03,54.04,0,0,25919
7151,2020-10-13 11:50:00,54.04,54.07,54.03,54.06,0,0,28536
7152,2020-10-13 11:51:00,54.06,54.07,54.05,54.06,0,0,19769
7153,2020-10-13 11:52:00,54.06,54.06,54.03,54.03,0,0,23982
7154,2020-10-13 11:53:00,54.03,54.03,54.01,54.01,0,0,14630
7155,2020-10-13 11:54:00,54.01,54.03,54.0,54.01,0,0,25387
7156,2020-10-13 11:55:00,54.01,54.02,53.99,54.01,0,0,30369
7157,2020-10-13 11:56:00,54.01,54.04,54.01,54.02,0,0,18197
7158,2020-10-13 11:57:00,54.02,54.04,54.01,54.03,0,0,11149
7159,2020-10-13 11:58:00,54.03,54.05,54.02,54.04,0,0,26777
7160,2020-10-13 11:59:00,54.04,54.05,54.03,54.03,0,0,68526
7161,2020-10-13 12:00:00,54.04,54.07,54.04,54.06,0,0,21756
7162,2020-10-13 12:01:00,54.05,54.07,54.04,54.06,0,0,35153
7163,2020-10-13 12:02:00,54.06,54.06,54.02,54.03,0,0,20723
7164,2020-10-13 12:03:00,54.02,54.03,54.01,54.02,0,0,18828
7165,2020-10-13 12:04:00,54.02,54.03,54.01,54.03,0,0,19996
7166,2020-10-13 12:05:00,54.03,54.03,53.99,54.01,0,0,20689
7167,2020-10-13 12:06:00,54.02,54.03,54.0,54.01,0,0,32237
7168,2020-10-13 12:07:00,54.02,54.03,54.01,54.01,0,0,38174
7169,2020-10-13 12:08:00,54.01,54.01,53.97,54.0,0,0,30549
7170,2020-10-13 12:09:00,54.01,54.01,53.97,54.0,0,0,31516
7171,2020-10-13 12:10:00,54.0,54.0,53.87,53.87,0,0,54578
7172,2020-10-13 12:11:00,53.87,53.89,53.85,53.88,0,0,32293
7173,2020-10-13 12:12:00,53.89,53.89,53.84,53.85,0,0,25304
7174,2020-10-13 12:13:00,53.85,53.87,53.84,53.85,0,0,22220
7175,2020-10-13 12:14:00,53.86,53.87,53.85,53.86,0,0,27155
7176,2020-10-13 12:15:00,53.86,53.86,53.82,53.83,0,0,21878
7177,2020-10-13 12:16:00,53.83,53.84,53.81,53.81,0,0,20124
7178,2020-10-13 12:17:00,53.81,53.83,53.81,53.83,0,0,32027
7179,2020-10-13 12:18:00,53.83,53.83,53.81,53.82,0,0,13111
7180,2020-10-13 12:19:00,53.82,53.85,53.82,53.83,0,0,39448
7181,2020-10-13 12:20:00,53.83,53.86,53.81,53.84,0,0,22008
7182,2020-10-13 12:21:00,53.85,53.86,53.83,53.85,0,0,13716
7183,2020-10-13 12:22:00,53.85,53.85,53.83,53.84,0,0,39709
7184,2020-10-13 12:23:00,53.83,53.87,53.83,53.86,0,0,35863
7185,2020-10-13 12:24:00,53.86,53.92,53.85,53.92,0,0,40217
7186,2020-10-13 12:25:00,53.92,53.94,53.9,53.92,0,0,41132
7187,2020-10-13 12:26:00,53.92,53.93,53.89,53.92,0,0,34296
7188,2020-10-13 12:27:00,53.93,53.96,53.92,53.94,0,0,31702
7189,2020-10-13 12:28:00,53.94,53.97,53.93,53.95,0,0,34203
7190,2020-10-13 12:29:00,53.96,53.97,53.94,53.95,0,0,22482
7191,2020-10-13 12:30:00,53.94,53.95,53.92,53.94,0,0,28429
7192,2020-10-13 12:31:00,53.95,53.99,53.94,53.98,0,0,39821
7193,2020-10-13 12:32:00,53.97,53.99,53.97,53.99,0,0,18792
7194,2020-10-13 12:33:00,53.98,54.02,53.98,53.99,0,0,41897
7195,2020-10-13 12:34:00,53.99,53.99,53.97,53.97,0,0,18428
7196,2020-10-13 12:35:00,53.97,54.02,53.97,53.99,0,0,27446
7197,2020-10-13 12:36:00,53.98,53.98,53.94,53.95,0,0,14684
7198,2020-10-13 12:37:00,53.94,53.99,53.93,53.97,0,0,15534
7199,2020-10-13 12:38:00,53.98,53.99,53.96,53.97,0,0,19681
7200,2020-10-13 12:39:00,53.97,54.01,53.97,53.99,0,0,32499
7201,2020-10-13 12:40:00,53.98,54.0,53.97,53.97,0,0,14284
7202,2020-10-13 12:41:00,53.97,54.0,53.97,53.97,0,0,20812
7203,2020-10-13 12:42:00,53.97,53.98,53.95,53.96,0,0,11217
7204,2020-10-13 12:43:00,53.97,54.01,53.96,53.99,0,0,27363
7205,2020-10-13 12:44:00,53.99,54.0,53.98,53.99,0,0,12147
7206,2020-10-13 12:45:00,53.98,53.99,53.97,53.97,0,0,21103
7207,2020-10-13 12:46:00,53.97,53.99,53.96,53.97,0,0,17165
7208,2020-10-13 12:47:00,53.97,54.0,53.97,53.97,0,0,22184
7209,2020-10-13 12:48:00,53.97,53.99,53.95,53.99,0,0,23248
7210,2020-10-13 12:49:00,53.99,54.02,53.99,53.99,0,0,31760
7211,2020-10-13 12:50:00,53.99,54.0,53.96,53.99,0,0,21092
7212,2020-10-13 12:51:00,53.99,54.04,53.99,54.03,0,0,28728
7213,2020-10-13 12:52:00,54.03,54.04,54.02,54.04,0,0,22170
7214,2020-10-13 12:53:00,54.04,54.06,54.03,54.03,0,0,22440
7215,2020-10-13 12:54:00,54.03,54.04,54.01,54.02,0,0,26900
7216,2020-10-13 12:55:00,54.03,54.05,54.03,54.05,0,0,19563
7217,2020-10-13 12:56:00,54.04,54.06,54.04,54.06,0,0,14764
7218,2020-10-13 12:57:00,54.06,54.09,54.05,54.07,0,0,36396
7219,2020-10-13 12:58:00,54.07,54.07,54.04,54.04,0,0,27903
7220,2020-10-13 12:59:00,54.04,54.05,54.03,54.04,0,0,21028
7221,2020-10-13 13:00:00,54.05,54.06,53.99,53.99,0,0,21709
7222,2020-10-13 13:01:00,54.0,54.01,53.98,54.0,0,0,27589
7223,2020-10-13 13:02:00,54.0,54.01,53.98,53.99,0,0,17403
7224,2020-10-13 13:03:00,53.98,54.03,53.97,54.02,0,0,31193
7225,2020-10-13 13:04:00,54.02,54.02,53.97,53.98,0,0,8399
7226,2020-10-13 13:05:00,53.98,54.0,53.97,53.99,0,0,13284
7227,2020-10-13 13:06:00,53.99,53.99,53.95,53.97,0,0,11410
7228,2020-10-13 13:07:00,53.97,53.99,53.97,53.98,0,0,17620
7229,2020-10-13 13:08:00,53.98,53.98,53.94,53.94,0,0,35909
7230,2020-10-13 13:09:00,53.94,53.95,53.91,53.91,0,0,26516
7231,2020-10-13 13:10:00,53.92,54.0,53.92,53.98,0,0,38828
7232,2020-10-13 13:11:00,53.99,54.0,53.96,53.96,0,0,20386
7233,2020-10-13 13:12:00,53.95,54.03,53.94,54.0,0,0,37797
7234,2020-10-13 13:13:00,54.0,54.01,53.99,53.99,0,0,15096
7235,2020-10-13 13:14:00,53.99,54.01,53.98,54.01,0,0,24791
7236,2020-10-13 13:15:00,54.01,54.06,54.01,54.06,0,0,34931
7237,2020-10-13 13:16:00,54.05,54.12,54.05,54.12,0,0,73310
7238,2020-10-13 13:17:00,54.12,54.12,54.08,54.09,0,0,52985
7239,2020-10-13 13:18:00,54.08,54.14,54.08,54.13,0,0,43288
7240,2020-10-13 13:19:00,54.12,54.13,54.11,54.12,0,0,17429
7241,2020-10-13 13:20:00,54.14,54.14,54.11,54.12,0,0,34814
7242,2020-10-13 13:21:00,54.13,54.13,54.11,54.12,0,0,18124
7243,2020-10-13 13:22:00,54.12,54.14,54.1,54.11,0,0,20254
7244,2020-10-13 13:23:00,54.11,54.11,53.97,54.04,0,0,70895
7245,2020-10-13 13:24:00,54.05,54.08,54.03,54.04,0,0,13177
7246,2020-10-13 13:25:00,54.04,54.04,54.01,54.03,0,0,21720
7247,2020-10-13 13:26:00,54.03,54.08,54.03,54.06,0,0,43119
7248,2020-10-13 13:27:00,54.06,54.06,54.03,54.04,0,0,18893
7249,2020-10-13 13:28:00,54.03,54.06,54.0,54.02,0,0,51556
7250,2020-10-13 13:29:00,54.03,54.05,54.01,54.04,0,0,16105
7251,2020-10-13 13:30:00,54.04,54.06,54.02,54.06,0,0,17863
7252,2020-10-13 13:31:00,54.06,54.07,54.04,54.04,0,0,12016
7253,2020-10-13 13:32:00,54.04,54.07,54.02,54.05,0,0,26014
7254,2020-10-13 13:33:00,54.05,54.06,54.03,54.06,0,0,22036
7255,2020-10-13 13:34:00,54.06,54.11,54.03,54.07,0,0,43829
7256,2020-10-13 13:35:00,54.07,54.09,54.03,54.06,0,0,38256
7257,2020-10-13 13:36:00,54.06,54.06,54.01,54.02,0,0,22201
7258,2020-10-13 13:37:00,54.02,54.03,54.01,54.01,0,0,14302
7259,2020-10-13 13:38:00,54.02,54.05,54.02,54.04,0,0,32876
7260,2020-10-13 13:39:00,54.03,54.04,54.02,54.03,0,0,19906
7261,2020-10-13 13:40:00,54.03,54.06,54.03,54.06,0,0,15520
7262,2020-10-13 13:41:00,54.06,54.07,54.04,54.06,0,0,29324
7263,2020-10-13 13:42:00,54.06,54.07,54.04,54.05,0,0,43323
7264,2020-10-13 13:43:00,54.05,54.06,54.01,54.02,0,0,27523
7265,2020-10-13 13:44:00,54.03,54.04,53.97,53.99,0,0,44289
7266,2020-10-13 13:45:00,53.98,53.99,53.97,53.99,0,0,29842
7267,2020-10-13 13:46:00,53.99,54.02,53.99,54.01,0,0,20583
7268,2020-10-13 13:47:00,54.01,54.03,54.01,54.01,0,0,18853
7269,2020-10-13 13:48:00,54.02,54.03,54.01,54.03,0,0,16564
7270,2020-10-13 13:49:00,54.03,54.03,54.02,54.02,0,0,21720
7271,2020-10-13 13:50:00,54.02,54.03,54.01,54.01,0,0,18728
7272,2020-10-13 13:51:00,54.01,54.03,54.0,54.01,0,0,27198
7273,2020-10-13 13:52:00,54.01,54.02,53.99,53.99,0,0,22573
7274,2020-10-13 13:53:00,53.99,54.0,53.96,53.96,0,0,30430
7275,2020-10-13 13:54:00,53.97,53.97,53.96,53.97,0,0,14456
7276,2020-10-13 13:55:00,53.97,53.98,53.94,53.95,0,0,26740
7277,2020-10-13 13:56:00,53.94,53.95,53.89,53.89,0,0,37568
7278,2020-10-13 13:57:00,53.89,53.94,53.88,53.93,0,0,57363
7279,2020-10-13 13:58:00,53.93,53.94,53.88,53.9,0,0,36974
7280,2020-10-13 13:59:00,53.9,53.9,53.88,53.88,0,0,30700
7281,2020-10-13 14:00:00,53.88,53.88,53.84,53.86,0,0,43013
7282,2020-10-13 14:01:00,53.86,53.86,53.83,53.83,0,0,21262
7283,2020-10-13 14:02:00,53.84,53.87,53.83,53.85,0,0,20048
7284,2020-10-13 14:03:00,53.84,53.88,53.84,53.86,0,0,18005
7285,2020-10-13 14:04:00,53.87,53.88,53.86,53.88,0,0,21160
7286,2020-10-13 14:05:00,53.87,53.9,53.86,53.89,0,0,26570
7287,2020-10-13 14:06:00,53.89,53.9,53.88,53.88,0,0,13649
7288,2020-10-13 14:07:00,53.88,53.88,53.85,53.86,0,0,31069
7289,2020-10-13 14:08:00,53.86,53.87,53.83,53.87,0,0,36076
7290,2020-10-13 14:09:00,53.87,53.87,53.85,53.85,0,0,21910
7291,2020-10-13 14:10:00,53.85,53.87,53.83,53.85,0,0,21763
7292,2020-10-13 14:11:00,53.85,53.88,53.85,53.88,0,0,14659
7293,2020-10-13 14:12:00,53.88,53.88,53.86,53.87,0,0,18628
7294,2020-10-13 14:13:00,53.87,53.88,53.85,53.87,0,0,16868
7295,2020-10-13 14:14:00,53.87,53.87,53.83,53.85,0,0,68019
7296,2020-10-13 14:15:00,53.85,53.85,53.83,53.85,0,0,19877
7297,2020-10-13 14:16:00,53.85,53.89,53.83,53.89,0,0,32654
7298,2020-10-13 14:17:00,53.88,53.88,53.87,53.87,0,0,16886
7299,2020-10-13 14:18:00,53.88,53.91,53.87,53.9,0,0,42443
7300,2020-10-13 14:19:00,53.9,53.91,53.89,53.89,0,0,18535
7301,2020-10-13 14:20:00,53.9,53.9,53.85,53.85,0,0,47062
7302,2020-10-13 14:21:00,53.86,53.87,53.85,53.85,0,0,13949
7303,2020-10-13 14:22:00,53.85,53.85,53.81,53.82,0,0,27348
7304,2020-10-13 14:23:00,53.81,53.82,53.78,53.81,0,0,69767
7305,2020-10-13 14:24:00,53.81,53.84,53.79,53.83,0,0,38504
7306,2020-10-13 14:25:00,53.83,53.84,53.81,53.81,0,0,18792
7307,2020-10-13 14:26:00,53.82,53.82,53.81,53.81,0,0,11680
7308,2020-10-13 14:27:00,53.81,53.81,53.79,53.79,0,0,25343
7309,2020-10-13 14:28:00,53.8,53.8,53.72,53.72,0,0,62379
7310,2020-10-13 14:29:00,53.73,53.75,53.69,53.7,0,0,52041
7311,2020-10-13 14:30:00,53.7,53.71,53.62,53.64,0,0,82585
7312,2020-10-13 14:31:00,53.63,53.68,53.63,53.65,0,0,32605
7313,2020-10-13 14:32:00,53.66,53.67,53.65,53.65,0,0,27097
7314,2020-10-13 14:33:00,53.66,53.8,53.65,53.8,0,0,112879
7315,2020-10-13 14:34:00,53.79,53.8,53.73,53.78,0,0,38279
7316,2020-10-13 14:35:00,53.77,53.77,53.73,53.73,0,0,26793
7317,2020-10-13 14:36:00,53.74,53.75,53.72,53.73,0,0,21285
7318,2020-10-13 14:37:00,53.72,53.75,53.72,53.74,0,0,20793
7319,2020-10-13 14:38:00,53.74,53.76,53.74,53.76,0,0,9189
7320,2020-10-13 14:39:00,53.76,53.78,53.74,53.78,0,0,28897
7321,2020-10-13 14:40:00,53.78,53.79,53.75,53.75,0,0,20527
7322,2020-10-13 14:41:00,53.76,53.78,53.74,53.76,0,0,19357
7323,2020-10-13 14:42:00,53.76,53.77,53.74,53.76,0,0,19989
7324,2020-10-13 14:43:00,53.77,53.78,53.76,53.77,0,0,7954
7325,2020-10-13 14:44:00,53.76,53.78,53.75,53.78,0,0,14422
7326,2020-10-13 14:45:00,53.78,53.83,53.71,53.71,0,0,86053
7327,2020-10-13 14:46:00,53.71,53.76,53.71,53.76,0,0,24061
7328,2020-10-13 14:47:00,53.76,53.77,53.74,53.76,0,0,20145
7329,2020-10-13 14:48:00,53.76,53.79,53.76,53.78,0,0,19285
7330,2020-10-13 14:49:00,53.79,53.82,53.79,53.8,0,0,19879
7331,2020-10-13 14:50:00,53.79,53.82,53.79,53.81,0,0,16895
7332,2020-10-13 14:51:00,53.81,53.85,53.8,53.8,0,0,19457
7333,2020-10-13 14:52:00,53.81,53.84,53.78,53.8,0,0,47373
7334,2020-10-13 14:53:00,53.81,53.82,53.79,53.81,0,0,16718
7335,2020-10-13 14:54:00,53.81,53.81,53.78,53.78,0,0,10723
7336,2020-10-13 14:55:00,53.79,53.84,53.78,53.83,0,0,24569
7337,2020-10-13 14:56:00,53.84,53.88,53.83,53.85,0,0,20995
7338,2020-10-13 14:57:00,53.86,53.87,53.85,53.86,0,0,20346
7339,2020-10-13 14:58:00,53.87,53.9,53.86,53.89,0,0,27947
7340,2020-10-13 14:59:00,53.89,53.91,53.87,53.88,0,0,32382
7341,2020-10-13 15:00:00,53.87,53.92,53.86,53.92,0,0,20751
7342,2020-10-13 15:01:00,53.92,53.94,53.91,53.92,0,0,26233
7343,2020-10-13 15:02:00,53.92,53.96,53.92,53.95,0,0,31035
7344,2020-10-13 15:03:00,53.94,53.96,53.93,53.95,0,0,16531
7345,2020-10-13 15:04:00,53.96,53.97,53.95,53.96,0,0,27429
7346,2020-10-13 15:05:00,53.96,53.96,53.94,53.94,0,0,21740
7347,2020-10-13 15:06:00,53.95,53.97,53.94,53.96,0,0,18964
7348,2020-10-13 15:07:00,53.96,53.97,53.95,53.95,0,0,16801
7349,2020-10-13 15:08:00,53.95,53.96,53.94,53.96,0,0,20547
7350,2020-10-13 15:09:00,53.95,53.95,53.92,53.92,0,0,24796
7351,2020-10-13 15:10:00,53.93,53.96,53.92,53.95,0,0,34633
7352,2020-10-13 15:11:00,53.96,54.01,53.94,54.0,0,0,57098
7353,2020-10-13 15:12:00,54.01,54.04,54.0,54.03,0,0,44316
7354,2020-10-13 15:13:00,54.04,54.06,54.03,54.06,0,0,40143
7355,2020-10-13 15:14:00,54.06,54.07,54.04,54.06,0,0,28114
7356,2020-10-13 15:15:00,54.06,54.06,54.02,54.02,0,0,54451
7357,2020-10-13 15:16:00,54.03,54.05,54.01,54.04,0,0,38743
7358,2020-10-13 15:17:00,54.05,54.06,54.02,54.04,0,0,61739
7359,2020-10-13 15:18:00,54.03,54.04,54.0,54.01,0,0,39268
7360,2020-10-13 15:19:00,54.01,54.05,54.01,54.03,0,0,29828
7361,2020-10-13 15:20:00,54.03,54.03,54.01,54.03,0,0,28880
7362,2020-10-13 15:21:00,54.03,54.07,54.03,54.06,0,0,48451
7363,2020-10-13 15:22:00,54.06,54.1,54.05,54.09,0,0,62022
7364,2020-10-13 15:23:00,54.09,54.1,54.07,54.09,0,0,30406
7365,2020-10-13 15:24:00,54.09,54.12,54.08,54.11,0,0,45510
7366,2020-10-13 15:25:00,54.11,54.13,54.1,54.13,0,0,33356
7367,2020-10-13 15:26:00,54.12,54.13,54.1,54.13,0,0,42703
7368,2020-10-13 15:27:00,54.13,54.17,54.12,54.13,0,0,58412
7369,2020-10-13 15:28:00,54.12,54.13,54.1,54.13,0,0,22723
7370,2020-10-13 15:29:00,54.13,54.15,54.12,54.12,0,0,36154
7371,2020-10-13 15:30:00,54.13,54.15,54.13,54.13,0,0,35766
7372,2020-10-13 15:31:00,54.13,54.14,54.12,54.13,0,0,25349
7373,2020-10-13 15:32:00,54.13,54.16,54.12,54.13,0,0,27437
7374,2020-10-13 15:33:00,54.14,54.16,54.12,54.15,0,0,31701
7375,2020-10-13 15:34:00,54.15,54.16,54.13,54.15,0,0,41792
7376,2020-10-13 15:35:00,54.14,54.17,54.14,54.17,0,0,53110
7377,2020-10-13 15:36:00,54.17,54.18,54.16,54.17,0,0,43584
7378,2020-10-13 15:37:00,54.17,54.17,54.13,54.13,0,0,34668
7379,2020-10-13 15:38:00,54.13,54.13,54.05,54.08,0,0,101419
7380,2020-10-13 15:39:00,54.08,54.1,54.07,54.09,0,0,24169
7381,2020-10-13 15:40:00,54.1,54.11,54.09,54.1,0,0,41791
7382,2020-10-13 15:41:00,54.1,54.12,54.1,54.12,0,0,26455
7383,2020-10-13 15:42:00,54.11,54.13,54.1,54.13,0,0,30539
7384,2020-10-13 15:43:00,54.12,54.14,54.11,54.13,0,0,28251
7385,2020-10-13 15:44:00,54.12,54.13,54.09,54.1,0,0,53477
7386,2020-10-13 15:45:00,54.1,54.15,54.09,54.13,0,0,55576
7387,2020-10-13 15:46:00,54.12,54.12,54.08,54.08,0,0,50045
7388,2020-10-13 15:47:00,54.09,54.11,54.08,54.1,0,0,60386
7389,2020-10-13 15:48:00,54.1,54.1,54.04,54.06,0,0,35908
7390,2020-10-13 15:49:00,54.06,54.06,53.98,53.98,0,0,184601
7391,2020-10-13 15:50:00,53.99,54.06,53.99,53.99,0,0,130974
7392,2020-10-13 15:51:00,54.0,54.02,53.97,53.99,0,0,359885
7393,2020-10-13 15:52:00,53.99,53.99,53.94,53.95,0,0,77057
7394,2020-10-13 15:53:00,53.95,53.95,53.9,53.91,0,0,106625
7395,2020-10-13 15:54:00,53.91,53.94,53.88,53.88,0,0,113457
7396,2020-10-13 15:55:00,53.89,53.91,53.85,53.9,0,0,98534
7397,2020-10-13 15:56:00,53.91,53.93,53.89,53.91,0,0,94167
7398,2020-10-13 15:57:00,53.9,53.91,53.87,53.89,0,0,91277
7399,2020-10-13 15:58:00,53.89,53.91,53.88,53.9,0,0,191176
7400,2020-10-13 15:59:00,53.9,53.9,53.78,53.82,0,0,422141
7401,2020-10-12 09:30:00,53.55,53.55,53.31,53.44,0,0,974972
7402,2020-10-12 09:31:00,53.43,53.48,53.24,53.29,0,0,137795
7403,2020-10-12 09:32:00,53.29,53.32,53.21,53.25,0,0,137625
7404,2020-10-12 09:33:00,53.27,53.33,53.25,53.31,0,0,84510
7405,2020-10-12 09:34:00,53.31,53.41,53.3,53.41,0,0,106674
7406,2020-10-12 09:35:00,53.38,53.39,53.38,53.38,0,0,115780
7407,2020-10-12 09:36:00,53.38,53.38,53.26,53.29,0,0,95180
7408,2020-10-12 09:37:00,53.3,53.38,53.28,53.29,0,0,102102
7409,2020-10-12 09:38:00,53.3,53.37,53.26,53.37,0,0,85325
7410,2020-10-12 09:39:00,53.4,53.41,53.39,53.4,0,0,79354
7411,2020-10-12 09:40:00,53.35,53.37,53.32,53.36,0,0,65490
7412,2020-10-12 09:41:00,53.38,53.38,53.32,53.32,0,0,106733
7413,2020-10-12 09:42:00,53.33,53.35,53.33,53.35,0,0,49229
7414,2020-10-12 09:43:00,53.33,53.39,53.33,53.38,0,0,77470
7415,2020-10-12 09:44:00,53.38,53.4,53.34,53.39,0,0,64881
7416,2020-10-12 09:45:00,53.4,53.45,53.39,53.41,0,0,106539
7417,2020-10-12 09:46:00,53.42,53.42,53.38,53.4,0,0,71460
7418,2020-10-12 09:47:00,53.4,53.44,53.4,53.44,0,0,161871
7419,2020-10-12 09:48:00,53.47,53.49,53.46,53.48,0,0,60355
7420,2020-10-12 09:49:00,53.5,53.52,53.49,53.52,0,0,82864
7421,2020-10-12 09:50:00,53.55,53.55,53.51,53.52,0,0,90734
7422,2020-10-12 09:51:00,53.62,53.62,53.6,53.62,0,0,106223
7423,2020-10-12 09:52:00,53.61,53.61,53.57,53.57,0,0,63458
7424,2020-10-12 09:53:00,53.55,53.57,53.55,53.56,0,0,57639
7425,2020-10-12 09:54:00,53.56,53.58,53.52,53.53,0,0,63338
7426,2020-10-12 09:55:00,53.5,53.51,53.46,53.49,0,0,94883
7427,2020-10-12 09:56:00,53.43,53.43,53.43,53.43,0,0,49803
7428,2020-10-12 09:57:00,53.43,53.45,53.38,53.42,0,0,41508
7429,2020-10-12 09:58:00,53.38,53.38,53.38,53.38,0,0,30167
7430,2020-10-12 09:59:00,53.38,53.44,53.38,53.39,0,0,43381
7431,2020-10-12 10:00:00,53.42,53.42,53.38,53.38,0,0,44354
7432,2020-10-12 10:01:00,53.37,53.43,53.36,53.4,0,0,37050
7433,2020-10-12 10:02:00,53.4,53.45,53.4,53.42,0,0,35253
7434,2020-10-12 10:03:00,53.43,53.45,53.4,53.44,0,0,34458
7435,2020-10-12 10:04:00,53.44,53.45,53.4,53.41,0,0,27125
7436,2020-10-12 10:05:00,53.41,53.41,53.35,53.36,0,0,40667
7437,2020-10-12 10:06:00,53.36,53.39,53.35,53.35,0,0,46309
7438,2020-10-12 10:07:00,53.36,53.38,53.36,53.36,0,0,44281
7439,2020-10-12 10:08:00,53.35,53.38,53.35,53.36,0,0,37600
7440,2020-10-12 10:09:00,53.36,53.36,53.34,53.36,0,0,26663
7441,2020-10-12 10:10:00,53.35,53.37,53.34,53.36,0,0,17555
7442,2020-10-12 10:11:00,53.37,53.39,53.37,53.38,0,0,47466
7443,2020-10-12 10:12:00,53.38,53.4,53.38,53.4,0,0,39486
7444,2020-10-12 10:13:00,53.4,53.4,53.37,53.39,0,0,57682
7445,2020-10-12 10:14:00,53.39,53.39,53.37,53.37,0,0,43562
7446,2020-10-12 10:15:00,53.37,53.4,53.35,53.37,0,0,27216
7447,2020-10-12 10:16:00,53.36,53.39,53.36,53.39,0,0,33678
7448,2020-10-12 10:17:00,53.39,53.43,53.39,53.4,0,0,56787
7449,2020-10-12 10:18:00,53.4,53.42,53.38,53.4,0,0,42962
7450,2020-10-12 10:19:00,53.4,53.44,53.39,53.41,0,0,49110
7451,2020-10-12 10:20:00,53.4,53.4,53.35,53.36,0,0,47108
7452,2020-10-12 10:21:00,53.36,53.39,53.35,53.35,0,0,55199
7453,2020-10-12 10:22:00,53.35,53.36,53.32,53.33,0,0,29207
7454,2020-10-12 10:23:00,53.33,53.33,53.32,53.32,0,0,18536
7455,2020-10-12 10:24:00,53.31,53.32,53.29,53.29,0,0,50691
7456,2020-10-12 10:25:00,53.29,53.32,53.29,53.32,0,0,34919
7457,2020-10-12 10:26:00,53.31,53.35,53.31,53.32,0,0,43893
7458,2020-10-12 10:27:00,53.32,53.33,53.29,53.29,0,0,26065
7459,2020-10-12 10:28:00,53.3,53.35,53.3,53.34,0,0,28567
7460,2020-10-12 10:29:00,53.34,53.35,53.33,53.35,0,0,23181
7461,2020-10-12 10:30:00,53.35,53.36,53.31,53.31,0,0,47111
7462,2020-10-12 10:31:00,53.31,53.31,53.28,53.31,0,0,25853
7463,2020-10-12 10:32:00,53.31,53.32,53.28,53.31,0,0,40591
7464,2020-10-12 10:33:00,53.32,53.32,53.28,53.3,0,0,32186
7465,2020-10-12 10:34:00,53.29,53.31,53.29,53.29,0,0,20562
7466,2020-10-12 10:35:00,53.29,53.32,53.29,53.32,0,0,36533
7467,2020-10-12 10:36:00,53.32,53.36,53.32,53.34,0,0,42927
7468,2020-10-12 10:37:00,53.33,53.36,53.32,53.36,0,0,35248
7469,2020-10-12 10:38:00,53.36,53.36,53.34,53.35,0,0,26061
7470,2020-10-12 10:39:00,53.36,53.39,53.35,53.38,0,0,52411
7471,2020-10-12 10:40:00,53.38,53.41,53.38,53.41,0,0,34059
7472,2020-10-12 10:41:00,53.41,53.41,53.38,53.39,0,0,53126
7473,2020-10-12 10:42:00,53.38,53.4,53.35,53.4,0,0,28046
7474,2020-10-12 10:43:00,53.4,53.4,53.38,53.38,0,0,43425
7475,2020-10-12 10:44:00,53.37,53.39,53.37,53.38,0,0,30384
7476,2020-10-12 10:45:00,53.39,53.41,53.39,53.4,0,0,47912
7477,2020-10-12 10:46:00,53.4,53.42,53.4,53.42,0,0,31805
7478,2020-10-12 10:47:00,53.41,53.43,53.4,53.42,0,0,104290
7479,2020-10-12 10:48:00,53.42,53.46,53.41,53.43,0,0,63967
7480,2020-10-12 10:49:00,53.42,53.44,53.41,53.44,0,0,25525
7481,2020-10-12 10:50:00,53.44,53.45,53.42,53.44,0,0,49588
7482,2020-10-12 10:51:00,53.44,53.48,53.44,53.47,0,0,50395
7483,2020-10-12 10:52:00,53.48,53.5,53.47,53.5,0,0,56628
7484,2020-10-12 10:53:00,53.5,53.53,53.49,53.53,0,0,87043
7485,2020-10-12 10:54:00,53.53,53.55,53.52,53.53,0,0,77130
7486,2020-10-12 10:55:00,53.54,53.56,53.51,53.53,0,0,102825
7487,2020-10-12 10:56:00,53.54,53.56,53.52,53.53,0,0,61841
7488,2020-10-12 10:57:00,53.54,53.57,53.5,53.52,0,0,64154
7489,2020-10-12 10:58:00,53.51,53.51,53.49,53.51,0,0,62953
7490,2020-10-12 10:59:00,53.51,53.54,53.51,53.54,0,0,36685
7491,2020-10-12 11:00:00,53.53,53.53,53.49,53.49,0,0,82445
7492,2020-10-12 11:01:00,53.49,53.52,53.47,53.51,0,0,43730
7493,2020-10-12 11:02:00,53.51,53.52,53.5,53.5,0,0,47789
7494,2020-10-12 11:03:00,53.51,53.51,53.46,53.47,0,0,45128
7495,2020-10-12 11:04:00,53.47,53.48,53.46,53.48,0,0,71937
7496,2020-10-12 11:05:00,53.47,53.49,53.46,53.47,0,0,25705
7497,2020-10-12 11:06:00,53.47,53.49,53.46,53.48,0,0,48251
7498,2020-10-12 11:07:00,53.48,53.52,53.46,53.52,0,0,52438
7499,2020-10-12 11:08:00,53.52,53.53,53.51,53.53,0,0,83001
7500,2020-10-12 11:09:00,53.53,53.53,53.48,53.5,0,0,47283
7501,2020-10-12 11:10:00,53.49,53.5,53.47,53.49,0,0,32414
7502,2020-10-12 11:11:00,53.49,53.53,53.49,53.52,0,0,53098
7503,2020-10-12 11:12:00,53.51,53.56,53.5,53.54,0,0,34707
7504,2020-10-12 11:13:00,53.54,53.58,53.53,53.55,0,0,37845
7505,2020-10-12 11:14:00,53.55,53.59,53.54,53.59,0,0,52380
7506,2020-10-12 11:15:00,53.58,53.6,53.57,53.58,0,0,37979
7507,2020-10-12 11:16:00,53.59,53.67,53.58,53.63,0,0,147295
7508,2020-10-12 11:17:00,53.62,53.63,53.6,53.6,0,0,44437
7509,2020-10-12 11:18:00,53.6,53.62,53.59,53.62,0,0,30745
7510,2020-10-12 11:19:00,53.62,53.62,53.59,53.59,0,0,27189
7511,2020-10-12 11:20:00,53.6,53.62,53.6,53.62,0,0,28608
7512,2020-10-12 11:21:00,53.62,53.64,53.6,53.64,0,0,56973
7513,2020-10-12 11:22:00,53.63,53.64,53.61,53.63,0,0,28576
7514,2020-10-12 11:23:00,53.62,53.65,53.62,53.65,0,0,34751
7515,2020-10-12 11:24:00,53.64,53.65,53.62,53.63,0,0,37570
7516,2020-10-12 11:25:00,53.64,53.64,53.61,53.62,0,0,28299
7517,2020-10-12 11:26:00,53.62,53.62,53.61,53.62,0,0,52674
7518,2020-10-12 11:27:00,53.62,53.62,53.6,53.62,0,0,31922
7519,2020-10-12 11:28:00,53.62,53.62,53.59,53.6,0,0,64298
7520,2020-10-12 11:29:00,53.6,53.62,53.58,53.58,0,0,50388
7521,2020-10-12 11:30:00,53.57,53.58,53.56,53.57,0,0,26770
7522,2020-10-12 11:31:00,53.56,53.58,53.54,53.56,0,0,58146
7523,2020-10-12 11:32:00,53.56,53.58,53.55,53.56,0,0,33135
7524,2020-10-12 11:33:00,53.56,53.57,53.54,53.56,0,0,30998
7525,2020-10-12 11:34:00,53.57,53.58,53.56,53.58,0,0,37550
7526,2020-10-12 11:35:00,53.58,53.58,53.54,53.55,0,0,38457
7527,2020-10-12 11:36:00,53.56,53.58,53.55,53.58,0,0,36645
7528,2020-10-12 11:37:00,53.58,53.6,53.58,53.58,0,0,33529
7529,2020-10-12 11:38:00,53.59,53.6,53.56,53.6,0,0,42232
7530,2020-10-12 11:39:00,53.6,53.62,53.57,53.6,0,0,60817
7531,2020-10-12 11:40:00,53.6,53.64,53.6,53.63,0,0,36731
7532,2020-10-12 11:41:00,53.63,53.64,53.6,53.62,0,0,39408
7533,2020-10-12 11:42:00,53.61,53.63,53.61,53.63,0,0,31362
7534,2020-10-12 11:43:00,53.63,53.64,53.61,53.64,0,0,61450
7535,2020-10-12 11:44:00,53.63,53.65,53.63,53.65,0,0,32907
7536,2020-10-12 11:45:00,53.65,53.67,53.64,53.65,0,0,62402
7537,2020-10-12 11:46:00,53.65,53.66,53.63,53.64,0,0,42384
7538,2020-10-12 11:47:00,53.63,53.64,53.61,53.61,0,0,39321
7539,2020-10-12 11:48:00,53.62,53.62,53.57,53.61,0,0,63973
7540,2020-10-12 11:49:00,53.6,53.62,53.59,53.62,0,0,34752
7541,2020-10-12 11:50:00,53.63,53.65,53.62,53.63,0,0,21784
7542,2020-10-12 11:51:00,53.63,53.64,53.61,53.62,0,0,28481
7543,2020-10-12 11:52:00,53.61,53.62,53.6,53.61,0,0,25540
7544,2020-10-12 11:53:00,53.61,53.61,53.58,53.6,0,0,52376
7545,2020-10-12 11:54:00,53.6,53.62,53.6,53.62,0,0,45075
7546,2020-10-12 11:55:00,53.61,53.63,53.6,53.6,0,0,26532
7547,2020-10-12 11:56:00,53.6,53.61,53.59,53.61,0,0,36886
7548,2020-10-12 11:57:00,53.62,53.65,53.61,53.63,0,0,68282
7549,2020-10-12 11:58:00,53.63,53.66,53.63,53.64,0,0,34665
7550,2020-10-12 11:59:00,53.63,53.65,53.62,53.64,0,0,38238
7551,2020-10-12 12:00:00,53.64,53.65,53.61,53.62,0,0,31836
7552,2020-10-12 12:01:00,53.61,53.64,53.6,53.63,0,0,35756
7553,2020-10-12 12:02:00,53.63,53.65,53.63,53.65,0,0,24396
7554,2020-10-12 12:03:00,53.65,53.65,53.63,53.63,0,0,47337
7555,2020-10-12 12:04:00,53.62,53.63,53.61,53.62,0,0,52007
7556,2020-10-12 12:05:00,53.62,53.63,53.61,53.62,0,0,34662
7557,2020-10-12 12:06:00,53.62,53.65,53.62,53.65,0,0,44716
7558,2020-10-12 12:07:00,53.65,53.66,53.62,53.62,0,0,44475
7559,2020-10-12 12:08:00,53.63,53.66,53.62,53.65,0,0,47101
7560,2020-10-12 12:09:00,53.66,53.67,53.65,53.66,0,0,36780
7561,2020-10-12 12:10:00,53.66,53.68,53.66,53.68,0,0,25482
7562,2020-10-12 12:11:00,53.68,53.68,53.65,53.66,0,0,29433
7563,2020-10-12 12:12:00,53.66,53.69,53.66,53.68,0,0,43015
7564,2020-10-12 12:13:00,53.68,53.69,53.66,53.68,0,0,28928
7565,2020-10-12 12:14:00,53.68,53.73,53.67,53.7,0,0,86634
7566,2020-10-12 12:15:00,53.71,53.73,53.69,53.72,0,0,48434
7567,2020-10-12 12:16:00,53.73,53.73,53.71,53.73,0,0,31150
7568,2020-10-12 12:17:00,53.73,53.73,53.68,53.68,0,0,41671
7569,2020-10-12 12:18:00,53.68,53.68,53.64,53.65,0,0,53115
7570,2020-10-12 12:19:00,53.66,53.67,53.65,53.67,0,0,24739
7571,2020-10-12 12:20:00,53.67,53.7,53.66,53.69,0,0,76826
7572,2020-10-12 12:21:00,53.69,53.7,53.67,53.69,0,0,37763
7573,2020-10-12 12:22:00,53.7,53.71,53.68,53.69,0,0,25077
7574,2020-10-12 12:23:00,53.69,53.71,53.69,53.69,0,0,38842
7575,2020-10-12 12:24:00,53.69,53.72,53.69,53.72,0,0,40423
7576,2020-10-12 12:25:00,53.71,53.73,53.7,53.72,0,0,21930
7577,2020-10-12 12:26:00,53.73,53.73,53.72,53.73,0,0,36736
7578,2020-10-12 12:27:00,53.73,53.76,53.72,53.75,0,0,94084
7579,2020-10-12 12:28:00,53.75,53.76,53.74,53.74,0,0,17237
7580,2020-10-12 12:29:00,53.74,53.8,53.73,53.78,0,0,140805
7581,2020-10-12 12:30:00,53.77,53.81,53.76,53.8,0,0,72209
7582,2020-10-12 12:31:00,53.79,53.82,53.78,53.79,0,0,45289
7583,2020-10-12 12:32:00,53.79,53.81,53.79,53.81,0,0,28419
7584,2020-10-12 12:33:00,53.8,53.84,53.8,53.83,0,0,31626
7585,2020-10-12 12:34:00,53.83,53.85,53.82,53.83,0,0,54665
7586,2020-10-12 12:35:00,53.83,53.83,53.81,53.83,0,0,31079
7587,2020-10-12 12:36:00,53.82,53.83,53.8,53.81,0,0,29441
7588,2020-10-12 12:37:00,53.81,53.81,53.78,53.79,0,0,20497
7589,2020-10-12 12:38:00,53.8,53.81,53.78,53.78,0,0,33009
7590,2020-10-12 12:39:00,53.78,53.82,53.78,53.82,0,0,45215
7591,2020-10-12 12:40:00,53.82,53.85,53.82,53.84,0,0,104314
7592,2020-10-12 12:41:00,53.83,53.85,53.83,53.85,0,0,85170
7593,2020-10-12 12:42:00,53.85,53.88,53.85,53.88,0,0,102327
7594,2020-10-12 12:43:00,53.88,53.88,53.86,53.87,0,0,67439
7595,2020-10-12 12:44:00,53.87,53.88,53.85,53.87,0,0,109416
7596,2020-10-12 12:45:00,53.87,53.89,53.86,53.89,0,0,55451
7597,2020-10-12 12:46:00,53.89,53.92,53.87,53.9,0,0,71369
7598,2020-10-12 12:47:00,53.91,53.92,53.88,53.9,0,0,61277
7599,2020-10-12 12:48:00,53.9,53.92,53.9,53.9,0,0,58101
7600,2020-10-12 12:49:00,53.9,53.94,53.88,53.94,0,0,90390
7601,2020-10-12 12:50:00,53.94,53.94,53.86,53.9,0,0,62430
7602,2020-10-12 12:51:00,53.9,53.9,53.83,53.85,0,0,38864
7603,2020-10-12 12:52:00,53.86,53.87,53.85,53.85,0,0,23973
7604,2020-10-12 12:53:00,53.85,53.9,53.85,53.9,0,0,38456
7605,2020-10-12 12:54:00,53.9,53.92,53.89,53.92,0,0,74378
7606,2020-10-12 12:55:00,53.92,53.93,53.89,53.9,0,0,111523
7607,2020-10-12 12:56:00,53.91,53.94,53.91,53.94,0,0,44738
7608,2020-10-12 12:57:00,53.94,53.94,53.91,53.94,0,0,56134
7609,2020-10-12 12:58:00,53.94,53.94,53.92,53.93,0,0,27741
7610,2020-10-12 12:59:00,53.93,53.97,53.92,53.95,0,0,38236
7611,2020-10-12 13:00:00,53.96,53.97,53.94,53.95,0,0,33090
7612,2020-10-12 13:01:00,53.95,53.96,53.93,53.94,0,0,27670
7613,2020-10-12 13:02:00,53.94,53.95,53.92,53.92,0,0,22599
7614,2020-10-12 13:03:00,53.93,53.96,53.93,53.95,0,0,63905
7615,2020-10-12 13:04:00,53.95,53.97,53.95,53.97,0,0,22033
7616,2020-10-12 13:05:00,53.97,53.97,53.94,53.94,0,0,32066
7617,2020-10-12 13:06:00,53.95,53.95,53.93,53.94,0,0,27265
7618,2020-10-12 13:07:00,53.94,53.95,53.92,53.92,0,0,41757
7619,2020-10-12 13:08:00,53.92,53.93,53.89,53.9,0,0,29848
7620,2020-10-12 13:09:00,53.89,53.91,53.89,53.9,0,0,31188
7621,2020-10-12 13:10:00,53.9,53.91,53.88,53.91,0,0,20782
7622,2020-10-12 13:11:00,53.91,53.91,53.87,53.88,0,0,105332
7623,2020-10-12 13:12:00,53.87,53.9,53.87,53.88,0,0,57952
7624,2020-10-12 13:13:00,53.88,53.89,53.88,53.88,0,0,27961
7625,2020-10-12 13:14:00,53.88,53.9,53.88,53.9,0,0,29850
7626,2020-10-12 13:15:00,53.9,53.97,53.9,53.97,0,0,73913
7627,2020-10-12 13:16:00,53.97,53.99,53.96,53.99,0,0,58625
7628,2020-10-12 13:17:00,53.99,53.99,53.97,53.98,0,0,56326
7629,2020-10-12 13:18:00,53.98,53.99,53.97,53.98,0,0,26579
7630,2020-10-12 13:19:00,53.99,54.0,53.98,53.99,0,0,107036
7631,2020-10-12 13:20:00,53.99,54.01,53.99,54.0,0,0,219695
7632,2020-10-12 13:21:00,53.99,54.04,53.99,54.03,0,0,86439
7633,2020-10-12 13:22:00,54.03,54.06,54.03,54.06,0,0,73258
7634,2020-10-12 13:23:00,54.06,54.1,54.06,54.1,0,0,65345
7635,2020-10-12 13:24:00,54.09,54.1,54.07,54.09,0,0,84536
7636,2020-10-12 13:25:00,54.09,54.11,54.08,54.1,0,0,50187
7637,2020-10-12 13:26:00,54.11,54.12,54.09,54.1,0,0,90215
7638,2020-10-12 13:27:00,54.1,54.11,54.08,54.1,0,0,89043
7639,2020-10-12 13:28:00,54.1,54.1,54.08,54.1,0,0,72983
7640,2020-10-12 13:29:00,54.1,54.13,54.08,54.13,0,0,72143
7641,2020-10-12 13:30:00,54.12,54.15,54.12,54.14,0,0,73949
7642,2020-10-12 13:31:00,54.13,54.15,54.12,54.14,0,0,59088
7643,2020-10-12 13:32:00,54.13,54.17,54.13,54.17,0,0,78012
7644,2020-10-12 13:33:00,54.17,54.17,54.12,54.13,0,0,47074
7645,2020-10-12 13:34:00,54.13,54.14,54.12,54.13,0,0,67307
7646,2020-10-12 13:35:00,54.13,54.15,54.1,54.1,0,0,27578
7647,2020-10-12 13:36:00,54.1,54.11,54.09,54.1,0,0,26579
7648,2020-10-12 13:37:00,54.1,54.1,54.06,54.06,0,0,34259
7649,2020-10-12 13:38:00,54.06,54.11,54.06,54.09,0,0,64123
7650,2020-10-12 13:39:00,54.08,54.1,54.05,54.06,0,0,28816
7651,2020-10-12 13:40:00,54.05,54.09,54.05,54.06,0,0,45881
7652,2020-10-12 13:41:00,54.07,54.08,54.06,54.06,0,0,26226
7653,2020-10-12 13:42:00,54.06,54.11,54.06,54.1,0,0,52106
7654,2020-10-12 13:43:00,54.1,54.1,54.05,54.06,0,0,49410
7655,2020-10-12 13:44:00,54.05,54.07,54.05,54.05,0,0,21399
7656,2020-10-12 13:45:00,54.05,54.08,54.05,54.07,0,0,39897
7657,2020-10-12 13:46:00,54.07,54.09,54.06,54.08,0,0,30747
7658,2020-10-12 13:47:00,54.07,54.07,54.02,54.03,0,0,49434
7659,2020-10-12 13:48:00,54.03,54.03,54.0,54.01,0,0,63316
7660,2020-10-12 13:49:00,54.01,54.04,54.01,54.02,0,0,22350
7661,2020-10-12 13:50:00,54.03,54.04,54.0,54.0,0,0,29778
7662,2020-10-12 13:51:00,54.0,54.01,53.98,54.01,0,0,29549
7663,2020-10-12 13:52:00,54.0,54.05,54.0,54.04,0,0,39644
7664,2020-10-12 13:53:00,54.04,54.04,54.02,54.03,0,0,25975
7665,2020-10-12 13:54:00,54.03,54.04,54.02,54.02,0,0,15494
7666,2020-10-12 13:55:00,54.03,54.04,54.01,54.03,0,0,35194
7667,2020-10-12 13:56:00,54.02,54.03,54.0,54.02,0,0,29855
7668,2020-10-12 13:57:00,54.03,54.04,54.02,54.03,0,0,22489
7669,2020-10-12 13:58:00,54.03,54.04,54.02,54.03,0,0,22950
7670,2020-10-12 13:59:00,54.03,54.05,54.02,54.03,0,0,34260
7671,2020-10-12 14:00:00,54.04,54.06,54.02,54.05,0,0,46286
7672,2020-10-12 14:01:00,54.04,54.1,54.04,54.08,0,0,100904
7673,2020-10-12 14:02:00,54.08,54.11,54.08,54.1,0,0,58004
7674,2020-10-12 14:03:00,54.1,54.1,54.08,54.08,0,0,31134
7675,2020-10-12 14:04:00,54.08,54.08,54.06,54.06,0,0,28125
7676,2020-10-12 14:05:00,54.06,54.08,54.04,54.06,0,0,62194
7677,2020-10-12 14:06:00,54.06,54.06,54.03,54.05,0,0,22710
7678,2020-10-12 14:07:00,54.05,54.06,54.03,54.03,0,0,24983
7679,2020-10-12 14:08:00,54.03,54.04,54.01,54.02,0,0,26749
7680,2020-10-12 14:09:00,54.03,54.04,54.01,54.03,0,0,90918
7681,2020-10-12 14:10:00,54.03,54.06,54.01,54.04,0,0,58696
7682,2020-10-12 14:11:00,54.03,54.07,54.03,54.05,0,0,46938
7683,2020-10-12 14:12:00,54.05,54.06,54.04,54.06,0,0,25065
7684,2020-10-12 14:13:00,54.06,54.07,54.04,54.04,0,0,35421
7685,2020-10-12 14:14:00,54.04,54.07,54.04,54.07,0,0,29121
7686,2020-10-12 14:15:00,54.08,54.1,54.07,54.1,0,0,56279
7687,2020-10-12 14:16:00,54.1,54.11,54.06,54.06,0,0,71249
7688,2020-10-12 14:17:00,54.06,54.08,54.06,54.06,0,0,63486
7689,2020-10-12 14:18:00,54.06,54.07,54.06,54.06,0,0,20854
7690,2020-10-12 14:19:00,54.06,54.07,54.05,54.06,0,0,46876
7691,2020-10-12 14:20:00,54.06,54.06,54.04,54.04,0,0,57050
7692,2020-10-12 14:21:00,54.04,54.04,54.0,54.02,0,0,47742
7693,2020-10-12 14:22:00,54.01,54.08,54.01,54.06,0,0,80545
7694,2020-10-12 14:23:00,54.06,54.12,54.06,54.12,0,0,67316
7695,2020-10-12 14:24:00,54.12,54.12,54.09,54.11,0,0,35226
7696,2020-10-12 14:25:00,54.11,54.12,54.11,54.11,0,0,64646
7697,2020-10-12 14:26:00,54.12,54.12,54.1,54.12,0,0,35449
7698,2020-10-12 14:27:00,54.12,54.14,54.11,54.14,0,0,62793
7699,2020-10-12 14:28:00,54.14,54.15,54.13,54.15,0,0,57036
7700,2020-10-12 14:29:00,54.15,54.15,54.13,54.15,0,0,35637
7701,2020-10-12 14:30:00,54.15,54.18,54.15,54.17,0,0,49835
7702,2020-10-12 14:31:00,54.18,54.19,54.16,54.17,0,0,58394
7703,2020-10-12 14:32:00,54.17,54.17,54.14,54.15,0,0,47761
7704,2020-10-12 14:33:00,54.15,54.16,54.14,54.15,0,0,35121
7705,2020-10-12 14:34:00,54.15,54.16,54.15,54.15,0,0,46242
7706,2020-10-12 14:35:00,54.16,54.18,54.11,54.11,0,0,72751
7707,2020-10-12 14:36:00,54.12,54.12,54.07,54.09,0,0,33421
7708,2020-10-12 14:37:00,54.08,54.11,54.07,54.11,0,0,50657
7709,2020-10-12 14:38:00,54.1,54.12,54.08,54.09,0,0,33828
7710,2020-10-12 14:39:00,54.09,54.14,54.09,54.13,0,0,32051
7711,2020-10-12 14:40:00,54.13,54.15,54.12,54.14,0,0,47501
7712,2020-10-12 14:41:00,54.14,54.16,54.13,54.15,0,0,51672
7713,2020-10-12 14:42:00,54.16,54.16,54.12,54.13,0,0,38686
7714,2020-10-12 14:43:00,54.13,54.14,54.06,54.13,0,0,64367
7715,2020-10-12 14:44:00,54.14,54.15,54.12,54.12,0,0,59628
7716,2020-10-12 14:45:00,54.12,54.15,54.11,54.13,0,0,47644
7717,2020-10-12 14:46:00,54.13,54.17,54.12,54.16,0,0,56979
7718,2020-10-12 14:47:00,54.15,54.18,54.14,54.16,0,0,28110
7719,2020-10-12 14:48:00,54.17,54.18,54.16,54.17,0,0,29553
7720,2020-10-12 14:49:00,54.16,54.2,54.13,54.2,0,0,66473
7721,2020-10-12 14:50:00,54.19,54.2,54.17,54.17,0,0,43600
7722,2020-10-12 14:51:00,54.17,54.2,54.17,54.2,0,0,22868
7723,2020-10-12 14:52:00,54.19,54.19,54.16,54.18,0,0,32865
7724,2020-10-12 14:53:00,54.19,54.19,54.17,54.18,0,0,23986
7725,2020-10-12 14:54:00,54.19,54.19,54.15,54.17,0,0,29406
7726,2020-10-12 14:55:00,54.16,54.18,54.13,54.14,0,0,33242
7727,2020-10-12 14:56:00,54.14,54.15,54.12,54.14,0,0,30753
7728,2020-10-12 14:57:00,54.13,54.14,54.12,54.12,0,0,53879
7729,2020-10-12 14:58:00,54.13,54.13,54.1,54.1,0,0,77616
7730,2020-10-12 14:59:00,54.11,54.13,54.11,54.12,0,0,33607
7731,2020-10-12 15:00:00,54.13,54.17,54.13,54.17,0,0,68236
7732,2020-10-12 15:01:00,54.16,54.17,54.14,54.15,0,0,50420
7733,2020-10-12 15:02:00,54.15,54.15,54.06,54.09,0,0,67549
7734,2020-10-12 15:03:00,54.09,54.1,54.07,54.08,0,0,51221
7735,2020-10-12 15:04:00,54.08,54.12,54.08,54.1,0,0,37876
7736,2020-10-12 15:05:00,54.1,54.1,54.08,54.08,0,0,32486
7737,2020-10-12 15:06:00,54.08,54.11,54.08,54.1,0,0,31083
7738,2020-10-12 15:07:00,54.09,54.1,54.08,54.08,0,0,25577
7739,2020-10-12 15:08:00,54.08,54.1,54.08,54.1,0,0,25243
7740,2020-10-12 15:09:00,54.1,54.1,54.03,54.03,0,0,63712
7741,2020-10-12 15:10:00,54.04,54.05,54.02,54.02,0,0,66555
7742,2020-10-12 15:11:00,54.01,54.05,54.01,54.04,0,0,80709
7743,2020-10-12 15:12:00,54.05,54.05,54.01,54.01,0,0,83258
7744,2020-10-12 15:13:00,54.01,54.02,53.96,53.97,0,0,58622
7745,2020-10-12 15:14:00,53.96,53.98,53.95,53.97,0,0,79980
7746,2020-10-12 15:15:00,53.97,54.0,53.97,54.0,0,0,45304
7747,2020-10-12 15:16:00,53.99,54.02,53.99,54.01,0,0,50628
7748,2020-10-12 15:17:00,54.01,54.02,53.98,53.99,0,0,45665
7749,2020-10-12 15:18:00,53.98,53.99,53.96,53.97,0,0,44284
7750,2020-10-12 15:19:00,53.96,54.0,53.96,54.0,0,0,45784
7751,2020-10-12 15:20:00,54.0,54.03,53.99,54.02,0,0,37866
7752,2020-10-12 15:21:00,54.02,54.05,54.01,54.04,0,0,45364
7753,2020-10-12 15:22:00,54.04,54.04,54.01,54.01,0,0,36805
7754,2020-10-12 15:23:00,54.01,54.01,53.97,53.97,0,0,55237
7755,2020-10-12 15:24:00,53.97,54.02,53.97,54.02,0,0,62549
7756,2020-10-12 15:25:00,54.01,54.03,54.01,54.02,0,0,54454
7757,2020-10-12 15:26:00,54.01,54.03,54.0,54.02,0,0,43719
7758,2020-10-12 15:27:00,54.02,54.03,53.98,53.99,0,0,65119
7759,2020-10-12 15:28:00,53.99,54.01,53.98,54.01,0,0,49679
7760,2020-10-12 15:29:00,54.0,54.03,54.0,54.01,0,0,30789
7761,2020-10-12 15:30:00,54.02,54.03,53.99,54.0,0,0,60580
7762,2020-10-12 15:31:00,54.0,54.0,53.96,53.99,0,0,36438
7763,2020-10-12 15:32:00,53.99,53.99,53.94,53.97,0,0,71483
7764,2020-10-12 15:33:00,53.97,53.98,53.96,53.97,0,0,46853
7765,2020-10-12 15:34:00,53.97,53.98,53.93,53.94,0,0,39209
7766,2020-10-12 15:35:00,53.94,53.95,53.92,53.94,0,0,73993
7767,2020-10-12 15:36:00,53.94,53.95,53.93,53.95,0,0,39597
7768,2020-10-12 15:37:00,53.94,53.98,53.94,53.95,0,0,93329
7769,2020-10-12 15:38:00,53.96,53.98,53.96,53.97,0,0,42759
7770,2020-10-12 15:39:00,53.97,53.99,53.96,53.97,0,0,68566
7771,2020-10-12 15:40:00,53.97,53.99,53.95,53.96,0,0,73148
7772,2020-10-12 15:41:00,53.96,53.97,53.95,53.97,0,0,56832
7773,2020-10-12 15:42:00,53.97,53.98,53.96,53.97,0,0,71101
7774,2020-10-12 15:43:00,53.97,53.97,53.94,53.94,0,0,42787
7775,2020-10-12 15:44:00,53.94,53.96,53.93,53.96,0,0,60140
7776,2020-10-12 15:45:00,53.96,53.97,53.93,53.94,0,0,90591
7777,2020-10-12 15:46:00,53.94,53.94,53.91,53.91,0,0,80597
7778,2020-10-12 15:47:00,53.91,53.92,53.9,53.9,0,0,72582
7779,2020-10-12 15:48:00,53.9,53.9,53.87,53.87,0,0,123335
7780,2020-10-12 15:49:00,53.87,53.88,53.84,53.85,0,0,99047
7781,2020-10-12 15:50:00,53.85,53.85,53.77,53.78,0,0,281782
7782,2020-10-12 15:51:00,53.77,53.82,53.76,53.81,0,0,136273
7783,2020-10-12 15:52:00,53.81,53.83,53.79,53.81,0,0,94268
7784,2020-10-12 15:53:00,53.81,53.86,53.8,53.86,0,0,117366
7785,2020-10-12 15:54:00,53.85,53.91,53.85,53.9,0,0,154432
7786,2020-10-12 15:55:00,53.91,53.96,53.89,53.92,0,0,198780
7787,2020-10-12 15:56:00,53.92,53.98,53.91,53.93,0,0,128228
7788,2020-10-12 15:57:00,53.93,53.97,53.91,53.92,0,0,226312
7789,2020-10-12 15:58:00,53.92,53.94,53.89,53.9,0,0,200655
7790,2020-10-12 15:59:00,53.9,53.92,53.86,53.88,0,0,452706
7791,2020-10-14 09:30:00,54.01,54.2,53.97,54.15,0,0,659255
7792,2020-10-14 09:31:00,54.15,54.23,54.13,54.18,0,0,97056
7793,2020-10-14 09:32:00,54.18,54.29,54.17,54.21,0,0,186230
7794,2020-10-14 09:33:00,54.22,54.26,54.2,54.25,0,0,103638
7795,2020-10-14 09:34:00,54.25,54.29,54.23,54.27,0,0,82627
7796,2020-10-14 09:35:00,54.26,54.29,54.21,54.24,0,0,78700
7797,2020-10-14 09:36:00,54.38,54.38,54.35,54.37,0,0,183204
7798,2020-10-14 09:37:00,54.36,54.4,54.35,54.35,0,0,77547
7799,2020-10-14 09:38:00,54.38,54.4,54.33,54.33,0,0,74404
7800,2020-10-14 09:39:00,54.34,54.38,54.33,54.34,0,0,70837
7801,2020-10-14 09:40:00,54.35,54.37,54.28,54.31,0,0,94251
7802,2020-10-14 09:41:00,54.26,54.26,54.22,54.26,0,0,85674
7803,2020-10-14 09:42:00,54.26,54.26,54.24,54.24,0,0,246759
7804,2020-10-14 09:43:00,54.26,54.29,54.23,54.26,0,0,135153
7805,2020-10-14 09:44:00,54.26,54.28,54.17,54.18,0,0,75005
7806,2020-10-14 09:45:00,54.21,54.21,54.13,54.14,0,0,85218
7807,2020-10-14 09:46:00,54.13,54.17,54.12,54.12,0,0,65960
7808,2020-10-14 09:47:00,54.09,54.1,54.04,54.09,0,0,154313
7809,2020-10-14 09:48:00,54.09,54.13,54.03,54.08,0,0,131852
7810,2020-10-14 09:49:00,54.0,54.02,53.98,53.98,0,0,93835
7811,2020-10-14 09:50:00,53.98,54.01,53.94,54.01,0,0,58781
7812,2020-10-14 09:51:00,54.0,54.0,53.99,53.99,0,0,71957
7813,2020-10-14 09:52:00,53.96,53.98,53.95,53.95,0,0,60058
7814,2020-10-14 09:53:00,53.96,53.97,53.95,53.96,0,0,45180
7815,2020-10-14 09:54:00,53.96,53.96,53.88,53.89,0,0,70170
7816,2020-10-14 09:55:00,53.88,53.88,53.83,53.83,0,0,59585
7817,2020-10-14 09:56:00,53.83,53.87,53.83,53.87,0,0,75226
7818,2020-10-14 09:57:00,53.92,53.92,53.9,53.9,0,0,58371
7819,2020-10-14 09:58:00,53.9,53.92,53.86,53.87,0,0,37822
7820,2020-10-14 09:59:00,53.86,53.87,53.82,53.83,0,0,58802
7821,2020-10-14 10:00:00,53.84,53.88,53.83,53.86,0,0,50299
7822,2020-10-14 10:01:00,53.85,53.86,53.81,53.81,0,0,47449
7823,2020-10-14 10:02:00,53.81,53.83,53.78,53.81,0,0,53064
7824,2020-10-14 10:03:00,53.82,53.84,53.79,53.83,0,0,48024
7825,2020-10-14 10:04:00,53.83,53.84,53.81,53.83,0,0,48272
7826,2020-10-14 10:05:00,53.83,53.85,53.74,53.76,0,0,134816
7827,2020-10-14 10:06:00,53.76,53.81,53.75,53.75,0,0,58356
7828,2020-10-14 10:07:00,53.75,53.78,53.74,53.78,0,0,54569
7829,2020-10-14 10:08:00,53.78,53.81,53.78,53.79,0,0,55635
7830,2020-10-14 10:09:00,53.79,53.84,53.78,53.81,0,0,47670
7831,2020-10-14 10:10:00,53.81,53.85,53.8,53.82,0,0,35684
7832,2020-10-14 10:11:00,53.83,53.86,53.82,53.83,0,0,56255
7833,2020-10-14 10:12:00,53.84,53.84,53.8,53.81,0,0,36857
7834,2020-10-14 10:13:00,53.8,53.81,53.77,53.77,0,0,25455
7835,2020-10-14 10:14:00,53.77,53.83,53.77,53.79,0,0,50540
7836,2020-10-14 10:15:00,53.8,53.83,53.79,53.82,0,0,34958
7837,2020-10-14 10:16:00,53.82,53.83,53.8,53.83,0,0,39451
7838,2020-10-14 10:17:00,53.83,53.83,53.8,53.81,0,0,67995
7839,2020-10-14 10:18:00,53.81,53.84,53.79,53.8,0,0,89629
7840,2020-10-14 10:19:00,53.79,53.8,53.76,53.79,0,0,29793
7841,2020-10-14 10:20:00,53.79,53.82,53.78,53.81,0,0,27094
7842,2020-10-14 10:21:00,53.82,53.84,53.81,53.83,0,0,34688
7843,2020-10-14 10:22:00,53.83,53.87,53.82,53.86,0,0,25451
7844,2020-10-14 10:23:00,53.87,53.91,53.84,53.85,0,0,60009
7845,2020-10-14 10:24:00,53.84,53.86,53.82,53.85,0,0,33317
7846,2020-10-14 10:25:00,53.86,53.86,53.81,53.82,0,0,39996
7847,2020-10-14 10:26:00,53.82,53.85,53.82,53.83,0,0,55723
7848,2020-10-14 10:27:00,53.83,53.86,53.83,53.85,0,0,24392
7849,2020-10-14 10:28:00,53.85,53.85,53.76,53.77,0,0,45981
7850,2020-10-14 10:29:00,53.76,53.79,53.76,53.78,0,0,24347
7851,2020-10-14 10:30:00,53.79,53.81,53.74,53.78,0,0,65025
7852,2020-10-14 10:31:00,53.79,53.81,53.75,53.76,0,0,34216
7853,2020-10-14 10:32:00,53.76,53.81,53.76,53.81,0,0,25999
7854,2020-10-14 10:33:00,53.81,53.83,53.77,53.77,0,0,32559
7855,2020-10-14 10:34:00,53.76,53.78,53.76,53.78,0,0,42261
7856,2020-10-14 10:35:00,53.77,53.8,53.76,53.79,0,0,31413
7857,2020-10-14 10:36:00,53.79,53.81,53.77,53.79,0,0,51506
7858,2020-10-14 10:37:00,53.78,53.84,53.78,53.84,0,0,34944
7859,2020-10-14 10:38:00,53.84,53.9,53.83,53.88,0,0,80462
7860,2020-10-14 10:39:00,53.89,53.89,53.86,53.88,0,0,26589
7861,2020-10-14 10:40:00,53.87,53.9,53.86,53.88,0,0,62297
7862,2020-10-14 10:41:00,53.88,53.9,53.85,53.9,0,0,21210
7863,2020-10-14 10:42:00,53.89,53.92,53.87,53.92,0,0,85593
7864,2020-10-14 10:43:00,53.92,53.94,53.91,53.92,0,0,44999
7865,2020-10-14 10:44:00,53.92,53.94,53.92,53.94,0,0,28935
7866,2020-10-14 10:45:00,53.93,53.97,53.92,53.96,0,0,45913
7867,2020-10-14 10:46:00,53.96,53.96,53.93,53.96,0,0,26871
7868,2020-10-14 10:47:00,53.96,53.96,53.92,53.94,0,0,35650
7869,2020-10-14 10:48:00,53.94,53.94,53.9,53.9,0,0,58893
7870,2020-10-14 10:49:00,53.9,53.91,53.89,53.9,0,0,45124
7871,2020-10-14 10:50:00,53.89,53.89,53.84,53.87,0,0,38894
7872,2020-10-14 10:51:00,53.87,53.9,53.86,53.9,0,0,32832
7873,2020-10-14 10:52:00,53.9,53.9,53.88,53.89,0,0,18927
7874,2020-10-14 10:53:00,53.89,53.92,53.88,53.89,0,0,31401
7875,2020-10-14 10:54:00,53.89,53.93,53.89,53.91,0,0,33770
7876,2020-10-14 10:55:00,53.9,53.91,53.88,53.91,0,0,25446
7877,2020-10-14 10:56:00,53.91,53.93,53.9,53.93,0,0,16184
7878,2020-10-14 10:57:00,53.93,53.99,53.93,53.98,0,0,65236
7879,2020-10-14 10:58:00,53.98,53.98,53.94,53.96,0,0,19156
7880,2020-10-14 10:59:00,53.95,53.98,53.94,53.97,0,0,21813
7881,2020-10-14 11:00:00,53.98,53.99,53.94,53.95,0,0,29158
7882,2020-10-14 11:01:00,53.95,53.95,53.9,53.94,0,0,53691
7883,2020-10-14 11:02:00,53.95,53.95,53.9,53.9,0,0,43238
7884,2020-10-14 11:03:00,53.91,53.93,53.91,53.93,0,0,15421
7885,2020-10-14 11:04:00,53.93,53.95,53.92,53.93,0,0,20731
7886,2020-10-14 11:05:00,53.94,53.99,53.94,53.99,0,0,18662
7887,2020-10-14 11:06:00,53.99,53.99,53.97,53.98,0,0,23303
7888,2020-10-14 11:07:00,53.98,53.99,53.97,53.99,0,0,22023
7889,2020-10-14 11:08:00,53.99,54.01,53.98,53.99,0,0,52203
7890,2020-10-14 11:09:00,53.98,54.01,53.97,53.99,0,0,48517
7891,2020-10-14 11:10:00,53.98,54.0,53.97,53.98,0,0,22774
7892,2020-10-14 11:11:00,53.97,53.97,53.94,53.97,0,0,103180
7893,2020-10-14 11:12:00,53.97,53.98,53.96,53.96,0,0,26019
7894,2020-10-14 11:13:00,53.96,53.97,53.95,53.97,0,0,10147
7895,2020-10-14 11:14:00,53.97,54.0,53.96,54.0,0,0,21731
7896,2020-10-14 11:15:00,54.01,54.03,53.99,54.0,0,0,76274
7897,2020-10-14 11:16:00,53.99,53.99,53.96,53.99,0,0,30491
7898,2020-10-14 11:17:00,53.98,54.0,53.98,54.0,0,0,17040
7899,2020-10-14 11:18:00,54.01,54.01,53.99,54.0,0,0,18056
7900,2020-10-14 11:19:00,54.01,54.03,54.0,54.02,0,0,44788
7901,2020-10-14 11:20:00,54.02,54.02,53.95,53.96,0,0,38891
7902,2020-10-14 11:21:00,53.96,53.97,53.94,53.96,0,0,16296
7903,2020-10-14 11:22:00,53.96,54.0,53.96,53.97,0,0,36568
7904,2020-10-14 11:23:00,53.97,53.97,53.95,53.96,0,0,15397
7905,2020-10-14 11:24:00,53.96,53.96,53.92,53.92,0,0,29405
7906,2020-10-14 11:25:00,53.93,53.95,53.9,53.92,0,0,34003
7907,2020-10-14 11:26:00,53.92,53.95,53.91,53.92,0,0,20293
7908,2020-10-14 11:27:00,53.91,53.91,53.87,53.88,0,0,31022
7909,2020-10-14 11:28:00,53.87,53.93,53.87,53.91,0,0,39785
7910,2020-10-14 11:29:00,53.9,53.93,53.9,53.92,0,0,57895
7911,2020-10-14 11:30:00,53.93,53.97,53.91,53.96,0,0,44964
7912,2020-10-14 11:31:00,53.96,53.96,53.92,53.92,0,0,18015
7913,2020-10-14 11:32:00,53.92,53.93,53.91,53.93,0,0,18715
7914,2020-10-14 11:33:00,53.93,53.95,53.92,53.92,0,0,16685
7915,2020-10-14 11:34:00,53.92,53.92,53.9,53.92,0,0,18757
7916,2020-10-14 11:35:00,53.92,53.95,53.91,53.94,0,0,20256
7917,2020-10-14 11:36:00,53.94,53.94,53.92,53.93,0,0,21355
7918,2020-10-14 11:37:00,53.94,53.96,53.93,53.96,0,0,21784
7919,2020-10-14 11:38:00,53.97,53.97,53.94,53.95,0,0,28121
7920,2020-10-14 11:39:00,53.95,53.95,53.9,53.93,0,0,23774
7921,2020-10-14 11:40:00,53.93,53.94,53.92,53.92,0,0,24613
7922,2020-10-14 11:41:00,53.92,53.92,53.89,53.9,0,0,28551
7923,2020-10-14 11:42:00,53.89,53.96,53.89,53.96,0,0,36903
7924,2020-10-14 11:43:00,53.96,53.99,53.96,53.98,0,0,20820
7925,2020-10-14 11:44:00,53.99,53.99,53.96,53.97,0,0,35614
7926,2020-10-14 11:45:00,53.97,53.97,53.86,53.87,0,0,50007
7927,2020-10-14 11:46:00,53.86,53.89,53.86,53.88,0,0,20079
7928,2020-10-14 11:47:00,53.87,53.87,53.8,53.8,0,0,55823
7929,2020-10-14 11:48:00,53.81,53.81,53.77,53.78,0,0,32760
7930,2020-10-14 11:49:00,53.78,53.79,53.76,53.77,0,0,18412
7931,2020-10-14 11:50:00,53.77,53.78,53.72,53.72,0,0,48715
7932,2020-10-14 11:51:00,53.74,53.74,53.68,53.69,0,0,45453
7933,2020-10-14 11:52:00,53.69,53.71,53.69,53.69,0,0,30886
7934,2020-10-14 11:53:00,53.69,53.7,53.66,53.66,0,0,16818
7935,2020-10-14 11:54:00,53.66,53.68,53.58,53.6,0,0,88083
7936,2020-10-14 11:55:00,53.6,53.63,53.6,53.62,0,0,15287
7937,2020-10-14 11:56:00,53.63,53.64,53.61,53.62,0,0,38360
7938,2020-10-14 11:57:00,53.62,53.63,53.6,53.6,0,0,29818
7939,2020-10-14 11:58:00,53.61,53.61,53.56,53.56,0,0,25694
7940,2020-10-14 11:59:00,53.56,53.61,53.55,53.6,0,0,29213
7941,2020-10-14 12:00:00,53.6,53.63,53.58,53.62,0,0,23962
7942,2020-10-14 12:01:00,53.62,53.66,53.6,53.66,0,0,37485
7943,2020-10-14 12:02:00,53.66,53.67,53.64,53.65,0,0,117316
7944,2020-10-14 12:03:00,53.65,53.66,53.64,53.65,0,0,30552
7945,2020-10-14 12:04:00,53.66,53.73,53.66,53.72,0,0,72301
7946,2020-10-14 12:05:00,53.71,53.73,53.69,53.72,0,0,32868
7947,2020-10-14 12:06:00,53.72,53.77,53.72,53.77,0,0,32724
7948,2020-10-14 12:07:00,53.77,53.77,53.75,53.77,0,0,18588
7949,2020-10-14 12:08:00,53.77,53.78,53.75,53.75,0,0,26458
7950,2020-10-14 12:09:00,53.75,53.77,53.74,53.76,0,0,17273
7951,2020-10-14 12:10:00,53.75,53.76,53.69,53.69,0,0,46911
7952,2020-10-14 12:11:00,53.71,53.73,53.7,53.73,0,0,22960
7953,2020-10-14 12:12:00,53.72,53.72,53.69,53.7,0,0,21207
7954,2020-10-14 12:13:00,53.7,53.7,53.67,53.69,0,0,26680
7955,2020-10-14 12:14:00,53.68,53.71,53.67,53.7,0,0,25840
7956,2020-10-14 12:15:00,53.7,53.73,53.67,53.7,0,0,28614
7957,2020-10-14 12:16:00,53.69,53.71,53.68,53.71,0,0,14200
7958,2020-10-14 12:17:00,53.7,53.71,53.67,53.68,0,0,13977
7959,2020-10-14 12:18:00,53.68,53.69,53.58,53.62,0,0,60237
7960,2020-10-14 12:19:00,53.62,53.63,53.56,53.6,0,0,46315
7961,2020-10-14 12:20:00,53.59,53.6,53.56,53.59,0,0,22727
7962,2020-10-14 12:21:00,53.59,53.59,53.56,53.58,0,0,19516
7963,2020-10-14 12:22:00,53.58,53.6,53.56,53.58,0,0,47360
7964,2020-10-14 12:23:00,53.59,53.6,53.57,53.58,0,0,24271
7965,2020-10-14 12:24:00,53.58,53.59,53.54,53.55,0,0,25974
7966,2020-10-14 12:25:00,53.55,53.61,53.55,53.61,0,0,24463
7967,2020-10-14 12:26:00,53.61,53.65,53.6,53.63,0,0,49826
7968,2020-10-14 12:27:00,53.64,53.66,53.62,53.66,0,0,18484
7969,2020-10-14 12:28:00,53.65,53.66,53.64,53.65,0,0,31331
7970,2020-10-14 12:29:00,53.65,53.67,53.62,53.62,0,0,16431
7971,2020-10-14 12:30:00,53.63,53.64,53.62,53.63,0,0,16576
7972,2020-10-14 12:31:00,53.63,53.71,53.63,53.71,0,0,31263
7973,2020-10-14 12:32:00,53.71,53.71,53.68,53.69,0,0,42073
7974,2020-10-14 12:33:00,53.69,53.69,53.68,53.68,0,0,6350
7975,2020-10-14 12:34:00,53.69,53.69,53.66,53.67,0,0,32813
7976,2020-10-14 12:35:00,53.67,53.68,53.64,53.68,0,0,41357
7977,2020-10-14 12:36:00,53.69,53.7,53.61,53.63,0,0,47241
7978,2020-10-14 12:37:00,53.62,53.62,53.59,53.59,0,0,32819
7979,2020-10-14 12:38:00,53.58,53.58,53.57,53.58,0,0,11654
7980,2020-10-14 12:39:00,53.58,53.68,53.58,53.67,0,0,36949
7981,2020-10-14 12:40:00,53.67,53.71,53.67,53.7,0,0,24420
7982,2020-10-14 12:41:00,53.7,53.7,53.65,53.69,0,0,19816
7983,2020-10-14 12:42:00,53.69,53.72,53.68,53.71,0,0,18963
7984,2020-10-14 12:43:00,53.71,53.72,53.68,53.72,0,0,18009
7985,2020-10-14 12:44:00,53.71,53.72,53.7,53.71,0,0,18350
7986,2020-10-14 12:45:00,53.7,53.7,53.66,53.69,0,0,34406
7987,2020-10-14 12:46:00,53.69,53.71,53.68,53.71,0,0,19227
7988,2020-10-14 12:47:00,53.7,53.7,53.68,53.69,0,0,15806
7989,2020-10-14 12:48:00,53.69,53.7,53.68,53.68,0,0,16416
7990,2020-10-14 12:49:00,53.68,53.69,53.67,53.69,0,0,10948
7991,2020-10-14 12:50:00,53.68,53.68,53.65,53.66,0,0,28316
7992,2020-10-14 12:51:00,53.65,53.67,53.63,53.65,0,0,19362
7993,2020-10-14 12:52:00,53.65,53.68,53.65,53.66,0,0,17263
7994,2020-10-14 12:53:00,53.65,53.67,53.65,53.67,0,0,45093
7995,2020-10-14 12:54:00,53.67,53.67,53.63,53.65,0,0,14736
7996,2020-10-14 12:55:00,53.65,53.73,53.65,53.71,0,0,27784
7997,2020-10-14 12:56:00,53.71,53.71,53.66,53.67,0,0,56819
7998,2020-10-14 12:57:00,53.67,53.69,53.64,53.64,0,0,29115
7999,2020-10-14 12:58:00,53.64,53.65,53.61,53.63,0,0,16075
8000,2020-10-14 12:59:00,53.63,53.68,53.63,53.64,0,0,28114
8001,2020-10-14 13:00:00,53.64,53.67,53.62,53.67,0,0,21336
8002,2020-10-14 13:01:00,53.68,53.7,53.67,53.69,0,0,28129
8003,2020-10-14 13:02:00,53.69,53.69,53.66,53.68,0,0,18697
8004,2020-10-14 13:03:00,53.68,53.68,53.67,53.67,0,0,26298
8005,2020-10-14 13:04:00,53.67,53.71,53.67,53.7,0,0,23835
8006,2020-10-14 13:05:00,53.7,53.71,53.68,53.69,0,0,17689
8007,2020-10-14 13:06:00,53.69,53.69,53.67,53.68,0,0,15117
8008,2020-10-14 13:07:00,53.68,53.69,53.65,53.65,0,0,31410
8009,2020-10-14 13:08:00,53.66,53.68,53.66,53.67,0,0,17250
8010,2020-10-14 13:09:00,53.67,53.69,53.65,53.66,0,0,15802
8011,2020-10-14 13:10:00,53.66,53.69,53.65,53.66,0,0,27656
8012,2020-10-14 13:11:00,53.66,53.66,53.62,53.65,0,0,20223
8013,2020-10-14 13:12:00,53.65,53.66,53.62,53.65,0,0,21184
8014,2020-10-14 13:13:00,53.65,53.66,53.63,53.64,0,0,11961
8015,2020-10-14 13:14:00,53.63,53.65,53.62,53.65,0,0,25138
8016,2020-10-14 13:15:00,53.64,53.65,53.63,53.65,0,0,22989
8017,2020-10-14 13:16:00,53.64,53.71,53.64,53.7,0,0,33052
8018,2020-10-14 13:17:00,53.71,53.71,53.65,53.67,0,0,28467
8019,2020-10-14 13:18:00,53.67,53.68,53.65,53.67,0,0,17595
8020,2020-10-14 13:19:00,53.67,53.67,53.63,53.64,0,0,19859
8021,2020-10-14 13:20:00,53.64,53.65,53.61,53.62,0,0,25130
8022,2020-10-14 13:21:00,53.62,53.63,53.6,53.6,0,0,24147
8023,2020-10-14 13:22:00,53.61,53.62,53.6,53.61,0,0,13728
8024,2020-10-14 13:23:00,53.6,53.62,53.59,53.59,0,0,44462
8025,2020-10-14 13:24:00,53.59,53.62,53.58,53.6,0,0,18946
8026,2020-10-14 13:25:00,53.6,53.63,53.59,53.63,0,0,16259
8027,2020-10-14 13:26:00,53.63,53.65,53.62,53.63,0,0,21124
8028,2020-10-14 13:27:00,53.64,53.64,53.62,53.64,0,0,21758
8029,2020-10-14 13:28:00,53.64,53.66,53.6,53.6,0,0,38512
8030,2020-10-14 13:29:00,53.6,53.62,53.58,53.6,0,0,24894
8031,2020-10-14 13:30:00,53.61,53.62,53.58,53.6,0,0,20838
8032,2020-10-14 13:31:00,53.6,53.61,53.58,53.58,0,0,22268
8033,2020-10-14 13:32:00,53.58,53.58,53.52,53.53,0,0,42182
8034,2020-10-14 13:33:00,53.53,53.54,53.52,53.54,0,0,24367
8035,2020-10-14 13:34:00,53.53,53.55,53.53,53.55,0,0,144127
8036,2020-10-14 13:35:00,53.55,53.57,53.54,53.54,0,0,62689
8037,2020-10-14 13:36:00,53.54,53.58,53.54,53.57,0,0,20560
8038,2020-10-14 13:37:00,53.57,53.57,53.53,53.53,0,0,56980
8039,2020-10-14 13:38:00,53.53,53.55,53.52,53.54,0,0,20816
8040,2020-10-14 13:39:00,53.54,53.56,53.53,53.56,0,0,26974
8041,2020-10-14 13:40:00,53.56,53.59,53.54,53.57,0,0,26610
8042,2020-10-14 13:41:00,53.57,53.58,53.56,53.57,0,0,12822
8043,2020-10-14 13:42:00,53.57,53.61,53.57,53.6,0,0,17241
8044,2020-10-14 13:43:00,53.6,53.62,53.6,53.61,0,0,20359
8045,2020-10-14 13:44:00,53.6,53.62,53.6,53.61,0,0,10514
8046,2020-10-14 13:45:00,53.62,53.64,53.62,53.63,0,0,23547
8047,2020-10-14 13:46:00,53.63,53.63,53.6,53.62,0,0,22409
8048,2020-10-14 13:47:00,53.62,53.64,53.61,53.63,0,0,30136
8049,2020-10-14 13:48:00,53.62,53.64,53.62,53.64,0,0,9524
8050,2020-10-14 13:49:00,53.65,53.7,53.65,53.69,0,0,29678
8051,2020-10-14 13:50:00,53.69,53.71,53.69,53.71,0,0,18137
8052,2020-10-14 13:51:00,53.7,53.71,53.69,53.69,0,0,18234
8053,2020-10-14 13:52:00,53.69,53.72,53.69,53.72,0,0,20706
8054,2020-10-14 13:53:00,53.72,53.74,53.72,53.73,0,0,27559
8055,2020-10-14 13:54:00,53.73,53.78,53.73,53.78,0,0,47784
8056,2020-10-14 13:55:00,53.78,53.8,53.76,53.76,0,0,33173
8057,2020-10-14 13:56:00,53.77,53.79,53.76,53.79,0,0,18849
8058,2020-10-14 13:57:00,53.79,53.79,53.77,53.77,0,0,26788
8059,2020-10-14 13:58:00,53.77,53.8,53.77,53.78,0,0,14295
8060,2020-10-14 13:59:00,53.79,53.8,53.78,53.78,0,0,16769
8061,2020-10-14 14:00:00,53.78,53.79,53.76,53.79,0,0,17021
8062,2020-10-14 14:01:00,53.79,53.79,53.75,53.78,0,0,20622
8063,2020-10-14 14:02:00,53.78,53.82,53.78,53.81,0,0,21393
8064,2020-10-14 14:03:00,53.81,53.82,53.77,53.78,0,0,30613
8065,2020-10-14 14:04:00,53.78,53.81,53.78,53.81,0,0,15830
8066,2020-10-14 14:05:00,53.81,53.84,53.81,53.83,0,0,47341
8067,2020-10-14 14:06:00,53.83,53.89,53.83,53.88,0,0,53140
8068,2020-10-14 14:07:00,53.88,53.89,53.85,53.85,0,0,67162
8069,2020-10-14 14:08:00,53.85,53.87,53.85,53.86,0,0,19347
8070,2020-10-14 14:09:00,53.87,53.88,53.86,53.87,0,0,22595
8071,2020-10-14 14:10:00,53.87,53.87,53.84,53.84,0,0,30754
8072,2020-10-14 14:11:00,53.85,53.86,53.83,53.84,0,0,22825
8073,2020-10-14 14:12:00,53.85,53.85,53.82,53.85,0,0,27578
8074,2020-10-14 14:13:00,53.85,53.89,53.84,53.87,0,0,24720
8075,2020-10-14 14:14:00,53.88,53.88,53.85,53.87,0,0,43097
8076,2020-10-14 14:15:00,53.87,53.88,53.85,53.87,0,0,25319
8077,2020-10-14 14:16:00,53.86,53.87,53.85,53.87,0,0,19282
8078,2020-10-14 14:17:00,53.86,53.87,53.82,53.83,0,0,39497
8079,2020-10-14 14:18:00,53.84,53.84,53.81,53.82,0,0,21319
8080,2020-10-14 14:19:00,53.83,53.84,53.81,53.82,0,0,37389
8081,2020-10-14 14:20:00,53.82,53.82,53.79,53.81,0,0,19878
8082,2020-10-14 14:21:00,53.82,53.83,53.81,53.83,0,0,11676
8083,2020-10-14 14:22:00,53.83,53.83,53.79,53.79,0,0,22809
8084,2020-10-14 14:23:00,53.8,53.8,53.78,53.79,0,0,29085
8085,2020-10-14 14:24:00,53.79,53.81,53.79,53.79,0,0,17931
8086,2020-10-14 14:25:00,53.79,53.8,53.76,53.79,0,0,44540
8087,2020-10-14 14:26:00,53.78,53.78,53.71,53.73,0,0,64603
8088,2020-10-14 14:27:00,53.73,53.75,53.72,53.73,0,0,28571
8089,2020-10-14 14:28:00,53.74,53.76,53.71,53.72,0,0,16483
8090,2020-10-14 14:29:00,53.72,53.76,53.72,53.75,0,0,19016
8091,2020-10-14 14:30:00,53.75,53.8,53.75,53.79,0,0,31858
8092,2020-10-14 14:31:00,53.79,53.8,53.74,53.74,0,0,34909
8093,2020-10-14 14:32:00,53.75,53.75,53.71,53.71,0,0,20171
8094,2020-10-14 14:33:00,53.71,53.71,53.69,53.7,0,0,30964
8095,2020-10-14 14:34:00,53.69,53.69,53.64,53.64,0,0,26350
8096,2020-10-14 14:35:00,53.65,53.7,53.64,53.65,0,0,100502
8097,2020-10-14 14:36:00,53.65,53.67,53.65,53.67,0,0,17905
8098,2020-10-14 14:37:00,53.66,53.66,53.63,53.64,0,0,24012
8099,2020-10-14 14:38:00,53.64,53.64,53.6,53.62,0,0,25284
8100,2020-10-14 14:39:00,53.62,53.64,53.61,53.63,0,0,23250
8101,2020-10-14 14:40:00,53.63,53.66,53.63,53.64,0,0,27816
8102,2020-10-14 14:41:00,53.64,53.71,53.62,53.67,0,0,70023
8103,2020-10-14 14:42:00,53.67,53.68,53.66,53.67,0,0,19495
8104,2020-10-14 14:43:00,53.68,53.68,53.64,53.64,0,0,29444
8105,2020-10-14 14:44:00,53.64,53.65,53.62,53.63,0,0,43903
8106,2020-10-14 14:45:00,53.63,53.63,53.59,53.6,0,0,48146
8107,2020-10-14 14:46:00,53.59,53.62,53.58,53.6,0,0,47196
8108,2020-10-14 14:47:00,53.6,53.6,53.58,53.6,0,0,38262
8109,2020-10-14 14:48:00,53.6,53.62,53.58,53.62,0,0,37684
8110,2020-10-14 14:49:00,53.61,53.64,53.6,53.63,0,0,58090
8111,2020-10-14 14:50:00,53.64,53.66,53.61,53.62,0,0,45773
8112,2020-10-14 14:51:00,53.61,53.62,53.58,53.6,0,0,44015
8113,2020-10-14 14:52:00,53.6,53.62,53.59,53.6,0,0,30255
8114,2020-10-14 14:53:00,53.6,53.61,53.57,53.61,0,0,35403
8115,2020-10-14 14:54:00,53.61,53.62,53.6,53.61,0,0,36147
8116,2020-10-14 14:55:00,53.62,53.64,53.61,53.64,0,0,32913
8117,2020-10-14 14:56:00,53.64,53.67,53.63,53.66,0,0,28016
8118,2020-10-14 14:57:00,53.67,53.67,53.63,53.64,0,0,28314
8119,2020-10-14 14:58:00,53.63,53.64,53.62,53.62,0,0,32160
8120,2020-10-14 14:59:00,53.62,53.64,53.62,53.62,0,0,22251
8121,2020-10-14 15:00:00,53.62,53.65,53.61,53.61,0,0,37061
8122,2020-10-14 15:01:00,53.62,53.62,53.57,53.57,0,0,45676
8123,2020-10-14 15:02:00,53.57,53.65,53.57,53.65,0,0,156774
8124,2020-10-14 15:03:00,53.66,53.67,53.65,53.67,0,0,58836
8125,2020-10-14 15:04:00,53.66,53.67,53.64,53.66,0,0,37610
8126,2020-10-14 15:05:00,53.65,53.69,53.65,53.68,0,0,25910
8127,2020-10-14 15:06:00,53.68,53.7,53.67,53.69,0,0,32490
8128,2020-10-14 15:07:00,53.69,53.71,53.69,53.71,0,0,86212
8129,2020-10-14 15:08:00,53.7,53.77,53.7,53.74,0,0,118689
8130,2020-10-14 15:09:00,53.74,53.74,53.69,53.69,0,0,35693
8131,2020-10-14 15:10:00,53.69,53.74,53.69,53.74,0,0,21925
8132,2020-10-14 15:11:00,53.75,53.77,53.74,53.76,0,0,52659
8133,2020-10-14 15:12:00,53.76,53.78,53.75,53.78,0,0,52984
8134,2020-10-14 15:13:00,53.77,53.78,53.75,53.76,0,0,40995
8135,2020-10-14 15:14:00,53.76,53.76,53.74,53.76,0,0,43702
8136,2020-10-14 15:15:00,53.77,53.77,53.73,53.74,0,0,24354
8137,2020-10-14 15:16:00,53.75,53.76,53.74,53.74,0,0,23879
8138,2020-10-14 15:17:00,53.74,53.75,53.72,53.72,0,0,32494
8139,2020-10-14 15:18:00,53.72,53.73,53.71,53.71,0,0,25361
8140,2020-10-14 15:19:00,53.71,53.73,53.7,53.72,0,0,75552
8141,2020-10-14 15:20:00,53.71,53.75,53.71,53.74,0,0,32461
8142,2020-10-14 15:21:00,53.74,53.75,53.72,53.74,0,0,57511
8143,2020-10-14 15:22:00,53.74,53.76,53.74,53.76,0,0,70985
8144,2020-10-14 15:23:00,53.75,53.76,53.75,53.76,0,0,18026
8145,2020-10-14 15:24:00,53.76,53.77,53.75,53.75,0,0,58280
8146,2020-10-14 15:25:00,53.75,53.76,53.73,53.74,0,0,77999
8147,2020-10-14 15:26:00,53.74,53.76,53.74,53.74,0,0,26763
8148,2020-10-14 15:27:00,53.75,53.77,53.75,53.76,0,0,35671
8149,2020-10-14 15:28:00,53.76,53.76,53.73,53.74,0,0,20513
8150,2020-10-14 15:29:00,53.75,53.76,53.74,53.74,0,0,17091
8151,2020-10-14 15:30:00,53.75,53.75,53.72,53.74,0,0,238993
8152,2020-10-14 15:31:00,53.73,53.79,53.73,53.79,0,0,61484
8153,2020-10-14 15:32:00,53.78,53.85,53.78,53.85,0,0,52339
8154,2020-10-14 15:33:00,53.85,53.85,53.81,53.81,0,0,29198
8155,2020-10-14 15:34:00,53.81,53.85,53.81,53.84,0,0,42681
8156,2020-10-14 15:35:00,53.85,53.86,53.83,53.83,0,0,60286
8157,2020-10-14 15:36:00,53.84,53.84,53.82,53.83,0,0,26846
8158,2020-10-14 15:37:00,53.83,53.83,53.81,53.81,0,0,21300
8159,2020-10-14 15:38:00,53.81,53.81,53.76,53.78,0,0,84174
8160,2020-10-14 15:39:00,53.78,53.78,53.76,53.77,0,0,25764
8161,2020-10-14 15:40:00,53.77,53.81,53.77,53.81,0,0,91961
8162,2020-10-14 15:41:00,53.81,53.81,53.78,53.79,0,0,29040
8163,2020-10-14 15:42:00,53.79,53.79,53.74,53.74,0,0,41836
8164,2020-10-14 15:43:00,53.75,53.77,53.74,53.76,0,0,58471
8165,2020-10-14 15:44:00,53.76,53.78,53.75,53.75,0,0,32256
8166,2020-10-14 15:45:00,53.76,53.78,53.74,53.78,0,0,56189
8167,2020-10-14 15:46:00,53.78,53.78,53.72,53.72,0,0,43333
8168,2020-10-14 15:47:00,53.72,53.74,53.67,53.7,0,0,79453
8169,2020-10-14 15:48:00,53.7,53.72,53.69,53.69,0,0,50388
8170,2020-10-14 15:49:00,53.69,53.72,53.69,53.71,0,0,50913
8171,2020-10-14 15:50:00,53.7,53.76,53.67,53.75,0,0,159440
8172,2020-10-14 15:51:00,53.76,53.76,53.71,53.73,0,0,90580
8173,2020-10-14 15:52:00,53.73,53.73,53.71,53.72,0,0,59715
8174,2020-10-14 15:53:00,53.71,53.71,53.65,53.65,0,0,231443
8175,2020-10-14 15:54:00,53.66,53.67,53.63,53.65,0,0,143230
8176,2020-10-14 15:55:00,53.66,53.69,53.62,53.63,0,0,158672
8177,2020-10-14 15:56:00,53.63,53.65,53.61,53.62,0,0,158306
8178,2020-10-14 15:57:00,53.62,53.63,53.6,53.6,0,0,212183
8179,2020-10-14 15:58:00,53.6,53.62,53.58,53.59,0,0,284371
8180,2020-10-14 15:59:00,53.6,53.6,53.51,53.54,0,0,656386
8181,2020-10-15 09:30:00,52.75,52.83,52.62,52.72,0,0,848669
8182,2020-10-15 09:31:00,52.72,52.92,52.7,52.83,0,0,113776
8183,2020-10-15 09:32:00,52.84,52.98,52.82,52.94,0,0,57342
8184,2020-10-15 09:33:00,52.95,52.95,52.83,52.88,0,0,103312
8185,2020-10-15 09:34:00,52.87,52.94,52.86,52.89,0,0,73958
8186,2020-10-15 09:35:00,52.9,52.96,52.9,52.92,0,0,73961
8187,2020-10-15 09:36:00,52.92,52.96,52.88,52.91,0,0,79521
8188,2020-10-15 09:37:00,52.92,52.94,52.89,52.94,0,0,68185
8189,2020-10-15 09:38:00,52.93,52.93,52.83,52.85,0,0,84485
8190,2020-10-15 09:39:00,52.85,52.88,52.8,52.83,0,0,73537
8191,2020-10-15 09:40:00,52.82,52.89,52.79,52.79,0,0,68992
8192,2020-10-15 09:41:00,52.79,52.89,52.77,52.84,0,0,64497
8193,2020-10-15 09:42:00,52.88,52.9,52.85,52.88,0,0,52518
8194,2020-10-15 09:43:00,52.88,52.92,52.86,52.89,0,0,69363
8195,2020-10-15 09:44:00,52.92,52.95,52.9,52.94,0,0,65899
8196,2020-10-15 09:45:00,52.97,53.01,52.96,53.01,0,0,110422
8197,2020-10-15 09:46:00,53.01,53.05,52.97,53.0,0,0,67304
8198,2020-10-15 09:47:00,53.0,53.03,52.97,53.03,0,0,64375
8199,2020-10-15 09:48:00,53.06,53.06,53.06,53.06,0,0,45188
8200,2020-10-15 09:49:00,53.06,53.09,53.03,53.03,0,0,50847
8201,2020-10-15 09:50:00,53.0,53.03,53.0,53.03,0,0,36380
8202,2020-10-15 09:51:00,53.08,53.09,53.06,53.06,0,0,77764
8203,2020-10-15 09:52:00,53.06,53.06,53.02,53.03,0,0,40282
8204,2020-10-15 09:53:00,53.03,53.03,53.01,53.01,0,0,48487
8205,2020-10-15 09:54:00,53.01,53.01,52.99,53.0,0,0,70854
8206,2020-10-15 09:55:00,53.01,53.03,52.99,53.03,0,0,40816
8207,2020-10-15 09:56:00,53.01,53.02,53.01,53.01,0,0,55213
8208,2020-10-15 09:57:00,53.01,53.04,52.96,53.04,0,0,46529
8209,2020-10-15 09:58:00,53.04,53.04,53.03,53.03,0,0,32102
8210,2020-10-15 09:59:00,53.03,53.04,53.03,53.03,0,0,31033
8211,2020-10-15 10:00:00,53.05,53.09,53.01,53.08,0,0,69687
8212,2020-10-15 10:01:00,53.08,53.1,53.06,53.06,0,0,52686
8213,2020-10-15 10:02:00,53.06,53.12,53.06,53.12,0,0,56788
8214,2020-10-15 10:03:00,53.13,53.17,53.13,53.17,0,0,42029
8215,2020-10-15 10:04:00,53.16,53.18,53.13,53.14,0,0,58155
8216,2020-10-15 10:05:00,53.13,53.2,53.12,53.15,0,0,59189
8217,2020-10-15 10:06:00,53.15,53.15,53.1,53.1,0,0,25703
8218,2020-10-15 10:07:00,53.11,53.16,53.06,53.06,0,0,72210
8219,2020-10-15 10:08:00,53.06,53.08,53.03,53.03,0,0,50016
8220,2020-10-15 10:09:00,53.03,53.04,53.0,53.01,0,0,50242
8221,2020-10-15 10:10:00,53.01,53.02,53.0,53.0,0,0,37466
8222,2020-10-15 10:11:00,53.0,53.0,52.95,52.97,0,0,73783
8223,2020-10-15 10:12:00,52.97,52.97,52.91,52.95,0,0,82643
8224,2020-10-15 10:13:00,52.95,52.96,52.91,52.93,0,0,57400
8225,2020-10-15 10:14:00,52.93,52.95,52.88,52.91,0,0,91872
8226,2020-10-15 10:15:00,52.91,52.94,52.88,52.94,0,0,39435
8227,2020-10-15 10:16:00,52.94,53.0,52.94,52.97,0,0,34219
8228,2020-10-15 10:17:00,52.97,53.07,52.96,53.06,0,0,38556
8229,2020-10-15 10:18:00,53.06,53.1,53.05,53.07,0,0,32253
8230,2020-10-15 10:19:00,53.08,53.08,53.06,53.08,0,0,45504
8231,2020-10-15 10:20:00,53.08,53.08,53.04,53.06,0,0,41140
8232,2020-10-15 10:21:00,53.07,53.07,53.03,53.03,0,0,18474
8233,2020-10-15 10:22:00,53.03,53.06,53.0,53.01,0,0,23352
8234,2020-10-15 10:23:00,53.0,53.04,52.99,53.03,0,0,47009
8235,2020-10-15 10:24:00,53.04,53.09,53.03,53.08,0,0,40469
8236,2020-10-15 10:25:00,53.08,53.08,53.03,53.04,0,0,33139
8237,2020-10-15 10:26:00,53.05,53.05,53.0,53.04,0,0,44756
8238,2020-10-15 10:27:00,53.04,53.04,52.99,53.01,0,0,47293
8239,2020-10-15 10:28:00,53.01,53.06,53.0,53.05,0,0,43039
8240,2020-10-15 10:29:00,53.05,53.06,53.02,53.03,0,0,25453
8241,2020-10-15 10:30:00,53.03,53.04,52.96,53.0,0,0,48262
8242,2020-10-15 10:31:00,53.01,53.03,53.0,53.03,0,0,17360
8243,2020-10-15 10:32:00,53.03,53.08,53.01,53.02,0,0,76642
8244,2020-10-15 10:33:00,53.03,53.03,52.99,53.02,0,0,35704
8245,2020-10-15 10:34:00,53.02,53.05,52.98,53.05,0,0,25866
8246,2020-10-15 10:35:00,53.06,53.06,53.01,53.02,0,0,19688
8247,2020-10-15 10:36:00,53.03,53.03,52.99,53.02,0,0,36811
8248,2020-10-15 10:37:00,53.03,53.03,53.01,53.01,0,0,17147
8249,2020-10-15 10:38:00,53.02,53.11,53.01,53.08,0,0,67619
8250,2020-10-15 10:39:00,53.08,53.1,53.05,53.1,0,0,33958
8251,2020-10-15 10:40:00,53.09,53.14,53.08,53.13,0,0,49675
8252,2020-10-15 10:41:00,53.13,53.14,53.1,53.11,0,0,30260
8253,2020-10-15 10:42:00,53.11,53.12,53.1,53.1,0,0,15988
8254,2020-10-15 10:43:00,53.1,53.11,53.03,53.08,0,0,58903
8255,2020-10-15 10:44:00,53.08,53.13,53.08,53.11,0,0,73199
8256,2020-10-15 10:45:00,53.12,53.12,53.06,53.12,0,0,53529
8257,2020-10-15 10:46:00,53.11,53.15,53.1,53.13,0,0,24656
8258,2020-10-15 10:47:00,53.13,53.19,53.12,53.18,0,0,31474
8259,2020-10-15 10:48:00,53.17,53.22,53.17,53.19,0,0,40558
8260,2020-10-15 10:49:00,53.19,53.19,53.14,53.17,0,0,40915
8261,2020-10-15 10:50:00,53.17,53.21,53.16,53.2,0,0,18826
8262,2020-10-15 10:51:00,53.2,53.23,53.19,53.23,0,0,16795
8263,2020-10-15 10:52:00,53.23,53.24,53.22,53.22,0,0,20390
8264,2020-10-15 10:53:00,53.21,53.24,53.19,53.22,0,0,38673
8265,2020-10-15 10:54:00,53.22,53.22,53.17,53.19,0,0,24408
8266,2020-10-15 10:55:00,53.19,53.2,53.15,53.19,0,0,42028
8267,2020-10-15 10:56:00,53.18,53.24,53.16,53.23,0,0,41262
8268,2020-10-15 10:57:00,53.23,53.25,53.22,53.24,0,0,19598
8269,2020-10-15 10:58:00,53.25,53.36,53.25,53.34,0,0,75747
8270,2020-10-15 10:59:00,53.34,53.34,53.29,53.3,0,0,33773
8271,2020-10-15 11:00:00,53.31,53.32,53.3,53.32,0,0,38552
8272,2020-10-15 11:01:00,53.31,53.33,53.28,53.29,0,0,21943
8273,2020-10-15 11:02:00,53.28,53.28,53.21,53.22,0,0,44134
8274,2020-10-15 11:03:00,53.21,53.21,53.13,53.2,0,0,59947
8275,2020-10-15 11:04:00,53.2,53.22,53.19,53.21,0,0,23114
8276,2020-10-15 11:05:00,53.22,53.24,53.21,53.23,0,0,24052
8277,2020-10-15 11:06:00,53.22,53.28,53.22,53.28,0,0,31854
8278,2020-10-15 11:07:00,53.29,53.34,53.28,53.33,0,0,52442
8279,2020-10-15 11:08:00,53.34,53.37,53.33,53.37,0,0,51533
8280,2020-10-15 11:09:00,53.37,53.39,53.35,53.35,0,0,32347
8281,2020-10-15 11:10:00,53.35,53.36,53.31,53.36,0,0,31756
8282,2020-10-15 11:11:00,53.35,53.36,53.31,53.31,0,0,51973
8283,2020-10-15 11:12:00,53.33,53.34,53.31,53.31,0,0,16241
8284,2020-10-15 11:13:00,53.31,53.34,53.3,53.31,0,0,23659
8285,2020-10-15 11:14:00,53.3,53.31,53.29,53.31,0,0,13139
8286,2020-10-15 11:15:00,53.32,53.38,53.32,53.38,0,0,24229
8287,2020-10-15 11:16:00,53.38,53.4,53.37,53.39,0,0,29772
8288,2020-10-15 11:17:00,53.39,53.4,53.36,53.36,0,0,36944
8289,2020-10-15 11:18:00,53.37,53.49,53.37,53.49,0,0,81711
8290,2020-10-15 11:19:00,53.49,53.5,53.46,53.47,0,0,62896
8291,2020-10-15 11:20:00,53.47,53.48,53.45,53.46,0,0,28856
8292,2020-10-15 11:21:00,53.46,53.48,53.45,53.48,0,0,20283
8293,2020-10-15 11:22:00,53.49,53.52,53.49,53.51,0,0,53528
8294,2020-10-15 11:23:00,53.51,53.51,53.48,53.48,0,0,22917
8295,2020-10-15 11:24:00,53.48,53.48,53.42,53.43,0,0,22899
8296,2020-10-15 11:25:00,53.43,53.44,53.38,53.38,0,0,31817
8297,2020-10-15 11:26:00,53.39,53.41,53.38,53.38,0,0,31732
8298,2020-10-15 11:27:00,53.38,53.39,53.37,53.38,0,0,38932
8299,2020-10-15 11:28:00,53.38,53.38,53.37,53.38,0,0,29416
8300,2020-10-15 11:29:00,53.38,53.38,53.35,53.35,0,0,37448
8301,2020-10-15 11:30:00,53.35,53.37,53.33,53.37,0,0,38355
8302,2020-10-15 11:31:00,53.38,53.39,53.36,53.38,0,0,28439
8303,2020-10-15 11:32:00,53.39,53.4,53.37,53.39,0,0,29733
8304,2020-10-15 11:33:00,53.4,53.43,53.39,53.41,0,0,36209
8305,2020-10-15 11:34:00,53.42,53.42,53.35,53.36,0,0,22696
8306,2020-10-15 11:35:00,53.37,53.41,53.35,53.35,0,0,22181
8307,2020-10-15 11:36:00,53.36,53.37,53.35,53.36,0,0,22386
8308,2020-10-15 11:37:00,53.36,53.4,53.36,53.37,0,0,26637
8309,2020-10-15 11:38:00,53.37,53.38,53.35,53.37,0,0,13109
8310,2020-10-15 11:39:00,53.38,53.42,53.38,53.42,0,0,17921
8311,2020-10-15 11:40:00,53.43,53.48,53.42,53.47,0,0,35300
8312,2020-10-15 11:41:00,53.47,53.47,53.44,53.44,0,0,27462
8313,2020-10-15 11:42:00,53.43,53.44,53.41,53.41,0,0,7915
8314,2020-10-15 11:43:00,53.42,53.43,53.4,53.4,0,0,17907
8315,2020-10-15 11:44:00,53.4,53.41,53.37,53.38,0,0,17234
8316,2020-10-15 11:45:00,53.38,53.41,53.38,53.38,0,0,24585
8317,2020-10-15 11:46:00,53.38,53.4,53.36,53.36,0,0,29670
8318,2020-10-15 11:47:00,53.36,53.38,53.34,53.35,0,0,25476
8319,2020-10-15 11:48:00,53.35,53.35,53.33,53.34,0,0,15320
8320,2020-10-15 11:49:00,53.35,53.35,53.31,53.33,0,0,28179
8321,2020-10-15 11:50:00,53.34,53.38,53.33,53.38,0,0,21045
8322,2020-10-15 11:51:00,53.38,53.38,53.25,53.34,0,0,131394
8323,2020-10-15 11:52:00,53.34,53.42,53.34,53.38,0,0,62981
8324,2020-10-15 11:53:00,53.37,53.38,53.32,53.33,0,0,19982
8325,2020-10-15 11:54:00,53.33,53.35,53.32,53.33,0,0,21901
8326,2020-10-15 11:55:00,53.31,53.38,53.31,53.35,0,0,23868
8327,2020-10-15 11:56:00,53.35,53.35,53.31,53.31,0,0,28678
8328,2020-10-15 11:57:00,53.32,53.36,53.32,53.34,0,0,17059
8329,2020-10-15 11:58:00,53.35,53.37,53.33,53.35,0,0,25969
8330,2020-10-15 11:59:00,53.35,53.37,53.35,53.35,0,0,16242
8331,2020-10-15 12:00:00,53.35,53.37,53.31,53.37,0,0,28963
8332,2020-10-15 12:01:00,53.37,53.39,53.36,53.38,0,0,26277
8333,2020-10-15 12:02:00,53.38,53.38,53.33,53.34,0,0,17828
8334,2020-10-15 12:03:00,53.35,53.38,53.33,53.36,0,0,15423
8335,2020-10-15 12:04:00,53.37,53.38,53.34,53.34,0,0,28265
8336,2020-10-15 12:05:00,53.35,53.38,53.34,53.36,0,0,45985
8337,2020-10-15 12:06:00,53.36,53.36,53.33,53.33,0,0,27234
8338,2020-10-15 12:07:00,53.33,53.36,53.31,53.33,0,0,25655
8339,2020-10-15 12:08:00,53.32,53.35,53.31,53.31,0,0,21744
8340,2020-10-15 12:09:00,53.32,53.33,53.31,53.33,0,0,25640
8341,2020-10-15 12:10:00,53.33,53.34,53.31,53.31,0,0,25426
8342,2020-10-15 12:11:00,53.32,53.35,53.31,53.33,0,0,32057
8343,2020-10-15 12:12:00,53.33,53.33,53.28,53.31,0,0,37791
8344,2020-10-15 12:13:00,53.31,53.31,53.26,53.27,0,0,10772
8345,2020-10-15 12:14:00,53.27,53.27,53.24,53.26,0,0,28838
8346,2020-10-15 12:15:00,53.26,53.28,53.26,53.27,0,0,29321
8347,2020-10-15 12:16:00,53.27,53.29,53.27,53.28,0,0,11058
8348,2020-10-15 12:17:00,53.28,53.31,53.28,53.29,0,0,32101
8349,2020-10-15 12:18:00,53.29,53.29,53.27,53.28,0,0,17186
8350,2020-10-15 12:19:00,53.29,53.32,53.27,53.32,0,0,15753
8351,2020-10-15 12:20:00,53.32,53.33,53.3,53.31,0,0,33636
8352,2020-10-15 12:21:00,53.31,53.31,53.25,53.25,0,0,27193
8353,2020-10-15 12:22:00,53.25,53.26,53.21,53.21,0,0,30065
8354,2020-10-15 12:23:00,53.2,53.24,53.2,53.24,0,0,50983
8355,2020-10-15 12:24:00,53.23,53.26,53.21,53.26,0,0,76504
8356,2020-10-15 12:25:00,53.26,53.3,53.26,53.29,0,0,22212
8357,2020-10-15 12:26:00,53.29,53.31,53.25,53.25,0,0,71659
8358,2020-10-15 12:27:00,53.25,53.28,53.24,53.25,0,0,17282
8359,2020-10-15 12:28:00,53.25,53.28,53.25,53.28,0,0,15494
8360,2020-10-15 12:29:00,53.28,53.28,53.26,53.26,0,0,10755
8361,2020-10-15 12:30:00,53.26,53.3,53.25,53.28,0,0,32138
8362,2020-10-15 12:31:00,53.28,53.3,53.28,53.3,0,0,8052
8363,2020-10-15 12:32:00,53.29,53.29,53.27,53.28,0,0,12994
8364,2020-10-15 12:33:00,53.27,53.27,53.24,53.26,0,0,23140
8365,2020-10-15 12:34:00,53.26,53.29,53.25,53.26,0,0,29653
8366,2020-10-15 12:35:00,53.27,53.29,53.27,53.28,0,0,15193
8367,2020-10-15 12:36:00,53.29,53.29,53.26,53.27,0,0,21374
8368,2020-10-15 12:37:00,53.27,53.29,53.26,53.26,0,0,21755
8369,2020-10-15 12:38:00,53.26,53.28,53.26,53.27,0,0,16791
8370,2020-10-15 12:39:00,53.26,53.28,53.26,53.27,0,0,16274
8371,2020-10-15 12:40:00,53.27,53.31,53.27,53.31,0,0,27051
8372,2020-10-15 12:41:00,53.31,53.33,53.31,53.32,0,0,9614
8373,2020-10-15 12:42:00,53.32,53.36,53.32,53.35,0,0,12228
8374,2020-10-15 12:43:00,53.35,53.36,53.33,53.33,0,0,21127
8375,2020-10-15 12:44:00,53.33,53.33,53.26,53.27,0,0,36941
8376,2020-10-15 12:45:00,53.27,53.28,53.22,53.23,0,0,71991
8377,2020-10-15 12:46:00,53.24,53.26,53.23,53.26,0,0,16645
8378,2020-10-15 12:47:00,53.26,53.31,53.26,53.31,0,0,31613
8379,2020-10-15 12:48:00,53.3,53.34,53.3,53.33,0,0,27899
8380,2020-10-15 12:49:00,53.33,53.33,53.31,53.31,0,0,24225
8381,2020-10-15 12:50:00,53.31,53.32,53.28,53.29,0,0,27237
8382,2020-10-15 12:51:00,53.3,53.32,53.29,53.3,0,0,13168
8383,2020-10-15 12:52:00,53.3,53.4,53.3,53.39,0,0,83238
8384,2020-10-15 12:53:00,53.38,53.39,53.35,53.36,0,0,19698
8385,2020-10-15 12:54:00,53.37,53.39,53.36,53.39,0,0,5161
8386,2020-10-15 12:55:00,53.38,53.45,53.37,53.44,0,0,24403
8387,2020-10-15 12:56:00,53.43,53.46,53.42,53.44,0,0,26148
8388,2020-10-15 12:57:00,53.44,53.44,53.41,53.42,0,0,28971
8389,2020-10-15 12:58:00,53.42,53.45,53.42,53.43,0,0,20068
8390,2020-10-15 12:59:00,53.42,53.45,53.41,53.44,0,0,8899
8391,2020-10-15 13:00:00,53.44,53.47,53.44,53.46,0,0,19531
8392,2020-10-15 13:01:00,53.46,53.47,53.45,53.46,0,0,17850
8393,2020-10-15 13:02:00,53.46,53.46,53.45,53.45,0,0,5699
8394,2020-10-15 13:03:00,53.46,53.46,53.43,53.43,0,0,11790
8395,2020-10-15 13:04:00,53.44,53.44,53.42,53.42,0,0,21452
8396,2020-10-15 13:05:00,53.41,53.45,53.41,53.44,0,0,35478
8397,2020-10-15 13:06:00,53.44,53.45,53.43,53.44,0,0,21104
8398,2020-10-15 13:07:00,53.45,53.46,53.44,53.46,0,0,7070
8399,2020-10-15 13:08:00,53.46,53.47,53.44,53.47,0,0,32002
8400,2020-10-15 13:09:00,53.47,53.47,53.45,53.47,0,0,21214
8401,2020-10-15 13:10:00,53.47,53.49,53.46,53.47,0,0,28542
8402,2020-10-15 13:11:00,53.47,53.5,53.46,53.49,0,0,22525
8403,2020-10-15 13:12:00,53.5,53.53,53.49,53.53,0,0,29185
8404,2020-10-15 13:13:00,53.53,53.53,53.52,53.53,0,0,10652
8405,2020-10-15 13:14:00,53.53,53.53,53.51,53.53,0,0,19690
8406,2020-10-15 13:15:00,53.52,53.53,53.5,53.53,0,0,32586
8407,2020-10-15 13:16:00,53.53,53.57,53.53,53.54,0,0,53338
8408,2020-10-15 13:17:00,53.54,53.54,53.47,53.47,0,0,30292
8409,2020-10-15 13:18:00,53.46,53.46,53.41,53.44,0,0,47745
8410,2020-10-15 13:19:00,53.44,53.49,53.44,53.47,0,0,51054
8411,2020-10-15 13:20:00,53.47,53.47,53.42,53.42,0,0,26171
8412,2020-10-15 13:21:00,53.42,53.43,53.4,53.42,0,0,15911
8413,2020-10-15 13:22:00,53.41,53.41,53.4,53.41,0,0,16833
8414,2020-10-15 13:23:00,53.42,53.44,53.4,53.44,0,0,31731
8415,2020-10-15 13:24:00,53.43,53.44,53.4,53.4,0,0,41623
8416,2020-10-15 13:25:00,53.4,53.44,53.4,53.43,0,0,33823
8417,2020-10-15 13:26:00,53.44,53.46,53.42,53.46,0,0,11861
8418,2020-10-15 13:27:00,53.46,53.53,53.46,53.5,0,0,56332
8419,2020-10-15 13:28:00,53.5,53.5,53.45,53.49,0,0,26290
8420,2020-10-15 13:29:00,53.48,53.49,53.47,53.48,0,0,16699
8421,2020-10-15 13:30:00,53.48,53.49,53.47,53.47,0,0,14819
8422,2020-10-15 13:31:00,53.48,53.52,53.47,53.5,0,0,19589
8423,2020-10-15 13:32:00,53.5,53.52,53.5,53.51,0,0,20251
8424,2020-10-15 13:33:00,53.51,53.51,53.49,53.49,0,0,10292
8425,2020-10-15 13:34:00,53.5,53.51,53.49,53.51,0,0,10515
8426,2020-10-15 13:35:00,53.51,53.58,53.51,53.56,0,0,31410
8427,2020-10-15 13:36:00,53.56,53.58,53.54,53.55,0,0,37146
8428,2020-10-15 13:37:00,53.55,53.55,53.52,53.54,0,0,12434
8429,2020-10-15 13:38:00,53.53,53.53,53.52,53.53,0,0,6877
8430,2020-10-15 13:39:00,53.53,53.55,53.52,53.54,0,0,20860
8431,2020-10-15 13:40:00,53.55,53.58,53.54,53.56,0,0,19675
8432,2020-10-15 13:41:00,53.57,53.58,53.56,53.57,0,0,43672
8433,2020-10-15 13:42:00,53.57,53.57,53.51,53.54,0,0,25336
8434,2020-10-15 13:43:00,53.53,53.56,53.53,53.53,0,0,18579
8435,2020-10-15 13:44:00,53.53,53.6,53.53,53.59,0,0,27402
8436,2020-10-15 13:45:00,53.59,53.6,53.58,53.58,0,0,18108
8437,2020-10-15 13:46:00,53.58,53.58,53.56,53.56,0,0,13794
8438,2020-10-15 13:47:00,53.56,53.57,53.55,53.56,0,0,22726
8439,2020-10-15 13:48:00,53.56,53.57,53.54,53.55,0,0,10177
8440,2020-10-15 13:49:00,53.55,53.56,53.53,53.55,0,0,19694
8441,2020-10-15 13:50:00,53.56,53.56,53.53,53.56,0,0,16243
8442,2020-10-15 13:51:00,53.56,53.57,53.56,53.56,0,0,10142
8443,2020-10-15 13:52:00,53.55,53.56,53.54,53.55,0,0,7853
8444,2020-10-15 13:53:00,53.55,53.57,53.54,53.56,0,0,27884
8445,2020-10-15 13:54:00,53.56,53.57,53.53,53.54,0,0,31147
8446,2020-10-15 13:55:00,53.54,53.56,53.53,53.55,0,0,15253
8447,2020-10-15 13:56:00,53.55,53.56,53.54,53.55,0,0,19036
8448,2020-10-15 13:57:00,53.55,53.56,53.54,53.54,0,0,5131
8449,2020-10-15 13:58:00,53.55,53.56,53.54,53.56,0,0,12346
8450,2020-10-15 13:59:00,53.56,53.57,53.56,53.56,0,0,4960
8451,2020-10-15 14:00:00,53.56,53.6,53.56,53.6,0,0,29913
8452,2020-10-15 14:01:00,53.6,53.62,53.6,53.62,0,0,32174
8453,2020-10-15 14:02:00,53.62,53.64,53.62,53.63,0,0,27946
8454,2020-10-15 14:03:00,53.63,53.64,53.61,53.62,0,0,14504
8455,2020-10-15 14:04:00,53.62,53.64,53.62,53.62,0,0,23941
8456,2020-10-15 14:05:00,53.62,53.62,53.61,53.62,0,0,10586
8457,2020-10-15 14:06:00,53.62,53.62,53.61,53.62,0,0,5794
8458,2020-10-15 14:07:00,53.62,53.65,53.62,53.64,0,0,28545
8459,2020-10-15 14:08:00,53.63,53.65,53.62,53.63,0,0,40273
8460,2020-10-15 14:09:00,53.63,53.65,53.63,53.64,0,0,6869
8461,2020-10-15 14:10:00,53.64,53.64,53.61,53.62,0,0,23830
8462,2020-10-15 14:11:00,53.61,53.61,53.59,53.6,0,0,21103
8463,2020-10-15 14:12:00,53.6,53.64,53.6,53.64,0,0,16621
8464,2020-10-15 14:13:00,53.64,53.66,53.63,53.65,0,0,19245
8465,2020-10-15 14:14:00,53.66,53.72,53.65,53.69,0,0,56865
8466,2020-10-15 14:15:00,53.69,53.71,53.67,53.69,0,0,26927
8467,2020-10-15 14:16:00,53.69,53.7,53.68,53.69,0,0,16763
8468,2020-10-15 14:17:00,53.69,53.7,53.67,53.69,0,0,21813
8469,2020-10-15 14:18:00,53.68,53.7,53.66,53.69,0,0,28113
8470,2020-10-15 14:19:00,53.69,53.69,53.67,53.68,0,0,19513
8471,2020-10-15 14:20:00,53.68,53.69,53.67,53.67,0,0,13221
8472,2020-10-15 14:21:00,53.67,53.67,53.65,53.67,0,0,10588
8473,2020-10-15 14:22:00,53.67,53.68,53.65,53.67,0,0,14465
8474,2020-10-15 14:23:00,53.67,53.68,53.66,53.66,0,0,11820
8475,2020-10-15 14:24:00,53.66,53.67,53.64,53.65,0,0,21778
8476,2020-10-15 14:25:00,53.65,53.65,53.63,53.63,0,0,22635
8477,2020-10-15 14:26:00,53.64,53.67,53.63,53.65,0,0,24398
8478,2020-10-15 14:27:00,53.66,53.67,53.65,53.66,0,0,15330
8479,2020-10-15 14:28:00,53.67,53.68,53.65,53.66,0,0,19608
8480,2020-10-15 14:29:00,53.66,53.69,53.64,53.68,0,0,20391
8481,2020-10-15 14:30:00,53.68,53.69,53.66,53.69,0,0,17772
8482,2020-10-15 14:31:00,53.69,53.71,53.69,53.7,0,0,14665
8483,2020-10-15 14:32:00,53.7,53.72,53.7,53.71,0,0,17530
8484,2020-10-15 14:33:00,53.71,53.73,53.71,53.72,0,0,11749
8485,2020-10-15 14:34:00,53.72,53.74,53.72,53.72,0,0,39958
8486,2020-10-15 14:35:00,53.72,53.72,53.66,53.67,0,0,38017
8487,2020-10-15 14:36:00,53.67,53.69,53.65,53.66,0,0,26758
8488,2020-10-15 14:37:00,53.66,53.66,53.65,53.65,0,0,21217
8489,2020-10-15 14:38:00,53.65,53.68,53.65,53.65,0,0,31729
8490,2020-10-15 14:39:00,53.65,53.65,53.62,53.63,0,0,26528
8491,2020-10-15 14:40:00,53.64,53.65,53.61,53.62,0,0,34913
8492,2020-10-15 14:41:00,53.62,53.65,53.62,53.63,0,0,18075
8493,2020-10-15 14:42:00,53.63,53.64,53.62,53.63,0,0,6800
8494,2020-10-15 14:43:00,53.63,53.66,53.63,53.64,0,0,30647
8495,2020-10-15 14:44:00,53.64,53.65,53.62,53.62,0,0,18942
8496,2020-10-15 14:45:00,53.62,53.65,53.62,53.64,0,0,28494
8497,2020-10-15 14:46:00,53.63,53.65,53.63,53.64,0,0,18860
8498,2020-10-15 14:47:00,53.65,53.65,53.62,53.64,0,0,31784
8499,2020-10-15 14:48:00,53.64,53.66,53.63,53.66,0,0,22610
8500,2020-10-15 14:49:00,53.66,53.67,53.65,53.67,0,0,16979
8501,2020-10-15 14:50:00,53.67,53.7,53.67,53.69,0,0,35733
8502,2020-10-15 14:51:00,53.7,53.72,53.69,53.72,0,0,35806
8503,2020-10-15 14:52:00,53.72,53.77,53.72,53.75,0,0,41543
8504,2020-10-15 14:53:00,53.75,53.76,53.73,53.74,0,0,22201
8505,2020-10-15 14:54:00,53.74,53.75,53.73,53.74,0,0,16005
8506,2020-10-15 14:55:00,53.74,53.77,53.73,53.76,0,0,29397
8507,2020-10-15 14:56:00,53.75,53.78,53.75,53.78,0,0,24453
8508,2020-10-15 14:57:00,53.77,53.79,53.76,53.78,0,0,38052
8509,2020-10-15 14:58:00,53.78,53.79,53.77,53.78,0,0,37772
8510,2020-10-15 14:59:00,53.78,53.8,53.78,53.8,0,0,15366
8511,2020-10-15 15:00:00,53.79,53.8,53.76,53.79,0,0,36330
8512,2020-10-15 15:01:00,53.79,53.81,53.79,53.8,0,0,43880
8513,2020-10-15 15:02:00,53.79,53.83,53.79,53.81,0,0,37560
8514,2020-10-15 15:03:00,53.81,53.82,53.81,53.81,0,0,13347
8515,2020-10-15 15:04:00,53.81,53.82,53.79,53.79,0,0,55418
8516,2020-10-15 15:05:00,53.79,53.8,53.77,53.77,0,0,28416
8517,2020-10-15 15:06:00,53.77,53.79,53.76,53.77,0,0,41447
8518,2020-10-15 15:07:00,53.76,53.77,53.75,53.77,0,0,13733
8519,2020-10-15 15:08:00,53.77,53.78,53.75,53.76,0,0,29872
8520,2020-10-15 15:09:00,53.76,53.77,53.75,53.76,0,0,21065
8521,2020-10-15 15:10:00,53.77,53.79,53.75,53.76,0,0,37718
8522,2020-10-15 15:11:00,53.77,53.79,53.76,53.77,0,0,10511
8523,2020-10-15 15:12:00,53.77,53.78,53.76,53.77,0,0,17596
8524,2020-10-15 15:13:00,53.77,53.77,53.72,53.74,0,0,32018
8525,2020-10-15 15:14:00,53.74,53.76,53.74,53.74,0,0,14036
8526,2020-10-15 15:15:00,53.75,53.77,53.73,53.77,0,0,35100
8527,2020-10-15 15:16:00,53.77,53.8,53.76,53.79,0,0,18483
8528,2020-10-15 15:17:00,53.79,53.87,53.79,53.87,0,0,58848
8529,2020-10-15 15:18:00,53.87,53.89,53.85,53.88,0,0,55759
8530,2020-10-15 15:19:00,53.87,53.88,53.85,53.86,0,0,37304
8531,2020-10-15 15:20:00,53.86,53.86,53.83,53.83,0,0,20742
8532,2020-10-15 15:21:00,53.83,53.86,53.83,53.84,0,0,31124
8533,2020-10-15 15:22:00,53.85,53.87,53.84,53.87,0,0,27402
8534,2020-10-15 15:23:00,53.87,53.87,53.84,53.86,0,0,33260
8535,2020-10-15 15:24:00,53.85,53.87,53.84,53.84,0,0,19117
8536,2020-10-15 15:25:00,53.84,53.86,53.83,53.86,0,0,25895
8537,2020-10-15 15:26:00,53.86,53.92,53.84,53.91,0,0,35773
8538,2020-10-15 15:27:00,53.91,53.92,53.89,53.89,0,0,18894
8539,2020-10-15 15:28:00,53.89,53.9,53.89,53.9,0,0,17305
8540,2020-10-15 15:29:00,53.89,53.9,53.89,53.9,0,0,24221
8541,2020-10-15 15:30:00,53.9,53.9,53.85,53.89,0,0,63653
8542,2020-10-15 15:31:00,53.88,53.92,53.88,53.92,0,0,42585
8543,2020-10-15 15:32:00,53.93,53.95,53.92,53.94,0,0,41356
8544,2020-10-15 15:33:00,53.94,53.95,53.92,53.93,0,0,48058
8545,2020-10-15 15:34:00,53.93,53.96,53.92,53.96,0,0,32721
8546,2020-10-15 15:35:00,53.96,53.97,53.93,53.93,0,0,30546
8547,2020-10-15 15:36:00,53.93,53.93,53.91,53.92,0,0,53643
8548,2020-10-15 15:37:00,53.92,53.94,53.92,53.93,0,0,36274
8549,2020-10-15 15:38:00,53.93,53.93,53.9,53.9,0,0,37452
8550,2020-10-15 15:39:00,53.9,53.91,53.88,53.91,0,0,41637
8551,2020-10-15 15:40:00,53.91,53.95,53.9,53.92,0,0,116056
8552,2020-10-15 15:41:00,53.92,53.95,53.92,53.95,0,0,165595
8553,2020-10-15 15:42:00,53.95,53.97,53.94,53.95,0,0,42807
8554,2020-10-15 15:43:00,53.94,53.98,53.94,53.97,0,0,33972
8555,2020-10-15 15:44:00,53.98,53.98,53.93,53.95,0,0,62480
8556,2020-10-15 15:45:00,53.94,53.95,53.92,53.95,0,0,45860
8557,2020-10-15 15:46:00,53.94,53.96,53.92,53.92,0,0,63061
8558,2020-10-15 15:47:00,53.93,53.93,53.85,53.85,0,0,40947
8559,2020-10-15 15:48:00,53.85,53.86,53.81,53.82,0,0,50458
8560,2020-10-15 15:49:00,53.81,53.82,53.78,53.78,0,0,49120
8561,2020-10-15 15:50:00,53.79,53.96,53.78,53.95,0,0,240588
8562,2020-10-15 15:51:00,53.95,53.96,53.91,53.93,0,0,63028
8563,2020-10-15 15:52:00,53.92,53.92,53.88,53.88,0,0,51164
8564,2020-10-15 15:53:00,53.88,53.9,53.87,53.88,0,0,51583
8565,2020-10-15 15:54:00,53.88,53.89,53.83,53.84,0,0,85263
8566,2020-10-15 15:55:00,53.84,53.85,53.81,53.83,0,0,96699
8567,2020-10-15 15:56:00,53.82,53.86,53.81,53.83,0,0,67965
8568,2020-10-15 15:57:00,53.83,53.85,53.8,53.82,0,0,128843
8569,2020-10-15 15:58:00,53.81,53.85,53.81,53.83,0,0,221113
8570,2020-10-15 15:59:00,53.84,53.88,53.83,53.87,0,0,339829
8571,2020-10-16 09:30:00,53.9,54.2,53.9,54.16,0,0,1408118
8572,2020-10-16 09:31:00,54.16,54.22,54.03,54.05,0,0,82391
8573,2020-10-16 09:32:00,54.05,54.05,53.98,54.02,0,0,55011
8574,2020-10-16 09:33:00,54.03,54.1,54.02,54.08,0,0,69558
8575,2020-10-16 09:34:00,54.08,54.1,54.0,54.02,0,0,75923
8576,2020-10-16 09:35:00,54.0,54.03,53.99,54.03,0,0,82912
8577,2020-10-16 09:36:00,54.02,54.05,53.97,54.03,0,0,37348
8578,2020-10-16 09:37:00,54.06,54.1,54.05,54.1,0,0,41713
8579,2020-10-16 09:38:00,54.1,54.15,54.05,54.15,0,0,59771
8580,2020-10-16 09:39:00,54.13,54.17,54.1,54.17,0,0,46567
8581,2020-10-16 09:40:00,54.17,54.2,54.15,54.18,0,0,96044
8582,2020-10-16 09:41:00,54.18,54.25,54.18,54.23,0,0,50268
8583,2020-10-16 09:42:00,54.24,54.26,54.23,54.26,0,0,70944
8584,2020-10-16 09:43:00,54.26,54.29,54.25,54.29,0,0,51555
8585,2020-10-16 09:44:00,54.25,54.25,54.2,54.22,0,0,71604
8586,2020-10-16 09:45:00,54.22,54.24,54.15,54.16,0,0,48041
8587,2020-10-16 09:46:00,54.19,54.2,54.18,54.19,0,0,43584
8588,2020-10-16 09:47:00,54.12,54.12,54.12,54.12,0,0,73579
8589,2020-10-16 09:48:00,54.17,54.17,54.14,54.15,0,0,37768
8590,2020-10-16 09:49:00,54.1,54.13,54.1,54.12,0,0,31588
8591,2020-10-16 09:50:00,54.1,54.1,54.09,54.09,0,0,40832
8592,2020-10-16 09:51:00,54.09,54.1,54.05,54.05,0,0,60087
8593,2020-10-16 09:52:00,54.08,54.09,54.07,54.07,0,0,30124
8594,2020-10-16 09:53:00,54.11,54.14,54.11,54.12,0,0,34598
8595,2020-10-16 09:54:00,54.1,54.11,54.1,54.1,0,0,50202
8596,2020-10-16 09:55:00,54.13,54.15,54.12,54.14,0,0,32604
8597,2020-10-16 09:56:00,54.18,54.18,54.17,54.17,0,0,31366
8598,2020-10-16 09:57:00,54.17,54.19,54.17,54.19,0,0,37312
8599,2020-10-16 09:58:00,54.19,54.21,54.19,54.21,0,0,61350
8600,2020-10-16 09:59:00,54.21,54.21,54.2,54.2,0,0,68524
8601,2020-10-16 10:00:00,54.17,54.27,54.15,54.26,0,0,105324
8602,2020-10-16 10:01:00,54.26,54.29,54.22,54.28,0,0,61491
8603,2020-10-16 10:02:00,54.28,54.3,54.27,54.29,0,0,99851
8604,2020-10-16 10:03:00,54.3,54.35,54.28,54.35,0,0,81359
8605,2020-10-16 10:04:00,54.35,54.36,54.33,54.33,0,0,71191
8606,2020-10-16 10:05:00,54.33,54.34,54.31,54.32,0,0,73606
8607,2020-10-16 10:06:00,54.31,54.34,54.29,54.33,0,0,60517
8608,2020-10-16 10:07:00,54.33,54.34,54.29,54.29,0,0,43627
8609,2020-10-16 10:08:00,54.29,54.31,54.26,54.28,0,0,45695
8610,2020-10-16 10:09:00,54.27,54.33,54.27,54.32,0,0,34768
8611,2020-10-16 10:10:00,54.33,54.34,54.31,54.33,0,0,54417
8612,2020-10-16 10:11:00,54.33,54.35,54.33,54.33,0,0,33293
8613,2020-10-16 10:12:00,54.33,54.36,54.31,54.36,0,0,70671
8614,2020-10-16 10:13:00,54.35,54.37,54.33,54.33,0,0,39874
8615,2020-10-16 10:14:00,54.33,54.34,54.31,54.31,0,0,34920
8616,2020-10-16 10:15:00,54.31,54.32,54.28,54.31,0,0,53902
8617,2020-10-16 10:16:00,54.31,54.33,54.29,54.31,0,0,63639
8618,2020-10-16 10:17:00,54.31,54.33,54.28,54.29,0,0,34023
8619,2020-10-16 10:18:00,54.29,54.35,54.29,54.33,0,0,31667
8620,2020-10-16 10:19:00,54.34,54.39,54.34,54.37,0,0,70001
8621,2020-10-16 10:20:00,54.38,54.39,54.36,54.38,0,0,55359
8622,2020-10-16 10:21:00,54.37,54.41,54.36,54.4,0,0,138351
8623,2020-10-16 10:22:00,54.4,54.41,54.37,54.4,0,0,56930
8624,2020-10-16 10:23:00,54.4,54.4,54.38,54.4,0,0,85267
8625,2020-10-16 10:24:00,54.39,54.41,54.38,54.41,0,0,89499
8626,2020-10-16 10:25:00,54.41,54.42,54.39,54.4,0,0,130189
8627,2020-10-16 10:26:00,54.4,54.41,54.38,54.4,0,0,72929
8628,2020-10-16 10:27:00,54.4,54.41,54.35,54.38,0,0,101454
8629,2020-10-16 10:28:00,54.38,54.42,54.38,54.41,0,0,60883
8630,2020-10-16 10:29:00,54.41,54.46,54.4,54.44,0,0,72324
8631,2020-10-16 10:30:00,54.45,54.47,54.42,54.46,0,0,38309
8632,2020-10-16 10:31:00,54.45,54.46,54.44,54.46,0,0,44402
8633,2020-10-16 10:32:00,54.46,54.46,54.44,54.45,0,0,44407
8634,2020-10-16 10:33:00,54.45,54.47,54.43,54.47,0,0,40775
8635,2020-10-16 10:34:00,54.47,54.48,54.46,54.47,0,0,44178
8636,2020-10-16 10:35:00,54.47,54.5,54.47,54.48,0,0,67157
8637,2020-10-16 10:36:00,54.49,54.5,54.47,54.49,0,0,76216
8638,2020-10-16 10:37:00,54.5,54.5,54.45,54.47,0,0,47755
8639,2020-10-16 10:38:00,54.47,54.49,54.46,54.47,0,0,41578
8640,2020-10-16 10:39:00,54.47,54.49,54.46,54.46,0,0,35660
8641,2020-10-16 10:40:00,54.47,54.49,54.47,54.47,0,0,40949
8642,2020-10-16 10:41:00,54.48,54.48,54.46,54.47,0,0,42119
8643,2020-10-16 10:42:00,54.47,54.48,54.45,54.45,0,0,35792
8644,2020-10-16 10:43:00,54.45,54.48,54.44,54.47,0,0,42893
8645,2020-10-16 10:44:00,54.47,54.47,54.46,54.47,0,0,28754
8646,2020-10-16 10:45:00,54.47,54.49,54.47,54.47,0,0,38045
8647,2020-10-16 10:46:00,54.47,54.49,54.46,54.47,0,0,50152
8648,2020-10-16 10:47:00,54.47,54.47,54.41,54.41,0,0,66346
8649,2020-10-16 10:48:00,54.42,54.42,54.37,54.41,0,0,152636
8650,2020-10-16 10:49:00,54.42,54.42,54.39,54.4,0,0,161024
8651,2020-10-16 10:50:00,54.4,54.42,54.38,54.41,0,0,33952
8652,2020-10-16 10:51:00,54.42,54.44,54.42,54.43,0,0,39941
8653,2020-10-16 10:52:00,54.43,54.46,54.42,54.44,0,0,40395
8654,2020-10-16 10:53:00,54.45,54.46,54.44,54.45,0,0,24587
8655,2020-10-16 10:54:00,54.46,54.5,54.46,54.49,0,0,37241
8656,2020-10-16 10:55:00,54.49,54.5,54.48,54.49,0,0,29249
8657,2020-10-16 10:56:00,54.48,54.52,54.48,54.49,0,0,149101
8658,2020-10-16 10:57:00,54.49,54.53,54.49,54.52,0,0,49655
8659,2020-10-16 10:58:00,54.51,54.52,54.5,54.51,0,0,45141
8660,2020-10-16 10:59:00,54.51,54.53,54.5,54.53,0,0,58187
8661,2020-10-16 11:00:00,54.53,54.53,54.52,54.53,0,0,4588
8662,2020-10-16 11:02:00,54.6,54.62,54.59,54.62,0,0,204057
8663,2020-10-16 11:03:00,54.62,54.65,54.62,54.63,0,0,39276
8664,2020-10-16 11:04:00,54.63,54.68,54.63,54.65,0,0,63455
8665,2020-10-16 11:05:00,54.65,54.66,54.56,54.56,0,0,47679
8666,2020-10-16 11:06:00,54.57,54.62,54.56,54.58,0,0,51172
8667,2020-10-16 11:07:00,54.58,54.59,54.56,54.56,0,0,24215
8668,2020-10-16 11:08:00,54.56,54.56,54.54,54.56,0,0,31869
8669,2020-10-16 11:09:00,54.56,54.56,54.54,54.55,0,0,30209
8670,2020-10-16 11:10:00,54.56,54.57,54.44,54.47,0,0,83784
8671,2020-10-16 11:11:00,54.48,54.52,54.47,54.51,0,0,98284
8672,2020-10-16 11:12:00,54.51,54.56,54.51,54.54,0,0,44652
8673,2020-10-16 11:13:00,54.54,54.56,54.52,54.54,0,0,37645
8674,2020-10-16 11:14:00,54.54,54.57,54.53,54.56,0,0,26917
8675,2020-10-16 11:15:00,54.56,54.56,54.5,54.51,0,0,71121
8676,2020-10-16 11:16:00,54.51,54.53,54.45,54.45,0,0,44875
8677,2020-10-16 11:17:00,54.45,54.45,54.37,54.38,0,0,49531
8678,2020-10-16 11:18:00,54.37,54.37,54.32,54.36,0,0,44225
8679,2020-10-16 11:19:00,54.36,54.38,54.35,54.37,0,0,43676
8680,2020-10-16 11:20:00,54.37,54.37,54.32,54.32,0,0,42029
8681,2020-10-16 11:21:00,54.33,54.36,54.3,54.36,0,0,33437
8682,2020-10-16 11:22:00,54.36,54.36,54.31,54.33,0,0,39741
8683,2020-10-16 11:23:00,54.33,54.33,54.24,54.29,0,0,60646
8684,2020-10-16 11:24:00,54.3,54.31,54.28,54.29,0,0,26202
8685,2020-10-16 11:25:00,54.28,54.31,54.27,54.28,0,0,28588
8686,2020-10-16 11:26:00,54.29,54.32,54.29,54.31,0,0,36221
8687,2020-10-16 11:27:00,54.31,54.35,54.31,54.33,0,0,26343
8688,2020-10-16 11:28:00,54.33,54.36,54.32,54.36,0,0,31530
8689,2020-10-16 11:29:00,54.36,54.39,54.33,54.34,0,0,39241
8690,2020-10-16 11:30:00,54.33,54.35,54.31,54.34,0,0,21525
8691,2020-10-16 11:31:00,54.34,54.34,54.32,54.33,0,0,43383
8692,2020-10-16 11:32:00,54.32,54.33,54.31,54.32,0,0,16376
8693,2020-10-16 11:33:00,54.31,54.35,54.28,54.33,0,0,58322
8694,2020-10-16 11:34:00,54.34,54.37,54.34,54.37,0,0,28176
8695,2020-10-16 11:35:00,54.37,54.37,54.33,54.33,0,0,26556
8696,2020-10-16 11:36:00,54.34,54.36,54.33,54.36,0,0,35036
8697,2020-10-16 11:37:00,54.36,54.38,54.36,54.37,0,0,38213
8698,2020-10-16 11:38:00,54.38,54.38,54.35,54.36,0,0,31836
8699,2020-10-16 11:39:00,54.37,54.4,54.36,54.37,0,0,47693
8700,2020-10-16 11:40:00,54.37,54.39,54.35,54.36,0,0,39517
8701,2020-10-16 11:41:00,54.37,54.4,54.37,54.38,0,0,47076
8702,2020-10-16 11:42:00,54.39,54.4,54.37,54.4,0,0,23341
8703,2020-10-16 11:43:00,54.39,54.4,54.37,54.37,0,0,17401
8704,2020-10-16 11:44:00,54.37,54.38,54.36,54.37,0,0,26045
8705,2020-10-16 11:45:00,54.37,54.38,54.34,54.35,0,0,22217
8706,2020-10-16 11:46:00,54.36,54.36,54.34,54.35,0,0,28129
8707,2020-10-16 11:47:00,54.35,54.35,54.32,54.35,0,0,27881
8708,2020-10-16 11:48:00,54.35,54.35,54.34,54.35,0,0,11093
8709,2020-10-16 11:49:00,54.35,54.39,54.35,54.38,0,0,29295
8710,2020-10-16 11:50:00,54.38,54.38,54.35,54.37,0,0,27022
8711,2020-10-16 11:51:00,54.37,54.4,54.37,54.4,0,0,26294
8712,2020-10-16 11:52:00,54.4,54.4,54.38,54.4,0,0,45202
8713,2020-10-16 11:53:00,54.39,54.41,54.39,54.4,0,0,30219
8714,2020-10-16 11:54:00,54.4,54.4,54.37,54.38,0,0,29105
8715,2020-10-16 11:55:00,54.38,54.4,54.38,54.4,0,0,45831
8716,2020-10-16 11:56:00,54.4,54.4,54.39,54.39,0,0,4326
8717,2020-10-16 11:57:00,54.4,54.4,54.36,54.36,0,0,34008
8718,2020-10-16 11:58:00,54.36,54.36,54.33,54.35,0,0,20381
8719,2020-10-16 11:59:00,54.36,54.37,54.36,54.37,0,0,20555
8720,2020-10-16 12:00:00,54.37,54.39,54.37,54.38,0,0,8043
8721,2020-10-16 12:01:00,54.38,54.42,54.38,54.42,0,0,29160
8722,2020-10-16 12:02:00,54.41,54.42,54.4,54.42,0,0,9453
8723,2020-10-16 12:03:00,54.41,54.49,54.41,54.49,0,0,106264
8724,2020-10-16 12:04:00,54.49,54.53,54.49,54.5,0,0,37346
8725,2020-10-16 12:05:00,54.49,54.52,54.48,54.49,0,0,108976
8726,2020-10-16 12:06:00,54.49,54.51,54.44,54.46,0,0,46440
8727,2020-10-16 12:07:00,54.45,54.46,54.4,54.42,0,0,44799
8728,2020-10-16 12:08:00,54.42,54.44,54.42,54.43,0,0,15420
8729,2020-10-16 12:09:00,54.44,54.51,54.44,54.49,0,0,60249
8730,2020-10-16 12:10:00,54.49,54.5,54.46,54.47,0,0,15881
8731,2020-10-16 12:11:00,54.47,54.51,54.47,54.5,0,0,33052
8732,2020-10-16 12:12:00,54.5,54.51,54.48,54.5,0,0,20115
8733,2020-10-16 12:13:00,54.5,54.54,54.48,54.54,0,0,23631
8734,2020-10-16 12:14:00,54.53,54.58,54.53,54.58,0,0,39244
8735,2020-10-16 12:15:00,54.58,54.58,54.55,54.57,0,0,76914
8736,2020-10-16 12:16:00,54.57,54.59,54.56,54.58,0,0,35494
8737,2020-10-16 12:17:00,54.58,54.59,54.58,54.58,0,0,19557
8738,2020-10-16 12:18:00,54.58,54.6,54.58,54.59,0,0,28087
8739,2020-10-16 12:19:00,54.6,54.63,54.6,54.61,0,0,41849
8740,2020-10-16 12:20:00,54.62,54.63,54.58,54.6,0,0,29004
8741,2020-10-16 12:21:00,54.6,54.62,54.59,54.62,0,0,56615
8742,2020-10-16 12:22:00,54.61,54.62,54.58,54.58,0,0,43869
8743,2020-10-16 12:23:00,54.57,54.58,54.56,54.56,0,0,35659
8744,2020-10-16 12:24:00,54.56,54.6,54.56,54.59,0,0,28823
8745,2020-10-16 12:25:00,54.59,54.64,54.58,54.64,0,0,25233
8746,2020-10-16 12:26:00,54.63,54.65,54.63,54.65,0,0,37695
8747,2020-10-16 12:27:00,54.64,54.67,54.64,54.65,0,0,38787
8748,2020-10-16 12:28:00,54.66,54.67,54.65,54.65,0,0,15970
8749,2020-10-16 12:29:00,54.65,54.66,54.64,54.65,0,0,17166
8750,2020-10-16 12:30:00,54.65,54.67,54.65,54.65,0,0,41956
8751,2020-10-16 12:31:00,54.65,54.66,54.64,54.66,0,0,23417
8752,2020-10-16 12:32:00,54.66,54.66,54.58,54.6,0,0,22704
8753,2020-10-16 12:33:00,54.59,54.6,54.55,54.59,0,0,36767
8754,2020-10-16 12:34:00,54.58,54.62,54.58,54.6,0,0,15295
8755,2020-10-16 12:35:00,54.6,54.6,54.54,54.56,0,0,20460
8756,2020-10-16 12:36:00,54.55,54.58,54.55,54.56,0,0,20015
8757,2020-10-16 12:37:00,54.56,54.57,54.53,54.53,0,0,245408
8758,2020-10-16 12:38:00,54.53,54.54,54.51,54.53,0,0,29093
8759,2020-10-16 12:39:00,54.53,54.58,54.53,54.58,0,0,62394
8760,2020-10-16 12:40:00,54.58,54.59,54.56,54.56,0,0,22883
8761,2020-10-16 12:41:00,54.57,54.57,54.52,54.53,0,0,18200
8762,2020-10-16 12:42:00,54.53,54.53,54.5,54.53,0,0,45307
8763,2020-10-16 12:43:00,54.54,54.54,54.51,54.53,0,0,21650
8764,2020-10-16 12:44:00,54.53,54.54,54.51,54.52,0,0,16206
8765,2020-10-16 12:45:00,54.53,54.55,54.52,54.54,0,0,25840
8766,2020-10-16 12:46:00,54.54,54.58,54.54,54.58,0,0,23546
8767,2020-10-16 12:47:00,54.57,54.59,54.56,54.59,0,0,26524
8768,2020-10-16 12:48:00,54.58,54.58,54.53,54.53,0,0,26626
8769,2020-10-16 12:49:00,54.53,54.54,54.5,54.52,0,0,35531
8770,2020-10-16 12:50:00,54.51,54.53,54.47,54.49,0,0,29841
8771,2020-10-16 12:51:00,54.48,54.48,54.42,54.46,0,0,51492
8772,2020-10-16 12:52:00,54.45,54.48,54.45,54.47,0,0,21559
8773,2020-10-16 12:53:00,54.46,54.46,54.44,54.44,0,0,38081
8774,2020-10-16 12:54:00,54.43,54.45,54.41,54.44,0,0,36390
8775,2020-10-16 12:55:00,54.44,54.45,54.41,54.43,0,0,22509
8776,2020-10-16 12:56:00,54.43,54.43,54.41,54.42,0,0,31454
8777,2020-10-16 12:57:00,54.43,54.45,54.42,54.45,0,0,18410
8778,2020-10-16 12:58:00,54.45,54.49,54.45,54.47,0,0,38274
8779,2020-10-16 12:59:00,54.47,54.48,54.45,54.46,0,0,22218
8780,2020-10-16 13:00:00,54.45,54.47,54.45,54.45,0,0,24133
8781,2020-10-16 13:01:00,54.45,54.46,54.44,54.44,0,0,26795
8782,2020-10-16 13:02:00,54.44,54.45,54.43,54.44,0,0,21671
8783,2020-10-16 13:03:00,54.43,54.43,54.4,54.4,0,0,23616
8784,2020-10-16 13:04:00,54.4,54.42,54.38,54.39,0,0,34462
8785,2020-10-16 13:05:00,54.4,54.42,54.39,54.42,0,0,29835
8786,2020-10-16 13:06:00,54.42,54.43,54.4,54.43,0,0,20693
8787,2020-10-16 13:07:00,54.43,54.44,54.42,54.42,0,0,33582
8788,2020-10-16 13:08:00,54.42,54.46,54.42,54.46,0,0,11678
8789,2020-10-16 13:09:00,54.46,54.49,54.46,54.47,0,0,16399
8790,2020-10-16 13:10:00,54.47,54.49,54.46,54.48,0,0,21968
8791,2020-10-16 13:11:00,54.48,54.5,54.48,54.49,0,0,22986
8792,2020-10-16 13:12:00,54.49,54.5,54.49,54.49,0,0,13863
8793,2020-10-16 13:13:00,54.49,54.49,54.47,54.47,0,0,13091
8794,2020-10-16 13:14:00,54.47,54.5,54.47,54.5,0,0,28340
8795,2020-10-16 13:15:00,54.5,54.51,54.49,54.51,0,0,34302
8796,2020-10-16 13:16:00,54.51,54.53,54.51,54.51,0,0,23362
8797,2020-10-16 13:17:00,54.51,54.53,54.51,54.52,0,0,24764
8798,2020-10-16 13:18:00,54.52,54.53,54.51,54.51,0,0,17121
8799,2020-10-16 13:19:00,54.51,54.54,54.51,54.53,0,0,16131
8800,2020-10-16 13:20:00,54.53,54.54,54.52,54.53,0,0,23015
8801,2020-10-16 13:21:00,54.54,54.55,54.54,54.54,0,0,12373
8802,2020-10-16 13:22:00,54.55,54.56,54.54,54.54,0,0,14421
8803,2020-10-16 13:23:00,54.54,54.56,54.53,54.54,0,0,16633
8804,2020-10-16 13:24:00,54.54,54.54,54.52,54.53,0,0,14367
8805,2020-10-16 13:25:00,54.53,54.54,54.52,54.53,0,0,25299
8806,2020-10-16 13:26:00,54.53,54.53,54.51,54.52,0,0,26777
8807,2020-10-16 13:27:00,54.51,54.52,54.5,54.52,0,0,19407
8808,2020-10-16 13:28:00,54.51,54.53,54.48,54.49,0,0,28876
8809,2020-10-16 13:29:00,54.49,54.51,54.49,54.49,0,0,18252
8810,2020-10-16 13:30:00,54.5,54.51,54.45,54.45,0,0,38447
8811,2020-10-16 13:31:00,54.46,54.46,54.43,54.43,0,0,33078
8812,2020-10-16 13:32:00,54.44,54.45,54.42,54.44,0,0,23945
8813,2020-10-16 13:33:00,54.44,54.44,54.42,54.43,0,0,17019
8814,2020-10-16 13:34:00,54.44,54.44,54.42,54.43,0,0,26021
8815,2020-10-16 13:35:00,54.44,54.45,54.41,54.45,0,0,14001
8816,2020-10-16 13:36:00,54.44,54.46,54.43,54.46,0,0,35384
8817,2020-10-16 13:37:00,54.46,54.46,54.44,54.46,0,0,26901
8818,2020-10-16 13:38:00,54.46,54.47,54.45,54.46,0,0,22120
8819,2020-10-16 13:39:00,54.47,54.47,54.45,54.46,0,0,23755
8820,2020-10-16 13:40:00,54.46,54.5,54.45,54.49,0,0,1026842
8821,2020-10-16 13:41:00,54.49,54.49,54.47,54.47,0,0,23552
8822,2020-10-16 13:42:00,54.47,54.49,54.47,54.48,0,0,13828
8823,2020-10-16 13:43:00,54.49,54.51,54.48,54.49,0,0,24173
8824,2020-10-16 13:44:00,54.49,54.5,54.48,54.48,0,0,24185
8825,2020-10-16 13:45:00,54.49,54.49,54.46,54.47,0,0,19365
8826,2020-10-16 13:46:00,54.47,54.48,54.47,54.47,0,0,15434
8827,2020-10-16 13:47:00,54.47,54.51,54.47,54.51,0,0,32562
8828,2020-10-16 13:48:00,54.51,54.53,54.5,54.53,0,0,26503
8829,2020-10-16 13:49:00,54.53,54.56,54.53,54.56,0,0,31214
8830,2020-10-16 13:50:00,54.56,54.58,54.56,54.56,0,0,17159
8831,2020-10-16 13:51:00,54.56,54.6,54.56,54.57,0,0,37450
8832,2020-10-16 13:52:00,54.58,54.58,54.56,54.58,0,0,31777
8833,2020-10-16 13:53:00,54.57,54.57,54.56,54.56,0,0,15510
8834,2020-10-16 13:54:00,54.56,54.6,54.56,54.59,0,0,19049
8835,2020-10-16 13:55:00,54.59,54.6,54.57,54.58,0,0,22249
8836,2020-10-16 13:56:00,54.59,54.6,54.59,54.6,0,0,11221
8837,2020-10-16 13:57:00,54.6,54.61,54.59,54.6,0,0,21452
8838,2020-10-16 13:58:00,54.6,54.62,54.6,54.6,0,0,40472
8839,2020-10-16 13:59:00,54.6,54.61,54.6,54.6,0,0,13381
8840,2020-10-16 14:00:00,54.61,54.64,54.6,54.63,0,0,43455
8841,2020-10-16 14:01:00,54.63,54.65,54.63,54.65,0,0,27785
8842,2020-10-16 14:02:00,54.64,54.66,54.63,54.64,0,0,31946
8843,2020-10-16 14:03:00,54.64,54.65,54.58,54.6,0,0,18291
8844,2020-10-16 14:04:00,54.59,54.6,54.55,54.58,0,0,30347
8845,2020-10-16 14:05:00,54.58,54.63,54.58,54.62,0,0,24501
8846,2020-10-16 14:06:00,54.62,54.65,54.61,54.62,0,0,22461
8847,2020-10-16 14:07:00,54.62,54.65,54.62,54.64,0,0,52476
8848,2020-10-16 14:08:00,54.64,54.65,54.62,54.65,0,0,28558
8849,2020-10-16 14:09:00,54.64,54.65,54.63,54.65,0,0,20300
8850,2020-10-16 14:10:00,54.65,54.67,54.64,54.65,0,0,30087
8851,2020-10-16 14:11:00,54.66,54.68,54.65,54.65,0,0,26375
8852,2020-10-16 14:12:00,54.65,54.69,54.65,54.69,0,0,41927
8853,2020-10-16 14:13:00,54.68,54.69,54.67,54.69,0,0,17674
8854,2020-10-16 14:14:00,54.68,54.69,54.67,54.68,0,0,36394
8855,2020-10-16 14:15:00,54.69,54.7,54.67,54.69,0,0,40215
8856,2020-10-16 14:16:00,54.69,54.7,54.67,54.69,0,0,31961
8857,2020-10-16 14:17:00,54.7,54.7,54.69,54.7,0,0,24601
8858,2020-10-16 14:18:00,54.69,54.7,54.66,54.67,0,0,47175
8859,2020-10-16 14:19:00,54.67,54.68,54.67,54.68,0,0,16078
8860,2020-10-16 14:20:00,54.67,54.68,54.67,54.67,0,0,33298
8861,2020-10-16 14:21:00,54.67,54.67,54.66,54.67,0,0,25964
8862,2020-10-16 14:22:00,54.67,54.69,54.65,54.67,0,0,50987
8863,2020-10-16 14:23:00,54.67,54.69,54.67,54.68,0,0,39184
8864,2020-10-16 14:24:00,54.68,54.69,54.66,54.66,0,0,35114
8865,2020-10-16 14:25:00,54.67,54.68,54.65,54.65,0,0,50974
8866,2020-10-16 14:26:00,54.65,54.66,54.64,54.66,0,0,40762
8867,2020-10-16 14:27:00,54.66,54.67,54.65,54.65,0,0,45383
8868,2020-10-16 14:28:00,54.65,54.65,54.64,54.65,0,0,22601
8869,2020-10-16 14:29:00,54.65,54.67,54.65,54.65,0,0,38088
8870,2020-10-16 14:30:00,54.66,54.67,54.66,54.67,0,0,10515
8871,2020-10-16 14:31:00,54.66,54.67,54.65,54.66,0,0,39919
8872,2020-10-16 14:32:00,54.65,54.69,54.65,54.67,0,0,34147
8873,2020-10-16 14:33:00,54.67,54.67,54.65,54.67,0,0,33082
8874,2020-10-16 14:34:00,54.67,54.67,54.66,54.67,0,0,23487
8875,2020-10-16 14:35:00,54.67,54.68,54.65,54.66,0,0,19490
8876,2020-10-16 14:36:00,54.66,54.68,54.66,54.67,0,0,30761
8877,2020-10-16 14:37:00,54.68,54.68,54.66,54.67,0,0,30039
8878,2020-10-16 14:38:00,54.67,54.69,54.67,54.67,0,0,23162
8879,2020-10-16 14:39:00,54.68,54.68,54.65,54.67,0,0,32659
8880,2020-10-16 14:40:00,54.67,54.68,54.66,54.67,0,0,21324
8881,2020-10-16 14:41:00,54.67,54.68,54.66,54.67,0,0,26116
8882,2020-10-16 14:42:00,54.67,54.67,54.63,54.64,0,0,26717
8883,2020-10-16 14:43:00,54.64,54.64,54.61,54.61,0,0,31543
8884,2020-10-16 14:44:00,54.62,54.63,54.61,54.62,0,0,33020
8885,2020-10-16 14:45:00,54.62,54.64,54.62,54.63,0,0,26375
8886,2020-10-16 14:46:00,54.63,54.63,54.61,54.62,0,0,24878
8887,2020-10-16 14:47:00,54.62,54.62,54.61,54.61,0,0,12839
8888,2020-10-16 14:48:00,54.62,54.62,54.6,54.6,0,0,26113
8889,2020-10-16 14:49:00,54.59,54.61,54.59,54.6,0,0,24457
8890,2020-10-16 14:50:00,54.6,54.62,54.6,54.62,0,0,22352
8891,2020-10-16 14:51:00,54.62,54.65,54.62,54.64,0,0,31619
8892,2020-10-16 14:52:00,54.65,54.66,54.63,54.66,0,0,17632
8893,2020-10-16 14:53:00,54.66,54.68,54.65,54.67,0,0,30273
8894,2020-10-16 14:54:00,54.67,54.69,54.67,54.68,0,0,25887
8895,2020-10-16 14:55:00,54.68,54.69,54.67,54.69,0,0,17944
8896,2020-10-16 14:56:00,54.68,54.69,54.68,54.68,0,0,36025
8897,2020-10-16 14:57:00,54.68,54.69,54.67,54.69,0,0,21613
8898,2020-10-16 14:58:00,54.68,54.69,54.67,54.67,0,0,10962
8899,2020-10-16 14:59:00,54.67,54.69,54.67,54.68,0,0,24056
8900,2020-10-16 15:00:00,54.69,54.69,54.67,54.69,0,0,27068
8901,2020-10-16 15:01:00,54.68,54.68,54.66,54.67,0,0,27266
8902,2020-10-16 15:02:00,54.67,54.67,54.6,54.62,0,0,42930
8903,2020-10-16 15:03:00,54.62,54.62,54.6,54.62,0,0,23736
8904,2020-10-16 15:04:00,54.62,54.63,54.58,54.6,0,0,30013
8905,2020-10-16 15:05:00,54.6,54.6,54.55,54.58,0,0,34531
8906,2020-10-16 15:06:00,54.59,54.6,54.58,54.59,0,0,23318
8907,2020-10-16 15:07:00,54.6,54.62,54.6,54.61,0,0,30344
8908,2020-10-16 15:08:00,54.6,54.62,54.59,54.6,0,0,23680
8909,2020-10-16 15:09:00,54.6,54.6,54.58,54.59,0,0,29498
8910,2020-10-16 15:10:00,54.59,54.6,54.56,54.56,0,0,29920
8911,2020-10-16 15:11:00,54.56,54.59,54.55,54.58,0,0,26764
8912,2020-10-16 15:12:00,54.58,54.58,54.58,54.58,0,0,13679
8913,2020-10-16 15:13:00,54.57,54.57,54.56,54.57,0,0,12904
8914,2020-10-16 15:14:00,54.56,54.56,54.52,54.53,0,0,46246
8915,2020-10-16 15:15:00,54.53,54.56,54.53,54.56,0,0,22640
8916,2020-10-16 15:16:00,54.56,54.58,54.56,54.57,0,0,18914
8917,2020-10-16 15:17:00,54.58,54.58,54.54,54.55,0,0,15984
8918,2020-10-16 15:18:00,54.55,54.56,54.53,54.54,0,0,18121
8919,2020-10-16 15:19:00,54.55,54.56,54.54,54.56,0,0,33799
8920,2020-10-16 15:20:00,54.56,54.56,54.53,54.54,0,0,34773
8921,2020-10-16 15:21:00,54.55,54.55,54.51,54.51,0,0,29557
8922,2020-10-16 15:22:00,54.51,54.52,54.47,54.5,0,0,55657
8923,2020-10-16 15:23:00,54.51,54.52,54.5,54.52,0,0,48403
8924,2020-10-16 15:24:00,54.52,54.54,54.51,54.53,0,0,27723
8925,2020-10-16 15:25:00,54.53,54.54,54.49,54.51,0,0,28446
8926,2020-10-16 15:26:00,54.51,54.54,54.51,54.53,0,0,23976
8927,2020-10-16 15:27:00,54.54,54.54,54.51,54.53,0,0,26324
8928,2020-10-16 15:28:00,54.53,54.57,54.53,54.56,0,0,29690
8929,2020-10-16 15:29:00,54.56,54.58,54.55,54.57,0,0,29334
8930,2020-10-16 15:30:00,54.57,54.58,54.53,54.53,0,0,52387
8931,2020-10-16 15:31:00,54.53,54.55,54.52,54.54,0,0,31312
8932,2020-10-16 15:32:00,54.53,54.55,54.52,54.53,0,0,33761
8933,2020-10-16 15:33:00,54.53,54.53,54.49,54.5,0,0,52643
8934,2020-10-16 15:34:00,54.49,54.5,54.46,54.49,0,0,59196
8935,2020-10-16 15:35:00,54.49,54.5,54.48,54.49,0,0,61545
8936,2020-10-16 15:36:00,54.5,54.5,54.47,54.49,0,0,37594
8937,2020-10-16 15:37:00,54.49,54.49,54.47,54.49,0,0,56069
8938,2020-10-16 15:38:00,54.49,54.49,54.46,54.46,0,0,37712
8939,2020-10-16 15:39:00,54.47,54.48,54.45,54.46,0,0,45486
8940,2020-10-16 15:40:00,54.46,54.46,54.4,54.4,0,0,101422
8941,2020-10-16 15:41:00,54.4,54.43,54.38,54.39,0,0,89753
8942,2020-10-16 15:42:00,54.4,54.42,54.39,54.42,0,0,49059
8943,2020-10-16 15:43:00,54.43,54.44,54.42,54.44,0,0,47380
8944,2020-10-16 15:44:00,54.44,54.44,54.42,54.43,0,0,53633
8945,2020-10-16 15:45:00,54.44,54.45,54.42,54.44,0,0,60136
8946,2020-10-16 15:46:00,54.45,54.46,54.44,54.46,0,0,44261
8947,2020-10-16 15:47:00,54.46,54.46,54.43,54.43,0,0,85603
8948,2020-10-16 15:48:00,54.44,54.44,54.4,54.41,0,0,77591
8949,2020-10-16 15:49:00,54.41,54.42,54.38,54.39,0,0,80255
8950,2020-10-16 15:50:00,54.39,54.4,54.36,54.38,0,0,131282
8951,2020-10-16 15:51:00,54.38,54.39,54.31,54.31,0,0,120640
8952,2020-10-16 15:52:00,54.31,54.33,54.28,54.28,0,0,95871
8953,2020-10-16 15:53:00,54.28,54.28,54.23,54.24,0,0,173382
8954,2020-10-16 15:54:00,54.25,54.26,54.13,54.15,0,0,430571
8955,2020-10-16 15:55:00,54.16,54.2,54.14,54.15,0,0,276221
8956,2020-10-16 15:56:00,54.15,54.2,54.14,54.17,0,0,216936
8957,2020-10-16 15:57:00,54.17,54.23,54.16,54.22,0,0,189478
8958,2020-10-16 15:58:00,54.21,54.22,54.15,54.15,0,0,307683
8959,2020-10-16 15:59:00,54.15,54.18,54.12,54.16,0,0,726106
8960,2020-10-19 09:30:00,54.47,54.6,54.4,54.49,0,0,537433
8961,2020-10-19 09:31:00,54.5,54.51,54.46,54.5,0,0,108285
8962,2020-10-19 09:32:00,54.52,54.55,54.47,54.54,0,0,60082
8963,2020-10-19 09:33:00,54.54,54.58,54.48,54.48,0,0,74154
8964,2020-10-19 09:34:00,54.49,54.54,54.47,54.49,0,0,57665
8965,2020-10-19 09:35:00,54.49,54.5,54.46,54.46,0,0,40952
8966,2020-10-19 09:36:00,54.46,54.54,54.44,54.54,0,0,94513
8967,2020-10-19 09:37:00,54.53,54.53,54.43,54.49,0,0,71197
8968,2020-10-19 09:38:00,54.49,54.54,54.43,54.52,0,0,78882
8969,2020-10-19 09:39:00,54.53,54.55,54.49,54.54,0,0,54139
8970,2020-10-19 09:40:00,54.53,54.55,54.52,54.52,0,0,58352
8971,2020-10-19 09:41:00,54.53,54.55,54.49,54.51,0,0,66306
8972,2020-10-19 09:42:00,54.51,54.53,54.48,54.53,0,0,56027
8973,2020-10-19 09:43:00,54.53,54.54,54.46,54.5,0,0,79604
8974,2020-10-19 09:44:00,54.5,54.54,54.47,54.48,0,0,71200
8975,2020-10-19 09:45:00,54.47,54.5,54.34,54.38,0,0,86636
8976,2020-10-19 09:46:00,54.37,54.44,54.36,54.44,0,0,57412
8977,2020-10-19 09:47:00,54.44,54.47,54.42,54.44,0,0,45740
8978,2020-10-19 09:48:00,54.45,54.48,54.42,54.44,0,0,65839
8979,2020-10-19 09:49:00,54.44,54.49,54.42,54.42,0,0,47847
8980,2020-10-19 09:50:00,54.42,54.49,54.41,54.47,0,0,59584
8981,2020-10-19 09:51:00,54.47,54.48,54.44,54.47,0,0,32114
8982,2020-10-19 09:52:00,54.47,54.49,54.44,54.46,0,0,73881
8983,2020-10-19 09:53:00,54.45,54.45,54.37,54.38,0,0,54081
8984,2020-10-19 09:54:00,54.38,54.38,54.3,54.3,0,0,82706
8985,2020-10-19 09:55:00,54.3,54.33,54.26,54.26,0,0,67411
8986,2020-10-19 09:56:00,54.27,54.29,54.26,54.29,0,0,46450
8987,2020-10-19 09:57:00,54.3,54.32,54.29,54.29,0,0,50968
8988,2020-10-19 09:58:00,54.3,54.33,54.28,54.33,0,0,38951
8989,2020-10-19 09:59:00,54.34,54.37,54.33,54.33,0,0,67474
8990,2020-10-19 10:00:00,54.33,54.35,54.26,54.34,0,0,68220
8991,2020-10-19 10:01:00,54.35,54.37,54.33,54.36,0,0,42384
8992,2020-10-19 10:02:00,54.37,54.37,54.33,54.36,0,0,39400
8993,2020-10-19 10:03:00,54.36,54.4,54.35,54.39,0,0,40754
8994,2020-10-19 10:04:00,54.39,54.42,54.38,54.4,0,0,62056
8995,2020-10-19 10:05:00,54.4,54.43,54.38,54.43,0,0,44393
8996,2020-10-19 10:06:00,54.44,54.45,54.41,54.43,0,0,47690
8997,2020-10-19 10:07:00,54.42,54.42,54.38,54.4,0,0,65318
8998,2020-10-19 10:08:00,54.4,54.43,54.4,54.41,0,0,57359
8999,2020-10-19 10:09:00,54.42,54.42,54.34,54.35,0,0,75356
9000,2020-10-19 10:10:00,54.36,54.4,54.35,54.4,0,0,39208
9001,2020-10-19 10:11:00,54.4,54.42,54.35,54.41,0,0,64788
9002,2020-10-19 10:12:00,54.42,54.42,54.35,54.35,0,0,43276
9003,2020-10-19 10:13:00,54.35,54.39,54.33,54.39,0,0,33297
9004,2020-10-19 10:14:00,54.39,54.42,54.37,54.42,0,0,40765
9005,2020-10-19 10:15:00,54.42,54.42,54.4,54.42,0,0,37025
9006,2020-10-19 10:16:00,54.41,54.47,54.41,54.47,0,0,69085
9007,2020-10-19 10:17:00,54.46,54.46,54.41,54.44,0,0,81780
9008,2020-10-19 10:18:00,54.44,54.45,54.4,54.41,0,0,40593
9009,2020-10-19 10:19:00,54.42,54.43,54.4,54.42,0,0,68491
9010,2020-10-19 10:20:00,54.42,54.42,54.35,54.36,0,0,43854
9011,2020-10-19 10:21:00,54.36,54.38,54.33,54.33,0,0,59224
9012,2020-10-19 10:22:00,54.34,54.36,54.32,54.36,0,0,50035
9013,2020-10-19 10:23:00,54.37,54.38,54.34,54.37,0,0,40497
9014,2020-10-19 10:24:00,54.37,54.4,54.37,54.4,0,0,41861
9015,2020-10-19 10:25:00,54.4,54.41,54.38,54.41,0,0,68894
9016,2020-10-19 10:26:00,54.41,54.43,54.4,54.4,0,0,27460
9017,2020-10-19 10:27:00,54.41,54.41,54.37,54.37,0,0,54296
9018,2020-10-19 10:28:00,54.38,54.41,54.38,54.4,0,0,22775
9019,2020-10-19 10:29:00,54.4,54.43,54.4,54.42,0,0,55657
9020,2020-10-19 10:30:00,54.42,54.43,54.4,54.42,0,0,50001
9021,2020-10-19 10:31:00,54.42,54.43,54.41,54.42,0,0,25703
9022,2020-10-19 10:32:00,54.42,54.43,54.42,54.42,0,0,47852
9023,2020-10-19 10:33:00,54.41,54.42,54.38,54.38,0,0,29708
9024,2020-10-19 10:34:00,54.38,54.38,54.35,54.36,0,0,20622
9025,2020-10-19 10:35:00,54.36,54.36,54.28,54.28,0,0,62549
9026,2020-10-19 10:36:00,54.28,54.28,54.22,54.24,0,0,61805
9027,2020-10-19 10:37:00,54.23,54.23,54.11,54.12,0,0,103939
9028,2020-10-19 10:38:00,54.12,54.17,54.11,54.12,0,0,40703
9029,2020-10-19 10:39:00,54.12,54.16,54.1,54.15,0,0,42552
9030,2020-10-19 10:40:00,54.16,54.16,54.12,54.12,0,0,75933
9031,2020-10-19 10:41:00,54.13,54.15,54.1,54.13,0,0,68062
9032,2020-10-19 10:42:00,54.13,54.15,54.12,54.14,0,0,37797
9033,2020-10-19 10:43:00,54.14,54.15,54.13,54.13,0,0,32376
9034,2020-10-19 10:44:00,54.13,54.14,54.04,54.05,0,0,56151
9035,2020-10-19 10:45:00,54.05,54.05,54.0,54.02,0,0,70259
9036,2020-10-19 10:46:00,54.03,54.11,54.02,54.04,0,0,66673
9037,2020-10-19 10:47:00,54.05,54.06,53.96,53.97,0,0,96625
9038,2020-10-19 10:48:00,53.97,54.05,53.96,54.01,0,0,89674
9039,2020-10-19 10:49:00,54.01,54.03,53.99,54.03,0,0,32077
9040,2020-10-19 10:50:00,54.04,54.1,54.03,54.1,0,0,38229
9041,2020-10-19 10:51:00,54.09,54.09,54.03,54.04,0,0,47465
9042,2020-10-19 10:52:00,54.04,54.04,54.01,54.04,0,0,41699
9043,2020-10-19 10:53:00,54.04,54.08,54.03,54.06,0,0,27396
9044,2020-10-19 10:54:00,54.07,54.11,54.06,54.06,0,0,32379
9045,2020-10-19 10:55:00,54.06,54.15,54.03,54.13,0,0,83490
9046,2020-10-19 10:56:00,54.14,54.14,54.09,54.11,0,0,38616
9047,2020-10-19 10:57:00,54.11,54.16,54.1,54.12,0,0,27294
9048,2020-10-19 10:58:00,54.13,54.16,54.12,54.15,0,0,34399
9049,2020-10-19 10:59:00,54.15,54.19,54.15,54.17,0,0,28000
9050,2020-10-19 11:00:00,54.17,54.22,54.15,54.2,0,0,58804
9051,2020-10-19 11:01:00,54.2,54.22,54.19,54.22,0,0,45529
9052,2020-10-19 11:02:00,54.22,54.23,54.21,54.21,0,0,31225
9053,2020-10-19 11:03:00,54.21,54.23,54.2,54.23,0,0,28839
9054,2020-10-19 11:04:00,54.23,54.24,54.21,54.22,0,0,34751
9055,2020-10-19 11:05:00,54.21,54.21,54.17,54.19,0,0,26807
9056,2020-10-19 11:06:00,54.19,54.22,54.14,54.2,0,0,46577
9057,2020-10-19 11:07:00,54.19,54.19,54.14,54.14,0,0,13606
9058,2020-10-19 11:08:00,54.15,54.16,54.13,54.14,0,0,25689
9059,2020-10-19 11:09:00,54.15,54.16,54.12,54.14,0,0,19002
9060,2020-10-19 11:10:00,54.14,54.15,54.12,54.13,0,0,24017
9061,2020-10-19 11:11:00,54.13,54.15,54.12,54.13,0,0,29875
9062,2020-10-19 11:12:00,54.13,54.14,54.1,54.12,0,0,36471
9063,2020-10-19 11:13:00,54.12,54.13,54.07,54.09,0,0,28971
9064,2020-10-19 11:14:00,54.09,54.12,54.09,54.12,0,0,27890
9065,2020-10-19 11:15:00,54.13,54.14,54.1,54.1,0,0,42510
9066,2020-10-19 11:16:00,54.1,54.12,54.07,54.12,0,0,23966
9067,2020-10-19 11:17:00,54.13,54.19,54.13,54.15,0,0,47056
9068,2020-10-19 11:18:00,54.15,54.16,54.14,54.15,0,0,26449
9069,2020-10-19 11:19:00,54.15,54.15,54.1,54.1,0,0,15567
9070,2020-10-19 11:20:00,54.1,54.1,54.01,54.03,0,0,47127
9071,2020-10-19 11:21:00,54.03,54.04,53.98,53.99,0,0,48320
9072,2020-10-19 11:22:00,53.99,54.0,53.94,53.95,0,0,42238
9073,2020-10-19 11:23:00,53.94,53.94,53.87,53.89,0,0,87309
9074,2020-10-19 11:24:00,53.89,53.9,53.88,53.9,0,0,42089
9075,2020-10-19 11:25:00,53.9,53.92,53.88,53.92,0,0,37396
9076,2020-10-19 11:26:00,53.91,53.96,53.9,53.96,0,0,33587
9077,2020-10-19 11:27:00,53.95,53.97,53.93,53.94,0,0,27271
9078,2020-10-19 11:28:00,53.94,53.97,53.94,53.97,0,0,35076
9079,2020-10-19 11:29:00,53.97,54.02,53.97,54.02,0,0,40708
9080,2020-10-19 11:30:00,54.01,54.07,54.01,54.02,0,0,42739
9081,2020-10-19 11:31:00,54.02,54.03,54.01,54.03,0,0,14459
9082,2020-10-19 11:32:00,54.02,54.03,54.01,54.03,0,0,25452
9083,2020-10-19 11:33:00,54.03,54.03,53.99,54.02,0,0,23026
9084,2020-10-19 11:34:00,54.02,54.03,54.01,54.03,0,0,24149
9085,2020-10-19 11:35:00,54.03,54.13,54.02,54.09,0,0,54920
9086,2020-10-19 11:36:00,54.09,54.1,54.07,54.08,0,0,18874
9087,2020-10-19 11:37:00,54.08,54.09,54.06,54.09,0,0,38421
9088,2020-10-19 11:38:00,54.09,54.11,54.08,54.1,0,0,21138
9089,2020-10-19 11:39:00,54.1,54.11,54.09,54.1,0,0,25847
9090,2020-10-19 11:40:00,54.1,54.11,54.08,54.1,0,0,30988
9091,2020-10-19 11:41:00,54.09,54.1,54.08,54.1,0,0,49976
9092,2020-10-19 11:42:00,54.1,54.11,54.09,54.1,0,0,29522
9093,2020-10-19 11:43:00,54.1,54.1,54.06,54.08,0,0,34928
9094,2020-10-19 11:44:00,54.07,54.08,54.05,54.07,0,0,15247
9095,2020-10-19 11:45:00,54.08,54.08,54.03,54.04,0,0,47874
9096,2020-10-19 11:46:00,54.05,54.06,54.05,54.06,0,0,42942
9097,2020-10-19 11:47:00,54.06,54.08,54.06,54.06,0,0,31319
9098,2020-10-19 11:48:00,54.06,54.08,54.06,54.07,0,0,6282
9099,2020-10-19 11:49:00,54.08,54.09,54.01,54.03,0,0,66362
9100,2020-10-19 11:50:00,54.03,54.04,53.99,54.04,0,0,47097
9101,2020-10-19 11:51:00,54.04,54.04,54.02,54.03,0,0,11361
9102,2020-10-19 11:52:00,54.03,54.04,54.0,54.02,0,0,48256
9103,2020-10-19 11:53:00,54.03,54.03,54.0,54.01,0,0,27356
9104,2020-10-19 11:54:00,54.01,54.01,53.97,53.99,0,0,43532
9105,2020-10-19 11:55:00,53.99,54.04,53.99,54.04,0,0,21387
9106,2020-10-19 11:56:00,54.04,54.07,54.04,54.04,0,0,40698
9107,2020-10-19 11:57:00,54.05,54.05,54.0,54.03,0,0,30614
9108,2020-10-19 11:58:00,54.03,54.07,54.03,54.05,0,0,30664
9109,2020-10-19 11:59:00,54.04,54.05,54.03,54.04,0,0,24215
9110,2020-10-19 12:00:00,54.04,54.04,54.01,54.03,0,0,29121
9111,2020-10-19 12:01:00,54.03,54.03,53.98,54.0,0,0,33467
9112,2020-10-19 12:02:00,54.0,54.01,53.97,53.99,0,0,28656
9113,2020-10-19 12:03:00,54.0,54.1,54.0,54.08,0,0,47432
9114,2020-10-19 12:04:00,54.08,54.11,54.06,54.06,0,0,16329
9115,2020-10-19 12:05:00,54.06,54.08,53.99,53.99,0,0,48752
9116,2020-10-19 12:06:00,53.99,54.01,53.95,54.01,0,0,28535
9117,2020-10-19 12:07:00,54.02,54.1,54.02,54.1,0,0,13317
9118,2020-10-19 12:08:00,54.09,54.1,54.05,54.06,0,0,21402
9119,2020-10-19 12:09:00,54.06,54.08,54.03,54.03,0,0,35116
9120,2020-10-19 12:10:00,54.03,54.07,54.0,54.04,0,0,35327
9121,2020-10-19 12:11:00,54.04,54.05,54.01,54.02,0,0,79679
9122,2020-10-19 12:12:00,54.03,54.03,53.98,54.0,0,0,46870
9123,2020-10-19 12:13:00,54.0,54.0,53.93,53.98,0,0,58729
9124,2020-10-19 12:14:00,53.98,53.99,53.96,53.97,0,0,20799
9125,2020-10-19 12:15:00,53.97,54.0,53.97,53.98,0,0,16588
9126,2020-10-19 12:16:00,53.98,54.04,53.97,53.97,0,0,34564
9127,2020-10-19 12:17:00,53.97,53.97,53.93,53.94,0,0,28303
9128,2020-10-19 12:18:00,53.95,53.96,53.93,53.94,0,0,21023
9129,2020-10-19 12:19:00,53.95,54.0,53.95,53.95,0,0,26647
9130,2020-10-19 12:20:00,53.96,53.99,53.96,53.99,0,0,8654
9131,2020-10-19 12:21:00,53.99,53.99,53.9,53.9,0,0,58895
9132,2020-10-19 12:22:00,53.91,53.94,53.89,53.9,0,0,50710
9133,2020-10-19 12:23:00,53.9,53.95,53.9,53.91,0,0,87207
9134,2020-10-19 12:24:00,53.91,53.91,53.87,53.89,0,0,104649
9135,2020-10-19 12:25:00,53.89,53.89,53.84,53.88,0,0,92605
9136,2020-10-19 12:26:00,53.89,53.94,53.88,53.94,0,0,38007
9137,2020-10-19 12:27:00,53.94,53.98,53.94,53.97,0,0,65847
9138,2020-10-19 12:28:00,53.96,53.99,53.96,53.99,0,0,20821
9139,2020-10-19 12:29:00,53.99,54.0,53.98,53.98,0,0,29443
9140,2020-10-19 12:30:00,53.97,54.01,53.96,53.99,0,0,33255
9141,2020-10-19 12:31:00,54.0,54.01,53.98,54.01,0,0,26964
9142,2020-10-19 12:32:00,54.01,54.04,54.01,54.03,0,0,12813
9143,2020-10-19 12:33:00,54.04,54.1,54.04,54.1,0,0,25374
9144,2020-10-19 12:34:00,54.1,54.1,54.04,54.05,0,0,18209
9145,2020-10-19 12:35:00,54.05,54.07,54.03,54.07,0,0,55890
9146,2020-10-19 12:36:00,54.07,54.09,54.07,54.09,0,0,35510
9147,2020-10-19 12:37:00,54.08,54.1,54.07,54.07,0,0,30542
9148,2020-10-19 12:38:00,54.08,54.12,54.08,54.12,0,0,32903
9149,2020-10-19 12:39:00,54.11,54.11,54.08,54.08,0,0,20841
9150,2020-10-19 12:40:00,54.09,54.1,54.07,54.1,0,0,18072
9151,2020-10-19 12:41:00,54.11,54.12,54.09,54.1,0,0,24103
9152,2020-10-19 12:42:00,54.11,54.12,54.1,54.11,0,0,16008
9153,2020-10-19 12:43:00,54.12,54.16,54.12,54.16,0,0,30135
9154,2020-10-19 12:44:00,54.15,54.16,54.14,54.15,0,0,21397
9155,2020-10-19 12:45:00,54.14,54.14,54.1,54.11,0,0,27901
9156,2020-10-19 12:46:00,54.11,54.12,54.1,54.1,0,0,14018
9157,2020-10-19 12:47:00,54.1,54.13,54.1,54.12,0,0,26866
9158,2020-10-19 12:48:00,54.13,54.15,54.13,54.13,0,0,25648
9159,2020-10-19 12:49:00,54.14,54.15,54.13,54.14,0,0,9228
9160,2020-10-19 12:50:00,54.14,54.18,54.14,54.17,0,0,43036
9161,2020-10-19 12:51:00,54.17,54.17,54.12,54.13,0,0,12290
9162,2020-10-19 12:52:00,54.13,54.15,54.13,54.15,0,0,18730
9163,2020-10-19 12:53:00,54.15,54.16,54.13,54.14,0,0,19640
9164,2020-10-19 12:54:00,54.14,54.15,54.13,54.14,0,0,12965
9165,2020-10-19 12:55:00,54.14,54.17,54.13,54.17,0,0,20076
9166,2020-10-19 12:56:00,54.17,54.17,54.15,54.17,0,0,18898
9167,2020-10-19 12:57:00,54.17,54.19,54.17,54.17,0,0,21980
9168,2020-10-19 12:58:00,54.18,54.2,54.17,54.19,0,0,14359
9169,2020-10-19 12:59:00,54.19,54.19,54.15,54.15,0,0,19261
9170,2020-10-19 13:00:00,54.15,54.17,54.15,54.16,0,0,18090
9171,2020-10-19 13:01:00,54.17,54.18,54.12,54.12,0,0,26334
9172,2020-10-19 13:02:00,54.12,54.15,54.12,54.14,0,0,34428
9173,2020-10-19 13:03:00,54.15,54.16,54.15,54.16,0,0,6081
9174,2020-10-19 13:04:00,54.15,54.15,54.12,54.12,0,0,71762
9175,2020-10-19 13:05:00,54.11,54.11,54.08,54.1,0,0,41917
9176,2020-10-19 13:06:00,54.1,54.12,54.1,54.12,0,0,12894
9177,2020-10-19 13:07:00,54.12,54.13,54.12,54.12,0,0,12600
9178,2020-10-19 13:08:00,54.13,54.15,54.12,54.13,0,0,27139
9179,2020-10-19 13:09:00,54.14,54.14,54.12,54.12,0,0,24314
9180,2020-10-19 13:10:00,54.13,54.2,54.12,54.18,0,0,23053
9181,2020-10-19 13:11:00,54.19,54.2,54.17,54.17,0,0,29629
9182,2020-10-19 13:12:00,54.17,54.18,54.16,54.17,0,0,16075
9183,2020-10-19 13:13:00,54.18,54.18,54.16,54.17,0,0,10098
9184,2020-10-19 13:14:00,54.18,54.19,54.17,54.18,0,0,27835
9185,2020-10-19 13:15:00,54.18,54.19,54.16,54.17,0,0,28695
9186,2020-10-19 13:16:00,54.18,54.19,54.16,54.17,0,0,30850
9187,2020-10-19 13:17:00,54.16,54.18,54.16,54.17,0,0,11591
9188,2020-10-19 13:18:00,54.18,54.18,54.16,54.17,0,0,13354
9189,2020-10-19 13:19:00,54.16,54.16,54.14,54.15,0,0,23111
9190,2020-10-19 13:20:00,54.15,54.17,54.15,54.15,0,0,34704
9191,2020-10-19 13:21:00,54.15,54.16,54.15,54.15,0,0,59293
9192,2020-10-19 13:22:00,54.15,54.16,54.14,54.14,0,0,19164
9193,2020-10-19 13:23:00,54.15,54.16,54.12,54.13,0,0,33588
9194,2020-10-19 13:24:00,54.13,54.14,54.1,54.12,0,0,15145
9195,2020-10-19 13:25:00,54.12,54.13,54.07,54.08,0,0,19320
9196,2020-10-19 13:26:00,54.08,54.08,54.06,54.08,0,0,29759
9197,2020-10-19 13:27:00,54.08,54.09,54.07,54.08,0,0,110199
9198,2020-10-19 13:28:00,54.08,54.09,54.07,54.07,0,0,20838
9199,2020-10-19 13:29:00,54.07,54.08,54.07,54.07,0,0,4753
9200,2020-10-19 13:30:00,54.07,54.08,54.07,54.08,0,0,33113
9201,2020-10-19 13:31:00,54.08,54.09,54.06,54.08,0,0,13238
9202,2020-10-19 13:32:00,54.07,54.08,54.01,54.03,0,0,37705
9203,2020-10-19 13:33:00,54.03,54.06,54.03,54.06,0,0,11835
9204,2020-10-19 13:34:00,54.05,54.06,54.01,54.03,0,0,28463
9205,2020-10-19 13:35:00,54.03,54.05,54.03,54.04,0,0,18689
9206,2020-10-19 13:36:00,54.05,54.05,54.04,54.04,0,0,4446
9207,2020-10-19 13:37:00,54.04,54.05,54.04,54.05,0,0,16162
9208,2020-10-19 13:38:00,54.04,54.05,54.04,54.04,0,0,4278
9209,2020-10-19 13:39:00,54.04,54.04,54.01,54.02,0,0,28546
9210,2020-10-19 13:40:00,54.01,54.03,54.01,54.02,0,0,24928
9211,2020-10-19 13:41:00,54.02,54.02,53.99,53.99,0,0,26579
9212,2020-10-19 13:42:00,53.99,54.01,53.99,54.0,0,0,10735
9213,2020-10-19 13:43:00,54.0,54.0,53.97,53.99,0,0,29632
9214,2020-10-19 13:44:00,53.99,54.0,53.98,53.99,0,0,17719
9215,2020-10-19 13:45:00,53.99,54.0,53.97,53.97,0,0,17952
9216,2020-10-19 13:46:00,53.97,53.99,53.96,53.98,0,0,16116
9217,2020-10-19 13:47:00,53.98,56.23,53.92,54.34,0,0,1105565
9218,2020-10-19 13:48:00,54.33,54.74,54.33,54.71,0,0,1281758
9219,2020-10-19 13:49:00,54.71,54.76,54.59,54.7,0,0,644277
9220,2020-10-19 13:50:00,54.7,54.79,54.6,54.76,0,0,560030
9221,2020-10-19 13:51:00,54.75,54.77,54.51,54.64,0,0,364521
9222,2020-10-19 13:52:00,54.63,54.92,54.61,54.9,0,0,647140
9223,2020-10-19 13:53:00,54.9,54.94,54.69,54.78,0,0,508449
9224,2020-10-19 13:54:00,54.77,55.03,54.75,55.02,0,0,714363
9225,2020-10-19 13:55:00,55.03,55.27,54.99,55.26,0,0,832488
9226,2020-10-19 13:56:00,55.25,55.57,55.25,55.53,0,0,589619
9227,2020-10-19 13:57:00,55.52,55.66,55.41,55.55,0,0,447906
9228,2020-10-19 13:58:00,55.56,55.67,55.33,55.38,0,0,354048
9229,2020-10-19 13:59:00,55.39,55.68,55.38,55.63,0,0,247659
9230,2020-10-19 14:00:00,55.62,55.62,55.38,55.4,0,0,333255
9231,2020-10-19 14:01:00,55.4,55.41,55.13,55.13,0,0,293306
9232,2020-10-19 14:02:00,55.13,55.21,55.1,55.2,0,0,149615
9233,2020-10-19 14:03:00,55.21,55.33,55.21,55.22,0,0,235036
9234,2020-10-19 14:04:00,55.22,55.46,55.22,55.45,0,0,282817
9235,2020-10-19 14:05:00,55.46,55.52,55.41,55.44,0,0,171720
9236,2020-10-19 14:06:00,55.43,55.53,55.42,55.47,0,0,182558
9237,2020-10-19 14:07:00,55.47,55.54,55.46,55.53,0,0,162405
9238,2020-10-19 14:08:00,55.53,55.69,55.51,55.68,0,0,317997
9239,2020-10-19 14:09:00,55.67,55.67,55.46,55.47,0,0,139682
9240,2020-10-19 14:10:00,55.47,55.48,55.37,55.38,0,0,152754
9241,2020-10-19 14:11:00,55.37,55.46,55.35,55.41,0,0,247201
9242,2020-10-19 14:12:00,55.42,55.49,55.39,55.43,0,0,190042
9243,2020-10-19 14:13:00,55.43,55.44,55.36,55.38,0,0,89949
9244,2020-10-19 14:14:00,55.38,55.43,55.32,55.42,0,0,212814
9245,2020-10-19 14:15:00,55.42,55.53,55.35,55.37,0,0,202705
9246,2020-10-19 14:16:00,55.36,55.44,55.35,55.41,0,0,105384
9247,2020-10-19 14:17:00,55.41,55.41,55.36,55.4,0,0,83050
9248,2020-10-19 14:18:00,55.4,55.4,55.34,55.34,0,0,54065
9249,2020-10-19 14:19:00,55.35,55.35,55.26,55.26,0,0,113380
9250,2020-10-19 14:20:00,55.26,55.3,55.25,55.26,0,0,156552
9251,2020-10-19 14:21:00,55.26,55.28,55.17,55.18,0,0,95236
9252,2020-10-19 14:22:00,55.18,55.29,55.18,55.22,0,0,96471
9253,2020-10-19 14:23:00,55.22,55.23,55.09,55.09,0,0,187385
9254,2020-10-19 14:24:00,55.09,55.16,55.07,55.12,0,0,128315
9255,2020-10-19 14:25:00,55.12,55.17,55.01,55.1,0,0,350980
9256,2020-10-19 14:26:00,55.1,55.13,55.04,55.07,0,0,172595
9257,2020-10-19 14:27:00,55.06,55.08,55.02,55.05,0,0,113734
9258,2020-10-19 14:28:00,55.05,55.05,55.0,55.03,0,0,205445
9259,2020-10-19 14:29:00,55.03,55.08,55.01,55.03,0,0,139688
9260,2020-10-19 14:30:00,55.02,55.02,54.96,54.97,0,0,172409
9261,2020-10-19 14:31:00,54.97,54.98,54.95,54.95,0,0,59725
9262,2020-10-19 14:32:00,54.96,54.99,54.94,54.97,0,0,174101
9263,2020-10-19 14:33:00,54.97,54.99,54.86,54.88,0,0,109723
9264,2020-10-19 14:34:00,54.88,54.9,54.74,54.79,0,0,202171
9265,2020-10-19 14:35:00,54.8,54.82,54.75,54.78,0,0,118707
9266,2020-10-19 14:36:00,54.78,54.89,54.78,54.88,0,0,101016
9267,2020-10-19 14:37:00,54.88,54.89,54.74,54.74,0,0,118802
9268,2020-10-19 14:38:00,54.75,54.78,54.75,54.78,0,0,90766
9269,2020-10-19 14:39:00,54.76,54.79,54.74,54.74,0,0,60380
9270,2020-10-19 14:40:00,54.74,54.78,54.68,54.69,0,0,151862
9271,2020-10-19 14:41:00,54.69,54.69,54.65,54.67,0,0,127113
9272,2020-10-19 14:42:00,54.68,54.73,54.65,54.67,0,0,118770
9273,2020-10-19 14:43:00,54.67,54.7,54.67,54.68,0,0,40019
9274,2020-10-19 14:44:00,54.69,54.69,54.62,54.65,0,0,147438
9275,2020-10-19 14:45:00,54.65,54.65,54.54,54.57,0,0,214601
9276,2020-10-19 14:46:00,54.56,54.62,54.55,54.61,0,0,100119
9277,2020-10-19 14:47:00,54.61,54.63,54.6,54.6,0,0,84987
9278,2020-10-19 14:48:00,54.61,54.61,54.51,54.51,0,0,137588
9279,2020-10-19 14:49:00,54.51,54.55,54.49,54.49,0,0,99948
9280,2020-10-19 14:50:00,54.5,54.52,54.47,54.51,0,0,151740
9281,2020-10-19 14:51:00,54.51,54.55,54.51,54.53,0,0,78629
9282,2020-10-19 14:52:00,54.53,54.59,54.52,54.56,0,0,95602
9283,2020-10-19 14:53:00,54.56,54.56,54.46,54.49,0,0,76873
9284,2020-10-19 14:54:00,54.49,54.54,54.46,54.51,0,0,117746
9285,2020-10-19 14:55:00,54.51,54.55,54.48,54.54,0,0,80619
9286,2020-10-19 14:56:00,54.53,54.59,54.53,54.58,0,0,74986
9287,2020-10-19 14:57:00,54.58,54.59,54.52,54.53,0,0,96477
9288,2020-10-19 14:58:00,54.53,54.53,54.43,54.43,0,0,125795
9289,2020-10-19 14:59:00,54.44,54.47,54.37,54.38,0,0,124897
9290,2020-10-19 15:00:00,54.39,54.41,54.36,54.38,0,0,147675
9291,2020-10-19 15:01:00,54.38,54.38,54.32,54.33,0,0,60207
9292,2020-10-19 15:02:00,54.32,54.33,54.24,54.24,0,0,138865
9293,2020-10-19 15:03:00,54.25,54.37,54.25,54.36,0,0,121412
9294,2020-10-19 15:04:00,54.36,54.37,54.31,54.33,0,0,87979
9295,2020-10-19 15:05:00,54.33,54.36,54.3,54.31,0,0,47894
9296,2020-10-19 15:06:00,54.31,54.32,54.25,54.31,0,0,105298
9297,2020-10-19 15:07:00,54.3,54.33,54.27,54.27,0,0,75139
9298,2020-10-19 15:08:00,54.28,54.34,54.27,54.3,0,0,67863
9299,2020-10-19 15:09:00,54.31,54.37,54.26,54.35,0,0,90936
9300,2020-10-19 15:10:00,54.35,54.37,54.3,54.37,0,0,106082
9301,2020-10-19 15:11:00,54.36,54.41,54.33,54.38,0,0,214759
9302,2020-10-19 15:12:00,54.38,54.42,54.36,54.39,0,0,85376
9303,2020-10-19 15:13:00,54.39,54.39,54.31,54.37,0,0,103297
9304,2020-10-19 15:14:00,54.35,54.45,54.35,54.42,0,0,104167
9305,2020-10-19 15:15:00,54.41,54.43,54.35,54.37,0,0,163207
9306,2020-10-19 15:16:00,54.37,54.4,54.35,54.38,0,0,70752
9307,2020-10-19 15:17:00,54.38,54.45,54.38,54.44,0,0,75511
9308,2020-10-19 15:18:00,54.45,54.45,54.38,54.4,0,0,107843
9309,2020-10-19 15:19:00,54.39,54.42,54.37,54.37,0,0,97160
9310,2020-10-19 15:20:00,54.36,54.38,54.31,54.38,0,0,109094
9311,2020-10-19 15:21:00,54.37,54.4,54.35,54.38,0,0,50077
9312,2020-10-19 15:22:00,54.39,54.43,54.36,54.41,0,0,105348
9313,2020-10-19 15:23:00,54.41,54.46,54.41,54.45,0,0,111340
9314,2020-10-19 15:24:00,54.46,54.46,54.34,54.34,0,0,154321
9315,2020-10-19 15:25:00,54.35,54.44,54.35,54.43,0,0,100533
9316,2020-10-19 15:26:00,54.44,54.44,54.4,54.44,0,0,88383
9317,2020-10-19 15:27:00,54.44,54.47,54.42,54.44,0,0,91009
9318,2020-10-19 15:28:00,54.45,54.55,54.44,54.53,0,0,193220
9319,2020-10-19 15:29:00,54.54,54.54,54.51,54.53,0,0,194466
9320,2020-10-19 15:30:00,54.52,54.59,54.51,54.59,0,0,143113
9321,2020-10-19 15:31:00,54.59,54.63,54.57,54.61,0,0,172608
9322,2020-10-19 15:32:00,54.6,54.69,54.6,54.67,0,0,197657
9323,2020-10-19 15:33:00,54.67,54.67,54.59,54.62,0,0,156170
9324,2020-10-19 15:34:00,54.62,54.62,54.56,54.56,0,0,90292
9325,2020-10-19 15:35:00,54.56,54.62,54.56,54.61,0,0,69531
9326,2020-10-19 15:36:00,54.6,54.66,54.6,54.64,0,0,130920
9327,2020-10-19 15:37:00,54.64,54.67,54.61,54.66,0,0,113709
9328,2020-10-19 15:38:00,54.66,54.75,54.65,54.74,0,0,173016
9329,2020-10-19 15:39:00,54.73,54.74,54.67,54.73,0,0,196928
9330,2020-10-19 15:40:00,54.72,54.75,54.65,54.65,0,0,268556
9331,2020-10-19 15:41:00,54.65,54.69,54.64,54.69,0,0,121997
9332,2020-10-19 15:42:00,54.69,54.72,54.66,54.67,0,0,109642
9333,2020-10-19 15:43:00,54.68,54.71,54.62,54.62,0,0,167990
9334,2020-10-19 15:44:00,54.63,54.63,54.53,54.55,0,0,151008
9335,2020-10-19 15:45:00,54.56,54.61,54.53,54.6,0,0,220777
9336,2020-10-19 15:46:00,54.6,54.63,54.59,54.63,0,0,194938
9337,2020-10-19 15:47:00,54.63,54.63,54.6,54.63,0,0,173717
9338,2020-10-19 15:48:00,54.62,54.66,54.62,54.65,0,0,155548
9339,2020-10-19 15:49:00,54.65,54.67,54.58,54.63,0,0,199366
9340,2020-10-19 15:50:00,54.63,54.63,54.51,54.54,0,0,283020
9341,2020-10-19 15:51:00,54.54,54.55,54.49,54.51,0,0,133874
9342,2020-10-19 15:52:00,54.51,54.59,54.49,54.56,0,0,309380
9343,2020-10-19 15:53:00,54.55,54.56,54.47,54.53,0,0,248298
9344,2020-10-19 15:54:00,54.54,54.62,54.49,54.51,0,0,603600
9345,2020-10-19 15:55:00,54.52,54.63,54.5,54.62,0,0,413892
9346,2020-10-19 15:56:00,54.62,54.65,54.58,54.6,0,0,292711
9347,2020-10-19 15:57:00,54.6,54.63,54.58,54.6,0,0,411853
9348,2020-10-19 15:58:00,54.6,54.62,54.58,54.62,0,0,376925
9349,2020-10-19 15:59:00,54.61,54.64,54.54,54.6,0,0,795755
9350,2020-10-20 09:30:00,54.6,54.7,54.54,54.58,0,0,637078
9351,2020-10-20 09:31:00,54.57,54.62,54.34,54.34,0,0,199811
9352,2020-10-20 09:32:00,54.36,54.36,54.08,54.26,0,0,282339
9353,2020-10-20 09:33:00,54.26,54.35,54.18,54.19,0,0,120713
9354,2020-10-20 09:34:00,54.19,54.25,54.11,54.25,0,0,110731
9355,2020-10-20 09:35:00,54.25,54.29,54.19,54.26,0,0,137321
9356,2020-10-20 09:36:00,54.26,54.26,54.13,54.2,0,0,171298
9357,2020-10-20 09:37:00,54.19,54.19,53.97,54.04,0,0,195916
9358,2020-10-20 09:38:00,54.04,54.21,54.04,54.09,0,0,124592
9359,2020-10-20 09:39:00,54.09,54.09,53.96,53.97,0,0,133482
9360,2020-10-20 09:40:00,53.98,54.17,53.94,54.07,0,0,98040
9361,2020-10-20 09:41:00,54.08,54.17,54.07,54.13,0,0,63193
9362,2020-10-20 09:42:00,54.13,54.27,54.12,54.22,0,0,133556
9363,2020-10-20 09:43:00,54.22,54.24,54.14,54.17,0,0,76466
9364,2020-10-20 09:44:00,54.16,54.22,54.09,54.15,0,0,114562
9365,2020-10-20 09:45:00,54.15,54.16,54.01,54.03,0,0,174110
9366,2020-10-20 09:46:00,54.03,54.03,53.94,53.97,0,0,83611
9367,2020-10-20 09:47:00,53.98,53.99,53.94,53.97,0,0,55079
9368,2020-10-20 09:48:00,53.96,53.97,53.92,53.92,0,0,64069
9369,2020-10-20 09:49:00,53.92,53.93,53.85,53.87,0,0,90087
9370,2020-10-20 09:50:00,53.86,53.91,53.85,53.88,0,0,95124
9371,2020-10-20 09:51:00,53.87,53.9,53.78,53.8,0,0,115654
9372,2020-10-20 09:52:00,53.8,53.81,53.76,53.76,0,0,70252
9373,2020-10-20 09:53:00,53.77,53.83,53.76,53.8,0,0,58182
9374,2020-10-20 09:54:00,53.79,53.86,53.78,53.78,0,0,69057
9375,2020-10-20 09:55:00,53.78,53.81,53.77,53.79,0,0,76016
9376,2020-10-20 09:56:00,53.79,53.83,53.73,53.81,0,0,115931
9377,2020-10-20 09:57:00,53.81,53.95,53.8,53.93,0,0,95358
9378,2020-10-20 09:58:00,53.93,54.03,53.93,54.0,0,0,104164
9379,2020-10-20 09:59:00,54.0,54.03,54.0,54.02,0,0,62531
9380,2020-10-20 10:00:00,54.02,54.04,53.96,53.97,0,0,61674
9381,2020-10-20 10:01:00,53.96,54.0,53.91,53.92,0,0,65705
9382,2020-10-20 10:02:00,53.92,54.02,53.92,53.96,0,0,64916
9383,2020-10-20 10:03:00,53.96,53.97,53.91,53.94,0,0,60543
9384,2020-10-20 10:04:00,53.94,54.04,53.94,54.02,0,0,50643
9385,2020-10-20 10:05:00,54.03,54.18,54.02,54.18,0,0,91816
9386,2020-10-20 10:06:00,54.17,54.18,54.13,54.15,0,0,64669
9387,2020-10-20 10:07:00,54.14,54.16,54.09,54.1,0,0,44465
9388,2020-10-20 10:08:00,54.1,54.13,54.06,54.08,0,0,102835
9389,2020-10-20 10:09:00,54.08,54.14,54.08,54.11,0,0,49448
9390,2020-10-20 10:10:00,54.11,54.14,54.09,54.1,0,0,61787
9391,2020-10-20 10:11:00,54.1,54.12,54.07,54.12,0,0,114097
9392,2020-10-20 10:12:00,54.11,54.15,54.07,54.15,0,0,75812
9393,2020-10-20 10:13:00,54.15,54.17,54.1,54.13,0,0,78912
9394,2020-10-20 10:14:00,54.14,54.14,54.05,54.09,0,0,115229
9395,2020-10-20 10:15:00,54.1,54.1,54.03,54.04,0,0,76133
9396,2020-10-20 10:16:00,54.04,54.04,53.96,53.96,0,0,66221
9397,2020-10-20 10:17:00,53.97,53.99,53.93,53.96,0,0,77210
9398,2020-10-20 10:18:00,53.97,54.0,53.96,53.99,0,0,61363
9399,2020-10-20 10:19:00,53.99,53.99,53.9,53.94,0,0,80532
9400,2020-10-20 10:20:00,53.93,53.98,53.93,53.97,0,0,28015
9401,2020-10-20 10:21:00,53.97,54.07,53.97,54.05,0,0,66684
9402,2020-10-20 10:22:00,54.06,54.11,54.03,54.08,0,0,72434
9403,2020-10-20 10:23:00,54.09,54.1,54.02,54.03,0,0,47671
9404,2020-10-20 10:24:00,54.04,54.07,54.02,54.03,0,0,50620
9405,2020-10-20 10:25:00,54.03,54.07,54.01,54.07,0,0,35221
9406,2020-10-20 10:26:00,54.07,54.08,54.04,54.06,0,0,59397
9407,2020-10-20 10:27:00,54.05,54.05,54.01,54.03,0,0,41427
9408,2020-10-20 10:28:00,54.04,54.09,54.04,54.06,0,0,33445
9409,2020-10-20 10:29:00,54.07,54.09,54.03,54.03,0,0,96746
9410,2020-10-20 10:30:00,54.03,54.1,54.03,54.09,0,0,55660
9411,2020-10-20 10:31:00,54.09,54.11,54.06,54.08,0,0,35476
9412,2020-10-20 10:32:00,54.09,54.11,54.06,54.08,0,0,22480
9413,2020-10-20 10:33:00,54.08,54.12,54.04,54.11,0,0,55803
9414,2020-10-20 10:34:00,54.11,54.13,54.02,54.02,0,0,41334
9415,2020-10-20 10:35:00,54.02,54.08,53.98,54.07,0,0,85051
9416,2020-10-20 10:36:00,54.08,54.08,54.06,54.07,0,0,44406
9417,2020-10-20 10:37:00,54.07,54.11,54.07,54.08,0,0,34323
9418,2020-10-20 10:38:00,54.08,54.1,54.06,54.08,0,0,42707
9419,2020-10-20 10:39:00,54.09,54.1,54.08,54.09,0,0,27098
9420,2020-10-20 10:40:00,54.09,54.15,54.09,54.12,0,0,60062
9421,2020-10-20 10:41:00,54.12,54.14,54.12,54.13,0,0,56910
9422,2020-10-20 10:42:00,54.13,54.17,54.1,54.12,0,0,71781
9423,2020-10-20 10:43:00,54.11,54.12,54.07,54.12,0,0,54302
9424,2020-10-20 10:44:00,54.12,54.15,54.12,54.13,0,0,41103
9425,2020-10-20 10:45:00,54.13,54.2,54.13,54.18,0,0,82923
9426,2020-10-20 10:46:00,54.18,54.22,54.18,54.19,0,0,54658
9427,2020-10-20 10:47:00,54.18,54.21,54.12,54.14,0,0,41799
9428,2020-10-20 10:48:00,54.14,54.15,54.1,54.12,0,0,39913
9429,2020-10-20 10:49:00,54.12,54.19,54.12,54.17,0,0,32377
9430,2020-10-20 10:50:00,54.17,54.22,54.16,54.19,0,0,42749
9431,2020-10-20 10:51:00,54.18,54.21,54.15,54.21,0,0,51859
9432,2020-10-20 10:52:00,54.21,54.22,54.18,54.22,0,0,31518
9433,2020-10-20 10:53:00,54.22,54.26,54.22,54.25,0,0,33274
9434,2020-10-20 10:54:00,54.24,54.24,54.14,54.15,0,0,61700
9435,2020-10-20 10:55:00,54.16,54.18,54.12,54.12,0,0,84407
9436,2020-10-20 10:56:00,54.13,54.17,54.12,54.14,0,0,60687
9437,2020-10-20 10:57:00,54.14,54.15,54.06,54.08,0,0,72914
9438,2020-10-20 10:58:00,54.08,54.12,54.06,54.08,0,0,69824
9439,2020-10-20 10:59:00,54.08,54.12,54.03,54.03,0,0,69748
9440,2020-10-20 11:00:00,54.02,54.08,53.99,54.02,0,0,82548
9441,2020-10-20 11:01:00,54.02,54.04,53.92,53.93,0,0,99117
9442,2020-10-20 11:02:00,53.94,53.94,53.86,53.92,0,0,84060
9443,2020-10-20 11:03:00,53.92,53.92,53.83,53.85,0,0,68695
9444,2020-10-20 11:04:00,53.86,53.88,53.81,53.85,0,0,41592
9445,2020-10-20 11:05:00,53.85,53.86,53.81,53.85,0,0,72654
9446,2020-10-20 11:06:00,53.85,53.92,53.85,53.92,0,0,57089
9447,2020-10-20 11:07:00,53.92,53.95,53.92,53.92,0,0,34889
9448,2020-10-20 11:08:00,53.93,53.97,53.92,53.94,0,0,51675
9449,2020-10-20 11:09:00,53.94,53.96,53.92,53.95,0,0,26061
9450,2020-10-20 11:10:00,53.95,54.04,53.94,54.01,0,0,53864
9451,2020-10-20 11:11:00,54.01,54.03,54.01,54.02,0,0,35180
9452,2020-10-20 11:12:00,54.01,54.02,53.97,53.98,0,0,46384
9453,2020-10-20 11:13:00,53.99,53.99,53.97,53.97,0,0,44826
9454,2020-10-20 11:14:00,54.0,54.01,53.97,53.97,0,0,27779
9455,2020-10-20 11:15:00,53.97,54.0,53.96,53.97,0,0,34483
9456,2020-10-20 11:16:00,53.97,53.98,53.96,53.98,0,0,25433
9457,2020-10-20 11:17:00,53.97,53.99,53.96,53.97,0,0,52999
9458,2020-10-20 11:18:00,53.97,53.99,53.97,53.97,0,0,24097
9459,2020-10-20 11:19:00,53.98,54.01,53.97,54.0,0,0,14422
9460,2020-10-20 11:20:00,54.0,54.0,53.9,53.9,0,0,56185
9461,2020-10-20 11:21:00,53.9,53.92,53.88,53.89,0,0,38233
9462,2020-10-20 11:22:00,53.9,53.95,53.89,53.94,0,0,28745
9463,2020-10-20 11:23:00,53.94,54.02,53.93,54.01,0,0,58818
9464,2020-10-20 11:24:00,54.01,54.02,53.97,53.99,0,0,66135
9465,2020-10-20 11:25:00,54.0,54.01,53.99,53.99,0,0,51640
9466,2020-10-20 11:26:00,53.98,53.99,53.92,53.93,0,0,42828
9467,2020-10-20 11:27:00,53.94,53.95,53.9,53.9,0,0,44692
9468,2020-10-20 11:28:00,53.9,53.9,53.85,53.86,0,0,76854
9469,2020-10-20 11:29:00,53.87,53.88,53.85,53.87,0,0,48314
9470,2020-10-20 11:30:00,53.88,53.89,53.79,53.8,0,0,83792
9471,2020-10-20 11:31:00,53.8,53.8,53.76,53.79,0,0,174753
9472,2020-10-20 11:32:00,53.79,53.79,53.74,53.78,0,0,49368
9473,2020-10-20 11:33:00,53.78,53.8,53.77,53.78,0,0,33910
9474,2020-10-20 11:34:00,53.79,53.81,53.73,53.76,0,0,82786
9475,2020-10-20 11:35:00,53.76,53.78,53.75,53.75,0,0,25339
9476,2020-10-20 11:36:00,53.78,53.8,53.77,53.79,0,0,30613
9477,2020-10-20 11:37:00,53.8,53.8,53.75,53.77,0,0,45739
9478,2020-10-20 11:38:00,53.76,53.78,53.74,53.77,0,0,43947
9479,2020-10-20 11:39:00,53.76,53.8,53.75,53.78,0,0,49184
9480,2020-10-20 11:40:00,53.78,53.8,53.74,53.74,0,0,63078
9481,2020-10-20 11:41:00,53.74,53.75,53.68,53.69,0,0,102899
9482,2020-10-20 11:42:00,53.69,53.7,53.67,53.69,0,0,39465
9483,2020-10-20 11:43:00,53.69,53.72,53.68,53.71,0,0,34729
9484,2020-10-20 11:44:00,53.7,53.76,53.7,53.74,0,0,50336
9485,2020-10-20 11:45:00,53.75,53.79,53.74,53.77,0,0,33239
9486,2020-10-20 11:46:00,53.76,53.77,53.74,53.76,0,0,24137
9487,2020-10-20 11:47:00,53.76,53.81,53.76,53.78,0,0,43531
9488,2020-10-20 11:48:00,53.78,53.8,53.74,53.76,0,0,105905
9489,2020-10-20 11:49:00,53.76,53.76,53.72,53.72,0,0,48676
9490,2020-10-20 11:50:00,53.73,53.75,53.72,53.74,0,0,25619
9491,2020-10-20 11:51:00,53.74,53.74,53.71,53.74,0,0,36546
9492,2020-10-20 11:52:00,53.74,53.76,53.74,53.74,0,0,27912
9493,2020-10-20 11:53:00,53.74,53.74,53.71,53.74,0,0,28916
9494,2020-10-20 11:54:00,53.74,53.76,53.71,53.74,0,0,52299
9495,2020-10-20 11:55:00,53.75,53.75,53.71,53.72,0,0,21738
9496,2020-10-20 11:56:00,53.72,53.8,53.72,53.76,0,0,54611
9497,2020-10-20 11:57:00,53.76,53.76,53.74,53.76,0,0,19642
9498,2020-10-20 11:58:00,53.76,53.77,53.73,53.74,0,0,27780
9499,2020-10-20 11:59:00,53.74,53.77,53.73,53.76,0,0,34213
9500,2020-10-20 12:00:00,53.77,53.78,53.75,53.78,0,0,39817
9501,2020-10-20 12:01:00,53.77,53.81,53.75,53.81,0,0,44727
9502,2020-10-20 12:02:00,53.81,53.82,53.79,53.81,0,0,36154
9503,2020-10-20 12:03:00,53.82,53.84,53.81,53.81,0,0,33520
9504,2020-10-20 12:04:00,53.81,53.83,53.81,53.82,0,0,28266
9505,2020-10-20 12:05:00,53.82,53.85,53.82,53.83,0,0,40848
9506,2020-10-20 12:06:00,53.84,53.85,53.79,53.8,0,0,26910
9507,2020-10-20 12:07:00,53.79,53.8,53.72,53.74,0,0,52522
9508,2020-10-20 12:08:00,53.74,53.76,53.7,53.7,0,0,32058
9509,2020-10-20 12:09:00,53.71,53.72,53.7,53.72,0,0,25208
9510,2020-10-20 12:10:00,53.72,53.74,53.72,53.72,0,0,31289
9511,2020-10-20 12:11:00,53.72,53.74,53.71,53.73,0,0,25509
9512,2020-10-20 12:12:00,53.73,53.74,53.72,53.72,0,0,26457
9513,2020-10-20 12:13:00,53.72,53.73,53.72,53.72,0,0,18604
9514,2020-10-20 12:14:00,53.72,53.74,53.71,53.73,0,0,43503
9515,2020-10-20 12:15:00,53.73,53.75,53.73,53.73,0,0,25792
9516,2020-10-20 12:16:00,53.74,53.74,53.71,53.71,0,0,23007
9517,2020-10-20 12:17:00,53.72,53.74,53.71,53.73,0,0,30420
9518,2020-10-20 12:18:00,53.73,53.74,53.71,53.72,0,0,20073
9519,2020-10-20 12:19:00,53.71,53.72,53.65,53.66,0,0,59810
9520,2020-10-20 12:20:00,53.66,53.68,53.65,53.67,0,0,67731
9521,2020-10-20 12:21:00,53.67,53.67,53.65,53.66,0,0,24141
9522,2020-10-20 12:22:00,53.66,53.67,53.62,53.65,0,0,63709
9523,2020-10-20 12:23:00,53.65,53.67,53.65,53.67,0,0,25952
9524,2020-10-20 12:24:00,53.66,53.67,53.65,53.65,0,0,23164
9525,2020-10-20 12:25:00,53.66,53.67,53.66,53.66,0,0,16985
9526,2020-10-20 12:26:00,53.67,53.68,53.65,53.66,0,0,15785
9527,2020-10-20 12:27:00,53.65,53.65,53.63,53.64,0,0,43872
9528,2020-10-20 12:28:00,53.63,53.64,53.62,53.62,0,0,20426
9529,2020-10-20 12:29:00,53.62,53.66,53.62,53.65,0,0,32955
9530,2020-10-20 12:30:00,53.65,53.72,53.65,53.71,0,0,81187
9531,2020-10-20 12:31:00,53.71,53.75,53.67,53.67,0,0,49485
9532,2020-10-20 12:32:00,53.67,53.69,53.64,53.68,0,0,29525
9533,2020-10-20 12:33:00,53.69,53.78,53.69,53.76,0,0,64393
9534,2020-10-20 12:34:00,53.76,53.88,53.74,53.83,0,0,108737
9535,2020-10-20 12:35:00,53.83,53.89,53.81,53.81,0,0,53810
9536,2020-10-20 12:36:00,53.81,53.83,53.75,53.76,0,0,32298
9537,2020-10-20 12:37:00,53.76,53.8,53.74,53.78,0,0,49167
9538,2020-10-20 12:38:00,53.78,53.79,53.74,53.74,0,0,33845
9539,2020-10-20 12:39:00,53.74,53.77,53.72,53.75,0,0,48111
9540,2020-10-20 12:40:00,53.74,53.77,53.74,53.76,0,0,14842
9541,2020-10-20 12:41:00,53.76,53.76,53.74,53.76,0,0,22125
9542,2020-10-20 12:42:00,53.76,53.8,53.76,53.79,0,0,40506
9543,2020-10-20 12:43:00,53.8,53.87,53.8,53.86,0,0,43979
9544,2020-10-20 12:44:00,53.86,53.89,53.85,53.85,0,0,30978
9545,2020-10-20 12:45:00,53.85,53.88,53.85,53.85,0,0,37583
9546,2020-10-20 12:46:00,53.86,53.87,53.81,53.85,0,0,44819
9547,2020-10-20 12:47:00,53.85,53.87,53.85,53.87,0,0,30069
9548,2020-10-20 12:48:00,53.86,53.92,53.85,53.92,0,0,46792
9549,2020-10-20 12:49:00,53.91,53.93,53.9,53.92,0,0,67237
9550,2020-10-20 12:50:00,53.92,53.92,53.88,53.89,0,0,32795
9551,2020-10-20 12:51:00,53.88,53.9,53.88,53.9,0,0,15656
9552,2020-10-20 12:52:00,53.9,53.92,53.88,53.9,0,0,25965
9553,2020-10-20 12:53:00,53.9,53.92,53.87,53.88,0,0,20949
9554,2020-10-20 12:54:00,53.88,53.88,53.84,53.86,0,0,19463
9555,2020-10-20 12:55:00,53.87,53.87,53.81,53.81,0,0,37163
9556,2020-10-20 12:56:00,53.82,53.83,53.78,53.78,0,0,40939
9557,2020-10-20 12:57:00,53.79,53.83,53.78,53.81,0,0,26877
9558,2020-10-20 12:58:00,53.82,53.82,53.81,53.81,0,0,11670
9559,2020-10-20 12:59:00,53.81,53.86,53.81,53.86,0,0,32710
9560,2020-10-20 13:00:00,53.85,53.87,53.83,53.87,0,0,23519
9561,2020-10-20 13:01:00,53.86,53.86,53.84,53.85,0,0,17130
9562,2020-10-20 13:02:00,53.85,53.89,53.85,53.88,0,0,23883
9563,2020-10-20 13:03:00,53.88,53.9,53.87,53.87,0,0,37236
9564,2020-10-20 13:04:00,53.87,53.89,53.86,53.87,0,0,38691
9565,2020-10-20 13:05:00,53.86,53.93,53.85,53.92,0,0,21986
9566,2020-10-20 13:06:00,53.93,53.94,53.91,53.94,0,0,25159
9567,2020-10-20 13:07:00,53.94,53.94,53.91,53.91,0,0,41180
9568,2020-10-20 13:08:00,53.92,53.93,53.85,53.87,0,0,44398
9569,2020-10-20 13:09:00,53.86,53.89,53.86,53.88,0,0,27882
9570,2020-10-20 13:10:00,53.88,53.88,53.86,53.87,0,0,12859
9571,2020-10-20 13:11:00,53.87,53.88,53.83,53.85,0,0,56333
9572,2020-10-20 13:12:00,53.85,53.86,53.83,53.85,0,0,51857
9573,2020-10-20 13:13:00,53.85,53.92,53.85,53.92,0,0,48673
9574,2020-10-20 13:14:00,53.92,53.95,53.9,53.92,0,0,51623
9575,2020-10-20 13:15:00,53.92,53.96,53.92,53.93,0,0,30443
9576,2020-10-20 13:16:00,53.94,53.95,53.92,53.93,0,0,25469
9577,2020-10-20 13:17:00,53.93,53.95,53.92,53.93,0,0,35969
9578,2020-10-20 13:18:00,53.92,53.93,53.9,53.93,0,0,21459
9579,2020-10-20 13:19:00,53.93,53.94,53.88,53.89,0,0,31415
9580,2020-10-20 13:20:00,53.89,53.89,53.85,53.87,0,0,38731
9581,2020-10-20 13:21:00,53.88,53.91,53.88,53.89,0,0,35360
9582,2020-10-20 13:22:00,53.9,53.92,53.9,53.92,0,0,34841
9583,2020-10-20 13:23:00,53.91,53.92,53.91,53.91,0,0,23658
9584,2020-10-20 13:24:00,53.9,53.92,53.89,53.92,0,0,19200
9585,2020-10-20 13:25:00,53.91,53.92,53.89,53.92,0,0,36907
9586,2020-10-20 13:26:00,53.92,53.94,53.91,53.93,0,0,21134
9587,2020-10-20 13:27:00,53.93,53.94,53.92,53.92,0,0,39370
9588,2020-10-20 13:28:00,53.92,53.95,53.92,53.92,0,0,30534
9589,2020-10-20 13:29:00,53.92,53.93,53.9,53.92,0,0,59683
9590,2020-10-20 13:30:00,53.92,53.94,53.92,53.92,0,0,21183
9591,2020-10-20 13:31:00,53.93,53.94,53.91,53.92,0,0,33191
9592,2020-10-20 13:32:00,53.92,53.93,53.91,53.91,0,0,17249
9593,2020-10-20 13:33:00,53.92,53.92,53.89,53.9,0,0,32937
9594,2020-10-20 13:34:00,53.91,53.93,53.88,53.9,0,0,42413
9595,2020-10-20 13:35:00,53.89,53.92,53.88,53.92,0,0,19390
9596,2020-10-20 13:36:00,53.92,53.97,53.92,53.96,0,0,47442
9597,2020-10-20 13:37:00,53.97,53.99,53.94,53.98,0,0,34499
9598,2020-10-20 13:38:00,53.99,53.99,53.97,53.97,0,0,26410
9599,2020-10-20 13:39:00,53.97,54.0,53.97,54.0,0,0,30634
9600,2020-10-20 13:40:00,54.0,54.03,53.98,54.0,0,0,108525
9601,2020-10-20 13:41:00,54.01,54.03,53.99,54.02,0,0,28281
9602,2020-10-20 13:42:00,54.03,54.03,53.93,53.94,0,0,23096
9603,2020-10-20 13:43:00,53.94,53.94,53.87,53.87,0,0,37360
9604,2020-10-20 13:44:00,53.88,53.93,53.87,53.92,0,0,29807
9605,2020-10-20 13:45:00,53.93,53.94,53.91,53.94,0,0,19681
9606,2020-10-20 13:46:00,53.94,53.94,53.92,53.93,0,0,21223
9607,2020-10-20 13:47:00,53.93,53.93,53.9,53.91,0,0,22574
9608,2020-10-20 13:48:00,53.92,53.94,53.9,53.94,0,0,19949
9609,2020-10-20 13:49:00,53.94,53.95,53.94,53.95,0,0,25174
9610,2020-10-20 13:50:00,53.94,53.94,53.89,53.9,0,0,34375
9611,2020-10-20 13:51:00,53.9,53.91,53.89,53.9,0,0,16626
9612,2020-10-20 13:52:00,53.9,53.94,53.9,53.94,0,0,52446
9613,2020-10-20 13:53:00,53.94,53.95,53.9,53.91,0,0,36152
9614,2020-10-20 13:54:00,53.9,53.93,53.88,53.88,0,0,28324
9615,2020-10-20 13:55:00,53.89,53.9,53.88,53.88,0,0,23299
9616,2020-10-20 13:56:00,53.88,53.89,53.82,53.83,0,0,61025
9617,2020-10-20 13:57:00,53.83,53.83,53.72,53.73,0,0,104865
9618,2020-10-20 13:58:00,53.73,53.76,53.71,53.75,0,0,50705
9619,2020-10-20 13:59:00,53.75,53.79,53.75,53.77,0,0,25547
9620,2020-10-20 14:00:00,53.78,53.79,53.76,53.79,0,0,30707
9621,2020-10-20 14:01:00,53.79,53.8,53.78,53.79,0,0,25213
9622,2020-10-20 14:02:00,53.78,53.8,53.76,53.78,0,0,29001
9623,2020-10-20 14:03:00,53.77,53.78,53.76,53.76,0,0,18946
9624,2020-10-20 14:04:00,53.76,53.76,53.72,53.72,0,0,28593
9625,2020-10-20 14:05:00,53.72,53.75,53.72,53.73,0,0,50715
9626,2020-10-20 14:06:00,53.74,53.74,53.67,53.7,0,0,104143
9627,2020-10-20 14:07:00,53.7,53.72,53.69,53.72,0,0,19942
9628,2020-10-20 14:08:00,53.72,53.75,53.72,53.74,0,0,30321
9629,2020-10-20 14:09:00,53.74,53.78,53.74,53.76,0,0,47186
9630,2020-10-20 14:10:00,53.76,53.78,53.74,53.77,0,0,30692
9631,2020-10-20 14:11:00,53.78,53.83,53.77,53.83,0,0,43914
9632,2020-10-20 14:12:00,53.82,53.83,53.78,53.83,0,0,45828
9633,2020-10-20 14:13:00,53.82,53.83,53.78,53.79,0,0,36115
9634,2020-10-20 14:14:00,53.8,53.81,53.77,53.79,0,0,33567
9635,2020-10-20 14:15:00,53.8,53.82,53.79,53.81,0,0,32424
9636,2020-10-20 14:16:00,53.8,53.81,53.77,53.8,0,0,41071
9637,2020-10-20 14:17:00,53.81,53.82,53.79,53.81,0,0,29777
9638,2020-10-20 14:18:00,53.81,53.86,53.81,53.86,0,0,45287
9639,2020-10-20 14:19:00,53.86,53.89,53.84,53.88,0,0,82859
9640,2020-10-20 14:20:00,53.89,53.89,53.78,53.81,0,0,76599
9641,2020-10-20 14:21:00,53.81,53.83,53.81,53.81,0,0,20010
9642,2020-10-20 14:22:00,53.81,53.83,53.78,53.81,0,0,45472
9643,2020-10-20 14:23:00,53.8,53.81,53.75,53.78,0,0,39200
9644,2020-10-20 14:24:00,53.78,53.78,53.75,53.76,0,0,39480
9645,2020-10-20 14:25:00,53.77,53.81,53.76,53.78,0,0,31794
9646,2020-10-20 14:26:00,53.78,53.82,53.76,53.81,0,0,66578
9647,2020-10-20 14:27:00,53.81,53.81,53.76,53.78,0,0,39836
9648,2020-10-20 14:28:00,53.78,53.79,53.78,53.78,0,0,7875
9649,2020-10-20 14:29:00,53.79,53.79,53.74,53.76,0,0,44805
9650,2020-10-20 14:30:00,53.76,53.81,53.76,53.79,0,0,37795
9651,2020-10-20 14:31:00,53.79,53.79,53.76,53.76,0,0,17505
9652,2020-10-20 14:32:00,53.76,53.76,53.74,53.75,0,0,28536
9653,2020-10-20 14:33:00,53.76,53.79,53.76,53.78,0,0,42893
9654,2020-10-20 14:34:00,53.8,53.8,53.79,53.79,0,0,17582
9655,2020-10-20 14:35:00,53.79,53.81,53.73,53.76,0,0,61060
9656,2020-10-20 14:36:00,53.76,53.77,53.73,53.74,0,0,22230
9657,2020-10-20 14:37:00,53.74,53.78,53.74,53.76,0,0,28557
9658,2020-10-20 14:38:00,53.76,53.79,53.76,53.78,0,0,32453
9659,2020-10-20 14:39:00,53.78,53.79,53.76,53.79,0,0,47742
9660,2020-10-20 14:40:00,53.79,53.87,53.78,53.85,0,0,45610
9661,2020-10-20 14:41:00,53.85,53.85,53.81,53.81,0,0,17772
9662,2020-10-20 14:42:00,53.81,53.81,53.76,53.78,0,0,42260
9663,2020-10-20 14:43:00,53.79,53.84,53.78,53.82,0,0,39703
9664,2020-10-20 14:44:00,53.82,53.84,53.8,53.83,0,0,31510
9665,2020-10-20 14:45:00,53.83,53.83,53.78,53.78,0,0,35074
9666,2020-10-20 14:46:00,53.78,53.83,53.78,53.8,0,0,52475
9667,2020-10-20 14:47:00,53.79,53.8,53.74,53.75,0,0,33078
9668,2020-10-20 14:48:00,53.76,53.77,53.73,53.76,0,0,31885
9669,2020-10-20 14:49:00,53.76,53.76,53.71,53.74,0,0,34157
9670,2020-10-20 14:50:00,53.73,53.73,53.69,53.71,0,0,56469
9671,2020-10-20 14:51:00,53.69,53.74,53.69,53.74,0,0,38307
9672,2020-10-20 14:52:00,53.74,53.75,53.72,53.74,0,0,33342
9673,2020-10-20 14:53:00,53.73,53.75,53.73,53.74,0,0,12177
9674,2020-10-20 14:54:00,53.75,53.75,53.72,53.72,0,0,26679
9675,2020-10-20 14:55:00,53.72,53.75,53.72,53.75,0,0,67089
9676,2020-10-20 14:56:00,53.74,53.77,53.74,53.76,0,0,31091
9677,2020-10-20 14:57:00,53.77,53.78,53.76,53.77,0,0,18757
9678,2020-10-20 14:58:00,53.77,53.77,53.73,53.74,0,0,45670
9679,2020-10-20 14:59:00,53.74,53.76,53.73,53.74,0,0,36369
9680,2020-10-20 15:00:00,53.75,53.77,53.73,53.76,0,0,47852
9681,2020-10-20 15:01:00,53.77,53.81,53.76,53.8,0,0,45503
9682,2020-10-20 15:02:00,53.81,53.82,53.78,53.81,0,0,28350
9683,2020-10-20 15:03:00,53.81,53.82,53.8,53.81,0,0,20603
9684,2020-10-20 15:04:00,53.82,53.84,53.8,53.82,0,0,28088
9685,2020-10-20 15:05:00,53.81,53.84,53.81,53.81,0,0,30771
9686,2020-10-20 15:06:00,53.8,53.8,53.62,53.64,0,0,127748
9687,2020-10-20 15:07:00,53.63,53.67,53.62,53.67,0,0,54900
9688,2020-10-20 15:08:00,53.67,53.68,53.63,53.65,0,0,27614
9689,2020-10-20 15:09:00,53.65,53.65,53.54,53.57,0,0,98337
9690,2020-10-20 15:10:00,53.58,53.58,53.41,53.47,0,0,215781
9691,2020-10-20 15:11:00,53.47,53.47,53.36,53.4,0,0,232584
9692,2020-10-20 15:12:00,53.4,53.42,53.35,53.4,0,0,63802
9693,2020-10-20 15:13:00,53.41,53.42,53.39,53.39,0,0,51296
9694,2020-10-20 15:14:00,53.4,53.45,53.4,53.41,0,0,51491
9695,2020-10-20 15:15:00,53.41,53.41,53.3,53.37,0,0,134247
9696,2020-10-20 15:16:00,53.37,53.41,53.36,53.37,0,0,55728
9697,2020-10-20 15:17:00,53.38,53.38,53.27,53.37,0,0,131256
9698,2020-10-20 15:18:00,53.37,53.4,53.34,53.37,0,0,50540
9699,2020-10-20 15:19:00,53.37,53.46,53.36,53.42,0,0,62507
9700,2020-10-20 15:20:00,53.42,53.44,53.39,53.41,0,0,119092
9701,2020-10-20 15:21:00,53.4,53.43,53.35,53.35,0,0,73990
9702,2020-10-20 15:22:00,53.35,53.37,53.32,53.33,0,0,49312
9703,2020-10-20 15:23:00,53.33,53.38,53.33,53.35,0,0,77837
9704,2020-10-20 15:24:00,53.36,53.52,53.35,53.4,0,0,233989
9705,2020-10-20 15:25:00,53.41,53.41,53.38,53.38,0,0,46333
9706,2020-10-20 15:26:00,53.38,53.43,53.35,53.41,0,0,47979
9707,2020-10-20 15:27:00,53.4,53.45,53.4,53.44,0,0,50108
9708,2020-10-20 15:28:00,53.43,53.48,53.41,53.48,0,0,53637
9709,2020-10-20 15:29:00,53.48,53.53,53.46,53.51,0,0,73516
9710,2020-10-20 15:30:00,53.51,53.53,53.48,53.51,0,0,62960
9711,2020-10-20 15:31:00,53.51,53.54,53.46,53.54,0,0,69297
9712,2020-10-20 15:32:00,53.54,53.54,53.46,53.46,0,0,58681
9713,2020-10-20 15:33:00,53.46,53.46,53.39,53.42,0,0,60302
9714,2020-10-20 15:34:00,53.43,53.47,53.42,53.44,0,0,60224
9715,2020-10-20 15:35:00,53.44,53.47,53.35,53.37,0,0,78999
9716,2020-10-20 15:36:00,53.37,53.39,53.33,53.37,0,0,86760
9717,2020-10-20 15:37:00,53.37,53.42,53.36,53.42,0,0,558793
9718,2020-10-20 15:38:00,53.43,53.43,53.4,53.41,0,0,57988
9719,2020-10-20 15:39:00,53.42,53.49,53.41,53.47,0,0,72461
9720,2020-10-20 15:40:00,53.47,53.62,53.47,53.6,0,0,123748
9721,2020-10-20 15:41:00,53.61,53.63,53.59,53.59,0,0,70930
9722,2020-10-20 15:42:00,53.6,53.63,53.58,53.6,0,0,61599
9723,2020-10-20 15:43:00,53.6,53.65,53.58,53.6,0,0,95218
9724,2020-10-20 15:44:00,53.6,53.66,53.6,53.65,0,0,59584
9725,2020-10-20 15:45:00,53.66,53.69,53.61,53.65,0,0,112810
9726,2020-10-20 15:46:00,53.65,53.7,53.65,53.68,0,0,92093
9727,2020-10-20 15:47:00,53.67,53.67,53.61,53.66,0,0,63070
9728,2020-10-20 15:48:00,53.65,53.66,53.58,53.6,0,0,62997
9729,2020-10-20 15:49:00,53.6,53.62,53.54,53.57,0,0,89124
9730,2020-10-20 15:50:00,53.56,53.66,53.53,53.56,0,0,268224
9731,2020-10-20 15:51:00,53.54,53.62,53.53,53.58,0,0,109060
9732,2020-10-20 15:52:00,53.58,53.58,53.54,53.58,0,0,80388
9733,2020-10-20 15:53:00,53.58,53.63,53.52,53.62,0,0,131455
9734,2020-10-20 15:54:00,53.63,53.71,53.63,53.65,0,0,141292
9735,2020-10-20 15:55:00,53.63,53.66,53.55,53.58,0,0,203795
9736,2020-10-20 15:56:00,53.57,53.59,53.54,53.58,0,0,143375
9737,2020-10-20 15:57:00,53.58,53.6,53.56,53.58,0,0,165575
9738,2020-10-20 15:58:00,53.59,53.59,53.53,53.53,0,0,205852
9739,2020-10-20 15:59:00,53.53,53.55,53.42,53.43,0,0,613520
9740,2020-10-21 09:30:00,53.14,53.23,52.95,52.96,0,0,730741
9741,2020-10-21 09:31:00,53.05,53.08,53.01,53.04,0,0,116412
9742,2020-10-21 09:32:00,53.04,53.1,52.99,53.08,0,0,120589
9743,2020-10-21 09:33:00,53.08,53.15,53.01,53.01,0,0,172837
9744,2020-10-21 09:34:00,53.09,53.17,53.09,53.15,0,0,93986
9745,2020-10-21 09:35:00,53.06,53.06,53.04,53.04,0,0,82858
9746,2020-10-21 09:36:00,53.03,53.11,53.02,53.04,0,0,70365
9747,2020-10-21 09:37:00,53.0,53.01,52.82,52.84,0,0,142860
9748,2020-10-21 09:38:00,52.88,52.95,52.86,52.92,0,0,76333
9749,2020-10-21 09:39:00,52.96,52.98,52.96,52.97,0,0,69804
9750,2020-10-21 09:40:00,53.0,53.04,53.0,53.04,0,0,68252
9751,2020-10-21 09:41:00,53.07,53.12,53.05,53.08,0,0,72677
9752,2020-10-21 09:42:00,53.09,53.09,52.98,53.03,0,0,66441
9753,2020-10-21 09:43:00,53.04,53.1,53.04,53.05,0,0,58357
9754,2020-10-21 09:44:00,53.04,53.08,53.03,53.08,0,0,42378
9755,2020-10-21 09:45:00,53.08,53.09,53.05,53.08,0,0,70948
9756,2020-10-21 09:46:00,53.16,53.16,53.13,53.13,0,0,70752
9757,2020-10-21 09:47:00,53.14,53.17,53.12,53.12,0,0,68567
9758,2020-10-21 09:48:00,53.17,53.22,53.1,53.19,0,0,103801
9759,2020-10-21 09:49:00,53.23,53.27,53.21,53.21,0,0,57321
9760,2020-10-21 09:50:00,53.21,53.24,53.19,53.21,0,0,56342
9761,2020-10-21 09:51:00,53.21,53.22,53.16,53.17,0,0,57030
9762,2020-10-21 09:52:00,53.25,53.25,53.25,53.25,0,0,50126
9763,2020-10-21 09:53:00,53.25,53.31,53.25,53.3,0,0,38364
9764,2020-10-21 09:54:00,53.38,53.39,53.38,53.39,0,0,30293
9765,2020-10-21 09:55:00,53.38,53.38,53.33,53.35,0,0,55992
9766,2020-10-21 09:56:00,53.38,53.42,53.35,53.37,0,0,104500
9767,2020-10-21 09:57:00,53.37,53.44,53.37,53.4,0,0,38147
9768,2020-10-21 09:58:00,53.42,53.44,53.4,53.43,0,0,34709
9769,2020-10-21 09:59:00,53.42,53.42,53.33,53.35,0,0,50530
9770,2020-10-21 10:00:00,53.35,53.37,53.3,53.3,0,0,66734
9771,2020-10-21 10:01:00,53.3,53.3,53.21,53.22,0,0,122343
9772,2020-10-21 10:02:00,53.22,53.23,53.13,53.15,0,0,83308
9773,2020-10-21 10:03:00,53.15,53.16,53.12,53.14,0,0,47426
9774,2020-10-21 10:04:00,53.15,53.16,53.09,53.1,0,0,58695
9775,2020-10-21 10:05:00,53.1,53.13,53.01,53.11,0,0,194222
9776,2020-10-21 10:06:00,53.12,53.19,53.12,53.18,0,0,78168
9777,2020-10-21 10:07:00,53.19,53.2,53.14,53.15,0,0,55143
9778,2020-10-21 10:08:00,53.14,53.17,53.1,53.15,0,0,41238
9779,2020-10-21 10:09:00,53.15,53.17,53.13,53.15,0,0,38436
9780,2020-10-21 10:10:00,53.15,53.17,53.13,53.17,0,0,32471
9781,2020-10-21 10:11:00,53.17,53.24,53.17,53.22,0,0,51256
9782,2020-10-21 10:12:00,53.21,53.27,53.21,53.26,0,0,51666
9783,2020-10-21 10:13:00,53.26,53.3,53.25,53.29,0,0,33369
9784,2020-10-21 10:14:00,53.3,53.37,53.3,53.36,0,0,53023
9785,2020-10-21 10:15:00,53.37,53.42,53.28,53.3,0,0,52788
9786,2020-10-21 10:16:00,53.3,53.33,53.29,53.32,0,0,21826
9787,2020-10-21 10:17:00,53.33,53.39,53.33,53.35,0,0,32633
9788,2020-10-21 10:18:00,53.35,53.38,53.31,53.32,0,0,33538
9789,2020-10-21 10:19:00,53.33,53.35,53.29,53.35,0,0,40314
9790,2020-10-21 10:20:00,53.35,53.42,53.35,53.41,0,0,51263
9791,2020-10-21 10:21:00,53.41,53.49,53.41,53.49,0,0,38255
9792,2020-10-21 10:22:00,53.48,53.51,53.41,53.42,0,0,66733
9793,2020-10-21 10:23:00,53.43,53.46,53.41,53.44,0,0,42860
9794,2020-10-21 10:24:00,53.44,53.48,53.43,53.45,0,0,35356
9795,2020-10-21 10:25:00,53.45,53.46,53.41,53.42,0,0,49766
9796,2020-10-21 10:26:00,53.42,53.44,53.42,53.43,0,0,32280
9797,2020-10-21 10:27:00,53.44,53.48,53.38,53.38,0,0,54724
9798,2020-10-21 10:28:00,53.39,53.42,53.38,53.39,0,0,39581
9799,2020-10-21 10:29:00,53.39,53.4,53.36,53.37,0,0,41119
9800,2020-10-21 10:30:00,53.36,53.45,53.33,53.44,0,0,56063
9801,2020-10-21 10:31:00,53.44,53.45,53.37,53.45,0,0,42329
9802,2020-10-21 10:32:00,53.46,53.51,53.46,53.48,0,0,44690
9803,2020-10-21 10:33:00,53.48,53.51,53.47,53.51,0,0,43734
9804,2020-10-21 10:34:00,53.52,53.56,53.51,53.52,0,0,51470
9805,2020-10-21 10:35:00,53.53,53.53,53.46,53.46,0,0,43495
9806,2020-10-21 10:36:00,53.47,53.47,53.44,53.44,0,0,46228
9807,2020-10-21 10:37:00,53.45,53.47,53.43,53.46,0,0,35219
9808,2020-10-21 10:38:00,53.46,53.49,53.46,53.49,0,0,25559
9809,2020-10-21 10:39:00,53.5,53.55,53.49,53.55,0,0,81949
9810,2020-10-21 10:40:00,53.56,53.58,53.5,53.58,0,0,31529
9811,2020-10-21 10:41:00,53.58,53.6,53.56,53.59,0,0,39076
9812,2020-10-21 10:42:00,53.59,53.59,53.5,53.53,0,0,62555
9813,2020-10-21 10:43:00,53.53,53.53,53.47,53.49,0,0,45088
9814,2020-10-21 10:44:00,53.49,53.51,53.47,53.49,0,0,36036
9815,2020-10-21 10:45:00,53.49,53.56,53.47,53.47,0,0,77193
9816,2020-10-21 10:46:00,53.48,53.53,53.47,53.52,0,0,47781
9817,2020-10-21 10:47:00,53.52,53.52,53.45,53.47,0,0,64629
9818,2020-10-21 10:48:00,53.47,53.48,53.38,53.42,0,0,45180
9819,2020-10-21 10:49:00,53.42,53.42,53.38,53.4,0,0,35428
9820,2020-10-21 10:50:00,53.4,53.43,53.39,53.4,0,0,39617
9821,2020-10-21 10:51:00,53.4,53.44,53.4,53.44,0,0,37566
9822,2020-10-21 10:52:00,53.43,53.44,53.38,53.41,0,0,81947
9823,2020-10-21 10:53:00,53.41,53.42,53.34,53.34,0,0,29633
9824,2020-10-21 10:54:00,53.35,53.41,53.35,53.4,0,0,40410
9825,2020-10-21 10:55:00,53.4,53.44,53.4,53.43,0,0,42351
9826,2020-10-21 10:56:00,53.43,53.43,53.4,53.41,0,0,17893
9827,2020-10-21 10:59:00,53.4,53.4,53.37,53.37,0,0,76445
9828,2020-10-21 11:00:00,53.32,53.38,53.31,53.37,0,0,69615
9829,2020-10-21 11:01:00,53.37,53.39,53.36,53.37,0,0,24429
9830,2020-10-21 11:02:00,53.38,53.38,53.36,53.37,0,0,28635
9831,2020-10-21 11:03:00,53.38,53.38,53.32,53.33,0,0,46035
9832,2020-10-21 11:04:00,53.33,53.35,53.31,53.35,0,0,32731
9833,2020-10-21 11:05:00,53.35,53.39,53.34,53.38,0,0,31627
9834,2020-10-21 11:06:00,53.4,53.42,53.38,53.42,0,0,36103
9835,2020-10-21 11:07:00,53.41,53.42,53.39,53.4,0,0,20333
9836,2020-10-21 11:08:00,53.41,53.44,53.4,53.44,0,0,21185
9837,2020-10-21 11:09:00,53.44,53.45,53.37,53.4,0,0,56606
9838,2020-10-21 11:10:00,53.39,53.39,53.35,53.37,0,0,33321
9839,2020-10-21 11:11:00,53.36,53.37,53.33,53.35,0,0,37351
9840,2020-10-21 11:12:00,53.34,53.4,53.33,53.39,0,0,73158
9841,2020-10-21 11:13:00,53.39,53.39,53.35,53.38,0,0,33713
9842,2020-10-21 11:14:00,53.37,53.38,53.36,53.38,0,0,22641
9843,2020-10-21 11:15:00,53.38,53.38,53.35,53.36,0,0,103798
9844,2020-10-21 11:16:00,53.35,53.36,53.34,53.36,0,0,96637
9845,2020-10-21 11:17:00,53.36,53.37,53.35,53.35,0,0,28152
9846,2020-10-21 11:27:00,53.45,53.46,53.43,53.44,0,0,445519
9847,2020-10-21 11:28:00,53.45,53.48,53.43,53.46,0,0,39102
9848,2020-10-21 11:29:00,53.46,53.47,53.44,53.45,0,0,20277
9849,2020-10-21 11:30:00,53.45,53.47,53.42,53.47,0,0,46804
9850,2020-10-21 11:31:00,53.46,53.49,53.44,53.47,0,0,43177
9851,2020-10-21 11:32:00,53.47,53.49,53.38,53.4,0,0,59944
9852,2020-10-21 11:33:00,53.4,53.44,53.4,53.43,0,0,26857
9853,2020-10-21 11:34:00,53.43,53.44,53.4,53.4,0,0,29295
9854,2020-10-21 11:35:00,53.4,53.42,53.39,53.39,0,0,25579
9855,2020-10-21 11:36:00,53.4,53.46,53.4,53.46,0,0,21711
9856,2020-10-21 11:37:00,53.46,53.5,53.46,53.49,0,0,31446
9857,2020-10-21 11:38:00,53.49,53.52,53.48,53.51,0,0,31644
9858,2020-10-21 11:39:00,53.52,53.54,53.49,53.52,0,0,76834
9859,2020-10-21 11:40:00,53.52,53.6,53.48,53.56,0,0,77417
9860,2020-10-21 11:41:00,53.56,53.59,53.56,53.58,0,0,18747
9861,2020-10-21 11:42:00,53.58,53.6,53.53,53.53,0,0,36203
9862,2020-10-21 11:43:00,53.53,53.61,53.53,53.6,0,0,31230
9863,2020-10-21 11:44:00,53.61,53.61,53.59,53.6,0,0,17454
9864,2020-10-21 11:45:00,53.59,53.65,53.57,53.63,0,0,42296
9865,2020-10-21 11:46:00,53.63,53.68,53.62,53.64,0,0,49877
9866,2020-10-21 11:47:00,53.64,53.67,53.64,53.65,0,0,22283
9867,2020-10-21 11:48:00,53.65,53.66,53.62,53.66,0,0,25279
9868,2020-10-21 11:49:00,53.66,53.69,53.66,53.68,0,0,20702
9869,2020-10-21 11:50:00,53.68,53.68,53.66,53.68,0,0,17262
9870,2020-10-21 11:51:00,53.68,53.69,53.67,53.68,0,0,14273
9871,2020-10-21 11:52:00,53.67,53.7,53.64,53.65,0,0,35113
9872,2020-10-21 11:53:00,53.65,53.65,53.63,53.65,0,0,106606
9873,2020-10-21 11:54:00,53.64,53.66,53.64,53.65,0,0,21450
9874,2020-10-21 11:55:00,53.65,53.69,53.64,53.66,0,0,23632
9875,2020-10-21 11:56:00,53.65,53.65,53.64,53.65,0,0,26736
9876,2020-10-21 11:57:00,53.64,53.64,53.56,53.58,0,0,79836
9877,2020-10-21 11:58:00,53.58,53.58,53.42,53.48,0,0,88511
9878,2020-10-21 11:59:00,53.47,53.49,53.45,53.47,0,0,17631
9879,2020-10-21 12:00:00,53.47,53.47,53.43,53.47,0,0,39891
9880,2020-10-21 12:01:00,53.47,53.51,53.44,53.49,0,0,44335
9881,2020-10-21 12:02:00,53.49,53.53,53.48,53.52,0,0,14326
9882,2020-10-21 12:03:00,53.52,53.58,53.52,53.57,0,0,24329
9883,2020-10-21 12:04:00,53.57,53.61,53.56,53.6,0,0,25983
9884,2020-10-21 12:05:00,53.59,53.6,53.56,53.59,0,0,19700
9885,2020-10-21 12:06:00,53.59,53.62,53.57,53.61,0,0,20778
9886,2020-10-21 12:07:00,53.61,53.68,53.6,53.67,0,0,24641
9887,2020-10-21 12:08:00,53.67,53.69,53.66,53.68,0,0,21700
9888,2020-10-21 12:09:00,53.67,53.71,53.66,53.7,0,0,45152
9889,2020-10-21 12:10:00,53.69,53.69,53.61,53.61,0,0,35213
9890,2020-10-21 12:11:00,53.61,53.63,53.56,53.61,0,0,30445
9891,2020-10-21 12:12:00,53.6,53.62,53.59,53.61,0,0,17747
9892,2020-10-21 12:13:00,53.62,53.68,53.62,53.67,0,0,21316
9893,2020-10-21 12:14:00,53.68,53.73,53.68,53.7,0,0,31082
9894,2020-10-21 12:15:00,53.69,53.71,53.64,53.65,0,0,26588
9895,2020-10-21 12:16:00,53.65,53.68,53.63,53.65,0,0,23450
9896,2020-10-21 12:17:00,53.66,53.68,53.65,53.66,0,0,29048
9897,2020-10-21 12:18:00,53.66,53.66,53.62,53.63,0,0,18093
9898,2020-10-21 12:19:00,53.62,53.65,53.6,53.61,0,0,17644
9899,2020-10-21 12:20:00,53.61,53.79,53.59,53.76,0,0,195370
9900,2020-10-21 12:21:00,53.75,53.88,53.73,53.82,0,0,91527
9901,2020-10-21 12:22:00,53.81,53.89,53.8,53.83,0,0,70879
9902,2020-10-21 12:23:00,53.82,53.85,53.79,53.81,0,0,31039
9903,2020-10-21 12:24:00,53.82,53.84,53.8,53.82,0,0,28045
9904,2020-10-21 12:25:00,53.81,53.85,53.8,53.81,0,0,25178
9905,2020-10-21 12:26:00,53.81,53.84,53.78,53.78,0,0,20767
9906,2020-10-21 12:27:00,53.79,53.8,53.69,53.78,0,0,57739
9907,2020-10-21 12:28:00,53.78,53.81,53.75,53.76,0,0,24327
9908,2020-10-21 12:29:00,53.76,53.77,53.73,53.74,0,0,26718
9909,2020-10-21 12:30:00,53.74,53.76,53.69,53.71,0,0,21647
9910,2020-10-21 12:31:00,53.71,53.74,53.7,53.7,0,0,20746
9911,2020-10-21 12:32:00,53.71,53.72,53.63,53.64,0,0,28052
9912,2020-10-21 12:33:00,53.64,53.65,53.5,53.56,0,0,65082
9913,2020-10-21 12:34:00,53.56,53.56,53.53,53.53,0,0,33527
9914,2020-10-21 12:35:00,53.54,53.55,53.48,53.51,0,0,36374
9915,2020-10-21 12:36:00,53.51,53.51,53.45,53.49,0,0,32106
9916,2020-10-21 12:37:00,53.5,53.51,53.48,53.51,0,0,18969
9917,2020-10-21 12:38:00,53.51,53.58,53.51,53.57,0,0,15316
9918,2020-10-21 12:39:00,53.57,53.57,53.54,53.56,0,0,67674
9919,2020-10-21 12:40:00,53.56,53.57,53.53,53.53,0,0,13534
9920,2020-10-21 12:41:00,53.53,53.54,53.51,53.53,0,0,11875
9921,2020-10-21 12:42:00,53.53,53.54,53.46,53.46,0,0,38022
9922,2020-10-21 12:43:00,53.47,53.51,53.45,53.49,0,0,20026
9923,2020-10-21 12:44:00,53.49,53.52,53.46,53.52,0,0,30943
9924,2020-10-21 12:45:00,53.53,53.54,53.51,53.53,0,0,15612
9925,2020-10-21 12:46:00,53.53,53.55,53.53,53.53,0,0,14017
9926,2020-10-21 12:47:00,53.53,53.53,53.51,53.53,0,0,17760
9927,2020-10-21 12:48:00,53.53,53.53,53.44,53.44,0,0,30247
9928,2020-10-21 12:49:00,53.45,53.47,53.42,53.47,0,0,18262
9929,2020-10-21 12:50:00,53.46,53.48,53.44,53.48,0,0,19604
9930,2020-10-21 12:51:00,53.49,53.53,53.49,53.53,0,0,14115
9931,2020-10-21 12:52:00,53.53,53.56,53.53,53.56,0,0,22404
9932,2020-10-21 12:53:00,53.56,53.56,53.53,53.55,0,0,18416
9933,2020-10-21 12:54:00,53.55,53.55,53.49,53.52,0,0,23623
9934,2020-10-21 12:55:00,53.53,53.53,53.47,53.49,0,0,28767
9935,2020-10-21 12:56:00,53.48,53.52,53.47,53.52,0,0,12535
9936,2020-10-21 12:57:00,53.53,53.58,53.49,53.5,0,0,31136
9937,2020-10-21 12:58:00,53.51,53.55,53.49,53.54,0,0,19722
9938,2020-10-21 12:59:00,53.53,53.55,53.51,53.54,0,0,19269
9939,2020-10-21 13:00:00,53.53,53.55,53.51,53.54,0,0,22258
9940,2020-10-21 13:01:00,53.55,53.58,53.54,53.54,0,0,13316
9941,2020-10-21 13:02:00,53.53,53.54,53.5,53.51,0,0,20255
9942,2020-10-21 13:03:00,53.51,53.54,53.5,53.54,0,0,11783
9943,2020-10-21 13:04:00,53.54,53.62,53.54,53.61,0,0,33410
9944,2020-10-21 13:05:00,53.61,53.63,53.58,53.63,0,0,29042
9945,2020-10-21 13:06:00,53.62,53.65,53.59,53.64,0,0,1026195
9946,2020-10-21 13:07:00,53.64,53.69,53.63,53.65,0,0,26880
9947,2020-10-21 13:08:00,53.64,53.67,53.63,53.66,0,0,22486
9948,2020-10-21 13:09:00,53.66,53.67,53.65,53.66,0,0,27613
9949,2020-10-21 13:10:00,53.66,53.69,53.64,53.69,0,0,18861
9950,2020-10-21 13:11:00,53.69,53.72,53.68,53.7,0,0,23132
9951,2020-10-21 13:12:00,53.71,53.74,53.71,53.74,0,0,30626
9952,2020-10-21 13:13:00,53.75,53.76,53.73,53.74,0,0,30438
9953,2020-10-21 13:14:00,53.74,53.74,53.71,53.72,0,0,15774
9954,2020-10-21 13:15:00,53.72,53.78,53.72,53.77,0,0,34141
9955,2020-10-21 13:16:00,53.77,53.78,53.76,53.78,0,0,18221
9956,2020-10-21 13:17:00,53.78,53.8,53.78,53.79,0,0,16886
9957,2020-10-21 13:18:00,53.78,53.79,53.77,53.79,0,0,35777
9958,2020-10-21 13:19:00,53.79,53.84,53.79,53.83,0,0,29070
9959,2020-10-21 13:20:00,53.83,53.83,53.75,53.77,0,0,25152
9960,2020-10-21 13:21:00,53.77,53.79,53.75,53.75,0,0,21918
9961,2020-10-21 13:22:00,53.76,53.79,53.75,53.78,0,0,30200
9962,2020-10-21 13:23:00,53.78,53.81,53.77,53.81,0,0,19565
9963,2020-10-21 13:24:00,53.81,53.82,53.78,53.79,0,0,19690
9964,2020-10-21 13:25:00,53.79,53.8,53.78,53.79,0,0,19891
9965,2020-10-21 13:26:00,53.79,53.79,53.76,53.77,0,0,16461
9966,2020-10-21 13:27:00,53.77,53.79,53.74,53.78,0,0,24817
9967,2020-10-21 13:28:00,53.79,53.81,53.77,53.81,0,0,29943
9968,2020-10-21 13:29:00,53.8,53.81,53.79,53.79,0,0,13309
9969,2020-10-21 13:30:00,53.8,53.85,53.79,53.83,0,0,30815
9970,2020-10-21 13:31:00,53.83,53.86,53.82,53.86,0,0,35756
9971,2020-10-21 13:32:00,53.86,53.87,53.85,53.86,0,0,24801
9972,2020-10-21 13:33:00,53.85,53.87,53.84,53.85,0,0,26543
9973,2020-10-21 13:34:00,53.85,53.85,53.83,53.84,0,0,18199
9974,2020-10-21 13:35:00,53.84,53.85,53.83,53.85,0,0,11050
9975,2020-10-21 13:36:00,53.85,53.86,53.83,53.83,0,0,34197
9976,2020-10-21 13:37:00,53.83,53.84,53.81,53.83,0,0,19934
9977,2020-10-21 13:38:00,53.84,53.85,53.78,53.78,0,0,17736
9978,2020-10-21 13:39:00,53.78,53.79,53.75,53.76,0,0,31821
9979,2020-10-21 13:40:00,53.77,53.84,53.77,53.83,0,0,25067
9980,2020-10-21 13:41:00,53.83,53.84,53.81,53.83,0,0,19186
9981,2020-10-21 13:42:00,53.83,53.83,53.78,53.79,0,0,28156
9982,2020-10-21 13:43:00,53.79,53.81,53.79,53.81,0,0,18597
9983,2020-10-21 13:44:00,53.81,53.83,53.8,53.82,0,0,19552
9984,2020-10-21 13:45:00,53.82,53.86,53.8,53.85,0,0,38263
9985,2020-10-21 13:46:00,53.85,53.88,53.85,53.85,0,0,20799
9986,2020-10-21 13:47:00,53.85,53.9,53.85,53.88,0,0,16323
9987,2020-10-21 13:48:00,53.88,53.92,53.88,53.92,0,0,32107
9988,2020-10-21 13:49:00,53.91,53.94,53.9,53.94,0,0,70951
9989,2020-10-21 13:50:00,53.94,53.98,53.94,53.98,0,0,36147
9990,2020-10-21 13:51:00,53.97,53.98,53.93,53.94,0,0,27438
9991,2020-10-21 13:52:00,53.94,53.95,53.91,53.92,0,0,24683
9992,2020-10-21 13:53:00,53.92,53.94,53.91,53.93,0,0,45047
9993,2020-10-21 13:54:00,53.93,53.97,53.92,53.97,0,0,73228
9994,2020-10-21 13:55:00,53.97,53.97,53.9,53.92,0,0,46566
9995,2020-10-21 13:56:00,53.92,53.93,53.91,53.92,0,0,14576
9996,2020-10-21 13:57:00,53.92,53.94,53.91,53.92,0,0,45563
9997,2020-10-21 13:58:00,53.92,53.92,53.89,53.9,0,0,48079
9998,2020-10-21 13:59:00,53.9,53.9,53.84,53.86,0,0,27451
9999,2020-10-21 14:00:00,53.86,53.91,53.8,53.9,0,0,49537
10000,2020-10-21 14:01:00,53.91,53.93,53.85,53.85,0,0,26700
10001,2020-10-21 14:02:00,53.85,53.87,53.82,53.85,0,0,27831
10002,2020-10-21 14:03:00,53.85,53.87,53.83,53.83,0,0,17644
10003,2020-10-21 14:04:00,53.84,53.84,53.81,53.81,0,0,28468
10004,2020-10-21 14:05:00,53.81,53.82,53.78,53.81,0,0,24267
10005,2020-10-21 14:06:00,53.82,53.83,53.81,53.81,0,0,14952
10006,2020-10-21 14:07:00,53.81,53.84,53.8,53.83,0,0,39953
10007,2020-10-21 14:08:00,53.84,53.86,53.83,53.83,0,0,29542
10008,2020-10-21 14:09:00,53.83,53.9,53.83,53.87,0,0,40197
10009,2020-10-21 14:10:00,53.87,53.88,53.84,53.87,0,0,115372
10010,2020-10-21 14:11:00,53.88,53.95,53.87,53.94,0,0,48970
10011,2020-10-21 14:12:00,53.94,53.95,53.92,53.95,0,0,45274
10012,2020-10-21 14:13:00,53.95,53.96,53.94,53.94,0,0,27351
10013,2020-10-21 14:14:00,53.94,53.96,53.92,53.95,0,0,39483
10014,2020-10-21 14:15:00,53.95,53.98,53.93,53.94,0,0,38732
10015,2020-10-21 14:16:00,53.94,53.98,53.94,53.95,0,0,43474
10016,2020-10-21 14:17:00,53.95,53.98,53.92,53.92,0,0,34303
10017,2020-10-21 14:18:00,53.92,53.92,53.89,53.89,0,0,11608
10018,2020-10-21 14:19:00,53.9,53.9,53.88,53.88,0,0,24259
10019,2020-10-21 14:20:00,53.89,53.9,53.87,53.88,0,0,19794
10020,2020-10-21 14:21:00,53.87,53.88,53.83,53.85,0,0,21622
10021,2020-10-21 14:22:00,53.86,53.88,53.85,53.87,0,0,30723
10022,2020-10-21 14:23:00,53.87,53.88,53.87,53.88,0,0,15811
10023,2020-10-21 14:24:00,53.89,53.9,53.87,53.89,0,0,14865
10024,2020-10-21 14:25:00,53.89,53.92,53.86,53.88,0,0,25186
10025,2020-10-21 14:26:00,53.87,53.94,53.87,53.93,0,0,49673
10026,2020-10-21 14:27:00,53.94,53.99,53.92,53.99,0,0,56763
10027,2020-10-21 14:28:00,53.98,53.99,53.96,53.98,0,0,61722
10028,2020-10-21 14:29:00,53.98,53.98,53.95,53.96,0,0,26899
10029,2020-10-21 14:30:00,53.95,53.96,53.92,53.94,0,0,30248
10030,2020-10-21 14:31:00,53.94,53.97,53.92,53.97,0,0,27991
10031,2020-10-21 14:32:00,53.97,53.98,53.95,53.97,0,0,32433
10032,2020-10-21 14:33:00,53.97,54.0,53.97,53.99,0,0,28518
10033,2020-10-21 14:34:00,53.99,54.0,53.97,53.98,0,0,29117
10034,2020-10-21 14:35:00,53.98,54.0,53.97,53.99,0,0,29149
10035,2020-10-21 14:36:00,53.99,54.03,53.99,54.01,0,0,115142
10036,2020-10-21 14:37:00,54.01,54.02,53.98,54.01,0,0,33138
10037,2020-10-21 14:38:00,54.01,54.01,53.96,53.99,0,0,30597
10038,2020-10-21 14:39:00,53.99,53.99,53.94,53.95,0,0,28296
10039,2020-10-21 14:40:00,53.94,53.98,53.94,53.97,0,0,19758
10040,2020-10-21 14:41:00,53.97,54.04,53.97,54.03,0,0,55523
10041,2020-10-21 14:42:00,54.03,54.07,54.01,54.04,0,0,30627
10042,2020-10-21 14:43:00,54.04,54.05,54.0,54.01,0,0,17084
10043,2020-10-21 14:44:00,54.01,54.03,54.01,54.02,0,0,22205
10044,2020-10-21 14:45:00,54.03,54.05,54.01,54.01,0,0,37469
10045,2020-10-21 14:46:00,54.01,54.02,53.98,54.01,0,0,45518
10046,2020-10-21 14:47:00,54.01,54.01,53.97,53.98,0,0,18750
10047,2020-10-21 14:48:00,53.98,53.99,53.97,53.99,0,0,22557
10048,2020-10-21 14:49:00,53.99,54.01,53.99,54.0,0,0,31355
10049,2020-10-21 14:50:00,54.0,54.02,53.96,53.96,0,0,33254
10050,2020-10-21 14:51:00,53.96,53.99,53.95,53.99,0,0,31736
10051,2020-10-21 14:52:00,53.98,54.01,53.96,54.0,0,0,28003
10052,2020-10-21 14:53:00,54.0,54.01,53.98,53.99,0,0,21992
10053,2020-10-21 14:54:00,53.99,53.99,53.95,53.97,0,0,26761
10054,2020-10-21 14:55:00,53.97,53.98,53.95,53.97,0,0,39684
10055,2020-10-21 14:56:00,53.97,54.01,53.97,54.01,0,0,33895
10056,2020-10-21 14:57:00,54.01,54.03,54.01,54.03,0,0,51986
10057,2020-10-21 14:58:00,54.03,54.03,54.01,54.01,0,0,19771
10058,2020-10-21 14:59:00,54.0,54.02,54.0,54.01,0,0,18919
10059,2020-10-21 15:00:00,54.02,54.03,54.0,54.02,0,0,20529
10060,2020-10-21 15:01:00,54.01,54.01,54.0,54.01,0,0,17575
10061,2020-10-21 15:02:00,54.0,54.01,53.99,54.01,0,0,35277
10062,2020-10-21 15:03:00,54.0,54.02,53.96,53.96,0,0,25127
10063,2020-10-21 15:04:00,53.97,53.97,53.92,53.92,0,0,45122
10064,2020-10-21 15:05:00,53.92,53.96,53.92,53.96,0,0,33411
10065,2020-10-21 15:06:00,53.96,53.96,53.91,53.91,0,0,36364
10066,2020-10-21 15:07:00,53.9,53.9,53.84,53.9,0,0,48016
10067,2020-10-21 15:08:00,53.9,53.92,53.86,53.86,0,0,38359
10068,2020-10-21 15:09:00,53.86,53.91,53.86,53.9,0,0,42499
10069,2020-10-21 15:10:00,53.9,53.9,53.87,53.89,0,0,26394
10070,2020-10-21 15:11:00,53.89,53.91,53.88,53.9,0,0,30376
10071,2020-10-21 15:12:00,53.91,53.94,53.91,53.92,0,0,46536
10072,2020-10-21 15:13:00,53.92,53.95,53.91,53.94,0,0,21744
10073,2020-10-21 15:14:00,53.93,53.96,53.9,53.93,0,0,29403
10074,2020-10-21 15:15:00,53.94,53.95,53.91,53.92,0,0,33176
10075,2020-10-21 15:16:00,53.92,53.94,53.91,53.91,0,0,19211
10076,2020-10-21 15:17:00,53.91,53.92,53.85,53.9,0,0,33452
10077,2020-10-21 15:18:00,53.9,53.9,53.87,53.89,0,0,21165
10078,2020-10-21 15:19:00,53.89,53.92,53.89,53.92,0,0,25251
10079,2020-10-21 15:20:00,53.92,53.94,53.92,53.94,0,0,19368
10080,2020-10-21 15:21:00,53.94,53.95,53.93,53.94,0,0,30476
10081,2020-10-21 15:22:00,53.94,53.97,53.93,53.97,0,0,30966
10082,2020-10-21 15:23:00,53.97,53.97,53.96,53.97,0,0,26712
10083,2020-10-21 15:24:00,53.96,53.97,53.92,53.92,0,0,56176
10084,2020-10-21 15:25:00,53.93,53.98,53.92,53.97,0,0,36565
10085,2020-10-21 15:26:00,53.98,53.99,53.96,53.97,0,0,526216
10086,2020-10-21 15:27:00,53.97,54.0,53.97,53.99,0,0,24197
10087,2020-10-21 15:28:00,53.98,53.99,53.94,53.94,0,0,34111
10088,2020-10-21 15:29:00,53.94,53.99,53.94,53.99,0,0,44769
10089,2020-10-21 15:30:00,53.98,54.03,53.96,54.02,0,0,63634
10090,2020-10-21 15:31:00,54.02,54.03,53.99,53.99,0,0,40641
10091,2020-10-21 15:32:00,54.0,54.01,53.96,53.98,0,0,34222
10092,2020-10-21 15:33:00,53.98,53.99,53.96,53.96,0,0,42491
10093,2020-10-21 15:34:00,53.96,53.96,53.83,53.85,0,0,117843
10094,2020-10-21 15:35:00,53.85,53.88,53.84,53.88,0,0,81914
10095,2020-10-21 15:36:00,53.88,53.88,53.83,53.84,0,0,33153
10096,2020-10-21 15:37:00,53.85,53.86,53.82,53.83,0,0,31116
10097,2020-10-21 15:38:00,53.83,53.85,53.82,53.84,0,0,44001
10098,2020-10-21 15:39:00,53.84,53.85,53.81,53.82,0,0,25736
10099,2020-10-21 15:40:00,53.83,53.84,53.81,53.81,0,0,62239
10100,2020-10-21 15:41:00,53.81,53.84,53.8,53.81,0,0,30362
10101,2020-10-21 15:42:00,53.81,53.82,53.76,53.76,0,0,45149
10102,2020-10-21 15:43:00,53.76,53.79,53.75,53.77,0,0,56084
10103,2020-10-21 15:44:00,53.78,53.78,53.76,53.77,0,0,87169
10104,2020-10-21 15:45:00,53.76,53.77,53.71,53.72,0,0,86502
10105,2020-10-21 15:46:00,53.71,53.72,53.65,53.69,0,0,90691
10106,2020-10-21 15:47:00,53.69,53.71,53.67,53.68,0,0,89681
10107,2020-10-21 15:48:00,53.69,53.69,53.65,53.67,0,0,44984
10108,2020-10-21 15:49:00,53.68,53.68,53.63,53.65,0,0,40588
10109,2020-10-21 15:50:00,53.65,53.68,53.61,53.67,0,0,80469
10110,2020-10-21 15:51:00,53.67,53.69,53.65,53.69,0,0,40068
10111,2020-10-21 15:52:00,53.69,53.73,53.69,53.72,0,0,66239
10112,2020-10-21 15:53:00,53.72,53.72,53.69,53.71,0,0,82372
10113,2020-10-21 15:54:00,53.7,53.72,53.65,53.67,0,0,162584
10114,2020-10-21 15:55:00,53.68,53.68,53.62,53.63,0,0,158853
10115,2020-10-21 15:56:00,53.63,53.63,53.6,53.62,0,0,125112
10116,2020-10-21 15:57:00,53.62,53.65,53.56,53.58,0,0,127138
10117,2020-10-21 15:58:00,53.57,53.6,53.54,53.56,0,0,187453
10118,2020-10-21 15:59:00,53.56,53.61,53.48,53.49,0,0,462495
10119,2020-10-22 09:30:00,53.12,53.3,53.12,53.29,0,0,615549
10120,2020-10-22 09:31:00,53.31,53.38,53.15,53.18,0,0,142430
10121,2020-10-22 09:32:00,53.18,53.28,53.07,53.24,0,0,152196
10122,2020-10-22 09:33:00,53.24,53.35,53.24,53.29,0,0,124049
10123,2020-10-22 09:34:00,53.29,53.36,53.27,53.35,0,0,63623
10124,2020-10-22 09:35:00,53.35,53.37,53.3,53.31,0,0,113337
10125,2020-10-22 09:36:00,53.33,53.38,53.32,53.36,0,0,109071
10126,2020-10-22 09:37:00,53.3,53.39,53.3,53.37,0,0,84494
10127,2020-10-22 09:38:00,53.37,53.38,53.3,53.31,0,0,71764
10128,2020-10-22 09:39:00,53.25,53.26,53.16,53.19,0,0,149993
10129,2020-10-22 09:40:00,53.19,53.26,53.17,53.23,0,0,75040
10130,2020-10-22 09:41:00,53.25,53.27,53.24,53.26,0,0,76052
10131,2020-10-22 09:42:00,53.26,53.4,53.26,53.4,0,0,79819
10132,2020-10-22 09:43:00,53.42,53.42,53.38,53.4,0,0,61609
10133,2020-10-22 09:44:00,53.38,53.44,53.38,53.44,0,0,49232
10134,2020-10-22 09:45:00,53.46,53.46,53.39,53.39,0,0,110471
10135,2020-10-22 09:46:00,53.38,53.38,53.33,53.35,0,0,52708
10136,2020-10-22 09:47:00,53.33,53.37,53.33,53.37,0,0,55171
10137,2020-10-22 09:48:00,53.38,53.38,53.36,53.38,0,0,146830
10138,2020-10-22 09:49:00,53.38,53.38,53.33,53.34,0,0,53657
10139,2020-10-22 09:50:00,53.34,53.38,53.33,53.37,0,0,54294
10140,2020-10-22 09:51:00,53.38,53.4,53.38,53.4,0,0,51595
10141,2020-10-22 09:52:00,53.39,53.41,53.38,53.41,0,0,35458
10142,2020-10-22 09:53:00,53.42,53.46,53.41,53.46,0,0,56055
10143,2020-10-22 09:54:00,53.5,53.5,53.48,53.48,0,0,53227
10144,2020-10-22 09:55:00,53.53,53.53,53.5,53.51,0,0,140034
10145,2020-10-22 09:56:00,53.51,53.56,53.5,53.52,0,0,68341
10146,2020-10-22 09:57:00,53.59,53.6,53.59,53.59,0,0,75555
10147,2020-10-22 09:58:00,53.63,53.67,53.63,53.67,0,0,100988
10148,2020-10-22 09:59:00,53.75,53.77,53.75,53.76,0,0,91432
10149,2020-10-22 10:00:00,53.83,53.85,53.73,53.75,0,0,147548
10150,2020-10-22 10:01:00,53.75,53.77,53.72,53.72,0,0,104461
10151,2020-10-22 10:02:00,53.72,53.75,53.7,53.74,0,0,69367
10152,2020-10-22 10:03:00,53.74,53.78,53.66,53.67,0,0,116510
10153,2020-10-22 10:04:00,53.67,53.68,53.6,53.61,0,0,70968
10154,2020-10-22 10:05:00,53.6,53.62,53.57,53.58,0,0,67201
10155,2020-10-22 10:06:00,53.58,53.58,53.46,53.46,0,0,164431
10156,2020-10-22 10:07:00,53.46,53.49,53.42,53.42,0,0,55986
10157,2020-10-22 10:08:00,53.42,53.47,53.42,53.42,0,0,66112
10158,2020-10-22 10:09:00,53.41,53.45,53.36,53.43,0,0,45053
10159,2020-10-22 10:10:00,53.42,53.49,53.42,53.44,0,0,34652
10160,2020-10-22 10:11:00,53.44,53.49,53.44,53.48,0,0,43018
10161,2020-10-22 10:12:00,53.47,53.54,53.44,53.51,0,0,69440
10162,2020-10-22 10:13:00,53.51,53.55,53.49,53.54,0,0,77057
10163,2020-10-22 10:14:00,53.55,53.58,53.51,53.51,0,0,57092
10164,2020-10-22 10:15:00,53.5,53.55,53.48,53.55,0,0,42799
10165,2020-10-22 10:16:00,53.54,53.57,53.48,53.56,0,0,48829
10166,2020-10-22 10:17:00,53.56,53.58,53.51,53.57,0,0,63335
10167,2020-10-22 10:18:00,53.56,53.58,53.55,53.58,0,0,55017
10168,2020-10-22 10:19:00,53.58,53.6,53.57,53.59,0,0,54780
10169,2020-10-22 10:20:00,53.58,53.58,53.48,53.49,0,0,228130
10170,2020-10-22 10:21:00,53.49,53.5,53.45,53.46,0,0,36298
10171,2020-10-22 10:22:00,53.46,53.48,53.44,53.47,0,0,38626
10172,2020-10-22 10:23:00,53.47,53.47,53.4,53.41,0,0,44845
10173,2020-10-22 10:24:00,53.42,53.42,53.31,53.32,0,0,59079
10174,2020-10-22 10:25:00,53.33,53.33,53.27,53.33,0,0,65091
10175,2020-10-22 10:26:00,53.33,53.36,53.32,53.35,0,0,28040
10176,2020-10-22 10:27:00,53.36,53.38,53.3,53.32,0,0,33220
10177,2020-10-22 10:28:00,53.32,53.35,53.31,53.34,0,0,28464
10178,2020-10-22 10:29:00,53.35,53.35,53.31,53.32,0,0,37031
10179,2020-10-22 10:30:00,53.33,53.34,53.23,53.25,0,0,63147
10180,2020-10-22 10:31:00,53.26,53.27,53.2,53.22,0,0,57363
10181,2020-10-22 10:32:00,53.2,53.21,53.17,53.18,0,0,45855
10182,2020-10-22 10:33:00,53.12,53.13,53.1,53.13,0,0,52609
10183,2020-10-22 10:34:00,53.13,53.15,53.1,53.12,0,0,63047
10184,2020-10-22 10:35:00,53.11,53.12,53.07,53.1,0,0,149866
10185,2020-10-22 10:36:00,53.1,53.15,53.1,53.15,0,0,43033
10186,2020-10-22 10:37:00,53.15,53.29,53.15,53.25,0,0,81164
10187,2020-10-22 10:38:00,53.24,53.27,53.22,53.24,0,0,187262
10188,2020-10-22 10:39:00,53.24,53.26,53.21,53.22,0,0,26078
10189,2020-10-22 10:40:00,53.21,53.23,53.15,53.22,0,0,37706
10190,2020-10-22 10:41:00,53.22,53.24,53.19,53.22,0,0,197097
10191,2020-10-22 10:42:00,53.22,53.22,53.19,53.21,0,0,50107
10192,2020-10-22 10:43:00,53.2,53.23,53.17,53.2,0,0,260661
10193,2020-10-22 10:44:00,53.21,53.23,53.17,53.17,0,0,103600
10194,2020-10-22 10:45:00,53.18,53.28,53.17,53.24,0,0,86387
10195,2020-10-22 10:46:00,53.24,53.31,53.22,53.3,0,0,44622
10196,2020-10-22 10:47:00,53.31,53.34,53.31,53.33,0,0,32433
10197,2020-10-22 10:48:00,53.33,53.38,53.32,53.37,0,0,59681
10198,2020-10-22 10:49:00,53.37,53.37,53.3,53.32,0,0,101261
10199,2020-10-22 10:50:00,53.33,53.36,53.22,53.35,0,0,71128
10200,2020-10-22 10:51:00,53.34,53.49,53.33,53.46,0,0,78036
10201,2020-10-22 10:52:00,53.46,53.56,53.41,53.42,0,0,77262
10202,2020-10-22 10:53:00,53.42,53.48,53.4,53.42,0,0,58924
10203,2020-10-22 10:54:00,53.43,53.45,53.34,53.41,0,0,151625
10204,2020-10-22 10:55:00,53.41,53.47,53.38,53.47,0,0,63290
10205,2020-10-22 10:56:00,53.46,53.47,53.42,53.46,0,0,146678
10206,2020-10-22 10:57:00,53.46,53.47,53.4,53.44,0,0,32984
10207,2020-10-22 10:58:00,53.44,53.46,53.38,53.41,0,0,116943
10208,2020-10-22 10:59:00,53.41,53.48,53.41,53.44,0,0,34853
10209,2020-10-22 11:00:00,53.44,53.52,53.43,53.51,0,0,52191
10210,2020-10-22 11:01:00,53.52,53.52,53.47,53.49,0,0,45218
10211,2020-10-22 11:02:00,53.49,53.53,53.47,53.52,0,0,38020
10212,2020-10-22 11:03:00,53.51,53.53,53.5,53.5,0,0,20881
10213,2020-10-22 11:04:00,53.51,53.51,53.5,53.5,0,0,19324
10214,2020-10-22 11:05:00,53.5,53.52,53.47,53.52,0,0,89234
10215,2020-10-22 11:06:00,53.51,53.54,53.51,53.51,0,0,39573
10216,2020-10-22 11:07:00,53.5,53.53,53.46,53.51,0,0,85294
10217,2020-10-22 11:08:00,53.52,53.53,53.5,53.51,0,0,32358
10218,2020-10-22 11:09:00,53.51,53.53,53.43,53.46,0,0,62790
10219,2020-10-22 11:10:00,53.46,53.54,53.45,53.53,0,0,52633
10220,2020-10-22 11:11:00,53.53,53.59,53.53,53.55,0,0,58169
10221,2020-10-22 11:12:00,53.55,53.57,53.53,53.56,0,0,42333
10222,2020-10-22 11:13:00,53.57,53.63,53.57,53.62,0,0,46476
10223,2020-10-22 11:14:00,53.62,53.69,53.6,53.69,0,0,55819
10224,2020-10-22 11:15:00,53.69,53.71,53.69,53.69,0,0,34943
10225,2020-10-22 11:16:00,53.69,53.72,53.64,53.71,0,0,69017
10226,2020-10-22 11:17:00,53.72,53.72,53.65,53.67,0,0,34704
10227,2020-10-22 11:18:00,53.67,53.68,53.65,53.66,0,0,47163
10228,2020-10-22 11:19:00,53.66,53.68,53.65,53.67,0,0,35498
10229,2020-10-22 11:20:00,53.67,53.68,53.65,53.67,0,0,66958
10230,2020-10-22 11:21:00,53.67,53.72,53.67,53.71,0,0,43784
10231,2020-10-22 11:22:00,53.7,53.72,53.69,53.71,0,0,60271
10232,2020-10-22 11:23:00,53.71,53.75,53.7,53.75,0,0,72770
10233,2020-10-22 11:24:00,53.75,53.78,53.72,53.73,0,0,81367
10234,2020-10-22 11:25:00,53.72,53.76,53.69,53.72,0,0,107626
10235,2020-10-22 11:26:00,53.72,53.8,53.72,53.75,0,0,311613
10236,2020-10-22 11:27:00,53.75,53.77,53.74,53.76,0,0,28301
10237,2020-10-22 11:28:00,53.76,53.76,53.68,53.71,0,0,45252
10238,2020-10-22 11:29:00,53.7,53.8,53.7,53.8,0,0,87162
10239,2020-10-22 11:30:00,53.79,53.83,53.75,53.78,0,0,55552
10240,2020-10-22 11:31:00,53.78,53.79,53.75,53.76,0,0,39595
10241,2020-10-22 11:32:00,53.77,53.85,53.76,53.85,0,0,42475
10242,2020-10-22 11:33:00,53.85,53.87,53.81,53.81,0,0,64928
10243,2020-10-22 11:34:00,53.81,53.81,53.71,53.72,0,0,63334
10244,2020-10-22 11:35:00,53.72,53.78,53.68,53.76,0,0,173586
10245,2020-10-22 11:36:00,53.76,53.81,53.75,53.81,0,0,38889
10246,2020-10-22 11:37:00,53.81,53.83,53.8,53.83,0,0,38545
10247,2020-10-22 11:38:00,53.83,53.85,53.75,53.77,0,0,258263
10248,2020-10-22 11:39:00,53.78,53.79,53.76,53.76,0,0,24858
10249,2020-10-22 11:40:00,53.77,53.79,53.69,53.71,0,0,39000
10250,2020-10-22 11:41:00,53.71,53.74,53.71,53.74,0,0,32132
10251,2020-10-22 11:42:00,53.74,53.84,53.73,53.83,0,0,46745
10252,2020-10-22 11:43:00,53.83,53.84,53.81,53.82,0,0,38385
10253,2020-10-22 11:44:00,53.82,53.83,53.77,53.79,0,0,29721
10254,2020-10-22 11:45:00,53.78,53.83,53.77,53.8,0,0,30520
10255,2020-10-22 11:46:00,53.8,53.83,53.77,53.82,0,0,47344
10256,2020-10-22 11:47:00,53.82,53.82,53.79,53.81,0,0,27403
10257,2020-10-22 11:48:00,53.81,53.82,53.77,53.78,0,0,43254
10258,2020-10-22 11:49:00,53.77,53.81,53.75,53.8,0,0,35975
10259,2020-10-22 11:50:00,53.81,53.82,53.79,53.82,0,0,34536
10260,2020-10-22 11:51:00,53.81,53.84,53.79,53.82,0,0,33402
10261,2020-10-22 11:52:00,53.83,53.87,53.82,53.87,0,0,56556
10262,2020-10-22 11:53:00,53.87,53.87,53.83,53.83,0,0,21481
10263,2020-10-22 11:54:00,53.83,53.83,53.79,53.79,0,0,29983
10264,2020-10-22 11:55:00,53.8,53.81,53.74,53.74,0,0,35225
10265,2020-10-22 11:56:00,53.74,53.75,53.71,53.72,0,0,40369
10266,2020-10-22 11:57:00,53.72,53.77,53.72,53.75,0,0,30254
10267,2020-10-22 11:58:00,53.74,53.76,53.73,53.74,0,0,22619
10268,2020-10-22 11:59:00,53.73,53.74,53.72,53.73,0,0,28462
10269,2020-10-22 12:00:00,53.74,53.77,53.71,53.71,0,0,66033
10270,2020-10-22 12:01:00,53.71,53.71,53.69,53.71,0,0,31458
10271,2020-10-22 12:02:00,53.71,53.71,53.68,53.69,0,0,30104
10272,2020-10-22 12:03:00,53.69,53.73,53.66,53.72,0,0,55169
10273,2020-10-22 12:04:00,53.72,53.73,53.6,53.65,0,0,113229
10274,2020-10-22 12:05:00,53.66,53.69,53.65,53.65,0,0,26512
10275,2020-10-22 12:06:00,53.65,53.69,53.65,53.68,0,0,23080
10276,2020-10-22 12:07:00,53.68,53.72,53.68,53.69,0,0,27049
10277,2020-10-22 12:08:00,53.7,53.77,53.69,53.74,0,0,48513
10278,2020-10-22 12:09:00,53.75,53.78,53.73,53.75,0,0,26056
10279,2020-10-22 12:10:00,53.76,53.77,53.74,53.76,0,0,25829
10280,2020-10-22 12:11:00,53.75,53.77,53.73,53.74,0,0,24557
10281,2020-10-22 12:12:00,53.74,53.8,53.74,53.79,0,0,35044
10282,2020-10-22 12:13:00,53.78,53.79,53.77,53.79,0,0,19831
10283,2020-10-22 12:14:00,53.79,53.8,53.77,53.78,0,0,37528
10284,2020-10-22 12:15:00,53.78,53.84,53.78,53.82,0,0,57456
10285,2020-10-22 12:16:00,53.81,53.84,53.81,53.81,0,0,31333
10286,2020-10-22 12:17:00,53.82,53.84,53.8,53.84,0,0,24562
10287,2020-10-22 12:18:00,53.84,53.87,53.84,53.86,0,0,30227
10288,2020-10-22 12:19:00,53.87,53.88,53.85,53.85,0,0,29813
10289,2020-10-22 12:20:00,53.85,53.88,53.83,53.85,0,0,24223
10290,2020-10-22 12:21:00,53.85,53.87,53.83,53.86,0,0,42397
10291,2020-10-22 12:22:00,53.86,53.87,53.83,53.83,0,0,29877
10292,2020-10-22 12:23:00,53.83,53.84,53.83,53.83,0,0,8920
10293,2020-10-22 12:24:00,53.84,53.84,53.76,53.8,0,0,27715
10294,2020-10-22 12:25:00,53.79,53.81,53.78,53.8,0,0,24708
10295,2020-10-22 12:26:00,53.79,53.82,53.79,53.82,0,0,20660
10296,2020-10-22 12:27:00,53.81,53.83,53.78,53.79,0,0,35289
10297,2020-10-22 12:28:00,53.79,53.81,53.77,53.77,0,0,58255
10298,2020-10-22 12:29:00,53.77,53.79,53.77,53.79,0,0,21543
10299,2020-10-22 12:30:00,53.79,53.81,53.74,53.76,0,0,55759
10300,2020-10-22 12:31:00,53.76,53.77,53.74,53.77,0,0,20823
10301,2020-10-22 12:32:00,53.77,53.77,53.73,53.75,0,0,16706
10302,2020-10-22 12:33:00,53.74,53.75,53.73,53.75,0,0,15076
10303,2020-10-22 12:34:00,53.75,53.76,53.74,53.74,0,0,34882
10304,2020-10-22 12:35:00,53.74,53.74,53.72,53.74,0,0,19985
10305,2020-10-22 12:36:00,53.74,53.75,53.73,53.74,0,0,36399
10306,2020-10-22 12:37:00,53.75,53.76,53.74,53.75,0,0,22847
10307,2020-10-22 12:38:00,53.75,53.76,53.74,53.75,0,0,18380
10308,2020-10-22 12:39:00,53.76,53.77,53.74,53.76,0,0,40595
10309,2020-10-22 12:40:00,53.75,53.79,53.75,53.78,0,0,31208
10310,2020-10-22 12:41:00,53.78,53.78,53.75,53.76,0,0,31333
10311,2020-10-22 12:42:00,53.75,53.77,53.74,53.74,0,0,27122
10312,2020-10-22 12:43:00,53.74,53.77,53.72,53.77,0,0,36940
10313,2020-10-22 12:44:00,53.76,53.81,53.76,53.81,0,0,31727
10314,2020-10-22 12:45:00,53.81,53.85,53.81,53.83,0,0,40131
10315,2020-10-22 12:46:00,53.83,53.85,53.83,53.84,0,0,19615
10316,2020-10-22 12:47:00,53.83,53.84,53.79,53.81,0,0,24642
10317,2020-10-22 12:48:00,53.81,53.82,53.78,53.79,0,0,79928
10318,2020-10-22 12:49:00,53.79,53.87,53.78,53.85,0,0,48226
10319,2020-10-22 12:50:00,53.85,53.85,53.81,53.83,0,0,36455
10320,2020-10-22 12:51:00,53.83,53.86,53.83,53.83,0,0,37225
10321,2020-10-22 12:52:00,53.83,53.85,53.82,53.83,0,0,81580
10322,2020-10-22 12:53:00,53.82,53.82,53.8,53.81,0,0,22881
10323,2020-10-22 12:54:00,53.81,53.83,53.79,53.8,0,0,30180
10324,2020-10-22 12:55:00,53.8,53.83,53.8,53.83,0,0,22050
10325,2020-10-22 12:56:00,53.83,53.87,53.83,53.85,0,0,34476
10326,2020-10-22 12:57:00,53.86,53.89,53.85,53.88,0,0,35084
10327,2020-10-22 12:58:00,53.87,53.89,53.85,53.88,0,0,42633
10328,2020-10-22 12:59:00,53.88,53.88,53.87,53.88,0,0,18605
10329,2020-10-22 13:00:00,53.86,53.87,53.85,53.87,0,0,22551
10330,2020-10-22 13:01:00,53.87,53.9,53.87,53.9,0,0,27144
10331,2020-10-22 13:02:00,53.9,53.9,53.89,53.89,0,0,23358
10332,2020-10-22 13:03:00,53.89,53.91,53.87,53.88,0,0,26047
10333,2020-10-22 13:04:00,53.88,53.89,53.86,53.88,0,0,32636
10334,2020-10-22 13:05:00,53.87,53.9,53.85,53.85,0,0,44323
10335,2020-10-22 13:06:00,53.86,53.88,53.85,53.86,0,0,40579
10336,2020-10-22 13:07:00,53.85,53.9,53.85,53.88,0,0,56134
10337,2020-10-22 13:08:00,53.88,53.94,53.88,53.92,0,0,49667
10338,2020-10-22 13:09:00,53.92,53.97,53.91,53.97,0,0,61272
10339,2020-10-22 13:10:00,53.97,54.01,53.95,53.97,0,0,92398
10340,2020-10-22 13:11:00,53.98,54.01,53.97,53.97,0,0,44312
10341,2020-10-22 13:12:00,53.97,53.99,53.96,53.97,0,0,57095
10342,2020-10-22 13:13:00,53.96,53.97,53.94,53.97,0,0,37083
10343,2020-10-22 13:14:00,53.97,54.06,53.96,54.02,0,0,86229
10344,2020-10-22 13:15:00,54.03,54.04,54.0,54.01,0,0,33861
10345,2020-10-22 13:16:00,54.01,54.05,53.99,54.03,0,0,43068
10346,2020-10-22 13:17:00,54.03,54.04,54.01,54.03,0,0,24761
10347,2020-10-22 13:18:00,54.03,54.04,53.99,53.99,0,0,62232
10348,2020-10-22 13:19:00,54.0,54.0,53.97,53.99,0,0,25865
10349,2020-10-22 13:20:00,53.98,53.99,53.97,53.99,0,0,22024
10350,2020-10-22 13:21:00,53.99,53.99,53.96,53.99,0,0,45080
10351,2020-10-22 13:22:00,53.99,53.99,53.97,53.99,0,0,30660
10352,2020-10-22 13:23:00,53.99,53.99,53.98,53.99,0,0,33175
10353,2020-10-22 13:24:00,53.98,54.0,53.96,53.97,0,0,37853
10354,2020-10-22 13:25:00,53.97,53.99,53.96,53.97,0,0,32764
10355,2020-10-22 13:26:00,53.96,53.99,53.96,53.98,0,0,17858
10356,2020-10-22 13:27:00,53.99,53.99,53.97,53.98,0,0,41288
10357,2020-10-22 13:28:00,53.99,54.0,53.98,53.99,0,0,41861
10358,2020-10-22 13:29:00,53.99,54.02,53.99,54.0,0,0,110681
10359,2020-10-22 13:30:00,54.0,54.03,54.0,54.03,0,0,31761
10360,2020-10-22 13:31:00,54.02,54.03,54.0,54.02,0,0,53918
10361,2020-10-22 13:32:00,54.02,54.03,53.99,54.0,0,0,35048
10362,2020-10-22 13:33:00,54.0,54.02,53.98,54.01,0,0,38731
10363,2020-10-22 13:34:00,54.02,54.03,53.99,54.01,0,0,33908
10364,2020-10-22 13:35:00,54.01,54.03,54.0,54.01,0,0,32497
10365,2020-10-22 13:36:00,54.02,54.11,54.01,54.1,0,0,128515
10366,2020-10-22 13:37:00,54.1,54.12,54.06,54.07,0,0,67338
10367,2020-10-22 13:38:00,54.07,54.09,54.04,54.06,0,0,47620
10368,2020-10-22 13:39:00,54.06,54.07,54.03,54.06,0,0,32574
10369,2020-10-22 13:40:00,54.06,54.07,54.01,54.03,0,0,33080
10370,2020-10-22 13:41:00,54.03,54.08,54.03,54.06,0,0,24236
10371,2020-10-22 13:42:00,54.07,54.1,54.07,54.08,0,0,32931
10372,2020-10-22 13:43:00,54.08,54.14,54.06,54.14,0,0,35259
10373,2020-10-22 13:44:00,54.13,54.14,54.08,54.09,0,0,44878
10374,2020-10-22 13:45:00,54.08,54.1,54.04,54.04,0,0,47971
10375,2020-10-22 13:46:00,54.04,54.08,54.03,54.05,0,0,92303
10376,2020-10-22 13:47:00,54.06,54.06,54.03,54.04,0,0,27809
10377,2020-10-22 13:48:00,54.05,54.06,54.03,54.05,0,0,25976
10378,2020-10-22 13:49:00,54.06,54.08,54.05,54.08,0,0,51960
10379,2020-10-22 13:50:00,54.08,54.11,54.08,54.09,0,0,52194
10380,2020-10-22 13:51:00,54.1,54.1,54.04,54.06,0,0,61032
10381,2020-10-22 13:52:00,54.06,54.12,54.06,54.12,0,0,59799
10382,2020-10-22 13:53:00,54.11,54.16,54.1,54.15,0,0,80321
10383,2020-10-22 13:54:00,54.15,54.16,54.12,54.13,0,0,49076
10384,2020-10-22 13:55:00,54.12,54.17,54.12,54.13,0,0,74872
10385,2020-10-22 13:56:00,54.13,54.14,54.12,54.13,0,0,22822
10386,2020-10-22 13:57:00,54.14,54.14,54.1,54.13,0,0,49132
10387,2020-10-22 13:58:00,54.13,54.13,54.1,54.12,0,0,33687
10388,2020-10-22 13:59:00,54.12,54.14,54.12,54.13,0,0,39397
10389,2020-10-22 14:00:00,54.12,54.15,54.12,54.15,0,0,44574
10390,2020-10-22 14:01:00,54.15,54.17,54.14,54.16,0,0,51424
10391,2020-10-22 14:02:00,54.15,54.18,54.13,54.17,0,0,56461
10392,2020-10-22 14:03:00,54.17,54.18,54.14,54.17,0,0,26689
10393,2020-10-22 14:04:00,54.17,54.19,54.15,54.19,0,0,36428
10394,2020-10-22 14:05:00,54.19,54.21,54.19,54.2,0,0,47256
10395,2020-10-22 14:06:00,54.21,54.21,54.13,54.15,0,0,51945
10396,2020-10-22 14:07:00,54.14,54.15,54.1,54.12,0,0,38847
10397,2020-10-22 14:08:00,54.13,54.14,54.11,54.12,0,0,23467
10398,2020-10-22 14:09:00,54.13,54.14,54.12,54.13,0,0,65276
10399,2020-10-22 14:10:00,54.13,54.15,54.1,54.11,0,0,49078
10400,2020-10-22 14:11:00,54.11,54.13,54.11,54.11,0,0,55570
10401,2020-10-22 14:12:00,54.11,54.13,54.11,54.13,0,0,15355
10402,2020-10-22 14:13:00,54.12,54.14,54.11,54.12,0,0,26431
10403,2020-10-22 14:14:00,54.12,54.14,54.1,54.12,0,0,53914
10404,2020-10-22 14:15:00,54.11,54.16,54.11,54.16,0,0,43544
10405,2020-10-22 14:16:00,54.16,54.21,54.15,54.19,0,0,48587
10406,2020-10-22 14:17:00,54.19,54.2,54.17,54.18,0,0,39767
10407,2020-10-22 14:18:00,54.17,54.18,54.15,54.17,0,0,28236
10408,2020-10-22 14:19:00,54.17,54.17,54.15,54.17,0,0,18115
10409,2020-10-22 14:20:00,54.16,54.18,54.13,54.14,0,0,33171
10410,2020-10-22 14:21:00,54.14,54.17,54.14,54.15,0,0,29324
10411,2020-10-22 14:22:00,54.16,54.16,54.13,54.13,0,0,27170
10412,2020-10-22 14:23:00,54.13,54.15,54.13,54.13,0,0,17120
10413,2020-10-22 14:24:00,54.13,54.15,54.11,54.13,0,0,38189
10414,2020-10-22 14:25:00,54.13,54.14,54.12,54.12,0,0,42687
10415,2020-10-22 14:26:00,54.12,54.14,54.11,54.13,0,0,41575
10416,2020-10-22 14:27:00,54.13,54.14,54.08,54.11,0,0,43469
10417,2020-10-22 14:28:00,54.12,54.12,54.06,54.06,0,0,79190
10418,2020-10-22 14:29:00,54.07,54.11,54.06,54.1,0,0,63845
10419,2020-10-22 14:30:00,54.1,54.1,54.07,54.09,0,0,45797
10420,2020-10-22 14:31:00,54.08,54.11,54.08,54.1,0,0,37691
10421,2020-10-22 14:32:00,54.1,54.1,54.09,54.1,0,0,28929
10422,2020-10-22 14:33:00,54.09,54.09,54.06,54.07,0,0,38572
10423,2020-10-22 14:34:00,54.07,54.1,54.06,54.09,0,0,30558
10424,2020-10-22 14:35:00,54.09,54.13,54.08,54.12,0,0,32866
10425,2020-10-22 14:36:00,54.11,54.11,54.03,54.06,0,0,75848
10426,2020-10-22 14:37:00,54.06,54.08,54.05,54.06,0,0,69683
10427,2020-10-22 14:38:00,54.06,54.07,54.04,54.05,0,0,72029
10428,2020-10-22 14:39:00,54.06,54.09,54.06,54.09,0,0,23442
10429,2020-10-22 14:40:00,54.08,54.09,54.06,54.08,0,0,35880
10430,2020-10-22 14:41:00,54.08,54.09,54.07,54.09,0,0,35320
10431,2020-10-22 14:42:00,54.09,54.1,54.08,54.1,0,0,34251
10432,2020-10-22 14:43:00,54.09,54.11,54.08,54.11,0,0,86006
10433,2020-10-22 14:44:00,54.1,54.13,54.1,54.12,0,0,43125
10434,2020-10-22 14:45:00,54.11,54.12,54.1,54.11,0,0,30303
10435,2020-10-22 14:46:00,54.12,54.14,54.1,54.11,0,0,58807
10436,2020-10-22 14:47:00,54.11,54.11,54.08,54.08,0,0,24182
10437,2020-10-22 14:48:00,54.08,54.09,54.04,54.04,0,0,49417
10438,2020-10-22 14:49:00,54.04,54.07,54.04,54.07,0,0,33631
10439,2020-10-22 14:50:00,54.07,54.1,54.03,54.05,0,0,44511
10440,2020-10-22 14:51:00,54.06,54.09,54.04,54.08,0,0,24562
10441,2020-10-22 14:52:00,54.07,54.1,54.07,54.08,0,0,34662
10442,2020-10-22 14:53:00,54.08,54.08,54.06,54.06,0,0,26311
10443,2020-10-22 14:54:00,54.06,54.08,54.06,54.06,0,0,47357
10444,2020-10-22 14:55:00,54.06,54.09,54.06,54.06,0,0,57009
10445,2020-10-22 14:56:00,54.06,54.06,54.04,54.06,0,0,29500
10446,2020-10-22 14:57:00,54.05,54.08,54.04,54.06,0,0,62910
10447,2020-10-22 14:58:00,54.06,54.06,54.04,54.06,0,0,27899
10448,2020-10-22 14:59:00,54.06,54.07,54.02,54.03,0,0,44692
10449,2020-10-22 15:00:00,54.03,54.05,54.0,54.01,0,0,48010
10450,2020-10-22 15:01:00,54.01,54.02,53.96,53.97,0,0,69855
10451,2020-10-22 15:02:00,53.97,53.97,53.94,53.94,0,0,67177
10452,2020-10-22 15:03:00,53.94,53.96,53.94,53.94,0,0,42716
10453,2020-10-22 15:04:00,53.95,53.96,53.94,53.96,0,0,28013
10454,2020-10-22 15:05:00,53.95,53.95,53.92,53.92,0,0,52609
10455,2020-10-22 15:06:00,53.92,53.92,53.88,53.92,0,0,77317
10456,2020-10-22 15:07:00,53.92,53.92,53.89,53.9,0,0,43296
10457,2020-10-22 15:08:00,53.9,53.9,53.86,53.86,0,0,63826
10458,2020-10-22 15:09:00,53.86,53.88,53.83,53.84,0,0,87066
10459,2020-10-22 15:10:00,53.83,53.88,53.83,53.86,0,0,89199
10460,2020-10-22 15:11:00,53.85,53.87,53.85,53.85,0,0,34341
10461,2020-10-22 15:12:00,53.85,53.85,53.82,53.83,0,0,46466
10462,2020-10-22 15:13:00,53.84,53.85,53.83,53.85,0,0,33367
10463,2020-10-22 15:14:00,53.85,53.88,53.84,53.88,0,0,55292
10464,2020-10-22 15:15:00,53.87,53.88,53.84,53.87,0,0,108897
10465,2020-10-22 15:16:00,53.88,53.9,53.87,53.87,0,0,44448
10466,2020-10-22 15:17:00,53.88,53.89,53.86,53.86,0,0,32898
10467,2020-10-22 15:18:00,53.86,53.87,53.84,53.85,0,0,46070
10468,2020-10-22 15:19:00,53.85,53.89,53.85,53.86,0,0,112851
10469,2020-10-22 15:20:00,53.85,53.9,53.84,53.88,0,0,159534
10470,2020-10-22 15:21:00,53.88,53.93,53.86,53.9,0,0,172715
10471,2020-10-22 15:22:00,53.9,53.97,53.89,53.92,0,0,231327
10472,2020-10-22 15:23:00,53.93,54.01,53.92,53.99,0,0,329535
10473,2020-10-22 15:24:00,54.0,54.01,53.99,53.99,0,0,56994
10474,2020-10-22 15:25:00,53.99,54.0,53.97,53.99,0,0,55521
10475,2020-10-22 15:26:00,53.99,54.01,53.98,54.01,0,0,37578
10476,2020-10-22 15:27:00,54.0,54.05,53.99,54.04,0,0,184423
10477,2020-10-22 15:28:00,54.03,54.04,54.0,54.04,0,0,62768
10478,2020-10-22 15:29:00,54.03,54.05,54.01,54.04,0,0,74017
10479,2020-10-22 15:30:00,54.04,54.06,54.04,54.06,0,0,113534
10480,2020-10-22 15:31:00,54.06,54.09,54.05,54.09,0,0,91010
10481,2020-10-22 15:32:00,54.09,54.11,54.08,54.11,0,0,64738
10482,2020-10-22 15:33:00,54.11,54.15,54.1,54.14,0,0,155387
10483,2020-10-22 15:34:00,54.13,54.16,54.13,54.16,0,0,62663
10484,2020-10-22 15:35:00,54.16,54.2,54.15,54.16,0,0,138698
10485,2020-10-22 15:36:00,54.16,54.22,54.16,54.22,0,0,107396
10486,2020-10-22 15:37:00,54.22,54.22,54.2,54.21,0,0,72491
10487,2020-10-22 15:38:00,54.21,54.22,54.17,54.19,0,0,126159
10488,2020-10-22 15:39:00,54.19,54.19,54.15,54.15,0,0,67303
10489,2020-10-22 15:40:00,54.15,54.17,54.13,54.15,0,0,66844
10490,2020-10-22 15:41:00,54.15,54.16,54.15,54.15,0,0,82867
10491,2020-10-22 15:42:00,54.15,54.17,54.11,54.13,0,0,92675
10492,2020-10-22 15:43:00,54.13,54.13,54.1,54.1,0,0,68536
10493,2020-10-22 15:44:00,54.1,54.11,54.06,54.1,0,0,89674
10494,2020-10-22 15:45:00,54.1,54.12,54.07,54.12,0,0,95948
10495,2020-10-22 15:46:00,54.12,54.14,54.11,54.13,0,0,87517
10496,2020-10-22 15:47:00,54.14,54.2,54.14,54.19,0,0,110412
10497,2020-10-22 15:48:00,54.19,54.21,54.17,54.17,0,0,127248
10498,2020-10-22 15:49:00,54.17,54.17,54.12,54.12,0,0,134921
10499,2020-10-22 15:50:00,54.12,54.14,54.05,54.08,0,0,257542
10500,2020-10-22 15:51:00,54.07,54.08,54.02,54.04,0,0,126889
10501,2020-10-22 15:52:00,54.04,54.06,53.98,53.98,0,0,143638
10502,2020-10-22 15:53:00,53.98,53.98,53.94,53.96,0,0,157250
10503,2020-10-22 15:54:00,53.96,54.05,53.95,54.0,0,0,180274
10504,2020-10-22 15:55:00,54.03,54.03,53.94,53.94,0,0,232459
10505,2020-10-22 15:56:00,53.93,53.95,53.9,53.91,0,0,227966
10506,2020-10-22 15:57:00,53.91,53.96,53.9,53.95,0,0,343212
10507,2020-10-22 15:58:00,53.94,53.95,53.8,53.83,0,0,639348
10508,2020-10-22 15:59:00,53.83,54.06,53.82,53.99,0,0,910668
10509,2020-10-23 09:30:00,48.35,48.4,48.05,48.36,0,0,6780466
10510,2020-10-23 09:31:00,48.35,48.35,47.82,47.88,0,0,2653968
10511,2020-10-23 09:32:00,47.87,48.05,47.8,47.8,0,0,1219708
10512,2020-10-23 09:33:00,47.8,47.88,47.74,47.8,0,0,1496619
10513,2020-10-23 09:34:00,47.8,47.97,47.74,47.91,0,0,1039018
10514,2020-10-23 09:35:00,47.92,47.94,47.78,47.84,0,0,848697
10515,2020-10-23 09:36:00,47.83,47.86,47.66,47.73,0,0,961844
10516,2020-10-23 09:37:00,47.74,47.92,47.72,47.9,0,0,724988
10517,2020-10-23 09:38:00,47.9,48.12,47.86,48.07,0,0,869023
10518,2020-10-23 09:39:00,48.07,48.28,48.07,48.24,0,0,886860
10519,2020-10-23 09:40:00,48.24,48.46,48.18,48.44,0,0,881788
10520,2020-10-23 09:41:00,48.43,48.67,48.42,48.59,0,0,1025385
10521,2020-10-23 09:42:00,48.59,48.64,48.5,48.53,0,0,807025
10522,2020-10-23 09:43:00,48.54,48.55,48.38,48.52,0,0,712892
10523,2020-10-23 09:44:00,48.52,48.61,48.49,48.55,0,0,471855
10524,2020-10-23 09:45:00,48.55,48.55,48.42,48.47,0,0,573359
10525,2020-10-23 09:46:00,48.46,48.5,48.37,48.44,0,0,439479
10526,2020-10-23 09:47:00,48.44,48.45,48.37,48.44,0,0,474669
10527,2020-10-23 09:48:00,48.43,48.45,48.27,48.28,0,0,490970
10528,2020-10-23 09:49:00,48.28,48.34,48.26,48.33,0,0,545539
10529,2020-10-23 09:50:00,48.33,48.38,48.27,48.36,0,0,363667
10530,2020-10-23 09:51:00,48.35,48.35,48.1,48.1,0,0,803561
10531,2020-10-23 09:52:00,48.1,48.18,48.06,48.12,0,0,454797
10532,2020-10-23 09:53:00,48.11,48.19,48.07,48.16,0,0,440418
10533,2020-10-23 09:54:00,48.17,48.19,48.12,48.19,0,0,280467
10534,2020-10-23 09:55:00,48.19,48.19,48.1,48.16,0,0,343655
10535,2020-10-23 09:56:00,48.15,48.19,48.15,48.16,0,0,300504
10536,2020-10-23 09:57:00,48.16,48.16,48.09,48.1,0,0,385022
10537,2020-10-23 09:58:00,48.1,48.29,48.09,48.22,0,0,784724
10538,2020-10-23 09:59:00,48.21,48.22,48.11,48.17,0,0,319942
10539,2020-10-23 10:00:00,48.17,48.17,48.0,48.01,0,0,840124
10540,2020-10-23 10:01:00,48.01,48.02,47.95,47.97,0,0,620792
10541,2020-10-23 10:02:00,47.97,48.02,47.96,47.97,0,0,348433
10542,2020-10-23 10:03:00,47.96,48.03,47.95,47.96,0,0,586961
10543,2020-10-23 10:04:00,47.95,47.97,47.91,47.92,0,0,377096
10544,2020-10-23 10:05:00,47.92,48.06,47.9,48.06,0,0,469636
10545,2020-10-23 10:06:00,48.06,48.07,48.0,48.07,0,0,325717
10546,2020-10-23 10:07:00,48.06,48.19,48.06,48.16,0,0,341340
10547,2020-10-23 10:08:00,48.15,48.16,48.1,48.12,0,0,360186
10548,2020-10-23 10:09:00,48.12,48.13,48.05,48.1,0,0,430645
10549,2020-10-23 10:10:00,48.1,48.18,48.1,48.13,0,0,291890
10550,2020-10-23 10:11:00,48.13,48.18,48.13,48.14,0,0,361030
10551,2020-10-23 10:12:00,48.14,48.14,48.03,48.03,0,0,302259
10552,2020-10-23 10:13:00,48.03,48.03,48.0,48.01,0,0,355648
10553,2020-10-23 10:14:00,48.01,48.06,47.96,47.97,0,0,431270
10554,2020-10-23 10:15:00,47.96,47.97,47.9,47.9,0,0,470801
10555,2020-10-23 10:16:00,47.9,47.94,47.9,47.92,0,0,336514
10556,2020-10-23 10:17:00,47.92,47.96,47.91,47.94,0,0,235822
10557,2020-10-23 10:18:00,47.94,48.04,47.93,48.02,0,0,391936
10558,2020-10-23 10:19:00,48.01,48.09,48.01,48.03,0,0,370268
10559,2020-10-23 10:20:00,48.03,48.04,48.0,48.0,0,0,476723
10560,2020-10-23 10:21:00,48.01,48.07,48.01,48.03,0,0,353920
10561,2020-10-23 10:22:00,48.03,48.04,48.0,48.04,0,0,317148
10562,2020-10-23 10:23:00,48.03,48.08,48.03,48.06,0,0,288059
10563,2020-10-23 10:24:00,48.06,48.17,48.06,48.12,0,0,248995
10564,2020-10-23 10:25:00,48.12,48.16,48.12,48.12,0,0,237503
10565,2020-10-23 10:26:00,48.12,48.16,48.1,48.13,0,0,207776
10566,2020-10-23 10:27:00,48.14,48.19,48.13,48.18,0,0,261277
10567,2020-10-23 10:28:00,48.19,48.2,48.14,48.15,0,0,332920
10568,2020-10-23 10:29:00,48.15,48.16,48.06,48.12,0,0,372769
10569,2020-10-23 10:30:00,48.12,48.12,48.05,48.05,0,0,180812
10570,2020-10-23 10:31:00,48.06,48.06,48.0,48.01,0,0,348509
10571,2020-10-23 10:32:00,48.0,48.06,47.99,48.04,0,0,612906
10572,2020-10-23 10:33:00,48.04,48.05,48.01,48.04,0,0,139379
10573,2020-10-23 10:34:00,48.04,48.04,48.01,48.02,0,0,107125
10574,2020-10-23 10:35:00,48.01,48.03,48.0,48.01,0,0,220415
10575,2020-10-23 10:36:00,48.0,48.01,47.99,48.0,0,0,107436
10576,2020-10-23 10:37:00,48.0,48.0,47.95,47.99,0,0,281254
10577,2020-10-23 10:38:00,47.99,48.0,47.98,47.98,0,0,217940
10578,2020-10-23 10:39:00,47.99,48.0,47.97,47.98,0,0,159915
10579,2020-10-23 10:40:00,47.97,47.98,47.97,47.98,0,0,207024
10580,2020-10-23 10:41:00,47.98,47.98,47.97,47.97,0,0,107404
10581,2020-10-23 10:42:00,47.97,47.98,47.97,47.98,0,0,85781
10582,2020-10-23 10:43:00,47.97,47.98,47.97,47.97,0,0,233709
10583,2020-10-23 10:44:00,47.98,47.98,47.93,47.94,0,0,350022
10584,2020-10-23 10:45:00,47.94,47.94,47.9,47.91,0,0,291907
10585,2020-10-23 10:46:00,47.91,47.91,47.88,47.88,0,0,436484
10586,2020-10-23 10:47:00,47.89,47.93,47.88,47.88,0,0,445801
10587,2020-10-23 10:48:00,47.88,47.91,47.88,47.89,0,0,268163
10588,2020-10-23 10:49:00,47.9,47.91,47.9,47.9,0,0,160295
10589,2020-10-23 10:50:00,47.9,47.91,47.88,47.88,0,0,164843
10590,2020-10-23 10:51:00,47.88,47.89,47.82,47.83,0,0,302737
10591,2020-10-23 10:52:00,47.83,47.83,47.81,47.82,0,0,258565
10592,2020-10-23 10:53:00,47.81,47.82,47.8,47.8,0,0,220196
10593,2020-10-23 10:54:00,47.81,47.81,47.79,47.79,0,0,291646
10594,2020-10-23 10:55:00,47.79,47.8,47.77,47.78,0,0,276935
10595,2020-10-23 10:56:00,47.78,47.79,47.77,47.78,0,0,182191
10596,2020-10-23 10:57:00,47.78,47.83,47.78,47.81,0,0,298384
10597,2020-10-23 10:58:00,47.8,47.87,47.8,47.86,0,0,225919
10598,2020-10-23 10:59:00,47.85,47.89,47.85,47.88,0,0,208852
10599,2020-10-23 11:00:00,47.88,47.91,47.87,47.87,0,0,195590
10600,2020-10-23 11:01:00,47.88,47.88,47.86,47.86,0,0,123238
10601,2020-10-23 11:02:00,47.86,47.87,47.83,47.84,0,0,237773
10602,2020-10-23 11:03:00,47.83,47.88,47.81,47.87,0,0,227768
10603,2020-10-23 11:04:00,47.87,47.88,47.84,47.85,0,0,108812
10604,2020-10-23 11:05:00,47.85,47.87,47.84,47.87,0,0,68507
10605,2020-10-23 11:06:00,47.87,47.9,47.86,47.88,0,0,109894
10606,2020-10-23 11:07:00,47.88,48.0,47.88,48.0,0,0,273914
10607,2020-10-23 11:08:00,47.99,48.0,47.93,47.94,0,0,314520
10608,2020-10-23 11:09:00,47.94,47.97,47.93,47.95,0,0,211345
10609,2020-10-23 11:10:00,47.95,47.98,47.94,47.96,0,0,170873
10610,2020-10-23 11:11:00,47.97,48.0,47.97,47.99,0,0,262390
10611,2020-10-23 11:12:00,47.99,48.09,47.98,48.08,0,0,399520
10612,2020-10-23 11:13:00,48.08,48.1,48.07,48.08,0,0,228998
10613,2020-10-23 11:14:00,48.08,48.19,48.08,48.19,0,0,368474
10614,2020-10-23 11:15:00,48.19,48.19,48.06,48.06,0,0,380741
10615,2020-10-23 11:16:00,48.06,48.08,48.03,48.06,0,0,232958
10616,2020-10-23 11:17:00,48.06,48.07,48.01,48.04,0,0,204742
10617,2020-10-23 11:18:00,48.05,48.05,48.01,48.01,0,0,146448
10618,2020-10-23 11:19:00,48.02,48.02,48.01,48.01,0,0,203193
10619,2020-10-23 11:20:00,48.02,48.05,48.0,48.01,0,0,269220
10620,2020-10-23 11:21:00,48.01,48.01,47.95,47.96,0,0,380332
10621,2020-10-23 11:22:00,47.96,47.96,47.9,47.9,0,0,231533
10622,2020-10-23 11:23:00,47.9,47.94,47.88,47.9,0,0,283847
10623,2020-10-23 11:24:00,47.91,47.91,47.85,47.85,0,0,299967
10624,2020-10-23 11:25:00,47.86,47.88,47.85,47.86,0,0,192754
10625,2020-10-23 11:26:00,47.85,47.86,47.83,47.84,0,0,149735
10626,2020-10-23 11:27:00,47.83,47.84,47.82,47.83,0,0,187928
10627,2020-10-23 11:28:00,47.84,47.87,47.84,47.85,0,0,196834
10628,2020-10-23 11:29:00,47.85,47.9,47.85,47.9,0,0,123688
10629,2020-10-23 11:30:00,47.9,47.9,47.86,47.87,0,0,104797
10630,2020-10-23 11:31:00,47.87,47.9,47.85,47.9,0,0,142131
10631,2020-10-23 11:32:00,47.9,47.94,47.89,47.93,0,0,139216
10632,2020-10-23 11:33:00,47.92,47.93,47.91,47.92,0,0,78374
10633,2020-10-23 11:34:00,47.92,47.92,47.9,47.9,0,0,166743
10634,2020-10-23 11:35:00,47.91,47.92,47.88,47.92,0,0,139977
10635,2020-10-23 11:36:00,47.92,47.94,47.91,47.92,0,0,144889
10636,2020-10-23 11:37:00,47.93,47.93,47.88,47.89,0,0,378663
10637,2020-10-23 11:38:00,47.9,47.94,47.9,47.94,0,0,133267
10638,2020-10-23 11:39:00,47.94,47.95,47.93,47.94,0,0,122861
10639,2020-10-23 11:40:00,47.94,47.95,47.93,47.93,0,0,113214
10640,2020-10-23 11:41:00,47.94,47.96,47.94,47.94,0,0,151325
10641,2020-10-23 11:42:00,47.95,47.98,47.94,47.97,0,0,102040
10642,2020-10-23 11:43:00,47.97,47.98,47.95,47.96,0,0,91725
10643,2020-10-23 11:44:00,47.95,47.96,47.95,47.96,0,0,70900
10644,2020-10-23 11:45:00,47.96,47.96,47.95,47.96,0,0,96091
10645,2020-10-23 11:46:00,47.95,47.96,47.87,47.88,0,0,278535
10646,2020-10-23 11:47:00,47.88,47.89,47.85,47.85,0,0,125888
10647,2020-10-23 11:48:00,47.86,47.86,47.82,47.83,0,0,248339
10648,2020-10-23 11:49:00,47.83,47.83,47.8,47.81,0,0,220758
10649,2020-10-23 11:50:00,47.81,47.81,47.79,47.79,0,0,295632
10650,2020-10-23 11:51:00,47.8,47.84,47.79,47.81,0,0,170822
10651,2020-10-23 11:52:00,47.81,47.82,47.8,47.81,0,0,60084
10652,2020-10-23 11:53:00,47.81,47.82,47.8,47.81,0,0,286709
10653,2020-10-23 11:54:00,47.82,47.84,47.81,47.83,0,0,104673
10654,2020-10-23 11:55:00,47.83,47.85,47.82,47.83,0,0,72287
10655,2020-10-23 11:56:00,47.83,47.85,47.82,47.85,0,0,93574
10656,2020-10-23 11:57:00,47.85,47.85,47.83,47.83,0,0,73743
10657,2020-10-23 11:58:00,47.84,47.88,47.83,47.87,0,0,158128
10658,2020-10-23 11:59:00,47.87,47.88,47.85,47.88,0,0,81885
10659,2020-10-23 12:00:00,47.88,47.88,47.85,47.85,0,0,53760
10660,2020-10-23 12:01:00,47.85,47.86,47.85,47.85,0,0,60949
10661,2020-10-23 12:02:00,47.85,47.88,47.83,47.88,0,0,142675
10662,2020-10-23 12:03:00,47.88,47.92,47.87,47.9,0,0,158500
10663,2020-10-23 12:04:00,47.91,47.92,47.9,47.91,0,0,61962
10664,2020-10-23 12:05:00,47.92,47.95,47.91,47.95,0,0,129595
10665,2020-10-23 12:06:00,47.94,47.97,47.94,47.97,0,0,157415
10666,2020-10-23 12:07:00,47.97,47.98,47.96,47.98,0,0,100998
10667,2020-10-23 12:08:00,47.97,48.0,47.97,48.0,0,0,161088
10668,2020-10-23 12:09:00,48.0,48.0,47.98,47.99,0,0,85603
10669,2020-10-23 12:10:00,47.99,48.0,47.99,47.99,0,0,227487
10670,2020-10-23 12:11:00,47.99,48.09,47.99,48.07,0,0,328830
10671,2020-10-23 12:12:00,48.07,48.07,48.02,48.06,0,0,138280
10672,2020-10-23 12:13:00,48.05,48.06,48.01,48.05,0,0,153153
10673,2020-10-23 12:14:00,48.05,48.05,48.03,48.03,0,0,125150
10674,2020-10-23 12:15:00,48.03,48.04,48.02,48.03,0,0,106188
10675,2020-10-23 12:16:00,48.04,48.06,47.96,48.01,0,0,367612
10676,2020-10-23 12:17:00,48.0,48.03,47.98,48.0,0,0,129704
10677,2020-10-23 12:18:00,48.01,48.05,47.99,48.03,0,0,109941
10678,2020-10-23 12:19:00,48.03,48.05,48.0,48.0,0,0,147700
10679,2020-10-23 12:20:00,48.0,48.01,47.95,47.97,0,0,269525
10680,2020-10-23 12:21:00,47.97,47.97,47.93,47.93,0,0,184858
10681,2020-10-23 12:22:00,47.93,48.04,47.91,48.04,0,0,323044
10682,2020-10-23 12:23:00,48.04,48.04,47.99,47.99,0,0,263288
10683,2020-10-23 12:24:00,47.99,48.0,47.95,47.99,0,0,174037
10684,2020-10-23 12:25:00,47.99,48.0,47.99,48.0,0,0,119068
10685,2020-10-23 12:26:00,47.99,48.04,47.99,48.03,0,0,221810
10686,2020-10-23 12:27:00,48.03,48.05,48.03,48.05,0,0,156015
10687,2020-10-23 12:28:00,48.04,48.07,48.04,48.07,0,0,195823
10688,2020-10-23 12:29:00,48.06,48.13,48.06,48.13,0,0,165680
10689,2020-10-23 12:30:00,48.13,48.17,48.12,48.17,0,0,249196
10690,2020-10-23 12:31:00,48.17,48.18,48.15,48.18,0,0,220979
10691,2020-10-23 12:32:00,48.17,48.18,48.13,48.14,0,0,170316
10692,2020-10-23 12:33:00,48.13,48.14,48.07,48.1,0,0,209414
10693,2020-10-23 12:34:00,48.09,48.1,48.06,48.06,0,0,112981
10694,2020-10-23 12:35:00,48.06,48.12,48.05,48.1,0,0,142862
10695,2020-10-23 12:36:00,48.1,48.14,48.09,48.13,0,0,95999
10696,2020-10-23 12:37:00,48.14,48.16,48.13,48.16,0,0,128299
10697,2020-10-23 12:38:00,48.15,48.19,48.15,48.17,0,0,351275
10698,2020-10-23 12:39:00,48.17,48.25,48.17,48.21,0,0,240256
10699,2020-10-23 12:40:00,48.21,48.27,48.21,48.24,0,0,198562
10700,2020-10-23 12:41:00,48.24,48.25,48.21,48.22,0,0,93956
10701,2020-10-23 12:42:00,48.21,48.22,48.19,48.21,0,0,160584
10702,2020-10-23 12:43:00,48.21,48.21,48.15,48.2,0,0,256420
10703,2020-10-23 12:44:00,48.2,48.21,48.17,48.17,0,0,186757
10704,2020-10-23 12:45:00,48.17,48.17,48.12,48.12,0,0,175866
10705,2020-10-23 12:46:00,48.12,48.12,48.06,48.06,0,0,99555
10706,2020-10-23 12:47:00,48.06,48.07,48.05,48.06,0,0,39931
10707,2020-10-23 12:48:00,48.05,48.06,48.03,48.03,0,0,155401
10708,2020-10-23 12:49:00,48.04,48.04,48.01,48.01,0,0,386714
10709,2020-10-23 12:50:00,48.02,48.02,48.0,48.0,0,0,94000
10710,2020-10-23 12:51:00,48.01,48.04,48.0,48.03,0,0,215912
10711,2020-10-23 12:52:00,48.03,48.09,48.02,48.08,0,0,240039
10712,2020-10-23 12:53:00,48.08,48.08,48.02,48.03,0,0,172205
10713,2020-10-23 12:54:00,48.03,48.04,48.02,48.03,0,0,148012
10714,2020-10-23 12:55:00,48.03,48.05,48.03,48.03,0,0,57423
10715,2020-10-23 12:56:00,48.03,48.04,48.0,48.01,0,0,101189
10716,2020-10-23 12:57:00,48.01,48.01,47.91,47.92,0,0,293282
10717,2020-10-23 12:58:00,47.91,47.95,47.91,47.93,0,0,168056
10718,2020-10-23 12:59:00,47.94,47.95,47.93,47.94,0,0,94953
10719,2020-10-23 13:00:00,47.95,47.95,47.92,47.95,0,0,98455
10720,2020-10-23 13:01:00,47.95,47.97,47.93,47.94,0,0,101493
10721,2020-10-23 13:02:00,47.94,47.96,47.92,47.96,0,0,77923
10722,2020-10-23 13:03:00,47.96,47.99,47.95,47.97,0,0,89091
10723,2020-10-23 13:04:00,47.97,47.98,47.96,47.97,0,0,37244
10724,2020-10-23 13:05:00,47.97,47.98,47.97,47.98,0,0,30559
10725,2020-10-23 13:06:00,47.97,47.98,47.97,47.97,0,0,55173
10726,2020-10-23 13:07:00,47.97,47.98,47.96,47.97,0,0,64442
10727,2020-10-23 13:08:00,47.96,47.98,47.96,47.97,0,0,67354
10728,2020-10-23 13:09:00,47.97,48.02,47.97,48.01,0,0,170121
10729,2020-10-23 13:10:00,48.01,48.01,48.0,48.01,0,0,64838
10730,2020-10-23 13:11:00,48.01,48.01,47.98,47.99,0,0,48961
10731,2020-10-23 13:12:00,48.0,48.01,47.99,48.01,0,0,46036
10732,2020-10-23 13:13:00,48.01,48.01,48.0,48.0,0,0,137833
10733,2020-10-23 13:14:00,48.0,48.01,47.99,47.99,0,0,115847
10734,2020-10-23 13:15:00,47.99,48.02,47.99,48.01,0,0,142047
10735,2020-10-23 13:16:00,48.01,48.02,48.0,48.01,0,0,89382
10736,2020-10-23 13:17:00,48.01,48.02,48.0,48.01,0,0,68193
10737,2020-10-23 13:18:00,48.02,48.04,48.01,48.03,0,0,101269
10738,2020-10-23 13:19:00,48.04,48.05,48.03,48.03,0,0,104775
10739,2020-10-23 13:20:00,48.03,48.07,48.02,48.06,0,0,132911
10740,2020-10-23 13:21:00,48.06,48.08,48.06,48.07,0,0,110291
10741,2020-10-23 13:22:00,48.08,48.09,48.07,48.08,0,0,92315
10742,2020-10-23 13:23:00,48.08,48.1,48.05,48.1,0,0,133912
10743,2020-10-23 13:24:00,48.1,48.1,48.08,48.1,0,0,83489
10744,2020-10-23 13:25:00,48.1,48.1,48.08,48.09,0,0,85712
10745,2020-10-23 13:26:00,48.08,48.1,48.07,48.08,0,0,129408
10746,2020-10-23 13:27:00,48.08,48.09,48.07,48.08,0,0,67672
10747,2020-10-23 13:28:00,48.07,48.08,48.05,48.06,0,0,108150
10748,2020-10-23 13:29:00,48.06,48.07,48.05,48.06,0,0,56346
10749,2020-10-23 13:30:00,48.05,48.06,48.05,48.05,0,0,36364
10750,2020-10-23 13:31:00,48.06,48.08,48.05,48.08,0,0,149617
10751,2020-10-23 13:32:00,48.08,48.08,48.07,48.08,0,0,67282
10752,2020-10-23 13:33:00,48.07,48.09,48.07,48.08,0,0,153848
10753,2020-10-23 13:34:00,48.08,48.09,48.06,48.06,0,0,62012
10754,2020-10-23 13:35:00,48.06,48.07,48.06,48.06,0,0,38620
10755,2020-10-23 13:36:00,48.06,48.07,48.06,48.06,0,0,47694
10756,2020-10-23 13:37:00,48.06,48.07,48.06,48.06,0,0,53609
10757,2020-10-23 13:38:00,48.06,48.1,48.06,48.1,0,0,110521
10758,2020-10-23 13:39:00,48.09,48.1,48.09,48.1,0,0,72253
10759,2020-10-23 13:40:00,48.09,48.12,48.03,48.03,0,0,227326
10760,2020-10-23 13:41:00,48.03,48.04,48.01,48.02,0,0,106345
10761,2020-10-23 13:42:00,48.01,48.02,48.0,48.01,0,0,80987
10762,2020-10-23 13:43:00,48.01,48.03,48.01,48.03,0,0,108653
10763,2020-10-23 13:44:00,48.03,48.05,48.02,48.03,0,0,89712
10764,2020-10-23 13:45:00,48.03,48.03,48.01,48.03,0,0,56405
10765,2020-10-23 13:46:00,48.03,48.03,48.01,48.01,0,0,47428
10766,2020-10-23 13:47:00,48.02,48.03,48.01,48.03,0,0,42163
10767,2020-10-23 13:48:00,48.03,48.03,48.01,48.01,0,0,75089
10768,2020-10-23 13:49:00,48.01,48.04,48.01,48.03,0,0,59533
10769,2020-10-23 13:50:00,48.03,48.04,48.03,48.03,0,0,35274
10770,2020-10-23 13:51:00,48.04,48.04,48.03,48.03,0,0,64668
10771,2020-10-23 13:52:00,48.03,48.04,48.03,48.04,0,0,42926
10772,2020-10-23 13:53:00,48.04,48.05,48.02,48.02,0,0,109632
10773,2020-10-23 13:54:00,48.03,48.03,48.02,48.03,0,0,31625
10774,2020-10-23 13:55:00,48.03,48.03,48.02,48.03,0,0,47387
10775,2020-10-23 13:56:00,48.03,48.05,48.02,48.05,0,0,109860
10776,2020-10-23 13:57:00,48.04,48.05,48.02,48.03,0,0,81185
10777,2020-10-23 13:58:00,48.03,48.05,48.02,48.03,0,0,98121
10778,2020-10-23 13:59:00,48.03,48.04,48.02,48.02,0,0,53851
10779,2020-10-23 14:00:00,48.02,48.03,48.02,48.03,0,0,71059
10780,2020-10-23 14:01:00,48.02,48.03,48.02,48.02,0,0,43516
10781,2020-10-23 14:02:00,48.03,48.03,48.02,48.02,0,0,57537
10782,2020-10-23 14:03:00,48.02,48.03,48.02,48.03,0,0,46962
10783,2020-10-23 14:04:00,48.03,48.03,48.02,48.03,0,0,45652
10784,2020-10-23 14:05:00,48.03,48.06,48.03,48.04,0,0,144074
10785,2020-10-23 14:06:00,48.04,48.05,48.0,48.01,0,0,139334
10786,2020-10-23 14:07:00,48.01,48.02,48.0,48.01,0,0,71236
10787,2020-10-23 14:08:00,48.0,48.01,48.0,48.01,0,0,48351
10788,2020-10-23 14:09:00,48.01,48.02,48.01,48.01,0,0,53885
10789,2020-10-23 14:10:00,48.01,48.02,48.0,48.01,0,0,76618
10790,2020-10-23 14:11:00,48.0,48.01,48.0,48.01,0,0,72198
10791,2020-10-23 14:12:00,48.01,48.04,47.97,48.02,0,0,493900
10792,2020-10-23 14:13:00,48.03,48.05,48.02,48.03,0,0,77827
10793,2020-10-23 14:14:00,48.03,48.04,48.03,48.04,0,0,29200
10794,2020-10-23 14:15:00,48.04,48.04,48.03,48.03,0,0,47208
10795,2020-10-23 14:16:00,48.03,48.05,48.03,48.04,0,0,99744
10796,2020-10-23 14:17:00,48.04,48.05,48.03,48.03,0,0,85516
10797,2020-10-23 14:18:00,48.04,48.08,48.03,48.04,0,0,190929
10798,2020-10-23 14:19:00,48.04,48.06,48.04,48.06,0,0,96116
10799,2020-10-23 14:20:00,48.06,48.07,48.04,48.06,0,0,149418
10800,2020-10-23 14:21:00,48.06,48.08,48.06,48.07,0,0,74615
10801,2020-10-23 14:22:00,48.07,48.08,48.06,48.06,0,0,80248
10802,2020-10-23 14:23:00,48.07,48.07,48.06,48.06,0,0,27323
10803,2020-10-23 14:24:00,48.06,48.07,48.06,48.06,0,0,29797
10804,2020-10-23 14:25:00,48.06,48.07,48.06,48.07,0,0,60271
10805,2020-10-23 14:26:00,48.06,48.08,48.06,48.07,0,0,55040
10806,2020-10-23 14:27:00,48.08,48.08,48.07,48.07,0,0,58077
10807,2020-10-23 14:28:00,48.08,48.1,48.07,48.07,0,0,153396
10808,2020-10-23 14:29:00,48.08,48.08,48.06,48.06,0,0,49270
10809,2020-10-23 14:30:00,48.06,48.07,48.06,48.06,0,0,24551
10810,2020-10-23 14:31:00,48.07,48.07,48.05,48.06,0,0,57532
10811,2020-10-23 14:32:00,48.06,48.08,48.04,48.07,0,0,166686
10812,2020-10-23 14:33:00,48.07,48.07,48.04,48.04,0,0,61453
10813,2020-10-23 14:34:00,48.05,48.05,48.03,48.03,0,0,53611
10814,2020-10-23 14:35:00,48.03,48.04,48.01,48.01,0,0,84173
10815,2020-10-23 14:36:00,48.01,48.02,48.0,48.01,0,0,92068
10816,2020-10-23 14:37:00,48.0,48.01,48.0,48.0,0,0,62200
10817,2020-10-23 14:38:00,48.0,48.01,48.0,48.0,0,0,33272
10818,2020-10-23 14:39:00,48.01,48.03,47.99,48.03,0,0,322844
10819,2020-10-23 14:40:00,48.03,48.03,48.01,48.01,0,0,37365
10820,2020-10-23 14:41:00,48.01,48.02,47.98,47.99,0,0,105193
10821,2020-10-23 14:42:00,47.99,47.99,47.97,47.98,0,0,72059
10822,2020-10-23 14:43:00,47.98,48.01,47.98,48.01,0,0,156968
10823,2020-10-23 14:44:00,48.01,48.01,48.0,48.01,0,0,26743
10824,2020-10-23 14:45:00,48.01,48.01,48.0,48.01,0,0,33991
10825,2020-10-23 14:46:00,48.0,48.01,47.99,48.0,0,0,63253
10826,2020-10-23 14:47:00,47.99,48.0,47.99,47.99,0,0,72019
10827,2020-10-23 14:48:00,47.99,48.0,47.99,47.99,0,0,52326
10828,2020-10-23 14:49:00,47.99,48.0,47.99,47.99,0,0,100738
10829,2020-10-23 14:50:00,47.99,48.01,47.99,47.99,0,0,155283
10830,2020-10-23 14:51:00,47.99,48.0,47.99,48.0,0,0,45333
10831,2020-10-23 14:52:00,47.99,48.0,47.97,47.97,0,0,134474
10832,2020-10-23 14:53:00,47.97,47.98,47.97,47.97,0,0,67532
10833,2020-10-23 14:54:00,47.97,47.98,47.97,47.97,0,0,44424
10834,2020-10-23 14:55:00,47.98,47.99,47.97,47.98,0,0,179274
10835,2020-10-23 14:56:00,47.99,47.99,47.97,47.97,0,0,57597
10836,2020-10-23 14:57:00,47.97,47.99,47.97,47.97,0,0,69356
10837,2020-10-23 14:58:00,47.97,47.98,47.95,47.96,0,0,122662
10838,2020-10-23 14:59:00,47.96,47.97,47.95,47.96,0,0,82456
10839,2020-10-23 15:00:00,47.96,47.97,47.95,47.97,0,0,95185
10840,2020-10-23 15:01:00,47.97,47.98,47.96,47.96,0,0,111902
10841,2020-10-23 15:02:00,47.96,47.97,47.96,47.97,0,0,39538
10842,2020-10-23 15:03:00,47.96,47.97,47.95,47.95,0,0,70652
10843,2020-10-23 15:04:00,47.96,47.96,47.94,47.94,0,0,153702
10844,2020-10-23 15:05:00,47.94,47.99,47.93,47.99,0,0,212792
10845,2020-10-23 15:06:00,47.99,47.99,47.96,47.98,0,0,86064
10846,2020-10-23 15:07:00,47.97,47.98,47.96,47.98,0,0,77536
10847,2020-10-23 15:08:00,47.97,47.99,47.97,47.99,0,0,57101
10848,2020-10-23 15:09:00,47.99,48.01,47.98,48.01,0,0,128503
10849,2020-10-23 15:10:00,48.01,48.01,47.98,47.99,0,0,798719
10850,2020-10-23 15:11:00,47.99,48.0,47.99,47.99,0,0,51398
10851,2020-10-23 15:12:00,47.99,48.0,47.99,47.99,0,0,53890
10852,2020-10-23 15:13:00,47.99,48.05,47.99,48.05,0,0,152441
10853,2020-10-23 15:14:00,48.04,48.07,48.04,48.06,0,0,114752
10854,2020-10-23 15:15:00,48.06,48.08,48.06,48.08,0,0,126433
10855,2020-10-23 15:16:00,48.08,48.08,48.05,48.05,0,0,87094
10856,2020-10-23 15:17:00,48.06,48.07,48.04,48.06,0,0,129388
10857,2020-10-23 15:18:00,48.06,48.07,48.06,48.06,0,0,42520
10858,2020-10-23 15:19:00,48.06,48.07,48.05,48.06,0,0,120870
10859,2020-10-23 15:20:00,48.05,48.08,48.05,48.06,0,0,126558
10860,2020-10-23 15:21:00,48.06,48.06,48.03,48.04,0,0,111224
10861,2020-10-23 15:22:00,48.03,48.04,48.03,48.03,0,0,60852
10862,2020-10-23 15:23:00,48.03,48.09,48.03,48.09,0,0,184768
10863,2020-10-23 15:24:00,48.09,48.09,48.07,48.08,0,0,75625
10864,2020-10-23 15:25:00,48.08,48.08,48.04,48.04,0,0,76557
10865,2020-10-23 15:26:00,48.04,48.05,48.04,48.05,0,0,39189
10866,2020-10-23 15:27:00,48.04,48.05,48.01,48.01,0,0,87333
10867,2020-10-23 15:28:00,48.01,48.03,48.01,48.03,0,0,101580
10868,2020-10-23 15:29:00,48.03,48.03,48.01,48.01,0,0,99264
10869,2020-10-23 15:30:00,48.01,48.02,48.0,48.01,0,0,155724
10870,2020-10-23 15:31:00,48.01,48.02,48.0,48.01,0,0,133964
10871,2020-10-23 15:32:00,48.01,48.02,48.0,48.01,0,0,117641
10872,2020-10-23 15:33:00,48.01,48.02,48.0,48.01,0,0,102786
10873,2020-10-23 15:34:00,48.01,48.02,48.01,48.01,0,0,76124
10874,2020-10-23 15:35:00,48.01,48.02,48.01,48.01,0,0,179119
10875,2020-10-23 15:36:00,48.01,48.03,48.01,48.01,0,0,224677
10876,2020-10-23 15:37:00,48.01,48.02,48.0,48.01,0,0,155003
10877,2020-10-23 15:38:00,48.01,48.02,48.01,48.01,0,0,44934
10878,2020-10-23 15:39:00,48.01,48.02,48.01,48.02,0,0,80049
10879,2020-10-23 15:40:00,48.01,48.02,48.01,48.01,0,0,74598
10880,2020-10-23 15:41:00,48.01,48.02,48.01,48.02,0,0,91236
10881,2020-10-23 15:42:00,48.01,48.03,48.01,48.02,0,0,347888
10882,2020-10-23 15:43:00,48.02,48.03,48.02,48.02,0,0,0
10883,2020-10-23 15:44:00,48.03,48.03,48.02,48.03,0,0,195374
10884,2020-10-23 15:45:00,48.03,48.03,48.02,48.03,0,0,179491
10885,2020-10-23 15:46:00,48.03,48.03,48.02,48.03,0,0,208236
10886,2020-10-23 15:47:00,48.03,48.05,48.02,48.04,0,0,491374
10887,2020-10-23 15:48:00,48.04,48.08,48.04,48.08,0,0,306956
10888,2020-10-23 15:49:00,48.08,48.08,48.05,48.06,0,0,267670
10889,2020-10-23 15:50:00,48.06,48.11,48.05,48.06,0,0,535725
10890,2020-10-23 15:51:00,48.06,48.06,48.04,48.05,0,0,243789
10891,2020-10-23 15:52:00,48.04,48.05,48.02,48.03,0,0,291866
10892,2020-10-23 15:53:00,48.03,48.11,48.03,48.09,0,0,605126
10893,2020-10-23 15:54:00,48.1,48.16,48.09,48.15,0,0,899478
10894,2020-10-23 15:55:00,48.15,48.15,48.09,48.1,0,0,617086
10895,2020-10-23 15:56:00,48.1,48.1,48.09,48.1,0,0,435645
10896,2020-10-23 15:57:00,48.1,48.13,48.09,48.12,0,0,560533
10897,2020-10-23 15:58:00,48.12,48.15,48.11,48.11,0,0,898405
10898,2020-10-23 15:59:00,48.12,48.2,48.1,48.2,0,0,1144952
10899,2020-10-26 09:30:00,47.85,47.86,47.69,47.7,0,0,1328473
10900,2020-10-26 09:31:00,47.7,47.74,47.67,47.67,0,0,303562
10901,2020-10-26 09:32:00,47.67,47.68,47.55,47.55,0,0,325347
10902,2020-10-26 09:33:00,47.56,47.61,47.54,47.6,0,0,398034
10903,2020-10-26 09:34:00,47.6,47.61,47.5,47.51,0,0,357809
10904,2020-10-26 09:35:00,47.51,47.58,47.51,47.51,0,0,258974
10905,2020-10-26 09:36:00,47.51,47.58,47.51,47.58,0,0,266552
10906,2020-10-26 09:37:00,47.58,47.65,47.58,47.62,0,0,215110
10907,2020-10-26 09:38:00,47.62,47.71,47.61,47.63,0,0,253971
10908,2020-10-26 09:39:00,47.63,47.63,47.54,47.6,0,0,272012
10909,2020-10-26 09:40:00,47.6,47.61,47.51,47.51,0,0,176486
10910,2020-10-26 09:41:00,47.51,47.61,47.42,47.46,0,0,600119
10911,2020-10-26 09:42:00,47.46,47.47,47.42,47.43,0,0,150990
10912,2020-10-26 09:43:00,47.43,47.47,47.41,47.42,0,0,220949
10913,2020-10-26 09:44:00,47.41,47.45,47.41,47.44,0,0,131383
10914,2020-10-26 09:45:00,47.44,47.44,47.4,47.41,0,0,118877
10915,2020-10-26 09:46:00,47.4,47.41,47.36,47.36,0,0,256138
10916,2020-10-26 09:47:00,47.37,47.38,47.35,47.38,0,0,120432
10917,2020-10-26 09:48:00,47.37,47.38,47.35,47.35,0,0,107230
10918,2020-10-26 09:49:00,47.36,47.38,47.34,47.35,0,0,211879
10919,2020-10-26 09:50:00,47.36,47.36,47.34,47.35,0,0,141138
10920,2020-10-26 09:51:00,47.35,47.36,47.27,47.28,0,0,273275
10921,2020-10-26 09:52:00,47.28,47.31,47.27,47.28,0,0,237278
10922,2020-10-26 09:53:00,47.29,47.3,47.28,47.28,0,0,192288
10923,2020-10-26 09:54:00,47.28,47.29,47.26,47.26,0,0,152125
10924,2020-10-26 09:55:00,47.26,47.35,47.26,47.31,0,0,193258
10925,2020-10-26 09:56:00,47.31,47.41,47.31,47.35,0,0,220578
10926,2020-10-26 09:57:00,47.35,47.36,47.33,47.35,0,0,68330
10927,2020-10-26 09:58:00,47.34,47.35,47.31,47.33,0,0,106202
10928,2020-10-26 09:59:00,47.33,47.35,47.28,47.3,0,0,161465
10929,2020-10-26 10:00:00,47.3,47.33,47.28,47.31,0,0,197773
10930,2020-10-26 10:01:00,47.31,47.33,47.28,47.3,0,0,109592
10931,2020-10-26 10:02:00,47.29,47.34,47.28,47.33,0,0,132048
10932,2020-10-26 10:03:00,47.33,47.37,47.31,47.35,0,0,91104
10933,2020-10-26 10:04:00,47.35,47.39,47.33,47.33,0,0,129851
10934,2020-10-26 10:05:00,47.33,47.35,47.31,47.31,0,0,82678
10935,2020-10-26 10:06:00,47.31,47.31,47.27,47.28,0,0,123490
10936,2020-10-26 10:07:00,47.27,47.29,47.26,47.28,0,0,133672
10937,2020-10-26 10:08:00,47.28,47.28,47.23,47.25,0,0,193173
10938,2020-10-26 10:09:00,47.25,47.27,47.25,47.26,0,0,102026
10939,2020-10-26 10:10:00,47.26,47.29,47.24,47.26,0,0,116828
10940,2020-10-26 10:11:00,47.26,47.27,47.25,47.27,0,0,54223
10941,2020-10-26 10:12:00,47.26,47.28,47.24,47.25,0,0,94677
10942,2020-10-26 10:13:00,47.24,47.3,47.24,47.26,0,0,176496
10943,2020-10-26 10:14:00,47.26,47.28,47.24,47.25,0,0,148681
10944,2020-10-26 10:15:00,47.26,47.27,47.24,47.24,0,0,140417
10945,2020-10-26 10:16:00,47.24,47.24,47.21,47.22,0,0,127498
10946,2020-10-26 10:17:00,47.22,47.25,47.22,47.25,0,0,148062
10947,2020-10-26 10:18:00,47.25,47.26,47.22,47.22,0,0,120959
10948,2020-10-26 10:19:00,47.22,47.26,47.21,47.22,0,0,152392
10949,2020-10-26 10:20:00,47.22,47.23,47.21,47.22,0,0,126942
10950,2020-10-26 10:21:00,47.23,47.24,47.17,47.23,0,0,391313
10951,2020-10-26 10:22:00,47.24,47.26,47.22,47.26,0,0,167428
10952,2020-10-26 10:23:00,47.26,47.26,47.24,47.26,0,0,2238004
10953,2020-10-26 10:24:00,47.26,47.28,47.24,47.25,0,0,99513
10954,2020-10-26 10:25:00,47.25,47.28,47.24,47.24,0,0,130643
10955,2020-10-26 10:26:00,47.24,47.24,47.2,47.2,0,0,130682
10956,2020-10-26 10:27:00,47.21,47.22,47.2,47.22,0,0,88793
10957,2020-10-26 10:28:00,47.22,47.22,47.16,47.17,0,0,154618
10958,2020-10-26 10:29:00,47.16,47.18,47.16,47.17,0,0,79174
10959,2020-10-26 10:30:00,47.16,47.17,47.15,47.15,0,0,113797
10960,2020-10-26 10:31:00,47.15,47.15,47.06,47.06,0,0,316623
10961,2020-10-26 10:32:00,47.07,47.08,47.03,47.03,0,0,128776
10962,2020-10-26 10:33:00,47.03,47.05,47.03,47.03,0,0,246390
10963,2020-10-26 10:34:00,47.03,47.04,47.03,47.03,0,0,69245
10964,2020-10-26 10:35:00,47.03,47.04,47.01,47.01,0,0,110551
10965,2020-10-26 10:36:00,47.01,47.02,46.92,46.94,0,0,960447
10966,2020-10-26 10:37:00,46.94,46.97,46.94,46.94,0,0,233981
10967,2020-10-26 10:38:00,46.93,46.94,46.9,46.93,0,0,213047
10968,2020-10-26 10:39:00,46.92,46.98,46.92,46.96,0,0,208124
10969,2020-10-26 10:40:00,46.96,46.98,46.92,46.97,0,0,166118
10970,2020-10-26 10:41:00,46.97,46.99,46.93,46.98,0,0,180690
10971,2020-10-26 10:42:00,46.98,46.98,46.93,46.96,0,0,108244
10972,2020-10-26 10:43:00,46.96,46.98,46.94,46.94,0,0,86676
10973,2020-10-26 10:44:00,46.93,46.94,46.9,46.91,0,0,151979
10974,2020-10-26 10:45:00,46.92,46.92,46.9,46.9,0,0,75706
10975,2020-10-26 10:46:00,46.91,46.91,46.87,46.88,0,0,172170
10976,2020-10-26 10:47:00,46.87,46.89,46.85,46.85,0,0,153507
10977,2020-10-26 10:48:00,46.86,46.86,46.81,46.81,0,0,188322
10978,2020-10-26 10:49:00,46.81,46.82,46.75,46.8,0,0,427149
10979,2020-10-26 10:50:00,46.79,46.81,46.75,46.79,0,0,226187
10980,2020-10-26 10:51:00,46.79,46.8,46.75,46.78,0,0,159596
10981,2020-10-26 10:52:00,46.78,46.8,46.76,46.76,0,0,116140
10982,2020-10-26 10:53:00,46.77,46.78,46.74,46.78,0,0,216822
10983,2020-10-26 10:54:00,46.78,46.78,46.71,46.72,0,0,156244
10984,2020-10-26 10:55:00,46.73,46.74,46.68,46.69,0,0,151661
10985,2020-10-26 10:56:00,46.69,46.7,46.66,46.67,0,0,167220
10986,2020-10-26 10:57:00,46.67,46.7,46.66,46.69,0,0,131590
10987,2020-10-26 10:58:00,46.69,46.72,46.68,46.7,0,0,81712
10988,2020-10-26 10:59:00,46.71,46.72,46.68,46.72,0,0,142229
10989,2020-10-26 11:00:00,46.72,46.72,46.67,46.69,0,0,124368
10990,2020-10-26 11:01:00,46.68,46.69,46.63,46.64,0,0,177696
10991,2020-10-26 11:02:00,46.64,46.64,46.58,46.58,0,0,215853
10992,2020-10-26 11:03:00,46.58,46.62,46.56,46.56,0,0,156688
10993,2020-10-26 11:04:00,46.56,46.6,46.56,46.58,0,0,159695
10994,2020-10-26 11:05:00,46.58,46.66,46.57,46.65,0,0,163856
10995,2020-10-26 11:06:00,46.65,46.68,46.62,46.65,0,0,124095
10996,2020-10-26 11:07:00,46.65,46.72,46.64,46.69,0,0,191098
10997,2020-10-26 11:08:00,46.69,46.7,46.66,46.67,0,0,93479
10998,2020-10-26 11:09:00,46.67,46.72,46.65,46.71,0,0,154602
10999,2020-10-26 11:10:00,46.71,46.75,46.7,46.74,0,0,75383
11000,2020-10-26 11:11:00,46.73,46.78,46.73,46.76,0,0,115821
11001,2020-10-26 11:12:00,46.75,46.79,46.74,46.76,0,0,88697
11002,2020-10-26 11:13:00,46.76,46.82,46.76,46.79,0,0,135640
11003,2020-10-26 11:14:00,46.79,46.87,46.78,46.87,0,0,174521
11004,2020-10-26 11:15:00,46.86,46.87,46.81,46.82,0,0,190594
11005,2020-10-26 11:16:00,46.82,46.82,46.74,46.74,0,0,156544
11006,2020-10-26 11:17:00,46.74,46.76,46.74,46.74,0,0,68312
11007,2020-10-26 11:18:00,46.74,46.76,46.72,46.76,0,0,77333
11008,2020-10-26 11:19:00,46.76,46.79,46.74,46.76,0,0,70630
11009,2020-10-26 11:20:00,46.76,46.76,46.72,46.75,0,0,91192
11010,2020-10-26 11:21:00,46.75,46.81,46.74,46.78,0,0,132942
11011,2020-10-26 11:22:00,46.78,46.79,46.72,46.72,0,0,59751
11012,2020-10-26 11:23:00,46.72,46.75,46.71,46.74,0,0,98925
11013,2020-10-26 11:24:00,46.74,46.81,46.74,46.78,0,0,130291
11014,2020-10-26 11:25:00,46.79,46.83,46.78,46.82,0,0,82311
11015,2020-10-26 11:26:00,46.82,46.84,46.81,46.81,0,0,100973
11016,2020-10-26 11:27:00,46.82,46.83,46.8,46.81,0,0,59784
11017,2020-10-26 11:28:00,46.81,46.82,46.79,46.79,0,0,62169
11018,2020-10-26 11:29:00,46.79,46.79,46.73,46.75,0,0,99004
11019,2020-10-26 11:30:00,46.76,46.77,46.72,46.74,0,0,65799
11020,2020-10-26 11:31:00,46.75,46.75,46.69,46.69,0,0,105172
11021,2020-10-26 11:32:00,46.69,46.71,46.67,46.67,0,0,119267
11022,2020-10-26 11:33:00,46.68,46.72,46.67,46.71,0,0,81933
11023,2020-10-26 11:34:00,46.7,46.71,46.69,46.69,0,0,34993
11024,2020-10-26 11:35:00,46.69,46.72,46.68,46.69,0,0,96086
11025,2020-10-26 11:36:00,46.69,46.69,46.67,46.67,0,0,202682
11026,2020-10-26 11:37:00,46.67,46.68,46.62,46.62,0,0,100947
11027,2020-10-26 11:38:00,46.62,46.64,46.61,46.62,0,0,124643
11028,2020-10-26 11:39:00,46.62,46.63,46.61,46.62,0,0,88442
11029,2020-10-26 11:40:00,46.62,46.62,46.58,46.6,0,0,186173
11030,2020-10-26 11:41:00,46.61,46.63,46.58,46.6,0,0,137976
11031,2020-10-26 11:42:00,46.59,46.61,46.55,46.56,0,0,123193
11032,2020-10-26 11:43:00,46.56,46.57,46.52,46.53,0,0,134586
11033,2020-10-26 11:44:00,46.52,46.55,46.51,46.53,0,0,105863
11034,2020-10-26 11:45:00,46.54,46.57,46.53,46.54,0,0,90580
11035,2020-10-26 11:46:00,46.54,46.58,46.54,46.55,0,0,96959
11036,2020-10-26 11:47:00,46.56,46.58,46.55,46.56,0,0,118345
11037,2020-10-26 11:48:00,46.56,46.56,46.52,46.53,0,0,99995
11038,2020-10-26 11:49:00,46.52,46.52,46.5,46.5,0,0,185143
11039,2020-10-26 11:50:00,46.51,46.51,46.45,46.48,0,0,407799
11040,2020-10-26 11:51:00,46.48,46.54,46.48,46.49,0,0,140693
11041,2020-10-26 11:52:00,46.5,46.57,46.47,46.57,0,0,113558
11042,2020-10-26 11:53:00,46.56,46.57,46.55,46.55,0,0,49217
11043,2020-10-26 11:54:00,46.56,46.63,46.56,46.62,0,0,221711
11044,2020-10-26 11:55:00,46.62,46.62,46.59,46.6,0,0,46610
11045,2020-10-26 11:56:00,46.59,46.6,46.53,46.53,0,0,39619
11046,2020-10-26 11:57:00,46.54,46.56,46.52,46.55,0,0,85632
11047,2020-10-26 11:58:00,46.56,46.58,46.54,46.56,0,0,72512
11048,2020-10-26 11:59:00,46.57,46.57,46.47,46.49,0,0,135367
11049,2020-10-26 12:00:00,46.49,46.5,46.45,46.46,0,0,163981
11050,2020-10-26 12:01:00,46.47,46.49,46.45,46.47,0,0,106748
11051,2020-10-26 12:02:00,46.47,46.5,46.46,46.49,0,0,74970
11052,2020-10-26 12:03:00,46.5,46.52,46.48,46.49,0,0,88682
11053,2020-10-26 12:04:00,46.48,46.49,46.42,46.43,0,0,200912
11054,2020-10-26 12:05:00,46.44,46.48,46.43,46.44,0,0,195394
11055,2020-10-26 12:06:00,46.45,46.47,46.42,46.44,0,0,143296
11056,2020-10-26 12:07:00,46.44,46.44,46.38,46.41,0,0,185048
11057,2020-10-26 12:08:00,46.41,46.44,46.39,46.4,0,0,134817
11058,2020-10-26 12:09:00,46.4,46.43,46.37,46.42,0,0,159369
11059,2020-10-26 12:10:00,46.42,46.43,46.38,46.38,0,0,154676
11060,2020-10-26 12:11:00,46.38,46.41,46.38,46.4,0,0,97682
11061,2020-10-26 12:12:00,46.39,46.46,46.39,46.43,0,0,135505
11062,2020-10-26 12:13:00,46.43,46.44,46.4,46.44,0,0,71009
11063,2020-10-26 12:14:00,46.44,46.46,46.41,46.42,0,0,100321
11064,2020-10-26 12:15:00,46.42,46.46,46.41,46.44,0,0,209737
11065,2020-10-26 12:16:00,46.44,46.49,46.44,46.47,0,0,97786
11066,2020-10-26 12:17:00,46.47,46.47,46.44,46.46,0,0,49000
11067,2020-10-26 12:18:00,46.46,46.47,46.44,46.44,0,0,43164
11068,2020-10-26 12:19:00,46.45,46.48,46.44,46.47,0,0,53990
11069,2020-10-26 12:20:00,46.47,46.49,46.42,46.45,0,0,98197
11070,2020-10-26 12:21:00,46.46,46.49,46.45,46.48,0,0,47241
11071,2020-10-26 12:22:00,46.49,46.51,46.48,46.51,0,0,78202
11072,2020-10-26 12:23:00,46.51,46.53,46.5,46.5,0,0,87482
11073,2020-10-26 12:24:00,46.5,46.5,46.46,46.48,0,0,62926
11074,2020-10-26 12:25:00,46.47,46.53,46.46,46.52,0,0,68600
11075,2020-10-26 12:26:00,46.53,46.53,46.49,46.51,0,0,55606
11076,2020-10-26 12:27:00,46.52,46.53,46.5,46.51,0,0,59460
11077,2020-10-26 12:28:00,46.52,46.53,46.49,46.49,0,0,45722
11078,2020-10-26 12:29:00,46.5,46.51,46.49,46.5,0,0,60425
11079,2020-10-26 12:30:00,46.5,46.51,46.46,46.5,0,0,113254
11080,2020-10-26 12:31:00,46.49,46.52,46.49,46.51,0,0,80542
11081,2020-10-26 12:32:00,46.52,46.52,46.47,46.47,0,0,110830
11082,2020-10-26 12:33:00,46.47,46.49,46.45,46.46,0,0,82404
11083,2020-10-26 12:34:00,46.46,46.46,46.42,46.42,0,0,79164
11084,2020-10-26 12:35:00,46.42,46.44,46.35,46.38,0,0,160175
11085,2020-10-26 12:36:00,46.37,46.39,46.37,46.39,0,0,36713
11086,2020-10-26 12:37:00,46.39,46.4,46.35,46.36,0,0,74942
11087,2020-10-26 12:38:00,46.35,46.36,46.32,46.33,0,0,71962
11088,2020-10-26 12:39:00,46.32,46.33,46.31,46.31,0,0,136931
11089,2020-10-26 12:40:00,46.32,46.32,46.26,46.32,0,0,215368
11090,2020-10-26 12:41:00,46.31,46.37,46.31,46.33,0,0,120692
11091,2020-10-26 12:42:00,46.33,46.38,46.33,46.35,0,0,102484
11092,2020-10-26 12:43:00,46.36,46.37,46.32,46.32,0,0,56437
11093,2020-10-26 12:44:00,46.33,46.37,46.31,46.37,0,0,106117
11094,2020-10-26 12:45:00,46.37,46.37,46.32,46.32,0,0,32967
11095,2020-10-26 12:46:00,46.32,46.32,46.27,46.29,0,0,93558
11096,2020-10-26 12:47:00,46.29,46.29,46.25,46.26,0,0,78818
11097,2020-10-26 12:48:00,46.26,46.3,46.26,46.29,0,0,91810
11098,2020-10-26 12:49:00,46.29,46.33,46.28,46.31,0,0,70046
11099,2020-10-26 12:50:00,46.31,46.32,46.29,46.31,0,0,66653
11100,2020-10-26 12:51:00,46.31,46.34,46.31,46.33,0,0,67974
11101,2020-10-26 12:52:00,46.33,46.33,46.29,46.29,0,0,54410
11102,2020-10-26 12:53:00,46.29,46.37,46.29,46.34,0,0,98936
11103,2020-10-26 12:54:00,46.35,46.36,46.33,46.34,0,0,49590
11104,2020-10-26 12:55:00,46.34,46.35,46.31,46.33,0,0,55973
11105,2020-10-26 12:56:00,46.33,46.33,46.28,46.28,0,0,137103
11106,2020-10-26 12:57:00,46.28,46.31,46.26,46.31,0,0,90548
11107,2020-10-26 12:58:00,46.31,46.33,46.3,46.33,0,0,44309
11108,2020-10-26 12:59:00,46.32,46.33,46.3,46.31,0,0,35005
11109,2020-10-26 13:00:00,46.31,46.34,46.29,46.32,0,0,69268
11110,2020-10-26 13:01:00,46.33,46.34,46.31,46.33,0,0,50799
11111,2020-10-26 13:02:00,46.33,46.33,46.3,46.31,0,0,90978
11112,2020-10-26 13:03:00,46.3,46.36,46.3,46.35,0,0,86488
11113,2020-10-26 13:04:00,46.35,46.39,46.34,46.38,0,0,83340
11114,2020-10-26 13:05:00,46.38,46.4,46.37,46.38,0,0,81176
11115,2020-10-26 13:06:00,46.38,46.38,46.35,46.38,0,0,58377
11116,2020-10-26 13:07:00,46.38,46.39,46.37,46.37,0,0,32928
11117,2020-10-26 13:08:00,46.38,46.38,46.35,46.35,0,0,45414
11118,2020-10-26 13:09:00,46.35,46.38,46.35,46.36,0,0,115856
11119,2020-10-26 13:10:00,46.36,46.42,46.36,46.38,0,0,97916
11120,2020-10-26 13:11:00,46.38,46.41,46.37,46.4,0,0,63046
11121,2020-10-26 13:12:00,46.4,46.4,46.38,46.4,0,0,47942
11122,2020-10-26 13:13:00,46.4,46.41,46.36,46.36,0,0,85034
11123,2020-10-26 13:14:00,46.36,46.4,46.36,46.4,0,0,24672
11124,2020-10-26 13:15:00,46.4,46.4,46.38,46.4,0,0,39673
11125,2020-10-26 13:16:00,46.4,46.4,46.34,46.34,0,0,74483
11126,2020-10-26 13:17:00,46.34,46.36,46.3,46.31,0,0,87490
11127,2020-10-26 13:18:00,46.3,46.31,46.26,46.27,0,0,120066
11128,2020-10-26 13:19:00,46.27,46.29,46.27,46.28,0,0,56659
11129,2020-10-26 13:20:00,46.28,46.32,46.27,46.29,0,0,88567
11130,2020-10-26 13:21:00,46.3,46.3,46.27,46.28,0,0,71541
11131,2020-10-26 13:22:00,46.28,46.28,46.27,46.27,0,0,93763
11132,2020-10-26 13:23:00,46.27,46.3,46.26,46.28,0,0,128211
11133,2020-10-26 13:24:00,46.28,46.29,46.28,46.29,0,0,20361
11134,2020-10-26 13:25:00,46.28,46.33,46.28,46.31,0,0,83115
11135,2020-10-26 13:26:00,46.31,46.31,46.29,46.29,0,0,67688
11136,2020-10-26 13:27:00,46.29,46.32,46.29,46.3,0,0,81788
11137,2020-10-26 13:28:00,46.31,46.35,46.3,46.33,0,0,61382
11138,2020-10-26 13:29:00,46.33,46.33,46.31,46.31,0,0,43227
11139,2020-10-26 13:30:00,46.31,46.32,46.3,46.3,0,0,58531
11140,2020-10-26 13:31:00,46.3,46.37,46.27,46.36,0,0,223682
11141,2020-10-26 13:32:00,46.37,46.39,46.35,46.39,0,0,70121
11142,2020-10-26 13:33:00,46.38,46.38,46.34,46.35,0,0,41314
11143,2020-10-26 13:34:00,46.35,46.36,46.32,46.33,0,0,62050
11144,2020-10-26 13:35:00,46.32,46.38,46.29,46.35,0,0,135280
11145,2020-10-26 13:36:00,46.35,46.36,46.32,46.36,0,0,50912
11146,2020-10-26 13:37:00,46.35,46.38,46.33,46.38,0,0,77911
11147,2020-10-26 13:38:00,46.38,46.4,46.38,46.39,0,0,46402
11148,2020-10-26 13:39:00,46.39,46.44,46.38,46.43,0,0,86610
11149,2020-10-26 13:40:00,46.42,46.44,46.37,46.4,0,0,96993
11150,2020-10-26 13:41:00,46.39,46.4,46.38,46.4,0,0,54605
11151,2020-10-26 13:42:00,46.39,46.43,46.39,46.41,0,0,56493
11152,2020-10-26 13:43:00,46.41,46.42,46.4,46.42,0,0,33075
11153,2020-10-26 13:44:00,46.42,46.42,46.37,46.4,0,0,54923
11154,2020-10-26 13:45:00,46.4,46.4,46.37,46.4,0,0,48001
11155,2020-10-26 13:46:00,46.4,46.43,46.39,46.42,0,0,110358
11156,2020-10-26 13:47:00,46.42,46.42,46.38,46.4,0,0,76998
11157,2020-10-26 13:48:00,46.4,46.42,46.36,46.42,0,0,66917
11158,2020-10-26 13:49:00,46.42,46.42,46.39,46.4,0,0,26493
11159,2020-10-26 13:50:00,46.39,46.39,46.36,46.38,0,0,68520
11160,2020-10-26 13:51:00,46.38,46.38,46.35,46.37,0,0,63218
11161,2020-10-26 13:52:00,46.37,46.38,46.36,46.38,0,0,52102
11162,2020-10-26 13:53:00,46.38,46.41,46.36,46.4,0,0,73756
11163,2020-10-26 13:54:00,46.4,46.44,46.4,46.42,0,0,126035
11164,2020-10-26 13:55:00,46.42,46.43,46.38,46.38,0,0,76121
11165,2020-10-26 13:56:00,46.38,46.39,46.35,46.37,0,0,95929
11166,2020-10-26 13:57:00,46.38,46.38,46.37,46.37,0,0,29428
11167,2020-10-26 13:58:00,46.38,46.38,46.36,46.37,0,0,28400
11168,2020-10-26 13:59:00,46.37,46.43,46.36,46.42,0,0,169897
11169,2020-10-26 14:00:00,46.42,46.43,46.31,46.34,0,0,151692
11170,2020-10-26 14:01:00,46.35,46.35,46.33,46.34,0,0,41890
11171,2020-10-26 14:02:00,46.33,46.34,46.31,46.31,0,0,43774
11172,2020-10-26 14:03:00,46.32,46.36,46.31,46.31,0,0,57833
11173,2020-10-26 14:04:00,46.31,46.34,46.31,46.33,0,0,61336
11174,2020-10-26 14:05:00,46.33,46.36,46.33,46.35,0,0,55211
11175,2020-10-26 14:06:00,46.35,46.42,46.34,46.42,0,0,89235
11176,2020-10-26 14:07:00,46.42,46.46,46.42,46.42,0,0,118787
11177,2020-10-26 14:08:00,46.42,46.44,46.41,46.42,0,0,59486
11178,2020-10-26 14:09:00,46.42,46.42,46.39,46.4,0,0,62751
11179,2020-10-26 14:10:00,46.4,46.43,46.4,46.42,0,0,69213
11180,2020-10-26 14:11:00,46.42,46.43,46.4,46.4,0,0,31321
11181,2020-10-26 14:12:00,46.4,46.41,46.35,46.37,0,0,82680
11182,2020-10-26 14:13:00,46.37,46.38,46.35,46.38,0,0,69879
11183,2020-10-26 14:14:00,46.38,46.4,46.35,46.38,0,0,61370
11184,2020-10-26 14:15:00,46.38,46.39,46.37,46.38,0,0,28085
11185,2020-10-26 14:16:00,46.38,46.42,46.38,46.42,0,0,84457
11186,2020-10-26 14:17:00,46.42,46.42,46.4,46.4,0,0,39166
11187,2020-10-26 14:18:00,46.4,46.42,46.4,46.4,0,0,54814
11188,2020-10-26 14:19:00,46.4,46.44,46.4,46.42,0,0,93151
11189,2020-10-26 14:20:00,46.42,46.42,46.39,46.4,0,0,54549
11190,2020-10-26 14:21:00,46.39,46.42,46.38,46.42,0,0,41967
11191,2020-10-26 14:22:00,46.42,46.42,46.39,46.41,0,0,82502
11192,2020-10-26 14:23:00,46.41,46.42,46.39,46.4,0,0,42784
11193,2020-10-26 14:24:00,46.39,46.42,46.39,46.41,0,0,45218
11194,2020-10-26 14:25:00,46.4,46.44,46.38,46.44,0,0,56560
11195,2020-10-26 14:26:00,46.44,46.48,46.44,46.47,0,0,76119
11196,2020-10-26 14:27:00,46.47,46.48,46.46,46.47,0,0,57380
11197,2020-10-26 14:28:00,46.47,46.5,46.47,46.49,0,0,45775
11198,2020-10-26 14:29:00,46.49,46.52,46.48,46.51,0,0,58522
11199,2020-10-26 14:30:00,46.51,46.51,46.47,46.47,0,0,77589
11200,2020-10-26 14:31:00,46.47,46.49,46.47,46.49,0,0,41727
11201,2020-10-26 14:32:00,46.49,46.54,46.49,46.53,0,0,63312
11202,2020-10-26 14:33:00,46.53,46.54,46.51,46.53,0,0,75521
11203,2020-10-26 14:34:00,46.53,46.56,46.53,46.54,0,0,60604
11204,2020-10-26 14:35:00,46.53,46.54,46.51,46.53,0,0,61366
11205,2020-10-26 14:36:00,46.53,46.57,46.53,46.56,0,0,58126
11206,2020-10-26 14:37:00,46.56,46.59,46.56,46.58,0,0,61933
11207,2020-10-26 14:38:00,46.58,46.59,46.55,46.56,0,0,53814
11208,2020-10-26 14:39:00,46.57,46.62,46.56,46.58,0,0,98963
11209,2020-10-26 14:40:00,46.58,46.65,46.58,46.62,0,0,75133
11210,2020-10-26 14:41:00,46.61,46.61,46.58,46.59,0,0,65255
11211,2020-10-26 14:42:00,46.58,46.59,46.54,46.56,0,0,71790
11212,2020-10-26 14:43:00,46.56,46.61,46.55,46.56,0,0,81008
11213,2020-10-26 14:44:00,46.56,46.56,46.52,46.54,0,0,48063
11214,2020-10-26 14:45:00,46.54,46.55,46.48,46.49,0,0,103201
11215,2020-10-26 14:46:00,46.49,46.54,46.48,46.49,0,0,66245
11216,2020-10-26 14:47:00,46.49,46.5,46.48,46.49,0,0,39019
11217,2020-10-26 14:48:00,46.49,46.51,46.48,46.49,0,0,49829
11218,2020-10-26 14:49:00,46.48,46.49,46.48,46.49,0,0,36690
11219,2020-10-26 14:50:00,46.49,46.52,46.48,46.52,0,0,56586
11220,2020-10-26 14:51:00,46.52,46.58,46.52,46.56,0,0,85176
11221,2020-10-26 14:52:00,46.57,46.62,46.56,46.61,0,0,66838
11222,2020-10-26 14:53:00,46.6,46.6,46.58,46.6,0,0,47414
11223,2020-10-26 14:54:00,46.59,46.6,46.58,46.58,0,0,25259
11224,2020-10-26 14:55:00,46.58,46.63,46.57,46.62,0,0,52143
11225,2020-10-26 14:56:00,46.62,46.63,46.61,46.62,0,0,33675
11226,2020-10-26 14:57:00,46.63,46.65,46.62,46.64,0,0,44203
11227,2020-10-26 14:58:00,46.63,46.67,46.63,46.63,0,0,66463
11228,2020-10-26 14:59:00,46.63,46.65,46.63,46.63,0,0,34484
11229,2020-10-26 15:00:00,46.64,46.66,46.62,46.65,0,0,67552
11230,2020-10-26 15:01:00,46.66,46.7,46.65,46.67,0,0,85767
11231,2020-10-26 15:02:00,46.66,46.68,46.65,46.66,0,0,55984
11232,2020-10-26 15:03:00,46.65,46.66,46.61,46.62,0,0,56533
11233,2020-10-26 15:04:00,46.62,46.63,46.59,46.6,0,0,53662
11234,2020-10-26 15:05:00,46.59,46.6,46.56,46.56,0,0,62319
11235,2020-10-26 15:06:00,46.56,46.56,46.52,46.53,0,0,106061
11236,2020-10-26 15:07:00,46.52,46.54,46.51,46.53,0,0,109807
11237,2020-10-26 15:08:00,46.53,46.54,46.52,46.53,0,0,67855
11238,2020-10-26 15:09:00,46.53,46.54,46.52,46.53,0,0,48819
11239,2020-10-26 15:10:00,46.53,46.59,46.53,46.56,0,0,74021
11240,2020-10-26 15:11:00,46.56,46.59,46.55,46.58,0,0,44388
11241,2020-10-26 15:12:00,46.59,46.59,46.55,46.56,0,0,43629
11242,2020-10-26 15:13:00,46.56,46.57,46.54,46.54,0,0,46256
11243,2020-10-26 15:14:00,46.55,46.55,46.51,46.53,0,0,64096
11244,2020-10-26 15:15:00,46.53,46.58,46.53,46.58,0,0,43595
11245,2020-10-26 15:16:00,46.57,46.58,46.55,46.58,0,0,42298
11246,2020-10-26 15:17:00,46.58,46.66,46.56,46.58,0,0,109834
11247,2020-10-26 15:18:00,46.58,46.61,46.58,46.58,0,0,52564
11248,2020-10-26 15:19:00,46.58,46.59,46.57,46.58,0,0,28983
11249,2020-10-26 15:20:00,46.58,46.64,46.58,46.64,0,0,73166
11250,2020-10-26 15:21:00,46.64,46.65,46.62,46.63,0,0,50500
11251,2020-10-26 15:22:00,46.63,46.68,46.62,46.67,0,0,43654
11252,2020-10-26 15:23:00,46.67,46.68,46.66,46.67,0,0,34887
11253,2020-10-26 15:24:00,46.66,46.69,46.66,46.66,0,0,144856
11254,2020-10-26 15:25:00,46.67,46.7,46.65,46.65,0,0,74762
11255,2020-10-26 15:26:00,46.65,46.69,46.65,46.68,0,0,55709
11256,2020-10-26 15:27:00,46.67,46.7,46.67,46.69,0,0,51243
11257,2020-10-26 15:28:00,46.69,46.7,46.69,46.7,0,0,45486
11258,2020-10-26 15:29:00,46.69,46.71,46.69,46.71,0,0,74149
11259,2020-10-26 15:30:00,46.71,46.72,46.69,46.69,0,0,89454
11260,2020-10-26 15:31:00,46.69,46.7,46.68,46.69,0,0,126819
11261,2020-10-26 15:32:00,46.7,46.78,46.69,46.78,0,0,231614
11262,2020-10-26 15:33:00,46.78,46.79,46.76,46.76,0,0,87394
11263,2020-10-26 15:34:00,46.76,46.77,46.74,46.74,0,0,78285
11264,2020-10-26 15:35:00,46.74,46.77,46.72,46.73,0,0,152281
11265,2020-10-26 15:36:00,46.74,46.75,46.65,46.66,0,0,111998
11266,2020-10-26 15:37:00,46.66,46.68,46.65,46.65,0,0,133870
11267,2020-10-26 15:38:00,46.64,46.67,46.64,46.65,0,0,1595567
11268,2020-10-26 15:39:00,46.65,46.68,46.64,46.67,0,0,96053
11269,2020-10-26 15:40:00,46.67,46.7,46.66,46.7,0,0,101367
11270,2020-10-26 15:41:00,46.69,46.7,46.66,46.67,0,0,85438
11271,2020-10-26 15:42:00,46.67,46.69,46.66,46.68,0,0,73968
11272,2020-10-26 15:43:00,46.68,46.68,46.64,46.64,0,0,98189
11273,2020-10-26 15:44:00,46.65,46.66,46.64,46.65,0,0,185161
11274,2020-10-26 15:45:00,46.64,46.66,46.61,46.62,0,0,148044
11275,2020-10-26 15:46:00,46.61,46.63,46.6,46.61,0,0,103709
11276,2020-10-26 15:47:00,46.61,46.62,46.61,46.62,0,0,89778
11277,2020-10-26 15:48:00,46.62,46.62,46.61,46.62,0,0,61993
11278,2020-10-26 15:49:00,46.62,46.62,46.61,46.62,0,0,259505
11279,2020-10-26 15:50:00,46.62,46.63,46.48,46.53,0,0,556024
11280,2020-10-26 15:51:00,46.52,46.54,46.5,46.5,0,0,140538
11281,2020-10-26 15:52:00,46.51,46.54,46.5,46.53,0,0,158676
11282,2020-10-26 15:53:00,46.53,46.58,46.53,46.56,0,0,193432
11283,2020-10-26 15:54:00,46.56,46.56,46.54,46.54,0,0,141245
11284,2020-10-26 15:55:00,46.55,46.59,46.54,46.56,0,0,347301
11285,2020-10-26 15:56:00,46.56,46.59,46.55,46.56,0,0,293730
11286,2020-10-26 15:57:00,46.56,46.58,46.56,46.57,0,0,288596
11287,2020-10-26 15:58:00,46.58,46.6,46.57,46.6,0,0,320654
11288,2020-10-26 15:59:00,46.6,46.72,46.57,46.72,0,0,641512
11289,2020-10-27 09:30:00,45.98,46.41,45.92,46.13,0,0,2030724
11290,2020-10-27 09:31:00,46.13,46.14,45.98,46.05,0,0,230953
11291,2020-10-27 09:32:00,46.05,46.05,45.8,45.9,0,0,501811
11292,2020-10-27 09:33:00,45.92,45.96,45.86,45.88,0,0,355905
11293,2020-10-27 09:34:00,45.88,45.94,45.86,45.92,0,0,252379
11294,2020-10-27 09:35:00,45.83,45.84,45.74,45.8,0,0,530276
11295,2020-10-27 09:36:00,45.84,45.87,45.83,45.84,0,0,330938
11296,2020-10-27 09:37:00,45.88,45.88,45.87,45.88,0,0,228250
11297,2020-10-27 09:38:00,45.88,45.91,45.81,45.87,0,0,218082
11298,2020-10-27 09:39:00,45.88,45.94,45.88,45.91,0,0,189099
11299,2020-10-27 09:40:00,45.92,45.94,45.89,45.94,0,0,257633
11300,2020-10-27 09:41:00,45.97,46.0,45.95,46.0,0,0,202021
11301,2020-10-27 09:42:00,45.93,45.96,45.93,45.93,0,0,199832
11302,2020-10-27 09:43:00,45.89,45.89,45.82,45.82,0,0,271114
11303,2020-10-27 09:44:00,45.84,45.86,45.84,45.86,0,0,159521
11304,2020-10-27 09:45:00,45.88,45.88,45.88,45.88,0,0,170857
11305,2020-10-27 09:46:00,45.88,45.9,45.81,45.81,0,0,246920
11306,2020-10-27 09:47:00,45.75,45.81,45.75,45.79,0,0,252054
11307,2020-10-27 09:48:00,45.84,45.87,45.82,45.83,0,0,154413
11308,2020-10-27 09:49:00,45.77,45.78,45.75,45.76,0,0,225445
11309,2020-10-27 09:50:00,45.71,45.79,45.69,45.78,0,0,187823
11310,2020-10-27 09:51:00,45.79,45.81,45.79,45.81,0,0,121258
11311,2020-10-27 09:52:00,45.8,45.85,45.76,45.78,0,0,124579
11312,2020-10-27 09:53:00,45.8,45.84,45.8,45.83,0,0,113673
11313,2020-10-27 09:54:00,45.75,45.75,45.74,45.74,0,0,252068
11314,2020-10-27 09:55:00,45.75,45.75,45.63,45.64,0,0,326834
11315,2020-10-27 09:56:00,45.63,45.68,45.58,45.58,0,0,350261
11316,2020-10-27 09:57:00,45.63,45.66,45.63,45.64,0,0,176268
11317,2020-10-27 09:58:00,45.66,45.69,45.64,45.64,0,0,139624
11318,2020-10-27 09:59:00,45.64,45.65,45.6,45.63,0,0,188691
11319,2020-10-27 10:00:00,45.62,45.63,45.52,45.53,0,0,346338
11320,2020-10-27 10:01:00,45.53,45.57,45.45,45.54,0,0,524730
11321,2020-10-27 10:02:00,45.54,45.61,45.54,45.56,0,0,140035
11322,2020-10-27 10:03:00,45.56,45.6,45.55,45.59,0,0,116651
11323,2020-10-27 10:04:00,45.59,45.63,45.58,45.59,0,0,175035
11324,2020-10-27 10:05:00,45.59,45.63,45.58,45.62,0,0,199248
11325,2020-10-27 10:06:00,45.62,45.67,45.61,45.65,0,0,230925
11326,2020-10-27 10:07:00,45.65,45.68,45.61,45.67,0,0,203877
11327,2020-10-27 10:08:00,45.67,45.7,45.65,45.69,0,0,129288
11328,2020-10-27 10:09:00,45.69,45.72,45.67,45.69,0,0,114439
11329,2020-10-27 10:10:00,45.69,45.71,45.62,45.64,0,0,323189
11330,2020-10-27 10:11:00,45.63,45.65,45.58,45.6,0,0,153456
11331,2020-10-27 10:12:00,45.6,45.61,45.56,45.56,0,0,134425
11332,2020-10-27 10:13:00,45.57,45.58,45.53,45.53,0,0,159931
11333,2020-10-27 10:14:00,45.54,45.6,45.5,45.51,0,0,292051
11334,2020-10-27 10:15:00,45.51,45.54,45.48,45.53,0,0,249160
11335,2020-10-27 10:16:00,45.52,45.56,45.51,45.51,0,0,151167
11336,2020-10-27 10:17:00,45.51,45.57,45.51,45.56,0,0,104983
11337,2020-10-27 10:18:00,45.56,45.58,45.52,45.55,0,0,127395
11338,2020-10-27 10:19:00,45.55,45.55,45.5,45.5,0,0,102443
11339,2020-10-27 10:20:00,45.51,45.54,45.5,45.54,0,0,91580
11340,2020-10-27 10:21:00,45.55,45.55,45.47,45.48,0,0,125113
11341,2020-10-27 10:22:00,45.48,45.5,45.45,45.46,0,0,159058
11342,2020-10-27 10:23:00,45.46,45.48,45.45,45.47,0,0,165518
11343,2020-10-27 10:24:00,45.47,45.54,45.46,45.52,0,0,243004
11344,2020-10-27 10:25:00,45.52,45.53,45.46,45.49,0,0,154866
11345,2020-10-27 10:26:00,45.49,45.51,45.46,45.47,0,0,144479
11346,2020-10-27 10:27:00,45.47,45.53,45.47,45.49,0,0,95819
11347,2020-10-27 10:28:00,45.5,45.53,45.48,45.53,0,0,138371
11348,2020-10-27 10:29:00,45.53,45.53,45.49,45.49,0,0,111819
11349,2020-10-27 10:30:00,45.49,45.53,45.47,45.51,0,0,101668
11350,2020-10-27 10:31:00,45.51,45.53,45.49,45.53,0,0,100205
11351,2020-10-27 10:32:00,45.52,45.53,45.5,45.51,0,0,113855
11352,2020-10-27 10:33:00,45.51,45.55,45.49,45.53,0,0,197218
11353,2020-10-27 10:34:00,45.53,45.62,45.51,45.62,0,0,99864
11354,2020-10-27 10:35:00,45.62,45.67,45.6,45.65,0,0,145135
11355,2020-10-27 10:36:00,45.64,45.7,45.63,45.66,0,0,214749
11356,2020-10-27 10:37:00,45.67,45.75,45.64,45.65,0,0,132481
11357,2020-10-27 10:38:00,45.66,45.7,45.65,45.65,0,0,203792
11358,2020-10-27 10:39:00,45.65,45.67,45.63,45.65,0,0,73745
11359,2020-10-27 10:40:00,45.66,45.66,45.6,45.6,0,0,77478
11360,2020-10-27 10:41:00,45.6,45.62,45.56,45.56,0,0,124923
11361,2020-10-27 10:42:00,45.57,45.59,45.54,45.55,0,0,131778
11362,2020-10-27 10:43:00,45.56,45.59,45.55,45.56,0,0,86641
11363,2020-10-27 10:44:00,45.56,45.61,45.56,45.58,0,0,121095
11364,2020-10-27 10:45:00,45.58,45.62,45.57,45.58,0,0,84086
11365,2020-10-27 10:46:00,45.58,45.65,45.57,45.65,0,0,151222
11366,2020-10-27 10:47:00,45.65,45.7,45.64,45.68,0,0,95207
11367,2020-10-27 10:48:00,45.69,45.73,45.69,45.73,0,0,91917
11368,2020-10-27 10:49:00,45.73,45.76,45.72,45.76,0,0,96756
11369,2020-10-27 10:50:00,45.75,45.83,45.75,45.77,0,0,177120
11370,2020-10-27 10:51:00,45.76,45.79,45.72,45.77,0,0,145514
11371,2020-10-27 10:52:00,45.77,45.78,45.73,45.74,0,0,122269
11372,2020-10-27 10:53:00,45.74,45.76,45.72,45.75,0,0,83894
11373,2020-10-27 10:54:00,45.75,45.77,45.71,45.76,0,0,87515
11374,2020-10-27 10:55:00,45.76,45.77,45.69,45.69,0,0,94776
11375,2020-10-27 10:56:00,45.69,45.7,45.65,45.69,0,0,60037
11376,2020-10-27 10:57:00,45.69,45.74,45.69,45.71,0,0,100161
11377,2020-10-27 10:58:00,45.72,45.74,45.71,45.74,0,0,86720
11378,2020-10-27 10:59:00,45.74,45.76,45.7,45.71,0,0,106065
11379,2020-10-27 11:00:00,45.7,45.74,45.67,45.7,0,0,84465
11380,2020-10-27 11:01:00,45.71,45.75,45.68,45.71,0,0,76731
11381,2020-10-27 11:02:00,45.71,45.74,45.69,45.71,0,0,67818
11382,2020-10-27 11:03:00,45.71,45.76,45.69,45.74,0,0,78420
11383,2020-10-27 11:04:00,45.75,45.76,45.72,45.74,0,0,55015
11384,2020-10-27 11:05:00,45.73,45.78,45.72,45.78,0,0,57366
11385,2020-10-27 11:06:00,45.78,45.78,45.74,45.75,0,0,66681
11386,2020-10-27 11:07:00,45.75,45.8,45.74,45.79,0,0,82090
11387,2020-10-27 11:08:00,45.79,45.84,45.77,45.79,0,0,96645
11388,2020-10-27 11:09:00,45.79,45.83,45.78,45.79,0,0,48235
11389,2020-10-27 11:10:00,45.79,45.83,45.79,45.83,0,0,55578
11390,2020-10-27 11:11:00,45.82,45.83,45.78,45.79,0,0,75396
11391,2020-10-27 11:12:00,45.79,45.83,45.77,45.8,0,0,94795
11392,2020-10-27 11:13:00,45.81,45.83,45.77,45.78,0,0,57333
11393,2020-10-27 11:14:00,45.78,45.79,45.77,45.79,0,0,42886
11394,2020-10-27 11:15:00,45.79,45.8,45.77,45.78,0,0,56753
11395,2020-10-27 11:16:00,45.78,45.83,45.78,45.82,0,0,67545
11396,2020-10-27 11:17:00,45.82,45.83,45.77,45.78,0,0,72087
11397,2020-10-27 11:18:00,45.77,45.79,45.72,45.74,0,0,120988
11398,2020-10-27 11:19:00,45.75,45.77,45.73,45.76,0,0,56489
11399,2020-10-27 11:20:00,45.76,45.77,45.74,45.75,0,0,71213
11400,2020-10-27 11:21:00,45.76,45.78,45.73,45.74,0,0,142732
11401,2020-10-27 11:22:00,45.74,45.79,45.74,45.79,0,0,74113
11402,2020-10-27 11:23:00,45.79,45.8,45.73,45.73,0,0,120485
11403,2020-10-27 11:24:00,45.73,45.77,45.72,45.77,0,0,133004
11404,2020-10-27 11:25:00,45.76,45.79,45.75,45.78,0,0,46476
11405,2020-10-27 11:26:00,45.78,45.82,45.78,45.78,0,0,60438
11406,2020-10-27 11:27:00,45.79,45.79,45.73,45.73,0,0,68218
11407,2020-10-27 11:28:00,45.73,45.74,45.68,45.68,0,0,120890
11408,2020-10-27 11:29:00,45.69,45.72,45.67,45.71,0,0,95078
11409,2020-10-27 11:30:00,45.71,45.72,45.65,45.67,0,0,73153
11410,2020-10-27 11:31:00,45.66,45.69,45.65,45.67,0,0,122598
11411,2020-10-27 11:32:00,45.67,45.71,45.64,45.69,0,0,73178
11412,2020-10-27 11:33:00,45.69,45.72,45.66,45.72,0,0,73234
11413,2020-10-27 11:34:00,45.72,45.74,45.69,45.71,0,0,68673
11414,2020-10-27 11:35:00,45.7,45.72,45.68,45.71,0,0,59538
11415,2020-10-27 11:36:00,45.7,45.76,45.69,45.75,0,0,68125
11416,2020-10-27 11:37:00,45.74,45.76,45.72,45.74,0,0,54428
11417,2020-10-27 11:38:00,45.74,45.76,45.73,45.74,0,0,37011
11418,2020-10-27 11:39:00,45.75,45.76,45.73,45.75,0,0,47248
11419,2020-10-27 11:40:00,45.75,45.79,45.74,45.77,0,0,80538
11420,2020-10-27 11:41:00,45.78,45.8,45.76,45.77,0,0,82259
11421,2020-10-27 11:42:00,45.76,45.78,45.75,45.78,0,0,42730
11422,2020-10-27 11:43:00,45.77,45.78,45.75,45.78,0,0,90336
11423,2020-10-27 11:44:00,45.78,45.78,45.75,45.76,0,0,58450
11424,2020-10-27 11:45:00,45.76,45.77,45.75,45.76,0,0,57945
11425,2020-10-27 11:46:00,45.76,45.82,45.76,45.81,0,0,95852
11426,2020-10-27 11:47:00,45.82,45.83,45.78,45.79,0,0,184467
11427,2020-10-27 11:48:00,45.8,45.8,45.74,45.77,0,0,360305
11428,2020-10-27 11:49:00,45.76,45.76,45.72,45.74,0,0,69609
11429,2020-10-27 11:50:00,45.75,45.78,45.74,45.78,0,0,45003
11430,2020-10-27 11:51:00,45.78,45.78,45.75,45.75,0,0,30430
11431,2020-10-27 11:52:00,45.76,45.78,45.75,45.78,0,0,44566
11432,2020-10-27 11:53:00,45.77,45.85,45.77,45.85,0,0,89016
11433,2020-10-27 11:54:00,45.85,45.85,45.82,45.84,0,0,40623
11434,2020-10-27 11:55:00,45.84,45.85,45.82,45.84,0,0,59022
11435,2020-10-27 11:56:00,45.85,45.89,45.84,45.89,0,0,83334
11436,2020-10-27 11:57:00,45.89,45.92,45.83,45.84,0,0,209149
11437,2020-10-27 11:58:00,45.85,45.89,45.84,45.88,0,0,56793
11438,2020-10-27 11:59:00,45.89,45.89,45.84,45.88,0,0,125680
11439,2020-10-27 12:00:00,45.88,45.9,45.88,45.89,0,0,39106
11440,2020-10-27 12:01:00,45.89,45.93,45.88,45.89,0,0,83379
11441,2020-10-27 12:03:00,45.85,45.87,45.85,45.87,0,0,179705
11442,2020-10-27 12:04:00,45.87,45.89,45.85,45.85,0,0,48095
11443,2020-10-27 12:05:00,45.85,45.88,45.84,45.85,0,0,48271
11444,2020-10-27 12:06:00,45.85,45.86,45.81,45.83,0,0,67709
11445,2020-10-27 12:07:00,45.83,45.87,45.82,45.87,0,0,65811
11446,2020-10-27 12:08:00,45.87,45.89,45.85,45.87,0,0,70323
11447,2020-10-27 12:09:00,45.88,45.9,45.86,45.88,0,0,57893
11448,2020-10-27 12:10:00,45.88,45.9,45.84,45.85,0,0,61183
11449,2020-10-27 12:11:00,45.85,45.85,45.83,45.84,0,0,62560
11450,2020-10-27 12:12:00,45.84,45.84,45.81,45.83,0,0,29704
11451,2020-10-27 12:13:00,45.83,45.83,45.78,45.79,0,0,88850
11452,2020-10-27 12:14:00,45.78,45.81,45.77,45.77,0,0,61203
11453,2020-10-27 12:15:00,45.78,45.79,45.77,45.78,0,0,41470
11454,2020-10-27 12:16:00,45.79,45.79,45.71,45.71,0,0,96330
11455,2020-10-27 12:17:00,45.71,45.72,45.67,45.67,0,0,131496
11456,2020-10-27 12:18:00,45.68,45.69,45.65,45.67,0,0,62366
11457,2020-10-27 12:19:00,45.67,45.69,45.65,45.69,0,0,77421
11458,2020-10-27 12:20:00,45.69,45.74,45.69,45.73,0,0,62881
11459,2020-10-27 12:21:00,45.72,45.73,45.71,45.72,0,0,44143
11460,2020-10-27 12:22:00,45.72,45.73,45.69,45.71,0,0,102853
11461,2020-10-27 12:23:00,45.71,45.71,45.68,45.7,0,0,60501
11462,2020-10-27 12:24:00,45.7,45.73,45.7,45.72,0,0,60138
11463,2020-10-27 12:25:00,45.72,45.74,45.69,45.72,0,0,70914
11464,2020-10-27 12:26:00,45.72,45.73,45.69,45.69,0,0,61384
11465,2020-10-27 12:27:00,45.7,45.71,45.66,45.67,0,0,65878
11466,2020-10-27 12:28:00,45.67,45.69,45.65,45.65,0,0,84944
11467,2020-10-27 12:29:00,45.65,45.69,45.65,45.66,0,0,43292
11468,2020-10-27 12:30:00,45.67,45.68,45.64,45.67,0,0,74335
11469,2020-10-27 12:31:00,45.67,45.67,45.65,45.66,0,0,10718
11470,2020-10-27 12:32:00,45.67,45.67,45.61,45.65,0,0,114363
11471,2020-10-27 12:33:00,45.66,45.68,45.65,45.67,0,0,36872
11472,2020-10-27 12:34:00,45.67,45.69,45.65,45.69,0,0,53091
11473,2020-10-27 12:35:00,45.69,45.69,45.66,45.67,0,0,45654
11474,2020-10-27 12:36:00,45.67,45.67,45.65,45.66,0,0,31807
11475,2020-10-27 12:37:00,45.67,45.7,45.65,45.67,0,0,59148
11476,2020-10-27 12:38:00,45.67,45.67,45.63,45.65,0,0,54353
11477,2020-10-27 12:39:00,45.64,45.66,45.63,45.66,0,0,36422
11478,2020-10-27 12:40:00,45.65,45.66,45.62,45.62,0,0,45251
11479,2020-10-27 12:41:00,45.63,45.65,45.59,45.6,0,0,124500
11480,2020-10-27 12:42:00,45.61,45.61,45.57,45.59,0,0,57150
11481,2020-10-27 12:43:00,45.58,45.58,45.56,45.56,0,0,38489
11482,2020-10-27 12:44:00,45.56,45.57,45.54,45.54,0,0,70756
11483,2020-10-27 12:45:00,45.54,45.56,45.53,45.54,0,0,77239
11484,2020-10-27 12:46:00,45.54,45.56,45.54,45.56,0,0,61356
11485,2020-10-27 12:47:00,45.56,45.57,45.56,45.56,0,0,49189
11486,2020-10-27 12:48:00,45.57,45.59,45.55,45.58,0,0,86079
11487,2020-10-27 12:49:00,45.58,45.6,45.57,45.57,0,0,43085
11488,2020-10-27 12:50:00,45.58,45.6,45.55,45.6,0,0,114556
11489,2020-10-27 12:51:00,45.6,45.61,45.56,45.56,0,0,51989
11490,2020-10-27 12:52:00,45.56,45.58,45.54,45.55,0,0,67163
11491,2020-10-27 12:53:00,45.54,45.56,45.54,45.56,0,0,17138
11492,2020-10-27 12:54:00,45.56,45.57,45.55,45.56,0,0,101012
11493,2020-10-27 12:55:00,45.56,45.56,45.51,45.55,0,0,96157
11494,2020-10-27 12:56:00,45.55,45.56,45.54,45.56,0,0,34612
11495,2020-10-27 12:57:00,45.56,45.57,45.55,45.56,0,0,43183
11496,2020-10-27 12:58:00,45.57,45.57,45.52,45.56,0,0,61249
11497,2020-10-27 12:59:00,45.56,45.59,45.55,45.58,0,0,51393
11498,2020-10-27 13:00:00,45.58,45.58,45.54,45.54,0,0,46891
11499,2020-10-27 13:01:00,45.54,45.57,45.54,45.56,0,0,30344
11500,2020-10-27 13:02:00,45.56,45.6,45.56,45.6,0,0,45191
11501,2020-10-27 13:03:00,45.6,45.61,45.58,45.58,0,0,61828
11502,2020-10-27 13:04:00,45.58,45.6,45.58,45.59,0,0,30369
11503,2020-10-27 13:05:00,45.6,45.6,45.57,45.58,0,0,37429
11504,2020-10-27 13:06:00,45.58,45.6,45.58,45.58,0,0,46050
11505,2020-10-27 13:07:00,45.58,45.58,45.56,45.56,0,0,49702
11506,2020-10-27 13:08:00,45.56,45.56,45.52,45.53,0,0,56303
11507,2020-10-27 13:09:00,45.52,45.53,45.5,45.51,0,0,75397
11508,2020-10-27 13:10:00,45.51,45.54,45.5,45.52,0,0,152870
11509,2020-10-27 13:11:00,45.52,45.52,45.45,45.47,0,0,365806
11510,2020-10-27 13:12:00,45.47,45.48,45.45,45.46,0,0,55336
11511,2020-10-27 13:13:00,45.45,45.47,45.45,45.46,0,0,58528
11512,2020-10-27 13:14:00,45.47,45.47,45.41,45.44,0,0,238647
11513,2020-10-27 13:15:00,45.44,45.47,45.44,45.46,0,0,94101
11514,2020-10-27 13:16:00,45.46,45.51,45.46,45.51,0,0,98966
11515,2020-10-27 13:17:00,45.51,45.53,45.49,45.52,0,0,72781
11516,2020-10-27 13:18:00,45.52,45.53,45.5,45.51,0,0,53164
11517,2020-10-27 13:19:00,45.51,45.54,45.51,45.51,0,0,39962
11518,2020-10-27 13:20:00,45.51,45.54,45.5,45.53,0,0,68370
11519,2020-10-27 13:21:00,45.52,45.53,45.5,45.52,0,0,33342
11520,2020-10-27 13:22:00,45.53,45.53,45.48,45.51,0,0,71764
11521,2020-10-27 13:23:00,45.51,45.57,45.51,45.57,0,0,54505
11522,2020-10-27 13:24:00,45.56,45.6,45.56,45.6,0,0,54546
11523,2020-10-27 13:25:00,45.6,45.61,45.58,45.58,0,0,147078
11524,2020-10-27 13:26:00,45.58,45.61,45.55,45.57,0,0,80792
11525,2020-10-27 13:27:00,45.58,45.67,45.58,45.65,0,0,108321
11526,2020-10-27 13:28:00,45.65,45.68,45.64,45.67,0,0,66392
11527,2020-10-27 13:29:00,45.67,45.69,45.65,45.67,0,0,106651
11528,2020-10-27 13:30:00,45.67,45.69,45.65,45.66,0,0,88201
11529,2020-10-27 13:31:00,45.65,45.7,45.65,45.69,0,0,48775
11530,2020-10-27 13:32:00,45.7,45.72,45.68,45.7,0,0,91392
11531,2020-10-27 13:33:00,45.7,45.72,45.68,45.71,0,0,191158
11532,2020-10-27 13:34:00,45.7,45.71,45.68,45.69,0,0,33313
11533,2020-10-27 13:35:00,45.69,45.7,45.67,45.69,0,0,43179
11534,2020-10-27 13:36:00,45.68,45.69,45.65,45.69,0,0,83695
11535,2020-10-27 13:37:00,45.69,45.71,45.68,45.69,0,0,37354
11536,2020-10-27 13:38:00,45.68,45.7,45.67,45.69,0,0,34140
11537,2020-10-27 13:39:00,45.69,45.7,45.69,45.69,0,0,26580
11538,2020-10-27 13:40:00,45.69,45.7,45.68,45.69,0,0,34553
11539,2020-10-27 13:41:00,45.69,45.71,45.68,45.69,0,0,58813
11540,2020-10-27 13:42:00,45.7,45.71,45.68,45.69,0,0,63853
11541,2020-10-27 13:43:00,45.69,45.71,45.69,45.71,0,0,32562
11542,2020-10-27 13:44:00,45.7,45.71,45.68,45.69,0,0,52509
11543,2020-10-27 13:45:00,45.69,45.73,45.69,45.73,0,0,87871
11544,2020-10-27 13:46:00,45.72,45.74,45.7,45.71,0,0,104223
11545,2020-10-27 13:47:00,45.71,45.73,45.7,45.72,0,0,66284
11546,2020-10-27 13:48:00,45.72,45.78,45.72,45.74,0,0,84691
11547,2020-10-27 13:49:00,45.74,45.76,45.73,45.74,0,0,48403
11548,2020-10-27 13:50:00,45.74,45.76,45.73,45.75,0,0,100619
11549,2020-10-27 13:51:00,45.75,45.78,45.74,45.77,0,0,52903
11550,2020-10-27 13:52:00,45.77,45.78,45.71,45.72,0,0,114029
11551,2020-10-27 13:53:00,45.72,45.8,45.71,45.79,0,0,135953
11552,2020-10-27 13:54:00,45.79,45.81,45.78,45.79,0,0,79421
11553,2020-10-27 13:55:00,45.8,45.82,45.76,45.78,0,0,56695
11554,2020-10-27 13:56:00,45.78,45.79,45.77,45.78,0,0,62366
11555,2020-10-27 13:57:00,45.78,45.8,45.74,45.75,0,0,48413
11556,2020-10-27 13:58:00,45.76,45.76,45.75,45.75,0,0,25669
11557,2020-10-27 13:59:00,45.74,45.77,45.74,45.77,0,0,41072
11558,2020-10-27 14:00:00,45.76,45.79,45.75,45.76,0,0,44638
11559,2020-10-27 14:01:00,45.76,45.78,45.76,45.76,0,0,35326
11560,2020-10-27 14:02:00,45.76,45.77,45.75,45.76,0,0,29039
11561,2020-10-27 14:03:00,45.76,45.77,45.75,45.76,0,0,43093
11562,2020-10-27 14:04:00,45.75,45.76,45.74,45.75,0,0,35227
11563,2020-10-27 14:05:00,45.75,45.76,45.71,45.72,0,0,88692
11564,2020-10-27 14:06:00,45.72,45.76,45.71,45.76,0,0,47345
11565,2020-10-27 14:07:00,45.75,45.8,45.75,45.79,0,0,90507
11566,2020-10-27 14:08:00,45.79,45.82,45.78,45.79,0,0,107467
11567,2020-10-27 14:09:00,45.78,45.81,45.78,45.78,0,0,44651
11568,2020-10-27 14:10:00,45.78,45.79,45.73,45.74,0,0,102436
11569,2020-10-27 14:11:00,45.73,45.76,45.73,45.74,0,0,45699
11570,2020-10-27 14:12:00,45.74,45.75,45.72,45.74,0,0,68358
11571,2020-10-27 14:13:00,45.74,45.76,45.73,45.74,0,0,51583
11572,2020-10-27 14:14:00,45.73,45.74,45.72,45.72,0,0,49729
11573,2020-10-27 14:15:00,45.72,45.73,45.72,45.72,0,0,18951
11574,2020-10-27 14:16:00,45.72,45.72,45.67,45.7,0,0,104150
11575,2020-10-27 14:17:00,45.7,45.7,45.66,45.66,0,0,59631
11576,2020-10-27 14:18:00,45.66,45.66,45.63,45.63,0,0,64028
11577,2020-10-27 14:19:00,45.63,45.64,45.61,45.63,0,0,36666
11578,2020-10-27 14:20:00,45.63,45.65,45.62,45.64,0,0,56359
11579,2020-10-27 14:21:00,45.65,45.67,45.64,45.65,0,0,35353
11580,2020-10-27 14:22:00,45.65,45.66,45.64,45.65,0,0,28436
11581,2020-10-27 14:23:00,45.66,45.68,45.65,45.67,0,0,40118
11582,2020-10-27 14:24:00,45.67,45.68,45.67,45.68,0,0,37168
11583,2020-10-27 14:25:00,45.67,45.72,45.67,45.72,0,0,41868
11584,2020-10-27 14:26:00,45.72,45.74,45.71,45.72,0,0,56516
11585,2020-10-27 14:27:00,45.73,45.73,45.7,45.72,0,0,40005
11586,2020-10-27 14:28:00,45.72,45.75,45.72,45.74,0,0,38969
11587,2020-10-27 14:29:00,45.74,45.75,45.71,45.72,0,0,59741
11588,2020-10-27 14:30:00,45.72,45.74,45.7,45.7,0,0,55586
11589,2020-10-27 14:31:00,45.71,45.72,45.68,45.72,0,0,54946
11590,2020-10-27 14:32:00,45.71,45.71,45.68,45.68,0,0,41763
11591,2020-10-27 14:33:00,45.68,45.69,45.67,45.68,0,0,48498
11592,2020-10-27 14:34:00,45.69,45.69,45.67,45.67,0,0,34742
11593,2020-10-27 14:35:00,45.67,45.71,45.65,45.68,0,0,142482
11594,2020-10-27 14:36:00,45.68,45.69,45.67,45.69,0,0,39192
11595,2020-10-27 14:37:00,45.69,45.69,45.66,45.67,0,0,64181
11596,2020-10-27 14:38:00,45.67,45.69,45.66,45.67,0,0,48253
11597,2020-10-27 14:39:00,45.67,45.67,45.61,45.62,0,0,177586
11598,2020-10-27 14:40:00,45.61,45.61,45.58,45.58,0,0,93528
11599,2020-10-27 14:41:00,45.58,45.6,45.58,45.6,0,0,67732
11600,2020-10-27 14:42:00,45.6,45.6,45.56,45.58,0,0,54090
11601,2020-10-27 14:43:00,45.58,45.6,45.54,45.54,0,0,57701
11602,2020-10-27 14:44:00,45.54,45.57,45.54,45.55,0,0,71323
11603,2020-10-27 14:45:00,45.55,45.57,45.51,45.52,0,0,95392
11604,2020-10-27 14:46:00,45.51,45.53,45.5,45.53,0,0,78265
11605,2020-10-27 14:47:00,45.53,45.55,45.51,45.52,0,0,90495
11606,2020-10-27 14:48:00,45.52,45.54,45.51,45.53,0,0,72322
11607,2020-10-27 14:49:00,45.52,45.58,45.5,45.51,0,0,254142
11608,2020-10-27 14:50:00,45.5,45.52,45.5,45.51,0,0,111605
11609,2020-10-27 14:51:00,45.51,45.53,45.5,45.52,0,0,78848
11610,2020-10-27 14:52:00,45.51,45.54,45.51,45.51,0,0,70947
11611,2020-10-27 14:53:00,45.51,45.52,45.49,45.5,0,0,139522
11612,2020-10-27 14:54:00,45.49,45.52,45.49,45.5,0,0,76629
11613,2020-10-27 14:55:00,45.51,45.52,45.47,45.47,0,0,90035
11614,2020-10-27 14:56:00,45.47,45.5,45.46,45.49,0,0,82378
11615,2020-10-27 14:57:00,45.49,45.51,45.47,45.48,0,0,107750
11616,2020-10-27 14:58:00,45.49,45.5,45.46,45.47,0,0,82003
11617,2020-10-27 14:59:00,45.47,45.48,45.46,45.47,0,0,57980
11618,2020-10-27 15:00:00,45.47,45.49,45.45,45.47,0,0,76510
11619,2020-10-27 15:01:00,45.48,45.53,45.47,45.52,0,0,70625
11620,2020-10-27 15:02:00,45.51,45.52,45.5,45.51,0,0,34770
11621,2020-10-27 15:03:00,45.51,45.51,45.48,45.49,0,0,66156
11622,2020-10-27 15:04:00,45.49,45.49,45.47,45.47,0,0,94042
11623,2020-10-27 15:05:00,45.47,45.5,45.47,45.48,0,0,89562
11624,2020-10-27 15:06:00,45.47,45.48,45.44,45.45,0,0,121297
11625,2020-10-27 15:07:00,45.46,45.48,45.4,45.41,0,0,130732
11626,2020-10-27 15:08:00,45.42,45.43,45.38,45.41,0,0,233832
11627,2020-10-27 15:09:00,45.4,45.41,45.36,45.39,0,0,128937
11628,2020-10-27 15:10:00,45.38,45.44,45.38,45.44,0,0,82720
11629,2020-10-27 15:11:00,45.44,45.44,45.38,45.39,0,0,160685
11630,2020-10-27 15:12:00,45.4,45.41,45.37,45.4,0,0,144602
11631,2020-10-27 15:13:00,45.4,45.4,45.39,45.4,0,0,115083
11632,2020-10-27 15:14:00,45.4,45.4,45.39,45.4,0,0,58417
11633,2020-10-27 15:15:00,45.39,45.4,45.36,45.38,0,0,110634
11634,2020-10-27 15:16:00,45.38,45.4,45.37,45.4,0,0,127540
11635,2020-10-27 15:17:00,45.4,45.42,45.38,45.41,0,0,76641
11636,2020-10-27 15:18:00,45.42,45.44,45.4,45.44,0,0,81135
11637,2020-10-27 15:19:00,45.44,45.46,45.42,45.46,0,0,64492
11638,2020-10-27 15:20:00,45.46,45.47,45.45,45.47,0,0,79821
11639,2020-10-27 15:21:00,45.46,45.51,45.46,45.51,0,0,181907
11640,2020-10-27 15:22:00,45.51,45.52,45.48,45.49,0,0,69523
11641,2020-10-27 15:23:00,45.49,45.5,45.48,45.49,0,0,69977
11642,2020-10-27 15:24:00,45.5,45.51,45.49,45.51,0,0,81263
11643,2020-10-27 15:25:00,45.51,45.51,45.48,45.49,0,0,81965
11644,2020-10-27 15:26:00,45.49,45.5,45.49,45.49,0,0,85837
11645,2020-10-27 15:27:00,45.49,45.55,45.49,45.52,0,0,91991
11646,2020-10-27 15:28:00,45.53,45.54,45.52,45.53,0,0,99352
11647,2020-10-27 15:29:00,45.53,45.54,45.51,45.51,0,0,69854
11648,2020-10-27 15:30:00,45.51,45.56,45.5,45.56,0,0,154445
11649,2020-10-27 15:31:00,45.56,45.58,45.55,45.56,0,0,94339
11650,2020-10-27 15:32:00,45.56,45.58,45.55,45.58,0,0,92089
11651,2020-10-27 15:33:00,45.58,45.58,45.55,45.58,0,0,104393
11652,2020-10-27 15:34:00,45.57,45.61,45.57,45.6,0,0,138065
11653,2020-10-27 15:35:00,45.59,45.61,45.58,45.6,0,0,70568
11654,2020-10-27 15:36:00,45.6,45.6,45.58,45.58,0,0,87259
11655,2020-10-27 15:37:00,45.58,45.58,45.57,45.58,0,0,44322
11656,2020-10-27 15:38:00,45.58,45.59,45.57,45.58,0,0,109458
11657,2020-10-27 15:39:00,45.58,45.59,45.56,45.58,0,0,70325
11658,2020-10-27 15:40:00,45.58,45.62,45.56,45.61,0,0,170281
11659,2020-10-27 15:41:00,45.61,45.65,45.61,45.65,0,0,137840
11660,2020-10-27 15:42:00,45.65,45.67,45.64,45.67,0,0,120761
11661,2020-10-27 15:43:00,45.67,45.68,45.66,45.67,0,0,99577
11662,2020-10-27 15:44:00,45.67,45.69,45.67,45.69,0,0,84864
11663,2020-10-27 15:45:00,45.69,45.71,45.62,45.63,0,0,176871
11664,2020-10-27 15:46:00,45.63,45.66,45.61,45.63,0,0,109368
11665,2020-10-27 15:47:00,45.62,45.63,45.6,45.62,0,0,122980
11666,2020-10-27 15:48:00,45.61,45.62,45.57,45.6,0,0,120940
11667,2020-10-27 15:49:00,45.59,45.6,45.58,45.59,0,0,91230
11668,2020-10-27 15:50:00,45.59,45.59,45.53,45.58,0,0,352690
11669,2020-10-27 15:51:00,45.59,45.59,45.54,45.54,0,0,173266
11670,2020-10-27 15:52:00,45.55,45.59,45.54,45.59,0,0,145612
11671,2020-10-27 15:53:00,45.59,45.7,45.58,45.69,0,0,423447
11672,2020-10-27 15:54:00,45.69,45.71,45.67,45.7,0,0,310260
11673,2020-10-27 15:55:00,45.69,45.71,45.66,45.66,0,0,225938
11674,2020-10-27 15:56:00,45.67,45.67,45.64,45.67,0,0,234545
11675,2020-10-27 15:57:00,45.67,45.67,45.62,45.62,0,0,455365
11676,2020-10-27 15:58:00,45.63,45.66,45.61,45.65,0,0,280783
11677,2020-10-27 15:59:00,45.65,45.68,45.62,45.65,0,0,578370
11678,2020-10-28 09:30:00,44.89,44.98,44.84,44.95,0,0,1628575
11679,2020-10-28 09:31:00,44.95,45.15,44.95,45.15,0,0,209519
11680,2020-10-28 09:32:00,45.15,45.24,45.11,45.14,0,0,159950
11681,2020-10-28 09:33:00,45.1,45.13,45.08,45.1,0,0,118647
11682,2020-10-28 09:34:00,45.05,45.09,45.02,45.02,0,0,184129
11683,2020-10-28 09:35:00,44.93,44.95,44.89,44.95,0,0,179341
11684,2020-10-28 09:36:00,44.97,45.1,44.96,45.08,0,0,132384
11685,2020-10-28 09:37:00,45.09,45.17,45.03,45.17,0,0,99371
11686,2020-10-28 09:38:00,45.17,45.28,45.14,45.24,0,0,225886
11687,2020-10-28 09:39:00,45.21,45.21,45.16,45.16,0,0,116209
11688,2020-10-28 09:40:00,45.14,45.14,44.99,44.99,0,0,118413
11689,2020-10-28 09:41:00,44.96,45.05,44.96,45.05,0,0,102310
11690,2020-10-28 09:42:00,44.98,45.0,44.92,44.94,0,0,112479
11691,2020-10-28 09:43:00,44.96,45.01,44.96,45.01,0,0,100130
11692,2020-10-28 09:44:00,45.0,45.08,44.98,45.08,0,0,85242
11693,2020-10-28 09:45:00,45.07,45.08,45.03,45.08,0,0,83875
11694,2020-10-28 09:46:00,44.96,44.98,44.94,44.96,0,0,141771
11695,2020-10-28 09:47:00,44.96,45.0,44.96,44.99,0,0,89103
11696,2020-10-28 09:48:00,45.0,45.0,44.93,44.94,0,0,89480
11697,2020-10-28 09:49:00,44.96,44.96,44.93,44.93,0,0,51175
11698,2020-10-28 09:50:00,44.84,44.85,44.81,44.81,0,0,113125
11699,2020-10-28 09:51:00,44.83,44.86,44.81,44.81,0,0,137548
11700,2020-10-28 09:52:00,44.81,44.81,44.79,44.79,0,0,82717
11701,2020-10-28 09:53:00,44.8,44.85,44.8,44.8,0,0,60149
11702,2020-10-28 09:54:00,44.81,44.87,44.79,44.83,0,0,87804
11703,2020-10-28 09:55:00,44.84,44.85,44.83,44.83,0,0,73065
11704,2020-10-28 09:56:00,44.81,44.86,44.81,44.86,0,0,92642
11705,2020-10-28 09:57:00,44.88,44.89,44.83,44.89,0,0,117186
11706,2020-10-28 09:58:00,44.94,44.94,44.86,44.87,0,0,373097
11707,2020-10-28 09:59:00,44.86,44.92,44.82,44.85,0,0,87130
11708,2020-10-28 10:00:00,44.85,45.04,44.82,45.03,0,0,270401
11709,2020-10-28 10:01:00,45.03,45.06,44.99,45.0,0,0,139198
11710,2020-10-28 10:02:00,45.0,45.02,44.93,44.93,0,0,75612
11711,2020-10-28 10:03:00,44.93,44.95,44.88,44.89,0,0,159839
11712,2020-10-28 10:04:00,44.9,44.94,44.87,44.87,0,0,82964
11713,2020-10-28 10:05:00,44.87,44.9,44.85,44.88,0,0,64907
11714,2020-10-28 10:06:00,44.9,44.98,44.9,44.97,0,0,71608
11715,2020-10-28 10:07:00,44.96,45.0,44.93,45.0,0,0,85974
11716,2020-10-28 10:08:00,44.99,45.03,44.99,45.01,0,0,102080
11717,2020-10-28 10:09:00,45.01,45.01,44.96,44.97,0,0,94552
11718,2020-10-28 10:10:00,44.96,45.04,44.94,45.0,0,0,103243
11719,2020-10-28 10:11:00,45.01,45.03,44.95,44.96,0,0,122221
11720,2020-10-28 10:12:00,44.96,45.0,44.94,45.0,0,0,134712
11721,2020-10-28 10:13:00,45.0,45.04,45.0,45.02,0,0,101266
11722,2020-10-28 10:14:00,45.01,45.03,45.0,45.01,0,0,79238
11723,2020-10-28 10:15:00,45.0,45.02,44.92,45.02,0,0,89459
11724,2020-10-28 10:16:00,45.03,45.03,44.9,44.97,0,0,85330
11725,2020-10-28 10:17:00,44.96,44.97,44.9,44.93,0,0,109101
11726,2020-10-28 10:18:00,44.93,44.97,44.83,44.84,0,0,82988
11727,2020-10-28 10:19:00,44.84,44.87,44.81,44.81,0,0,80736
11728,2020-10-28 10:20:00,44.81,44.88,44.8,44.83,0,0,111325
11729,2020-10-28 10:21:00,44.83,44.87,44.78,44.78,0,0,100146
11730,2020-10-28 10:22:00,44.79,44.81,44.7,44.74,0,0,192335
11731,2020-10-28 10:23:00,44.74,44.74,44.65,44.65,0,0,206189
11732,2020-10-28 10:24:00,44.66,44.66,44.53,44.54,0,0,267651
11733,2020-10-28 10:25:00,44.55,44.62,44.54,44.6,0,0,137254
11734,2020-10-28 10:26:00,44.59,44.59,44.52,44.56,0,0,190231
11735,2020-10-28 10:27:00,44.56,44.57,44.49,44.49,0,0,280902
11736,2020-10-28 10:28:00,44.49,44.56,44.49,44.53,0,0,101192
11737,2020-10-28 10:29:00,44.52,44.6,44.52,44.59,0,0,100408
11738,2020-10-28 10:30:00,44.59,44.62,44.48,44.49,0,0,166266
11739,2020-10-28 10:31:00,44.49,44.51,44.45,44.49,0,0,122464
11740,2020-10-28 10:32:00,44.48,44.53,44.46,44.51,0,0,138563
11741,2020-10-28 10:33:00,44.51,44.64,44.49,44.61,0,0,186804
11742,2020-10-28 10:34:00,44.62,44.63,44.53,44.54,0,0,123937
11743,2020-10-28 10:35:00,44.55,44.55,44.51,44.54,0,0,99909
11744,2020-10-28 10:36:00,44.54,44.6,44.52,44.6,0,0,137910
11745,2020-10-28 10:37:00,44.6,44.62,44.57,44.6,0,0,111679
11746,2020-10-28 10:38:00,44.59,44.6,44.56,44.56,0,0,70689
11747,2020-10-28 10:39:00,44.56,44.59,44.53,44.58,0,0,65186
11748,2020-10-28 10:40:00,44.58,44.6,44.55,44.59,0,0,74266
11749,2020-10-28 10:41:00,44.59,44.62,44.55,44.58,0,0,84136
11750,2020-10-28 10:42:00,44.58,44.62,44.57,44.58,0,0,85626
11751,2020-10-28 10:43:00,44.58,44.61,44.56,44.6,0,0,77341
11752,2020-10-28 10:44:00,44.59,44.61,44.56,44.58,0,0,56943
11753,2020-10-28 10:45:00,44.58,44.62,44.52,44.55,0,0,97136
11754,2020-10-28 10:46:00,44.56,44.56,44.51,44.53,0,0,51860
11755,2020-10-28 10:47:00,44.53,44.54,44.46,44.5,0,0,138160
11756,2020-10-28 10:48:00,44.51,44.51,44.44,44.45,0,0,94025
11757,2020-10-28 10:49:00,44.44,44.45,44.38,44.42,0,0,148426
11758,2020-10-28 10:50:00,44.42,44.44,44.38,44.4,0,0,72063
11759,2020-10-28 10:51:00,44.4,44.43,44.36,44.39,0,0,145328
11760,2020-10-28 10:52:00,44.39,44.41,44.34,44.35,0,0,89911
11761,2020-10-28 10:53:00,44.34,44.39,44.33,44.38,0,0,87374
11762,2020-10-28 10:54:00,44.38,44.46,44.38,44.41,0,0,102952
11763,2020-10-28 10:55:00,44.42,44.44,44.38,44.4,0,0,75823
11764,2020-10-28 10:56:00,44.4,44.41,44.37,44.38,0,0,39934
11765,2020-10-28 10:57:00,44.39,44.42,44.37,44.41,0,0,78447
11766,2020-10-28 10:58:00,44.42,44.49,44.38,44.49,0,0,80858
11767,2020-10-28 10:59:00,44.49,44.54,44.47,44.53,0,0,129701
11768,2020-10-28 11:00:00,44.53,44.54,44.51,44.53,0,0,106122
11769,2020-10-28 11:01:00,44.54,44.56,44.5,44.55,0,0,92565
11770,2020-10-28 11:02:00,44.55,44.56,44.51,44.51,0,0,98619
11771,2020-10-28 11:03:00,44.51,44.52,44.43,44.44,0,0,104020
11772,2020-10-28 11:04:00,44.44,44.47,44.42,44.47,0,0,123395
11773,2020-10-28 11:05:00,44.47,44.57,44.47,44.52,0,0,185064
11774,2020-10-28 11:06:00,44.52,44.62,44.49,44.62,0,0,183991
11775,2020-10-28 11:07:00,44.62,44.62,44.59,44.61,0,0,76872
11776,2020-10-28 11:08:00,44.61,44.61,44.53,44.6,0,0,113738
11777,2020-10-28 11:09:00,44.6,44.62,44.58,44.59,0,0,91575
11778,2020-10-28 11:10:00,44.6,44.6,44.52,44.56,0,0,64175
11779,2020-10-28 11:11:00,44.57,44.58,44.55,44.55,0,0,45536
11780,2020-10-28 11:12:00,44.54,44.55,44.49,44.54,0,0,56922
11781,2020-10-28 11:13:00,44.54,44.56,44.51,44.51,0,0,82931
11782,2020-10-28 11:14:00,44.51,44.56,44.47,44.55,0,0,93413
11783,2020-10-28 11:15:00,44.54,44.54,44.48,44.53,0,0,74576
11784,2020-10-28 11:16:00,44.53,44.54,44.5,44.53,0,0,44359
11785,2020-10-28 11:17:00,44.53,44.55,44.48,44.48,0,0,60344
11786,2020-10-28 11:18:00,44.48,44.5,44.45,44.5,0,0,48986
11787,2020-10-28 11:19:00,44.49,44.49,44.42,44.42,0,0,69147
11788,2020-10-28 11:20:00,44.42,44.48,44.4,44.4,0,0,129255
11789,2020-10-28 11:21:00,44.4,44.45,44.4,44.44,0,0,71013
11790,2020-10-28 11:22:00,44.44,44.44,44.4,44.42,0,0,58535
11791,2020-10-28 11:23:00,44.42,44.44,44.4,44.43,0,0,71591
11792,2020-10-28 11:24:00,44.42,44.43,44.4,44.41,0,0,50654
11793,2020-10-28 11:25:00,44.4,44.43,44.39,44.41,0,0,102074
11794,2020-10-28 11:26:00,44.41,44.45,44.4,44.44,0,0,89072
11795,2020-10-28 11:27:00,44.44,44.44,44.4,44.4,0,0,148487
11796,2020-10-28 11:28:00,44.4,44.41,44.39,44.4,0,0,107532
11797,2020-10-28 11:29:00,44.4,44.5,44.4,44.5,0,0,96998
11798,2020-10-28 11:30:00,44.49,44.49,44.48,44.48,0,0,29917
11799,2020-10-28 11:31:00,44.49,44.49,44.44,44.47,0,0,84118
11800,2020-10-28 11:32:00,44.47,44.47,44.45,44.47,0,0,41419
11801,2020-10-28 11:33:00,44.46,44.48,44.45,44.47,0,0,45493
11802,2020-10-28 11:34:00,44.47,44.48,44.46,44.47,0,0,38474
11803,2020-10-28 11:35:00,44.48,44.52,44.45,44.47,0,0,143067
11804,2020-10-28 11:36:00,44.47,44.5,44.46,44.46,0,0,37460
11805,2020-10-28 11:37:00,44.46,44.47,44.42,44.47,0,0,103648
11806,2020-10-28 11:38:00,44.47,44.48,44.44,44.48,0,0,63882
11807,2020-10-28 11:39:00,44.48,44.49,44.47,44.47,0,0,43194
11808,2020-10-28 11:40:00,44.46,44.5,44.44,44.49,0,0,49162
11809,2020-10-28 11:41:00,44.49,44.57,44.48,44.56,0,0,56180
11810,2020-10-28 11:42:00,44.56,44.58,44.53,44.57,0,0,90642
11811,2020-10-28 11:43:00,44.56,44.62,44.56,44.6,0,0,77600
11812,2020-10-28 11:44:00,44.6,44.62,44.6,44.6,0,0,69336
11813,2020-10-28 11:45:00,44.59,44.6,44.54,44.58,0,0,75702
11814,2020-10-28 11:46:00,44.59,44.62,44.58,44.58,0,0,150124
11815,2020-10-28 11:47:00,44.58,44.62,44.56,44.62,0,0,82515
11816,2020-10-28 11:48:00,44.62,44.62,44.58,44.58,0,0,46939
11817,2020-10-28 11:49:00,44.59,44.66,44.56,44.65,0,0,133562
11818,2020-10-28 11:50:00,44.64,44.65,44.61,44.64,0,0,133722
11819,2020-10-28 11:51:00,44.64,44.7,44.64,44.69,0,0,102864
11820,2020-10-28 11:52:00,44.69,44.71,44.65,44.71,0,0,100031
11821,2020-10-28 11:53:00,44.71,44.72,44.69,44.69,0,0,55718
11822,2020-10-28 11:54:00,44.7,44.71,44.67,44.71,0,0,62113
11823,2020-10-28 11:55:00,44.71,44.71,44.63,44.64,0,0,103589
11824,2020-10-28 11:56:00,44.64,44.68,44.62,44.67,0,0,64373
11825,2020-10-28 11:57:00,44.67,44.72,44.67,44.72,0,0,128177
11826,2020-10-28 11:58:00,44.72,44.72,44.67,44.68,0,0,144074
11827,2020-10-28 11:59:00,44.68,44.71,44.63,44.63,0,0,99916
11828,2020-10-28 12:00:00,44.63,44.66,44.62,44.62,0,0,102596
11829,2020-10-28 12:01:00,44.62,44.64,44.59,44.61,0,0,58573
11830,2020-10-28 12:02:00,44.6,44.65,44.6,44.62,0,0,50173
11831,2020-10-28 12:03:00,44.62,44.66,44.6,44.65,0,0,54318
11832,2020-10-28 12:04:00,44.65,44.7,44.65,44.69,0,0,63170
11833,2020-10-28 12:05:00,44.69,44.72,44.68,44.69,0,0,93609
11834,2020-10-28 12:06:00,44.69,44.78,44.69,44.73,0,0,74564
11835,2020-10-28 12:07:00,44.73,44.75,44.72,44.74,0,0,37522
11836,2020-10-28 12:08:00,44.77,44.79,44.76,44.78,0,0,79707
11837,2020-10-28 12:09:00,44.78,44.79,44.76,44.78,0,0,112619
11838,2020-10-28 12:10:00,44.77,44.77,44.74,44.75,0,0,69976
11839,2020-10-28 12:11:00,44.75,44.79,44.74,44.78,0,0,50716
11840,2020-10-28 12:12:00,44.78,44.81,44.77,44.79,0,0,49983
11841,2020-10-28 12:13:00,44.79,44.8,44.76,44.8,0,0,46976
11842,2020-10-28 12:14:00,44.81,44.88,44.81,44.86,0,0,200267
11843,2020-10-28 12:15:00,44.86,44.88,44.82,44.85,0,0,97840
11844,2020-10-28 12:16:00,44.84,44.87,44.83,44.87,0,0,49794
11845,2020-10-28 12:17:00,44.87,44.88,44.83,44.84,0,0,45939
11846,2020-10-28 12:18:00,44.85,44.9,44.84,44.87,0,0,83868
11847,2020-10-28 12:19:00,44.87,44.91,44.86,44.88,0,0,76136
11848,2020-10-28 12:20:00,44.89,44.91,44.87,44.89,0,0,88336
11849,2020-10-28 12:21:00,44.89,44.9,44.86,44.86,0,0,78410
11850,2020-10-28 12:22:00,44.86,44.87,44.81,44.83,0,0,109486
11851,2020-10-28 12:23:00,44.83,44.86,44.83,44.85,0,0,178176
11852,2020-10-28 12:24:00,44.85,44.92,44.84,44.92,0,0,188058
11853,2020-10-28 12:25:00,44.92,44.95,44.87,44.88,0,0,132280
11854,2020-10-28 12:26:00,44.87,44.9,44.86,44.87,0,0,57315
11855,2020-10-28 12:27:00,44.88,44.88,44.83,44.84,0,0,57496
11856,2020-10-28 12:28:00,44.84,44.85,44.8,44.81,0,0,43208
11857,2020-10-28 12:29:00,44.81,44.85,44.8,44.85,0,0,29505
11858,2020-10-28 12:30:00,44.85,44.85,44.81,44.81,0,0,55706
11859,2020-10-28 12:31:00,44.81,44.87,44.81,44.84,0,0,49900
11860,2020-10-28 12:32:00,44.84,44.9,44.84,44.88,0,0,51621
11861,2020-10-28 12:33:00,44.89,44.94,44.88,44.94,0,0,44634
11862,2020-10-28 12:34:00,44.93,44.95,44.93,44.95,0,0,60663
11863,2020-10-28 12:35:00,44.95,44.99,44.95,44.97,0,0,73200
11864,2020-10-28 12:36:00,44.97,44.99,44.95,44.95,0,0,68907
11865,2020-10-28 12:37:00,44.96,44.96,44.9,44.9,0,0,59705
11866,2020-10-28 12:38:00,44.89,44.9,44.85,44.86,0,0,46871
11867,2020-10-28 12:39:00,44.85,44.86,44.83,44.84,0,0,30604
11868,2020-10-28 12:40:00,44.83,44.84,44.81,44.81,0,0,34965
11869,2020-10-28 12:41:00,44.81,44.87,44.81,44.85,0,0,65866
11870,2020-10-28 12:42:00,44.85,44.85,44.81,44.83,0,0,42958
11871,2020-10-28 12:43:00,44.83,44.85,44.81,44.81,0,0,40105
11872,2020-10-28 12:44:00,44.81,44.83,44.8,44.82,0,0,47020
11873,2020-10-28 12:45:00,44.82,44.82,44.8,44.81,0,0,39196
11874,2020-10-28 12:46:00,44.8,44.83,44.79,44.81,0,0,41857
11875,2020-10-28 12:47:00,44.81,44.83,44.79,44.79,0,0,28793
11876,2020-10-28 12:48:00,44.8,44.81,44.79,44.8,0,0,14572
11877,2020-10-28 12:49:00,44.81,44.81,44.77,44.78,0,0,42260
11878,2020-10-28 12:50:00,44.78,44.83,44.77,44.79,0,0,50252
11879,2020-10-28 12:51:00,44.79,44.79,44.7,44.72,0,0,135017
11880,2020-10-28 12:52:00,44.72,44.78,44.71,44.77,0,0,34544
11881,2020-10-28 12:53:00,44.78,44.8,44.74,44.78,0,0,57964
11882,2020-10-28 12:54:00,44.78,44.78,44.76,44.78,0,0,27907
11883,2020-10-28 12:55:00,44.78,44.78,44.75,44.76,0,0,36212
11884,2020-10-28 12:56:00,44.76,44.78,44.75,44.78,0,0,38854
11885,2020-10-28 12:57:00,44.78,44.79,44.75,44.77,0,0,44280
11886,2020-10-28 12:58:00,44.77,44.77,44.73,44.76,0,0,47730
11887,2020-10-28 12:59:00,44.76,44.77,44.74,44.75,0,0,55762
11888,2020-10-28 13:00:00,44.74,44.74,44.71,44.72,0,0,25564
11889,2020-10-28 13:01:00,44.72,44.74,44.65,44.68,0,0,67694
11890,2020-10-28 13:02:00,44.67,44.7,44.63,44.66,0,0,53499
11891,2020-10-28 13:03:00,44.67,44.71,44.67,44.71,0,0,29719
11892,2020-10-28 13:04:00,44.72,44.72,44.68,44.68,0,0,42237
11893,2020-10-28 13:05:00,44.67,44.72,44.66,44.7,0,0,42934
11894,2020-10-28 13:06:00,44.7,44.71,44.67,44.67,0,0,41503
11895,2020-10-28 13:07:00,44.67,44.7,44.66,44.68,0,0,29243
11896,2020-10-28 13:08:00,44.67,44.71,44.67,44.67,0,0,38380
11897,2020-10-28 13:09:00,44.67,44.67,44.61,44.63,0,0,53978
11898,2020-10-28 13:10:00,44.63,44.64,44.6,44.6,0,0,51310
11899,2020-10-28 13:11:00,44.61,44.61,44.57,44.57,0,0,40853
11900,2020-10-28 13:12:00,44.58,44.58,44.56,44.56,0,0,56044
11901,2020-10-28 13:13:00,44.56,44.58,44.56,44.57,0,0,28050
11902,2020-10-28 13:14:00,44.57,44.58,44.56,44.56,0,0,29196
11903,2020-10-28 13:15:00,44.56,44.59,44.56,44.57,0,0,47614
11904,2020-10-28 13:16:00,44.57,44.58,44.54,44.56,0,0,40359
11905,2020-10-28 13:17:00,44.56,44.56,44.52,44.53,0,0,46644
11906,2020-10-28 13:18:00,44.53,44.56,44.53,44.56,0,0,61519
11907,2020-10-28 13:19:00,44.56,44.58,44.5,44.56,0,0,145530
11908,2020-10-28 13:20:00,44.56,44.57,44.52,44.56,0,0,71426
11909,2020-10-28 13:21:00,44.57,44.57,44.55,44.57,0,0,31681
11910,2020-10-28 13:22:00,44.56,44.59,44.55,44.57,0,0,58794
11911,2020-10-28 13:23:00,44.57,44.59,44.55,44.56,0,0,89123
11912,2020-10-28 13:24:00,44.56,44.63,44.55,44.61,0,0,64147
11913,2020-10-28 13:25:00,44.6,44.65,44.6,44.61,0,0,89550
11914,2020-10-28 13:26:00,44.61,44.62,44.59,44.62,0,0,24297
11915,2020-10-28 13:27:00,44.62,44.62,44.6,44.6,0,0,29120
11916,2020-10-28 13:28:00,44.6,44.66,44.59,44.63,0,0,78182
11917,2020-10-28 13:29:00,44.63,44.65,44.61,44.65,0,0,64333
11918,2020-10-28 13:30:00,44.65,44.69,44.63,44.66,0,0,67890
11919,2020-10-28 13:31:00,44.66,44.66,44.6,44.63,0,0,39053
11920,2020-10-28 13:32:00,44.63,44.65,44.6,44.65,0,0,32256
11921,2020-10-28 13:33:00,44.65,44.67,44.65,44.65,0,0,30449
11922,2020-10-28 13:34:00,44.65,44.71,44.65,44.69,0,0,40298
11923,2020-10-28 13:35:00,44.69,44.76,44.69,44.73,0,0,87354
11924,2020-10-28 13:36:00,44.73,44.76,44.72,44.74,0,0,69337
11925,2020-10-28 13:37:00,44.74,44.77,44.74,44.76,0,0,31530
11926,2020-10-28 13:38:00,44.76,44.76,44.72,44.74,0,0,42996
11927,2020-10-28 13:39:00,44.75,44.75,44.73,44.73,0,0,14135
11928,2020-10-28 13:40:00,44.74,44.74,44.72,44.72,0,0,33326
11929,2020-10-28 13:41:00,44.72,44.73,44.67,44.67,0,0,44056
11930,2020-10-28 13:42:00,44.68,44.7,44.66,44.69,0,0,35487
11931,2020-10-28 13:43:00,44.7,44.71,44.68,44.69,0,0,24147
11932,2020-10-28 13:44:00,44.68,44.72,44.67,44.69,0,0,52828
11933,2020-10-28 13:45:00,44.7,44.72,44.69,44.7,0,0,23523
11934,2020-10-28 13:46:00,44.71,44.72,44.67,44.67,0,0,38108
11935,2020-10-28 13:47:00,44.67,44.69,44.66,44.67,0,0,34316
11936,2020-10-28 13:48:00,44.68,44.69,44.65,44.69,0,0,28558
11937,2020-10-28 13:49:00,44.69,44.73,44.68,44.7,0,0,53950
11938,2020-10-28 13:50:00,44.7,44.71,44.66,44.7,0,0,61317
11939,2020-10-28 13:51:00,44.71,44.72,44.69,44.7,0,0,46453
11940,2020-10-28 13:52:00,44.7,44.72,44.68,44.69,0,0,61492
11941,2020-10-28 13:53:00,44.69,44.69,44.67,44.69,0,0,19865
11942,2020-10-28 13:54:00,44.69,44.74,44.68,44.72,0,0,46533
11943,2020-10-28 13:55:00,44.72,44.73,44.69,44.71,0,0,33268
11944,2020-10-28 13:56:00,44.71,44.73,44.69,44.69,0,0,49062
11945,2020-10-28 13:57:00,44.7,44.73,44.68,44.68,0,0,30237
11946,2020-10-28 13:58:00,44.67,44.68,44.67,44.67,0,0,26325
11947,2020-10-28 13:59:00,44.68,44.71,44.67,44.67,0,0,60636
11948,2020-10-28 14:00:00,44.67,44.68,44.62,44.62,0,0,76341
11949,2020-10-28 14:01:00,44.62,44.63,44.57,44.6,0,0,73137
11950,2020-10-28 14:02:00,44.6,44.66,44.6,44.66,0,0,44951
11951,2020-10-28 14:03:00,44.66,44.67,44.63,44.65,0,0,36079
11952,2020-10-28 14:04:00,44.65,44.71,44.65,44.67,0,0,82905
11953,2020-10-28 14:05:00,44.67,44.71,44.67,44.69,0,0,33342
11954,2020-10-28 14:06:00,44.68,44.72,44.68,44.71,0,0,61892
11955,2020-10-28 14:07:00,44.72,44.76,44.72,44.73,0,0,55070
11956,2020-10-28 14:08:00,44.74,44.77,44.74,44.74,0,0,50178
11957,2020-10-28 14:09:00,44.74,44.75,44.71,44.71,0,0,38061
11958,2020-10-28 14:10:00,44.72,44.74,44.7,44.72,0,0,51399
11959,2020-10-28 14:11:00,44.72,44.76,44.69,44.69,0,0,61221
11960,2020-10-28 14:12:00,44.7,44.73,44.7,44.71,0,0,22158
11961,2020-10-28 14:13:00,44.7,44.71,44.67,44.68,0,0,62709
11962,2020-10-28 14:14:00,44.67,44.69,44.67,44.68,0,0,24148
11963,2020-10-28 14:15:00,44.69,44.69,44.65,44.65,0,0,65331
11964,2020-10-28 14:16:00,44.66,44.66,44.65,44.65,0,0,31658
11965,2020-10-28 14:17:00,44.65,44.65,44.62,44.63,0,0,32329
11966,2020-10-28 14:18:00,44.63,44.7,44.63,44.69,0,0,51402
11967,2020-10-28 14:19:00,44.7,44.72,44.67,44.68,0,0,42177
11968,2020-10-28 14:20:00,44.68,44.71,44.67,44.69,0,0,40131
11969,2020-10-28 14:21:00,44.69,44.74,44.69,44.73,0,0,41282
11970,2020-10-28 14:22:00,44.73,44.75,44.71,44.74,0,0,41424
11971,2020-10-28 14:23:00,44.74,44.74,44.72,44.72,0,0,18279
11972,2020-10-28 14:24:00,44.72,44.77,44.72,44.77,0,0,89261
11973,2020-10-28 14:25:00,44.77,44.77,44.72,44.74,0,0,122361
11974,2020-10-28 14:26:00,44.74,44.76,44.72,44.75,0,0,40181
11975,2020-10-28 14:27:00,44.74,44.75,44.72,44.74,0,0,38744
11976,2020-10-28 14:28:00,44.74,44.76,44.73,44.76,0,0,72229
11977,2020-10-28 14:29:00,44.75,44.77,44.75,44.77,0,0,51465
11978,2020-10-28 14:30:00,44.77,44.81,44.75,44.76,0,0,109398
11979,2020-10-28 14:31:00,44.75,44.75,44.71,44.74,0,0,37740
11980,2020-10-28 14:32:00,44.74,44.76,44.73,44.74,0,0,35874
11981,2020-10-28 14:33:00,44.73,44.75,44.72,44.72,0,0,29004
11982,2020-10-28 14:34:00,44.71,44.75,44.71,44.74,0,0,43574
11983,2020-10-28 14:35:00,44.75,44.76,44.67,44.67,0,0,61762
11984,2020-10-28 14:36:00,44.68,44.71,44.66,44.69,0,0,67568
11985,2020-10-28 14:37:00,44.69,44.69,44.65,44.67,0,0,37297
11986,2020-10-28 14:38:00,44.66,44.69,44.66,44.67,0,0,25481
11987,2020-10-28 14:39:00,44.66,44.69,44.65,44.67,0,0,61659
11988,2020-10-28 14:40:00,44.67,44.69,44.66,44.68,0,0,22454
11989,2020-10-28 14:41:00,44.67,44.68,44.66,44.67,0,0,50939
11990,2020-10-28 14:42:00,44.67,44.72,44.67,44.71,0,0,95189
11991,2020-10-28 14:43:00,44.71,44.75,44.7,44.75,0,0,67499
11992,2020-10-28 14:44:00,44.74,44.75,44.71,44.74,0,0,66125
11993,2020-10-28 14:45:00,44.73,44.74,44.69,44.72,0,0,42716
11994,2020-10-28 14:46:00,44.72,44.77,44.72,44.76,0,0,49966
11995,2020-10-28 14:47:00,44.76,44.77,44.72,44.75,0,0,47180
11996,2020-10-28 14:48:00,44.75,44.76,44.72,44.74,0,0,43659
11997,2020-10-28 14:49:00,44.74,44.74,44.71,44.71,0,0,55281
11998,2020-10-28 14:50:00,44.71,44.76,44.7,44.71,0,0,48196
11999,2020-10-28 14:51:00,44.71,44.72,44.65,44.65,0,0,75995
12000,2020-10-28 14:52:00,44.66,44.67,44.63,44.65,0,0,62153
12001,2020-10-28 14:53:00,44.65,44.65,44.61,44.62,0,0,36185
12002,2020-10-28 14:54:00,44.62,44.62,44.57,44.57,0,0,94342
12003,2020-10-28 14:55:00,44.58,44.62,44.58,44.62,0,0,70797
12004,2020-10-28 14:56:00,44.62,44.66,44.62,44.65,0,0,148175
12005,2020-10-28 14:57:00,44.64,44.78,44.64,44.76,0,0,153561
12006,2020-10-28 14:58:00,44.76,44.78,44.72,44.75,0,0,49326
12007,2020-10-28 14:59:00,44.75,44.75,44.73,44.74,0,0,39194
12008,2020-10-28 15:00:00,44.74,44.76,44.74,44.74,0,0,46303
12009,2020-10-28 15:01:00,44.75,44.75,44.69,44.7,0,0,78752
12010,2020-10-28 15:02:00,44.71,44.74,44.67,44.68,0,0,46327
12011,2020-10-28 15:03:00,44.67,44.7,44.66,44.69,0,0,43045
12012,2020-10-28 15:04:00,44.69,44.69,44.65,44.66,0,0,39551
12013,2020-10-28 15:05:00,44.65,44.67,44.63,44.65,0,0,54740
12014,2020-10-28 15:06:00,44.65,44.7,44.62,44.64,0,0,77537
12015,2020-10-28 15:07:00,44.63,44.66,44.62,44.64,0,0,32211
12016,2020-10-28 15:08:00,44.63,44.71,44.63,44.7,0,0,85025
12017,2020-10-28 15:09:00,44.7,44.7,44.65,44.66,0,0,53145
12018,2020-10-28 15:10:00,44.66,44.69,44.65,44.65,0,0,57823
12019,2020-10-28 15:11:00,44.65,44.66,44.61,44.62,0,0,55718
12020,2020-10-28 15:12:00,44.62,44.73,44.6,44.69,0,0,84533
12021,2020-10-28 15:13:00,44.68,44.69,44.66,44.67,0,0,59988
12022,2020-10-28 15:14:00,44.68,44.71,44.65,44.67,0,0,50864
12023,2020-10-28 15:15:00,44.66,44.66,44.6,44.62,0,0,64181
12024,2020-10-28 15:16:00,44.61,44.64,44.58,44.59,0,0,66268
12025,2020-10-28 15:17:00,44.59,44.62,44.58,44.58,0,0,57222
12026,2020-10-28 15:18:00,44.58,44.62,44.58,44.62,0,0,57775
12027,2020-10-28 15:19:00,44.62,44.62,44.57,44.58,0,0,94360
12028,2020-10-28 15:20:00,44.58,44.59,44.56,44.57,0,0,33057
12029,2020-10-28 15:21:00,44.58,44.65,44.56,44.65,0,0,70439
12030,2020-10-28 15:22:00,44.65,44.68,44.63,44.68,0,0,81346
12031,2020-10-28 15:23:00,44.68,44.7,44.67,44.67,0,0,81910
12032,2020-10-28 15:24:00,44.68,44.75,44.64,44.72,0,0,110334
12033,2020-10-28 15:25:00,44.71,44.71,44.67,44.71,0,0,50509
12034,2020-10-28 15:26:00,44.7,44.75,44.7,44.72,0,0,63087
12035,2020-10-28 15:27:00,44.72,44.72,44.69,44.7,0,0,89017
12036,2020-10-28 15:28:00,44.7,44.72,44.69,44.71,0,0,83658
12037,2020-10-28 15:29:00,44.71,44.72,44.66,44.66,0,0,57261
12038,2020-10-28 15:30:00,44.67,44.73,44.67,44.71,0,0,90126
12039,2020-10-28 15:31:00,44.71,44.72,44.68,44.7,0,0,101106
12040,2020-10-28 15:32:00,44.7,44.8,44.68,44.76,0,0,252794
12041,2020-10-28 15:33:00,44.76,44.77,44.74,44.76,0,0,84834
12042,2020-10-28 15:34:00,44.77,44.78,44.75,44.76,0,0,89618
12043,2020-10-28 15:35:00,44.76,44.76,44.73,44.76,0,0,172415
12044,2020-10-28 15:36:00,44.76,44.76,44.67,44.69,0,0,115439
12045,2020-10-28 15:37:00,44.69,44.7,44.64,44.65,0,0,115236
12046,2020-10-28 15:38:00,44.65,44.66,44.6,44.6,0,0,69251
12047,2020-10-28 15:39:00,44.6,44.62,44.6,44.61,0,0,102137
12048,2020-10-28 15:40:00,44.61,44.64,44.6,44.63,0,0,298470
12049,2020-10-28 15:41:00,44.64,44.64,44.59,44.62,0,0,100650
12050,2020-10-28 15:42:00,44.63,44.67,44.62,44.65,0,0,81243
12051,2020-10-28 15:43:00,44.64,44.65,44.6,44.64,0,0,76573
12052,2020-10-28 15:44:00,44.65,44.65,44.62,44.62,0,0,66424
12053,2020-10-28 15:45:00,44.62,44.65,44.62,44.65,0,0,118705
12054,2020-10-28 15:46:00,44.65,44.67,44.64,44.64,0,0,128320
12055,2020-10-28 15:47:00,44.64,44.65,44.58,44.58,0,0,92349
12056,2020-10-28 15:48:00,44.58,44.62,44.57,44.58,0,0,84125
12057,2020-10-28 15:49:00,44.57,44.63,44.57,44.62,0,0,126194
12058,2020-10-28 15:50:00,44.61,44.61,44.5,44.5,0,0,336034
12059,2020-10-28 15:51:00,44.5,44.52,44.5,44.51,0,0,123835
12060,2020-10-28 15:52:00,44.5,44.51,44.5,44.51,0,0,89129
12061,2020-10-28 15:53:00,44.51,44.52,44.5,44.5,0,0,192863
12062,2020-10-28 15:54:00,44.5,44.5,44.33,44.33,0,0,545626
12063,2020-10-28 15:55:00,44.33,44.35,44.28,44.29,0,0,347153
12064,2020-10-28 15:56:00,44.29,44.31,44.25,44.28,0,0,306888
12065,2020-10-28 15:57:00,44.28,44.28,44.26,44.28,0,0,403703
12066,2020-10-28 15:58:00,44.28,44.31,44.27,44.28,0,0,499455
12067,2020-10-28 15:59:00,44.28,44.31,44.2,44.26,0,0,1417884
12068,2020-10-29 09:30:00,44.24,44.28,44.09,44.24,0,0,840771
12069,2020-10-29 09:31:00,44.25,44.27,44.14,44.19,0,0,147534
12070,2020-10-29 09:32:00,44.19,44.29,44.17,44.29,0,0,124942
12071,2020-10-29 09:33:00,44.29,44.39,44.29,44.35,0,0,123209
12072,2020-10-29 09:34:00,44.31,44.35,44.26,44.26,0,0,148544
12073,2020-10-29 09:35:00,44.26,44.31,44.19,44.19,0,0,134349
12074,2020-10-29 09:36:00,44.21,44.21,44.14,44.14,0,0,104310
12075,2020-10-29 09:37:00,44.17,44.21,44.12,44.2,0,0,131320
12076,2020-10-29 09:38:00,44.21,44.22,44.15,44.21,0,0,102986
12077,2020-10-29 09:39:00,44.23,44.24,44.14,44.17,0,0,154271
12078,2020-10-29 09:40:00,44.04,44.07,44.04,44.06,0,0,200760
12079,2020-10-29 09:41:00,44.04,44.04,44.03,44.03,0,0,154676
12080,2020-10-29 09:42:00,44.0,44.0,43.97,43.97,0,0,556785
12081,2020-10-29 09:43:00,44.0,44.03,44.0,44.03,0,0,201005
12082,2020-10-29 09:44:00,44.04,44.07,44.04,44.06,0,0,129806
12083,2020-10-29 09:45:00,44.0,44.07,43.99,44.04,0,0,137274
12084,2020-10-29 09:46:00,44.04,44.18,44.04,44.17,0,0,312137
12085,2020-10-29 09:47:00,44.17,44.18,44.15,44.15,0,0,247240
12086,2020-10-29 09:48:00,44.13,44.15,44.11,44.15,0,0,96472
12087,2020-10-29 09:49:00,44.08,44.08,44.07,44.08,0,0,110800
12088,2020-10-29 09:50:00,44.09,44.12,44.03,44.1,0,0,111898
12089,2020-10-29 09:51:00,44.09,44.12,44.07,44.11,0,0,125087
12090,2020-10-29 09:52:00,44.1,44.16,44.1,44.15,0,0,110634
12091,2020-10-29 09:53:00,44.14,44.15,44.13,44.15,0,0,79562
12092,2020-10-29 09:54:00,44.17,44.17,44.15,44.17,0,0,131725
12093,2020-10-29 09:55:00,44.17,44.24,44.16,44.23,0,0,246676
12094,2020-10-29 09:56:00,44.25,44.35,44.22,44.35,0,0,151367
12095,2020-10-29 09:57:00,44.39,44.42,44.39,44.41,0,0,163915
12096,2020-10-29 09:58:00,44.38,44.42,44.35,44.36,0,0,128300
12097,2020-10-29 09:59:00,44.37,44.38,44.3,44.31,0,0,132952
12098,2020-10-29 10:00:00,44.31,44.35,44.28,44.33,0,0,201015
12099,2020-10-29 10:01:00,44.33,44.39,44.3,44.31,0,0,76237
12100,2020-10-29 10:02:00,44.3,44.35,44.29,44.34,0,0,90973
12101,2020-10-29 10:03:00,44.34,44.38,44.33,44.38,0,0,144700
12102,2020-10-29 10:04:00,44.38,44.4,44.35,44.35,0,0,69927
12103,2020-10-29 10:05:00,44.35,44.35,44.3,44.33,0,0,136094
12104,2020-10-29 10:06:00,44.35,44.35,44.3,44.31,0,0,82228
12105,2020-10-29 10:07:00,44.31,44.35,44.31,44.33,0,0,107772
12106,2020-10-29 10:08:00,44.33,44.35,44.31,44.33,0,0,64260
12107,2020-10-29 10:09:00,44.33,44.35,44.27,44.31,0,0,132357
12108,2020-10-29 10:10:00,44.31,44.35,44.26,44.27,0,0,116915
12109,2020-10-29 10:11:00,44.26,44.32,44.24,44.3,0,0,75613
12110,2020-10-29 10:12:00,44.31,44.33,44.27,44.27,0,0,76882
12111,2020-10-29 10:13:00,44.28,44.3,44.22,44.23,0,0,87791
12112,2020-10-29 10:14:00,44.23,44.26,44.22,44.25,0,0,62487
12113,2020-10-29 10:15:00,44.26,44.28,44.17,44.17,0,0,96892
12114,2020-10-29 10:16:00,44.17,44.21,44.17,44.19,0,0,53419
12115,2020-10-29 10:17:00,44.18,44.24,44.17,44.18,0,0,122303
12116,2020-10-29 10:18:00,44.18,44.21,44.17,44.2,0,0,49213
12117,2020-10-29 10:19:00,44.2,44.21,44.17,44.17,0,0,68449
12118,2020-10-29 10:20:00,44.17,44.21,44.17,44.19,0,0,130786
12119,2020-10-29 10:21:00,44.2,44.23,44.2,44.22,0,0,64162
12120,2020-10-29 10:22:00,44.22,44.28,44.22,44.26,0,0,77281
12121,2020-10-29 10:23:00,44.26,44.29,44.24,44.28,0,0,100080
12122,2020-10-29 10:24:00,44.28,44.3,44.24,44.24,0,0,75510
12123,2020-10-29 10:25:00,44.24,44.25,44.22,44.23,0,0,53363
12124,2020-10-29 10:26:00,44.22,44.23,44.18,44.21,0,0,82923
12125,2020-10-29 10:27:00,44.21,44.23,44.2,44.21,0,0,66020
12126,2020-10-29 10:28:00,44.21,44.22,44.19,44.22,0,0,68483
12127,2020-10-29 10:29:00,44.22,44.25,44.2,44.24,0,0,67133
12128,2020-10-29 10:30:00,44.24,44.27,44.22,44.24,0,0,57973
12129,2020-10-29 10:31:00,44.23,44.23,44.17,44.18,0,0,75932
12130,2020-10-29 10:32:00,44.18,44.22,44.17,44.19,0,0,70538
12131,2020-10-29 10:33:00,44.18,44.24,44.18,44.24,0,0,62262
12132,2020-10-29 10:34:00,44.23,44.23,44.2,44.22,0,0,52341
12133,2020-10-29 10:35:00,44.22,44.22,44.18,44.19,0,0,72245
12134,2020-10-29 10:36:00,44.18,44.19,44.15,44.17,0,0,76024
12135,2020-10-29 10:37:00,44.17,44.22,44.17,44.21,0,0,74612
12136,2020-10-29 10:38:00,44.21,44.25,44.19,44.24,0,0,68601
12137,2020-10-29 10:39:00,44.25,44.28,44.24,44.28,0,0,73589
12138,2020-10-29 10:40:00,44.28,44.32,44.26,44.3,0,0,75710
12139,2020-10-29 10:41:00,44.29,44.3,44.26,44.27,0,0,45257
12140,2020-10-29 10:42:00,44.28,44.29,44.26,44.28,0,0,37328
12141,2020-10-29 10:43:00,44.27,44.27,44.25,44.26,0,0,41496
12142,2020-10-29 10:44:00,44.26,44.27,44.24,44.26,0,0,59714
12143,2020-10-29 10:45:00,44.26,44.26,44.22,44.22,0,0,53392
12144,2020-10-29 10:46:00,44.23,44.23,44.2,44.22,0,0,52334
12145,2020-10-29 10:47:00,44.21,44.22,44.19,44.19,0,0,65337
12146,2020-10-29 10:48:00,44.2,44.26,44.2,44.22,0,0,81825
12147,2020-10-29 10:49:00,44.22,44.24,44.21,44.24,0,0,38704
12148,2020-10-29 10:50:00,44.24,44.25,44.21,44.23,0,0,48941
12149,2020-10-29 10:51:00,44.22,44.24,44.2,44.21,0,0,45109
12150,2020-10-29 10:52:00,44.2,44.23,44.2,44.21,0,0,54108
12151,2020-10-29 10:53:00,44.2,44.22,44.17,44.19,0,0,65041
12152,2020-10-29 10:54:00,44.18,44.18,44.12,44.14,0,0,127243
12153,2020-10-29 10:55:00,44.13,44.18,44.13,44.15,0,0,106097
12154,2020-10-29 10:56:00,44.14,44.21,44.13,44.21,0,0,95607
12155,2020-10-29 10:57:00,44.21,44.23,44.18,44.2,0,0,93738
12156,2020-10-29 10:58:00,44.21,44.21,44.15,44.15,0,0,37018
12157,2020-10-29 10:59:00,44.16,44.18,44.15,44.17,0,0,48879
12158,2020-10-29 11:00:00,44.17,44.19,44.13,44.14,0,0,49626
12159,2020-10-29 11:01:00,44.13,44.13,44.1,44.11,0,0,74253
12160,2020-10-29 11:02:00,44.11,44.17,44.11,44.15,0,0,40836
12161,2020-10-29 11:03:00,44.14,44.17,44.13,44.15,0,0,37601
12162,2020-10-29 11:04:00,44.16,44.19,44.12,44.14,0,0,65222
12163,2020-10-29 11:05:00,44.15,44.15,44.1,44.11,0,0,30332
12164,2020-10-29 11:06:00,44.12,44.12,44.09,44.11,0,0,84734
12165,2020-10-29 11:07:00,44.1,44.12,44.09,44.12,0,0,38921
12166,2020-10-29 11:08:00,44.12,44.15,44.11,44.15,0,0,48069
12167,2020-10-29 11:09:00,44.16,44.19,44.13,44.14,0,0,46595
12168,2020-10-29 11:10:00,44.14,44.17,44.13,44.17,0,0,35785
12169,2020-10-29 11:11:00,44.17,44.19,44.15,44.17,0,0,63907
12170,2020-10-29 11:12:00,44.17,44.22,44.16,44.22,0,0,48419
12171,2020-10-29 11:13:00,44.21,44.22,44.17,44.18,0,0,42115
12172,2020-10-29 11:14:00,44.19,44.19,44.17,44.19,0,0,91420
12173,2020-10-29 11:15:00,44.19,44.2,44.16,44.18,0,0,82803
12174,2020-10-29 11:16:00,44.18,44.19,44.17,44.17,0,0,32916
12175,2020-10-29 11:17:00,44.17,44.21,44.16,44.19,0,0,86314
12176,2020-10-29 11:18:00,44.19,44.2,44.16,44.19,0,0,52209
12177,2020-10-29 11:19:00,44.19,44.21,44.18,44.19,0,0,72361
12178,2020-10-29 11:20:00,44.2,44.23,44.18,44.22,0,0,83500
12179,2020-10-29 11:21:00,44.22,44.24,44.19,44.22,0,0,72555
12180,2020-10-29 11:22:00,44.22,44.22,44.2,44.21,0,0,24174
12181,2020-10-29 11:23:00,44.21,44.22,44.18,44.21,0,0,93182
12182,2020-10-29 11:24:00,44.21,44.23,44.21,44.22,0,0,23706
12183,2020-10-29 11:25:00,44.21,44.23,44.2,44.22,0,0,88221
12184,2020-10-29 11:26:00,44.22,44.23,44.21,44.22,0,0,29802
12185,2020-10-29 11:27:00,44.23,44.24,44.21,44.24,0,0,48388
12186,2020-10-29 11:28:00,44.23,44.23,44.21,44.22,0,0,45943
12187,2020-10-29 11:29:00,44.22,44.23,44.16,44.16,0,0,68183
12188,2020-10-29 11:30:00,44.17,44.19,44.12,44.13,0,0,66751
12189,2020-10-29 11:31:00,44.13,44.16,44.12,44.14,0,0,65819
12190,2020-10-29 11:32:00,44.14,44.15,44.12,44.13,0,0,25727
12191,2020-10-29 11:33:00,44.14,44.14,44.11,44.14,0,0,49084
12192,2020-10-29 11:34:00,44.13,44.15,44.13,44.14,0,0,38422
12193,2020-10-29 11:35:00,44.14,44.14,44.09,44.1,0,0,74071
12194,2020-10-29 11:36:00,44.11,44.13,44.1,44.1,0,0,41598
12195,2020-10-29 11:37:00,44.1,44.13,44.1,44.12,0,0,26219
12196,2020-10-29 11:38:00,44.12,44.14,44.11,44.12,0,0,34329
12197,2020-10-29 11:39:00,44.12,44.17,44.11,44.17,0,0,38889
12198,2020-10-29 11:40:00,44.17,44.2,44.16,44.16,0,0,57682
12199,2020-10-29 11:41:00,44.16,44.16,44.13,44.16,0,0,46801
12200,2020-10-29 11:42:00,44.16,44.16,44.11,44.12,0,0,52690
12201,2020-10-29 11:43:00,44.12,44.13,44.06,44.08,0,0,83859
12202,2020-10-29 11:44:00,44.07,44.08,44.06,44.07,0,0,30278
12203,2020-10-29 11:45:00,44.07,44.08,44.03,44.04,0,0,68423
12204,2020-10-29 11:46:00,44.05,44.08,44.04,44.08,0,0,50005
12205,2020-10-29 11:47:00,44.08,44.09,44.07,44.08,0,0,30188
12206,2020-10-29 11:48:00,44.09,44.09,44.05,44.06,0,0,68062
12207,2020-10-29 11:49:00,44.06,44.07,44.03,44.03,0,0,58414
12208,2020-10-29 11:50:00,44.03,44.05,44.02,44.03,0,0,37842
12209,2020-10-29 11:51:00,44.04,44.06,44.03,44.03,0,0,52259
12210,2020-10-29 11:52:00,44.03,44.08,44.03,44.06,0,0,36137
12211,2020-10-29 11:53:00,44.06,44.07,44.04,44.06,0,0,39905
12212,2020-10-29 11:54:00,44.06,44.08,44.06,44.06,0,0,25950
12213,2020-10-29 11:55:00,44.06,44.08,44.06,44.06,0,0,23405
12214,2020-10-29 11:56:00,44.06,44.11,44.06,44.11,0,0,58303
12215,2020-10-29 11:57:00,44.11,44.13,43.97,43.98,0,0,360521
12216,2020-10-29 11:58:00,43.98,44.0,43.93,43.99,0,0,101744
12217,2020-10-29 11:59:00,44.0,44.01,43.97,44.0,0,0,43374
12218,2020-10-29 12:00:00,44.01,44.08,44.01,44.03,0,0,51403
12219,2020-10-29 12:01:00,44.03,44.04,44.01,44.02,0,0,29233
12220,2020-10-29 12:02:00,44.02,44.03,43.99,44.01,0,0,29274
12221,2020-10-29 12:03:00,44.01,44.02,43.99,44.01,0,0,176372
12222,2020-10-29 12:04:00,44.01,44.01,43.99,44.0,0,0,39927
12223,2020-10-29 12:05:00,44.01,44.05,44.0,44.05,0,0,54263
12224,2020-10-29 12:06:00,44.04,44.05,44.03,44.04,0,0,27748
12225,2020-10-29 12:07:00,44.04,44.07,44.03,44.06,0,0,37649
12226,2020-10-29 12:08:00,44.07,44.08,44.05,44.08,0,0,21912
12227,2020-10-29 12:09:00,44.08,44.09,44.06,44.07,0,0,29760
12228,2020-10-29 12:10:00,44.07,44.09,44.06,44.07,0,0,34954
12229,2020-10-29 12:11:00,44.07,44.08,44.04,44.07,0,0,32145
12230,2020-10-29 12:12:00,44.07,44.09,44.06,44.07,0,0,14089
12231,2020-10-29 12:13:00,44.08,44.11,44.08,44.08,0,0,73614
12232,2020-10-29 12:14:00,44.08,44.13,44.07,44.12,0,0,32691
12233,2020-10-29 12:15:00,44.11,44.14,44.1,44.12,0,0,47633
12234,2020-10-29 12:16:00,44.12,44.14,44.12,44.13,0,0,18829
12235,2020-10-29 12:17:00,44.13,44.13,44.08,44.1,0,0,44546
12236,2020-10-29 12:18:00,44.1,44.11,44.1,44.1,0,0,26178
12237,2020-10-29 12:19:00,44.1,44.12,44.1,44.12,0,0,24639
12238,2020-10-29 12:20:00,44.12,44.12,44.08,44.1,0,0,27867
12239,2020-10-29 12:21:00,44.09,44.09,44.06,44.07,0,0,41559
12240,2020-10-29 12:22:00,44.07,44.08,44.06,44.06,0,0,20069
12241,2020-10-29 12:23:00,44.06,44.07,44.05,44.06,0,0,28239
12242,2020-10-29 12:24:00,44.06,44.08,44.06,44.07,0,0,45494
12243,2020-10-29 12:25:00,44.08,44.15,44.08,44.14,0,0,76755
12244,2020-10-29 12:26:00,44.14,44.17,44.12,44.13,0,0,67528
12245,2020-10-29 12:27:00,44.13,44.17,44.11,44.15,0,0,71168
12246,2020-10-29 12:28:00,44.15,44.17,44.14,44.15,0,0,45421
12247,2020-10-29 12:29:00,44.15,44.17,44.13,44.15,0,0,39856
12248,2020-10-29 12:30:00,44.15,44.18,44.15,44.18,0,0,57571
12249,2020-10-29 12:31:00,44.18,44.19,44.14,44.17,0,0,41240
12250,2020-10-29 12:32:00,44.17,44.21,44.15,44.16,0,0,59279
12251,2020-10-29 12:33:00,44.15,44.18,44.15,44.17,0,0,32685
12252,2020-10-29 12:34:00,44.16,44.18,44.15,44.17,0,0,244700
12253,2020-10-29 12:35:00,44.17,44.18,44.15,44.17,0,0,65971
12254,2020-10-29 12:36:00,44.17,44.19,44.15,44.16,0,0,34424
12255,2020-10-29 12:37:00,44.16,44.18,44.15,44.17,0,0,47032
12256,2020-10-29 12:38:00,44.17,44.18,44.15,44.16,0,0,28452
12257,2020-10-29 12:39:00,44.16,44.17,44.12,44.13,0,0,39094
12258,2020-10-29 12:40:00,44.13,44.13,44.1,44.1,0,0,39177
12259,2020-10-29 12:41:00,44.1,44.11,44.1,44.1,0,0,14092
12260,2020-10-29 12:42:00,44.1,44.13,44.08,44.1,0,0,60598
12261,2020-10-29 12:43:00,44.1,44.16,44.09,44.15,0,0,58881
12262,2020-10-29 12:44:00,44.15,44.15,44.1,44.1,0,0,34042
12263,2020-10-29 12:45:00,44.1,44.11,44.08,44.11,0,0,59747
12264,2020-10-29 12:46:00,44.11,44.12,44.1,44.11,0,0,24179
12265,2020-10-29 12:47:00,44.11,44.13,44.1,44.12,0,0,61727
12266,2020-10-29 12:48:00,44.11,44.13,44.11,44.12,0,0,37625
12267,2020-10-29 12:49:00,44.12,44.14,44.12,44.12,0,0,49550
12268,2020-10-29 12:50:00,44.12,44.13,44.1,44.1,0,0,24197
12269,2020-10-29 12:51:00,44.1,44.11,44.07,44.1,0,0,48325
12270,2020-10-29 12:52:00,44.1,44.12,44.08,44.12,0,0,32234
12271,2020-10-29 12:53:00,44.12,44.12,44.11,44.12,0,0,32495
12272,2020-10-29 12:54:00,44.12,44.13,44.1,44.11,0,0,33870
12273,2020-10-29 12:55:00,44.11,44.11,44.07,44.08,0,0,48225
12274,2020-10-29 12:56:00,44.08,44.11,44.08,44.1,0,0,23736
12275,2020-10-29 12:57:00,44.1,44.11,44.09,44.09,0,0,26140
12276,2020-10-29 12:58:00,44.1,44.1,44.09,44.1,0,0,32389
12277,2020-10-29 12:59:00,44.1,44.1,44.07,44.08,0,0,29401
12278,2020-10-29 13:00:00,44.08,44.1,44.08,44.08,0,0,30430
12279,2020-10-29 13:01:00,44.08,44.11,44.08,44.11,0,0,50784
12280,2020-10-29 13:02:00,44.1,44.11,44.08,44.08,0,0,29536
12281,2020-10-29 13:03:00,44.09,44.09,44.06,44.07,0,0,44884
12282,2020-10-29 13:04:00,44.07,44.08,44.06,44.07,0,0,55672
12283,2020-10-29 13:05:00,44.06,44.07,44.03,44.06,0,0,91939
12284,2020-10-29 13:06:00,44.06,44.08,44.06,44.08,0,0,22501
12285,2020-10-29 13:07:00,44.08,44.08,44.01,44.04,0,0,55530
12286,2020-10-29 13:08:00,44.04,44.04,44.01,44.01,0,0,38316
12287,2020-10-29 13:09:00,44.01,44.03,43.99,44.01,0,0,123200
12288,2020-10-29 13:10:00,44.01,44.02,44.0,44.01,0,0,48881
12289,2020-10-29 13:11:00,44.01,44.02,44.0,44.01,0,0,18374
12290,2020-10-29 13:12:00,44.0,44.01,44.0,44.01,0,0,18440
12291,2020-10-29 13:13:00,44.01,44.04,44.0,44.01,0,0,53301
12292,2020-10-29 13:14:00,44.01,44.02,44.0,44.01,0,0,58108
12293,2020-10-29 13:15:00,44.02,44.03,44.0,44.02,0,0,33517
12294,2020-10-29 13:16:00,44.01,44.02,43.96,43.96,0,0,70309
12295,2020-10-29 13:17:00,43.96,43.99,43.96,43.99,0,0,34325
12296,2020-10-29 13:18:00,43.99,44.0,43.99,43.99,0,0,21024
12297,2020-10-29 13:19:00,43.99,44.0,43.97,43.97,0,0,25268
12298,2020-10-29 13:20:00,43.97,44.0,43.97,43.98,0,0,42414
12299,2020-10-29 13:21:00,43.98,44.02,43.97,44.01,0,0,32621
12300,2020-10-29 13:22:00,44.01,44.05,44.0,44.04,0,0,31488
12301,2020-10-29 13:23:00,44.05,44.05,44.0,44.03,0,0,67703
12302,2020-10-29 13:24:00,44.03,44.05,44.01,44.03,0,0,92762
12303,2020-10-29 13:25:00,44.03,44.03,44.01,44.03,0,0,22728
12304,2020-10-29 13:26:00,44.03,44.04,44.01,44.04,0,0,56056
12305,2020-10-29 13:27:00,44.03,44.04,44.02,44.03,0,0,61551
12306,2020-10-29 13:28:00,44.03,44.06,44.02,44.04,0,0,86545
12307,2020-10-29 13:29:00,44.04,44.07,44.03,44.07,0,0,76092
12308,2020-10-29 13:30:00,44.06,44.1,44.06,44.08,0,0,71995
12309,2020-10-29 13:31:00,44.08,44.08,44.04,44.05,0,0,41767
12310,2020-10-29 13:32:00,44.05,44.05,44.03,44.04,0,0,44629
12311,2020-10-29 13:33:00,44.04,44.05,44.03,44.04,0,0,29376
12312,2020-10-29 13:34:00,44.05,44.07,44.04,44.04,0,0,82762
12313,2020-10-29 13:35:00,44.05,44.05,44.02,44.03,0,0,53647
12314,2020-10-29 13:36:00,44.03,44.04,43.99,43.99,0,0,85419
12315,2020-10-29 13:37:00,44.0,44.01,43.98,44.0,0,0,52272
12316,2020-10-29 13:38:00,43.99,44.02,43.97,43.97,0,0,52310
12317,2020-10-29 13:39:00,43.98,43.98,43.95,43.97,0,0,104077
12318,2020-10-29 13:40:00,43.98,44.01,43.97,43.98,0,0,224055
12319,2020-10-29 13:41:00,43.99,43.99,43.98,43.99,0,0,21528
12320,2020-10-29 13:42:00,43.98,43.99,43.96,43.99,0,0,86930
12321,2020-10-29 13:43:00,43.99,43.99,43.97,43.98,0,0,58169
12322,2020-10-29 13:44:00,43.99,43.99,43.97,43.97,0,0,30297
12323,2020-10-29 13:45:00,43.97,44.0,43.97,43.99,0,0,40658
12324,2020-10-29 13:46:00,43.99,44.0,43.99,43.99,0,0,24814
12325,2020-10-29 13:47:00,43.99,44.01,43.99,44.01,0,0,89949
12326,2020-10-29 13:48:00,44.01,44.03,43.99,44.02,0,0,95669
12327,2020-10-29 13:49:00,44.02,44.03,44.01,44.02,0,0,29000
12328,2020-10-29 13:50:00,44.02,44.04,44.01,44.03,0,0,62606
12329,2020-10-29 13:51:00,44.03,44.05,44.03,44.03,0,0,69666
12330,2020-10-29 13:52:00,44.04,44.04,44.02,44.04,0,0,41806
12331,2020-10-29 13:53:00,44.04,44.04,44.02,44.04,0,0,47749
12332,2020-10-29 13:54:00,44.04,44.07,44.03,44.06,0,0,107861
12333,2020-10-29 13:55:00,44.07,44.09,44.05,44.06,0,0,52093
12334,2020-10-29 13:56:00,44.05,44.07,44.04,44.07,0,0,39024
12335,2020-10-29 13:57:00,44.07,44.09,44.06,44.09,0,0,47897
12336,2020-10-29 13:58:00,44.09,44.1,44.07,44.08,0,0,75486
12337,2020-10-29 13:59:00,44.08,44.09,44.06,44.08,0,0,52543
12338,2020-10-29 14:00:00,44.08,44.13,44.08,44.1,0,0,112029
12339,2020-10-29 14:01:00,44.11,44.15,44.08,44.15,0,0,62484
12340,2020-10-29 14:02:00,44.14,44.19,44.13,44.19,0,0,98499
12341,2020-10-29 14:03:00,44.18,44.18,44.13,44.17,0,0,148976
12342,2020-10-29 14:04:00,44.17,44.19,44.14,44.17,0,0,87272
12343,2020-10-29 14:05:00,44.17,44.21,44.17,44.21,0,0,48585
12344,2020-10-29 14:06:00,44.21,44.23,44.19,44.22,0,0,56946
12345,2020-10-29 14:07:00,44.22,44.23,44.19,44.19,0,0,41699
12346,2020-10-29 14:08:00,44.19,44.21,44.16,44.2,0,0,127666
12347,2020-10-29 14:09:00,44.2,44.21,44.18,44.2,0,0,54423
12348,2020-10-29 14:10:00,44.2,44.22,44.19,44.21,0,0,41911
12349,2020-10-29 14:11:00,44.2,44.2,44.17,44.17,0,0,27870
12350,2020-10-29 14:12:00,44.17,44.18,44.16,44.17,0,0,34333
12351,2020-10-29 14:13:00,44.17,44.21,44.17,44.21,0,0,40798
12352,2020-10-29 14:14:00,44.2,44.22,44.2,44.21,0,0,33831
12353,2020-10-29 14:15:00,44.21,44.24,44.21,44.24,0,0,69577
12354,2020-10-29 14:16:00,44.24,44.25,44.22,44.22,0,0,77091
12355,2020-10-29 14:17:00,44.22,44.29,44.22,44.29,0,0,125615
12356,2020-10-29 14:18:00,44.29,44.32,44.28,44.3,0,0,128727
12357,2020-10-29 14:19:00,44.3,44.32,44.28,44.29,0,0,79146
12358,2020-10-29 14:20:00,44.28,44.29,44.27,44.28,0,0,86591
12359,2020-10-29 14:21:00,44.28,44.29,44.26,44.28,0,0,104798
12360,2020-10-29 14:22:00,44.28,44.29,44.27,44.28,0,0,52258
12361,2020-10-29 14:23:00,44.27,44.29,44.26,44.29,0,0,61935
12362,2020-10-29 14:24:00,44.3,44.32,44.27,44.29,0,0,142664
12363,2020-10-29 14:25:00,44.3,44.33,44.27,44.28,0,0,153560
12364,2020-10-29 14:26:00,44.28,44.31,44.28,44.3,0,0,67038
12365,2020-10-29 14:27:00,44.3,44.33,44.29,44.32,0,0,67755
12366,2020-10-29 14:28:00,44.33,44.35,44.31,44.34,0,0,46727
12367,2020-10-29 14:29:00,44.34,44.37,44.33,44.35,0,0,81192
12368,2020-10-29 14:30:00,44.35,44.36,44.31,44.32,0,0,106338
12369,2020-10-29 14:31:00,44.32,44.36,44.32,44.35,0,0,39796
12370,2020-10-29 14:32:00,44.35,44.36,44.34,44.35,0,0,42735
12371,2020-10-29 14:33:00,44.35,44.35,44.32,44.33,0,0,45334
12372,2020-10-29 14:34:00,44.33,44.38,44.33,44.38,0,0,39118
12373,2020-10-29 14:35:00,44.39,44.39,44.31,44.32,0,0,82903
12374,2020-10-29 14:36:00,44.32,44.33,44.29,44.29,0,0,56175
12375,2020-10-29 14:37:00,44.29,44.31,44.26,44.26,0,0,40035
12376,2020-10-29 14:38:00,44.27,44.3,44.27,44.28,0,0,43829
12377,2020-10-29 14:39:00,44.29,44.3,44.29,44.3,0,0,49496
12378,2020-10-29 14:40:00,44.3,44.3,44.28,44.29,0,0,77160
12379,2020-10-29 14:41:00,44.29,44.33,44.29,44.33,0,0,119995
12380,2020-10-29 14:42:00,44.33,44.34,44.31,44.31,0,0,49183
12381,2020-10-29 14:43:00,44.32,44.33,44.3,44.31,0,0,25549
12382,2020-10-29 14:44:00,44.31,44.34,44.31,44.32,0,0,27019
12383,2020-10-29 14:45:00,44.32,44.35,44.29,44.3,0,0,35546
12384,2020-10-29 14:46:00,44.3,44.31,44.26,44.26,0,0,76872
12385,2020-10-29 14:47:00,44.28,44.3,44.28,44.28,0,0,26638
12386,2020-10-29 14:48:00,44.29,44.31,44.28,44.31,0,0,19341
12387,2020-10-29 14:49:00,44.31,44.31,44.28,44.28,0,0,28670
12388,2020-10-29 14:50:00,44.28,44.31,44.28,44.3,0,0,39713
12389,2020-10-29 14:51:00,44.3,44.31,44.26,44.27,0,0,61741
12390,2020-10-29 14:52:00,44.28,44.28,44.26,44.28,0,0,134534
12391,2020-10-29 14:53:00,44.28,44.29,44.27,44.29,0,0,39117
12392,2020-10-29 14:54:00,44.29,44.32,44.28,44.31,0,0,31077
12393,2020-10-29 14:55:00,44.32,44.38,44.31,44.37,0,0,60780
12394,2020-10-29 14:56:00,44.37,44.4,44.37,44.4,0,0,59002
12395,2020-10-29 14:57:00,44.4,44.44,44.38,44.43,0,0,80909
12396,2020-10-29 14:58:00,44.43,44.44,44.38,44.38,0,0,79690
12397,2020-10-29 14:59:00,44.39,44.39,44.35,44.35,0,0,61498
12398,2020-10-29 15:00:00,44.36,44.37,44.32,44.34,0,0,72146
12399,2020-10-29 15:01:00,44.35,44.36,44.33,44.35,0,0,28771
12400,2020-10-29 15:02:00,44.36,44.36,44.33,44.33,0,0,114872
12401,2020-10-29 15:03:00,44.33,44.35,44.3,44.33,0,0,74046
12402,2020-10-29 15:04:00,44.33,44.36,44.33,44.34,0,0,113386
12403,2020-10-29 15:05:00,44.35,44.36,44.33,44.33,0,0,65088
12404,2020-10-29 15:06:00,44.33,44.36,44.33,44.34,0,0,42588
12405,2020-10-29 15:07:00,44.35,44.36,44.34,44.35,0,0,33191
12406,2020-10-29 15:08:00,44.35,44.36,44.34,44.35,0,0,34949
12407,2020-10-29 15:09:00,44.35,44.35,44.31,44.31,0,0,46422
12408,2020-10-29 15:10:00,44.31,44.34,44.3,44.31,0,0,47699
12409,2020-10-29 15:11:00,44.32,44.33,44.28,44.31,0,0,65701
12410,2020-10-29 15:12:00,44.31,44.31,44.27,44.31,0,0,101099
12411,2020-10-29 15:13:00,44.31,44.31,44.28,44.28,0,0,39177
12412,2020-10-29 15:14:00,44.28,44.28,44.26,44.26,0,0,50323
12413,2020-10-29 15:15:00,44.26,44.28,44.24,44.26,0,0,71866
12414,2020-10-29 15:16:00,44.26,44.27,44.21,44.22,0,0,44101
12415,2020-10-29 15:17:00,44.22,44.23,44.19,44.22,0,0,57328
12416,2020-10-29 15:18:00,44.22,44.24,44.22,44.24,0,0,33065
12417,2020-10-29 15:19:00,44.24,44.29,44.24,44.28,0,0,93902
12418,2020-10-29 15:20:00,44.27,44.3,44.25,44.29,0,0,46800
12419,2020-10-29 15:21:00,44.28,44.33,44.28,44.33,0,0,43122
12420,2020-10-29 15:22:00,44.33,44.34,44.31,44.33,0,0,93122
12421,2020-10-29 15:23:00,44.33,44.34,44.32,44.33,0,0,65508
12422,2020-10-29 15:24:00,44.33,44.36,44.33,44.34,0,0,45762
12423,2020-10-29 15:25:00,44.34,44.36,44.31,44.35,0,0,89295
12424,2020-10-29 15:26:00,44.35,44.4,44.34,44.36,0,0,85118
12425,2020-10-29 15:27:00,44.37,44.38,44.36,44.38,0,0,44820
12426,2020-10-29 15:28:00,44.38,44.38,44.35,44.36,0,0,49697
12427,2020-10-29 15:29:00,44.37,44.38,44.34,44.38,0,0,54905
12428,2020-10-29 15:30:00,44.38,44.4,44.36,44.4,0,0,55035
12429,2020-10-29 15:31:00,44.39,44.43,44.39,44.4,0,0,71654
12430,2020-10-29 15:32:00,44.4,44.42,44.36,44.37,0,0,133756
12431,2020-10-29 15:33:00,44.37,44.4,44.33,44.33,0,0,104581
12432,2020-10-29 15:34:00,44.34,44.35,44.33,44.33,0,0,69658
12433,2020-10-29 15:35:00,44.33,44.35,44.33,44.34,0,0,68792
12434,2020-10-29 15:36:00,44.35,44.35,44.33,44.33,0,0,63420
12435,2020-10-29 15:37:00,44.33,44.35,44.33,44.34,0,0,43213
12436,2020-10-29 15:38:00,44.34,44.35,44.33,44.35,0,0,51414
12437,2020-10-29 15:39:00,44.34,44.35,44.33,44.34,0,0,77204
12438,2020-10-29 15:40:00,44.34,44.35,44.33,44.33,0,0,50868
12439,2020-10-29 15:41:00,44.33,44.35,44.33,44.35,0,0,137499
12440,2020-10-29 15:42:00,44.35,44.38,44.31,44.33,0,0,87351
12441,2020-10-29 15:43:00,44.33,44.34,44.31,44.32,0,0,45989
12442,2020-10-29 15:44:00,44.32,44.35,44.31,44.33,0,0,61711
12443,2020-10-29 15:45:00,44.33,44.37,44.31,44.35,0,0,88576
12444,2020-10-29 15:46:00,44.35,44.38,44.33,44.37,0,0,206567
12445,2020-10-29 15:47:00,44.37,44.44,44.36,44.44,0,0,175720
12446,2020-10-29 15:48:00,44.44,44.45,44.41,44.44,0,0,111548
12447,2020-10-29 15:49:00,44.43,44.44,44.4,44.43,0,0,65732
12448,2020-10-29 15:50:00,44.42,44.46,44.36,44.38,0,0,224535
12449,2020-10-29 15:51:00,44.37,44.38,44.33,44.35,0,0,98335
12450,2020-10-29 15:52:00,44.35,44.42,44.35,44.42,0,0,386897
12451,2020-10-29 15:53:00,44.42,44.47,44.42,44.44,0,0,196282
12452,2020-10-29 15:54:00,44.44,44.45,44.38,44.4,0,0,277543
12453,2020-10-29 15:55:00,44.4,44.4,44.31,44.32,0,0,196856
12454,2020-10-29 15:56:00,44.31,44.32,44.26,44.28,0,0,168137
12455,2020-10-29 15:57:00,44.28,44.32,44.27,44.32,0,0,168324
12456,2020-10-29 15:58:00,44.31,44.32,44.26,44.27,0,0,249119
12457,2020-10-29 15:59:00,44.27,44.27,44.09,44.11,0,0,922468
12458,2020-10-30 09:30:00,44.1,44.13,44.02,44.08,0,0,964638
12459,2020-10-30 09:31:00,44.36,44.38,44.08,44.36,0,0,140645
12460,2020-10-30 09:32:00,44.39,44.5,44.36,44.45,0,0,197671
12461,2020-10-30 09:33:00,44.43,44.54,44.42,44.45,0,0,182555
12462,2020-10-30 09:34:00,44.45,44.52,44.43,44.45,0,0,167844
12463,2020-10-30 09:35:00,44.44,44.55,44.44,44.47,0,0,114945
12464,2020-10-30 09:36:00,44.5,44.57,44.49,44.56,0,0,137217
12465,2020-10-30 09:37:00,44.67,44.67,44.61,44.61,0,0,164844
12466,2020-10-30 09:38:00,44.62,44.67,44.61,44.65,0,0,152257
12467,2020-10-30 09:39:00,44.7,44.75,44.68,44.7,0,0,113651
12468,2020-10-30 09:40:00,44.68,44.7,44.63,44.64,0,0,119008
12469,2020-10-30 09:41:00,44.6,44.6,44.53,44.57,0,0,114268
12470,2020-10-30 09:42:00,44.58,44.64,44.58,44.6,0,0,97824
12471,2020-10-30 09:43:00,44.63,44.64,44.51,44.53,0,0,126237
12472,2020-10-30 09:44:00,44.52,44.53,44.52,44.52,0,0,95764
12473,2020-10-30 09:45:00,44.51,44.52,44.47,44.49,0,0,95928
12474,2020-10-30 09:46:00,44.53,44.62,44.51,44.61,0,0,99387
12475,2020-10-30 09:47:00,44.59,44.6,44.53,44.53,0,0,90282
12476,2020-10-30 09:48:00,44.5,44.56,44.49,44.51,0,0,102237
12477,2020-10-30 09:49:00,44.5,44.51,44.42,44.42,0,0,102264
12478,2020-10-30 09:50:00,44.43,44.47,44.4,44.47,0,0,85663
12479,2020-10-30 09:51:00,44.46,44.47,44.45,44.46,0,0,96420
12480,2020-10-30 09:52:00,44.42,44.43,44.35,44.38,0,0,135824
12481,2020-10-30 09:53:00,44.38,44.38,44.25,44.37,0,0,108245
12482,2020-10-30 09:54:00,44.34,44.37,44.33,44.35,0,0,78646
12483,2020-10-30 09:55:00,44.31,44.42,44.31,44.41,0,0,64801
12484,2020-10-30 09:56:00,44.39,44.42,44.39,44.41,0,0,69440
12485,2020-10-30 09:57:00,44.4,44.45,44.38,44.45,0,0,78518
12486,2020-10-30 09:58:00,44.46,44.5,44.45,44.49,0,0,83987
12487,2020-10-30 09:59:00,44.5,44.55,44.48,44.5,0,0,118002
12488,2020-10-30 10:00:00,44.52,44.53,44.46,44.49,0,0,108121
12489,2020-10-30 10:01:00,44.48,44.58,44.43,44.56,0,0,108732
12490,2020-10-30 10:02:00,44.55,44.61,44.49,44.61,0,0,101391
12491,2020-10-30 10:03:00,44.6,44.61,44.54,44.55,0,0,106860
12492,2020-10-30 10:04:00,44.56,44.64,44.52,44.64,0,0,91076
12493,2020-10-30 10:05:00,44.64,44.66,44.58,44.64,0,0,204934
12494,2020-10-30 10:06:00,44.64,44.68,44.62,44.67,0,0,90560
12495,2020-10-30 10:07:00,44.67,44.73,44.67,44.71,0,0,193765
12496,2020-10-30 10:08:00,44.7,44.74,44.69,44.73,0,0,156098
12497,2020-10-30 10:09:00,44.73,44.77,44.72,44.76,0,0,141439
12498,2020-10-30 10:10:00,44.75,44.79,44.73,44.74,0,0,114483
12499,2020-10-30 10:11:00,44.73,44.75,44.64,44.69,0,0,144835
12500,2020-10-30 10:12:00,44.68,44.7,44.65,44.67,0,0,85178
12501,2020-10-30 10:13:00,44.69,44.69,44.59,44.6,0,0,119458
12502,2020-10-30 10:14:00,44.6,44.62,44.56,44.6,0,0,71961
12503,2020-10-30 10:15:00,44.59,44.65,44.54,44.65,0,0,68639
12504,2020-10-30 10:16:00,44.65,44.65,44.58,44.61,0,0,53916
12505,2020-10-30 10:17:00,44.61,44.62,44.58,44.62,0,0,51862
12506,2020-10-30 10:18:00,44.62,44.62,44.54,44.56,0,0,82723
12507,2020-10-30 10:19:00,44.57,44.6,44.54,44.56,0,0,54834
12508,2020-10-30 10:20:00,44.55,44.56,44.5,44.5,0,0,64671
12509,2020-10-30 10:21:00,44.5,44.51,44.44,44.46,0,0,94452
12510,2020-10-30 10:22:00,44.46,44.53,44.44,44.52,0,0,79749
12511,2020-10-30 10:23:00,44.52,44.55,44.48,44.5,0,0,256562
12512,2020-10-30 10:24:00,44.49,44.51,44.43,44.44,0,0,52698
12513,2020-10-30 10:25:00,44.43,44.45,44.4,44.42,0,0,57578
12514,2020-10-30 10:26:00,44.41,44.49,44.41,44.46,0,0,132957
12515,2020-10-30 10:27:00,44.46,44.52,44.45,44.48,0,0,43504
12516,2020-10-30 10:28:00,44.48,44.49,44.45,44.47,0,0,53063
12517,2020-10-30 10:29:00,44.47,44.47,44.36,44.42,0,0,89581
12518,2020-10-30 10:30:00,44.42,44.42,44.35,44.35,0,0,73672
12519,2020-10-30 10:31:00,44.35,44.39,44.34,44.35,0,0,64234
12520,2020-10-30 10:32:00,44.35,44.35,44.26,44.31,0,0,109462
12521,2020-10-30 10:33:00,44.32,44.33,44.29,44.33,0,0,59288
12522,2020-10-30 10:34:00,44.33,44.33,44.26,44.28,0,0,134799
12523,2020-10-30 10:35:00,44.28,44.3,44.21,44.26,0,0,80494
12524,2020-10-30 10:36:00,44.26,44.26,44.21,44.24,0,0,99001
12525,2020-10-30 10:37:00,44.23,44.33,44.23,44.33,0,0,72686
12526,2020-10-30 10:38:00,44.32,44.34,44.27,44.33,0,0,78655
12527,2020-10-30 10:39:00,44.33,44.34,44.28,44.31,0,0,55456
12528,2020-10-30 10:40:00,44.3,44.3,44.23,44.25,0,0,79611
12529,2020-10-30 10:41:00,44.24,44.28,44.22,44.26,0,0,73661
12530,2020-10-30 10:42:00,44.26,44.26,44.21,44.24,0,0,78318
12531,2020-10-30 10:43:00,44.25,44.31,44.16,44.17,0,0,156636
12532,2020-10-30 10:44:00,44.18,44.25,44.18,44.22,0,0,63475
12533,2020-10-30 10:45:00,44.22,44.24,44.19,44.24,0,0,102692
12534,2020-10-30 10:46:00,44.23,44.26,44.18,44.21,0,0,74210
12535,2020-10-30 10:47:00,44.23,44.23,44.1,44.1,0,0,148947
12536,2020-10-30 10:48:00,44.1,44.15,44.1,44.12,0,0,172376
12537,2020-10-30 10:49:00,44.13,44.15,44.12,44.13,0,0,76460
12538,2020-10-30 10:50:00,44.13,44.16,44.11,44.13,0,0,111360
12539,2020-10-30 10:51:00,44.13,44.15,44.1,44.12,0,0,288636
12540,2020-10-30 10:52:00,44.12,44.16,44.1,44.12,0,0,123263
12541,2020-10-30 10:53:00,44.13,44.17,44.1,44.17,0,0,240821
12542,2020-10-30 10:54:00,44.17,44.21,44.15,44.19,0,0,68343
12543,2020-10-30 10:55:00,44.19,44.24,44.17,44.22,0,0,157395
12544,2020-10-30 10:56:00,44.22,44.22,44.16,44.22,0,0,80405
12545,2020-10-30 10:57:00,44.22,44.24,44.16,44.17,0,0,57773
12546,2020-10-30 10:58:00,44.17,44.2,44.12,44.13,0,0,115177
12547,2020-10-30 10:59:00,44.13,44.15,44.07,44.08,0,0,327357
12548,2020-10-30 11:00:00,44.07,44.33,44.07,44.33,0,0,232616
12549,2020-10-30 11:01:00,44.32,44.33,44.21,44.22,0,0,82145
12550,2020-10-30 11:02:00,44.21,44.27,44.17,44.27,0,0,54450
12551,2020-10-30 11:03:00,44.28,44.29,44.24,44.25,0,0,60604
12552,2020-10-30 11:04:00,44.25,44.31,44.22,44.26,0,0,55594
12553,2020-10-30 11:05:00,44.26,44.3,44.22,44.28,0,0,42220
12554,2020-10-30 11:06:00,44.29,44.3,44.25,44.28,0,0,41729
12555,2020-10-30 11:07:00,44.28,44.29,44.23,44.24,0,0,47382
12556,2020-10-30 11:08:00,44.23,44.29,44.23,44.26,0,0,57879
12557,2020-10-30 11:09:00,44.26,44.28,44.16,44.17,0,0,79338
12558,2020-10-30 11:10:00,44.16,44.23,44.16,44.17,0,0,116283
12559,2020-10-30 11:11:00,44.17,44.26,44.17,44.24,0,0,54105
12560,2020-10-30 11:12:00,44.24,44.27,44.2,44.24,0,0,55583
12561,2020-10-30 11:13:00,44.25,44.33,44.25,44.28,0,0,89907
12562,2020-10-30 11:14:00,44.28,44.38,44.25,44.37,0,0,111007
12563,2020-10-30 11:15:00,44.37,44.38,44.32,44.34,0,0,70200
12564,2020-10-30 11:16:00,44.35,44.37,44.3,44.3,0,0,55403
12565,2020-10-30 11:17:00,44.31,44.31,44.27,44.27,0,0,94090
12566,2020-10-30 11:18:00,44.28,44.29,44.22,44.22,0,0,76011
12567,2020-10-30 11:19:00,44.22,44.29,44.2,44.26,0,0,75733
12568,2020-10-30 11:20:00,44.25,44.26,44.23,44.23,0,0,112500
12569,2020-10-30 11:21:00,44.23,44.3,44.2,44.28,0,0,112461
12570,2020-10-30 11:22:00,44.29,44.32,44.25,44.26,0,0,68496
12571,2020-10-30 11:23:00,44.25,44.33,44.25,44.28,0,0,133364
12572,2020-10-30 11:24:00,44.28,44.3,44.21,44.24,0,0,75402
12573,2020-10-30 11:25:00,44.24,44.25,44.19,44.2,0,0,113567
12574,2020-10-30 11:26:00,44.19,44.22,44.17,44.18,0,0,102410
12575,2020-10-30 11:27:00,44.19,44.19,44.09,44.11,0,0,225822
12576,2020-10-30 11:28:00,44.11,44.17,44.09,44.1,0,0,377407
12577,2020-10-30 11:29:00,44.1,44.11,44.02,44.03,0,0,255619
12578,2020-10-30 11:30:00,44.03,44.04,43.96,44.01,0,0,263232
12579,2020-10-30 11:31:00,44.01,44.01,43.94,43.97,0,0,88109
12580,2020-10-30 11:32:00,43.97,44.01,43.94,43.94,0,0,59963
12581,2020-10-30 11:33:00,43.94,43.94,43.9,43.92,0,0,96570
12582,2020-10-30 11:34:00,43.91,43.97,43.91,43.94,0,0,62926
12583,2020-10-30 11:35:00,43.94,44.01,43.94,43.99,0,0,55770
12584,2020-10-30 11:36:00,43.99,44.0,43.96,44.0,0,0,41155
12585,2020-10-30 11:37:00,43.99,44.01,43.96,43.98,0,0,49133
12586,2020-10-30 11:38:00,43.97,43.98,43.87,43.9,0,0,158074
12587,2020-10-30 11:39:00,43.91,43.98,43.89,43.91,0,0,125204
12588,2020-10-30 11:40:00,43.91,43.92,43.85,43.88,0,0,120861
12589,2020-10-30 11:41:00,43.88,43.89,43.78,43.83,0,0,283875
12590,2020-10-30 11:42:00,43.84,43.85,43.83,43.85,0,0,39077
12591,2020-10-30 11:43:00,43.85,43.92,43.84,43.92,0,0,119926
12592,2020-10-30 11:44:00,43.92,44.01,43.9,44.01,0,0,45338
12593,2020-10-30 11:45:00,44.01,44.01,43.9,43.93,0,0,71986
12594,2020-10-30 11:46:00,43.93,43.94,43.88,43.89,0,0,78051
12595,2020-10-30 11:47:00,43.89,43.94,43.84,43.91,0,0,153368
12596,2020-10-30 11:48:00,43.91,44.0,43.9,43.97,0,0,46145
12597,2020-10-30 11:49:00,43.97,44.04,43.97,44.03,0,0,34047
12598,2020-10-30 11:50:00,44.02,44.06,44.0,44.04,0,0,170261
12599,2020-10-30 11:51:00,44.03,44.05,44.0,44.04,0,0,61034
12600,2020-10-30 11:52:00,44.04,44.05,44.01,44.03,0,0,79593
12601,2020-10-30 11:53:00,44.03,44.06,44.02,44.05,0,0,49046
12602,2020-10-30 11:54:00,44.04,44.05,43.98,44.05,0,0,168069
12603,2020-10-30 11:55:00,44.02,44.02,43.97,43.99,0,0,120824
12604,2020-10-30 11:56:00,43.99,43.99,43.94,43.98,0,0,49825
12605,2020-10-30 11:57:00,43.98,44.0,43.95,44.0,0,0,69324
12606,2020-10-30 11:58:00,44.0,44.0,43.95,43.99,0,0,40021
12607,2020-10-30 11:59:00,44.0,44.02,43.97,44.01,0,0,93818
12608,2020-10-30 12:00:00,44.0,44.05,43.97,44.02,0,0,61909
12609,2020-10-30 12:01:00,44.01,44.07,44.01,44.05,0,0,128386
12610,2020-10-30 12:02:00,44.04,44.1,44.03,44.09,0,0,1028933
12611,2020-10-30 12:03:00,44.1,44.11,44.09,44.11,0,0,158816
12612,2020-10-30 12:04:00,44.1,44.14,44.1,44.12,0,0,129735
12613,2020-10-30 12:05:00,44.12,44.14,44.09,44.13,0,0,68571
12614,2020-10-30 12:06:00,44.14,44.16,44.1,44.1,0,0,117862
12615,2020-10-30 12:07:00,44.1,44.14,44.09,44.09,0,0,84453
12616,2020-10-30 12:08:00,44.1,44.1,44.06,44.06,0,0,57402
12617,2020-10-30 12:09:00,44.07,44.1,44.07,44.08,0,0,42736
12618,2020-10-30 12:10:00,44.09,44.1,44.06,44.1,0,0,56586
12619,2020-10-30 12:11:00,44.09,44.1,44.07,44.1,0,0,28195
12620,2020-10-30 12:12:00,44.1,44.1,44.06,44.1,0,0,45926
12621,2020-10-30 12:13:00,44.1,44.13,44.08,44.09,0,0,57653
12622,2020-10-30 12:14:00,44.1,44.12,44.09,44.09,0,0,37692
12623,2020-10-30 12:15:00,44.09,44.12,44.08,44.11,0,0,66231
12624,2020-10-30 12:16:00,44.11,44.12,44.09,44.1,0,0,81412
12625,2020-10-30 12:17:00,44.1,44.13,44.1,44.12,0,0,51935
12626,2020-10-30 12:18:00,44.12,44.19,44.1,44.17,0,0,101904
12627,2020-10-30 12:19:00,44.17,44.17,44.12,44.13,0,0,123073
12628,2020-10-30 12:20:00,44.12,44.13,44.11,44.13,0,0,54983
12629,2020-10-30 12:21:00,44.12,44.13,44.11,44.11,0,0,65799
12630,2020-10-30 12:22:00,44.11,44.12,44.1,44.1,0,0,39519
12631,2020-10-30 12:23:00,44.1,44.12,44.09,44.11,0,0,62746
12632,2020-10-30 12:24:00,44.11,44.14,44.11,44.13,0,0,46370
12633,2020-10-30 12:25:00,44.13,44.13,44.11,44.12,0,0,29974
12634,2020-10-30 12:26:00,44.13,44.17,44.12,44.17,0,0,96482
12635,2020-10-30 12:27:00,44.17,44.19,44.12,44.15,0,0,132325
12636,2020-10-30 12:28:00,44.15,44.15,44.13,44.15,0,0,102120
12637,2020-10-30 12:29:00,44.15,44.15,44.13,44.14,0,0,46579
12638,2020-10-30 12:30:00,44.14,44.15,44.11,44.13,0,0,59749
12639,2020-10-30 12:31:00,44.14,44.15,44.11,44.11,0,0,45250
12640,2020-10-30 12:32:00,44.12,44.14,44.09,44.09,0,0,100147
12641,2020-10-30 12:33:00,44.08,44.09,44.05,44.09,0,0,35036
12642,2020-10-30 12:34:00,44.08,44.08,44.04,44.06,0,0,56690
12643,2020-10-30 12:35:00,44.06,44.08,44.03,44.06,0,0,74157
12644,2020-10-30 12:36:00,44.06,44.07,44.04,44.04,0,0,78115
12645,2020-10-30 12:37:00,44.05,44.09,44.02,44.08,0,0,69959
12646,2020-10-30 12:38:00,44.08,44.08,44.04,44.06,0,0,34660
12647,2020-10-30 12:39:00,44.06,44.07,44.03,44.05,0,0,37390
12648,2020-10-30 12:40:00,44.05,44.06,44.04,44.06,0,0,23101
12649,2020-10-30 12:41:00,44.06,44.06,44.04,44.06,0,0,38718
12650,2020-10-30 12:42:00,44.06,44.06,44.04,44.04,0,0,31148
12651,2020-10-30 12:43:00,44.04,44.06,44.03,44.04,0,0,34928
12652,2020-10-30 12:44:00,44.04,44.06,44.03,44.03,0,0,34321
12653,2020-10-30 12:45:00,44.03,44.05,43.99,44.0,0,0,114264
12654,2020-10-30 12:46:00,44.0,44.01,43.99,44.01,0,0,33570
12655,2020-10-30 12:47:00,44.0,44.05,44.0,44.04,0,0,54332
12656,2020-10-30 12:48:00,44.04,44.05,44.02,44.05,0,0,48148
12657,2020-10-30 12:49:00,44.04,44.05,44.0,44.01,0,0,60376
12658,2020-10-30 12:50:00,44.01,44.01,43.96,43.98,0,0,51669
12659,2020-10-30 12:51:00,43.97,43.98,43.96,43.98,0,0,38661
12660,2020-10-30 12:52:00,43.98,44.01,43.98,43.99,0,0,31613
12661,2020-10-30 12:53:00,44.0,44.02,43.98,44.02,0,0,46181
12662,2020-10-30 12:54:00,44.02,44.02,43.99,43.99,0,0,44031
12663,2020-10-30 12:55:00,44.0,44.01,43.96,43.97,0,0,32351
12664,2020-10-30 12:56:00,43.97,43.98,43.95,43.95,0,0,32260
12665,2020-10-30 12:57:00,43.95,43.97,43.93,43.97,0,0,61181
12666,2020-10-30 12:58:00,43.97,43.98,43.95,43.96,0,0,31712
12667,2020-10-30 12:59:00,43.96,43.97,43.95,43.96,0,0,24029
12668,2020-10-30 13:00:00,43.95,43.97,43.92,43.97,0,0,60172
12669,2020-10-30 13:01:00,43.97,44.01,43.97,44.01,0,0,40718
12670,2020-10-30 13:02:00,44.01,44.01,43.97,43.97,0,0,47441
12671,2020-10-30 13:03:00,43.97,43.98,43.96,43.97,0,0,23470
12672,2020-10-30 13:04:00,43.97,43.99,43.95,43.96,0,0,36526
12673,2020-10-30 13:05:00,43.95,43.95,43.91,43.92,0,0,62287
12674,2020-10-30 13:06:00,43.91,43.92,43.9,43.92,0,0,34990
12675,2020-10-30 13:07:00,43.91,43.94,43.9,43.93,0,0,278670
12676,2020-10-30 13:08:00,43.93,43.94,43.91,43.94,0,0,32095
12677,2020-10-30 13:09:00,43.93,43.95,43.92,43.94,0,0,37388
12678,2020-10-30 13:10:00,43.95,43.95,43.9,43.9,0,0,154942
12679,2020-10-30 13:11:00,43.91,43.94,43.88,43.94,0,0,433924
12680,2020-10-30 13:12:00,43.94,43.96,43.93,43.94,0,0,72864
12681,2020-10-30 13:13:00,43.95,43.98,43.95,43.97,0,0,61026
12682,2020-10-30 13:14:00,43.97,43.97,43.93,43.93,0,0,40833
12683,2020-10-30 13:15:00,43.93,43.96,43.92,43.94,0,0,80239
12684,2020-10-30 13:16:00,43.94,43.95,43.9,43.92,0,0,53917
12685,2020-10-30 13:17:00,43.92,43.95,43.92,43.95,0,0,44485
12686,2020-10-30 13:18:00,43.94,43.99,43.94,43.97,0,0,41975
12687,2020-10-30 13:19:00,43.97,43.98,43.96,43.97,0,0,29839
12688,2020-10-30 13:20:00,43.96,43.97,43.92,43.97,0,0,66652
12689,2020-10-30 13:21:00,43.96,43.97,43.94,43.96,0,0,39268
12690,2020-10-30 13:22:00,43.96,43.97,43.94,43.97,0,0,39108
12691,2020-10-30 13:23:00,43.97,43.99,43.96,43.97,0,0,35219
12692,2020-10-30 13:24:00,43.97,43.99,43.96,43.98,0,0,46182
12693,2020-10-30 13:25:00,43.99,43.99,43.95,43.96,0,0,31607
12694,2020-10-30 13:26:00,43.96,43.96,43.92,43.96,0,0,49597
12695,2020-10-30 13:27:00,43.95,43.95,43.92,43.94,0,0,37148
12696,2020-10-30 13:28:00,43.95,44.03,43.95,43.97,0,0,102867
12697,2020-10-30 13:29:00,43.98,44.0,43.95,43.99,0,0,64371
12698,2020-10-30 13:30:00,43.99,44.01,43.95,43.98,0,0,200683
12699,2020-10-30 13:31:00,43.99,43.99,43.95,43.98,0,0,26211
12700,2020-10-30 13:32:00,43.97,43.99,43.95,43.97,0,0,40614
12701,2020-10-30 13:33:00,43.97,43.97,43.91,43.92,0,0,55683
12702,2020-10-30 13:34:00,43.92,43.93,43.91,43.92,0,0,18606
12703,2020-10-30 13:35:00,43.92,43.94,43.9,43.91,0,0,53497
12704,2020-10-30 13:36:00,43.9,43.9,43.84,43.84,0,0,75783
12705,2020-10-30 13:37:00,43.84,43.85,43.82,43.83,0,0,41415
12706,2020-10-30 13:38:00,43.83,43.83,43.81,43.82,0,0,38967
12707,2020-10-30 13:39:00,43.82,43.88,43.81,43.87,0,0,56355
12708,2020-10-30 13:40:00,43.87,43.88,43.84,43.86,0,0,41335
12709,2020-10-30 13:41:00,43.85,43.89,43.85,43.85,0,0,43469
12710,2020-10-30 13:42:00,43.85,43.89,43.85,43.87,0,0,60618
12711,2020-10-30 13:43:00,43.86,43.87,43.83,43.84,0,0,32939
12712,2020-10-30 13:44:00,43.85,43.87,43.84,43.85,0,0,41219
12713,2020-10-30 13:45:00,43.85,43.88,43.84,43.85,0,0,46682
12714,2020-10-30 13:46:00,43.85,43.86,43.82,43.82,0,0,103371
12715,2020-10-30 13:47:00,43.82,43.87,43.81,43.86,0,0,61341
12716,2020-10-30 13:48:00,43.87,43.9,43.85,43.9,0,0,49769
12717,2020-10-30 13:49:00,43.9,43.9,43.86,43.88,0,0,66129
12718,2020-10-30 13:50:00,43.88,43.91,43.88,43.91,0,0,60662
12719,2020-10-30 13:51:00,43.9,43.91,43.85,43.86,0,0,41112
12720,2020-10-30 13:52:00,43.85,43.86,43.82,43.82,0,0,76810
12721,2020-10-30 13:53:00,43.83,43.83,43.78,43.79,0,0,157045
12722,2020-10-30 13:54:00,43.8,43.82,43.78,43.79,0,0,68062
12723,2020-10-30 13:55:00,43.79,43.86,43.79,43.85,0,0,78781
12724,2020-10-30 13:56:00,43.85,43.85,43.78,43.78,0,0,65393
12725,2020-10-30 13:57:00,43.78,43.81,43.77,43.79,0,0,84458
12726,2020-10-30 13:58:00,43.8,43.85,43.79,43.82,0,0,65106
12727,2020-10-30 13:59:00,43.83,43.83,43.81,43.83,0,0,68453
12728,2020-10-30 14:00:00,43.82,43.84,43.78,43.79,0,0,61496
12729,2020-10-30 14:01:00,43.79,43.83,43.79,43.83,0,0,45572
12730,2020-10-30 14:02:00,43.83,43.87,43.82,43.83,0,0,72569
12731,2020-10-30 14:03:00,43.83,43.85,43.81,43.83,0,0,65815
12732,2020-10-30 14:04:00,43.83,43.87,43.81,43.85,0,0,105129
12733,2020-10-30 14:05:00,43.85,43.89,43.83,43.88,0,0,179049
12734,2020-10-30 14:06:00,43.88,43.92,43.87,43.87,0,0,119904
12735,2020-10-30 14:07:00,43.87,43.91,43.86,43.88,0,0,167632
12736,2020-10-30 14:08:00,43.88,43.9,43.86,43.89,0,0,48441
12737,2020-10-30 14:09:00,43.88,43.95,43.88,43.93,0,0,58934
12738,2020-10-30 14:10:00,43.93,43.96,43.92,43.94,0,0,40565
12739,2020-10-30 14:11:00,43.94,43.95,43.88,43.9,0,0,74822
12740,2020-10-30 14:12:00,43.91,43.92,43.88,43.89,0,0,68198
12741,2020-10-30 14:13:00,43.89,43.89,43.83,43.83,0,0,39125
12742,2020-10-30 14:14:00,43.84,43.85,43.82,43.83,0,0,32709
12743,2020-10-30 14:15:00,43.82,43.83,43.78,43.81,0,0,69313
12744,2020-10-30 14:16:00,43.8,43.84,43.78,43.79,0,0,70936
12745,2020-10-30 14:17:00,43.79,43.83,43.79,43.83,0,0,33730
12746,2020-10-30 14:18:00,43.83,43.86,43.83,43.85,0,0,33876
12747,2020-10-30 14:19:00,43.85,43.86,43.83,43.85,0,0,31336
12748,2020-10-30 14:20:00,43.85,43.86,43.83,43.86,0,0,47515
12749,2020-10-30 14:21:00,43.85,43.85,43.81,43.83,0,0,44169
12750,2020-10-30 14:22:00,43.83,43.86,43.8,43.85,0,0,48946
12751,2020-10-30 14:23:00,43.85,43.85,43.83,43.83,0,0,35779
12752,2020-10-30 14:24:00,43.84,43.85,43.77,43.77,0,0,63873
12753,2020-10-30 14:25:00,43.78,43.79,43.74,43.75,0,0,155050
12754,2020-10-30 14:26:00,43.76,43.76,43.71,43.72,0,0,101626
12755,2020-10-30 14:27:00,43.72,43.73,43.7,43.72,0,0,37209
12756,2020-10-30 14:28:00,43.72,43.72,43.68,43.69,0,0,99046
12757,2020-10-30 14:29:00,43.69,43.7,43.67,43.69,0,0,76097
12758,2020-10-30 14:30:00,43.69,43.71,43.67,43.69,0,0,82880
12759,2020-10-30 14:31:00,43.69,43.7,43.68,43.69,0,0,33216
12760,2020-10-30 14:32:00,43.69,43.7,43.68,43.69,0,0,33905
12761,2020-10-30 14:33:00,43.68,43.7,43.63,43.67,0,0,138106
12762,2020-10-30 14:34:00,43.67,43.71,43.67,43.7,0,0,42980
12763,2020-10-30 14:35:00,43.69,43.69,43.67,43.68,0,0,33838
12764,2020-10-30 14:36:00,43.68,43.69,43.66,43.67,0,0,33852
12765,2020-10-30 14:37:00,43.68,43.73,43.68,43.72,0,0,59672
12766,2020-10-30 14:38:00,43.72,43.81,43.72,43.79,0,0,96035
12767,2020-10-30 14:39:00,43.79,43.79,43.74,43.75,0,0,70639
12768,2020-10-30 14:40:00,43.75,43.76,43.7,43.72,0,0,50647
12769,2020-10-30 14:41:00,43.72,43.74,43.71,43.72,0,0,44984
12770,2020-10-30 14:42:00,43.72,43.72,43.63,43.63,0,0,155057
12771,2020-10-30 14:43:00,43.64,43.65,43.62,43.63,0,0,81101
12772,2020-10-30 14:44:00,43.63,43.65,43.63,43.65,0,0,79616
12773,2020-10-30 14:45:00,43.65,43.65,43.61,43.64,0,0,111251
12774,2020-10-30 14:46:00,43.64,43.74,43.64,43.74,0,0,133338
12775,2020-10-30 14:47:00,43.74,43.76,43.71,43.76,0,0,76430
12776,2020-10-30 14:48:00,43.75,43.75,43.71,43.74,0,0,105199
12777,2020-10-30 14:49:00,43.74,43.74,43.7,43.73,0,0,111810
12778,2020-10-30 14:50:00,43.74,43.74,43.66,43.69,0,0,71446
12779,2020-10-30 14:51:00,43.69,43.73,43.67,43.72,0,0,57310
12780,2020-10-30 14:52:00,43.72,43.72,43.68,43.7,0,0,45531
12781,2020-10-30 14:53:00,43.71,43.73,43.69,43.72,0,0,94057
12782,2020-10-30 14:54:00,43.72,43.74,43.71,43.72,0,0,46084
12783,2020-10-30 14:55:00,43.73,43.76,43.7,43.76,0,0,43366
12784,2020-10-30 14:56:00,43.76,43.77,43.74,43.74,0,0,41510
12785,2020-10-30 14:57:00,43.74,43.79,43.74,43.77,0,0,67786
12786,2020-10-30 14:58:00,43.77,43.78,43.76,43.77,0,0,54775
12787,2020-10-30 14:59:00,43.78,43.78,43.69,43.72,0,0,102629
12788,2020-10-30 15:00:00,43.71,43.74,43.67,43.7,0,0,102834
12789,2020-10-30 15:01:00,43.69,43.79,43.69,43.72,0,0,104950
12790,2020-10-30 15:02:00,43.72,43.77,43.71,43.74,0,0,99704
12791,2020-10-30 15:03:00,43.74,43.75,43.7,43.71,0,0,90461
12792,2020-10-30 15:04:00,43.7,43.78,43.69,43.78,0,0,61682
12793,2020-10-30 15:05:00,43.78,43.82,43.75,43.76,0,0,88245
12794,2020-10-30 15:06:00,43.76,43.78,43.72,43.78,0,0,50348
12795,2020-10-30 15:07:00,43.78,43.81,43.76,43.79,0,0,39557
12796,2020-10-30 15:08:00,43.79,43.84,43.78,43.83,0,0,46616
12797,2020-10-30 15:09:00,43.83,43.83,43.78,43.81,0,0,44445
12798,2020-10-30 15:10:00,43.81,43.85,43.81,43.85,0,0,79656
12799,2020-10-30 15:11:00,43.85,43.91,43.85,43.86,0,0,258066
12800,2020-10-30 15:12:00,43.86,43.88,43.84,43.88,0,0,69442
12801,2020-10-30 15:13:00,43.87,43.88,43.84,43.86,0,0,148864
12802,2020-10-30 15:14:00,43.85,43.91,43.85,43.9,0,0,162684
12803,2020-10-30 15:15:00,43.89,43.96,43.87,43.94,0,0,94401
12804,2020-10-30 15:16:00,43.94,43.97,43.9,43.94,0,0,181694
12805,2020-10-30 15:17:00,43.94,43.94,43.89,43.91,0,0,68317
12806,2020-10-30 15:18:00,43.92,43.94,43.91,43.94,0,0,46463
12807,2020-10-30 15:19:00,43.94,43.97,43.94,43.95,0,0,77064
12808,2020-10-30 15:20:00,43.94,44.02,43.93,44.01,0,0,90898
12809,2020-10-30 15:21:00,44.01,44.01,43.98,44.0,0,0,120238
12810,2020-10-30 15:22:00,44.0,44.03,43.97,43.99,0,0,132357
12811,2020-10-30 15:23:00,43.99,44.0,43.95,43.97,0,0,99775
12812,2020-10-30 15:24:00,43.97,44.03,43.97,44.01,0,0,95211
12813,2020-10-30 15:25:00,44.01,44.03,43.98,43.98,0,0,168742
12814,2020-10-30 15:26:00,43.97,43.97,43.93,43.94,0,0,96387
12815,2020-10-30 15:27:00,43.94,43.97,43.91,43.92,0,0,127582
12816,2020-10-30 15:28:00,43.91,43.92,43.89,43.91,0,0,63777
12817,2020-10-30 15:29:00,43.9,43.91,43.88,43.88,0,0,57934
12818,2020-10-30 15:30:00,43.88,43.93,43.88,43.9,0,0,108505
12819,2020-10-30 15:31:00,43.9,43.9,43.83,43.83,0,0,125317
12820,2020-10-30 15:32:00,43.83,43.87,43.81,43.81,0,0,158716
12821,2020-10-30 15:33:00,43.82,43.84,43.81,43.83,0,0,72121
12822,2020-10-30 15:34:00,43.83,43.87,43.83,43.84,0,0,56823
12823,2020-10-30 15:35:00,43.85,43.85,43.81,43.82,0,0,66660
12824,2020-10-30 15:36:00,43.82,43.83,43.81,43.82,0,0,94218
12825,2020-10-30 15:37:00,43.81,43.82,43.75,43.76,0,0,155369
12826,2020-10-30 15:38:00,43.77,43.81,43.76,43.81,0,0,59457
12827,2020-10-30 15:39:00,43.81,43.87,43.81,43.86,0,0,77716
12828,2020-10-30 15:40:00,43.87,43.9,43.85,43.86,0,0,100164
12829,2020-10-30 15:41:00,43.86,43.96,43.86,43.94,0,0,77471
12830,2020-10-30 15:42:00,43.94,43.99,43.93,43.97,0,0,69000
12831,2020-10-30 15:43:00,43.96,43.99,43.94,43.96,0,0,81647
12832,2020-10-30 15:44:00,43.97,44.04,43.97,44.03,0,0,106940
12833,2020-10-30 15:45:00,44.04,44.13,44.04,44.1,0,0,123912
12834,2020-10-30 15:46:00,44.1,44.1,44.03,44.04,0,0,84806
12835,2020-10-30 15:47:00,44.03,44.04,43.99,43.99,0,0,105963
12836,2020-10-30 15:48:00,43.99,43.99,43.94,43.97,0,0,95582
12837,2020-10-30 15:49:00,43.97,44.03,43.94,43.99,0,0,154199
12838,2020-10-30 15:50:00,43.99,44.08,43.99,44.08,0,0,190892
12839,2020-10-30 15:51:00,44.08,44.1,44.05,44.08,0,0,169655
12840,2020-10-30 15:52:00,44.07,44.08,44.02,44.06,0,0,137985
12841,2020-10-30 15:53:00,44.05,44.06,44.01,44.06,0,0,165905
12842,2020-10-30 15:54:00,44.06,44.13,44.02,44.03,0,0,293614
12843,2020-10-30 15:55:00,44.02,44.11,44.01,44.09,0,0,200386
12844,2020-10-30 15:56:00,44.09,44.12,44.08,44.1,0,0,216749
12845,2020-10-30 15:57:00,44.1,44.16,44.09,44.11,0,0,191594
12846,2020-10-30 15:58:00,44.1,44.15,44.09,44.11,0,0,531805
12847,2020-10-30 15:59:00,44.12,44.31,44.11,44.29,0,0,1020270
