,Datetime,Open,High,Low,Close,Stock Splits,Dividends,Volume
0,2020-09-15 09:30:00,39.19,39.3,39.12,39.2,0,0,46042
1,2020-09-15 09:31:00,39.17,39.2,38.97,39.02,0,0,173004
2,2020-09-15 09:32:00,39.01,39.06,38.97,38.99,0,0,50833
3,2020-09-15 09:33:00,38.98,39.09,38.95,39.03,0,0,25240
4,2020-09-15 09:34:00,39.03,39.05,38.85,38.85,0,0,68652
5,2020-09-15 09:35:00,38.84,38.92,38.81,38.91,0,0,47299
6,2020-09-15 09:36:00,38.92,39.03,38.9,38.9,0,0,34707
7,2020-09-15 09:37:00,38.9,38.99,38.89,38.98,0,0,51368
8,2020-09-15 09:38:00,38.97,39.01,38.86,38.88,0,0,38086
9,2020-09-15 09:39:00,38.9,39.04,38.88,39.02,0,0,43106
10,2020-09-15 09:40:00,39.02,39.05,38.95,39.01,0,0,49505
11,2020-09-15 09:41:00,39.02,39.1,39.02,39.1,0,0,40515
12,2020-09-15 09:42:00,39.12,39.15,39.09,39.15,0,0,47118
13,2020-09-15 09:43:00,39.13,39.17,39.1,39.14,0,0,39865
14,2020-09-15 09:44:00,39.13,39.15,39.07,39.07,0,0,22104
15,2020-09-15 09:45:00,39.06,39.09,39.01,39.06,0,0,27575
16,2020-09-15 09:46:00,39.05,39.06,38.98,39.01,0,0,17288
17,2020-09-15 09:47:00,39.01,39.03,38.97,39.03,0,0,21688
18,2020-09-15 09:48:00,39.03,39.04,38.96,38.98,0,0,20329
19,2020-09-15 09:49:00,38.98,39.03,38.97,39.02,0,0,19848
20,2020-09-15 09:50:00,39.02,39.05,38.9,38.93,0,0,62981
21,2020-09-15 09:51:00,38.92,38.92,38.81,38.81,0,0,68370
22,2020-09-15 09:52:00,38.82,38.86,38.8,38.85,0,0,49721
23,2020-09-15 09:53:00,38.84,38.85,38.77,38.77,0,0,34741
24,2020-09-15 09:54:00,38.77,38.84,38.77,38.83,0,0,37374
25,2020-09-15 09:55:00,38.83,38.86,38.79,38.82,0,0,35999
26,2020-09-15 09:56:00,38.8,38.83,38.78,38.79,0,0,23960
27,2020-09-15 09:57:00,38.78,38.79,38.69,38.73,0,0,54061
28,2020-09-15 09:58:00,38.72,38.72,38.63,38.7,0,0,59575
29,2020-09-15 09:59:00,38.7,38.72,38.66,38.67,0,0,39780
30,2020-09-15 10:00:00,38.67,38.68,38.61,38.63,0,0,74540
31,2020-09-15 10:01:00,38.66,38.76,38.66,38.76,0,0,45384
32,2020-09-15 10:02:00,38.76,38.81,38.75,38.76,0,0,79566
33,2020-09-15 10:03:00,38.76,38.77,38.72,38.73,0,0,60067
34,2020-09-15 10:04:00,38.71,38.75,38.66,38.67,0,0,33325
35,2020-09-15 10:05:00,38.67,38.67,38.6,38.6,0,0,36176
36,2020-09-15 10:06:00,38.6,38.61,38.54,38.59,0,0,134839
37,2020-09-15 10:07:00,38.58,38.58,38.51,38.51,0,0,39662
38,2020-09-15 10:08:00,38.51,38.58,38.5,38.58,0,0,136930
39,2020-09-15 10:09:00,38.58,38.63,38.58,38.61,0,0,31485
40,2020-09-15 10:10:00,38.62,38.65,38.6,38.65,0,0,30272
41,2020-09-15 10:11:00,38.65,38.67,38.64,38.66,0,0,70653
42,2020-09-15 10:12:00,38.67,38.69,38.59,38.6,0,0,23280
43,2020-09-15 10:13:00,38.6,38.6,38.53,38.53,0,0,17829
44,2020-09-15 10:14:00,38.53,38.55,38.46,38.53,0,0,117945
45,2020-09-15 10:15:00,38.52,38.53,38.42,38.43,0,0,43270
46,2020-09-15 10:16:00,38.44,38.47,38.37,38.4,0,0,69052
47,2020-09-15 10:17:00,38.42,38.43,38.39,38.43,0,0,24980
48,2020-09-15 10:18:00,38.43,38.46,38.4,38.42,0,0,36699
49,2020-09-15 10:19:00,38.41,38.42,38.37,38.37,0,0,30089
50,2020-09-15 10:20:00,38.37,38.4,38.35,38.35,0,0,47720
51,2020-09-15 10:21:00,38.36,38.36,38.3,38.32,0,0,48435
52,2020-09-15 10:22:00,38.32,38.32,38.24,38.3,0,0,108952
53,2020-09-15 10:23:00,38.3,38.41,38.29,38.35,0,0,42041
54,2020-09-15 10:24:00,38.34,38.34,38.22,38.25,0,0,54861
55,2020-09-15 10:25:00,38.25,38.31,38.24,38.28,0,0,55057
56,2020-09-15 10:26:00,38.28,38.34,38.24,38.34,0,0,66938
57,2020-09-15 10:27:00,38.34,38.42,38.34,38.41,0,0,31525
58,2020-09-15 10:28:00,38.42,38.48,38.38,38.48,0,0,19818
59,2020-09-15 10:29:00,38.47,38.53,38.47,38.5,0,0,42186
60,2020-09-15 10:30:00,38.51,38.57,38.5,38.57,0,0,254296
61,2020-09-15 10:31:00,38.58,38.64,38.56,38.63,0,0,41255
62,2020-09-15 10:32:00,38.63,38.67,38.6,38.65,0,0,44206
63,2020-09-15 10:33:00,38.66,38.67,38.62,38.62,0,0,84534
64,2020-09-15 10:34:00,38.62,38.65,38.59,38.62,0,0,27813
65,2020-09-15 10:35:00,38.63,38.72,38.63,38.72,0,0,35808
66,2020-09-15 10:36:00,38.72,38.72,38.67,38.7,0,0,23012
67,2020-09-15 10:37:00,38.7,38.75,38.69,38.72,0,0,31012
68,2020-09-15 10:38:00,38.72,38.72,38.66,38.67,0,0,11856
69,2020-09-15 10:39:00,38.67,38.67,38.59,38.59,0,0,23456
70,2020-09-15 10:40:00,38.59,38.59,38.5,38.51,0,0,20025
71,2020-09-15 10:41:00,38.51,38.54,38.48,38.51,0,0,143745
72,2020-09-15 10:42:00,38.52,38.55,38.48,38.51,0,0,10867
73,2020-09-15 10:43:00,38.5,38.5,38.46,38.46,0,0,20528
74,2020-09-15 10:44:00,38.47,38.47,38.44,38.45,0,0,15073
75,2020-09-15 10:45:00,38.45,38.51,38.45,38.51,0,0,13212
76,2020-09-15 10:46:00,38.5,38.57,38.46,38.57,0,0,29557
77,2020-09-15 10:47:00,38.58,38.58,38.54,38.54,0,0,14158
78,2020-09-15 10:48:00,38.55,38.57,38.54,38.57,0,0,7048
79,2020-09-15 10:49:00,38.57,38.58,38.54,38.55,0,0,9876
80,2020-09-15 10:50:00,38.56,38.62,38.54,38.62,0,0,21916
81,2020-09-15 10:51:00,38.63,38.64,38.63,38.63,0,0,5297
82,2020-09-15 10:53:00,38.61,38.66,38.61,38.66,0,0,46437
83,2020-09-15 10:54:00,38.67,38.71,38.65,38.65,0,0,25128
84,2020-09-15 10:55:00,38.65,38.69,38.64,38.64,0,0,22771
85,2020-09-15 10:56:00,38.64,38.66,38.6,38.6,0,0,8984
86,2020-09-15 10:57:00,38.6,38.63,38.6,38.62,0,0,9567
87,2020-09-15 10:58:00,38.62,38.65,38.6,38.63,0,0,13938
88,2020-09-15 10:59:00,38.65,38.67,38.61,38.62,0,0,9196
89,2020-09-15 11:00:00,38.61,38.62,38.58,38.58,0,0,20718
90,2020-09-15 11:01:00,38.59,38.6,38.56,38.56,0,0,9106
91,2020-09-15 11:02:00,38.56,38.6,38.54,38.6,0,0,22391
92,2020-09-15 11:03:00,38.6,38.63,38.59,38.63,0,0,14547
93,2020-09-15 11:04:00,38.62,38.68,38.62,38.67,0,0,20184
94,2020-09-15 11:05:00,38.68,38.71,38.66,38.69,0,0,13876
95,2020-09-15 11:06:00,38.69,38.71,38.67,38.67,0,0,16762
96,2020-09-15 11:07:00,38.67,38.73,38.66,38.69,0,0,25540
97,2020-09-15 11:08:00,38.69,38.69,38.63,38.64,0,0,10627
98,2020-09-15 11:09:00,38.65,38.71,38.65,38.7,0,0,11993
99,2020-09-15 11:10:00,38.71,38.73,38.71,38.72,0,0,22260
100,2020-09-15 11:11:00,38.72,38.73,38.7,38.7,0,0,26926
101,2020-09-15 11:12:00,38.7,38.8,38.7,38.79,0,0,39239
102,2020-09-15 11:13:00,38.8,38.83,38.78,38.83,0,0,21507
103,2020-09-15 11:14:00,38.83,38.85,38.81,38.83,0,0,32372
104,2020-09-15 11:15:00,38.83,38.83,38.8,38.81,0,0,14601
105,2020-09-15 11:16:00,38.81,38.81,38.74,38.76,0,0,31860
106,2020-09-15 11:17:00,38.76,38.76,38.73,38.74,0,0,9298
107,2020-09-15 11:18:00,38.74,38.75,38.74,38.74,0,0,4702
108,2020-09-15 11:19:00,38.75,38.79,38.75,38.75,0,0,16213
109,2020-09-15 11:20:00,38.74,38.77,38.74,38.76,0,0,10295
110,2020-09-15 11:21:00,38.75,38.76,38.73,38.74,0,0,18558
111,2020-09-15 11:22:00,38.74,38.76,38.72,38.72,0,0,10812
112,2020-09-15 11:23:00,38.71,38.75,38.7,38.74,0,0,16721
113,2020-09-15 11:24:00,38.74,38.74,38.69,38.72,0,0,55463
114,2020-09-15 11:25:00,38.72,38.72,38.69,38.71,0,0,41865
115,2020-09-15 11:26:00,38.7,38.76,38.7,38.71,0,0,17756
116,2020-09-15 11:27:00,38.72,38.74,38.71,38.74,0,0,12133
117,2020-09-15 11:28:00,38.74,38.74,38.65,38.67,0,0,35542
118,2020-09-15 11:29:00,38.66,38.67,38.63,38.64,0,0,20721
119,2020-09-15 11:30:00,38.63,38.65,38.62,38.62,0,0,15077
120,2020-09-15 11:31:00,38.62,38.66,38.62,38.65,0,0,25745
121,2020-09-15 11:32:00,38.65,38.69,38.64,38.69,0,0,11105
122,2020-09-15 11:33:00,38.69,38.72,38.68,38.71,0,0,13602
123,2020-09-15 11:34:00,38.71,38.71,38.66,38.67,0,0,17726
124,2020-09-15 11:35:00,38.67,38.69,38.62,38.62,0,0,18210
125,2020-09-15 11:36:00,38.62,38.65,38.62,38.63,0,0,13723
126,2020-09-15 11:37:00,38.63,38.69,38.63,38.66,0,0,18715
127,2020-09-15 11:38:00,38.66,38.67,38.63,38.66,0,0,27373
128,2020-09-15 11:39:00,38.67,38.72,38.67,38.72,0,0,16840
129,2020-09-15 11:40:00,38.73,38.73,38.64,38.65,0,0,37415
130,2020-09-15 11:41:00,38.65,38.67,38.65,38.67,0,0,17364
131,2020-09-15 11:42:00,38.67,38.68,38.64,38.65,0,0,13379
132,2020-09-15 11:43:00,38.65,38.66,38.64,38.65,0,0,23845
133,2020-09-15 11:44:00,38.65,38.67,38.63,38.64,0,0,8788
134,2020-09-15 11:45:00,38.65,38.65,38.62,38.63,0,0,8341
135,2020-09-15 11:46:00,38.64,38.67,38.63,38.66,0,0,10763
136,2020-09-15 11:47:00,38.66,38.67,38.65,38.67,0,0,9113
137,2020-09-15 11:48:00,38.67,38.68,38.66,38.67,0,0,6280
138,2020-09-15 11:49:00,38.67,38.67,38.62,38.62,0,0,13783
139,2020-09-15 11:50:00,38.62,38.65,38.62,38.64,0,0,14531
140,2020-09-15 11:51:00,38.63,38.65,38.63,38.63,0,0,29469
141,2020-09-15 11:52:00,38.63,38.64,38.61,38.61,0,0,16671
142,2020-09-15 11:53:00,38.61,38.62,38.59,38.59,0,0,11325
143,2020-09-15 11:54:00,38.59,38.62,38.59,38.62,0,0,14160
144,2020-09-15 11:55:00,38.61,38.63,38.6,38.62,0,0,22874
145,2020-09-15 11:56:00,38.63,38.67,38.63,38.66,0,0,27843
146,2020-09-15 11:57:00,38.65,38.65,38.62,38.65,0,0,14506
147,2020-09-15 11:58:00,38.65,38.67,38.65,38.66,0,0,15908
148,2020-09-15 11:59:00,38.67,38.69,38.66,38.69,0,0,20303
149,2020-09-15 12:00:00,38.69,38.74,38.68,38.74,0,0,18442
150,2020-09-15 12:01:00,38.73,38.77,38.73,38.76,0,0,13893
151,2020-09-15 12:02:00,38.76,38.76,38.72,38.74,0,0,19105
152,2020-09-15 12:03:00,38.74,38.75,38.71,38.74,0,0,11827
153,2020-09-15 12:04:00,38.75,38.77,38.74,38.74,0,0,12357
154,2020-09-15 12:05:00,38.74,38.76,38.73,38.73,0,0,15290
155,2020-09-15 12:06:00,38.73,38.76,38.73,38.76,0,0,6614
156,2020-09-15 12:07:00,38.75,38.76,38.74,38.74,0,0,11341
157,2020-09-15 12:08:00,38.74,38.74,38.71,38.72,0,0,28551
158,2020-09-15 12:09:00,38.72,38.72,38.7,38.71,0,0,9408
159,2020-09-15 12:10:00,38.71,38.74,38.71,38.73,0,0,18439
160,2020-09-15 12:11:00,38.72,38.75,38.72,38.72,0,0,13777
161,2020-09-15 12:12:00,38.72,38.72,38.67,38.69,0,0,12260
162,2020-09-15 12:13:00,38.69,38.69,38.67,38.68,0,0,8533
163,2020-09-15 12:14:00,38.68,38.73,38.68,38.72,0,0,11330
164,2020-09-15 12:15:00,38.72,38.72,38.69,38.71,0,0,14917
165,2020-09-15 12:16:00,38.71,38.71,38.69,38.7,0,0,6187
166,2020-09-15 12:17:00,38.7,38.7,38.67,38.67,0,0,9290
167,2020-09-15 12:18:00,38.67,38.71,38.67,38.69,0,0,9898
168,2020-09-15 12:19:00,38.69,38.72,38.69,38.71,0,0,10220
169,2020-09-15 12:20:00,38.72,38.74,38.71,38.73,0,0,16312
170,2020-09-15 12:21:00,38.74,38.8,38.72,38.8,0,0,106871
171,2020-09-15 12:22:00,38.8,38.82,38.8,38.81,0,0,19400
172,2020-09-15 12:23:00,38.81,38.82,38.79,38.81,0,0,11411
173,2020-09-15 12:24:00,38.82,38.83,38.81,38.81,0,0,11729
174,2020-09-15 12:25:00,38.81,38.81,38.78,38.78,0,0,9136
175,2020-09-15 12:26:00,38.78,38.83,38.78,38.82,0,0,18406
176,2020-09-15 12:27:00,38.82,38.83,38.78,38.8,0,0,17736
177,2020-09-15 12:28:00,38.81,38.83,38.8,38.83,0,0,4892
178,2020-09-15 12:29:00,38.82,38.84,38.81,38.83,0,0,21246
179,2020-09-15 12:30:00,38.83,38.83,38.8,38.82,0,0,6319
180,2020-09-15 12:31:00,38.83,38.83,38.82,38.82,0,0,15506
181,2020-09-15 12:32:00,38.82,38.82,38.8,38.81,0,0,13011
182,2020-09-15 12:33:00,38.83,38.84,38.78,38.8,0,0,6827
183,2020-09-15 12:34:00,38.8,38.83,38.8,38.82,0,0,11526
184,2020-09-15 12:35:00,38.83,38.84,38.82,38.83,0,0,7774
185,2020-09-15 12:36:00,38.82,38.83,38.81,38.81,0,0,3868
186,2020-09-15 12:37:00,38.81,38.81,38.78,38.79,0,0,24780
187,2020-09-15 12:38:00,38.79,38.8,38.78,38.79,0,0,4400
188,2020-09-15 12:39:00,38.8,38.81,38.79,38.81,0,0,6295
189,2020-09-15 12:40:00,38.82,38.83,38.81,38.82,0,0,8321
190,2020-09-15 12:41:00,38.81,38.83,38.81,38.81,0,0,6285
191,2020-09-15 12:42:00,38.82,38.83,38.82,38.82,0,0,5534
192,2020-09-15 12:43:00,38.83,38.84,38.82,38.84,0,0,10963
193,2020-09-15 12:44:00,38.84,38.87,38.84,38.86,0,0,38111
194,2020-09-15 12:45:00,38.85,38.88,38.85,38.87,0,0,19070
195,2020-09-15 12:46:00,38.86,38.88,38.86,38.87,0,0,10714
196,2020-09-15 12:47:00,38.87,38.87,38.85,38.85,0,0,7973
197,2020-09-15 12:48:00,38.86,38.93,38.85,38.93,0,0,38195
198,2020-09-15 12:49:00,38.92,38.93,38.9,38.9,0,0,12265
199,2020-09-15 12:50:00,38.91,38.91,38.88,38.9,0,0,10367
200,2020-09-15 12:51:00,38.9,38.96,38.89,38.94,0,0,76771
201,2020-09-15 12:52:00,38.95,38.97,38.94,38.94,0,0,27481
202,2020-09-15 12:53:00,38.95,38.97,38.94,38.97,0,0,6167
203,2020-09-15 12:54:00,38.97,38.99,38.97,38.99,0,0,28020
204,2020-09-15 12:55:00,38.98,39.0,38.97,38.99,0,0,23622
205,2020-09-15 12:56:00,38.98,38.99,38.97,38.97,0,0,16367
206,2020-09-15 12:57:00,38.96,38.96,38.93,38.94,0,0,22234
207,2020-09-15 12:58:00,38.94,38.99,38.94,38.99,0,0,13939
208,2020-09-15 12:59:00,38.99,38.99,38.96,38.96,0,0,10131
209,2020-09-15 13:00:00,38.96,38.97,38.96,38.96,0,0,2723
210,2020-09-15 13:01:00,38.97,39.01,38.97,38.99,0,0,49193
211,2020-09-15 13:02:00,38.99,38.99,38.96,38.97,0,0,15019
212,2020-09-15 13:03:00,38.98,38.99,38.94,38.99,0,0,28461
213,2020-09-15 13:04:00,38.99,38.99,38.96,38.99,0,0,25945
214,2020-09-15 13:05:00,38.99,38.99,38.96,38.99,0,0,11183
215,2020-09-15 13:06:00,38.98,38.99,38.98,38.98,0,0,8375
216,2020-09-15 13:07:00,38.97,38.98,38.97,38.98,0,0,4034
217,2020-09-15 13:08:00,38.98,39.0,38.98,38.99,0,0,4079
218,2020-09-15 13:09:00,38.99,39.0,38.97,38.99,0,0,28265
219,2020-09-15 13:10:00,38.99,39.01,38.99,39.0,0,0,113764
220,2020-09-15 13:11:00,38.99,38.99,38.96,38.97,0,0,17860
221,2020-09-15 13:12:00,38.97,38.97,38.95,38.97,0,0,11374
222,2020-09-15 13:13:00,38.97,38.97,38.96,38.96,0,0,4297
223,2020-09-15 13:14:00,38.96,38.96,38.92,38.93,0,0,15434
224,2020-09-15 13:15:00,38.94,38.96,38.93,38.94,0,0,10225
225,2020-09-15 13:16:00,38.93,38.94,38.92,38.94,0,0,7932
226,2020-09-15 13:17:00,38.93,38.96,38.92,38.95,0,0,12103
227,2020-09-15 13:18:00,38.95,38.97,38.94,38.94,0,0,33841
228,2020-09-15 13:19:00,38.94,38.95,38.93,38.94,0,0,3428
229,2020-09-15 13:20:00,38.93,38.94,38.87,38.88,0,0,14429
230,2020-09-15 13:21:00,38.88,38.9,38.87,38.88,0,0,14968
231,2020-09-15 13:22:00,38.88,38.88,38.85,38.86,0,0,11759
232,2020-09-15 13:23:00,38.86,38.86,38.83,38.83,0,0,2572
233,2020-09-15 13:24:00,38.84,38.86,38.84,38.85,0,0,8948
234,2020-09-15 13:25:00,38.85,38.87,38.85,38.87,0,0,8689
235,2020-09-15 13:26:00,38.87,38.89,38.87,38.88,0,0,4517
236,2020-09-15 13:27:00,38.88,38.9,38.87,38.87,0,0,12191
237,2020-09-15 13:28:00,38.87,38.89,38.87,38.88,0,0,7114
238,2020-09-15 13:29:00,38.87,38.9,38.87,38.9,0,0,17829
239,2020-09-15 13:30:00,38.9,38.9,38.88,38.89,0,0,11957
240,2020-09-15 13:31:00,38.89,38.9,38.88,38.89,0,0,9297
241,2020-09-15 13:32:00,38.88,38.9,38.88,38.88,0,0,7699
242,2020-09-15 13:33:00,38.89,38.9,38.89,38.89,0,0,7830
243,2020-09-15 13:34:00,38.89,38.93,38.89,38.92,0,0,10919
244,2020-09-15 13:35:00,38.92,38.92,38.91,38.92,0,0,7170
245,2020-09-15 13:36:00,38.92,38.94,38.91,38.94,0,0,7452
246,2020-09-15 13:37:00,38.94,38.94,38.91,38.91,0,0,8185
247,2020-09-15 13:38:00,38.91,38.92,38.89,38.9,0,0,13002
248,2020-09-15 13:39:00,38.89,38.89,38.83,38.85,0,0,11293
249,2020-09-15 13:40:00,38.85,38.86,38.83,38.85,0,0,11904
250,2020-09-15 13:41:00,38.84,38.84,38.82,38.83,0,0,6984
251,2020-09-15 13:42:00,38.83,38.85,38.82,38.83,0,0,2173
252,2020-09-15 13:43:00,38.82,38.83,38.81,38.83,0,0,11268
253,2020-09-15 13:44:00,38.83,38.83,38.82,38.82,0,0,8596
254,2020-09-15 13:45:00,38.82,38.83,38.81,38.83,0,0,8848
255,2020-09-15 13:46:00,38.83,38.87,38.83,38.87,0,0,10604
256,2020-09-15 13:47:00,38.87,38.87,38.85,38.85,0,0,5322
257,2020-09-15 13:48:00,38.85,38.87,38.85,38.86,0,0,11095
258,2020-09-15 13:49:00,38.87,38.88,38.86,38.86,0,0,7985
259,2020-09-15 13:50:00,38.86,38.86,38.83,38.85,0,0,7650
260,2020-09-15 13:51:00,38.86,38.87,38.85,38.86,0,0,6695
261,2020-09-15 13:52:00,38.86,38.86,38.85,38.85,0,0,6311
262,2020-09-15 13:53:00,38.85,38.9,38.85,38.9,0,0,8521
263,2020-09-15 13:54:00,38.89,38.9,38.87,38.88,0,0,1616932
264,2020-09-15 13:55:00,38.88,38.88,38.85,38.88,0,0,9120
265,2020-09-15 13:56:00,38.86,38.88,38.86,38.88,0,0,9653
266,2020-09-15 13:57:00,38.88,38.88,38.84,38.84,0,0,7478
267,2020-09-15 13:58:00,38.84,38.84,38.79,38.79,0,0,9799
268,2020-09-15 13:59:00,38.79,38.82,38.79,38.82,0,0,7199
269,2020-09-15 14:00:00,38.82,38.84,38.82,38.83,0,0,9520
270,2020-09-15 14:01:00,38.83,38.83,38.81,38.83,0,0,9040
271,2020-09-15 14:02:00,38.83,38.83,38.77,38.78,0,0,14393
272,2020-09-15 14:03:00,38.77,38.79,38.77,38.78,0,0,10590
273,2020-09-15 14:04:00,38.79,38.81,38.79,38.81,0,0,7896
274,2020-09-15 14:05:00,38.82,38.84,38.8,38.83,0,0,9171
275,2020-09-15 14:06:00,38.82,38.83,38.79,38.8,0,0,11691
276,2020-09-15 14:07:00,38.8,38.8,38.77,38.78,0,0,6718
277,2020-09-15 14:08:00,38.78,38.78,38.75,38.75,0,0,6589
278,2020-09-15 14:09:00,38.75,38.78,38.74,38.77,0,0,10890
279,2020-09-15 14:10:00,38.77,38.8,38.77,38.79,0,0,6892
280,2020-09-15 14:11:00,38.79,38.79,38.78,38.78,0,0,6842
281,2020-09-15 14:12:00,38.78,38.81,38.77,38.8,0,0,10457
282,2020-09-15 14:13:00,38.81,38.82,38.79,38.82,0,0,5658
283,2020-09-15 14:14:00,38.81,38.82,38.8,38.81,0,0,5056
284,2020-09-15 14:15:00,38.81,38.81,38.79,38.79,0,0,6129
285,2020-09-15 14:16:00,38.8,38.81,38.77,38.78,0,0,7757
286,2020-09-15 14:17:00,38.78,38.81,38.77,38.79,0,0,5830
287,2020-09-15 14:18:00,38.79,38.79,38.77,38.77,0,0,7471
288,2020-09-15 14:19:00,38.76,38.78,38.76,38.76,0,0,5475
289,2020-09-15 14:20:00,38.77,38.77,38.73,38.73,0,0,20376
290,2020-09-15 14:21:00,38.74,38.76,38.73,38.75,0,0,14569
291,2020-09-15 14:22:00,38.76,38.76,38.72,38.72,0,0,21742
292,2020-09-15 14:23:00,38.74,38.76,38.74,38.75,0,0,11158
293,2020-09-15 14:24:00,38.75,38.76,38.74,38.75,0,0,8671
294,2020-09-15 14:25:00,38.74,38.76,38.74,38.74,0,0,10160
295,2020-09-15 14:26:00,38.74,38.76,38.72,38.75,0,0,11342
296,2020-09-15 14:27:00,38.76,38.76,38.74,38.74,0,0,20594
297,2020-09-15 14:28:00,38.73,38.75,38.72,38.74,0,0,8983
298,2020-09-15 14:29:00,38.73,38.74,38.72,38.74,0,0,6568
299,2020-09-15 14:30:00,38.73,38.75,38.72,38.73,0,0,12476
300,2020-09-15 14:31:00,38.74,38.74,38.71,38.72,0,0,7914
301,2020-09-15 14:32:00,38.71,38.72,38.7,38.72,0,0,9525
302,2020-09-15 14:33:00,38.72,38.73,38.71,38.72,0,0,10690
303,2020-09-15 14:34:00,38.73,38.73,38.7,38.71,0,0,9358
304,2020-09-15 14:35:00,38.72,38.76,38.72,38.76,0,0,12460
305,2020-09-15 14:36:00,38.76,38.76,38.74,38.74,0,0,6723
306,2020-09-15 14:37:00,38.74,38.74,38.73,38.74,0,0,6232
307,2020-09-15 14:38:00,38.74,38.74,38.72,38.74,0,0,9133
308,2020-09-15 14:39:00,38.73,38.74,38.73,38.73,0,0,5426
309,2020-09-15 14:40:00,38.74,38.75,38.73,38.74,0,0,8348
310,2020-09-15 14:41:00,38.74,38.75,38.73,38.74,0,0,4316
311,2020-09-15 14:42:00,38.74,38.75,38.74,38.74,0,0,11295
312,2020-09-15 14:43:00,38.74,38.76,38.74,38.74,0,0,8292
313,2020-09-15 14:44:00,38.74,38.75,38.74,38.75,0,0,8407
314,2020-09-15 14:45:00,38.74,38.76,38.74,38.75,0,0,12211
315,2020-09-15 14:46:00,38.74,38.75,38.74,38.75,0,0,5709
316,2020-09-15 14:47:00,38.74,38.76,38.74,38.74,0,0,13143
317,2020-09-15 14:48:00,38.74,38.75,38.73,38.74,0,0,14900
318,2020-09-15 14:49:00,38.75,38.76,38.74,38.76,0,0,8900
319,2020-09-15 14:50:00,38.75,38.76,38.73,38.74,0,0,10417
320,2020-09-15 14:51:00,38.73,38.75,38.73,38.74,0,0,6755
321,2020-09-15 14:52:00,38.74,38.76,38.74,38.74,0,0,27807
322,2020-09-15 14:53:00,38.74,38.74,38.73,38.73,0,0,3391
323,2020-09-15 14:54:00,38.73,38.73,38.7,38.7,0,0,30177
324,2020-09-15 14:55:00,38.7,38.74,38.7,38.71,0,0,21798
325,2020-09-15 14:56:00,38.69,38.72,38.68,38.72,0,0,13673
326,2020-09-15 14:57:00,38.72,38.72,38.67,38.69,0,0,28390
327,2020-09-15 14:58:00,38.7,38.72,38.66,38.68,0,0,27986
328,2020-09-15 14:59:00,38.69,38.7,38.68,38.69,0,0,5210
329,2020-09-15 15:00:00,38.7,38.72,38.69,38.71,0,0,13397
330,2020-09-15 15:01:00,38.71,38.72,38.69,38.69,0,0,12805
331,2020-09-15 15:02:00,38.69,38.71,38.67,38.69,0,0,13839
332,2020-09-15 15:03:00,38.69,38.71,38.68,38.7,0,0,10248
333,2020-09-15 15:04:00,38.7,38.71,38.68,38.69,0,0,7331
334,2020-09-15 15:05:00,38.67,38.67,38.61,38.61,0,0,20033
335,2020-09-15 15:06:00,38.6,38.63,38.6,38.61,0,0,11450
336,2020-09-15 15:07:00,38.61,38.64,38.61,38.62,0,0,18623
337,2020-09-15 15:08:00,38.62,38.65,38.59,38.64,0,0,25203
338,2020-09-15 15:09:00,38.64,38.64,38.62,38.62,0,0,12328
339,2020-09-15 15:10:00,38.62,38.63,38.6,38.63,0,0,10847
340,2020-09-15 15:11:00,38.63,38.63,38.6,38.62,0,0,15714
341,2020-09-15 15:12:00,38.63,38.67,38.63,38.66,0,0,13662
342,2020-09-15 15:13:00,38.67,38.71,38.67,38.69,0,0,50824
343,2020-09-15 15:14:00,38.7,38.72,38.69,38.7,0,0,19731
344,2020-09-15 15:15:00,38.71,38.75,38.7,38.71,0,0,19430
345,2020-09-15 15:16:00,38.7,38.75,38.7,38.75,0,0,37274
346,2020-09-15 15:17:00,38.76,38.83,38.76,38.81,0,0,41372
347,2020-09-15 15:18:00,38.81,38.81,38.75,38.77,0,0,22098
348,2020-09-15 15:19:00,38.76,38.78,38.75,38.77,0,0,45553
349,2020-09-15 15:20:00,38.77,38.78,38.73,38.76,0,0,24154
350,2020-09-15 15:21:00,38.75,38.76,38.73,38.75,0,0,17683
351,2020-09-15 15:22:00,38.75,38.78,38.75,38.77,0,0,18822
352,2020-09-15 15:23:00,38.77,38.79,38.74,38.75,0,0,143980
353,2020-09-15 15:24:00,38.76,38.79,38.75,38.79,0,0,10955
354,2020-09-15 15:25:00,38.79,38.81,38.78,38.81,0,0,21992
355,2020-09-15 15:26:00,38.81,38.86,38.81,38.86,0,0,23997
356,2020-09-15 15:27:00,38.86,38.87,38.84,38.86,0,0,12744
357,2020-09-15 15:28:00,38.86,38.88,38.86,38.86,0,0,17650
358,2020-09-15 15:29:00,38.87,38.9,38.86,38.9,0,0,35741
359,2020-09-15 15:30:00,38.9,38.92,38.85,38.85,0,0,30666
360,2020-09-15 15:31:00,38.85,38.86,38.85,38.85,0,0,18748
361,2020-09-15 15:32:00,38.85,38.85,38.83,38.83,0,0,39624
362,2020-09-15 15:33:00,38.84,38.85,38.8,38.8,0,0,59323
363,2020-09-15 15:34:00,38.81,38.82,38.8,38.81,0,0,32358
364,2020-09-15 15:35:00,38.81,38.85,38.79,38.85,0,0,27864
365,2020-09-15 15:36:00,38.84,38.86,38.82,38.82,0,0,34480
366,2020-09-15 15:37:00,38.83,38.83,38.78,38.78,0,0,79579
367,2020-09-15 15:38:00,38.78,38.83,38.78,38.82,0,0,36678
368,2020-09-15 15:39:00,38.83,38.85,38.82,38.85,0,0,38532
369,2020-09-15 15:40:00,38.85,38.86,38.83,38.84,0,0,55595
370,2020-09-15 15:41:00,38.84,38.86,38.83,38.85,0,0,47703
371,2020-09-15 15:42:00,38.86,38.9,38.85,38.88,0,0,48840
372,2020-09-15 15:43:00,38.88,38.92,38.87,38.9,0,0,39773
373,2020-09-15 15:44:00,38.9,38.92,38.89,38.9,0,0,32079
374,2020-09-15 15:45:00,38.9,38.94,38.88,38.94,0,0,90638
375,2020-09-15 15:46:00,38.94,38.94,38.92,38.94,0,0,33582
376,2020-09-15 15:47:00,38.94,38.95,38.92,38.94,0,0,38676
377,2020-09-15 15:48:00,38.94,38.95,38.92,38.94,0,0,26714
378,2020-09-15 15:49:00,38.94,38.96,38.92,38.95,0,0,47489
379,2020-09-15 15:50:00,38.96,38.97,38.94,38.96,0,0,83838
380,2020-09-15 15:51:00,38.96,38.97,38.93,38.94,0,0,45483
381,2020-09-15 15:52:00,38.94,38.95,38.93,38.94,0,0,64793
382,2020-09-15 15:53:00,38.94,38.97,38.93,38.97,0,0,52298
383,2020-09-15 15:54:00,38.97,39.03,38.96,39.03,0,0,253306
384,2020-09-15 15:55:00,39.02,39.03,39.0,39.01,0,0,173322
385,2020-09-15 15:56:00,39.0,39.03,39.0,39.01,0,0,125506
386,2020-09-15 15:57:00,39.01,39.02,39.0,39.01,0,0,65627
387,2020-09-15 15:58:00,39.0,39.05,38.97,39.05,0,0,125911
388,2020-09-15 15:59:00,39.05,39.16,39.05,39.1,0,0,404358
389,2020-09-16 09:30:00,39.39,39.39,39.34,39.34,0,0,19966
390,2020-09-16 09:31:00,39.39,39.4,39.2,39.22,0,0,164705
391,2020-09-16 09:32:00,39.2,39.48,39.19,39.48,0,0,137179
392,2020-09-16 09:33:00,39.47,39.79,39.47,39.73,0,0,168155
393,2020-09-16 09:34:00,39.75,39.89,39.71,39.88,0,0,109079
394,2020-09-16 09:35:00,39.87,40.02,39.86,40.02,0,0,262603
395,2020-09-16 09:36:00,40.02,40.32,40.01,40.32,0,0,290126
396,2020-09-16 09:37:00,40.32,40.4,40.22,40.3,0,0,195408
397,2020-09-16 09:38:00,40.3,40.54,40.28,40.54,0,0,143003
398,2020-09-16 09:39:00,40.53,40.9,40.53,40.83,0,0,227487
399,2020-09-16 09:40:00,40.83,40.83,40.69,40.75,0,0,134634
400,2020-09-16 09:41:00,40.74,40.78,40.47,40.48,0,0,112235
401,2020-09-16 09:42:00,40.48,40.51,40.33,40.42,0,0,209037
402,2020-09-16 09:43:00,40.39,40.41,40.2,40.27,0,0,150943
403,2020-09-16 09:44:00,40.28,40.33,40.15,40.15,0,0,91096
404,2020-09-16 09:45:00,40.16,40.23,40.06,40.09,0,0,135648
405,2020-09-16 09:46:00,40.09,40.27,40.08,40.24,0,0,117845
406,2020-09-16 09:47:00,40.25,40.28,40.11,40.12,0,0,70771
407,2020-09-16 09:48:00,40.12,40.21,40.06,40.1,0,0,64371
408,2020-09-16 09:49:00,40.1,40.19,40.09,40.17,0,0,67974
409,2020-09-16 09:50:00,40.17,40.23,40.13,40.14,0,0,134137
410,2020-09-16 09:51:00,40.14,40.28,40.14,40.22,0,0,81353
411,2020-09-16 09:52:00,40.22,40.24,40.13,40.18,0,0,50028
412,2020-09-16 09:53:00,40.17,40.19,40.13,40.15,0,0,36459
413,2020-09-16 09:54:00,40.16,40.21,40.13,40.21,0,0,64667
414,2020-09-16 09:55:00,40.21,40.22,40.14,40.2,0,0,66832
415,2020-09-16 09:56:00,40.2,40.26,40.14,40.16,0,0,31781
416,2020-09-16 09:57:00,40.16,40.17,40.13,40.13,0,0,46665
417,2020-09-16 09:58:00,40.13,40.16,40.1,40.15,0,0,58897
418,2020-09-16 09:59:00,40.15,40.23,40.15,40.22,0,0,64837
419,2020-09-16 10:00:00,40.22,40.23,40.13,40.13,0,0,31460
420,2020-09-16 10:01:00,40.12,40.17,40.11,40.14,0,0,18859
421,2020-09-16 10:02:00,40.14,40.14,40.03,40.05,0,0,37400
422,2020-09-16 10:03:00,40.05,40.07,39.96,40.03,0,0,70713
423,2020-09-16 10:04:00,40.02,40.07,40.02,40.03,0,0,37653
424,2020-09-16 10:05:00,40.02,40.05,39.99,40.01,0,0,47580
425,2020-09-16 10:06:00,40.01,40.02,39.97,39.99,0,0,38140
426,2020-09-16 10:07:00,39.99,40.02,39.99,40.0,0,0,27573
427,2020-09-16 10:08:00,40.0,40.07,40.0,40.07,0,0,28124
428,2020-09-16 10:09:00,40.07,40.12,40.06,40.1,0,0,60206
429,2020-09-16 10:10:00,40.1,40.1,39.99,40.01,0,0,52789
430,2020-09-16 10:11:00,40.0,40.04,39.99,40.03,0,0,42513
431,2020-09-16 10:12:00,40.03,40.04,39.97,40.04,0,0,33877
432,2020-09-16 10:13:00,40.05,40.08,40.0,40.01,0,0,25412
433,2020-09-16 10:14:00,40.02,40.1,40.02,40.06,0,0,21633
434,2020-09-16 10:15:00,40.06,40.09,40.0,40.06,0,0,25150
435,2020-09-16 10:16:00,40.06,40.06,40.0,40.03,0,0,24501
436,2020-09-16 10:17:00,40.02,40.07,39.98,40.03,0,0,51435
437,2020-09-16 10:18:00,40.03,40.04,39.96,39.99,0,0,50318
438,2020-09-16 10:19:00,39.99,40.02,39.97,39.97,0,0,51092
439,2020-09-16 10:20:00,39.97,40.06,39.97,40.05,0,0,33342
440,2020-09-16 10:21:00,40.05,40.06,39.99,39.99,0,0,33142
441,2020-09-16 10:22:00,39.99,40.02,39.94,39.98,0,0,95279
442,2020-09-16 10:23:00,39.99,40.01,39.99,40.01,0,0,20551
443,2020-09-16 10:24:00,39.99,39.99,39.95,39.97,0,0,41431
444,2020-09-16 10:25:00,39.97,39.97,39.93,39.93,0,0,21263
445,2020-09-16 10:26:00,39.94,39.94,39.8,39.81,0,0,92171
446,2020-09-16 10:27:00,39.81,39.88,39.8,39.83,0,0,50365
447,2020-09-16 10:28:00,39.82,39.84,39.8,39.84,0,0,34042
448,2020-09-16 10:29:00,39.84,39.88,39.84,39.88,0,0,18777
449,2020-09-16 10:30:00,39.88,39.89,39.85,39.85,0,0,33535
450,2020-09-16 10:31:00,39.85,39.87,39.85,39.85,0,0,60288
451,2020-09-16 10:32:00,39.85,39.85,39.7,39.76,0,0,86394
452,2020-09-16 10:33:00,39.76,39.81,39.73,39.78,0,0,56196
453,2020-09-16 10:34:00,39.77,39.8,39.72,39.8,0,0,51470
454,2020-09-16 10:35:00,39.81,39.81,39.72,39.74,0,0,23245
455,2020-09-16 10:36:00,39.72,39.73,39.65,39.67,0,0,46509
456,2020-09-16 10:37:00,39.67,39.68,39.58,39.6,0,0,49986
457,2020-09-16 10:38:00,39.61,39.62,39.54,39.58,0,0,68175
458,2020-09-16 10:39:00,39.58,39.59,39.5,39.54,0,0,37041
459,2020-09-16 10:40:00,39.53,39.55,39.5,39.52,0,0,27508
460,2020-09-16 10:41:00,39.53,39.55,39.52,39.53,0,0,12781
461,2020-09-16 10:42:00,39.52,39.53,39.49,39.52,0,0,18451
462,2020-09-16 10:43:00,39.51,39.56,39.49,39.56,0,0,20435
463,2020-09-16 10:44:00,39.55,39.55,39.46,39.47,0,0,49727
464,2020-09-16 10:45:00,39.46,39.47,39.4,39.43,0,0,64500
465,2020-09-16 10:46:00,39.42,39.45,39.4,39.4,0,0,26166
466,2020-09-16 10:47:00,39.41,39.44,39.36,39.43,0,0,31849
467,2020-09-16 10:48:00,39.44,39.46,39.38,39.39,0,0,38078
468,2020-09-16 10:49:00,39.38,39.4,39.32,39.35,0,0,55687
469,2020-09-16 10:50:00,39.35,39.37,39.31,39.33,0,0,37113
470,2020-09-16 10:51:00,39.33,39.38,39.33,39.38,0,0,18485
471,2020-09-16 10:52:00,39.38,39.46,39.36,39.45,0,0,75755
472,2020-09-16 10:53:00,39.45,39.48,39.45,39.48,0,0,12118
473,2020-09-16 10:54:00,39.43,39.45,39.43,39.44,0,0,83374
474,2020-09-16 10:55:00,39.44,39.46,39.44,39.45,0,0,33174
475,2020-09-16 10:56:00,39.45,39.5,39.44,39.5,0,0,24214
476,2020-09-16 10:57:00,39.49,39.5,39.43,39.43,0,0,28667
477,2020-09-16 10:58:00,39.44,39.46,39.42,39.42,0,0,34532
478,2020-09-16 10:59:00,39.42,39.48,39.42,39.47,0,0,43228
479,2020-09-16 11:00:00,39.47,39.52,39.46,39.5,0,0,18337
480,2020-09-16 11:01:00,39.5,39.53,39.47,39.51,0,0,66997
481,2020-09-16 11:02:00,39.52,39.57,39.52,39.57,0,0,37229
482,2020-09-16 11:03:00,39.56,39.58,39.52,39.56,0,0,88753
483,2020-09-16 11:04:00,39.57,39.58,39.54,39.56,0,0,33780
484,2020-09-16 11:05:00,39.55,39.6,39.53,39.58,0,0,16755
485,2020-09-16 11:06:00,39.58,39.64,39.58,39.64,0,0,18615
486,2020-09-16 11:07:00,39.64,39.67,39.64,39.67,0,0,26124
487,2020-09-16 11:08:00,39.67,39.69,39.66,39.66,0,0,23849
488,2020-09-16 11:09:00,39.67,39.68,39.66,39.67,0,0,20911
489,2020-09-16 11:10:00,39.67,39.78,39.67,39.77,0,0,55564
490,2020-09-16 11:11:00,39.78,39.83,39.75,39.8,0,0,92941
491,2020-09-16 11:12:00,39.81,39.89,39.8,39.88,0,0,105088
492,2020-09-16 11:13:00,39.88,39.95,39.88,39.95,0,0,77140
493,2020-09-16 11:14:00,39.94,39.98,39.93,39.98,0,0,62007
494,2020-09-16 11:15:00,39.97,40.06,39.97,40.05,0,0,59898
495,2020-09-16 11:16:00,40.06,40.06,39.99,39.99,0,0,38295
496,2020-09-16 11:17:00,39.99,40.01,39.95,39.97,0,0,29990
497,2020-09-16 11:18:00,39.97,40.01,39.97,40.0,0,0,23221
498,2020-09-16 11:19:00,40.0,40.05,39.99,40.04,0,0,30265
499,2020-09-16 11:20:00,40.04,40.06,40.0,40.01,0,0,19793
500,2020-09-16 11:21:00,40.02,40.04,40.0,40.04,0,0,34287
501,2020-09-16 11:22:00,40.04,40.06,39.99,40.0,0,0,48259
502,2020-09-16 11:23:00,40.01,40.04,39.99,40.04,0,0,19891
503,2020-09-16 11:24:00,40.05,40.07,40.03,40.04,0,0,47414
504,2020-09-16 11:25:00,40.04,40.04,39.97,39.99,0,0,34144
505,2020-09-16 11:27:00,40.03,40.03,39.99,39.99,0,0,41974
506,2020-09-16 11:28:00,40.0,40.03,40.0,40.02,0,0,23859
507,2020-09-16 11:29:00,40.02,40.06,40.02,40.04,0,0,18696
508,2020-09-16 11:30:00,40.05,40.06,40.0,40.01,0,0,11536
509,2020-09-16 11:31:00,40.01,40.05,39.99,40.0,0,0,15303
510,2020-09-16 11:32:00,40.01,40.02,39.95,39.97,0,0,41684
511,2020-09-16 11:33:00,39.97,39.98,39.94,39.96,0,0,13657
512,2020-09-16 11:34:00,39.97,39.99,39.95,39.96,0,0,6896
513,2020-09-16 11:35:00,39.96,39.97,39.9,39.94,0,0,25113
514,2020-09-16 11:36:00,39.94,39.94,39.92,39.94,0,0,8756
515,2020-09-16 11:37:00,39.94,39.96,39.92,39.95,0,0,16892
516,2020-09-16 11:38:00,39.95,39.97,39.92,39.92,0,0,35326
517,2020-09-16 11:39:00,39.93,39.94,39.91,39.92,0,0,11670
518,2020-09-16 11:40:00,39.91,39.92,39.86,39.88,0,0,15965
519,2020-09-16 11:41:00,39.89,39.9,39.88,39.88,0,0,13369
520,2020-09-16 11:42:00,39.88,39.88,39.86,39.88,0,0,5887
521,2020-09-16 11:43:00,39.89,39.9,39.89,39.9,0,0,12440
522,2020-09-16 11:44:00,39.9,39.9,39.86,39.87,0,0,26863
523,2020-09-16 11:45:00,39.87,39.9,39.87,39.88,0,0,12477
524,2020-09-16 11:46:00,39.89,39.9,39.88,39.89,0,0,5681
525,2020-09-16 11:47:00,39.89,39.9,39.85,39.85,0,0,16464
526,2020-09-16 11:48:00,39.85,39.85,39.8,39.83,0,0,25695
527,2020-09-16 11:49:00,39.83,39.85,39.83,39.84,0,0,12496
528,2020-09-16 11:50:00,39.85,39.86,39.84,39.84,0,0,11370
529,2020-09-16 11:51:00,39.84,39.85,39.83,39.83,0,0,6334
530,2020-09-16 11:52:00,39.83,39.85,39.83,39.83,0,0,14419
531,2020-09-16 11:53:00,39.83,39.85,39.83,39.85,0,0,10992
532,2020-09-16 11:54:00,39.84,39.85,39.83,39.85,0,0,7684
533,2020-09-16 11:55:00,39.85,39.89,39.84,39.88,0,0,18320
534,2020-09-16 11:56:00,39.87,39.88,39.82,39.82,0,0,8720
535,2020-09-16 11:57:00,39.81,39.82,39.8,39.81,0,0,10032
536,2020-09-16 11:58:00,39.8,39.81,39.78,39.81,0,0,14069
537,2020-09-16 11:59:00,39.8,39.81,39.78,39.78,0,0,24326
538,2020-09-16 12:00:00,39.79,39.82,39.79,39.82,0,0,4631
539,2020-09-16 12:01:00,39.82,39.84,39.81,39.84,0,0,13403
540,2020-09-16 12:02:00,39.83,39.84,39.83,39.84,0,0,11371
541,2020-09-16 12:03:00,39.84,39.93,39.83,39.92,0,0,16945
542,2020-09-16 12:04:00,39.92,39.97,39.92,39.97,0,0,22548
543,2020-09-16 12:05:00,39.97,39.99,39.97,39.99,0,0,14394
544,2020-09-16 12:06:00,39.98,39.99,39.96,39.99,0,0,15459
545,2020-09-16 12:07:00,39.99,40.01,39.98,39.98,0,0,15935
546,2020-09-16 12:08:00,39.97,40.01,39.97,40.0,0,0,14544
547,2020-09-16 12:09:00,40.0,40.1,40.0,40.1,0,0,56061
548,2020-09-16 12:10:00,40.1,40.13,40.06,40.06,0,0,31080
549,2020-09-16 12:11:00,40.06,40.07,40.02,40.03,0,0,12093
550,2020-09-16 12:12:00,40.03,40.06,40.03,40.04,0,0,12802
551,2020-09-16 12:13:00,40.04,40.05,40.01,40.03,0,0,26132
552,2020-09-16 12:14:00,40.03,40.04,40.03,40.03,0,0,10464
553,2020-09-16 12:15:00,40.04,40.04,40.02,40.03,0,0,7155
554,2020-09-16 12:16:00,40.02,40.02,39.99,40.0,0,0,18224
555,2020-09-16 12:17:00,39.99,40.0,39.96,39.99,0,0,19212
556,2020-09-16 12:18:00,40.0,40.0,39.99,39.99,0,0,9207
557,2020-09-16 12:19:00,39.99,40.03,39.99,40.03,0,0,10314
558,2020-09-16 12:20:00,40.03,40.03,39.98,39.99,0,0,12763
559,2020-09-16 12:21:00,39.99,40.01,39.97,39.97,0,0,9073
560,2020-09-16 12:22:00,39.96,39.97,39.95,39.97,0,0,8534
561,2020-09-16 12:23:00,39.98,39.99,39.96,39.96,0,0,6704
562,2020-09-16 12:24:00,39.96,39.97,39.95,39.96,0,0,8602
563,2020-09-16 12:25:00,39.96,39.97,39.95,39.96,0,0,8946
564,2020-09-16 12:26:00,39.95,39.97,39.95,39.97,0,0,6756
565,2020-09-16 12:27:00,39.97,39.97,39.94,39.94,0,0,8852
566,2020-09-16 12:28:00,39.94,39.94,39.92,39.94,0,0,9217
567,2020-09-16 12:29:00,39.94,39.96,39.94,39.94,0,0,4313
568,2020-09-16 12:30:00,39.94,39.95,39.91,39.92,0,0,9241
569,2020-09-16 12:31:00,39.91,39.92,39.9,39.92,0,0,12353
570,2020-09-16 12:32:00,39.92,39.92,39.9,39.91,0,0,9583
571,2020-09-16 12:33:00,39.91,39.92,39.9,39.92,0,0,8400
572,2020-09-16 12:34:00,39.92,39.92,39.9,39.91,0,0,13007
573,2020-09-16 12:35:00,39.92,39.94,39.9,39.91,0,0,11571
574,2020-09-16 12:36:00,39.91,39.91,39.85,39.87,0,0,11523
575,2020-09-16 12:37:00,39.86,39.9,39.85,39.89,0,0,6498
576,2020-09-16 12:38:00,39.9,39.91,39.87,39.89,0,0,27864
577,2020-09-16 12:39:00,39.89,39.92,39.89,39.91,0,0,2898
578,2020-09-16 12:40:00,39.89,39.91,39.89,39.9,0,0,8623
579,2020-09-16 12:41:00,39.9,39.91,39.89,39.89,0,0,4964
580,2020-09-16 12:42:00,39.89,39.92,39.86,39.87,0,0,13124
581,2020-09-16 12:43:00,39.87,39.9,39.87,39.89,0,0,18045
582,2020-09-16 12:44:00,39.89,39.92,39.89,39.92,0,0,17121
583,2020-09-16 12:45:00,39.93,39.97,39.92,39.97,0,0,24815
584,2020-09-16 12:46:00,39.97,40.01,39.97,39.97,0,0,27444
585,2020-09-16 12:47:00,39.97,39.97,39.94,39.96,0,0,8792
586,2020-09-16 12:48:00,39.95,39.97,39.89,39.9,0,0,26834
587,2020-09-16 12:49:00,39.89,39.89,39.85,39.87,0,0,16479
588,2020-09-16 12:50:00,39.87,39.88,39.87,39.88,0,0,10094
589,2020-09-16 12:51:00,39.88,39.89,39.86,39.87,0,0,8055
590,2020-09-16 12:52:00,39.87,39.88,39.85,39.86,0,0,10217
591,2020-09-16 12:53:00,39.87,39.88,39.86,39.86,0,0,4148
592,2020-09-16 12:54:00,39.87,39.88,39.87,39.88,0,0,4766
593,2020-09-16 12:55:00,39.89,39.92,39.89,39.92,0,0,10285
594,2020-09-16 12:56:00,39.92,39.94,39.92,39.94,0,0,6084
595,2020-09-16 12:57:00,39.93,39.96,39.93,39.96,0,0,7704
596,2020-09-16 12:58:00,39.94,39.96,39.94,39.96,0,0,7839
597,2020-09-16 12:59:00,39.96,39.97,39.94,39.94,0,0,9073
598,2020-09-16 13:00:00,39.94,39.98,39.93,39.96,0,0,20726
599,2020-09-16 13:01:00,39.96,39.97,39.94,39.96,0,0,9085
600,2020-09-16 13:02:00,39.97,40.02,39.97,39.99,0,0,17814
601,2020-09-16 13:03:00,39.99,39.99,39.96,39.97,0,0,14196
602,2020-09-16 13:04:00,39.97,40.0,39.97,39.99,0,0,3382
603,2020-09-16 13:05:00,40.0,40.04,39.99,40.03,0,0,16136
604,2020-09-16 13:06:00,40.01,40.01,39.97,40.01,0,0,17529
605,2020-09-16 13:07:00,40.01,40.02,39.99,39.99,0,0,7036
606,2020-09-16 13:08:00,39.99,40.01,39.99,40.0,0,0,12449
607,2020-09-16 13:09:00,40.0,40.01,39.98,40.01,0,0,16073
608,2020-09-16 13:10:00,40.01,40.01,39.98,40.0,0,0,10420
609,2020-09-16 13:11:00,40.01,40.01,39.97,39.99,0,0,28949
610,2020-09-16 13:12:00,39.99,40.04,39.99,40.03,0,0,8335
611,2020-09-16 13:13:00,40.03,40.03,40.01,40.03,0,0,21869
612,2020-09-16 13:14:00,40.03,40.08,40.03,40.08,0,0,19439
613,2020-09-16 13:15:00,40.08,40.09,40.06,40.08,0,0,12788
614,2020-09-16 13:16:00,40.09,40.09,40.03,40.03,0,0,24231
615,2020-09-16 13:17:00,40.04,40.05,40.02,40.04,0,0,14746
616,2020-09-16 13:18:00,40.04,40.06,40.02,40.05,0,0,11238
617,2020-09-16 13:19:00,40.04,40.06,40.01,40.04,0,0,15019
618,2020-09-16 13:20:00,40.05,40.05,40.0,40.0,0,0,10316
619,2020-09-16 13:21:00,40.0,40.01,39.99,40.01,0,0,14141
620,2020-09-16 13:22:00,40.0,40.03,39.99,40.02,0,0,11398
621,2020-09-16 13:23:00,40.01,40.03,40.0,40.03,0,0,5692
622,2020-09-16 13:24:00,40.03,40.04,39.97,40.01,0,0,11709
623,2020-09-16 13:25:00,40.01,40.01,39.99,39.99,0,0,10371
624,2020-09-16 13:26:00,39.99,39.99,39.95,39.97,0,0,14406
625,2020-09-16 13:27:00,39.98,40.0,39.98,39.99,0,0,10823
626,2020-09-16 13:28:00,39.99,39.99,39.97,39.97,0,0,11253
627,2020-09-16 13:29:00,39.97,39.97,39.96,39.97,0,0,7648
628,2020-09-16 13:30:00,39.97,39.99,39.97,39.97,0,0,20812
629,2020-09-16 13:31:00,39.98,39.99,39.94,39.94,0,0,10742
630,2020-09-16 13:32:00,39.94,39.94,39.86,39.87,0,0,56658
631,2020-09-16 13:33:00,39.87,39.89,39.87,39.89,0,0,11543
632,2020-09-16 13:34:00,39.9,39.93,39.9,39.93,0,0,8118
633,2020-09-16 13:35:00,39.92,39.92,39.9,39.91,0,0,21449
634,2020-09-16 13:36:00,39.91,39.92,39.89,39.9,0,0,11466
635,2020-09-16 13:37:00,39.89,39.9,39.86,39.88,0,0,22468
636,2020-09-16 13:38:00,39.88,39.9,39.85,39.85,0,0,11078
637,2020-09-16 13:39:00,39.85,39.87,39.83,39.83,0,0,14708
638,2020-09-16 13:40:00,39.83,39.84,39.77,39.78,0,0,29899
639,2020-09-16 13:41:00,39.78,39.81,39.77,39.81,0,0,14482
640,2020-09-16 13:42:00,39.81,39.85,39.81,39.85,0,0,9255
641,2020-09-16 13:43:00,39.85,39.88,39.84,39.84,0,0,14007
642,2020-09-16 13:44:00,39.84,39.85,39.83,39.85,0,0,6968
643,2020-09-16 13:45:00,39.85,39.86,39.84,39.85,0,0,7415
644,2020-09-16 13:46:00,39.85,39.88,39.85,39.88,0,0,13379
645,2020-09-16 13:47:00,39.87,39.88,39.84,39.85,0,0,5073
646,2020-09-16 13:48:00,39.85,39.87,39.85,39.85,0,0,6257
647,2020-09-16 13:49:00,39.85,39.85,39.83,39.85,0,0,7397
648,2020-09-16 13:50:00,39.85,39.87,39.84,39.87,0,0,5120
649,2020-09-16 13:51:00,39.87,39.87,39.82,39.84,0,0,12920
650,2020-09-16 13:52:00,39.83,39.85,39.83,39.85,0,0,5001
651,2020-09-16 13:53:00,39.85,39.87,39.85,39.86,0,0,12231
652,2020-09-16 13:54:00,39.85,39.86,39.85,39.85,0,0,6781
653,2020-09-16 13:55:00,39.85,39.85,39.84,39.85,0,0,10926
654,2020-09-16 13:56:00,39.85,39.86,39.85,39.85,0,0,4813
655,2020-09-16 13:57:00,39.84,39.85,39.83,39.85,0,0,7942
656,2020-09-16 13:58:00,39.85,39.85,39.83,39.83,0,0,3404
657,2020-09-16 13:59:00,39.84,39.92,39.83,39.9,0,0,22921
658,2020-09-16 14:00:00,39.9,39.98,39.83,39.87,0,0,15829
659,2020-09-16 14:01:00,39.89,39.97,39.88,39.97,0,0,14987
660,2020-09-16 14:02:00,39.96,40.05,39.96,40.02,0,0,31035
661,2020-09-16 14:03:00,40.04,40.05,40.0,40.04,0,0,34915
662,2020-09-16 14:04:00,40.04,40.05,39.95,39.96,0,0,32548
663,2020-09-16 14:05:00,39.96,39.97,39.93,39.97,0,0,15133
664,2020-09-16 14:06:00,39.97,39.97,39.91,39.92,0,0,16303
665,2020-09-16 14:07:00,39.92,39.99,39.92,39.99,0,0,11771
666,2020-09-16 14:08:00,39.99,40.01,39.94,39.96,0,0,16528
667,2020-09-16 14:09:00,39.95,39.96,39.9,39.94,0,0,9585
668,2020-09-16 14:10:00,39.96,39.97,39.92,39.93,0,0,25508
669,2020-09-16 14:11:00,39.94,39.98,39.94,39.97,0,0,25694
670,2020-09-16 14:12:00,39.98,40.01,39.97,40.01,0,0,6667
671,2020-09-16 14:13:00,40.01,40.03,40.01,40.03,0,0,21156
672,2020-09-16 14:14:00,40.03,40.04,39.99,40.03,0,0,8017
673,2020-09-16 14:15:00,40.03,40.09,40.03,40.08,0,0,13385
674,2020-09-16 14:16:00,40.08,40.12,40.07,40.11,0,0,58736
675,2020-09-16 14:17:00,40.11,40.13,40.1,40.11,0,0,13704
676,2020-09-16 14:18:00,40.11,40.12,40.08,40.09,0,0,10427
677,2020-09-16 14:19:00,40.1,40.1,40.07,40.08,0,0,12231
678,2020-09-16 14:20:00,40.09,40.11,40.09,40.09,0,0,11088
679,2020-09-16 14:21:00,40.09,40.1,40.08,40.09,0,0,16608
680,2020-09-16 14:22:00,40.1,40.11,40.05,40.06,0,0,17762
681,2020-09-16 14:23:00,40.05,40.1,40.03,40.09,0,0,19637
682,2020-09-16 14:24:00,40.08,40.1,40.06,40.08,0,0,16436
683,2020-09-16 14:25:00,40.07,40.09,40.03,40.03,0,0,14903
684,2020-09-16 14:26:00,40.03,40.05,40.01,40.03,0,0,20606
685,2020-09-16 14:27:00,40.03,40.06,40.03,40.06,0,0,7340
686,2020-09-16 14:28:00,40.06,40.12,40.06,40.11,0,0,26386
687,2020-09-16 14:29:00,40.11,40.17,40.11,40.17,0,0,47661
688,2020-09-16 14:30:00,40.18,40.22,40.17,40.2,0,0,46118
689,2020-09-16 14:31:00,40.2,40.21,40.15,40.19,0,0,38520
690,2020-09-16 14:32:00,40.19,40.19,40.14,40.16,0,0,22611
691,2020-09-16 14:33:00,40.17,40.17,40.12,40.17,0,0,27376
692,2020-09-16 14:34:00,40.17,40.21,40.17,40.19,0,0,19457
693,2020-09-16 14:35:00,40.17,40.2,40.16,40.17,0,0,29528
694,2020-09-16 14:36:00,40.17,40.26,40.17,40.25,0,0,15647
695,2020-09-16 14:37:00,40.26,40.26,40.21,40.24,0,0,32702
696,2020-09-16 14:38:00,40.24,40.28,40.24,40.27,0,0,15465
697,2020-09-16 14:39:00,40.28,40.33,40.28,40.32,0,0,53764
698,2020-09-16 14:40:00,40.32,40.33,40.25,40.26,0,0,41065
699,2020-09-16 14:41:00,40.26,40.28,40.24,40.27,0,0,20923
700,2020-09-16 14:42:00,40.26,40.26,40.2,40.22,0,0,10783
701,2020-09-16 14:43:00,40.22,40.24,40.21,40.22,0,0,15512
702,2020-09-16 14:44:00,40.22,40.23,40.17,40.19,0,0,27165
703,2020-09-16 14:45:00,40.19,40.19,40.13,40.14,0,0,38750
704,2020-09-16 14:46:00,40.15,40.16,40.12,40.12,0,0,14210
705,2020-09-16 14:47:00,40.12,40.14,40.11,40.11,0,0,19581
706,2020-09-16 14:48:00,40.11,40.12,40.09,40.1,0,0,19764
707,2020-09-16 14:49:00,40.1,40.14,40.09,40.14,0,0,12480
708,2020-09-16 14:50:00,40.13,40.13,40.08,40.09,0,0,11137
709,2020-09-16 14:51:00,40.1,40.1,40.03,40.04,0,0,24533
710,2020-09-16 14:52:00,40.05,40.08,40.03,40.06,0,0,18260
711,2020-09-16 14:53:00,40.05,40.05,39.98,39.99,0,0,28016
712,2020-09-16 14:54:00,39.98,40.01,39.98,40.0,0,0,25185
713,2020-09-16 14:55:00,40.0,40.05,39.99,40.05,0,0,18486
714,2020-09-16 14:56:00,40.04,40.08,40.03,40.06,0,0,22315
715,2020-09-16 14:57:00,40.06,40.06,40.01,40.04,0,0,10750
716,2020-09-16 14:58:00,40.04,40.05,40.03,40.05,0,0,11092
717,2020-09-16 14:59:00,40.05,40.08,40.04,40.08,0,0,15075
718,2020-09-16 15:00:00,40.08,40.17,40.07,40.16,0,0,32230
719,2020-09-16 15:01:00,40.16,40.21,40.15,40.2,0,0,50898
720,2020-09-16 15:02:00,40.2,40.22,40.18,40.21,0,0,93793
721,2020-09-16 15:03:00,40.21,40.21,40.16,40.16,0,0,36309
722,2020-09-16 15:04:00,40.17,40.19,40.12,40.12,0,0,16262
723,2020-09-16 15:05:00,40.11,40.13,40.05,40.05,0,0,21532
724,2020-09-16 15:06:00,40.03,40.08,40.0,40.06,0,0,33376
725,2020-09-16 15:07:00,40.07,40.1,40.06,40.08,0,0,12301
726,2020-09-16 15:08:00,40.07,40.08,40.01,40.02,0,0,11576
727,2020-09-16 15:09:00,40.02,40.02,39.98,40.0,0,0,35881
728,2020-09-16 15:10:00,40.0,40.03,39.93,39.94,0,0,53661
729,2020-09-16 15:11:00,39.94,39.96,39.88,39.92,0,0,68812
730,2020-09-16 15:12:00,39.91,39.92,39.88,39.9,0,0,33562
731,2020-09-16 15:13:00,39.9,39.93,39.87,39.93,0,0,30716
732,2020-09-16 15:14:00,39.93,39.95,39.92,39.94,0,0,13231
733,2020-09-16 15:15:00,39.94,39.94,39.88,39.92,0,0,39955
734,2020-09-16 15:16:00,39.92,39.92,39.87,39.88,0,0,25657
735,2020-09-16 15:17:00,39.88,39.93,39.87,39.91,0,0,27137
736,2020-09-16 15:18:00,39.91,39.98,39.91,39.98,0,0,20397
737,2020-09-16 15:19:00,39.99,40.01,39.97,40.01,0,0,21382
738,2020-09-16 15:20:00,40.0,40.0,39.96,39.96,0,0,18100
739,2020-09-16 15:21:00,39.97,40.02,39.97,40.01,0,0,19938
740,2020-09-16 15:22:00,40.01,40.01,39.95,39.96,0,0,19530
741,2020-09-16 15:23:00,39.97,39.97,39.92,39.94,0,0,21407
742,2020-09-16 15:24:00,39.94,39.95,39.88,39.88,0,0,21464
743,2020-09-16 15:25:00,39.89,39.91,39.88,39.9,0,0,20986
744,2020-09-16 15:26:00,39.91,39.92,39.88,39.89,0,0,34724
745,2020-09-16 15:27:00,39.89,39.9,39.84,39.84,0,0,31531
746,2020-09-16 15:28:00,39.84,39.88,39.83,39.87,0,0,12103
747,2020-09-16 15:29:00,39.87,39.88,39.84,39.85,0,0,13002
748,2020-09-16 15:30:00,39.83,39.84,39.78,39.78,0,0,44150
749,2020-09-16 15:31:00,39.78,39.78,39.71,39.72,0,0,82133
750,2020-09-16 15:32:00,39.72,39.76,39.67,39.67,0,0,52335
751,2020-09-16 15:33:00,39.68,39.71,39.65,39.71,0,0,35594
752,2020-09-16 15:34:00,39.7,39.76,39.7,39.76,0,0,40362
753,2020-09-16 15:35:00,39.76,39.83,39.76,39.83,0,0,49623
754,2020-09-16 15:36:00,39.83,39.83,39.8,39.8,0,0,20465
755,2020-09-16 15:37:00,39.8,39.8,39.67,39.67,0,0,43536
756,2020-09-16 15:38:00,39.67,39.69,39.67,39.69,0,0,34800
757,2020-09-16 15:39:00,39.69,39.69,39.61,39.62,0,0,40653
758,2020-09-16 15:40:00,39.62,39.63,39.59,39.61,0,0,40297
759,2020-09-16 15:41:00,39.61,39.67,39.6,39.67,0,0,44589
760,2020-09-16 15:42:00,39.67,39.67,39.62,39.65,0,0,29275
761,2020-09-16 15:43:00,39.64,39.69,39.63,39.68,0,0,26543
762,2020-09-16 15:44:00,39.68,39.71,39.67,39.69,0,0,36672
763,2020-09-16 15:45:00,39.69,39.71,39.67,39.7,0,0,72885
764,2020-09-16 15:46:00,39.69,39.76,39.69,39.76,0,0,37645
765,2020-09-16 15:47:00,39.76,39.81,39.75,39.81,0,0,56287
766,2020-09-16 15:48:00,39.81,39.81,39.77,39.78,0,0,69831
767,2020-09-16 15:49:00,39.78,39.81,39.67,39.67,0,0,102320
768,2020-09-16 15:50:00,39.68,39.75,39.64,39.74,0,0,156113
769,2020-09-16 15:51:00,39.74,39.74,39.6,39.62,0,0,56868
770,2020-09-16 15:52:00,39.62,39.67,39.6,39.61,0,0,56683
771,2020-09-16 15:53:00,39.6,39.65,39.59,39.62,0,0,65228
772,2020-09-16 15:54:00,39.62,39.63,39.57,39.57,0,0,64647
773,2020-09-16 15:55:00,39.58,39.6,39.54,39.56,0,0,99598
774,2020-09-16 15:56:00,39.56,39.61,39.54,39.54,0,0,117966
775,2020-09-16 15:57:00,39.55,39.65,39.54,39.62,0,0,125751
776,2020-09-16 15:58:00,39.62,39.63,39.61,39.62,0,0,245706
777,2020-09-16 15:59:00,39.62,39.8,39.54,39.6,0,0,869244
778,2020-09-17 09:30:00,38.85,38.93,38.79,38.85,0,0,80402
779,2020-09-17 09:31:00,38.85,38.93,38.84,38.93,0,0,4434
780,2020-09-17 09:32:00,38.98,39.05,38.86,38.92,0,0,178650
781,2020-09-17 09:33:00,38.96,38.99,38.79,38.84,0,0,66458
782,2020-09-17 09:34:00,38.87,38.88,38.74,38.74,0,0,51932
783,2020-09-17 09:35:00,38.74,38.79,38.66,38.77,0,0,57018
784,2020-09-17 09:36:00,38.77,38.77,38.67,38.68,0,0,24153
785,2020-09-17 09:37:00,38.67,38.82,38.6,38.82,0,0,102753
786,2020-09-17 09:38:00,38.83,38.9,38.81,38.88,0,0,55339
787,2020-09-17 09:39:00,38.89,38.99,38.86,38.95,0,0,55535
788,2020-09-17 09:40:00,38.95,39.03,38.88,38.94,0,0,56365
789,2020-09-17 09:41:00,38.94,38.99,38.74,38.75,0,0,43622
790,2020-09-17 09:42:00,38.74,38.79,38.7,38.74,0,0,18101
791,2020-09-17 09:43:00,38.73,38.75,38.65,38.7,0,0,34806
792,2020-09-17 09:44:00,38.71,38.76,38.65,38.67,0,0,33635
793,2020-09-17 09:45:00,38.73,38.74,38.7,38.74,0,0,38434
794,2020-09-17 09:46:00,38.74,38.8,38.74,38.8,0,0,17006
795,2020-09-17 09:47:00,38.81,38.94,38.81,38.9,0,0,80885
796,2020-09-17 09:48:00,38.9,38.91,38.85,38.91,0,0,48665
797,2020-09-17 09:49:00,38.9,38.99,38.88,38.94,0,0,34170
798,2020-09-17 09:50:00,38.95,39.03,38.95,39.01,0,0,38886
799,2020-09-17 09:51:00,39.01,39.07,39.0,39.04,0,0,64308
800,2020-09-17 09:52:00,39.04,39.12,39.04,39.08,0,0,57309
801,2020-09-17 09:53:00,39.08,39.09,39.01,39.03,0,0,44881
802,2020-09-17 09:54:00,39.04,39.08,39.01,39.01,0,0,41126
803,2020-09-17 09:55:00,39.01,39.01,38.93,38.96,0,0,53963
804,2020-09-17 09:56:00,38.96,38.97,38.91,38.94,0,0,32398
805,2020-09-17 09:57:00,38.93,38.94,38.85,38.88,0,0,15396
806,2020-09-17 09:58:00,38.87,38.97,38.85,38.94,0,0,28617
807,2020-09-17 09:59:00,38.94,38.94,38.81,38.84,0,0,45475
808,2020-09-17 10:00:00,38.85,38.91,38.8,38.88,0,0,27719
809,2020-09-17 10:01:00,38.89,39.01,38.88,38.97,0,0,40366
810,2020-09-17 10:02:00,38.97,38.97,38.86,38.88,0,0,22577
811,2020-09-17 10:03:00,38.88,38.96,38.87,38.92,0,0,13737
812,2020-09-17 10:04:00,38.93,38.97,38.92,38.96,0,0,13379
813,2020-09-17 10:05:00,38.95,39.07,38.91,39.07,0,0,17161
814,2020-09-17 10:06:00,39.06,39.08,39.03,39.08,0,0,22834
815,2020-09-17 10:07:00,39.08,39.12,39.04,39.05,0,0,23605
816,2020-09-17 10:08:00,39.05,39.11,39.03,39.11,0,0,9889
817,2020-09-17 10:09:00,39.11,39.12,39.05,39.07,0,0,24058
818,2020-09-17 10:10:00,39.08,39.14,39.05,39.14,0,0,39579
819,2020-09-17 10:11:00,39.14,39.19,39.11,39.11,0,0,22578
820,2020-09-17 10:12:00,39.1,39.11,39.08,39.09,0,0,11783
821,2020-09-17 10:13:00,39.08,39.09,39.03,39.09,0,0,23932
822,2020-09-17 10:14:00,39.08,39.13,39.04,39.1,0,0,19093
823,2020-09-17 10:15:00,39.09,39.11,39.04,39.11,0,0,35707
824,2020-09-17 10:16:00,39.11,39.13,39.04,39.08,0,0,37014
825,2020-09-17 10:17:00,39.08,39.1,39.05,39.05,0,0,10503
826,2020-09-17 10:18:00,39.07,39.1,39.03,39.03,0,0,13833
827,2020-09-17 10:19:00,39.04,39.06,38.97,38.99,0,0,45389
828,2020-09-17 10:20:00,38.98,39.13,38.95,39.12,0,0,65881
829,2020-09-17 10:21:00,39.11,39.25,39.1,39.25,0,0,28126
830,2020-09-17 10:22:00,39.24,39.24,39.09,39.1,0,0,33547
831,2020-09-17 10:23:00,39.1,39.1,39.0,39.05,0,0,25056
832,2020-09-17 10:24:00,39.05,39.05,38.95,38.95,0,0,20522
833,2020-09-17 10:25:00,38.94,38.94,38.85,38.86,0,0,17244
834,2020-09-17 10:26:00,38.86,38.9,38.83,38.86,0,0,12801
835,2020-09-17 10:27:00,38.87,38.95,38.87,38.94,0,0,19453
836,2020-09-17 10:28:00,38.93,38.99,38.92,38.98,0,0,27091
837,2020-09-17 10:29:00,38.98,39.04,38.96,39.04,0,0,15289
838,2020-09-17 10:30:00,39.03,39.06,38.97,38.99,0,0,25815
839,2020-09-17 10:31:00,38.98,39.02,38.97,38.99,0,0,9682
840,2020-09-17 10:32:00,38.99,39.04,38.99,39.0,0,0,28090
841,2020-09-17 10:33:00,38.97,39.03,38.95,39.01,0,0,28472
842,2020-09-17 10:34:00,39.03,39.11,39.01,39.1,0,0,36098
843,2020-09-17 10:35:00,39.11,39.12,39.06,39.06,0,0,20700
844,2020-09-17 10:36:00,39.07,39.09,39.03,39.03,0,0,8269
845,2020-09-17 10:37:00,39.01,39.15,38.97,39.11,0,0,57164
846,2020-09-17 10:38:00,39.1,39.1,39.06,39.08,0,0,11855
847,2020-09-17 10:39:00,39.08,39.11,39.07,39.08,0,0,9262
848,2020-09-17 10:40:00,39.08,39.08,39.01,39.06,0,0,23310
849,2020-09-17 10:41:00,39.06,39.06,39.02,39.03,0,0,12854
850,2020-09-17 10:42:00,39.03,39.13,39.03,39.13,0,0,15209
851,2020-09-17 10:43:00,39.15,39.16,39.11,39.15,0,0,10745
852,2020-09-17 10:44:00,39.14,39.15,39.13,39.14,0,0,5286
853,2020-09-17 10:45:00,39.15,39.21,39.11,39.19,0,0,44130
854,2020-09-17 10:46:00,39.18,39.19,39.15,39.15,0,0,12277
855,2020-09-17 10:47:00,39.17,39.22,39.17,39.21,0,0,75225
856,2020-09-17 10:48:00,39.22,39.24,39.18,39.19,0,0,18131
857,2020-09-17 10:49:00,39.19,39.22,39.16,39.19,0,0,9933
858,2020-09-17 10:50:00,39.2,39.21,39.13,39.18,0,0,9736
859,2020-09-17 10:51:00,39.19,39.23,39.17,39.23,0,0,8633
860,2020-09-17 10:52:00,39.22,39.22,39.17,39.2,0,0,7703
861,2020-09-17 10:53:00,39.21,39.23,39.18,39.18,0,0,21732
862,2020-09-17 10:54:00,39.17,39.24,39.16,39.24,0,0,23074
863,2020-09-17 10:55:00,39.24,39.24,39.18,39.18,0,0,22489
864,2020-09-17 10:56:00,39.19,39.19,39.16,39.16,0,0,11886
865,2020-09-17 10:57:00,39.16,39.19,39.16,39.16,0,0,6185
866,2020-09-17 10:58:00,39.16,39.17,39.1,39.11,0,0,9248
867,2020-09-17 10:59:00,39.12,39.16,39.12,39.15,0,0,9340
868,2020-09-17 11:00:00,39.16,39.17,39.12,39.15,0,0,8881
869,2020-09-17 11:01:00,39.16,39.21,39.16,39.18,0,0,7420
870,2020-09-17 11:02:00,39.2,39.24,39.2,39.23,0,0,20944
871,2020-09-17 11:03:00,39.22,39.26,39.21,39.26,0,0,14064
872,2020-09-17 11:04:00,39.26,39.28,39.24,39.28,0,0,17581
873,2020-09-17 11:05:00,39.28,39.3,39.24,39.28,0,0,17536
874,2020-09-17 11:06:00,39.3,39.37,39.29,39.37,0,0,10903
875,2020-09-17 11:07:00,39.36,39.36,39.33,39.34,0,0,11356
876,2020-09-17 11:08:00,39.33,39.33,39.28,39.28,0,0,10123
877,2020-09-17 11:09:00,39.28,39.3,39.24,39.29,0,0,13406
878,2020-09-17 11:10:00,39.27,39.32,39.27,39.32,0,0,7537
879,2020-09-17 11:11:00,39.34,39.35,39.32,39.32,0,0,16857
880,2020-09-17 11:12:00,39.31,39.31,39.31,39.31,0,0,215
881,2020-09-17 11:13:00,39.27,39.29,39.27,39.28,0,0,11894
882,2020-09-17 11:14:00,39.26,39.26,39.24,39.26,0,0,6609
883,2020-09-17 11:15:00,39.32,39.34,39.32,39.33,0,0,14608
884,2020-09-17 11:16:00,39.32,39.34,39.32,39.32,0,0,7324
885,2020-09-17 11:17:00,39.31,39.31,39.23,39.23,0,0,9713
886,2020-09-17 11:18:00,39.24,39.25,39.2,39.23,0,0,9900
887,2020-09-17 11:19:00,39.23,39.25,39.22,39.24,0,0,12198
888,2020-09-17 11:20:00,39.24,39.26,39.22,39.24,0,0,15865
889,2020-09-17 11:21:00,39.26,39.27,39.24,39.25,0,0,20150
890,2020-09-17 11:22:00,39.23,39.25,39.22,39.24,0,0,7751
891,2020-09-17 11:23:00,39.25,39.28,39.25,39.27,0,0,8267
892,2020-09-17 11:24:00,39.28,39.28,39.25,39.27,0,0,21811
893,2020-09-17 11:25:00,39.28,39.28,39.27,39.28,0,0,29088
894,2020-09-17 11:26:00,39.28,39.29,39.25,39.26,0,0,53468
895,2020-09-17 11:27:00,39.27,39.31,39.26,39.31,0,0,9516
896,2020-09-17 11:28:00,39.3,39.33,39.3,39.3,0,0,7651
897,2020-09-17 11:29:00,39.3,39.33,39.28,39.31,0,0,13697
898,2020-09-17 11:30:00,39.31,39.32,39.28,39.31,0,0,23474
899,2020-09-17 11:31:00,39.32,39.33,39.27,39.28,0,0,10398
900,2020-09-17 11:32:00,39.28,39.37,39.28,39.35,0,0,12356
901,2020-09-17 11:33:00,39.35,39.37,39.26,39.29,0,0,14577
902,2020-09-17 11:34:00,39.3,39.31,39.26,39.28,0,0,26052
903,2020-09-17 11:35:00,39.3,39.31,39.27,39.29,0,0,16136
904,2020-09-17 11:36:00,39.29,39.31,39.25,39.29,0,0,13189
905,2020-09-17 11:37:00,39.29,39.3,39.28,39.29,0,0,26486
906,2020-09-17 11:38:00,39.29,39.32,39.27,39.28,0,0,67924
907,2020-09-17 11:39:00,39.28,39.28,39.25,39.26,0,0,5556
908,2020-09-17 11:40:00,39.27,39.3,39.24,39.26,0,0,15859
909,2020-09-17 11:41:00,39.26,39.26,39.21,39.22,0,0,23812
910,2020-09-17 11:42:00,39.23,39.23,39.16,39.18,0,0,52761
911,2020-09-17 11:43:00,39.17,39.18,39.13,39.14,0,0,15988
912,2020-09-17 11:44:00,39.13,39.13,39.09,39.1,0,0,6950
913,2020-09-17 11:45:00,39.1,39.12,39.08,39.08,0,0,4946
914,2020-09-17 11:46:00,39.08,39.11,39.07,39.1,0,0,8399
915,2020-09-17 11:47:00,39.11,39.11,39.08,39.09,0,0,5642
916,2020-09-17 11:48:00,39.08,39.09,39.06,39.06,0,0,14813
917,2020-09-17 11:49:00,39.07,39.08,39.04,39.04,0,0,46557
918,2020-09-17 11:50:00,39.04,39.07,39.03,39.04,0,0,14374
919,2020-09-17 11:51:00,39.04,39.04,39.01,39.03,0,0,9454
920,2020-09-17 11:52:00,39.02,39.04,39.0,39.03,0,0,11390
921,2020-09-17 11:53:00,39.03,39.1,39.02,39.1,0,0,27383
922,2020-09-17 11:54:00,39.1,39.11,39.08,39.1,0,0,7716
923,2020-09-17 11:55:00,39.11,39.13,39.1,39.11,0,0,7471
924,2020-09-17 11:56:00,39.1,39.1,39.02,39.03,0,0,25975
925,2020-09-17 11:57:00,39.03,39.05,39.03,39.03,0,0,6165
926,2020-09-17 11:58:00,39.03,39.08,39.03,39.08,0,0,4704
927,2020-09-17 11:59:00,39.07,39.07,39.04,39.06,0,0,9613
928,2020-09-17 12:00:00,39.06,39.07,39.04,39.06,0,0,12897
929,2020-09-17 12:01:00,39.06,39.1,39.06,39.1,0,0,7499
930,2020-09-17 12:02:00,39.1,39.12,39.06,39.1,0,0,12223
931,2020-09-17 12:03:00,39.1,39.1,39.06,39.1,0,0,8089
932,2020-09-17 12:04:00,39.1,39.13,39.1,39.11,0,0,4105
933,2020-09-17 12:05:00,39.12,39.15,39.11,39.12,0,0,11062
934,2020-09-17 12:06:00,39.11,39.12,39.09,39.1,0,0,16353
935,2020-09-17 12:07:00,39.11,39.12,39.02,39.02,0,0,15005
936,2020-09-17 12:08:00,39.02,39.04,38.99,38.99,0,0,22159
937,2020-09-17 12:09:00,39.0,39.02,38.99,39.01,0,0,11336
938,2020-09-17 12:10:00,39.02,39.04,38.99,39.01,0,0,8094
939,2020-09-17 12:11:00,39.01,39.02,38.96,38.97,0,0,13210
940,2020-09-17 12:12:00,38.96,38.99,38.96,38.97,0,0,33304
941,2020-09-17 12:13:00,38.98,38.99,38.97,38.99,0,0,27368
942,2020-09-17 12:14:00,38.99,38.99,38.93,38.94,0,0,18001
943,2020-09-17 12:15:00,38.96,38.98,38.92,38.97,0,0,28954
944,2020-09-17 12:16:00,38.96,39.0,38.96,38.99,0,0,10615
945,2020-09-17 12:17:00,38.97,38.97,38.9,38.92,0,0,19683
946,2020-09-17 12:18:00,38.92,38.93,38.87,38.92,0,0,26251
947,2020-09-17 12:19:00,38.93,38.95,38.92,38.92,0,0,21148
948,2020-09-17 12:20:00,38.93,38.93,38.89,38.9,0,0,7362
949,2020-09-17 12:21:00,38.91,38.97,38.91,38.96,0,0,10514
950,2020-09-17 12:22:00,38.97,38.97,38.94,38.96,0,0,8057
951,2020-09-17 12:23:00,38.96,38.97,38.93,38.96,0,0,11294
952,2020-09-17 12:24:00,38.96,38.96,38.9,38.94,0,0,33905
953,2020-09-17 12:25:00,38.94,38.94,38.87,38.87,0,0,13164
954,2020-09-17 12:26:00,38.87,38.92,38.85,38.9,0,0,22491
955,2020-09-17 12:27:00,38.91,38.97,38.9,38.96,0,0,6817
956,2020-09-17 12:28:00,38.95,38.96,38.89,38.89,0,0,41393
957,2020-09-17 12:29:00,38.9,38.92,38.89,38.9,0,0,13504
958,2020-09-17 12:30:00,38.9,38.9,38.86,38.88,0,0,14398
959,2020-09-17 12:31:00,38.88,38.9,38.88,38.89,0,0,38746
960,2020-09-17 12:32:00,38.88,38.9,38.85,38.9,0,0,26617
961,2020-09-17 12:33:00,38.9,39.02,38.9,39.0,0,0,34084
962,2020-09-17 12:34:00,38.99,38.99,38.94,38.96,0,0,28087
963,2020-09-17 12:35:00,38.95,38.99,38.93,38.95,0,0,22044
964,2020-09-17 12:36:00,38.94,38.95,38.89,38.91,0,0,17675
965,2020-09-17 12:37:00,38.92,38.92,38.87,38.9,0,0,9086
966,2020-09-17 12:38:00,38.89,38.94,38.89,38.94,0,0,49893
967,2020-09-17 12:39:00,38.94,38.94,38.9,38.93,0,0,17968
968,2020-09-17 12:40:00,38.93,38.94,38.89,38.94,0,0,42298
969,2020-09-17 12:41:00,38.94,38.95,38.88,38.89,0,0,30643
970,2020-09-17 12:42:00,38.89,38.93,38.87,38.87,0,0,10500
971,2020-09-17 12:43:00,38.86,38.87,38.83,38.85,0,0,17207
972,2020-09-17 12:44:00,38.83,38.89,38.81,38.88,0,0,10649
973,2020-09-17 12:45:00,38.87,38.87,38.8,38.8,0,0,8306
974,2020-09-17 12:46:00,38.8,38.8,38.72,38.72,0,0,79932
975,2020-09-17 12:47:00,38.72,38.74,38.68,38.69,0,0,20586
976,2020-09-17 12:48:00,38.68,38.72,38.67,38.7,0,0,23036
977,2020-09-17 12:49:00,38.71,38.75,38.7,38.7,0,0,15019
978,2020-09-17 12:50:00,38.69,38.7,38.65,38.68,0,0,19048
979,2020-09-17 12:51:00,38.69,38.78,38.69,38.77,0,0,18355
980,2020-09-17 12:52:00,38.77,38.78,38.75,38.78,0,0,13294
981,2020-09-17 12:53:00,38.78,38.81,38.77,38.78,0,0,59300
982,2020-09-17 12:54:00,38.76,38.79,38.74,38.77,0,0,39136
983,2020-09-17 12:55:00,38.77,38.83,38.76,38.83,0,0,61765
984,2020-09-17 12:56:00,38.83,38.83,38.79,38.81,0,0,7118
985,2020-09-17 12:57:00,38.82,38.86,38.82,38.85,0,0,19972
986,2020-09-17 12:58:00,38.87,38.87,38.84,38.85,0,0,3880
987,2020-09-17 12:59:00,38.85,38.89,38.83,38.89,0,0,13473
988,2020-09-17 13:00:00,38.88,38.92,38.86,38.91,0,0,24043
989,2020-09-17 13:01:00,38.91,38.91,38.89,38.9,0,0,6753
990,2020-09-17 13:02:00,38.9,38.92,38.89,38.89,0,0,15225
991,2020-09-17 13:03:00,38.92,38.95,38.91,38.92,0,0,14524
992,2020-09-17 13:04:00,38.92,38.94,38.91,38.91,0,0,4546
993,2020-09-17 13:05:00,38.9,38.9,38.87,38.9,0,0,5219
994,2020-09-17 13:06:00,38.9,38.91,38.9,38.9,0,0,9158
995,2020-09-17 13:07:00,38.91,38.93,38.9,38.9,0,0,7566
996,2020-09-17 13:08:00,38.9,38.92,38.87,38.92,0,0,8928
997,2020-09-17 13:09:00,38.92,38.92,38.89,38.89,0,0,3163
998,2020-09-17 13:10:00,38.89,38.91,38.88,38.9,0,0,6297
999,2020-09-17 13:11:00,38.89,38.95,38.88,38.94,0,0,18052
1000,2020-09-17 13:12:00,38.95,38.99,38.95,38.97,0,0,11204
1001,2020-09-17 13:13:00,38.97,38.97,38.93,38.93,0,0,9539
1002,2020-09-17 13:14:00,38.93,38.94,38.92,38.93,0,0,7412
1003,2020-09-17 13:15:00,38.94,38.95,38.89,38.9,0,0,31569
1004,2020-09-17 13:16:00,38.91,38.91,38.83,38.84,0,0,11594
1005,2020-09-17 13:17:00,38.85,38.9,38.85,38.9,0,0,11786
1006,2020-09-17 13:18:00,38.9,38.91,38.89,38.9,0,0,14176
1007,2020-09-17 13:19:00,38.91,38.91,38.86,38.86,0,0,29418
1008,2020-09-17 13:20:00,38.85,38.91,38.84,38.9,0,0,14700
1009,2020-09-17 13:21:00,38.9,38.95,38.9,38.95,0,0,10518
1010,2020-09-17 13:22:00,38.94,38.94,38.9,38.92,0,0,10047
1011,2020-09-17 13:23:00,38.91,38.92,38.89,38.91,0,0,41137
1012,2020-09-17 13:24:00,38.9,38.95,38.9,38.95,0,0,4958
1013,2020-09-17 13:25:00,38.96,38.99,38.96,38.98,0,0,11371
1014,2020-09-17 13:26:00,38.98,39.0,38.97,38.99,0,0,11118
1015,2020-09-17 13:27:00,38.98,38.98,38.94,38.97,0,0,16388
1016,2020-09-17 13:28:00,38.96,38.97,38.94,38.95,0,0,5127
1017,2020-09-17 13:29:00,38.96,38.99,38.96,38.97,0,0,9498
1018,2020-09-17 13:30:00,38.96,39.01,38.96,39.01,0,0,38922
1019,2020-09-17 13:31:00,39.01,39.06,39.0,39.04,0,0,36510
1020,2020-09-17 13:32:00,39.05,39.07,39.03,39.05,0,0,19618
1021,2020-09-17 13:33:00,39.05,39.06,39.02,39.06,0,0,14506
1022,2020-09-17 13:34:00,39.06,39.06,39.03,39.05,0,0,20097
1023,2020-09-17 13:35:00,39.04,39.06,39.02,39.06,0,0,20370
1024,2020-09-17 13:36:00,39.05,39.05,39.02,39.03,0,0,8631
1025,2020-09-17 13:37:00,39.02,39.03,38.97,38.98,0,0,17192
1026,2020-09-17 13:38:00,38.98,38.99,38.94,38.97,0,0,21721
1027,2020-09-17 13:39:00,38.97,39.01,38.97,39.01,0,0,19244
1028,2020-09-17 13:40:00,39.0,39.02,39.0,39.01,0,0,7772
1029,2020-09-17 13:41:00,39.02,39.03,39.0,39.02,0,0,16657
1030,2020-09-17 13:42:00,39.02,39.06,39.01,39.06,0,0,16904
1031,2020-09-17 13:43:00,39.06,39.08,39.06,39.06,0,0,17096
1032,2020-09-17 13:44:00,39.06,39.08,39.05,39.06,0,0,10680
1033,2020-09-17 13:45:00,39.05,39.08,39.04,39.08,0,0,6360
1034,2020-09-17 13:46:00,39.08,39.08,39.06,39.08,0,0,6525
1035,2020-09-17 13:47:00,39.07,39.08,39.05,39.08,0,0,10270
1036,2020-09-17 13:48:00,39.08,39.09,39.05,39.08,0,0,7063
1037,2020-09-17 13:49:00,39.09,39.12,39.08,39.11,0,0,9111
1038,2020-09-17 13:50:00,39.1,39.11,39.09,39.09,0,0,8189
1039,2020-09-17 13:51:00,39.1,39.1,39.08,39.1,0,0,2845
1040,2020-09-17 13:52:00,39.11,39.14,39.11,39.11,0,0,6363
1041,2020-09-17 13:53:00,39.11,39.13,39.09,39.1,0,0,11930
1042,2020-09-17 13:54:00,39.1,39.1,39.07,39.08,0,0,28248
1043,2020-09-17 13:55:00,39.09,39.1,39.05,39.07,0,0,11190
1044,2020-09-17 13:56:00,39.06,39.06,39.02,39.05,0,0,9310
1045,2020-09-17 13:57:00,39.05,39.06,39.04,39.06,0,0,19637
1046,2020-09-17 13:58:00,39.06,39.06,39.04,39.05,0,0,3760
1047,2020-09-17 13:59:00,39.05,39.07,39.01,39.03,0,0,7803
1048,2020-09-17 14:00:00,39.03,39.07,39.03,39.06,0,0,9498
1049,2020-09-17 14:01:00,39.06,39.08,39.04,39.06,0,0,9496
1050,2020-09-17 14:02:00,39.04,39.11,39.04,39.1,0,0,13060
1051,2020-09-17 14:03:00,39.11,39.12,39.1,39.12,0,0,17887
1052,2020-09-17 14:04:00,39.12,39.15,39.12,39.15,0,0,11679
1053,2020-09-17 14:05:00,39.15,39.17,39.14,39.15,0,0,36731
1054,2020-09-17 14:06:00,39.15,39.15,39.14,39.15,0,0,4543
1055,2020-09-17 14:07:00,39.15,39.17,39.15,39.17,0,0,4352
1056,2020-09-17 14:08:00,39.18,39.18,39.14,39.14,0,0,4440
1057,2020-09-17 14:09:00,39.13,39.16,39.13,39.14,0,0,5408
1058,2020-09-17 14:10:00,39.14,39.15,39.12,39.15,0,0,6870
1059,2020-09-17 14:11:00,39.15,39.19,39.15,39.17,0,0,10867
1060,2020-09-17 14:12:00,39.17,39.19,39.16,39.16,0,0,8342
1061,2020-09-17 14:13:00,39.15,39.18,39.15,39.18,0,0,4763
1062,2020-09-17 14:14:00,39.18,39.18,39.16,39.16,0,0,6873
1063,2020-09-17 14:15:00,39.17,39.18,39.16,39.16,0,0,8202
1064,2020-09-17 14:16:00,39.16,39.17,39.14,39.14,0,0,7972
1065,2020-09-17 14:17:00,39.15,39.15,39.12,39.12,0,0,2902
1066,2020-09-17 14:18:00,39.12,39.12,39.1,39.11,0,0,8505
1067,2020-09-17 14:19:00,39.11,39.12,39.1,39.11,0,0,9921
1068,2020-09-17 14:20:00,39.1,39.11,39.08,39.08,0,0,8652
1069,2020-09-17 14:21:00,39.09,39.1,39.06,39.08,0,0,6919
1070,2020-09-17 14:22:00,39.07,39.08,39.04,39.04,0,0,5836
1071,2020-09-17 14:23:00,39.04,39.08,39.03,39.08,0,0,6749
1072,2020-09-17 14:24:00,39.08,39.08,39.06,39.06,0,0,3324
1073,2020-09-17 14:25:00,39.07,39.09,39.06,39.09,0,0,8871
1074,2020-09-17 14:26:00,39.09,39.1,39.08,39.08,0,0,4812
1075,2020-09-17 14:27:00,39.08,39.09,39.05,39.06,0,0,13879
1076,2020-09-17 14:28:00,39.05,39.05,39.0,39.0,0,0,14583
1077,2020-09-17 14:29:00,39.01,39.02,38.99,38.99,0,0,10787
1078,2020-09-17 14:30:00,38.98,38.98,38.95,38.96,0,0,11943
1079,2020-09-17 14:31:00,38.96,38.99,38.96,38.99,0,0,4400
1080,2020-09-17 14:32:00,38.98,39.01,38.97,39.0,0,0,12364
1081,2020-09-17 14:33:00,39.01,39.01,39.0,39.0,0,0,9098
1082,2020-09-17 14:34:00,38.99,38.99,38.96,38.97,0,0,8331
1083,2020-09-17 14:35:00,38.96,38.98,38.95,38.97,0,0,7504
1084,2020-09-17 14:36:00,38.98,38.98,38.92,38.92,0,0,6767
1085,2020-09-17 14:37:00,38.93,38.95,38.93,38.94,0,0,8823
1086,2020-09-17 14:38:00,38.94,38.94,38.93,38.93,0,0,4675
1087,2020-09-17 14:39:00,38.92,38.92,38.89,38.89,0,0,8620
1088,2020-09-17 14:40:00,38.9,38.9,38.88,38.88,0,0,8923
1089,2020-09-17 14:41:00,38.89,38.95,38.89,38.93,0,0,19867
1090,2020-09-17 14:42:00,38.93,38.95,38.92,38.94,0,0,8767
1091,2020-09-17 14:43:00,38.94,38.97,38.94,38.97,0,0,5152
1092,2020-09-17 14:44:00,38.96,39.01,38.96,39.0,0,0,29152
1093,2020-09-17 14:45:00,38.99,39.01,38.98,39.0,0,0,8501
1094,2020-09-17 14:46:00,39.0,39.0,38.96,38.96,0,0,40297
1095,2020-09-17 14:47:00,38.97,38.99,38.97,38.99,0,0,14198
1096,2020-09-17 14:48:00,38.99,39.04,38.99,39.03,0,0,15981
1097,2020-09-17 14:49:00,39.03,39.04,39.02,39.04,0,0,10395
1098,2020-09-17 14:50:00,39.04,39.06,39.02,39.03,0,0,22870
1099,2020-09-17 14:51:00,39.03,39.05,39.03,39.04,0,0,18666
1100,2020-09-17 14:52:00,39.04,39.06,39.03,39.04,0,0,18052
1101,2020-09-17 14:53:00,39.03,39.03,39.01,39.03,0,0,7835
1102,2020-09-17 14:54:00,39.04,39.07,39.03,39.07,0,0,9109
1103,2020-09-17 14:55:00,39.07,39.11,39.06,39.1,0,0,17653
1104,2020-09-17 14:56:00,39.09,39.09,39.06,39.07,0,0,9228
1105,2020-09-17 14:57:00,39.06,39.08,39.06,39.08,0,0,10455
1106,2020-09-17 14:58:00,39.08,39.1,39.06,39.06,0,0,6823
1107,2020-09-17 14:59:00,39.06,39.06,39.03,39.04,0,0,12839
1108,2020-09-17 15:00:00,39.04,39.08,39.0,39.01,0,0,20822
1109,2020-09-17 15:01:00,39.0,39.01,38.99,39.0,0,0,11505
1110,2020-09-17 15:02:00,39.0,39.0,38.95,38.97,0,0,21221
1111,2020-09-17 15:03:00,38.96,38.96,38.93,38.94,0,0,14400
1112,2020-09-17 15:04:00,38.93,38.94,38.91,38.92,0,0,20515
1113,2020-09-17 15:05:00,38.92,38.94,38.9,38.93,0,0,18525
1114,2020-09-17 15:06:00,38.93,38.94,38.93,38.94,0,0,6892
1115,2020-09-17 15:07:00,38.94,38.99,38.94,38.99,0,0,8857
1116,2020-09-17 15:08:00,38.99,39.01,38.98,39.01,0,0,16947
1117,2020-09-17 15:09:00,39.0,39.02,39.0,39.01,0,0,12376
1118,2020-09-17 15:10:00,39.02,39.1,39.02,39.09,0,0,12524
1119,2020-09-17 15:11:00,39.09,39.15,39.08,39.15,0,0,23523
1120,2020-09-17 15:12:00,39.14,39.17,39.13,39.16,0,0,25637
1121,2020-09-17 15:13:00,39.17,39.19,39.16,39.19,0,0,30212
1122,2020-09-17 15:14:00,39.19,39.19,39.15,39.15,0,0,9286
1123,2020-09-17 15:15:00,39.15,39.19,39.15,39.15,0,0,10808
1124,2020-09-17 15:16:00,39.15,39.19,39.13,39.18,0,0,12413
1125,2020-09-17 15:17:00,39.17,39.19,39.15,39.19,0,0,34637
1126,2020-09-17 15:18:00,39.19,39.2,39.17,39.18,0,0,28535
1127,2020-09-17 15:19:00,39.19,39.19,39.14,39.14,0,0,17930
1128,2020-09-17 15:20:00,39.15,39.19,39.15,39.19,0,0,11629
1129,2020-09-17 15:21:00,39.2,39.21,39.14,39.14,0,0,15215
1130,2020-09-17 15:22:00,39.14,39.14,39.09,39.09,0,0,13300
1131,2020-09-17 15:23:00,39.1,39.12,39.09,39.09,0,0,10069
1132,2020-09-17 15:24:00,39.08,39.08,39.01,39.01,0,0,11506
1133,2020-09-17 15:25:00,39.01,39.01,38.96,38.97,0,0,20038
1134,2020-09-17 15:26:00,38.97,38.99,38.94,38.94,0,0,30684
1135,2020-09-17 15:27:00,38.95,38.97,38.93,38.97,0,0,12507
1136,2020-09-17 15:28:00,38.97,38.97,38.96,38.97,0,0,11422
1137,2020-09-17 15:29:00,38.97,38.99,38.96,38.97,0,0,20815
1138,2020-09-17 15:30:00,38.96,39.01,38.95,38.99,0,0,28451
1139,2020-09-17 15:31:00,39.0,39.07,38.98,39.06,0,0,21453
1140,2020-09-17 15:32:00,39.07,39.11,39.06,39.1,0,0,38870
1141,2020-09-17 15:33:00,39.1,39.17,39.1,39.13,0,0,25942
1142,2020-09-17 15:34:00,39.13,39.17,39.13,39.15,0,0,17233
1143,2020-09-17 15:35:00,39.15,39.19,39.15,39.17,0,0,21030
1144,2020-09-17 15:36:00,39.17,39.21,39.15,39.16,0,0,29335
1145,2020-09-17 15:37:00,39.17,39.2,39.16,39.17,0,0,23993
1146,2020-09-17 15:38:00,39.15,39.19,39.15,39.19,0,0,22969
1147,2020-09-17 15:39:00,39.2,39.26,39.2,39.25,0,0,48233
1148,2020-09-17 15:40:00,39.25,39.3,39.25,39.28,0,0,31023
1149,2020-09-17 15:41:00,39.27,39.28,39.24,39.26,0,0,31729
1150,2020-09-17 15:42:00,39.25,39.26,39.24,39.24,0,0,21070
1151,2020-09-17 15:43:00,39.24,39.26,39.24,39.26,0,0,24338
1152,2020-09-17 15:44:00,39.25,39.27,39.23,39.24,0,0,33907
1153,2020-09-17 15:45:00,39.24,39.27,39.23,39.24,0,0,43163
1154,2020-09-17 15:46:00,39.24,39.25,39.22,39.23,0,0,49271
1155,2020-09-17 15:47:00,39.23,39.31,39.23,39.31,0,0,46702
1156,2020-09-17 15:48:00,39.31,39.35,39.29,39.35,0,0,49009
1157,2020-09-17 15:49:00,39.34,39.34,39.3,39.31,0,0,42288
1158,2020-09-17 15:50:00,39.31,39.37,39.3,39.35,0,0,59715
1159,2020-09-17 15:51:00,39.35,39.35,39.29,39.33,0,0,47274
1160,2020-09-17 15:52:00,39.33,39.37,39.3,39.37,0,0,78640
1161,2020-09-17 15:53:00,39.37,39.43,39.35,39.41,0,0,104963
1162,2020-09-17 15:54:00,39.42,39.47,39.4,39.47,0,0,105056
1163,2020-09-17 15:55:00,39.46,39.53,39.46,39.53,0,0,164918
1164,2020-09-17 15:56:00,39.53,39.53,39.48,39.49,0,0,184531
1165,2020-09-17 15:57:00,39.48,39.51,39.43,39.43,0,0,130650
1166,2020-09-17 15:58:00,39.44,39.45,39.41,39.44,0,0,175893
1167,2020-09-17 15:59:00,39.44,39.53,39.35,39.35,0,0,614281
1168,2020-09-18 09:30:00,39.36,39.52,39.31,39.44,0,0,41984
1169,2020-09-18 09:31:00,39.42,39.51,39.41,39.48,0,0,2922
1170,2020-09-18 09:32:00,39.51,39.59,39.38,39.51,0,0,649036
1171,2020-09-18 09:33:00,39.51,39.84,39.51,39.81,0,0,94366
1172,2020-09-18 09:34:00,39.84,39.89,39.66,39.7,0,0,47875
1173,2020-09-18 09:35:00,39.71,39.79,39.65,39.72,0,0,30466
1174,2020-09-18 09:36:00,39.72,39.78,39.65,39.74,0,0,44580
1175,2020-09-18 09:37:00,39.73,39.83,39.72,39.75,0,0,25216
1176,2020-09-18 09:38:00,39.76,39.9,39.71,39.89,0,0,56582
1177,2020-09-18 09:39:00,39.89,40.0,39.85,39.92,0,0,107776
1178,2020-09-18 09:40:00,39.9,39.95,39.86,39.92,0,0,69108
1179,2020-09-18 09:41:00,39.93,40.01,39.93,39.98,0,0,156001
1180,2020-09-18 09:42:00,39.99,40.02,39.89,39.89,0,0,83112
1181,2020-09-18 09:43:00,39.9,39.98,39.81,39.9,0,0,55388
1182,2020-09-18 09:44:00,39.92,39.95,39.85,39.85,0,0,18553
1183,2020-09-18 09:45:00,39.86,39.96,39.82,39.86,0,0,47079
1184,2020-09-18 09:46:00,39.86,39.87,39.83,39.85,0,0,31867
1185,2020-09-18 09:47:00,39.85,39.86,39.78,39.82,0,0,44915
1186,2020-09-18 09:48:00,39.82,39.83,39.75,39.83,0,0,75000
1187,2020-09-18 09:49:00,39.83,39.9,39.78,39.89,0,0,35245
1188,2020-09-18 09:50:00,39.88,39.92,39.81,39.86,0,0,56544
1189,2020-09-18 09:51:00,39.86,39.92,39.83,39.92,0,0,31686
1190,2020-09-18 09:52:00,39.92,40.01,39.9,40.01,0,0,77389
1191,2020-09-18 09:53:00,40.0,40.16,39.99,40.1,0,0,176225
1192,2020-09-18 09:54:00,40.11,40.14,40.03,40.06,0,0,91437
1193,2020-09-18 09:55:00,40.06,40.08,39.98,40.07,0,0,83569
1194,2020-09-18 09:56:00,40.07,40.12,40.06,40.07,0,0,32561
1195,2020-09-18 09:57:00,40.08,40.08,40.01,40.05,0,0,36710
1196,2020-09-18 09:58:00,40.04,40.04,39.96,39.98,0,0,33673
1197,2020-09-18 09:59:00,40.0,40.1,39.94,40.1,0,0,41492
1198,2020-09-18 10:00:00,40.11,40.23,40.11,40.22,0,0,81707
1199,2020-09-18 10:01:00,40.22,40.24,40.16,40.19,0,0,98561
1200,2020-09-18 10:02:00,40.2,40.2,40.08,40.12,0,0,36580
1201,2020-09-18 10:03:00,40.12,40.19,40.08,40.19,0,0,21343
1202,2020-09-18 10:04:00,40.19,40.22,40.18,40.21,0,0,82476
1203,2020-09-18 10:05:00,40.15,40.19,40.15,40.16,0,0,54759
1204,2020-09-18 10:06:00,40.15,40.16,40.08,40.1,0,0,29401
1205,2020-09-18 10:07:00,40.1,40.1,40.05,40.07,0,0,18789
1206,2020-09-18 10:08:00,40.09,40.09,40.04,40.04,0,0,13455
1207,2020-09-18 10:09:00,40.04,40.06,40.03,40.04,0,0,13378
1208,2020-09-18 10:10:00,40.04,40.08,39.98,39.99,0,0,37333
1209,2020-09-18 10:11:00,39.99,40.03,39.99,40.0,0,0,20698
1210,2020-09-18 10:12:00,40.0,40.03,39.97,40.01,0,0,15086
1211,2020-09-18 10:13:00,39.99,40.02,39.94,40.02,0,0,35668
1212,2020-09-18 10:14:00,40.02,40.02,39.99,39.99,0,0,16683
1213,2020-09-18 10:15:00,40.0,40.01,39.98,40.0,0,0,27770
1214,2020-09-18 10:16:00,40.01,40.11,40.01,40.1,0,0,29300
1215,2020-09-18 10:17:00,40.1,40.11,40.07,40.07,0,0,8887
1216,2020-09-18 10:18:00,40.06,40.1,40.05,40.06,0,0,17377
1217,2020-09-18 10:19:00,40.06,40.06,39.98,39.99,0,0,32895
1218,2020-09-18 10:20:00,39.99,40.0,39.96,39.97,0,0,32153
1219,2020-09-18 10:21:00,39.97,40.04,39.97,40.04,0,0,30830
1220,2020-09-18 10:22:00,40.03,40.03,39.99,40.01,0,0,20487
1221,2020-09-18 10:23:00,40.0,40.03,39.99,40.03,0,0,8939
1222,2020-09-18 10:24:00,40.03,40.08,40.02,40.06,0,0,19666
1223,2020-09-18 10:25:00,40.06,40.07,40.03,40.04,0,0,21578
1224,2020-09-18 10:26:00,40.03,40.03,39.96,39.99,0,0,30425
1225,2020-09-18 10:27:00,39.98,40.01,39.97,39.97,0,0,20358
1226,2020-09-18 10:28:00,39.98,39.98,39.87,39.89,0,0,46837
1227,2020-09-18 10:29:00,39.89,40.01,39.89,39.97,0,0,24561
1228,2020-09-18 10:30:00,39.98,40.0,39.91,39.96,0,0,26967
1229,2020-09-18 10:31:00,39.96,39.98,39.94,39.96,0,0,19188
1230,2020-09-18 10:32:00,39.95,40.0,39.89,39.9,0,0,18867
1231,2020-09-18 10:33:00,39.9,39.96,39.9,39.95,0,0,20101
1232,2020-09-18 10:34:00,39.93,39.96,39.91,39.93,0,0,43327
1233,2020-09-18 10:35:00,39.92,39.94,39.89,39.89,0,0,36674
1234,2020-09-18 10:36:00,39.9,39.96,39.9,39.96,0,0,37897
1235,2020-09-18 10:37:00,39.96,39.98,39.88,39.88,0,0,24933
1236,2020-09-18 10:38:00,39.88,39.88,39.82,39.85,0,0,14812
1237,2020-09-18 10:39:00,39.88,39.89,39.83,39.86,0,0,16964
1238,2020-09-18 10:40:00,39.86,39.88,39.83,39.85,0,0,21625
1239,2020-09-18 10:41:00,39.84,39.88,39.82,39.87,0,0,19426
1240,2020-09-18 10:42:00,39.87,39.92,39.87,39.9,0,0,20518
1241,2020-09-18 10:43:00,39.9,39.91,39.88,39.89,0,0,10082
1242,2020-09-18 10:44:00,39.9,39.94,39.89,39.91,0,0,22353
1243,2020-09-18 10:45:00,39.91,39.92,39.88,39.92,0,0,41083
1244,2020-09-18 10:46:00,39.9,39.9,39.82,39.82,0,0,25671
1245,2020-09-18 10:47:00,39.82,39.85,39.81,39.83,0,0,41365
1246,2020-09-18 10:48:00,39.83,39.91,39.83,39.87,0,0,21356
1247,2020-09-18 10:49:00,39.87,39.87,39.83,39.86,0,0,13286
1248,2020-09-18 10:50:00,39.87,39.87,39.81,39.83,0,0,10572
1249,2020-09-18 10:51:00,39.83,39.85,39.83,39.84,0,0,15124
1250,2020-09-18 10:52:00,39.85,39.85,39.73,39.76,0,0,58966
1251,2020-09-18 10:53:00,39.77,39.78,39.69,39.74,0,0,41930
1252,2020-09-18 10:54:00,39.74,39.78,39.7,39.72,0,0,23597
1253,2020-09-18 10:55:00,39.72,39.73,39.64,39.65,0,0,29206
1254,2020-09-18 10:56:00,39.65,39.67,39.64,39.65,0,0,34348
1255,2020-09-18 10:57:00,39.66,39.7,39.64,39.69,0,0,20726
1256,2020-09-18 10:58:00,39.69,39.76,39.69,39.75,0,0,51074
1257,2020-09-18 10:59:00,39.76,39.78,39.73,39.74,0,0,24923
1258,2020-09-18 11:00:00,39.74,39.76,39.69,39.72,0,0,25391
1259,2020-09-18 11:01:00,39.71,39.73,39.65,39.68,0,0,29151
1260,2020-09-18 11:02:00,39.67,39.72,39.67,39.68,0,0,38468
1261,2020-09-18 11:03:00,39.67,39.69,39.67,39.67,0,0,31294
1262,2020-09-18 11:04:00,39.67,39.71,39.67,39.71,0,0,13543
1263,2020-09-18 11:05:00,39.75,39.78,39.75,39.75,0,0,68165
1264,2020-09-18 11:06:00,39.73,39.78,39.72,39.77,0,0,47057
1265,2020-09-18 11:07:00,39.78,39.8,39.76,39.76,0,0,27114
1266,2020-09-18 11:08:00,39.76,39.78,39.75,39.76,0,0,21789
1267,2020-09-18 11:09:00,39.76,39.76,39.74,39.76,0,0,25772
1268,2020-09-18 11:10:00,39.77,39.82,39.74,39.78,0,0,89518
1269,2020-09-18 11:11:00,39.78,39.78,39.66,39.67,0,0,19548
1270,2020-09-18 11:12:00,39.67,39.68,39.64,39.65,0,0,15844
1271,2020-09-18 11:13:00,39.65,39.66,39.59,39.62,0,0,30085
1272,2020-09-18 11:14:00,39.61,39.64,39.58,39.64,0,0,16109
1273,2020-09-18 11:15:00,39.64,39.73,39.64,39.71,0,0,18250
1274,2020-09-18 11:16:00,39.7,39.72,39.65,39.71,0,0,40597
1275,2020-09-18 11:17:00,39.71,39.71,39.65,39.67,0,0,15404
1276,2020-09-18 11:18:00,39.67,39.69,39.66,39.68,0,0,20233
1277,2020-09-18 11:19:00,39.66,39.68,39.66,39.68,0,0,21443
1278,2020-09-18 11:20:00,39.68,39.71,39.67,39.69,0,0,22462
1279,2020-09-18 11:21:00,39.69,39.74,39.69,39.74,0,0,14245
1280,2020-09-18 11:22:00,39.74,39.75,39.74,39.75,0,0,4025
1281,2020-09-18 11:23:00,39.73,39.78,39.72,39.77,0,0,11907
1282,2020-09-18 11:24:00,39.77,39.78,39.73,39.74,0,0,15131
1283,2020-09-18 11:25:00,39.74,39.79,39.74,39.77,0,0,20827
1284,2020-09-18 11:26:00,39.77,39.78,39.74,39.77,0,0,11331
1285,2020-09-18 11:27:00,39.76,39.79,39.76,39.79,0,0,11201
1286,2020-09-18 11:28:00,39.79,39.81,39.76,39.81,0,0,32733
1287,2020-09-18 11:29:00,39.8,39.84,39.79,39.83,0,0,26838
1288,2020-09-18 11:30:00,39.84,39.84,39.81,39.83,0,0,29887
1289,2020-09-18 11:31:00,39.83,39.86,39.79,39.81,0,0,23297
1290,2020-09-18 11:32:00,39.81,39.83,39.8,39.83,0,0,12701
1291,2020-09-18 11:33:00,39.83,39.86,39.83,39.85,0,0,8474
1292,2020-09-18 11:34:00,39.86,39.86,39.76,39.76,0,0,14238
1293,2020-09-18 11:35:00,39.75,39.76,39.72,39.76,0,0,24500
1294,2020-09-18 11:36:00,39.77,39.78,39.75,39.76,0,0,6867
1295,2020-09-18 11:37:00,39.76,39.78,39.74,39.76,0,0,27235
1296,2020-09-18 11:38:00,39.75,39.76,39.73,39.73,0,0,14074
1297,2020-09-18 11:39:00,39.74,39.81,39.72,39.79,0,0,11900
1298,2020-09-18 11:40:00,39.79,39.8,39.76,39.76,0,0,15160
1299,2020-09-18 11:41:00,39.76,39.77,39.76,39.76,0,0,23227
1300,2020-09-18 11:42:00,39.75,39.76,39.74,39.76,0,0,14620
1301,2020-09-18 11:43:00,39.75,39.75,39.72,39.73,0,0,32451
1302,2020-09-18 11:44:00,39.73,39.74,39.68,39.71,0,0,20005
1303,2020-09-18 11:45:00,39.71,39.79,39.69,39.78,0,0,15593
1304,2020-09-18 11:46:00,39.79,39.85,39.79,39.85,0,0,15422
1305,2020-09-18 11:47:00,39.84,39.85,39.83,39.85,0,0,7998
1306,2020-09-18 11:48:00,39.85,39.87,39.85,39.87,0,0,14190
1307,2020-09-18 11:49:00,39.86,39.92,39.86,39.91,0,0,21198
1308,2020-09-18 11:50:00,39.92,39.94,39.9,39.93,0,0,17969
1309,2020-09-18 11:51:00,39.92,39.92,39.9,39.91,0,0,46557
1310,2020-09-18 11:52:00,39.92,39.92,39.91,39.91,0,0,14382
1311,2020-09-18 11:53:00,39.92,39.92,39.9,39.92,0,0,13799
1312,2020-09-18 11:54:00,39.91,39.92,39.9,39.91,0,0,57533
1313,2020-09-18 11:55:00,39.92,39.93,39.87,39.88,0,0,30731
1314,2020-09-18 11:56:00,39.88,39.92,39.87,39.91,0,0,18910
1315,2020-09-18 11:57:00,39.92,39.94,39.91,39.94,0,0,29093
1316,2020-09-18 11:58:00,39.94,39.96,39.93,39.93,0,0,26559
1317,2020-09-18 11:59:00,39.94,39.95,39.92,39.95,0,0,21379
1318,2020-09-18 12:00:00,39.94,39.94,39.89,39.9,0,0,28887
1319,2020-09-18 12:01:00,39.9,39.91,39.88,39.9,0,0,25229
1320,2020-09-18 12:02:00,39.9,39.91,39.89,39.9,0,0,10425
1321,2020-09-18 12:03:00,39.9,39.91,39.89,39.9,0,0,10087
1322,2020-09-18 12:04:00,39.9,39.9,39.87,39.9,0,0,26025
1323,2020-09-18 12:05:00,39.89,39.91,39.87,39.91,0,0,14058
1324,2020-09-18 12:06:00,39.91,39.96,39.9,39.96,0,0,27589
1325,2020-09-18 12:07:00,39.97,39.99,39.96,39.97,0,0,19871
1326,2020-09-18 12:08:00,39.98,39.99,39.97,39.98,0,0,23213
1327,2020-09-18 12:09:00,39.99,39.99,39.95,39.95,0,0,27735
1328,2020-09-18 12:10:00,39.95,39.99,39.95,39.97,0,0,16325
1329,2020-09-18 12:11:00,39.97,39.97,39.94,39.96,0,0,30346
1330,2020-09-18 12:12:00,39.95,39.95,39.94,39.94,0,0,26635
1331,2020-09-18 12:13:00,39.94,39.94,39.9,39.9,0,0,41357
1332,2020-09-18 12:14:00,39.9,39.92,39.88,39.88,0,0,33318
1333,2020-09-18 12:15:00,39.87,39.87,39.81,39.81,0,0,47498
1334,2020-09-18 12:16:00,39.82,39.84,39.79,39.79,0,0,36262
1335,2020-09-18 12:17:00,39.8,39.8,39.78,39.8,0,0,39679
1336,2020-09-18 12:18:00,39.8,39.81,39.78,39.78,0,0,24010
1337,2020-09-18 12:19:00,39.78,39.8,39.76,39.77,0,0,71878
1338,2020-09-18 12:20:00,39.78,39.79,39.74,39.76,0,0,36297
1339,2020-09-18 12:21:00,39.75,39.76,39.72,39.74,0,0,19685
1340,2020-09-18 12:22:00,39.73,39.76,39.73,39.73,0,0,12075
1341,2020-09-18 12:23:00,39.72,39.74,39.71,39.74,0,0,17390
1342,2020-09-18 12:24:00,39.73,39.76,39.72,39.75,0,0,13119
1343,2020-09-18 12:25:00,39.74,39.75,39.7,39.74,0,0,9168
1344,2020-09-18 12:26:00,39.74,39.76,39.74,39.75,0,0,13436
1345,2020-09-18 12:27:00,39.74,39.75,39.67,39.69,0,0,15575
1346,2020-09-18 12:28:00,39.69,39.71,39.66,39.66,0,0,31740
1347,2020-09-18 12:29:00,39.67,39.67,39.63,39.66,0,0,35016
1348,2020-09-18 12:30:00,39.66,39.67,39.64,39.66,0,0,12106
1349,2020-09-18 12:31:00,39.66,39.66,39.58,39.58,0,0,23729
1350,2020-09-18 12:32:00,39.58,39.6,39.53,39.54,0,0,20836
1351,2020-09-18 12:33:00,39.53,39.53,39.49,39.49,0,0,26788
1352,2020-09-18 12:34:00,39.49,39.54,39.49,39.52,0,0,17969
1353,2020-09-18 12:35:00,39.53,39.56,39.52,39.54,0,0,28723
1354,2020-09-18 12:36:00,39.55,39.55,39.5,39.51,0,0,14542
1355,2020-09-18 12:37:00,39.51,39.53,39.48,39.49,0,0,11601
1356,2020-09-18 12:38:00,39.49,39.53,39.45,39.52,0,0,37248
1357,2020-09-18 12:39:00,39.51,39.53,39.49,39.5,0,0,35648
1358,2020-09-18 12:40:00,39.49,39.51,39.48,39.5,0,0,9600
1359,2020-09-18 12:41:00,39.51,39.51,39.48,39.49,0,0,16430
1360,2020-09-18 12:42:00,39.49,39.49,39.48,39.49,0,0,21927
1361,2020-09-18 12:43:00,39.5,39.54,39.49,39.5,0,0,15417
1362,2020-09-18 12:44:00,39.49,39.54,39.49,39.54,0,0,11694
1363,2020-09-18 12:45:00,39.54,39.57,39.54,39.54,0,0,20949
1364,2020-09-18 12:46:00,39.54,39.56,39.53,39.54,0,0,13820
1365,2020-09-18 12:47:00,39.54,39.54,39.49,39.5,0,0,13357
1366,2020-09-18 12:48:00,39.5,39.5,39.45,39.47,0,0,40690
1367,2020-09-18 12:49:00,39.46,39.46,39.42,39.43,0,0,14909
1368,2020-09-18 12:50:00,39.42,39.44,39.4,39.44,0,0,39133
1369,2020-09-18 12:51:00,39.44,39.47,39.44,39.47,0,0,29236
1370,2020-09-18 12:52:00,39.47,39.48,39.46,39.47,0,0,15212
1371,2020-09-18 12:53:00,39.48,39.49,39.42,39.42,0,0,22724
1372,2020-09-18 12:54:00,39.44,39.46,39.44,39.46,0,0,25552
1373,2020-09-18 12:55:00,39.46,39.46,39.42,39.44,0,0,11956
1374,2020-09-18 12:56:00,39.44,39.47,39.44,39.44,0,0,18571
1375,2020-09-18 12:57:00,39.44,39.44,39.41,39.43,0,0,22260
1376,2020-09-18 12:58:00,39.42,39.43,39.4,39.4,0,0,18070
1377,2020-09-18 12:59:00,39.41,39.47,39.4,39.46,0,0,10871
1378,2020-09-18 13:00:00,39.46,39.49,39.46,39.49,0,0,15043
1379,2020-09-18 13:01:00,39.49,39.49,39.47,39.49,0,0,16375
1380,2020-09-18 13:02:00,39.49,39.49,39.4,39.4,0,0,60333
1381,2020-09-18 13:03:00,39.4,39.48,39.4,39.48,0,0,16422
1382,2020-09-18 13:04:00,39.47,39.48,39.43,39.45,0,0,20214
1383,2020-09-18 13:05:00,39.42,39.42,39.38,39.39,0,0,18251
1384,2020-09-18 13:06:00,39.38,39.39,39.35,39.38,0,0,13689
1385,2020-09-18 13:07:00,39.39,39.4,39.37,39.38,0,0,5896
1386,2020-09-18 13:08:00,39.38,39.39,39.34,39.35,0,0,16047
1387,2020-09-18 13:09:00,39.35,39.35,39.29,39.3,0,0,28886
1388,2020-09-18 13:10:00,39.29,39.29,39.26,39.28,0,0,31655
1389,2020-09-18 13:11:00,39.28,39.28,39.26,39.26,0,0,13954
1390,2020-09-18 13:12:00,39.27,39.33,39.27,39.32,0,0,33485
1391,2020-09-18 13:13:00,39.33,39.33,39.32,39.33,0,0,18906
1392,2020-09-18 13:14:00,39.34,39.39,39.33,39.35,0,0,22716
1393,2020-09-18 13:15:00,39.34,39.34,39.28,39.28,0,0,25696
1394,2020-09-18 13:16:00,39.28,39.3,39.27,39.28,0,0,14320
1395,2020-09-18 13:17:00,39.3,39.31,39.26,39.27,0,0,14304
1396,2020-09-18 13:18:00,39.28,39.29,39.26,39.27,0,0,14119
1397,2020-09-18 13:19:00,39.27,39.27,39.22,39.23,0,0,11968
1398,2020-09-18 13:20:00,39.24,39.25,39.22,39.24,0,0,6816
1399,2020-09-18 13:21:00,39.23,39.25,39.22,39.23,0,0,11433
1400,2020-09-18 13:22:00,39.24,39.25,39.21,39.21,0,0,16388
1401,2020-09-18 13:23:00,39.2,39.22,39.19,39.21,0,0,9308
1402,2020-09-18 13:24:00,39.22,39.22,39.19,39.21,0,0,16851
1403,2020-09-18 13:25:00,39.22,39.23,39.21,39.22,0,0,12792
1404,2020-09-18 13:26:00,39.22,39.22,39.18,39.19,0,0,23423
1405,2020-09-18 13:27:00,39.2,39.2,39.13,39.13,0,0,56858
1406,2020-09-18 13:28:00,39.13,39.15,39.12,39.12,0,0,23110
1407,2020-09-18 13:29:00,39.13,39.15,39.08,39.09,0,0,22361
1408,2020-09-18 13:30:00,39.09,39.09,39.0,39.0,0,0,37450
1409,2020-09-18 13:31:00,39.0,39.04,38.93,39.04,0,0,50950
1410,2020-09-18 13:32:00,39.05,39.09,39.05,39.09,0,0,25603
1411,2020-09-18 13:33:00,39.09,39.17,39.09,39.16,0,0,48164
1412,2020-09-18 13:34:00,39.15,39.17,39.14,39.15,0,0,39510
1413,2020-09-18 13:35:00,39.15,39.16,39.13,39.15,0,0,17295
1414,2020-09-18 13:36:00,39.15,39.15,39.08,39.08,0,0,16484
1415,2020-09-18 13:37:00,39.08,39.1,39.05,39.1,0,0,19878
1416,2020-09-18 13:38:00,39.09,39.17,39.08,39.16,0,0,28904
1417,2020-09-18 13:39:00,39.16,39.2,39.16,39.19,0,0,18441
1418,2020-09-18 13:40:00,39.2,39.25,39.19,39.19,0,0,41021
1419,2020-09-18 13:41:00,39.18,39.19,39.13,39.15,0,0,23577
1420,2020-09-18 13:42:00,39.15,39.16,39.13,39.13,0,0,14520
1421,2020-09-18 13:43:00,39.13,39.2,39.13,39.18,0,0,11675
1422,2020-09-18 13:44:00,39.18,39.21,39.16,39.2,0,0,43277
1423,2020-09-18 13:45:00,39.19,39.22,39.17,39.2,0,0,18254
1424,2020-09-18 13:46:00,39.18,39.2,39.17,39.19,0,0,11691
1425,2020-09-18 13:47:00,39.19,39.23,39.19,39.22,0,0,18615
1426,2020-09-18 13:48:00,39.22,39.24,39.21,39.22,0,0,5653
1427,2020-09-18 13:49:00,39.22,39.23,39.2,39.22,0,0,7667
1428,2020-09-18 13:50:00,39.23,39.24,39.22,39.24,0,0,11896
1429,2020-09-18 13:51:00,39.24,39.26,39.22,39.23,0,0,6803
1430,2020-09-18 13:52:00,39.22,39.24,39.21,39.21,0,0,9644
1431,2020-09-18 13:53:00,39.21,39.25,39.2,39.24,0,0,20546
1432,2020-09-18 13:54:00,39.24,39.31,39.24,39.31,0,0,29860
1433,2020-09-18 13:55:00,39.31,39.31,39.27,39.28,0,0,17655
1434,2020-09-18 13:56:00,39.29,39.31,39.28,39.3,0,0,19029
1435,2020-09-18 13:57:00,39.31,39.33,39.29,39.33,0,0,18304
1436,2020-09-18 13:58:00,39.33,39.34,39.33,39.34,0,0,12474
1437,2020-09-18 13:59:00,39.33,39.36,39.33,39.36,0,0,23715
1438,2020-09-18 14:00:00,39.35,39.35,39.26,39.26,0,0,22456
1439,2020-09-18 14:01:00,39.26,39.26,39.23,39.26,0,0,19429
1440,2020-09-18 14:02:00,39.27,39.28,39.27,39.28,0,0,4606
1441,2020-09-18 14:03:00,39.28,39.28,39.24,39.25,0,0,9421
1442,2020-09-18 14:04:00,39.25,39.28,39.24,39.25,0,0,16806
1443,2020-09-18 14:05:00,39.25,39.33,39.25,39.32,0,0,270085
1444,2020-09-18 14:06:00,39.32,39.38,39.32,39.35,0,0,58347
1445,2020-09-18 14:07:00,39.35,39.4,39.35,39.4,0,0,40145
1446,2020-09-18 14:08:00,39.39,39.42,39.38,39.4,0,0,57495
1447,2020-09-18 14:09:00,39.4,39.4,39.36,39.37,0,0,22487
1448,2020-09-18 14:10:00,39.37,39.42,39.35,39.4,0,0,37803
1449,2020-09-18 14:11:00,39.4,39.4,39.36,39.37,0,0,16211
1450,2020-09-18 14:12:00,39.37,39.4,39.35,39.35,0,0,31435
1451,2020-09-18 14:13:00,39.36,39.36,39.33,39.34,0,0,16920
1452,2020-09-18 14:14:00,39.35,39.36,39.34,39.36,0,0,16077
1453,2020-09-18 14:15:00,39.36,39.37,39.33,39.33,0,0,23845
1454,2020-09-18 14:16:00,39.34,39.38,39.34,39.37,0,0,10985
1455,2020-09-18 14:17:00,39.38,39.39,39.28,39.29,0,0,25592
1456,2020-09-18 14:18:00,39.3,39.33,39.28,39.29,0,0,12038
1457,2020-09-18 14:19:00,39.3,39.3,39.24,39.27,0,0,25060
1458,2020-09-18 14:20:00,39.27,39.3,39.27,39.3,0,0,23585
1459,2020-09-18 14:21:00,39.3,39.4,39.3,39.4,0,0,25842
1460,2020-09-18 14:22:00,39.41,39.46,39.38,39.46,0,0,26772
1461,2020-09-18 14:23:00,39.46,39.46,39.42,39.44,0,0,15645
1462,2020-09-18 14:24:00,39.44,39.47,39.44,39.45,0,0,12407
1463,2020-09-18 14:25:00,39.46,39.48,39.45,39.47,0,0,7625
1464,2020-09-18 14:26:00,39.48,39.49,39.46,39.47,0,0,25442
1465,2020-09-18 14:27:00,39.48,39.48,39.46,39.47,0,0,18659
1466,2020-09-18 14:28:00,39.47,39.47,39.44,39.45,0,0,25701
1467,2020-09-18 14:29:00,39.45,39.49,39.45,39.49,0,0,10440
1468,2020-09-18 14:30:00,39.48,39.48,39.45,39.47,0,0,11238
1469,2020-09-18 14:31:00,39.47,39.47,39.44,39.44,0,0,10117
1470,2020-09-18 14:32:00,39.44,39.49,39.44,39.47,0,0,12361
1471,2020-09-18 14:33:00,39.48,39.49,39.47,39.48,0,0,17895
1472,2020-09-18 14:34:00,39.48,39.48,39.47,39.47,0,0,19534
1473,2020-09-18 14:35:00,39.48,39.48,39.45,39.47,0,0,29973
1474,2020-09-18 14:36:00,39.47,39.49,39.47,39.49,0,0,8917
1475,2020-09-18 14:37:00,39.49,39.49,39.46,39.48,0,0,11723
1476,2020-09-18 14:38:00,39.48,39.49,39.46,39.46,0,0,5852
1477,2020-09-18 14:39:00,39.46,39.47,39.43,39.44,0,0,16159
1478,2020-09-18 14:40:00,39.44,39.45,39.43,39.44,0,0,9867
1479,2020-09-18 14:41:00,39.44,39.47,39.43,39.45,0,0,11742
1480,2020-09-18 14:42:00,39.44,39.44,39.33,39.33,0,0,15489
1481,2020-09-18 14:43:00,39.34,39.37,39.34,39.36,0,0,9113
1482,2020-09-18 14:44:00,39.37,39.37,39.34,39.36,0,0,11458
1483,2020-09-18 14:45:00,39.37,39.4,39.36,39.38,0,0,10748
1484,2020-09-18 14:46:00,39.39,39.43,39.39,39.41,0,0,15397
1485,2020-09-18 14:47:00,39.41,39.42,39.4,39.42,0,0,11442
1486,2020-09-18 14:48:00,39.42,39.42,39.36,39.37,0,0,10825
1487,2020-09-18 14:49:00,39.37,39.42,39.35,39.42,0,0,21788
1488,2020-09-18 14:50:00,39.41,39.41,39.36,39.36,0,0,9714
1489,2020-09-18 14:51:00,39.35,39.4,39.34,39.4,0,0,16322
1490,2020-09-18 14:52:00,39.4,39.41,39.39,39.41,0,0,15260
1491,2020-09-18 14:53:00,39.41,39.42,39.39,39.41,0,0,8376
1492,2020-09-18 14:54:00,39.4,39.4,39.37,39.37,0,0,17260
1493,2020-09-18 14:55:00,39.37,39.4,39.37,39.4,0,0,6404
1494,2020-09-18 14:56:00,39.4,39.4,39.38,39.4,0,0,7836
1495,2020-09-18 14:57:00,39.4,39.42,39.39,39.42,0,0,11383
1496,2020-09-18 14:58:00,39.42,39.48,39.42,39.46,0,0,25223
1497,2020-09-18 14:59:00,39.45,39.49,39.44,39.49,0,0,26143
1498,2020-09-18 15:00:00,39.49,39.49,39.46,39.47,0,0,16995
1499,2020-09-18 15:01:00,39.47,39.48,39.46,39.47,0,0,11639
1500,2020-09-18 15:02:00,39.48,39.49,39.47,39.49,0,0,11391
1501,2020-09-18 15:03:00,39.49,39.53,39.49,39.53,0,0,16426
1502,2020-09-18 15:04:00,39.53,39.56,39.51,39.56,0,0,42870
1503,2020-09-18 15:05:00,39.55,39.58,39.54,39.58,0,0,57266
1504,2020-09-18 15:06:00,39.59,39.63,39.58,39.63,0,0,76065
1505,2020-09-18 15:07:00,39.62,39.67,39.61,39.67,0,0,110668
1506,2020-09-18 15:08:00,39.67,39.68,39.65,39.67,0,0,36521
1507,2020-09-18 15:09:00,39.67,39.71,39.67,39.7,0,0,47856
1508,2020-09-18 15:10:00,39.69,39.73,39.69,39.73,0,0,63692
1509,2020-09-18 15:11:00,39.72,39.72,39.7,39.7,0,0,74097
1510,2020-09-18 15:12:00,39.7,39.74,39.7,39.72,0,0,38834
1511,2020-09-18 15:13:00,39.72,39.74,39.71,39.74,0,0,22322
1512,2020-09-18 15:14:00,39.74,39.77,39.74,39.77,0,0,82625
1513,2020-09-18 15:15:00,39.77,39.83,39.77,39.82,0,0,69828
1514,2020-09-18 15:16:00,39.81,39.83,39.77,39.83,0,0,94459
1515,2020-09-18 15:17:00,39.82,39.88,39.81,39.88,0,0,80040
1516,2020-09-18 15:18:00,39.88,39.91,39.85,39.9,0,0,94644
1517,2020-09-18 15:19:00,39.89,40.01,39.89,40.01,0,0,222550
1518,2020-09-18 15:20:00,40.01,40.03,39.94,39.95,0,0,99361
1519,2020-09-18 15:21:00,39.95,39.99,39.94,39.97,0,0,70905
1520,2020-09-18 15:22:00,39.97,39.99,39.94,39.94,0,0,40320
1521,2020-09-18 15:23:00,39.94,40.04,39.94,40.03,0,0,115836
1522,2020-09-18 15:24:00,40.03,40.04,40.01,40.01,0,0,57550
1523,2020-09-18 15:25:00,40.02,40.04,39.99,39.99,0,0,45233
1524,2020-09-18 15:26:00,40.0,40.01,39.99,40.01,0,0,44029
1525,2020-09-18 15:27:00,40.01,40.03,40.01,40.02,0,0,37481
1526,2020-09-18 15:28:00,40.03,40.07,40.03,40.05,0,0,60339
1527,2020-09-18 15:29:00,40.05,40.08,40.0,40.01,0,0,81172
1528,2020-09-18 15:30:00,40.01,40.06,40.0,40.04,0,0,62778
1529,2020-09-18 15:31:00,40.04,40.05,40.01,40.04,0,0,34815
1530,2020-09-18 15:32:00,40.03,40.06,40.02,40.06,0,0,123991
1531,2020-09-18 15:33:00,40.05,40.06,39.97,40.0,0,0,110395
1532,2020-09-18 15:34:00,40.0,40.07,40.0,40.06,0,0,46453
1533,2020-09-18 15:35:00,40.06,40.08,40.05,40.05,0,0,57999
1534,2020-09-18 15:36:00,40.06,40.07,40.04,40.05,0,0,48466
1535,2020-09-18 15:37:00,40.05,40.08,40.0,40.07,0,0,164649
1536,2020-09-18 15:38:00,40.07,40.11,40.06,40.06,0,0,124210
1537,2020-09-18 15:39:00,40.05,40.08,40.05,40.07,0,0,68335
1538,2020-09-18 15:40:00,40.06,40.08,40.05,40.07,0,0,97898
1539,2020-09-18 15:41:00,40.06,40.09,40.05,40.08,0,0,120450
1540,2020-09-18 15:42:00,40.08,40.11,40.05,40.06,0,0,167551
1541,2020-09-18 15:43:00,40.05,40.06,39.98,40.04,0,0,111080
1542,2020-09-18 15:44:00,40.04,40.08,40.04,40.06,0,0,157195
1543,2020-09-18 15:45:00,40.06,40.12,40.05,40.11,0,0,113078
1544,2020-09-18 15:46:00,40.1,40.11,40.1,40.1,0,0,54724
1545,2020-09-18 15:47:00,40.1,40.11,40.04,40.1,0,0,120471
1546,2020-09-18 15:48:00,40.1,40.11,40.09,40.1,0,0,105165
1547,2020-09-18 15:49:00,40.1,40.13,40.1,40.12,0,0,93937
1548,2020-09-18 15:50:00,40.11,40.13,40.0,40.1,0,0,184422
1549,2020-09-18 15:51:00,40.1,40.12,40.06,40.11,0,0,308823
1550,2020-09-18 15:52:00,40.1,40.11,40.05,40.05,0,0,193101
1551,2020-09-18 15:53:00,40.06,40.13,40.05,40.1,0,0,190893
1552,2020-09-18 15:54:00,40.1,40.11,40.03,40.1,0,0,203563
1553,2020-09-18 15:55:00,40.1,40.11,40.05,40.1,0,0,260853
1554,2020-09-18 15:56:00,40.1,40.11,40.04,40.04,0,0,179305
1555,2020-09-18 15:57:00,40.05,40.09,40.04,40.08,0,0,158873
1556,2020-09-18 15:58:00,40.08,40.1,40.06,40.1,0,0,246811
1557,2020-09-18 15:59:00,40.1,40.21,40.09,40.15,0,0,632946
1558,2020-09-21 09:30:00,39.43,39.53,39.33,39.4,0,0,294303
1559,2020-09-21 09:31:00,39.41,39.77,39.4,39.73,0,0,87219
1560,2020-09-21 09:32:00,39.74,39.98,39.72,39.97,0,0,126005
1561,2020-09-21 09:33:00,39.99,40.08,39.9,40.01,0,0,96898
1562,2020-09-21 09:34:00,40.02,40.05,39.9,40.02,0,0,60273
1563,2020-09-21 09:35:00,40.02,40.06,39.82,39.91,0,0,125459
1564,2020-09-21 09:36:00,39.92,39.98,39.82,39.84,0,0,93020
1565,2020-09-21 09:37:00,39.83,39.89,39.83,39.85,0,0,108069
1566,2020-09-21 09:38:00,39.86,39.93,39.81,39.91,0,0,77006
1567,2020-09-21 09:39:00,39.89,39.94,39.81,39.86,0,0,86377
1568,2020-09-21 09:40:00,39.85,39.9,39.75,39.75,0,0,66824
1569,2020-09-21 09:41:00,39.76,39.83,39.74,39.76,0,0,72130
1570,2020-09-21 09:42:00,39.76,39.79,39.71,39.74,0,0,46982
1571,2020-09-21 09:43:00,39.76,39.92,39.74,39.92,0,0,28221
1572,2020-09-21 09:44:00,39.94,39.98,39.9,39.96,0,0,191046
1573,2020-09-21 09:45:00,39.96,40.02,39.95,40.01,0,0,125129
1574,2020-09-21 09:46:00,40.01,40.1,39.99,40.1,0,0,78834
1575,2020-09-21 09:47:00,40.1,40.14,40.03,40.06,0,0,96364
1576,2020-09-21 09:48:00,40.06,40.1,40.01,40.01,0,0,32689
1577,2020-09-21 09:49:00,40.01,40.2,39.99,40.16,0,0,92973
1578,2020-09-21 09:50:00,40.16,40.16,40.04,40.06,0,0,32773
1579,2020-09-21 09:51:00,40.07,40.11,39.99,40.02,0,0,59704
1580,2020-09-21 09:52:00,40.03,40.08,39.99,40.05,0,0,50110
1581,2020-09-21 09:53:00,40.04,40.07,39.97,39.98,0,0,36664
1582,2020-09-21 09:54:00,39.99,40.04,39.98,40.02,0,0,48900
1583,2020-09-21 09:55:00,40.01,40.02,39.81,39.82,0,0,93038
1584,2020-09-21 09:56:00,39.82,39.93,39.81,39.9,0,0,86769
1585,2020-09-21 09:57:00,39.9,40.0,39.9,39.98,0,0,19859
1586,2020-09-21 09:58:00,39.97,40.03,39.94,40.02,0,0,29826
1587,2020-09-21 09:59:00,40.02,40.02,39.97,39.97,0,0,23744
1588,2020-09-21 10:00:00,39.98,40.08,39.96,40.07,0,0,19761
1589,2020-09-21 10:01:00,40.01,40.1,40.01,40.1,0,0,40156
1590,2020-09-21 10:02:00,39.96,39.96,39.9,39.94,0,0,49400
1591,2020-09-21 10:03:00,39.94,39.97,39.78,39.8,0,0,48590
1592,2020-09-21 10:04:00,39.8,39.93,39.8,39.89,0,0,43363
1593,2020-09-21 10:05:00,39.9,39.94,39.74,39.74,0,0,130254
1594,2020-09-21 10:06:00,39.75,39.75,39.59,39.6,0,0,75336
1595,2020-09-21 10:07:00,39.6,39.64,39.57,39.62,0,0,71599
1596,2020-09-21 10:08:00,39.62,39.68,39.62,39.66,0,0,50534
1597,2020-09-21 10:09:00,39.66,39.72,39.64,39.71,0,0,48317
1598,2020-09-21 10:10:00,39.72,39.83,39.7,39.79,0,0,22785
1599,2020-09-21 10:11:00,39.79,39.82,39.77,39.81,0,0,77347
1600,2020-09-21 10:12:00,39.83,39.84,39.78,39.81,0,0,25346
1601,2020-09-21 10:13:00,39.81,39.81,39.69,39.73,0,0,117742
1602,2020-09-21 10:14:00,39.73,39.81,39.71,39.76,0,0,63185
1603,2020-09-21 10:15:00,39.74,39.74,39.65,39.71,0,0,61015
1604,2020-09-21 10:16:00,39.71,39.81,39.62,39.66,0,0,82703
1605,2020-09-21 10:17:00,39.65,39.74,39.65,39.67,0,0,72694
1606,2020-09-21 10:18:00,39.66,39.66,39.57,39.62,0,0,35556
1607,2020-09-21 10:19:00,39.6,39.61,39.55,39.6,0,0,21079
1608,2020-09-21 10:20:00,39.6,39.69,39.58,39.69,0,0,122893
1609,2020-09-21 10:21:00,39.68,39.69,39.63,39.63,0,0,27599
1610,2020-09-21 10:22:00,39.61,39.62,39.54,39.54,0,0,28351
1611,2020-09-21 10:23:00,39.54,39.55,39.47,39.5,0,0,49112
1612,2020-09-21 10:24:00,39.49,39.49,39.45,39.46,0,0,36308
1613,2020-09-21 10:25:00,39.46,39.48,39.42,39.42,0,0,23279
1614,2020-09-21 10:26:00,39.42,39.47,39.38,39.4,0,0,32506
1615,2020-09-21 10:27:00,39.4,39.44,39.4,39.44,0,0,27911
1616,2020-09-21 10:28:00,39.43,39.44,39.36,39.38,0,0,17824
1617,2020-09-21 10:29:00,39.38,39.43,39.38,39.41,0,0,31621
1618,2020-09-21 10:30:00,39.41,39.48,39.38,39.4,0,0,59510
1619,2020-09-21 10:31:00,39.39,39.41,39.33,39.4,0,0,23624
1620,2020-09-21 10:32:00,39.4,39.4,39.34,39.38,0,0,23881
1621,2020-09-21 10:33:00,39.38,39.41,39.37,39.41,0,0,31662
1622,2020-09-21 10:34:00,39.4,39.47,39.38,39.43,0,0,29285
1623,2020-09-21 10:35:00,39.43,39.45,39.4,39.45,0,0,19115
1624,2020-09-21 10:36:00,39.45,39.45,39.36,39.38,0,0,30785
1625,2020-09-21 10:37:00,39.38,39.4,39.37,39.39,0,0,14597
1626,2020-09-21 10:38:00,39.4,39.42,39.35,39.36,0,0,43912
1627,2020-09-21 10:39:00,39.35,39.41,39.35,39.35,0,0,30996
1628,2020-09-21 10:40:00,39.35,39.38,39.31,39.34,0,0,30447
1629,2020-09-21 10:41:00,39.34,39.36,39.28,39.35,0,0,34930
1630,2020-09-21 10:42:00,39.35,39.36,39.32,39.32,0,0,32915
1631,2020-09-21 10:43:00,39.32,39.34,39.25,39.26,0,0,21917
1632,2020-09-21 10:44:00,39.24,39.29,39.22,39.28,0,0,54067
1633,2020-09-21 10:45:00,39.28,39.36,39.25,39.35,0,0,64934
1634,2020-09-21 10:46:00,39.35,39.45,39.3,39.45,0,0,105880
1635,2020-09-21 10:47:00,39.44,39.51,39.42,39.47,0,0,49768
1636,2020-09-21 10:48:00,39.46,39.48,39.4,39.47,0,0,88817
1637,2020-09-21 10:49:00,39.46,39.54,39.44,39.51,0,0,30527
1638,2020-09-21 10:50:00,39.5,39.54,39.45,39.45,0,0,33261
1639,2020-09-21 10:51:00,39.45,39.45,39.38,39.42,0,0,13024
1640,2020-09-21 10:52:00,39.41,39.42,39.33,39.36,0,0,20335
1641,2020-09-21 10:53:00,39.36,39.46,39.36,39.46,0,0,22863
1642,2020-09-21 10:54:00,39.46,39.52,39.44,39.51,0,0,16195
1643,2020-09-21 10:55:00,39.51,39.53,39.47,39.47,0,0,21918
1644,2020-09-21 10:56:00,39.48,39.48,39.4,39.42,0,0,24496
1645,2020-09-21 10:57:00,39.42,39.47,39.37,39.47,0,0,23397
1646,2020-09-21 10:59:00,39.42,39.42,39.4,39.4,0,0,36579
1647,2020-09-21 11:00:00,39.39,39.46,39.38,39.45,0,0,17463
1648,2020-09-21 11:01:00,39.46,39.55,39.45,39.53,0,0,30448
1649,2020-09-21 11:02:00,39.53,39.56,39.5,39.53,0,0,18699
1650,2020-09-21 11:03:00,39.52,39.54,39.51,39.53,0,0,20488
1651,2020-09-21 11:04:00,39.53,39.56,39.53,39.54,0,0,18155
1652,2020-09-21 11:05:00,39.53,39.6,39.52,39.6,0,0,20781
1653,2020-09-21 11:06:00,39.6,39.6,39.58,39.59,0,0,42463
1654,2020-09-21 11:07:00,39.58,39.65,39.58,39.64,0,0,24710
1655,2020-09-21 11:08:00,39.64,39.67,39.62,39.66,0,0,24319
1656,2020-09-21 11:09:00,39.66,39.72,39.66,39.69,0,0,23672
1657,2020-09-21 11:10:00,39.69,39.7,39.63,39.63,0,0,24335
1658,2020-09-21 11:11:00,39.63,39.63,39.6,39.6,0,0,14532
1659,2020-09-21 11:12:00,39.61,39.64,39.6,39.61,0,0,11317
1660,2020-09-21 11:13:00,39.6,39.62,39.6,39.6,0,0,101669
1661,2020-09-21 11:14:00,39.6,39.6,39.58,39.58,0,0,36904
1662,2020-09-21 11:15:00,39.58,39.58,39.53,39.56,0,0,62867
1663,2020-09-21 11:16:00,39.56,39.56,39.52,39.55,0,0,14488
1664,2020-09-21 11:17:00,39.55,39.56,39.53,39.53,0,0,16277
1665,2020-09-21 11:18:00,39.53,39.54,39.52,39.53,0,0,11406
1666,2020-09-21 11:19:00,39.52,39.52,39.46,39.51,0,0,20990
1667,2020-09-21 11:20:00,39.51,39.53,39.5,39.5,0,0,14825
1668,2020-09-21 11:21:00,39.51,39.51,39.47,39.47,0,0,12639
1669,2020-09-21 11:22:00,39.47,39.48,39.44,39.47,0,0,21661
1670,2020-09-21 11:23:00,39.46,39.46,39.43,39.43,0,0,14027
1671,2020-09-21 11:24:00,39.43,39.43,39.39,39.39,0,0,23338
1672,2020-09-21 11:25:00,39.39,39.41,39.36,39.38,0,0,15945
1673,2020-09-21 11:26:00,39.38,39.41,39.38,39.39,0,0,17437
1674,2020-09-21 11:27:00,39.39,39.55,39.39,39.53,0,0,68786
1675,2020-09-21 11:28:00,39.55,39.63,39.55,39.62,0,0,88474
1676,2020-09-21 11:29:00,39.62,39.65,39.61,39.65,0,0,18709
1677,2020-09-21 11:30:00,39.65,39.69,39.63,39.68,0,0,20533
1678,2020-09-21 11:31:00,39.67,39.69,39.59,39.6,0,0,39778
1679,2020-09-21 11:32:00,39.6,39.6,39.55,39.56,0,0,20390
1680,2020-09-21 11:33:00,39.55,39.56,39.51,39.55,0,0,9349
1681,2020-09-21 11:34:00,39.55,39.57,39.53,39.54,0,0,7499
1682,2020-09-21 11:35:00,39.55,39.55,39.49,39.5,0,0,10366
1683,2020-09-21 11:36:00,39.5,39.58,39.5,39.57,0,0,8453
1684,2020-09-21 11:37:00,39.58,39.62,39.58,39.6,0,0,19025
1685,2020-09-21 11:38:00,39.59,39.6,39.55,39.58,0,0,8906
1686,2020-09-21 11:39:00,39.58,39.6,39.5,39.5,0,0,9661
1687,2020-09-21 11:40:00,39.51,39.53,39.48,39.5,0,0,14401
1688,2020-09-21 11:41:00,39.51,39.53,39.47,39.49,0,0,14144
1689,2020-09-21 11:42:00,39.5,39.56,39.5,39.55,0,0,11431
1690,2020-09-21 11:43:00,39.55,39.58,39.5,39.5,0,0,14327
1691,2020-09-21 11:44:00,39.49,39.49,39.44,39.44,0,0,17358
1692,2020-09-21 11:45:00,39.44,39.49,39.43,39.48,0,0,13573
1693,2020-09-21 11:46:00,39.47,39.51,39.47,39.51,0,0,52777
1694,2020-09-21 11:47:00,39.5,39.55,39.49,39.53,0,0,18175
1695,2020-09-21 11:48:00,39.53,39.56,39.53,39.55,0,0,10398
1696,2020-09-21 11:49:00,39.55,39.57,39.54,39.54,0,0,13358
1697,2020-09-21 11:50:00,39.54,39.61,39.54,39.6,0,0,19423
1698,2020-09-21 11:51:00,39.61,39.62,39.6,39.62,0,0,17755
1699,2020-09-21 11:52:00,39.63,39.67,39.62,39.65,0,0,8253
1700,2020-09-21 11:53:00,39.65,39.67,39.63,39.65,0,0,9568
1701,2020-09-21 11:54:00,39.65,39.66,39.62,39.63,0,0,8050
1702,2020-09-21 11:55:00,39.63,39.66,39.62,39.65,0,0,15122
1703,2020-09-21 11:56:00,39.65,39.67,39.65,39.66,0,0,15425
1704,2020-09-21 11:57:00,39.65,39.67,39.65,39.66,0,0,5396
1705,2020-09-21 11:58:00,39.67,39.71,39.67,39.68,0,0,62021
1706,2020-09-21 11:59:00,39.69,39.73,39.69,39.73,0,0,13331
1707,2020-09-21 12:00:00,39.72,39.76,39.72,39.74,0,0,28700
1708,2020-09-21 12:01:00,39.74,39.74,39.7,39.72,0,0,12570
1709,2020-09-21 12:02:00,39.71,39.72,39.68,39.7,0,0,7568
1710,2020-09-21 12:03:00,39.69,39.74,39.69,39.74,0,0,8189
1711,2020-09-21 12:04:00,39.74,39.79,39.73,39.78,0,0,16289
1712,2020-09-21 12:05:00,39.78,39.78,39.74,39.74,0,0,37211
1713,2020-09-21 12:06:00,39.74,39.76,39.73,39.74,0,0,14647
1714,2020-09-21 12:07:00,39.74,39.85,39.74,39.85,0,0,32988
1715,2020-09-21 12:08:00,39.85,39.86,39.83,39.83,0,0,20602
1716,2020-09-21 12:09:00,39.82,39.82,39.75,39.78,0,0,38728
1717,2020-09-21 12:10:00,39.78,39.78,39.74,39.75,0,0,13420
1718,2020-09-21 12:11:00,39.76,39.77,39.75,39.77,0,0,23751
1719,2020-09-21 12:12:00,39.77,39.79,39.76,39.78,0,0,14621
1720,2020-09-21 12:13:00,39.78,39.79,39.76,39.77,0,0,13942
1721,2020-09-21 12:14:00,39.77,39.77,39.71,39.71,0,0,13472
1722,2020-09-21 12:15:00,39.72,39.73,39.71,39.72,0,0,11379
1723,2020-09-21 12:16:00,39.71,39.74,39.68,39.69,0,0,20115
1724,2020-09-21 12:17:00,39.69,39.76,39.69,39.75,0,0,16200
1725,2020-09-21 12:18:00,39.76,39.76,39.71,39.72,0,0,15645
1726,2020-09-21 12:19:00,39.73,39.76,39.72,39.76,0,0,10101
1727,2020-09-21 12:20:00,39.76,39.78,39.72,39.72,0,0,15326
1728,2020-09-21 12:21:00,39.72,39.72,39.66,39.68,0,0,9784
1729,2020-09-21 12:22:00,39.68,39.7,39.65,39.69,0,0,8890
1730,2020-09-21 12:23:00,39.69,39.72,39.69,39.72,0,0,12671
1731,2020-09-21 12:24:00,39.71,39.72,39.7,39.7,0,0,8537
1732,2020-09-21 12:25:00,39.7,39.72,39.69,39.72,0,0,7387
1733,2020-09-21 12:26:00,39.72,39.8,39.72,39.79,0,0,24237
1734,2020-09-21 12:27:00,39.78,39.85,39.78,39.83,0,0,17429
1735,2020-09-21 12:28:00,39.83,39.85,39.78,39.81,0,0,19518
1736,2020-09-21 12:29:00,39.81,39.83,39.79,39.8,0,0,18051
1737,2020-09-21 12:30:00,39.79,39.82,39.79,39.82,0,0,6655
1738,2020-09-21 12:31:00,39.83,39.85,39.77,39.78,0,0,17348
1739,2020-09-21 12:32:00,39.77,39.78,39.75,39.76,0,0,9281
1740,2020-09-21 12:33:00,39.77,39.77,39.75,39.75,0,0,8504
1741,2020-09-21 12:34:00,39.75,39.78,39.74,39.78,0,0,54364
1742,2020-09-21 12:35:00,39.78,39.84,39.78,39.83,0,0,10132
1743,2020-09-21 12:36:00,39.83,39.88,39.82,39.87,0,0,16781
1744,2020-09-21 12:37:00,39.87,39.88,39.85,39.87,0,0,9237
1745,2020-09-21 12:38:00,39.86,39.86,39.83,39.83,0,0,13746
1746,2020-09-21 12:39:00,39.83,39.85,39.83,39.83,0,0,10539
1747,2020-09-21 12:40:00,39.83,39.88,39.8,39.88,0,0,31712
1748,2020-09-21 12:41:00,39.89,39.89,39.84,39.85,0,0,18430
1749,2020-09-21 12:42:00,39.85,39.89,39.84,39.87,0,0,12739
1750,2020-09-21 12:43:00,39.87,39.87,39.82,39.83,0,0,11091
1751,2020-09-21 12:44:00,39.84,39.85,39.81,39.83,0,0,17349
1752,2020-09-21 12:45:00,39.83,39.85,39.81,39.81,0,0,17908
1753,2020-09-21 12:46:00,39.8,39.81,39.76,39.77,0,0,22494
1754,2020-09-21 12:47:00,39.78,39.82,39.76,39.82,0,0,12903
1755,2020-09-21 12:48:00,39.81,39.82,39.79,39.8,0,0,8849
1756,2020-09-21 12:49:00,39.81,39.82,39.79,39.82,0,0,83540
1757,2020-09-21 12:50:00,39.81,39.81,39.77,39.81,0,0,10244
1758,2020-09-21 12:51:00,39.81,39.83,39.77,39.78,0,0,8986
1759,2020-09-21 12:52:00,39.78,39.82,39.78,39.81,0,0,12084
1760,2020-09-21 12:53:00,39.81,39.86,39.8,39.85,0,0,16264
1761,2020-09-21 12:54:00,39.85,39.85,39.8,39.82,0,0,22803
1762,2020-09-21 12:55:00,39.83,39.88,39.83,39.88,0,0,9661
1763,2020-09-21 12:56:00,39.87,39.88,39.83,39.84,0,0,15250
1764,2020-09-21 12:57:00,39.83,39.83,39.73,39.73,0,0,24050
1765,2020-09-21 12:58:00,39.74,39.76,39.73,39.75,0,0,22773
1766,2020-09-21 12:59:00,39.76,39.78,39.75,39.78,0,0,15541
1767,2020-09-21 13:00:00,39.79,39.82,39.79,39.79,0,0,13459
1768,2020-09-21 13:01:00,39.78,39.8,39.72,39.73,0,0,18114
1769,2020-09-21 13:02:00,39.74,39.78,39.74,39.76,0,0,7191
1770,2020-09-21 13:03:00,39.78,39.78,39.76,39.78,0,0,5999
1771,2020-09-21 13:04:00,39.78,39.81,39.78,39.79,0,0,10609
1772,2020-09-21 13:05:00,39.8,39.8,39.76,39.79,0,0,12881
1773,2020-09-21 13:06:00,39.79,39.84,39.79,39.84,0,0,14479
1774,2020-09-21 13:07:00,39.85,39.85,39.81,39.82,0,0,7561
1775,2020-09-21 13:08:00,39.83,39.85,39.82,39.83,0,0,8542
1776,2020-09-21 13:09:00,39.82,39.85,39.81,39.85,0,0,5496
1777,2020-09-21 13:10:00,39.85,39.85,39.82,39.83,0,0,5639
1778,2020-09-21 13:11:00,39.84,39.87,39.83,39.87,0,0,11443
1779,2020-09-21 13:12:00,39.86,39.88,39.85,39.88,0,0,15348
1780,2020-09-21 13:13:00,39.89,39.9,39.88,39.89,0,0,12014
1781,2020-09-21 13:14:00,39.88,39.9,39.87,39.9,0,0,5907
1782,2020-09-21 13:15:00,39.9,39.92,39.89,39.9,0,0,22891
1783,2020-09-21 13:16:00,39.9,39.93,39.88,39.92,0,0,17546
1784,2020-09-21 13:17:00,39.92,39.92,39.88,39.9,0,0,11495
1785,2020-09-21 13:18:00,39.9,39.92,39.88,39.9,0,0,12306
1786,2020-09-21 13:19:00,39.9,39.92,39.88,39.89,0,0,9963
1787,2020-09-21 13:20:00,39.88,39.92,39.88,39.92,0,0,9417
1788,2020-09-21 13:21:00,39.92,39.96,39.92,39.96,0,0,23921
1789,2020-09-21 13:22:00,39.97,39.99,39.96,39.97,0,0,11684
1790,2020-09-21 13:23:00,39.97,39.97,39.94,39.95,0,0,8134
1791,2020-09-21 13:24:00,39.95,39.96,39.92,39.95,0,0,10217
1792,2020-09-21 13:25:00,39.94,39.97,39.93,39.96,0,0,14831
1793,2020-09-21 13:26:00,39.96,39.96,39.94,39.95,0,0,11601
1794,2020-09-21 13:27:00,39.96,39.96,39.95,39.96,0,0,8940
1795,2020-09-21 13:28:00,39.96,39.96,39.92,39.94,0,0,13488
1796,2020-09-21 13:29:00,39.94,39.96,39.9,39.96,0,0,11628
1797,2020-09-21 13:30:00,39.96,39.97,39.95,39.95,0,0,19646
1798,2020-09-21 13:31:00,39.95,40.01,39.94,40.0,0,0,38659
1799,2020-09-21 13:32:00,40.0,40.0,39.95,39.96,0,0,17558
1800,2020-09-21 13:33:00,39.96,40.02,39.95,40.0,0,0,39306
1801,2020-09-21 13:34:00,40.0,40.02,39.98,39.98,0,0,9044
1802,2020-09-21 13:35:00,39.97,39.98,39.96,39.97,0,0,5142
1803,2020-09-21 13:36:00,39.97,40.01,39.97,39.99,0,0,10225
1804,2020-09-21 13:37:00,39.99,40.02,39.99,40.01,0,0,11243
1805,2020-09-21 13:38:00,40.01,40.02,39.99,39.99,0,0,6693
1806,2020-09-21 13:39:00,39.99,40.01,39.99,39.99,0,0,6958
1807,2020-09-21 13:40:00,39.99,40.01,39.96,39.97,0,0,10950
1808,2020-09-21 13:41:00,39.96,39.97,39.93,39.94,0,0,12006
1809,2020-09-21 13:42:00,39.94,39.95,39.93,39.94,0,0,5543
1810,2020-09-21 13:43:00,39.94,39.94,39.89,39.89,0,0,16698
1811,2020-09-21 13:44:00,39.9,39.92,39.88,39.88,0,0,15717
1812,2020-09-21 13:45:00,39.87,39.87,39.83,39.83,0,0,13753
1813,2020-09-21 13:46:00,39.84,39.85,39.81,39.83,0,0,17682
1814,2020-09-21 13:47:00,39.84,39.84,39.8,39.81,0,0,16305
1815,2020-09-21 13:48:00,39.81,39.83,39.79,39.79,0,0,12761
1816,2020-09-21 13:49:00,39.79,39.79,39.75,39.76,0,0,29766
1817,2020-09-21 13:50:00,39.76,39.8,39.76,39.79,0,0,11060
1818,2020-09-21 13:51:00,39.79,39.79,39.77,39.78,0,0,10627
1819,2020-09-21 13:52:00,39.78,39.78,39.73,39.76,0,0,17754
1820,2020-09-21 13:53:00,39.77,39.78,39.76,39.76,0,0,8152
1821,2020-09-21 13:54:00,39.76,39.76,39.72,39.72,0,0,11273
1822,2020-09-21 13:55:00,39.72,39.76,39.67,39.75,0,0,32387
1823,2020-09-21 13:56:00,39.76,39.78,39.76,39.78,0,0,7535
1824,2020-09-21 13:57:00,39.78,39.79,39.76,39.76,0,0,16590
1825,2020-09-21 13:58:00,39.76,39.76,39.68,39.69,0,0,59794
1826,2020-09-21 13:59:00,39.69,39.74,39.67,39.73,0,0,24269
1827,2020-09-21 14:00:00,39.73,39.76,39.71,39.74,0,0,15090
1828,2020-09-21 14:01:00,39.72,39.76,39.72,39.76,0,0,15466
1829,2020-09-21 14:02:00,39.76,39.76,39.71,39.74,0,0,21683
1830,2020-09-21 14:03:00,39.73,39.77,39.73,39.76,0,0,9000
1831,2020-09-21 14:04:00,39.76,39.79,39.76,39.77,0,0,18135
1832,2020-09-21 14:05:00,39.78,39.78,39.71,39.72,0,0,19323
1833,2020-09-21 14:06:00,39.72,39.74,39.69,39.69,0,0,19824
1834,2020-09-21 14:07:00,39.7,39.7,39.66,39.69,0,0,19748
1835,2020-09-21 14:08:00,39.7,39.71,39.68,39.68,0,0,9069
1836,2020-09-21 14:09:00,39.68,39.69,39.67,39.69,0,0,7727
1837,2020-09-21 14:10:00,39.69,39.71,39.67,39.67,0,0,15631
1838,2020-09-21 14:11:00,39.68,39.69,39.66,39.67,0,0,20431
1839,2020-09-21 14:12:00,39.67,39.67,39.63,39.63,0,0,27780
1840,2020-09-21 14:13:00,39.63,39.66,39.6,39.66,0,0,45260
1841,2020-09-21 14:14:00,39.66,39.71,39.64,39.7,0,0,15244
1842,2020-09-21 14:15:00,39.7,39.75,39.69,39.75,0,0,29645
1843,2020-09-21 14:16:00,39.74,39.78,39.74,39.75,0,0,25042
1844,2020-09-21 14:17:00,39.75,39.77,39.67,39.68,0,0,19547
1845,2020-09-21 14:18:00,39.67,39.69,39.64,39.67,0,0,19364
1846,2020-09-21 14:19:00,39.68,39.73,39.68,39.72,0,0,15645
1847,2020-09-21 14:20:00,39.72,39.74,39.72,39.74,0,0,23122
1848,2020-09-21 14:21:00,39.72,39.76,39.71,39.76,0,0,12099
1849,2020-09-21 14:22:00,39.74,39.76,39.72,39.74,0,0,31606
1850,2020-09-21 14:23:00,39.75,39.77,39.75,39.75,0,0,15561
1851,2020-09-21 14:24:00,39.76,39.77,39.74,39.76,0,0,14721
1852,2020-09-21 14:25:00,39.75,39.79,39.74,39.76,0,0,17956
1853,2020-09-21 14:26:00,39.76,39.78,39.76,39.76,0,0,11859
1854,2020-09-21 14:27:00,39.77,39.79,39.76,39.79,0,0,11820
1855,2020-09-21 14:28:00,39.78,39.79,39.74,39.75,0,0,20890
1856,2020-09-21 14:29:00,39.75,39.77,39.75,39.76,0,0,18778
1857,2020-09-21 14:30:00,39.75,39.75,39.68,39.72,0,0,22221
1858,2020-09-21 14:31:00,39.72,39.74,39.71,39.71,0,0,17145
1859,2020-09-21 14:32:00,39.72,39.72,39.69,39.7,0,0,12425
1860,2020-09-21 14:33:00,39.7,39.7,39.63,39.64,0,0,15487
1861,2020-09-21 14:34:00,39.62,39.68,39.62,39.68,0,0,26286
1862,2020-09-21 14:35:00,39.67,39.69,39.66,39.66,0,0,11788
1863,2020-09-21 14:36:00,39.67,39.68,39.64,39.65,0,0,30276
1864,2020-09-21 14:37:00,39.66,39.66,39.63,39.65,0,0,10753
1865,2020-09-21 14:38:00,39.65,39.67,39.65,39.67,0,0,9497
1866,2020-09-21 14:39:00,39.67,39.69,39.67,39.68,0,0,11788
1867,2020-09-21 14:40:00,39.68,39.68,39.64,39.65,0,0,11724
1868,2020-09-21 14:41:00,39.65,39.65,39.59,39.59,0,0,23388
1869,2020-09-21 14:42:00,39.59,39.63,39.57,39.6,0,0,24121
1870,2020-09-21 14:43:00,39.6,39.6,39.56,39.57,0,0,12362
1871,2020-09-21 14:44:00,39.57,39.6,39.56,39.57,0,0,19337
1872,2020-09-21 14:45:00,39.58,39.59,39.58,39.58,0,0,10659
1873,2020-09-21 14:46:00,39.58,39.6,39.58,39.59,0,0,8361
1874,2020-09-21 14:47:00,39.58,39.58,39.56,39.56,0,0,23699
1875,2020-09-21 14:48:00,39.56,39.57,39.53,39.57,0,0,25849
1876,2020-09-21 14:49:00,39.56,39.6,39.56,39.6,0,0,21811
1877,2020-09-21 14:50:00,39.59,39.66,39.58,39.65,0,0,37528
1878,2020-09-21 14:51:00,39.65,39.69,39.65,39.69,0,0,15831
1879,2020-09-21 14:52:00,39.69,39.72,39.67,39.71,0,0,16859
1880,2020-09-21 14:53:00,39.7,39.72,39.7,39.72,0,0,14547
1881,2020-09-21 14:54:00,39.72,39.73,39.71,39.72,0,0,22872
1882,2020-09-21 14:55:00,39.72,39.76,39.72,39.75,0,0,29490
1883,2020-09-21 14:56:00,39.76,39.76,39.73,39.76,0,0,11890
1884,2020-09-21 14:57:00,39.76,39.76,39.73,39.73,0,0,17490
1885,2020-09-21 14:58:00,39.72,39.76,39.72,39.74,0,0,24139
1886,2020-09-21 14:59:00,39.74,39.76,39.73,39.73,0,0,12356
1887,2020-09-21 15:00:00,39.73,39.76,39.72,39.75,0,0,21512
1888,2020-09-21 15:01:00,39.76,39.81,39.76,39.78,0,0,33203
1889,2020-09-21 15:02:00,39.79,39.79,39.76,39.76,0,0,13171
1890,2020-09-21 15:03:00,39.76,39.76,39.72,39.72,0,0,11618
1891,2020-09-21 15:04:00,39.73,39.78,39.72,39.76,0,0,23099
1892,2020-09-21 15:05:00,39.77,39.77,39.73,39.74,0,0,13805
1893,2020-09-21 15:06:00,39.74,39.76,39.74,39.74,0,0,8023
1894,2020-09-21 15:07:00,39.74,39.74,39.71,39.72,0,0,9543
1895,2020-09-21 15:08:00,39.72,39.75,39.72,39.73,0,0,15137
1896,2020-09-21 15:09:00,39.73,39.75,39.72,39.74,0,0,7694
1897,2020-09-21 15:10:00,39.74,39.75,39.71,39.71,0,0,13219
1898,2020-09-21 15:11:00,39.72,39.74,39.7,39.73,0,0,19068
1899,2020-09-21 15:12:00,39.73,39.76,39.72,39.75,0,0,22517
1900,2020-09-21 15:13:00,39.75,39.75,39.72,39.72,0,0,15257
1901,2020-09-21 15:14:00,39.72,39.73,39.71,39.71,0,0,16913
1902,2020-09-21 15:15:00,39.72,39.79,39.7,39.78,0,0,27965
1903,2020-09-21 15:16:00,39.78,39.78,39.72,39.74,0,0,55650
1904,2020-09-21 15:17:00,39.75,39.81,39.75,39.8,0,0,23059
1905,2020-09-21 15:18:00,39.8,39.81,39.76,39.8,0,0,46947
1906,2020-09-21 15:19:00,39.81,39.82,39.77,39.79,0,0,17435
1907,2020-09-21 15:20:00,39.79,39.81,39.76,39.78,0,0,17223
1908,2020-09-21 15:21:00,39.78,39.79,39.76,39.78,0,0,17910
1909,2020-09-21 15:22:00,39.78,39.85,39.78,39.85,0,0,42693
1910,2020-09-21 15:23:00,39.85,39.85,39.83,39.83,0,0,18752
1911,2020-09-21 15:24:00,39.84,39.88,39.84,39.85,0,0,72919
1912,2020-09-21 15:25:00,39.85,39.85,39.79,39.8,0,0,27112
1913,2020-09-21 15:26:00,39.81,39.83,39.79,39.83,0,0,31707
1914,2020-09-21 15:27:00,39.82,39.82,39.74,39.77,0,0,41484
1915,2020-09-21 15:28:00,39.78,39.79,39.77,39.78,0,0,45486
1916,2020-09-21 15:29:00,39.78,39.78,39.74,39.74,0,0,33171
1917,2020-09-21 15:30:00,39.75,39.78,39.74,39.76,0,0,29924
1918,2020-09-21 15:31:00,39.77,39.8,39.76,39.76,0,0,50865
1919,2020-09-21 15:32:00,39.76,39.76,39.71,39.72,0,0,24431
1920,2020-09-21 15:33:00,39.72,39.72,39.64,39.65,0,0,22612
1921,2020-09-21 15:34:00,39.65,39.67,39.63,39.67,0,0,41513
1922,2020-09-21 15:35:00,39.67,39.71,39.65,39.69,0,0,60399
1923,2020-09-21 15:36:00,39.7,39.71,39.69,39.69,0,0,25913
1924,2020-09-21 15:37:00,39.69,39.69,39.67,39.68,0,0,17011
1925,2020-09-21 15:38:00,39.68,39.73,39.68,39.72,0,0,36847
1926,2020-09-21 15:39:00,39.72,39.72,39.65,39.67,0,0,44682
1927,2020-09-21 15:40:00,39.67,39.68,39.6,39.62,0,0,44591
1928,2020-09-21 15:41:00,39.62,39.64,39.58,39.6,0,0,45268
1929,2020-09-21 15:42:00,39.6,39.67,39.6,39.64,0,0,37221
1930,2020-09-21 15:43:00,39.65,39.67,39.62,39.66,0,0,20520
1931,2020-09-21 15:44:00,39.66,39.72,39.66,39.7,0,0,32569
1932,2020-09-21 15:45:00,39.7,39.76,39.7,39.74,0,0,41697
1933,2020-09-21 15:46:00,39.74,39.77,39.73,39.75,0,0,40468
1934,2020-09-21 15:47:00,39.75,39.77,39.73,39.73,0,0,58720
1935,2020-09-21 15:48:00,39.74,39.79,39.74,39.75,0,0,41137
1936,2020-09-21 15:49:00,39.75,39.76,39.73,39.74,0,0,45120
1937,2020-09-21 15:50:00,39.74,39.85,39.73,39.85,0,0,59304
1938,2020-09-21 15:51:00,39.85,39.85,39.76,39.78,0,0,96520
1939,2020-09-21 15:52:00,39.79,39.81,39.78,39.78,0,0,63823
1940,2020-09-21 15:53:00,39.78,39.8,39.77,39.77,0,0,54957
1941,2020-09-21 15:54:00,39.77,39.86,39.76,39.83,0,0,157512
1942,2020-09-21 15:55:00,39.82,39.9,39.82,39.9,0,0,139421
1943,2020-09-21 15:56:00,39.9,39.9,39.87,39.87,0,0,120392
1944,2020-09-21 15:57:00,39.87,39.92,39.86,39.88,0,0,123409
1945,2020-09-21 15:58:00,39.88,39.94,39.88,39.92,0,0,130396
1946,2020-09-21 15:59:00,39.92,39.94,39.87,39.89,0,0,304948
1947,2020-09-22 09:30:00,40.37,40.44,40.27,40.42,0,0,113888
1948,2020-09-22 09:31:00,40.42,40.46,40.34,40.37,0,0,184649
1949,2020-09-22 09:32:00,40.35,40.86,40.33,40.84,0,0,215021
1950,2020-09-22 09:33:00,40.83,41.4,40.82,41.24,0,0,305215
1951,2020-09-22 09:34:00,41.23,41.25,40.95,40.96,0,0,150057
1952,2020-09-22 09:35:00,40.96,41.09,40.88,41.01,0,0,94051
1953,2020-09-22 09:36:00,41.0,41.27,40.96,41.26,0,0,167432
1954,2020-09-22 09:37:00,41.25,41.26,41.09,41.09,0,0,93569
1955,2020-09-22 09:38:00,41.1,41.2,41.06,41.06,0,0,49222
1956,2020-09-22 09:39:00,40.95,41.08,40.93,41.04,0,0,87524
1957,2020-09-22 09:40:00,41.08,41.22,41.08,41.15,0,0,70674
1958,2020-09-22 09:41:00,41.14,41.4,41.11,41.22,0,0,173262
1959,2020-09-22 09:42:00,41.22,41.53,41.22,41.48,0,0,149689
1960,2020-09-22 09:43:00,41.49,41.63,41.45,41.62,0,0,171910
1961,2020-09-22 09:44:00,41.63,41.64,41.34,41.37,0,0,159675
1962,2020-09-22 09:45:00,41.38,41.45,41.15,41.2,0,0,227254
1963,2020-09-22 09:46:00,41.19,41.29,41.07,41.09,0,0,240115
1964,2020-09-22 09:47:00,41.08,41.12,41.01,41.03,0,0,136734
1965,2020-09-22 09:48:00,41.04,41.08,40.96,41.06,0,0,124612
1966,2020-09-22 09:49:00,41.08,41.15,40.98,40.99,0,0,120368
1967,2020-09-22 09:50:00,41.0,41.12,40.98,41.09,0,0,76869
1968,2020-09-22 09:51:00,41.07,41.19,41.05,41.17,0,0,69007
1969,2020-09-22 09:52:00,41.17,41.31,41.17,41.26,0,0,89890
1970,2020-09-22 09:53:00,41.26,41.36,41.26,41.31,0,0,68041
1971,2020-09-22 09:54:00,41.31,41.31,41.23,41.29,0,0,53842
1972,2020-09-22 09:55:00,41.3,41.33,41.27,41.28,0,0,59181
1973,2020-09-22 09:56:00,41.28,41.33,41.23,41.25,0,0,44887
1974,2020-09-22 09:57:00,41.25,41.29,41.15,41.15,0,0,25667
1975,2020-09-22 09:58:00,41.14,41.33,41.14,41.33,0,0,58254
1976,2020-09-22 09:59:00,41.32,41.41,41.23,41.39,0,0,76617
1977,2020-09-22 10:00:00,41.39,41.43,41.28,41.29,0,0,56157
1978,2020-09-22 10:01:00,41.29,41.29,41.17,41.24,0,0,49350
1979,2020-09-22 10:02:00,41.24,41.32,41.12,41.14,0,0,71933
1980,2020-09-22 10:03:00,41.15,41.2,41.13,41.18,0,0,38051
1981,2020-09-22 10:04:00,41.19,41.28,41.13,41.27,0,0,35777
1982,2020-09-22 10:05:00,41.28,41.31,41.2,41.21,0,0,20493
1983,2020-09-22 10:06:00,41.22,41.26,41.1,41.14,0,0,19483
1984,2020-09-22 10:07:00,41.14,41.21,41.08,41.19,0,0,79443
1985,2020-09-22 10:08:00,41.2,41.32,41.19,41.29,0,0,43416
1986,2020-09-22 10:09:00,41.3,41.35,41.28,41.31,0,0,24266
1987,2020-09-22 10:10:00,41.31,41.35,41.31,41.33,0,0,41722
1988,2020-09-22 10:11:00,41.33,41.41,41.33,41.38,0,0,42983
1989,2020-09-22 10:12:00,41.39,41.42,41.33,41.34,0,0,71270
1990,2020-09-22 10:13:00,41.35,41.35,41.21,41.24,0,0,28857
1991,2020-09-22 10:14:00,41.25,41.32,41.23,41.32,0,0,32770
1992,2020-09-22 10:15:00,41.34,41.37,41.32,41.33,0,0,16601
1993,2020-09-22 10:16:00,41.31,41.32,41.2,41.2,0,0,23639
1994,2020-09-22 10:17:00,41.19,41.19,41.13,41.15,0,0,33743
1995,2020-09-22 10:18:00,41.14,41.24,41.14,41.2,0,0,24144
1996,2020-09-22 10:19:00,41.21,41.22,41.14,41.16,0,0,14531
1997,2020-09-22 10:20:00,41.17,41.2,41.06,41.08,0,0,55625
1998,2020-09-22 10:21:00,41.08,41.11,41.05,41.1,0,0,40813
1999,2020-09-22 10:22:00,41.1,41.13,41.03,41.08,0,0,28417
2000,2020-09-22 10:23:00,41.08,41.14,41.03,41.14,0,0,26486
2001,2020-09-22 10:24:00,41.14,41.2,41.13,41.14,0,0,28961
2002,2020-09-22 10:25:00,41.15,41.21,41.15,41.19,0,0,17500
2003,2020-09-22 10:26:00,41.2,41.21,41.19,41.21,0,0,26495
2004,2020-09-22 10:27:00,41.21,41.28,41.21,41.26,0,0,20259
2005,2020-09-22 10:28:00,41.26,41.31,41.25,41.3,0,0,16845
2006,2020-09-22 10:29:00,41.29,41.4,41.25,41.4,0,0,240425
2007,2020-09-22 10:30:00,41.4,41.4,41.36,41.37,0,0,66145
2008,2020-09-22 10:31:00,41.37,41.37,41.26,41.26,0,0,49065
2009,2020-09-22 10:32:00,41.27,41.34,41.25,41.34,0,0,23811
2010,2020-09-22 10:33:00,41.34,41.35,41.31,41.33,0,0,15365
2011,2020-09-22 10:34:00,41.34,41.34,41.25,41.31,0,0,21581
2012,2020-09-22 10:35:00,41.31,41.36,41.29,41.35,0,0,28261
2013,2020-09-22 10:36:00,41.35,41.39,41.35,41.35,0,0,50481
2014,2020-09-22 10:37:00,41.35,41.39,41.33,41.39,0,0,24323
2015,2020-09-22 10:38:00,41.38,41.5,41.35,41.41,0,0,253519
2016,2020-09-22 10:39:00,41.4,41.46,41.38,41.38,0,0,61224
2017,2020-09-22 10:40:00,41.39,41.41,41.32,41.33,0,0,44427
2018,2020-09-22 10:41:00,41.34,41.38,41.31,41.33,0,0,33426
2019,2020-09-22 10:42:00,41.34,41.38,41.33,41.35,0,0,56055
2020,2020-09-22 10:43:00,41.37,41.37,41.27,41.28,0,0,56424
2021,2020-09-22 10:44:00,41.28,41.28,41.22,41.24,0,0,54335
2022,2020-09-22 10:45:00,41.24,41.26,41.21,41.24,0,0,31276
2023,2020-09-22 10:46:00,41.24,41.24,41.21,41.21,0,0,33943
2024,2020-09-22 10:47:00,41.21,41.26,41.21,41.22,0,0,17535
2025,2020-09-22 10:48:00,41.22,41.23,41.2,41.22,0,0,37439
2026,2020-09-22 10:49:00,41.21,41.21,41.14,41.14,0,0,24980
2027,2020-09-22 10:50:00,41.15,41.18,41.1,41.17,0,0,39164
2028,2020-09-22 10:51:00,41.17,41.2,41.15,41.19,0,0,17987
2029,2020-09-22 10:52:00,41.18,41.26,41.17,41.26,0,0,29993
2030,2020-09-22 10:53:00,41.26,41.29,41.24,41.29,0,0,20400
2031,2020-09-22 10:54:00,41.28,41.31,41.24,41.24,0,0,15904
2032,2020-09-22 10:55:00,41.25,41.26,41.2,41.21,0,0,12034
2033,2020-09-22 10:56:00,41.22,41.22,41.18,41.19,0,0,27160
2034,2020-09-22 10:57:00,41.19,41.21,41.11,41.13,0,0,40687
2035,2020-09-22 10:58:00,41.14,41.21,41.13,41.18,0,0,33285
2036,2020-09-22 10:59:00,41.19,41.19,41.1,41.11,0,0,33876
2037,2020-09-22 11:00:00,41.11,41.15,41.08,41.15,0,0,38769
2038,2020-09-22 11:01:00,41.15,41.16,41.12,41.15,0,0,34106
2039,2020-09-22 11:02:00,41.14,41.14,40.94,40.95,0,0,129685
2040,2020-09-22 11:03:00,40.95,40.97,40.86,40.88,0,0,45856
2041,2020-09-22 11:05:00,40.92,40.96,40.92,40.96,0,0,105316
2042,2020-09-22 11:06:00,40.96,40.96,40.93,40.95,0,0,17590
2043,2020-09-22 11:07:00,40.94,40.94,40.85,40.86,0,0,30831
2044,2020-09-22 11:08:00,40.87,40.96,40.87,40.94,0,0,23410
2045,2020-09-22 11:09:00,40.95,40.97,40.89,40.92,0,0,20330
2046,2020-09-22 11:10:00,40.93,41.0,40.93,40.96,0,0,21755
2047,2020-09-22 11:11:00,40.95,40.97,40.92,40.95,0,0,17135
2048,2020-09-22 11:12:00,40.94,41.0,40.93,40.99,0,0,40742
2049,2020-09-22 11:13:00,40.98,41.0,40.97,41.0,0,0,17827
2050,2020-09-22 11:14:00,41.01,41.08,41.01,41.03,0,0,40970
2051,2020-09-22 11:15:00,41.02,41.11,41.02,41.08,0,0,33027
2052,2020-09-22 11:16:00,41.08,41.13,41.08,41.13,0,0,42417
2053,2020-09-22 11:17:00,41.12,41.18,41.12,41.18,0,0,15224
2054,2020-09-22 11:18:00,41.17,41.21,41.15,41.21,0,0,21445
2055,2020-09-22 11:19:00,41.21,41.25,41.19,41.24,0,0,13423
2056,2020-09-22 11:20:00,41.23,41.25,41.21,41.22,0,0,27703
2057,2020-09-22 11:21:00,41.23,41.24,41.21,41.24,0,0,13080
2058,2020-09-22 11:22:00,41.24,41.27,41.23,41.25,0,0,35238
2059,2020-09-22 11:23:00,41.25,41.26,41.18,41.19,0,0,13946
2060,2020-09-22 11:24:00,41.2,41.28,41.19,41.28,0,0,29042
2061,2020-09-22 11:25:00,41.28,41.31,41.25,41.25,0,0,17219
2062,2020-09-22 11:26:00,41.24,41.32,41.22,41.28,0,0,23246
2063,2020-09-22 11:27:00,41.29,41.32,41.28,41.3,0,0,20566
2064,2020-09-22 11:28:00,41.3,41.32,41.26,41.31,0,0,10937
2065,2020-09-22 11:29:00,41.32,41.35,41.31,41.33,0,0,37558
2066,2020-09-22 11:30:00,41.33,41.38,41.33,41.34,0,0,40616
2067,2020-09-22 11:31:00,41.35,41.39,41.35,41.37,0,0,36926
2068,2020-09-22 11:32:00,41.38,41.39,41.35,41.37,0,0,24455
2069,2020-09-22 11:33:00,41.36,41.38,41.33,41.37,0,0,34443
2070,2020-09-22 11:34:00,41.37,41.39,41.29,41.31,0,0,35705
2071,2020-09-22 11:35:00,41.31,41.39,41.3,41.36,0,0,45402
2072,2020-09-22 11:36:00,41.37,41.45,41.37,41.44,0,0,36866
2073,2020-09-22 11:37:00,41.44,41.45,41.42,41.44,0,0,32817
2074,2020-09-22 11:38:00,41.43,41.5,41.4,41.43,0,0,109113
2075,2020-09-22 11:39:00,41.42,41.47,41.41,41.47,0,0,46539
2076,2020-09-22 11:40:00,41.47,41.55,41.47,41.5,0,0,98987
2077,2020-09-22 11:41:00,41.51,41.58,41.51,41.57,0,0,51222
2078,2020-09-22 11:42:00,41.57,41.62,41.56,41.6,0,0,52968
2079,2020-09-22 11:43:00,41.6,41.6,41.54,41.56,0,0,28558
2080,2020-09-22 11:44:00,41.56,41.57,41.54,41.56,0,0,26461
2081,2020-09-22 11:45:00,41.56,41.6,41.56,41.58,0,0,15806
2082,2020-09-22 11:46:00,41.58,41.63,41.58,41.62,0,0,31986
2083,2020-09-22 11:47:00,41.62,41.67,41.62,41.65,0,0,49997
2084,2020-09-22 11:48:00,41.66,41.71,41.66,41.69,0,0,73761
2085,2020-09-22 11:49:00,41.69,41.75,41.69,41.74,0,0,45434
2086,2020-09-22 11:50:00,41.74,41.79,41.72,41.75,0,0,147468
2087,2020-09-22 11:51:00,41.76,41.79,41.72,41.76,0,0,40055
2088,2020-09-22 11:52:00,41.77,41.82,41.77,41.8,0,0,61515
2089,2020-09-22 11:53:00,41.81,41.87,41.81,41.83,0,0,61946
2090,2020-09-22 11:54:00,41.83,41.84,41.74,41.75,0,0,81550
2091,2020-09-22 11:55:00,41.76,41.76,41.7,41.72,0,0,46348
2092,2020-09-22 11:56:00,41.71,41.73,41.68,41.72,0,0,50942
2093,2020-09-22 11:57:00,41.71,41.73,41.66,41.66,0,0,36345
2094,2020-09-22 11:58:00,41.67,41.68,41.63,41.65,0,0,72319
2095,2020-09-22 11:59:00,41.64,41.69,41.64,41.65,0,0,19664
2096,2020-09-22 12:00:00,41.65,41.74,41.65,41.72,0,0,23578
2097,2020-09-22 12:01:00,41.73,41.77,41.71,41.75,0,0,23287
2098,2020-09-22 12:02:00,41.75,41.78,41.72,41.77,0,0,49509
2099,2020-09-22 12:03:00,41.79,41.79,41.76,41.76,0,0,29890
2100,2020-09-22 12:04:00,41.77,41.78,41.72,41.77,0,0,24266
2101,2020-09-22 12:05:00,41.76,41.77,41.72,41.74,0,0,18570
2102,2020-09-22 12:06:00,41.74,41.76,41.71,41.71,0,0,21388
2103,2020-09-22 12:07:00,41.72,41.73,41.7,41.72,0,0,18404
2104,2020-09-22 12:08:00,41.72,41.72,41.66,41.67,0,0,22300
2105,2020-09-22 12:09:00,41.66,41.69,41.65,41.65,0,0,25321
2106,2020-09-22 12:10:00,41.65,41.66,41.61,41.62,0,0,46651
2107,2020-09-22 12:11:00,41.62,41.65,41.62,41.64,0,0,35848
2108,2020-09-22 12:12:00,41.63,41.65,41.62,41.65,0,0,23044
2109,2020-09-22 12:13:00,41.64,41.65,41.61,41.62,0,0,31811
2110,2020-09-22 12:14:00,41.62,41.63,41.6,41.62,0,0,27683
2111,2020-09-22 12:15:00,41.62,41.63,41.59,41.59,0,0,22819
2112,2020-09-22 12:16:00,41.58,41.6,41.58,41.6,0,0,11797
2113,2020-09-22 12:17:00,41.6,41.61,41.55,41.56,0,0,17541
2114,2020-09-22 12:18:00,41.55,41.6,41.55,41.58,0,0,30000
2115,2020-09-22 12:19:00,41.59,41.6,41.57,41.57,0,0,11407
2116,2020-09-22 12:20:00,41.58,41.59,41.55,41.56,0,0,16931
2117,2020-09-22 12:21:00,41.56,41.58,41.56,41.58,0,0,17179
2118,2020-09-22 12:22:00,41.59,41.6,41.57,41.57,0,0,56784
2119,2020-09-22 12:23:00,41.58,41.58,41.56,41.58,0,0,21858
2120,2020-09-22 12:24:00,41.57,41.58,41.56,41.57,0,0,21771
2121,2020-09-22 12:25:00,41.56,41.58,41.52,41.52,0,0,46635
2122,2020-09-22 12:26:00,41.53,41.58,41.53,41.56,0,0,38599
2123,2020-09-22 12:27:00,41.56,41.59,41.53,41.58,0,0,26682
2124,2020-09-22 12:28:00,41.58,41.58,41.56,41.57,0,0,37369
2125,2020-09-22 12:29:00,41.57,41.61,41.56,41.6,0,0,79478
2126,2020-09-22 12:30:00,41.6,41.64,41.6,41.64,0,0,26855
2127,2020-09-22 12:31:00,41.64,41.65,41.59,41.61,0,0,28094
2128,2020-09-22 12:32:00,41.62,41.65,41.62,41.63,0,0,16190
2129,2020-09-22 12:33:00,41.64,41.69,41.64,41.69,0,0,25867
2130,2020-09-22 12:34:00,41.69,41.74,41.67,41.67,0,0,50772
2131,2020-09-22 12:35:00,41.68,41.69,41.65,41.67,0,0,20592
2132,2020-09-22 12:36:00,41.67,41.74,41.65,41.73,0,0,24305
2133,2020-09-22 12:37:00,41.74,41.74,41.68,41.68,0,0,42087
2134,2020-09-22 12:38:00,41.68,41.68,41.63,41.65,0,0,24105
2135,2020-09-22 12:39:00,41.65,41.67,41.64,41.65,0,0,22680
2136,2020-09-22 12:40:00,41.65,41.68,41.65,41.65,0,0,9137
2137,2020-09-22 12:41:00,41.66,41.67,41.65,41.67,0,0,32763
2138,2020-09-22 12:42:00,41.66,41.68,41.63,41.63,0,0,24922
2139,2020-09-22 12:43:00,41.64,41.65,41.62,41.64,0,0,10880
2140,2020-09-22 12:44:00,41.65,41.68,41.65,41.67,0,0,15962
2141,2020-09-22 12:45:00,41.67,41.67,41.61,41.62,0,0,38980
2142,2020-09-22 12:46:00,41.62,41.63,41.6,41.6,0,0,28530
2143,2020-09-22 12:47:00,41.6,41.6,41.57,41.59,0,0,51302
2144,2020-09-22 12:48:00,41.6,41.6,41.57,41.57,0,0,15531
2145,2020-09-22 12:49:00,41.58,41.65,41.56,41.65,0,0,38314
2146,2020-09-22 12:50:00,41.64,41.71,41.63,41.71,0,0,24449
2147,2020-09-22 12:51:00,41.71,41.76,41.71,41.74,0,0,55563
2148,2020-09-22 12:52:00,41.75,41.79,41.74,41.78,0,0,54371
2149,2020-09-22 12:53:00,41.78,41.82,41.78,41.82,0,0,48953
2150,2020-09-22 12:54:00,41.82,41.89,41.79,41.89,0,0,61556
2151,2020-09-22 12:55:00,41.88,41.89,41.82,41.88,0,0,68371
2152,2020-09-22 12:56:00,41.88,41.92,41.87,41.91,0,0,91868
2153,2020-09-22 12:57:00,41.9,41.92,41.85,41.91,0,0,39788
2154,2020-09-22 12:58:00,41.91,42.0,41.91,42.0,0,0,58587
2155,2020-09-22 12:59:00,42.0,42.0,41.96,42.0,0,0,79315
2156,2020-09-22 13:00:00,41.99,42.0,41.94,41.96,0,0,67407
2157,2020-09-22 13:01:00,41.97,42.0,41.95,41.96,0,0,54364
2158,2020-09-22 13:02:00,41.96,41.99,41.94,41.98,0,0,52937
2159,2020-09-22 13:03:00,41.99,42.1,41.98,42.06,0,0,242320
2160,2020-09-22 13:04:00,42.06,42.09,42.02,42.02,0,0,70819
2161,2020-09-22 13:05:00,42.03,42.04,41.96,41.96,0,0,100159
2162,2020-09-22 13:06:00,41.96,41.96,41.92,41.93,0,0,27949
2163,2020-09-22 13:07:00,41.94,42.04,41.94,42.04,0,0,20166
2164,2020-09-22 13:08:00,42.04,42.08,42.02,42.08,0,0,41469
2165,2020-09-22 13:09:00,42.08,42.1,42.05,42.1,0,0,79729
2166,2020-09-22 13:10:00,42.1,42.22,42.08,42.15,0,0,171401
2167,2020-09-22 13:11:00,42.15,42.2,42.14,42.15,0,0,41683
2168,2020-09-22 13:12:00,42.15,42.18,42.1,42.11,0,0,36257
2169,2020-09-22 13:13:00,42.12,42.15,42.12,42.14,0,0,36821
2170,2020-09-22 13:14:00,42.14,42.22,42.14,42.18,0,0,47747
2171,2020-09-22 13:15:00,42.17,42.21,42.15,42.21,0,0,40019
2172,2020-09-22 13:16:00,42.22,42.22,42.16,42.16,0,0,32355
2173,2020-09-22 13:17:00,42.16,42.21,42.15,42.17,0,0,33472
2174,2020-09-22 13:18:00,42.16,42.18,41.95,42.18,0,0,131187
2175,2020-09-22 13:19:00,42.18,42.29,42.17,42.29,0,0,95785
2176,2020-09-22 13:20:00,42.29,42.33,42.29,42.31,0,0,49797
2177,2020-09-22 13:21:00,42.3,42.37,42.29,42.32,0,0,75627
2178,2020-09-22 13:22:00,42.32,42.35,42.31,42.35,0,0,45782
2179,2020-09-22 13:23:00,42.34,42.39,42.33,42.33,0,0,59575
2180,2020-09-22 13:24:00,42.33,42.38,42.33,42.35,0,0,51986
2181,2020-09-22 13:25:00,42.36,42.41,42.36,42.39,0,0,67219
2182,2020-09-22 13:26:00,42.39,42.42,42.37,42.38,0,0,86150
2183,2020-09-22 13:27:00,42.37,42.37,42.32,42.35,0,0,38229
2184,2020-09-22 13:28:00,42.34,42.42,42.34,42.4,0,0,48083
2185,2020-09-22 13:29:00,42.4,42.46,42.4,42.42,0,0,45019
2186,2020-09-22 13:30:00,42.42,42.43,42.34,42.35,0,0,57440
2187,2020-09-22 13:31:00,42.35,42.36,42.31,42.33,0,0,39666
2188,2020-09-22 13:32:00,42.33,42.33,42.27,42.28,0,0,54334
2189,2020-09-22 13:33:00,42.28,42.3,42.26,42.28,0,0,40890
2190,2020-09-22 13:34:00,42.28,42.28,42.23,42.25,0,0,62179
2191,2020-09-22 13:35:00,42.24,42.26,42.22,42.24,0,0,28947
2192,2020-09-22 13:36:00,42.24,42.28,42.23,42.28,0,0,18175
2193,2020-09-22 13:37:00,42.27,42.28,42.24,42.26,0,0,63583
2194,2020-09-22 13:38:00,42.24,42.24,42.15,42.17,0,0,88256
2195,2020-09-22 13:39:00,42.18,42.19,42.15,42.15,0,0,22663
2196,2020-09-22 13:40:00,42.15,42.17,42.13,42.14,0,0,29595
2197,2020-09-22 13:41:00,42.14,42.17,42.14,42.16,0,0,25190
2198,2020-09-22 13:42:00,42.16,42.17,42.13,42.14,0,0,33095
2199,2020-09-22 13:43:00,42.13,42.16,42.12,42.15,0,0,21040
2200,2020-09-22 13:44:00,42.15,42.16,42.12,42.13,0,0,24052
2201,2020-09-22 13:45:00,42.14,42.15,42.08,42.09,0,0,36803
2202,2020-09-22 13:46:00,42.09,42.16,42.08,42.15,0,0,26956
2203,2020-09-22 13:47:00,42.16,42.16,42.14,42.16,0,0,21305
2204,2020-09-22 13:48:00,42.15,42.24,42.15,42.18,0,0,77937
2205,2020-09-22 13:49:00,42.18,42.22,42.13,42.22,0,0,31095
2206,2020-09-22 13:50:00,42.22,42.27,42.2,42.27,0,0,32539
2207,2020-09-22 13:51:00,42.26,42.28,42.25,42.26,0,0,20021
2208,2020-09-22 13:52:00,42.26,42.26,42.2,42.24,0,0,25929
2209,2020-09-22 13:53:00,42.24,42.25,42.18,42.18,0,0,21255
2210,2020-09-22 13:54:00,42.19,42.24,42.16,42.16,0,0,26806
2211,2020-09-22 13:55:00,42.16,42.17,42.09,42.1,0,0,102280
2212,2020-09-22 13:56:00,42.1,42.15,42.1,42.12,0,0,35393
2213,2020-09-22 13:57:00,42.11,42.12,42.07,42.1,0,0,52294
2214,2020-09-22 13:58:00,42.1,42.12,42.09,42.1,0,0,25009
2215,2020-09-22 13:59:00,42.09,42.15,42.07,42.15,0,0,37829
2216,2020-09-22 14:00:00,42.15,42.24,42.15,42.21,0,0,61339
2217,2020-09-22 14:01:00,42.22,42.29,42.21,42.28,0,0,32606
2218,2020-09-22 14:02:00,42.28,42.28,42.25,42.26,0,0,15812
2219,2020-09-22 14:03:00,42.26,42.27,42.25,42.26,0,0,14288
2220,2020-09-22 14:04:00,42.25,42.26,42.23,42.26,0,0,17633
2221,2020-09-22 14:05:00,42.26,42.26,42.21,42.21,0,0,23474
2222,2020-09-22 14:06:00,42.22,42.3,42.22,42.26,0,0,30280
2223,2020-09-22 14:07:00,42.26,42.26,42.18,42.19,0,0,18369
2224,2020-09-22 14:08:00,42.19,42.24,42.19,42.2,0,0,36205
2225,2020-09-22 14:09:00,42.2,42.21,42.18,42.19,0,0,22744
2226,2020-09-22 14:10:00,42.19,42.24,42.18,42.22,0,0,12511
2227,2020-09-22 14:11:00,42.22,42.22,42.13,42.16,0,0,76191
2228,2020-09-22 14:12:00,42.17,42.22,42.17,42.22,0,0,16544
2229,2020-09-22 14:13:00,42.22,42.27,42.22,42.26,0,0,16943
2230,2020-09-22 14:14:00,42.26,42.3,42.26,42.3,0,0,8661
2231,2020-09-22 14:15:00,42.3,42.31,42.28,42.3,0,0,54565
2232,2020-09-22 14:16:00,42.3,42.31,42.29,42.31,0,0,35333
2233,2020-09-22 14:17:00,42.31,42.34,42.3,42.33,0,0,18817
2234,2020-09-22 14:18:00,42.33,42.34,42.3,42.33,0,0,29844
2235,2020-09-22 14:19:00,42.33,42.35,42.33,42.33,0,0,23756
2236,2020-09-22 14:20:00,42.33,42.33,42.28,42.31,0,0,36099
2237,2020-09-22 14:21:00,42.31,42.32,42.28,42.28,0,0,45913
2238,2020-09-22 14:22:00,42.29,42.31,42.27,42.27,0,0,25508
2239,2020-09-22 14:23:00,42.27,42.28,42.23,42.24,0,0,15659
2240,2020-09-22 14:24:00,42.24,42.24,42.2,42.23,0,0,23722
2241,2020-09-22 14:25:00,42.24,42.27,42.24,42.26,0,0,13115
2242,2020-09-22 14:26:00,42.27,42.29,42.26,42.27,0,0,11405
2243,2020-09-22 14:27:00,42.27,42.29,42.26,42.27,0,0,17886
2244,2020-09-22 14:28:00,42.28,42.28,42.24,42.25,0,0,39033
2245,2020-09-22 14:29:00,42.26,42.31,42.26,42.31,0,0,55743
2246,2020-09-22 14:30:00,42.32,42.35,42.31,42.34,0,0,27832
2247,2020-09-22 14:31:00,42.34,42.35,42.31,42.33,0,0,21410
2248,2020-09-22 14:32:00,42.33,42.35,42.32,42.33,0,0,26148
2249,2020-09-22 14:33:00,42.33,42.33,42.29,42.3,0,0,26907
2250,2020-09-22 14:34:00,42.3,42.33,42.3,42.3,0,0,21115
2251,2020-09-22 14:35:00,42.29,42.29,42.22,42.23,0,0,20296
2252,2020-09-22 14:36:00,42.24,42.31,42.23,42.29,0,0,35850
2253,2020-09-22 14:37:00,42.3,42.32,42.29,42.31,0,0,27224
2254,2020-09-22 14:38:00,42.31,42.33,42.29,42.32,0,0,11268
2255,2020-09-22 14:39:00,42.32,42.33,42.31,42.33,0,0,17604
2256,2020-09-22 14:40:00,42.33,42.4,42.33,42.39,0,0,70484
2257,2020-09-22 14:41:00,42.38,42.4,42.36,42.4,0,0,29879
2258,2020-09-22 14:42:00,42.4,42.4,42.36,42.38,0,0,18952
2259,2020-09-22 14:43:00,42.37,42.38,42.33,42.36,0,0,19583
2260,2020-09-22 14:44:00,42.36,42.43,42.36,42.42,0,0,85186
2261,2020-09-22 14:45:00,42.41,42.42,42.4,42.42,0,0,30758
2262,2020-09-22 14:46:00,42.42,42.42,42.4,42.42,0,0,18889
2263,2020-09-22 14:47:00,42.42,42.46,42.42,42.44,0,0,20267
2264,2020-09-22 14:48:00,42.44,42.44,42.42,42.43,0,0,15368
2265,2020-09-22 14:49:00,42.43,42.44,42.43,42.44,0,0,9855
2266,2020-09-22 14:50:00,42.44,42.46,42.41,42.46,0,0,23431
2267,2020-09-22 14:51:00,42.46,42.48,42.44,42.48,0,0,28792
2268,2020-09-22 14:52:00,42.47,42.47,42.43,42.45,0,0,18165
2269,2020-09-22 14:53:00,42.45,42.45,42.4,42.43,0,0,34592
2270,2020-09-22 14:54:00,42.42,42.42,42.4,42.41,0,0,18842
2271,2020-09-22 14:55:00,42.4,42.47,42.4,42.47,0,0,100706
2272,2020-09-22 14:56:00,42.47,42.54,42.47,42.53,0,0,102862
2273,2020-09-22 14:57:00,42.53,42.55,42.51,42.54,0,0,27872
2274,2020-09-22 14:58:00,42.54,42.56,42.49,42.49,0,0,41978
2275,2020-09-22 14:59:00,42.49,42.5,42.46,42.48,0,0,31254
2276,2020-09-22 15:00:00,42.47,42.49,42.42,42.46,0,0,30227
2277,2020-09-22 15:01:00,42.46,42.49,42.44,42.44,0,0,28376
2278,2020-09-22 15:02:00,42.44,42.51,42.44,42.47,0,0,30318
2279,2020-09-22 15:03:00,42.48,42.53,42.48,42.53,0,0,10427
2280,2020-09-22 15:04:00,42.52,42.55,42.51,42.51,0,0,26838
2281,2020-09-22 15:05:00,42.52,42.56,42.51,42.56,0,0,27372
2282,2020-09-22 15:06:00,42.56,42.56,42.53,42.56,0,0,22342
2283,2020-09-22 15:07:00,42.56,42.57,42.54,42.57,0,0,26250
2284,2020-09-22 15:08:00,42.56,42.57,42.53,42.55,0,0,45720
2285,2020-09-22 15:09:00,42.54,42.55,42.54,42.55,0,0,10331
2286,2020-09-22 15:10:00,42.54,42.56,42.52,42.52,0,0,39418
2287,2020-09-22 15:11:00,42.51,42.53,42.5,42.51,0,0,29007
2288,2020-09-22 15:12:00,42.5,42.53,42.5,42.51,0,0,32891
2289,2020-09-22 15:13:00,42.51,42.52,42.5,42.51,0,0,18533
2290,2020-09-22 15:14:00,42.51,42.51,42.49,42.51,0,0,56498
2291,2020-09-22 15:15:00,42.5,42.5,42.45,42.48,0,0,78553
2292,2020-09-22 15:16:00,42.48,42.52,42.48,42.51,0,0,20503
2293,2020-09-22 15:17:00,42.51,42.59,42.51,42.59,0,0,52212
2294,2020-09-22 15:18:00,42.58,42.61,42.57,42.6,0,0,49172
2295,2020-09-22 15:19:00,42.59,42.63,42.57,42.62,0,0,50154
2296,2020-09-22 15:20:00,42.62,42.65,42.61,42.63,0,0,36017
2297,2020-09-22 15:21:00,42.63,42.64,42.61,42.62,0,0,18374
2298,2020-09-22 15:22:00,42.62,42.64,42.61,42.62,0,0,45267
2299,2020-09-22 15:23:00,42.63,42.68,42.62,42.67,0,0,38206
2300,2020-09-22 15:24:00,42.68,42.69,42.65,42.67,0,0,29882
2301,2020-09-22 15:25:00,42.68,42.71,42.65,42.69,0,0,60848
2302,2020-09-22 15:26:00,42.69,42.69,42.66,42.69,0,0,39035
2303,2020-09-22 15:27:00,42.69,42.69,42.67,42.67,0,0,14627
2304,2020-09-22 15:28:00,42.67,42.69,42.65,42.65,0,0,23353
2305,2020-09-22 15:29:00,42.66,42.69,42.66,42.68,0,0,43816
2306,2020-09-22 15:30:00,42.67,42.69,42.65,42.65,0,0,39419
2307,2020-09-22 15:31:00,42.66,42.67,42.53,42.56,0,0,86714
2308,2020-09-22 15:32:00,42.56,42.57,42.51,42.51,0,0,92230
2309,2020-09-22 15:33:00,42.52,42.54,42.47,42.49,0,0,106080
2310,2020-09-22 15:34:00,42.49,42.5,42.47,42.47,0,0,55733
2311,2020-09-22 15:35:00,42.48,42.53,42.48,42.49,0,0,88730
2312,2020-09-22 15:36:00,42.49,42.52,42.49,42.51,0,0,50635
2313,2020-09-22 15:37:00,42.51,42.56,42.51,42.55,0,0,86679
2314,2020-09-22 15:38:00,42.55,42.55,42.52,42.54,0,0,19300
2315,2020-09-22 15:39:00,42.55,42.56,42.51,42.53,0,0,41818
2316,2020-09-22 15:40:00,42.53,42.62,42.53,42.61,0,0,56446
2317,2020-09-22 15:41:00,42.61,42.63,42.6,42.6,0,0,33985
2318,2020-09-22 15:42:00,42.6,42.64,42.6,42.6,0,0,30514
2319,2020-09-22 15:43:00,42.6,42.6,42.54,42.55,0,0,35446
2320,2020-09-22 15:44:00,42.56,42.58,42.53,42.53,0,0,82946
2321,2020-09-22 15:45:00,42.54,42.63,42.53,42.63,0,0,76741
2322,2020-09-22 15:46:00,42.63,42.69,42.6,42.67,0,0,84761
2323,2020-09-22 15:47:00,42.67,42.69,42.65,42.68,0,0,58693
2324,2020-09-22 15:48:00,42.68,42.69,42.63,42.66,0,0,70226
2325,2020-09-22 15:49:00,42.66,42.73,42.66,42.71,0,0,105600
2326,2020-09-22 15:50:00,42.73,42.74,42.67,42.7,0,0,105554
2327,2020-09-22 15:51:00,42.7,42.71,42.61,42.64,0,0,120615
2328,2020-09-22 15:52:00,42.65,42.67,42.59,42.59,0,0,117729
2329,2020-09-22 15:53:00,42.59,42.62,42.59,42.61,0,0,85798
2330,2020-09-22 15:54:00,42.61,42.66,42.59,42.65,0,0,109781
2331,2020-09-22 15:55:00,42.65,42.81,42.65,42.78,0,0,198012
2332,2020-09-22 15:56:00,42.78,42.83,42.77,42.81,0,0,156274
2333,2020-09-22 15:57:00,42.81,42.81,42.71,42.73,0,0,154430
2334,2020-09-22 15:58:00,42.74,42.75,42.71,42.73,0,0,119706
2335,2020-09-22 15:59:00,42.72,42.81,42.71,42.73,0,0,337650
2336,2020-09-23 09:30:00,43.88,43.94,43.7,43.87,0,0,464674
2337,2020-09-23 09:31:00,43.87,43.94,43.82,43.91,0,0,32090
2338,2020-09-23 09:32:00,43.9,44.65,43.85,44.65,0,0,1098964
2339,2020-09-23 09:33:00,44.65,44.72,44.4,44.5,0,0,561205
2340,2020-09-23 09:34:00,44.47,44.61,44.25,44.43,0,0,219964
2341,2020-09-23 09:35:00,44.42,44.55,44.3,44.31,0,0,204379
2342,2020-09-23 09:36:00,44.31,44.53,44.27,44.47,0,0,266351
2343,2020-09-23 09:37:00,44.47,44.64,44.47,44.57,0,0,259384
2344,2020-09-23 09:38:00,44.58,44.99,44.56,44.99,0,0,588169
2345,2020-09-23 09:39:00,44.97,45.15,44.95,45.04,0,0,662533
2346,2020-09-23 09:40:00,45.05,45.12,44.92,44.94,0,0,459967
2347,2020-09-23 09:41:00,44.95,45.08,44.77,44.8,0,0,320047
2348,2020-09-23 09:42:00,44.8,44.94,44.78,44.87,0,0,155380
2349,2020-09-23 09:43:00,44.86,45.23,44.85,45.22,0,0,425292
2350,2020-09-23 09:44:00,45.23,45.61,45.21,45.56,0,0,564409
2351,2020-09-23 09:45:00,45.56,45.75,45.55,45.68,0,0,564191
2352,2020-09-23 09:46:00,45.68,45.68,45.39,45.42,0,0,352987
2353,2020-09-23 09:47:00,45.44,45.5,45.22,45.24,0,0,253186
2354,2020-09-23 09:48:00,45.23,45.25,45.0,45.0,0,0,282174
2355,2020-09-23 09:49:00,45.0,45.12,44.94,45.1,0,0,352145
2356,2020-09-23 09:50:00,45.1,45.27,45.09,45.23,0,0,378939
2357,2020-09-23 09:51:00,45.23,45.43,45.17,45.4,0,0,374999
2358,2020-09-23 09:52:00,45.4,45.49,45.4,45.46,0,0,477712
2359,2020-09-23 09:53:00,45.46,45.65,45.45,45.62,0,0,313550
2360,2020-09-23 09:54:00,45.63,45.75,45.55,45.66,0,0,517880
2361,2020-09-23 09:55:00,45.64,45.9,45.5,45.5,0,0,518496
2362,2020-09-23 09:56:00,45.51,45.64,45.28,45.3,0,0,285522
2363,2020-09-23 09:57:00,45.28,45.3,44.99,45.1,0,0,404052
2364,2020-09-23 09:58:00,45.11,45.23,45.0,45.06,0,0,259041
2365,2020-09-23 09:59:00,45.06,45.11,44.88,44.94,0,0,380834
2366,2020-09-23 10:00:00,44.94,45.18,44.93,45.07,0,0,236031
2367,2020-09-23 10:01:00,45.07,45.26,45.04,45.16,0,0,258584
2368,2020-09-23 10:02:00,45.15,45.4,45.11,45.38,0,0,191314
2369,2020-09-23 10:03:00,45.39,45.42,45.34,45.42,0,0,154611
2370,2020-09-23 10:04:00,45.41,45.45,45.25,45.42,0,0,179244
2371,2020-09-23 10:05:00,45.4,45.42,45.24,45.3,0,0,131609
2372,2020-09-23 10:06:00,45.29,45.37,45.27,45.34,0,0,102631
2373,2020-09-23 10:07:00,45.35,45.4,45.24,45.3,0,0,113558
2374,2020-09-23 10:08:00,45.3,45.4,45.27,45.38,0,0,125133
2375,2020-09-23 10:09:00,45.38,45.49,45.32,45.32,0,0,227562
2376,2020-09-23 10:10:00,45.31,45.31,45.13,45.22,0,0,173887
2377,2020-09-23 10:11:00,45.22,45.3,45.21,45.28,0,0,115429
2378,2020-09-23 10:12:00,45.29,45.42,45.28,45.38,0,0,123973
2379,2020-09-23 10:13:00,45.38,45.49,45.32,45.35,0,0,111679
2380,2020-09-23 10:14:00,45.34,45.47,45.25,45.46,0,0,123428
2381,2020-09-23 10:15:00,45.46,45.5,45.38,45.46,0,0,125347
2382,2020-09-23 10:16:00,45.45,45.49,45.36,45.39,0,0,115579
2383,2020-09-23 10:17:00,45.4,45.48,45.38,45.44,0,0,101362
2384,2020-09-23 10:18:00,45.44,45.48,45.36,45.42,0,0,120684
2385,2020-09-23 10:19:00,45.43,45.57,45.26,45.28,0,0,300237
2386,2020-09-23 10:20:00,45.28,45.57,45.28,45.54,0,0,150402
2387,2020-09-23 10:21:00,45.56,45.64,45.51,45.56,0,0,172666
2388,2020-09-23 10:22:00,45.56,45.56,45.39,45.44,0,0,177183
2389,2020-09-23 10:23:00,45.43,45.54,45.39,45.51,0,0,149733
2390,2020-09-23 10:24:00,45.51,45.68,45.51,45.67,0,0,123055
2391,2020-09-23 10:25:00,45.67,45.84,45.66,45.83,0,0,281289
2392,2020-09-23 10:26:00,45.83,45.95,45.76,45.87,0,0,341299
2393,2020-09-23 10:27:00,45.86,45.99,45.85,45.96,0,0,223947
2394,2020-09-23 10:28:00,45.95,46.0,45.85,45.87,0,0,613429
2395,2020-09-23 10:29:00,45.86,45.99,45.83,45.94,0,0,141634
2396,2020-09-23 10:30:00,45.93,46.1,45.92,46.05,0,0,398438
2397,2020-09-23 10:31:00,46.06,46.06,45.86,45.9,0,0,204697
2398,2020-09-23 10:32:00,45.9,45.95,45.8,45.93,0,0,202252
2399,2020-09-23 10:33:00,45.94,46.0,45.87,45.91,0,0,134391
2400,2020-09-23 10:34:00,45.91,46.0,45.86,45.96,0,0,99011
2401,2020-09-23 10:35:00,45.96,45.96,45.76,45.78,0,0,199763
2402,2020-09-23 10:36:00,45.79,45.85,45.78,45.84,0,0,164777
2403,2020-09-23 10:37:00,45.84,45.91,45.77,45.78,0,0,173649
2404,2020-09-23 10:38:00,45.78,45.9,45.72,45.88,0,0,172207
2405,2020-09-23 10:39:00,45.88,45.95,45.82,45.82,0,0,129906
2406,2020-09-23 10:40:00,45.82,46.02,45.81,46.01,0,0,138157
2407,2020-09-23 10:41:00,46.01,46.13,45.98,46.03,0,0,322660
2408,2020-09-23 10:42:00,46.03,46.05,45.72,45.79,0,0,158547
2409,2020-09-23 10:43:00,45.78,45.81,45.71,45.79,0,0,108032
2410,2020-09-23 10:44:00,45.81,45.81,45.52,45.54,0,0,257161
2411,2020-09-23 10:45:00,45.53,45.64,45.41,45.62,0,0,275453
2412,2020-09-23 10:46:00,45.62,45.66,45.57,45.65,0,0,165146
2413,2020-09-23 10:47:00,45.65,45.74,45.5,45.72,0,0,101956
2414,2020-09-23 10:48:00,45.72,45.78,45.71,45.78,0,0,98245
2415,2020-09-23 10:49:00,45.78,45.92,45.74,45.89,0,0,183060
2416,2020-09-23 10:50:00,45.88,45.92,45.77,45.8,0,0,92395
2417,2020-09-23 10:51:00,45.78,45.79,45.69,45.69,0,0,131626
2418,2020-09-23 10:52:00,45.69,45.74,45.69,45.72,0,0,83243
2419,2020-09-23 10:53:00,45.71,45.78,45.7,45.76,0,0,52009
2420,2020-09-23 10:54:00,45.76,45.78,45.66,45.68,0,0,145187
2421,2020-09-23 10:55:00,45.67,45.79,45.62,45.78,0,0,126654
2422,2020-09-23 10:56:00,45.79,45.84,45.77,45.84,0,0,78563
2423,2020-09-23 10:57:00,45.83,45.9,45.77,45.85,0,0,132187
2424,2020-09-23 10:58:00,45.85,45.85,45.63,45.68,0,0,174165
2425,2020-09-23 10:59:00,45.67,45.84,45.67,45.75,0,0,81699
2426,2020-09-23 11:00:00,45.75,45.79,45.66,45.76,0,0,116164
2427,2020-09-23 11:01:00,45.76,45.79,45.66,45.72,0,0,100297
2428,2020-09-23 11:02:00,45.72,45.84,45.72,45.82,0,0,75276
2429,2020-09-23 11:03:00,45.82,45.88,45.79,45.82,0,0,75293
2430,2020-09-23 11:04:00,45.82,45.87,45.78,45.84,0,0,81808
2431,2020-09-23 11:05:00,45.85,45.95,45.81,45.91,0,0,54481
2432,2020-09-23 11:06:00,45.9,45.99,45.9,45.94,0,0,112776
2433,2020-09-23 11:07:00,45.94,45.94,45.84,45.87,0,0,102373
2434,2020-09-23 11:08:00,45.86,46.0,45.86,45.99,0,0,101959
2435,2020-09-23 11:09:00,45.98,45.99,45.97,45.98,0,0,59602
2436,2020-09-23 11:10:00,45.97,46.17,45.97,46.13,0,0,333679
2437,2020-09-23 11:11:00,46.13,46.13,45.98,46.07,0,0,139248
2438,2020-09-23 11:12:00,46.08,46.11,46.04,46.05,0,0,58998
2439,2020-09-23 11:14:00,45.96,45.97,45.95,45.95,0,0,471793
2440,2020-09-23 11:15:00,45.97,45.97,45.94,45.97,0,0,86236
2441,2020-09-23 11:16:00,45.96,46.06,45.95,46.03,0,0,76144
2442,2020-09-23 11:17:00,46.03,46.04,45.97,46.02,0,0,62420
2443,2020-09-23 11:18:00,46.02,46.06,45.94,45.96,0,0,31282
2444,2020-09-23 11:19:00,45.94,45.99,45.92,45.95,0,0,75980
2445,2020-09-23 11:20:00,45.95,46.0,45.92,45.95,0,0,70623
2446,2020-09-23 11:21:00,45.96,45.97,45.92,45.96,0,0,83194
2447,2020-09-23 11:22:00,45.95,45.98,45.95,45.96,0,0,43025
2448,2020-09-23 11:23:00,45.96,45.98,45.94,45.96,0,0,80174
2449,2020-09-23 11:24:00,45.96,46.03,45.96,46.03,0,0,79646
2450,2020-09-23 11:25:00,46.02,46.05,46.0,46.05,0,0,77862
2451,2020-09-23 11:26:00,46.04,46.06,46.0,46.0,0,0,68869
2452,2020-09-23 11:27:00,46.0,46.1,45.97,46.1,0,0,124734
2453,2020-09-23 11:28:00,46.1,46.13,46.03,46.03,0,0,74782
2454,2020-09-23 11:29:00,46.04,46.07,45.98,46.04,0,0,76464
2455,2020-09-23 11:30:00,46.04,46.12,46.02,46.09,0,0,87460
2456,2020-09-23 11:31:00,46.08,46.08,46.01,46.01,0,0,116319
2457,2020-09-23 11:32:00,46.0,46.03,46.0,46.01,0,0,143156
2458,2020-09-23 11:33:00,46.02,46.03,45.99,46.01,0,0,75912
2459,2020-09-23 11:34:00,46.01,46.03,45.98,46.03,0,0,85769
2460,2020-09-23 11:35:00,46.02,46.04,46.0,46.0,0,0,56963
2461,2020-09-23 11:36:00,46.0,46.03,45.98,45.98,0,0,143183
2462,2020-09-23 11:37:00,45.99,46.14,45.98,46.14,0,0,142740
2463,2020-09-23 11:38:00,46.14,46.15,46.04,46.15,0,0,111824
2464,2020-09-23 11:39:00,46.14,46.25,46.14,46.24,0,0,319833
2465,2020-09-23 11:40:00,46.24,46.25,46.19,46.25,0,0,124699
2466,2020-09-23 11:41:00,46.24,46.25,46.17,46.17,0,0,227780
2467,2020-09-23 11:42:00,46.17,46.22,46.15,46.19,0,0,141392
2468,2020-09-23 11:43:00,46.19,46.25,46.19,46.23,0,0,110592
2469,2020-09-23 11:44:00,46.22,46.25,46.16,46.17,0,0,228997
2470,2020-09-23 11:45:00,46.18,46.21,46.05,46.15,0,0,164769
2471,2020-09-23 11:46:00,46.15,46.25,46.13,46.23,0,0,165617
2472,2020-09-23 11:47:00,46.22,46.25,46.15,46.18,0,0,206488
2473,2020-09-23 11:48:00,46.19,46.25,46.19,46.24,0,0,177771
2474,2020-09-23 11:49:00,46.24,46.32,46.22,46.28,0,0,207831
2475,2020-09-23 11:50:00,46.28,46.33,46.03,46.06,0,0,257819
2476,2020-09-23 11:51:00,46.06,46.11,45.96,45.98,0,0,214026
2477,2020-09-23 11:52:00,45.98,46.04,45.98,46.04,0,0,148022
2478,2020-09-23 11:53:00,46.03,46.08,45.94,45.96,0,0,201466
2479,2020-09-23 11:54:00,45.97,46.03,45.96,46.02,0,0,142377
2480,2020-09-23 11:55:00,46.02,46.06,46.0,46.03,0,0,57664
2481,2020-09-23 11:56:00,46.03,46.08,46.02,46.04,0,0,34954
2482,2020-09-23 11:57:00,46.04,46.14,46.03,46.12,0,0,94092
2483,2020-09-23 11:58:00,46.12,46.18,46.08,46.15,0,0,210124
2484,2020-09-23 11:59:00,46.16,46.2,46.05,46.2,0,0,235152
2485,2020-09-23 12:00:00,46.18,46.35,46.14,46.35,0,0,310638
2486,2020-09-23 12:01:00,46.35,46.39,46.27,46.28,0,0,146462
2487,2020-09-23 12:02:00,46.27,46.33,46.23,46.29,0,0,165663
2488,2020-09-23 12:03:00,46.29,46.34,46.27,46.33,0,0,53894
2489,2020-09-23 12:04:00,46.34,46.34,46.12,46.12,0,0,152390
2490,2020-09-23 12:05:00,46.12,46.15,46.08,46.11,0,0,112310
2491,2020-09-23 12:06:00,46.11,46.15,46.03,46.03,0,0,93118
2492,2020-09-23 12:07:00,46.04,46.06,45.99,46.01,0,0,176326
2493,2020-09-23 12:08:00,46.0,46.03,45.94,45.99,0,0,71692
2494,2020-09-23 12:09:00,45.98,46.12,45.98,46.1,0,0,139656
2495,2020-09-23 12:10:00,46.1,46.17,46.08,46.13,0,0,126485
2496,2020-09-23 12:11:00,46.13,46.13,46.06,46.08,0,0,38173
2497,2020-09-23 12:12:00,46.08,46.08,46.01,46.01,0,0,32392
2498,2020-09-23 12:13:00,46.01,46.03,45.99,46.03,0,0,69940
2499,2020-09-23 12:14:00,46.04,46.08,46.03,46.05,0,0,36292
2500,2020-09-23 12:15:00,46.05,46.14,46.05,46.1,0,0,74403
2501,2020-09-23 12:16:00,46.1,46.2,46.05,46.2,0,0,120411
2502,2020-09-23 12:17:00,46.19,46.32,46.16,46.31,0,0,314979
2503,2020-09-23 12:18:00,46.31,46.42,46.29,46.32,0,0,430552
2504,2020-09-23 12:19:00,46.32,46.42,46.31,46.39,0,0,375153
2505,2020-09-23 12:20:00,46.4,46.49,46.38,46.43,0,0,379668
2506,2020-09-23 12:21:00,46.42,46.45,46.35,46.37,0,0,218657
2507,2020-09-23 12:22:00,46.38,46.4,46.32,46.35,0,0,179458
2508,2020-09-23 12:23:00,46.35,46.38,46.29,46.3,0,0,147692
2509,2020-09-23 12:24:00,46.3,46.37,46.3,46.34,0,0,106452
2510,2020-09-23 12:25:00,46.34,46.44,46.34,46.4,0,0,109182
2511,2020-09-23 12:26:00,46.4,46.4,46.3,46.35,0,0,89504
2512,2020-09-23 12:27:00,46.35,46.42,46.34,46.42,0,0,68778
2513,2020-09-23 12:28:00,46.42,46.43,46.36,46.38,0,0,57423
2514,2020-09-23 12:29:00,46.38,46.43,46.38,46.39,0,0,67973
2515,2020-09-23 12:30:00,46.39,46.45,46.35,46.43,0,0,100578
2516,2020-09-23 12:31:00,46.44,46.45,46.34,46.35,0,0,104333
2517,2020-09-23 12:32:00,46.36,46.38,46.34,46.37,0,0,53919
2518,2020-09-23 12:33:00,46.38,46.4,46.3,46.32,0,0,70142
2519,2020-09-23 12:34:00,46.31,46.38,46.3,46.33,0,0,58812
2520,2020-09-23 12:35:00,46.34,46.36,46.29,46.33,0,0,69072
2521,2020-09-23 12:36:00,46.33,46.38,46.32,46.37,0,0,39890
2522,2020-09-23 12:37:00,46.38,46.39,46.34,46.35,0,0,51615
2523,2020-09-23 12:38:00,46.35,46.35,46.31,46.35,0,0,19806
2524,2020-09-23 12:39:00,46.34,46.35,46.3,46.33,0,0,172713
2525,2020-09-23 12:40:00,46.33,46.44,46.32,46.44,0,0,73638
2526,2020-09-23 12:41:00,46.44,46.45,46.4,46.4,0,0,56565
2527,2020-09-23 12:42:00,46.4,46.42,46.33,46.34,0,0,72969
2528,2020-09-23 12:43:00,46.34,46.38,46.27,46.28,0,0,68034
2529,2020-09-23 12:44:00,46.28,46.39,46.27,46.35,0,0,54182
2530,2020-09-23 12:45:00,46.36,46.37,46.25,46.28,0,0,51638
2531,2020-09-23 12:46:00,46.28,46.31,46.18,46.19,0,0,73677
2532,2020-09-23 12:47:00,46.18,46.23,46.17,46.18,0,0,56845
2533,2020-09-23 12:48:00,46.18,46.2,46.12,46.13,0,0,54853
2534,2020-09-23 12:49:00,46.14,46.14,46.06,46.1,0,0,82565
2535,2020-09-23 12:50:00,46.1,46.11,46.06,46.1,0,0,47302
2536,2020-09-23 12:51:00,46.1,46.12,46.05,46.08,0,0,46989
2537,2020-09-23 12:52:00,46.08,46.1,46.02,46.03,0,0,63363
2538,2020-09-23 12:53:00,46.03,46.04,45.92,46.0,0,0,132777
2539,2020-09-23 12:54:00,46.0,46.07,45.99,46.07,0,0,118245
2540,2020-09-23 12:55:00,46.06,46.13,46.04,46.11,0,0,104892
2541,2020-09-23 12:56:00,46.11,46.13,46.02,46.02,0,0,57702
2542,2020-09-23 12:57:00,46.01,46.11,46.0,46.09,0,0,172277
2543,2020-09-23 12:58:00,46.09,46.23,46.09,46.23,0,0,119141
2544,2020-09-23 12:59:00,46.24,46.28,46.1,46.22,0,0,348436
2545,2020-09-23 13:00:00,46.22,46.28,46.2,46.2,0,0,70115
2546,2020-09-23 13:01:00,46.2,46.2,46.15,46.17,0,0,87066
2547,2020-09-23 13:02:00,46.17,46.27,46.16,46.26,0,0,73701
2548,2020-09-23 13:03:00,46.26,46.33,46.24,46.25,0,0,105262
2549,2020-09-23 13:04:00,46.26,46.26,46.21,46.22,0,0,41409
2550,2020-09-23 13:05:00,46.21,46.28,46.21,46.27,0,0,36006
2551,2020-09-23 13:06:00,46.27,46.36,46.27,46.35,0,0,58726
2552,2020-09-23 13:07:00,46.34,46.37,46.31,46.31,0,0,47533
2553,2020-09-23 13:08:00,46.3,46.4,46.3,46.4,0,0,38175
2554,2020-09-23 13:09:00,46.39,46.45,46.39,46.45,0,0,61026
2555,2020-09-23 13:10:00,46.45,46.45,46.38,46.39,0,0,51077
2556,2020-09-23 13:11:00,46.39,46.39,46.33,46.38,0,0,36798
2557,2020-09-23 13:12:00,46.39,46.43,46.37,46.41,0,0,29375
2558,2020-09-23 13:13:00,46.42,46.47,46.41,46.42,0,0,58024
2559,2020-09-23 13:14:00,46.42,46.47,46.36,46.42,0,0,139545
2560,2020-09-23 13:15:00,46.43,46.46,46.42,46.45,0,0,63404
2561,2020-09-23 13:16:00,46.45,46.48,46.43,46.47,0,0,202137
2562,2020-09-23 13:17:00,46.47,46.57,46.45,46.53,0,0,380351
2563,2020-09-23 13:18:00,46.51,46.53,46.47,46.51,0,0,88490
2564,2020-09-23 13:19:00,46.51,46.58,46.5,46.56,0,0,58353
2565,2020-09-23 13:20:00,46.56,46.69,46.51,46.63,0,0,164216
2566,2020-09-23 13:21:00,46.63,46.74,46.63,46.72,0,0,175201
2567,2020-09-23 13:22:00,46.72,46.8,46.72,46.76,0,0,208042
2568,2020-09-23 13:23:00,46.77,46.82,46.72,46.73,0,0,347382
2569,2020-09-23 13:24:00,46.72,46.73,46.61,46.65,0,0,124974
2570,2020-09-23 13:25:00,46.65,46.65,46.57,46.63,0,0,81706
2571,2020-09-23 13:26:00,46.62,46.71,46.51,46.64,0,0,146634
2572,2020-09-23 13:27:00,46.63,46.64,46.53,46.54,0,0,85736
2573,2020-09-23 13:28:00,46.53,46.57,46.52,46.53,0,0,107137
2574,2020-09-23 13:29:00,46.53,46.53,46.37,46.41,0,0,219464
2575,2020-09-23 13:30:00,46.41,46.43,46.33,46.35,0,0,95426
2576,2020-09-23 13:31:00,46.36,46.37,46.29,46.33,0,0,122081
2577,2020-09-23 13:32:00,46.33,46.38,46.31,46.37,0,0,89159
2578,2020-09-23 13:33:00,46.36,46.47,46.36,46.44,0,0,130919
2579,2020-09-23 13:34:00,46.43,46.44,46.36,46.39,0,0,244160
2580,2020-09-23 13:35:00,46.38,46.41,46.37,46.39,0,0,55319
2581,2020-09-23 13:36:00,46.4,46.41,46.39,46.4,0,0,38502
2582,2020-09-23 13:37:00,46.4,46.42,46.33,46.36,0,0,117360
2583,2020-09-23 13:38:00,46.36,46.37,46.34,46.36,0,0,44157
2584,2020-09-23 13:39:00,46.36,46.36,46.12,46.21,0,0,198801
2585,2020-09-23 13:40:00,46.21,46.29,46.21,46.26,0,0,86798
2586,2020-09-23 13:41:00,46.25,46.25,46.14,46.22,0,0,280066
2587,2020-09-23 13:42:00,46.21,46.24,46.2,46.22,0,0,75826
2588,2020-09-23 13:43:00,46.22,46.26,46.21,46.25,0,0,86900
2589,2020-09-23 13:44:00,46.24,46.25,46.18,46.22,0,0,109295
2590,2020-09-23 13:45:00,46.2,46.26,46.17,46.17,0,0,325169
2591,2020-09-23 13:46:00,46.17,46.23,46.16,46.23,0,0,62748
2592,2020-09-23 13:47:00,46.22,46.23,46.17,46.19,0,0,53319
2593,2020-09-23 13:48:00,46.19,46.23,46.18,46.22,0,0,64612
2594,2020-09-23 13:49:00,46.21,46.25,46.21,46.22,0,0,58403
2595,2020-09-23 13:50:00,46.22,46.23,46.21,46.22,0,0,26201
2596,2020-09-23 13:51:00,46.22,46.22,46.2,46.21,0,0,44991
2597,2020-09-23 13:52:00,46.21,46.24,46.18,46.24,0,0,80535
2598,2020-09-23 13:53:00,46.23,46.26,46.05,46.11,0,0,142105
2599,2020-09-23 13:54:00,46.12,46.13,45.94,45.96,0,0,231219
2600,2020-09-23 13:55:00,45.97,46.06,45.97,46.04,0,0,66827
2601,2020-09-23 13:56:00,46.04,46.13,46.04,46.11,0,0,67132
2602,2020-09-23 13:57:00,46.11,46.11,46.03,46.06,0,0,43852
2603,2020-09-23 13:58:00,46.06,46.06,46.04,46.05,0,0,25967
2604,2020-09-23 13:59:00,46.03,46.06,46.0,46.06,0,0,63113
2605,2020-09-23 14:00:00,46.05,46.05,45.96,45.99,0,0,69467
2606,2020-09-23 14:01:00,45.99,46.0,45.92,45.95,0,0,307433
2607,2020-09-23 14:02:00,45.96,45.99,45.95,45.96,0,0,65497
2608,2020-09-23 14:03:00,45.95,46.01,45.95,45.97,0,0,157753
2609,2020-09-23 14:04:00,45.97,45.99,45.94,45.97,0,0,365095
2610,2020-09-23 14:05:00,45.97,46.11,45.97,46.11,0,0,170064
2611,2020-09-23 14:06:00,46.1,46.17,46.09,46.11,0,0,69318
2612,2020-09-23 14:07:00,46.1,46.12,46.05,46.06,0,0,62982
2613,2020-09-23 14:08:00,46.06,46.11,46.04,46.09,0,0,47853
2614,2020-09-23 14:09:00,46.09,46.12,46.02,46.02,0,0,81155
2615,2020-09-23 14:10:00,46.03,46.03,46.0,46.01,0,0,37062
2616,2020-09-23 14:11:00,46.01,46.05,45.94,45.94,0,0,99489
2617,2020-09-23 14:12:00,45.94,46.01,45.94,45.96,0,0,111941
2618,2020-09-23 14:13:00,45.96,46.0,45.93,45.93,0,0,60182
2619,2020-09-23 14:14:00,45.93,46.02,45.86,46.0,0,0,178883
2620,2020-09-23 14:15:00,46.0,46.01,45.91,45.91,0,0,169971
2621,2020-09-23 14:16:00,45.9,45.98,45.8,45.81,0,0,406813
2622,2020-09-23 14:17:00,45.81,45.85,45.62,45.65,0,0,280663
2623,2020-09-23 14:18:00,45.65,45.76,45.65,45.74,0,0,116347
2624,2020-09-23 14:19:00,45.74,45.76,45.65,45.66,0,0,154184
2625,2020-09-23 14:20:00,45.67,45.69,45.6,45.62,0,0,181839
2626,2020-09-23 14:21:00,45.62,45.77,45.58,45.74,0,0,220235
2627,2020-09-23 14:22:00,45.73,45.79,45.7,45.72,0,0,188593
2628,2020-09-23 14:23:00,45.72,45.73,45.58,45.63,0,0,140567
2629,2020-09-23 14:24:00,45.64,45.72,45.61,45.71,0,0,131375
2630,2020-09-23 14:25:00,45.7,45.84,45.51,45.79,0,0,219265
2631,2020-09-23 14:26:00,45.76,45.81,45.69,45.81,0,0,255533
2632,2020-09-23 14:27:00,45.81,45.82,45.76,45.76,0,0,54453
2633,2020-09-23 14:28:00,45.75,45.82,45.74,45.78,0,0,117342
2634,2020-09-23 14:29:00,45.78,45.78,45.5,45.58,0,0,183117
2635,2020-09-23 14:30:00,45.58,45.62,45.53,45.54,0,0,104856
2636,2020-09-23 14:31:00,45.54,45.61,45.5,45.5,0,0,221421
2637,2020-09-23 14:32:00,45.51,45.53,45.45,45.53,0,0,154393
2638,2020-09-23 14:33:00,45.54,45.65,45.54,45.63,0,0,150270
2639,2020-09-23 14:34:00,45.63,45.65,45.57,45.63,0,0,121349
2640,2020-09-23 14:35:00,45.64,45.65,45.56,45.58,0,0,106619
2641,2020-09-23 14:36:00,45.58,45.67,45.58,45.64,0,0,107063
2642,2020-09-23 14:37:00,45.63,45.7,45.62,45.69,0,0,95764
2643,2020-09-23 14:38:00,45.69,45.69,45.66,45.67,0,0,47588
2644,2020-09-23 14:39:00,45.68,45.68,45.65,45.66,0,0,63191
2645,2020-09-23 14:40:00,45.66,45.69,45.58,45.6,0,0,132918
2646,2020-09-23 14:41:00,45.59,45.69,45.59,45.68,0,0,120800
2647,2020-09-23 14:42:00,45.67,45.72,45.67,45.7,0,0,99502
2648,2020-09-23 14:43:00,45.7,45.7,45.64,45.65,0,0,94140
2649,2020-09-23 14:44:00,45.65,45.65,45.57,45.64,0,0,167114
2650,2020-09-23 14:45:00,45.65,45.67,45.6,45.61,0,0,60696
2651,2020-09-23 14:46:00,45.62,45.65,45.51,45.53,0,0,96251
2652,2020-09-23 14:47:00,45.54,45.54,45.41,45.41,0,0,152907
2653,2020-09-23 14:48:00,45.41,45.49,45.41,45.47,0,0,135616
2654,2020-09-23 14:49:00,45.47,45.48,45.39,45.41,0,0,138699
2655,2020-09-23 14:50:00,45.4,45.48,45.31,45.47,0,0,171847
2656,2020-09-23 14:51:00,45.48,45.64,45.48,45.61,0,0,141737
2657,2020-09-23 14:52:00,45.62,45.63,45.58,45.61,0,0,110206
2658,2020-09-23 14:53:00,45.61,45.67,45.59,45.66,0,0,125022
2659,2020-09-23 14:54:00,45.67,45.69,45.61,45.65,0,0,273977
2660,2020-09-23 14:55:00,45.65,45.67,45.6,45.63,0,0,212299
2661,2020-09-23 14:56:00,45.63,45.67,45.62,45.63,0,0,73796
2662,2020-09-23 14:57:00,45.63,45.67,45.5,45.63,0,0,105675
2663,2020-09-23 14:58:00,45.64,45.68,45.63,45.65,0,0,81684
2664,2020-09-23 14:59:00,45.65,45.68,45.64,45.65,0,0,44459
2665,2020-09-23 15:00:00,45.65,45.72,45.61,45.7,0,0,97360
2666,2020-09-23 15:01:00,45.7,45.71,45.67,45.67,0,0,63564
2667,2020-09-23 15:02:00,45.67,45.67,45.47,45.52,0,0,151477
2668,2020-09-23 15:03:00,45.53,45.54,45.46,45.47,0,0,89463
2669,2020-09-23 15:04:00,45.47,45.48,45.05,45.38,0,0,130378
2670,2020-09-23 15:05:00,45.38,45.4,45.32,45.33,0,0,191728
2671,2020-09-23 15:06:00,45.33,45.33,45.11,45.27,0,0,241161
2672,2020-09-23 15:07:00,45.26,45.31,45.18,45.24,0,0,245500
2673,2020-09-23 15:08:00,45.24,45.26,45.17,45.17,0,0,152160
2674,2020-09-23 15:09:00,45.17,45.19,45.01,45.19,0,0,293821
2675,2020-09-23 15:10:00,45.19,45.35,45.18,45.32,0,0,234787
2676,2020-09-23 15:11:00,45.33,45.39,45.32,45.38,0,0,87737
2677,2020-09-23 15:12:00,45.38,45.53,45.38,45.51,0,0,173480
2678,2020-09-23 15:13:00,45.5,45.51,45.46,45.49,0,0,67591
2679,2020-09-23 15:14:00,45.49,45.58,45.46,45.52,0,0,157744
2680,2020-09-23 15:15:00,45.52,45.54,45.44,45.47,0,0,126759
2681,2020-09-23 15:16:00,45.46,45.47,45.4,45.47,0,0,168298
2682,2020-09-23 15:17:00,45.47,45.59,45.42,45.56,0,0,123894
2683,2020-09-23 15:18:00,45.57,45.61,45.53,45.56,0,0,138165
2684,2020-09-23 15:19:00,45.56,45.62,45.54,45.6,0,0,51818
2685,2020-09-23 15:20:00,45.61,45.61,45.51,45.52,0,0,106423
2686,2020-09-23 15:21:00,45.53,45.66,45.51,45.58,0,0,129414
2687,2020-09-23 15:22:00,45.58,45.6,45.54,45.56,0,0,94533
2688,2020-09-23 15:23:00,45.57,45.6,45.53,45.54,0,0,85117
2689,2020-09-23 15:24:00,45.54,45.56,45.43,45.44,0,0,140642
2690,2020-09-23 15:25:00,45.45,45.48,45.35,45.39,0,0,134188
2691,2020-09-23 15:26:00,45.4,45.47,45.35,45.35,0,0,112786
2692,2020-09-23 15:27:00,45.36,45.41,45.35,45.4,0,0,66894
2693,2020-09-23 15:28:00,45.4,45.42,45.31,45.37,0,0,93328
2694,2020-09-23 15:29:00,45.36,45.5,45.36,45.48,0,0,126576
2695,2020-09-23 15:30:00,45.47,45.56,45.47,45.55,0,0,144332
2696,2020-09-23 15:31:00,45.54,45.62,45.54,45.61,0,0,86229
2697,2020-09-23 15:32:00,45.6,45.71,45.6,45.71,0,0,193699
2698,2020-09-23 15:33:00,45.7,45.7,45.62,45.65,0,0,171100
2699,2020-09-23 15:34:00,45.65,45.71,45.64,45.7,0,0,101627
2700,2020-09-23 15:35:00,45.7,45.75,45.68,45.71,0,0,158696
2701,2020-09-23 15:36:00,45.7,45.79,45.7,45.74,0,0,164575
2702,2020-09-23 15:37:00,45.74,45.76,45.72,45.76,0,0,86668
2703,2020-09-23 15:38:00,45.75,45.76,45.67,45.67,0,0,179625
2704,2020-09-23 15:39:00,45.66,45.69,45.62,45.66,0,0,139687
2705,2020-09-23 15:40:00,45.66,45.74,45.66,45.7,0,0,117140
2706,2020-09-23 15:41:00,45.7,45.7,45.62,45.64,0,0,87325
2707,2020-09-23 15:42:00,45.65,45.72,45.65,45.71,0,0,75577
2708,2020-09-23 15:43:00,45.72,45.72,45.66,45.67,0,0,134623
2709,2020-09-23 15:44:00,45.67,45.7,45.66,45.68,0,0,73677
2710,2020-09-23 15:45:00,45.67,45.72,45.62,45.63,0,0,185333
2711,2020-09-23 15:46:00,45.63,45.64,45.52,45.52,0,0,138281
2712,2020-09-23 15:47:00,45.52,45.53,45.44,45.44,0,0,214004
2713,2020-09-23 15:48:00,45.44,45.5,45.42,45.49,0,0,175835
2714,2020-09-23 15:49:00,45.48,45.5,45.45,45.46,0,0,151144
2715,2020-09-23 15:50:00,45.47,45.47,45.37,45.38,0,0,200196
2716,2020-09-23 15:51:00,45.38,45.39,45.31,45.33,0,0,188502
2717,2020-09-23 15:52:00,45.33,45.37,45.3,45.31,0,0,185369
2718,2020-09-23 15:53:00,45.31,45.32,45.26,45.26,0,0,273423
2719,2020-09-23 15:54:00,45.26,45.3,45.18,45.29,0,0,295235
2720,2020-09-23 15:55:00,45.29,45.42,45.29,45.4,0,0,332894
2721,2020-09-23 15:56:00,45.41,45.47,45.36,45.37,0,0,348057
2722,2020-09-23 15:57:00,45.37,45.37,45.25,45.25,0,0,0
2723,2020-09-23 15:58:00,45.25,45.28,45.22,45.26,0,0,369675
2724,2020-09-23 15:59:00,45.27,45.53,45.26,45.33,0,0,675569
2725,2020-09-24 09:30:00,44.69,44.78,44.57,44.76,0,0,615619
2726,2020-09-24 09:31:00,44.79,44.98,44.76,44.8,0,0,122185
2727,2020-09-24 09:32:00,44.8,44.94,44.8,44.93,0,0,28336
2728,2020-09-24 09:34:00,44.87,44.93,44.69,44.72,0,0,535579
2729,2020-09-24 09:35:00,44.71,44.88,44.64,44.77,0,0,74410
2730,2020-09-24 09:36:00,44.78,44.86,44.78,44.85,0,0,53903
2731,2020-09-24 09:38:00,44.9,44.93,44.71,44.73,0,0,232473
2732,2020-09-24 09:39:00,44.62,44.62,44.4,44.44,0,0,201309
2733,2020-09-24 09:40:00,44.44,44.44,44.0,44.09,0,0,303526
2734,2020-09-24 09:41:00,44.08,44.34,44.08,44.22,0,0,209024
2735,2020-09-24 09:42:00,44.21,44.25,44.03,44.07,0,0,238041
2736,2020-09-24 09:43:00,44.07,44.43,44.03,44.3,0,0,217458
2737,2020-09-24 09:44:00,44.29,44.49,44.27,44.32,0,0,118854
2738,2020-09-24 09:45:00,44.32,44.33,44.12,44.33,0,0,153651
2739,2020-09-24 09:46:00,44.34,44.47,44.28,44.39,0,0,132067
2740,2020-09-24 09:47:00,44.38,44.4,44.2,44.24,0,0,75408
2741,2020-09-24 09:48:00,44.23,44.34,44.07,44.13,0,0,214039
2742,2020-09-24 09:49:00,44.14,44.15,43.9,43.95,0,0,252568
2743,2020-09-24 09:50:00,43.96,44.15,43.8,44.05,0,0,243443
2744,2020-09-24 09:51:00,44.04,44.16,44.01,44.09,0,0,146418
2745,2020-09-24 09:52:00,44.09,44.1,43.78,43.82,0,0,237789
2746,2020-09-24 09:53:00,43.82,44.13,43.82,44.07,0,0,149854
2747,2020-09-24 09:54:00,44.08,44.11,43.96,43.96,0,0,191183
2748,2020-09-24 09:55:00,43.96,44.0,43.94,43.96,0,0,120839
2749,2020-09-24 09:56:00,43.97,44.03,43.87,43.89,0,0,117032
2750,2020-09-24 09:57:00,43.89,44.01,43.86,43.9,0,0,92677
2751,2020-09-24 09:58:00,43.9,43.93,43.71,43.72,0,0,149022
2752,2020-09-24 09:59:00,43.72,43.74,43.59,43.72,0,0,147836
2753,2020-09-24 10:00:00,43.71,43.94,43.67,43.88,0,0,177848
2754,2020-09-24 10:01:00,43.89,44.15,43.83,44.12,0,0,198842
2755,2020-09-24 10:02:00,44.11,44.35,44.11,44.33,0,0,155786
2756,2020-09-24 10:03:00,44.34,44.4,44.21,44.31,0,0,168087
2757,2020-09-24 10:04:00,44.31,44.33,44.11,44.13,0,0,147278
2758,2020-09-24 10:05:00,44.15,44.31,44.08,44.1,0,0,127850
2759,2020-09-24 10:06:00,44.1,44.21,44.07,44.17,0,0,100507
2760,2020-09-24 10:07:00,44.15,44.21,44.12,44.15,0,0,112776
2761,2020-09-24 10:08:00,44.15,44.29,44.05,44.05,0,0,94147
2762,2020-09-24 10:09:00,44.05,44.08,43.9,43.98,0,0,177083
2763,2020-09-24 10:10:00,43.98,43.99,43.75,43.84,0,0,103195
2764,2020-09-24 10:11:00,43.83,43.98,43.78,43.95,0,0,78322
2765,2020-09-24 10:12:00,43.95,44.06,43.86,44.02,0,0,101606
2766,2020-09-24 10:13:00,44.02,44.02,43.8,43.8,0,0,80947
2767,2020-09-24 10:14:00,43.8,43.92,43.74,43.82,0,0,72314
2768,2020-09-24 10:15:00,43.82,43.99,43.8,43.94,0,0,135494
2769,2020-09-24 10:16:00,43.93,44.04,43.87,44.02,0,0,116780
2770,2020-09-24 10:17:00,44.03,44.11,44.0,44.08,0,0,70014
2771,2020-09-24 10:18:00,44.05,44.06,43.85,43.85,0,0,129243
2772,2020-09-24 10:19:00,43.86,43.93,43.74,43.85,0,0,72319
2773,2020-09-24 10:20:00,43.86,43.86,43.62,43.63,0,0,90788
2774,2020-09-24 10:21:00,43.63,43.69,43.38,43.46,0,0,263240
2775,2020-09-24 10:22:00,43.47,43.54,43.44,43.52,0,0,97482
2776,2020-09-24 10:23:00,43.51,43.57,43.39,43.49,0,0,101262
2777,2020-09-24 10:24:00,43.49,43.53,43.34,43.36,0,0,120868
2778,2020-09-24 10:25:00,43.36,43.45,43.36,43.42,0,0,126327
2779,2020-09-24 10:26:00,43.42,43.48,43.36,43.36,0,0,74350
2780,2020-09-24 10:27:00,43.36,43.42,43.32,43.34,0,0,59323
2781,2020-09-24 10:28:00,43.33,43.33,43.23,43.25,0,0,129742
2782,2020-09-24 10:29:00,43.25,43.28,43.0,43.17,0,0,106556
2783,2020-09-24 10:30:00,43.17,43.17,43.01,43.03,0,0,119020
2784,2020-09-24 10:31:00,43.03,43.16,42.98,43.02,0,0,147540
2785,2020-09-24 10:32:00,43.02,43.13,42.94,43.12,0,0,166921
2786,2020-09-24 10:33:00,43.12,43.15,43.02,43.06,0,0,79969
2787,2020-09-24 10:34:00,43.06,43.09,42.98,43.02,0,0,103086
2788,2020-09-24 10:35:00,43.03,43.06,42.92,42.92,0,0,98001
2789,2020-09-24 10:36:00,42.93,43.18,42.92,43.14,0,0,109941
2790,2020-09-24 10:37:00,43.13,43.17,43.07,43.14,0,0,102862
2791,2020-09-24 10:38:00,43.13,43.13,42.95,42.99,0,0,103183
2792,2020-09-24 10:39:00,42.98,43.14,42.97,43.04,0,0,63595
2793,2020-09-24 10:40:00,43.05,43.19,43.03,43.17,0,0,57826
2794,2020-09-24 10:41:00,43.18,43.28,43.17,43.26,0,0,91190
2795,2020-09-24 10:42:00,43.26,43.34,43.25,43.27,0,0,122056
2796,2020-09-24 10:43:00,43.26,43.26,43.15,43.22,0,0,66738
2797,2020-09-24 10:44:00,43.22,43.26,43.15,43.26,0,0,58308
2798,2020-09-24 10:45:00,43.27,43.53,43.26,43.53,0,0,112341
2799,2020-09-24 10:46:00,43.52,43.62,43.47,43.58,0,0,117756
2800,2020-09-24 10:47:00,43.57,43.69,43.55,43.69,0,0,76045
2801,2020-09-24 10:48:00,43.7,43.74,43.65,43.71,0,0,121996
2802,2020-09-24 10:49:00,43.71,43.77,43.68,43.72,0,0,78380
2803,2020-09-24 10:50:00,43.72,43.76,43.57,43.63,0,0,107486
2804,2020-09-24 10:51:00,43.63,43.63,43.51,43.59,0,0,67519
2805,2020-09-24 10:52:00,43.57,43.69,43.53,43.68,0,0,57670
2806,2020-09-24 10:53:00,43.68,43.76,43.64,43.65,0,0,71504
2807,2020-09-24 10:54:00,43.64,43.65,43.6,43.6,0,0,39487
2808,2020-09-24 10:55:00,43.6,43.61,43.55,43.58,0,0,34588
2809,2020-09-24 10:56:00,43.59,43.59,43.52,43.54,0,0,28728
2810,2020-09-24 10:57:00,43.54,43.56,43.45,43.45,0,0,39217
2811,2020-09-24 10:58:00,43.42,43.46,43.41,43.46,0,0,114876
2812,2020-09-24 10:59:00,43.5,43.53,43.46,43.49,0,0,53372
2813,2020-09-24 11:00:00,43.49,43.5,43.32,43.35,0,0,74427
2814,2020-09-24 11:01:00,43.34,43.34,43.26,43.31,0,0,62367
2815,2020-09-24 11:02:00,43.31,43.4,43.28,43.28,0,0,57684
2816,2020-09-24 11:03:00,43.28,43.29,43.21,43.24,0,0,42832
2817,2020-09-24 11:04:00,43.25,43.26,43.13,43.15,0,0,51096
2818,2020-09-24 11:05:00,43.15,43.24,43.14,43.21,0,0,59283
2819,2020-09-24 11:06:00,43.21,43.26,43.13,43.14,0,0,42540
2820,2020-09-24 11:07:00,43.15,43.19,43.04,43.07,0,0,61976
2821,2020-09-24 11:08:00,43.07,43.08,42.96,42.96,0,0,81145
2822,2020-09-24 11:09:00,42.96,43.05,42.94,43.02,0,0,59882
2823,2020-09-24 11:10:00,43.04,43.15,43.03,43.15,0,0,55400
2824,2020-09-24 11:11:00,43.15,43.23,43.11,43.22,0,0,37079
2825,2020-09-24 11:12:00,43.23,43.26,43.2,43.22,0,0,58976
2826,2020-09-24 11:13:00,43.21,43.23,43.12,43.23,0,0,30101
2827,2020-09-24 11:14:00,43.22,43.31,43.2,43.31,0,0,45240
2828,2020-09-24 11:15:00,43.31,43.31,43.2,43.21,0,0,24930
2829,2020-09-24 11:16:00,43.2,43.2,43.0,43.13,0,0,45628
2830,2020-09-24 11:17:00,43.14,43.22,43.14,43.17,0,0,34442
2831,2020-09-24 11:18:00,43.18,43.19,43.1,43.12,0,0,25397
2832,2020-09-24 11:19:00,43.12,43.13,43.09,43.1,0,0,56178
2833,2020-09-24 11:20:00,43.1,43.16,43.06,43.11,0,0,59070
2834,2020-09-24 11:21:00,43.1,43.23,43.1,43.15,0,0,132231
2835,2020-09-24 11:22:00,43.14,43.24,43.13,43.24,0,0,42296
2836,2020-09-24 11:23:00,43.25,43.35,43.25,43.28,0,0,52084
2837,2020-09-24 11:24:00,43.28,43.29,43.26,43.27,0,0,26436
2838,2020-09-24 11:25:00,43.26,43.38,43.24,43.38,0,0,62433
2839,2020-09-24 11:26:00,43.38,43.42,43.34,43.42,0,0,91240
2840,2020-09-24 11:27:00,43.42,43.43,43.34,43.35,0,0,44626
2841,2020-09-24 11:28:00,43.35,43.35,43.23,43.25,0,0,90856
2842,2020-09-24 11:29:00,43.25,43.28,43.23,43.24,0,0,34318
2843,2020-09-24 11:30:00,43.24,43.28,43.23,43.24,0,0,68679
2844,2020-09-24 11:31:00,43.24,43.26,43.13,43.25,0,0,67583
2845,2020-09-24 11:32:00,43.26,43.32,43.25,43.3,0,0,42243
2846,2020-09-24 11:33:00,43.3,43.38,43.27,43.35,0,0,28240
2847,2020-09-24 11:34:00,43.35,43.42,43.31,43.41,0,0,43037
2848,2020-09-24 11:35:00,43.4,43.49,43.38,43.44,0,0,58237
2849,2020-09-24 11:36:00,43.45,43.47,43.41,43.44,0,0,45255
2850,2020-09-24 11:37:00,43.44,43.49,43.38,43.49,0,0,46742
2851,2020-09-24 11:38:00,43.49,43.53,43.49,43.5,0,0,30999
2852,2020-09-24 11:39:00,43.49,43.49,43.43,43.46,0,0,45500
2853,2020-09-24 11:40:00,43.47,43.51,43.47,43.51,0,0,18505
2854,2020-09-24 11:41:00,43.51,43.58,43.49,43.56,0,0,38641
2855,2020-09-24 11:42:00,43.55,43.59,43.53,43.53,0,0,24664
2856,2020-09-24 11:43:00,43.52,43.54,43.47,43.51,0,0,35156
2857,2020-09-24 11:44:00,43.51,43.52,43.46,43.52,0,0,30859
2858,2020-09-24 11:45:00,43.52,43.56,43.49,43.51,0,0,20295
2859,2020-09-24 11:46:00,43.51,43.53,43.42,43.42,0,0,27677
2860,2020-09-24 11:47:00,43.41,43.41,43.3,43.35,0,0,63047
2861,2020-09-24 11:48:00,43.37,43.39,43.33,43.35,0,0,29916
2862,2020-09-24 11:49:00,43.34,43.38,43.31,43.37,0,0,29046
2863,2020-09-24 11:50:00,43.36,43.45,43.36,43.44,0,0,37770
2864,2020-09-24 11:51:00,43.44,43.47,43.43,43.45,0,0,14099
2865,2020-09-24 11:52:00,43.45,43.49,43.45,43.46,0,0,16735
2866,2020-09-24 11:53:00,43.46,43.47,43.44,43.44,0,0,24248
2867,2020-09-24 11:54:00,43.45,43.52,43.44,43.46,0,0,73740
2868,2020-09-24 11:55:00,43.47,43.49,43.45,43.47,0,0,27275
2869,2020-09-24 11:56:00,43.48,43.6,43.48,43.6,0,0,61095
2870,2020-09-24 11:57:00,43.59,43.65,43.57,43.62,0,0,40550
2871,2020-09-24 11:58:00,43.63,43.69,43.6,43.69,0,0,35398
2872,2020-09-24 11:59:00,43.69,43.71,43.68,43.71,0,0,31771
2873,2020-09-24 12:00:00,43.7,43.73,43.68,43.71,0,0,50917
2874,2020-09-24 12:01:00,43.7,43.76,43.68,43.75,0,0,40319
2875,2020-09-24 12:02:00,43.77,43.79,43.72,43.72,0,0,32134
2876,2020-09-24 12:03:00,43.71,43.73,43.69,43.72,0,0,31899
2877,2020-09-24 12:04:00,43.73,43.78,43.73,43.75,0,0,20377
2878,2020-09-24 12:05:00,43.75,43.82,43.75,43.82,0,0,48778
2879,2020-09-24 12:06:00,43.82,43.87,43.8,43.81,0,0,74719
2880,2020-09-24 12:07:00,43.82,43.88,43.78,43.88,0,0,46169
2881,2020-09-24 12:08:00,43.87,43.87,43.79,43.81,0,0,38302
2882,2020-09-24 12:09:00,43.8,43.85,43.79,43.83,0,0,26792
2883,2020-09-24 12:10:00,43.82,43.84,43.74,43.74,0,0,46422
2884,2020-09-24 12:11:00,43.75,43.77,43.73,43.75,0,0,53755
2885,2020-09-24 12:12:00,43.74,43.76,43.73,43.75,0,0,13926
2886,2020-09-24 12:13:00,43.75,43.76,43.66,43.68,0,0,26087
2887,2020-09-24 12:14:00,43.69,43.71,43.66,43.67,0,0,16719
2888,2020-09-24 12:15:00,43.67,43.74,43.66,43.74,0,0,22517
2889,2020-09-24 12:16:00,43.74,43.76,43.72,43.73,0,0,19642
2890,2020-09-24 12:17:00,43.73,43.73,43.63,43.63,0,0,36340
2891,2020-09-24 12:18:00,43.63,43.67,43.56,43.56,0,0,122103
2892,2020-09-24 12:19:00,43.57,43.6,43.56,43.56,0,0,33129
2893,2020-09-24 12:20:00,43.56,43.65,43.56,43.6,0,0,41432
2894,2020-09-24 12:21:00,43.59,43.59,43.46,43.51,0,0,73334
2895,2020-09-24 12:22:00,43.51,43.51,43.47,43.48,0,0,27707
2896,2020-09-24 12:23:00,43.48,43.49,43.44,43.49,0,0,26650
2897,2020-09-24 12:24:00,43.49,43.5,43.44,43.44,0,0,36454
2898,2020-09-24 12:25:00,43.44,43.54,43.44,43.53,0,0,50272
2899,2020-09-24 12:26:00,43.54,43.61,43.53,43.58,0,0,32461
2900,2020-09-24 12:27:00,43.58,43.63,43.58,43.59,0,0,29527
2901,2020-09-24 12:28:00,43.58,43.6,43.53,43.55,0,0,37311
2902,2020-09-24 12:29:00,43.54,43.58,43.51,43.51,0,0,38071
2903,2020-09-24 12:30:00,43.53,43.53,43.41,43.44,0,0,47060
2904,2020-09-24 12:31:00,43.44,43.47,43.42,43.44,0,0,27759
2905,2020-09-24 12:32:00,43.44,43.44,43.33,43.34,0,0,80113
2906,2020-09-24 12:33:00,43.34,43.34,43.23,43.23,0,0,41685
2907,2020-09-24 12:34:00,43.23,43.28,43.21,43.21,0,0,31694
2908,2020-09-24 12:35:00,43.21,43.28,43.21,43.25,0,0,31091
2909,2020-09-24 12:36:00,43.26,43.32,43.24,43.3,0,0,32807
2910,2020-09-24 12:37:00,43.29,43.34,43.28,43.29,0,0,28106
2911,2020-09-24 12:38:00,43.29,43.29,43.0,43.17,0,0,56221
2912,2020-09-24 12:39:00,43.17,43.22,43.17,43.19,0,0,28898
2913,2020-09-24 12:40:00,43.18,43.2,43.15,43.19,0,0,24921
2914,2020-09-24 12:41:00,43.19,43.22,43.18,43.19,0,0,20765
2915,2020-09-24 12:42:00,43.19,43.21,43.16,43.18,0,0,13554
2916,2020-09-24 12:43:00,43.17,43.26,43.17,43.24,0,0,48943
2917,2020-09-24 12:44:00,43.25,43.27,43.23,43.27,0,0,26033
2918,2020-09-24 12:45:00,43.26,43.27,43.24,43.26,0,0,22614
2919,2020-09-24 12:46:00,43.27,43.35,43.26,43.35,0,0,34776
2920,2020-09-24 12:47:00,43.34,43.35,43.32,43.35,0,0,17176
2921,2020-09-24 12:48:00,43.34,43.35,43.28,43.31,0,0,38022
2922,2020-09-24 12:49:00,43.31,43.33,43.3,43.31,0,0,21858
2923,2020-09-24 12:50:00,43.32,43.33,43.31,43.31,0,0,10242
2924,2020-09-24 12:51:00,43.31,43.31,43.27,43.29,0,0,15917
2925,2020-09-24 12:52:00,43.29,43.31,43.24,43.24,0,0,28876
2926,2020-09-24 12:53:00,43.23,43.25,43.15,43.17,0,0,35430
2927,2020-09-24 12:54:00,43.18,43.21,43.18,43.2,0,0,18817
2928,2020-09-24 12:55:00,43.21,43.24,43.2,43.22,0,0,32547
2929,2020-09-24 12:56:00,43.21,43.27,43.19,43.27,0,0,22044
2930,2020-09-24 12:57:00,43.27,43.33,43.26,43.33,0,0,28794
2931,2020-09-24 12:58:00,43.33,43.38,43.32,43.37,0,0,17440
2932,2020-09-24 12:59:00,43.37,43.4,43.37,43.38,0,0,25288
2933,2020-09-24 13:00:00,43.37,43.42,43.36,43.36,0,0,23937
2934,2020-09-24 13:01:00,43.36,43.36,43.28,43.28,0,0,17522
2935,2020-09-24 13:02:00,43.28,43.33,43.25,43.31,0,0,14965
2936,2020-09-24 13:03:00,43.31,43.35,43.31,43.33,0,0,9352
2937,2020-09-24 13:04:00,43.33,43.39,43.32,43.37,0,0,36220
2938,2020-09-24 13:05:00,43.37,43.37,43.32,43.33,0,0,39480
2939,2020-09-24 13:06:00,43.34,43.36,43.31,43.31,0,0,24001
2940,2020-09-24 13:07:00,43.31,43.37,43.31,43.33,0,0,18702
2941,2020-09-24 13:08:00,43.33,43.33,43.27,43.29,0,0,24216
2942,2020-09-24 13:09:00,43.29,43.33,43.28,43.31,0,0,11756
2943,2020-09-24 13:10:00,43.31,43.36,43.3,43.36,0,0,17046
2944,2020-09-24 13:11:00,43.35,43.44,43.35,43.44,0,0,49072
2945,2020-09-24 13:12:00,43.45,43.49,43.45,43.47,0,0,48135
2946,2020-09-24 13:13:00,43.46,43.47,43.43,43.46,0,0,52376
2947,2020-09-24 13:14:00,43.47,43.47,43.4,43.42,0,0,33623
2948,2020-09-24 13:15:00,43.42,43.49,43.42,43.44,0,0,34749
2949,2020-09-24 13:16:00,43.44,43.55,43.44,43.54,0,0,84885
2950,2020-09-24 13:17:00,43.54,43.57,43.52,43.56,0,0,33343
2951,2020-09-24 13:18:00,43.55,43.55,43.46,43.49,0,0,44126
2952,2020-09-24 13:19:00,43.49,43.5,43.4,43.4,0,0,35460
2953,2020-09-24 13:20:00,43.4,43.45,43.4,43.43,0,0,18512
2954,2020-09-24 13:21:00,43.43,43.43,43.4,43.43,0,0,18800
2955,2020-09-24 13:22:00,43.43,43.44,43.37,43.38,0,0,32188
2956,2020-09-24 13:23:00,43.38,43.41,43.36,43.4,0,0,118936
2957,2020-09-24 13:24:00,43.4,43.49,43.4,43.44,0,0,37438
2958,2020-09-24 13:25:00,43.43,43.49,43.43,43.49,0,0,36761
2959,2020-09-24 13:26:00,43.49,43.58,43.49,43.56,0,0,40540
2960,2020-09-24 13:27:00,43.56,43.65,43.56,43.62,0,0,59248
2961,2020-09-24 13:28:00,43.62,43.62,43.58,43.58,0,0,28932
2962,2020-09-24 13:29:00,43.59,43.6,43.53,43.58,0,0,30070
2963,2020-09-24 13:30:00,43.59,43.63,43.57,43.58,0,0,34808
2964,2020-09-24 13:31:00,43.58,43.6,43.55,43.56,0,0,37257
2965,2020-09-24 13:32:00,43.56,43.61,43.56,43.6,0,0,33647
2966,2020-09-24 13:33:00,43.59,43.59,43.52,43.56,0,0,29179
2967,2020-09-24 13:34:00,43.56,43.58,43.53,43.54,0,0,11143
2968,2020-09-24 13:35:00,43.52,43.53,43.47,43.47,0,0,38518
2969,2020-09-24 13:36:00,43.47,43.55,43.46,43.54,0,0,26968
2970,2020-09-24 13:37:00,43.53,43.54,43.5,43.51,0,0,21802
2971,2020-09-24 13:38:00,43.51,43.57,43.51,43.56,0,0,15399
2972,2020-09-24 13:39:00,43.55,43.61,43.55,43.6,0,0,20324
2973,2020-09-24 13:40:00,43.58,43.61,43.57,43.6,0,0,25148
2974,2020-09-24 13:41:00,43.61,43.62,43.56,43.57,0,0,34370
2975,2020-09-24 13:42:00,43.57,43.58,43.54,43.54,0,0,15852
2976,2020-09-24 13:43:00,43.54,43.55,43.5,43.51,0,0,27759
2977,2020-09-24 13:44:00,43.52,43.56,43.52,43.53,0,0,25913
2978,2020-09-24 13:45:00,43.53,43.56,43.49,43.55,0,0,32918
2979,2020-09-24 13:46:00,43.56,43.58,43.54,43.55,0,0,36187
2980,2020-09-24 13:47:00,43.55,43.55,43.48,43.5,0,0,21827
2981,2020-09-24 13:48:00,43.5,43.51,43.4,43.41,0,0,30003
2982,2020-09-24 13:49:00,43.4,43.41,43.3,43.31,0,0,61732
2983,2020-09-24 13:50:00,43.31,43.33,43.3,43.3,0,0,47045
2984,2020-09-24 13:51:00,43.31,43.32,43.2,43.28,0,0,59136
2985,2020-09-24 13:52:00,43.27,43.33,43.27,43.32,0,0,19096
2986,2020-09-24 13:53:00,43.31,43.33,43.27,43.31,0,0,30533
2987,2020-09-24 13:54:00,43.29,43.29,43.24,43.26,0,0,22120
2988,2020-09-24 13:55:00,43.26,43.27,43.2,43.24,0,0,25993
2989,2020-09-24 13:56:00,43.24,43.27,43.21,43.22,0,0,48530
2990,2020-09-24 13:57:00,43.23,43.25,43.16,43.19,0,0,46890
2991,2020-09-24 13:58:00,43.2,43.2,43.15,43.15,0,0,37014
2992,2020-09-24 13:59:00,43.15,43.16,43.0,43.12,0,0,118152
2993,2020-09-24 14:00:00,43.13,43.19,43.06,43.08,0,0,91369
2994,2020-09-24 14:01:00,43.08,43.13,43.08,43.11,0,0,33620
2995,2020-09-24 14:02:00,43.11,43.13,43.08,43.12,0,0,28725
2996,2020-09-24 14:03:00,43.13,43.13,43.1,43.1,0,0,13842
2997,2020-09-24 14:04:00,43.1,43.16,43.09,43.14,0,0,109958
2998,2020-09-24 14:05:00,43.13,43.19,43.12,43.19,0,0,33979
2999,2020-09-24 14:06:00,43.19,43.22,43.18,43.21,0,0,29455
3000,2020-09-24 14:07:00,43.2,43.29,43.2,43.29,0,0,40451
3001,2020-09-24 14:08:00,43.28,43.37,43.28,43.36,0,0,45101
3002,2020-09-24 14:09:00,43.35,43.38,43.34,43.37,0,0,35786
3003,2020-09-24 14:10:00,43.37,43.4,43.33,43.35,0,0,58179
3004,2020-09-24 14:11:00,43.35,43.39,43.33,43.35,0,0,31944
3005,2020-09-24 14:12:00,43.36,43.39,43.34,43.35,0,0,33785
3006,2020-09-24 14:13:00,43.36,43.4,43.36,43.36,0,0,10636
3007,2020-09-24 14:14:00,43.35,43.42,43.35,43.41,0,0,22456
3008,2020-09-24 14:15:00,43.41,43.42,43.37,43.39,0,0,38471
3009,2020-09-24 14:16:00,43.39,43.44,43.39,43.41,0,0,14050
3010,2020-09-24 14:17:00,43.4,43.4,43.31,43.34,0,0,50029
3011,2020-09-24 14:18:00,43.34,43.35,43.19,43.21,0,0,62357
3012,2020-09-24 14:19:00,43.2,43.23,43.16,43.22,0,0,31204
3013,2020-09-24 14:20:00,43.22,43.24,43.19,43.23,0,0,60704
3014,2020-09-24 14:21:00,43.23,43.27,43.22,43.22,0,0,58772
3015,2020-09-24 14:22:00,43.22,43.31,43.21,43.31,0,0,32845
3016,2020-09-24 14:23:00,43.3,43.3,43.27,43.28,0,0,28973
3017,2020-09-24 14:24:00,43.29,43.35,43.29,43.32,0,0,36146
3018,2020-09-24 14:25:00,43.31,43.31,43.23,43.3,0,0,35593
3019,2020-09-24 14:26:00,43.31,43.38,43.31,43.34,0,0,44866
3020,2020-09-24 14:27:00,43.33,43.34,43.3,43.33,0,0,33011
3021,2020-09-24 14:28:00,43.34,43.36,43.33,43.33,0,0,19595
3022,2020-09-24 14:29:00,43.33,43.35,43.28,43.28,0,0,27810
3023,2020-09-24 14:30:00,43.29,43.31,43.26,43.28,0,0,49935
3024,2020-09-24 14:31:00,43.27,43.31,43.26,43.3,0,0,18343
3025,2020-09-24 14:32:00,43.3,43.32,43.28,43.31,0,0,16158
3026,2020-09-24 14:33:00,43.31,43.33,43.29,43.29,0,0,13043
3027,2020-09-24 14:34:00,43.3,43.36,43.27,43.32,0,0,26953
3028,2020-09-24 14:35:00,43.31,43.33,43.3,43.31,0,0,12109
3029,2020-09-24 14:36:00,43.31,43.32,43.23,43.26,0,0,39163
3030,2020-09-24 14:37:00,43.27,43.36,43.26,43.36,0,0,42592
3031,2020-09-24 14:38:00,43.35,43.36,43.32,43.35,0,0,33805
3032,2020-09-24 14:39:00,43.35,43.43,43.34,43.43,0,0,45459
3033,2020-09-24 14:40:00,43.43,43.46,43.4,43.44,0,0,37481
3034,2020-09-24 14:41:00,43.46,43.47,43.44,43.47,0,0,20168
3035,2020-09-24 14:42:00,43.47,43.47,43.44,43.46,0,0,18261
3036,2020-09-24 14:43:00,43.47,43.51,43.47,43.47,0,0,14333
3037,2020-09-24 14:44:00,43.47,43.47,43.43,43.43,0,0,13015
3038,2020-09-24 14:45:00,43.43,43.46,43.33,43.35,0,0,86323
3039,2020-09-24 14:46:00,43.35,43.41,43.35,43.39,0,0,46274
3040,2020-09-24 14:47:00,43.39,43.41,43.38,43.38,0,0,15995
3041,2020-09-24 14:48:00,43.37,43.38,43.29,43.29,0,0,23305
3042,2020-09-24 14:49:00,43.28,43.29,43.22,43.23,0,0,63437
3043,2020-09-24 14:50:00,43.22,43.28,43.2,43.26,0,0,29344
3044,2020-09-24 14:51:00,43.28,43.28,43.18,43.18,0,0,24706
3045,2020-09-24 14:52:00,43.17,43.19,43.13,43.13,0,0,45185
3046,2020-09-24 14:53:00,43.13,43.17,43.12,43.17,0,0,32568
3047,2020-09-24 14:54:00,43.16,43.2,43.14,43.2,0,0,42350
3048,2020-09-24 14:55:00,43.19,43.21,43.16,43.2,0,0,31926
3049,2020-09-24 14:56:00,43.2,43.27,43.19,43.2,0,0,93336
3050,2020-09-24 14:57:00,43.19,43.27,43.19,43.23,0,0,35336
3051,2020-09-24 14:58:00,43.23,43.24,43.2,43.21,0,0,38828
3052,2020-09-24 14:59:00,43.21,43.24,43.14,43.16,0,0,51628
3053,2020-09-24 15:00:00,43.17,43.26,43.17,43.22,0,0,30854
3054,2020-09-24 15:01:00,43.21,43.24,43.15,43.15,0,0,63757
3055,2020-09-24 15:02:00,43.16,43.16,43.12,43.15,0,0,67475
3056,2020-09-24 15:03:00,43.15,43.16,43.1,43.12,0,0,65880
3057,2020-09-24 15:04:00,43.12,43.14,43.1,43.12,0,0,25888
3058,2020-09-24 15:05:00,43.13,43.2,43.13,43.17,0,0,38721
3059,2020-09-24 15:06:00,43.16,43.16,43.09,43.15,0,0,21050
3060,2020-09-24 15:07:00,43.15,43.16,43.12,43.12,0,0,26817
3061,2020-09-24 15:08:00,43.11,43.13,43.09,43.12,0,0,21056
3062,2020-09-24 15:09:00,43.12,43.17,43.11,43.15,0,0,275983
3063,2020-09-24 15:10:00,43.15,43.16,43.1,43.12,0,0,42162
3064,2020-09-24 15:11:00,43.12,43.15,43.1,43.1,0,0,15799
3065,2020-09-24 15:12:00,43.1,43.18,43.1,43.18,0,0,40089
3066,2020-09-24 15:13:00,43.18,43.19,43.15,43.16,0,0,37287
3067,2020-09-24 15:14:00,43.15,43.22,43.14,43.19,0,0,37008
3068,2020-09-24 15:15:00,43.2,43.2,43.12,43.17,0,0,30485
3069,2020-09-24 15:16:00,43.17,43.28,43.17,43.26,0,0,58151
3070,2020-09-24 15:17:00,43.26,43.3,43.25,43.26,0,0,85482
3071,2020-09-24 15:18:00,43.26,43.29,43.19,43.19,0,0,115352
3072,2020-09-24 15:19:00,43.19,43.23,43.11,43.12,0,0,38190
3073,2020-09-24 15:20:00,43.11,43.15,42.97,42.99,0,0,92994
3074,2020-09-24 15:21:00,43.01,43.03,42.93,42.93,0,0,62551
3075,2020-09-24 15:22:00,42.94,42.97,42.88,42.93,0,0,93135
3076,2020-09-24 15:23:00,42.93,42.99,42.92,42.95,0,0,43427
3077,2020-09-24 15:24:00,42.95,42.97,42.92,42.96,0,0,26712
3078,2020-09-24 15:25:00,42.95,42.99,42.94,42.97,0,0,58817
3079,2020-09-24 15:26:00,42.97,43.0,42.9,42.94,0,0,53770
3080,2020-09-24 15:27:00,42.95,42.96,42.9,42.9,0,0,33573
3081,2020-09-24 15:28:00,42.89,43.0,42.87,42.94,0,0,46205
3082,2020-09-24 15:29:00,42.94,42.95,42.91,42.94,0,0,28591
3083,2020-09-24 15:30:00,42.93,42.94,42.88,42.88,0,0,44216
3084,2020-09-24 15:31:00,42.89,42.9,42.78,42.81,0,0,50801
3085,2020-09-24 15:32:00,42.81,42.83,42.77,42.81,0,0,66018
3086,2020-09-24 15:33:00,42.8,42.85,42.78,42.78,0,0,136017
3087,2020-09-24 15:34:00,42.78,42.81,42.77,42.78,0,0,122881
3088,2020-09-24 15:35:00,42.77,42.78,42.66,42.68,0,0,186606
3089,2020-09-24 15:36:00,42.67,42.75,42.67,42.7,0,0,91449
3090,2020-09-24 15:37:00,42.69,42.75,42.66,42.75,0,0,59882
3091,2020-09-24 15:38:00,42.74,42.87,42.74,42.87,0,0,140898
3092,2020-09-24 15:39:00,42.87,42.96,42.85,42.94,0,0,120443
3093,2020-09-24 15:40:00,42.94,43.08,42.9,43.08,0,0,122158
3094,2020-09-24 15:41:00,43.08,43.17,43.05,43.06,0,0,127695
3095,2020-09-24 15:42:00,43.05,43.07,43.01,43.04,0,0,54046
3096,2020-09-24 15:43:00,43.03,43.03,42.95,43.01,0,0,66969
3097,2020-09-24 15:44:00,43.01,43.04,42.97,42.99,0,0,45673
3098,2020-09-24 15:45:00,42.99,43.09,42.99,43.08,0,0,84211
3099,2020-09-24 15:46:00,43.07,43.1,43.06,43.09,0,0,69438
3100,2020-09-24 15:47:00,43.09,43.16,43.07,43.08,0,0,70986
3101,2020-09-24 15:48:00,43.08,43.08,42.98,42.99,0,0,77806
3102,2020-09-24 15:49:00,42.98,43.0,42.91,42.92,0,0,93496
3103,2020-09-24 15:50:00,42.92,43.0,42.9,43.0,0,0,90666
3104,2020-09-24 15:51:00,43.0,43.02,42.93,42.96,0,0,112922
3105,2020-09-24 15:52:00,42.97,43.03,42.94,43.02,0,0,96327
3106,2020-09-24 15:53:00,43.02,43.03,42.97,43.03,0,0,76257
3107,2020-09-24 15:54:00,43.02,43.11,42.98,43.11,0,0,89992
3108,2020-09-24 15:55:00,43.1,43.16,43.05,43.06,0,0,191156
3109,2020-09-24 15:56:00,43.06,43.13,43.03,43.12,0,0,132071
3110,2020-09-24 15:57:00,43.11,43.13,43.08,43.1,0,0,136398
3111,2020-09-24 15:58:00,43.09,43.1,43.05,43.09,0,0,154632
3112,2020-09-24 15:59:00,43.09,43.16,43.07,43.13,0,0,408637
3113,2020-09-25 09:30:00,43.21,43.23,42.8,42.88,0,0,167107
3114,2020-09-25 09:31:00,43.03,43.14,43.03,43.14,0,0,4293
3115,2020-09-25 09:32:00,43.12,43.19,43.02,43.17,0,0,190214
3116,2020-09-25 09:33:00,43.15,43.3,43.09,43.21,0,0,47038
3117,2020-09-25 09:34:00,43.22,43.33,43.16,43.31,0,0,75800
3118,2020-09-25 09:35:00,43.33,43.33,43.23,43.27,0,0,43476
3119,2020-09-25 09:36:00,43.27,43.31,42.91,42.92,0,0,72488
3120,2020-09-25 09:37:00,42.93,42.98,42.83,42.87,0,0,43230
3121,2020-09-25 09:38:00,42.87,42.93,42.76,42.79,0,0,79094
3122,2020-09-25 09:39:00,42.8,42.89,42.71,42.87,0,0,65026
3123,2020-09-25 09:40:00,42.88,42.9,42.79,42.86,0,0,60670
3124,2020-09-25 09:41:00,42.86,43.05,42.85,43.02,0,0,75168
3125,2020-09-25 09:42:00,43.02,43.06,42.9,43.01,0,0,42934
3126,2020-09-25 09:43:00,42.98,43.02,42.9,42.91,0,0,31295
3127,2020-09-25 09:44:00,42.9,42.91,42.83,42.88,0,0,68863
3128,2020-09-25 09:45:00,42.88,42.96,42.83,42.87,0,0,32197
3129,2020-09-25 09:46:00,42.88,42.9,42.82,42.83,0,0,32665
3130,2020-09-25 09:47:00,42.83,42.86,42.68,42.69,0,0,48360
3131,2020-09-25 09:48:00,42.68,42.7,42.59,42.66,0,0,63134
3132,2020-09-25 09:49:00,42.67,42.79,42.67,42.77,0,0,70976
3133,2020-09-25 09:50:00,42.76,42.8,42.7,42.75,0,0,128185
3134,2020-09-25 09:51:00,42.75,42.81,42.71,42.74,0,0,51368
3135,2020-09-25 09:52:00,42.75,42.91,42.75,42.86,0,0,71346
3136,2020-09-25 09:53:00,42.87,43.0,42.86,42.99,0,0,52343
3137,2020-09-25 09:54:00,42.98,43.04,42.93,42.96,0,0,64833
3138,2020-09-25 09:55:00,42.97,43.06,42.96,43.02,0,0,82939
3139,2020-09-25 09:56:00,43.02,43.12,42.98,43.11,0,0,60027
3140,2020-09-25 09:57:00,43.1,43.19,43.06,43.15,0,0,71444
3141,2020-09-25 09:58:00,43.15,43.25,43.13,43.23,0,0,63174
3142,2020-09-25 09:59:00,43.21,43.27,43.17,43.27,0,0,29003
3143,2020-09-25 10:00:00,43.26,43.27,43.17,43.17,0,0,69269
3144,2020-09-25 10:01:00,43.15,43.18,43.13,43.17,0,0,38048
3145,2020-09-25 10:02:00,43.12,43.13,43.03,43.08,0,0,89355
3146,2020-09-25 10:03:00,43.08,43.12,42.97,43.0,0,0,104949
3147,2020-09-25 10:04:00,42.99,43.01,42.94,42.96,0,0,37846
3148,2020-09-25 10:05:00,42.97,43.03,42.96,42.97,0,0,57177
3149,2020-09-25 10:06:00,42.96,42.96,42.88,42.94,0,0,31276
3150,2020-09-25 10:07:00,42.95,43.02,42.95,43.0,0,0,15835
3151,2020-09-25 10:08:00,42.99,43.03,42.95,42.95,0,0,23054
3152,2020-09-25 10:09:00,42.95,43.02,42.9,43.02,0,0,28499
3153,2020-09-25 10:10:00,43.02,43.06,42.96,43.05,0,0,29440
3154,2020-09-25 10:11:00,43.05,43.1,43.01,43.03,0,0,70468
3155,2020-09-25 10:12:00,43.03,43.08,42.89,42.9,0,0,43946
3156,2020-09-25 10:13:00,42.91,42.93,42.85,42.9,0,0,46455
3157,2020-09-25 10:14:00,42.9,42.95,42.85,42.91,0,0,36905
3158,2020-09-25 10:15:00,42.9,43.0,42.87,42.97,0,0,77291
3159,2020-09-25 10:16:00,42.97,43.05,42.97,43.03,0,0,57677
3160,2020-09-25 10:17:00,43.02,43.07,42.99,43.03,0,0,27405
3161,2020-09-25 10:18:00,43.04,43.12,43.03,43.09,0,0,49421
3162,2020-09-25 10:19:00,43.11,43.11,43.01,43.03,0,0,10632
3163,2020-09-25 10:20:00,43.03,43.04,42.98,43.0,0,0,31565
3164,2020-09-25 10:21:00,43.01,43.06,42.99,43.02,0,0,21801
3165,2020-09-25 10:22:00,43.03,43.15,43.03,43.07,0,0,30027
3166,2020-09-25 10:23:00,43.09,43.13,43.08,43.11,0,0,31106
3167,2020-09-25 10:24:00,43.12,43.13,43.08,43.09,0,0,20933
3168,2020-09-25 10:25:00,43.09,43.19,43.09,43.14,0,0,63899
3169,2020-09-25 10:26:00,43.15,43.16,43.1,43.11,0,0,22204
3170,2020-09-25 10:27:00,43.12,43.17,43.11,43.17,0,0,42211
3171,2020-09-25 10:28:00,43.17,43.31,43.16,43.29,0,0,170191
3172,2020-09-25 10:29:00,43.29,43.37,43.29,43.37,0,0,67708
3173,2020-09-25 10:30:00,43.36,43.39,43.33,43.38,0,0,102044
3174,2020-09-25 10:31:00,43.37,43.38,43.29,43.31,0,0,50790
3175,2020-09-25 10:32:00,43.32,43.48,43.32,43.47,0,0,72853
3176,2020-09-25 10:33:00,43.47,43.5,43.44,43.46,0,0,67048
3177,2020-09-25 10:34:00,43.46,43.5,43.44,43.47,0,0,58384
3178,2020-09-25 10:35:00,43.46,43.54,43.41,43.53,0,0,38116
3179,2020-09-25 10:36:00,43.53,43.54,43.49,43.52,0,0,28191
3180,2020-09-25 10:37:00,43.52,43.56,43.5,43.54,0,0,51622
3181,2020-09-25 10:38:00,43.54,43.58,43.44,43.45,0,0,69735
3182,2020-09-25 10:39:00,43.45,43.6,43.42,43.59,0,0,54535
3183,2020-09-25 10:40:00,43.58,43.73,43.58,43.61,0,0,106728
3184,2020-09-25 10:41:00,43.6,43.6,43.51,43.53,0,0,53375
3185,2020-09-25 10:42:00,43.54,43.57,43.51,43.55,0,0,23018
3186,2020-09-25 10:43:00,43.54,43.56,43.44,43.53,0,0,53218
3187,2020-09-25 10:44:00,43.52,43.53,43.49,43.51,0,0,41701
3188,2020-09-25 10:45:00,43.51,43.53,43.44,43.53,0,0,44839
3189,2020-09-25 10:46:00,43.53,43.58,43.53,43.56,0,0,53079
3190,2020-09-25 10:47:00,43.56,43.56,43.38,43.42,0,0,36557
3191,2020-09-25 10:48:00,43.42,43.44,43.4,43.41,0,0,41856
3192,2020-09-25 10:49:00,43.44,43.45,43.38,43.43,0,0,21823
3193,2020-09-25 10:50:00,43.43,43.44,43.39,43.43,0,0,10990
3194,2020-09-25 10:51:00,43.43,43.46,43.41,43.43,0,0,23476
3195,2020-09-25 10:52:00,43.43,43.48,43.35,43.37,0,0,16310
3196,2020-09-25 10:53:00,43.37,43.43,43.37,43.41,0,0,12468
3197,2020-09-25 10:54:00,43.41,43.48,43.41,43.47,0,0,34654
3198,2020-09-25 10:55:00,43.46,43.46,43.39,43.41,0,0,19906
3199,2020-09-25 10:56:00,43.41,43.44,43.37,43.41,0,0,13266
3200,2020-09-25 10:57:00,43.42,43.42,43.38,43.39,0,0,23650
3201,2020-09-25 10:58:00,43.38,43.4,43.35,43.35,0,0,7549
3202,2020-09-25 11:00:00,43.45,43.45,43.42,43.44,0,0,60292
3203,2020-09-25 11:01:00,43.49,43.49,43.4,43.4,0,0,20711
3204,2020-09-25 11:02:00,43.41,43.44,43.36,43.36,0,0,22664
3205,2020-09-25 11:03:00,43.37,43.38,43.28,43.28,0,0,24390
3206,2020-09-25 11:04:00,43.29,43.29,43.23,43.29,0,0,45606
3207,2020-09-25 11:05:00,43.29,43.3,43.26,43.28,0,0,40107
3208,2020-09-25 11:06:00,43.29,43.35,43.28,43.28,0,0,11375
3209,2020-09-25 11:07:00,43.28,43.28,43.24,43.24,0,0,21509
3210,2020-09-25 11:08:00,43.24,43.24,43.21,43.22,0,0,19552
3211,2020-09-25 11:09:00,43.22,43.22,43.16,43.17,0,0,35351
3212,2020-09-25 11:10:00,43.16,43.21,43.15,43.21,0,0,32013
3213,2020-09-25 11:11:00,43.2,43.26,43.19,43.23,0,0,23455
3214,2020-09-25 11:12:00,43.22,43.33,43.21,43.29,0,0,38202
3215,2020-09-25 11:13:00,43.28,43.28,43.21,43.26,0,0,40848
3216,2020-09-25 11:14:00,43.26,43.28,43.25,43.26,0,0,8385
3217,2020-09-25 11:15:00,43.26,43.31,43.24,43.31,0,0,15316
3218,2020-09-25 11:16:00,43.31,43.37,43.31,43.32,0,0,32699
3219,2020-09-25 11:17:00,43.31,43.35,43.31,43.34,0,0,20158
3220,2020-09-25 11:18:00,43.34,43.35,43.3,43.31,0,0,17857
3221,2020-09-25 11:19:00,43.31,43.33,43.3,43.31,0,0,29003
3222,2020-09-25 11:20:00,43.31,43.31,43.23,43.25,0,0,13360
3223,2020-09-25 11:21:00,43.23,43.23,43.19,43.22,0,0,17237
3224,2020-09-25 11:22:00,43.23,43.25,43.22,43.23,0,0,8625
3225,2020-09-25 11:23:00,43.23,43.24,43.19,43.21,0,0,9218
3226,2020-09-25 11:24:00,43.23,43.24,43.16,43.17,0,0,23929
3227,2020-09-25 11:25:00,43.17,43.21,43.15,43.18,0,0,63189
3228,2020-09-25 11:26:00,43.19,43.24,43.19,43.24,0,0,8271
3229,2020-09-25 11:27:00,43.24,43.27,43.23,43.24,0,0,19031
3230,2020-09-25 11:28:00,43.25,43.31,43.24,43.28,0,0,27046
3231,2020-09-25 11:29:00,43.28,43.28,43.25,43.26,0,0,11651
3232,2020-09-25 11:30:00,43.26,43.27,43.2,43.22,0,0,9629
3233,2020-09-25 11:31:00,43.24,43.24,43.21,43.21,0,0,9042
3234,2020-09-25 11:32:00,43.22,43.25,43.21,43.21,0,0,10652
3235,2020-09-25 11:33:00,43.22,43.24,43.19,43.23,0,0,12801
3236,2020-09-25 11:34:00,43.22,43.29,43.22,43.28,0,0,14686
3237,2020-09-25 11:35:00,43.27,43.29,43.26,43.28,0,0,15241
3238,2020-09-25 11:36:00,43.27,43.29,43.26,43.27,0,0,21883
3239,2020-09-25 11:37:00,43.26,43.29,43.24,43.28,0,0,21531
3240,2020-09-25 11:38:00,43.29,43.31,43.28,43.28,0,0,16475
3241,2020-09-25 11:39:00,43.28,43.32,43.28,43.32,0,0,11442
3242,2020-09-25 11:40:00,43.32,43.36,43.32,43.34,0,0,15526
3243,2020-09-25 11:41:00,43.35,43.38,43.34,43.36,0,0,14871
3244,2020-09-25 11:42:00,43.35,43.35,43.3,43.3,0,0,9077
3245,2020-09-25 11:43:00,43.31,43.31,43.19,43.22,0,0,22254
3246,2020-09-25 11:44:00,43.22,43.23,43.17,43.19,0,0,13721
3247,2020-09-25 11:45:00,43.19,43.21,43.17,43.18,0,0,25096
3248,2020-09-25 11:46:00,43.18,43.23,43.18,43.19,0,0,11232
3249,2020-09-25 11:47:00,43.18,43.19,43.15,43.16,0,0,39745
3250,2020-09-25 11:48:00,43.16,43.18,43.15,43.17,0,0,7361
3251,2020-09-25 11:49:00,43.16,43.16,43.06,43.08,0,0,59335
3252,2020-09-25 11:50:00,43.08,43.11,43.07,43.1,0,0,64697
3253,2020-09-25 11:51:00,43.08,43.14,43.08,43.1,0,0,22284
3254,2020-09-25 11:52:00,43.11,43.12,43.05,43.06,0,0,30212
3255,2020-09-25 11:53:00,43.05,43.05,43.0,43.02,0,0,31172
3256,2020-09-25 11:54:00,43.01,43.01,42.95,42.98,0,0,38232
3257,2020-09-25 11:55:00,42.99,43.01,42.94,42.95,0,0,32037
3258,2020-09-25 11:56:00,42.95,42.97,42.94,42.97,0,0,17031
3259,2020-09-25 11:57:00,42.97,42.99,42.94,42.95,0,0,20417
3260,2020-09-25 11:58:00,42.95,42.96,42.92,42.92,0,0,16047
3261,2020-09-25 11:59:00,42.92,42.95,42.9,42.9,0,0,17117
3262,2020-09-25 12:00:00,42.9,42.94,42.89,42.93,0,0,24125
3263,2020-09-25 12:01:00,42.94,42.97,42.91,42.94,0,0,23236
3264,2020-09-25 12:02:00,42.94,42.98,42.93,42.95,0,0,36973
3265,2020-09-25 12:03:00,42.95,42.96,42.94,42.95,0,0,20617
3266,2020-09-25 12:04:00,42.96,42.96,42.94,42.96,0,0,18098
3267,2020-09-25 12:05:00,42.96,42.97,42.93,42.96,0,0,16066
3268,2020-09-25 12:06:00,42.96,43.02,42.96,43.02,0,0,34509
3269,2020-09-25 12:07:00,43.02,43.03,42.99,42.99,0,0,40875
3270,2020-09-25 12:08:00,42.99,43.0,42.97,42.98,0,0,37784
3271,2020-09-25 12:09:00,42.99,43.01,42.98,43.0,0,0,13649
3272,2020-09-25 12:10:00,42.99,43.01,42.97,42.99,0,0,12876
3273,2020-09-25 12:11:00,42.99,43.0,42.98,43.0,0,0,8351
3274,2020-09-25 12:12:00,43.01,43.01,42.97,42.97,0,0,10161
3275,2020-09-25 12:13:00,42.96,42.97,42.94,42.97,0,0,14157
3276,2020-09-25 12:14:00,42.97,43.01,42.97,42.99,0,0,8276
3277,2020-09-25 12:15:00,42.99,43.01,42.98,43.0,0,0,14953
3278,2020-09-25 12:16:00,42.99,43.03,42.99,43.01,0,0,14425
3279,2020-09-25 12:17:00,43.01,43.01,42.99,42.99,0,0,12270
3280,2020-09-25 12:18:00,43.0,43.06,43.0,43.01,0,0,25023
3281,2020-09-25 12:19:00,43.01,43.01,42.96,42.97,0,0,31958
3282,2020-09-25 12:20:00,42.97,42.97,42.94,42.94,0,0,20348
3283,2020-09-25 12:21:00,42.94,42.96,42.93,42.93,0,0,19661
3284,2020-09-25 12:22:00,42.93,42.95,42.9,42.95,0,0,10748
3285,2020-09-25 12:23:00,42.95,42.95,42.9,42.93,0,0,9067
3286,2020-09-25 12:24:00,42.94,42.95,42.91,42.94,0,0,11475
3287,2020-09-25 12:25:00,42.94,42.94,42.91,42.92,0,0,10076
3288,2020-09-25 12:26:00,42.92,42.92,42.87,42.88,0,0,28220
3289,2020-09-25 12:27:00,42.88,42.89,42.85,42.88,0,0,16692
3290,2020-09-25 12:28:00,42.87,42.94,42.87,42.94,0,0,8553
3291,2020-09-25 12:29:00,42.94,42.99,42.94,42.99,0,0,7967
3292,2020-09-25 12:30:00,42.99,43.01,42.97,42.97,0,0,15880
3293,2020-09-25 12:31:00,42.96,42.97,42.92,42.96,0,0,9999
3294,2020-09-25 12:32:00,42.93,42.95,42.9,42.91,0,0,9738
3295,2020-09-25 12:33:00,42.91,42.92,42.89,42.91,0,0,6448
3296,2020-09-25 12:34:00,42.92,42.92,42.9,42.92,0,0,6500
3297,2020-09-25 12:35:00,42.91,42.94,42.89,42.92,0,0,9951
3298,2020-09-25 12:36:00,42.92,42.92,42.89,42.9,0,0,4501
3299,2020-09-25 12:37:00,42.89,42.91,42.88,42.9,0,0,9410
3300,2020-09-25 12:38:00,42.9,42.92,42.88,42.92,0,0,8430
3301,2020-09-25 12:39:00,42.91,42.99,42.9,42.99,0,0,9801
3302,2020-09-25 12:40:00,42.99,43.01,42.99,43.01,0,0,18604
3303,2020-09-25 12:41:00,43.0,43.02,42.99,43.0,0,0,74216
3304,2020-09-25 12:42:00,43.01,43.01,42.99,43.01,0,0,5438
3305,2020-09-25 12:43:00,43.0,43.06,43.0,43.06,0,0,27108
3306,2020-09-25 12:44:00,43.05,43.07,43.05,43.05,0,0,3786
3307,2020-09-25 12:45:00,43.05,43.09,43.05,43.09,0,0,14119
3308,2020-09-25 12:46:00,43.1,43.12,43.07,43.07,0,0,59057
3309,2020-09-25 12:47:00,43.08,43.08,43.06,43.07,0,0,18512
3310,2020-09-25 12:48:00,43.08,43.08,43.06,43.08,0,0,5634
3311,2020-09-25 12:49:00,43.08,43.09,43.06,43.07,0,0,20718
3312,2020-09-25 12:50:00,43.07,43.1,43.07,43.1,0,0,13526
3313,2020-09-25 12:51:00,43.11,43.14,43.11,43.13,0,0,11788
3314,2020-09-25 12:52:00,43.13,43.16,43.13,43.14,0,0,14275
3315,2020-09-25 12:53:00,43.13,43.16,43.12,43.15,0,0,14251
3316,2020-09-25 12:54:00,43.15,43.21,43.15,43.2,0,0,26890
3317,2020-09-25 12:55:00,43.21,43.21,43.18,43.19,0,0,50780
3318,2020-09-25 12:56:00,43.19,43.22,43.19,43.22,0,0,15342
3319,2020-09-25 12:57:00,43.22,43.22,43.16,43.18,0,0,20071
3320,2020-09-25 12:58:00,43.18,43.19,43.16,43.19,0,0,9114
3321,2020-09-25 12:59:00,43.19,43.26,43.19,43.24,0,0,75096
3322,2020-09-25 13:00:00,43.24,43.26,43.18,43.19,0,0,47643
3323,2020-09-25 13:01:00,43.19,43.19,43.15,43.18,0,0,38508
3324,2020-09-25 13:02:00,43.19,43.22,43.18,43.19,0,0,30374
3325,2020-09-25 13:03:00,43.18,43.18,43.14,43.16,0,0,14184
3326,2020-09-25 13:04:00,43.16,43.2,43.16,43.18,0,0,18300
3327,2020-09-25 13:05:00,43.19,43.22,43.16,43.21,0,0,15553
3328,2020-09-25 13:06:00,43.2,43.22,43.18,43.19,0,0,32797
3329,2020-09-25 13:07:00,43.2,43.2,43.16,43.17,0,0,28295
3330,2020-09-25 13:08:00,43.17,43.2,43.17,43.2,0,0,11113
3331,2020-09-25 13:09:00,43.2,43.2,43.18,43.19,0,0,8339
3332,2020-09-25 13:10:00,43.18,43.21,43.18,43.21,0,0,13642
3333,2020-09-25 13:11:00,43.2,43.21,43.17,43.21,0,0,13281
3334,2020-09-25 13:12:00,43.2,43.24,43.19,43.2,0,0,22518
3335,2020-09-25 13:13:00,43.2,43.21,43.18,43.2,0,0,14653
3336,2020-09-25 13:14:00,43.2,43.23,43.2,43.21,0,0,24688
3337,2020-09-25 13:15:00,43.21,43.24,43.21,43.22,0,0,9997
3338,2020-09-25 13:16:00,43.22,43.24,43.22,43.22,0,0,12031
3339,2020-09-25 13:17:00,43.23,43.24,43.21,43.22,0,0,27243
3340,2020-09-25 13:18:00,43.22,43.22,43.2,43.21,0,0,18086
3341,2020-09-25 13:19:00,43.21,43.24,43.2,43.21,0,0,16292
3342,2020-09-25 13:20:00,43.22,43.3,43.22,43.3,0,0,28473
3343,2020-09-25 13:21:00,43.31,43.31,43.28,43.3,0,0,37036
3344,2020-09-25 13:22:00,43.31,43.33,43.29,43.3,0,0,22169
3345,2020-09-25 13:23:00,43.28,43.29,43.27,43.27,0,0,17293
3346,2020-09-25 13:24:00,43.28,43.29,43.24,43.26,0,0,15821
3347,2020-09-25 13:25:00,43.26,43.29,43.26,43.28,0,0,12217
3348,2020-09-25 13:26:00,43.28,43.29,43.28,43.28,0,0,7209
3349,2020-09-25 13:27:00,43.29,43.3,43.28,43.29,0,0,15163
3350,2020-09-25 13:28:00,43.29,43.3,43.26,43.28,0,0,11846
3351,2020-09-25 13:29:00,43.28,43.3,43.28,43.29,0,0,4378
3352,2020-09-25 13:30:00,43.3,43.34,43.3,43.31,0,0,23274
3353,2020-09-25 13:31:00,43.31,43.32,43.28,43.31,0,0,13179
3354,2020-09-25 13:32:00,43.31,43.31,43.26,43.28,0,0,14406
3355,2020-09-25 13:33:00,43.28,43.28,43.22,43.24,0,0,31078
3356,2020-09-25 13:34:00,43.24,43.25,43.22,43.24,0,0,14600
3357,2020-09-25 13:35:00,43.24,43.26,43.23,43.24,0,0,13761
3358,2020-09-25 13:36:00,43.24,43.26,43.23,43.23,0,0,13517
3359,2020-09-25 13:37:00,43.22,43.24,43.22,43.23,0,0,10602
3360,2020-09-25 13:38:00,43.23,43.24,43.19,43.2,0,0,18012
3361,2020-09-25 13:39:00,43.2,43.22,43.2,43.22,0,0,16742
3362,2020-09-25 13:40:00,43.23,43.26,43.23,43.26,0,0,9766
3363,2020-09-25 13:41:00,43.26,43.32,43.24,43.29,0,0,32832
3364,2020-09-25 13:42:00,43.28,43.29,43.27,43.28,0,0,6362
3365,2020-09-25 13:43:00,43.28,43.32,43.28,43.31,0,0,16929
3366,2020-09-25 13:44:00,43.31,43.32,43.29,43.32,0,0,7631
3367,2020-09-25 13:45:00,43.31,43.33,43.31,43.31,0,0,13096
3368,2020-09-25 13:46:00,43.3,43.31,43.27,43.3,0,0,15383
3369,2020-09-25 13:47:00,43.31,43.31,43.29,43.29,0,0,4513
3370,2020-09-25 13:48:00,43.29,43.31,43.28,43.29,0,0,13930
3371,2020-09-25 13:49:00,43.29,43.29,43.28,43.29,0,0,10367
3372,2020-09-25 13:50:00,43.29,43.3,43.26,43.27,0,0,11263
3373,2020-09-25 13:51:00,43.28,43.28,43.26,43.28,0,0,6523
3374,2020-09-25 13:52:00,43.28,43.31,43.28,43.3,0,0,8093
3375,2020-09-25 13:53:00,43.3,43.31,43.29,43.3,0,0,3514
3376,2020-09-25 13:54:00,43.31,43.31,43.29,43.3,0,0,15884
3377,2020-09-25 13:55:00,43.31,43.38,43.31,43.38,0,0,30284
3378,2020-09-25 13:56:00,43.38,43.4,43.35,43.39,0,0,28145
3379,2020-09-25 13:57:00,43.4,43.44,43.4,43.42,0,0,35046
3380,2020-09-25 13:58:00,43.43,43.46,43.43,43.44,0,0,29831
3381,2020-09-25 13:59:00,43.44,43.46,43.42,43.45,0,0,22700
3382,2020-09-25 14:00:00,43.45,43.46,43.42,43.42,0,0,19010
3383,2020-09-25 14:01:00,43.42,43.44,43.42,43.42,0,0,9218
3384,2020-09-25 14:02:00,43.43,43.46,43.42,43.45,0,0,9026
3385,2020-09-25 14:03:00,43.45,43.45,43.39,43.39,0,0,24327
3386,2020-09-25 14:04:00,43.4,43.41,43.38,43.4,0,0,17728
3387,2020-09-25 14:05:00,43.4,43.41,43.38,43.4,0,0,10979
3388,2020-09-25 14:06:00,43.4,43.42,43.39,43.41,0,0,12402
3389,2020-09-25 14:07:00,43.42,43.42,43.4,43.4,0,0,9342
3390,2020-09-25 14:08:00,43.4,43.4,43.38,43.38,0,0,23388
3391,2020-09-25 14:09:00,43.39,43.41,43.38,43.38,0,0,8656
3392,2020-09-25 14:10:00,43.38,43.4,43.38,43.4,0,0,7945
3393,2020-09-25 14:11:00,43.4,43.42,43.39,43.4,0,0,15060
3394,2020-09-25 14:12:00,43.39,43.4,43.37,43.39,0,0,11255
3395,2020-09-25 14:13:00,43.39,43.4,43.37,43.38,0,0,13725
3396,2020-09-25 14:14:00,43.38,43.39,43.36,43.37,0,0,21273
3397,2020-09-25 14:15:00,43.38,43.41,43.36,43.37,0,0,16962
3398,2020-09-25 14:16:00,43.38,43.44,43.38,43.44,0,0,14410
3399,2020-09-25 14:17:00,43.43,43.45,43.41,43.44,0,0,20630
3400,2020-09-25 14:18:00,43.45,43.47,43.44,43.47,0,0,26382
3401,2020-09-25 14:19:00,43.47,43.52,43.47,43.52,0,0,31883
3402,2020-09-25 14:20:00,43.53,43.53,43.47,43.49,0,0,24016
3403,2020-09-25 14:21:00,43.49,43.51,43.49,43.5,0,0,11523
3404,2020-09-25 14:22:00,43.5,43.52,43.49,43.52,0,0,17480
3405,2020-09-25 14:23:00,43.52,43.53,43.49,43.51,0,0,20730
3406,2020-09-25 14:24:00,43.51,43.51,43.5,43.51,0,0,3646
3407,2020-09-25 14:25:00,43.51,43.51,43.49,43.51,0,0,30046
3408,2020-09-25 14:26:00,43.51,43.51,43.49,43.5,0,0,15415
3409,2020-09-25 14:27:00,43.5,43.52,43.47,43.48,0,0,35027
3410,2020-09-25 14:28:00,43.48,43.51,43.48,43.5,0,0,13551
3411,2020-09-25 14:29:00,43.51,43.53,43.49,43.49,0,0,30992
3412,2020-09-25 14:30:00,43.5,43.51,43.49,43.49,0,0,22406
3413,2020-09-25 14:31:00,43.5,43.53,43.49,43.53,0,0,33352
3414,2020-09-25 14:32:00,43.53,43.54,43.5,43.51,0,0,23527
3415,2020-09-25 14:33:00,43.5,43.51,43.48,43.49,0,0,23667
3416,2020-09-25 14:34:00,43.49,43.51,43.49,43.49,0,0,21963
3417,2020-09-25 14:35:00,43.5,43.53,43.5,43.51,0,0,25353
3418,2020-09-25 14:36:00,43.5,43.53,43.5,43.53,0,0,11139
3419,2020-09-25 14:37:00,43.52,43.52,43.51,43.51,0,0,6741
3420,2020-09-25 14:38:00,43.52,43.55,43.51,43.53,0,0,11760
3421,2020-09-25 14:39:00,43.53,43.57,43.53,43.56,0,0,15831
3422,2020-09-25 14:40:00,43.56,43.56,43.51,43.54,0,0,17346
3423,2020-09-25 14:41:00,43.54,43.57,43.54,43.56,0,0,17782
3424,2020-09-25 14:42:00,43.56,43.56,43.51,43.53,0,0,14276
3425,2020-09-25 14:43:00,43.52,43.53,43.5,43.51,0,0,43175
3426,2020-09-25 14:44:00,43.52,43.54,43.5,43.5,0,0,40955
3427,2020-09-25 14:45:00,43.51,43.56,43.51,43.54,0,0,14211
3428,2020-09-25 14:46:00,43.54,43.54,43.53,43.54,0,0,11127
3429,2020-09-25 14:47:00,43.54,43.6,43.3,43.59,0,0,63065
3430,2020-09-25 14:48:00,43.6,43.62,43.58,43.6,0,0,65322
3431,2020-09-25 14:49:00,43.61,43.62,43.6,43.61,0,0,18655
3432,2020-09-25 14:50:00,43.62,43.64,43.61,43.61,0,0,46934
3433,2020-09-25 14:51:00,43.62,43.62,43.6,43.6,0,0,44277
3434,2020-09-25 14:52:00,43.6,43.63,43.6,43.62,0,0,20875
3435,2020-09-25 14:53:00,43.63,43.64,43.61,43.62,0,0,14591
3436,2020-09-25 14:54:00,43.62,43.67,43.62,43.65,0,0,32975
3437,2020-09-25 14:55:00,43.65,43.67,43.64,43.65,0,0,11470
3438,2020-09-25 14:56:00,43.64,43.64,43.62,43.64,0,0,16970
3439,2020-09-25 14:57:00,43.64,43.65,43.62,43.63,0,0,11578
3440,2020-09-25 14:58:00,43.63,43.65,43.62,43.63,0,0,14615
3441,2020-09-25 14:59:00,43.63,43.64,43.62,43.62,0,0,8512
3442,2020-09-25 15:00:00,43.62,43.65,43.6,43.63,0,0,18891
3443,2020-09-25 15:01:00,43.64,43.69,43.64,43.67,0,0,24783
3444,2020-09-25 15:02:00,43.67,43.69,43.67,43.69,0,0,15380
3445,2020-09-25 15:03:00,43.69,43.71,43.68,43.69,0,0,23165
3446,2020-09-25 15:04:00,43.69,43.72,43.67,43.67,0,0,25108
3447,2020-09-25 15:05:00,43.67,43.71,43.65,43.71,0,0,34786
3448,2020-09-25 15:06:00,43.71,43.71,43.66,43.67,0,0,17894
3449,2020-09-25 15:07:00,43.67,43.74,43.67,43.74,0,0,47295
3450,2020-09-25 15:08:00,43.74,43.8,43.73,43.8,0,0,49583
3451,2020-09-25 15:09:00,43.8,43.8,43.78,43.78,0,0,13459
3452,2020-09-25 15:10:00,43.77,43.8,43.75,43.77,0,0,18322
3453,2020-09-25 15:11:00,43.78,43.78,43.75,43.76,0,0,22488
3454,2020-09-25 15:12:00,43.75,43.77,43.74,43.76,0,0,30673
3455,2020-09-25 15:13:00,43.76,43.79,43.76,43.77,0,0,11740
3456,2020-09-25 15:14:00,43.77,43.78,43.76,43.77,0,0,19223
3457,2020-09-25 15:15:00,43.77,43.79,43.74,43.76,0,0,23581
3458,2020-09-25 15:16:00,43.76,43.8,43.76,43.79,0,0,27473
3459,2020-09-25 15:17:00,43.79,43.8,43.77,43.79,0,0,18790
3460,2020-09-25 15:18:00,43.79,43.84,43.78,43.82,0,0,32793
3461,2020-09-25 15:19:00,43.82,43.83,43.8,43.82,0,0,29873
3462,2020-09-25 15:20:00,43.82,43.83,43.81,43.83,0,0,18265
3463,2020-09-25 15:21:00,43.84,43.85,43.83,43.83,0,0,18426
3464,2020-09-25 15:22:00,43.84,43.85,43.83,43.85,0,0,21457
3465,2020-09-25 15:23:00,43.85,43.85,43.81,43.81,0,0,15158
3466,2020-09-25 15:24:00,43.82,43.84,43.8,43.82,0,0,13600
3467,2020-09-25 15:25:00,43.83,43.84,43.74,43.74,0,0,55877
3468,2020-09-25 15:26:00,43.74,43.76,43.72,43.75,0,0,105627
3469,2020-09-25 15:27:00,43.74,43.83,43.74,43.83,0,0,89709
3470,2020-09-25 15:28:00,43.83,43.83,43.79,43.79,0,0,47685
3471,2020-09-25 15:29:00,43.8,43.83,43.78,43.83,0,0,23556
3472,2020-09-25 15:30:00,43.83,43.87,43.82,43.86,0,0,30916
3473,2020-09-25 15:31:00,43.85,43.87,43.8,43.81,0,0,52972
3474,2020-09-25 15:32:00,43.82,43.88,43.82,43.85,0,0,28673
3475,2020-09-25 15:33:00,43.85,43.86,43.78,43.81,0,0,26635
3476,2020-09-25 15:34:00,43.81,43.84,43.76,43.76,0,0,39296
3477,2020-09-25 15:35:00,43.77,43.79,43.7,43.79,0,0,167054
3478,2020-09-25 15:36:00,43.79,43.84,43.79,43.84,0,0,45724
3479,2020-09-25 15:37:00,43.83,43.87,43.83,43.83,0,0,28313
3480,2020-09-25 15:38:00,43.83,43.9,43.83,43.89,0,0,59284
3481,2020-09-25 15:39:00,43.89,43.91,43.85,43.85,0,0,66952
3482,2020-09-25 15:40:00,43.86,43.88,43.84,43.87,0,0,61223
3483,2020-09-25 15:41:00,43.87,43.94,43.87,43.94,0,0,40109
3484,2020-09-25 15:42:00,43.94,43.95,43.91,43.93,0,0,41137
3485,2020-09-25 15:43:00,43.93,43.98,43.92,43.97,0,0,48963
3486,2020-09-25 15:44:00,43.97,44.0,43.96,43.99,0,0,80435
3487,2020-09-25 15:45:00,43.99,43.99,43.94,43.94,0,0,53526
3488,2020-09-25 15:46:00,43.94,43.98,43.92,43.98,0,0,34389
3489,2020-09-25 15:47:00,43.98,43.99,43.94,43.95,0,0,46693
3490,2020-09-25 15:48:00,43.95,43.97,43.94,43.97,0,0,33970
3491,2020-09-25 15:49:00,43.97,43.97,43.94,43.96,0,0,29439
3492,2020-09-25 15:50:00,43.95,43.96,43.86,43.92,0,0,144495
3493,2020-09-25 15:51:00,43.9,43.94,43.9,43.9,0,0,63746
3494,2020-09-25 15:52:00,43.91,43.96,43.9,43.92,0,0,66668
3495,2020-09-25 15:53:00,43.92,43.92,43.82,43.83,0,0,90816
3496,2020-09-25 15:54:00,43.83,43.9,43.83,43.9,0,0,68616
3497,2020-09-25 15:55:00,43.89,43.94,43.88,43.94,0,0,104380
3498,2020-09-25 15:56:00,43.94,43.99,43.92,43.99,0,0,91261
3499,2020-09-25 15:57:00,43.99,43.99,43.94,43.97,0,0,119895
3500,2020-09-25 15:58:00,43.98,43.98,43.95,43.97,0,0,135719
3501,2020-09-25 15:59:00,43.98,44.02,43.83,43.84,0,0,527176
3502,2020-09-28 09:30:00,44.4,44.42,44.34,44.36,0,0,117066
3503,2020-09-28 09:31:00,44.33,44.37,44.15,44.18,0,0,174931
3504,2020-09-28 09:32:00,44.2,44.27,44.17,44.26,0,0,68339
3505,2020-09-28 09:33:00,44.25,44.28,44.11,44.13,0,0,118507
3506,2020-09-28 09:34:00,44.14,44.29,44.09,44.23,0,0,50839
3507,2020-09-28 09:35:00,44.24,44.25,44.17,44.2,0,0,73160
3508,2020-09-28 09:36:00,44.2,44.28,44.08,44.09,0,0,39954
3509,2020-09-28 09:37:00,44.09,44.09,44.02,44.08,0,0,36465
3510,2020-09-28 09:38:00,44.08,44.19,44.02,44.17,0,0,49581
3511,2020-09-28 09:39:00,44.17,44.19,44.03,44.03,0,0,56430
3512,2020-09-28 09:40:00,44.04,44.15,44.03,44.15,0,0,26428
3513,2020-09-28 09:41:00,44.17,44.27,44.16,44.16,0,0,62973
3514,2020-09-28 09:42:00,44.18,44.25,44.12,44.12,0,0,31992
3515,2020-09-28 09:43:00,44.12,44.26,44.12,44.23,0,0,30607
3516,2020-09-28 09:44:00,44.23,44.26,44.13,44.14,0,0,47115
3517,2020-09-28 09:45:00,44.13,44.16,44.08,44.13,0,0,30135
3518,2020-09-28 09:46:00,44.13,44.18,44.1,44.1,0,0,16777
3519,2020-09-28 09:47:00,44.11,44.13,43.9,43.93,0,0,90565
3520,2020-09-28 09:48:00,43.92,44.02,43.92,43.95,0,0,30164
3521,2020-09-28 09:49:00,43.95,43.97,43.9,43.9,0,0,40202
3522,2020-09-28 09:50:00,43.88,43.92,43.83,43.83,0,0,62491
3523,2020-09-28 09:51:00,43.83,43.98,43.78,43.98,0,0,67211
3524,2020-09-28 09:52:00,43.97,44.04,43.94,44.02,0,0,30729
3525,2020-09-28 09:53:00,44.02,44.03,43.96,44.01,0,0,20455
3526,2020-09-28 09:54:00,44.01,44.04,43.99,43.99,0,0,20554
3527,2020-09-28 09:55:00,43.98,44.06,43.98,44.03,0,0,16617
3528,2020-09-28 09:56:00,44.05,44.09,44.04,44.06,0,0,13863
3529,2020-09-28 09:57:00,44.06,44.12,44.06,44.11,0,0,25577
3530,2020-09-28 09:58:00,44.12,44.16,44.12,44.12,0,0,24880
3531,2020-09-28 09:59:00,44.11,44.19,44.09,44.19,0,0,35002
3532,2020-09-28 10:00:00,44.2,44.22,44.11,44.11,0,0,63784
3533,2020-09-28 10:01:00,44.13,44.24,44.13,44.16,0,0,52172
3534,2020-09-28 10:02:00,44.16,44.23,44.15,44.17,0,0,37145
3535,2020-09-28 10:03:00,44.18,44.21,44.13,44.17,0,0,83719
3536,2020-09-28 10:04:00,44.15,44.17,44.08,44.1,0,0,19896
3537,2020-09-28 10:05:00,44.09,44.12,44.05,44.08,0,0,25374
3538,2020-09-28 10:06:00,44.08,44.08,43.98,43.99,0,0,52766
3539,2020-09-28 10:07:00,43.98,43.98,43.91,43.94,0,0,30259
3540,2020-09-28 10:08:00,43.95,44.05,43.94,44.04,0,0,36238
3541,2020-09-28 10:09:00,44.03,44.04,43.99,44.04,0,0,17699
3542,2020-09-28 10:10:00,44.05,44.1,44.02,44.05,0,0,14750
3543,2020-09-28 10:11:00,44.06,44.12,44.03,44.03,0,0,16566
3544,2020-09-28 10:12:00,44.04,44.08,44.02,44.02,0,0,10770
3545,2020-09-28 10:13:00,44.03,44.04,44.01,44.01,0,0,29847
3546,2020-09-28 10:14:00,44.01,44.02,43.99,44.01,0,0,37759
3547,2020-09-28 10:15:00,44.01,44.04,44.01,44.04,0,0,38682
3548,2020-09-28 10:16:00,44.03,44.15,44.03,44.06,0,0,61663
3549,2020-09-28 10:17:00,44.06,44.07,44.01,44.01,0,0,27466
3550,2020-09-28 10:18:00,44.0,44.06,44.0,44.06,0,0,10018
3551,2020-09-28 10:19:00,44.07,44.16,44.06,44.13,0,0,16841
3552,2020-09-28 10:20:00,44.12,44.12,44.02,44.04,0,0,15942
3553,2020-09-28 10:21:00,44.04,44.13,44.01,44.12,0,0,23827
3554,2020-09-28 10:22:00,44.13,44.16,44.1,44.1,0,0,20744
3555,2020-09-28 10:23:00,44.1,44.16,44.09,44.15,0,0,9869
3556,2020-09-28 10:24:00,44.14,44.14,44.06,44.08,0,0,17234
3557,2020-09-28 10:25:00,44.07,44.1,44.03,44.08,0,0,20320
3558,2020-09-28 10:26:00,44.06,44.06,44.02,44.03,0,0,14413
3559,2020-09-28 10:27:00,44.02,44.02,43.99,44.0,0,0,17080
3560,2020-09-28 10:28:00,43.99,43.99,43.95,43.95,0,0,16524
3561,2020-09-28 10:29:00,43.95,43.99,43.94,43.96,0,0,21676
3562,2020-09-28 10:30:00,43.94,43.96,43.9,43.96,0,0,18287
3563,2020-09-28 10:31:00,43.97,44.1,43.95,44.08,0,0,34406
3564,2020-09-28 10:32:00,44.08,44.13,44.03,44.03,0,0,21358
3565,2020-09-28 10:33:00,44.03,44.1,44.01,44.1,0,0,59986
3566,2020-09-28 10:34:00,44.1,44.15,44.09,44.13,0,0,41625
3567,2020-09-28 10:35:00,44.14,44.18,44.11,44.14,0,0,36014
3568,2020-09-28 10:36:00,44.13,44.13,44.08,44.1,0,0,12110
3569,2020-09-28 10:37:00,44.1,44.15,44.05,44.12,0,0,19949
3570,2020-09-28 10:38:00,44.12,44.12,43.94,43.95,0,0,34107
3571,2020-09-28 10:39:00,43.96,43.99,43.95,43.98,0,0,37910
3572,2020-09-28 10:40:00,43.97,44.01,43.93,43.98,0,0,17659
3573,2020-09-28 10:41:00,43.96,43.98,43.94,43.97,0,0,19726
3574,2020-09-28 10:42:00,43.98,44.03,43.98,44.02,0,0,12320
3575,2020-09-28 10:43:00,44.02,44.03,44.01,44.01,0,0,15248
3576,2020-09-28 10:44:00,44.01,44.02,43.97,44.01,0,0,19077
3577,2020-09-28 10:45:00,44.02,44.06,43.97,43.97,0,0,13002
3578,2020-09-28 10:46:00,43.96,43.97,43.91,43.95,0,0,23462
3579,2020-09-28 10:47:00,43.95,43.99,43.94,43.98,0,0,13806
3580,2020-09-28 10:48:00,43.99,44.03,43.96,43.96,0,0,18181
3581,2020-09-28 10:49:00,43.97,44.0,43.97,43.97,0,0,7677
3582,2020-09-28 10:50:00,43.97,43.97,43.89,43.89,0,0,38876
3583,2020-09-28 10:51:00,43.9,43.92,43.85,43.87,0,0,17652
3584,2020-09-28 10:52:00,43.87,43.93,43.86,43.92,0,0,20221
3585,2020-09-28 10:53:00,43.91,43.91,43.88,43.88,0,0,32791
3586,2020-09-28 10:54:00,43.88,43.88,43.84,43.85,0,0,23077
3587,2020-09-28 10:55:00,43.84,43.87,43.83,43.86,0,0,79104
3588,2020-09-28 10:56:00,43.87,43.89,43.84,43.84,0,0,12014
3589,2020-09-28 10:57:00,43.82,43.82,43.78,43.78,0,0,27583
3590,2020-09-28 10:58:00,43.78,43.81,43.76,43.78,0,0,26619
3591,2020-09-28 10:59:00,43.76,43.77,43.73,43.73,0,0,28567
3592,2020-09-28 11:00:00,43.73,43.77,43.71,43.74,0,0,40801
3593,2020-09-28 11:01:00,43.74,43.77,43.72,43.76,0,0,27307
3594,2020-09-28 11:02:00,43.75,43.84,43.75,43.83,0,0,16596
3595,2020-09-28 11:03:00,43.84,43.87,43.82,43.82,0,0,22842
3596,2020-09-28 11:04:00,43.81,43.82,43.74,43.75,0,0,10866
3597,2020-09-28 11:05:00,43.74,43.78,43.74,43.76,0,0,18227
3598,2020-09-28 11:07:00,43.87,43.87,43.87,43.87,0,0,50403
3599,2020-09-28 11:08:00,43.86,43.89,43.85,43.85,0,0,15028
3600,2020-09-28 11:09:00,43.85,43.86,43.85,43.85,0,0,5016
3601,2020-09-28 11:10:00,43.86,43.88,43.84,43.87,0,0,37769
3602,2020-09-28 11:11:00,43.86,43.93,43.86,43.91,0,0,23696
3603,2020-09-28 11:12:00,43.9,43.95,43.9,43.91,0,0,11987
3604,2020-09-28 11:13:00,43.91,43.92,43.89,43.92,0,0,17525
3605,2020-09-28 11:14:00,43.92,43.93,43.92,43.93,0,0,7514
3606,2020-09-28 11:15:00,43.94,43.95,43.91,43.92,0,0,17068
3607,2020-09-28 11:16:00,43.91,43.92,43.88,43.88,0,0,12804
3608,2020-09-28 11:17:00,43.87,43.88,43.84,43.86,0,0,24757
3609,2020-09-28 11:18:00,43.86,43.87,43.82,43.82,0,0,9364
3610,2020-09-28 11:19:00,43.83,43.83,43.8,43.81,0,0,8043
3611,2020-09-28 11:20:00,43.81,43.81,43.74,43.76,0,0,17106
3612,2020-09-28 11:21:00,43.76,43.78,43.75,43.78,0,0,8499
3613,2020-09-28 11:22:00,43.76,43.8,43.74,43.79,0,0,12163
3614,2020-09-28 11:23:00,43.79,43.81,43.79,43.81,0,0,6300
3615,2020-09-28 11:24:00,43.81,43.85,43.81,43.85,0,0,12943
3616,2020-09-28 11:25:00,43.85,43.85,43.76,43.77,0,0,20843
3617,2020-09-28 11:26:00,43.77,43.78,43.73,43.73,0,0,14078
3618,2020-09-28 11:27:00,43.74,43.74,43.68,43.7,0,0,22038
3619,2020-09-28 11:28:00,43.69,43.73,43.69,43.72,0,0,10428
3620,2020-09-28 11:29:00,43.72,43.76,43.72,43.75,0,0,13625
3621,2020-09-28 11:30:00,43.74,43.77,43.7,43.72,0,0,16492
3622,2020-09-28 11:31:00,43.72,43.72,43.67,43.69,0,0,14245
3623,2020-09-28 11:32:00,43.69,43.76,43.68,43.76,0,0,14822
3624,2020-09-28 11:33:00,43.76,43.8,43.74,43.75,0,0,31433
3625,2020-09-28 11:34:00,43.74,43.75,43.73,43.74,0,0,12281
3626,2020-09-28 11:35:00,43.74,43.76,43.72,43.74,0,0,11411
3627,2020-09-28 11:36:00,43.73,43.76,43.73,43.76,0,0,11057
3628,2020-09-28 11:37:00,43.76,43.78,43.76,43.78,0,0,12861
3629,2020-09-28 11:38:00,43.78,43.81,43.77,43.81,0,0,13789
3630,2020-09-28 11:39:00,43.8,43.83,43.78,43.81,0,0,11494
3631,2020-09-28 11:40:00,43.81,43.81,43.79,43.81,0,0,11253
3632,2020-09-28 11:41:00,43.81,43.81,43.77,43.78,0,0,17013
3633,2020-09-28 11:42:00,43.78,43.78,43.74,43.75,0,0,10665
3634,2020-09-28 11:43:00,43.75,43.77,43.73,43.74,0,0,9712
3635,2020-09-28 11:44:00,43.74,43.76,43.73,43.74,0,0,12609
3636,2020-09-28 11:45:00,43.74,43.74,43.72,43.72,0,0,6095
3637,2020-09-28 11:46:00,43.72,43.72,43.69,43.7,0,0,24523
3638,2020-09-28 11:47:00,43.7,43.7,43.66,43.67,0,0,12914
3639,2020-09-28 11:48:00,43.67,43.71,43.67,43.71,0,0,10671
3640,2020-09-28 11:49:00,43.7,43.71,43.68,43.71,0,0,14102
3641,2020-09-28 11:50:00,43.71,43.72,43.68,43.72,0,0,10175
3642,2020-09-28 11:51:00,43.71,43.72,43.7,43.71,0,0,7269
3643,2020-09-28 11:52:00,43.72,43.73,43.69,43.72,0,0,7913
3644,2020-09-28 11:53:00,43.72,43.72,43.71,43.72,0,0,4978
3645,2020-09-28 11:54:00,43.72,43.72,43.69,43.71,0,0,10670
3646,2020-09-28 11:55:00,43.71,43.71,43.63,43.64,0,0,17772
3647,2020-09-28 11:56:00,43.65,43.66,43.62,43.65,0,0,13746
3648,2020-09-28 11:57:00,43.65,43.67,43.62,43.62,0,0,16154
3649,2020-09-28 11:58:00,43.62,43.62,43.61,43.61,0,0,20638
3650,2020-09-28 11:59:00,43.61,43.67,43.61,43.67,0,0,11547
3651,2020-09-28 12:00:00,43.67,43.67,43.63,43.64,0,0,22532
3652,2020-09-28 12:01:00,43.63,43.65,43.63,43.65,0,0,10303
3653,2020-09-28 12:02:00,43.65,43.66,43.62,43.62,0,0,8836
3654,2020-09-28 12:03:00,43.63,43.66,43.63,43.65,0,0,6384
3655,2020-09-28 12:04:00,43.65,43.67,43.64,43.65,0,0,6499
3656,2020-09-28 12:05:00,43.65,43.67,43.65,43.66,0,0,8274
3657,2020-09-28 12:06:00,43.66,43.67,43.64,43.66,0,0,13026
3658,2020-09-28 12:07:00,43.66,43.66,43.63,43.66,0,0,8188
3659,2020-09-28 12:08:00,43.65,43.66,43.65,43.65,0,0,4495
3660,2020-09-28 12:09:00,43.66,43.71,43.65,43.69,0,0,14392
3661,2020-09-28 12:10:00,43.69,43.69,43.67,43.68,0,0,7971
3662,2020-09-28 12:11:00,43.69,43.69,43.67,43.69,0,0,7383
3663,2020-09-28 12:12:00,43.69,43.71,43.68,43.69,0,0,14051
3664,2020-09-28 12:13:00,43.68,43.69,43.67,43.69,0,0,4160
3665,2020-09-28 12:14:00,43.68,43.72,43.68,43.69,0,0,27669
3666,2020-09-28 12:15:00,43.69,43.71,43.69,43.7,0,0,10162
3667,2020-09-28 12:16:00,43.69,43.69,43.62,43.65,0,0,19782
3668,2020-09-28 12:17:00,43.65,43.67,43.65,43.67,0,0,5848
3669,2020-09-28 12:18:00,43.67,43.68,43.63,43.66,0,0,20649
3670,2020-09-28 12:19:00,43.65,43.68,43.65,43.67,0,0,3116
3671,2020-09-28 12:20:00,43.68,43.71,43.68,43.69,0,0,6642
3672,2020-09-28 12:21:00,43.69,43.7,43.67,43.67,0,0,5920
3673,2020-09-28 12:22:00,43.67,43.67,43.64,43.67,0,0,9767
3674,2020-09-28 12:23:00,43.68,43.71,43.67,43.71,0,0,15137
3675,2020-09-28 12:24:00,43.7,43.7,43.68,43.69,0,0,3805
3676,2020-09-28 12:25:00,43.69,43.74,43.69,43.72,0,0,17104
3677,2020-09-28 12:26:00,43.72,43.73,43.72,43.72,0,0,1714
3678,2020-09-28 12:27:00,43.73,43.74,43.72,43.72,0,0,21999
3679,2020-09-28 12:28:00,43.72,43.75,43.72,43.75,0,0,7006
3680,2020-09-28 12:29:00,43.74,43.78,43.73,43.78,0,0,10526
3681,2020-09-28 12:30:00,43.78,43.78,43.75,43.76,0,0,12000
3682,2020-09-28 12:31:00,43.76,43.77,43.74,43.77,0,0,15520
3683,2020-09-28 12:32:00,43.78,43.8,43.78,43.79,0,0,12802
3684,2020-09-28 12:33:00,43.8,43.82,43.8,43.82,0,0,15475
3685,2020-09-28 12:34:00,43.83,43.84,43.81,43.83,0,0,13459
3686,2020-09-28 12:35:00,43.82,43.84,43.82,43.83,0,0,9983
3687,2020-09-28 12:36:00,43.84,43.88,43.83,43.87,0,0,30722
3688,2020-09-28 12:37:00,43.87,43.91,43.87,43.91,0,0,31508
3689,2020-09-28 12:38:00,43.92,43.92,43.89,43.9,0,0,26202
3690,2020-09-28 12:39:00,43.9,43.91,43.88,43.91,0,0,12172
3691,2020-09-28 12:40:00,43.9,43.93,43.89,43.92,0,0,20285
3692,2020-09-28 12:41:00,43.92,43.92,43.88,43.9,0,0,29298
3693,2020-09-28 12:42:00,43.9,43.9,43.87,43.88,0,0,28481
3694,2020-09-28 12:43:00,43.88,43.9,43.88,43.88,0,0,7803
3695,2020-09-28 12:44:00,43.88,43.89,43.86,43.87,0,0,25100
3696,2020-09-28 12:45:00,43.87,43.91,43.87,43.89,0,0,18418
3697,2020-09-28 12:46:00,43.9,43.9,43.89,43.9,0,0,4512
3698,2020-09-28 12:47:00,43.9,43.91,43.88,43.88,0,0,9496
3699,2020-09-28 12:48:00,43.88,43.9,43.87,43.89,0,0,16752
3700,2020-09-28 12:49:00,43.89,43.9,43.88,43.88,0,0,13019
3701,2020-09-28 12:50:00,43.89,43.9,43.88,43.9,0,0,6288
3702,2020-09-28 12:51:00,43.9,43.9,43.86,43.88,0,0,30899
3703,2020-09-28 12:52:00,43.88,43.88,43.79,43.8,0,0,38235
3704,2020-09-28 12:53:00,43.79,43.8,43.77,43.78,0,0,12738
3705,2020-09-28 12:54:00,43.77,43.78,43.73,43.74,0,0,29829
3706,2020-09-28 12:55:00,43.74,43.75,43.72,43.74,0,0,21909
3707,2020-09-28 12:56:00,43.73,43.74,43.72,43.73,0,0,20391
3708,2020-09-28 12:57:00,43.74,43.78,43.73,43.76,0,0,17962
3709,2020-09-28 12:58:00,43.76,43.77,43.76,43.76,0,0,7534
3710,2020-09-28 12:59:00,43.76,43.77,43.75,43.76,0,0,26021
3711,2020-09-28 13:00:00,43.76,43.78,43.76,43.78,0,0,20693
3712,2020-09-28 13:01:00,43.79,43.81,43.79,43.81,0,0,11129
3713,2020-09-28 13:02:00,43.81,43.83,43.8,43.83,0,0,20548
3714,2020-09-28 13:03:00,43.84,43.85,43.8,43.81,0,0,12507
3715,2020-09-28 13:04:00,43.81,43.81,43.8,43.81,0,0,10832
3716,2020-09-28 13:05:00,43.81,43.81,43.79,43.81,0,0,27111
3717,2020-09-28 13:06:00,43.81,43.82,43.81,43.81,0,0,7649
3718,2020-09-28 13:07:00,43.81,43.81,43.78,43.79,0,0,17905
3719,2020-09-28 13:08:00,43.8,43.81,43.79,43.79,0,0,4429
3720,2020-09-28 13:09:00,43.79,43.8,43.76,43.76,0,0,12765
3721,2020-09-28 13:10:00,43.77,43.78,43.76,43.76,0,0,8488
3722,2020-09-28 13:11:00,43.77,43.77,43.74,43.76,0,0,33547
3723,2020-09-28 13:12:00,43.76,43.8,43.76,43.79,0,0,9758
3724,2020-09-28 13:13:00,43.79,43.79,43.78,43.79,0,0,5073
3725,2020-09-28 13:14:00,43.79,43.83,43.78,43.83,0,0,13778
3726,2020-09-28 13:15:00,43.83,43.85,43.83,43.85,0,0,23083
3727,2020-09-28 13:16:00,43.84,43.88,43.84,43.85,0,0,22061
3728,2020-09-28 13:17:00,43.85,43.85,43.81,43.81,0,0,7075
3729,2020-09-28 13:18:00,43.81,43.84,43.81,43.84,0,0,10027
3730,2020-09-28 13:19:00,43.84,43.85,43.83,43.83,0,0,13133
3731,2020-09-28 13:20:00,43.84,43.86,43.83,43.83,0,0,13591
3732,2020-09-28 13:21:00,43.83,43.86,43.83,43.86,0,0,8639
3733,2020-09-28 13:22:00,43.86,43.9,43.86,43.89,0,0,28924
3734,2020-09-28 13:23:00,43.88,43.89,43.88,43.88,0,0,13590
3735,2020-09-28 13:24:00,43.88,43.9,43.88,43.88,0,0,44589
3736,2020-09-28 13:25:00,43.88,43.9,43.88,43.9,0,0,12166
3737,2020-09-28 13:26:00,43.9,43.91,43.85,43.85,0,0,32791
3738,2020-09-28 13:27:00,43.85,43.88,43.84,43.88,0,0,14813
3739,2020-09-28 13:28:00,43.88,43.9,43.88,43.9,0,0,7741
3740,2020-09-28 13:29:00,43.9,43.9,43.88,43.88,0,0,7289
3741,2020-09-28 13:30:00,43.88,43.9,43.87,43.87,0,0,10785
3742,2020-09-28 13:31:00,43.88,43.88,43.87,43.88,0,0,4731
3743,2020-09-28 13:32:00,43.88,43.9,43.88,43.9,0,0,14010
3744,2020-09-28 13:33:00,43.89,43.9,43.88,43.9,0,0,12686
3745,2020-09-28 13:34:00,43.9,43.91,43.89,43.9,0,0,7236
3746,2020-09-28 13:35:00,43.9,43.9,43.87,43.88,0,0,25750
3747,2020-09-28 13:36:00,43.88,43.88,43.86,43.88,0,0,16585
3748,2020-09-28 13:37:00,43.88,43.89,43.88,43.88,0,0,8832
3749,2020-09-28 13:38:00,43.88,43.88,43.85,43.87,0,0,29272
3750,2020-09-28 13:39:00,43.87,43.88,43.86,43.88,0,0,8725
3751,2020-09-28 13:40:00,43.87,43.89,43.87,43.88,0,0,12401
3752,2020-09-28 13:41:00,43.88,43.88,43.88,43.88,0,0,10041
3753,2020-09-28 13:42:00,43.88,43.89,43.87,43.88,0,0,8270
3754,2020-09-28 13:43:00,43.88,43.92,43.88,43.91,0,0,21435
3755,2020-09-28 13:44:00,43.91,43.93,43.9,43.93,0,0,20147
3756,2020-09-28 13:45:00,43.94,43.96,43.93,43.94,0,0,25661
3757,2020-09-28 13:46:00,43.94,43.94,43.92,43.94,0,0,16874
3758,2020-09-28 13:47:00,43.94,43.95,43.93,43.95,0,0,13054
3759,2020-09-28 13:48:00,43.95,43.97,43.94,43.97,0,0,13053
3760,2020-09-28 13:49:00,43.97,43.97,43.95,43.97,0,0,26783
3761,2020-09-28 13:50:00,43.96,44.0,43.95,43.98,0,0,28142
3762,2020-09-28 13:51:00,43.97,43.99,43.96,43.98,0,0,28668
3763,2020-09-28 13:52:00,43.99,43.99,43.97,43.97,0,0,13354
3764,2020-09-28 13:53:00,43.97,44.01,43.97,44.01,0,0,23405
3765,2020-09-28 13:54:00,44.02,44.05,44.01,44.05,0,0,24567
3766,2020-09-28 13:55:00,44.05,44.08,44.03,44.05,0,0,29180
3767,2020-09-28 13:56:00,44.04,44.06,44.04,44.04,0,0,9656
3768,2020-09-28 13:57:00,44.05,44.05,44.04,44.05,0,0,848
3769,2020-09-28 13:58:00,44.05,44.06,44.02,44.02,0,0,18772
3770,2020-09-28 13:59:00,44.03,44.03,44.01,44.01,0,0,14000
3771,2020-09-28 14:00:00,44.01,44.01,43.95,43.97,0,0,38326
3772,2020-09-28 14:01:00,43.97,43.97,43.91,43.91,0,0,42774
3773,2020-09-28 14:02:00,43.91,43.93,43.87,43.88,0,0,40891
3774,2020-09-28 14:03:00,43.88,43.89,43.86,43.89,0,0,12654
3775,2020-09-28 14:04:00,43.89,43.93,43.88,43.91,0,0,21265
3776,2020-09-28 14:05:00,43.91,43.93,43.9,43.9,0,0,16676
3777,2020-09-28 14:06:00,43.91,43.92,43.89,43.89,0,0,22503
3778,2020-09-28 14:07:00,43.9,43.92,43.9,43.92,0,0,9237
3779,2020-09-28 14:08:00,43.92,43.96,43.92,43.94,0,0,10605
3780,2020-09-28 14:09:00,43.95,43.97,43.95,43.96,0,0,7748
3781,2020-09-28 14:10:00,43.96,43.97,43.96,43.97,0,0,10936
3782,2020-09-28 14:11:00,43.97,43.98,43.96,43.97,0,0,6465
3783,2020-09-28 14:12:00,43.98,44.01,43.98,43.99,0,0,9717
3784,2020-09-28 14:13:00,43.99,43.99,43.98,43.98,0,0,6324
3785,2020-09-28 14:14:00,43.98,43.98,43.96,43.96,0,0,8685
3786,2020-09-28 14:15:00,43.97,44.02,43.97,44.01,0,0,13914
3787,2020-09-28 14:16:00,44.01,44.01,43.98,43.98,0,0,6066
3788,2020-09-28 14:17:00,43.98,43.98,43.96,43.96,0,0,5733
3789,2020-09-28 14:18:00,43.96,43.98,43.96,43.98,0,0,1858
3790,2020-09-28 14:19:00,43.97,43.97,43.94,43.94,0,0,13214
3791,2020-09-28 14:20:00,43.94,43.94,43.91,43.92,0,0,16050
3792,2020-09-28 14:21:00,43.92,43.93,43.92,43.92,0,0,4728
3793,2020-09-28 14:22:00,43.92,43.92,43.89,43.89,0,0,10973
3794,2020-09-28 14:23:00,43.88,43.9,43.88,43.88,0,0,13333
3795,2020-09-28 14:24:00,43.88,43.89,43.87,43.88,0,0,8292
3796,2020-09-28 14:25:00,43.87,43.92,43.87,43.92,0,0,11874
3797,2020-09-28 14:26:00,43.92,43.92,43.9,43.91,0,0,6312
3798,2020-09-28 14:27:00,43.91,43.94,43.91,43.92,0,0,12115
3799,2020-09-28 14:28:00,43.92,43.93,43.92,43.92,0,0,3554
3800,2020-09-28 14:29:00,43.92,43.96,43.92,43.96,0,0,13444
3801,2020-09-28 14:30:00,43.96,43.97,43.94,43.97,0,0,12096
3802,2020-09-28 14:31:00,43.97,44.0,43.97,43.97,0,0,11950
3803,2020-09-28 14:32:00,43.97,43.98,43.96,43.98,0,0,10209
3804,2020-09-28 14:33:00,43.98,43.99,43.97,43.99,0,0,9706
3805,2020-09-28 14:34:00,43.99,43.99,43.99,43.99,0,0,6628
3806,2020-09-28 14:35:00,43.98,43.99,43.94,43.96,0,0,11097
3807,2020-09-28 14:36:00,43.96,43.99,43.96,43.99,0,0,8965
3808,2020-09-28 14:37:00,43.98,43.99,43.97,43.98,0,0,12981
3809,2020-09-28 14:38:00,43.98,44.03,43.98,44.03,0,0,13479
3810,2020-09-28 14:39:00,44.02,44.04,44.02,44.03,0,0,15448
3811,2020-09-28 14:40:00,44.02,44.03,43.98,43.99,0,0,15607
3812,2020-09-28 14:41:00,43.99,44.01,43.99,43.99,0,0,10393
3813,2020-09-28 14:42:00,44.0,44.03,44.0,44.03,0,0,5765
3814,2020-09-28 14:43:00,44.03,44.06,44.03,44.04,0,0,16795
3815,2020-09-28 14:44:00,44.05,44.06,44.03,44.04,0,0,14505
3816,2020-09-28 14:45:00,44.04,44.06,44.04,44.06,0,0,12325
3817,2020-09-28 14:46:00,44.05,44.06,44.03,44.06,0,0,16281
3818,2020-09-28 14:47:00,44.06,44.08,44.06,44.07,0,0,15479
3819,2020-09-28 14:48:00,44.07,44.07,44.03,44.03,0,0,23292
3820,2020-09-28 14:49:00,44.03,44.03,43.99,44.0,0,0,29376
3821,2020-09-28 14:50:00,44.01,44.03,44.01,44.03,0,0,8710
3822,2020-09-28 14:51:00,44.03,44.05,44.02,44.03,0,0,16759
3823,2020-09-28 14:52:00,44.03,44.05,44.0,44.04,0,0,12416
3824,2020-09-28 14:53:00,44.05,44.1,44.05,44.09,0,0,20385
3825,2020-09-28 14:54:00,44.09,44.1,44.08,44.08,0,0,10530
3826,2020-09-28 14:55:00,44.08,44.12,44.06,44.12,0,0,19057
3827,2020-09-28 14:56:00,44.12,44.13,44.1,44.12,0,0,27656
3828,2020-09-28 14:57:00,44.13,44.14,44.11,44.11,0,0,18189
3829,2020-09-28 14:58:00,44.1,44.12,44.08,44.1,0,0,14264
3830,2020-09-28 14:59:00,44.1,44.13,44.1,44.13,0,0,9196
3831,2020-09-28 15:00:00,44.12,44.12,44.08,44.09,0,0,26454
3832,2020-09-28 15:01:00,44.08,44.1,44.08,44.09,0,0,11336
3833,2020-09-28 15:02:00,44.09,44.12,44.08,44.12,0,0,13535
3834,2020-09-28 15:03:00,44.12,44.13,44.09,44.12,0,0,24746
3835,2020-09-28 15:04:00,44.12,44.15,44.11,44.11,0,0,34542
3836,2020-09-28 15:05:00,44.11,44.14,44.1,44.14,0,0,12151
3837,2020-09-28 15:06:00,44.14,44.17,44.13,44.16,0,0,33746
3838,2020-09-28 15:07:00,44.15,44.17,44.14,44.15,0,0,15327
3839,2020-09-28 15:08:00,44.15,44.16,44.13,44.13,0,0,12236
3840,2020-09-28 15:09:00,44.14,44.14,44.11,44.12,0,0,16109
3841,2020-09-28 15:10:00,44.13,44.17,44.13,44.17,0,0,17586
3842,2020-09-28 15:11:00,44.17,44.19,44.15,44.19,0,0,15255
3843,2020-09-28 15:12:00,44.19,44.24,44.19,44.23,0,0,48216
3844,2020-09-28 15:13:00,44.24,44.27,44.22,44.27,0,0,41600
3845,2020-09-28 15:14:00,44.26,44.29,44.25,44.29,0,0,25977
3846,2020-09-28 15:15:00,44.29,44.29,44.22,44.25,0,0,41056
3847,2020-09-28 15:16:00,44.25,44.27,44.24,44.27,0,0,29742
3848,2020-09-28 15:17:00,44.27,44.3,44.26,44.27,0,0,18001
3849,2020-09-28 15:18:00,44.26,44.28,44.24,44.24,0,0,19822
3850,2020-09-28 15:19:00,44.24,44.26,44.24,44.24,0,0,13352
3851,2020-09-28 15:20:00,44.25,44.27,44.19,44.21,0,0,38439
3852,2020-09-28 15:21:00,44.21,44.23,44.21,44.23,0,0,14677
3853,2020-09-28 15:22:00,44.22,44.23,44.21,44.22,0,0,22221
3854,2020-09-28 15:23:00,44.21,44.22,44.19,44.2,0,0,21938
3855,2020-09-28 15:24:00,44.19,44.22,44.18,44.22,0,0,27954
3856,2020-09-28 15:25:00,44.22,44.25,44.22,44.25,0,0,16576
3857,2020-09-28 15:26:00,44.26,44.3,44.26,44.29,0,0,63231
3858,2020-09-28 15:27:00,44.3,44.3,44.28,44.29,0,0,17858
3859,2020-09-28 15:28:00,44.29,44.33,44.29,44.3,0,0,30254
3860,2020-09-28 15:29:00,44.29,44.31,44.28,44.29,0,0,24561
3861,2020-09-28 15:30:00,44.29,44.29,44.23,44.26,0,0,46745
3862,2020-09-28 15:31:00,44.27,44.28,44.19,44.21,0,0,51356
3863,2020-09-28 15:32:00,44.19,44.22,44.14,44.16,0,0,60052
3864,2020-09-28 15:33:00,44.15,44.16,44.11,44.13,0,0,30286
3865,2020-09-28 15:34:00,44.13,44.2,44.13,44.2,0,0,28096
3866,2020-09-28 15:35:00,44.19,44.19,44.16,44.18,0,0,42457
3867,2020-09-28 15:36:00,44.17,44.19,44.13,44.13,0,0,37982
3868,2020-09-28 15:37:00,44.13,44.17,44.12,44.13,0,0,33596
3869,2020-09-28 15:38:00,44.13,44.15,44.12,44.15,0,0,10920
3870,2020-09-28 15:39:00,44.15,44.16,44.1,44.1,0,0,51639
3871,2020-09-28 15:40:00,44.1,44.12,44.08,44.1,0,0,43885
3872,2020-09-28 15:41:00,44.1,44.11,44.08,44.1,0,0,48052
3873,2020-09-28 15:42:00,44.11,44.12,44.09,44.12,0,0,21355
3874,2020-09-28 15:43:00,44.12,44.16,44.12,44.15,0,0,30962
3875,2020-09-28 15:44:00,44.15,44.16,44.13,44.14,0,0,26624
3876,2020-09-28 15:45:00,44.14,44.15,44.1,44.12,0,0,45162
3877,2020-09-28 15:46:00,44.13,44.16,44.12,44.16,0,0,23998
3878,2020-09-28 15:47:00,44.16,44.21,44.16,44.18,0,0,44321
3879,2020-09-28 15:48:00,44.18,44.18,44.14,44.15,0,0,35791
3880,2020-09-28 15:49:00,44.14,44.17,44.1,44.12,0,0,73348
3881,2020-09-28 15:50:00,44.12,44.17,44.08,44.17,0,0,48112
3882,2020-09-28 15:51:00,44.17,44.17,44.14,44.15,0,0,14222
3883,2020-09-28 15:52:00,44.15,44.17,44.12,44.17,0,0,82926
3884,2020-09-28 15:53:00,44.17,44.18,44.17,44.18,0,0,30254
3885,2020-09-28 15:54:00,44.18,44.23,44.18,44.23,0,0,54690
3886,2020-09-28 15:55:00,44.22,44.23,44.15,44.19,0,0,63709
3887,2020-09-28 15:56:00,44.2,44.22,44.17,44.19,0,0,68082
3888,2020-09-28 15:57:00,44.19,44.2,44.13,44.15,0,0,117186
3889,2020-09-28 15:58:00,44.14,44.15,44.1,44.14,0,0,100195
3890,2020-09-28 15:59:00,44.14,44.2,44.07,44.2,0,0,257586
3891,2020-09-30 09:30:00,44.62,44.62,44.62,44.62,0,0,50723
3892,2020-09-30 09:31:00,44.7,44.7,44.5,44.52,0,0,10262
3893,2020-09-30 09:32:00,44.51,44.65,44.39,44.42,0,0,185536
3894,2020-09-30 09:33:00,44.67,44.69,44.41,44.67,0,0,46484
3895,2020-09-30 09:34:00,44.67,44.67,44.47,44.56,0,0,43991
3896,2020-09-30 09:35:00,44.55,44.7,44.52,44.62,0,0,82843
3897,2020-09-30 09:36:00,44.61,44.66,44.56,44.56,0,0,42617
3898,2020-09-30 09:37:00,44.55,44.78,44.54,44.74,0,0,63577
3899,2020-09-30 09:38:00,44.74,44.74,44.4,44.5,0,0,107605
3900,2020-09-30 09:39:00,44.5,44.54,44.44,44.49,0,0,40800
3901,2020-09-30 09:40:00,44.5,44.57,44.48,44.5,0,0,49827
3902,2020-09-30 09:41:00,44.5,44.68,44.47,44.68,0,0,55710
3903,2020-09-30 09:42:00,44.7,44.75,44.6,44.66,0,0,95302
3904,2020-09-30 09:43:00,44.66,44.74,44.61,44.73,0,0,35496
3905,2020-09-30 09:44:00,44.72,44.8,44.69,44.79,0,0,30788
3906,2020-09-30 09:45:00,44.79,44.87,44.77,44.83,0,0,45679
3907,2020-09-30 09:46:00,44.82,44.88,44.82,44.83,0,0,62111
3908,2020-09-30 09:47:00,44.83,44.88,44.79,44.85,0,0,71866
3909,2020-09-30 09:48:00,44.86,44.86,44.74,44.74,0,0,71437
3910,2020-09-30 09:49:00,44.74,44.76,44.71,44.74,0,0,39880
3911,2020-09-30 09:50:00,44.72,44.8,44.7,44.79,0,0,37593
3912,2020-09-30 09:51:00,44.77,44.8,44.73,44.73,0,0,54732
3913,2020-09-30 09:52:00,44.73,44.75,44.7,44.71,0,0,40069
3914,2020-09-30 09:53:00,44.71,44.71,44.6,44.6,0,0,42774
3915,2020-09-30 09:54:00,44.62,44.7,44.62,44.67,0,0,22274
3916,2020-09-30 09:55:00,44.69,44.74,44.64,44.66,0,0,31670
3917,2020-09-30 09:56:00,44.66,44.66,44.61,44.62,0,0,23183
3918,2020-09-30 09:57:00,44.62,44.67,44.61,44.64,0,0,53484
3919,2020-09-30 09:58:00,44.62,44.65,44.62,44.63,0,0,18647
3920,2020-09-30 09:59:00,44.62,44.64,44.61,44.63,0,0,14969
3921,2020-09-30 10:00:00,44.62,44.74,44.62,44.72,0,0,37732
3922,2020-09-30 10:01:00,44.72,44.77,44.71,44.72,0,0,33764
3923,2020-09-30 10:02:00,44.72,44.76,44.71,44.74,0,0,21481
3924,2020-09-30 10:03:00,44.74,44.78,44.71,44.75,0,0,38921
3925,2020-09-30 10:04:00,44.74,44.75,44.65,44.66,0,0,36833
3926,2020-09-30 10:05:00,44.66,44.67,44.58,44.59,0,0,44192
3927,2020-09-30 10:06:00,44.58,44.61,44.51,44.53,0,0,44063
3928,2020-09-30 10:07:00,44.51,44.56,44.48,44.56,0,0,28892
3929,2020-09-30 10:08:00,44.56,44.69,44.56,44.65,0,0,97050
3930,2020-09-30 10:09:00,44.65,44.69,44.64,44.64,0,0,33951
3931,2020-09-30 10:10:00,44.65,44.77,44.65,44.74,0,0,36972
3932,2020-09-30 10:11:00,44.75,44.78,44.69,44.7,0,0,42152
3933,2020-09-30 10:12:00,44.71,44.84,44.71,44.84,0,0,39838
3934,2020-09-30 10:13:00,44.84,44.84,44.74,44.74,0,0,19203
3935,2020-09-30 10:14:00,44.74,44.74,44.69,44.72,0,0,26982
3936,2020-09-30 10:15:00,44.72,44.73,44.61,44.64,0,0,26977
3937,2020-09-30 10:16:00,44.65,44.65,44.6,44.6,0,0,22269
3938,2020-09-30 10:17:00,44.59,44.67,44.57,44.65,0,0,35946
3939,2020-09-30 10:18:00,44.65,44.66,44.64,44.65,0,0,13431
3940,2020-09-30 10:19:00,44.66,44.66,44.61,44.64,0,0,24068
3941,2020-09-30 10:20:00,44.64,44.64,44.58,44.6,0,0,38403
3942,2020-09-30 10:21:00,44.61,44.77,44.6,44.77,0,0,51414
3943,2020-09-30 10:22:00,44.77,44.86,44.75,44.85,0,0,44695
3944,2020-09-30 10:23:00,44.85,44.85,44.78,44.8,0,0,29419
3945,2020-09-30 10:24:00,44.83,44.91,44.83,44.91,0,0,70498
3946,2020-09-30 10:25:00,44.91,44.98,44.9,44.92,0,0,62249
3947,2020-09-30 10:26:00,44.92,44.99,44.92,44.93,0,0,74716
3948,2020-09-30 10:27:00,44.94,44.94,44.9,44.94,0,0,41106
3949,2020-09-30 10:28:00,44.94,44.98,44.88,44.88,0,0,34011
3950,2020-09-30 10:29:00,44.88,44.88,44.82,44.84,0,0,16833
3951,2020-09-30 10:30:00,44.84,44.9,44.83,44.9,0,0,24987
3952,2020-09-30 10:31:00,44.9,44.97,44.9,44.97,0,0,19994
3953,2020-09-30 10:32:00,44.97,45.06,44.97,45.03,0,0,80024
3954,2020-09-30 10:33:00,45.02,45.03,44.99,45.0,0,0,56317
3955,2020-09-30 10:34:00,44.99,45.09,44.94,45.08,0,0,33853
3956,2020-09-30 10:35:00,45.08,45.08,44.98,45.02,0,0,80833
3957,2020-09-30 10:36:00,45.02,45.02,44.96,44.97,0,0,20189
3958,2020-09-30 10:37:00,44.98,45.01,44.96,45.0,0,0,19107
3959,2020-09-30 10:38:00,45.0,45.0,44.94,44.96,0,0,35731
3960,2020-09-30 10:39:00,44.96,44.96,44.9,44.92,0,0,51173
3961,2020-09-30 10:40:00,44.91,44.99,44.91,44.97,0,0,36274
3962,2020-09-30 10:41:00,44.97,44.98,44.93,44.94,0,0,14210
3963,2020-09-30 10:42:00,44.94,44.94,44.82,44.83,0,0,34031
3964,2020-09-30 10:43:00,44.83,44.9,44.82,44.88,0,0,25561
3965,2020-09-30 10:44:00,44.88,44.97,44.88,44.97,0,0,7814
3966,2020-09-30 10:45:00,44.97,44.98,44.91,44.97,0,0,15816
3967,2020-09-30 10:46:00,44.96,45.0,44.96,44.99,0,0,5536
3968,2020-09-30 10:47:00,44.99,45.0,44.97,44.99,0,0,23339
3969,2020-09-30 10:48:00,44.98,44.99,44.91,44.91,0,0,11315
3970,2020-09-30 10:49:00,44.91,44.91,44.87,44.87,0,0,15873
3971,2020-09-30 10:50:00,44.87,44.87,44.8,44.87,0,0,32849
3972,2020-09-30 10:51:00,44.87,44.9,44.86,44.9,0,0,11057
3973,2020-09-30 10:52:00,44.94,44.95,44.9,44.94,0,0,25529
3974,2020-09-30 10:53:00,44.9,44.96,44.9,44.9,0,0,17387
3975,2020-09-30 10:54:00,44.89,44.92,44.86,44.91,0,0,14471
3976,2020-09-30 10:55:00,44.94,44.95,44.91,44.94,0,0,11052
3977,2020-09-30 10:56:00,44.96,44.96,44.92,44.93,0,0,11349
3978,2020-09-30 10:57:00,44.94,44.96,44.92,44.92,0,0,5755
3979,2020-09-30 10:58:00,44.92,44.92,44.87,44.91,0,0,12892
3980,2020-09-30 10:59:00,44.91,44.92,44.9,44.9,0,0,20259
3981,2020-09-30 11:00:00,44.9,44.95,44.89,44.94,0,0,21716
3982,2020-09-30 11:01:00,44.95,44.95,44.88,44.9,0,0,13357
3983,2020-09-30 11:02:00,44.9,44.9,44.84,44.84,0,0,20896
3984,2020-09-30 11:03:00,44.83,44.91,44.83,44.89,0,0,13562
3985,2020-09-30 11:04:00,44.88,44.88,44.83,44.84,0,0,18641
3986,2020-09-30 11:05:00,44.84,44.95,44.84,44.95,0,0,18059
3987,2020-09-30 11:06:00,44.94,45.01,44.94,44.98,0,0,25077
3988,2020-09-30 11:07:00,44.97,45.0,44.97,44.97,0,0,10135
3989,2020-09-30 11:08:00,44.97,44.99,44.94,44.94,0,0,18240
3990,2020-09-30 11:09:00,44.95,44.95,44.9,44.92,0,0,28290
3991,2020-09-30 11:10:00,44.93,44.94,44.91,44.93,0,0,12735
3992,2020-09-30 11:11:00,44.93,44.95,44.9,44.92,0,0,16955
3993,2020-09-30 11:12:00,44.92,44.95,44.91,44.95,0,0,8343
3994,2020-09-30 11:13:00,44.96,44.99,44.96,44.98,0,0,18234
3995,2020-09-30 11:14:00,44.98,44.99,44.97,44.99,0,0,9155
3996,2020-09-30 11:15:00,44.98,44.99,44.97,44.99,0,0,12320
3997,2020-09-30 11:16:00,44.97,44.97,44.93,44.93,0,0,9233
3998,2020-09-30 11:17:00,44.92,44.92,44.85,44.85,0,0,26989
3999,2020-09-30 11:18:00,44.86,44.88,44.85,44.85,0,0,20254
4000,2020-09-30 11:19:00,44.84,44.85,44.83,44.83,0,0,30272
4001,2020-09-30 11:20:00,44.83,44.84,44.8,44.84,0,0,31187
4002,2020-09-30 11:21:00,44.83,44.85,44.82,44.83,0,0,29366
4003,2020-09-30 11:22:00,44.82,44.83,44.8,44.83,0,0,20060
4004,2020-09-30 11:23:00,44.82,44.83,44.8,44.81,0,0,10047
4005,2020-09-30 11:24:00,44.81,44.81,44.79,44.81,0,0,15674
4006,2020-09-30 11:25:00,44.81,44.85,44.8,44.83,0,0,38356
4007,2020-09-30 11:26:00,44.82,44.88,44.8,44.85,0,0,67819
4008,2020-09-30 11:27:00,44.83,44.85,44.81,44.85,0,0,16133
4009,2020-09-30 11:28:00,44.85,44.86,44.81,44.81,0,0,14238
4010,2020-09-30 11:29:00,44.81,44.87,44.81,44.87,0,0,10676
4011,2020-09-30 11:30:00,44.83,44.83,44.83,44.83,0,0,13011
4012,2020-09-30 11:31:00,44.84,44.85,44.83,44.84,0,0,13762
4013,2020-09-30 11:32:00,44.85,44.85,44.81,44.83,0,0,13426
4014,2020-09-30 11:33:00,44.83,44.83,44.79,44.81,0,0,15565
4015,2020-09-30 11:34:00,44.81,44.81,44.78,44.78,0,0,22410
4016,2020-09-30 11:35:00,44.78,44.84,44.76,44.83,0,0,17587
4017,2020-09-30 11:36:00,44.83,44.85,44.8,44.81,0,0,22759
4018,2020-09-30 11:37:00,44.82,44.85,44.82,44.85,0,0,8265
4019,2020-09-30 11:38:00,44.84,44.85,44.83,44.85,0,0,10054
4020,2020-09-30 11:39:00,44.85,44.87,44.81,44.83,0,0,22286
4021,2020-09-30 11:40:00,44.82,44.82,44.79,44.8,0,0,13797
4022,2020-09-30 11:41:00,44.79,44.82,44.78,44.81,0,0,25063
4023,2020-09-30 11:42:00,44.81,44.82,44.79,44.81,0,0,12112
4024,2020-09-30 11:43:00,44.82,44.83,44.81,44.83,0,0,27430
4025,2020-09-30 11:44:00,44.82,44.88,44.82,44.88,0,0,17454
4026,2020-09-30 11:45:00,44.89,44.89,44.83,44.84,0,0,44926
4027,2020-09-30 11:46:00,44.85,44.85,44.83,44.85,0,0,18898
4028,2020-09-30 11:47:00,44.84,44.85,44.83,44.85,0,0,10630
4029,2020-09-30 11:48:00,44.85,44.86,44.83,44.85,0,0,16648
4030,2020-09-30 11:49:00,44.86,44.87,44.85,44.85,0,0,29160
4031,2020-09-30 11:50:00,44.85,44.88,44.83,44.84,0,0,22816
4032,2020-09-30 11:51:00,44.84,44.85,44.82,44.82,0,0,10181
4033,2020-09-30 11:52:00,44.83,44.83,44.81,44.82,0,0,4600
4034,2020-09-30 11:53:00,44.83,44.87,44.83,44.85,0,0,14779
4035,2020-09-30 11:54:00,44.85,44.87,44.85,44.86,0,0,8638
4036,2020-09-30 11:55:00,44.86,44.87,44.84,44.86,0,0,16300
4037,2020-09-30 11:56:00,44.86,44.87,44.83,44.85,0,0,8345
4038,2020-09-30 11:57:00,44.84,44.85,44.83,44.84,0,0,11818
4039,2020-09-30 11:58:00,44.83,44.83,44.83,44.83,0,0,3176
4040,2020-09-30 11:59:00,44.84,44.84,44.82,44.82,0,0,16138
4041,2020-09-30 12:00:00,44.83,44.84,44.81,44.81,0,0,19985
4042,2020-09-30 12:01:00,44.81,44.83,44.79,44.8,0,0,16316
4043,2020-09-30 12:02:00,44.8,44.82,44.8,44.81,0,0,20900
4044,2020-09-30 12:03:00,44.82,44.82,44.78,44.78,0,0,16646
4045,2020-09-30 12:04:00,44.78,44.81,44.77,44.8,0,0,13338
4046,2020-09-30 12:05:00,44.79,44.81,44.79,44.79,0,0,23022
4047,2020-09-30 12:06:00,44.79,44.81,44.79,44.79,0,0,9410
4048,2020-09-30 12:07:00,44.82,44.83,44.78,44.82,0,0,34861
4049,2020-09-30 12:08:00,44.81,44.81,44.8,44.81,0,0,3494
4050,2020-09-30 12:09:00,44.81,44.81,44.8,44.81,0,0,8324
4051,2020-09-30 12:10:00,44.8,44.82,44.79,44.8,0,0,20793
4052,2020-09-30 12:11:00,44.81,44.82,44.8,44.82,0,0,5063
4053,2020-09-30 12:12:00,44.82,44.83,44.81,44.83,0,0,14732
4054,2020-09-30 12:13:00,44.83,44.83,44.79,44.79,0,0,4955
4055,2020-09-30 12:14:00,44.79,44.81,44.78,44.8,0,0,6322
4056,2020-09-30 12:15:00,44.79,44.8,44.79,44.79,0,0,3357
4057,2020-09-30 12:16:00,44.79,44.83,44.79,44.82,0,0,9412
4058,2020-09-30 12:17:00,44.81,44.82,44.79,44.79,0,0,11942
4059,2020-09-30 12:18:00,44.78,44.81,44.78,44.81,0,0,7305
4060,2020-09-30 12:19:00,44.81,44.81,44.78,44.8,0,0,16398
4061,2020-09-30 12:20:00,44.8,44.81,44.79,44.79,0,0,10138
4062,2020-09-30 12:21:00,44.79,44.8,44.77,44.79,0,0,11243
4063,2020-09-30 12:22:00,44.79,44.81,44.79,44.8,0,0,3873
4064,2020-09-30 12:23:00,44.8,44.81,44.8,44.81,0,0,14806
4065,2020-09-30 12:24:00,44.81,44.81,44.8,44.81,0,0,7102
4066,2020-09-30 12:25:00,44.8,44.81,44.78,44.78,0,0,9440
4067,2020-09-30 12:26:00,44.78,44.78,44.73,44.76,0,0,24516
4068,2020-09-30 12:27:00,44.77,44.8,44.76,44.79,0,0,10547
4069,2020-09-30 12:28:00,44.79,44.82,44.79,44.81,0,0,9856
4070,2020-09-30 12:29:00,44.81,44.82,44.8,44.81,0,0,15166
4071,2020-09-30 12:30:00,44.81,44.81,44.77,44.8,0,0,12768
4072,2020-09-30 12:31:00,44.79,44.8,44.78,44.8,0,0,11207
4073,2020-09-30 12:32:00,44.79,44.79,44.76,44.77,0,0,12255
4074,2020-09-30 12:33:00,44.75,44.76,44.73,44.75,0,0,15755
4075,2020-09-30 12:34:00,44.75,44.76,44.74,44.75,0,0,23876
4076,2020-09-30 12:35:00,44.75,44.75,44.67,44.68,0,0,45003
4077,2020-09-30 12:36:00,44.67,44.67,44.63,44.63,0,0,10901
4078,2020-09-30 12:37:00,44.64,44.65,44.62,44.65,0,0,11810
4079,2020-09-30 12:38:00,44.66,44.66,44.61,44.61,0,0,14798
4080,2020-09-30 12:39:00,44.6,44.62,44.58,44.6,0,0,31849
4081,2020-09-30 12:40:00,44.61,44.62,44.58,44.58,0,0,22140
4082,2020-09-30 12:41:00,44.59,44.59,44.53,44.54,0,0,67917
4083,2020-09-30 12:42:00,44.55,44.56,44.53,44.56,0,0,26050
4084,2020-09-30 12:43:00,44.57,44.58,44.56,44.58,0,0,22717
4085,2020-09-30 12:44:00,44.58,44.58,44.53,44.55,0,0,19165
4086,2020-09-30 12:45:00,44.6,44.6,44.56,44.6,0,0,16483
4087,2020-09-30 12:46:00,44.59,44.59,44.56,44.56,0,0,14434
4088,2020-09-30 12:47:00,44.57,44.59,44.56,44.58,0,0,11963
4089,2020-09-30 12:48:00,44.58,44.61,44.58,44.61,0,0,9845
4090,2020-09-30 12:49:00,44.61,44.61,44.58,44.58,0,0,14263
4091,2020-09-30 12:50:00,44.58,44.6,44.58,44.6,0,0,12072
4092,2020-09-30 12:51:00,44.59,44.64,44.59,44.63,0,0,19867
4093,2020-09-30 12:52:00,44.63,44.68,44.63,44.65,0,0,11001
4094,2020-09-30 12:53:00,44.65,44.65,44.56,44.57,0,0,21588
4095,2020-09-30 12:54:00,44.57,44.58,44.57,44.58,0,0,10273
4096,2020-09-30 12:55:00,44.58,44.64,44.58,44.64,0,0,14685
4097,2020-09-30 12:56:00,44.63,44.63,44.61,44.62,0,0,10490
4098,2020-09-30 12:57:00,44.62,44.62,44.58,44.6,0,0,8419
4099,2020-09-30 12:58:00,44.61,44.64,44.61,44.63,0,0,9005
4100,2020-09-30 12:59:00,44.64,44.68,44.63,44.68,0,0,9005
4101,2020-09-30 13:00:00,44.69,44.7,44.64,44.65,0,0,17971
4102,2020-09-30 13:01:00,44.65,44.66,44.62,44.62,0,0,31798
4103,2020-09-30 13:02:00,44.62,44.62,44.58,44.59,0,0,16675
4104,2020-09-30 13:03:00,44.59,44.6,44.57,44.58,0,0,14826
4105,2020-09-30 13:04:00,44.57,44.58,44.56,44.58,0,0,14495
4106,2020-09-30 13:05:00,44.58,44.62,44.58,44.62,0,0,8351
4107,2020-09-30 13:06:00,44.62,44.62,44.6,44.62,0,0,8632
4108,2020-09-30 13:07:00,44.62,44.62,44.59,44.6,0,0,7571
4109,2020-09-30 13:08:00,44.6,44.6,44.58,44.59,0,0,13613
4110,2020-09-30 13:09:00,44.6,44.6,44.59,44.6,0,0,2697
4111,2020-09-30 13:10:00,44.6,44.63,44.6,44.63,0,0,9636
4112,2020-09-30 13:11:00,44.62,44.63,44.58,44.6,0,0,8634
4113,2020-09-30 13:12:00,44.61,44.63,44.59,44.61,0,0,25611
4114,2020-09-30 13:13:00,44.61,44.64,44.6,44.63,0,0,9181
4115,2020-09-30 13:14:00,44.64,44.64,44.59,44.6,0,0,12685
4116,2020-09-30 13:15:00,44.6,44.63,44.59,44.6,0,0,23736
4117,2020-09-30 13:16:00,44.6,44.64,44.6,44.63,0,0,10172
4118,2020-09-30 13:17:00,44.63,44.66,44.62,44.65,0,0,12299
4119,2020-09-30 13:18:00,44.64,44.65,44.64,44.65,0,0,5645
4120,2020-09-30 13:19:00,44.65,44.65,44.63,44.65,0,0,9995
4121,2020-09-30 13:20:00,44.65,44.66,44.65,44.66,0,0,5793
4122,2020-09-30 13:21:00,44.65,44.66,44.64,44.65,0,0,7938
4123,2020-09-30 13:22:00,44.65,44.65,44.63,44.64,0,0,2529
4124,2020-09-30 13:23:00,44.66,44.68,44.64,44.65,0,0,12784
4125,2020-09-30 13:24:00,44.65,44.67,44.64,44.66,0,0,6861
4126,2020-09-30 13:25:00,44.67,44.67,44.65,44.67,0,0,8559
4127,2020-09-30 13:26:00,44.67,44.68,44.66,44.68,0,0,8252
4128,2020-09-30 13:27:00,44.68,44.69,44.67,44.67,0,0,10832
4129,2020-09-30 13:28:00,44.67,44.69,44.67,44.69,0,0,1768
4130,2020-09-30 13:29:00,44.67,44.69,44.67,44.67,0,0,6766
4131,2020-09-30 13:30:00,44.67,44.69,44.66,44.68,0,0,28001
4132,2020-09-30 13:31:00,44.69,44.72,44.67,44.71,0,0,21906
4133,2020-09-30 13:32:00,44.71,44.72,44.69,44.69,0,0,20221
4134,2020-09-30 13:33:00,44.69,44.71,44.68,44.7,0,0,10849
4135,2020-09-30 13:34:00,44.69,44.71,44.69,44.71,0,0,10634
4136,2020-09-30 13:35:00,44.7,44.72,44.69,44.72,0,0,9751
4137,2020-09-30 13:36:00,44.72,44.73,44.71,44.73,0,0,22811
4138,2020-09-30 13:37:00,44.72,44.77,44.72,44.76,0,0,14456
4139,2020-09-30 13:38:00,44.76,44.78,44.75,44.76,0,0,21840
4140,2020-09-30 13:39:00,44.76,44.76,44.75,44.75,0,0,9928
4141,2020-09-30 13:40:00,44.76,44.78,44.76,44.76,0,0,12720
4142,2020-09-30 13:41:00,44.76,44.76,44.75,44.75,0,0,3604
4143,2020-09-30 13:42:00,44.76,44.77,44.76,44.77,0,0,3439
4144,2020-09-30 13:43:00,44.76,44.77,44.74,44.74,0,0,15516
4145,2020-09-30 13:44:00,44.74,44.74,44.69,44.69,0,0,25974
4146,2020-09-30 13:45:00,44.69,44.72,44.67,44.71,0,0,22542
4147,2020-09-30 13:46:00,44.71,44.72,44.67,44.67,0,0,35071
4148,2020-09-30 13:47:00,44.66,44.72,44.66,44.71,0,0,23209
4149,2020-09-30 13:48:00,44.72,44.76,44.72,44.74,0,0,13364
4150,2020-09-30 13:49:00,44.76,44.76,44.74,44.76,0,0,13785
4151,2020-09-30 13:50:00,44.76,44.81,44.76,44.81,0,0,18271
4152,2020-09-30 13:51:00,44.81,44.83,44.8,44.81,0,0,25020
4153,2020-09-30 13:52:00,44.81,44.81,44.78,44.78,0,0,5750
4154,2020-09-30 13:53:00,44.78,44.79,44.76,44.79,0,0,4574
4155,2020-09-30 13:54:00,44.79,44.81,44.79,44.81,0,0,13833
4156,2020-09-30 13:55:00,44.8,44.82,44.8,44.8,0,0,10692
4157,2020-09-30 13:56:00,44.8,44.8,44.76,44.77,0,0,9067
4158,2020-09-30 13:57:00,44.76,44.77,44.73,44.74,0,0,17127
4159,2020-09-30 13:58:00,44.74,44.75,44.72,44.75,0,0,14662
4160,2020-09-30 13:59:00,44.75,44.75,44.72,44.74,0,0,8687
4161,2020-09-30 14:00:00,44.75,44.76,44.74,44.76,0,0,8901
4162,2020-09-30 14:01:00,44.76,44.78,44.76,44.78,0,0,8022
4163,2020-09-30 14:02:00,44.78,44.81,44.78,44.81,0,0,13675
4164,2020-09-30 14:03:00,44.81,44.81,44.78,44.79,0,0,11932
4165,2020-09-30 14:04:00,44.79,44.81,44.76,44.76,0,0,18852
4166,2020-09-30 14:05:00,44.76,44.8,44.73,44.79,0,0,7876
4167,2020-09-30 14:06:00,44.79,44.79,44.78,44.79,0,0,11123
4168,2020-09-30 14:07:00,44.79,44.82,44.77,44.78,0,0,24900
4169,2020-09-30 14:08:00,44.78,44.79,44.76,44.76,0,0,8457
4170,2020-09-30 14:09:00,44.76,44.81,44.76,44.8,0,0,16250
4171,2020-09-30 14:10:00,44.79,44.81,44.79,44.81,0,0,14509
4172,2020-09-30 14:11:00,44.8,44.82,44.78,44.81,0,0,18140
4173,2020-09-30 14:12:00,44.81,44.82,44.79,44.81,0,0,18789
4174,2020-09-30 14:13:00,44.81,44.82,44.8,44.82,0,0,11417
4175,2020-09-30 14:14:00,44.82,44.82,44.78,44.78,0,0,7416
4176,2020-09-30 14:15:00,44.78,44.79,44.77,44.77,0,0,10317
4177,2020-09-30 14:16:00,44.76,44.79,44.76,44.77,0,0,8344
4178,2020-09-30 14:17:00,44.78,44.81,44.78,44.8,0,0,11850
4179,2020-09-30 14:18:00,44.8,44.81,44.79,44.79,0,0,6924
4180,2020-09-30 14:19:00,44.8,44.8,44.78,44.8,0,0,7913
4181,2020-09-30 14:20:00,44.81,44.83,44.8,44.81,0,0,42025
4182,2020-09-30 14:21:00,44.81,44.83,44.8,44.8,0,0,11883
4183,2020-09-30 14:22:00,44.79,44.81,44.78,44.8,0,0,34526
4184,2020-09-30 14:23:00,44.8,44.8,44.61,44.64,0,0,131426
4185,2020-09-30 14:24:00,44.63,44.66,44.51,44.51,0,0,83572
4186,2020-09-30 14:25:00,44.52,44.53,44.45,44.46,0,0,74946
4187,2020-09-30 14:26:00,44.35,44.47,44.32,44.35,0,0,158331
4188,2020-09-30 14:27:00,44.34,44.4,44.33,44.39,0,0,36546
4189,2020-09-30 14:28:00,44.39,44.48,44.37,44.44,0,0,62074
4190,2020-09-30 14:29:00,44.44,44.5,44.44,44.47,0,0,40492
4191,2020-09-30 14:30:00,44.46,44.46,44.4,44.44,0,0,31413
4192,2020-09-30 14:31:00,44.44,44.44,44.4,44.44,0,0,34080
4193,2020-09-30 14:32:00,44.44,44.44,44.39,44.4,0,0,39172
4194,2020-09-30 14:33:00,44.4,44.42,44.37,44.39,0,0,26254
4195,2020-09-30 14:34:00,44.42,44.43,44.39,44.42,0,0,13981
4196,2020-09-30 14:35:00,44.43,44.44,44.4,44.42,0,0,22098
4197,2020-09-30 14:36:00,44.4,44.46,44.39,44.46,0,0,16905
4198,2020-09-30 14:37:00,44.47,44.47,44.44,44.44,0,0,17408
4199,2020-09-30 14:38:00,44.44,44.48,44.44,44.47,0,0,26105
4200,2020-09-30 14:39:00,44.48,44.51,44.42,44.43,0,0,36164
4201,2020-09-30 14:40:00,44.38,44.43,44.38,44.38,0,0,27872
4202,2020-09-30 14:41:00,44.39,44.44,44.39,44.43,0,0,20264
4203,2020-09-30 14:42:00,44.43,44.45,44.42,44.42,0,0,22363
4204,2020-09-30 14:43:00,44.43,44.43,44.34,44.34,0,0,34065
4205,2020-09-30 14:44:00,44.35,44.39,44.32,44.39,0,0,31073
4206,2020-09-30 14:45:00,44.38,44.4,44.37,44.38,0,0,14675
4207,2020-09-30 14:46:00,44.39,44.39,44.37,44.37,0,0,17435
4208,2020-09-30 14:47:00,44.36,44.36,44.25,44.27,0,0,38511
4209,2020-09-30 14:48:00,44.28,44.3,44.28,44.28,0,0,13146
4210,2020-09-30 14:49:00,44.23,44.28,44.22,44.23,0,0,19056
4211,2020-09-30 14:50:00,44.23,44.27,44.2,44.26,0,0,37497
4212,2020-09-30 14:51:00,44.26,44.32,44.26,44.31,0,0,26439
4213,2020-09-30 14:52:00,44.31,44.33,44.29,44.31,0,0,16221
4214,2020-09-30 14:53:00,44.3,44.31,44.28,44.29,0,0,18904
4215,2020-09-30 14:54:00,44.29,44.3,44.26,44.3,0,0,14544
4216,2020-09-30 14:55:00,44.3,44.35,44.28,44.34,0,0,21116
4217,2020-09-30 14:56:00,44.33,44.42,44.33,44.4,0,0,35567
4218,2020-09-30 14:57:00,44.4,44.42,44.37,44.41,0,0,22617
4219,2020-09-30 14:58:00,44.43,44.47,44.41,44.43,0,0,56030
4220,2020-09-30 14:59:00,44.44,44.45,44.42,44.45,0,0,12702
4221,2020-09-30 15:00:00,44.44,44.5,44.43,44.5,0,0,30890
4222,2020-09-30 15:01:00,44.51,44.52,44.49,44.51,0,0,21536
4223,2020-09-30 15:02:00,44.51,44.53,44.48,44.51,0,0,33606
4224,2020-09-30 15:03:00,44.51,44.53,44.47,44.47,0,0,17187
4225,2020-09-30 15:04:00,44.47,44.47,44.39,44.39,0,0,26995
4226,2020-09-30 15:05:00,44.4,44.42,44.37,44.38,0,0,23058
4227,2020-09-30 15:06:00,44.41,44.41,44.36,44.41,0,0,23834
4228,2020-09-30 15:07:00,44.42,44.48,44.42,44.48,0,0,17573
4229,2020-09-30 15:08:00,44.47,44.49,44.45,44.46,0,0,32128
4230,2020-09-30 15:09:00,44.47,44.49,44.46,44.47,0,0,15556
4231,2020-09-30 15:10:00,44.47,44.48,44.44,44.45,0,0,15428
4232,2020-09-30 15:11:00,44.45,44.47,44.25,44.29,0,0,87755
4233,2020-09-30 15:12:00,44.3,44.34,44.29,44.29,0,0,33645
4234,2020-09-30 15:13:00,44.31,44.33,44.26,44.31,0,0,35897
4235,2020-09-30 15:14:00,44.32,44.33,44.24,44.28,0,0,40421
4236,2020-09-30 15:15:00,44.28,44.28,44.2,44.22,0,0,46620
4237,2020-09-30 15:16:00,44.22,44.22,44.18,44.2,0,0,37194
4238,2020-09-30 15:17:00,44.19,44.19,44.1,44.1,0,0,45974
4239,2020-09-30 15:18:00,44.11,44.12,44.04,44.06,0,0,48845
4240,2020-09-30 15:19:00,44.06,44.07,44.02,44.03,0,0,36691
4241,2020-09-30 15:20:00,44.01,44.05,43.95,44.01,0,0,163232
4242,2020-09-30 15:21:00,44.01,44.1,43.99,44.06,0,0,58450
4243,2020-09-30 15:22:00,44.06,44.12,44.06,44.1,0,0,55315
4244,2020-09-30 15:23:00,44.1,44.13,44.08,44.1,0,0,60300
4245,2020-09-30 15:24:00,44.1,44.17,44.1,44.17,0,0,45709
4246,2020-09-30 15:25:00,44.16,44.19,44.13,44.19,0,0,33534
4247,2020-09-30 15:26:00,44.19,44.24,44.19,44.24,0,0,46156
4248,2020-09-30 15:27:00,44.24,44.27,44.23,44.26,0,0,52000
4249,2020-09-30 15:28:00,44.26,44.31,44.24,44.3,0,0,49248
4250,2020-09-30 15:29:00,44.3,44.3,44.28,44.29,0,0,15842
4251,2020-09-30 15:30:00,44.29,44.29,44.2,44.27,0,0,57004
4252,2020-09-30 15:31:00,44.26,44.3,44.24,44.28,0,0,50821
4253,2020-09-30 15:32:00,44.28,44.33,44.26,44.29,0,0,53885
4254,2020-09-30 15:33:00,44.28,44.29,44.24,44.28,0,0,44534
4255,2020-09-30 15:34:00,44.28,44.31,44.25,44.31,0,0,30910
4256,2020-09-30 15:35:00,44.31,44.33,44.28,44.28,0,0,40014
4257,2020-09-30 15:36:00,44.28,44.33,44.28,44.32,0,0,38137
4258,2020-09-30 15:37:00,44.32,44.39,44.32,44.38,0,0,36088
4259,2020-09-30 15:38:00,44.38,44.39,44.37,44.38,0,0,15419
4260,2020-09-30 15:39:00,44.38,44.4,44.36,44.37,0,0,31334
4261,2020-09-30 15:40:00,44.37,44.37,44.32,44.34,0,0,41169
4262,2020-09-30 15:41:00,44.35,44.41,44.35,44.41,0,0,39157
4263,2020-09-30 15:42:00,44.41,44.49,44.41,44.48,0,0,64358
4264,2020-09-30 15:43:00,44.49,44.49,44.42,44.47,0,0,71515
4265,2020-09-30 15:44:00,44.47,44.47,44.44,44.46,0,0,33555
4266,2020-09-30 15:45:00,44.45,44.47,44.42,44.45,0,0,40668
4267,2020-09-30 15:46:00,44.44,44.47,44.44,44.46,0,0,32751
4268,2020-09-30 15:47:00,44.46,44.58,44.46,44.58,0,0,106221
4269,2020-09-30 15:48:00,44.57,44.61,44.56,44.58,0,0,108836
4270,2020-09-30 15:49:00,44.59,44.63,44.58,44.63,0,0,101111
4271,2020-09-30 15:50:00,44.63,44.66,44.57,44.58,0,0,78311
4272,2020-09-30 15:51:00,44.59,44.64,44.58,44.64,0,0,42529
4273,2020-09-30 15:52:00,44.63,44.64,44.59,44.63,0,0,43463
4274,2020-09-30 15:53:00,44.62,44.65,44.62,44.64,0,0,43952
4275,2020-09-30 15:54:00,44.65,44.67,44.6,44.6,0,0,85760
4276,2020-09-30 15:55:00,44.6,44.69,44.6,44.69,0,0,147795
4277,2020-09-30 15:56:00,44.7,44.77,44.7,44.75,0,0,150422
4278,2020-09-30 15:57:00,44.74,44.74,44.65,44.65,0,0,113011
4279,2020-09-30 15:58:00,44.65,44.67,44.64,44.66,0,0,95723
4280,2020-09-30 15:59:00,44.66,44.67,44.49,44.5,0,0,314781
4281,2020-10-01 09:30:00,45.07,45.11,45.01,45.04,0,0,61201
4282,2020-10-01 09:31:00,45.06,45.12,45.0,45.01,0,0,16186
4283,2020-10-01 09:32:00,45.02,45.46,44.98,45.32,0,0,338236
4284,2020-10-01 09:33:00,45.32,45.57,45.23,45.27,0,0,227066
4285,2020-10-01 09:34:00,45.28,45.62,45.27,45.57,0,0,140513
4286,2020-10-01 09:35:00,45.57,45.83,45.5,45.69,0,0,164220
4287,2020-10-01 09:36:00,45.67,45.84,45.64,45.81,0,0,147485
4288,2020-10-01 09:37:00,45.81,45.81,45.49,45.58,0,0,88975
4289,2020-10-01 09:38:00,45.59,45.64,45.53,45.53,0,0,70237
4290,2020-10-01 09:39:00,45.52,45.52,45.45,45.51,0,0,68931
4291,2020-10-01 09:40:00,45.51,45.61,45.46,45.56,0,0,66917
4292,2020-10-01 09:41:00,45.57,45.69,45.56,45.58,0,0,62663
4293,2020-10-01 09:42:00,45.59,45.65,45.54,45.58,0,0,28950
4294,2020-10-01 09:43:00,45.56,45.6,45.49,45.55,0,0,66448
4295,2020-10-01 09:44:00,45.56,45.56,45.43,45.44,0,0,31439
4296,2020-10-01 09:45:00,45.44,45.46,45.23,45.27,0,0,115167
4297,2020-10-01 09:46:00,45.26,45.29,45.23,45.26,0,0,55594
4298,2020-10-01 09:47:00,45.28,45.29,45.22,45.24,0,0,23760
4299,2020-10-01 09:48:00,45.22,45.28,45.19,45.28,0,0,40645
4300,2020-10-01 09:49:00,45.27,45.34,45.22,45.34,0,0,34035
4301,2020-10-01 09:50:00,45.34,45.4,45.32,45.33,0,0,70798
4302,2020-10-01 09:51:00,45.31,45.31,45.27,45.3,0,0,33895
4303,2020-10-01 09:52:00,45.29,45.29,45.25,45.28,0,0,18569
4304,2020-10-01 09:53:00,45.27,45.27,45.17,45.17,0,0,40005
4305,2020-10-01 09:54:00,45.17,45.22,45.17,45.21,0,0,36298
4306,2020-10-01 09:55:00,45.21,45.38,45.21,45.36,0,0,67943
4307,2020-10-01 09:56:00,45.36,45.43,45.32,45.36,0,0,47223
4308,2020-10-01 09:57:00,45.35,45.37,45.27,45.3,0,0,64757
4309,2020-10-01 09:58:00,45.31,45.31,45.2,45.2,0,0,36780
4310,2020-10-01 09:59:00,45.2,45.28,45.2,45.25,0,0,53915
4311,2020-10-01 10:00:00,45.25,45.36,45.21,45.21,0,0,94692
4312,2020-10-01 10:01:00,45.21,45.26,45.15,45.19,0,0,100178
4313,2020-10-01 10:02:00,45.19,45.36,45.18,45.36,0,0,66876
4314,2020-10-01 10:03:00,45.36,45.43,45.36,45.43,0,0,51616
4315,2020-10-01 10:04:00,45.43,45.46,45.37,45.44,0,0,49827
4316,2020-10-01 10:05:00,45.44,45.46,45.29,45.32,0,0,63005
4317,2020-10-01 10:06:00,45.31,45.4,45.31,45.36,0,0,39441
4318,2020-10-01 10:07:00,45.36,45.44,45.34,45.34,0,0,48186
4319,2020-10-01 10:08:00,45.35,45.4,45.31,45.4,0,0,53796
4320,2020-10-01 10:09:00,45.39,45.42,45.34,45.42,0,0,55437
4321,2020-10-01 10:10:00,45.42,45.44,45.37,45.41,0,0,37189
4322,2020-10-01 10:11:00,45.42,45.42,45.22,45.23,0,0,36392
4323,2020-10-01 10:12:00,45.23,45.27,45.2,45.24,0,0,36557
4324,2020-10-01 10:13:00,45.26,45.36,45.24,45.35,0,0,57690
4325,2020-10-01 10:14:00,45.35,45.43,45.31,45.4,0,0,60283
4326,2020-10-01 10:15:00,45.4,45.46,45.4,45.4,0,0,72637
4327,2020-10-01 10:16:00,45.4,45.41,45.3,45.31,0,0,39919
4328,2020-10-01 10:17:00,45.32,45.39,45.29,45.39,0,0,34089
4329,2020-10-01 10:18:00,45.39,45.51,45.37,45.51,0,0,48342
4330,2020-10-01 10:19:00,45.5,45.51,45.47,45.47,0,0,36650
4331,2020-10-01 10:20:00,45.47,45.58,45.46,45.57,0,0,57951
4332,2020-10-01 10:21:00,45.58,45.63,45.56,45.62,0,0,47175
4333,2020-10-01 10:22:00,45.61,45.66,45.58,45.64,0,0,49301
4334,2020-10-01 10:23:00,45.64,45.72,45.63,45.63,0,0,94416
4335,2020-10-01 10:24:00,45.64,45.67,45.59,45.62,0,0,38790
4336,2020-10-01 10:25:00,45.61,45.61,45.46,45.5,0,0,83719
4337,2020-10-01 10:26:00,45.49,45.51,45.39,45.39,0,0,31257
4338,2020-10-01 10:27:00,45.39,45.42,45.36,45.41,0,0,36719
4339,2020-10-01 10:28:00,45.4,45.45,45.4,45.44,0,0,28642
4340,2020-10-01 10:29:00,45.44,45.55,45.44,45.53,0,0,37224
4341,2020-10-01 10:30:00,45.55,45.57,45.5,45.57,0,0,51603
4342,2020-10-01 10:31:00,45.57,45.68,45.56,45.66,0,0,65967
4343,2020-10-01 10:32:00,45.65,45.66,45.57,45.6,0,0,23828
4344,2020-10-01 10:33:00,45.59,45.62,45.56,45.59,0,0,49957
4345,2020-10-01 10:34:00,45.59,45.65,45.59,45.64,0,0,20833
4346,2020-10-01 10:35:00,45.64,45.72,45.62,45.71,0,0,53028
4347,2020-10-01 10:36:00,45.71,45.77,45.69,45.77,0,0,79524
4348,2020-10-01 10:37:00,45.76,45.79,45.75,45.77,0,0,40410
4349,2020-10-01 10:38:00,45.78,45.79,45.7,45.7,0,0,25182
4350,2020-10-01 10:39:00,45.71,45.77,45.71,45.76,0,0,20136
4351,2020-10-01 10:40:00,45.76,45.78,45.72,45.72,0,0,19393
4352,2020-10-01 10:41:00,45.72,45.73,45.66,45.71,0,0,23284
4353,2020-10-01 10:42:00,45.71,45.71,45.69,45.7,0,0,12515
4354,2020-10-01 10:43:00,45.71,45.74,45.7,45.74,0,0,17288
4355,2020-10-01 10:44:00,45.73,45.76,45.7,45.75,0,0,32003
4356,2020-10-01 10:45:00,45.75,45.76,45.74,45.74,0,0,9300
4357,2020-10-01 10:46:00,45.74,45.75,45.73,45.74,0,0,9769
4358,2020-10-01 10:47:00,45.73,45.74,45.63,45.65,0,0,44415
4359,2020-10-01 10:48:00,45.65,45.68,45.57,45.68,0,0,46660
4360,2020-10-01 10:49:00,45.68,45.68,45.65,45.66,0,0,21950
4361,2020-10-01 10:50:00,45.67,45.67,45.49,45.52,0,0,35052
4362,2020-10-01 10:51:00,45.51,45.6,45.5,45.6,0,0,49670
4363,2020-10-01 10:52:00,45.6,45.63,45.58,45.63,0,0,22811
4364,2020-10-01 10:53:00,45.63,45.65,45.6,45.63,0,0,12536
4365,2020-10-01 10:54:00,45.63,45.65,45.62,45.62,0,0,20559
4366,2020-10-01 10:55:00,45.56,45.63,45.56,45.56,0,0,10819
4367,2020-10-01 10:56:00,45.55,45.55,45.45,45.5,0,0,46675
4368,2020-10-01 10:57:00,45.49,45.49,45.45,45.47,0,0,11472
4369,2020-10-01 10:58:00,45.47,45.5,45.47,45.5,0,0,22769
4370,2020-10-01 10:59:00,45.51,45.56,45.46,45.56,0,0,28165
4371,2020-10-01 11:00:00,45.57,45.6,45.49,45.53,0,0,38403
4372,2020-10-01 11:01:00,45.54,45.61,45.53,45.61,0,0,14845
4373,2020-10-01 11:02:00,45.59,45.65,45.57,45.65,0,0,34098
4374,2020-10-01 11:03:00,45.66,45.72,45.66,45.69,0,0,46225
4375,2020-10-01 11:04:00,45.67,45.71,45.63,45.71,0,0,16038
4376,2020-10-01 11:05:00,45.7,45.7,45.67,45.67,0,0,9044
4377,2020-10-01 11:06:00,45.67,45.72,45.64,45.68,0,0,22903
4378,2020-10-01 11:07:00,45.69,45.7,45.65,45.65,0,0,21268
4379,2020-10-01 11:08:00,45.65,45.65,45.58,45.6,0,0,22009
4380,2020-10-01 11:09:00,45.6,45.6,45.55,45.55,0,0,27705
4381,2020-10-01 11:10:00,45.55,45.58,45.5,45.5,0,0,42606
4382,2020-10-01 11:11:00,45.5,45.53,45.49,45.53,0,0,16228
4383,2020-10-01 11:12:00,45.53,45.59,45.53,45.58,0,0,21821
4384,2020-10-01 11:13:00,45.58,45.6,45.54,45.6,0,0,20770
4385,2020-10-01 11:14:00,45.6,45.6,45.57,45.58,0,0,12394
4386,2020-10-01 11:15:00,45.58,45.64,45.57,45.63,0,0,19629
4387,2020-10-01 11:16:00,45.66,45.72,45.66,45.72,0,0,37535
4388,2020-10-01 11:17:00,45.72,45.72,45.66,45.66,0,0,11566
4389,2020-10-01 11:18:00,45.66,45.67,45.63,45.64,0,0,22215
4390,2020-10-01 11:19:00,45.64,45.67,45.63,45.67,0,0,15981
4391,2020-10-01 11:20:00,45.66,45.7,45.65,45.68,0,0,22048
4392,2020-10-01 11:21:00,45.68,45.71,45.64,45.65,0,0,31234
4393,2020-10-01 11:22:00,45.65,45.68,45.64,45.68,0,0,18057
4394,2020-10-01 11:23:00,45.68,45.69,45.59,45.65,0,0,25443
4395,2020-10-01 11:24:00,45.65,45.7,45.63,45.69,0,0,32371
4396,2020-10-01 11:25:00,45.69,45.7,45.64,45.65,0,0,9286
4397,2020-10-01 11:26:00,45.65,45.66,45.64,45.64,0,0,12383
4398,2020-10-01 11:27:00,45.64,45.67,45.64,45.65,0,0,10794
4399,2020-10-01 11:28:00,45.66,45.69,45.63,45.63,0,0,20454
4400,2020-10-01 11:29:00,45.64,45.64,45.61,45.63,0,0,17114
4401,2020-10-01 11:30:00,45.63,45.63,45.6,45.63,0,0,24389
4402,2020-10-01 11:31:00,45.63,45.65,45.6,45.6,0,0,26132
4403,2020-10-01 11:32:00,45.6,45.62,45.6,45.6,0,0,16291
4404,2020-10-01 11:33:00,45.6,45.68,45.6,45.68,0,0,19599
4405,2020-10-01 11:34:00,45.68,45.73,45.68,45.72,0,0,23111
4406,2020-10-01 11:35:00,45.72,45.73,45.71,45.72,0,0,21955
4407,2020-10-01 11:36:00,45.71,45.8,45.7,45.79,0,0,60645
4408,2020-10-01 11:37:00,45.78,45.79,45.75,45.75,0,0,29188
4409,2020-10-01 11:38:00,45.75,45.83,45.75,45.8,0,0,62001
4410,2020-10-01 11:39:00,45.8,45.86,45.78,45.81,0,0,69491
4411,2020-10-01 11:40:00,45.82,45.83,45.8,45.8,0,0,35618
4412,2020-10-01 11:41:00,45.81,45.81,45.77,45.78,0,0,34800
4413,2020-10-01 11:42:00,45.78,45.86,45.78,45.86,0,0,30955
4414,2020-10-01 11:43:00,45.86,45.92,45.85,45.86,0,0,73390
4415,2020-10-01 11:44:00,45.86,45.89,45.85,45.87,0,0,19958
4416,2020-10-01 11:45:00,45.87,45.88,45.84,45.84,0,0,21626
4417,2020-10-01 11:46:00,45.84,45.85,45.78,45.79,0,0,47616
4418,2020-10-01 11:47:00,45.79,45.83,45.77,45.82,0,0,16611
4419,2020-10-01 11:48:00,45.82,45.83,45.74,45.74,0,0,36218
4420,2020-10-01 11:49:00,45.68,45.74,45.68,45.68,0,0,32047
4421,2020-10-01 11:50:00,45.68,45.69,45.58,45.59,0,0,20761
4422,2020-10-01 11:51:00,45.59,45.59,45.53,45.58,0,0,47731
4423,2020-10-01 11:52:00,45.57,45.64,45.57,45.63,0,0,23384
4424,2020-10-01 11:53:00,45.62,45.65,45.61,45.64,0,0,15326
4425,2020-10-01 11:54:00,45.64,45.68,45.61,45.65,0,0,31594
4426,2020-10-01 11:55:00,45.62,45.66,45.62,45.62,0,0,17884
4427,2020-10-01 11:56:00,45.62,45.65,45.62,45.62,0,0,17566
4428,2020-10-01 11:57:00,45.62,45.65,45.62,45.62,0,0,20563
4429,2020-10-01 11:58:00,45.61,45.65,45.61,45.63,0,0,14129
4430,2020-10-01 11:59:00,45.63,45.67,45.61,45.66,0,0,14707
4431,2020-10-01 12:00:00,45.66,45.66,45.62,45.62,0,0,14189
4432,2020-10-01 12:01:00,45.63,45.63,45.58,45.58,0,0,24477
4433,2020-10-01 12:02:00,45.58,45.6,45.53,45.53,0,0,20376
4434,2020-10-01 12:03:00,45.54,45.56,45.49,45.51,0,0,45183
4435,2020-10-01 12:04:00,45.51,45.6,45.51,45.59,0,0,33169
4436,2020-10-01 12:05:00,45.58,45.58,45.55,45.56,0,0,31968
4437,2020-10-01 12:06:00,45.56,45.57,45.54,45.56,0,0,11181
4438,2020-10-01 12:07:00,45.57,45.6,45.56,45.59,0,0,10855
4439,2020-10-01 12:08:00,45.6,45.62,45.6,45.61,0,0,15800
4440,2020-10-01 12:09:00,45.6,45.63,45.6,45.6,0,0,25996
4441,2020-10-01 12:10:00,45.61,45.62,45.59,45.62,0,0,21402
4442,2020-10-01 12:11:00,45.62,45.66,45.62,45.64,0,0,11129
4443,2020-10-01 12:12:00,45.64,45.69,45.63,45.68,0,0,22088
4444,2020-10-01 12:13:00,45.69,45.7,45.67,45.69,0,0,12416
4445,2020-10-01 12:14:00,45.69,45.69,45.63,45.67,0,0,27488
4446,2020-10-01 12:15:00,45.67,45.72,45.64,45.64,0,0,45241
4447,2020-10-01 12:16:00,45.64,45.64,45.55,45.57,0,0,44736
4448,2020-10-01 12:17:00,45.57,45.58,45.55,45.58,0,0,24314
4449,2020-10-01 12:18:00,45.58,45.59,45.55,45.58,0,0,24296
4450,2020-10-01 12:19:00,45.58,45.61,45.57,45.6,0,0,23501
4451,2020-10-01 12:20:00,45.6,45.63,45.6,45.63,0,0,20997
4452,2020-10-01 12:21:00,45.63,45.64,45.62,45.62,0,0,23498
4453,2020-10-01 12:22:00,45.64,45.65,45.62,45.62,0,0,10022
4454,2020-10-01 12:23:00,45.63,45.71,45.63,45.69,0,0,46533
4455,2020-10-01 12:24:00,45.68,45.69,45.66,45.66,0,0,11834
4456,2020-10-01 12:25:00,45.67,45.67,45.65,45.67,0,0,5644
4457,2020-10-01 12:26:00,45.66,45.67,45.64,45.64,0,0,20434
4458,2020-10-01 12:27:00,45.65,45.68,45.65,45.68,0,0,9575
4459,2020-10-01 12:28:00,45.68,45.69,45.66,45.67,0,0,18757
4460,2020-10-01 12:29:00,45.67,45.68,45.67,45.67,0,0,13719
4461,2020-10-01 12:30:00,45.68,45.69,45.67,45.68,0,0,12561
4462,2020-10-01 12:31:00,45.67,45.72,45.67,45.72,0,0,18987
4463,2020-10-01 12:32:00,45.72,45.75,45.72,45.74,0,0,13189
4464,2020-10-01 12:33:00,45.7,45.74,45.7,45.7,0,0,26915
4465,2020-10-01 12:34:00,45.71,45.72,45.69,45.69,0,0,11634
4466,2020-10-01 12:35:00,45.67,45.7,45.66,45.67,0,0,18386
4467,2020-10-01 12:36:00,45.67,45.67,45.59,45.61,0,0,28380
4468,2020-10-01 12:37:00,45.59,45.62,45.59,45.59,0,0,22186
4469,2020-10-01 12:38:00,45.6,45.62,45.58,45.62,0,0,10261
4470,2020-10-01 12:39:00,45.63,45.67,45.63,45.67,0,0,37436
4471,2020-10-01 12:40:00,45.66,45.73,45.66,45.72,0,0,22789
4472,2020-10-01 12:41:00,45.72,45.78,45.72,45.76,0,0,39316
4473,2020-10-01 12:42:00,45.76,45.77,45.73,45.73,0,0,17092
4474,2020-10-01 12:43:00,45.74,45.75,45.72,45.72,0,0,24144
4475,2020-10-01 12:44:00,45.73,45.73,45.67,45.69,0,0,24244
4476,2020-10-01 12:45:00,45.68,45.74,45.67,45.72,0,0,30390
4477,2020-10-01 12:46:00,45.72,45.75,45.72,45.74,0,0,15631
4478,2020-10-01 12:47:00,45.74,45.76,45.72,45.73,0,0,15622
4479,2020-10-01 12:48:00,45.73,45.73,45.71,45.71,0,0,14533
4480,2020-10-01 12:49:00,45.71,45.73,45.71,45.72,0,0,7360
4481,2020-10-01 12:50:00,45.72,45.72,45.7,45.71,0,0,13130
4482,2020-10-01 12:51:00,45.7,45.71,45.67,45.67,0,0,41651
4483,2020-10-01 12:52:00,45.67,45.68,45.67,45.67,0,0,5511
4484,2020-10-01 12:53:00,45.67,45.72,45.66,45.72,0,0,30646
4485,2020-10-01 12:54:00,45.73,45.76,45.73,45.76,0,0,11803
4486,2020-10-01 12:55:00,45.75,45.82,45.74,45.81,0,0,47986
4487,2020-10-01 12:56:00,45.8,45.83,45.8,45.82,0,0,22735
4488,2020-10-01 12:57:00,45.82,45.84,45.81,45.84,0,0,32591
4489,2020-10-01 12:58:00,45.84,45.84,45.78,45.81,0,0,26444
4490,2020-10-01 12:59:00,45.88,45.88,45.8,45.88,0,0,35314
4491,2020-10-01 13:00:00,45.88,45.97,45.88,45.94,0,0,79002
4492,2020-10-01 13:01:00,45.97,45.99,45.94,45.97,0,0,43752
4493,2020-10-01 13:02:00,45.97,45.97,45.92,45.94,0,0,48609
4494,2020-10-01 13:03:00,45.94,46.0,45.94,45.95,0,0,84741
4495,2020-10-01 13:04:00,45.94,45.96,45.9,45.94,0,0,34407
4496,2020-10-01 13:05:00,45.95,45.96,45.94,45.95,0,0,16408
4497,2020-10-01 13:06:00,45.99,46.0,45.95,45.99,0,0,21067
4498,2020-10-01 13:07:00,45.99,46.0,45.98,45.99,0,0,30678
4499,2020-10-01 13:08:00,46.01,46.05,45.99,46.01,0,0,296235
4500,2020-10-01 13:09:00,46.02,46.08,46.02,46.06,0,0,61538
4501,2020-10-01 13:10:00,46.05,46.06,45.99,46.0,0,0,65352
4502,2020-10-01 13:11:00,46.01,46.06,46.0,46.03,0,0,26911
4503,2020-10-01 13:12:00,46.03,46.03,46.0,46.02,0,0,32031
4504,2020-10-01 13:13:00,46.01,46.02,45.99,46.0,0,0,24819
4505,2020-10-01 13:14:00,46.0,46.01,45.99,45.99,0,0,41799
4506,2020-10-01 13:15:00,46.0,46.03,45.99,46.03,0,0,66281
4507,2020-10-01 13:16:00,46.02,46.03,45.9,45.92,0,0,30617
4508,2020-10-01 13:17:00,45.91,45.97,45.9,45.97,0,0,40898
4509,2020-10-01 13:18:00,45.97,46.02,45.97,45.99,0,0,41322
4510,2020-10-01 13:19:00,45.99,46.0,45.98,45.99,0,0,35679
4511,2020-10-01 13:20:00,46.0,46.01,45.99,46.0,0,0,38515
4512,2020-10-01 13:21:00,46.0,46.01,45.99,46.01,0,0,24437
4513,2020-10-01 13:22:00,46.0,46.04,45.95,46.03,0,0,38926
4514,2020-10-01 13:23:00,46.04,46.07,46.03,46.05,0,0,90247
4515,2020-10-01 13:24:00,46.05,46.08,46.05,46.08,0,0,33410
4516,2020-10-01 13:25:00,46.08,46.11,46.02,46.02,0,0,56037
4517,2020-10-01 13:26:00,46.02,46.05,46.02,46.02,0,0,18563
4518,2020-10-01 13:27:00,46.02,46.05,46.0,46.01,0,0,33080
4519,2020-10-01 13:28:00,46.01,46.01,45.96,46.0,0,0,36020
4520,2020-10-01 13:29:00,46.03,46.03,45.99,46.03,0,0,23521
4521,2020-10-01 13:30:00,46.04,46.06,46.01,46.03,0,0,30512
4522,2020-10-01 13:31:00,46.03,46.06,46.03,46.06,0,0,23958
4523,2020-10-01 13:32:00,46.06,46.07,46.03,46.04,0,0,14160
4524,2020-10-01 13:33:00,46.03,46.06,46.01,46.05,0,0,21827
4525,2020-10-01 13:34:00,46.06,46.06,46.04,46.06,0,0,33517
4526,2020-10-01 13:35:00,46.06,46.09,46.05,46.09,0,0,9148
4527,2020-10-01 13:36:00,46.08,46.13,46.08,46.12,0,0,19319
4528,2020-10-01 13:37:00,46.13,46.16,46.11,46.13,0,0,64323
4529,2020-10-01 13:38:00,46.13,46.13,46.1,46.1,0,0,28453
4530,2020-10-01 13:39:00,46.1,46.12,46.09,46.12,0,0,10858
4531,2020-10-01 13:40:00,46.11,46.11,46.08,46.08,0,0,39609
4532,2020-10-01 13:41:00,46.08,46.1,46.08,46.08,0,0,16415
4533,2020-10-01 13:42:00,46.08,46.08,46.04,46.06,0,0,36097
4534,2020-10-01 13:43:00,46.06,46.08,46.05,46.05,0,0,13600
4535,2020-10-01 13:44:00,46.05,46.07,46.04,46.05,0,0,39068
4536,2020-10-01 13:45:00,46.06,46.12,46.06,46.12,0,0,17207
4537,2020-10-01 13:46:00,46.12,46.13,46.07,46.07,0,0,20194
4538,2020-10-01 13:47:00,46.07,46.07,45.98,45.99,0,0,39328
4539,2020-10-01 13:48:00,45.99,46.06,45.99,46.05,0,0,35686
4540,2020-10-01 13:49:00,46.06,46.08,46.04,46.08,0,0,17496
4541,2020-10-01 13:50:00,46.08,46.08,46.04,46.04,0,0,38270
4542,2020-10-01 13:51:00,46.04,46.05,46.02,46.03,0,0,12708
4543,2020-10-01 13:52:00,46.03,46.04,46.03,46.03,0,0,10530
4544,2020-10-01 13:53:00,46.03,46.05,46.02,46.04,0,0,16484
4545,2020-10-01 13:54:00,46.05,46.12,46.04,46.1,0,0,44645
4546,2020-10-01 13:55:00,46.11,46.11,46.09,46.1,0,0,46922
4547,2020-10-01 13:56:00,46.09,46.1,46.08,46.09,0,0,23507
4548,2020-10-01 13:57:00,46.1,46.11,46.08,46.1,0,0,32397
4549,2020-10-01 13:58:00,46.1,46.11,46.07,46.08,0,0,37249
4550,2020-10-01 13:59:00,46.07,46.14,45.92,45.94,0,0,203419
4551,2020-10-01 14:00:00,45.94,46.07,45.94,45.99,0,0,127250
4552,2020-10-01 14:01:00,45.98,45.99,45.9,45.91,0,0,86848
4553,2020-10-01 14:02:00,45.92,45.96,45.9,45.96,0,0,85550
4554,2020-10-01 14:03:00,45.96,45.97,45.91,45.97,0,0,39000
4555,2020-10-01 14:04:00,45.98,46.06,45.97,46.04,0,0,18247
4556,2020-10-01 14:05:00,46.05,46.06,45.99,46.01,0,0,40974
4557,2020-10-01 14:06:00,46.01,46.01,45.9,45.91,0,0,70563
4558,2020-10-01 14:07:00,45.92,45.99,45.9,45.93,0,0,68592
4559,2020-10-01 14:08:00,45.94,45.96,45.84,45.89,0,0,73327
4560,2020-10-01 14:09:00,45.9,45.94,45.86,45.9,0,0,111174
4561,2020-10-01 14:10:00,45.9,45.97,45.9,45.94,0,0,36814
4562,2020-10-01 14:11:00,45.94,45.98,45.93,45.98,0,0,28407
4563,2020-10-01 14:12:00,45.99,45.99,45.93,45.95,0,0,26499
4564,2020-10-01 14:13:00,45.96,45.99,45.94,45.98,0,0,26447
4565,2020-10-01 14:14:00,45.98,46.01,45.98,46.0,0,0,45632
4566,2020-10-01 14:15:00,45.99,45.99,45.9,45.9,0,0,44405
4567,2020-10-01 14:16:00,45.9,45.93,45.89,45.93,0,0,31750
4568,2020-10-01 14:17:00,45.93,45.94,45.85,45.86,0,0,33787
4569,2020-10-01 14:18:00,45.85,45.86,45.81,45.81,0,0,56388
4570,2020-10-01 14:19:00,45.81,45.85,45.79,45.84,0,0,63710
4571,2020-10-01 14:20:00,45.83,45.85,45.82,45.85,0,0,14181
4572,2020-10-01 14:21:00,45.85,45.88,45.85,45.88,0,0,13199
4573,2020-10-01 14:22:00,45.87,45.88,45.81,45.85,0,0,20453
4574,2020-10-01 14:23:00,45.86,45.88,45.83,45.83,0,0,27016
4575,2020-10-01 14:24:00,45.83,45.84,45.81,45.82,0,0,39321
4576,2020-10-01 14:25:00,45.82,45.83,45.8,45.82,0,0,22148
4577,2020-10-01 14:26:00,45.82,45.9,45.82,45.89,0,0,26682
4578,2020-10-01 14:27:00,45.89,45.91,45.88,45.9,0,0,17320
4579,2020-10-01 14:28:00,45.91,45.99,45.9,45.97,0,0,37229
4580,2020-10-01 14:29:00,45.97,45.98,45.95,45.97,0,0,28253
4581,2020-10-01 14:30:00,45.96,46.04,45.96,46.03,0,0,59969
4582,2020-10-01 14:31:00,46.03,46.04,46.02,46.03,0,0,26177
4583,2020-10-01 14:32:00,46.03,46.06,46.02,46.06,0,0,17374
4584,2020-10-01 14:33:00,46.06,46.07,46.04,46.06,0,0,28871
4585,2020-10-01 14:34:00,46.06,46.1,46.06,46.1,0,0,27651
4586,2020-10-01 14:35:00,46.1,46.1,46.08,46.09,0,0,10630
4587,2020-10-01 14:36:00,46.1,46.1,46.08,46.1,0,0,52107
4588,2020-10-01 14:37:00,46.09,46.1,46.08,46.1,0,0,27296
4589,2020-10-01 14:38:00,46.09,46.14,46.09,46.14,0,0,21714
4590,2020-10-01 14:39:00,46.14,46.15,46.13,46.15,0,0,33154
4591,2020-10-01 14:40:00,46.15,46.17,46.15,46.17,0,0,18241
4592,2020-10-01 14:41:00,46.16,46.17,46.13,46.13,0,0,47690
4593,2020-10-01 14:42:00,46.14,46.17,46.13,46.17,0,0,12233
4594,2020-10-01 14:43:00,46.17,46.17,46.15,46.17,0,0,18176
4595,2020-10-01 14:44:00,46.17,46.21,46.16,46.2,0,0,84618
4596,2020-10-01 14:45:00,46.2,46.25,46.2,46.23,0,0,112901
4597,2020-10-01 14:46:00,46.24,46.29,46.24,46.28,0,0,146872
4598,2020-10-01 14:47:00,46.28,46.29,46.28,46.28,0,0,61921
4599,2020-10-01 14:48:00,46.28,46.37,46.28,46.34,0,0,137604
4600,2020-10-01 14:49:00,46.33,46.34,46.31,46.31,0,0,59540
4601,2020-10-01 14:50:00,46.31,46.4,46.3,46.4,0,0,55089
4602,2020-10-01 14:51:00,46.39,46.4,46.34,46.37,0,0,61298
4603,2020-10-01 14:52:00,46.37,46.38,46.36,46.37,0,0,29022
4604,2020-10-01 14:53:00,46.39,46.42,46.38,46.4,0,0,47665
4605,2020-10-01 14:54:00,46.4,46.43,46.4,46.41,0,0,44795
4606,2020-10-01 14:55:00,46.41,46.47,46.4,46.46,0,0,74788
4607,2020-10-01 14:56:00,46.46,46.46,46.38,46.38,0,0,42337
4608,2020-10-01 14:57:00,46.38,46.42,46.36,46.42,0,0,31507
4609,2020-10-01 14:58:00,46.42,46.45,46.4,46.4,0,0,35664
4610,2020-10-01 14:59:00,46.4,46.43,46.4,46.42,0,0,20717
4611,2020-10-01 15:00:00,46.43,46.46,46.41,46.46,0,0,38178
4612,2020-10-01 15:01:00,46.46,46.46,46.44,46.44,0,0,16666
4613,2020-10-01 15:02:00,46.45,46.51,46.45,46.49,0,0,112097
4614,2020-10-01 15:03:00,46.49,46.49,46.47,46.47,0,0,36736
4615,2020-10-01 15:04:00,46.47,46.56,46.47,46.5,0,0,118717
4616,2020-10-01 15:05:00,46.5,46.51,46.46,46.47,0,0,43716
4617,2020-10-01 15:06:00,46.47,46.47,46.42,46.42,0,0,59973
4618,2020-10-01 15:07:00,46.42,46.43,46.38,46.38,0,0,78099
4619,2020-10-01 15:08:00,46.38,46.43,46.38,46.42,0,0,25608
4620,2020-10-01 15:09:00,46.42,46.42,46.4,46.41,0,0,34437
4621,2020-10-01 15:10:00,46.42,46.42,46.4,46.41,0,0,20503
4622,2020-10-01 15:11:00,46.41,46.44,46.41,46.42,0,0,35068
4623,2020-10-01 15:12:00,46.42,46.44,46.4,46.44,0,0,35556
4624,2020-10-01 15:13:00,46.44,46.45,46.4,46.41,0,0,40845
4625,2020-10-01 15:14:00,46.4,46.41,46.32,46.33,0,0,63696
4626,2020-10-01 15:15:00,46.33,46.35,46.3,46.33,0,0,88144
4627,2020-10-01 15:16:00,46.33,46.36,46.33,46.35,0,0,42735
4628,2020-10-01 15:17:00,46.35,46.39,46.34,46.38,0,0,42413
4629,2020-10-01 15:18:00,46.38,46.4,46.36,46.37,0,0,42277
4630,2020-10-01 15:19:00,46.36,46.4,46.34,46.34,0,0,40398
4631,2020-10-01 15:20:00,46.33,46.37,46.33,46.35,0,0,16967
4632,2020-10-01 15:21:00,46.36,46.37,46.35,46.35,0,0,36061
4633,2020-10-01 15:22:00,46.35,46.35,46.31,46.32,0,0,70570
4634,2020-10-01 15:23:00,46.33,46.36,46.33,46.36,0,0,25677
4635,2020-10-01 15:24:00,46.35,46.37,46.33,46.33,0,0,29787
4636,2020-10-01 15:25:00,46.33,46.35,46.3,46.31,0,0,51342
4637,2020-10-01 15:26:00,46.31,46.34,46.31,46.34,0,0,51360
4638,2020-10-01 15:27:00,46.35,46.38,46.34,46.38,0,0,29311
4639,2020-10-01 15:28:00,46.38,46.44,46.37,46.41,0,0,76999
4640,2020-10-01 15:29:00,46.4,46.41,46.37,46.38,0,0,33900
4641,2020-10-01 15:30:00,46.38,46.42,46.38,46.41,0,0,30108
4642,2020-10-01 15:31:00,46.41,46.41,46.38,46.4,0,0,42877
4643,2020-10-01 15:32:00,46.4,46.4,46.33,46.33,0,0,38619
4644,2020-10-01 15:33:00,46.33,46.38,46.32,46.38,0,0,34447
4645,2020-10-01 15:34:00,46.38,46.39,46.33,46.33,0,0,72074
4646,2020-10-01 15:35:00,46.34,46.36,46.31,46.36,0,0,95692
4647,2020-10-01 15:36:00,46.35,46.41,46.35,46.41,0,0,59174
4648,2020-10-01 15:37:00,46.41,46.48,46.41,46.48,0,0,51212
4649,2020-10-01 15:38:00,46.47,46.47,46.38,46.4,0,0,94158
4650,2020-10-01 15:39:00,46.41,46.44,46.39,46.44,0,0,69452
4651,2020-10-01 15:40:00,46.44,46.49,46.44,46.44,0,0,77291
4652,2020-10-01 15:41:00,46.43,46.44,46.42,46.44,0,0,21057
4653,2020-10-01 15:42:00,46.44,46.5,46.43,46.46,0,0,74850
4654,2020-10-01 15:43:00,46.44,46.49,46.44,46.48,0,0,35941
4655,2020-10-01 15:44:00,46.49,46.5,46.47,46.49,0,0,62599
4656,2020-10-01 15:45:00,46.49,46.51,46.47,46.49,0,0,84151
4657,2020-10-01 15:46:00,46.49,46.5,46.48,46.49,0,0,48436
4658,2020-10-01 15:47:00,46.49,46.53,46.49,46.51,0,0,73689
4659,2020-10-01 15:48:00,46.52,46.54,46.5,46.54,0,0,44645
4660,2020-10-01 15:49:00,46.54,46.56,46.51,46.53,0,0,121097
4661,2020-10-01 15:50:00,46.53,46.56,46.52,46.54,0,0,88384
4662,2020-10-01 15:51:00,46.54,46.59,46.54,46.58,0,0,120911
4663,2020-10-01 15:52:00,46.58,46.58,46.56,46.57,0,0,133179
4664,2020-10-01 15:53:00,46.56,46.6,46.55,46.6,0,0,99441
4665,2020-10-01 15:54:00,46.6,46.6,46.58,46.58,0,0,89306
4666,2020-10-01 15:55:00,46.58,46.59,46.53,46.58,0,0,105497
4667,2020-10-01 15:56:00,46.58,46.65,46.57,46.65,0,0,147506
4668,2020-10-01 15:57:00,46.65,46.67,46.62,46.65,0,0,187691
4669,2020-10-01 15:58:00,46.65,46.66,46.6,46.66,0,0,186948
4670,2020-10-01 15:59:00,46.66,46.72,46.64,46.7,0,0,528291
4671,2020-10-02 09:30:00,45.54,45.78,45.43,45.72,0,0,469473
4672,2020-10-02 09:31:00,45.73,46.08,45.72,45.99,0,0,110265
4673,2020-10-02 09:32:00,45.97,46.07,45.9,45.93,0,0,81981
4674,2020-10-02 09:33:00,45.95,46.04,45.87,45.92,0,0,94296
4675,2020-10-02 09:34:00,45.93,46.12,45.9,46.1,0,0,104864
4676,2020-10-02 09:35:00,46.09,46.12,46.0,46.06,0,0,69102
4677,2020-10-02 09:36:00,46.05,46.08,45.97,46.05,0,0,50102
4678,2020-10-02 09:37:00,46.05,46.2,46.0,46.15,0,0,67089
4679,2020-10-02 09:38:00,46.13,46.24,46.05,46.2,0,0,92467
4680,2020-10-02 09:39:00,46.2,46.34,46.16,46.29,0,0,69582
4681,2020-10-02 09:40:00,46.28,46.28,46.12,46.16,0,0,91661
4682,2020-10-02 09:41:00,46.15,46.18,46.1,46.16,0,0,40223
4683,2020-10-02 09:42:00,46.16,46.2,46.1,46.13,0,0,70541
4684,2020-10-02 09:43:00,46.13,46.23,46.13,46.21,0,0,37527
4685,2020-10-02 09:44:00,46.2,46.27,46.19,46.21,0,0,45180
4686,2020-10-02 09:45:00,46.23,46.31,46.17,46.31,0,0,92203
4687,2020-10-02 09:46:00,46.31,46.38,46.29,46.33,0,0,125253
4688,2020-10-02 09:47:00,46.33,46.46,46.33,46.45,0,0,114904
4689,2020-10-02 09:48:00,46.45,46.46,46.28,46.28,0,0,73940
4690,2020-10-02 09:49:00,46.28,46.3,46.15,46.21,0,0,87800
4691,2020-10-02 09:50:00,46.21,46.26,46.07,46.08,0,0,54195
4692,2020-10-02 09:51:00,46.1,46.11,45.95,46.03,0,0,66568
4693,2020-10-02 09:52:00,46.04,46.06,45.85,45.9,0,0,98481
4694,2020-10-02 09:53:00,45.9,45.96,45.83,45.94,0,0,64294
4695,2020-10-02 09:54:00,45.92,46.06,45.92,46.03,0,0,113188
4696,2020-10-02 09:55:00,46.03,46.03,45.88,45.97,0,0,67951
4697,2020-10-02 09:56:00,45.97,46.04,45.91,45.99,0,0,44167
4698,2020-10-02 09:57:00,45.98,46.01,45.96,46.0,0,0,38048
4699,2020-10-02 09:58:00,46.0,46.06,46.0,46.03,0,0,33326
4700,2020-10-02 09:59:00,46.03,46.1,45.97,46.04,0,0,30171
4701,2020-10-02 10:00:00,46.04,46.22,46.01,46.22,0,0,35168
4702,2020-10-02 10:01:00,46.22,46.28,46.17,46.23,0,0,37713
4703,2020-10-02 10:02:00,46.2,46.24,46.13,46.21,0,0,29190
4704,2020-10-02 10:03:00,46.2,46.22,46.17,46.17,0,0,27335
4705,2020-10-02 10:04:00,46.17,46.17,46.08,46.12,0,0,44917
4706,2020-10-02 10:05:00,46.13,46.19,46.11,46.15,0,0,21862
4707,2020-10-02 10:06:00,46.13,46.24,46.12,46.24,0,0,29309
4708,2020-10-02 10:07:00,46.24,46.33,46.24,46.27,0,0,46375
4709,2020-10-02 10:08:00,46.27,46.41,46.26,46.41,0,0,61565
4710,2020-10-02 10:09:00,46.41,46.49,46.37,46.46,0,0,57209
4711,2020-10-02 10:10:00,46.45,46.52,46.45,46.47,0,0,67081
4712,2020-10-02 10:11:00,46.47,46.5,46.37,46.42,0,0,32513
4713,2020-10-02 10:12:00,46.43,46.46,46.4,46.46,0,0,54217
4714,2020-10-02 10:13:00,46.46,46.47,46.4,46.4,0,0,32129
4715,2020-10-02 10:14:00,46.4,46.45,46.4,46.43,0,0,20169
4716,2020-10-02 10:15:00,46.45,46.57,46.45,46.53,0,0,48437
4717,2020-10-02 10:16:00,46.54,46.58,46.47,46.47,0,0,42243
4718,2020-10-02 10:17:00,46.48,46.48,46.38,46.38,0,0,31643
4719,2020-10-02 10:18:00,46.39,46.48,46.39,46.48,0,0,26954
4720,2020-10-02 10:19:00,46.47,46.47,46.4,46.42,0,0,19669
4721,2020-10-02 10:20:00,46.42,46.42,46.37,46.38,0,0,14224
4722,2020-10-02 10:21:00,46.39,46.44,46.39,46.44,0,0,20648
4723,2020-10-02 10:22:00,46.43,46.43,46.34,46.35,0,0,34228
4724,2020-10-02 10:23:00,46.35,46.4,46.35,46.35,0,0,29531
4725,2020-10-02 10:24:00,46.36,46.37,46.25,46.31,0,0,58465
4726,2020-10-02 10:25:00,46.32,46.36,46.28,46.31,0,0,56640
4727,2020-10-02 10:26:00,46.3,46.35,46.29,46.29,0,0,21873
4728,2020-10-02 10:27:00,46.29,46.35,46.25,46.34,0,0,28259
4729,2020-10-02 10:28:00,46.35,46.46,46.35,46.46,0,0,47198
4730,2020-10-02 10:29:00,46.46,46.48,46.36,46.36,0,0,42225
4731,2020-10-02 10:30:00,46.35,46.36,46.31,46.35,0,0,46051
4732,2020-10-02 10:31:00,46.35,46.42,46.34,46.4,0,0,21245
4733,2020-10-02 10:32:00,46.42,46.44,46.37,46.38,0,0,27828
4734,2020-10-02 10:33:00,46.38,46.55,46.36,46.54,0,0,91467
4735,2020-10-02 10:34:00,46.53,46.7,46.53,46.69,0,0,124092
4736,2020-10-02 10:35:00,46.69,46.78,46.67,46.76,0,0,109498
4737,2020-10-02 10:36:00,46.76,46.8,46.74,46.78,0,0,88273
4738,2020-10-02 10:37:00,46.78,46.88,46.77,46.86,0,0,188108
4739,2020-10-02 10:38:00,46.86,46.87,46.69,46.69,0,0,97517
4740,2020-10-02 10:39:00,46.69,46.7,46.52,46.52,0,0,69987
4741,2020-10-02 10:40:00,46.51,46.62,46.51,46.56,0,0,40986
4742,2020-10-02 10:41:00,46.55,46.56,46.49,46.5,0,0,22138
4743,2020-10-02 10:42:00,46.5,46.5,46.38,46.38,0,0,33931
4744,2020-10-02 10:43:00,46.39,46.46,46.38,46.44,0,0,41008
4745,2020-10-02 10:44:00,46.43,46.49,46.35,46.4,0,0,36304
4746,2020-10-02 10:45:00,46.41,46.42,46.36,46.38,0,0,21330
4747,2020-10-02 10:46:00,46.38,46.45,46.38,46.42,0,0,23001
4748,2020-10-02 10:47:00,46.43,46.49,46.43,46.48,0,0,32597
4749,2020-10-02 10:48:00,46.48,46.56,46.48,46.56,0,0,36042
4750,2020-10-02 10:49:00,46.55,46.55,46.49,46.5,0,0,12524
4751,2020-10-02 10:50:00,46.49,46.54,46.49,46.5,0,0,18398
4752,2020-10-02 10:51:00,46.5,46.56,46.49,46.56,0,0,11807
4753,2020-10-02 10:52:00,46.56,46.62,46.56,46.61,0,0,24199
4754,2020-10-02 10:53:00,46.61,46.61,46.55,46.55,0,0,28447
4755,2020-10-02 10:54:00,46.54,46.54,46.45,46.49,0,0,29373
4756,2020-10-02 10:55:00,46.49,46.6,46.49,46.59,0,0,25045
4757,2020-10-02 10:56:00,46.59,46.63,46.57,46.6,0,0,14163
4758,2020-10-02 10:57:00,46.6,46.64,46.59,46.63,0,0,17819
4759,2020-10-02 10:58:00,46.63,46.65,46.61,46.63,0,0,18206
4760,2020-10-02 10:59:00,46.62,46.63,46.58,46.6,0,0,13697
4761,2020-10-02 11:00:00,46.59,46.62,46.5,46.54,0,0,24073
4762,2020-10-02 11:01:00,46.54,46.55,46.53,46.55,0,0,8373
4763,2020-10-02 11:02:00,46.56,46.68,46.56,46.67,0,0,18829
4764,2020-10-02 11:03:00,46.68,46.71,46.66,46.67,0,0,13681
4765,2020-10-02 11:04:00,46.66,46.67,46.59,46.6,0,0,18583
4766,2020-10-02 11:05:00,46.61,46.61,46.55,46.56,0,0,23970
4767,2020-10-02 11:06:00,46.56,46.65,46.56,46.62,0,0,34095
4768,2020-10-02 11:07:00,46.61,46.64,46.61,46.63,0,0,11050
4769,2020-10-02 11:08:00,46.63,46.65,46.58,46.59,0,0,72224
4770,2020-10-02 11:09:00,46.6,46.66,46.57,46.58,0,0,11046
4771,2020-10-02 11:10:00,46.58,46.63,46.58,46.62,0,0,9380
4772,2020-10-02 11:11:00,46.62,46.62,46.6,46.62,0,0,11624
4773,2020-10-02 11:12:00,46.62,46.65,46.62,46.62,0,0,14063
4774,2020-10-02 11:13:00,46.61,46.61,46.54,46.56,0,0,12974
4775,2020-10-02 11:14:00,46.56,46.56,46.49,46.49,0,0,27725
4776,2020-10-02 11:15:00,46.48,46.52,46.38,46.38,0,0,35364
4777,2020-10-02 11:16:00,46.39,46.45,46.39,46.45,0,0,37057
4778,2020-10-02 11:17:00,46.45,46.51,46.45,46.49,0,0,24230
4779,2020-10-02 11:18:00,46.49,46.49,46.44,46.47,0,0,49586
4780,2020-10-02 11:19:00,46.47,46.54,46.47,46.47,0,0,29309
4781,2020-10-02 11:20:00,46.46,46.46,46.37,46.38,0,0,83243
4782,2020-10-02 11:21:00,46.38,46.42,46.38,46.41,0,0,31375
4783,2020-10-02 11:22:00,46.41,46.41,46.37,46.4,0,0,15469
4784,2020-10-02 11:23:00,46.4,46.41,46.37,46.4,0,0,22471
4785,2020-10-02 11:24:00,46.4,46.41,46.38,46.4,0,0,24815
4786,2020-10-02 11:25:00,46.4,46.41,46.39,46.4,0,0,21614
4787,2020-10-02 11:26:00,46.41,46.42,46.35,46.36,0,0,47184
4788,2020-10-02 11:27:00,46.35,46.38,46.35,46.37,0,0,19922
4789,2020-10-02 11:28:00,46.37,46.41,46.37,46.4,0,0,14044
4790,2020-10-02 11:29:00,46.39,46.4,46.37,46.38,0,0,6680
4791,2020-10-02 11:30:00,46.38,46.38,46.37,46.38,0,0,10692
4792,2020-10-02 11:31:00,46.38,46.38,46.28,46.29,0,0,69714
4793,2020-10-02 11:32:00,46.27,46.32,46.24,46.32,0,0,55479
4794,2020-10-02 11:33:00,46.31,46.35,46.3,46.31,0,0,31962
4795,2020-10-02 11:34:00,46.3,46.31,46.27,46.29,0,0,13698
4796,2020-10-02 11:35:00,46.29,46.35,46.25,46.35,0,0,16798
4797,2020-10-02 11:36:00,46.35,46.35,46.29,46.33,0,0,23114
4798,2020-10-02 11:37:00,46.33,46.36,46.27,46.27,0,0,28815
4799,2020-10-02 11:38:00,46.26,46.26,46.21,46.21,0,0,33698
4800,2020-10-02 11:39:00,46.2,46.22,46.2,46.22,0,0,26909
4801,2020-10-02 11:40:00,46.22,46.22,46.17,46.17,0,0,16697
4802,2020-10-02 11:41:00,46.16,46.17,46.04,46.06,0,0,42684
4803,2020-10-02 11:42:00,46.05,46.14,46.05,46.12,0,0,27336
4804,2020-10-02 11:43:00,46.11,46.13,46.05,46.05,0,0,47143
4805,2020-10-02 11:44:00,46.05,46.08,46.04,46.06,0,0,32970
4806,2020-10-02 11:45:00,46.05,46.09,46.03,46.09,0,0,28634
4807,2020-10-02 11:46:00,46.09,46.11,46.08,46.1,0,0,25834
4808,2020-10-02 11:47:00,46.1,46.15,46.1,46.15,0,0,22884
4809,2020-10-02 11:48:00,46.14,46.14,46.12,46.13,0,0,15252
4810,2020-10-02 11:49:00,46.12,46.16,46.11,46.15,0,0,17652
4811,2020-10-02 11:50:00,46.15,46.15,46.13,46.13,0,0,17660
4812,2020-10-02 11:51:00,46.13,46.16,46.13,46.16,0,0,10182
4813,2020-10-02 11:52:00,46.16,46.16,46.12,46.12,0,0,12383
4814,2020-10-02 11:53:00,46.13,46.13,46.02,46.03,0,0,20703
4815,2020-10-02 11:54:00,46.03,46.04,45.99,46.01,0,0,36465
4816,2020-10-02 11:55:00,46.01,46.01,45.95,45.97,0,0,19362
4817,2020-10-02 11:56:00,45.97,45.99,45.93,45.95,0,0,29902
4818,2020-10-02 11:57:00,45.95,45.98,45.92,45.94,0,0,29344
4819,2020-10-02 11:58:00,45.94,45.96,45.92,45.93,0,0,18846
4820,2020-10-02 11:59:00,45.94,45.94,45.83,45.84,0,0,43342
4821,2020-10-02 12:00:00,45.83,45.84,45.79,45.81,0,0,45517
4822,2020-10-02 12:01:00,45.81,45.84,45.76,45.78,0,0,44895
4823,2020-10-02 12:02:00,45.79,45.83,45.79,45.82,0,0,13254
4824,2020-10-02 12:03:00,45.81,45.84,45.8,45.81,0,0,16810
4825,2020-10-02 12:04:00,45.81,45.82,45.76,45.78,0,0,37703
4826,2020-10-02 12:05:00,45.79,45.79,45.69,45.73,0,0,49308
4827,2020-10-02 12:06:00,45.74,45.77,45.73,45.76,0,0,83684
4828,2020-10-02 12:07:00,45.75,45.87,45.75,45.87,0,0,76281
4829,2020-10-02 12:08:00,45.87,45.91,45.81,45.85,0,0,67493
4830,2020-10-02 12:09:00,45.84,45.99,45.84,45.96,0,0,41088
4831,2020-10-02 12:10:00,45.96,46.03,45.96,46.03,0,0,54942
4832,2020-10-02 12:11:00,46.03,46.06,46.01,46.06,0,0,20634
4833,2020-10-02 12:12:00,46.05,46.13,46.02,46.1,0,0,58743
4834,2020-10-02 12:13:00,46.1,46.23,46.08,46.23,0,0,69856
4835,2020-10-02 12:14:00,46.23,46.31,46.2,46.22,0,0,84833
4836,2020-10-02 12:15:00,46.22,46.25,46.15,46.23,0,0,39464
4837,2020-10-02 12:16:00,46.22,46.27,46.19,46.22,0,0,37225
4838,2020-10-02 12:17:00,46.22,46.26,46.21,46.23,0,0,15866
4839,2020-10-02 12:18:00,46.22,46.27,46.21,46.23,0,0,18105
4840,2020-10-02 12:19:00,46.23,46.3,46.23,46.29,0,0,27837
4841,2020-10-02 12:20:00,46.3,46.38,46.3,46.37,0,0,63558
4842,2020-10-02 12:21:00,46.36,46.42,46.35,46.4,0,0,46607
4843,2020-10-02 12:22:00,46.38,46.39,46.3,46.32,0,0,39588
4844,2020-10-02 12:23:00,46.32,46.33,46.26,46.28,0,0,23210
4845,2020-10-02 12:24:00,46.28,46.34,46.28,46.29,0,0,28947
4846,2020-10-02 12:25:00,46.29,46.33,46.29,46.31,0,0,10853
4847,2020-10-02 12:26:00,46.33,46.36,46.28,46.3,0,0,25923
4848,2020-10-02 12:27:00,46.29,46.33,46.28,46.3,0,0,15462
4849,2020-10-02 12:28:00,46.31,46.31,46.26,46.26,0,0,8621
4850,2020-10-02 12:29:00,46.26,46.26,46.23,46.24,0,0,25274
4851,2020-10-02 12:30:00,46.25,46.31,46.25,46.25,0,0,34490
4852,2020-10-02 12:31:00,46.24,46.26,46.17,46.18,0,0,13793
4853,2020-10-02 12:32:00,46.19,46.22,46.16,46.17,0,0,7328
4854,2020-10-02 12:33:00,46.17,46.21,46.17,46.18,0,0,7068
4855,2020-10-02 12:34:00,46.19,46.23,46.18,46.18,0,0,19775
4856,2020-10-02 12:35:00,46.19,46.25,46.15,46.22,0,0,23451
4857,2020-10-02 12:36:00,46.23,46.24,46.2,46.21,0,0,15366
4858,2020-10-02 12:37:00,46.23,46.28,46.23,46.28,0,0,16112
4859,2020-10-02 12:38:00,46.28,46.32,46.28,46.32,0,0,13463
4860,2020-10-02 12:39:00,46.32,46.36,46.28,46.36,0,0,23162
4861,2020-10-02 12:40:00,46.36,46.39,46.35,46.38,0,0,19735
4862,2020-10-02 12:41:00,46.38,46.42,46.36,46.36,0,0,25785
4863,2020-10-02 12:42:00,46.37,46.38,46.29,46.3,0,0,18428
4864,2020-10-02 12:43:00,46.31,46.36,46.3,46.34,0,0,8474
4865,2020-10-02 12:44:00,46.34,46.34,46.31,46.34,0,0,5905
4866,2020-10-02 12:45:00,46.34,46.34,46.3,46.32,0,0,11968
4867,2020-10-02 12:46:00,46.32,46.34,46.26,46.29,0,0,20107
4868,2020-10-02 12:47:00,46.28,46.3,46.27,46.27,0,0,7837
4869,2020-10-02 12:48:00,46.27,46.3,46.27,46.28,0,0,6892
4870,2020-10-02 12:49:00,46.28,46.31,46.28,46.29,0,0,11964
4871,2020-10-02 12:50:00,46.29,46.29,46.22,46.24,0,0,17099
4872,2020-10-02 12:51:00,46.24,46.27,46.23,46.23,0,0,9773
4873,2020-10-02 12:52:00,46.23,46.28,46.23,46.26,0,0,25503
4874,2020-10-02 12:53:00,46.26,46.26,46.19,46.23,0,0,31564
4875,2020-10-02 12:54:00,46.24,46.28,46.24,46.26,0,0,12570
4876,2020-10-02 12:55:00,46.26,46.28,46.25,46.28,0,0,10034
4877,2020-10-02 12:56:00,46.28,46.3,46.26,46.3,0,0,6810
4878,2020-10-02 12:57:00,46.31,46.31,46.26,46.27,0,0,6567
4879,2020-10-02 12:58:00,46.26,46.27,46.2,46.2,0,0,19894
4880,2020-10-02 12:59:00,46.2,46.2,46.16,46.16,0,0,10124
4881,2020-10-02 13:00:00,46.15,46.18,46.14,46.18,0,0,8926
4882,2020-10-02 13:01:00,46.17,46.17,46.07,46.07,0,0,30060
4883,2020-10-02 13:02:00,46.07,46.12,46.06,46.12,0,0,19558
4884,2020-10-02 13:03:00,46.12,46.14,46.09,46.14,0,0,12829
4885,2020-10-02 13:04:00,46.13,46.14,46.09,46.09,0,0,14357
4886,2020-10-02 13:05:00,46.09,46.1,46.05,46.06,0,0,16735
4887,2020-10-02 13:06:00,46.06,46.06,46.04,46.04,0,0,60384
4888,2020-10-02 13:07:00,46.05,46.09,46.05,46.06,0,0,14177
4889,2020-10-02 13:08:00,46.06,46.09,46.04,46.07,0,0,10665
4890,2020-10-02 13:09:00,46.08,46.08,46.05,46.06,0,0,5569
4891,2020-10-02 13:10:00,46.06,46.14,46.05,46.13,0,0,20962
4892,2020-10-02 13:11:00,46.14,46.15,46.1,46.15,0,0,16864
4893,2020-10-02 13:12:00,46.14,46.15,46.07,46.07,0,0,16649
4894,2020-10-02 13:13:00,46.07,46.09,45.99,46.02,0,0,83072
4895,2020-10-02 13:14:00,46.03,46.09,46.03,46.09,0,0,10461
4896,2020-10-02 13:15:00,46.1,46.12,46.06,46.07,0,0,17275
4897,2020-10-02 13:16:00,46.07,46.09,46.05,46.08,0,0,14352
4898,2020-10-02 13:17:00,46.08,46.09,46.06,46.06,0,0,4823
4899,2020-10-02 13:18:00,46.06,46.06,46.02,46.05,0,0,9977
4900,2020-10-02 13:19:00,46.04,46.12,46.04,46.09,0,0,17261
4901,2020-10-02 13:20:00,46.09,46.12,46.08,46.12,0,0,7329
4902,2020-10-02 13:21:00,46.12,46.14,46.12,46.14,0,0,3394
4903,2020-10-02 13:22:00,46.13,46.13,46.08,46.09,0,0,7397
4904,2020-10-02 13:23:00,46.1,46.13,46.09,46.13,0,0,14767
4905,2020-10-02 13:24:00,46.13,46.17,46.13,46.15,0,0,9969
4906,2020-10-02 13:25:00,46.14,46.14,46.1,46.12,0,0,9576
4907,2020-10-02 13:26:00,46.12,46.13,46.1,46.12,0,0,8075
4908,2020-10-02 13:27:00,46.12,46.13,46.08,46.09,0,0,6302
4909,2020-10-02 13:28:00,46.08,46.08,46.03,46.03,0,0,10074
4910,2020-10-02 13:29:00,46.03,46.06,46.02,46.02,0,0,15933
4911,2020-10-02 13:30:00,46.03,46.04,45.99,46.01,0,0,17318
4912,2020-10-02 13:31:00,46.01,46.02,45.99,45.99,0,0,6512
4913,2020-10-02 13:32:00,46.0,46.01,45.96,45.99,0,0,10781
4914,2020-10-02 13:33:00,46.0,46.0,45.96,45.98,0,0,11341
4915,2020-10-02 13:34:00,45.99,45.99,45.97,45.97,0,0,8785
4916,2020-10-02 13:35:00,45.98,46.05,45.98,46.01,0,0,12982
4917,2020-10-02 13:36:00,46.01,46.03,46.01,46.01,0,0,11002
4918,2020-10-02 13:37:00,46.01,46.08,46.01,46.04,0,0,20578
4919,2020-10-02 13:38:00,46.04,46.07,46.03,46.06,0,0,6014
4920,2020-10-02 13:39:00,46.06,46.07,46.05,46.07,0,0,3007
4921,2020-10-02 13:40:00,46.07,46.08,45.88,45.88,0,0,46790
4922,2020-10-02 13:41:00,45.89,45.91,45.85,45.88,0,0,20849
4923,2020-10-02 13:42:00,45.89,45.93,45.89,45.92,0,0,10920
4924,2020-10-02 13:43:00,45.91,45.93,45.88,45.9,0,0,8735
4925,2020-10-02 13:44:00,45.9,45.92,45.89,45.91,0,0,6955
4926,2020-10-02 13:45:00,45.91,45.92,45.88,45.92,0,0,7794
4927,2020-10-02 13:46:00,45.9,45.92,45.89,45.92,0,0,6940
4928,2020-10-02 13:47:00,45.92,45.99,45.92,45.93,0,0,14485
4929,2020-10-02 13:48:00,45.94,45.97,45.93,45.97,0,0,7160
4930,2020-10-02 13:49:00,45.96,45.97,45.91,45.96,0,0,13250
4931,2020-10-02 13:50:00,45.97,45.98,45.9,45.97,0,0,83380
4932,2020-10-02 13:51:00,45.97,46.02,45.97,46.01,0,0,15129
4933,2020-10-02 13:52:00,46.03,46.03,45.99,46.0,0,0,10927
4934,2020-10-02 13:53:00,46.01,46.06,46.0,46.05,0,0,13625
4935,2020-10-02 13:54:00,46.04,46.06,46.03,46.06,0,0,15546
4936,2020-10-02 13:55:00,46.06,46.06,46.03,46.03,0,0,14439
4937,2020-10-02 13:56:00,46.03,46.06,46.03,46.06,0,0,13723
4938,2020-10-02 13:57:00,46.06,46.08,46.05,46.06,0,0,11535
4939,2020-10-02 13:58:00,46.06,46.1,46.04,46.08,0,0,9405
4940,2020-10-02 13:59:00,46.08,46.08,46.05,46.05,0,0,7282
4941,2020-10-02 14:00:00,46.05,46.15,46.05,46.14,0,0,14203
4942,2020-10-02 14:01:00,46.13,46.18,46.12,46.17,0,0,18599
4943,2020-10-02 14:02:00,46.17,46.19,46.15,46.16,0,0,22375
4944,2020-10-02 14:03:00,46.16,46.21,46.16,46.21,0,0,13034
4945,2020-10-02 14:04:00,46.21,46.22,46.18,46.21,0,0,11862
4946,2020-10-02 14:05:00,46.22,46.23,46.21,46.22,0,0,12754
4947,2020-10-02 14:06:00,46.22,46.31,46.22,46.31,0,0,20639
4948,2020-10-02 14:07:00,46.31,46.31,46.25,46.26,0,0,24948
4949,2020-10-02 14:08:00,46.26,46.3,46.26,46.3,0,0,9552
4950,2020-10-02 14:09:00,46.3,46.31,46.29,46.29,0,0,12276
4951,2020-10-02 14:10:00,46.29,46.29,46.27,46.27,0,0,6539
4952,2020-10-02 14:11:00,46.28,46.3,46.28,46.29,0,0,11169
4953,2020-10-02 14:12:00,46.28,46.31,46.28,46.31,0,0,6520
4954,2020-10-02 14:13:00,46.31,46.31,46.24,46.29,0,0,17867
4955,2020-10-02 14:14:00,46.29,46.29,46.26,46.28,0,0,10424
4956,2020-10-02 14:15:00,46.29,46.31,46.29,46.31,0,0,13329
4957,2020-10-02 14:16:00,46.31,46.31,46.29,46.31,0,0,15240
4958,2020-10-02 14:17:00,46.3,46.3,46.27,46.28,0,0,9737
4959,2020-10-02 14:18:00,46.29,46.31,46.28,46.29,0,0,5834
4960,2020-10-02 14:19:00,46.29,46.31,46.28,46.28,0,0,25239
4961,2020-10-02 14:20:00,46.29,46.3,46.25,46.27,0,0,40988
4962,2020-10-02 14:21:00,46.26,46.3,46.26,46.3,0,0,10525
4963,2020-10-02 14:22:00,46.29,46.29,46.24,46.27,0,0,11364
4964,2020-10-02 14:23:00,46.27,46.28,46.25,46.28,0,0,21237
4965,2020-10-02 14:24:00,46.27,46.29,46.26,46.28,0,0,3780
4966,2020-10-02 14:25:00,46.27,46.28,46.24,46.27,0,0,16036
4967,2020-10-02 14:26:00,46.26,46.26,46.23,46.23,0,0,5094
4968,2020-10-02 14:27:00,46.24,46.26,46.24,46.24,0,0,6780
4969,2020-10-02 14:28:00,46.24,46.26,46.24,46.24,0,0,22373
4970,2020-10-02 14:29:00,46.25,46.26,46.24,46.25,0,0,12662
4971,2020-10-02 14:30:00,46.26,46.28,46.24,46.24,0,0,9683
4972,2020-10-02 14:31:00,46.25,46.25,46.17,46.19,0,0,31624
4973,2020-10-02 14:32:00,46.2,46.21,46.18,46.2,0,0,7681
4974,2020-10-02 14:33:00,46.21,46.21,46.17,46.19,0,0,15355
4975,2020-10-02 14:34:00,46.19,46.25,46.19,46.23,0,0,23898
4976,2020-10-02 14:35:00,46.23,46.23,46.18,46.19,0,0,8529
4977,2020-10-02 14:36:00,46.19,46.24,46.19,46.23,0,0,14684
4978,2020-10-02 14:37:00,46.22,46.24,46.2,46.22,0,0,16697
4979,2020-10-02 14:38:00,46.23,46.23,46.21,46.22,0,0,7060
4980,2020-10-02 14:39:00,46.21,46.21,46.17,46.18,0,0,7809
4981,2020-10-02 14:40:00,46.18,46.2,46.16,46.16,0,0,9935
4982,2020-10-02 14:41:00,46.15,46.19,46.13,46.18,0,0,18489
4983,2020-10-02 14:42:00,46.18,46.25,46.18,46.24,0,0,9741
4984,2020-10-02 14:43:00,46.24,46.24,46.2,46.21,0,0,9766
4985,2020-10-02 14:44:00,46.2,46.25,46.19,46.24,0,0,10436
4986,2020-10-02 14:45:00,46.25,46.26,46.18,46.19,0,0,19957
4987,2020-10-02 14:46:00,46.2,46.3,46.19,46.27,0,0,20900
4988,2020-10-02 14:47:00,46.28,46.28,46.22,46.22,0,0,11667
4989,2020-10-02 14:48:00,46.22,46.22,46.17,46.2,0,0,14883
4990,2020-10-02 14:49:00,46.21,46.23,46.21,46.21,0,0,8683
4991,2020-10-02 14:50:00,46.2,46.22,46.13,46.16,0,0,13526
4992,2020-10-02 14:51:00,46.16,46.18,46.16,46.17,0,0,18383
4993,2020-10-02 14:52:00,46.16,46.17,46.12,46.12,0,0,17115
4994,2020-10-02 14:53:00,46.13,46.15,46.11,46.13,0,0,22865
4995,2020-10-02 14:54:00,46.13,46.15,46.12,46.13,0,0,8027
4996,2020-10-02 14:55:00,46.14,46.29,46.13,46.24,0,0,68023
4997,2020-10-02 14:56:00,46.24,46.25,46.18,46.18,0,0,26248
4998,2020-10-02 14:57:00,46.17,46.19,46.1,46.12,0,0,28695
4999,2020-10-02 14:58:00,46.12,46.12,46.06,46.1,0,0,29065
5000,2020-10-02 14:59:00,46.1,46.13,46.09,46.1,0,0,17473
5001,2020-10-02 15:00:00,46.1,46.13,46.06,46.06,0,0,129905
5002,2020-10-02 15:01:00,46.06,46.08,46.05,46.06,0,0,26148
5003,2020-10-02 15:02:00,46.06,46.08,46.03,46.08,0,0,13715
5004,2020-10-02 15:03:00,46.08,46.13,46.08,46.11,0,0,14847
5005,2020-10-02 15:04:00,46.11,46.15,46.09,46.15,0,0,21584
5006,2020-10-02 15:05:00,46.14,46.14,46.08,46.08,0,0,9219
5007,2020-10-02 15:06:00,46.08,46.12,46.07,46.11,0,0,11330
5008,2020-10-02 15:07:00,46.11,46.12,46.09,46.1,0,0,6488
5009,2020-10-02 15:08:00,46.1,46.11,46.07,46.1,0,0,10018
5010,2020-10-02 15:09:00,46.09,46.11,46.07,46.11,0,0,27651
5011,2020-10-02 15:10:00,46.11,46.19,46.11,46.18,0,0,22235
5012,2020-10-02 15:11:00,46.18,46.26,46.14,46.15,0,0,63925
5013,2020-10-02 15:12:00,46.16,46.2,46.04,46.08,0,0,52904
5014,2020-10-02 15:13:00,46.09,46.13,46.09,46.11,0,0,28875
5015,2020-10-02 15:14:00,46.13,46.15,46.1,46.11,0,0,12848
5016,2020-10-02 15:15:00,46.11,46.12,46.09,46.11,0,0,15888
5017,2020-10-02 15:16:00,46.11,46.17,46.11,46.16,0,0,14858
5018,2020-10-02 15:17:00,46.16,46.23,46.15,46.21,0,0,36570
5019,2020-10-02 15:18:00,46.2,46.25,46.18,46.24,0,0,20788
5020,2020-10-02 15:19:00,46.24,46.26,46.22,46.24,0,0,14398
5021,2020-10-02 15:20:00,46.23,46.3,46.23,46.3,0,0,15352
5022,2020-10-02 15:21:00,46.3,46.32,46.28,46.32,0,0,33144
5023,2020-10-02 15:22:00,46.31,46.31,46.24,46.29,0,0,25776
5024,2020-10-02 15:23:00,46.28,46.3,46.24,46.27,0,0,12384
5025,2020-10-02 15:24:00,46.26,46.28,46.24,46.28,0,0,18104
5026,2020-10-02 15:25:00,46.28,46.29,46.26,46.26,0,0,10434
5027,2020-10-02 15:26:00,46.27,46.29,46.26,46.28,0,0,29399
5028,2020-10-02 15:27:00,46.28,46.3,46.27,46.28,0,0,11558
5029,2020-10-02 15:28:00,46.28,46.3,46.27,46.28,0,0,12306
5030,2020-10-02 15:29:00,46.28,46.32,46.28,46.31,0,0,25698
5031,2020-10-02 15:30:00,46.32,46.36,46.31,46.36,0,0,45869
5032,2020-10-02 15:31:00,46.36,46.41,46.36,46.38,0,0,42995
5033,2020-10-02 15:32:00,46.38,46.41,46.35,46.4,0,0,50667
5034,2020-10-02 15:33:00,46.4,46.45,46.4,46.42,0,0,25970
5035,2020-10-02 15:34:00,46.42,46.44,46.41,46.42,0,0,34315
5036,2020-10-02 15:35:00,46.42,46.49,46.41,46.49,0,0,48432
5037,2020-10-02 15:36:00,46.49,46.51,46.47,46.49,0,0,53777
5038,2020-10-02 15:37:00,46.5,46.55,46.5,46.53,0,0,32391
5039,2020-10-02 15:38:00,46.53,46.56,46.49,46.51,0,0,50527
5040,2020-10-02 15:39:00,46.52,46.55,46.52,46.54,0,0,31849
5041,2020-10-02 15:40:00,46.55,46.6,46.54,46.56,0,0,64897
5042,2020-10-02 15:41:00,46.57,46.57,46.42,46.42,0,0,56027
5043,2020-10-02 15:42:00,46.41,46.47,46.41,46.43,0,0,66057
5044,2020-10-02 15:43:00,46.43,46.48,46.43,46.46,0,0,27054
5045,2020-10-02 15:44:00,46.46,46.46,46.43,46.44,0,0,18438
5046,2020-10-02 15:45:00,46.43,46.43,46.35,46.36,0,0,41641
5047,2020-10-02 15:46:00,46.35,46.36,46.32,46.32,0,0,20990
5048,2020-10-02 15:47:00,46.32,46.36,46.31,46.34,0,0,57319
5049,2020-10-02 15:48:00,46.33,46.34,46.29,46.31,0,0,33225
5050,2020-10-02 15:49:00,46.31,46.36,46.31,46.35,0,0,63642
5051,2020-10-02 15:50:00,46.34,46.36,46.25,46.25,0,0,63649
5052,2020-10-02 15:51:00,46.24,46.29,46.21,46.29,0,0,52580
5053,2020-10-02 15:52:00,46.29,46.29,46.25,46.28,0,0,38210
5054,2020-10-02 15:53:00,46.28,46.33,46.28,46.31,0,0,41197
5055,2020-10-02 15:54:00,46.3,46.31,46.26,46.26,0,0,49938
5056,2020-10-02 15:55:00,46.27,46.28,46.24,46.26,0,0,60829
5057,2020-10-02 15:56:00,46.26,46.32,46.26,46.29,0,0,82278
5058,2020-10-02 15:57:00,46.29,46.32,46.26,46.31,0,0,66869
5059,2020-10-02 15:58:00,46.31,46.32,46.24,46.25,0,0,92828
5060,2020-10-02 15:59:00,46.24,46.26,46.1,46.13,0,0,248624
5061,2020-10-05 09:30:00,46.46,46.56,46.45,46.54,0,0,63368
5062,2020-10-05 09:31:00,46.54,46.72,46.54,46.69,0,0,131012
5063,2020-10-05 09:32:00,46.72,46.86,46.69,46.85,0,0,51723
5064,2020-10-05 09:33:00,46.94,46.98,46.94,46.97,0,0,304496
5065,2020-10-05 09:34:00,46.99,46.99,46.79,46.79,0,0,41294
5066,2020-10-05 09:35:00,46.74,46.76,46.53,46.56,0,0,73245
5067,2020-10-05 09:36:00,46.57,46.58,46.37,46.37,0,0,64443
5068,2020-10-05 09:37:00,46.39,46.42,46.21,46.25,0,0,46094
5069,2020-10-05 09:38:00,46.26,46.54,46.25,46.54,0,0,56482
5070,2020-10-05 09:39:00,46.52,46.6,46.49,46.52,0,0,45255
5071,2020-10-05 09:40:00,46.53,46.56,46.48,46.56,0,0,22153
5072,2020-10-05 09:41:00,46.54,46.56,46.36,46.37,0,0,28264
5073,2020-10-05 09:42:00,46.38,46.45,46.36,46.39,0,0,43181
5074,2020-10-05 09:43:00,46.39,46.46,46.37,46.37,0,0,14759
5075,2020-10-05 09:44:00,46.38,46.41,46.23,46.23,0,0,28280
5076,2020-10-05 09:45:00,46.24,46.39,46.24,46.38,0,0,38090
5077,2020-10-05 09:46:00,46.38,46.44,46.36,46.38,0,0,78509
5078,2020-10-05 09:47:00,46.38,46.45,46.38,46.44,0,0,19820
5079,2020-10-05 09:48:00,46.43,46.49,46.35,46.37,0,0,31927
5080,2020-10-05 09:49:00,46.37,46.39,46.33,46.35,0,0,16013
5081,2020-10-05 09:50:00,46.36,46.42,46.35,46.35,0,0,54813
5082,2020-10-05 09:51:00,46.35,46.38,46.29,46.29,0,0,18830
5083,2020-10-05 09:52:00,46.28,46.34,46.28,46.32,0,0,14061
5084,2020-10-05 09:53:00,46.32,46.38,46.29,46.33,0,0,23691
5085,2020-10-05 09:54:00,46.34,46.38,46.31,46.31,0,0,9108
5086,2020-10-05 09:55:00,46.31,46.31,46.18,46.18,0,0,44182
5087,2020-10-05 09:56:00,46.18,46.29,46.18,46.28,0,0,21732
5088,2020-10-05 09:57:00,46.28,46.31,46.21,46.21,0,0,20644
5089,2020-10-05 09:58:00,46.21,46.29,46.21,46.28,0,0,21292
5090,2020-10-05 09:59:00,46.28,46.32,46.28,46.31,0,0,21933
5091,2020-10-05 10:00:00,46.32,46.44,46.31,46.43,0,0,29033
5092,2020-10-05 10:01:00,46.43,46.43,46.37,46.4,0,0,30537
5093,2020-10-05 10:02:00,46.4,46.42,46.3,46.32,0,0,27904
5094,2020-10-05 10:03:00,46.32,46.38,46.3,46.3,0,0,12604
5095,2020-10-05 10:04:00,46.28,46.32,46.24,46.25,0,0,21961
5096,2020-10-05 10:05:00,46.25,46.34,46.24,46.27,0,0,17775
5097,2020-10-05 10:06:00,46.28,46.31,46.23,46.26,0,0,23800
5098,2020-10-05 10:07:00,46.26,46.26,46.22,46.24,0,0,31476
5099,2020-10-05 10:08:00,46.23,46.23,46.16,46.17,0,0,38278
5100,2020-10-05 10:09:00,46.18,46.2,46.12,46.2,0,0,50167
5101,2020-10-05 10:10:00,46.21,46.26,46.2,46.26,0,0,16589
5102,2020-10-05 10:11:00,46.27,46.3,46.18,46.19,0,0,36058
5103,2020-10-05 10:12:00,46.19,46.23,46.15,46.18,0,0,20428
5104,2020-10-05 10:13:00,46.19,46.26,46.17,46.24,0,0,34508
5105,2020-10-05 10:14:00,46.25,46.3,46.24,46.29,0,0,10486
5106,2020-10-05 10:15:00,46.3,46.32,46.24,46.28,0,0,26321
5107,2020-10-05 10:16:00,46.29,46.33,46.26,46.29,0,0,48846
5108,2020-10-05 10:17:00,46.29,46.3,46.25,46.25,0,0,11667
5109,2020-10-05 10:18:00,46.24,46.27,46.22,46.27,0,0,28537
5110,2020-10-05 10:19:00,46.26,46.31,46.25,46.28,0,0,29683
5111,2020-10-05 10:20:00,46.3,46.35,46.3,46.31,0,0,24906
5112,2020-10-05 10:21:00,46.31,46.39,46.29,46.38,0,0,30191
5113,2020-10-05 10:22:00,46.38,46.4,46.34,46.39,0,0,28776
5114,2020-10-05 10:23:00,46.39,46.39,46.3,46.3,0,0,27527
5115,2020-10-05 10:24:00,46.31,46.32,46.24,46.27,0,0,24486
5116,2020-10-05 10:25:00,46.29,46.31,46.28,46.31,0,0,6741
5117,2020-10-05 10:26:00,46.31,46.32,46.28,46.31,0,0,13450
5118,2020-10-05 10:27:00,46.31,46.31,46.25,46.31,0,0,20054
5119,2020-10-05 10:28:00,46.31,46.33,46.24,46.26,0,0,42100
5120,2020-10-05 10:29:00,46.25,46.35,46.23,46.34,0,0,23477
5121,2020-10-05 10:30:00,46.34,46.4,46.33,46.38,0,0,27169
5122,2020-10-05 10:31:00,46.38,46.4,46.35,46.39,0,0,33088
5123,2020-10-05 10:32:00,46.38,46.44,46.38,46.44,0,0,27467
5124,2020-10-05 10:33:00,46.44,46.46,46.39,46.44,0,0,40224
5125,2020-10-05 10:34:00,46.45,46.49,46.44,46.47,0,0,62264
5126,2020-10-05 10:35:00,46.47,46.53,46.46,46.53,0,0,42666
5127,2020-10-05 10:36:00,46.54,46.61,46.53,46.56,0,0,35615
5128,2020-10-05 10:37:00,46.56,46.56,46.54,46.56,0,0,13494
5129,2020-10-05 10:38:00,46.55,46.55,46.5,46.55,0,0,24335
5130,2020-10-05 10:39:00,46.55,46.55,46.48,46.5,0,0,39814
5131,2020-10-05 10:40:00,46.51,46.6,46.51,46.6,0,0,17558
5132,2020-10-05 10:41:00,46.6,46.6,46.56,46.56,0,0,27166
5133,2020-10-05 10:42:00,46.55,46.55,46.5,46.5,0,0,8132
5134,2020-10-05 10:43:00,46.51,46.59,46.49,46.57,0,0,19525
5135,2020-10-05 10:44:00,46.58,46.59,46.56,46.59,0,0,35583
5136,2020-10-05 10:45:00,46.59,46.65,46.59,46.59,0,0,24349
5137,2020-10-05 10:46:00,46.6,46.62,46.56,46.56,0,0,15693
5138,2020-10-05 10:47:00,46.58,46.61,46.57,46.61,0,0,11931
5139,2020-10-05 10:48:00,46.62,46.65,46.61,46.64,0,0,7566
5140,2020-10-05 10:49:00,46.65,46.68,46.64,46.66,0,0,17271
5141,2020-10-05 10:50:00,46.66,46.72,46.66,46.69,0,0,45636
5142,2020-10-05 10:51:00,46.68,46.71,46.68,46.71,0,0,7727
5143,2020-10-05 10:52:00,46.72,46.77,46.71,46.72,0,0,28078
5144,2020-10-05 10:53:00,46.72,46.75,46.71,46.72,0,0,12384
5145,2020-10-05 10:54:00,46.72,46.72,46.7,46.7,0,0,8203
5146,2020-10-05 10:55:00,46.71,46.74,46.7,46.74,0,0,18146
5147,2020-10-05 10:56:00,46.74,46.74,46.65,46.67,0,0,24747
5148,2020-10-05 10:57:00,46.68,46.72,46.68,46.71,0,0,26190
5149,2020-10-05 10:58:00,46.71,46.71,46.66,46.66,0,0,15715
5150,2020-10-05 10:59:00,46.66,46.67,46.62,46.64,0,0,13023
5151,2020-10-05 11:00:00,46.65,46.65,46.59,46.6,0,0,13459
5152,2020-10-05 11:01:00,46.59,46.6,46.53,46.54,0,0,37582
5153,2020-10-05 11:02:00,46.54,46.61,46.54,46.61,0,0,14679
5154,2020-10-05 11:03:00,46.6,46.66,46.6,46.65,0,0,22911
5155,2020-10-05 11:04:00,46.66,46.72,46.65,46.71,0,0,15867
5156,2020-10-05 11:05:00,46.7,46.71,46.67,46.69,0,0,10339
5157,2020-10-05 11:06:00,46.69,46.69,46.67,46.67,0,0,11463
5158,2020-10-05 11:07:00,46.67,46.67,46.63,46.65,0,0,14127
5159,2020-10-05 11:08:00,46.66,46.73,46.66,46.73,0,0,11943
5160,2020-10-05 11:09:00,46.74,46.76,46.74,46.75,0,0,9437
5161,2020-10-05 11:10:00,46.75,46.81,46.75,46.79,0,0,55249
5162,2020-10-05 11:11:00,46.78,46.8,46.77,46.8,0,0,19452
5163,2020-10-05 11:12:00,46.81,46.82,46.8,46.8,0,0,13578
5164,2020-10-05 11:13:00,46.81,46.84,46.81,46.82,0,0,17814
5165,2020-10-05 11:14:00,46.83,46.86,46.78,46.79,0,0,39048
5166,2020-10-05 11:15:00,46.8,46.85,46.78,46.85,0,0,12278
5167,2020-10-05 11:16:00,46.85,46.9,46.85,46.89,0,0,35393
5168,2020-10-05 11:17:00,46.88,46.89,46.87,46.87,0,0,16642
5169,2020-10-05 11:18:00,46.88,46.9,46.87,46.88,0,0,11269
5170,2020-10-05 11:19:00,46.9,46.92,46.89,46.92,0,0,17974
5171,2020-10-05 11:20:00,46.92,46.92,46.9,46.9,0,0,11225
5172,2020-10-05 11:21:00,46.91,46.93,46.9,46.9,0,0,15929
5173,2020-10-05 11:22:00,46.91,46.91,46.86,46.88,0,0,12295
5174,2020-10-05 11:23:00,46.88,46.9,46.88,46.89,0,0,10164
5175,2020-10-05 11:24:00,46.9,46.92,46.87,46.88,0,0,19669
5176,2020-10-05 11:25:00,46.88,46.92,46.87,46.92,0,0,15120
5177,2020-10-05 11:26:00,46.93,46.93,46.9,46.91,0,0,18033
5178,2020-10-05 11:27:00,46.91,46.92,46.82,46.83,0,0,45171
5179,2020-10-05 11:28:00,46.84,46.88,46.84,46.87,0,0,17491
5180,2020-10-05 11:29:00,46.87,46.9,46.85,46.86,0,0,9542
5181,2020-10-05 11:30:00,46.87,46.89,46.85,46.89,0,0,14386
5182,2020-10-05 11:31:00,46.85,46.85,46.83,46.83,0,0,26632
5183,2020-10-05 11:32:00,46.84,46.84,46.79,46.84,0,0,20036
5184,2020-10-05 11:33:00,46.83,46.84,46.76,46.76,0,0,16660
5185,2020-10-05 11:34:00,46.75,46.75,46.72,46.73,0,0,9728
5186,2020-10-05 11:35:00,46.73,46.76,46.72,46.73,0,0,29969
5187,2020-10-05 11:36:00,46.72,46.76,46.71,46.76,0,0,14247
5188,2020-10-05 11:37:00,46.76,46.77,46.72,46.72,0,0,16953
5189,2020-10-05 11:38:00,46.72,46.74,46.69,46.72,0,0,27269
5190,2020-10-05 11:39:00,46.72,46.72,46.67,46.68,0,0,17926
5191,2020-10-05 11:40:00,46.67,46.67,46.61,46.61,0,0,20949
5192,2020-10-05 11:41:00,46.62,46.65,46.6,46.61,0,0,18321
5193,2020-10-05 11:42:00,46.62,46.65,46.6,46.63,0,0,9162
5194,2020-10-05 11:43:00,46.62,46.68,46.61,46.68,0,0,14518
5195,2020-10-05 11:44:00,46.68,46.72,46.65,46.71,0,0,15888
5196,2020-10-05 11:45:00,46.71,46.74,46.69,46.73,0,0,17443
5197,2020-10-05 11:46:00,46.73,46.78,46.73,46.75,0,0,17599
5198,2020-10-05 11:47:00,46.74,46.74,46.71,46.72,0,0,8684
5199,2020-10-05 11:48:00,46.73,46.73,46.71,46.71,0,0,8452
5200,2020-10-05 11:49:00,46.7,46.72,46.66,46.66,0,0,31272
5201,2020-10-05 11:50:00,46.67,46.67,46.64,46.66,0,0,20379
5202,2020-10-05 11:51:00,46.66,46.69,46.65,46.67,0,0,10964
5203,2020-10-05 11:52:00,46.67,46.69,46.67,46.69,0,0,4050
5204,2020-10-05 11:53:00,46.69,46.72,46.69,46.7,0,0,7964
5205,2020-10-05 11:54:00,46.69,46.71,46.67,46.67,0,0,7632
5206,2020-10-05 11:55:00,46.67,46.71,46.67,46.7,0,0,9361
5207,2020-10-05 11:56:00,46.69,46.71,46.68,46.7,0,0,23369
5208,2020-10-05 11:57:00,46.71,46.73,46.7,46.73,0,0,8278
5209,2020-10-05 11:58:00,46.72,46.75,46.72,46.75,0,0,16693
5210,2020-10-05 11:59:00,46.75,46.79,46.75,46.79,0,0,15180
5211,2020-10-05 12:00:00,46.78,46.79,46.77,46.78,0,0,24829
5212,2020-10-05 12:01:00,46.77,46.77,46.75,46.76,0,0,9194
5213,2020-10-05 12:02:00,46.76,46.76,46.73,46.75,0,0,9950
5214,2020-10-05 12:03:00,46.74,46.77,46.73,46.77,0,0,5635
5215,2020-10-05 12:04:00,46.77,46.84,46.77,46.82,0,0,25127
5216,2020-10-05 12:05:00,46.82,46.86,46.82,46.85,0,0,16679
5217,2020-10-05 12:06:00,46.85,46.87,46.84,46.85,0,0,23733
5218,2020-10-05 12:07:00,46.85,46.9,46.84,46.85,0,0,106779
5219,2020-10-05 12:08:00,46.85,46.86,46.84,46.85,0,0,19351
5220,2020-10-05 12:09:00,46.85,46.85,46.84,46.84,0,0,2904
5221,2020-10-05 12:10:00,46.85,46.87,46.84,46.85,0,0,18679
5222,2020-10-05 12:11:00,46.84,46.85,46.83,46.85,0,0,16223
5223,2020-10-05 12:12:00,46.84,46.84,46.82,46.82,0,0,8104
5224,2020-10-05 12:13:00,46.82,46.82,46.79,46.81,0,0,6983
5225,2020-10-05 12:14:00,46.81,46.84,46.81,46.84,0,0,4611
5226,2020-10-05 12:15:00,46.85,46.86,46.84,46.85,0,0,9350
5227,2020-10-05 12:16:00,46.85,46.85,46.83,46.83,0,0,4590
5228,2020-10-05 12:17:00,46.84,46.88,46.84,46.88,0,0,31700
5229,2020-10-05 12:18:00,46.87,46.99,46.87,46.95,0,0,102163
5230,2020-10-05 12:19:00,46.96,46.97,46.94,46.94,0,0,10628
5231,2020-10-05 12:20:00,46.93,46.93,46.9,46.91,0,0,18388
5232,2020-10-05 12:21:00,46.92,46.92,46.88,46.92,0,0,8460
5233,2020-10-05 12:22:00,46.93,46.93,46.91,46.92,0,0,5398
5234,2020-10-05 12:23:00,46.92,46.92,46.89,46.89,0,0,4370
5235,2020-10-05 12:24:00,46.9,46.91,46.9,46.91,0,0,5130
5236,2020-10-05 12:25:00,46.9,46.91,46.9,46.91,0,0,8224
5237,2020-10-05 12:26:00,46.91,46.91,46.9,46.91,0,0,12473
5238,2020-10-05 12:27:00,46.92,46.95,46.92,46.95,0,0,5391
5239,2020-10-05 12:28:00,46.95,46.96,46.94,46.95,0,0,32152
5240,2020-10-05 12:29:00,46.95,46.98,46.94,46.97,0,0,20169
5241,2020-10-05 12:30:00,46.97,46.99,46.97,46.99,0,0,10695
5242,2020-10-05 12:31:00,46.98,47.0,46.98,46.99,0,0,8952
5243,2020-10-05 12:32:00,46.99,46.99,46.95,46.96,0,0,17446
5244,2020-10-05 12:33:00,46.97,46.99,46.92,46.98,0,0,66793
5245,2020-10-05 12:34:00,46.97,46.99,46.97,46.99,0,0,9856
5246,2020-10-05 12:35:00,46.98,46.99,46.97,46.97,0,0,7412
5247,2020-10-05 12:36:00,46.97,46.97,46.94,46.94,0,0,11636
5248,2020-10-05 12:37:00,46.94,46.96,46.94,46.94,0,0,11413
5249,2020-10-05 12:38:00,46.93,46.93,46.84,46.85,0,0,53721
5250,2020-10-05 12:39:00,46.86,46.88,46.86,46.88,0,0,5728
5251,2020-10-05 12:40:00,46.89,46.91,46.89,46.91,0,0,3408
5252,2020-10-05 12:41:00,46.92,46.95,46.92,46.92,0,0,5692
5253,2020-10-05 12:42:00,46.92,46.92,46.9,46.9,0,0,3606
5254,2020-10-05 12:43:00,46.92,46.92,46.91,46.91,0,0,5319
5255,2020-10-05 12:44:00,46.92,46.96,46.92,46.96,0,0,6031
5256,2020-10-05 12:45:00,46.97,46.97,46.96,46.96,0,0,5380
5257,2020-10-05 12:46:00,46.96,46.96,46.94,46.94,0,0,7187
5258,2020-10-05 12:47:00,46.94,46.95,46.93,46.95,0,0,6257
5259,2020-10-05 12:48:00,46.95,46.97,46.95,46.95,0,0,14998
5260,2020-10-05 12:49:00,46.94,46.94,46.92,46.94,0,0,6165
5261,2020-10-05 12:50:00,46.95,46.95,46.93,46.93,0,0,1773
5262,2020-10-05 12:51:00,46.94,46.96,46.93,46.96,0,0,5226
5263,2020-10-05 12:52:00,46.95,46.99,46.95,46.99,0,0,13846
5264,2020-10-05 12:53:00,46.99,46.99,46.98,46.98,0,0,12352
5265,2020-10-05 12:54:00,46.99,46.99,46.98,46.98,0,0,14208
5266,2020-10-05 12:55:00,46.98,47.0,46.97,47.0,0,0,11509
5267,2020-10-05 12:56:00,46.99,46.99,46.97,46.98,0,0,26542
5268,2020-10-05 12:57:00,46.99,47.0,46.99,46.99,0,0,11160
5269,2020-10-05 12:58:00,47.0,47.0,46.99,46.99,0,0,8201
5270,2020-10-05 12:59:00,46.99,47.09,46.99,47.06,0,0,60977
5271,2020-10-05 13:00:00,47.06,47.08,47.06,47.07,0,0,12064
5272,2020-10-05 13:01:00,47.06,47.08,47.05,47.08,0,0,9549
5273,2020-10-05 13:02:00,47.08,47.08,47.04,47.05,0,0,10060
5274,2020-10-05 13:03:00,47.04,47.06,47.03,47.06,0,0,20276
5275,2020-10-05 13:04:00,47.06,47.09,47.05,47.08,0,0,21387
5276,2020-10-05 13:05:00,47.08,47.08,47.05,47.05,0,0,10185
5277,2020-10-05 13:06:00,47.05,47.06,47.02,47.03,0,0,13763
5278,2020-10-05 13:07:00,47.02,47.04,47.02,47.03,0,0,7496
5279,2020-10-05 13:08:00,47.03,47.04,46.97,46.97,0,0,24187
5280,2020-10-05 13:09:00,46.97,46.99,46.94,46.96,0,0,14375
5281,2020-10-05 13:10:00,46.97,46.97,46.95,46.97,0,0,15918
5282,2020-10-05 13:11:00,46.96,47.0,46.96,47.0,0,0,11078
5283,2020-10-05 13:12:00,47.01,47.01,47.0,47.0,0,0,63344
5284,2020-10-05 13:13:00,46.99,46.99,46.97,46.98,0,0,9487
5285,2020-10-05 13:14:00,46.98,46.99,46.97,46.97,0,0,5355
5286,2020-10-05 13:15:00,46.97,46.99,46.95,46.95,0,0,12192
5287,2020-10-05 13:16:00,46.95,46.95,46.9,46.92,0,0,28104
5288,2020-10-05 13:17:00,46.92,46.93,46.9,46.91,0,0,11571
5289,2020-10-05 13:18:00,46.92,46.94,46.92,46.93,0,0,5287
5290,2020-10-05 13:19:00,46.94,46.94,46.91,46.92,0,0,5563
5291,2020-10-05 13:20:00,46.91,46.91,46.86,46.87,0,0,14682
5292,2020-10-05 13:21:00,46.86,46.88,46.86,46.88,0,0,6555
5293,2020-10-05 13:22:00,46.88,46.89,46.87,46.88,0,0,5547
5294,2020-10-05 13:23:00,46.89,46.9,46.89,46.9,0,0,2384
5295,2020-10-05 13:24:00,46.9,46.93,46.9,46.92,0,0,8453
5296,2020-10-05 13:25:00,46.91,46.92,46.91,46.92,0,0,10637
5297,2020-10-05 13:26:00,46.92,46.97,46.92,46.96,0,0,9296
5298,2020-10-05 13:27:00,46.96,46.97,46.95,46.97,0,0,13316
5299,2020-10-05 13:28:00,46.97,46.97,46.95,46.97,0,0,13932
5300,2020-10-05 13:29:00,46.97,46.99,46.97,46.98,0,0,7168
5301,2020-10-05 13:30:00,46.98,46.99,46.93,46.94,0,0,18200
5302,2020-10-05 13:31:00,46.94,46.94,46.91,46.91,0,0,12650
5303,2020-10-05 13:32:00,46.9,46.9,46.85,46.85,0,0,17031
5304,2020-10-05 13:33:00,46.85,46.87,46.83,46.86,0,0,22019
5305,2020-10-05 13:34:00,46.85,46.88,46.85,46.87,0,0,10411
5306,2020-10-05 13:35:00,46.87,46.88,46.86,46.86,0,0,8960
5307,2020-10-05 13:36:00,46.87,46.88,46.87,46.88,0,0,15414
5308,2020-10-05 13:37:00,46.88,46.91,46.88,46.91,0,0,5782
5309,2020-10-05 13:38:00,46.91,46.92,46.9,46.92,0,0,4139
5310,2020-10-05 13:39:00,46.92,46.97,46.92,46.97,0,0,7219
5311,2020-10-05 13:40:00,46.97,46.98,46.97,46.97,0,0,9463
5312,2020-10-05 13:41:00,46.97,46.98,46.96,46.96,0,0,10477
5313,2020-10-05 13:42:00,46.96,46.97,46.95,46.95,0,0,11618
5314,2020-10-05 13:43:00,46.96,46.97,46.95,46.96,0,0,11610
5315,2020-10-05 13:44:00,46.96,46.97,46.96,46.96,0,0,23614
5316,2020-10-05 13:45:00,46.96,46.99,46.96,46.99,0,0,7146
5317,2020-10-05 13:46:00,46.99,46.99,46.97,46.99,0,0,16550
5318,2020-10-05 13:47:00,46.98,46.98,46.9,46.91,0,0,38814
5319,2020-10-05 13:48:00,46.93,46.93,46.87,46.87,0,0,27847
5320,2020-10-05 13:49:00,46.87,46.89,46.86,46.89,0,0,5362
5321,2020-10-05 13:50:00,46.88,46.89,46.86,46.87,0,0,4820
5322,2020-10-05 13:51:00,46.88,46.89,46.85,46.87,0,0,12305
5323,2020-10-05 13:52:00,46.87,46.88,46.85,46.85,0,0,20360
5324,2020-10-05 13:53:00,46.86,46.87,46.85,46.87,0,0,9801
5325,2020-10-05 13:54:00,46.87,46.88,46.86,46.88,0,0,7961
5326,2020-10-05 13:55:00,46.88,46.89,46.87,46.89,0,0,2223
5327,2020-10-05 13:56:00,46.88,46.89,46.84,46.85,0,0,11174
5328,2020-10-05 13:57:00,46.85,46.88,46.84,46.88,0,0,7899
5329,2020-10-05 13:58:00,46.88,46.89,46.88,46.88,0,0,2096
5330,2020-10-05 13:59:00,46.88,46.91,46.88,46.9,0,0,9358
5331,2020-10-05 14:00:00,46.9,46.92,46.9,46.91,0,0,16640
5332,2020-10-05 14:01:00,46.91,46.92,46.86,46.87,0,0,11111
5333,2020-10-05 14:02:00,46.87,46.88,46.85,46.86,0,0,6757
5334,2020-10-05 14:03:00,46.86,46.86,46.82,46.83,0,0,14774
5335,2020-10-05 14:04:00,46.82,46.83,46.78,46.79,0,0,43238
5336,2020-10-05 14:05:00,46.78,46.82,46.78,46.79,0,0,8766
5337,2020-10-05 14:06:00,46.8,46.81,46.79,46.8,0,0,16130
5338,2020-10-05 14:07:00,46.81,46.82,46.79,46.81,0,0,10498
5339,2020-10-05 14:08:00,46.8,46.81,46.79,46.81,0,0,25065
5340,2020-10-05 14:09:00,46.81,46.84,46.81,46.84,0,0,26866
5341,2020-10-05 14:10:00,46.83,46.85,46.83,46.85,0,0,15021
5342,2020-10-05 14:11:00,46.84,46.85,46.83,46.83,0,0,9500
5343,2020-10-05 14:12:00,46.84,46.84,46.82,46.83,0,0,7112
5344,2020-10-05 14:13:00,46.83,46.86,46.83,46.85,0,0,6679
5345,2020-10-05 14:14:00,46.86,46.86,46.84,46.85,0,0,7453
5346,2020-10-05 14:15:00,46.85,46.85,46.83,46.83,0,0,11025
5347,2020-10-05 14:16:00,46.83,46.85,46.82,46.85,0,0,19363
5348,2020-10-05 14:17:00,46.85,46.85,46.82,46.82,0,0,6551
5349,2020-10-05 14:18:00,46.83,46.83,46.82,46.83,0,0,2143
5350,2020-10-05 14:19:00,46.85,46.85,46.81,46.82,0,0,7283
5351,2020-10-05 14:20:00,46.82,46.83,46.82,46.83,0,0,4722
5352,2020-10-05 14:21:00,46.83,46.87,46.83,46.87,0,0,10128
5353,2020-10-05 14:22:00,46.87,46.91,46.87,46.91,0,0,12188
5354,2020-10-05 14:23:00,46.9,46.93,46.9,46.9,0,0,16882
5355,2020-10-05 14:24:00,46.9,46.91,46.9,46.91,0,0,3556
5356,2020-10-05 14:25:00,46.9,46.93,46.9,46.92,0,0,4613
5357,2020-10-05 14:26:00,46.93,46.93,46.89,46.89,0,0,12432
5358,2020-10-05 14:27:00,46.88,46.88,46.84,46.84,0,0,17110
5359,2020-10-05 14:28:00,46.83,46.87,46.83,46.87,0,0,7197
5360,2020-10-05 14:29:00,46.88,46.89,46.88,46.89,0,0,4761
5361,2020-10-05 14:30:00,46.88,46.92,46.88,46.92,0,0,12266
5362,2020-10-05 14:31:00,46.92,46.93,46.91,46.92,0,0,16397
5363,2020-10-05 14:32:00,46.92,46.92,46.9,46.9,0,0,4788
5364,2020-10-05 14:33:00,46.91,46.92,46.9,46.91,0,0,8726
5365,2020-10-05 14:34:00,46.92,46.93,46.91,46.92,0,0,4641
5366,2020-10-05 14:35:00,46.93,46.94,46.92,46.94,0,0,13271
5367,2020-10-05 14:36:00,46.94,46.99,46.94,46.98,0,0,33202
5368,2020-10-05 14:37:00,46.98,47.0,46.96,46.99,0,0,18270
5369,2020-10-05 14:38:00,46.98,46.98,46.97,46.97,0,0,11586
5370,2020-10-05 14:39:00,46.98,47.02,46.98,47.01,0,0,11529
5371,2020-10-05 14:40:00,47.02,47.05,47.02,47.04,0,0,22111
5372,2020-10-05 14:41:00,47.04,47.04,47.01,47.03,0,0,27010
5373,2020-10-05 14:42:00,47.03,47.06,47.02,47.03,0,0,26158
5374,2020-10-05 14:43:00,47.03,47.03,47.02,47.03,0,0,4361
5375,2020-10-05 14:44:00,47.03,47.04,47.02,47.02,0,0,17202
5376,2020-10-05 14:45:00,47.03,47.04,47.02,47.03,0,0,2816
5377,2020-10-05 14:46:00,47.03,47.03,47.02,47.03,0,0,4516
5378,2020-10-05 14:47:00,47.03,47.03,47.0,47.0,0,0,30642
5379,2020-10-05 14:48:00,46.99,47.01,46.99,47.01,0,0,8532
5380,2020-10-05 14:49:00,47.01,47.01,47.0,47.01,0,0,5142
5381,2020-10-05 14:50:00,47.0,47.07,47.0,47.07,0,0,15562
5382,2020-10-05 14:51:00,47.06,47.06,47.04,47.04,0,0,16430
5383,2020-10-05 14:52:00,47.04,47.04,47.02,47.03,0,0,19820
5384,2020-10-05 14:53:00,47.03,47.07,47.03,47.06,0,0,19150
5385,2020-10-05 14:54:00,47.06,47.08,47.06,47.08,0,0,9271
5386,2020-10-05 14:55:00,47.08,47.09,47.06,47.06,0,0,19810
5387,2020-10-05 14:56:00,47.06,47.08,47.06,47.07,0,0,10659
5388,2020-10-05 14:57:00,47.06,47.08,47.06,47.08,0,0,15846
5389,2020-10-05 14:58:00,47.08,47.15,47.07,47.13,0,0,42905
5390,2020-10-05 14:59:00,47.14,47.2,47.13,47.19,0,0,44016
5391,2020-10-05 15:00:00,47.2,47.2,47.13,47.14,0,0,22924
5392,2020-10-05 15:01:00,47.13,47.16,47.13,47.15,0,0,10994
5393,2020-10-05 15:02:00,47.16,47.17,47.15,47.16,0,0,7380
5394,2020-10-05 15:03:00,47.15,47.17,47.15,47.17,0,0,14346
5395,2020-10-05 15:04:00,47.17,47.17,47.13,47.15,0,0,22132
5396,2020-10-05 15:05:00,47.15,47.15,47.12,47.13,0,0,22733
5397,2020-10-05 15:06:00,47.13,47.14,47.12,47.14,0,0,139304
5398,2020-10-05 15:07:00,47.14,47.17,47.13,47.14,0,0,21887
5399,2020-10-05 15:08:00,47.15,47.16,47.15,47.16,0,0,5828
5400,2020-10-05 15:09:00,47.16,47.17,47.14,47.15,0,0,34908
5401,2020-10-05 15:10:00,47.15,47.15,47.12,47.14,0,0,13565
5402,2020-10-05 15:11:00,47.14,47.17,47.14,47.17,0,0,9551
5403,2020-10-05 15:12:00,47.17,47.18,47.15,47.15,0,0,17232
5404,2020-10-05 15:13:00,47.15,47.16,47.14,47.15,0,0,16034
5405,2020-10-05 15:14:00,47.15,47.18,47.15,47.16,0,0,18097
5406,2020-10-05 15:15:00,47.16,47.2,47.16,47.18,0,0,28050
5407,2020-10-05 15:16:00,47.19,47.2,47.18,47.2,0,0,10857
5408,2020-10-05 15:17:00,47.19,47.19,47.18,47.19,0,0,24328
5409,2020-10-05 15:18:00,47.18,47.19,47.16,47.17,0,0,28913
5410,2020-10-05 15:19:00,47.18,47.19,47.16,47.19,0,0,9232
5411,2020-10-05 15:20:00,47.2,47.22,47.19,47.22,0,0,27640
5412,2020-10-05 15:21:00,47.22,47.23,47.2,47.23,0,0,17770
5413,2020-10-05 15:22:00,47.22,47.27,47.22,47.26,0,0,48639
5414,2020-10-05 15:23:00,47.26,47.29,47.23,47.28,0,0,43863
5415,2020-10-05 15:24:00,47.28,47.32,47.28,47.29,0,0,51550
5416,2020-10-05 15:25:00,47.28,47.3,47.28,47.29,0,0,30539
5417,2020-10-05 15:26:00,47.3,47.33,47.29,47.31,0,0,22513
5418,2020-10-05 15:27:00,47.31,47.33,47.31,47.33,0,0,13003
5419,2020-10-05 15:28:00,47.32,47.34,47.32,47.34,0,0,23693
5420,2020-10-05 15:29:00,47.34,47.34,47.29,47.31,0,0,63054
5421,2020-10-05 15:30:00,47.32,47.32,47.29,47.31,0,0,66608
5422,2020-10-05 15:31:00,47.31,47.38,47.31,47.38,0,0,49670
5423,2020-10-05 15:32:00,47.38,47.43,47.38,47.42,0,0,62238
5424,2020-10-05 15:33:00,47.41,47.42,47.37,47.38,0,0,48380
5425,2020-10-05 15:34:00,47.39,47.4,47.36,47.37,0,0,58655
5426,2020-10-05 15:35:00,47.38,47.39,47.36,47.38,0,0,36671
5427,2020-10-05 15:36:00,47.38,47.42,47.37,47.42,0,0,32670
5428,2020-10-05 15:37:00,47.42,47.46,47.41,47.46,0,0,31650
5429,2020-10-05 15:38:00,47.45,47.49,47.45,47.46,0,0,66468
5430,2020-10-05 15:39:00,47.46,47.47,47.42,47.47,0,0,56063
5431,2020-10-05 15:40:00,47.47,47.49,47.45,47.46,0,0,38272
5432,2020-10-05 15:41:00,47.46,47.47,47.42,47.43,0,0,29947
5433,2020-10-05 15:42:00,47.43,47.44,47.4,47.42,0,0,57119
5434,2020-10-05 15:43:00,47.41,47.42,47.38,47.38,0,0,30783
5435,2020-10-05 15:44:00,47.39,47.4,47.38,47.4,0,0,32492
5436,2020-10-05 15:45:00,47.4,47.41,47.39,47.4,0,0,32615
5437,2020-10-05 15:46:00,47.4,47.42,47.4,47.42,0,0,14359
5438,2020-10-05 15:47:00,47.41,47.44,47.41,47.42,0,0,35456
5439,2020-10-05 15:48:00,47.42,47.42,47.38,47.39,0,0,33600
5440,2020-10-05 15:49:00,47.38,47.4,47.37,47.39,0,0,30627
5441,2020-10-05 15:50:00,47.39,47.43,47.39,47.42,0,0,79590
5442,2020-10-05 15:51:00,47.41,47.42,47.39,47.4,0,0,46863
5443,2020-10-05 15:52:00,47.4,47.41,47.39,47.4,0,0,36226
5444,2020-10-05 15:53:00,47.39,47.4,47.34,47.4,0,0,64490
5445,2020-10-05 15:54:00,47.39,47.39,47.34,47.38,0,0,92992
5446,2020-10-05 15:55:00,47.38,47.39,47.35,47.35,0,0,57455
5447,2020-10-05 15:56:00,47.35,47.36,47.3,47.3,0,0,100206
5448,2020-10-05 15:57:00,47.31,47.39,47.3,47.38,0,0,92876
5449,2020-10-05 15:58:00,47.38,47.4,47.37,47.37,0,0,74423
5450,2020-10-05 15:59:00,47.38,47.38,47.25,47.31,0,0,327940
5451,2020-10-06 09:30:00,47.27,47.27,47.25,47.25,0,0,46452
5452,2020-10-06 09:31:00,47.28,47.3,47.26,47.26,0,0,3458
5453,2020-10-06 09:32:00,47.27,47.31,47.2,47.2,0,0,132212
5454,2020-10-06 09:33:00,47.22,47.22,47.04,47.17,0,0,64017
5455,2020-10-06 09:34:00,47.18,47.28,47.12,47.22,0,0,60839
5456,2020-10-06 09:35:00,47.25,47.28,47.21,47.25,0,0,33077
5457,2020-10-06 09:36:00,47.23,47.27,47.09,47.1,0,0,33996
5458,2020-10-06 09:37:00,47.08,47.16,47.04,47.15,0,0,21000
5459,2020-10-06 09:38:00,47.15,47.16,47.1,47.16,0,0,19437
5460,2020-10-06 09:39:00,47.14,47.15,47.03,47.08,0,0,33013
5461,2020-10-06 09:40:00,47.09,47.09,46.99,46.99,0,0,35804
5462,2020-10-06 09:41:00,47.01,47.07,46.91,46.99,0,0,34231
5463,2020-10-06 09:42:00,46.99,47.0,46.93,46.97,0,0,19139
5464,2020-10-06 09:43:00,46.96,47.16,46.92,47.15,0,0,41683
5465,2020-10-06 09:44:00,47.15,47.28,47.15,47.25,0,0,69353
5466,2020-10-06 09:45:00,47.26,47.29,47.23,47.27,0,0,44822
5467,2020-10-06 09:46:00,47.27,47.27,47.15,47.25,0,0,24345
5468,2020-10-06 09:47:00,47.27,47.31,47.19,47.2,0,0,96264
5469,2020-10-06 09:48:00,47.19,47.24,47.16,47.22,0,0,27624
5470,2020-10-06 09:49:00,47.23,47.31,47.2,47.28,0,0,21754
5471,2020-10-06 09:50:00,47.28,47.29,47.23,47.26,0,0,45942
5472,2020-10-06 09:51:00,47.25,47.3,47.24,47.3,0,0,20882
5473,2020-10-06 09:52:00,47.29,47.3,47.27,47.28,0,0,20445
5474,2020-10-06 09:53:00,47.29,47.36,47.25,47.26,0,0,51854
5475,2020-10-06 09:54:00,47.27,47.32,47.27,47.31,0,0,19660
5476,2020-10-06 09:55:00,47.31,47.35,47.3,47.35,0,0,33818
5477,2020-10-06 09:56:00,47.35,47.46,47.35,47.46,0,0,55604
5478,2020-10-06 09:57:00,47.47,47.48,47.45,47.47,0,0,41284
5479,2020-10-06 09:58:00,47.46,47.57,47.46,47.57,0,0,69680
5480,2020-10-06 09:59:00,47.56,47.62,47.54,47.6,0,0,35637
5481,2020-10-06 10:00:00,47.6,47.67,47.59,47.66,0,0,47801
5482,2020-10-06 10:01:00,47.66,47.75,47.66,47.75,0,0,60622
5483,2020-10-06 10:02:00,47.75,47.78,47.72,47.77,0,0,29508
5484,2020-10-06 10:03:00,47.77,47.83,47.75,47.79,0,0,49249
5485,2020-10-06 10:04:00,47.79,47.87,47.79,47.85,0,0,37875
5486,2020-10-06 10:05:00,47.85,47.85,47.73,47.73,0,0,33547
5487,2020-10-06 10:06:00,47.73,47.75,47.71,47.71,0,0,19930
5488,2020-10-06 10:07:00,47.71,47.73,47.65,47.73,0,0,77685
5489,2020-10-06 10:08:00,47.73,47.73,47.62,47.67,0,0,37230
5490,2020-10-06 10:09:00,47.68,47.68,47.63,47.66,0,0,14917
5491,2020-10-06 10:10:00,47.66,47.68,47.6,47.68,0,0,23467
5492,2020-10-06 10:11:00,47.69,47.69,47.68,47.68,0,0,20581
5493,2020-10-06 10:12:00,47.69,47.73,47.65,47.65,0,0,18236
5494,2020-10-06 10:13:00,47.64,47.64,47.59,47.59,0,0,9160
5495,2020-10-06 10:14:00,47.63,47.64,47.6,47.6,0,0,37394
5496,2020-10-06 10:15:00,47.6,47.6,47.55,47.56,0,0,26037
5497,2020-10-06 10:16:00,47.55,47.57,47.54,47.55,0,0,8757
5498,2020-10-06 10:17:00,47.54,47.58,47.54,47.57,0,0,16985
5499,2020-10-06 10:18:00,47.56,47.61,47.56,47.59,0,0,14729
5500,2020-10-06 10:19:00,47.58,47.66,47.58,47.66,0,0,26732
5501,2020-10-06 10:20:00,47.67,47.68,47.58,47.58,0,0,64465
5502,2020-10-06 10:21:00,47.58,47.59,47.52,47.52,0,0,19023
5503,2020-10-06 10:22:00,47.52,47.52,47.43,47.44,0,0,44066
5504,2020-10-06 10:23:00,47.44,47.46,47.35,47.41,0,0,71589
5505,2020-10-06 10:24:00,47.42,47.42,47.33,47.37,0,0,41081
5506,2020-10-06 10:25:00,47.38,47.4,47.33,47.38,0,0,79305
5507,2020-10-06 10:26:00,47.39,47.46,47.37,47.44,0,0,59716
5508,2020-10-06 10:27:00,47.45,47.46,47.43,47.44,0,0,13569
5509,2020-10-06 10:28:00,47.44,47.47,47.42,47.47,0,0,13450
5510,2020-10-06 10:29:00,47.48,47.59,47.47,47.53,0,0,39237
5511,2020-10-06 10:30:00,47.54,47.54,47.47,47.49,0,0,40237
5512,2020-10-06 10:31:00,47.5,47.51,47.47,47.47,0,0,10465
5513,2020-10-06 10:32:00,47.47,47.47,47.37,47.38,0,0,21271
5514,2020-10-06 10:33:00,47.39,47.45,47.39,47.42,0,0,13740
5515,2020-10-06 10:34:00,47.42,47.51,47.41,47.49,0,0,13609
5516,2020-10-06 10:35:00,47.49,47.54,47.49,47.54,0,0,20359
5517,2020-10-06 10:36:00,47.54,47.56,47.49,47.5,0,0,13103
5518,2020-10-06 10:37:00,47.5,47.52,47.46,47.52,0,0,11678
5519,2020-10-06 10:38:00,47.52,47.53,47.48,47.5,0,0,19569
5520,2020-10-06 10:39:00,47.49,47.49,47.44,47.44,0,0,8928
5521,2020-10-06 10:40:00,47.44,47.5,47.44,47.46,0,0,14618
5522,2020-10-06 10:41:00,47.46,47.48,47.46,47.47,0,0,7376
5523,2020-10-06 10:42:00,47.47,47.49,47.46,47.46,0,0,16459
5524,2020-10-06 10:43:00,47.47,47.47,47.29,47.35,0,0,52217
5525,2020-10-06 10:44:00,47.35,47.36,47.27,47.34,0,0,37540
5526,2020-10-06 10:45:00,47.35,47.38,47.32,47.37,0,0,21984
5527,2020-10-06 10:46:00,47.37,47.37,47.33,47.36,0,0,19181
5528,2020-10-06 10:47:00,47.35,47.41,47.34,47.4,0,0,8589
5529,2020-10-06 10:48:00,47.4,47.42,47.37,47.41,0,0,18010
5530,2020-10-06 10:49:00,47.42,47.42,47.39,47.41,0,0,11348
5531,2020-10-06 10:50:00,47.42,47.51,47.42,47.5,0,0,34127
5532,2020-10-06 10:51:00,47.51,47.54,47.51,47.52,0,0,7198
5533,2020-10-06 10:52:00,47.53,47.53,47.49,47.51,0,0,16851
5534,2020-10-06 10:53:00,47.5,47.53,47.48,47.52,0,0,13593
5535,2020-10-06 10:54:00,47.51,47.51,47.44,47.44,0,0,12114
5536,2020-10-06 10:55:00,47.44,47.44,47.42,47.44,0,0,7983
5537,2020-10-06 10:56:00,47.44,47.45,47.41,47.42,0,0,25710
5538,2020-10-06 10:57:00,47.42,47.42,47.39,47.4,0,0,10863
5539,2020-10-06 10:58:00,47.4,47.43,47.38,47.39,0,0,19114
5540,2020-10-06 10:59:00,47.4,47.41,47.37,47.38,0,0,17384
5541,2020-10-06 11:00:00,47.38,47.4,47.35,47.37,0,0,19783
5542,2020-10-06 11:01:00,47.38,47.41,47.38,47.4,0,0,18017
5543,2020-10-06 11:02:00,47.39,47.39,47.35,47.35,0,0,8942
5544,2020-10-06 11:03:00,47.36,47.37,47.35,47.35,0,0,11347
5545,2020-10-06 11:04:00,47.35,47.35,47.2,47.25,0,0,73439
5546,2020-10-06 11:05:00,47.25,47.26,47.17,47.2,0,0,26971
5547,2020-10-06 11:06:00,47.2,47.23,47.19,47.21,0,0,22868
5548,2020-10-06 11:07:00,47.21,47.22,47.13,47.15,0,0,20349
5549,2020-10-06 11:08:00,47.15,47.16,47.15,47.16,0,0,3265
5550,2020-10-06 11:09:00,47.13,47.14,47.11,47.13,0,0,22626
5551,2020-10-06 11:10:00,47.12,47.12,47.09,47.09,0,0,17424
5552,2020-10-06 11:11:00,47.07,47.11,47.07,47.1,0,0,35503
5553,2020-10-06 11:12:00,47.1,47.14,47.1,47.12,0,0,16186
5554,2020-10-06 11:13:00,47.12,47.15,47.07,47.08,0,0,25178
5555,2020-10-06 11:14:00,47.08,47.12,47.06,47.09,0,0,19695
5556,2020-10-06 11:15:00,47.09,47.1,47.07,47.08,0,0,10250
5557,2020-10-06 11:16:00,47.07,47.08,47.04,47.04,0,0,29173
5558,2020-10-06 11:17:00,47.05,47.05,46.97,47.0,0,0,44076
5559,2020-10-06 11:18:00,46.99,47.0,46.92,46.94,0,0,27184
5560,2020-10-06 11:19:00,46.94,46.97,46.91,46.91,0,0,20042
5561,2020-10-06 11:20:00,46.9,46.9,46.81,46.88,0,0,86346
5562,2020-10-06 11:21:00,46.87,46.9,46.84,46.87,0,0,42325
5563,2020-10-06 11:22:00,46.87,46.87,46.81,46.81,0,0,12254
5564,2020-10-06 11:23:00,46.8,46.83,46.79,46.79,0,0,44217
5565,2020-10-06 11:24:00,46.78,46.81,46.72,46.72,0,0,54245
5566,2020-10-06 11:25:00,46.72,46.74,46.63,46.66,0,0,70168
5567,2020-10-06 11:26:00,46.65,46.69,46.63,46.69,0,0,87236
5568,2020-10-06 11:27:00,46.69,46.71,46.61,46.62,0,0,38031
5569,2020-10-06 11:28:00,46.62,46.7,46.6,46.68,0,0,57604
5570,2020-10-06 11:29:00,46.68,46.74,46.67,46.72,0,0,36400
5571,2020-10-06 11:30:00,46.71,46.71,46.65,46.69,0,0,22247
5572,2020-10-06 11:31:00,46.69,46.69,46.65,46.69,0,0,23841
5573,2020-10-06 11:32:00,46.68,46.73,46.68,46.7,0,0,22036
5574,2020-10-06 11:33:00,46.69,46.69,46.56,46.57,0,0,54955
5575,2020-10-06 11:34:00,46.58,46.65,46.58,46.6,0,0,63477
5576,2020-10-06 11:35:00,46.6,46.67,46.58,46.65,0,0,36051
5577,2020-10-06 11:36:00,46.65,46.65,46.54,46.56,0,0,26233
5578,2020-10-06 11:37:00,46.55,46.61,46.54,46.6,0,0,34915
5579,2020-10-06 11:38:00,46.6,46.65,46.57,46.64,0,0,31637
5580,2020-10-06 11:39:00,46.64,46.68,46.64,46.66,0,0,21579
5581,2020-10-06 11:40:00,46.66,46.72,46.66,46.71,0,0,45404
5582,2020-10-06 11:41:00,46.71,46.72,46.65,46.65,0,0,27747
5583,2020-10-06 11:42:00,46.65,46.67,46.62,46.62,0,0,22291
5584,2020-10-06 11:43:00,46.62,46.7,46.62,46.69,0,0,56793
5585,2020-10-06 11:44:00,46.69,46.72,46.68,46.72,0,0,18294
5586,2020-10-06 11:45:00,46.72,46.72,46.66,46.66,0,0,29589
5587,2020-10-06 11:46:00,46.67,46.67,46.58,46.59,0,0,49795
5588,2020-10-06 11:47:00,46.59,46.59,46.51,46.51,0,0,46203
5589,2020-10-06 11:48:00,46.51,46.55,46.48,46.53,0,0,48595
5590,2020-10-06 11:49:00,46.53,46.54,46.49,46.5,0,0,29169
5591,2020-10-06 11:50:00,46.49,46.49,46.42,46.43,0,0,62177
5592,2020-10-06 11:51:00,46.44,46.45,46.39,46.4,0,0,30725
5593,2020-10-06 11:52:00,46.41,46.41,46.37,46.41,0,0,47238
5594,2020-10-06 11:53:00,46.41,46.45,46.4,46.45,0,0,31742
5595,2020-10-06 11:54:00,46.45,46.48,46.43,46.44,0,0,35821
5596,2020-10-06 11:55:00,46.44,46.44,46.4,46.44,0,0,17525
5597,2020-10-06 11:56:00,46.44,46.46,46.42,46.42,0,0,31168
5598,2020-10-06 11:57:00,46.43,46.45,46.4,46.44,0,0,33582
5599,2020-10-06 11:58:00,46.44,46.47,46.44,46.46,0,0,22515
5600,2020-10-06 11:59:00,46.46,46.47,46.38,46.38,0,0,29480
5601,2020-10-06 12:00:00,46.37,46.43,46.36,46.42,0,0,57227
5602,2020-10-06 12:01:00,46.42,46.52,46.42,46.51,0,0,58946
5603,2020-10-06 12:02:00,46.51,46.51,46.44,46.44,0,0,18681
5604,2020-10-06 12:03:00,46.43,46.51,46.43,46.51,0,0,44060
5605,2020-10-06 12:04:00,46.51,46.52,46.45,46.46,0,0,22614
5606,2020-10-06 12:05:00,46.46,46.46,46.41,46.44,0,0,28698
5607,2020-10-06 12:06:00,46.43,46.52,46.43,46.52,0,0,37019
5608,2020-10-06 12:07:00,46.52,46.59,46.51,46.58,0,0,52116
5609,2020-10-06 12:08:00,46.58,46.59,46.51,46.53,0,0,22633
5610,2020-10-06 12:09:00,46.53,46.54,46.52,46.53,0,0,23210
5611,2020-10-06 12:10:00,46.54,46.55,46.49,46.5,0,0,25618
5612,2020-10-06 12:11:00,46.49,46.5,46.4,46.4,0,0,36240
5613,2020-10-06 12:12:00,46.4,46.4,46.26,46.3,0,0,142337
5614,2020-10-06 12:13:00,46.3,46.34,46.29,46.3,0,0,67977
5615,2020-10-06 12:14:00,46.29,46.3,46.25,46.3,0,0,38336
5616,2020-10-06 12:15:00,46.29,46.31,46.26,46.29,0,0,36205
5617,2020-10-06 12:16:00,46.29,46.33,46.28,46.33,0,0,31684
5618,2020-10-06 12:17:00,46.33,46.37,46.31,46.35,0,0,39542
5619,2020-10-06 12:18:00,46.36,46.44,46.36,46.44,0,0,34467
5620,2020-10-06 12:19:00,46.45,46.53,46.45,46.52,0,0,31534
5621,2020-10-06 12:20:00,46.53,46.57,46.51,46.57,0,0,36189
5622,2020-10-06 12:21:00,46.56,46.56,46.52,46.56,0,0,26118
5623,2020-10-06 12:22:00,46.56,46.58,46.55,46.58,0,0,39216
5624,2020-10-06 12:23:00,46.58,46.6,46.57,46.57,0,0,28325
5625,2020-10-06 12:24:00,46.57,46.58,46.5,46.51,0,0,22585
5626,2020-10-06 12:25:00,46.51,46.53,46.48,46.5,0,0,30867
5627,2020-10-06 12:26:00,46.49,46.49,46.43,46.44,0,0,27154
5628,2020-10-06 12:27:00,46.44,46.47,46.44,46.47,0,0,35772
5629,2020-10-06 12:28:00,46.47,46.55,46.47,46.53,0,0,28667
5630,2020-10-06 12:29:00,46.54,46.54,46.49,46.5,0,0,11328
5631,2020-10-06 12:30:00,46.5,46.5,46.46,46.46,0,0,20801
5632,2020-10-06 12:31:00,46.46,46.46,46.36,46.37,0,0,25971
5633,2020-10-06 12:32:00,46.38,46.38,46.35,46.37,0,0,22760
5634,2020-10-06 12:33:00,46.37,46.38,46.34,46.34,0,0,20261
5635,2020-10-06 12:34:00,46.35,46.35,46.33,46.35,0,0,20972
5636,2020-10-06 12:35:00,46.35,46.38,46.35,46.38,0,0,25806
5637,2020-10-06 12:36:00,46.38,46.4,46.38,46.38,0,0,23311
5638,2020-10-06 12:37:00,46.38,46.4,46.37,46.39,0,0,38927
5639,2020-10-06 12:38:00,46.39,46.42,46.39,46.41,0,0,16806
5640,2020-10-06 12:39:00,46.4,46.4,46.33,46.35,0,0,24492
5641,2020-10-06 12:40:00,46.35,46.35,46.3,46.31,0,0,23875
5642,2020-10-06 12:41:00,46.3,46.33,46.26,46.32,0,0,57944
5643,2020-10-06 12:42:00,46.33,46.39,46.33,46.38,0,0,30513
5644,2020-10-06 12:43:00,46.38,46.39,46.35,46.37,0,0,15767
5645,2020-10-06 12:44:00,46.37,46.37,46.33,46.33,0,0,19605
5646,2020-10-06 12:45:00,46.34,46.38,46.33,46.35,0,0,36549
5647,2020-10-06 12:46:00,46.35,46.37,46.31,46.32,0,0,15914
5648,2020-10-06 12:47:00,46.32,46.32,46.3,46.32,0,0,17323
5649,2020-10-06 12:48:00,46.32,46.36,46.31,46.35,0,0,31729
5650,2020-10-06 12:49:00,46.35,46.37,46.34,46.35,0,0,16051
5651,2020-10-06 12:50:00,46.35,46.39,46.35,46.37,0,0,29005
5652,2020-10-06 12:51:00,46.38,46.38,46.31,46.32,0,0,25918
5653,2020-10-06 12:52:00,46.32,46.32,46.29,46.29,0,0,13709
5654,2020-10-06 12:53:00,46.29,46.36,46.29,46.33,0,0,66719
5655,2020-10-06 12:54:00,46.33,46.33,46.29,46.3,0,0,12637
5656,2020-10-06 12:55:00,46.31,46.31,46.26,46.27,0,0,25774
5657,2020-10-06 12:56:00,46.27,46.28,46.23,46.23,0,0,80218
5658,2020-10-06 12:57:00,46.24,46.24,46.2,46.23,0,0,69852
5659,2020-10-06 12:58:00,46.23,46.23,46.19,46.21,0,0,19455
5660,2020-10-06 12:59:00,46.21,46.22,46.19,46.22,0,0,23296
5661,2020-10-06 13:00:00,46.22,46.32,46.21,46.31,0,0,54437
5662,2020-10-06 13:01:00,46.32,46.32,46.29,46.31,0,0,11911
5663,2020-10-06 13:02:00,46.31,46.43,46.31,46.42,0,0,58083
5664,2020-10-06 13:03:00,46.42,46.48,46.42,46.48,0,0,27260
5665,2020-10-06 13:04:00,46.47,46.5,46.4,46.43,0,0,64863
5666,2020-10-06 13:05:00,46.42,46.45,46.42,46.45,0,0,14300
5667,2020-10-06 13:06:00,46.46,46.47,46.45,46.46,0,0,11795
5668,2020-10-06 13:07:00,46.47,46.47,46.45,46.46,0,0,15719
5669,2020-10-06 13:08:00,46.45,46.49,46.41,46.46,0,0,52477
5670,2020-10-06 13:09:00,46.46,46.53,46.46,46.53,0,0,26440
5671,2020-10-06 13:10:00,46.52,46.54,46.51,46.52,0,0,28320
5672,2020-10-06 13:11:00,46.53,46.53,46.51,46.53,0,0,11287
5673,2020-10-06 13:12:00,46.53,46.53,46.46,46.49,0,0,38267
5674,2020-10-06 13:13:00,46.48,46.48,46.44,46.44,0,0,16162
5675,2020-10-06 13:14:00,46.44,46.45,46.37,46.38,0,0,22986
5676,2020-10-06 13:15:00,46.39,46.42,46.36,46.38,0,0,76490
5677,2020-10-06 13:16:00,46.38,46.45,46.38,46.42,0,0,35823
5678,2020-10-06 13:17:00,46.41,46.41,46.38,46.39,0,0,18997
5679,2020-10-06 13:18:00,46.39,46.44,46.39,46.44,0,0,23486
5680,2020-10-06 13:19:00,46.43,46.43,46.34,46.34,0,0,18982
5681,2020-10-06 13:20:00,46.34,46.34,46.32,46.34,0,0,23970
5682,2020-10-06 13:21:00,46.33,46.37,46.33,46.33,0,0,24463
5683,2020-10-06 13:22:00,46.34,46.38,46.34,46.38,0,0,36671
5684,2020-10-06 13:23:00,46.38,46.39,46.37,46.38,0,0,13822
5685,2020-10-06 13:24:00,46.38,46.38,46.29,46.29,0,0,22548
5686,2020-10-06 13:25:00,46.28,46.3,46.28,46.29,0,0,15193
5687,2020-10-06 13:26:00,46.29,46.34,46.29,46.31,0,0,34513
5688,2020-10-06 13:27:00,46.31,46.32,46.28,46.31,0,0,19155
5689,2020-10-06 13:28:00,46.3,46.31,46.27,46.3,0,0,28111
5690,2020-10-06 13:29:00,46.31,46.33,46.3,46.33,0,0,19625
5691,2020-10-06 13:30:00,46.32,46.34,46.31,46.33,0,0,28421
5692,2020-10-06 13:31:00,46.32,46.33,46.29,46.31,0,0,13603
5693,2020-10-06 13:32:00,46.31,46.31,46.28,46.29,0,0,17778
5694,2020-10-06 13:33:00,46.29,46.33,46.28,46.32,0,0,25756
5695,2020-10-06 13:34:00,46.33,46.33,46.31,46.31,0,0,20958
5696,2020-10-06 13:35:00,46.31,46.32,46.29,46.29,0,0,10677
5697,2020-10-06 13:36:00,46.28,46.28,46.24,46.24,0,0,15039
5698,2020-10-06 13:37:00,46.25,46.25,46.22,46.23,0,0,15144
5699,2020-10-06 13:38:00,46.24,46.29,46.24,46.29,0,0,32784
5700,2020-10-06 13:39:00,46.29,46.33,46.29,46.33,0,0,23432
5701,2020-10-06 13:40:00,46.33,46.34,46.33,46.33,0,0,11365
5702,2020-10-06 13:41:00,46.34,46.39,46.34,46.38,0,0,24021
5703,2020-10-06 13:42:00,46.37,46.38,46.31,46.37,0,0,43070
5704,2020-10-06 13:43:00,46.37,46.37,46.28,46.29,0,0,40517
5705,2020-10-06 13:44:00,46.29,46.3,46.25,46.26,0,0,29363
5706,2020-10-06 13:45:00,46.26,46.26,46.2,46.25,0,0,24105
5707,2020-10-06 13:46:00,46.24,46.26,46.23,46.25,0,0,19324
5708,2020-10-06 13:47:00,46.26,46.28,46.23,46.25,0,0,32693
5709,2020-10-06 13:48:00,46.25,46.26,46.22,46.24,0,0,13271
5710,2020-10-06 13:49:00,46.23,46.24,46.23,46.23,0,0,16658
5711,2020-10-06 13:50:00,46.22,46.24,46.13,46.13,0,0,45877
5712,2020-10-06 13:51:00,46.15,46.17,46.12,46.17,0,0,87986
5713,2020-10-06 13:52:00,46.17,46.26,46.17,46.22,0,0,33332
5714,2020-10-06 13:53:00,46.22,46.24,46.21,46.22,0,0,7705
5715,2020-10-06 13:54:00,46.21,46.23,46.19,46.23,0,0,19292
5716,2020-10-06 13:55:00,46.24,46.24,46.2,46.2,0,0,22296
5717,2020-10-06 13:56:00,46.2,46.2,46.14,46.15,0,0,19157
5718,2020-10-06 13:57:00,46.16,46.16,46.13,46.14,0,0,35713
5719,2020-10-06 13:58:00,46.15,46.16,46.14,46.15,0,0,29418
5720,2020-10-06 13:59:00,46.15,46.16,46.14,46.15,0,0,14900
5721,2020-10-06 14:00:00,46.15,46.18,46.15,46.16,0,0,19035
5722,2020-10-06 14:01:00,46.17,46.17,46.09,46.16,0,0,53559
5723,2020-10-06 14:02:00,46.15,46.23,46.15,46.19,0,0,53069
5724,2020-10-06 14:03:00,46.18,46.23,46.1,46.1,0,0,55221
5725,2020-10-06 14:04:00,46.1,46.13,46.1,46.12,0,0,29395
5726,2020-10-06 14:05:00,46.12,46.13,46.12,46.13,0,0,10048
5727,2020-10-06 14:06:00,46.14,46.19,46.13,46.16,0,0,46559
5728,2020-10-06 14:07:00,46.17,46.2,46.16,46.19,0,0,23075
5729,2020-10-06 14:08:00,46.2,46.22,46.18,46.19,0,0,21313
5730,2020-10-06 14:09:00,46.18,46.2,46.16,46.17,0,0,20523
5731,2020-10-06 14:10:00,46.17,46.19,46.17,46.17,0,0,16156
5732,2020-10-06 14:11:00,46.17,46.18,46.15,46.15,0,0,29209
5733,2020-10-06 14:12:00,46.15,46.18,46.12,46.15,0,0,47107
5734,2020-10-06 14:13:00,46.15,46.17,46.15,46.17,0,0,10745
5735,2020-10-06 14:14:00,46.17,46.19,46.15,46.17,0,0,35199
5736,2020-10-06 14:15:00,46.17,46.18,46.16,46.17,0,0,15941
5737,2020-10-06 14:16:00,46.17,46.19,46.17,46.17,0,0,19321
5738,2020-10-06 14:17:00,46.18,46.18,46.16,46.17,0,0,20569
5739,2020-10-06 14:18:00,46.18,46.18,46.17,46.17,0,0,8063
5740,2020-10-06 14:19:00,46.17,46.18,46.16,46.17,0,0,18483
5741,2020-10-06 14:20:00,46.17,46.2,46.14,46.16,0,0,37090
5742,2020-10-06 14:21:00,46.17,46.19,46.17,46.18,0,0,14453
5743,2020-10-06 14:22:00,46.19,46.21,46.19,46.2,0,0,21027
5744,2020-10-06 14:23:00,46.2,46.21,46.2,46.21,0,0,10812
5745,2020-10-06 14:24:00,46.2,46.3,46.19,46.3,0,0,34913
5746,2020-10-06 14:25:00,46.3,46.38,46.28,46.38,0,0,50228
5747,2020-10-06 14:26:00,46.38,46.38,46.35,46.38,0,0,42898
5748,2020-10-06 14:27:00,46.37,46.38,46.35,46.36,0,0,22736
5749,2020-10-06 14:28:00,46.36,46.36,46.31,46.35,0,0,30438
5750,2020-10-06 14:29:00,46.35,46.37,46.34,46.36,0,0,10700
5751,2020-10-06 14:30:00,46.37,46.37,46.35,46.35,0,0,18758
5752,2020-10-06 14:31:00,46.36,46.41,46.35,46.4,0,0,42603
5753,2020-10-06 14:32:00,46.4,46.44,46.4,46.42,0,0,24924
5754,2020-10-06 14:33:00,46.43,46.46,46.42,46.44,0,0,26276
5755,2020-10-06 14:34:00,46.43,46.44,46.39,46.4,0,0,27878
5756,2020-10-06 14:35:00,46.4,46.4,46.35,46.37,0,0,37812
5757,2020-10-06 14:36:00,46.37,46.37,46.32,46.33,0,0,11951
5758,2020-10-06 14:37:00,46.33,46.33,46.29,46.29,0,0,36311
5759,2020-10-06 14:38:00,46.3,46.32,46.29,46.31,0,0,28673
5760,2020-10-06 14:39:00,46.3,46.3,46.28,46.29,0,0,15795
5761,2020-10-06 14:40:00,46.28,46.3,46.26,46.27,0,0,24151
5762,2020-10-06 14:41:00,46.26,46.26,46.24,46.24,0,0,18701
5763,2020-10-06 14:42:00,46.25,46.33,46.24,46.33,0,0,39468
5764,2020-10-06 14:43:00,46.34,46.37,46.33,46.37,0,0,16051
5765,2020-10-06 14:44:00,46.37,46.4,46.33,46.33,0,0,31534
5766,2020-10-06 14:45:00,46.33,46.33,46.31,46.33,0,0,19117
5767,2020-10-06 14:46:00,46.33,46.35,46.32,46.32,0,0,17691
5768,2020-10-06 14:47:00,46.33,46.34,46.29,46.29,0,0,19075
5769,2020-10-06 14:48:00,46.3,46.33,46.18,46.21,0,0,55324
5770,2020-10-06 14:49:00,46.22,46.25,46.01,46.04,0,0,103720
5771,2020-10-06 14:50:00,46.04,46.05,45.92,45.93,0,0,146226
5772,2020-10-06 14:51:00,45.93,45.95,45.85,45.85,0,0,90609
5773,2020-10-06 14:52:00,45.86,45.88,45.75,45.85,0,0,90971
5774,2020-10-06 14:53:00,45.87,45.92,45.83,45.85,0,0,65080
5775,2020-10-06 14:54:00,45.85,45.85,45.63,45.66,0,0,102769
5776,2020-10-06 14:55:00,45.65,45.71,45.52,45.63,0,0,122354
5777,2020-10-06 14:56:00,45.64,45.64,45.47,45.53,0,0,110124
5778,2020-10-06 14:57:00,45.52,45.66,45.52,45.64,0,0,52597
5779,2020-10-06 14:58:00,45.62,45.77,45.59,45.68,0,0,89301
5780,2020-10-06 14:59:00,45.68,45.71,45.58,45.65,0,0,58483
5781,2020-10-06 15:00:00,45.65,45.65,45.48,45.51,0,0,93065
5782,2020-10-06 15:01:00,45.5,45.56,45.38,45.41,0,0,104638
5783,2020-10-06 15:02:00,45.4,45.45,45.36,45.38,0,0,61719
5784,2020-10-06 15:03:00,45.38,45.47,45.36,45.39,0,0,48015
5785,2020-10-06 15:04:00,45.37,45.43,45.35,45.36,0,0,56511
5786,2020-10-06 15:05:00,45.35,45.39,45.28,45.29,0,0,142619
5787,2020-10-06 15:06:00,45.29,45.32,45.16,45.2,0,0,87188
5788,2020-10-06 15:07:00,45.21,45.23,45.03,45.08,0,0,113558
5789,2020-10-06 15:08:00,45.07,45.17,45.07,45.14,0,0,93233
5790,2020-10-06 15:09:00,45.13,45.29,45.13,45.29,0,0,57905
5791,2020-10-06 15:10:00,45.28,45.4,45.21,45.39,0,0,61983
5792,2020-10-06 15:11:00,45.38,45.44,45.33,45.42,0,0,46457
5793,2020-10-06 15:12:00,45.41,45.53,45.38,45.51,0,0,53545
5794,2020-10-06 15:13:00,45.52,45.56,45.44,45.56,0,0,81145
5795,2020-10-06 15:14:00,45.56,45.6,45.52,45.56,0,0,47715
5796,2020-10-06 15:15:00,45.55,45.67,45.5,45.66,0,0,105864
5797,2020-10-06 15:16:00,45.67,45.67,45.56,45.6,0,0,48630
5798,2020-10-06 15:17:00,45.61,45.69,45.59,45.63,0,0,45913
5799,2020-10-06 15:18:00,45.63,45.65,45.59,45.63,0,0,25168
5800,2020-10-06 15:19:00,45.64,45.65,45.54,45.58,0,0,38788
5801,2020-10-06 15:20:00,45.58,45.63,45.55,45.55,0,0,70582
5802,2020-10-06 15:21:00,45.56,45.63,45.48,45.59,0,0,77164
5803,2020-10-06 15:22:00,45.58,45.61,45.52,45.54,0,0,25474
5804,2020-10-06 15:23:00,45.54,45.62,45.5,45.6,0,0,58640
5805,2020-10-06 15:24:00,45.59,45.6,45.54,45.55,0,0,26170
5806,2020-10-06 15:25:00,45.54,45.68,45.54,45.58,0,0,75021
5807,2020-10-06 15:26:00,45.58,45.65,45.57,45.62,0,0,44145
5808,2020-10-06 15:27:00,45.62,45.74,45.62,45.72,0,0,81106
5809,2020-10-06 15:28:00,45.72,45.75,45.67,45.71,0,0,84832
5810,2020-10-06 15:29:00,45.72,45.8,45.71,45.8,0,0,37605
5811,2020-10-06 15:30:00,45.79,45.79,45.71,45.76,0,0,44119
5812,2020-10-06 15:31:00,45.76,45.8,45.72,45.78,0,0,34947
5813,2020-10-06 15:32:00,45.78,45.79,45.74,45.74,0,0,42129
5814,2020-10-06 15:33:00,45.74,45.82,45.74,45.81,0,0,29673
5815,2020-10-06 15:34:00,45.8,45.87,45.8,45.85,0,0,36856
5816,2020-10-06 15:35:00,45.84,45.85,45.79,45.85,0,0,75413
5817,2020-10-06 15:36:00,45.84,45.84,45.74,45.76,0,0,56163
5818,2020-10-06 15:37:00,45.75,45.76,45.69,45.69,0,0,38468
5819,2020-10-06 15:38:00,45.69,45.73,45.67,45.69,0,0,44115
5820,2020-10-06 15:39:00,45.69,45.72,45.67,45.67,0,0,22440
5821,2020-10-06 15:40:00,45.67,45.69,45.59,45.6,0,0,43709
5822,2020-10-06 15:41:00,45.6,45.63,45.58,45.63,0,0,42328
5823,2020-10-06 15:42:00,45.63,45.64,45.56,45.63,0,0,48063
5824,2020-10-06 15:43:00,45.64,45.7,45.63,45.67,0,0,35860
5825,2020-10-06 15:44:00,45.66,45.69,45.64,45.66,0,0,37035
5826,2020-10-06 15:45:00,45.65,45.69,45.56,45.56,0,0,61013
5827,2020-10-06 15:46:00,45.56,45.6,45.46,45.51,0,0,106936
5828,2020-10-06 15:47:00,45.52,45.61,45.49,45.49,0,0,52963
5829,2020-10-06 15:48:00,45.49,45.53,45.45,45.46,0,0,43618
5830,2020-10-06 15:49:00,45.46,45.49,45.42,45.47,0,0,66872
5831,2020-10-06 15:50:00,45.47,45.49,45.38,45.42,0,0,77537
5832,2020-10-06 15:51:00,45.42,45.49,45.42,45.48,0,0,53844
5833,2020-10-06 15:52:00,45.49,45.54,45.47,45.48,0,0,66244
5834,2020-10-06 15:53:00,45.48,45.56,45.47,45.49,0,0,55820
5835,2020-10-06 15:54:00,45.5,45.59,45.47,45.58,0,0,54809
5836,2020-10-06 15:55:00,45.59,45.65,45.57,45.62,0,0,102962
5837,2020-10-06 15:56:00,45.62,45.66,45.59,45.66,0,0,73730
5838,2020-10-06 15:57:00,45.65,45.72,45.64,45.71,0,0,90142
5839,2020-10-06 15:58:00,45.7,45.72,45.65,45.71,0,0,107438
5840,2020-10-06 15:59:00,45.71,45.71,45.58,45.59,0,0,202484
5841,2020-10-07 09:30:00,46.07,46.22,46.07,46.2,0,0,170273
5842,2020-10-07 09:31:00,46.19,46.2,46.03,46.04,0,0,39081
5843,2020-10-07 09:32:00,46.06,46.06,45.9,46.04,0,0,47304
5844,2020-10-07 09:33:00,46.04,46.22,45.98,46.16,0,0,33438
5845,2020-10-07 09:34:00,46.16,46.33,46.15,46.27,0,0,55317
5846,2020-10-07 09:35:00,46.29,46.4,46.18,46.2,0,0,83963
5847,2020-10-07 09:36:00,46.16,46.16,46.06,46.12,0,0,39370
5848,2020-10-07 09:37:00,46.12,46.16,45.98,45.99,0,0,44020
5849,2020-10-07 09:38:00,45.98,46.0,45.91,45.93,0,0,25731
5850,2020-10-07 09:39:00,45.92,46.0,45.91,45.96,0,0,34565
5851,2020-10-07 09:40:00,45.98,46.08,45.96,46.06,0,0,49093
5852,2020-10-07 09:41:00,46.07,46.19,46.06,46.15,0,0,50084
5853,2020-10-07 09:42:00,46.14,46.22,46.12,46.13,0,0,29063
5854,2020-10-07 09:43:00,46.13,46.18,46.11,46.15,0,0,56615
5855,2020-10-07 09:44:00,46.13,46.25,46.13,46.18,0,0,35183
5856,2020-10-07 09:45:00,46.19,46.19,46.07,46.07,0,0,44149
5857,2020-10-07 09:46:00,46.08,46.08,45.96,45.96,0,0,24669
5858,2020-10-07 09:47:00,45.96,46.08,45.96,45.99,0,0,30594
5859,2020-10-07 09:48:00,45.99,46.05,45.98,46.01,0,0,29242
5860,2020-10-07 09:49:00,46.01,46.07,45.99,46.05,0,0,42562
5861,2020-10-07 09:50:00,46.03,46.06,46.01,46.05,0,0,25746
5862,2020-10-07 09:51:00,46.06,46.1,46.04,46.05,0,0,30780
5863,2020-10-07 09:52:00,46.05,46.06,45.95,45.95,0,0,23044
5864,2020-10-07 09:53:00,45.97,45.99,45.92,45.93,0,0,38070
5865,2020-10-07 09:54:00,45.93,46.13,45.92,46.13,0,0,33495
5866,2020-10-07 09:55:00,46.13,46.14,46.04,46.04,0,0,20579
5867,2020-10-07 09:56:00,46.03,46.04,45.97,45.97,0,0,23961
5868,2020-10-07 09:57:00,45.97,45.99,45.94,45.98,0,0,16952
5869,2020-10-07 09:58:00,45.97,46.01,45.87,45.88,0,0,38640
5870,2020-10-07 09:59:00,45.89,45.96,45.88,45.94,0,0,23591
5871,2020-10-07 10:00:00,45.94,45.99,45.93,45.94,0,0,25867
5872,2020-10-07 10:01:00,45.94,45.94,45.89,45.92,0,0,15771
5873,2020-10-07 10:02:00,45.92,45.95,45.89,45.9,0,0,23614
5874,2020-10-07 10:03:00,45.88,45.9,45.82,45.83,0,0,33514
5875,2020-10-07 10:04:00,45.83,45.9,45.83,45.88,0,0,16035
5876,2020-10-07 10:05:00,45.89,45.9,45.85,45.88,0,0,13127
5877,2020-10-07 10:06:00,45.89,45.91,45.83,45.86,0,0,30552
5878,2020-10-07 10:07:00,45.86,45.92,45.78,45.92,0,0,47717
5879,2020-10-07 10:08:00,45.91,45.97,45.91,45.95,0,0,45486
5880,2020-10-07 10:09:00,45.97,45.99,45.96,45.97,0,0,25510
5881,2020-10-07 10:10:00,45.97,45.99,45.87,45.88,0,0,18364
5882,2020-10-07 10:11:00,45.88,45.9,45.85,45.9,0,0,34245
5883,2020-10-07 10:12:00,45.9,45.98,45.88,45.95,0,0,31171
5884,2020-10-07 10:13:00,45.94,45.96,45.9,45.95,0,0,14438
5885,2020-10-07 10:14:00,45.96,45.99,45.95,45.98,0,0,15513
5886,2020-10-07 10:15:00,45.99,46.01,45.95,45.95,0,0,26748
5887,2020-10-07 10:16:00,45.96,45.97,45.93,45.94,0,0,15456
5888,2020-10-07 10:17:00,45.95,45.97,45.88,45.9,0,0,31181
5889,2020-10-07 10:18:00,45.9,45.91,45.87,45.9,0,0,21397
5890,2020-10-07 10:19:00,45.91,45.95,45.87,45.95,0,0,16758
5891,2020-10-07 10:20:00,45.95,45.97,45.92,45.97,0,0,23233
5892,2020-10-07 10:21:00,45.98,46.03,45.97,45.97,0,0,31031
5893,2020-10-07 10:22:00,45.96,45.98,45.96,45.97,0,0,20245
5894,2020-10-07 10:23:00,45.97,45.98,45.91,45.91,0,0,27400
5895,2020-10-07 10:24:00,45.9,45.95,45.88,45.94,0,0,18896
5896,2020-10-07 10:25:00,45.93,45.99,45.91,45.99,0,0,68014
5897,2020-10-07 10:26:00,45.99,45.99,45.95,45.98,0,0,23691
5898,2020-10-07 10:27:00,45.98,46.0,45.91,45.91,0,0,30353
5899,2020-10-07 10:28:00,45.91,45.99,45.91,45.99,0,0,17644
5900,2020-10-07 10:29:00,45.99,46.0,45.95,45.96,0,0,18925
5901,2020-10-07 10:30:00,45.96,46.07,45.91,46.06,0,0,85672
5902,2020-10-07 10:31:00,46.06,46.07,46.01,46.01,0,0,28552
5903,2020-10-07 10:32:00,46.01,46.04,46.01,46.04,0,0,41011
5904,2020-10-07 10:33:00,46.04,46.06,46.01,46.02,0,0,25271
5905,2020-10-07 10:34:00,46.02,46.02,45.98,45.99,0,0,27365
5906,2020-10-07 10:35:00,45.98,46.0,45.96,45.99,0,0,16355
5907,2020-10-07 10:36:00,45.98,45.99,45.92,45.94,0,0,23076
5908,2020-10-07 10:37:00,45.93,45.93,45.89,45.9,0,0,43153
5909,2020-10-07 10:38:00,45.9,45.94,45.86,45.87,0,0,47952
5910,2020-10-07 10:39:00,45.87,45.9,45.83,45.85,0,0,31528
5911,2020-10-07 10:40:00,45.85,45.88,45.83,45.88,0,0,19973
5912,2020-10-07 10:41:00,45.88,45.9,45.88,45.9,0,0,27189
5913,2020-10-07 10:42:00,45.9,45.94,45.9,45.94,0,0,16044
5914,2020-10-07 10:43:00,45.94,45.95,45.88,45.91,0,0,27359
5915,2020-10-07 10:44:00,45.91,45.94,45.9,45.94,0,0,12538
5916,2020-10-07 10:45:00,45.94,45.98,45.93,45.96,0,0,25567
5917,2020-10-07 10:46:00,45.97,45.98,45.94,45.94,0,0,20319
5918,2020-10-07 10:47:00,45.94,45.94,45.86,45.89,0,0,24540
5919,2020-10-07 10:48:00,45.9,45.92,45.89,45.9,0,0,17699
5920,2020-10-07 10:49:00,45.9,45.92,45.9,45.9,0,0,17403
5921,2020-10-07 10:50:00,45.9,45.94,45.9,45.93,0,0,16400
5922,2020-10-07 10:51:00,45.93,45.96,45.92,45.95,0,0,17989
5923,2020-10-07 10:52:00,45.96,45.97,45.88,45.88,0,0,25893
5924,2020-10-07 10:53:00,45.89,45.89,45.86,45.88,0,0,29057
5925,2020-10-07 10:54:00,45.89,45.91,45.87,45.87,0,0,18962
5926,2020-10-07 10:55:00,45.87,45.88,45.84,45.84,0,0,16820
5927,2020-10-07 10:56:00,45.85,45.86,45.84,45.85,0,0,12952
5928,2020-10-07 10:57:00,45.85,45.85,45.79,45.8,0,0,34647
5929,2020-10-07 10:58:00,45.81,45.85,45.81,45.84,0,0,28914
5930,2020-10-07 10:59:00,45.85,45.87,45.83,45.83,0,0,17994
5931,2020-10-07 11:00:00,45.84,45.87,45.83,45.85,0,0,22356
5932,2020-10-07 11:01:00,45.85,45.87,45.85,45.87,0,0,10323
5933,2020-10-07 11:02:00,45.87,45.88,45.86,45.87,0,0,25715
5934,2020-10-07 11:03:00,45.87,45.88,45.85,45.87,0,0,34264
5935,2020-10-07 11:04:00,45.87,45.88,45.85,45.85,0,0,27596
5936,2020-10-07 11:05:00,45.86,45.92,45.86,45.92,0,0,23599
5937,2020-10-07 11:06:00,45.92,45.99,45.92,45.97,0,0,28875
5938,2020-10-07 11:07:00,45.97,45.99,45.95,45.97,0,0,33937
5939,2020-10-07 11:08:00,45.97,45.99,45.92,45.93,0,0,19973
5940,2020-10-07 11:09:00,45.94,45.95,45.88,45.89,0,0,26001
5941,2020-10-07 11:10:00,45.91,45.92,45.9,45.91,0,0,43783
5942,2020-10-07 11:11:00,45.93,45.94,45.9,45.91,0,0,26474
5943,2020-10-07 11:12:00,45.92,45.95,45.91,45.94,0,0,13900
5944,2020-10-07 11:13:00,45.95,45.98,45.93,45.94,0,0,28995
5945,2020-10-07 11:14:00,45.94,45.98,45.92,45.98,0,0,45041
5946,2020-10-07 11:15:00,45.99,46.0,45.93,45.93,0,0,21599
5947,2020-10-07 11:16:00,45.94,45.95,45.93,45.94,0,0,11886
5948,2020-10-07 11:17:00,45.94,45.95,45.93,45.95,0,0,6422
5949,2020-10-07 11:18:00,45.95,45.96,45.9,45.9,0,0,30713
5950,2020-10-07 11:19:00,45.9,45.92,45.9,45.9,0,0,9217
5951,2020-10-07 11:20:00,45.9,45.91,45.88,45.88,0,0,23520
5952,2020-10-07 11:21:00,45.89,45.9,45.87,45.87,0,0,12792
5953,2020-10-07 11:22:00,45.86,45.89,45.85,45.89,0,0,23581
5954,2020-10-07 11:23:00,45.89,45.92,45.89,45.92,0,0,5838
5955,2020-10-07 11:24:00,45.92,45.99,45.92,45.99,0,0,31794
5956,2020-10-07 11:25:00,45.98,46.0,45.98,45.98,0,0,20930
5957,2020-10-07 11:26:00,45.98,45.99,45.94,45.95,0,0,12763
5958,2020-10-07 11:27:00,45.96,45.98,45.95,45.97,0,0,8925
5959,2020-10-07 11:28:00,45.98,45.98,45.96,45.98,0,0,7788
5960,2020-10-07 11:29:00,45.98,45.99,45.97,45.98,0,0,11015
5961,2020-10-07 11:30:00,45.98,46.0,45.97,45.99,0,0,17474
5962,2020-10-07 11:31:00,45.99,46.07,45.99,46.04,0,0,87616
5963,2020-10-07 11:32:00,46.05,46.05,46.02,46.03,0,0,42925
5964,2020-10-07 11:33:00,46.03,46.03,45.98,45.98,0,0,27106
5965,2020-10-07 11:34:00,45.98,46.01,45.98,45.98,0,0,24751
5966,2020-10-07 11:35:00,45.98,46.0,45.98,46.0,0,0,5352
5967,2020-10-07 11:36:00,45.99,45.99,45.96,45.99,0,0,18250
5968,2020-10-07 11:37:00,45.99,46.0,45.98,45.98,0,0,6552
5969,2020-10-07 11:38:00,45.98,46.01,45.97,45.97,0,0,28769
5970,2020-10-07 11:39:00,45.97,45.98,45.96,45.97,0,0,6187
5971,2020-10-07 11:40:00,45.98,46.01,45.98,45.99,0,0,11845
5972,2020-10-07 11:41:00,46.0,46.0,45.99,45.99,0,0,9588
5973,2020-10-07 11:42:00,45.99,46.03,45.99,46.02,0,0,28643
5974,2020-10-07 11:43:00,46.03,46.07,46.03,46.06,0,0,16884
5975,2020-10-07 11:44:00,46.07,46.08,46.06,46.06,0,0,27452
5976,2020-10-07 11:45:00,46.07,46.07,46.03,46.04,0,0,29007
5977,2020-10-07 11:46:00,46.04,46.06,46.03,46.05,0,0,21231
5978,2020-10-07 11:47:00,46.04,46.05,46.03,46.04,0,0,11364
5979,2020-10-07 11:48:00,46.03,46.05,46.03,46.04,0,0,86107
5980,2020-10-07 11:49:00,46.05,46.07,46.04,46.05,0,0,32649
5981,2020-10-07 11:50:00,46.04,46.05,46.01,46.02,0,0,16863
5982,2020-10-07 11:51:00,46.02,46.02,45.98,45.99,0,0,25523
5983,2020-10-07 11:52:00,45.99,45.99,45.98,45.99,0,0,19345
5984,2020-10-07 11:53:00,45.99,45.99,45.96,45.97,0,0,19549
5985,2020-10-07 11:54:00,45.97,45.98,45.96,45.97,0,0,10737
5986,2020-10-07 11:55:00,45.97,45.99,45.97,45.99,0,0,11118
5987,2020-10-07 11:56:00,45.99,46.0,45.98,45.99,0,0,16797
5988,2020-10-07 11:57:00,45.98,45.98,45.94,45.96,0,0,33199
5989,2020-10-07 11:58:00,45.96,45.96,45.94,45.94,0,0,12695
5990,2020-10-07 11:59:00,45.94,45.97,45.94,45.94,0,0,18768
5991,2020-10-07 12:00:00,45.94,45.97,45.94,45.97,0,0,20975
5992,2020-10-07 12:01:00,45.97,46.04,45.97,46.03,0,0,23783
5993,2020-10-07 12:02:00,46.03,46.04,45.99,46.01,0,0,19268
5994,2020-10-07 12:03:00,46.01,46.01,45.99,45.99,0,0,15505
5995,2020-10-07 12:04:00,45.98,45.99,45.97,45.97,0,0,11256
5996,2020-10-07 12:05:00,45.97,45.98,45.97,45.98,0,0,7050
5997,2020-10-07 12:06:00,45.98,46.04,45.97,46.03,0,0,13516
5998,2020-10-07 12:07:00,46.03,46.03,46.01,46.01,0,0,8531
5999,2020-10-07 12:08:00,46.01,46.02,46.0,46.01,0,0,18908
6000,2020-10-07 12:09:00,46.01,46.04,46.01,46.04,0,0,19675
6001,2020-10-07 12:10:00,46.04,46.06,46.04,46.05,0,0,24239
6002,2020-10-07 12:11:00,46.04,46.05,46.03,46.05,0,0,13382
6003,2020-10-07 12:12:00,46.04,46.06,46.04,46.06,0,0,14017
6004,2020-10-07 12:13:00,46.06,46.08,46.06,46.08,0,0,8999
6005,2020-10-07 12:14:00,46.08,46.08,46.07,46.07,0,0,8925
6006,2020-10-07 12:15:00,46.06,46.07,46.04,46.04,0,0,16089
6007,2020-10-07 12:16:00,46.04,46.04,46.02,46.02,0,0,17062
6008,2020-10-07 12:17:00,46.02,46.03,46.0,46.01,0,0,22295
6009,2020-10-07 12:18:00,46.01,46.01,45.97,45.97,0,0,6796
6010,2020-10-07 12:19:00,45.97,45.99,45.97,45.99,0,0,10535
6011,2020-10-07 12:20:00,45.99,46.0,45.98,45.99,0,0,17453
6012,2020-10-07 12:21:00,45.99,46.0,45.99,45.99,0,0,2429
6013,2020-10-07 12:22:00,45.99,46.0,45.99,46.0,0,0,8656
6014,2020-10-07 12:23:00,45.99,45.99,45.98,45.99,0,0,7912
6015,2020-10-07 12:24:00,45.99,46.0,45.98,45.99,0,0,4988
6016,2020-10-07 12:25:00,45.99,46.0,45.99,45.99,0,0,4287
6017,2020-10-07 12:26:00,45.99,46.02,45.94,45.94,0,0,83060
6018,2020-10-07 12:27:00,45.92,45.92,45.74,45.85,0,0,64535
6019,2020-10-07 12:28:00,45.86,45.87,45.8,45.8,0,0,28369
6020,2020-10-07 12:29:00,45.81,45.87,45.78,45.85,0,0,11988
6021,2020-10-07 12:30:00,45.85,45.89,45.85,45.89,0,0,4020
6022,2020-10-07 12:31:00,45.89,45.94,45.89,45.93,0,0,11817
6023,2020-10-07 12:32:00,45.93,45.94,45.92,45.93,0,0,10078
6024,2020-10-07 12:33:00,45.93,45.97,45.93,45.95,0,0,8545
6025,2020-10-07 12:34:00,45.95,45.96,45.94,45.95,0,0,3610
6026,2020-10-07 12:35:00,45.96,45.97,45.95,45.96,0,0,7148
6027,2020-10-07 12:36:00,45.96,45.96,45.94,45.95,0,0,6362
6028,2020-10-07 12:37:00,45.95,45.98,45.95,45.97,0,0,6226
6029,2020-10-07 12:38:00,45.98,45.99,45.98,45.98,0,0,3752
6030,2020-10-07 12:39:00,45.99,46.02,45.99,46.01,0,0,9376
6031,2020-10-07 12:40:00,46.01,46.01,45.99,45.99,0,0,9466
6032,2020-10-07 12:41:00,45.99,45.99,45.99,45.99,0,0,1082
6033,2020-10-07 12:42:00,45.98,45.99,45.97,45.98,0,0,16109
6034,2020-10-07 12:43:00,45.99,45.99,45.99,45.99,0,0,2175
6035,2020-10-07 12:44:00,45.99,45.99,45.97,45.98,0,0,8605
6036,2020-10-07 12:45:00,45.98,46.0,45.98,46.0,0,0,8342
6037,2020-10-07 12:46:00,46.0,46.0,45.99,45.99,0,0,12693
6038,2020-10-07 12:47:00,46.0,46.01,46.0,46.01,0,0,31947
6039,2020-10-07 12:48:00,46.01,46.05,46.0,46.03,0,0,22616
6040,2020-10-07 12:49:00,46.03,46.04,46.03,46.04,0,0,1376
6041,2020-10-07 12:50:00,46.04,46.06,46.04,46.05,0,0,9924
6042,2020-10-07 12:51:00,46.04,46.05,46.02,46.05,0,0,21873
6043,2020-10-07 12:52:00,46.05,46.07,46.04,46.04,0,0,15804
6044,2020-10-07 12:53:00,46.04,46.04,46.02,46.02,0,0,12410
6045,2020-10-07 12:54:00,46.02,46.02,46.0,46.0,0,0,6204
6046,2020-10-07 12:55:00,45.99,46.01,45.99,46.0,0,0,9262
6047,2020-10-07 12:56:00,46.0,46.01,46.0,46.01,0,0,6285
6048,2020-10-07 12:57:00,46.0,46.01,46.0,46.0,0,0,7821
6049,2020-10-07 12:58:00,46.0,46.0,45.99,45.99,0,0,1913
6050,2020-10-07 12:59:00,45.99,46.02,45.97,46.02,0,0,39618
6051,2020-10-07 13:00:00,46.02,46.05,46.01,46.05,0,0,14239
6052,2020-10-07 13:01:00,46.04,46.04,46.03,46.04,0,0,9178
6053,2020-10-07 13:02:00,46.04,46.04,46.03,46.03,0,0,9596
6054,2020-10-07 13:03:00,46.03,46.06,46.02,46.06,0,0,16621
6055,2020-10-07 13:04:00,46.07,46.07,46.06,46.06,0,0,4820
6056,2020-10-07 13:05:00,46.06,46.07,46.06,46.07,0,0,6182
6057,2020-10-07 13:06:00,46.07,46.08,46.03,46.04,0,0,16436
6058,2020-10-07 13:07:00,46.03,46.03,46.02,46.03,0,0,13009
6059,2020-10-07 13:08:00,46.03,46.03,46.03,46.03,0,0,5791
6060,2020-10-07 13:09:00,46.03,46.04,46.03,46.04,0,0,6813
6061,2020-10-07 13:10:00,46.04,46.05,46.04,46.05,0,0,14045
6062,2020-10-07 13:11:00,46.04,46.04,45.99,45.99,0,0,14834
6063,2020-10-07 13:12:00,45.99,46.01,45.99,46.01,0,0,17794
6064,2020-10-07 13:13:00,46.01,46.01,46.0,46.0,0,0,3217
6065,2020-10-07 13:14:00,46.0,46.02,45.98,46.02,0,0,22510
6066,2020-10-07 13:15:00,46.02,46.03,46.01,46.03,0,0,10623
6067,2020-10-07 13:16:00,46.02,46.04,46.01,46.03,0,0,13136
6068,2020-10-07 13:17:00,46.03,46.03,45.97,45.97,0,0,12240
6069,2020-10-07 13:18:00,45.98,45.99,45.97,45.99,0,0,6687
6070,2020-10-07 13:19:00,45.99,46.01,45.99,46.01,0,0,15172
6071,2020-10-07 13:20:00,46.0,46.02,46.0,46.02,0,0,7324
6072,2020-10-07 13:21:00,46.01,46.03,46.0,46.03,0,0,8875
6073,2020-10-07 13:22:00,46.03,46.03,46.01,46.02,0,0,7351
6074,2020-10-07 13:23:00,46.01,46.02,46.0,46.0,0,0,9187
6075,2020-10-07 13:24:00,46.01,46.01,46.01,46.01,0,0,15592
6076,2020-10-07 13:25:00,46.01,46.01,45.98,45.99,0,0,9361
6077,2020-10-07 13:26:00,45.99,45.99,45.98,45.99,0,0,15743
6078,2020-10-07 13:27:00,45.99,45.99,45.98,45.99,0,0,1810
6079,2020-10-07 13:28:00,45.99,46.0,45.99,46.0,0,0,7044
6080,2020-10-07 13:29:00,45.99,46.0,45.99,45.99,0,0,10863
6081,2020-10-07 13:30:00,46.0,46.02,45.99,46.0,0,0,42481
6082,2020-10-07 13:31:00,45.99,45.99,45.97,45.97,0,0,10496
6083,2020-10-07 13:32:00,45.97,45.98,45.96,45.97,0,0,7673
6084,2020-10-07 13:33:00,45.97,45.97,45.96,45.97,0,0,2993
6085,2020-10-07 13:34:00,45.96,45.96,45.95,45.96,0,0,20582
6086,2020-10-07 13:35:00,45.94,45.98,45.94,45.98,0,0,5195
6087,2020-10-07 13:36:00,45.98,45.98,45.97,45.97,0,0,919
6088,2020-10-07 13:37:00,45.97,46.02,45.97,46.0,0,0,12448
6089,2020-10-07 13:38:00,46.0,46.01,46.0,46.0,0,0,3388
6090,2020-10-07 13:39:00,45.99,45.99,45.97,45.98,0,0,10852
6091,2020-10-07 13:40:00,45.99,46.0,45.99,45.99,0,0,2213
6092,2020-10-07 13:41:00,45.99,45.99,45.97,45.98,0,0,25309
6093,2020-10-07 13:42:00,45.99,45.99,45.98,45.99,0,0,8205
6094,2020-10-07 13:43:00,46.0,46.0,45.99,45.99,0,0,6781
6095,2020-10-07 13:44:00,45.99,46.06,45.99,46.05,0,0,62313
6096,2020-10-07 13:45:00,46.04,46.04,46.01,46.01,0,0,19344
6097,2020-10-07 13:46:00,46.01,46.03,45.99,45.99,0,0,16897
6098,2020-10-07 13:47:00,46.0,46.0,45.99,45.99,0,0,11484
6099,2020-10-07 13:48:00,45.98,45.98,45.97,45.98,0,0,10013
6100,2020-10-07 13:49:00,45.97,45.98,45.96,45.98,0,0,7301
6101,2020-10-07 13:50:00,45.97,45.98,45.94,45.94,0,0,18302
6102,2020-10-07 13:51:00,45.95,45.96,45.94,45.96,0,0,12964
6103,2020-10-07 13:52:00,45.97,45.97,45.96,45.97,0,0,5371
6104,2020-10-07 13:53:00,45.97,45.99,45.97,45.98,0,0,3603
6105,2020-10-07 13:54:00,45.99,45.99,45.98,45.99,0,0,9770
6106,2020-10-07 13:55:00,45.98,45.99,45.97,45.99,0,0,8247
6107,2020-10-07 13:56:00,45.99,45.99,45.97,45.97,0,0,9612
6108,2020-10-07 13:57:00,45.98,45.98,45.97,45.97,0,0,3369
6109,2020-10-07 13:58:00,45.98,45.98,45.97,45.97,0,0,15057
6110,2020-10-07 13:59:00,45.97,45.97,45.92,45.93,0,0,32300
6111,2020-10-07 14:00:00,45.92,45.97,45.92,45.97,0,0,11239
6112,2020-10-07 14:01:00,45.97,45.98,45.95,45.96,0,0,19926
6113,2020-10-07 14:02:00,45.96,45.96,45.92,45.93,0,0,18656
6114,2020-10-07 14:03:00,45.94,45.98,45.94,45.95,0,0,19489
6115,2020-10-07 14:04:00,45.94,45.97,45.94,45.97,0,0,6004
6116,2020-10-07 14:05:00,45.97,45.99,45.96,45.98,0,0,7160
6117,2020-10-07 14:06:00,45.98,46.02,45.98,46.01,0,0,21891
6118,2020-10-07 14:07:00,46.0,46.0,45.96,45.98,0,0,8787
6119,2020-10-07 14:08:00,45.97,45.98,45.96,45.96,0,0,16801
6120,2020-10-07 14:09:00,45.97,46.0,45.97,45.98,0,0,8662
6121,2020-10-07 14:10:00,45.98,46.0,45.96,45.97,0,0,12903
6122,2020-10-07 14:11:00,45.97,45.98,45.97,45.98,0,0,8621
6123,2020-10-07 14:12:00,45.98,45.99,45.98,45.99,0,0,6055
6124,2020-10-07 14:13:00,45.98,45.98,45.96,45.97,0,0,10500
6125,2020-10-07 14:14:00,45.97,45.97,45.96,45.97,0,0,5415
6126,2020-10-07 14:15:00,45.98,45.99,45.97,45.98,0,0,15367
6127,2020-10-07 14:16:00,45.98,45.99,45.98,45.99,0,0,3383
6128,2020-10-07 14:17:00,45.99,46.0,45.98,45.99,0,0,9483
6129,2020-10-07 14:18:00,45.99,45.99,45.98,45.99,0,0,2499
6130,2020-10-07 14:19:00,45.99,46.03,45.99,46.02,0,0,35977
6131,2020-10-07 14:20:00,46.02,46.02,46.0,46.01,0,0,16507
6132,2020-10-07 14:21:00,46.0,46.01,45.99,46.0,0,0,15044
6133,2020-10-07 14:22:00,46.0,46.02,45.99,46.01,0,0,11810
6134,2020-10-07 14:23:00,46.01,46.08,46.01,46.04,0,0,49857
6135,2020-10-07 14:24:00,46.05,46.06,46.04,46.04,0,0,14240
6136,2020-10-07 14:25:00,46.04,46.06,46.02,46.03,0,0,15496
6137,2020-10-07 14:26:00,46.02,46.02,45.99,45.99,0,0,13293
6138,2020-10-07 14:27:00,45.99,46.01,45.99,45.99,0,0,27911
6139,2020-10-07 14:28:00,46.0,46.0,45.98,45.99,0,0,6808
6140,2020-10-07 14:29:00,45.98,45.98,45.94,45.96,0,0,30787
6141,2020-10-07 14:30:00,45.96,45.96,45.95,45.96,0,0,13761
6142,2020-10-07 14:31:00,45.95,45.96,45.94,45.96,0,0,18120
6143,2020-10-07 14:32:00,45.96,45.96,45.94,45.95,0,0,14397
6144,2020-10-07 14:33:00,45.96,45.96,45.96,45.96,0,0,2318
6145,2020-10-07 14:34:00,45.96,45.96,45.94,45.95,0,0,8741
6146,2020-10-07 14:35:00,45.96,45.96,45.94,45.95,0,0,13033
6147,2020-10-07 14:36:00,45.96,45.96,45.95,45.95,0,0,55099
6148,2020-10-07 14:37:00,45.96,45.96,45.94,45.95,0,0,15808
6149,2020-10-07 14:38:00,45.94,45.95,45.94,45.95,0,0,19303
6150,2020-10-07 14:39:00,45.95,45.96,45.95,45.96,0,0,12147
6151,2020-10-07 14:40:00,45.96,45.96,45.92,45.92,0,0,11326
6152,2020-10-07 14:41:00,45.93,45.94,45.88,45.89,0,0,28310
6153,2020-10-07 14:42:00,45.89,45.92,45.89,45.92,0,0,3742
6154,2020-10-07 14:43:00,45.91,45.92,45.9,45.91,0,0,6831
6155,2020-10-07 14:44:00,45.91,45.92,45.9,45.92,0,0,6551
6156,2020-10-07 14:45:00,45.93,45.96,45.92,45.95,0,0,10861
6157,2020-10-07 14:46:00,45.95,45.96,45.93,45.94,0,0,15284
6158,2020-10-07 14:47:00,45.94,45.96,45.94,45.96,0,0,9327
6159,2020-10-07 14:48:00,45.96,45.96,45.95,45.95,0,0,10510
6160,2020-10-07 14:49:00,45.96,45.96,45.95,45.95,0,0,8772
6161,2020-10-07 14:50:00,45.96,45.96,45.95,45.95,0,0,21944
6162,2020-10-07 14:51:00,45.95,45.96,45.95,45.96,0,0,17750
6163,2020-10-07 14:52:00,45.96,45.99,45.96,45.99,0,0,9069
6164,2020-10-07 14:53:00,45.99,46.0,45.95,45.97,0,0,36088
6165,2020-10-07 14:54:00,45.97,45.97,45.97,45.97,0,0,9852
6166,2020-10-07 14:55:00,45.97,46.0,45.96,45.99,0,0,7288
6167,2020-10-07 14:56:00,46.0,46.01,45.99,46.0,0,0,11320
6168,2020-10-07 14:57:00,45.99,46.0,45.99,45.99,0,0,6985
6169,2020-10-07 14:58:00,45.99,45.99,45.98,45.99,0,0,9254
6170,2020-10-07 14:59:00,45.99,45.99,45.98,45.99,0,0,9610
6171,2020-10-07 15:00:00,45.98,45.99,45.97,45.99,0,0,15004
6172,2020-10-07 15:01:00,46.0,46.01,45.99,46.0,0,0,14000
6173,2020-10-07 15:02:00,46.01,46.01,45.99,45.99,0,0,12682
6174,2020-10-07 15:03:00,46.0,46.01,45.98,45.99,0,0,18022
6175,2020-10-07 15:04:00,45.98,45.99,45.97,45.99,0,0,9412
6176,2020-10-07 15:05:00,45.99,46.03,45.99,46.01,0,0,22720
6177,2020-10-07 15:06:00,46.01,46.06,46.01,46.04,0,0,23015
6178,2020-10-07 15:07:00,46.05,46.05,46.03,46.03,0,0,5999
6179,2020-10-07 15:08:00,46.03,46.05,46.03,46.04,0,0,14925
6180,2020-10-07 15:09:00,46.05,46.06,46.04,46.06,0,0,3049
6181,2020-10-07 15:10:00,46.06,46.07,46.05,46.07,0,0,7217
6182,2020-10-07 15:11:00,46.07,46.08,46.04,46.05,0,0,24346
6183,2020-10-07 15:12:00,46.04,46.05,46.03,46.04,0,0,8487
6184,2020-10-07 15:13:00,46.04,46.05,46.03,46.03,0,0,13746
6185,2020-10-07 15:14:00,46.03,46.03,46.01,46.03,0,0,7800
6186,2020-10-07 15:15:00,46.03,46.04,46.0,46.01,0,0,19467
6187,2020-10-07 15:16:00,46.01,46.02,46.0,46.02,0,0,12104
6188,2020-10-07 15:17:00,46.02,46.03,46.01,46.02,0,0,14662
6189,2020-10-07 15:18:00,46.02,46.03,46.01,46.01,0,0,6681
6190,2020-10-07 15:19:00,46.01,46.02,46.01,46.01,0,0,4445
6191,2020-10-07 15:20:00,46.01,46.03,46.01,46.03,0,0,7870
6192,2020-10-07 15:21:00,46.02,46.03,45.99,46.01,0,0,16232
6193,2020-10-07 15:22:00,46.01,46.01,45.99,45.99,0,0,4262
6194,2020-10-07 15:23:00,46.0,46.01,45.99,46.01,0,0,9229
6195,2020-10-07 15:24:00,46.01,46.01,45.99,45.99,0,0,20866
6196,2020-10-07 15:25:00,46.0,46.01,45.99,45.99,0,0,11327
6197,2020-10-07 15:26:00,45.99,46.01,45.99,45.99,0,0,16078
6198,2020-10-07 15:27:00,45.99,45.99,45.96,45.97,0,0,44063
6199,2020-10-07 15:28:00,45.97,45.98,45.96,45.97,0,0,9699
6200,2020-10-07 15:29:00,45.97,45.99,45.97,45.99,0,0,5471
6201,2020-10-07 15:30:00,45.99,46.0,45.97,45.99,0,0,50940
6202,2020-10-07 15:31:00,45.99,46.0,45.98,45.99,0,0,11452
6203,2020-10-07 15:32:00,45.99,45.99,45.95,45.96,0,0,23270
6204,2020-10-07 15:33:00,45.96,45.99,45.94,45.94,0,0,19024
6205,2020-10-07 15:34:00,45.94,45.95,45.93,45.94,0,0,19923
6206,2020-10-07 15:35:00,45.94,45.95,45.92,45.92,0,0,22957
6207,2020-10-07 15:36:00,45.93,45.93,45.9,45.9,0,0,39634
6208,2020-10-07 15:37:00,45.9,45.93,45.9,45.92,0,0,32846
6209,2020-10-07 15:38:00,45.92,45.94,45.92,45.92,0,0,19615
6210,2020-10-07 15:39:00,45.91,45.92,45.9,45.9,0,0,14201
6211,2020-10-07 15:40:00,45.91,45.94,45.9,45.94,0,0,14758
6212,2020-10-07 15:41:00,45.94,45.94,45.92,45.93,0,0,8542
6213,2020-10-07 15:42:00,45.93,45.94,45.91,45.92,0,0,28284
6214,2020-10-07 15:43:00,45.92,45.92,45.91,45.92,0,0,8378
6215,2020-10-07 15:44:00,45.92,45.93,45.91,45.93,0,0,18580
6216,2020-10-07 15:45:00,45.94,45.95,45.93,45.94,0,0,35644
6217,2020-10-07 15:46:00,45.94,45.97,45.94,45.96,0,0,23795
6218,2020-10-07 15:47:00,45.96,45.97,45.94,45.97,0,0,39502
6219,2020-10-07 15:48:00,45.96,45.96,45.91,45.91,0,0,37554
6220,2020-10-07 15:49:00,45.92,45.94,45.91,45.94,0,0,23522
6221,2020-10-07 15:50:00,45.95,45.97,45.9,45.91,0,0,41037
6222,2020-10-07 15:51:00,45.91,45.93,45.9,45.91,0,0,30498
6223,2020-10-07 15:52:00,45.9,45.91,45.88,45.9,0,0,51541
6224,2020-10-07 15:53:00,45.9,45.9,45.81,45.83,0,0,83231
6225,2020-10-07 15:54:00,45.83,45.87,45.81,45.87,0,0,47719
6226,2020-10-07 15:55:00,45.88,45.88,45.8,45.8,0,0,97506
6227,2020-10-07 15:56:00,45.8,45.81,45.78,45.79,0,0,34800
6228,2020-10-07 15:57:00,45.79,45.83,45.78,45.83,0,0,76540
6229,2020-10-07 15:58:00,45.83,45.84,45.81,45.82,0,0,116103
6230,2020-10-07 15:59:00,45.81,45.89,45.79,45.88,0,0,271152
6231,2020-10-08 09:30:00,46.44,46.62,46.31,46.33,0,0,76137
6232,2020-10-08 09:31:00,46.33,46.4,46.32,46.38,0,0,150455
6233,2020-10-08 09:32:00,46.4,46.44,46.3,46.42,0,0,47849
6234,2020-10-08 09:33:00,46.44,46.46,46.28,46.28,0,0,21628
6235,2020-10-08 09:34:00,46.27,46.28,46.2,46.2,0,0,33646
6236,2020-10-08 09:35:00,46.21,46.28,46.15,46.16,0,0,57728
6237,2020-10-08 09:36:00,46.17,46.26,46.17,46.23,0,0,31573
6238,2020-10-08 09:37:00,46.24,46.28,46.16,46.17,0,0,28917
6239,2020-10-08 09:38:00,46.17,46.26,46.16,46.18,0,0,44161
6240,2020-10-08 09:39:00,46.18,46.26,46.18,46.21,0,0,32133
6241,2020-10-08 09:40:00,46.21,46.26,46.21,46.23,0,0,25739
6242,2020-10-08 09:41:00,46.23,46.28,46.18,46.28,0,0,51731
6243,2020-10-08 09:42:00,46.28,46.31,46.11,46.12,0,0,63258
6244,2020-10-08 09:43:00,46.12,46.16,46.1,46.15,0,0,22918
6245,2020-10-08 09:44:00,46.15,46.16,46.11,46.12,0,0,23680
6246,2020-10-08 09:45:00,46.12,46.12,46.06,46.09,0,0,37008
6247,2020-10-08 09:46:00,46.1,46.11,46.05,46.06,0,0,14150
6248,2020-10-08 09:47:00,46.07,46.08,45.99,45.99,0,0,40121
6249,2020-10-08 09:48:00,45.99,46.05,45.99,46.03,0,0,31592
6250,2020-10-08 09:49:00,46.04,46.08,46.01,46.01,0,0,27886
6251,2020-10-08 09:50:00,46.02,46.11,46.02,46.1,0,0,31847
6252,2020-10-08 09:51:00,46.1,46.1,46.04,46.04,0,0,24490
6253,2020-10-08 09:52:00,46.05,46.1,46.04,46.08,0,0,23757
6254,2020-10-08 09:53:00,46.09,46.11,46.06,46.1,0,0,23297
6255,2020-10-08 09:54:00,46.11,46.15,46.07,46.12,0,0,34054
6256,2020-10-08 09:55:00,46.11,46.16,46.1,46.15,0,0,21144
6257,2020-10-08 09:56:00,46.15,46.19,46.14,46.16,0,0,22125
6258,2020-10-08 09:57:00,46.17,46.22,46.17,46.2,0,0,22724
6259,2020-10-08 09:58:00,46.2,46.22,46.16,46.16,0,0,14210
6260,2020-10-08 09:59:00,46.16,46.24,46.16,46.23,0,0,17575
6261,2020-10-08 10:00:00,46.24,46.26,46.23,46.26,0,0,29106
6262,2020-10-08 10:01:00,46.25,46.26,46.21,46.26,0,0,18631
6263,2020-10-08 10:02:00,46.26,46.28,46.22,46.22,0,0,30933
6264,2020-10-08 10:03:00,46.21,46.21,46.1,46.17,0,0,37434
6265,2020-10-08 10:04:00,46.16,46.19,46.14,46.17,0,0,21240
6266,2020-10-08 10:05:00,46.18,46.22,46.16,46.2,0,0,15156
6267,2020-10-08 10:06:00,46.2,46.22,46.17,46.19,0,0,18883
6268,2020-10-08 10:07:00,46.19,46.21,46.17,46.21,0,0,13617
6269,2020-10-08 10:08:00,46.21,46.32,46.21,46.27,0,0,37234
6270,2020-10-08 10:09:00,46.28,46.3,46.26,46.29,0,0,12752
6271,2020-10-08 10:10:00,46.3,46.36,46.29,46.36,0,0,32072
6272,2020-10-08 10:11:00,46.36,46.38,46.33,46.34,0,0,24525
6273,2020-10-08 10:12:00,46.33,46.37,46.32,46.32,0,0,27365
6274,2020-10-08 10:13:00,46.31,46.33,46.27,46.33,0,0,18566
6275,2020-10-08 10:14:00,46.32,46.37,46.32,46.33,0,0,19832
6276,2020-10-08 10:15:00,46.32,46.37,46.31,46.35,0,0,19086
6277,2020-10-08 10:16:00,46.35,46.42,46.34,46.41,0,0,30131
6278,2020-10-08 10:17:00,46.4,46.4,46.29,46.29,0,0,22962
6279,2020-10-08 10:18:00,46.3,46.32,46.24,46.25,0,0,25022
6280,2020-10-08 10:19:00,46.25,46.26,46.17,46.22,0,0,29910
6281,2020-10-08 10:20:00,46.22,46.26,46.22,46.22,0,0,14061
6282,2020-10-08 10:21:00,46.23,46.26,46.23,46.26,0,0,17794
6283,2020-10-08 10:22:00,46.26,46.26,46.2,46.2,0,0,25612
6284,2020-10-08 10:23:00,46.19,46.2,46.13,46.15,0,0,24727
6285,2020-10-08 10:24:00,46.15,46.2,46.15,46.17,0,0,21469
6286,2020-10-08 10:25:00,46.17,46.17,46.04,46.05,0,0,37741
6287,2020-10-08 10:26:00,46.05,46.1,46.04,46.06,0,0,22608
6288,2020-10-08 10:27:00,46.06,46.09,46.04,46.06,0,0,16014
6289,2020-10-08 10:28:00,46.06,46.07,46.04,46.05,0,0,13269
6290,2020-10-08 10:29:00,46.06,46.1,46.04,46.09,0,0,14505
6291,2020-10-08 10:30:00,46.1,46.12,46.1,46.12,0,0,8221
6292,2020-10-08 10:31:00,46.11,46.15,46.1,46.12,0,0,15529
6293,2020-10-08 10:32:00,46.12,46.15,46.09,46.14,0,0,26436
6294,2020-10-08 10:33:00,46.14,46.17,46.12,46.13,0,0,17160
6295,2020-10-08 10:34:00,46.12,46.15,46.11,46.12,0,0,19976
6296,2020-10-08 10:35:00,46.12,46.18,46.12,46.16,0,0,11654
6297,2020-10-08 10:36:00,46.16,46.17,46.08,46.09,0,0,29854
6298,2020-10-08 10:37:00,46.08,46.1,46.06,46.09,0,0,14466
6299,2020-10-08 10:38:00,46.1,46.1,46.02,46.05,0,0,16432
6300,2020-10-08 10:39:00,46.06,46.07,45.98,46.0,0,0,63226
6301,2020-10-08 10:40:00,45.99,46.03,45.99,46.01,0,0,17243
6302,2020-10-08 10:41:00,46.02,46.02,45.96,45.99,0,0,15802
6303,2020-10-08 10:42:00,45.98,45.99,45.97,45.97,0,0,13627
6304,2020-10-08 10:43:00,45.97,45.97,45.95,45.95,0,0,9095
6305,2020-10-08 10:44:00,45.94,45.96,45.91,45.96,0,0,19087
6306,2020-10-08 10:45:00,45.96,45.96,45.94,45.95,0,0,15144
6307,2020-10-08 10:46:00,45.96,45.96,45.94,45.96,0,0,18392
6308,2020-10-08 10:47:00,45.96,45.96,45.86,45.87,0,0,48063
6309,2020-10-08 10:48:00,45.87,45.87,45.84,45.84,0,0,41496
6310,2020-10-08 10:49:00,45.85,45.87,45.84,45.85,0,0,19341
6311,2020-10-08 10:50:00,45.85,45.95,45.85,45.95,0,0,38785
6312,2020-10-08 10:51:00,45.95,45.96,45.9,45.91,0,0,23714
6313,2020-10-08 10:52:00,45.91,45.91,45.83,45.84,0,0,45373
6314,2020-10-08 10:53:00,45.84,45.88,45.83,45.83,0,0,44647
6315,2020-10-08 10:54:00,45.83,45.86,45.81,45.83,0,0,18929
6316,2020-10-08 10:55:00,45.84,45.88,45.83,45.88,0,0,33667
6317,2020-10-08 10:56:00,45.88,45.93,45.88,45.91,0,0,20017
6318,2020-10-08 10:57:00,45.92,45.93,45.91,45.91,0,0,17526
6319,2020-10-08 10:58:00,45.9,45.92,45.88,45.9,0,0,25523
6320,2020-10-08 10:59:00,45.9,45.93,45.88,45.92,0,0,14937
6321,2020-10-08 11:00:00,45.93,45.96,45.9,45.96,0,0,28966
6322,2020-10-08 11:01:00,45.96,46.0,45.94,46.0,0,0,19936
6323,2020-10-08 11:02:00,46.0,46.01,45.97,45.97,0,0,12605
6324,2020-10-08 11:03:00,45.97,45.99,45.97,45.98,0,0,11524
6325,2020-10-08 11:04:00,45.99,46.03,45.99,45.99,0,0,28269
6326,2020-10-08 11:05:00,45.99,46.02,45.98,46.01,0,0,18714
6327,2020-10-08 11:06:00,46.01,46.02,45.97,45.97,0,0,20824
6328,2020-10-08 11:07:00,45.98,46.01,45.98,46.0,0,0,19078
6329,2020-10-08 11:08:00,46.0,46.01,45.97,46.0,0,0,28594
6330,2020-10-08 11:09:00,46.0,46.0,45.96,45.96,0,0,15387
6331,2020-10-08 11:10:00,45.96,45.96,45.93,45.95,0,0,16211
6332,2020-10-08 11:11:00,45.99,46.0,45.99,46.0,0,0,11398
6333,2020-10-08 11:12:00,45.99,46.02,45.99,46.02,0,0,6967
6334,2020-10-08 11:13:00,46.02,46.02,46.01,46.01,0,0,18019
6335,2020-10-08 11:14:00,46.02,46.03,45.99,46.01,0,0,35448
6336,2020-10-08 11:15:00,46.01,46.02,45.99,46.01,0,0,20701
6337,2020-10-08 11:16:00,46.0,46.0,45.96,45.96,0,0,14281
6338,2020-10-08 11:17:00,45.97,45.98,45.96,45.98,0,0,4840
6339,2020-10-08 11:18:00,45.98,45.98,45.96,45.97,0,0,6550
6340,2020-10-08 11:19:00,45.97,45.97,45.96,45.96,0,0,7894
6341,2020-10-08 11:20:00,45.96,46.0,45.9,45.95,0,0,32577
6342,2020-10-08 11:21:00,45.95,45.97,45.93,45.97,0,0,15838
6343,2020-10-08 11:22:00,45.96,45.99,45.96,45.99,0,0,10735
6344,2020-10-08 11:23:00,45.99,46.01,45.96,45.99,0,0,15984
6345,2020-10-08 11:24:00,45.99,46.0,45.98,45.99,0,0,9177
6346,2020-10-08 11:25:00,45.99,46.0,45.94,45.97,0,0,10684
6347,2020-10-08 11:26:00,45.97,45.97,45.91,45.91,0,0,19298
6348,2020-10-08 11:27:00,45.9,45.94,45.9,45.92,0,0,18474
6349,2020-10-08 11:28:00,45.92,45.92,45.88,45.89,0,0,17676
6350,2020-10-08 11:29:00,45.89,45.91,45.89,45.91,0,0,10423
6351,2020-10-08 11:30:00,45.91,45.94,45.89,45.93,0,0,11732
6352,2020-10-08 11:31:00,45.93,45.94,45.93,45.93,0,0,6648
6353,2020-10-08 11:32:00,45.93,45.93,45.88,45.88,0,0,17055
6354,2020-10-08 11:33:00,45.87,45.87,45.78,45.81,0,0,59837
6355,2020-10-08 11:34:00,45.8,45.84,45.79,45.84,0,0,20543
6356,2020-10-08 11:35:00,45.85,45.91,45.84,45.9,0,0,10680
6357,2020-10-08 11:36:00,45.9,45.93,45.9,45.93,0,0,19024
6358,2020-10-08 11:37:00,45.93,45.95,45.92,45.95,0,0,7679
6359,2020-10-08 11:38:00,45.95,46.01,45.94,45.98,0,0,38523
6360,2020-10-08 11:39:00,45.97,45.99,45.96,45.97,0,0,23660
6361,2020-10-08 11:40:00,45.97,46.01,45.97,45.99,0,0,17769
6362,2020-10-08 11:41:00,45.99,46.02,45.99,46.02,0,0,8259
6363,2020-10-08 11:42:00,46.01,46.02,45.99,46.02,0,0,25254
6364,2020-10-08 11:43:00,46.02,46.06,46.01,46.06,0,0,24451
6365,2020-10-08 11:44:00,46.05,46.06,46.03,46.05,0,0,11614
6366,2020-10-08 11:45:00,46.05,46.05,46.03,46.05,0,0,8370
6367,2020-10-08 11:46:00,46.05,46.06,46.04,46.06,0,0,16527
6368,2020-10-08 11:47:00,46.05,46.07,46.05,46.05,0,0,15436
6369,2020-10-08 11:48:00,46.05,46.07,46.04,46.06,0,0,10814
6370,2020-10-08 11:49:00,46.06,46.1,46.06,46.09,0,0,21373
6371,2020-10-08 11:50:00,46.09,46.09,46.01,46.02,0,0,34554
6372,2020-10-08 11:51:00,46.02,46.03,46.01,46.02,0,0,14187
6373,2020-10-08 11:52:00,46.03,46.07,46.03,46.06,0,0,15944
6374,2020-10-08 11:53:00,46.06,46.07,46.06,46.07,0,0,7614
6375,2020-10-08 11:54:00,46.07,46.08,46.04,46.05,0,0,9221
6376,2020-10-08 11:55:00,46.05,46.09,46.05,46.08,0,0,7982
6377,2020-10-08 11:56:00,46.08,46.1,46.08,46.1,0,0,9117
6378,2020-10-08 11:57:00,46.1,46.14,46.1,46.14,0,0,21542
6379,2020-10-08 11:58:00,46.14,46.14,46.11,46.11,0,0,12367
6380,2020-10-08 11:59:00,46.12,46.13,46.1,46.12,0,0,11000
6381,2020-10-08 12:00:00,46.12,46.14,46.11,46.13,0,0,18255
6382,2020-10-08 12:01:00,46.13,46.15,46.13,46.15,0,0,15722
6383,2020-10-08 12:02:00,46.15,46.15,46.14,46.14,0,0,11833
6384,2020-10-08 12:03:00,46.14,46.16,46.14,46.15,0,0,7403
6385,2020-10-08 12:04:00,46.17,46.19,46.16,46.18,0,0,7797
6386,2020-10-08 12:05:00,46.18,46.2,46.17,46.2,0,0,40309
6387,2020-10-08 12:06:00,46.19,46.21,46.19,46.21,0,0,21874
6388,2020-10-08 12:07:00,46.2,46.21,46.19,46.2,0,0,22644
6389,2020-10-08 12:08:00,46.19,46.25,46.19,46.25,0,0,13138
6390,2020-10-08 12:09:00,46.25,46.26,46.23,46.25,0,0,32713
6391,2020-10-08 12:10:00,46.25,46.27,46.21,46.25,0,0,61644
6392,2020-10-08 12:11:00,46.25,46.26,46.24,46.26,0,0,11040
6393,2020-10-08 12:12:00,46.26,46.27,46.24,46.24,0,0,15256
6394,2020-10-08 12:13:00,46.25,46.25,46.24,46.24,0,0,5436
6395,2020-10-08 12:14:00,46.24,46.26,46.22,46.24,0,0,20381
6396,2020-10-08 12:15:00,46.24,46.24,46.22,46.23,0,0,13033
6397,2020-10-08 12:16:00,46.23,46.24,46.23,46.23,0,0,5230
6398,2020-10-08 12:17:00,46.24,46.24,46.2,46.2,0,0,18185
6399,2020-10-08 12:18:00,46.21,46.22,46.2,46.2,0,0,9953
6400,2020-10-08 12:19:00,46.19,46.2,46.19,46.2,0,0,4915
6401,2020-10-08 12:20:00,46.2,46.21,46.16,46.17,0,0,11690
6402,2020-10-08 12:21:00,46.18,46.19,46.16,46.18,0,0,7180
6403,2020-10-08 12:22:00,46.18,46.2,46.18,46.19,0,0,12343
6404,2020-10-08 12:23:00,46.19,46.2,46.19,46.19,0,0,3897
6405,2020-10-08 12:24:00,46.19,46.22,46.19,46.22,0,0,10020
6406,2020-10-08 12:25:00,46.22,46.22,46.21,46.21,0,0,3828
6407,2020-10-08 12:26:00,46.21,46.22,46.21,46.22,0,0,3970
6408,2020-10-08 12:27:00,46.22,46.26,46.22,46.25,0,0,14300
6409,2020-10-08 12:28:00,46.25,46.25,46.21,46.21,0,0,12189
6410,2020-10-08 12:29:00,46.21,46.23,46.21,46.22,0,0,6447
6411,2020-10-08 12:30:00,46.22,46.24,46.21,46.24,0,0,7812
6412,2020-10-08 12:31:00,46.24,46.25,46.24,46.24,0,0,3044
6413,2020-10-08 12:32:00,46.24,46.28,46.24,46.28,0,0,10134
6414,2020-10-08 12:33:00,46.28,46.28,46.24,46.24,0,0,6647
6415,2020-10-08 12:34:00,46.23,46.25,46.23,46.24,0,0,6105
6416,2020-10-08 12:35:00,46.24,46.24,46.21,46.21,0,0,5925
6417,2020-10-08 12:36:00,46.21,46.22,46.2,46.21,0,0,4388
6418,2020-10-08 12:37:00,46.21,46.22,46.21,46.22,0,0,5072
6419,2020-10-08 12:38:00,46.22,46.22,46.21,46.22,0,0,5547
6420,2020-10-08 12:39:00,46.22,46.22,46.21,46.22,0,0,4946
6421,2020-10-08 12:40:00,46.22,46.22,46.2,46.21,0,0,6733
6422,2020-10-08 12:41:00,46.21,46.22,46.21,46.22,0,0,3493
6423,2020-10-08 12:42:00,46.22,46.23,46.22,46.22,0,0,9718
6424,2020-10-08 12:43:00,46.22,46.23,46.2,46.21,0,0,20022
6425,2020-10-08 12:44:00,46.21,46.21,46.17,46.19,0,0,43710
6426,2020-10-08 12:45:00,46.2,46.21,46.19,46.19,0,0,18164
6427,2020-10-08 12:46:00,46.2,46.2,46.19,46.19,0,0,10721
6428,2020-10-08 12:47:00,46.19,46.19,46.17,46.17,0,0,10959
6429,2020-10-08 12:48:00,46.18,46.18,46.14,46.15,0,0,17528
6430,2020-10-08 12:49:00,46.14,46.15,46.07,46.12,0,0,53280
6431,2020-10-08 12:50:00,46.12,46.12,46.1,46.1,0,0,8683
6432,2020-10-08 12:51:00,46.11,46.11,46.09,46.11,0,0,6262
6433,2020-10-08 12:52:00,46.11,46.11,46.09,46.1,0,0,20247
6434,2020-10-08 12:53:00,46.09,46.1,46.08,46.08,0,0,13076
6435,2020-10-08 12:54:00,46.08,46.1,46.07,46.1,0,0,14444
6436,2020-10-08 12:55:00,46.1,46.12,46.08,46.11,0,0,14201
6437,2020-10-08 12:56:00,46.12,46.12,46.08,46.08,0,0,7134
6438,2020-10-08 12:57:00,46.09,46.1,46.08,46.1,0,0,8006
6439,2020-10-08 12:58:00,46.1,46.1,46.06,46.06,0,0,16824
6440,2020-10-08 12:59:00,46.07,46.08,46.05,46.05,0,0,20326
6441,2020-10-08 13:00:00,46.04,46.05,45.99,46.02,0,0,36613
6442,2020-10-08 13:01:00,46.03,46.03,46.01,46.01,0,0,13120
6443,2020-10-08 13:02:00,46.02,46.02,45.99,45.99,0,0,7385
6444,2020-10-08 13:03:00,45.99,46.0,45.97,45.97,0,0,15748
6445,2020-10-08 13:04:00,45.97,45.99,45.97,45.99,0,0,8125
6446,2020-10-08 13:05:00,46.0,46.01,45.99,45.99,0,0,13029
6447,2020-10-08 13:06:00,46.0,46.02,45.99,45.99,0,0,11917
6448,2020-10-08 13:07:00,45.99,46.0,45.98,45.99,0,0,14734
6449,2020-10-08 13:08:00,46.0,46.03,46.0,46.03,0,0,22243
6450,2020-10-08 13:09:00,46.03,46.03,46.0,46.01,0,0,8017
6451,2020-10-08 13:10:00,46.01,46.01,45.96,45.97,0,0,18949
6452,2020-10-08 13:11:00,45.97,45.97,45.94,45.94,0,0,16834
6453,2020-10-08 13:12:00,45.93,45.94,45.92,45.93,0,0,10260
6454,2020-10-08 13:13:00,45.92,45.94,45.92,45.92,0,0,8908
6455,2020-10-08 13:14:00,45.93,45.93,45.91,45.93,0,0,8689
6456,2020-10-08 13:15:00,45.92,45.93,45.9,45.92,0,0,17275
6457,2020-10-08 13:16:00,45.91,45.92,45.9,45.91,0,0,14262
6458,2020-10-08 13:17:00,45.91,45.92,45.88,45.9,0,0,14107
6459,2020-10-08 13:18:00,45.89,45.89,45.87,45.88,0,0,9906
6460,2020-10-08 13:19:00,45.88,45.92,45.88,45.92,0,0,7941
6461,2020-10-08 13:20:00,45.91,45.92,45.91,45.92,0,0,3562
6462,2020-10-08 13:21:00,45.92,45.93,45.92,45.92,0,0,4350
6463,2020-10-08 13:22:00,45.93,45.93,45.9,45.9,0,0,6837
6464,2020-10-08 13:23:00,45.9,45.91,45.88,45.88,0,0,8900
6465,2020-10-08 13:24:00,45.88,45.88,45.85,45.85,0,0,15423
6466,2020-10-08 13:25:00,45.86,45.89,45.85,45.88,0,0,7465
6467,2020-10-08 13:26:00,45.88,45.88,45.85,45.85,0,0,8610
6468,2020-10-08 13:27:00,45.85,45.88,45.85,45.88,0,0,12197
6469,2020-10-08 13:28:00,45.88,45.89,45.87,45.88,0,0,8161
6470,2020-10-08 13:29:00,45.88,45.89,45.87,45.89,0,0,8465
6471,2020-10-08 13:30:00,45.88,45.89,45.87,45.88,0,0,6169
6472,2020-10-08 13:31:00,45.88,45.9,45.88,45.9,0,0,5301
6473,2020-10-08 13:32:00,45.91,45.91,45.88,45.89,0,0,7680
6474,2020-10-08 13:33:00,45.89,45.94,45.89,45.92,0,0,11791
6475,2020-10-08 13:34:00,45.92,45.92,45.89,45.9,0,0,4666
6476,2020-10-08 13:35:00,45.9,45.92,45.88,45.92,0,0,12956
6477,2020-10-08 13:36:00,45.92,45.95,45.92,45.95,0,0,11876
6478,2020-10-08 13:37:00,45.94,45.99,45.94,45.98,0,0,16203
6479,2020-10-08 13:38:00,45.98,45.99,45.96,45.96,0,0,9343
6480,2020-10-08 13:39:00,45.96,45.98,45.95,45.95,0,0,11758
6481,2020-10-08 13:40:00,45.95,46.0,45.95,45.99,0,0,18910
6482,2020-10-08 13:41:00,45.99,46.0,45.98,45.99,0,0,8432
6483,2020-10-08 13:42:00,46.0,46.01,45.97,45.97,0,0,66345
6484,2020-10-08 13:43:00,45.96,45.98,45.95,45.97,0,0,8362
6485,2020-10-08 13:44:00,45.97,45.99,45.95,45.98,0,0,8233
6486,2020-10-08 13:45:00,45.97,45.97,45.93,45.94,0,0,7148
6487,2020-10-08 13:46:00,45.94,45.94,45.93,45.94,0,0,9574
6488,2020-10-08 13:47:00,45.93,45.93,45.92,45.92,0,0,7568
6489,2020-10-08 13:48:00,45.91,45.92,45.9,45.9,0,0,7099
6490,2020-10-08 13:49:00,45.91,45.92,45.9,45.92,0,0,4141
6491,2020-10-08 13:50:00,45.91,45.92,45.9,45.92,0,0,5266
6492,2020-10-08 13:51:00,45.92,45.93,45.91,45.92,0,0,4007
6493,2020-10-08 13:52:00,45.93,45.94,45.92,45.93,0,0,7429
6494,2020-10-08 13:53:00,45.94,45.94,45.93,45.93,0,0,1693
6495,2020-10-08 13:54:00,45.93,45.94,45.92,45.93,0,0,6764
6496,2020-10-08 13:55:00,45.93,45.94,45.92,45.92,0,0,12381
6497,2020-10-08 13:56:00,45.92,45.92,45.9,45.9,0,0,8067
6498,2020-10-08 13:57:00,45.9,45.9,45.89,45.9,0,0,6328
6499,2020-10-08 13:58:00,45.89,45.9,45.88,45.88,0,0,5672
6500,2020-10-08 13:59:00,45.89,45.9,45.85,45.85,0,0,8590
6501,2020-10-08 14:00:00,45.85,45.87,45.83,45.87,0,0,20111
6502,2020-10-08 14:01:00,45.87,45.88,45.85,45.86,0,0,6324
6503,2020-10-08 14:02:00,45.86,45.88,45.86,45.88,0,0,6789
6504,2020-10-08 14:03:00,45.88,45.88,45.87,45.88,0,0,5205
6505,2020-10-08 14:04:00,45.88,45.89,45.84,45.85,0,0,12334
6506,2020-10-08 14:05:00,45.85,45.88,45.84,45.87,0,0,8259
6507,2020-10-08 14:06:00,45.87,45.89,45.87,45.89,0,0,5219
6508,2020-10-08 14:07:00,45.88,45.9,45.87,45.9,0,0,6970
6509,2020-10-08 14:08:00,45.9,45.92,45.9,45.92,0,0,11660
6510,2020-10-08 14:09:00,45.91,45.93,45.91,45.93,0,0,3138
6511,2020-10-08 14:10:00,45.92,45.93,45.92,45.92,0,0,5604
6512,2020-10-08 14:11:00,45.92,45.94,45.91,45.93,0,0,10593
6513,2020-10-08 14:12:00,45.93,45.97,45.92,45.96,0,0,5380
6514,2020-10-08 14:13:00,45.96,45.96,45.95,45.95,0,0,3658
6515,2020-10-08 14:14:00,45.95,45.95,45.93,45.94,0,0,6945
6516,2020-10-08 14:15:00,45.94,45.96,45.92,45.96,0,0,10244
6517,2020-10-08 14:16:00,45.96,45.96,45.94,45.96,0,0,8163
6518,2020-10-08 14:17:00,45.96,45.97,45.96,45.97,0,0,2616
6519,2020-10-08 14:18:00,45.96,45.99,45.96,45.97,0,0,8025
6520,2020-10-08 14:19:00,45.97,45.98,45.97,45.97,0,0,6132
6521,2020-10-08 14:20:00,45.98,45.98,45.96,45.97,0,0,3217
6522,2020-10-08 14:21:00,45.97,46.03,45.97,46.03,0,0,15351
6523,2020-10-08 14:22:00,46.03,46.04,46.03,46.03,0,0,10905
6524,2020-10-08 14:23:00,46.03,46.03,46.01,46.03,0,0,4179
6525,2020-10-08 14:24:00,46.03,46.03,46.02,46.03,0,0,2729
6526,2020-10-08 14:25:00,46.03,46.03,46.02,46.02,0,0,4596
6527,2020-10-08 14:26:00,46.02,46.03,46.01,46.02,0,0,16893
6528,2020-10-08 14:27:00,46.02,46.02,46.01,46.01,0,0,12236
6529,2020-10-08 14:28:00,46.02,46.03,46.01,46.02,0,0,7584
6530,2020-10-08 14:29:00,46.02,46.03,46.01,46.03,0,0,10904
6531,2020-10-08 14:30:00,46.04,46.04,46.02,46.03,0,0,6102
6532,2020-10-08 14:31:00,46.03,46.03,46.01,46.03,0,0,5837
6533,2020-10-08 14:32:00,46.03,46.04,46.03,46.04,0,0,5486
6534,2020-10-08 14:33:00,46.04,46.08,46.04,46.08,0,0,9428
6535,2020-10-08 14:34:00,46.08,46.1,46.08,46.1,0,0,8889
6536,2020-10-08 14:35:00,46.09,46.1,46.07,46.08,0,0,6661
6537,2020-10-08 14:36:00,46.09,46.1,46.08,46.09,0,0,6419
6538,2020-10-08 14:37:00,46.09,46.1,46.08,46.1,0,0,4397
6539,2020-10-08 14:38:00,46.1,46.11,46.09,46.1,0,0,9916
6540,2020-10-08 14:39:00,46.11,46.14,46.1,46.14,0,0,14054
6541,2020-10-08 14:40:00,46.14,46.17,46.13,46.17,0,0,19266
6542,2020-10-08 14:41:00,46.16,46.17,46.16,46.16,0,0,3507
6543,2020-10-08 14:42:00,46.16,46.17,46.13,46.15,0,0,14600
6544,2020-10-08 14:43:00,46.15,46.18,46.15,46.17,0,0,11383
6545,2020-10-08 14:44:00,46.17,46.18,46.16,46.17,0,0,7169
6546,2020-10-08 14:45:00,46.17,46.19,46.16,46.17,0,0,11410
6547,2020-10-08 14:46:00,46.16,46.17,46.14,46.16,0,0,8406
6548,2020-10-08 14:47:00,46.16,46.16,46.13,46.13,0,0,8578
6549,2020-10-08 14:48:00,46.13,46.14,46.1,46.14,0,0,17992
6550,2020-10-08 14:49:00,46.13,46.14,46.12,46.12,0,0,3804
6551,2020-10-08 14:50:00,46.12,46.13,46.1,46.1,0,0,10483
6552,2020-10-08 14:51:00,46.1,46.12,46.1,46.12,0,0,6042
6553,2020-10-08 14:52:00,46.11,46.12,46.1,46.12,0,0,7174
6554,2020-10-08 14:53:00,46.1,46.13,46.1,46.11,0,0,11315
6555,2020-10-08 14:54:00,46.11,46.12,46.1,46.1,0,0,3629
6556,2020-10-08 14:55:00,46.1,46.13,46.1,46.12,0,0,22006
6557,2020-10-08 14:56:00,46.13,46.14,46.12,46.13,0,0,4903
6558,2020-10-08 14:57:00,46.13,46.15,46.12,46.15,0,0,9230
6559,2020-10-08 14:58:00,46.15,46.15,46.13,46.15,0,0,9298
6560,2020-10-08 14:59:00,46.14,46.15,46.13,46.14,0,0,7795
6561,2020-10-08 15:00:00,46.14,46.15,46.13,46.13,0,0,12545
6562,2020-10-08 15:01:00,46.13,46.13,46.06,46.08,0,0,17709
6563,2020-10-08 15:02:00,46.07,46.1,46.04,46.09,0,0,14337
6564,2020-10-08 15:03:00,46.08,46.1,46.07,46.1,0,0,5616
6565,2020-10-08 15:04:00,46.1,46.1,46.04,46.06,0,0,22464
6566,2020-10-08 15:05:00,46.06,46.08,46.04,46.05,0,0,44784
6567,2020-10-08 15:06:00,46.05,46.05,46.03,46.04,0,0,19045
6568,2020-10-08 15:07:00,46.04,46.07,46.04,46.05,0,0,29621
6569,2020-10-08 15:08:00,46.05,46.07,46.05,46.05,0,0,16418
6570,2020-10-08 15:09:00,46.05,46.05,46.04,46.04,0,0,4847
6571,2020-10-08 15:10:00,46.05,46.07,46.04,46.06,0,0,9961
6572,2020-10-08 15:11:00,46.06,46.09,46.05,46.08,0,0,7849
6573,2020-10-08 15:12:00,46.09,46.1,46.08,46.1,0,0,14187
6574,2020-10-08 15:13:00,46.1,46.1,46.08,46.08,0,0,8076
6575,2020-10-08 15:14:00,46.08,46.09,46.07,46.07,0,0,5108
6576,2020-10-08 15:15:00,46.08,46.1,46.08,46.1,0,0,7547
6577,2020-10-08 15:16:00,46.1,46.11,46.07,46.07,0,0,14933
6578,2020-10-08 15:17:00,46.08,46.1,46.05,46.08,0,0,8780
6579,2020-10-08 15:18:00,46.08,46.08,46.06,46.06,0,0,10093
6580,2020-10-08 15:19:00,46.06,46.09,46.06,46.08,0,0,7262
6581,2020-10-08 15:20:00,46.08,46.09,46.06,46.07,0,0,14333
6582,2020-10-08 15:21:00,46.07,46.08,46.04,46.08,0,0,15564
6583,2020-10-08 15:22:00,46.07,46.09,46.06,46.08,0,0,9435
6584,2020-10-08 15:23:00,46.09,46.1,46.08,46.1,0,0,17092
6585,2020-10-08 15:24:00,46.1,46.1,46.08,46.08,0,0,9635
6586,2020-10-08 15:25:00,46.09,46.14,46.08,46.12,0,0,18543
6587,2020-10-08 15:26:00,46.13,46.14,46.12,46.13,0,0,16462
6588,2020-10-08 15:27:00,46.13,46.14,46.12,46.13,0,0,9732
6589,2020-10-08 15:28:00,46.13,46.14,46.09,46.12,0,0,23161
6590,2020-10-08 15:29:00,46.13,46.15,46.12,46.15,0,0,26767
6591,2020-10-08 15:30:00,46.15,46.15,46.12,46.13,0,0,17403
6592,2020-10-08 15:31:00,46.13,46.13,46.09,46.12,0,0,33591
6593,2020-10-08 15:32:00,46.12,46.12,46.08,46.08,0,0,16941
6594,2020-10-08 15:33:00,46.08,46.11,46.07,46.07,0,0,27366
6595,2020-10-08 15:34:00,46.08,46.08,46.05,46.07,0,0,25499
6596,2020-10-08 15:35:00,46.06,46.07,46.03,46.03,0,0,31172
6597,2020-10-08 15:36:00,46.03,46.06,46.03,46.04,0,0,34630
6598,2020-10-08 15:37:00,46.05,46.06,46.03,46.03,0,0,19742
6599,2020-10-08 15:38:00,46.03,46.05,46.03,46.04,0,0,22226
6600,2020-10-08 15:39:00,46.04,46.04,46.02,46.03,0,0,16807
6601,2020-10-08 15:40:00,46.02,46.03,45.99,45.99,0,0,36009
6602,2020-10-08 15:41:00,46.0,46.02,45.98,46.01,0,0,34931
6603,2020-10-08 15:42:00,46.02,46.02,45.99,46.0,0,0,22341
6604,2020-10-08 15:43:00,46.01,46.01,46.0,46.0,0,0,14719
6605,2020-10-08 15:44:00,46.0,46.01,45.98,45.99,0,0,45376
6606,2020-10-08 15:45:00,45.99,46.01,45.98,46.0,0,0,31743
6607,2020-10-08 15:46:00,46.0,46.02,45.99,46.01,0,0,18085
6608,2020-10-08 15:47:00,46.01,46.02,45.99,46.0,0,0,19676
6609,2020-10-08 15:48:00,46.0,46.01,45.98,45.99,0,0,17289
6610,2020-10-08 15:49:00,46.0,46.01,45.99,46.0,0,0,28853
6611,2020-10-08 15:50:00,45.99,46.0,45.97,45.99,0,0,43386
6612,2020-10-08 15:51:00,45.99,46.01,45.98,45.99,0,0,40839
6613,2020-10-08 15:52:00,45.99,46.0,45.97,45.97,0,0,43329
6614,2020-10-08 15:53:00,45.98,45.99,45.95,45.96,0,0,23122
6615,2020-10-08 15:54:00,45.96,45.98,45.96,45.97,0,0,35307
6616,2020-10-08 15:55:00,45.97,46.01,45.96,46.0,0,0,106043
6617,2020-10-08 15:56:00,45.99,46.01,45.97,46.01,0,0,93928
6618,2020-10-08 15:57:00,46.01,46.01,45.97,45.99,0,0,103500
6619,2020-10-08 15:58:00,45.99,46.01,45.98,45.99,0,0,116686
6620,2020-10-08 15:59:00,45.99,46.07,45.99,45.99,0,0,491682
6621,2020-10-09 09:30:00,46.4,46.41,46.12,46.25,0,0,162906
6622,2020-10-09 09:31:00,46.28,46.28,46.13,46.17,0,0,8713
6623,2020-10-09 09:32:00,46.13,46.23,46.13,46.17,0,0,8990
6624,2020-10-09 09:33:00,46.17,46.19,46.13,46.15,0,0,18123
6625,2020-10-09 09:34:00,46.16,46.23,46.16,46.18,0,0,18602
6626,2020-10-09 09:35:00,46.18,46.18,46.1,46.17,0,0,24384
6627,2020-10-09 09:36:00,46.18,46.24,46.11,46.24,0,0,20599
6628,2020-10-09 09:37:00,46.23,46.28,46.19,46.22,0,0,19109
6629,2020-10-09 09:38:00,46.24,46.32,46.24,46.28,0,0,93720
6630,2020-10-09 09:39:00,46.28,46.34,46.24,46.26,0,0,19816
6631,2020-10-09 09:40:00,46.26,46.3,46.23,46.27,0,0,25773
6632,2020-10-09 09:41:00,46.27,46.27,46.21,46.24,0,0,9085
6633,2020-10-09 09:42:00,46.21,46.28,46.21,46.26,0,0,11107
6634,2020-10-09 09:43:00,46.28,46.32,46.28,46.32,0,0,17153
6635,2020-10-09 09:44:00,46.31,46.33,46.29,46.29,0,0,8227
6636,2020-10-09 09:45:00,46.29,46.29,46.23,46.28,0,0,13398
6637,2020-10-09 09:46:00,46.28,46.28,46.13,46.16,0,0,34336
6638,2020-10-09 09:47:00,46.16,46.19,46.15,46.15,0,0,19846
6639,2020-10-09 09:48:00,46.15,46.21,46.15,46.19,0,0,21551
6640,2020-10-09 09:49:00,46.16,46.19,46.15,46.19,0,0,5494
6641,2020-10-09 09:50:00,46.19,46.23,46.19,46.22,0,0,13616
6642,2020-10-09 09:51:00,46.22,46.22,46.19,46.21,0,0,10466
6643,2020-10-09 09:52:00,46.21,46.24,46.17,46.18,0,0,14778
6644,2020-10-09 09:53:00,46.17,46.17,46.1,46.13,0,0,14439
6645,2020-10-09 09:54:00,46.14,46.19,46.13,46.19,0,0,18434
6646,2020-10-09 09:55:00,46.19,46.21,46.18,46.19,0,0,13670
6647,2020-10-09 09:56:00,46.2,46.21,46.19,46.21,0,0,4004
6648,2020-10-09 09:57:00,46.21,46.28,46.18,46.27,0,0,24245
6649,2020-10-09 09:58:00,46.26,46.26,46.22,46.22,0,0,17727
6650,2020-10-09 09:59:00,46.21,46.22,46.09,46.1,0,0,23492
6651,2020-10-09 10:00:00,46.1,46.1,46.02,46.03,0,0,40004
6652,2020-10-09 10:01:00,46.03,46.03,45.98,46.0,0,0,33303
6653,2020-10-09 10:02:00,45.99,46.04,45.96,45.96,0,0,16067
6654,2020-10-09 10:03:00,45.97,46.0,45.96,45.97,0,0,27393
6655,2020-10-09 10:04:00,45.98,46.0,45.95,45.99,0,0,20464
6656,2020-10-09 10:05:00,45.98,45.99,45.92,45.92,0,0,9751
6657,2020-10-09 10:06:00,45.92,45.92,45.87,45.91,0,0,22600
6658,2020-10-09 10:07:00,45.91,45.92,45.85,45.85,0,0,59799
6659,2020-10-09 10:08:00,45.85,45.94,45.85,45.94,0,0,27952
6660,2020-10-09 10:09:00,45.95,46.0,45.93,45.94,0,0,37722
6661,2020-10-09 10:10:00,45.94,46.01,45.94,46.0,0,0,18088
6662,2020-10-09 10:11:00,45.99,45.99,45.91,45.94,0,0,10740
6663,2020-10-09 10:12:00,45.93,45.98,45.93,45.96,0,0,8379
6664,2020-10-09 10:13:00,45.96,45.99,45.92,45.99,0,0,8140
6665,2020-10-09 10:14:00,46.0,46.01,45.98,45.99,0,0,16369
6666,2020-10-09 10:15:00,45.98,46.04,45.98,46.01,0,0,24219
6667,2020-10-09 10:16:00,46.0,46.06,45.99,46.03,0,0,11643
6668,2020-10-09 10:17:00,46.02,46.03,45.99,46.01,0,0,12907
6669,2020-10-09 10:18:00,46.03,46.03,45.99,45.99,0,0,7135
6670,2020-10-09 10:19:00,45.99,46.02,45.97,46.01,0,0,12527
6671,2020-10-09 10:20:00,46.02,46.04,46.02,46.02,0,0,5210
6672,2020-10-09 10:21:00,46.02,46.04,46.01,46.04,0,0,6775
6673,2020-10-09 10:22:00,46.05,46.06,46.01,46.01,0,0,7240
6674,2020-10-09 10:23:00,46.01,46.03,46.0,46.01,0,0,5810
6675,2020-10-09 10:24:00,46.01,46.05,46.01,46.04,0,0,3544
6676,2020-10-09 10:25:00,46.05,46.05,46.01,46.02,0,0,7148
6677,2020-10-09 10:26:00,46.02,46.02,46.01,46.01,0,0,7618
6678,2020-10-09 10:27:00,46.02,46.05,46.02,46.02,0,0,9190
6679,2020-10-09 10:28:00,46.02,46.04,46.01,46.03,0,0,17806
6680,2020-10-09 10:29:00,46.02,46.05,46.02,46.03,0,0,13021
6681,2020-10-09 10:30:00,46.03,46.03,46.01,46.03,0,0,10545
6682,2020-10-09 10:31:00,46.03,46.04,46.02,46.03,0,0,5870
6683,2020-10-09 10:32:00,46.03,46.03,45.96,45.99,0,0,13197
6684,2020-10-09 10:33:00,45.99,46.02,45.99,46.0,0,0,9917
6685,2020-10-09 10:34:00,46.0,46.0,45.96,45.99,0,0,10831
6686,2020-10-09 10:35:00,45.99,46.0,45.99,45.99,0,0,9735
6687,2020-10-09 10:36:00,46.0,46.01,45.99,46.01,0,0,9862
6688,2020-10-09 10:37:00,46.02,46.03,46.01,46.03,0,0,13247
6689,2020-10-09 10:38:00,46.04,46.04,45.99,45.99,0,0,9804
6690,2020-10-09 10:39:00,45.99,45.99,45.95,45.96,0,0,15537
6691,2020-10-09 10:40:00,45.97,46.01,45.97,45.97,0,0,10810
6692,2020-10-09 10:41:00,45.97,46.01,45.97,45.99,0,0,24405
6693,2020-10-09 10:42:00,45.98,46.0,45.97,46.0,0,0,13783
6694,2020-10-09 10:43:00,45.99,46.01,45.99,46.01,0,0,14235
6695,2020-10-09 10:44:00,46.01,46.07,46.01,46.07,0,0,6312
6696,2020-10-09 10:45:00,46.08,46.14,46.08,46.14,0,0,16008
6697,2020-10-09 10:46:00,46.13,46.14,46.12,46.13,0,0,5774
6698,2020-10-09 10:47:00,46.13,46.14,46.12,46.14,0,0,18932
6699,2020-10-09 10:48:00,46.14,46.16,46.14,46.14,0,0,11807
6700,2020-10-09 10:49:00,46.15,46.16,46.14,46.15,0,0,16848
6701,2020-10-09 10:50:00,46.15,46.15,46.12,46.12,0,0,10405
6702,2020-10-09 10:51:00,46.12,46.13,46.1,46.1,0,0,8773
6703,2020-10-09 10:52:00,46.11,46.12,46.1,46.1,0,0,4789
6704,2020-10-09 10:53:00,46.08,46.09,46.08,46.09,0,0,6197
6705,2020-10-09 10:54:00,46.08,46.08,46.05,46.05,0,0,11290
6706,2020-10-09 10:55:00,46.07,46.1,46.07,46.1,0,0,7074
6707,2020-10-09 10:56:00,46.12,46.12,46.12,46.12,0,0,25038
6708,2020-10-09 10:57:00,46.12,46.13,46.12,46.12,0,0,5449
6709,2020-10-09 10:58:00,46.12,46.13,46.09,46.1,0,0,23730
6710,2020-10-09 10:59:00,46.11,46.11,46.08,46.1,0,0,13370
6711,2020-10-09 11:00:00,46.1,46.17,46.09,46.17,0,0,10030
6712,2020-10-09 11:01:00,46.16,46.19,46.16,46.18,0,0,8180
6713,2020-10-09 11:02:00,46.19,46.22,46.19,46.2,0,0,15487
6714,2020-10-09 11:03:00,46.2,46.22,46.19,46.2,0,0,3000
6715,2020-10-09 11:04:00,46.2,46.23,46.19,46.23,0,0,4072
6716,2020-10-09 11:05:00,46.22,46.22,46.19,46.21,0,0,10738
6717,2020-10-09 11:06:00,46.2,46.22,46.19,46.21,0,0,16113
6718,2020-10-09 11:07:00,46.21,46.23,46.2,46.22,0,0,2932
6719,2020-10-09 11:08:00,46.22,46.24,46.19,46.19,0,0,31235
6720,2020-10-09 11:09:00,46.2,46.22,46.2,46.21,0,0,16376
6721,2020-10-09 11:10:00,46.22,46.22,46.19,46.2,0,0,9382
6722,2020-10-09 11:11:00,46.19,46.2,46.14,46.15,0,0,10423
6723,2020-10-09 11:12:00,46.15,46.18,46.15,46.18,0,0,3044
6724,2020-10-09 11:13:00,46.19,46.2,46.18,46.18,0,0,4488
6725,2020-10-09 11:14:00,46.19,46.23,46.19,46.23,0,0,6685
6726,2020-10-09 11:15:00,46.22,46.23,46.22,46.22,0,0,3297
6727,2020-10-09 11:16:00,46.22,46.23,46.21,46.21,0,0,5767
6728,2020-10-09 11:17:00,46.21,46.21,46.18,46.18,0,0,6260
6729,2020-10-09 11:18:00,46.19,46.21,46.19,46.2,0,0,16400
6730,2020-10-09 11:19:00,46.2,46.21,46.17,46.17,0,0,16190
6731,2020-10-09 11:20:00,46.18,46.19,46.15,46.17,0,0,9318
6732,2020-10-09 11:21:00,46.18,46.19,46.17,46.17,0,0,2914
6733,2020-10-09 11:22:00,46.18,46.18,46.17,46.18,0,0,6209
6734,2020-10-09 11:23:00,46.16,46.16,46.13,46.15,0,0,8025
6735,2020-10-09 11:24:00,46.15,46.18,46.15,46.17,0,0,9149
6736,2020-10-09 11:25:00,46.17,46.17,46.14,46.15,0,0,7227
6737,2020-10-09 11:26:00,46.15,46.15,46.13,46.15,0,0,5914
6738,2020-10-09 11:27:00,46.15,46.16,46.14,46.15,0,0,6985
6739,2020-10-09 11:28:00,46.15,46.16,46.15,46.16,0,0,3084
6740,2020-10-09 11:29:00,46.16,46.16,46.12,46.12,0,0,10054
6741,2020-10-09 11:30:00,46.12,46.14,46.12,46.14,0,0,10274
6742,2020-10-09 11:31:00,46.14,46.15,46.13,46.14,0,0,3013
6743,2020-10-09 11:32:00,46.15,46.15,46.12,46.12,0,0,3550
6744,2020-10-09 11:33:00,46.12,46.12,46.12,46.12,0,0,702
6745,2020-10-09 11:34:00,46.13,46.14,46.12,46.12,0,0,9964
6746,2020-10-09 11:35:00,46.13,46.13,46.1,46.1,0,0,11165
6747,2020-10-09 11:36:00,46.1,46.12,46.09,46.12,0,0,9826
6748,2020-10-09 11:37:00,46.12,46.17,46.12,46.16,0,0,5216
6749,2020-10-09 11:38:00,46.16,46.18,46.16,46.18,0,0,8001
6750,2020-10-09 11:39:00,46.18,46.2,46.18,46.19,0,0,18757
6751,2020-10-09 11:40:00,46.19,46.19,46.17,46.17,0,0,7931
6752,2020-10-09 11:41:00,46.16,46.17,46.15,46.16,0,0,12495
6753,2020-10-09 11:42:00,46.17,46.19,46.17,46.19,0,0,3995
6754,2020-10-09 11:43:00,46.18,46.19,46.18,46.18,0,0,2961
6755,2020-10-09 11:44:00,46.18,46.24,46.12,46.16,0,0,60627
6756,2020-10-09 11:45:00,46.16,46.21,46.15,46.21,0,0,24032
6757,2020-10-09 11:46:00,46.21,46.22,46.21,46.21,0,0,12287
6758,2020-10-09 11:47:00,46.21,46.22,46.16,46.16,0,0,16225
6759,2020-10-09 11:48:00,46.15,46.15,46.14,46.15,0,0,3531
6760,2020-10-09 11:49:00,46.15,46.18,46.15,46.17,0,0,5240
6761,2020-10-09 11:50:00,46.16,46.17,46.15,46.17,0,0,8330
6762,2020-10-09 11:51:00,46.15,46.17,46.14,46.17,0,0,7078
6763,2020-10-09 11:52:00,46.17,46.19,46.12,46.16,0,0,19836
6764,2020-10-09 11:53:00,46.15,46.18,46.15,46.16,0,0,7535
6765,2020-10-09 11:54:00,46.16,46.19,46.16,46.18,0,0,5953
6766,2020-10-09 11:55:00,46.17,46.17,46.12,46.12,0,0,7302
6767,2020-10-09 11:56:00,46.12,46.12,46.08,46.09,0,0,20797
6768,2020-10-09 11:57:00,46.1,46.13,46.1,46.12,0,0,11912
6769,2020-10-09 11:58:00,46.12,46.14,46.12,46.13,0,0,9168
6770,2020-10-09 11:59:00,46.13,46.13,46.1,46.11,0,0,4927
6771,2020-10-09 12:00:00,46.11,46.13,46.11,46.11,0,0,4749
6772,2020-10-09 12:01:00,46.11,46.13,46.08,46.1,0,0,14991
6773,2020-10-09 12:02:00,46.1,46.14,46.1,46.13,0,0,2809
6774,2020-10-09 12:03:00,46.13,46.14,46.13,46.13,0,0,6318
6775,2020-10-09 12:04:00,46.13,46.13,46.03,46.06,0,0,60455
6776,2020-10-09 12:05:00,46.07,46.1,46.07,46.08,0,0,22035
6777,2020-10-09 12:06:00,46.07,46.07,46.05,46.07,0,0,11161
6778,2020-10-09 12:07:00,46.08,46.09,46.01,46.02,0,0,17022
6779,2020-10-09 12:08:00,46.02,46.03,45.98,46.01,0,0,39080
6780,2020-10-09 12:09:00,46.01,46.01,45.97,46.0,0,0,13890
6781,2020-10-09 12:10:00,46.0,46.01,46.0,46.0,0,0,6082
6782,2020-10-09 12:11:00,46.0,46.01,45.99,46.0,0,0,3571
6783,2020-10-09 12:12:00,45.99,45.99,45.96,45.96,0,0,13942
6784,2020-10-09 12:13:00,45.96,45.99,45.96,45.98,0,0,10476
6785,2020-10-09 12:14:00,45.99,45.99,45.95,45.96,0,0,14212
6786,2020-10-09 12:15:00,45.96,45.99,45.95,45.97,0,0,10127
6787,2020-10-09 12:16:00,45.98,45.98,45.96,45.97,0,0,15193
6788,2020-10-09 12:17:00,45.97,45.97,45.93,45.94,0,0,24652
6789,2020-10-09 12:18:00,45.93,45.94,45.92,45.94,0,0,12655
6790,2020-10-09 12:19:00,45.93,45.93,45.88,45.91,0,0,29752
6791,2020-10-09 12:20:00,45.91,45.95,45.91,45.94,0,0,19879
6792,2020-10-09 12:21:00,45.93,45.95,45.93,45.93,0,0,11580
6793,2020-10-09 12:22:00,45.94,45.95,45.93,45.94,0,0,8258
6794,2020-10-09 12:23:00,45.95,45.95,45.92,45.93,0,0,14841
6795,2020-10-09 12:24:00,45.93,45.93,45.9,45.9,0,0,8135
6796,2020-10-09 12:25:00,45.9,45.91,45.88,45.88,0,0,17068
6797,2020-10-09 12:26:00,45.88,45.89,45.86,45.86,0,0,10467
6798,2020-10-09 12:27:00,45.86,45.89,45.79,45.86,0,0,146214
6799,2020-10-09 12:28:00,45.85,45.85,45.79,45.79,0,0,13243
6800,2020-10-09 12:29:00,45.79,45.8,45.74,45.77,0,0,50351
6801,2020-10-09 12:30:00,45.78,45.81,45.76,45.81,0,0,29787
6802,2020-10-09 12:31:00,45.81,45.89,45.81,45.87,0,0,38640
6803,2020-10-09 12:32:00,45.87,45.89,45.85,45.86,0,0,11133
6804,2020-10-09 12:33:00,45.85,45.86,45.83,45.83,0,0,18649
6805,2020-10-09 12:34:00,45.83,45.9,45.83,45.9,0,0,14661
6806,2020-10-09 12:35:00,45.9,45.9,45.86,45.86,0,0,12827
6807,2020-10-09 12:36:00,45.88,45.89,45.86,45.86,0,0,5869
6808,2020-10-09 12:37:00,45.85,45.89,45.85,45.89,0,0,8436
6809,2020-10-09 12:38:00,45.88,45.9,45.86,45.87,0,0,11160
6810,2020-10-09 12:39:00,45.87,45.87,45.83,45.83,0,0,11438
6811,2020-10-09 12:40:00,45.82,45.85,45.82,45.84,0,0,8382
6812,2020-10-09 12:41:00,45.85,45.86,45.82,45.83,0,0,22104
6813,2020-10-09 12:42:00,45.83,45.83,45.77,45.77,0,0,41426
6814,2020-10-09 12:43:00,45.78,45.81,45.77,45.81,0,0,43293
6815,2020-10-09 12:44:00,45.81,45.83,45.81,45.82,0,0,5307
6816,2020-10-09 12:45:00,45.82,45.83,45.8,45.8,0,0,6361
6817,2020-10-09 12:46:00,45.8,45.8,45.79,45.8,0,0,9647
6818,2020-10-09 12:47:00,45.79,45.8,45.76,45.79,0,0,21630
6819,2020-10-09 12:48:00,45.78,45.8,45.77,45.79,0,0,9678
6820,2020-10-09 12:49:00,45.79,45.82,45.79,45.81,0,0,11783
6821,2020-10-09 12:50:00,45.8,45.81,45.78,45.81,0,0,10491
6822,2020-10-09 12:51:00,45.8,45.81,45.79,45.79,0,0,6813
6823,2020-10-09 12:52:00,45.79,45.79,45.78,45.78,0,0,4166
6824,2020-10-09 12:53:00,45.78,45.79,45.78,45.78,0,0,11370
6825,2020-10-09 12:54:00,45.8,45.8,45.77,45.77,0,0,11818
6826,2020-10-09 12:55:00,45.77,45.78,45.77,45.77,0,0,5042
6827,2020-10-09 12:56:00,45.77,45.78,45.72,45.72,0,0,26184
6828,2020-10-09 12:57:00,45.72,45.73,45.66,45.72,0,0,48430
6829,2020-10-09 12:58:00,45.72,45.81,45.72,45.8,0,0,12021
6830,2020-10-09 12:59:00,45.8,45.81,45.78,45.79,0,0,10006
6831,2020-10-09 13:00:00,45.8,45.8,45.72,45.74,0,0,33937
6832,2020-10-09 13:01:00,45.75,45.75,45.72,45.75,0,0,8776
6833,2020-10-09 13:02:00,45.75,45.76,45.75,45.76,0,0,4200
6834,2020-10-09 13:03:00,45.77,45.79,45.76,45.76,0,0,6369
6835,2020-10-09 13:04:00,45.76,45.76,45.74,45.74,0,0,5378
6836,2020-10-09 13:05:00,45.75,45.76,45.74,45.76,0,0,10698
6837,2020-10-09 13:06:00,45.76,45.79,45.76,45.79,0,0,5098
6838,2020-10-09 13:07:00,45.79,45.82,45.79,45.81,0,0,10893
6839,2020-10-09 13:08:00,45.81,45.81,45.8,45.81,0,0,4931
6840,2020-10-09 13:09:00,45.8,45.84,45.8,45.83,0,0,4882
6841,2020-10-09 13:10:00,45.83,45.83,45.81,45.81,0,0,13253
6842,2020-10-09 13:11:00,45.81,45.81,45.8,45.81,0,0,8574
6843,2020-10-09 13:12:00,45.81,45.81,45.77,45.77,0,0,8244
6844,2020-10-09 13:13:00,45.77,45.78,45.76,45.76,0,0,12230
6845,2020-10-09 13:14:00,45.76,45.77,45.76,45.76,0,0,9036
6846,2020-10-09 13:15:00,45.77,45.79,45.77,45.78,0,0,7988
6847,2020-10-09 13:16:00,45.78,45.79,45.77,45.78,0,0,3621
6848,2020-10-09 13:17:00,45.78,45.81,45.76,45.81,0,0,12410
6849,2020-10-09 13:18:00,45.81,45.82,45.81,45.81,0,0,4819
6850,2020-10-09 13:19:00,45.81,45.81,45.79,45.8,0,0,5226
6851,2020-10-09 13:20:00,45.79,45.79,45.77,45.78,0,0,22659
6852,2020-10-09 13:21:00,45.78,45.78,45.77,45.77,0,0,4338
6853,2020-10-09 13:22:00,45.78,45.79,45.78,45.78,0,0,3964
6854,2020-10-09 13:23:00,45.78,45.78,45.74,45.74,0,0,14753
6855,2020-10-09 13:24:00,45.74,45.74,45.72,45.73,0,0,11628
6856,2020-10-09 13:25:00,45.72,45.74,45.7,45.72,0,0,11111
6857,2020-10-09 13:26:00,45.72,45.74,45.72,45.74,0,0,8013
6858,2020-10-09 13:27:00,45.74,45.74,45.72,45.72,0,0,7774
6859,2020-10-09 13:28:00,45.71,45.72,45.7,45.71,0,0,12705
6860,2020-10-09 13:29:00,45.72,45.76,45.72,45.74,0,0,12850
6861,2020-10-09 13:30:00,45.74,45.74,45.72,45.72,0,0,6489
6862,2020-10-09 13:31:00,45.72,45.72,45.71,45.72,0,0,9256
6863,2020-10-09 13:32:00,45.71,45.72,45.7,45.71,0,0,7945
6864,2020-10-09 13:33:00,45.7,45.73,45.7,45.72,0,0,6380
6865,2020-10-09 13:34:00,45.74,45.78,45.74,45.78,0,0,7278
6866,2020-10-09 13:35:00,45.78,45.81,45.78,45.8,0,0,11218
6867,2020-10-09 13:36:00,45.79,45.79,45.75,45.75,0,0,7582
6868,2020-10-09 13:37:00,45.75,45.77,45.74,45.77,0,0,11974
6869,2020-10-09 13:38:00,45.76,45.79,45.76,45.79,0,0,2039
6870,2020-10-09 13:39:00,45.78,45.79,45.78,45.79,0,0,12691
6871,2020-10-09 13:40:00,45.79,45.79,45.78,45.78,0,0,8493
6872,2020-10-09 13:41:00,45.78,45.79,45.77,45.78,0,0,6793
6873,2020-10-09 13:42:00,45.78,45.78,45.75,45.76,0,0,9118
6874,2020-10-09 13:43:00,45.76,45.78,45.76,45.78,0,0,4490
6875,2020-10-09 13:44:00,45.78,45.79,45.78,45.79,0,0,10520
6876,2020-10-09 13:45:00,45.78,45.78,45.76,45.76,0,0,2855
6877,2020-10-09 13:46:00,45.76,45.81,45.76,45.81,0,0,5514
6878,2020-10-09 13:47:00,45.81,45.84,45.8,45.84,0,0,13171
6879,2020-10-09 13:48:00,45.84,45.86,45.83,45.83,0,0,7253
6880,2020-10-09 13:49:00,45.83,45.84,45.82,45.83,0,0,3071
6881,2020-10-09 13:50:00,45.83,45.83,45.81,45.81,0,0,4353
6882,2020-10-09 13:51:00,45.81,45.83,45.81,45.83,0,0,4585
6883,2020-10-09 13:52:00,45.83,45.84,45.82,45.84,0,0,4467
6884,2020-10-09 13:53:00,45.84,45.85,45.83,45.85,0,0,7484
6885,2020-10-09 13:54:00,45.84,45.85,45.84,45.85,0,0,3121
6886,2020-10-09 13:55:00,45.85,45.85,45.84,45.84,0,0,8941
6887,2020-10-09 13:56:00,45.85,45.86,45.84,45.84,0,0,16311
6888,2020-10-09 13:57:00,45.85,45.85,45.82,45.82,0,0,4581
6889,2020-10-09 13:58:00,45.83,45.85,45.81,45.85,0,0,9650
6890,2020-10-09 13:59:00,45.85,45.87,45.84,45.85,0,0,8260
6891,2020-10-09 14:00:00,45.85,45.85,45.8,45.8,0,0,14627
6892,2020-10-09 14:01:00,45.81,45.81,45.78,45.78,0,0,15395
6893,2020-10-09 14:02:00,45.78,45.8,45.77,45.8,0,0,9051
6894,2020-10-09 14:03:00,45.81,45.83,45.8,45.82,0,0,14531
6895,2020-10-09 14:04:00,45.82,45.82,45.81,45.81,0,0,5242
6896,2020-10-09 14:05:00,45.81,45.81,45.79,45.81,0,0,13873
6897,2020-10-09 14:06:00,45.8,45.81,45.76,45.78,0,0,21624
6898,2020-10-09 14:07:00,45.78,45.79,45.76,45.79,0,0,9942
6899,2020-10-09 14:08:00,45.8,45.83,45.79,45.83,0,0,7822
6900,2020-10-09 14:09:00,45.84,45.84,45.81,45.81,0,0,11922
6901,2020-10-09 14:10:00,45.81,45.82,45.81,45.81,0,0,8770
6902,2020-10-09 14:11:00,45.81,45.81,45.79,45.79,0,0,6437
6903,2020-10-09 14:12:00,45.8,45.83,45.8,45.81,0,0,9615
6904,2020-10-09 14:13:00,45.82,45.82,45.81,45.81,0,0,1152
6905,2020-10-09 14:14:00,45.82,45.86,45.82,45.86,0,0,13523
6906,2020-10-09 14:15:00,45.85,45.85,45.83,45.84,0,0,9279
6907,2020-10-09 14:16:00,45.83,45.83,45.81,45.83,0,0,6278
6908,2020-10-09 14:17:00,45.84,45.86,45.84,45.85,0,0,4475
6909,2020-10-09 14:18:00,45.85,45.88,45.85,45.88,0,0,18635
6910,2020-10-09 14:19:00,45.88,45.9,45.88,45.89,0,0,19163
6911,2020-10-09 14:20:00,45.9,45.9,45.87,45.88,0,0,8699
6912,2020-10-09 14:21:00,45.89,45.9,45.88,45.88,0,0,4792
6913,2020-10-09 14:22:00,45.88,45.89,45.88,45.89,0,0,4108
6914,2020-10-09 14:23:00,45.88,45.88,45.85,45.85,0,0,8178
6915,2020-10-09 14:24:00,45.86,45.86,45.85,45.85,0,0,4618
6916,2020-10-09 14:25:00,45.85,45.86,45.83,45.84,0,0,14683
6917,2020-10-09 14:26:00,45.84,45.87,45.84,45.86,0,0,6076
6918,2020-10-09 14:27:00,45.87,45.87,45.85,45.86,0,0,4928
6919,2020-10-09 14:28:00,45.87,45.88,45.86,45.87,0,0,5192
6920,2020-10-09 14:29:00,45.88,45.88,45.87,45.88,0,0,5847
6921,2020-10-09 14:30:00,45.88,45.9,45.86,45.88,0,0,33625
6922,2020-10-09 14:31:00,45.88,45.88,45.88,45.88,0,0,7322
6923,2020-10-09 14:32:00,45.88,45.92,45.88,45.92,0,0,25794
6924,2020-10-09 14:33:00,45.92,45.92,45.91,45.92,0,0,5372
6925,2020-10-09 14:34:00,45.92,45.92,45.91,45.92,0,0,5352
6926,2020-10-09 14:35:00,45.92,45.92,45.88,45.88,0,0,13774
6927,2020-10-09 14:36:00,45.89,45.89,45.87,45.87,0,0,5716
6928,2020-10-09 14:37:00,45.86,45.86,45.81,45.83,0,0,52798
6929,2020-10-09 14:38:00,45.83,45.86,45.83,45.86,0,0,10877
6930,2020-10-09 14:39:00,45.86,45.87,45.78,45.86,0,0,36704
6931,2020-10-09 14:40:00,45.85,45.87,45.82,45.86,0,0,14780
6932,2020-10-09 14:41:00,45.86,45.87,45.83,45.83,0,0,7302
6933,2020-10-09 14:42:00,45.83,45.83,45.81,45.83,0,0,7345
6934,2020-10-09 14:43:00,45.83,45.85,45.83,45.84,0,0,6028
6935,2020-10-09 14:44:00,45.85,45.88,45.85,45.88,0,0,5232
6936,2020-10-09 14:45:00,45.87,45.9,45.87,45.89,0,0,10342
6937,2020-10-09 14:46:00,45.9,45.9,45.88,45.88,0,0,4489
6938,2020-10-09 14:47:00,45.88,45.89,45.88,45.88,0,0,3726
6939,2020-10-09 14:48:00,45.88,45.89,45.87,45.87,0,0,5174
6940,2020-10-09 14:49:00,45.87,45.87,45.86,45.87,0,0,5505
6941,2020-10-09 14:50:00,45.87,45.88,45.85,45.87,0,0,12123
6942,2020-10-09 14:51:00,45.86,45.87,45.85,45.85,0,0,7752
6943,2020-10-09 14:52:00,45.85,45.85,45.84,45.84,0,0,5066
6944,2020-10-09 14:53:00,45.84,45.84,45.81,45.81,0,0,3423
6945,2020-10-09 14:54:00,45.82,45.83,45.8,45.81,0,0,15276
6946,2020-10-09 14:55:00,45.82,45.85,45.81,45.83,0,0,8548
6947,2020-10-09 14:56:00,45.83,45.83,45.81,45.83,0,0,4902
6948,2020-10-09 14:57:00,45.82,45.84,45.81,45.84,0,0,8000
6949,2020-10-09 14:58:00,45.84,45.85,45.83,45.84,0,0,5772
6950,2020-10-09 14:59:00,45.85,45.85,45.82,45.83,0,0,8757
6951,2020-10-09 15:00:00,45.83,45.83,45.81,45.83,0,0,11412
6952,2020-10-09 15:01:00,45.83,45.83,45.78,45.81,0,0,18202
6953,2020-10-09 15:02:00,45.81,45.82,45.81,45.82,0,0,8813
6954,2020-10-09 15:03:00,45.81,45.82,45.8,45.81,0,0,16063
6955,2020-10-09 15:04:00,45.8,45.82,45.8,45.81,0,0,13020
6956,2020-10-09 15:05:00,45.81,45.83,45.8,45.81,0,0,14758
6957,2020-10-09 15:06:00,45.81,45.81,45.78,45.78,0,0,5214
6958,2020-10-09 15:07:00,45.78,45.78,45.78,45.78,0,0,3160
6959,2020-10-09 15:08:00,45.78,45.78,45.77,45.78,0,0,10397
6960,2020-10-09 15:09:00,45.79,45.81,45.79,45.79,0,0,5518
6961,2020-10-09 15:10:00,45.8,45.81,45.79,45.8,0,0,7947
6962,2020-10-09 15:11:00,45.81,45.81,45.79,45.8,0,0,8874
6963,2020-10-09 15:12:00,45.8,45.83,45.8,45.83,0,0,5407
6964,2020-10-09 15:13:00,45.83,45.84,45.81,45.84,0,0,6367
6965,2020-10-09 15:14:00,45.83,45.85,45.83,45.84,0,0,14223
6966,2020-10-09 15:15:00,45.84,45.85,45.84,45.84,0,0,4590
6967,2020-10-09 15:16:00,45.83,45.84,45.81,45.83,0,0,18161
6968,2020-10-09 15:17:00,45.83,45.87,45.83,45.87,0,0,7094
6969,2020-10-09 15:18:00,45.86,45.87,45.85,45.86,0,0,21471
6970,2020-10-09 15:19:00,45.85,45.85,45.83,45.85,0,0,15048
6971,2020-10-09 15:20:00,45.85,45.85,45.85,45.85,0,0,1616
6972,2020-10-09 15:21:00,45.85,45.86,45.84,45.85,0,0,10840
6973,2020-10-09 15:22:00,45.85,45.86,45.85,45.86,0,0,6727
6974,2020-10-09 15:23:00,45.87,45.87,45.85,45.85,0,0,19862
6975,2020-10-09 15:24:00,45.85,45.86,45.85,45.86,0,0,8198
6976,2020-10-09 15:25:00,45.85,45.86,45.83,45.84,0,0,18520
6977,2020-10-09 15:26:00,45.84,45.87,45.84,45.87,0,0,5404
6978,2020-10-09 15:27:00,45.86,45.87,45.85,45.87,0,0,8541
6979,2020-10-09 15:28:00,45.87,45.88,45.85,45.85,0,0,12592
6980,2020-10-09 15:29:00,45.86,45.86,45.84,45.85,0,0,10964
6981,2020-10-09 15:30:00,45.85,45.87,45.83,45.83,0,0,14250
6982,2020-10-09 15:31:00,45.84,45.85,45.83,45.84,0,0,12792
6983,2020-10-09 15:32:00,45.84,45.85,45.81,45.82,0,0,17108
6984,2020-10-09 15:33:00,45.82,45.83,45.8,45.82,0,0,10368
6985,2020-10-09 15:34:00,45.82,45.83,45.81,45.83,0,0,6851
6986,2020-10-09 15:35:00,45.83,45.85,45.82,45.84,0,0,32896
6987,2020-10-09 15:36:00,45.85,45.88,45.84,45.87,0,0,16529
6988,2020-10-09 15:37:00,45.87,45.87,45.86,45.87,0,0,4150
6989,2020-10-09 15:38:00,45.86,45.87,45.84,45.86,0,0,22334
6990,2020-10-09 15:39:00,45.85,45.88,45.85,45.87,0,0,32349
6991,2020-10-09 15:40:00,45.86,45.88,45.84,45.85,0,0,16890
6992,2020-10-09 15:41:00,45.85,45.87,45.84,45.87,0,0,64657
6993,2020-10-09 15:42:00,45.87,45.9,45.86,45.9,0,0,26921
6994,2020-10-09 15:43:00,45.9,45.9,45.87,45.87,0,0,29180
6995,2020-10-09 15:44:00,45.86,45.87,45.84,45.84,0,0,18794
6996,2020-10-09 15:45:00,45.84,45.85,45.83,45.85,0,0,15806
6997,2020-10-09 15:46:00,45.86,45.87,45.85,45.86,0,0,32348
6998,2020-10-09 15:47:00,45.86,45.87,45.83,45.87,0,0,33316
6999,2020-10-09 15:48:00,45.87,45.9,45.86,45.88,0,0,34390
7000,2020-10-09 15:49:00,45.88,45.88,45.84,45.84,0,0,19189
7001,2020-10-09 15:50:00,45.84,45.87,45.82,45.84,0,0,75934
7002,2020-10-09 15:51:00,45.84,45.86,45.83,45.86,0,0,33142
7003,2020-10-09 15:52:00,45.86,45.86,45.83,45.83,0,0,24916
7004,2020-10-09 15:53:00,45.83,45.84,45.82,45.83,0,0,22441
7005,2020-10-09 15:54:00,45.83,45.89,45.83,45.88,0,0,56593
7006,2020-10-09 15:55:00,45.87,45.88,45.81,45.83,0,0,110575
7007,2020-10-09 15:56:00,45.82,45.82,45.78,45.78,0,0,0
7008,2020-10-09 15:57:00,45.79,45.8,45.76,45.78,0,0,149597
7009,2020-10-09 15:58:00,45.78,45.8,45.76,45.78,0,0,116620
7010,2020-10-09 15:59:00,45.78,45.92,45.78,45.91,0,0,207209
7011,2020-10-12 09:30:00,47.61,47.66,47.52,47.61,0,0,732403
7012,2020-10-12 09:31:00,47.62,47.65,47.41,47.54,0,0,290256
7013,2020-10-12 09:32:00,47.57,47.86,47.57,47.73,0,0,305505
7014,2020-10-12 09:33:00,47.74,47.97,47.68,47.86,0,0,360953
7015,2020-10-12 09:34:00,47.84,47.9,47.72,47.79,0,0,223924
7016,2020-10-12 09:35:00,47.8,47.89,47.69,47.89,0,0,223769
7017,2020-10-12 09:36:00,47.87,48.08,47.85,48.03,0,0,671840
7018,2020-10-12 09:37:00,48.04,48.1,47.96,48.05,0,0,382897
7019,2020-10-12 09:38:00,48.04,48.28,48.04,48.26,0,0,375709
7020,2020-10-12 09:39:00,48.26,48.28,48.19,48.24,0,0,152426
7021,2020-10-12 09:40:00,48.26,48.27,48.05,48.18,0,0,151027
7022,2020-10-12 09:41:00,48.18,48.25,48.08,48.25,0,0,95361
7023,2020-10-12 09:42:00,48.24,48.4,48.22,48.31,0,0,180092
7024,2020-10-12 09:43:00,48.31,48.5,48.23,48.33,0,0,178857
7025,2020-10-12 09:44:00,48.33,48.34,48.15,48.22,0,0,139125
7026,2020-10-12 09:45:00,48.2,48.36,48.16,48.31,0,0,164143
7027,2020-10-12 09:46:00,48.31,48.38,48.3,48.34,0,0,69574
7028,2020-10-12 09:47:00,48.33,48.33,48.13,48.21,0,0,128994
7029,2020-10-12 09:48:00,48.21,48.28,48.12,48.14,0,0,122176
7030,2020-10-12 09:49:00,48.13,48.25,48.1,48.22,0,0,72401
7031,2020-10-12 09:50:00,48.21,48.28,48.0,48.03,0,0,133741
7032,2020-10-12 09:51:00,48.03,48.07,47.95,48.0,0,0,77726
7033,2020-10-12 09:52:00,48.0,48.05,47.96,48.02,0,0,97989
7034,2020-10-12 09:53:00,48.01,48.15,48.01,48.09,0,0,83135
7035,2020-10-12 09:54:00,48.09,48.2,48.09,48.15,0,0,82887
7036,2020-10-12 09:55:00,48.16,48.19,48.12,48.14,0,0,74624
7037,2020-10-12 09:56:00,48.13,48.14,48.08,48.12,0,0,45395
7038,2020-10-12 09:57:00,48.12,48.26,48.12,48.25,0,0,109591
7039,2020-10-12 09:58:00,48.25,48.34,48.22,48.28,0,0,109530
7040,2020-10-12 09:59:00,48.29,48.31,48.25,48.29,0,0,56050
7041,2020-10-12 10:00:00,48.29,48.34,48.18,48.18,0,0,99042
7042,2020-10-12 10:01:00,48.19,48.22,48.12,48.21,0,0,78832
7043,2020-10-12 10:02:00,48.21,48.42,48.21,48.37,0,0,141473
7044,2020-10-12 10:03:00,48.38,48.5,48.37,48.46,0,0,178377
7045,2020-10-12 10:04:00,48.47,48.48,48.37,48.38,0,0,118058
7046,2020-10-12 10:05:00,48.38,48.42,48.34,48.41,0,0,79229
7047,2020-10-12 10:06:00,48.41,48.54,48.41,48.49,0,0,164755
7048,2020-10-12 10:07:00,48.5,48.53,48.44,48.49,0,0,50010
7049,2020-10-12 10:08:00,48.49,48.52,48.46,48.47,0,0,93570
7050,2020-10-12 10:09:00,48.47,48.56,48.47,48.54,0,0,87402
7051,2020-10-12 10:10:00,48.54,48.54,48.4,48.42,0,0,80451
7052,2020-10-12 10:11:00,48.43,48.48,48.42,48.43,0,0,36053
7053,2020-10-12 10:12:00,48.44,48.46,48.38,48.42,0,0,85969
7054,2020-10-12 10:13:00,48.42,48.5,48.36,48.37,0,0,113549
7055,2020-10-12 10:14:00,48.37,48.38,48.31,48.32,0,0,92147
7056,2020-10-12 10:15:00,48.32,48.37,48.31,48.35,0,0,37945
7057,2020-10-12 10:16:00,48.35,48.41,48.33,48.4,0,0,68000
7058,2020-10-12 10:17:00,48.41,48.46,48.38,48.38,0,0,62970
7059,2020-10-12 10:18:00,48.38,48.38,48.3,48.35,0,0,66074
7060,2020-10-12 10:19:00,48.34,48.4,48.33,48.39,0,0,32158
7061,2020-10-12 10:20:00,48.41,48.46,48.39,48.42,0,0,40879
7062,2020-10-12 10:21:00,48.43,48.49,48.38,48.43,0,0,62721
7063,2020-10-12 10:22:00,48.43,48.44,48.35,48.39,0,0,36165
7064,2020-10-12 10:23:00,48.38,48.5,48.38,48.5,0,0,48883
7065,2020-10-12 10:24:00,48.5,48.5,48.46,48.47,0,0,20733
7066,2020-10-12 10:25:00,48.47,48.47,48.43,48.45,0,0,36996
7067,2020-10-12 10:26:00,48.46,48.46,48.4,48.41,0,0,67701
7068,2020-10-12 10:27:00,48.42,48.47,48.41,48.47,0,0,56473
7069,2020-10-12 10:28:00,48.46,48.46,48.4,48.43,0,0,29136
7070,2020-10-12 10:29:00,48.43,48.49,48.43,48.48,0,0,30571
7071,2020-10-12 10:30:00,48.48,48.58,48.47,48.58,0,0,91789
7072,2020-10-12 10:31:00,48.58,48.59,48.52,48.52,0,0,72688
7073,2020-10-12 10:32:00,48.53,48.59,48.52,48.56,0,0,80143
7074,2020-10-12 10:33:00,48.57,48.63,48.56,48.62,0,0,86958
7075,2020-10-12 10:34:00,48.61,48.61,48.55,48.58,0,0,53642
7076,2020-10-12 10:35:00,48.58,48.65,48.58,48.64,0,0,72925
7077,2020-10-12 10:36:00,48.63,48.64,48.6,48.63,0,0,41093
7078,2020-10-12 10:37:00,48.63,48.64,48.6,48.62,0,0,41496
7079,2020-10-12 10:38:00,48.62,48.63,48.59,48.6,0,0,60328
7080,2020-10-12 10:39:00,48.59,48.59,48.49,48.5,0,0,51262
7081,2020-10-12 10:40:00,48.5,48.54,48.47,48.53,0,0,52472
7082,2020-10-12 10:41:00,48.52,48.55,48.48,48.54,0,0,74702
7083,2020-10-12 10:42:00,48.54,48.55,48.49,48.49,0,0,41718
7084,2020-10-12 10:43:00,48.5,48.52,48.44,48.44,0,0,72939
7085,2020-10-12 10:44:00,48.45,48.45,48.41,48.43,0,0,64629
7086,2020-10-12 10:45:00,48.42,48.42,48.17,48.2,0,0,192431
7087,2020-10-12 10:46:00,48.19,48.33,48.19,48.31,0,0,76482
7088,2020-10-12 10:47:00,48.33,48.36,48.29,48.3,0,0,91980
7089,2020-10-12 10:48:00,48.29,48.29,48.25,48.28,0,0,51190
7090,2020-10-12 10:49:00,48.3,48.3,48.25,48.25,0,0,36314
7091,2020-10-12 10:50:00,48.25,48.34,48.24,48.26,0,0,70820
7092,2020-10-12 10:51:00,48.26,48.31,48.26,48.3,0,0,37609
7093,2020-10-12 10:52:00,48.28,48.3,48.26,48.26,0,0,21360
7094,2020-10-12 10:53:00,48.26,48.31,48.25,48.31,0,0,18048
7095,2020-10-12 10:54:00,48.31,48.39,48.31,48.37,0,0,44354
7096,2020-10-12 10:55:00,48.36,48.46,48.36,48.4,0,0,56436
7097,2020-10-12 10:56:00,48.41,48.42,48.32,48.33,0,0,30472
7098,2020-10-12 10:57:00,48.33,48.33,48.24,48.26,0,0,60607
7099,2020-10-12 10:58:00,48.26,48.31,48.24,48.3,0,0,30068
7100,2020-10-12 10:59:00,48.3,48.33,48.3,48.31,0,0,14062
7101,2020-10-12 11:00:00,48.31,48.4,48.31,48.39,0,0,41916
7102,2020-10-12 11:01:00,48.4,48.42,48.37,48.38,0,0,54536
7103,2020-10-12 11:02:00,48.38,48.38,48.31,48.32,0,0,24736
7104,2020-10-12 11:03:00,48.33,48.33,48.23,48.24,0,0,71283
7105,2020-10-12 11:04:00,48.24,48.27,48.21,48.24,0,0,44736
7106,2020-10-12 11:05:00,48.24,48.25,48.14,48.16,0,0,102740
7107,2020-10-12 11:06:00,48.17,48.19,48.17,48.19,0,0,24336
7108,2020-10-12 11:07:00,48.19,48.2,48.15,48.16,0,0,39051
7109,2020-10-12 11:08:00,48.16,48.2,48.12,48.19,0,0,57042
7110,2020-10-12 11:09:00,48.19,48.21,48.15,48.19,0,0,24587
7111,2020-10-12 11:10:00,48.19,48.2,48.15,48.15,0,0,68176
7112,2020-10-12 11:11:00,48.15,48.2,48.15,48.18,0,0,18402
7113,2020-10-12 11:12:00,48.18,48.19,48.16,48.17,0,0,39617
7114,2020-10-12 11:13:00,48.17,48.17,48.06,48.07,0,0,63130
7115,2020-10-12 11:14:00,48.07,48.08,48.03,48.03,0,0,67924
7116,2020-10-12 11:15:00,48.03,48.05,48.02,48.03,0,0,52661
7117,2020-10-12 11:16:00,48.04,48.04,48.01,48.03,0,0,42360
7118,2020-10-12 11:17:00,48.03,48.13,47.98,47.99,0,0,154981
7119,2020-10-12 11:18:00,48.0,48.02,47.97,47.98,0,0,25147
7120,2020-10-12 11:19:00,47.99,48.12,47.99,48.12,0,0,30802
7121,2020-10-12 11:20:00,48.12,48.16,48.12,48.12,0,0,26758
7122,2020-10-12 11:21:00,48.11,48.15,48.08,48.13,0,0,31167
7123,2020-10-12 11:22:00,48.13,48.13,48.11,48.13,0,0,14798
7124,2020-10-12 11:23:00,48.12,48.15,48.11,48.15,0,0,19923
7125,2020-10-12 11:24:00,48.14,48.15,48.08,48.09,0,0,43197
7126,2020-10-12 11:25:00,48.1,48.12,48.03,48.12,0,0,31893
7127,2020-10-12 11:26:00,48.12,48.15,48.1,48.13,0,0,46027
7128,2020-10-12 11:27:00,48.13,48.13,48.04,48.04,0,0,38625
7129,2020-10-12 11:28:00,48.04,48.04,47.99,48.04,0,0,63292
7130,2020-10-12 11:29:00,48.03,48.04,47.96,47.96,0,0,46995
7131,2020-10-12 11:30:00,47.97,48.1,47.97,48.09,0,0,67823
7132,2020-10-12 11:31:00,48.09,48.14,48.07,48.11,0,0,34950
7133,2020-10-12 11:32:00,48.11,48.11,48.09,48.1,0,0,18357
7134,2020-10-12 11:33:00,48.1,48.1,48.06,48.07,0,0,27150
7135,2020-10-12 11:34:00,48.06,48.12,48.04,48.12,0,0,21420
7136,2020-10-12 11:35:00,48.12,48.12,48.06,48.06,0,0,15140
7137,2020-10-12 11:36:00,48.06,48.07,48.0,48.0,0,0,32858
7138,2020-10-12 11:37:00,47.99,48.0,47.97,47.98,0,0,28190
7139,2020-10-12 11:38:00,47.97,48.0,47.94,47.94,0,0,52927
7140,2020-10-12 11:39:00,47.94,47.97,47.92,47.97,0,0,43505
7141,2020-10-12 11:40:00,47.96,47.98,47.96,47.97,0,0,26180
7142,2020-10-12 11:41:00,47.98,47.99,47.88,47.88,0,0,76930
7143,2020-10-12 11:42:00,47.87,47.92,47.85,47.92,0,0,43562
7144,2020-10-12 11:43:00,47.91,47.92,47.85,47.85,0,0,21304
7145,2020-10-12 11:44:00,47.86,47.9,47.85,47.9,0,0,39565
7146,2020-10-12 11:45:00,47.89,47.95,47.88,47.94,0,0,24842
7147,2020-10-12 11:46:00,47.95,47.96,47.92,47.92,0,0,70211
7148,2020-10-12 11:47:00,47.92,47.96,47.9,47.92,0,0,15567
7149,2020-10-12 11:48:00,47.91,47.94,47.87,47.88,0,0,25553
7150,2020-10-12 11:49:00,47.88,47.88,47.82,47.82,0,0,22391
7151,2020-10-12 11:50:00,47.83,47.83,47.8,47.83,0,0,36131
7152,2020-10-12 11:51:00,47.83,47.87,47.83,47.85,0,0,12756
7153,2020-10-12 11:52:00,47.84,47.88,47.81,47.88,0,0,22439
7154,2020-10-12 11:53:00,47.88,47.9,47.85,47.87,0,0,24708
7155,2020-10-12 11:54:00,47.86,47.9,47.86,47.9,0,0,13321
7156,2020-10-12 11:55:00,47.89,47.94,47.89,47.92,0,0,49832
7157,2020-10-12 11:56:00,47.92,47.95,47.91,47.93,0,0,14808
7158,2020-10-12 11:57:00,47.93,47.98,47.92,47.98,0,0,24058
7159,2020-10-12 11:58:00,47.98,47.98,47.95,47.95,0,0,21573
7160,2020-10-12 11:59:00,47.95,47.98,47.94,47.96,0,0,12420
7161,2020-10-12 12:00:00,47.96,47.97,47.94,47.94,0,0,12495
7162,2020-10-12 12:01:00,47.94,47.97,47.94,47.96,0,0,6485
7163,2020-10-12 12:02:00,47.96,48.0,47.96,47.99,0,0,31159
7164,2020-10-12 12:03:00,47.99,47.99,47.95,47.97,0,0,9938
7165,2020-10-12 12:04:00,47.97,47.97,47.92,47.93,0,0,14662
7166,2020-10-12 12:05:00,47.93,47.97,47.92,47.96,0,0,14636
7167,2020-10-12 12:06:00,47.96,48.0,47.96,48.0,0,0,15579
7168,2020-10-12 12:07:00,47.99,48.06,47.99,48.04,0,0,44658
7169,2020-10-12 12:08:00,48.03,48.04,48.01,48.04,0,0,13650
7170,2020-10-12 12:09:00,48.03,48.06,48.01,48.04,0,0,16051
7171,2020-10-12 12:10:00,48.04,48.05,48.03,48.03,0,0,9136
7172,2020-10-12 12:11:00,48.03,48.04,47.99,48.01,0,0,23656
7173,2020-10-12 12:12:00,48.01,48.01,47.96,47.99,0,0,36926
7174,2020-10-12 12:13:00,47.99,48.0,47.96,47.97,0,0,7296
7175,2020-10-12 12:14:00,47.96,48.03,47.96,47.99,0,0,29710
7176,2020-10-12 12:15:00,48.0,48.01,47.97,48.01,0,0,17627
7177,2020-10-12 12:16:00,48.01,48.01,47.98,48.0,0,0,9586
7178,2020-10-12 12:17:00,48.01,48.01,47.98,47.98,0,0,12365
7179,2020-10-12 12:18:00,47.99,48.01,47.99,47.99,0,0,12378
7180,2020-10-12 12:19:00,48.0,48.01,47.99,48.01,0,0,7925
7181,2020-10-12 12:20:00,48.0,48.01,47.97,47.98,0,0,16525
7182,2020-10-12 12:21:00,47.98,48.01,47.96,48.0,0,0,9736
7183,2020-10-12 12:22:00,47.99,48.01,47.99,48.0,0,0,14357
7184,2020-10-12 12:23:00,48.01,48.01,48.0,48.0,0,0,41033
7185,2020-10-12 12:24:00,48.0,48.01,47.97,47.98,0,0,8493
7186,2020-10-12 12:25:00,47.97,48.0,47.97,47.97,0,0,12542
7187,2020-10-12 12:26:00,47.98,47.99,47.97,47.99,0,0,3646
7188,2020-10-12 12:27:00,47.99,48.1,47.97,48.09,0,0,262879
7189,2020-10-12 12:28:00,48.08,48.16,48.08,48.13,0,0,110399
7190,2020-10-12 12:29:00,48.13,48.2,48.12,48.18,0,0,78362
7191,2020-10-12 12:30:00,48.18,48.19,48.15,48.15,0,0,26161
7192,2020-10-12 12:31:00,48.15,48.2,48.13,48.18,0,0,107331
7193,2020-10-12 12:32:00,48.18,48.27,48.16,48.27,0,0,284829
7194,2020-10-12 12:33:00,48.27,48.33,48.24,48.33,0,0,258514
7195,2020-10-12 12:34:00,48.32,48.33,48.27,48.31,0,0,161000
7196,2020-10-12 12:35:00,48.32,48.34,48.28,48.3,0,0,90669
7197,2020-10-12 12:36:00,48.31,48.32,48.26,48.31,0,0,81606
7198,2020-10-12 12:37:00,48.31,48.35,48.29,48.3,0,0,44474
7199,2020-10-12 12:38:00,48.3,48.33,48.29,48.3,0,0,19383
7200,2020-10-12 12:39:00,48.29,48.39,48.29,48.38,0,0,38125
7201,2020-10-12 12:40:00,48.38,48.43,48.38,48.42,0,0,40521
7202,2020-10-12 12:41:00,48.41,48.44,48.38,48.44,0,0,65484
7203,2020-10-12 12:42:00,48.44,48.44,48.39,48.41,0,0,46308
7204,2020-10-12 12:43:00,48.42,48.45,48.41,48.45,0,0,32125
7205,2020-10-12 12:44:00,48.45,48.47,48.44,48.45,0,0,37856
7206,2020-10-12 12:45:00,48.46,48.47,48.4,48.42,0,0,32057
7207,2020-10-12 12:46:00,48.42,48.46,48.42,48.44,0,0,22270
7208,2020-10-12 12:47:00,48.44,48.44,48.43,48.44,0,0,15557
7209,2020-10-12 12:48:00,48.44,48.48,48.43,48.48,0,0,48133
7210,2020-10-12 12:49:00,48.48,48.51,48.46,48.51,0,0,52638
7211,2020-10-12 12:50:00,48.51,48.52,48.43,48.46,0,0,31223
7212,2020-10-12 12:51:00,48.46,48.47,48.45,48.47,0,0,20764
7213,2020-10-12 12:52:00,48.47,48.47,48.45,48.46,0,0,27454
7214,2020-10-12 12:53:00,48.47,48.51,48.47,48.5,0,0,59831
7215,2020-10-12 12:54:00,48.49,48.49,48.48,48.49,0,0,16517
7216,2020-10-12 12:55:00,48.49,48.49,48.45,48.46,0,0,16275
7217,2020-10-12 12:56:00,48.46,48.5,48.46,48.5,0,0,27840
7218,2020-10-12 12:57:00,48.5,48.51,48.45,48.45,0,0,41097
7219,2020-10-12 12:58:00,48.46,48.51,48.46,48.5,0,0,34995
7220,2020-10-12 12:59:00,48.49,48.57,48.49,48.56,0,0,61483
7221,2020-10-12 13:00:00,48.57,48.57,48.46,48.46,0,0,73896
7222,2020-10-12 13:01:00,48.46,48.49,48.41,48.44,0,0,48489
7223,2020-10-12 13:02:00,48.44,48.44,48.39,48.39,0,0,38852
7224,2020-10-12 13:03:00,48.4,48.4,48.36,48.4,0,0,53835
7225,2020-10-12 13:04:00,48.4,48.41,48.38,48.39,0,0,29265
7226,2020-10-12 13:05:00,48.4,48.42,48.37,48.41,0,0,19468
7227,2020-10-12 13:06:00,48.41,48.41,48.33,48.35,0,0,59258
7228,2020-10-12 13:07:00,48.36,48.37,48.31,48.35,0,0,36468
7229,2020-10-12 13:08:00,48.37,48.4,48.37,48.39,0,0,10578
7230,2020-10-12 13:09:00,48.4,48.4,48.35,48.38,0,0,23384
7231,2020-10-12 13:10:00,48.38,48.41,48.38,48.4,0,0,16526
7232,2020-10-12 13:11:00,48.4,48.41,48.38,48.38,0,0,7664
7233,2020-10-12 13:12:00,48.38,48.4,48.37,48.37,0,0,19154
7234,2020-10-12 13:13:00,48.37,48.4,48.35,48.38,0,0,18863
7235,2020-10-12 13:14:00,48.39,48.41,48.38,48.41,0,0,24368
7236,2020-10-12 13:15:00,48.41,48.46,48.4,48.44,0,0,49783
7237,2020-10-12 13:16:00,48.45,48.52,48.45,48.49,0,0,35245
7238,2020-10-12 13:17:00,48.49,48.51,48.49,48.5,0,0,17447
7239,2020-10-12 13:18:00,48.49,48.51,48.47,48.49,0,0,28225
7240,2020-10-12 13:19:00,48.49,48.5,48.48,48.49,0,0,15926
7241,2020-10-12 13:20:00,48.49,48.5,48.47,48.5,0,0,17039
7242,2020-10-12 13:21:00,48.5,48.51,48.5,48.5,0,0,8555
7243,2020-10-12 13:22:00,48.51,48.51,48.48,48.49,0,0,34628
7244,2020-10-12 13:23:00,48.49,48.49,48.43,48.44,0,0,36704
7245,2020-10-12 13:24:00,48.44,48.44,48.42,48.42,0,0,18694
7246,2020-10-12 13:25:00,48.42,48.45,48.41,48.42,0,0,30386
7247,2020-10-12 13:26:00,48.42,48.43,48.39,48.4,0,0,31814
7248,2020-10-12 13:27:00,48.4,48.45,48.4,48.44,0,0,28941
7249,2020-10-12 13:28:00,48.44,48.45,48.42,48.42,0,0,23748
7250,2020-10-12 13:29:00,48.42,48.42,48.41,48.42,0,0,14309
7251,2020-10-12 13:30:00,48.42,48.49,48.41,48.45,0,0,60640
7252,2020-10-12 13:31:00,48.46,48.49,48.46,48.46,0,0,23502
7253,2020-10-12 13:32:00,48.45,48.48,48.44,48.45,0,0,18088
7254,2020-10-12 13:33:00,48.45,48.51,48.44,48.51,0,0,66589
7255,2020-10-12 13:34:00,48.5,48.54,48.49,48.51,0,0,88800
7256,2020-10-12 13:35:00,48.51,48.52,48.47,48.48,0,0,27924
7257,2020-10-12 13:36:00,48.47,48.52,48.47,48.51,0,0,25299
7258,2020-10-12 13:37:00,48.51,48.56,48.51,48.56,0,0,35994
7259,2020-10-12 13:38:00,48.55,48.56,48.53,48.55,0,0,22718
7260,2020-10-12 13:39:00,48.56,48.57,48.54,48.54,0,0,22326
7261,2020-10-12 13:40:00,48.55,48.56,48.53,48.53,0,0,13293
7262,2020-10-12 13:41:00,48.54,48.54,48.51,48.51,0,0,17411
7263,2020-10-12 13:42:00,48.51,48.52,48.48,48.51,0,0,34580
7264,2020-10-12 13:43:00,48.51,48.51,48.45,48.47,0,0,25745
7265,2020-10-12 13:44:00,48.48,48.5,48.47,48.49,0,0,16556
7266,2020-10-12 13:45:00,48.49,48.5,48.47,48.49,0,0,17219
7267,2020-10-12 13:46:00,48.48,48.49,48.48,48.48,0,0,9797
7268,2020-10-12 13:47:00,48.48,48.49,48.46,48.49,0,0,19883
7269,2020-10-12 13:48:00,48.49,48.49,48.44,48.45,0,0,34426
7270,2020-10-12 13:49:00,48.45,48.47,48.43,48.46,0,0,20855
7271,2020-10-12 13:50:00,48.47,48.48,48.44,48.44,0,0,10280
7272,2020-10-12 13:51:00,48.45,48.49,48.44,48.49,0,0,44045
7273,2020-10-12 13:52:00,48.49,48.53,48.49,48.53,0,0,39769
7274,2020-10-12 13:53:00,48.53,48.55,48.5,48.54,0,0,29480
7275,2020-10-12 13:54:00,48.54,48.56,48.53,48.53,0,0,14587
7276,2020-10-12 13:55:00,48.53,48.54,48.48,48.48,0,0,17375
7277,2020-10-12 13:56:00,48.48,48.48,48.42,48.43,0,0,49927
7278,2020-10-12 13:57:00,48.43,48.48,48.43,48.47,0,0,19215
7279,2020-10-12 13:58:00,48.48,48.5,48.46,48.5,0,0,13449
7280,2020-10-12 13:59:00,48.49,48.51,48.49,48.51,0,0,10876
7281,2020-10-12 14:00:00,48.51,48.53,48.51,48.53,0,0,39017
7282,2020-10-12 14:01:00,48.53,48.55,48.52,48.53,0,0,27788
7283,2020-10-12 14:02:00,48.52,48.53,48.5,48.5,0,0,20174
7284,2020-10-12 14:03:00,48.51,48.51,48.48,48.49,0,0,16938
7285,2020-10-12 14:04:00,48.5,48.51,48.47,48.47,0,0,45077
7286,2020-10-12 14:05:00,48.48,48.5,48.47,48.47,0,0,18931
7287,2020-10-12 14:06:00,48.47,48.51,48.47,48.5,0,0,10542
7288,2020-10-12 14:07:00,48.51,48.51,48.48,48.48,0,0,12973
7289,2020-10-12 14:08:00,48.49,48.53,48.48,48.52,0,0,20386
7290,2020-10-12 14:09:00,48.52,48.56,48.52,48.54,0,0,43001
7291,2020-10-12 14:10:00,48.53,48.53,48.51,48.51,0,0,22928
7292,2020-10-12 14:11:00,48.51,48.53,48.5,48.53,0,0,15310
7293,2020-10-12 14:12:00,48.54,48.57,48.54,48.56,0,0,27730
7294,2020-10-12 14:13:00,48.56,48.63,48.55,48.63,0,0,97774
7295,2020-10-12 14:14:00,48.62,48.63,48.57,48.58,0,0,17397
7296,2020-10-12 14:15:00,48.58,48.59,48.55,48.56,0,0,34183
7297,2020-10-12 14:16:00,48.57,48.58,48.55,48.57,0,0,20683
7298,2020-10-12 14:17:00,48.57,48.57,48.53,48.53,0,0,19470
7299,2020-10-12 14:18:00,48.54,48.56,48.54,48.54,0,0,15837
7300,2020-10-12 14:19:00,48.54,48.55,48.53,48.54,0,0,16686
7301,2020-10-12 14:20:00,48.54,48.56,48.53,48.54,0,0,17879
7302,2020-10-12 14:21:00,48.53,48.53,48.5,48.52,0,0,24103
7303,2020-10-12 14:22:00,48.51,48.55,48.5,48.54,0,0,32406
7304,2020-10-12 14:23:00,48.55,48.57,48.53,48.54,0,0,25599
7305,2020-10-12 14:24:00,48.54,48.54,48.51,48.51,0,0,18897
7306,2020-10-12 14:25:00,48.51,48.52,48.48,48.49,0,0,44741
7307,2020-10-12 14:26:00,48.49,48.5,48.47,48.49,0,0,40964
7308,2020-10-12 14:27:00,48.49,48.5,48.48,48.5,0,0,19250
7309,2020-10-12 14:28:00,48.5,48.52,48.5,48.51,0,0,26041
7310,2020-10-12 14:29:00,48.51,48.53,48.5,48.53,0,0,16310
7311,2020-10-12 14:30:00,48.53,48.56,48.53,48.53,0,0,17039
7312,2020-10-12 14:31:00,48.54,48.54,48.52,48.52,0,0,15922
7313,2020-10-12 14:32:00,48.52,48.52,48.5,48.51,0,0,23385
7314,2020-10-12 14:33:00,48.51,48.58,48.51,48.56,0,0,35778
7315,2020-10-12 14:34:00,48.57,48.59,48.56,48.56,0,0,27113
7316,2020-10-12 14:35:00,48.56,48.58,48.51,48.51,0,0,21907
7317,2020-10-12 14:36:00,48.51,48.54,48.49,48.5,0,0,33856
7318,2020-10-12 14:37:00,48.5,48.51,48.46,48.46,0,0,28912
7319,2020-10-12 14:38:00,48.46,48.46,48.42,48.43,0,0,26810
7320,2020-10-12 14:39:00,48.44,48.48,48.43,48.48,0,0,20006
7321,2020-10-12 14:40:00,48.47,48.49,48.44,48.44,0,0,39872
7322,2020-10-12 14:41:00,48.44,48.47,48.44,48.44,0,0,19549
7323,2020-10-12 14:42:00,48.44,48.46,48.44,48.46,0,0,26346
7324,2020-10-12 14:43:00,48.45,48.45,48.4,48.44,0,0,39841
7325,2020-10-12 14:44:00,48.43,48.47,48.42,48.45,0,0,22149
7326,2020-10-12 14:45:00,48.46,48.48,48.44,48.47,0,0,21791
7327,2020-10-12 14:46:00,48.48,48.49,48.45,48.45,0,0,22641
7328,2020-10-12 14:47:00,48.45,48.45,48.44,48.44,0,0,16258
7329,2020-10-12 14:48:00,48.44,48.46,48.44,48.45,0,0,11826
7330,2020-10-12 14:49:00,48.45,48.47,48.44,48.46,0,0,16517
7331,2020-10-12 14:50:00,48.47,48.47,48.45,48.46,0,0,14153
7332,2020-10-12 14:51:00,48.46,48.46,48.44,48.45,0,0,18559
7333,2020-10-12 14:52:00,48.46,48.46,48.42,48.43,0,0,28579
7334,2020-10-12 14:53:00,48.43,48.43,48.37,48.38,0,0,38493
7335,2020-10-12 14:54:00,48.38,48.4,48.38,48.39,0,0,42425
7336,2020-10-12 14:55:00,48.4,48.41,48.34,48.37,0,0,45191
7337,2020-10-12 14:56:00,48.37,48.37,48.33,48.35,0,0,37878
7338,2020-10-12 14:57:00,48.34,48.37,48.32,48.37,0,0,28179
7339,2020-10-12 14:58:00,48.37,48.38,48.35,48.38,0,0,29769
7340,2020-10-12 14:59:00,48.38,48.39,48.37,48.39,0,0,46367
7341,2020-10-12 15:00:00,48.38,48.44,48.38,48.44,0,0,37186
7342,2020-10-12 15:01:00,48.44,48.45,48.4,48.4,0,0,50959
7343,2020-10-12 15:02:00,48.39,48.4,48.33,48.33,0,0,37992
7344,2020-10-12 15:03:00,48.33,48.36,48.33,48.34,0,0,20587
7345,2020-10-12 15:04:00,48.34,48.36,48.34,48.34,0,0,13953
7346,2020-10-12 15:05:00,48.33,48.35,48.32,48.35,0,0,19203
7347,2020-10-12 15:06:00,48.35,48.35,48.32,48.33,0,0,31612
7348,2020-10-12 15:07:00,48.32,48.35,48.32,48.32,0,0,24172
7349,2020-10-12 15:08:00,48.32,48.35,48.3,48.34,0,0,19858
7350,2020-10-12 15:09:00,48.33,48.35,48.28,48.29,0,0,29036
7351,2020-10-12 15:10:00,48.28,48.3,48.25,48.25,0,0,23888
7352,2020-10-12 15:11:00,48.26,48.28,48.24,48.28,0,0,28536
7353,2020-10-12 15:12:00,48.28,48.29,48.27,48.27,0,0,17493
7354,2020-10-12 15:13:00,48.26,48.28,48.21,48.21,0,0,30918
7355,2020-10-12 15:14:00,48.21,48.23,48.17,48.17,0,0,52631
7356,2020-10-12 15:15:00,48.18,48.2,48.16,48.17,0,0,91306
7357,2020-10-12 15:16:00,48.18,48.21,48.16,48.21,0,0,29185
7358,2020-10-12 15:17:00,48.2,48.22,48.12,48.12,0,0,50694
7359,2020-10-12 15:18:00,48.12,48.12,48.05,48.05,0,0,72209
7360,2020-10-12 15:19:00,48.04,48.07,48.03,48.05,0,0,34493
7361,2020-10-12 15:20:00,48.06,48.06,48.03,48.05,0,0,29636
7362,2020-10-12 15:21:00,48.04,48.08,48.03,48.07,0,0,40103
7363,2020-10-12 15:22:00,48.07,48.08,48.06,48.07,0,0,32050
7364,2020-10-12 15:23:00,48.06,48.06,47.95,47.99,0,0,76615
7365,2020-10-12 15:24:00,47.99,48.06,47.99,48.06,0,0,42373
7366,2020-10-12 15:25:00,48.06,48.09,48.06,48.07,0,0,22018
7367,2020-10-12 15:26:00,48.06,48.08,48.04,48.08,0,0,38586
7368,2020-10-12 15:27:00,48.08,48.1,48.06,48.09,0,0,40051
7369,2020-10-12 15:28:00,48.08,48.13,48.08,48.12,0,0,37458
7370,2020-10-12 15:29:00,48.12,48.13,48.1,48.11,0,0,20623
7371,2020-10-12 15:30:00,48.1,48.14,48.08,48.14,0,0,41583
7372,2020-10-12 15:31:00,48.13,48.17,48.13,48.17,0,0,51673
7373,2020-10-12 15:32:00,48.16,48.17,48.12,48.13,0,0,35460
7374,2020-10-12 15:33:00,48.13,48.18,48.12,48.18,0,0,39450
7375,2020-10-12 15:34:00,48.18,48.18,48.13,48.13,0,0,57187
7376,2020-10-12 15:35:00,48.13,48.13,48.1,48.13,0,0,37156
7377,2020-10-12 15:36:00,48.12,48.15,48.12,48.15,0,0,43177
7378,2020-10-12 15:37:00,48.15,48.18,48.15,48.17,0,0,30082
7379,2020-10-12 15:38:00,48.17,48.18,48.15,48.17,0,0,64194
7380,2020-10-12 15:39:00,48.17,48.22,48.17,48.2,0,0,50661
7381,2020-10-12 15:40:00,48.19,48.22,48.19,48.2,0,0,34353
7382,2020-10-12 15:41:00,48.2,48.21,48.19,48.2,0,0,45199
7383,2020-10-12 15:42:00,48.21,48.23,48.19,48.22,0,0,64723
7384,2020-10-12 15:43:00,48.22,48.26,48.22,48.25,0,0,84566
7385,2020-10-12 15:44:00,48.25,48.26,48.23,48.24,0,0,37340
7386,2020-10-12 15:45:00,48.24,48.24,48.22,48.24,0,0,38767
7387,2020-10-12 15:46:00,48.23,48.24,48.2,48.23,0,0,31757
7388,2020-10-12 15:47:00,48.23,48.24,48.2,48.24,0,0,39280
7389,2020-10-12 15:48:00,48.23,48.23,48.14,48.14,0,0,59171
7390,2020-10-12 15:49:00,48.14,48.15,48.06,48.1,0,0,73160
7391,2020-10-12 15:50:00,48.09,48.11,48.03,48.06,0,0,71585
7392,2020-10-12 15:51:00,48.06,48.11,48.04,48.11,0,0,69371
7393,2020-10-12 15:52:00,48.1,48.12,48.08,48.1,0,0,77215
7394,2020-10-12 15:53:00,48.11,48.17,48.1,48.17,0,0,93372
7395,2020-10-12 15:54:00,48.17,48.23,48.16,48.19,0,0,86635
7396,2020-10-12 15:55:00,48.19,48.24,48.14,48.15,0,0,116923
7397,2020-10-12 15:56:00,48.14,48.22,48.14,48.19,0,0,126299
7398,2020-10-12 15:57:00,48.2,48.23,48.19,48.19,0,0,89419
7399,2020-10-12 15:58:00,48.2,48.22,48.19,48.22,0,0,115525
7400,2020-10-12 15:59:00,48.22,48.27,48.21,48.24,0,0,439230
7401,2020-10-13 09:30:00,48.1,48.1,48.1,48.1,0,0,273659
7402,2020-10-13 09:31:00,48.1,48.32,47.97,47.97,0,0,124835
7403,2020-10-13 09:32:00,47.97,48.01,47.9,47.98,0,0,28171
7404,2020-10-13 09:33:00,48.0,48.0,47.78,47.92,0,0,57314
7405,2020-10-13 09:34:00,47.93,48.18,47.84,48.18,0,0,62084
7406,2020-10-13 09:35:00,48.16,48.22,48.05,48.13,0,0,46281
7407,2020-10-13 09:36:00,48.13,48.15,48.07,48.1,0,0,26533
7408,2020-10-13 09:37:00,48.09,48.09,48.0,48.05,0,0,37169
7409,2020-10-13 09:38:00,48.04,48.06,47.97,48.01,0,0,139904
7410,2020-10-13 09:39:00,48.02,48.1,47.89,47.89,0,0,36269
7411,2020-10-13 09:40:00,47.9,47.99,47.9,47.96,0,0,17308
7412,2020-10-13 09:41:00,47.94,48.0,47.91,48.0,0,0,32160
7413,2020-10-13 09:42:00,48.0,48.09,48.0,48.01,0,0,25746
7414,2020-10-13 09:43:00,48.0,48.03,47.96,48.03,0,0,31601
7415,2020-10-13 09:44:00,48.02,48.12,47.98,48.09,0,0,46731
7416,2020-10-13 09:45:00,48.09,48.09,47.93,47.95,0,0,39041
7417,2020-10-13 09:46:00,47.96,48.01,47.91,47.97,0,0,29692
7418,2020-10-13 09:47:00,47.96,47.97,47.91,47.91,0,0,19892
7419,2020-10-13 09:48:00,47.92,47.97,47.91,47.93,0,0,28893
7420,2020-10-13 09:49:00,47.94,48.07,47.93,48.05,0,0,30486
7421,2020-10-13 09:50:00,48.04,48.09,47.99,48.07,0,0,25437
7422,2020-10-13 09:51:00,48.08,48.1,48.05,48.06,0,0,20494
7423,2020-10-13 09:52:00,48.06,48.13,48.05,48.09,0,0,19117
7424,2020-10-13 09:53:00,48.1,48.1,47.97,47.99,0,0,22999
7425,2020-10-13 09:54:00,48.01,48.05,47.97,48.05,0,0,29740
7426,2020-10-13 09:55:00,48.04,48.15,48.04,48.11,0,0,36054
7427,2020-10-13 09:56:00,48.12,48.13,48.04,48.04,0,0,6274
7428,2020-10-13 09:57:00,48.05,48.05,47.98,48.01,0,0,27446
7429,2020-10-13 09:58:00,48.01,48.04,47.97,48.03,0,0,18383
7430,2020-10-13 09:59:00,48.04,48.11,48.04,48.11,0,0,16780
7431,2020-10-13 10:00:00,48.1,48.11,48.07,48.07,0,0,18194
7432,2020-10-13 10:01:00,48.08,48.11,47.99,47.99,0,0,22966
7433,2020-10-13 10:02:00,47.99,47.99,47.89,47.95,0,0,40699
7434,2020-10-13 10:03:00,47.94,47.97,47.92,47.96,0,0,12401
7435,2020-10-13 10:04:00,47.97,47.98,47.87,47.9,0,0,35865
7436,2020-10-13 10:05:00,47.89,47.93,47.85,47.89,0,0,29941
7437,2020-10-13 10:06:00,47.88,47.88,47.8,47.81,0,0,36643
7438,2020-10-13 10:07:00,47.82,47.96,47.81,47.92,0,0,29976
7439,2020-10-13 10:08:00,47.91,47.97,47.91,47.96,0,0,14601
7440,2020-10-13 10:09:00,47.97,48.13,47.96,48.13,0,0,65173
7441,2020-10-13 10:10:00,48.13,48.21,48.1,48.18,0,0,52404
7442,2020-10-13 10:11:00,48.18,48.19,48.08,48.09,0,0,33677
7443,2020-10-13 10:12:00,48.08,48.11,47.97,47.97,0,0,43513
7444,2020-10-13 10:13:00,47.96,48.0,47.95,47.95,0,0,40671
7445,2020-10-13 10:14:00,47.96,48.0,47.96,48.0,0,0,51979
7446,2020-10-13 10:15:00,48.0,48.0,47.9,47.91,0,0,25576
7447,2020-10-13 10:16:00,47.92,47.99,47.92,47.98,0,0,8960
7448,2020-10-13 10:17:00,47.99,48.0,47.96,47.99,0,0,10651
7449,2020-10-13 10:18:00,48.0,48.0,47.98,47.99,0,0,11086
7450,2020-10-13 10:19:00,47.98,48.0,47.94,47.97,0,0,17616
7451,2020-10-13 10:20:00,47.97,48.0,47.96,47.97,0,0,11503
7452,2020-10-13 10:21:00,47.97,47.99,47.94,47.96,0,0,47176
7453,2020-10-13 10:22:00,47.96,48.0,47.95,47.97,0,0,28035
7454,2020-10-13 10:23:00,47.97,47.97,47.93,47.94,0,0,63553
7455,2020-10-13 10:24:00,47.94,47.96,47.9,47.94,0,0,18939
7456,2020-10-13 10:25:00,47.94,47.95,47.88,47.95,0,0,22004
7457,2020-10-13 10:26:00,47.94,48.0,47.94,47.98,0,0,8538
7458,2020-10-13 10:27:00,47.99,47.99,47.96,47.97,0,0,8289
7459,2020-10-13 10:28:00,47.97,48.08,47.94,48.07,0,0,37805
7460,2020-10-13 10:29:00,48.08,48.09,48.01,48.01,0,0,16138
7461,2020-10-13 10:30:00,48.01,48.02,47.94,47.94,0,0,13995
7462,2020-10-13 10:31:00,47.94,47.97,47.89,47.91,0,0,29630
7463,2020-10-13 10:32:00,47.92,47.97,47.92,47.92,0,0,17092
7464,2020-10-13 10:33:00,47.92,47.92,47.89,47.91,0,0,23978
7465,2020-10-13 10:34:00,47.91,47.92,47.88,47.89,0,0,7641
7466,2020-10-13 10:35:00,47.9,47.92,47.89,47.9,0,0,7802
7467,2020-10-13 10:36:00,47.9,47.91,47.81,47.83,0,0,37801
7468,2020-10-13 10:37:00,47.82,47.88,47.81,47.87,0,0,14649
7469,2020-10-13 10:38:00,47.85,47.89,47.83,47.84,0,0,14379
7470,2020-10-13 10:39:00,47.85,47.9,47.84,47.88,0,0,14948
7471,2020-10-13 10:40:00,47.89,47.9,47.85,47.85,0,0,47731
7472,2020-10-13 10:41:00,47.85,47.91,47.84,47.9,0,0,15969
7473,2020-10-13 10:42:00,47.89,47.91,47.86,47.87,0,0,27041
7474,2020-10-13 10:43:00,47.87,47.92,47.85,47.92,0,0,15377
7475,2020-10-13 10:44:00,47.92,47.97,47.9,47.97,0,0,31812
7476,2020-10-13 10:45:00,47.97,48.0,47.94,47.94,0,0,22653
7477,2020-10-13 10:46:00,47.94,47.99,47.94,47.96,0,0,8691
7478,2020-10-13 10:47:00,47.97,48.04,47.96,48.04,0,0,27741
7479,2020-10-13 10:48:00,48.04,48.12,48.03,48.08,0,0,24329
7480,2020-10-13 10:49:00,48.08,48.08,48.03,48.04,0,0,6267
7481,2020-10-13 10:50:00,48.03,48.06,47.99,48.02,0,0,12368
7482,2020-10-13 10:51:00,48.03,48.08,48.03,48.08,0,0,20643
7483,2020-10-13 10:52:00,48.09,48.14,48.08,48.13,0,0,25084
7484,2020-10-13 10:53:00,48.12,48.15,48.12,48.13,0,0,13544
7485,2020-10-13 10:54:00,48.14,48.17,48.12,48.16,0,0,13304
7486,2020-10-13 10:55:00,48.16,48.17,48.11,48.15,0,0,17446
7487,2020-10-13 10:56:00,48.14,48.15,48.12,48.13,0,0,13188
7488,2020-10-13 10:57:00,48.13,48.15,48.12,48.13,0,0,17430
7489,2020-10-13 10:58:00,48.13,48.13,48.08,48.09,0,0,14700
7490,2020-10-13 10:59:00,48.09,48.11,48.06,48.09,0,0,28471
7491,2020-10-13 11:00:00,48.09,48.1,48.06,48.07,0,0,15404
7492,2020-10-13 11:01:00,48.07,48.07,48.03,48.04,0,0,14193
7493,2020-10-13 11:02:00,48.04,48.06,48.02,48.02,0,0,9077
7494,2020-10-13 11:03:00,48.02,48.03,47.99,48.0,0,0,25837
7495,2020-10-13 11:04:00,48.0,48.01,47.96,48.0,0,0,25829
7496,2020-10-13 11:05:00,47.99,48.02,47.98,48.0,0,0,25879
7497,2020-10-13 11:06:00,48.0,48.01,47.98,47.98,0,0,9842
7498,2020-10-13 11:07:00,47.97,47.99,47.96,47.99,0,0,10836
7499,2020-10-13 11:08:00,48.0,48.02,47.99,48.01,0,0,23260
7500,2020-10-13 11:09:00,48.01,48.01,47.96,47.97,0,0,31887
7501,2020-10-13 11:10:00,47.97,48.01,47.97,47.99,0,0,30443
7502,2020-10-13 11:11:00,47.99,47.99,47.96,47.98,0,0,9797
7503,2020-10-13 11:12:00,47.99,48.0,47.97,47.97,0,0,10735
7504,2020-10-13 11:13:00,47.96,47.97,47.91,47.92,0,0,24967
7505,2020-10-13 11:14:00,47.91,47.92,47.89,47.9,0,0,27461
7506,2020-10-13 11:15:00,47.91,47.94,47.88,47.88,0,0,28983
7507,2020-10-13 11:16:00,47.88,47.93,47.87,47.9,0,0,29704
7508,2020-10-13 11:17:00,47.91,47.91,47.84,47.86,0,0,22317
7509,2020-10-13 11:18:00,47.85,47.87,47.81,47.83,0,0,19713
7510,2020-10-13 11:19:00,47.83,47.86,47.82,47.85,0,0,20742
7511,2020-10-13 11:20:00,47.86,47.87,47.83,47.83,0,0,10198
7512,2020-10-13 11:21:00,47.84,47.85,47.83,47.84,0,0,12003
7513,2020-10-13 11:22:00,47.83,47.83,47.79,47.83,0,0,37671
7514,2020-10-13 11:23:00,47.82,47.83,47.78,47.81,0,0,21239
7515,2020-10-13 11:24:00,47.81,47.83,47.79,47.82,0,0,14802
7516,2020-10-13 11:25:00,47.81,47.82,47.78,47.8,0,0,24165
7517,2020-10-13 11:26:00,47.79,47.8,47.76,47.79,0,0,30901
7518,2020-10-13 11:27:00,47.78,47.81,47.73,47.74,0,0,28575
7519,2020-10-13 11:28:00,47.75,47.77,47.74,47.76,0,0,23077
7520,2020-10-13 11:29:00,47.76,47.78,47.74,47.76,0,0,13531
7521,2020-10-13 11:30:00,47.76,47.78,47.74,47.77,0,0,12027
7522,2020-10-13 11:31:00,47.77,47.82,47.77,47.79,0,0,24791
7523,2020-10-13 11:32:00,47.79,47.81,47.78,47.79,0,0,10604
7524,2020-10-13 11:33:00,47.78,47.81,47.76,47.81,0,0,17444
7525,2020-10-13 11:34:00,47.81,47.81,47.77,47.8,0,0,20292
7526,2020-10-13 11:35:00,47.79,47.81,47.78,47.79,0,0,13220
7527,2020-10-13 11:36:00,47.79,47.81,47.78,47.79,0,0,18301
7528,2020-10-13 11:37:00,47.78,47.81,47.78,47.8,0,0,21450
7529,2020-10-13 11:38:00,47.8,47.81,47.76,47.76,0,0,9298
7530,2020-10-13 11:39:00,47.76,47.78,47.75,47.76,0,0,14979
7531,2020-10-13 11:40:00,47.76,47.76,47.72,47.72,0,0,18457
7532,2020-10-13 11:41:00,47.72,47.73,47.64,47.7,0,0,76491
7533,2020-10-13 11:42:00,47.7,47.7,47.65,47.67,0,0,23640
7534,2020-10-13 11:43:00,47.66,47.69,47.65,47.65,0,0,17509
7535,2020-10-13 11:44:00,47.65,47.67,47.61,47.62,0,0,44441
7536,2020-10-13 11:45:00,47.62,47.62,47.56,47.59,0,0,26798
7537,2020-10-13 11:46:00,47.6,47.61,47.57,47.6,0,0,17253
7538,2020-10-13 11:47:00,47.59,47.59,47.55,47.56,0,0,13441
7539,2020-10-13 11:48:00,47.56,47.6,47.54,47.58,0,0,17404
7540,2020-10-13 11:49:00,47.57,47.58,47.54,47.54,0,0,10306
7541,2020-10-13 11:50:00,47.54,47.58,47.53,47.57,0,0,10378
7542,2020-10-13 11:51:00,47.58,47.59,47.56,47.59,0,0,11683
7543,2020-10-13 11:52:00,47.58,47.58,47.53,47.53,0,0,25141
7544,2020-10-13 11:53:00,47.53,47.54,47.48,47.52,0,0,49042
7545,2020-10-13 11:54:00,47.53,47.53,47.49,47.5,0,0,19055
7546,2020-10-13 11:55:00,47.49,47.51,47.49,47.51,0,0,9330
7547,2020-10-13 11:56:00,47.51,47.54,47.5,47.51,0,0,8497
7548,2020-10-13 11:57:00,47.51,47.52,47.49,47.5,0,0,18774
7549,2020-10-13 11:58:00,47.5,47.53,47.5,47.51,0,0,13006
7550,2020-10-13 11:59:00,47.51,47.51,47.47,47.5,0,0,9494
7551,2020-10-13 12:00:00,47.51,47.53,47.47,47.53,0,0,27273
7552,2020-10-13 12:01:00,47.52,47.52,47.51,47.51,0,0,13005
7553,2020-10-13 12:02:00,47.51,47.56,47.51,47.51,0,0,18684
7554,2020-10-13 12:03:00,47.5,47.55,47.5,47.55,0,0,10640
7555,2020-10-13 12:04:00,47.55,47.56,47.54,47.56,0,0,13077
7556,2020-10-13 12:05:00,47.56,47.56,47.51,47.55,0,0,18638
7557,2020-10-13 12:06:00,47.56,47.56,47.53,47.53,0,0,13718
7558,2020-10-13 12:07:00,47.53,47.56,47.51,47.51,0,0,18779
7559,2020-10-13 12:08:00,47.51,47.54,47.5,47.53,0,0,13247
7560,2020-10-13 12:09:00,47.54,47.58,47.54,47.56,0,0,16897
7561,2020-10-13 12:10:00,47.55,47.55,47.42,47.42,0,0,42412
7562,2020-10-13 12:11:00,47.42,47.47,47.41,47.46,0,0,27350
7563,2020-10-13 12:12:00,47.46,47.46,47.42,47.43,0,0,7409
7564,2020-10-13 12:13:00,47.44,47.47,47.44,47.46,0,0,12727
7565,2020-10-13 12:14:00,47.46,47.48,47.45,47.45,0,0,9890
7566,2020-10-13 12:15:00,47.45,47.45,47.42,47.44,0,0,15895
7567,2020-10-13 12:16:00,47.45,47.46,47.42,47.44,0,0,11097
7568,2020-10-13 12:17:00,47.43,47.47,47.42,47.46,0,0,14085
7569,2020-10-13 12:18:00,47.46,47.47,47.44,47.47,0,0,15425
7570,2020-10-13 12:19:00,47.46,47.49,47.43,47.43,0,0,10372
7571,2020-10-13 12:20:00,47.41,47.44,47.41,47.42,0,0,11666
7572,2020-10-13 12:21:00,47.43,47.45,47.42,47.44,0,0,9766
7573,2020-10-13 12:22:00,47.44,47.46,47.43,47.46,0,0,3979
7574,2020-10-13 12:23:00,47.47,47.49,47.45,47.46,0,0,13068
7575,2020-10-13 12:24:00,47.46,47.51,47.44,47.5,0,0,13302
7576,2020-10-13 12:25:00,47.5,47.55,47.5,47.54,0,0,222697
7577,2020-10-13 12:26:00,47.54,47.62,47.54,47.62,0,0,17894
7578,2020-10-13 12:27:00,47.62,47.63,47.6,47.63,0,0,15452
7579,2020-10-13 12:28:00,47.62,47.63,47.62,47.62,0,0,6414
7580,2020-10-13 12:29:00,47.62,47.62,47.62,47.62,0,0,5962
7581,2020-10-13 12:30:00,47.62,47.65,47.6,47.65,0,0,13764
7582,2020-10-13 12:31:00,47.65,47.66,47.64,47.65,0,0,23640
7583,2020-10-13 12:32:00,47.65,47.67,47.63,47.63,0,0,18441
7584,2020-10-13 12:33:00,47.63,47.67,47.63,47.65,0,0,29109
7585,2020-10-13 12:34:00,47.65,47.67,47.65,47.65,0,0,32787
7586,2020-10-13 12:35:00,47.65,47.72,47.65,47.69,0,0,35899
7587,2020-10-13 12:36:00,47.69,47.69,47.66,47.69,0,0,25258
7588,2020-10-13 12:37:00,47.68,47.7,47.67,47.69,0,0,29722
7589,2020-10-13 12:38:00,47.68,47.68,47.64,47.65,0,0,16365
7590,2020-10-13 12:39:00,47.65,47.68,47.64,47.65,0,0,12587
7591,2020-10-13 12:40:00,47.65,47.67,47.63,47.65,0,0,6666
7592,2020-10-13 12:41:00,47.65,47.66,47.62,47.62,0,0,15814
7593,2020-10-13 12:42:00,47.62,47.62,47.6,47.61,0,0,8292
7594,2020-10-13 12:43:00,47.61,47.64,47.6,47.62,0,0,10392
7595,2020-10-13 12:44:00,47.62,47.62,47.6,47.61,0,0,2767
7596,2020-10-13 12:45:00,47.61,47.62,47.6,47.61,0,0,3360
7597,2020-10-13 12:46:00,47.6,47.62,47.58,47.58,0,0,13811
7598,2020-10-13 12:47:00,47.6,47.6,47.57,47.58,0,0,17018
7599,2020-10-13 12:48:00,47.58,47.6,47.56,47.6,0,0,13062
7600,2020-10-13 12:49:00,47.61,47.62,47.57,47.58,0,0,5981
7601,2020-10-13 12:50:00,47.58,47.58,47.56,47.57,0,0,9767
7602,2020-10-13 12:51:00,47.57,47.65,47.56,47.64,0,0,28616
7603,2020-10-13 12:52:00,47.64,47.64,47.61,47.61,0,0,2419
7604,2020-10-13 12:53:00,47.62,47.65,47.61,47.65,0,0,4649
7605,2020-10-13 12:54:00,47.65,47.65,47.6,47.61,0,0,5875
7606,2020-10-13 12:55:00,47.62,47.64,47.62,47.62,0,0,4158
7607,2020-10-13 12:56:00,47.62,47.62,47.61,47.61,0,0,3953
7608,2020-10-13 12:57:00,47.61,47.63,47.61,47.63,0,0,8806
7609,2020-10-13 12:58:00,47.63,47.63,47.61,47.63,0,0,14730
7610,2020-10-13 12:59:00,47.62,47.63,47.61,47.62,0,0,7045
7611,2020-10-13 13:00:00,47.62,47.62,47.56,47.57,0,0,16017
7612,2020-10-13 13:01:00,47.58,47.58,47.56,47.57,0,0,7164
7613,2020-10-13 13:02:00,47.58,47.58,47.54,47.55,0,0,11485
7614,2020-10-13 13:03:00,47.55,47.58,47.55,47.58,0,0,9307
7615,2020-10-13 13:04:00,47.58,47.58,47.53,47.54,0,0,4605
7616,2020-10-13 13:05:00,47.54,47.54,47.52,47.54,0,0,4682
7617,2020-10-13 13:06:00,47.53,47.54,47.51,47.54,0,0,5197
7618,2020-10-13 13:07:00,47.54,47.55,47.52,47.53,0,0,43010
7619,2020-10-13 13:08:00,47.51,47.51,47.46,47.46,0,0,11944
7620,2020-10-13 13:09:00,47.45,47.46,47.42,47.42,0,0,17268
7621,2020-10-13 13:10:00,47.43,47.47,47.43,47.44,0,0,10856
7622,2020-10-13 13:11:00,47.44,47.49,47.44,47.44,0,0,6898
7623,2020-10-13 13:12:00,47.45,47.5,47.44,47.48,0,0,11867
7624,2020-10-13 13:13:00,47.47,47.5,47.46,47.49,0,0,6535
7625,2020-10-13 13:14:00,47.48,47.53,47.48,47.53,0,0,15469
7626,2020-10-13 13:15:00,47.52,47.59,47.52,47.58,0,0,18599
7627,2020-10-13 13:16:00,47.58,47.62,47.57,47.61,0,0,9618
7628,2020-10-13 13:17:00,47.61,47.61,47.58,47.6,0,0,5054
7629,2020-10-13 13:18:00,47.62,47.67,47.62,47.67,0,0,12586
7630,2020-10-13 13:19:00,47.66,47.67,47.63,47.67,0,0,18590
7631,2020-10-13 13:20:00,47.67,47.68,47.65,47.67,0,0,6819
7632,2020-10-13 13:21:00,47.67,47.68,47.65,47.66,0,0,5277
7633,2020-10-13 13:22:00,47.66,47.67,47.65,47.65,0,0,8177
7634,2020-10-13 13:23:00,47.65,47.65,47.58,47.59,0,0,13093
7635,2020-10-13 13:24:00,47.58,47.62,47.58,47.58,0,0,13565
7636,2020-10-13 13:25:00,47.58,47.61,47.58,47.58,0,0,6783
7637,2020-10-13 13:26:00,47.58,47.6,47.57,47.57,0,0,5782
7638,2020-10-13 13:27:00,47.58,47.58,47.53,47.53,0,0,8359
7639,2020-10-13 13:28:00,47.53,47.59,47.53,47.58,0,0,15248
7640,2020-10-13 13:29:00,47.57,47.57,47.54,47.56,0,0,4648
7641,2020-10-13 13:30:00,47.57,47.58,47.52,47.58,0,0,13482
7642,2020-10-13 13:31:00,47.57,47.58,47.55,47.55,0,0,35679
7643,2020-10-13 13:32:00,47.54,47.56,47.53,47.56,0,0,6196
7644,2020-10-13 13:33:00,47.56,47.57,47.55,47.55,0,0,5501
7645,2020-10-13 13:34:00,47.54,47.57,47.52,47.56,0,0,8675
7646,2020-10-13 13:35:00,47.56,47.56,47.51,47.51,0,0,6675
7647,2020-10-13 13:36:00,47.51,47.51,47.47,47.5,0,0,12756
7648,2020-10-13 13:37:00,47.5,47.5,47.47,47.49,0,0,13366
7649,2020-10-13 13:38:00,47.49,47.53,47.49,47.51,0,0,30344
7650,2020-10-13 13:39:00,47.5,47.5,47.47,47.48,0,0,4355
7651,2020-10-13 13:40:00,47.48,47.51,47.47,47.48,0,0,9691
7652,2020-10-13 13:41:00,47.49,47.49,47.45,47.47,0,0,7112
7653,2020-10-13 13:42:00,47.47,47.47,47.44,47.47,0,0,5018
7654,2020-10-13 13:43:00,47.46,47.46,47.43,47.44,0,0,11790
7655,2020-10-13 13:44:00,47.44,47.44,47.38,47.38,0,0,26126
7656,2020-10-13 13:45:00,47.38,47.43,47.38,47.43,0,0,5136
7657,2020-10-13 13:46:00,47.43,47.46,47.42,47.45,0,0,22817
7658,2020-10-13 13:47:00,47.44,47.47,47.43,47.43,0,0,8152
7659,2020-10-13 13:48:00,47.42,47.47,47.42,47.46,0,0,9987
7660,2020-10-13 13:49:00,47.45,47.46,47.43,47.44,0,0,13113
7661,2020-10-13 13:50:00,47.43,47.44,47.41,47.42,0,0,11942
7662,2020-10-13 13:51:00,47.42,47.43,47.4,47.43,0,0,6876
7663,2020-10-13 13:52:00,47.42,47.43,47.39,47.4,0,0,24076
7664,2020-10-13 13:53:00,47.4,47.43,47.4,47.42,0,0,9910
7665,2020-10-13 13:54:00,47.42,47.43,47.41,47.43,0,0,7880
7666,2020-10-13 13:55:00,47.43,47.45,47.38,47.4,0,0,17732
7667,2020-10-13 13:56:00,47.4,47.4,47.33,47.35,0,0,34531
7668,2020-10-13 13:57:00,47.34,47.36,47.31,47.33,0,0,18733
7669,2020-10-13 13:58:00,47.34,47.34,47.29,47.31,0,0,22199
7670,2020-10-13 13:59:00,47.31,47.33,47.3,47.31,0,0,10964
7671,2020-10-13 14:00:00,47.31,47.31,47.28,47.29,0,0,10356
7672,2020-10-13 14:01:00,47.29,47.29,47.25,47.25,0,0,20829
7673,2020-10-13 14:02:00,47.25,47.27,47.22,47.26,0,0,52990
7674,2020-10-13 14:03:00,47.26,47.28,47.26,47.27,0,0,22751
7675,2020-10-13 14:04:00,47.28,47.29,47.26,47.27,0,0,16151
7676,2020-10-13 14:05:00,47.26,47.27,47.24,47.27,0,0,29380
7677,2020-10-13 14:06:00,47.26,47.29,47.24,47.28,0,0,23122
7678,2020-10-13 14:07:00,47.26,47.31,47.26,47.29,0,0,39446
7679,2020-10-13 14:08:00,47.29,47.31,47.27,47.29,0,0,17316
7680,2020-10-13 14:09:00,47.29,47.31,47.28,47.3,0,0,7611
7681,2020-10-13 14:10:00,47.29,47.31,47.27,47.31,0,0,18748
7682,2020-10-13 14:11:00,47.3,47.32,47.28,47.31,0,0,14878
7683,2020-10-13 14:12:00,47.31,47.32,47.29,47.32,0,0,6509
7684,2020-10-13 14:13:00,47.31,47.32,47.29,47.31,0,0,18026
7685,2020-10-13 14:14:00,47.32,47.35,47.31,47.34,0,0,16372
7686,2020-10-13 14:15:00,47.35,47.35,47.32,47.34,0,0,20803
7687,2020-10-13 14:16:00,47.35,47.38,47.35,47.38,0,0,17152
7688,2020-10-13 14:17:00,47.38,47.38,47.33,47.35,0,0,17900
7689,2020-10-13 14:18:00,47.34,47.37,47.33,47.37,0,0,12144
7690,2020-10-13 14:19:00,47.37,47.4,47.36,47.39,0,0,17152
7691,2020-10-13 14:20:00,47.38,47.41,47.38,47.38,0,0,24813
7692,2020-10-13 14:21:00,47.39,47.4,47.37,47.37,0,0,10861
7693,2020-10-13 14:22:00,47.36,47.36,47.32,47.36,0,0,9759
7694,2020-10-13 14:23:00,47.36,47.39,47.36,47.38,0,0,12736
7695,2020-10-13 14:24:00,47.38,47.41,47.37,47.4,0,0,15634
7696,2020-10-13 14:25:00,47.41,47.41,47.38,47.39,0,0,12167
7697,2020-10-13 14:26:00,47.39,47.42,47.38,47.4,0,0,16907
7698,2020-10-13 14:27:00,47.39,47.4,47.36,47.37,0,0,30960
7699,2020-10-13 14:28:00,47.36,47.36,47.29,47.3,0,0,19604
7700,2020-10-13 14:29:00,47.3,47.33,47.28,47.29,0,0,25128
7701,2020-10-13 14:30:00,47.29,47.29,47.18,47.19,0,0,44594
7702,2020-10-13 14:31:00,47.19,47.23,47.19,47.21,0,0,12118
7703,2020-10-13 14:32:00,47.21,47.24,47.21,47.22,0,0,19300
7704,2020-10-13 14:33:00,47.23,47.28,47.2,47.27,0,0,104693
7705,2020-10-13 14:34:00,47.27,47.32,47.24,47.29,0,0,17860
7706,2020-10-13 14:35:00,47.27,47.3,47.26,47.26,0,0,16242
7707,2020-10-13 14:36:00,47.26,47.28,47.26,47.26,0,0,7411
7708,2020-10-13 14:37:00,47.25,47.26,47.25,47.26,0,0,11195
7709,2020-10-13 14:38:00,47.26,47.28,47.25,47.25,0,0,10495
7710,2020-10-13 14:39:00,47.25,47.27,47.24,47.26,0,0,10138
7711,2020-10-13 14:40:00,47.26,47.26,47.24,47.24,0,0,17136
7712,2020-10-13 14:41:00,47.24,47.25,47.21,47.22,0,0,19353
7713,2020-10-13 14:42:00,47.22,47.22,47.18,47.22,0,0,17923
7714,2020-10-13 14:43:00,47.21,47.21,47.17,47.19,0,0,13869
7715,2020-10-13 14:44:00,47.19,47.19,47.18,47.18,0,0,13212
7716,2020-10-13 14:45:00,47.18,47.24,47.13,47.13,0,0,48586
7717,2020-10-13 14:46:00,47.14,47.18,47.13,47.17,0,0,7155
7718,2020-10-13 14:47:00,47.18,47.19,47.15,47.16,0,0,10697
7719,2020-10-13 14:48:00,47.15,47.18,47.15,47.17,0,0,9928
7720,2020-10-13 14:49:00,47.17,47.19,47.12,47.12,0,0,80405
7721,2020-10-13 14:50:00,47.13,47.15,47.12,47.14,0,0,10393
7722,2020-10-13 14:51:00,47.14,47.18,47.13,47.13,0,0,42615
7723,2020-10-13 14:52:00,47.14,47.16,47.12,47.13,0,0,20564
7724,2020-10-13 14:53:00,47.14,47.17,47.14,47.15,0,0,8571
7725,2020-10-13 14:54:00,47.16,47.16,47.12,47.13,0,0,12293
7726,2020-10-13 14:55:00,47.13,47.15,47.11,47.14,0,0,31886
7727,2020-10-13 14:56:00,47.14,47.17,47.11,47.12,0,0,11307
7728,2020-10-13 14:57:00,47.12,47.12,47.1,47.12,0,0,21412
7729,2020-10-13 14:58:00,47.11,47.12,47.1,47.12,0,0,13999
7730,2020-10-13 14:59:00,47.12,47.13,47.09,47.1,0,0,12025
7731,2020-10-13 15:00:00,47.09,47.14,47.08,47.13,0,0,41267
7732,2020-10-13 15:01:00,47.13,47.15,47.12,47.12,0,0,14099
7733,2020-10-13 15:02:00,47.13,47.15,47.12,47.13,0,0,16594
7734,2020-10-13 15:03:00,47.13,47.19,47.12,47.17,0,0,35656
7735,2020-10-13 15:04:00,47.17,47.18,47.16,47.17,0,0,16749
7736,2020-10-13 15:05:00,47.17,47.19,47.15,47.17,0,0,18867
7737,2020-10-13 15:06:00,47.18,47.21,47.17,47.19,0,0,16040
7738,2020-10-13 15:07:00,47.19,47.22,47.19,47.21,0,0,21961
7739,2020-10-13 15:08:00,47.2,47.21,47.19,47.19,0,0,15830
7740,2020-10-13 15:09:00,47.2,47.2,47.16,47.19,0,0,16784
7741,2020-10-13 15:10:00,47.2,47.23,47.19,47.23,0,0,17819
7742,2020-10-13 15:11:00,47.22,47.26,47.22,47.26,0,0,24915
7743,2020-10-13 15:12:00,47.26,47.27,47.24,47.26,0,0,17166
7744,2020-10-13 15:13:00,47.26,47.26,47.22,47.22,0,0,22099
7745,2020-10-13 15:14:00,47.22,47.24,47.19,47.22,0,0,28405
7746,2020-10-13 15:15:00,47.22,47.22,47.19,47.21,0,0,26666
7747,2020-10-13 15:16:00,47.21,47.23,47.19,47.21,0,0,14553
7748,2020-10-13 15:17:00,47.22,47.24,47.18,47.19,0,0,21498
7749,2020-10-13 15:18:00,47.19,47.2,47.19,47.2,0,0,8715
7750,2020-10-13 15:19:00,47.2,47.21,47.19,47.19,0,0,23673
7751,2020-10-13 15:20:00,47.19,47.19,47.13,47.17,0,0,24516
7752,2020-10-13 15:21:00,47.17,47.18,47.15,47.17,0,0,13171
7753,2020-10-13 15:22:00,47.17,47.19,47.17,47.17,0,0,18816
7754,2020-10-13 15:23:00,47.18,47.2,47.17,47.2,0,0,8252
7755,2020-10-13 15:24:00,47.19,47.21,47.17,47.17,0,0,28574
7756,2020-10-13 15:25:00,47.17,47.17,47.13,47.13,0,0,20816
7757,2020-10-13 15:26:00,47.13,47.13,47.12,47.12,0,0,32337
7758,2020-10-13 15:27:00,47.13,47.16,47.12,47.14,0,0,52514
7759,2020-10-13 15:28:00,47.13,47.13,47.08,47.08,0,0,15370
7760,2020-10-13 15:29:00,47.08,47.16,47.08,47.09,0,0,72538
7761,2020-10-13 15:30:00,47.09,47.12,47.09,47.1,0,0,12321
7762,2020-10-13 15:31:00,47.1,47.13,47.1,47.12,0,0,16979
7763,2020-10-13 15:32:00,47.12,47.13,47.11,47.13,0,0,24829
7764,2020-10-13 15:33:00,47.13,47.14,47.12,47.13,0,0,13641
7765,2020-10-13 15:34:00,47.12,47.14,47.12,47.12,0,0,12562
7766,2020-10-13 15:35:00,47.12,47.14,47.12,47.12,0,0,22578
7767,2020-10-13 15:36:00,47.12,47.17,47.12,47.17,0,0,15295
7768,2020-10-13 15:37:00,47.17,47.17,47.14,47.15,0,0,25250
7769,2020-10-13 15:38:00,47.15,47.15,47.1,47.12,0,0,46445
7770,2020-10-13 15:39:00,47.12,47.12,47.09,47.1,0,0,22555
7771,2020-10-13 15:40:00,47.11,47.15,47.1,47.15,0,0,24435
7772,2020-10-13 15:41:00,47.15,47.17,47.14,47.17,0,0,12872
7773,2020-10-13 15:42:00,47.16,47.2,47.15,47.19,0,0,51620
7774,2020-10-13 15:43:00,47.18,47.19,47.17,47.17,0,0,16619
7775,2020-10-13 15:44:00,47.18,47.19,47.15,47.15,0,0,89290
7776,2020-10-13 15:45:00,47.15,47.17,47.15,47.15,0,0,31245
7777,2020-10-13 15:46:00,47.15,47.15,47.11,47.12,0,0,12221
7778,2020-10-13 15:47:00,47.12,47.14,47.11,47.12,0,0,20449
7779,2020-10-13 15:48:00,47.12,47.12,47.08,47.12,0,0,44589
7780,2020-10-13 15:49:00,47.12,47.14,47.08,47.08,0,0,45769
7781,2020-10-13 15:50:00,47.08,47.13,47.0,47.03,0,0,118194
7782,2020-10-13 15:51:00,47.02,47.06,47.01,47.04,0,0,54001
7783,2020-10-13 15:52:00,47.04,47.06,47.03,47.04,0,0,28513
7784,2020-10-13 15:53:00,47.04,47.04,47.03,47.03,0,0,44222
7785,2020-10-13 15:54:00,47.03,47.09,47.03,47.08,0,0,46251
7786,2020-10-13 15:55:00,47.09,47.1,47.04,47.05,0,0,62425
7787,2020-10-13 15:56:00,47.06,47.06,47.04,47.04,0,0,62856
7788,2020-10-13 15:57:00,47.04,47.05,47.03,47.04,0,0,86362
7789,2020-10-13 15:58:00,47.04,47.06,47.01,47.03,0,0,84606
7790,2020-10-13 15:59:00,47.03,47.03,46.99,46.99,0,0,172573
7791,2020-10-14 09:30:00,47.49,47.7,47.44,47.6,0,0,232886
7792,2020-10-14 09:31:00,47.61,47.64,47.37,47.42,0,0,48624
7793,2020-10-14 09:32:00,47.42,47.44,47.32,47.36,0,0,31185
7794,2020-10-14 09:33:00,47.33,47.41,47.25,47.3,0,0,36141
7795,2020-10-14 09:34:00,47.31,47.34,47.19,47.2,0,0,36889
7796,2020-10-14 09:35:00,47.22,47.24,47.14,47.17,0,0,50666
7797,2020-10-14 09:36:00,47.17,47.28,47.17,47.17,0,0,37694
7798,2020-10-14 09:37:00,47.16,47.31,47.11,47.23,0,0,85387
7799,2020-10-14 09:38:00,47.24,47.26,47.13,47.25,0,0,29415
7800,2020-10-14 09:39:00,47.27,47.28,47.13,47.15,0,0,28690
7801,2020-10-14 09:40:00,47.15,47.19,47.1,47.12,0,0,55289
7802,2020-10-14 09:41:00,47.12,47.15,47.09,47.13,0,0,49626
7803,2020-10-14 09:42:00,47.12,47.15,47.08,47.13,0,0,36502
7804,2020-10-14 09:43:00,47.12,47.12,47.03,47.03,0,0,46789
7805,2020-10-14 09:44:00,47.03,47.06,46.94,47.04,0,0,70513
7806,2020-10-14 09:45:00,47.03,47.08,46.99,47.07,0,0,32002
7807,2020-10-14 09:46:00,47.06,47.09,47.03,47.09,0,0,33943
7808,2020-10-14 09:47:00,47.09,47.09,47.0,47.01,0,0,54853
7809,2020-10-14 09:48:00,47.01,47.01,46.9,46.9,0,0,128512
7810,2020-10-14 09:49:00,46.91,46.92,46.81,46.83,0,0,41403
7811,2020-10-14 09:50:00,46.82,46.84,46.73,46.77,0,0,64068
7812,2020-10-14 09:51:00,46.77,46.78,46.72,46.76,0,0,28915
7813,2020-10-14 09:52:00,46.77,46.79,46.72,46.76,0,0,38892
7814,2020-10-14 09:53:00,46.77,46.87,46.72,46.86,0,0,79148
7815,2020-10-14 09:54:00,46.87,46.87,46.8,46.8,0,0,33957
7816,2020-10-14 09:55:00,46.8,46.83,46.75,46.75,0,0,20201
7817,2020-10-14 09:56:00,46.74,46.78,46.68,46.77,0,0,38672
7818,2020-10-14 09:57:00,46.77,46.8,46.76,46.78,0,0,25587
7819,2020-10-14 09:58:00,46.78,46.78,46.63,46.63,0,0,20468
7820,2020-10-14 09:59:00,46.63,46.67,46.62,46.67,0,0,18980
7821,2020-10-14 10:00:00,46.67,46.67,46.6,46.6,0,0,34274
7822,2020-10-14 10:01:00,46.6,46.62,46.55,46.62,0,0,35297
7823,2020-10-14 10:02:00,46.61,46.61,46.54,46.54,0,0,28855
7824,2020-10-14 10:03:00,46.55,46.55,46.46,46.53,0,0,56541
7825,2020-10-14 10:04:00,46.54,46.54,46.49,46.51,0,0,33529
7826,2020-10-14 10:05:00,46.5,46.5,46.46,46.49,0,0,18225
7827,2020-10-14 10:06:00,46.48,46.51,46.46,46.5,0,0,39007
7828,2020-10-14 10:07:00,46.5,46.51,46.45,46.45,0,0,41473
7829,2020-10-14 10:08:00,46.45,46.54,46.43,46.54,0,0,37088
7830,2020-10-14 10:09:00,46.54,46.54,46.48,46.49,0,0,30993
7831,2020-10-14 10:10:00,46.48,46.49,46.44,46.46,0,0,22087
7832,2020-10-14 10:11:00,46.45,46.49,46.4,46.41,0,0,49338
7833,2020-10-14 10:12:00,46.4,46.41,46.33,46.33,0,0,38451
7834,2020-10-14 10:13:00,46.33,46.42,46.33,46.4,0,0,29858
7835,2020-10-14 10:14:00,46.4,46.47,46.4,46.44,0,0,34457
7836,2020-10-14 10:15:00,46.45,46.47,46.43,46.44,0,0,20526
7837,2020-10-14 10:16:00,46.44,46.45,46.38,46.45,0,0,29894
7838,2020-10-14 10:17:00,46.45,46.51,46.44,46.49,0,0,29809
7839,2020-10-14 10:18:00,46.51,46.55,46.51,46.55,0,0,17583
7840,2020-10-14 10:19:00,46.54,46.59,46.54,46.58,0,0,23030
7841,2020-10-14 10:20:00,46.58,46.58,46.52,46.55,0,0,21554
7842,2020-10-14 10:21:00,46.55,46.56,46.52,46.53,0,0,40640
7843,2020-10-14 10:22:00,46.53,46.53,46.45,46.47,0,0,35758
7844,2020-10-14 10:23:00,46.47,46.51,46.46,46.47,0,0,27088
7845,2020-10-14 10:24:00,46.46,46.48,46.38,46.4,0,0,56916
7846,2020-10-14 10:25:00,46.4,46.4,46.27,46.3,0,0,46059
7847,2020-10-14 10:26:00,46.29,46.34,46.27,46.28,0,0,22327
7848,2020-10-14 10:27:00,46.28,46.31,46.24,46.27,0,0,50521
7849,2020-10-14 10:28:00,46.26,46.31,46.24,46.31,0,0,19617
7850,2020-10-14 10:29:00,46.31,46.33,46.27,46.28,0,0,25770
7851,2020-10-14 10:30:00,46.29,46.31,46.22,46.22,0,0,31559
7852,2020-10-14 10:31:00,46.22,46.26,46.18,46.19,0,0,64069
7853,2020-10-14 10:32:00,46.19,46.22,46.16,46.17,0,0,56162
7854,2020-10-14 10:33:00,46.17,46.19,46.12,46.15,0,0,60986
7855,2020-10-14 10:34:00,46.15,46.19,46.13,46.15,0,0,41037
7856,2020-10-14 10:35:00,46.15,46.15,46.11,46.15,0,0,62243
7857,2020-10-14 10:36:00,46.15,46.15,46.12,46.12,0,0,51620
7858,2020-10-14 10:37:00,46.12,46.15,46.08,46.13,0,0,47845
7859,2020-10-14 10:38:00,46.14,46.15,46.12,46.13,0,0,43419
7860,2020-10-14 10:39:00,46.13,46.14,46.12,46.13,0,0,20543
7861,2020-10-14 10:40:00,46.13,46.16,46.12,46.12,0,0,62591
7862,2020-10-14 10:41:00,46.12,46.19,46.12,46.15,0,0,77090
7863,2020-10-14 10:42:00,46.13,46.16,46.12,46.14,0,0,40014
7864,2020-10-14 10:43:00,46.14,46.23,46.12,46.22,0,0,69989
7865,2020-10-14 10:44:00,46.24,46.33,46.24,46.32,0,0,47891
7866,2020-10-14 10:45:00,46.31,46.37,46.3,46.35,0,0,25962
7867,2020-10-14 10:46:00,46.35,46.35,46.32,46.35,0,0,20836
7868,2020-10-14 10:47:00,46.35,46.35,46.27,46.3,0,0,35008
7869,2020-10-14 10:48:00,46.3,46.35,46.3,46.33,0,0,7883
7870,2020-10-14 10:49:00,46.34,46.4,46.33,46.4,0,0,33304
7871,2020-10-14 10:50:00,46.4,46.43,46.38,46.41,0,0,34203
7872,2020-10-14 10:51:00,46.41,46.42,46.38,46.39,0,0,34232
7873,2020-10-14 10:52:00,46.39,46.42,46.38,46.42,0,0,11350
7874,2020-10-14 10:53:00,46.42,46.42,46.4,46.42,0,0,28395
7875,2020-10-14 10:54:00,46.42,46.42,46.38,46.39,0,0,36432
7876,2020-10-14 10:55:00,46.39,46.44,46.38,46.44,0,0,22583
7877,2020-10-14 10:56:00,46.44,46.47,46.43,46.47,0,0,17259
7878,2020-10-14 10:57:00,46.47,46.49,46.43,46.44,0,0,41175
7879,2020-10-14 10:58:00,46.44,46.45,46.42,46.44,0,0,9652
7880,2020-10-14 10:59:00,46.44,46.46,46.42,46.44,0,0,25850
7881,2020-10-14 11:00:00,46.44,46.45,46.4,46.42,0,0,21378
7882,2020-10-14 11:01:00,46.42,46.44,46.35,46.37,0,0,23039
7883,2020-10-14 11:02:00,46.37,46.4,46.37,46.38,0,0,12025
7884,2020-10-14 11:03:00,46.38,46.4,46.38,46.38,0,0,12892
7885,2020-10-14 11:04:00,46.38,46.4,46.37,46.37,0,0,10276
7886,2020-10-14 11:05:00,46.37,46.41,46.36,46.4,0,0,25157
7887,2020-10-14 11:06:00,46.4,46.4,46.38,46.38,0,0,19955
7888,2020-10-14 11:07:00,46.38,46.4,46.37,46.38,0,0,16813
7889,2020-10-14 11:08:00,46.38,46.42,46.38,46.38,0,0,20939
7890,2020-10-14 11:09:00,46.38,46.41,46.37,46.39,0,0,13952
7891,2020-10-14 11:10:00,46.39,46.4,46.36,46.37,0,0,11398
7892,2020-10-14 11:11:00,46.36,46.37,46.31,46.32,0,0,17456
7893,2020-10-14 11:12:00,46.32,46.34,46.32,46.32,0,0,11577
7894,2020-10-14 11:13:00,46.31,46.32,46.3,46.31,0,0,14610
7895,2020-10-14 11:14:00,46.31,46.31,46.27,46.28,0,0,19065
7896,2020-10-14 11:15:00,46.28,46.32,46.28,46.32,0,0,17978
7897,2020-10-14 11:16:00,46.32,46.32,46.3,46.31,0,0,7349
7898,2020-10-14 11:17:00,46.3,46.33,46.3,46.32,0,0,8481
7899,2020-10-14 11:18:00,46.31,46.32,46.31,46.31,0,0,9340
7900,2020-10-14 11:19:00,46.31,46.32,46.28,46.28,0,0,11521
7901,2020-10-14 11:20:00,46.28,46.28,46.22,46.22,0,0,20979
7902,2020-10-14 11:21:00,46.24,46.26,46.24,46.26,0,0,16175
7903,2020-10-14 11:22:00,46.26,46.35,46.26,46.34,0,0,20777
7904,2020-10-14 11:23:00,46.34,46.35,46.26,46.26,0,0,14642
7905,2020-10-14 11:24:00,46.26,46.26,46.18,46.2,0,0,45314
7906,2020-10-14 11:25:00,46.2,46.2,46.19,46.19,0,0,24850
7907,2020-10-14 11:26:00,46.2,46.2,46.19,46.19,0,0,28959
7908,2020-10-14 11:27:00,46.19,46.2,46.17,46.19,0,0,22083
7909,2020-10-14 11:28:00,46.19,46.21,46.15,46.16,0,0,62813
7910,2020-10-14 11:29:00,46.16,46.17,46.11,46.12,0,0,38740
7911,2020-10-14 11:30:00,46.12,46.15,46.1,46.15,0,0,13039
7912,2020-10-14 11:31:00,46.15,46.16,46.12,46.12,0,0,19221
7913,2020-10-14 11:32:00,46.12,46.17,46.12,46.17,0,0,35583
7914,2020-10-14 11:33:00,46.17,46.26,46.17,46.25,0,0,23194
7915,2020-10-14 11:34:00,46.24,46.25,46.23,46.25,0,0,23064
7916,2020-10-14 11:35:00,46.24,46.28,46.22,46.28,0,0,10127
7917,2020-10-14 11:36:00,46.28,46.28,46.21,46.22,0,0,8418
7918,2020-10-14 11:37:00,46.22,46.23,46.22,46.23,0,0,3527
7919,2020-10-14 11:38:00,46.22,46.22,46.21,46.21,0,0,4350
7920,2020-10-14 11:39:00,46.22,46.24,46.19,46.24,0,0,11331
7921,2020-10-14 11:40:00,46.23,46.24,46.22,46.22,0,0,5767
7922,2020-10-14 11:41:00,46.22,46.24,46.19,46.21,0,0,21398
7923,2020-10-14 11:42:00,46.21,46.31,46.21,46.31,0,0,16072
7924,2020-10-14 11:43:00,46.32,46.32,46.3,46.31,0,0,12878
7925,2020-10-14 11:44:00,46.3,46.31,46.28,46.29,0,0,18054
7926,2020-10-14 11:45:00,46.29,46.29,46.2,46.2,0,0,23323
7927,2020-10-14 11:46:00,46.2,46.21,46.19,46.19,0,0,9991
7928,2020-10-14 11:47:00,46.18,46.18,46.13,46.17,0,0,18392
7929,2020-10-14 11:48:00,46.16,46.16,46.11,46.13,0,0,27270
7930,2020-10-14 11:49:00,46.14,46.17,46.13,46.13,0,0,10545
7931,2020-10-14 11:50:00,46.14,46.15,46.11,46.12,0,0,8628
7932,2020-10-14 11:51:00,46.12,46.13,46.1,46.11,0,0,18126
7933,2020-10-14 11:52:00,46.12,46.15,46.11,46.11,0,0,10849
7934,2020-10-14 11:53:00,46.12,46.12,46.06,46.08,0,0,28759
7935,2020-10-14 11:54:00,46.07,46.07,46.0,46.01,0,0,84353
7936,2020-10-14 11:55:00,46.02,46.04,45.97,45.99,0,0,82720
7937,2020-10-14 11:56:00,45.99,46.01,45.96,45.97,0,0,51655
7938,2020-10-14 11:57:00,45.97,45.98,45.92,45.93,0,0,69090
7939,2020-10-14 11:58:00,45.93,45.94,45.86,45.86,0,0,57327
7940,2020-10-14 11:59:00,45.86,45.9,45.82,45.88,0,0,71505
7941,2020-10-14 12:00:00,45.89,45.9,45.86,45.87,0,0,19666
7942,2020-10-14 12:01:00,45.87,45.95,45.86,45.93,0,0,31488
7943,2020-10-14 12:02:00,45.92,45.92,45.85,45.92,0,0,32182
7944,2020-10-14 12:03:00,45.91,45.96,45.9,45.96,0,0,18179
7945,2020-10-14 12:04:00,45.96,46.01,45.94,46.0,0,0,17333
7946,2020-10-14 12:05:00,45.99,46.02,45.98,45.99,0,0,23564
7947,2020-10-14 12:06:00,45.98,46.02,45.97,46.01,0,0,20525
7948,2020-10-14 12:07:00,46.01,46.01,46.0,46.01,0,0,13513
7949,2020-10-14 12:08:00,46.01,46.01,45.99,45.99,0,0,19465
7950,2020-10-14 12:09:00,45.99,45.99,45.96,45.96,0,0,7998
7951,2020-10-14 12:10:00,45.95,45.95,45.9,45.9,0,0,17138
7952,2020-10-14 12:11:00,45.92,45.96,45.92,45.95,0,0,13010
7953,2020-10-14 12:12:00,45.95,45.95,45.9,45.9,0,0,12217
7954,2020-10-14 12:13:00,45.9,45.94,45.9,45.93,0,0,8625
7955,2020-10-14 12:14:00,45.92,45.97,45.92,45.97,0,0,6085
7956,2020-10-14 12:15:00,45.95,45.99,45.95,45.97,0,0,20672
7957,2020-10-14 12:16:00,45.97,45.98,45.95,45.98,0,0,5472
7958,2020-10-14 12:17:00,45.98,45.99,45.97,45.99,0,0,31863
7959,2020-10-14 12:18:00,45.99,45.99,45.86,45.87,0,0,23217
7960,2020-10-14 12:19:00,45.87,45.88,45.85,45.86,0,0,9096
7961,2020-10-14 12:20:00,45.86,45.88,45.85,45.88,0,0,28901
7962,2020-10-14 12:21:00,45.88,45.89,45.85,45.85,0,0,10184
7963,2020-10-14 12:22:00,45.85,45.88,45.82,45.85,0,0,20024
7964,2020-10-14 12:23:00,45.85,45.85,45.83,45.83,0,0,11281
7965,2020-10-14 12:24:00,45.84,45.85,45.77,45.79,0,0,49141
7966,2020-10-14 12:25:00,45.78,45.81,45.77,45.78,0,0,14447
7967,2020-10-14 12:26:00,45.79,45.81,45.79,45.8,0,0,18312
7968,2020-10-14 12:27:00,45.8,45.8,45.78,45.78,0,0,18762
7969,2020-10-14 12:28:00,45.78,45.78,45.76,45.76,0,0,19278
7970,2020-10-14 12:29:00,45.77,45.89,45.76,45.88,0,0,23604
7971,2020-10-14 12:30:00,45.89,45.9,45.86,45.87,0,0,18871
7972,2020-10-14 12:31:00,45.87,45.9,45.87,45.89,0,0,14958
7973,2020-10-14 12:32:00,45.88,45.89,45.87,45.88,0,0,6938
7974,2020-10-14 12:33:00,45.87,45.87,45.85,45.85,0,0,4839
7975,2020-10-14 12:34:00,45.85,45.92,45.85,45.91,0,0,16546
7976,2020-10-14 12:35:00,45.9,45.92,45.88,45.88,0,0,13031
7977,2020-10-14 12:36:00,45.88,45.89,45.84,45.87,0,0,14714
7978,2020-10-14 12:37:00,45.86,45.86,45.84,45.85,0,0,12666
7979,2020-10-14 12:38:00,45.84,45.84,45.81,45.81,0,0,5019
7980,2020-10-14 12:39:00,45.82,45.88,45.82,45.88,0,0,6976
7981,2020-10-14 12:40:00,45.89,45.94,45.88,45.92,0,0,20917
7982,2020-10-14 12:41:00,45.88,45.96,45.88,45.94,0,0,17085
7983,2020-10-14 12:42:00,45.95,45.97,45.93,45.97,0,0,15333
7984,2020-10-14 12:43:00,45.97,46.0,45.97,46.0,0,0,20979
7985,2020-10-14 12:44:00,45.99,46.0,45.98,45.99,0,0,18177
7986,2020-10-14 12:45:00,45.98,45.98,45.95,45.97,0,0,19050
7987,2020-10-14 12:46:00,45.97,46.0,45.96,45.99,0,0,9890
7988,2020-10-14 12:47:00,45.99,45.99,45.97,45.97,0,0,8723
7989,2020-10-14 12:48:00,45.97,45.97,45.95,45.97,0,0,7746
7990,2020-10-14 12:49:00,45.97,46.0,45.97,46.0,0,0,11563
7991,2020-10-14 12:50:00,46.01,46.01,45.97,45.99,0,0,21500
7992,2020-10-14 12:51:00,46.0,46.01,45.98,45.99,0,0,7589
7993,2020-10-14 12:52:00,45.99,46.0,45.96,45.96,0,0,8356
7994,2020-10-14 12:53:00,45.97,45.98,45.96,45.98,0,0,4549
7995,2020-10-14 12:54:00,45.98,45.98,45.96,45.97,0,0,3245
7996,2020-10-14 12:55:00,45.99,46.09,45.97,46.09,0,0,23429
7997,2020-10-14 12:56:00,46.08,46.09,46.03,46.03,0,0,17078
7998,2020-10-14 12:57:00,46.03,46.06,45.99,45.99,0,0,9482
7999,2020-10-14 12:58:00,46.0,46.0,45.96,45.97,0,0,31891
8000,2020-10-14 12:59:00,45.98,46.01,45.97,45.99,0,0,11474
8001,2020-10-14 13:00:00,45.98,46.0,45.94,46.0,0,0,23908
8002,2020-10-14 13:01:00,46.0,46.08,46.0,46.07,0,0,17066
8003,2020-10-14 13:02:00,46.07,46.08,46.03,46.08,0,0,34479
8004,2020-10-14 13:03:00,46.08,46.09,46.06,46.06,0,0,13024
8005,2020-10-14 13:04:00,46.07,46.09,46.06,46.07,0,0,9116
8006,2020-10-14 13:05:00,46.07,46.08,46.05,46.06,0,0,10015
8007,2020-10-14 13:06:00,46.06,46.07,46.05,46.05,0,0,8242
8008,2020-10-14 13:07:00,46.04,46.04,45.99,46.03,0,0,40944
8009,2020-10-14 13:08:00,46.03,46.03,46.0,46.01,0,0,15706
8010,2020-10-14 13:09:00,46.0,46.05,46.0,46.04,0,0,14694
8011,2020-10-14 13:10:00,46.04,46.05,46.02,46.03,0,0,7343
8012,2020-10-14 13:11:00,46.04,46.04,46.01,46.02,0,0,7234
8013,2020-10-14 13:12:00,46.03,46.03,46.01,46.01,0,0,9864
8014,2020-10-14 13:13:00,46.02,46.03,46.0,46.02,0,0,20874
8015,2020-10-14 13:14:00,46.02,46.08,46.02,46.08,0,0,12187
8016,2020-10-14 13:15:00,46.09,46.1,46.08,46.1,0,0,15630
8017,2020-10-14 13:16:00,46.1,46.17,46.09,46.17,0,0,23062
8018,2020-10-14 13:17:00,46.17,46.19,46.17,46.18,0,0,21080
8019,2020-10-14 13:18:00,46.17,46.2,46.15,46.19,0,0,24111
8020,2020-10-14 13:19:00,46.18,46.19,46.16,46.19,0,0,9779
8021,2020-10-14 13:20:00,46.18,46.18,46.13,46.16,0,0,15196
8022,2020-10-14 13:21:00,46.17,46.19,46.17,46.17,0,0,5409
8023,2020-10-14 13:22:00,46.17,46.18,46.17,46.17,0,0,3149
8024,2020-10-14 13:23:00,46.17,46.17,46.14,46.14,0,0,17358
8025,2020-10-14 13:24:00,46.14,46.17,46.12,46.13,0,0,9227
8026,2020-10-14 13:25:00,46.12,46.18,46.12,46.18,0,0,6862
8027,2020-10-14 13:26:00,46.18,46.21,46.18,46.2,0,0,12283
8028,2020-10-14 13:27:00,46.19,46.2,46.17,46.18,0,0,20334
8029,2020-10-14 13:28:00,46.18,46.18,46.15,46.15,0,0,17758
8030,2020-10-14 13:29:00,46.15,46.15,46.1,46.11,0,0,26436
8031,2020-10-14 13:30:00,46.11,46.11,46.06,46.08,0,0,14792
8032,2020-10-14 13:31:00,46.07,46.1,46.06,46.06,0,0,11201
8033,2020-10-14 13:32:00,46.06,46.06,46.01,46.01,0,0,22597
8034,2020-10-14 13:33:00,46.01,46.01,45.98,46.01,0,0,24279
8035,2020-10-14 13:34:00,46.01,46.01,45.98,45.98,0,0,10267
8036,2020-10-14 13:35:00,45.99,46.01,45.97,46.0,0,0,27962
8037,2020-10-14 13:36:00,45.99,46.02,45.96,45.98,0,0,19534
8038,2020-10-14 13:37:00,45.98,45.98,45.95,45.96,0,0,6916
8039,2020-10-14 13:38:00,45.96,46.0,45.95,46.0,0,0,10263
8040,2020-10-14 13:39:00,45.99,46.01,45.99,46.0,0,0,5641
8041,2020-10-14 13:40:00,46.0,46.02,45.99,46.0,0,0,11041
8042,2020-10-14 13:41:00,46.01,46.01,45.99,45.99,0,0,16981
8043,2020-10-14 13:42:00,45.99,46.02,45.99,46.01,0,0,11914
8044,2020-10-14 13:43:00,46.01,46.01,45.99,46.01,0,0,9180
8045,2020-10-14 13:44:00,46.01,46.03,46.01,46.02,0,0,6082
8046,2020-10-14 13:45:00,46.03,46.04,46.01,46.03,0,0,19126
8047,2020-10-14 13:46:00,46.03,46.03,46.0,46.0,0,0,7236
8048,2020-10-14 13:47:00,46.0,46.0,45.99,45.99,0,0,14992
8049,2020-10-14 13:48:00,45.98,45.99,45.97,45.98,0,0,11770
8050,2020-10-14 13:49:00,45.99,46.05,45.99,46.04,0,0,13711
8051,2020-10-14 13:50:00,46.04,46.09,46.03,46.09,0,0,15264
8052,2020-10-14 13:51:00,46.08,46.09,46.03,46.03,0,0,8302
8053,2020-10-14 13:52:00,46.03,46.04,46.0,46.03,0,0,28246
8054,2020-10-14 13:53:00,46.04,46.05,46.02,46.02,0,0,20973
8055,2020-10-14 13:54:00,46.03,46.04,46.02,46.04,0,0,12194
8056,2020-10-14 13:55:00,46.05,46.05,45.99,45.99,0,0,9503
8057,2020-10-14 13:56:00,46.0,46.02,46.0,46.02,0,0,10896
8058,2020-10-14 13:57:00,46.03,46.03,45.97,45.97,0,0,19571
8059,2020-10-14 13:58:00,45.97,45.99,45.97,45.98,0,0,12718
8060,2020-10-14 13:59:00,45.98,45.98,45.94,45.95,0,0,17678
8061,2020-10-14 14:00:00,45.95,45.95,45.93,45.94,0,0,32039
8062,2020-10-14 14:01:00,45.93,45.93,45.89,45.91,0,0,26301
8063,2020-10-14 14:02:00,45.92,45.94,45.91,45.94,0,0,15346
8064,2020-10-14 14:03:00,45.94,45.95,45.9,45.9,0,0,7466
8065,2020-10-14 14:04:00,45.91,45.93,45.9,45.93,0,0,17249
8066,2020-10-14 14:05:00,45.94,45.94,45.93,45.94,0,0,5737
8067,2020-10-14 14:06:00,45.95,45.98,45.94,45.96,0,0,20186
8068,2020-10-14 14:07:00,45.96,45.96,45.94,45.95,0,0,5878
8069,2020-10-14 14:08:00,45.95,45.97,45.94,45.97,0,0,13319
8070,2020-10-14 14:09:00,45.97,45.99,45.95,45.99,0,0,7779
8071,2020-10-14 14:10:00,45.98,45.99,45.97,45.97,0,0,12110
8072,2020-10-14 14:11:00,45.97,45.99,45.97,45.97,0,0,12957
8073,2020-10-14 14:12:00,45.97,45.97,45.95,45.96,0,0,5683
8074,2020-10-14 14:13:00,45.96,45.99,45.95,45.99,0,0,14372
8075,2020-10-14 14:14:00,45.98,45.99,45.97,45.97,0,0,4646
8076,2020-10-14 14:15:00,45.97,45.97,45.92,45.95,0,0,36701
8077,2020-10-14 14:16:00,45.94,45.95,45.93,45.94,0,0,5689
8078,2020-10-14 14:17:00,45.95,45.95,45.9,45.9,0,0,11937
8079,2020-10-14 14:18:00,45.92,45.93,45.89,45.89,0,0,20458
8080,2020-10-14 14:19:00,45.9,45.9,45.85,45.85,0,0,19021
8081,2020-10-14 14:20:00,45.85,45.86,45.83,45.84,0,0,20341
8082,2020-10-14 14:21:00,45.84,45.88,45.83,45.85,0,0,24342
8083,2020-10-14 14:22:00,45.85,45.86,45.82,45.83,0,0,17280
8084,2020-10-14 14:23:00,45.83,45.85,45.82,45.83,0,0,15431
8085,2020-10-14 14:24:00,45.84,45.85,45.81,45.84,0,0,43942
8086,2020-10-14 14:25:00,45.83,45.83,45.81,45.81,0,0,12934
8087,2020-10-14 14:26:00,45.81,45.83,45.77,45.8,0,0,36663
8088,2020-10-14 14:27:00,45.79,45.81,45.76,45.78,0,0,16666
8089,2020-10-14 14:28:00,45.78,45.79,45.72,45.73,0,0,42150
8090,2020-10-14 14:29:00,45.74,45.78,45.74,45.78,0,0,18832
8091,2020-10-14 14:30:00,45.77,45.78,45.76,45.77,0,0,17694
8092,2020-10-14 14:31:00,45.77,45.77,45.72,45.73,0,0,13655
8093,2020-10-14 14:32:00,45.73,45.75,45.72,45.74,0,0,15562
8094,2020-10-14 14:33:00,45.74,45.75,45.73,45.74,0,0,13487
8095,2020-10-14 14:34:00,45.74,45.74,45.66,45.67,0,0,45810
8096,2020-10-14 14:35:00,45.67,45.71,45.67,45.69,0,0,22218
8097,2020-10-14 14:36:00,45.68,45.69,45.67,45.69,0,0,22725
8098,2020-10-14 14:37:00,45.69,45.69,45.66,45.66,0,0,7885
8099,2020-10-14 14:38:00,45.66,45.66,45.62,45.65,0,0,33016
8100,2020-10-14 14:39:00,45.65,45.67,45.63,45.63,0,0,29401
8101,2020-10-14 14:40:00,45.63,45.7,45.62,45.7,0,0,29776
8102,2020-10-14 14:41:00,45.69,45.77,45.68,45.73,0,0,45168
8103,2020-10-14 14:42:00,45.73,45.74,45.72,45.73,0,0,15260
8104,2020-10-14 14:43:00,45.73,45.74,45.72,45.73,0,0,3894
8105,2020-10-14 14:44:00,45.72,45.72,45.69,45.69,0,0,15034
8106,2020-10-14 14:45:00,45.69,45.71,45.69,45.71,0,0,12464
8107,2020-10-14 14:46:00,45.71,45.76,45.71,45.76,0,0,18155
8108,2020-10-14 14:47:00,45.76,45.76,45.74,45.76,0,0,13803
8109,2020-10-14 14:48:00,45.76,45.78,45.74,45.78,0,0,10729
8110,2020-10-14 14:49:00,45.78,45.81,45.77,45.81,0,0,16191
8111,2020-10-14 14:50:00,45.8,45.81,45.78,45.78,0,0,18314
8112,2020-10-14 14:51:00,45.78,45.83,45.75,45.8,0,0,28858
8113,2020-10-14 14:52:00,45.81,45.85,45.81,45.83,0,0,19488
8114,2020-10-14 14:53:00,45.84,45.85,45.83,45.85,0,0,23634
8115,2020-10-14 14:54:00,45.85,45.87,45.84,45.85,0,0,13372
8116,2020-10-14 14:55:00,45.84,45.86,45.83,45.85,0,0,13333
8117,2020-10-14 14:56:00,45.84,45.88,45.83,45.88,0,0,14085
8118,2020-10-14 14:57:00,45.88,45.9,45.88,45.9,0,0,23588
8119,2020-10-14 14:58:00,45.9,45.92,45.89,45.92,0,0,18470
8120,2020-10-14 14:59:00,45.92,45.92,45.89,45.9,0,0,19179
8121,2020-10-14 15:00:00,45.9,45.9,45.89,45.9,0,0,24827
8122,2020-10-14 15:01:00,45.9,45.9,45.85,45.85,0,0,31783
8123,2020-10-14 15:02:00,45.85,45.91,45.85,45.91,0,0,33029
8124,2020-10-14 15:03:00,45.9,45.93,45.9,45.92,0,0,22959
8125,2020-10-14 15:04:00,45.91,45.94,45.91,45.92,0,0,16113
8126,2020-10-14 15:05:00,45.93,45.96,45.93,45.94,0,0,17395
8127,2020-10-14 15:06:00,45.93,45.94,45.92,45.94,0,0,15634
8128,2020-10-14 15:07:00,45.93,45.94,45.91,45.91,0,0,20264
8129,2020-10-14 15:08:00,45.91,45.96,45.9,45.94,0,0,42343
8130,2020-10-14 15:09:00,45.94,45.94,45.91,45.92,0,0,25716
8131,2020-10-14 15:10:00,45.93,45.94,45.92,45.92,0,0,23998
8132,2020-10-14 15:11:00,45.93,45.97,45.93,45.97,0,0,25774
8133,2020-10-14 15:12:00,45.97,45.98,45.95,45.98,0,0,17390
8134,2020-10-14 15:13:00,45.97,45.97,45.95,45.97,0,0,12233
8135,2020-10-14 15:14:00,45.97,45.98,45.95,45.98,0,0,18690
8136,2020-10-14 15:15:00,45.98,46.03,45.97,45.99,0,0,58764
8137,2020-10-14 15:16:00,45.99,46.0,45.95,45.95,0,0,18553
8138,2020-10-14 15:17:00,45.95,45.96,45.94,45.95,0,0,21053
8139,2020-10-14 15:18:00,45.94,46.0,45.94,45.99,0,0,23064
8140,2020-10-14 15:19:00,45.99,46.01,45.97,45.97,0,0,35892
8141,2020-10-14 15:20:00,45.97,46.01,45.97,46.0,0,0,45190
8142,2020-10-14 15:21:00,46.0,46.05,45.99,46.04,0,0,29175
8143,2020-10-14 15:22:00,46.04,46.08,46.04,46.07,0,0,31249
8144,2020-10-14 15:23:00,46.06,46.06,46.03,46.03,0,0,23517
8145,2020-10-14 15:24:00,46.03,46.03,46.0,46.01,0,0,21336
8146,2020-10-14 15:25:00,46.01,46.01,45.96,45.97,0,0,30768
8147,2020-10-14 15:26:00,45.97,45.99,45.96,45.96,0,0,32665
8148,2020-10-14 15:27:00,45.97,45.99,45.97,45.99,0,0,9049
8149,2020-10-14 15:28:00,45.98,45.99,45.97,45.97,0,0,14241
8150,2020-10-14 15:29:00,45.97,45.97,45.96,45.96,0,0,4818
8151,2020-10-14 15:30:00,45.96,45.98,45.95,45.97,0,0,39512
8152,2020-10-14 15:31:00,45.97,46.06,45.97,46.06,0,0,40220
8153,2020-10-14 15:32:00,46.06,46.11,46.06,46.09,0,0,33849
8154,2020-10-14 15:33:00,46.1,46.1,46.06,46.06,0,0,13922
8155,2020-10-14 15:34:00,46.06,46.07,46.04,46.06,0,0,38473
8156,2020-10-14 15:35:00,46.07,46.08,46.05,46.06,0,0,25513
8157,2020-10-14 15:36:00,46.06,46.06,46.04,46.06,0,0,26939
8158,2020-10-14 15:37:00,46.06,46.06,46.03,46.03,0,0,22665
8159,2020-10-14 15:38:00,46.03,46.03,46.0,46.01,0,0,37915
8160,2020-10-14 15:39:00,46.01,46.03,45.99,46.03,0,0,37381
8161,2020-10-14 15:40:00,46.04,46.1,46.04,46.09,0,0,57656
8162,2020-10-14 15:41:00,46.08,46.09,46.06,46.07,0,0,16333
8163,2020-10-14 15:42:00,46.08,46.08,46.04,46.04,0,0,34682
8164,2020-10-14 15:43:00,46.04,46.07,46.04,46.07,0,0,25881
8165,2020-10-14 15:44:00,46.06,46.1,46.06,46.09,0,0,29402
8166,2020-10-14 15:45:00,46.09,46.1,46.07,46.08,0,0,51176
8167,2020-10-14 15:46:00,46.07,46.07,46.01,46.01,0,0,41236
8168,2020-10-14 15:47:00,46.01,46.01,45.93,45.96,0,0,88277
8169,2020-10-14 15:48:00,45.97,45.98,45.94,45.96,0,0,32365
8170,2020-10-14 15:49:00,45.97,45.99,45.96,45.99,0,0,35720
8171,2020-10-14 15:50:00,46.0,46.04,46.0,46.03,0,0,91660
8172,2020-10-14 15:51:00,46.02,46.03,46.0,46.01,0,0,34486
8173,2020-10-14 15:52:00,46.0,46.05,45.99,46.05,0,0,58581
8174,2020-10-14 15:53:00,46.05,46.08,46.05,46.06,0,0,35156
8175,2020-10-14 15:54:00,46.07,46.08,46.04,46.05,0,0,85977
8176,2020-10-14 15:55:00,46.05,46.06,45.95,45.99,0,0,137782
8177,2020-10-14 15:56:00,45.99,46.01,45.97,45.97,0,0,107996
8178,2020-10-14 15:57:00,45.98,45.98,45.95,45.98,0,0,103001
8179,2020-10-14 15:58:00,45.97,46.03,45.97,46.0,0,0,171635
8180,2020-10-14 15:59:00,45.99,45.99,45.9,45.97,0,0,250972
8181,2020-10-15 09:30:00,45.06,45.23,45.01,45.18,0,0,100014
8182,2020-10-15 09:31:00,45.17,45.28,45.11,45.23,0,0,226730
8183,2020-10-15 09:32:00,45.15,45.44,45.07,45.44,0,0,131220
8184,2020-10-15 09:33:00,45.41,45.58,45.31,45.38,0,0,51932
8185,2020-10-15 09:34:00,45.4,45.4,45.13,45.17,0,0,61081
8186,2020-10-15 09:35:00,45.15,45.29,45.15,45.25,0,0,78391
8187,2020-10-15 09:36:00,45.23,45.33,45.2,45.21,0,0,77017
8188,2020-10-15 09:37:00,45.21,45.21,45.06,45.1,0,0,122796
8189,2020-10-15 09:38:00,45.15,45.15,44.92,45.02,0,0,136345
8190,2020-10-15 09:39:00,45.02,45.11,45.01,45.07,0,0,52942
8191,2020-10-15 09:40:00,45.06,45.06,44.93,44.99,0,0,66649
8192,2020-10-15 09:41:00,44.97,45.18,44.97,45.11,0,0,68824
8193,2020-10-15 09:42:00,45.11,45.13,44.43,44.95,0,0,97748
8194,2020-10-15 09:43:00,44.94,44.99,44.85,44.91,0,0,67644
8195,2020-10-15 09:44:00,44.91,45.02,44.9,44.96,0,0,96314
8196,2020-10-15 09:45:00,44.94,45.06,44.89,45.05,0,0,67522
8197,2020-10-15 09:46:00,45.06,45.08,44.98,45.02,0,0,34145
8198,2020-10-15 09:47:00,45.03,45.04,44.95,44.96,0,0,39241
8199,2020-10-15 09:48:00,44.95,44.95,44.9,44.94,0,0,52942
8200,2020-10-15 09:49:00,44.95,45.07,44.95,45.01,0,0,55025
8201,2020-10-15 09:50:00,45.0,45.0,44.87,44.92,0,0,52426
8202,2020-10-15 09:51:00,44.92,44.98,44.88,44.97,0,0,44118
8203,2020-10-15 09:52:00,44.97,44.98,44.88,44.89,0,0,79619
8204,2020-10-15 09:53:00,44.88,44.97,44.81,44.95,0,0,73673
8205,2020-10-15 09:54:00,44.96,45.02,44.96,45.0,0,0,41233
8206,2020-10-15 09:55:00,45.01,45.05,44.95,44.95,0,0,41596
8207,2020-10-15 09:56:00,44.96,44.99,44.9,44.99,0,0,46308
8208,2020-10-15 09:57:00,44.99,45.0,44.91,44.97,0,0,31538
8209,2020-10-15 09:58:00,44.97,45.03,44.97,45.0,0,0,22186
8210,2020-10-15 09:59:00,45.02,45.17,45.0,45.17,0,0,58354
8211,2020-10-15 10:00:00,45.16,45.17,45.08,45.09,0,0,32628
8212,2020-10-15 10:01:00,45.1,45.1,44.9,44.93,0,0,55076
8213,2020-10-15 10:02:00,44.93,44.96,44.84,44.85,0,0,28575
8214,2020-10-15 10:03:00,44.85,44.87,44.78,44.79,0,0,56808
8215,2020-10-15 10:04:00,44.8,44.87,44.76,44.87,0,0,42241
8216,2020-10-15 10:05:00,44.87,44.91,44.86,44.86,0,0,20942
8217,2020-10-15 10:06:00,44.85,44.86,44.8,44.84,0,0,23734
8218,2020-10-15 10:07:00,44.83,44.87,44.78,44.83,0,0,39688
8219,2020-10-15 10:08:00,44.81,44.84,44.77,44.82,0,0,29796
8220,2020-10-15 10:09:00,44.79,44.82,44.76,44.76,0,0,39018
8221,2020-10-15 10:10:00,44.76,44.87,44.76,44.86,0,0,35137
8222,2020-10-15 10:11:00,44.87,44.87,44.77,44.8,0,0,40066
8223,2020-10-15 10:12:00,44.8,44.82,44.76,44.81,0,0,20538
8224,2020-10-15 10:13:00,44.83,44.86,44.8,44.83,0,0,27439
8225,2020-10-15 10:14:00,44.83,44.83,44.7,44.71,0,0,50094
8226,2020-10-15 10:15:00,44.7,44.81,44.7,44.81,0,0,52658
8227,2020-10-15 10:16:00,44.82,44.96,44.82,44.96,0,0,64995
8228,2020-10-15 10:17:00,44.96,45.1,44.94,45.08,0,0,81626
8229,2020-10-15 10:18:00,45.08,45.14,45.03,45.09,0,0,72032
8230,2020-10-15 10:19:00,45.08,45.12,45.06,45.08,0,0,48670
8231,2020-10-15 10:20:00,45.08,45.1,45.01,45.01,0,0,25505
8232,2020-10-15 10:21:00,45.01,45.06,44.98,45.04,0,0,36361
8233,2020-10-15 10:22:00,45.05,45.12,45.05,45.1,0,0,37519
8234,2020-10-15 10:23:00,45.1,45.11,44.98,45.03,0,0,40945
8235,2020-10-15 10:24:00,45.02,45.06,44.98,45.05,0,0,62469
8236,2020-10-15 10:25:00,45.06,45.09,44.99,45.0,0,0,20391
8237,2020-10-15 10:26:00,45.0,45.01,44.96,44.98,0,0,15901
8238,2020-10-15 10:27:00,44.97,44.99,44.95,44.98,0,0,9366
8239,2020-10-15 10:28:00,44.99,44.99,44.91,44.94,0,0,30709
8240,2020-10-15 10:29:00,44.94,44.94,44.89,44.91,0,0,29280
8241,2020-10-15 10:30:00,44.89,44.9,44.84,44.85,0,0,34447
8242,2020-10-15 10:31:00,44.85,44.85,44.8,44.83,0,0,40072
8243,2020-10-15 10:32:00,44.83,44.85,44.72,44.8,0,0,32151
8244,2020-10-15 10:33:00,44.79,44.81,44.72,44.76,0,0,20769
8245,2020-10-15 10:34:00,44.76,44.8,44.72,44.78,0,0,16709
8246,2020-10-15 10:35:00,44.78,44.78,44.7,44.71,0,0,21578
8247,2020-10-15 10:36:00,44.72,44.73,44.69,44.72,0,0,18058
8248,2020-10-15 10:37:00,44.74,44.74,44.69,44.7,0,0,21098
8249,2020-10-15 10:38:00,44.69,44.69,44.61,44.62,0,0,64535
8250,2020-10-15 10:39:00,44.62,44.67,44.55,44.67,0,0,33597
8251,2020-10-15 10:40:00,44.67,44.68,44.64,44.64,0,0,22555
8252,2020-10-15 10:41:00,44.63,44.63,44.58,44.62,0,0,48176
8253,2020-10-15 10:42:00,44.62,44.64,44.56,44.56,0,0,83060
8254,2020-10-15 10:43:00,44.56,44.57,44.48,44.56,0,0,99115
8255,2020-10-15 10:44:00,44.56,44.61,44.5,44.57,0,0,49711
8256,2020-10-15 10:45:00,44.59,44.6,44.53,44.57,0,0,30394
8257,2020-10-15 10:46:00,44.57,44.62,44.55,44.58,0,0,25723
8258,2020-10-15 10:47:00,44.58,44.76,44.58,44.75,0,0,73568
8259,2020-10-15 10:48:00,44.76,44.77,44.72,44.77,0,0,31669
8260,2020-10-15 10:49:00,44.76,44.76,44.66,44.69,0,0,22531
8261,2020-10-15 10:50:00,44.7,44.76,44.67,44.74,0,0,18160
8262,2020-10-15 10:51:00,44.73,44.76,44.69,44.76,0,0,21066
8263,2020-10-15 10:52:00,44.75,44.76,44.74,44.74,0,0,10454
8264,2020-10-15 10:53:00,44.73,44.73,44.61,44.66,0,0,50112
8265,2020-10-15 10:54:00,44.66,44.66,44.56,44.6,0,0,35997
8266,2020-10-15 10:55:00,44.6,44.6,44.53,44.6,0,0,34113
8267,2020-10-15 10:56:00,44.6,44.64,44.57,44.62,0,0,51182
8268,2020-10-15 10:57:00,44.62,44.63,44.57,44.59,0,0,38005
8269,2020-10-15 10:58:00,44.6,44.64,44.6,44.6,0,0,29802
8270,2020-10-15 10:59:00,44.59,44.6,44.51,44.52,0,0,49100
8271,2020-10-15 11:00:00,44.53,44.54,44.48,44.52,0,0,42152
8272,2020-10-15 11:01:00,44.53,44.57,44.47,44.47,0,0,33536
8273,2020-10-15 11:02:00,44.46,44.51,44.45,44.5,0,0,19272
8274,2020-10-15 11:03:00,44.49,44.49,44.39,44.44,0,0,62908
8275,2020-10-15 11:04:00,44.45,44.48,44.42,44.42,0,0,46496
8276,2020-10-15 11:05:00,44.43,44.43,44.4,44.43,0,0,18010
8277,2020-10-15 11:06:00,44.43,44.58,44.43,44.57,0,0,47281
8278,2020-10-15 11:07:00,44.59,44.65,44.58,44.62,0,0,67001
8279,2020-10-15 11:08:00,44.63,44.67,44.53,44.55,0,0,54104
8280,2020-10-15 11:09:00,44.54,44.54,44.44,44.44,0,0,53655
8281,2020-10-15 11:10:00,44.44,44.51,44.42,44.49,0,0,63703
8282,2020-10-15 11:11:00,44.5,44.5,44.41,44.42,0,0,68912
8283,2020-10-15 11:12:00,44.44,44.46,44.34,44.37,0,0,84468
8284,2020-10-15 11:13:00,44.37,44.44,44.35,44.37,0,0,102890
8285,2020-10-15 11:14:00,44.38,44.41,44.32,44.39,0,0,57422
8286,2020-10-15 11:15:00,44.39,44.46,44.38,44.4,0,0,56922
8287,2020-10-15 11:16:00,44.39,44.39,44.3,44.34,0,0,67340
8288,2020-10-15 11:17:00,44.35,44.39,44.31,44.38,0,0,38299
8289,2020-10-15 11:18:00,44.39,44.48,44.39,44.47,0,0,63268
8290,2020-10-15 11:19:00,44.48,44.56,44.47,44.51,0,0,58642
8291,2020-10-15 11:20:00,44.51,44.57,44.5,44.57,0,0,18871
8292,2020-10-15 11:21:00,44.57,44.6,44.55,44.58,0,0,29733
8293,2020-10-15 11:22:00,44.58,44.61,44.58,44.61,0,0,17460
8294,2020-10-15 11:23:00,44.6,44.66,44.57,44.64,0,0,33917
8295,2020-10-15 11:24:00,44.63,44.69,44.62,44.67,0,0,30070
8296,2020-10-15 11:25:00,44.68,44.69,44.62,44.64,0,0,29056
8297,2020-10-15 11:26:00,44.67,44.7,44.63,44.69,0,0,19267
8298,2020-10-15 11:27:00,44.69,44.69,44.65,44.65,0,0,19354
8299,2020-10-15 11:28:00,44.65,44.65,44.59,44.65,0,0,29100
8300,2020-10-15 11:29:00,44.66,44.73,44.65,44.73,0,0,22770
8301,2020-10-15 11:30:00,44.73,44.76,44.67,44.67,0,0,55120
8302,2020-10-15 11:31:00,44.69,44.72,44.69,44.72,0,0,16172
8303,2020-10-15 11:32:00,44.72,44.77,44.72,44.74,0,0,25914
8304,2020-10-15 11:33:00,44.74,44.76,44.73,44.74,0,0,25289
8305,2020-10-15 11:34:00,44.75,44.78,44.74,44.77,0,0,11303
8306,2020-10-15 11:35:00,44.79,44.84,44.76,44.83,0,0,39950
8307,2020-10-15 11:36:00,44.84,44.92,44.83,44.92,0,0,53749
8308,2020-10-15 11:37:00,44.92,44.94,44.88,44.9,0,0,80118
8309,2020-10-15 11:38:00,44.9,44.91,44.77,44.78,0,0,46604
8310,2020-10-15 11:39:00,44.8,44.93,44.78,44.91,0,0,41455
8311,2020-10-15 11:40:00,44.92,44.92,44.85,44.88,0,0,14649
8312,2020-10-15 11:41:00,44.88,44.9,44.86,44.88,0,0,17341
8313,2020-10-15 11:42:00,44.88,44.89,44.85,44.85,0,0,13039
8314,2020-10-15 11:43:00,44.85,44.91,44.84,44.9,0,0,17733
8315,2020-10-15 11:44:00,44.9,44.93,44.89,44.91,0,0,21636
8316,2020-10-15 11:45:00,44.91,44.99,44.91,44.95,0,0,36127
8317,2020-10-15 11:46:00,44.95,44.97,44.92,44.92,0,0,22392
8318,2020-10-15 11:47:00,44.92,44.95,44.92,44.92,0,0,18089
8319,2020-10-15 11:48:00,44.92,44.92,44.86,44.87,0,0,27568
8320,2020-10-15 11:49:00,44.88,44.88,44.8,44.86,0,0,32973
8321,2020-10-15 11:50:00,44.86,44.93,44.84,44.93,0,0,15714
8322,2020-10-15 11:51:00,44.92,44.92,44.83,44.88,0,0,36514
8323,2020-10-15 11:52:00,44.9,44.95,44.87,44.87,0,0,41863
8324,2020-10-15 11:53:00,44.87,44.9,44.84,44.86,0,0,14084
8325,2020-10-15 11:54:00,44.86,44.94,44.85,44.91,0,0,51061
8326,2020-10-15 11:55:00,44.91,45.01,44.9,45.01,0,0,51529
8327,2020-10-15 11:56:00,45.0,45.01,44.89,44.91,0,0,74666
8328,2020-10-15 11:57:00,44.92,44.98,44.92,44.95,0,0,24779
8329,2020-10-15 11:58:00,44.95,44.95,44.89,44.9,0,0,37796
8330,2020-10-15 11:59:00,44.88,44.9,44.84,44.84,0,0,12518
8331,2020-10-15 12:00:00,44.83,44.89,44.81,44.89,0,0,13674
8332,2020-10-15 12:01:00,44.89,44.89,44.81,44.81,0,0,6475
8333,2020-10-15 12:02:00,44.82,44.83,44.79,44.79,0,0,116868
8334,2020-10-15 12:03:00,44.79,44.84,44.78,44.82,0,0,7215
8335,2020-10-15 12:04:00,44.83,44.83,44.79,44.81,0,0,17433
8336,2020-10-15 12:05:00,44.82,44.85,44.8,44.85,0,0,9757
8337,2020-10-15 12:06:00,44.85,44.85,44.81,44.85,0,0,10057
8338,2020-10-15 12:07:00,44.86,44.86,44.81,44.81,0,0,12438
8339,2020-10-15 12:08:00,44.81,44.82,44.77,44.77,0,0,10170
8340,2020-10-15 12:09:00,44.78,44.79,44.75,44.75,0,0,12900
8341,2020-10-15 12:10:00,44.76,44.77,44.73,44.74,0,0,13072
8342,2020-10-15 12:11:00,44.74,44.77,44.72,44.74,0,0,20392
8343,2020-10-15 12:12:00,44.73,44.74,44.72,44.73,0,0,11696
8344,2020-10-15 12:13:00,44.73,44.79,44.72,44.78,0,0,17997
8345,2020-10-15 12:14:00,44.79,44.79,44.75,44.77,0,0,37580
8346,2020-10-15 12:15:00,44.76,44.77,44.72,44.75,0,0,59762
8347,2020-10-15 12:16:00,44.74,44.82,44.74,44.81,0,0,17520
8348,2020-10-15 12:17:00,44.81,44.9,44.81,44.9,0,0,29949
8349,2020-10-15 12:18:00,44.89,44.93,44.87,44.92,0,0,24196
8350,2020-10-15 12:19:00,44.92,44.94,44.89,44.92,0,0,48229
8351,2020-10-15 12:20:00,44.92,44.97,44.91,44.96,0,0,74349
8352,2020-10-15 12:21:00,44.97,44.99,44.94,44.97,0,0,72570
8353,2020-10-15 12:22:00,44.97,44.97,44.94,44.96,0,0,25591
8354,2020-10-15 12:23:00,44.96,44.97,44.94,44.95,0,0,16602
8355,2020-10-15 12:24:00,44.94,44.99,44.94,44.99,0,0,25034
8356,2020-10-15 12:25:00,44.99,45.03,44.98,45.02,0,0,85551
8357,2020-10-15 12:26:00,45.03,45.04,45.01,45.02,0,0,14643
8358,2020-10-15 12:27:00,45.01,45.03,45.0,45.01,0,0,7977
8359,2020-10-15 12:28:00,45.0,45.07,44.99,45.07,0,0,24651
8360,2020-10-15 12:29:00,45.07,45.08,45.04,45.04,0,0,20971
8361,2020-10-15 12:30:00,45.03,45.06,45.0,45.06,0,0,18073
8362,2020-10-15 12:31:00,45.05,45.06,45.05,45.06,0,0,6629
8363,2020-10-15 12:32:00,45.05,45.05,44.99,45.02,0,0,45242
8364,2020-10-15 12:33:00,45.01,45.01,44.99,45.0,0,0,11493
8365,2020-10-15 12:34:00,45.0,45.0,44.94,44.96,0,0,28711
8366,2020-10-15 12:35:00,44.96,44.97,44.95,44.96,0,0,7610
8367,2020-10-15 12:36:00,44.96,44.96,44.94,44.95,0,0,10071
8368,2020-10-15 12:37:00,44.95,44.96,44.94,44.95,0,0,11955
8369,2020-10-15 12:38:00,44.95,45.01,44.95,45.01,0,0,14340
8370,2020-10-15 12:39:00,45.01,45.02,44.99,44.99,0,0,16095
8371,2020-10-15 12:40:00,45.0,45.01,44.99,45.01,0,0,13283
8372,2020-10-15 12:41:00,45.01,45.02,45.0,45.01,0,0,7648
8373,2020-10-15 12:42:00,45.0,45.04,44.99,45.03,0,0,24492
8374,2020-10-15 12:43:00,45.03,45.04,45.01,45.04,0,0,12867
8375,2020-10-15 12:44:00,45.03,45.03,44.99,44.99,0,0,223913
8376,2020-10-15 12:45:00,44.99,45.02,44.97,45.0,0,0,93101
8377,2020-10-15 12:46:00,45.0,45.03,45.0,45.03,0,0,9114
8378,2020-10-15 12:47:00,45.03,45.05,45.03,45.05,0,0,26813
8379,2020-10-15 12:48:00,45.05,45.05,45.0,45.0,0,0,17889
8380,2020-10-15 12:49:00,45.0,45.01,44.99,45.0,0,0,24719
8381,2020-10-15 12:50:00,45.01,45.08,44.99,45.08,0,0,27283
8382,2020-10-15 12:51:00,45.08,45.16,45.08,45.15,0,0,51524
8383,2020-10-15 12:52:00,45.16,45.24,45.15,45.21,0,0,89836
8384,2020-10-15 12:53:00,45.22,45.23,45.18,45.18,0,0,72160
8385,2020-10-15 12:54:00,45.19,45.19,45.16,45.19,0,0,30959
8386,2020-10-15 12:55:00,45.19,45.24,45.19,45.22,0,0,21694
8387,2020-10-15 12:56:00,45.22,45.22,45.17,45.21,0,0,20557
8388,2020-10-15 12:57:00,45.2,45.21,45.17,45.17,0,0,19937
8389,2020-10-15 12:58:00,45.17,45.2,45.17,45.19,0,0,18206
8390,2020-10-15 12:59:00,45.18,45.21,45.17,45.21,0,0,11126
8391,2020-10-15 13:00:00,45.2,45.24,45.2,45.24,0,0,9939
8392,2020-10-15 13:01:00,45.23,45.24,45.17,45.17,0,0,10817
8393,2020-10-15 13:02:00,45.17,45.17,45.13,45.13,0,0,15926
8394,2020-10-15 13:03:00,45.12,45.16,45.12,45.16,0,0,15086
8395,2020-10-15 13:04:00,45.16,45.19,45.16,45.17,0,0,8525
8396,2020-10-15 13:05:00,45.18,45.18,45.16,45.17,0,0,10372
8397,2020-10-15 13:06:00,45.16,45.21,45.16,45.2,0,0,16740
8398,2020-10-15 13:07:00,45.2,45.23,45.18,45.22,0,0,21650
8399,2020-10-15 13:08:00,45.21,45.24,45.2,45.24,0,0,28805
8400,2020-10-15 13:09:00,45.24,45.24,45.18,45.19,0,0,20715
8401,2020-10-15 13:10:00,45.19,45.21,45.18,45.19,0,0,11366
8402,2020-10-15 13:11:00,45.2,45.23,45.19,45.22,0,0,20864
8403,2020-10-15 13:12:00,45.23,45.25,45.23,45.24,0,0,15326
8404,2020-10-15 13:13:00,45.24,45.28,45.24,45.26,0,0,29209
8405,2020-10-15 13:14:00,45.26,45.27,45.25,45.26,0,0,12441
8406,2020-10-15 13:15:00,45.26,45.26,45.21,45.22,0,0,415535
8407,2020-10-15 13:16:00,45.22,45.24,45.22,45.22,0,0,12485
8408,2020-10-15 13:17:00,45.22,45.23,45.11,45.12,0,0,36787
8409,2020-10-15 13:18:00,45.11,45.12,45.08,45.12,0,0,24440
8410,2020-10-15 13:19:00,45.12,45.14,45.1,45.13,0,0,14761
8411,2020-10-15 13:20:00,45.13,45.16,45.12,45.12,0,0,24254
8412,2020-10-15 13:21:00,45.12,45.18,45.12,45.17,0,0,16899
8413,2020-10-15 13:22:00,45.17,45.17,45.14,45.16,0,0,5684
8414,2020-10-15 13:23:00,45.16,45.17,45.15,45.15,0,0,8508
8415,2020-10-15 13:24:00,45.17,45.18,45.13,45.15,0,0,23180
8416,2020-10-15 13:25:00,45.15,45.16,45.14,45.16,0,0,17034
8417,2020-10-15 13:26:00,45.17,45.17,45.15,45.16,0,0,12836
8418,2020-10-15 13:27:00,45.17,45.18,45.15,45.16,0,0,20525
8419,2020-10-15 13:28:00,45.16,45.17,45.14,45.15,0,0,13162
8420,2020-10-15 13:29:00,45.15,45.16,45.14,45.15,0,0,9971
8421,2020-10-15 13:30:00,45.15,45.17,45.11,45.11,0,0,18409
8422,2020-10-15 13:31:00,45.12,45.12,45.06,45.06,0,0,36772
8423,2020-10-15 13:32:00,45.06,45.08,45.06,45.06,0,0,11134
8424,2020-10-15 13:33:00,45.06,45.06,45.02,45.04,0,0,19582
8425,2020-10-15 13:34:00,45.05,45.09,45.03,45.09,0,0,29923
8426,2020-10-15 13:35:00,45.09,45.15,45.09,45.14,0,0,34996
8427,2020-10-15 13:36:00,45.14,45.17,45.14,45.17,0,0,17708
8428,2020-10-15 13:37:00,45.17,45.19,45.17,45.19,0,0,5814
8429,2020-10-15 13:38:00,45.19,45.19,45.16,45.17,0,0,16441
8430,2020-10-15 13:39:00,45.17,45.19,45.17,45.19,0,0,12782
8431,2020-10-15 13:40:00,45.19,45.2,45.17,45.19,0,0,7329
8432,2020-10-15 13:41:00,45.19,45.21,45.19,45.2,0,0,10899
8433,2020-10-15 13:42:00,45.21,45.21,45.15,45.17,0,0,9834
8434,2020-10-15 13:43:00,45.18,45.2,45.18,45.19,0,0,10799
8435,2020-10-15 13:44:00,45.19,45.23,45.19,45.22,0,0,20341
8436,2020-10-15 13:45:00,45.22,45.3,45.22,45.27,0,0,89835
8437,2020-10-15 13:46:00,45.27,45.31,45.27,45.28,0,0,29677
8438,2020-10-15 13:47:00,45.28,45.28,45.24,45.25,0,0,11492
8439,2020-10-15 13:48:00,45.25,45.26,45.24,45.25,0,0,21572
8440,2020-10-15 13:49:00,45.24,45.24,45.22,45.24,0,0,7199
8441,2020-10-15 13:50:00,45.24,45.27,45.24,45.26,0,0,8168
8442,2020-10-15 13:51:00,45.26,45.28,45.25,45.25,0,0,20180
8443,2020-10-15 13:52:00,45.25,45.26,45.24,45.24,0,0,12428
8444,2020-10-15 13:53:00,45.25,45.27,45.24,45.27,0,0,27663
8445,2020-10-15 13:54:00,45.27,45.27,45.23,45.23,0,0,17212
8446,2020-10-15 13:55:00,45.23,45.28,45.23,45.27,0,0,28184
8447,2020-10-15 13:56:00,45.26,45.28,45.25,45.26,0,0,17806
8448,2020-10-15 13:57:00,45.27,45.28,45.26,45.26,0,0,23810
8449,2020-10-15 13:58:00,45.27,45.29,45.27,45.27,0,0,6660
8450,2020-10-15 13:59:00,45.27,45.29,45.26,45.29,0,0,4061
8451,2020-10-15 14:00:00,45.29,45.34,45.29,45.34,0,0,21571
8452,2020-10-15 14:01:00,45.34,45.37,45.34,45.35,0,0,26268
8453,2020-10-15 14:02:00,45.35,45.4,45.35,45.38,0,0,17088
8454,2020-10-15 14:03:00,45.38,45.42,45.38,45.39,0,0,20398
8455,2020-10-15 14:04:00,45.41,45.44,45.39,45.4,0,0,17338
8456,2020-10-15 14:05:00,45.4,45.42,45.4,45.41,0,0,27336
8457,2020-10-15 14:06:00,45.42,45.45,45.42,45.45,0,0,23073
8458,2020-10-15 14:07:00,45.45,45.45,45.43,45.44,0,0,31615
8459,2020-10-15 14:08:00,45.44,45.47,45.44,45.47,0,0,16065
8460,2020-10-15 14:09:00,45.47,45.49,45.46,45.48,0,0,25743
8461,2020-10-15 14:10:00,45.48,45.49,45.46,45.46,0,0,64036
8462,2020-10-15 14:11:00,45.46,45.46,45.41,45.45,0,0,63472
8463,2020-10-15 14:12:00,45.44,45.46,45.43,45.45,0,0,32540
8464,2020-10-15 14:13:00,45.45,45.49,45.44,45.48,0,0,30676
8465,2020-10-15 14:14:00,45.49,45.5,45.48,45.49,0,0,27064
8466,2020-10-15 14:15:00,45.49,45.51,45.49,45.49,0,0,38725
8467,2020-10-15 14:16:00,45.49,45.49,45.42,45.46,0,0,13757
8468,2020-10-15 14:17:00,45.46,45.46,45.42,45.43,0,0,18775
8469,2020-10-15 14:18:00,45.42,45.46,45.42,45.46,0,0,41230
8470,2020-10-15 14:19:00,45.46,45.47,45.43,45.44,0,0,31535
8471,2020-10-15 14:20:00,45.43,45.47,45.42,45.43,0,0,30697
8472,2020-10-15 14:21:00,45.43,45.46,45.42,45.46,0,0,26018
8473,2020-10-15 14:22:00,45.46,45.47,45.43,45.43,0,0,16835
8474,2020-10-15 14:23:00,45.44,45.44,45.4,45.4,0,0,22425
8475,2020-10-15 14:24:00,45.4,45.42,45.4,45.41,0,0,14389
8476,2020-10-15 14:25:00,45.41,45.41,45.34,45.35,0,0,23744
8477,2020-10-15 14:26:00,45.35,45.38,45.34,45.38,0,0,29226
8478,2020-10-15 14:27:00,45.38,45.39,45.37,45.38,0,0,10676
8479,2020-10-15 14:28:00,45.38,45.38,45.37,45.38,0,0,11047
8480,2020-10-15 14:29:00,45.38,45.42,45.37,45.4,0,0,26929
8481,2020-10-15 14:30:00,45.4,45.42,45.39,45.42,0,0,32155
8482,2020-10-15 14:31:00,45.42,45.44,45.39,45.42,0,0,43623
8483,2020-10-15 14:32:00,45.41,45.44,45.41,45.43,0,0,7308
8484,2020-10-15 14:33:00,45.42,45.45,45.4,45.44,0,0,25220
8485,2020-10-15 14:34:00,45.44,45.44,45.4,45.4,0,0,21507
8486,2020-10-15 14:35:00,45.4,45.4,45.14,45.14,0,0,262543
8487,2020-10-15 14:36:00,45.15,45.24,45.13,45.16,0,0,223599
8488,2020-10-15 14:37:00,45.16,45.26,45.16,45.26,0,0,84954
8489,2020-10-15 14:38:00,45.25,45.25,45.14,45.18,0,0,52156
8490,2020-10-15 14:39:00,45.17,45.26,45.07,45.25,0,0,108274
8491,2020-10-15 14:40:00,45.24,45.29,45.21,45.26,0,0,88528
8492,2020-10-15 14:41:00,45.26,45.3,45.26,45.3,0,0,21421
8493,2020-10-15 14:42:00,45.29,45.31,45.28,45.3,0,0,9778
8494,2020-10-15 14:43:00,45.31,45.33,45.29,45.31,0,0,24230
8495,2020-10-15 14:44:00,45.31,45.35,45.27,45.27,0,0,79588
8496,2020-10-15 14:45:00,45.28,45.32,45.28,45.31,0,0,20607
8497,2020-10-15 14:46:00,45.31,45.31,45.29,45.31,0,0,19662
8498,2020-10-15 14:47:00,45.31,45.36,45.31,45.36,0,0,51150
8499,2020-10-15 14:48:00,45.35,45.38,45.33,45.38,0,0,27778
8500,2020-10-15 14:49:00,45.39,45.45,45.39,45.44,0,0,60321
8501,2020-10-15 14:50:00,45.44,45.47,45.42,45.47,0,0,39858
8502,2020-10-15 14:51:00,45.47,45.53,45.47,45.52,0,0,40600
8503,2020-10-15 14:52:00,45.53,45.61,45.51,45.61,0,0,107743
8504,2020-10-15 14:53:00,45.61,45.62,45.52,45.54,0,0,57993
8505,2020-10-15 14:54:00,45.55,45.58,45.54,45.57,0,0,11584
8506,2020-10-15 14:55:00,45.58,45.58,45.56,45.58,0,0,13005
8507,2020-10-15 14:56:00,45.59,45.6,45.56,45.59,0,0,15287
8508,2020-10-15 14:57:00,45.58,45.58,45.54,45.55,0,0,12510
8509,2020-10-15 14:58:00,45.55,45.56,45.49,45.56,0,0,89102
8510,2020-10-15 14:59:00,45.57,45.58,45.52,45.55,0,0,39453
8511,2020-10-15 15:00:00,45.55,45.59,45.54,45.59,0,0,24691
8512,2020-10-15 15:01:00,45.59,45.59,45.56,45.58,0,0,27870
8513,2020-10-15 15:02:00,45.58,45.61,45.58,45.59,0,0,23920
8514,2020-10-15 15:03:00,45.6,45.6,45.56,45.56,0,0,13804
8515,2020-10-15 15:04:00,45.57,45.58,45.54,45.55,0,0,15297
8516,2020-10-15 15:05:00,45.56,45.58,45.54,45.58,0,0,32908
8517,2020-10-15 15:06:00,45.6,45.64,45.6,45.61,0,0,34239
8518,2020-10-15 15:07:00,45.61,45.67,45.61,45.67,0,0,41752
8519,2020-10-15 15:08:00,45.67,45.67,45.62,45.63,0,0,14362
8520,2020-10-15 15:09:00,45.62,45.65,45.62,45.65,0,0,25687
8521,2020-10-15 15:10:00,45.65,45.69,45.65,45.68,0,0,46287
8522,2020-10-15 15:11:00,45.67,45.73,45.67,45.71,0,0,37078
8523,2020-10-15 15:12:00,45.71,45.74,45.7,45.72,0,0,40946
8524,2020-10-15 15:13:00,45.72,45.76,45.69,45.73,0,0,89339
8525,2020-10-15 15:14:00,45.74,45.78,45.74,45.77,0,0,34239
8526,2020-10-15 15:15:00,45.76,45.77,45.73,45.75,0,0,24309
8527,2020-10-15 15:16:00,45.75,45.76,45.74,45.74,0,0,16602
8528,2020-10-15 15:17:00,45.74,45.76,45.74,45.74,0,0,28897
8529,2020-10-15 15:18:00,45.74,45.78,45.74,45.74,0,0,31874
8530,2020-10-15 15:19:00,45.74,45.79,45.74,45.78,0,0,22785
8531,2020-10-15 15:20:00,45.79,45.79,45.75,45.76,0,0,23690
8532,2020-10-15 15:21:00,45.76,45.78,45.74,45.75,0,0,86763
8533,2020-10-15 15:22:00,45.74,45.82,45.74,45.82,0,0,63448
8534,2020-10-15 15:23:00,45.82,45.83,45.76,45.79,0,0,42371
8535,2020-10-15 15:24:00,45.79,45.83,45.78,45.82,0,0,57633
8536,2020-10-15 15:25:00,45.82,45.88,45.82,45.86,0,0,25273
8537,2020-10-15 15:26:00,45.85,45.89,45.83,45.87,0,0,49699
8538,2020-10-15 15:27:00,45.87,45.87,45.83,45.84,0,0,22800
8539,2020-10-15 15:28:00,45.85,45.86,45.82,45.82,0,0,27764
8540,2020-10-15 15:29:00,45.81,45.85,45.79,45.83,0,0,24946
8541,2020-10-15 15:30:00,45.82,45.83,45.77,45.8,0,0,50231
8542,2020-10-15 15:31:00,45.79,45.8,45.78,45.79,0,0,22870
8543,2020-10-15 15:32:00,45.79,45.86,45.79,45.85,0,0,31084
8544,2020-10-15 15:33:00,45.84,45.89,45.83,45.88,0,0,44797
8545,2020-10-15 15:34:00,45.88,45.89,45.86,45.88,0,0,48857
8546,2020-10-15 15:35:00,45.89,45.93,45.87,45.88,0,0,72320
8547,2020-10-15 15:36:00,45.88,45.92,45.87,45.92,0,0,41653
8548,2020-10-15 15:37:00,45.92,45.95,45.9,45.91,0,0,38974
8549,2020-10-15 15:38:00,45.92,45.92,45.89,45.89,0,0,31159
8550,2020-10-15 15:39:00,45.9,45.91,45.89,45.9,0,0,28524
8551,2020-10-15 15:40:00,45.91,45.96,45.88,45.9,0,0,77453
8552,2020-10-15 15:41:00,45.9,45.95,45.9,45.95,0,0,51368
8553,2020-10-15 15:42:00,45.94,45.97,45.94,45.96,0,0,54974
8554,2020-10-15 15:43:00,45.97,45.97,45.94,45.96,0,0,30789
8555,2020-10-15 15:44:00,45.96,45.97,45.94,45.95,0,0,64505
8556,2020-10-15 15:45:00,45.95,45.97,45.93,45.95,0,0,75520
8557,2020-10-15 15:46:00,45.96,45.97,45.94,45.96,0,0,84607
8558,2020-10-15 15:47:00,45.96,45.97,45.92,45.92,0,0,69173
8559,2020-10-15 15:48:00,45.92,45.96,45.92,45.94,0,0,90127
8560,2020-10-15 15:49:00,45.94,45.97,45.94,45.97,0,0,92394
8561,2020-10-15 15:50:00,45.98,46.02,45.97,46.01,0,0,125679
8562,2020-10-15 15:51:00,46.01,46.02,45.98,46.01,0,0,92351
8563,2020-10-15 15:52:00,46.01,46.02,45.99,46.01,0,0,54226
8564,2020-10-15 15:53:00,46.01,46.03,46.0,46.03,0,0,62637
8565,2020-10-15 15:54:00,46.04,46.06,46.03,46.05,0,0,128963
8566,2020-10-15 15:55:00,46.05,46.08,46.04,46.05,0,0,127774
8567,2020-10-15 15:56:00,46.06,46.07,46.04,46.04,0,0,100374
8568,2020-10-15 15:57:00,46.05,46.05,46.0,46.01,0,0,154900
8569,2020-10-15 15:58:00,46.0,46.01,45.97,46.01,0,0,173887
8570,2020-10-15 15:59:00,46.01,46.06,46.0,46.04,0,0,342974
8571,2020-10-16 09:30:00,46.36,46.43,46.33,46.4,0,0,66808
8572,2020-10-16 09:31:00,46.45,46.45,46.14,46.15,0,0,346815
8573,2020-10-16 09:32:00,46.14,46.21,46.11,46.2,0,0,99034
8574,2020-10-16 09:33:00,46.21,46.21,46.01,46.05,0,0,146737
8575,2020-10-16 09:34:00,46.07,46.16,46.02,46.03,0,0,31014
8576,2020-10-16 09:35:00,46.03,46.07,45.95,46.02,0,0,83326
8577,2020-10-16 09:36:00,46.0,46.09,46.0,46.05,0,0,100792
8578,2020-10-16 09:37:00,46.05,46.06,45.95,45.96,0,0,55811
8579,2020-10-16 09:38:00,45.96,46.05,45.93,45.93,0,0,25046
8580,2020-10-16 09:39:00,45.93,45.95,45.83,45.85,0,0,52876
8581,2020-10-16 09:40:00,45.86,45.96,45.83,45.94,0,0,38181
8582,2020-10-16 09:41:00,45.94,45.98,45.89,45.92,0,0,31193
8583,2020-10-16 09:42:00,45.93,45.95,45.86,45.86,0,0,31120
8584,2020-10-16 09:43:00,45.87,45.99,45.87,45.96,0,0,57250
8585,2020-10-16 09:44:00,45.95,45.98,45.92,45.93,0,0,24973
8586,2020-10-16 09:45:00,45.94,45.98,45.81,45.82,0,0,40490
8587,2020-10-16 09:46:00,45.81,45.87,45.76,45.86,0,0,121067
8588,2020-10-16 09:47:00,45.85,45.92,45.84,45.9,0,0,29322
8589,2020-10-16 09:48:00,45.9,45.91,45.84,45.84,0,0,27294
8590,2020-10-16 09:49:00,45.84,45.88,45.81,45.81,0,0,17625
8591,2020-10-16 09:50:00,45.81,45.86,45.8,45.83,0,0,19046
8592,2020-10-16 09:51:00,45.84,45.87,45.8,45.81,0,0,43929
8593,2020-10-16 09:52:00,45.81,45.82,45.74,45.76,0,0,76385
8594,2020-10-16 09:53:00,45.75,45.77,45.71,45.74,0,0,42241
8595,2020-10-16 09:54:00,45.74,45.75,45.67,45.67,0,0,56389
8596,2020-10-16 09:55:00,45.67,45.79,45.62,45.78,0,0,43611
8597,2020-10-16 09:56:00,45.78,45.85,45.78,45.81,0,0,27558
8598,2020-10-16 09:57:00,45.8,45.84,45.77,45.84,0,0,24676
8599,2020-10-16 09:58:00,45.85,45.91,45.83,45.85,0,0,48530
8600,2020-10-16 09:59:00,45.84,45.85,45.81,45.84,0,0,14462
8601,2020-10-16 10:00:00,45.84,45.88,45.81,45.85,0,0,14829
8602,2020-10-16 10:01:00,45.85,45.86,45.8,45.81,0,0,47717
8603,2020-10-16 10:02:00,45.81,45.93,45.81,45.92,0,0,27327
8604,2020-10-16 10:03:00,45.93,45.97,45.91,45.94,0,0,29630
8605,2020-10-16 10:04:00,45.94,45.95,45.91,45.91,0,0,19114
8606,2020-10-16 10:05:00,45.91,45.92,45.85,45.9,0,0,55486
8607,2020-10-16 10:06:00,45.91,45.91,45.85,45.85,0,0,8942
8608,2020-10-16 10:07:00,45.85,45.86,45.78,45.79,0,0,79418
8609,2020-10-16 10:08:00,45.79,45.79,45.76,45.76,0,0,11077
8610,2020-10-16 10:09:00,45.76,45.79,45.76,45.77,0,0,19273
8611,2020-10-16 10:10:00,45.78,45.83,45.77,45.81,0,0,16139
8612,2020-10-16 10:11:00,45.81,45.83,45.79,45.8,0,0,5108
8613,2020-10-16 10:12:00,45.79,45.81,45.76,45.78,0,0,17379
8614,2020-10-16 10:13:00,45.78,45.79,45.73,45.73,0,0,22597
8615,2020-10-16 10:14:00,45.74,45.76,45.72,45.73,0,0,17281
8616,2020-10-16 10:15:00,45.74,45.76,45.71,45.74,0,0,6710
8617,2020-10-16 10:16:00,45.74,45.75,45.71,45.71,0,0,11789
8618,2020-10-16 10:17:00,45.7,45.73,45.69,45.7,0,0,18131
8619,2020-10-16 10:18:00,45.7,45.72,45.7,45.71,0,0,10910
8620,2020-10-16 10:19:00,45.71,45.81,45.71,45.79,0,0,41235
8621,2020-10-16 10:20:00,45.79,45.85,45.79,45.85,0,0,16179
8622,2020-10-16 10:21:00,45.84,45.85,45.81,45.81,0,0,16103
8623,2020-10-16 10:22:00,45.82,45.83,45.78,45.78,0,0,10517
8624,2020-10-16 10:23:00,45.78,45.8,45.75,45.75,0,0,16843
8625,2020-10-16 10:24:00,45.75,45.77,45.72,45.76,0,0,9800
8626,2020-10-16 10:25:00,45.76,45.77,45.71,45.71,0,0,6155
8627,2020-10-16 10:26:00,45.71,45.74,45.69,45.69,0,0,20497
8628,2020-10-16 10:27:00,45.7,45.79,45.7,45.76,0,0,25841
8629,2020-10-16 10:28:00,45.76,45.78,45.74,45.76,0,0,312902
8630,2020-10-16 10:29:00,45.76,45.77,45.73,45.74,0,0,12784
8631,2020-10-16 10:30:00,45.74,45.75,45.7,45.71,0,0,13126
8632,2020-10-16 10:31:00,45.71,45.72,45.69,45.69,0,0,20222
8633,2020-10-16 10:32:00,45.69,45.69,45.64,45.64,0,0,43790
8634,2020-10-16 10:33:00,45.64,45.68,45.63,45.65,0,0,289790
8635,2020-10-16 10:34:00,45.65,45.72,45.65,45.69,0,0,21693
8636,2020-10-16 10:35:00,45.7,45.7,45.64,45.64,0,0,21936
8637,2020-10-16 10:36:00,45.64,45.67,45.61,45.63,0,0,91584
8638,2020-10-16 10:37:00,45.64,45.66,45.62,45.65,0,0,15039
8639,2020-10-16 10:38:00,45.65,45.67,45.63,45.66,0,0,24544
8640,2020-10-16 10:39:00,45.66,45.67,45.63,45.66,0,0,10841
8641,2020-10-16 10:40:00,45.65,45.67,45.63,45.64,0,0,13691
8642,2020-10-16 10:41:00,45.63,45.66,45.62,45.66,0,0,12296
8643,2020-10-16 10:42:00,45.67,45.71,45.67,45.69,0,0,18294
8644,2020-10-16 10:43:00,45.69,45.73,45.66,45.72,0,0,13604
8645,2020-10-16 10:44:00,45.72,45.75,45.69,45.71,0,0,12628
8646,2020-10-16 10:45:00,45.72,45.75,45.69,45.73,0,0,21031
8647,2020-10-16 10:46:00,45.72,45.74,45.72,45.73,0,0,9087
8648,2020-10-16 10:47:00,45.73,45.74,45.62,45.62,0,0,37226
8649,2020-10-16 10:48:00,45.62,45.63,45.6,45.6,0,0,50626
8650,2020-10-16 10:49:00,45.6,45.6,45.52,45.55,0,0,67217
8651,2020-10-16 10:50:00,45.53,45.56,45.51,45.54,0,0,22674
8652,2020-10-16 10:51:00,45.55,45.56,45.5,45.53,0,0,35570
8653,2020-10-16 10:52:00,45.52,45.54,45.47,45.49,0,0,143814
8654,2020-10-16 10:53:00,45.49,45.53,45.48,45.51,0,0,17743
8655,2020-10-16 10:54:00,45.5,45.56,45.5,45.55,0,0,16369
8656,2020-10-16 10:55:00,45.55,45.58,45.54,45.58,0,0,18692
8657,2020-10-16 10:56:00,45.58,45.61,45.55,45.57,0,0,24490
8658,2020-10-16 10:57:00,45.56,45.56,45.53,45.56,0,0,4949
8659,2020-10-16 10:58:00,45.55,45.56,45.53,45.53,0,0,8552
8660,2020-10-16 10:59:00,45.53,45.57,45.52,45.55,0,0,15654
8661,2020-10-16 11:00:00,45.55,45.55,45.54,45.54,0,0,3803
8662,2020-10-16 11:02:00,45.49,45.51,45.49,45.51,0,0,42702
8663,2020-10-16 11:03:00,45.51,45.53,45.49,45.49,0,0,20372
8664,2020-10-16 11:04:00,45.49,45.57,45.49,45.54,0,0,22225
8665,2020-10-16 11:05:00,45.54,45.54,45.49,45.51,0,0,16117
8666,2020-10-16 11:06:00,45.5,45.53,45.5,45.53,0,0,15441
8667,2020-10-16 11:07:00,45.51,45.53,45.49,45.49,0,0,18839
8668,2020-10-16 11:08:00,45.49,45.5,45.42,45.42,0,0,102230
8669,2020-10-16 11:09:00,45.42,45.44,45.37,45.38,0,0,52178
8670,2020-10-16 11:10:00,45.38,45.38,45.33,45.33,0,0,32780
8671,2020-10-16 11:11:00,45.34,45.36,45.32,45.33,0,0,43079
8672,2020-10-16 11:12:00,45.32,45.34,45.31,45.33,0,0,27007
8673,2020-10-16 11:13:00,45.33,45.34,45.31,45.32,0,0,20726
8674,2020-10-16 11:14:00,45.33,45.33,45.3,45.32,0,0,11289
8675,2020-10-16 11:15:00,45.31,45.33,45.28,45.28,0,0,22300
8676,2020-10-16 11:16:00,45.28,45.33,45.26,45.3,0,0,34451
8677,2020-10-16 11:17:00,45.29,45.3,45.26,45.26,0,0,15868
8678,2020-10-16 11:18:00,45.24,45.24,45.2,45.21,0,0,55069
8679,2020-10-16 11:19:00,45.21,45.27,45.21,45.26,0,0,23787
8680,2020-10-16 11:20:00,45.27,45.27,45.17,45.18,0,0,50989
8681,2020-10-16 11:21:00,45.17,45.18,45.15,45.17,0,0,15321
8682,2020-10-16 11:22:00,45.17,45.18,45.15,45.15,0,0,29173
8683,2020-10-16 11:23:00,45.15,45.15,45.08,45.1,0,0,36520
8684,2020-10-16 11:24:00,45.1,45.14,45.07,45.08,0,0,29244
8685,2020-10-16 11:25:00,45.07,45.11,45.05,45.07,0,0,42726
8686,2020-10-16 11:26:00,45.08,45.1,45.06,45.1,0,0,32612
8687,2020-10-16 11:27:00,45.09,45.17,45.06,45.15,0,0,40739
8688,2020-10-16 11:28:00,45.15,45.17,45.12,45.13,0,0,20161
8689,2020-10-16 11:29:00,45.13,45.16,45.12,45.16,0,0,16113
8690,2020-10-16 11:30:00,45.15,45.19,45.13,45.19,0,0,32799
8691,2020-10-16 11:31:00,45.19,45.19,45.15,45.18,0,0,16978
8692,2020-10-16 11:32:00,45.19,45.22,45.15,45.15,0,0,25378
8693,2020-10-16 11:33:00,45.14,45.19,45.14,45.19,0,0,45189
8694,2020-10-16 11:34:00,45.19,45.26,45.19,45.24,0,0,36665
8695,2020-10-16 11:35:00,45.24,45.26,45.21,45.21,0,0,14271
8696,2020-10-16 11:36:00,45.22,45.28,45.22,45.27,0,0,9997
8697,2020-10-16 11:37:00,45.28,45.29,45.27,45.27,0,0,14682
8698,2020-10-16 11:38:00,45.28,45.3,45.26,45.29,0,0,16163
8699,2020-10-16 11:39:00,45.29,45.33,45.27,45.29,0,0,78869
8700,2020-10-16 11:40:00,45.27,45.28,45.16,45.21,0,0,42480
8701,2020-10-16 11:41:00,45.21,45.3,45.21,45.3,0,0,13904
8702,2020-10-16 11:42:00,45.32,45.36,45.31,45.35,0,0,26166
8703,2020-10-16 11:43:00,45.35,45.35,45.31,45.34,0,0,15220
8704,2020-10-16 11:44:00,45.34,45.35,45.31,45.33,0,0,8304
8705,2020-10-16 11:45:00,45.34,45.35,45.33,45.34,0,0,7360
8706,2020-10-16 11:46:00,45.34,45.35,45.31,45.33,0,0,12057
8707,2020-10-16 11:47:00,45.33,45.35,45.31,45.35,0,0,8406
8708,2020-10-16 11:48:00,45.35,45.36,45.34,45.34,0,0,63244
8709,2020-10-16 11:49:00,45.35,45.41,45.35,45.41,0,0,17461
8710,2020-10-16 11:50:00,45.42,45.42,45.35,45.35,0,0,19412
8711,2020-10-16 11:51:00,45.35,45.37,45.32,45.36,0,0,12216
8712,2020-10-16 11:52:00,45.36,45.36,45.32,45.34,0,0,9570
8713,2020-10-16 11:53:00,45.34,45.34,45.32,45.34,0,0,15659
8714,2020-10-16 11:54:00,45.34,45.34,45.31,45.33,0,0,11587
8715,2020-10-16 11:55:00,45.33,45.35,45.33,45.33,0,0,15085
8716,2020-10-16 11:56:00,45.33,45.35,45.32,45.35,0,0,40223
8717,2020-10-16 11:57:00,45.35,45.37,45.31,45.31,0,0,64180
8718,2020-10-16 11:58:00,45.31,45.31,45.28,45.28,0,0,85388
8719,2020-10-16 11:59:00,45.29,45.32,45.28,45.31,0,0,66998
8720,2020-10-16 12:00:00,45.31,45.33,45.27,45.27,0,0,464913
8721,2020-10-16 12:01:00,45.29,45.29,45.24,45.26,0,0,17334
8722,2020-10-16 12:02:00,45.25,45.26,45.21,45.22,0,0,13827
8723,2020-10-16 12:03:00,45.23,45.25,45.21,45.24,0,0,8215
8724,2020-10-16 12:04:00,45.24,45.24,45.22,45.22,0,0,8624
8725,2020-10-16 12:05:00,45.22,45.24,45.21,45.23,0,0,42111
8726,2020-10-16 12:06:00,45.23,45.24,45.18,45.18,0,0,13389
8727,2020-10-16 12:07:00,45.17,45.17,45.14,45.16,0,0,9120
8728,2020-10-16 12:08:00,45.16,45.18,45.15,45.17,0,0,27272
8729,2020-10-16 12:09:00,45.17,45.19,45.15,45.17,0,0,20423
8730,2020-10-16 12:10:00,45.17,45.17,45.12,45.15,0,0,11901
8731,2020-10-16 12:11:00,45.16,45.17,45.13,45.14,0,0,6543
8732,2020-10-16 12:12:00,45.14,45.14,45.12,45.13,0,0,6297
8733,2020-10-16 12:13:00,45.13,45.14,45.1,45.13,0,0,18950
8734,2020-10-16 12:14:00,45.14,45.16,45.12,45.14,0,0,11030
8735,2020-10-16 12:15:00,45.15,45.15,45.13,45.13,0,0,13291
8736,2020-10-16 12:16:00,45.14,45.16,45.13,45.15,0,0,6465
8737,2020-10-16 12:17:00,45.15,45.19,45.15,45.18,0,0,13785
8738,2020-10-16 12:18:00,45.18,45.19,45.17,45.19,0,0,13111
8739,2020-10-16 12:19:00,45.19,45.24,45.18,45.23,0,0,14248
8740,2020-10-16 12:20:00,45.23,45.25,45.17,45.18,0,0,35617
8741,2020-10-16 12:21:00,45.18,45.19,45.14,45.18,0,0,28419
8742,2020-10-16 12:22:00,45.17,45.17,45.14,45.17,0,0,7835
8743,2020-10-16 12:23:00,45.17,45.18,45.14,45.15,0,0,34409
8744,2020-10-16 12:24:00,45.15,45.17,45.12,45.17,0,0,24683
8745,2020-10-16 12:25:00,45.17,45.17,45.13,45.15,0,0,10234
8746,2020-10-16 12:26:00,45.16,45.17,45.16,45.16,0,0,6293
8747,2020-10-16 12:27:00,45.16,45.2,45.16,45.18,0,0,4797
8748,2020-10-16 12:28:00,45.18,45.21,45.17,45.2,0,0,16102
8749,2020-10-16 12:29:00,45.19,45.2,45.17,45.17,0,0,6686
8750,2020-10-16 12:30:00,45.17,45.2,45.17,45.19,0,0,8106
8751,2020-10-16 12:31:00,45.19,45.2,45.17,45.18,0,0,20062
8752,2020-10-16 12:32:00,45.17,45.17,45.08,45.11,0,0,30426
8753,2020-10-16 12:33:00,45.11,45.19,45.09,45.19,0,0,29944
8754,2020-10-16 12:34:00,45.19,45.23,45.19,45.22,0,0,17105
8755,2020-10-16 12:35:00,45.22,45.22,45.13,45.14,0,0,20456
8756,2020-10-16 12:36:00,45.15,45.16,45.14,45.15,0,0,8692
8757,2020-10-16 12:37:00,45.15,45.18,45.15,45.16,0,0,7428
8758,2020-10-16 12:38:00,45.16,45.2,45.15,45.18,0,0,14504
8759,2020-10-16 12:39:00,45.18,45.21,45.18,45.19,0,0,9391
8760,2020-10-16 12:40:00,45.18,45.2,45.17,45.19,0,0,30143
8761,2020-10-16 12:41:00,45.19,45.19,45.15,45.16,0,0,14425
8762,2020-10-16 12:42:00,45.16,45.17,45.12,45.17,0,0,28881
8763,2020-10-16 12:43:00,45.17,45.23,45.17,45.23,0,0,16239
8764,2020-10-16 12:44:00,45.23,45.33,45.23,45.33,0,0,54345
8765,2020-10-16 12:45:00,45.32,45.35,45.31,45.35,0,0,34577
8766,2020-10-16 12:46:00,45.35,45.45,45.35,45.45,0,0,204286
8767,2020-10-16 12:47:00,45.44,45.49,45.44,45.48,0,0,29959
8768,2020-10-16 12:48:00,45.49,45.49,45.44,45.44,0,0,17048
8769,2020-10-16 12:49:00,45.45,45.48,45.44,45.47,0,0,6410
8770,2020-10-16 12:50:00,45.47,45.48,45.42,45.42,0,0,16296
8771,2020-10-16 12:51:00,45.4,45.45,45.38,45.44,0,0,7779
8772,2020-10-16 12:52:00,45.45,45.48,45.44,45.48,0,0,4828
8773,2020-10-16 12:53:00,45.47,45.48,45.44,45.44,0,0,11584
8774,2020-10-16 12:54:00,45.45,45.47,45.42,45.46,0,0,14695
8775,2020-10-16 12:55:00,45.47,45.49,45.44,45.45,0,0,25545
8776,2020-10-16 12:56:00,45.46,45.51,45.44,45.5,0,0,24466
8777,2020-10-16 12:57:00,45.49,45.5,45.46,45.46,0,0,6032
8778,2020-10-16 12:58:00,45.47,45.47,45.46,45.47,0,0,8359
8779,2020-10-16 12:59:00,45.47,45.47,45.44,45.46,0,0,8177
8780,2020-10-16 13:00:00,45.45,45.47,45.44,45.45,0,0,10386
8781,2020-10-16 13:01:00,45.44,45.47,45.44,45.45,0,0,6541
8782,2020-10-16 13:02:00,45.44,45.48,45.44,45.47,0,0,8887
8783,2020-10-16 13:03:00,45.47,45.5,45.46,45.5,0,0,9011
8784,2020-10-16 13:04:00,45.49,45.49,45.46,45.46,0,0,5825
8785,2020-10-16 13:05:00,45.47,45.49,45.45,45.45,0,0,14415
8786,2020-10-16 13:06:00,45.45,45.48,45.43,45.47,0,0,16133
8787,2020-10-16 13:07:00,45.49,45.51,45.48,45.51,0,0,12707
8788,2020-10-16 13:08:00,45.51,45.52,45.51,45.51,0,0,9450
8789,2020-10-16 13:09:00,45.51,45.51,45.49,45.5,0,0,4508
8790,2020-10-16 13:10:00,45.49,45.52,45.49,45.51,0,0,8452
8791,2020-10-16 13:11:00,45.51,45.53,45.5,45.51,0,0,8315
8792,2020-10-16 13:12:00,45.51,45.51,45.49,45.49,0,0,6120
8793,2020-10-16 13:13:00,45.48,45.49,45.47,45.47,0,0,7452
8794,2020-10-16 13:14:00,45.47,45.49,45.47,45.49,0,0,7356
8795,2020-10-16 13:15:00,45.49,45.51,45.48,45.48,0,0,10991
8796,2020-10-16 13:16:00,45.48,45.5,45.48,45.5,0,0,3476
8797,2020-10-16 13:17:00,45.5,45.54,45.5,45.52,0,0,9382
8798,2020-10-16 13:18:00,45.53,45.58,45.53,45.58,0,0,34840
8799,2020-10-16 13:19:00,45.58,45.59,45.55,45.56,0,0,15489
8800,2020-10-16 13:20:00,45.55,45.55,45.49,45.5,0,0,8095
8801,2020-10-16 13:21:00,45.5,45.51,45.5,45.5,0,0,6194
8802,2020-10-16 13:22:00,45.5,45.51,45.5,45.51,0,0,5322
8803,2020-10-16 13:23:00,45.52,45.53,45.51,45.52,0,0,5274
8804,2020-10-16 13:24:00,45.53,45.53,45.48,45.48,0,0,10958
8805,2020-10-16 13:25:00,45.47,45.49,45.46,45.46,0,0,34003
8806,2020-10-16 13:26:00,45.46,45.47,45.45,45.47,0,0,3069
8807,2020-10-16 13:27:00,45.47,45.49,45.46,45.48,0,0,6874
8808,2020-10-16 13:28:00,45.49,45.51,45.48,45.49,0,0,11623
8809,2020-10-16 13:29:00,45.49,45.49,45.48,45.49,0,0,2841
8810,2020-10-16 13:30:00,45.49,45.49,45.47,45.47,0,0,14529
8811,2020-10-16 13:31:00,45.47,45.48,45.47,45.48,0,0,9955
8812,2020-10-16 13:32:00,45.47,45.5,45.47,45.48,0,0,11554
8813,2020-10-16 13:33:00,45.48,45.5,45.47,45.5,0,0,6571
8814,2020-10-16 13:34:00,45.51,45.53,45.51,45.52,0,0,6983
8815,2020-10-16 13:35:00,45.52,45.53,45.51,45.53,0,0,5109
8816,2020-10-16 13:36:00,45.53,45.54,45.52,45.53,0,0,3211
8817,2020-10-16 13:37:00,45.53,45.53,45.52,45.53,0,0,2943
8818,2020-10-16 13:38:00,45.53,45.54,45.5,45.51,0,0,9922
8819,2020-10-16 13:39:00,45.5,45.51,45.49,45.51,0,0,16465
8820,2020-10-16 13:40:00,45.51,45.53,45.51,45.53,0,0,7170
8821,2020-10-16 13:41:00,45.53,45.53,45.49,45.49,0,0,11675
8822,2020-10-16 13:42:00,45.49,45.5,45.48,45.5,0,0,5604
8823,2020-10-16 13:43:00,45.5,45.5,45.49,45.49,0,0,2834
8824,2020-10-16 13:44:00,45.49,45.49,45.47,45.49,0,0,7287
8825,2020-10-16 13:45:00,45.49,45.49,45.47,45.49,0,0,7758
8826,2020-10-16 13:46:00,45.49,45.5,45.48,45.49,0,0,6091
8827,2020-10-16 13:47:00,45.49,45.5,45.48,45.49,0,0,6077
8828,2020-10-16 13:48:00,45.49,45.5,45.49,45.49,0,0,4264
8829,2020-10-16 13:49:00,45.49,45.51,45.49,45.51,0,0,14278
8830,2020-10-16 13:50:00,45.51,45.58,45.51,45.57,0,0,7561
8831,2020-10-16 13:51:00,45.58,45.63,45.58,45.61,0,0,25842
8832,2020-10-16 13:52:00,45.62,45.62,45.6,45.6,0,0,3583
8833,2020-10-16 13:53:00,45.61,45.61,45.58,45.58,0,0,6889
8834,2020-10-16 13:54:00,45.58,45.62,45.58,45.61,0,0,14792
8835,2020-10-16 13:55:00,45.61,45.62,45.55,45.57,0,0,9428
8836,2020-10-16 13:56:00,45.55,45.57,45.55,45.57,0,0,5977
8837,2020-10-16 13:57:00,45.56,45.57,45.53,45.56,0,0,11696
8838,2020-10-16 13:58:00,45.55,45.57,45.55,45.56,0,0,10590
8839,2020-10-16 13:59:00,45.56,45.57,45.56,45.56,0,0,8364
8840,2020-10-16 14:00:00,45.57,45.59,45.57,45.58,0,0,8936
8841,2020-10-16 14:01:00,45.57,45.58,45.57,45.58,0,0,2534
8842,2020-10-16 14:02:00,45.58,45.6,45.57,45.58,0,0,6752
8843,2020-10-16 14:03:00,45.58,45.58,45.55,45.55,0,0,6370
8844,2020-10-16 14:04:00,45.55,45.55,45.51,45.53,0,0,6207
8845,2020-10-16 14:05:00,45.53,45.55,45.51,45.52,0,0,23740
8846,2020-10-16 14:06:00,45.51,45.53,45.51,45.51,0,0,14682
8847,2020-10-16 14:07:00,45.52,45.58,45.52,45.57,0,0,73852
8848,2020-10-16 14:08:00,45.58,45.58,45.56,45.58,0,0,68178
8849,2020-10-16 14:09:00,45.58,45.59,45.58,45.59,0,0,6974
8850,2020-10-16 14:10:00,45.59,45.59,45.57,45.58,0,0,9608
8851,2020-10-16 14:11:00,45.58,45.63,45.58,45.63,0,0,10648
8852,2020-10-16 14:12:00,45.63,45.69,45.63,45.67,0,0,41077
8853,2020-10-16 14:13:00,45.68,45.71,45.67,45.69,0,0,29630
8854,2020-10-16 14:14:00,45.7,45.7,45.66,45.68,0,0,13010
8855,2020-10-16 14:15:00,45.69,45.71,45.69,45.69,0,0,13815
8856,2020-10-16 14:16:00,45.7,45.72,45.69,45.7,0,0,22848
8857,2020-10-16 14:17:00,45.69,45.7,45.68,45.69,0,0,7168
8858,2020-10-16 14:18:00,45.69,45.7,45.67,45.67,0,0,10079
8859,2020-10-16 14:19:00,45.67,45.7,45.66,45.69,0,0,12587
8860,2020-10-16 14:20:00,45.7,45.75,45.69,45.74,0,0,28527
8861,2020-10-16 14:21:00,45.73,45.75,45.73,45.74,0,0,50197
8862,2020-10-16 14:22:00,45.74,45.77,45.74,45.76,0,0,10939
8863,2020-10-16 14:23:00,45.77,45.81,45.76,45.81,0,0,25327
8864,2020-10-16 14:24:00,45.81,45.81,45.79,45.8,0,0,14109
8865,2020-10-16 14:25:00,45.8,45.81,45.78,45.8,0,0,14365
8866,2020-10-16 14:26:00,45.8,45.81,45.78,45.79,0,0,19577
8867,2020-10-16 14:27:00,45.79,45.82,45.79,45.81,0,0,38164
8868,2020-10-16 14:28:00,45.82,45.83,45.81,45.82,0,0,12602
8869,2020-10-16 14:29:00,45.82,45.82,45.8,45.81,0,0,6602
8870,2020-10-16 14:30:00,45.82,45.82,45.81,45.82,0,0,2174
8871,2020-10-16 14:31:00,45.82,45.82,45.81,45.81,0,0,2240
8872,2020-10-16 14:32:00,45.81,45.87,45.81,45.87,0,0,25918
8873,2020-10-16 14:33:00,45.87,45.88,45.87,45.88,0,0,17752
8874,2020-10-16 14:34:00,45.88,45.88,45.87,45.88,0,0,4638
8875,2020-10-16 14:35:00,45.87,45.91,45.87,45.9,0,0,27318
8876,2020-10-16 14:36:00,45.9,45.92,45.88,45.88,0,0,13687
8877,2020-10-16 14:37:00,45.88,45.89,45.87,45.89,0,0,9945
8878,2020-10-16 14:38:00,45.89,45.94,45.89,45.94,0,0,21499
8879,2020-10-16 14:39:00,45.94,45.94,45.9,45.92,0,0,31787
8880,2020-10-16 14:40:00,45.92,45.93,45.9,45.92,0,0,10399
8881,2020-10-16 14:41:00,45.92,45.92,45.87,45.88,0,0,17253
8882,2020-10-16 14:42:00,45.88,45.88,45.85,45.85,0,0,26447
8883,2020-10-16 14:43:00,45.85,45.85,45.82,45.82,0,0,9035
8884,2020-10-16 14:44:00,45.83,45.85,45.83,45.85,0,0,11188
8885,2020-10-16 14:45:00,45.85,45.85,45.83,45.85,0,0,8545
8886,2020-10-16 14:46:00,45.84,45.85,45.83,45.85,0,0,8663
8887,2020-10-16 14:47:00,45.84,45.87,45.84,45.85,0,0,12180
8888,2020-10-16 14:48:00,45.85,45.86,45.84,45.85,0,0,6399
8889,2020-10-16 14:49:00,45.85,45.88,45.85,45.88,0,0,9528
8890,2020-10-16 14:50:00,45.88,45.89,45.86,45.88,0,0,30240
8891,2020-10-16 14:51:00,45.88,45.9,45.87,45.89,0,0,40420
8892,2020-10-16 14:52:00,45.89,45.92,45.88,45.91,0,0,37447
8893,2020-10-16 14:53:00,45.91,45.92,45.89,45.9,0,0,6064
8894,2020-10-16 14:54:00,45.91,45.91,45.89,45.9,0,0,8477
8895,2020-10-16 14:55:00,45.91,45.94,45.91,45.93,0,0,28873
8896,2020-10-16 14:56:00,45.93,45.95,45.92,45.94,0,0,11711
8897,2020-10-16 14:57:00,45.94,45.95,45.94,45.94,0,0,8379
8898,2020-10-16 14:58:00,45.95,45.96,45.94,45.96,0,0,7649
8899,2020-10-16 14:59:00,45.95,45.97,45.94,45.96,0,0,39745
8900,2020-10-16 15:00:00,45.96,45.97,45.94,45.97,0,0,7904
8901,2020-10-16 15:01:00,45.96,45.97,45.94,45.94,0,0,7367
8902,2020-10-16 15:02:00,45.95,45.96,45.94,45.94,0,0,33848
8903,2020-10-16 15:03:00,45.94,45.96,45.94,45.96,0,0,22040
8904,2020-10-16 15:04:00,45.96,45.97,45.95,45.96,0,0,12789
8905,2020-10-16 15:05:00,45.96,45.96,45.9,45.95,0,0,38885
8906,2020-10-16 15:06:00,45.95,45.95,45.94,45.95,0,0,5100
8907,2020-10-16 15:07:00,45.95,45.96,45.94,45.94,0,0,7059
8908,2020-10-16 15:08:00,45.94,45.95,45.93,45.94,0,0,25312
8909,2020-10-16 15:09:00,45.94,45.94,45.93,45.94,0,0,5840
8910,2020-10-16 15:10:00,45.93,45.94,45.92,45.93,0,0,30028
8911,2020-10-16 15:11:00,45.94,45.96,45.93,45.94,0,0,34821
8912,2020-10-16 15:12:00,45.94,45.95,45.93,45.93,0,0,11518
8913,2020-10-16 15:13:00,45.94,45.95,45.93,45.95,0,0,14795
8914,2020-10-16 15:14:00,45.94,45.94,45.93,45.94,0,0,15891
8915,2020-10-16 15:15:00,45.94,45.95,45.93,45.94,0,0,9718
8916,2020-10-16 15:16:00,45.94,45.96,45.94,45.96,0,0,28160
8917,2020-10-16 15:17:00,45.96,45.96,45.92,45.92,0,0,7837
8918,2020-10-16 15:18:00,45.92,45.92,45.83,45.85,0,0,33185
8919,2020-10-16 15:19:00,45.85,45.88,45.85,45.88,0,0,11521
8920,2020-10-16 15:20:00,45.88,45.93,45.88,45.92,0,0,14957
8921,2020-10-16 15:21:00,45.92,45.93,45.88,45.89,0,0,21910
8922,2020-10-16 15:22:00,45.88,45.89,45.87,45.88,0,0,21259
8923,2020-10-16 15:23:00,45.89,45.9,45.87,45.89,0,0,11037
8924,2020-10-16 15:24:00,45.89,45.91,45.87,45.91,0,0,10953
8925,2020-10-16 15:25:00,45.92,45.92,45.91,45.92,0,0,11093
8926,2020-10-16 15:26:00,45.93,45.96,45.92,45.94,0,0,32700
8927,2020-10-16 15:27:00,45.94,45.96,45.94,45.96,0,0,30971
8928,2020-10-16 15:28:00,45.96,45.99,45.95,45.99,0,0,28687
8929,2020-10-16 15:29:00,45.99,46.0,45.96,45.97,0,0,79864
8930,2020-10-16 15:30:00,45.97,45.99,45.95,45.98,0,0,47625
8931,2020-10-16 15:31:00,45.97,45.97,45.94,45.97,0,0,18390
8932,2020-10-16 15:32:00,45.97,46.0,45.97,45.99,0,0,35902
8933,2020-10-16 15:33:00,45.98,46.01,45.98,46.01,0,0,59085
8934,2020-10-16 15:34:00,46.01,46.01,45.97,45.99,0,0,56430
8935,2020-10-16 15:35:00,45.99,46.0,45.97,46.0,0,0,25889
8936,2020-10-16 15:36:00,46.0,46.02,45.99,46.02,0,0,36260
8937,2020-10-16 15:37:00,46.01,46.01,45.97,45.97,0,0,24227
8938,2020-10-16 15:38:00,45.96,45.99,45.96,45.97,0,0,45993
8939,2020-10-16 15:39:00,45.97,45.99,45.96,45.97,0,0,37685
8940,2020-10-16 15:40:00,45.97,45.98,45.93,45.96,0,0,89314
8941,2020-10-16 15:41:00,45.96,45.96,45.87,45.87,0,0,49390
8942,2020-10-16 15:42:00,45.87,45.89,45.86,45.87,0,0,27337
8943,2020-10-16 15:43:00,45.88,45.89,45.87,45.89,0,0,34043
8944,2020-10-16 15:44:00,45.88,45.9,45.84,45.88,0,0,48421
8945,2020-10-16 15:45:00,45.87,45.91,45.85,45.89,0,0,70100
8946,2020-10-16 15:46:00,45.89,45.94,45.89,45.94,0,0,40330
8947,2020-10-16 15:47:00,45.94,45.96,45.91,45.94,0,0,35264
8948,2020-10-16 15:48:00,45.95,45.96,45.93,45.96,0,0,31216
8949,2020-10-16 15:49:00,45.96,45.96,45.92,45.94,0,0,39494
8950,2020-10-16 15:50:00,45.94,45.94,45.9,45.94,0,0,52397
8951,2020-10-16 15:51:00,45.94,45.95,45.89,45.91,0,0,53577
8952,2020-10-16 15:52:00,45.9,45.92,45.9,45.91,0,0,48862
8953,2020-10-16 15:53:00,45.91,45.92,45.9,45.92,0,0,39580
8954,2020-10-16 15:54:00,45.92,45.92,45.86,45.87,0,0,89708
8955,2020-10-16 15:55:00,45.87,45.93,45.87,45.92,0,0,102838
8956,2020-10-16 15:56:00,45.93,45.94,45.88,45.92,0,0,133451
8957,2020-10-16 15:57:00,45.92,45.94,45.91,45.92,0,0,96154
8958,2020-10-16 15:58:00,45.92,45.92,45.89,45.89,0,0,124468
8959,2020-10-16 15:59:00,45.9,45.91,45.79,45.81,0,0,307633
8960,2020-10-19 09:30:00,46.05,46.1,46.05,46.1,0,0,31507
8961,2020-10-19 09:31:00,46.01,46.1,45.83,45.83,0,0,11527
8962,2020-10-19 09:32:00,45.83,45.93,45.82,45.93,0,0,183598
8963,2020-10-19 09:33:00,45.95,46.08,45.93,45.96,0,0,70168
8964,2020-10-19 09:34:00,45.96,45.98,45.83,45.96,0,0,25642
8965,2020-10-19 09:35:00,45.97,46.09,45.88,46.03,0,0,37871
8966,2020-10-19 09:36:00,46.01,46.12,46.01,46.09,0,0,44365
8967,2020-10-19 09:37:00,46.1,46.14,46.07,46.09,0,0,19253
8968,2020-10-19 09:38:00,46.08,46.1,46.01,46.02,0,0,25983
8969,2020-10-19 09:39:00,46.03,46.09,46.02,46.05,0,0,21587
8970,2020-10-19 09:40:00,46.06,46.15,46.06,46.14,0,0,41276
8971,2020-10-19 09:41:00,46.13,46.19,46.13,46.17,0,0,51950
8972,2020-10-19 09:42:00,46.17,46.19,46.15,46.17,0,0,19388
8973,2020-10-19 09:43:00,46.17,46.25,46.15,46.16,0,0,34095
8974,2020-10-19 09:44:00,46.17,46.19,46.09,46.14,0,0,43060
8975,2020-10-19 09:45:00,46.15,46.24,46.15,46.24,0,0,41390
8976,2020-10-19 09:46:00,46.24,46.3,46.23,46.3,0,0,48728
8977,2020-10-19 09:47:00,46.3,46.3,46.25,46.26,0,0,23741
8978,2020-10-19 09:48:00,46.26,46.26,46.05,46.06,0,0,29078
8979,2020-10-19 09:49:00,46.06,46.11,46.04,46.06,0,0,31283
8980,2020-10-19 09:50:00,46.05,46.08,45.99,46.04,0,0,34112
8981,2020-10-19 09:51:00,46.03,46.07,46.03,46.06,0,0,17787
8982,2020-10-19 09:52:00,46.05,46.05,46.01,46.05,0,0,19224
8983,2020-10-19 09:53:00,46.04,46.06,45.99,45.99,0,0,26652
8984,2020-10-19 09:54:00,45.99,45.99,45.92,45.96,0,0,43894
8985,2020-10-19 09:55:00,45.95,45.95,45.89,45.89,0,0,11663
8986,2020-10-19 09:56:00,45.88,45.89,45.84,45.89,0,0,23237
8987,2020-10-19 09:57:00,45.88,45.88,45.85,45.85,0,0,14505
8988,2020-10-19 09:58:00,45.85,45.86,45.81,45.82,0,0,27424
8989,2020-10-19 09:59:00,45.81,45.81,45.71,45.72,0,0,39766
8990,2020-10-19 10:00:00,45.71,45.71,45.64,45.67,0,0,32283
8991,2020-10-19 10:01:00,45.67,45.67,45.56,45.56,0,0,45694
8992,2020-10-19 10:02:00,45.56,45.65,45.52,45.6,0,0,33372
8993,2020-10-19 10:03:00,45.6,45.66,45.58,45.66,0,0,29333
8994,2020-10-19 10:04:00,45.65,45.65,45.58,45.58,0,0,18814
8995,2020-10-19 10:05:00,45.58,45.6,45.53,45.56,0,0,25965
8996,2020-10-19 10:06:00,45.56,45.62,45.56,45.61,0,0,23299
8997,2020-10-19 10:07:00,45.62,45.62,45.57,45.59,0,0,35766
8998,2020-10-19 10:08:00,45.58,45.6,45.57,45.57,0,0,10658
8999,2020-10-19 10:09:00,45.57,45.57,45.46,45.5,0,0,52053
9000,2020-10-19 10:10:00,45.51,45.52,45.44,45.44,0,0,39782
9001,2020-10-19 10:11:00,45.44,45.44,45.36,45.43,0,0,35887
9002,2020-10-19 10:12:00,45.44,45.45,45.4,45.41,0,0,16557
9003,2020-10-19 10:13:00,45.42,45.49,45.38,45.48,0,0,18655
9004,2020-10-19 10:14:00,45.47,45.49,45.44,45.47,0,0,21084
9005,2020-10-19 10:15:00,45.47,45.5,45.45,45.49,0,0,17607
9006,2020-10-19 10:16:00,45.48,45.64,45.47,45.59,0,0,36690
9007,2020-10-19 10:17:00,45.58,45.63,45.56,45.62,0,0,17981
9008,2020-10-19 10:18:00,45.63,45.67,45.62,45.67,0,0,15825
9009,2020-10-19 10:19:00,45.68,45.72,45.67,45.68,0,0,18858
9010,2020-10-19 10:20:00,45.68,45.69,45.61,45.62,0,0,13794
9011,2020-10-19 10:21:00,45.63,45.63,45.6,45.6,0,0,18750
9012,2020-10-19 10:22:00,45.61,45.64,45.6,45.64,0,0,9210
9013,2020-10-19 10:23:00,45.64,45.66,45.61,45.63,0,0,9763
9014,2020-10-19 10:24:00,45.62,45.65,45.62,45.63,0,0,4847
9015,2020-10-19 10:25:00,45.63,45.69,45.63,45.67,0,0,8756
9016,2020-10-19 10:26:00,45.67,45.71,45.66,45.68,0,0,7681
9017,2020-10-19 10:27:00,45.68,45.7,45.66,45.7,0,0,6546
9018,2020-10-19 10:28:00,45.71,45.73,45.71,45.72,0,0,11320
9019,2020-10-19 10:29:00,45.72,45.74,45.7,45.71,0,0,16871
9020,2020-10-19 10:30:00,45.72,45.72,45.63,45.64,0,0,21771
9021,2020-10-19 10:31:00,45.64,45.64,45.58,45.62,0,0,17528
9022,2020-10-19 10:32:00,45.62,45.62,45.57,45.58,0,0,15165
9023,2020-10-19 10:33:00,45.58,45.58,45.54,45.56,0,0,8059
9024,2020-10-19 10:34:00,45.57,45.58,45.54,45.54,0,0,5002
9025,2020-10-19 10:35:00,45.56,45.56,45.46,45.46,0,0,28982
9026,2020-10-19 10:36:00,45.46,45.46,45.38,45.38,0,0,22156
9027,2020-10-19 10:37:00,45.38,45.38,45.24,45.3,0,0,55415
9028,2020-10-19 10:38:00,45.31,45.34,45.3,45.31,0,0,17349
9029,2020-10-19 10:39:00,45.32,45.37,45.32,45.37,0,0,10588
9030,2020-10-19 10:40:00,45.35,45.43,45.34,45.41,0,0,21586
9031,2020-10-19 10:41:00,45.39,45.42,45.34,45.41,0,0,27242
9032,2020-10-19 10:42:00,45.41,45.44,45.39,45.43,0,0,13946
9033,2020-10-19 10:43:00,45.44,45.48,45.43,45.45,0,0,13388
9034,2020-10-19 10:44:00,45.44,45.44,45.38,45.38,0,0,14025
9035,2020-10-19 10:45:00,45.38,45.38,45.29,45.35,0,0,27086
9036,2020-10-19 10:46:00,45.34,45.5,45.34,45.46,0,0,38274
9037,2020-10-19 10:47:00,45.46,45.51,45.44,45.44,0,0,23299
9038,2020-10-19 10:48:00,45.45,45.55,45.45,45.52,0,0,8588
9039,2020-10-19 10:49:00,45.52,45.54,45.49,45.52,0,0,9300
9040,2020-10-19 10:50:00,45.51,45.56,45.46,45.55,0,0,18557
9041,2020-10-19 10:51:00,45.55,45.56,45.51,45.52,0,0,15407
9042,2020-10-19 10:52:00,45.51,45.52,45.47,45.5,0,0,8422
9043,2020-10-19 10:53:00,45.5,45.51,45.43,45.44,0,0,29407
9044,2020-10-19 10:54:00,45.42,45.43,45.37,45.37,0,0,52672
9045,2020-10-19 10:55:00,45.37,45.41,45.31,45.41,0,0,40460
9046,2020-10-19 10:56:00,45.4,45.42,45.35,45.36,0,0,23607
9047,2020-10-19 10:57:00,45.37,45.4,45.33,45.35,0,0,38719
9048,2020-10-19 10:58:00,45.35,45.39,45.35,45.38,0,0,29250
9049,2020-10-19 10:59:00,45.37,45.4,45.37,45.38,0,0,18038
9050,2020-10-19 11:00:00,45.38,45.39,45.35,45.36,0,0,19307
9051,2020-10-19 11:01:00,45.37,45.4,45.35,45.4,0,0,37994
9052,2020-10-19 11:02:00,45.4,45.41,45.36,45.36,0,0,25541
9053,2020-10-19 11:03:00,45.35,45.41,45.35,45.4,0,0,24202
9054,2020-10-19 11:04:00,45.4,45.42,45.37,45.37,0,0,19017
9055,2020-10-19 11:05:00,45.37,45.37,45.33,45.34,0,0,12797
9056,2020-10-19 11:06:00,45.34,45.4,45.31,45.39,0,0,32304
9057,2020-10-19 11:07:00,45.38,45.4,45.3,45.33,0,0,75538
9058,2020-10-19 11:08:00,45.34,45.42,45.34,45.42,0,0,19609
9059,2020-10-19 11:09:00,45.43,45.46,45.41,45.45,0,0,15227
9060,2020-10-19 11:10:00,45.45,45.47,45.42,45.45,0,0,11593
9061,2020-10-19 11:11:00,45.47,45.51,45.46,45.49,0,0,14370
9062,2020-10-19 11:12:00,45.5,45.58,45.5,45.58,0,0,23434
9063,2020-10-19 11:13:00,45.6,45.6,45.56,45.58,0,0,21684
9064,2020-10-19 11:14:00,45.58,45.58,45.52,45.58,0,0,13105
9065,2020-10-19 11:15:00,45.59,45.59,45.53,45.54,0,0,6579
9066,2020-10-19 11:16:00,45.53,45.6,45.47,45.6,0,0,17823
9067,2020-10-19 11:17:00,45.62,45.71,45.62,45.66,0,0,38278
9068,2020-10-19 11:18:00,45.64,45.67,45.63,45.67,0,0,8337
9069,2020-10-19 11:19:00,45.66,45.72,45.66,45.66,0,0,18220
9070,2020-10-19 11:20:00,45.66,45.67,45.59,45.64,0,0,22738
9071,2020-10-19 11:21:00,45.66,45.67,45.63,45.64,0,0,13262
9072,2020-10-19 11:22:00,45.65,45.65,45.54,45.54,0,0,17959
9073,2020-10-19 11:23:00,45.53,45.53,45.47,45.49,0,0,17291
9074,2020-10-19 11:24:00,45.48,45.51,45.48,45.49,0,0,8834
9075,2020-10-19 11:25:00,45.49,45.49,45.44,45.47,0,0,19585
9076,2020-10-19 11:26:00,45.46,45.51,45.46,45.5,0,0,8228
9077,2020-10-19 11:27:00,45.49,45.56,45.49,45.5,0,0,24661
9078,2020-10-19 11:28:00,45.51,45.54,45.5,45.53,0,0,10185
9079,2020-10-19 11:29:00,45.53,45.57,45.53,45.54,0,0,9164
9080,2020-10-19 11:30:00,45.53,45.56,45.52,45.55,0,0,13280
9081,2020-10-19 11:31:00,45.54,45.62,45.54,45.62,0,0,17202
9082,2020-10-19 11:32:00,45.61,45.61,45.59,45.6,0,0,8213
9083,2020-10-19 11:33:00,45.6,45.62,45.59,45.61,0,0,14079
9084,2020-10-19 11:34:00,45.62,45.62,45.56,45.58,0,0,10739
9085,2020-10-19 11:35:00,45.59,45.68,45.59,45.64,0,0,23059
9086,2020-10-19 11:36:00,45.64,45.64,45.61,45.63,0,0,6000
9087,2020-10-19 11:37:00,45.62,45.68,45.62,45.67,0,0,15073
9088,2020-10-19 11:38:00,45.68,45.68,45.64,45.66,0,0,12672
9089,2020-10-19 11:39:00,45.66,45.67,45.64,45.64,0,0,25073
9090,2020-10-19 11:40:00,45.63,45.66,45.6,45.65,0,0,16924
9091,2020-10-19 11:41:00,45.66,45.7,45.66,45.69,0,0,22150
9092,2020-10-19 11:42:00,45.68,45.74,45.67,45.69,0,0,55499
9093,2020-10-19 11:43:00,45.69,45.69,45.6,45.62,0,0,19468
9094,2020-10-19 11:44:00,45.6,45.63,45.6,45.62,0,0,9270
9095,2020-10-19 11:45:00,45.62,45.62,45.55,45.56,0,0,5490
9096,2020-10-19 11:46:00,45.56,45.58,45.55,45.56,0,0,3464
9097,2020-10-19 11:47:00,45.57,45.61,45.56,45.56,0,0,12929
9098,2020-10-19 11:48:00,45.57,45.62,45.57,45.58,0,0,16508
9099,2020-10-19 11:49:00,45.58,45.6,45.53,45.56,0,0,19107
9100,2020-10-19 11:50:00,45.56,45.58,45.51,45.58,0,0,19796
9101,2020-10-19 11:51:00,45.57,45.58,45.56,45.58,0,0,7808
9102,2020-10-19 11:52:00,45.59,45.59,45.56,45.57,0,0,10934
9103,2020-10-19 11:53:00,45.58,45.58,45.56,45.57,0,0,7201
9104,2020-10-19 11:54:00,45.57,45.57,45.54,45.54,0,0,12039
9105,2020-10-19 11:55:00,45.53,45.58,45.53,45.57,0,0,7697
9106,2020-10-19 11:56:00,45.57,45.6,45.57,45.58,0,0,6623
9107,2020-10-19 11:57:00,45.57,45.58,45.54,45.55,0,0,9805
9108,2020-10-19 11:58:00,45.55,45.56,45.5,45.51,0,0,18644
9109,2020-10-19 11:59:00,45.51,45.51,45.49,45.51,0,0,5805
9110,2020-10-19 12:00:00,45.5,45.56,45.5,45.55,0,0,25141
9111,2020-10-19 12:01:00,45.54,45.54,45.51,45.51,0,0,5263
9112,2020-10-19 12:02:00,45.51,45.51,45.48,45.5,0,0,7820
9113,2020-10-19 12:03:00,45.5,45.65,45.5,45.64,0,0,16627
9114,2020-10-19 12:04:00,45.64,45.7,45.63,45.64,0,0,17580
9115,2020-10-19 12:05:00,45.63,45.65,45.53,45.55,0,0,49392
9116,2020-10-19 12:06:00,45.54,45.63,45.52,45.62,0,0,17627
9117,2020-10-19 12:07:00,45.62,45.67,45.61,45.65,0,0,6161
9118,2020-10-19 12:08:00,45.65,45.65,45.58,45.6,0,0,7251
9119,2020-10-19 12:09:00,45.6,45.62,45.58,45.58,0,0,19840
9120,2020-10-19 12:10:00,45.59,45.62,45.59,45.59,0,0,9303
9121,2020-10-19 12:11:00,45.59,45.6,45.56,45.58,0,0,5935
9122,2020-10-19 12:12:00,45.59,45.59,45.55,45.56,0,0,6150
9123,2020-10-19 12:13:00,45.56,45.56,45.51,45.53,0,0,7638
9124,2020-10-19 12:14:00,45.53,45.54,45.49,45.53,0,0,10482
9125,2020-10-19 12:15:00,45.53,45.56,45.53,45.54,0,0,14211
9126,2020-10-19 12:16:00,45.55,45.59,45.54,45.54,0,0,8228
9127,2020-10-19 12:17:00,45.53,45.53,45.5,45.52,0,0,7722
9128,2020-10-19 12:18:00,45.53,45.53,45.49,45.52,0,0,5954
9129,2020-10-19 12:19:00,45.53,45.58,45.52,45.54,0,0,10123
9130,2020-10-19 12:20:00,45.54,45.58,45.54,45.56,0,0,5753
9131,2020-10-19 12:21:00,45.56,45.56,45.49,45.49,0,0,13955
9132,2020-10-19 12:22:00,45.49,45.53,45.48,45.51,0,0,15183
9133,2020-10-19 12:23:00,45.51,45.53,45.51,45.52,0,0,3755
9134,2020-10-19 12:24:00,45.52,45.53,45.49,45.53,0,0,18650
9135,2020-10-19 12:25:00,45.53,45.53,45.47,45.47,0,0,17191
9136,2020-10-19 12:26:00,45.47,45.51,45.47,45.49,0,0,6703
9137,2020-10-19 12:27:00,45.5,45.53,45.5,45.52,0,0,5018
9138,2020-10-19 12:28:00,45.51,45.53,45.51,45.51,0,0,9932
9139,2020-10-19 12:29:00,45.51,45.51,45.48,45.49,0,0,4990
9140,2020-10-19 12:30:00,45.48,45.54,45.48,45.51,0,0,19608
9141,2020-10-19 12:31:00,45.51,45.53,45.5,45.53,0,0,3910
9142,2020-10-19 12:32:00,45.53,45.54,45.52,45.53,0,0,7993
9143,2020-10-19 12:33:00,45.54,45.55,45.53,45.55,0,0,9498
9144,2020-10-19 12:34:00,45.54,45.55,45.52,45.53,0,0,12289
9145,2020-10-19 12:35:00,45.53,45.57,45.51,45.57,0,0,7857
9146,2020-10-19 12:36:00,45.57,45.58,45.56,45.58,0,0,12968
9147,2020-10-19 12:37:00,45.58,45.59,45.58,45.58,0,0,9516
9148,2020-10-19 12:38:00,45.57,45.6,45.56,45.6,0,0,14913
9149,2020-10-19 12:39:00,45.6,45.6,45.58,45.6,0,0,7380
9150,2020-10-19 12:40:00,45.6,45.61,45.6,45.6,0,0,6060
9151,2020-10-19 12:41:00,45.6,45.62,45.58,45.58,0,0,13283
9152,2020-10-19 12:42:00,45.59,45.6,45.57,45.59,0,0,6484
9153,2020-10-19 12:43:00,45.6,45.68,45.59,45.68,0,0,57739
9154,2020-10-19 12:44:00,45.68,45.68,45.67,45.67,0,0,21522
9155,2020-10-19 12:45:00,45.67,45.69,45.64,45.65,0,0,29077
9156,2020-10-19 12:46:00,45.66,45.66,45.64,45.66,0,0,3700
9157,2020-10-19 12:47:00,45.65,45.65,45.62,45.63,0,0,62781
9158,2020-10-19 12:48:00,45.63,45.65,45.61,45.63,0,0,15793
9159,2020-10-19 12:49:00,45.63,45.63,45.62,45.63,0,0,11154
9160,2020-10-19 12:50:00,45.64,45.65,45.62,45.63,0,0,23851
9161,2020-10-19 12:51:00,45.64,45.64,45.59,45.59,0,0,14742
9162,2020-10-19 12:52:00,45.59,45.61,45.59,45.6,0,0,11678
9163,2020-10-19 12:53:00,45.6,45.61,45.6,45.6,0,0,8842
9164,2020-10-19 12:54:00,45.6,45.61,45.6,45.6,0,0,2567
9165,2020-10-19 12:55:00,45.6,45.61,45.6,45.6,0,0,3052
9166,2020-10-19 12:56:00,45.6,45.6,45.58,45.59,0,0,19613
9167,2020-10-19 12:57:00,45.59,45.61,45.59,45.6,0,0,17217
9168,2020-10-19 12:58:00,45.6,45.61,45.6,45.6,0,0,3691
9169,2020-10-19 12:59:00,45.6,45.66,45.6,45.65,0,0,36219
9170,2020-10-19 13:00:00,45.65,45.72,45.65,45.72,0,0,86431
9171,2020-10-19 13:01:00,45.72,45.74,45.68,45.68,0,0,25650
9172,2020-10-19 13:02:00,45.69,45.71,45.68,45.71,0,0,7302
9173,2020-10-19 13:03:00,45.71,45.74,45.71,45.73,0,0,22525
9174,2020-10-19 13:04:00,45.74,45.74,45.69,45.71,0,0,7944
9175,2020-10-19 13:05:00,45.71,45.76,45.71,45.76,0,0,13743
9176,2020-10-19 13:06:00,45.76,45.77,45.75,45.76,0,0,11070
9177,2020-10-19 13:07:00,45.76,45.78,45.75,45.77,0,0,11491
9178,2020-10-19 13:08:00,45.77,45.87,45.77,45.87,0,0,116595
9179,2020-10-19 13:09:00,45.87,45.88,45.81,45.81,0,0,26327
9180,2020-10-19 13:10:00,45.81,45.88,45.8,45.88,0,0,13144
9181,2020-10-19 13:11:00,45.88,45.88,45.87,45.88,0,0,7610
9182,2020-10-19 13:12:00,45.88,45.91,45.87,45.89,0,0,23950
9183,2020-10-19 13:13:00,45.89,45.9,45.89,45.9,0,0,5028
9184,2020-10-19 13:14:00,45.9,45.91,45.88,45.89,0,0,16691
9185,2020-10-19 13:15:00,45.88,45.93,45.88,45.9,0,0,22678
9186,2020-10-19 13:16:00,45.9,45.92,45.9,45.9,0,0,8692
9187,2020-10-19 13:17:00,45.91,45.94,45.91,45.92,0,0,10872
9188,2020-10-19 13:18:00,45.92,45.94,45.91,45.94,0,0,8089
9189,2020-10-19 13:19:00,45.92,45.97,45.92,45.95,0,0,41295
9190,2020-10-19 13:20:00,45.96,45.98,45.96,45.97,0,0,8355
9191,2020-10-19 13:21:00,45.98,45.98,45.95,45.98,0,0,7711
9192,2020-10-19 13:22:00,45.97,45.99,45.97,45.98,0,0,15639
9193,2020-10-19 13:23:00,45.99,45.99,45.97,45.97,0,0,24451
9194,2020-10-19 13:24:00,45.97,45.97,45.92,45.95,0,0,15384
9195,2020-10-19 13:25:00,45.96,45.97,45.85,45.86,0,0,30997
9196,2020-10-19 13:26:00,45.86,45.93,45.85,45.93,0,0,18967
9197,2020-10-19 13:27:00,45.93,45.94,45.93,45.93,0,0,11971
9198,2020-10-19 13:28:00,45.94,45.95,45.93,45.93,0,0,8183
9199,2020-10-19 13:29:00,45.92,45.95,45.92,45.95,0,0,6527
9200,2020-10-19 13:30:00,45.94,45.97,45.94,45.95,0,0,7328
9201,2020-10-19 13:31:00,45.96,45.97,45.95,45.96,0,0,10412
9202,2020-10-19 13:32:00,45.95,45.95,45.9,45.91,0,0,15237
9203,2020-10-19 13:33:00,45.91,45.94,45.9,45.94,0,0,9423
9204,2020-10-19 13:34:00,45.94,45.94,45.84,45.86,0,0,40753
9205,2020-10-19 13:35:00,45.87,45.93,45.86,45.92,0,0,7879
9206,2020-10-19 13:36:00,45.93,45.95,45.92,45.94,0,0,10612
9207,2020-10-19 13:37:00,45.94,46.0,45.94,45.98,0,0,26615
9208,2020-10-19 13:38:00,45.99,46.02,45.97,45.99,0,0,42575
9209,2020-10-19 13:39:00,45.99,46.0,45.96,45.96,0,0,16680
9210,2020-10-19 13:40:00,45.96,45.97,45.94,45.95,0,0,3894
9211,2020-10-19 13:41:00,45.95,45.96,45.93,45.93,0,0,5056
9212,2020-10-19 13:42:00,45.93,45.96,45.9,45.91,0,0,14875
9213,2020-10-19 13:43:00,45.91,45.91,45.88,45.91,0,0,13197
9214,2020-10-19 13:44:00,45.9,45.93,45.9,45.91,0,0,13560
9215,2020-10-19 13:45:00,45.91,45.92,45.88,45.88,0,0,24362
9216,2020-10-19 13:46:00,45.88,45.88,45.85,45.85,0,0,8883
9217,2020-10-19 13:47:00,45.85,45.85,45.76,45.82,0,0,52142
9218,2020-10-19 13:48:00,45.82,45.85,45.78,45.82,0,0,34252
9219,2020-10-19 13:49:00,45.83,45.89,45.83,45.89,0,0,16040
9220,2020-10-19 13:50:00,45.88,45.91,45.88,45.91,0,0,5714
9221,2020-10-19 13:51:00,45.91,45.92,45.86,45.87,0,0,12537
9222,2020-10-19 13:52:00,45.87,45.92,45.87,45.91,0,0,11441
9223,2020-10-19 13:53:00,45.91,45.91,45.86,45.87,0,0,11911
9224,2020-10-19 13:54:00,45.87,45.89,45.86,45.87,0,0,14334
9225,2020-10-19 13:55:00,45.86,45.91,45.85,45.91,0,0,9995
9226,2020-10-19 13:56:00,45.91,45.93,45.9,45.9,0,0,7555
9227,2020-10-19 13:57:00,45.9,45.93,45.9,45.92,0,0,9968
9228,2020-10-19 13:58:00,45.93,45.94,45.9,45.92,0,0,10660
9229,2020-10-19 13:59:00,45.92,45.96,45.91,45.94,0,0,14069
9230,2020-10-19 14:00:00,45.92,45.97,45.91,45.94,0,0,13485
9231,2020-10-19 14:01:00,45.94,45.95,45.9,45.91,0,0,14343
9232,2020-10-19 14:02:00,45.91,45.97,45.9,45.97,0,0,10230
9233,2020-10-19 14:03:00,45.97,45.97,45.95,45.97,0,0,12674
9234,2020-10-19 14:04:00,45.98,45.98,45.96,45.98,0,0,16562
9235,2020-10-19 14:05:00,45.98,46.04,45.97,46.04,0,0,90200
9236,2020-10-19 14:06:00,46.03,46.06,46.02,46.03,0,0,39284
9237,2020-10-19 14:07:00,46.03,46.07,46.01,46.06,0,0,14910
9238,2020-10-19 14:08:00,46.05,46.05,46.02,46.03,0,0,17850
9239,2020-10-19 14:09:00,46.02,46.06,46.01,46.05,0,0,10019
9240,2020-10-19 14:10:00,46.05,46.05,45.99,46.05,0,0,25334
9241,2020-10-19 14:11:00,46.06,46.08,46.05,46.05,0,0,16688
9242,2020-10-19 14:12:00,46.06,46.06,46.04,46.06,0,0,10884
9243,2020-10-19 14:13:00,46.07,46.12,46.06,46.11,0,0,16199
9244,2020-10-19 14:14:00,46.11,46.13,46.11,46.12,0,0,23823
9245,2020-10-19 14:15:00,46.12,46.19,46.12,46.18,0,0,30261
9246,2020-10-19 14:16:00,46.18,46.22,46.17,46.22,0,0,24991
9247,2020-10-19 14:17:00,46.22,46.22,46.18,46.22,0,0,28304
9248,2020-10-19 14:18:00,46.2,46.2,46.16,46.16,0,0,12606
9249,2020-10-19 14:19:00,46.16,46.19,46.15,46.18,0,0,9859
9250,2020-10-19 14:20:00,46.19,46.22,46.17,46.18,0,0,24033
9251,2020-10-19 14:21:00,46.18,46.22,46.18,46.22,0,0,34405
9252,2020-10-19 14:22:00,46.22,46.24,46.2,46.21,0,0,51252
9253,2020-10-19 14:23:00,46.21,46.21,46.19,46.21,0,0,22411
9254,2020-10-19 14:24:00,46.21,46.25,46.21,46.22,0,0,15655
9255,2020-10-19 14:25:00,46.22,46.27,46.21,46.23,0,0,26040
9256,2020-10-19 14:26:00,46.24,46.26,46.22,46.22,0,0,9917
9257,2020-10-19 14:27:00,46.22,46.22,46.18,46.19,0,0,21133
9258,2020-10-19 14:28:00,46.19,46.22,46.18,46.2,0,0,13845
9259,2020-10-19 14:29:00,46.2,46.22,46.15,46.16,0,0,15721
9260,2020-10-19 14:30:00,46.16,46.16,46.12,46.15,0,0,22992
9261,2020-10-19 14:31:00,46.15,46.17,46.14,46.14,0,0,16199
9262,2020-10-19 14:32:00,46.14,46.17,46.12,46.14,0,0,11081
9263,2020-10-19 14:33:00,46.15,46.15,46.08,46.1,0,0,13015
9264,2020-10-19 14:34:00,46.1,46.1,45.95,46.0,0,0,124501
9265,2020-10-19 14:35:00,46.0,46.01,45.97,45.98,0,0,19084
9266,2020-10-19 14:36:00,45.98,45.98,45.95,45.97,0,0,7791
9267,2020-10-19 14:37:00,45.97,45.97,45.92,45.94,0,0,13090
9268,2020-10-19 14:38:00,45.94,45.95,45.93,45.94,0,0,10558
9269,2020-10-19 14:39:00,45.94,45.96,45.93,45.94,0,0,10093
9270,2020-10-19 14:40:00,45.94,45.97,45.94,45.96,0,0,12312
9271,2020-10-19 14:41:00,45.96,45.96,45.91,45.93,0,0,7376
9272,2020-10-19 14:42:00,45.94,45.96,45.92,45.94,0,0,9240
9273,2020-10-19 14:43:00,45.94,45.95,45.94,45.94,0,0,3057
9274,2020-10-19 14:44:00,45.94,45.94,45.88,45.91,0,0,10104
9275,2020-10-19 14:45:00,45.9,45.9,45.83,45.83,0,0,15693
9276,2020-10-19 14:46:00,45.83,45.85,45.79,45.81,0,0,26894
9277,2020-10-19 14:47:00,45.8,45.85,45.8,45.81,0,0,10055
9278,2020-10-19 14:48:00,45.81,45.81,45.76,45.77,0,0,13175
9279,2020-10-19 14:49:00,45.78,45.79,45.77,45.77,0,0,8995
9280,2020-10-19 14:50:00,45.77,45.81,45.73,45.81,0,0,20175
9281,2020-10-19 14:51:00,45.81,45.81,45.75,45.76,0,0,12765
9282,2020-10-19 14:52:00,45.76,45.81,45.76,45.76,0,0,28968
9283,2020-10-19 14:53:00,45.76,45.76,45.69,45.72,0,0,51761
9284,2020-10-19 14:54:00,45.71,45.74,45.69,45.74,0,0,17274
9285,2020-10-19 14:55:00,45.73,45.74,45.69,45.74,0,0,24925
9286,2020-10-19 14:56:00,45.74,45.76,45.71,45.72,0,0,45501
9287,2020-10-19 14:57:00,45.73,45.74,45.67,45.67,0,0,28450
9288,2020-10-19 14:58:00,45.67,45.68,45.59,45.59,0,0,19372
9289,2020-10-19 14:59:00,45.6,45.61,45.56,45.59,0,0,32707
9290,2020-10-19 15:00:00,45.59,45.59,45.53,45.56,0,0,60770
9291,2020-10-19 15:01:00,45.56,45.58,45.5,45.51,0,0,26287
9292,2020-10-19 15:02:00,45.5,45.54,45.45,45.46,0,0,38950
9293,2020-10-19 15:03:00,45.47,45.54,45.47,45.53,0,0,44788
9294,2020-10-19 15:04:00,45.54,45.57,45.51,45.54,0,0,35848
9295,2020-10-19 15:05:00,45.55,45.55,45.51,45.51,0,0,17735
9296,2020-10-19 15:06:00,45.51,45.51,45.44,45.5,0,0,26733
9297,2020-10-19 15:07:00,45.5,45.53,45.5,45.51,0,0,16127
9298,2020-10-19 15:08:00,45.5,45.54,45.49,45.54,0,0,10991
9299,2020-10-19 15:09:00,45.55,45.59,45.51,45.59,0,0,36050
9300,2020-10-19 15:10:00,45.59,45.6,45.52,45.6,0,0,35059
9301,2020-10-19 15:11:00,45.61,45.62,45.57,45.6,0,0,34688
9302,2020-10-19 15:12:00,45.59,45.66,45.59,45.65,0,0,22920
9303,2020-10-19 15:13:00,45.63,45.66,45.59,45.65,0,0,13835
9304,2020-10-19 15:14:00,45.65,45.71,45.64,45.67,0,0,28488
9305,2020-10-19 15:15:00,45.65,45.66,45.63,45.65,0,0,20151
9306,2020-10-19 15:16:00,45.65,45.68,45.65,45.66,0,0,14220
9307,2020-10-19 15:17:00,45.66,45.7,45.66,45.69,0,0,19453
9308,2020-10-19 15:18:00,45.69,45.7,45.62,45.66,0,0,30090
9309,2020-10-19 15:19:00,45.65,45.68,45.62,45.62,0,0,24194
9310,2020-10-19 15:20:00,45.62,45.68,45.6,45.67,0,0,24905
9311,2020-10-19 15:21:00,45.67,45.68,45.62,45.62,0,0,17292
9312,2020-10-19 15:22:00,45.62,45.64,45.59,45.62,0,0,30131
9313,2020-10-19 15:23:00,45.62,45.62,45.57,45.61,0,0,25700
9314,2020-10-19 15:24:00,45.6,45.6,45.53,45.53,0,0,18351
9315,2020-10-19 15:25:00,45.53,45.54,45.49,45.52,0,0,45702
9316,2020-10-19 15:26:00,45.51,45.53,45.47,45.51,0,0,34518
9317,2020-10-19 15:27:00,45.51,45.54,45.49,45.53,0,0,26693
9318,2020-10-19 15:28:00,45.53,45.6,45.53,45.58,0,0,23254
9319,2020-10-19 15:29:00,45.58,45.58,45.54,45.58,0,0,11056
9320,2020-10-19 15:30:00,45.57,45.6,45.54,45.6,0,0,15911
9321,2020-10-19 15:31:00,45.6,45.64,45.58,45.62,0,0,22689
9322,2020-10-19 15:32:00,45.62,45.69,45.59,45.68,0,0,33583
9323,2020-10-19 15:33:00,45.68,45.73,45.67,45.72,0,0,47382
9324,2020-10-19 15:34:00,45.71,45.71,45.64,45.64,0,0,16575
9325,2020-10-19 15:35:00,45.63,45.67,45.62,45.67,0,0,18133
9326,2020-10-19 15:36:00,45.66,45.69,45.65,45.67,0,0,18665
9327,2020-10-19 15:37:00,45.67,45.69,45.65,45.66,0,0,17357
9328,2020-10-19 15:38:00,45.67,45.71,45.66,45.7,0,0,18565
9329,2020-10-19 15:39:00,45.69,45.73,45.68,45.73,0,0,17488
9330,2020-10-19 15:40:00,45.72,45.72,45.69,45.69,0,0,21906
9331,2020-10-19 15:41:00,45.68,45.74,45.68,45.73,0,0,44263
9332,2020-10-19 15:42:00,45.73,45.74,45.68,45.69,0,0,27711
9333,2020-10-19 15:43:00,45.69,45.71,45.65,45.65,0,0,17753
9334,2020-10-19 15:44:00,45.65,45.67,45.64,45.66,0,0,28165
9335,2020-10-19 15:45:00,45.67,45.72,45.65,45.68,0,0,40329
9336,2020-10-19 15:46:00,45.68,45.7,45.62,45.67,0,0,43136
9337,2020-10-19 15:47:00,45.67,45.7,45.67,45.69,0,0,39870
9338,2020-10-19 15:48:00,45.69,45.72,45.68,45.71,0,0,34060
9339,2020-10-19 15:49:00,45.71,45.73,45.66,45.69,0,0,43489
9340,2020-10-19 15:50:00,45.69,45.7,45.65,45.68,0,0,71964
9341,2020-10-19 15:51:00,45.68,45.7,45.65,45.69,0,0,52687
9342,2020-10-19 15:52:00,45.7,45.7,45.65,45.69,0,0,53130
9343,2020-10-19 15:53:00,45.69,45.76,45.69,45.75,0,0,63099
9344,2020-10-19 15:54:00,45.75,45.77,45.72,45.75,0,0,91896
9345,2020-10-19 15:55:00,45.76,45.78,45.68,45.69,0,0,121674
9346,2020-10-19 15:56:00,45.7,45.77,45.69,45.76,0,0,82700
9347,2020-10-19 15:57:00,45.76,45.82,45.76,45.81,0,0,133555
9348,2020-10-19 15:58:00,45.81,45.83,45.79,45.83,0,0,78370
9349,2020-10-19 15:59:00,45.83,45.85,45.77,45.81,0,0,215255
9350,2020-10-20 09:30:00,45.55,45.79,45.55,45.75,0,0,170579
9351,2020-10-20 09:31:00,45.8,45.8,45.48,45.49,0,0,33806
9352,2020-10-20 09:32:00,45.54,45.66,45.49,45.58,0,0,19761
9353,2020-10-20 09:33:00,45.62,45.67,45.55,45.63,0,0,17542
9354,2020-10-20 09:34:00,45.63,45.63,45.46,45.57,0,0,21154
9355,2020-10-20 09:35:00,45.6,45.7,45.57,45.67,0,0,20674
9356,2020-10-20 09:36:00,45.66,45.67,45.54,45.6,0,0,33309
9357,2020-10-20 09:37:00,45.6,45.62,45.54,45.6,0,0,32169
9358,2020-10-20 09:38:00,45.6,45.77,45.52,45.75,0,0,55872
9359,2020-10-20 09:39:00,45.74,45.76,45.63,45.69,0,0,28153
9360,2020-10-20 09:40:00,45.7,45.7,45.6,45.67,0,0,30600
9361,2020-10-20 09:41:00,45.67,45.74,45.62,45.7,0,0,29811
9362,2020-10-20 09:42:00,45.72,45.74,45.63,45.69,0,0,24343
9363,2020-10-20 09:43:00,45.7,45.85,45.67,45.85,0,0,37311
9364,2020-10-20 09:44:00,45.85,45.93,45.82,45.9,0,0,44547
9365,2020-10-20 09:45:00,45.91,46.04,45.91,45.94,0,0,44033
9366,2020-10-20 09:46:00,45.93,46.03,45.9,46.03,0,0,31148
9367,2020-10-20 09:47:00,46.03,46.1,46.01,46.03,0,0,71220
9368,2020-10-20 09:48:00,46.01,46.03,45.94,45.99,0,0,56701
9369,2020-10-20 09:49:00,45.95,46.15,45.95,46.14,0,0,95936
9370,2020-10-20 09:50:00,46.14,46.14,46.04,46.09,0,0,51711
9371,2020-10-20 09:51:00,46.09,46.1,45.9,45.97,0,0,24505
9372,2020-10-20 09:52:00,45.97,46.0,45.9,45.94,0,0,19629
9373,2020-10-20 09:53:00,45.95,45.97,45.88,45.9,0,0,18402
9374,2020-10-20 09:54:00,45.88,45.92,45.82,45.82,0,0,33775
9375,2020-10-20 09:55:00,45.82,45.96,45.8,45.93,0,0,28745
9376,2020-10-20 09:56:00,45.92,45.95,45.88,45.93,0,0,13326
9377,2020-10-20 09:57:00,45.93,45.96,45.89,45.91,0,0,7550
9378,2020-10-20 09:58:00,45.91,46.07,45.91,46.04,0,0,50372
9379,2020-10-20 09:59:00,46.04,46.1,46.02,46.1,0,0,12387
9380,2020-10-20 10:00:00,46.06,46.17,46.05,46.16,0,0,33034
9381,2020-10-20 10:01:00,46.16,46.18,46.12,46.13,0,0,19335
9382,2020-10-20 10:02:00,46.13,46.13,46.07,46.07,0,0,16271
9383,2020-10-20 10:03:00,46.05,46.06,46.01,46.02,0,0,17156
9384,2020-10-20 10:04:00,46.02,46.17,46.02,46.15,0,0,16497
9385,2020-10-20 10:05:00,46.16,46.2,46.16,46.19,0,0,23338
9386,2020-10-20 10:06:00,46.19,46.19,46.14,46.15,0,0,9459
9387,2020-10-20 10:07:00,46.15,46.2,46.14,46.15,0,0,12303
9388,2020-10-20 10:08:00,46.14,46.18,46.1,46.13,0,0,59638
9389,2020-10-20 10:09:00,46.14,46.27,46.13,46.24,0,0,42737
9390,2020-10-20 10:10:00,46.26,46.3,46.24,46.29,0,0,35095
9391,2020-10-20 10:11:00,46.29,46.42,46.28,46.42,0,0,65925
9392,2020-10-20 10:12:00,46.43,46.43,46.33,46.35,0,0,29809
9393,2020-10-20 10:13:00,46.34,46.38,46.32,46.35,0,0,27386
9394,2020-10-20 10:14:00,46.35,46.35,46.25,46.27,0,0,24687
9395,2020-10-20 10:15:00,46.25,46.37,46.25,46.37,0,0,27290
9396,2020-10-20 10:16:00,46.35,46.39,46.34,46.35,0,0,29071
9397,2020-10-20 10:17:00,46.36,46.36,46.32,46.32,0,0,8010
9398,2020-10-20 10:18:00,46.32,46.33,46.25,46.25,0,0,15168
9399,2020-10-20 10:19:00,46.25,46.26,46.18,46.19,0,0,17157
9400,2020-10-20 10:20:00,46.19,46.21,46.18,46.18,0,0,10330
9401,2020-10-20 10:21:00,46.18,46.19,46.13,46.14,0,0,12712
9402,2020-10-20 10:22:00,46.14,46.18,46.14,46.16,0,0,12417
9403,2020-10-20 10:23:00,46.15,46.18,46.1,46.11,0,0,13180
9404,2020-10-20 10:24:00,46.11,46.13,46.05,46.06,0,0,14339
9405,2020-10-20 10:25:00,46.06,46.06,45.97,45.99,0,0,67666
9406,2020-10-20 10:26:00,45.99,46.0,45.94,45.95,0,0,15892
9407,2020-10-20 10:27:00,45.92,45.94,45.85,45.9,0,0,45832
9408,2020-10-20 10:28:00,45.9,45.9,45.84,45.84,0,0,15930
9409,2020-10-20 10:29:00,45.84,45.84,45.81,45.83,0,0,11456
9410,2020-10-20 10:30:00,45.84,45.9,45.82,45.89,0,0,16374
9411,2020-10-20 10:31:00,45.9,45.96,45.87,45.94,0,0,16287
9412,2020-10-20 10:32:00,45.93,45.97,45.92,45.94,0,0,8830
9413,2020-10-20 10:33:00,45.94,46.01,45.94,46.01,0,0,7991
9414,2020-10-20 10:34:00,45.99,46.06,45.97,45.97,0,0,23321
9415,2020-10-20 10:35:00,45.97,45.98,45.93,45.97,0,0,14308
9416,2020-10-20 10:36:00,46.0,46.0,45.94,45.97,0,0,7056
9417,2020-10-20 10:37:00,45.96,45.97,45.93,45.93,0,0,12821
9418,2020-10-20 10:38:00,45.94,45.98,45.94,45.98,0,0,8797
9419,2020-10-20 10:39:00,45.99,45.99,45.94,45.95,0,0,10314
9420,2020-10-20 10:40:00,45.95,45.98,45.93,45.96,0,0,10211
9421,2020-10-20 10:41:00,45.96,45.99,45.96,45.99,0,0,7155
9422,2020-10-20 10:42:00,46.0,46.03,45.96,45.96,0,0,19697
9423,2020-10-20 10:43:00,45.95,45.97,45.88,45.89,0,0,13174
9424,2020-10-20 10:44:00,45.89,45.95,45.89,45.95,0,0,13322
9425,2020-10-20 10:45:00,45.95,45.99,45.95,45.99,0,0,5858
9426,2020-10-20 10:46:00,45.99,46.0,45.96,45.96,0,0,11325
9427,2020-10-20 10:47:00,45.95,45.99,45.89,45.9,0,0,26775
9428,2020-10-20 10:48:00,45.89,45.92,45.89,45.92,0,0,12074
9429,2020-10-20 10:49:00,45.91,45.93,45.89,45.93,0,0,13434
9430,2020-10-20 10:50:00,45.94,45.96,45.92,45.94,0,0,15532
9431,2020-10-20 10:51:00,45.94,45.97,45.94,45.97,0,0,7297
9432,2020-10-20 10:52:00,45.95,45.95,45.9,45.9,0,0,6677
9433,2020-10-20 10:53:00,45.9,45.93,45.89,45.93,0,0,7396
9434,2020-10-20 10:54:00,45.92,45.92,45.88,45.9,0,0,5447
9435,2020-10-20 10:55:00,45.9,45.93,45.89,45.9,0,0,11463
9436,2020-10-20 10:56:00,45.9,45.97,45.9,45.95,0,0,8342
9437,2020-10-20 10:57:00,45.95,45.96,45.9,45.9,0,0,13044
9438,2020-10-20 10:58:00,45.91,45.94,45.91,45.94,0,0,4311
9439,2020-10-20 10:59:00,45.94,45.97,45.92,45.92,0,0,9577
9440,2020-10-20 11:00:00,45.92,45.92,45.85,45.85,0,0,11963
9441,2020-10-20 11:01:00,45.85,45.85,45.77,45.78,0,0,13834
9442,2020-10-20 11:02:00,45.79,45.79,45.67,45.72,0,0,25795
9443,2020-10-20 11:03:00,45.72,45.73,45.7,45.73,0,0,5025
9444,2020-10-20 11:04:00,45.72,45.76,45.69,45.76,0,0,10962
9445,2020-10-20 11:05:00,45.76,45.76,45.74,45.75,0,0,9379
9446,2020-10-20 11:06:00,45.76,45.78,45.75,45.77,0,0,13719
9447,2020-10-20 11:07:00,45.76,45.84,45.76,45.82,0,0,6048
9448,2020-10-20 11:08:00,45.81,45.82,45.78,45.78,0,0,8482
9449,2020-10-20 11:09:00,45.78,45.83,45.78,45.82,0,0,6991
9450,2020-10-20 11:10:00,45.82,45.86,45.81,45.85,0,0,16401
9451,2020-10-20 11:11:00,45.85,45.88,45.83,45.88,0,0,9932
9452,2020-10-20 11:12:00,45.88,45.92,45.87,45.9,0,0,6621
9453,2020-10-20 11:13:00,45.9,45.91,45.9,45.91,0,0,2408
9454,2020-10-20 11:14:00,45.92,45.93,45.9,45.9,0,0,12854
9455,2020-10-20 11:15:00,45.9,45.94,45.89,45.93,0,0,8572
9456,2020-10-20 11:16:00,45.93,45.96,45.93,45.95,0,0,7885
9457,2020-10-20 11:17:00,45.94,45.99,45.94,45.97,0,0,10213
9458,2020-10-20 11:18:00,45.97,45.97,45.93,45.93,0,0,6045
9459,2020-10-20 11:19:00,45.93,45.99,45.93,45.98,0,0,14102
9460,2020-10-20 11:20:00,45.99,45.99,45.91,45.92,0,0,16488
9461,2020-10-20 11:21:00,45.92,45.95,45.92,45.94,0,0,10231
9462,2020-10-20 11:22:00,45.94,45.96,45.93,45.95,0,0,7190
9463,2020-10-20 11:23:00,45.96,46.0,45.96,45.99,0,0,14775
9464,2020-10-20 11:24:00,46.0,46.02,45.99,45.99,0,0,7796
9465,2020-10-20 11:25:00,45.99,46.01,45.99,45.99,0,0,4722
9466,2020-10-20 11:26:00,45.99,46.0,45.96,45.96,0,0,12333
9467,2020-10-20 11:27:00,45.96,45.99,45.96,45.98,0,0,14543
9468,2020-10-20 11:28:00,45.97,45.97,45.93,45.95,0,0,11451
9469,2020-10-20 11:29:00,45.95,45.99,45.95,45.97,0,0,11608
9470,2020-10-20 11:30:00,45.98,45.99,45.98,45.99,0,0,4702
9471,2020-10-20 11:31:00,45.99,46.01,45.97,46.0,0,0,34751
9472,2020-10-20 11:32:00,46.0,46.01,45.99,46.0,0,0,8412
9473,2020-10-20 11:33:00,46.01,46.05,46.01,46.03,0,0,10603
9474,2020-10-20 11:34:00,46.04,46.06,45.97,45.97,0,0,12604
9475,2020-10-20 11:35:00,45.96,45.99,45.95,45.98,0,0,5533
9476,2020-10-20 11:36:00,45.99,46.03,45.99,46.03,0,0,5882
9477,2020-10-20 11:37:00,46.03,46.05,46.03,46.03,0,0,6925
9478,2020-10-20 11:38:00,46.03,46.03,46.01,46.01,0,0,5340
9479,2020-10-20 11:39:00,46.01,46.06,45.99,46.03,0,0,15252
9480,2020-10-20 11:40:00,46.02,46.03,46.01,46.01,0,0,5193
9481,2020-10-20 11:41:00,46.01,46.01,45.99,46.0,0,0,5280
9482,2020-10-20 11:42:00,45.99,46.01,45.96,45.97,0,0,19865
9483,2020-10-20 11:43:00,45.97,46.0,45.96,46.0,0,0,6921
9484,2020-10-20 11:44:00,46.01,46.06,46.01,46.02,0,0,13340
9485,2020-10-20 11:45:00,46.02,46.03,46.01,46.03,0,0,9482
9486,2020-10-20 11:46:00,46.03,46.04,46.02,46.04,0,0,9381
9487,2020-10-20 11:47:00,46.05,46.13,46.05,46.11,0,0,17152
9488,2020-10-20 11:48:00,46.12,46.18,46.1,46.18,0,0,70196
9489,2020-10-20 11:49:00,46.18,46.22,46.16,46.22,0,0,36855
9490,2020-10-20 11:50:00,46.21,46.24,46.21,46.22,0,0,22763
9491,2020-10-20 11:51:00,46.22,46.22,46.17,46.21,0,0,14790
9492,2020-10-20 11:52:00,46.22,46.25,46.22,46.23,0,0,2609
9493,2020-10-20 11:53:00,46.22,46.22,46.17,46.17,0,0,12151
9494,2020-10-20 11:54:00,46.19,46.21,46.17,46.17,0,0,9452
9495,2020-10-20 11:55:00,46.18,46.19,46.17,46.17,0,0,6202
9496,2020-10-20 11:56:00,46.17,46.19,46.17,46.17,0,0,6375
9497,2020-10-20 11:57:00,46.18,46.19,46.17,46.19,0,0,7565
9498,2020-10-20 11:58:00,46.2,46.2,46.17,46.17,0,0,5184
9499,2020-10-20 11:59:00,46.17,46.27,46.17,46.26,0,0,13349
9500,2020-10-20 12:00:00,46.26,46.28,46.25,46.25,0,0,11476
9501,2020-10-20 12:01:00,46.26,46.26,46.24,46.26,0,0,3945
9502,2020-10-20 12:02:00,46.26,46.3,46.26,46.29,0,0,10765
9503,2020-10-20 12:03:00,46.3,46.3,46.28,46.28,0,0,9041
9504,2020-10-20 12:04:00,46.28,46.32,46.27,46.31,0,0,15341
9505,2020-10-20 12:05:00,46.3,46.32,46.28,46.28,0,0,11924
9506,2020-10-20 12:06:00,46.29,46.31,46.29,46.3,0,0,9741
9507,2020-10-20 12:07:00,46.3,46.3,46.22,46.24,0,0,14129
9508,2020-10-20 12:08:00,46.24,46.24,46.22,46.23,0,0,7747
9509,2020-10-20 12:09:00,46.22,46.23,46.18,46.18,0,0,37716
9510,2020-10-20 12:10:00,46.19,46.22,46.18,46.21,0,0,20146
9511,2020-10-20 12:11:00,46.21,46.23,46.2,46.22,0,0,9534
9512,2020-10-20 12:12:00,46.22,46.22,46.21,46.22,0,0,8221
9513,2020-10-20 12:13:00,46.22,46.25,46.22,46.25,0,0,8224
9514,2020-10-20 12:14:00,46.25,46.25,46.2,46.2,0,0,5180
9515,2020-10-20 12:15:00,46.21,46.25,46.21,46.25,0,0,6767
9516,2020-10-20 12:16:00,46.24,46.24,46.21,46.22,0,0,5287
9517,2020-10-20 12:17:00,46.22,46.24,46.21,46.24,0,0,4966
9518,2020-10-20 12:18:00,46.23,46.24,46.19,46.19,0,0,6480
9519,2020-10-20 12:19:00,46.2,46.2,46.17,46.18,0,0,5684
9520,2020-10-20 12:20:00,46.18,46.21,46.17,46.2,0,0,4243
9521,2020-10-20 12:21:00,46.21,46.21,46.19,46.2,0,0,4435
9522,2020-10-20 12:22:00,46.19,46.2,46.19,46.19,0,0,3941
9523,2020-10-20 12:23:00,46.2,46.22,46.19,46.22,0,0,4381
9524,2020-10-20 12:24:00,46.22,46.22,46.2,46.2,0,0,7192
9525,2020-10-20 12:25:00,46.19,46.22,46.18,46.22,0,0,7933
9526,2020-10-20 12:26:00,46.23,46.24,46.22,46.22,0,0,5829
9527,2020-10-20 12:27:00,46.22,46.23,46.21,46.22,0,0,25858
9528,2020-10-20 12:28:00,46.22,46.23,46.21,46.22,0,0,3613
9529,2020-10-20 12:29:00,46.22,46.22,46.21,46.21,0,0,28133
9530,2020-10-20 12:30:00,46.21,46.23,46.18,46.21,0,0,18012
9531,2020-10-20 12:31:00,46.23,46.26,46.19,46.19,0,0,19225
9532,2020-10-20 12:32:00,46.2,46.2,46.15,46.2,0,0,13200
9533,2020-10-20 12:33:00,46.2,46.29,46.2,46.28,0,0,22680
9534,2020-10-20 12:34:00,46.28,46.36,46.28,46.31,0,0,46861
9535,2020-10-20 12:35:00,46.33,46.35,46.27,46.29,0,0,23515
9536,2020-10-20 12:36:00,46.29,46.29,46.21,46.22,0,0,8748
9537,2020-10-20 12:37:00,46.2,46.24,46.2,46.23,0,0,7662
9538,2020-10-20 12:38:00,46.22,46.22,46.18,46.2,0,0,14644
9539,2020-10-20 12:39:00,46.19,46.24,46.18,46.23,0,0,25601
9540,2020-10-20 12:40:00,46.23,46.24,46.22,46.24,0,0,5361
9541,2020-10-20 12:41:00,46.24,46.26,46.22,46.24,0,0,5540
9542,2020-10-20 12:42:00,46.24,46.28,46.24,46.26,0,0,6171
9543,2020-10-20 12:43:00,46.26,46.3,46.26,46.29,0,0,3877
9544,2020-10-20 12:44:00,46.29,46.29,46.26,46.26,0,0,4632
9545,2020-10-20 12:45:00,46.27,46.28,46.22,46.23,0,0,12197
9546,2020-10-20 12:46:00,46.23,46.23,46.2,46.21,0,0,8720
9547,2020-10-20 12:47:00,46.21,46.22,46.18,46.18,0,0,5898
9548,2020-10-20 12:48:00,46.18,46.19,46.18,46.18,0,0,3385
9549,2020-10-20 12:49:00,46.18,46.19,46.16,46.16,0,0,3825
9550,2020-10-20 12:50:00,46.15,46.16,46.11,46.13,0,0,17959
9551,2020-10-20 12:51:00,46.14,46.15,46.13,46.14,0,0,8141
9552,2020-10-20 12:52:00,46.15,46.17,46.14,46.15,0,0,5199
9553,2020-10-20 12:53:00,46.16,46.16,46.13,46.14,0,0,5055
9554,2020-10-20 12:54:00,46.14,46.18,46.13,46.15,0,0,11494
9555,2020-10-20 12:55:00,46.16,46.16,46.13,46.13,0,0,4030
9556,2020-10-20 12:56:00,46.13,46.15,46.13,46.15,0,0,2867
9557,2020-10-20 12:57:00,46.15,46.18,46.14,46.17,0,0,11209
9558,2020-10-20 12:58:00,46.17,46.21,46.15,46.2,0,0,39757
9559,2020-10-20 12:59:00,46.2,46.23,46.2,46.23,0,0,20003
9560,2020-10-20 13:00:00,46.24,46.27,46.23,46.27,0,0,9597
9561,2020-10-20 13:01:00,46.27,46.29,46.27,46.29,0,0,9344
9562,2020-10-20 13:02:00,46.29,46.3,46.27,46.28,0,0,15696
9563,2020-10-20 13:03:00,46.28,46.29,46.27,46.29,0,0,10488
9564,2020-10-20 13:04:00,46.29,46.3,46.27,46.27,0,0,4222
9565,2020-10-20 13:05:00,46.26,46.34,46.26,46.34,0,0,74399
9566,2020-10-20 13:06:00,46.34,46.37,46.33,46.36,0,0,15127
9567,2020-10-20 13:07:00,46.37,46.38,46.34,46.34,0,0,17027
9568,2020-10-20 13:08:00,46.34,46.35,46.32,46.33,0,0,7013
9569,2020-10-20 13:09:00,46.33,46.35,46.33,46.35,0,0,5815
9570,2020-10-20 13:10:00,46.35,46.38,46.35,46.36,0,0,14057
9571,2020-10-20 13:11:00,46.36,46.38,46.35,46.38,0,0,11390
9572,2020-10-20 13:12:00,46.38,46.39,46.37,46.38,0,0,17058
9573,2020-10-20 13:13:00,46.38,46.44,46.37,46.44,0,0,23840
9574,2020-10-20 13:14:00,46.44,46.46,46.42,46.44,0,0,16398
9575,2020-10-20 13:15:00,46.44,46.46,46.42,46.45,0,0,14252
9576,2020-10-20 13:16:00,46.44,46.44,46.42,46.42,0,0,6919
9577,2020-10-20 13:17:00,46.43,46.43,46.38,46.38,0,0,23912
9578,2020-10-20 13:18:00,46.38,46.39,46.35,46.35,0,0,18576
9579,2020-10-20 13:19:00,46.35,46.38,46.35,46.37,0,0,13697
9580,2020-10-20 13:20:00,46.37,46.37,46.32,46.37,0,0,15378
9581,2020-10-20 13:21:00,46.37,46.42,46.37,46.4,0,0,11194
9582,2020-10-20 13:22:00,46.4,46.42,46.39,46.4,0,0,12917
9583,2020-10-20 13:23:00,46.41,46.44,46.4,46.42,0,0,7419
9584,2020-10-20 13:24:00,46.42,46.51,46.41,46.49,0,0,64179
9585,2020-10-20 13:25:00,46.49,46.52,46.45,46.45,0,0,19509
9586,2020-10-20 13:26:00,46.45,46.46,46.44,46.45,0,0,6447
9587,2020-10-20 13:27:00,46.45,46.47,46.45,46.46,0,0,3372
9588,2020-10-20 13:28:00,46.46,46.47,46.45,46.46,0,0,13784
9589,2020-10-20 13:29:00,46.46,46.5,46.46,46.49,0,0,9112
9590,2020-10-20 13:30:00,46.49,46.49,46.45,46.45,0,0,12169
9591,2020-10-20 13:31:00,46.45,46.48,46.43,46.48,0,0,31275
9592,2020-10-20 13:32:00,46.49,46.49,46.44,46.44,0,0,21206
9593,2020-10-20 13:33:00,46.42,46.44,46.41,46.44,0,0,9389
9594,2020-10-20 13:34:00,46.44,46.46,46.42,46.43,0,0,9765
9595,2020-10-20 13:35:00,46.43,46.44,46.41,46.43,0,0,13941
9596,2020-10-20 13:36:00,46.44,46.46,46.44,46.45,0,0,6781
9597,2020-10-20 13:37:00,46.46,46.46,46.42,46.42,0,0,14361
9598,2020-10-20 13:38:00,46.43,46.45,46.42,46.43,0,0,11834
9599,2020-10-20 13:39:00,46.43,46.44,46.42,46.43,0,0,3684
9600,2020-10-20 13:40:00,46.42,46.44,46.42,46.42,0,0,8181
9601,2020-10-20 13:41:00,46.42,46.42,46.4,46.42,0,0,6823
9602,2020-10-20 13:42:00,46.43,46.43,46.4,46.4,0,0,5909
9603,2020-10-20 13:43:00,46.4,46.44,46.4,46.4,0,0,10394
9604,2020-10-20 13:44:00,46.41,46.42,46.4,46.42,0,0,6210
9605,2020-10-20 13:45:00,46.41,46.43,46.41,46.42,0,0,16498
9606,2020-10-20 13:46:00,46.42,46.44,46.42,46.42,0,0,17466
9607,2020-10-20 13:47:00,46.44,46.45,46.42,46.44,0,0,16353
9608,2020-10-20 13:48:00,46.44,46.51,46.44,46.51,0,0,63841
9609,2020-10-20 13:49:00,46.51,46.52,46.47,46.47,0,0,9293
9610,2020-10-20 13:50:00,46.47,46.49,46.46,46.49,0,0,14422
9611,2020-10-20 13:51:00,46.48,46.49,46.47,46.47,0,0,4298
9612,2020-10-20 13:52:00,46.48,46.51,46.46,46.5,0,0,18526
9613,2020-10-20 13:53:00,46.5,46.54,46.5,46.53,0,0,16363
9614,2020-10-20 13:54:00,46.52,46.53,46.48,46.49,0,0,15492
9615,2020-10-20 13:55:00,46.49,46.49,46.47,46.49,0,0,3788
9616,2020-10-20 13:56:00,46.48,46.5,46.44,46.44,0,0,13910
9617,2020-10-20 13:57:00,46.45,46.45,46.35,46.38,0,0,13159
9618,2020-10-20 13:58:00,46.38,46.42,46.35,46.41,0,0,14478
9619,2020-10-20 13:59:00,46.42,46.42,46.4,46.42,0,0,11144
9620,2020-10-20 14:00:00,46.42,46.43,46.39,46.43,0,0,19347
9621,2020-10-20 14:01:00,46.42,46.44,46.41,46.44,0,0,13767
9622,2020-10-20 14:02:00,46.44,46.46,46.43,46.45,0,0,8408
9623,2020-10-20 14:03:00,46.45,46.45,46.42,46.44,0,0,11430
9624,2020-10-20 14:04:00,46.45,46.45,46.41,46.43,0,0,8256
9625,2020-10-20 14:05:00,46.42,46.43,46.39,46.39,0,0,11494
9626,2020-10-20 14:06:00,46.39,46.39,46.31,46.35,0,0,15753
9627,2020-10-20 14:07:00,46.36,46.4,46.36,46.4,0,0,4722
9628,2020-10-20 14:08:00,46.4,46.45,46.4,46.41,0,0,8597
9629,2020-10-20 14:09:00,46.4,46.43,46.4,46.41,0,0,5222
9630,2020-10-20 14:10:00,46.4,46.43,46.4,46.43,0,0,11661
9631,2020-10-20 14:11:00,46.44,46.5,46.44,46.49,0,0,9861
9632,2020-10-20 14:12:00,46.48,46.49,46.47,46.47,0,0,7663
9633,2020-10-20 14:13:00,46.47,46.48,46.46,46.48,0,0,3328
9634,2020-10-20 14:14:00,46.47,46.49,46.47,46.48,0,0,5000
9635,2020-10-20 14:15:00,46.48,46.53,46.48,46.53,0,0,13177
9636,2020-10-20 14:16:00,46.53,46.53,46.5,46.52,0,0,8023
9637,2020-10-20 14:17:00,46.52,46.53,46.5,46.53,0,0,8300
9638,2020-10-20 14:18:00,46.53,46.53,46.51,46.52,0,0,5890
9639,2020-10-20 14:19:00,46.52,46.52,46.48,46.52,0,0,8802
9640,2020-10-20 14:20:00,46.53,46.53,46.44,46.46,0,0,13123
9641,2020-10-20 14:21:00,46.48,46.49,46.47,46.47,0,0,5494
9642,2020-10-20 14:22:00,46.47,46.47,46.42,46.43,0,0,6147
9643,2020-10-20 14:23:00,46.43,46.46,46.41,46.45,0,0,11472
9644,2020-10-20 14:24:00,46.47,46.47,46.44,46.45,0,0,4095
9645,2020-10-20 14:25:00,46.46,46.47,46.44,46.46,0,0,10186
9646,2020-10-20 14:26:00,46.46,46.5,46.45,46.49,0,0,6712
9647,2020-10-20 14:27:00,46.48,46.5,46.46,46.5,0,0,8267
9648,2020-10-20 14:28:00,46.5,46.5,46.49,46.5,0,0,3283
9649,2020-10-20 14:29:00,46.49,46.5,46.46,46.49,0,0,11795
9650,2020-10-20 14:30:00,46.5,46.54,46.5,46.54,0,0,10475
9651,2020-10-20 14:31:00,46.52,46.54,46.52,46.53,0,0,8421
9652,2020-10-20 14:32:00,46.53,46.53,46.51,46.53,0,0,5062
9653,2020-10-20 14:33:00,46.53,46.59,46.51,46.58,0,0,202008
9654,2020-10-20 14:34:00,46.58,46.65,46.58,46.65,0,0,42872
9655,2020-10-20 14:35:00,46.65,46.66,46.58,46.61,0,0,28719
9656,2020-10-20 14:36:00,46.61,46.62,46.59,46.62,0,0,87715
9657,2020-10-20 14:37:00,46.61,46.7,46.61,46.68,0,0,30318
9658,2020-10-20 14:38:00,46.69,46.73,46.69,46.72,0,0,16407
9659,2020-10-20 14:39:00,46.71,46.72,46.69,46.7,0,0,17992
9660,2020-10-20 14:40:00,46.71,46.78,46.69,46.77,0,0,33560
9661,2020-10-20 14:41:00,46.76,46.76,46.7,46.71,0,0,18228
9662,2020-10-20 14:42:00,46.7,46.7,46.63,46.65,0,0,14073
9663,2020-10-20 14:43:00,46.65,46.68,46.65,46.67,0,0,12887
9664,2020-10-20 14:44:00,46.67,46.67,46.64,46.65,0,0,13451
9665,2020-10-20 14:45:00,46.65,46.65,46.63,46.64,0,0,9496
9666,2020-10-20 14:46:00,46.64,46.65,46.63,46.64,0,0,7750
9667,2020-10-20 14:47:00,46.65,46.66,46.58,46.59,0,0,23184
9668,2020-10-20 14:48:00,46.6,46.6,46.55,46.58,0,0,24226
9669,2020-10-20 14:49:00,46.58,46.6,46.57,46.6,0,0,7745
9670,2020-10-20 14:50:00,46.6,46.6,46.54,46.54,0,0,11532
9671,2020-10-20 14:51:00,46.53,46.58,46.53,46.58,0,0,10680
9672,2020-10-20 14:52:00,46.58,46.58,46.57,46.58,0,0,10682
9673,2020-10-20 14:53:00,46.59,46.6,46.56,46.6,0,0,20259
9674,2020-10-20 14:54:00,46.61,46.61,46.57,46.58,0,0,7621
9675,2020-10-20 14:55:00,46.58,46.59,46.55,46.58,0,0,13180
9676,2020-10-20 14:56:00,46.58,46.58,46.56,46.58,0,0,11824
9677,2020-10-20 14:57:00,46.58,46.58,46.56,46.58,0,0,6614
9678,2020-10-20 14:58:00,46.58,46.59,46.55,46.55,0,0,12376
9679,2020-10-20 14:59:00,46.54,46.54,46.51,46.53,0,0,16932
9680,2020-10-20 15:00:00,46.54,46.57,46.52,46.57,0,0,21229
9681,2020-10-20 15:01:00,46.57,46.62,46.56,46.62,0,0,19098
9682,2020-10-20 15:02:00,46.62,46.62,46.59,46.6,0,0,8516
9683,2020-10-20 15:03:00,46.62,46.63,46.59,46.6,0,0,9251
9684,2020-10-20 15:04:00,46.61,46.62,46.58,46.6,0,0,9816
9685,2020-10-20 15:05:00,46.61,46.61,46.54,46.56,0,0,35602
9686,2020-10-20 15:06:00,46.56,46.56,46.38,46.41,0,0,103728
9687,2020-10-20 15:07:00,46.42,46.45,46.4,46.45,0,0,37904
9688,2020-10-20 15:08:00,46.46,46.46,46.41,46.42,0,0,8533
9689,2020-10-20 15:09:00,46.42,46.42,46.33,46.34,0,0,26011
9690,2020-10-20 15:10:00,46.35,46.35,46.2,46.27,0,0,63787
9691,2020-10-20 15:11:00,46.28,46.33,46.25,46.31,0,0,58438
9692,2020-10-20 15:12:00,46.3,46.34,46.26,46.33,0,0,17700
9693,2020-10-20 15:13:00,46.33,46.37,46.3,46.34,0,0,25083
9694,2020-10-20 15:14:00,46.33,46.37,46.31,46.35,0,0,16464
9695,2020-10-20 15:15:00,46.34,46.35,46.25,46.32,0,0,25089
9696,2020-10-20 15:16:00,46.33,46.38,46.32,46.35,0,0,14553
9697,2020-10-20 15:17:00,46.35,46.35,46.21,46.35,0,0,94779
9698,2020-10-20 15:18:00,46.34,46.39,46.34,46.34,0,0,57599
9699,2020-10-20 15:19:00,46.34,46.4,46.34,46.35,0,0,30047
9700,2020-10-20 15:20:00,46.35,46.37,46.33,46.35,0,0,12019
9701,2020-10-20 15:21:00,46.35,46.38,46.33,46.33,0,0,11435
9702,2020-10-20 15:22:00,46.33,46.35,46.31,46.33,0,0,30798
9703,2020-10-20 15:23:00,46.34,46.4,46.34,46.38,0,0,21329
9704,2020-10-20 15:24:00,46.39,46.43,46.39,46.42,0,0,18384
9705,2020-10-20 15:25:00,46.41,46.41,46.36,46.41,0,0,16241
9706,2020-10-20 15:26:00,46.4,46.41,46.36,46.4,0,0,12925
9707,2020-10-20 15:27:00,46.4,46.4,46.38,46.39,0,0,12014
9708,2020-10-20 15:28:00,46.38,46.42,46.36,46.41,0,0,16322
9709,2020-10-20 15:29:00,46.41,46.45,46.38,46.42,0,0,22891
9710,2020-10-20 15:30:00,46.42,46.44,46.4,46.44,0,0,26543
9711,2020-10-20 15:31:00,46.44,46.47,46.41,46.47,0,0,15982
9712,2020-10-20 15:32:00,46.47,46.48,46.44,46.45,0,0,20294
9713,2020-10-20 15:33:00,46.45,46.47,46.42,46.43,0,0,23514
9714,2020-10-20 15:34:00,46.42,46.48,46.42,46.47,0,0,17847
9715,2020-10-20 15:35:00,46.46,46.48,46.35,46.37,0,0,21734
9716,2020-10-20 15:36:00,46.37,46.39,46.32,46.35,0,0,25936
9717,2020-10-20 15:37:00,46.36,46.39,46.34,46.39,0,0,20407
9718,2020-10-20 15:38:00,46.4,46.4,46.37,46.39,0,0,19894
9719,2020-10-20 15:39:00,46.39,46.46,46.38,46.45,0,0,24958
9720,2020-10-20 15:40:00,46.44,46.58,46.44,46.55,0,0,50062
9721,2020-10-20 15:41:00,46.54,46.55,46.5,46.51,0,0,46857
9722,2020-10-20 15:42:00,46.52,46.55,46.51,46.54,0,0,28072
9723,2020-10-20 15:43:00,46.54,46.57,46.53,46.53,0,0,36389
9724,2020-10-20 15:44:00,46.53,46.57,46.53,46.56,0,0,25685
9725,2020-10-20 15:45:00,46.55,46.56,46.51,46.53,0,0,56696
9726,2020-10-20 15:46:00,46.53,46.56,46.5,46.51,0,0,28324
9727,2020-10-20 15:47:00,46.5,46.51,46.45,46.48,0,0,33426
9728,2020-10-20 15:48:00,46.47,46.49,46.44,46.44,0,0,27754
9729,2020-10-20 15:49:00,46.44,46.47,46.42,46.42,0,0,33411
9730,2020-10-20 15:50:00,46.42,46.44,46.34,46.36,0,0,67161
9731,2020-10-20 15:51:00,46.35,46.39,46.35,46.38,0,0,42852
9732,2020-10-20 15:52:00,46.38,46.39,46.33,46.38,0,0,52364
9733,2020-10-20 15:53:00,46.37,46.39,46.32,46.38,0,0,47965
9734,2020-10-20 15:54:00,46.39,46.45,46.38,46.42,0,0,71384
9735,2020-10-20 15:55:00,46.41,46.43,46.37,46.38,0,0,80356
9736,2020-10-20 15:56:00,46.38,46.4,46.35,46.4,0,0,157623
9737,2020-10-20 15:57:00,46.4,46.42,46.36,46.38,0,0,72776
9738,2020-10-20 15:58:00,46.38,46.39,46.34,46.37,0,0,89481
9739,2020-10-20 15:59:00,46.37,46.39,46.35,46.35,0,0,133074
9740,2020-10-21 09:30:00,48.97,49.07,48.85,49.05,0,0,565255
9741,2020-10-21 09:31:00,49.25,49.3,49.22,49.22,0,0,76785
9742,2020-10-21 09:32:00,49.23,49.94,49.1,49.76,0,0,1271145
9743,2020-10-21 09:33:00,49.77,50.12,49.66,50.0,0,0,1061623
9744,2020-10-21 09:34:00,50.0,50.22,49.96,50.07,0,0,588256
9745,2020-10-21 09:35:00,50.06,50.07,49.64,50.03,0,0,440844
9746,2020-10-21 09:36:00,50.02,50.06,49.8,50.0,0,0,347041
9747,2020-10-21 09:37:00,50.01,50.02,49.72,49.84,0,0,414984
9748,2020-10-21 09:38:00,49.83,49.99,49.67,49.79,0,0,260752
9749,2020-10-21 09:39:00,49.82,49.99,49.78,49.96,0,0,187024
9750,2020-10-21 09:40:00,49.97,50.19,49.96,50.14,0,0,369932
9751,2020-10-21 09:41:00,50.15,50.16,49.79,49.79,0,0,289966
9752,2020-10-21 09:42:00,49.8,49.97,49.77,49.81,0,0,177202
9753,2020-10-21 09:43:00,49.83,49.96,49.57,49.58,0,0,207415
9754,2020-10-21 09:44:00,49.57,49.59,49.39,49.52,0,0,195737
9755,2020-10-21 09:45:00,49.52,49.74,49.5,49.73,0,0,130584
9756,2020-10-21 09:46:00,49.72,49.77,49.64,49.7,0,0,130208
9757,2020-10-21 09:47:00,49.69,49.71,49.58,49.67,0,0,104644
9758,2020-10-21 09:48:00,49.68,49.85,49.67,49.73,0,0,93764
9759,2020-10-21 09:49:00,49.73,49.84,49.62,49.64,0,0,94408
9760,2020-10-21 09:50:00,49.65,49.79,49.62,49.71,0,0,83599
9761,2020-10-21 09:51:00,49.72,49.9,49.72,49.85,0,0,111222
9762,2020-10-21 09:52:00,49.85,50.0,49.84,49.97,0,0,174368
9763,2020-10-21 09:53:00,49.96,50.03,49.9,49.92,0,0,166476
9764,2020-10-21 09:54:00,49.92,49.99,49.89,49.97,0,0,97301
9765,2020-10-21 09:55:00,49.97,50.12,49.97,50.07,0,0,193049
9766,2020-10-21 09:56:00,50.08,50.19,50.03,50.18,0,0,116416
9767,2020-10-21 09:57:00,50.18,50.21,50.12,50.16,0,0,135643
9768,2020-10-21 09:58:00,50.16,50.29,50.15,50.26,0,0,132745
9769,2020-10-21 09:59:00,50.29,50.34,50.15,50.15,0,0,281098
9770,2020-10-21 10:00:00,50.17,50.33,50.09,50.29,0,0,191152
9771,2020-10-21 10:01:00,50.3,50.31,50.18,50.2,0,0,117002
9772,2020-10-21 10:02:00,50.2,50.28,50.17,50.17,0,0,87452
9773,2020-10-21 10:03:00,50.16,50.18,50.0,50.02,0,0,174705
9774,2020-10-21 10:04:00,50.03,50.09,49.91,49.97,0,0,164936
9775,2020-10-21 10:05:00,49.99,50.09,49.95,50.02,0,0,123117
9776,2020-10-21 10:06:00,50.02,50.05,49.85,49.86,0,0,67410
9777,2020-10-21 10:07:00,49.87,49.88,49.78,49.8,0,0,77347
9778,2020-10-21 10:08:00,49.79,49.79,49.63,49.64,0,0,111806
9779,2020-10-21 10:09:00,49.64,49.72,49.6,49.67,0,0,194862
9780,2020-10-21 10:10:00,49.66,49.71,49.64,49.66,0,0,185103
9781,2020-10-21 10:11:00,49.66,49.66,49.53,49.6,0,0,183643
9782,2020-10-21 10:12:00,49.6,49.74,49.56,49.74,0,0,73878
9783,2020-10-21 10:13:00,49.74,49.85,49.74,49.79,0,0,65085
9784,2020-10-21 10:14:00,49.79,49.86,49.71,49.73,0,0,64061
9785,2020-10-21 10:15:00,49.72,49.75,49.62,49.74,0,0,53358
9786,2020-10-21 10:16:00,49.74,49.81,49.72,49.8,0,0,62718
9787,2020-10-21 10:17:00,49.82,49.99,49.81,49.99,0,0,109483
9788,2020-10-21 10:18:00,49.97,50.05,49.94,50.0,0,0,102630
9789,2020-10-21 10:19:00,50.01,50.14,49.98,50.13,0,0,86932
9790,2020-10-21 10:20:00,50.14,50.2,50.09,50.14,0,0,80699
9791,2020-10-21 10:21:00,50.14,50.16,50.1,50.12,0,0,69599
9792,2020-10-21 10:22:00,50.12,50.12,50.01,50.05,0,0,70501
9793,2020-10-21 10:23:00,50.07,50.14,49.97,49.99,0,0,120786
9794,2020-10-21 10:24:00,49.99,50.02,49.93,49.94,0,0,144906
9795,2020-10-21 10:25:00,49.94,50.01,49.88,49.95,0,0,59440
9796,2020-10-21 10:26:00,49.96,50.02,49.85,49.97,0,0,100668
9797,2020-10-21 10:27:00,49.96,50.02,49.89,49.92,0,0,35960
9798,2020-10-21 10:28:00,49.92,49.93,49.79,49.9,0,0,89393
9799,2020-10-21 10:29:00,49.91,50.02,49.89,50.02,0,0,91321
9800,2020-10-21 10:30:00,50.02,50.06,49.95,49.97,0,0,41171
9801,2020-10-21 10:31:00,49.98,49.98,49.81,49.88,0,0,80276
9802,2020-10-21 10:32:00,49.86,49.87,49.71,49.71,0,0,42152
9803,2020-10-21 10:33:00,49.71,49.74,49.68,49.69,0,0,47462
9804,2020-10-21 10:34:00,49.69,49.82,49.68,49.73,0,0,43042
9805,2020-10-21 10:35:00,49.74,49.75,49.62,49.69,0,0,85524
9806,2020-10-21 10:36:00,49.68,49.68,49.38,49.38,0,0,99718
9807,2020-10-21 10:37:00,49.38,49.46,49.34,49.35,0,0,85340
9808,2020-10-21 10:38:00,49.36,49.48,49.35,49.46,0,0,44930
9809,2020-10-21 10:39:00,49.46,49.48,49.42,49.47,0,0,24764
9810,2020-10-21 10:40:00,49.46,49.58,49.44,49.55,0,0,77998
9811,2020-10-21 10:41:00,49.55,49.58,49.51,49.54,0,0,49416
9812,2020-10-21 10:42:00,49.53,49.59,49.47,49.58,0,0,37967
9813,2020-10-21 10:43:00,49.59,49.6,49.51,49.6,0,0,54790
9814,2020-10-21 10:44:00,49.6,49.66,49.58,49.62,0,0,30121
9815,2020-10-21 10:45:00,49.61,49.63,49.58,49.59,0,0,16052
9816,2020-10-21 10:46:00,49.59,49.65,49.56,49.58,0,0,41493
9817,2020-10-21 10:47:00,49.57,49.59,49.5,49.5,0,0,31910
9818,2020-10-21 10:48:00,49.5,49.5,49.36,49.37,0,0,66777
9819,2020-10-21 10:49:00,49.36,49.42,49.31,49.38,0,0,90619
9820,2020-10-21 10:50:00,49.38,49.49,49.38,49.48,0,0,38205
9821,2020-10-21 10:51:00,49.47,49.48,49.41,49.44,0,0,23755
9822,2020-10-21 10:52:00,49.45,49.47,49.4,49.41,0,0,52041
9823,2020-10-21 10:53:00,49.4,49.4,49.3,49.31,0,0,80594
9824,2020-10-21 10:54:00,49.31,49.35,49.31,49.33,0,0,40387
9825,2020-10-21 10:55:00,49.32,49.33,49.22,49.29,0,0,82452
9826,2020-10-21 10:56:00,49.29,49.3,49.23,49.3,0,0,33524
9827,2020-10-21 10:59:00,49.32,49.4,49.32,49.4,0,0,163891
9828,2020-10-21 11:00:00,49.37,49.47,49.36,49.46,0,0,77844
9829,2020-10-21 11:01:00,49.46,49.53,49.42,49.52,0,0,57219
9830,2020-10-21 11:02:00,49.52,49.56,49.49,49.51,0,0,52489
9831,2020-10-21 11:03:00,49.52,49.61,49.52,49.58,0,0,82499
9832,2020-10-21 11:04:00,49.57,49.57,49.47,49.49,0,0,44995
9833,2020-10-21 11:05:00,49.49,49.6,49.48,49.59,0,0,53317
9834,2020-10-21 11:06:00,49.59,49.63,49.54,49.61,0,0,63825
9835,2020-10-21 11:07:00,49.62,49.65,49.55,49.55,0,0,63121
9836,2020-10-21 11:08:00,49.55,49.58,49.45,49.47,0,0,40089
9837,2020-10-21 11:09:00,49.47,49.51,49.43,49.5,0,0,38692
9838,2020-10-21 11:10:00,49.51,49.51,49.34,49.34,0,0,34948
9839,2020-10-21 11:11:00,49.33,49.38,49.22,49.23,0,0,65908
9840,2020-10-21 11:12:00,49.23,49.33,49.18,49.29,0,0,112274
9841,2020-10-21 11:13:00,49.28,49.28,49.21,49.24,0,0,29828
9842,2020-10-21 11:14:00,49.23,49.3,49.21,49.28,0,0,26379
9843,2020-10-21 11:15:00,49.28,49.28,49.2,49.21,0,0,52767
9844,2020-10-21 11:16:00,49.2,49.25,49.14,49.25,0,0,66381
9845,2020-10-21 11:17:00,49.25,49.3,49.22,49.3,0,0,49275
9846,2020-10-21 11:27:00,49.65,49.74,49.65,49.72,0,0,597996
9847,2020-10-21 11:28:00,49.74,49.9,49.73,49.87,0,0,84594
9848,2020-10-21 11:29:00,49.87,49.93,49.85,49.86,0,0,40850
9849,2020-10-21 11:30:00,49.86,49.94,49.85,49.93,0,0,32728
9850,2020-10-21 11:31:00,49.92,49.98,49.91,49.97,0,0,79016
9851,2020-10-21 11:32:00,49.97,49.97,49.83,49.83,0,0,72435
9852,2020-10-21 11:33:00,49.84,49.9,49.84,49.88,0,0,49835
9853,2020-10-21 11:34:00,49.89,49.9,49.86,49.87,0,0,16329
9854,2020-10-21 11:35:00,49.86,49.89,49.82,49.89,0,0,51904
9855,2020-10-21 11:36:00,49.9,50.02,49.87,50.01,0,0,119316
9856,2020-10-21 11:37:00,50.01,50.08,50.01,50.05,0,0,92220
9857,2020-10-21 11:38:00,50.04,50.08,50.03,50.07,0,0,46110
9858,2020-10-21 11:39:00,50.07,50.09,50.0,50.08,0,0,87394
9859,2020-10-21 11:40:00,50.07,50.12,50.04,50.12,0,0,97121
9860,2020-10-21 11:41:00,50.12,50.12,49.93,50.02,0,0,88600
9861,2020-10-21 11:42:00,50.03,50.04,49.86,49.86,0,0,38043
9862,2020-10-21 11:43:00,49.87,49.94,49.86,49.92,0,0,45346
9863,2020-10-21 11:44:00,49.94,49.95,49.87,49.91,0,0,44103
9864,2020-10-21 11:45:00,49.91,49.94,49.87,49.92,0,0,36186
9865,2020-10-21 11:46:00,49.93,49.97,49.9,49.94,0,0,47071
9866,2020-10-21 11:47:00,49.94,49.95,49.86,49.87,0,0,17486
9867,2020-10-21 11:48:00,49.87,49.9,49.84,49.88,0,0,29504
9868,2020-10-21 11:49:00,49.89,49.97,49.89,49.94,0,0,25910
9869,2020-10-21 11:50:00,49.94,49.95,49.92,49.93,0,0,18252
9870,2020-10-21 11:51:00,49.92,49.94,49.86,49.87,0,0,12534
9871,2020-10-21 11:52:00,49.88,49.9,49.84,49.84,0,0,12830
9872,2020-10-21 11:53:00,49.85,49.86,49.78,49.85,0,0,31982
9873,2020-10-21 11:54:00,49.85,49.87,49.82,49.85,0,0,15722
9874,2020-10-21 11:55:00,49.84,49.84,49.78,49.83,0,0,19565
9875,2020-10-21 11:56:00,49.82,49.84,49.8,49.82,0,0,51289
9876,2020-10-21 11:57:00,49.81,49.81,49.73,49.73,0,0,30493
9877,2020-10-21 11:58:00,49.71,49.74,49.61,49.65,0,0,67065
9878,2020-10-21 11:59:00,49.65,49.71,49.63,49.7,0,0,20306
9879,2020-10-21 12:00:00,49.7,49.71,49.65,49.66,0,0,24677
9880,2020-10-21 12:01:00,49.68,49.72,49.63,49.67,0,0,21532
9881,2020-10-21 12:02:00,49.68,49.7,49.64,49.67,0,0,15509
9882,2020-10-21 12:03:00,49.68,49.76,49.68,49.73,0,0,90111
9883,2020-10-21 12:04:00,49.74,49.83,49.74,49.82,0,0,31555
9884,2020-10-21 12:05:00,49.81,49.86,49.78,49.85,0,0,44097
9885,2020-10-21 12:06:00,49.85,49.94,49.82,49.94,0,0,59745
9886,2020-10-21 12:07:00,49.94,49.98,49.92,49.98,0,0,40269
9887,2020-10-21 12:08:00,49.96,49.99,49.96,49.97,0,0,30424
9888,2020-10-21 12:09:00,49.97,50.01,49.9,49.98,0,0,123525
9889,2020-10-21 12:10:00,49.99,49.99,49.88,49.88,0,0,21540
9890,2020-10-21 12:11:00,49.89,49.91,49.82,49.86,0,0,34821
9891,2020-10-21 12:12:00,49.87,49.9,49.83,49.84,0,0,13446
9892,2020-10-21 12:13:00,49.87,49.95,49.86,49.93,0,0,31165
9893,2020-10-21 12:14:00,49.93,50.03,49.92,50.03,0,0,45743
9894,2020-10-21 12:15:00,50.02,50.04,50.0,50.03,0,0,46087
9895,2020-10-21 12:16:00,50.04,50.06,50.0,50.05,0,0,49311
9896,2020-10-21 12:17:00,50.05,50.16,50.03,50.14,0,0,64773
9897,2020-10-21 12:18:00,50.14,50.15,50.08,50.08,0,0,56164
9898,2020-10-21 12:19:00,50.09,50.1,49.98,50.0,0,0,77760
9899,2020-10-21 12:20:00,50.0,50.17,49.98,50.16,0,0,89929
9900,2020-10-21 12:21:00,50.17,50.23,50.13,50.22,0,0,89999
9901,2020-10-21 12:22:00,50.21,50.25,50.17,50.17,0,0,38231
9902,2020-10-21 12:23:00,50.17,50.21,50.12,50.15,0,0,54615
9903,2020-10-21 12:24:00,50.14,50.2,50.12,50.14,0,0,33392
9904,2020-10-21 12:25:00,50.15,50.2,50.12,50.2,0,0,26094
9905,2020-10-21 12:26:00,50.2,50.24,50.17,50.17,0,0,59784
9906,2020-10-21 12:27:00,50.16,50.2,50.05,50.19,0,0,55071
9907,2020-10-21 12:28:00,50.19,50.25,50.14,50.24,0,0,72552
9908,2020-10-21 12:29:00,50.25,50.26,50.2,50.22,0,0,31889
9909,2020-10-21 12:30:00,50.22,50.28,50.22,50.25,0,0,126782
9910,2020-10-21 12:31:00,50.24,50.34,50.24,50.26,0,0,105851
9911,2020-10-21 12:32:00,50.26,50.27,50.16,50.18,0,0,71764
9912,2020-10-21 12:33:00,50.18,50.21,50.05,50.08,0,0,63766
9913,2020-10-21 12:34:00,50.08,50.13,50.07,50.11,0,0,46844
9914,2020-10-21 12:35:00,50.12,50.17,50.07,50.14,0,0,28700
9915,2020-10-21 12:36:00,50.14,50.21,50.1,50.2,0,0,52387
9916,2020-10-21 12:37:00,50.2,50.24,50.17,50.2,0,0,79202
9917,2020-10-21 12:38:00,50.21,50.27,50.19,50.26,0,0,68798
9918,2020-10-21 12:39:00,50.26,50.27,50.21,50.27,0,0,40946
9919,2020-10-21 12:40:00,50.26,50.28,50.22,50.27,0,0,29962
9920,2020-10-21 12:41:00,50.27,50.31,50.24,50.28,0,0,68700
9921,2020-10-21 12:42:00,50.29,50.3,50.15,50.15,0,0,87309
9922,2020-10-21 12:43:00,50.16,50.19,50.12,50.18,0,0,45242
9923,2020-10-21 12:44:00,50.17,50.22,50.14,50.21,0,0,49723
9924,2020-10-21 12:45:00,50.22,50.32,50.19,50.32,0,0,34971
9925,2020-10-21 12:46:00,50.31,50.34,50.29,50.31,0,0,55754
9926,2020-10-21 12:47:00,50.31,50.44,50.3,50.39,0,0,140352
9927,2020-10-21 12:48:00,50.38,50.4,50.33,50.34,0,0,87457
9928,2020-10-21 12:49:00,50.35,50.35,50.28,50.3,0,0,32143
9929,2020-10-21 12:50:00,50.3,50.31,50.24,50.28,0,0,79593
9930,2020-10-21 12:51:00,50.28,50.37,50.28,50.34,0,0,32781
9931,2020-10-21 12:52:00,50.34,50.4,50.34,50.35,0,0,39032
9932,2020-10-21 12:53:00,50.35,50.42,50.35,50.42,0,0,77386
9933,2020-10-21 12:54:00,50.42,50.42,50.29,50.33,0,0,52411
9934,2020-10-21 12:55:00,50.33,50.38,50.23,50.23,0,0,57883
9935,2020-10-21 12:56:00,50.23,50.23,50.17,50.21,0,0,41108
9936,2020-10-21 12:57:00,50.2,50.28,50.16,50.16,0,0,35576
9937,2020-10-21 12:58:00,50.17,50.2,50.11,50.18,0,0,72605
9938,2020-10-21 12:59:00,50.18,50.18,50.07,50.1,0,0,57979
9939,2020-10-21 13:00:00,50.11,50.16,50.08,50.14,0,0,32681
9940,2020-10-21 13:01:00,50.15,50.25,50.12,50.13,0,0,49808
9941,2020-10-21 13:02:00,50.12,50.14,50.06,50.06,0,0,18527
9942,2020-10-21 13:03:00,50.06,50.08,50.03,50.06,0,0,66363
9943,2020-10-21 13:04:00,50.06,50.13,50.06,50.11,0,0,57298
9944,2020-10-21 13:05:00,50.11,50.11,50.01,50.07,0,0,37281
9945,2020-10-21 13:06:00,50.07,50.07,49.95,49.99,0,0,59525
9946,2020-10-21 13:07:00,49.99,50.04,49.95,50.03,0,0,18890
9947,2020-10-21 13:08:00,50.02,50.1,50.02,50.1,0,0,44483
9948,2020-10-21 13:09:00,50.1,50.13,50.06,50.11,0,0,28346
9949,2020-10-21 13:10:00,50.1,50.14,50.04,50.14,0,0,22461
9950,2020-10-21 13:11:00,50.14,50.17,50.12,50.12,0,0,22795
9951,2020-10-21 13:12:00,50.13,50.2,50.13,50.16,0,0,20210
9952,2020-10-21 13:13:00,50.18,50.21,50.16,50.18,0,0,16721
9953,2020-10-21 13:14:00,50.19,50.19,50.13,50.17,0,0,18322
9954,2020-10-21 13:15:00,50.18,50.28,50.18,50.28,0,0,36889
9955,2020-10-21 13:16:00,50.28,50.28,50.2,50.24,0,0,22279
9956,2020-10-21 13:17:00,50.24,50.28,50.2,50.22,0,0,37252
9957,2020-10-21 13:18:00,50.21,50.22,50.15,50.16,0,0,18007
9958,2020-10-21 13:19:00,50.17,50.17,50.15,50.15,0,0,13933
9959,2020-10-21 13:20:00,50.15,50.17,50.11,50.12,0,0,32066
9960,2020-10-21 13:21:00,50.12,50.14,50.09,50.09,0,0,29039
9961,2020-10-21 13:22:00,50.1,50.11,50.08,50.1,0,0,29895
9962,2020-10-21 13:23:00,50.1,50.12,50.07,50.08,0,0,35379
9963,2020-10-21 13:24:00,50.09,50.12,50.06,50.1,0,0,30685
9964,2020-10-21 13:25:00,50.1,50.1,50.07,50.08,0,0,21051
9965,2020-10-21 13:26:00,50.08,50.16,50.08,50.16,0,0,25142
9966,2020-10-21 13:27:00,50.16,50.16,50.05,50.09,0,0,30362
9967,2020-10-21 13:28:00,50.09,50.1,50.02,50.03,0,0,26812
9968,2020-10-21 13:29:00,50.03,50.03,49.99,50.03,0,0,37988
9969,2020-10-21 13:30:00,50.03,50.12,50.03,50.09,0,0,37646
9970,2020-10-21 13:31:00,50.09,50.1,49.97,49.98,0,0,40412
9971,2020-10-21 13:32:00,49.98,49.98,49.92,49.95,0,0,28272
9972,2020-10-21 13:33:00,49.95,50.0,49.94,49.96,0,0,18337
9973,2020-10-21 13:34:00,49.95,49.95,49.86,49.92,0,0,38380
9974,2020-10-21 13:35:00,49.92,49.98,49.89,49.97,0,0,30670
9975,2020-10-21 13:36:00,49.97,49.97,49.93,49.93,0,0,25920
9976,2020-10-21 13:37:00,49.93,49.94,49.91,49.92,0,0,20716
9977,2020-10-21 13:38:00,49.92,49.93,49.85,49.86,0,0,27289
9978,2020-10-21 13:39:00,49.85,49.88,49.83,49.88,0,0,49735
9979,2020-10-21 13:40:00,49.88,49.93,49.87,49.93,0,0,41416
9980,2020-10-21 13:41:00,49.94,49.97,49.91,49.97,0,0,40134
9981,2020-10-21 13:42:00,49.97,50.0,49.95,49.95,0,0,40908
9982,2020-10-21 13:43:00,49.96,49.99,49.94,49.99,0,0,21224
9983,2020-10-21 13:44:00,49.99,50.04,49.96,50.03,0,0,34049
9984,2020-10-21 13:45:00,50.04,50.1,50.03,50.08,0,0,114657
9985,2020-10-21 13:46:00,50.09,50.15,50.08,50.13,0,0,32646
9986,2020-10-21 13:47:00,50.12,50.16,50.1,50.15,0,0,31804
9987,2020-10-21 13:48:00,50.14,50.14,50.07,50.07,0,0,21873
9988,2020-10-21 13:49:00,50.06,50.09,50.01,50.09,0,0,45149
9989,2020-10-21 13:50:00,50.09,50.15,50.04,50.14,0,0,46071
9990,2020-10-21 13:51:00,50.13,50.13,50.0,50.0,0,0,15599
9991,2020-10-21 13:52:00,49.99,50.0,49.96,49.96,0,0,14724
9992,2020-10-21 13:53:00,49.95,49.95,49.83,49.87,0,0,125727
9993,2020-10-21 13:54:00,49.87,49.88,49.77,49.8,0,0,64407
9994,2020-10-21 13:55:00,49.8,49.82,49.77,49.82,0,0,28455
9995,2020-10-21 13:56:00,49.81,49.84,49.78,49.79,0,0,67072
9996,2020-10-21 13:57:00,49.81,49.81,49.72,49.75,0,0,43023
9997,2020-10-21 13:58:00,49.75,49.78,49.73,49.76,0,0,45448
9998,2020-10-21 13:59:00,49.75,49.79,49.72,49.76,0,0,35419
9999,2020-10-21 14:00:00,49.77,49.88,49.74,49.88,0,0,45152
10000,2020-10-21 14:01:00,49.87,49.92,49.84,49.85,0,0,68682
10001,2020-10-21 14:02:00,49.85,49.88,49.82,49.83,0,0,24447
10002,2020-10-21 14:03:00,49.82,49.85,49.81,49.83,0,0,24427
10003,2020-10-21 14:04:00,49.82,49.87,49.81,49.85,0,0,23359
10004,2020-10-21 14:05:00,49.84,49.89,49.81,49.89,0,0,20762
10005,2020-10-21 14:06:00,49.88,49.89,49.84,49.87,0,0,21822
10006,2020-10-21 14:07:00,49.88,49.89,49.84,49.84,0,0,18813
10007,2020-10-21 14:08:00,49.84,49.94,49.84,49.94,0,0,46421
10008,2020-10-21 14:09:00,49.94,50.01,49.94,49.99,0,0,82710
10009,2020-10-21 14:10:00,49.99,49.99,49.92,49.93,0,0,43927
10010,2020-10-21 14:11:00,49.93,49.96,49.9,49.94,0,0,27955
10011,2020-10-21 14:12:00,49.93,49.93,49.81,49.85,0,0,32934
10012,2020-10-21 14:13:00,49.85,49.89,49.85,49.87,0,0,19826
10013,2020-10-21 14:14:00,49.86,49.86,49.82,49.84,0,0,35740
10014,2020-10-21 14:15:00,49.84,49.85,49.81,49.82,0,0,13030
10015,2020-10-21 14:16:00,49.81,49.83,49.8,49.82,0,0,28935
10016,2020-10-21 14:17:00,49.82,49.84,49.8,49.83,0,0,18067
10017,2020-10-21 14:18:00,49.83,49.9,49.83,49.86,0,0,23590
10018,2020-10-21 14:19:00,49.85,49.88,49.85,49.88,0,0,11037
10019,2020-10-21 14:20:00,49.88,49.89,49.85,49.87,0,0,26947
10020,2020-10-21 14:21:00,49.88,49.9,49.88,49.89,0,0,26141
10021,2020-10-21 14:22:00,49.89,49.91,49.88,49.91,0,0,18282
10022,2020-10-21 14:23:00,49.91,49.93,49.9,49.93,0,0,13175
10023,2020-10-21 14:24:00,49.93,49.95,49.92,49.94,0,0,50230
10024,2020-10-21 14:25:00,49.94,50.01,49.94,50.0,0,0,76116
10025,2020-10-21 14:26:00,50.0,50.04,50.0,50.03,0,0,44717
10026,2020-10-21 14:27:00,50.03,50.09,50.02,50.07,0,0,41237
10027,2020-10-21 14:28:00,50.08,50.1,50.04,50.09,0,0,41279
10028,2020-10-21 14:29:00,50.08,50.09,50.05,50.07,0,0,37637
10029,2020-10-21 14:30:00,50.08,50.12,50.02,50.04,0,0,99269
10030,2020-10-21 14:31:00,50.04,50.11,50.04,50.11,0,0,39125
10031,2020-10-21 14:32:00,50.12,50.16,50.11,50.13,0,0,48433
10032,2020-10-21 14:33:00,50.14,50.17,50.13,50.17,0,0,28018
10033,2020-10-21 14:34:00,50.17,50.23,50.16,50.22,0,0,41188
10034,2020-10-21 14:35:00,50.22,50.31,50.22,50.31,0,0,79974
10035,2020-10-21 14:36:00,50.32,50.34,50.28,50.28,0,0,55291
10036,2020-10-21 14:37:00,50.28,50.32,50.21,50.23,0,0,70148
10037,2020-10-21 14:38:00,50.24,50.24,50.16,50.19,0,0,31294
10038,2020-10-21 14:39:00,50.19,50.21,50.17,50.18,0,0,14969
10039,2020-10-21 14:40:00,50.19,50.23,50.19,50.21,0,0,29334
10040,2020-10-21 14:41:00,50.19,50.22,50.18,50.21,0,0,22847
10041,2020-10-21 14:42:00,50.21,50.34,50.2,50.33,0,0,66950
10042,2020-10-21 14:43:00,50.33,50.39,50.32,50.37,0,0,135670
10043,2020-10-21 14:44:00,50.37,50.37,50.32,50.33,0,0,31645
10044,2020-10-21 14:45:00,50.34,50.42,50.34,50.4,0,0,76631
10045,2020-10-21 14:46:00,50.4,50.42,50.37,50.41,0,0,64188
10046,2020-10-21 14:47:00,50.4,50.4,50.31,50.32,0,0,29194
10047,2020-10-21 14:48:00,50.33,50.38,50.29,50.37,0,0,29648
10048,2020-10-21 14:49:00,50.37,50.38,50.33,50.35,0,0,17390
10049,2020-10-21 14:50:00,50.34,50.4,50.34,50.38,0,0,38412
10050,2020-10-21 14:51:00,50.38,50.38,50.35,50.38,0,0,31823
10051,2020-10-21 14:52:00,50.38,50.42,50.35,50.42,0,0,64229
10052,2020-10-21 14:53:00,50.42,50.43,50.39,50.4,0,0,29021
10053,2020-10-21 14:54:00,50.4,50.4,50.35,50.37,0,0,39030
10054,2020-10-21 14:55:00,50.37,50.4,50.35,50.4,0,0,18795
10055,2020-10-21 14:56:00,50.39,50.49,50.39,50.49,0,0,69395
10056,2020-10-21 14:57:00,50.49,50.5,50.47,50.48,0,0,47686
10057,2020-10-21 14:58:00,50.48,50.49,50.45,50.47,0,0,38611
10058,2020-10-21 14:59:00,50.47,50.49,50.47,50.47,0,0,23702
10059,2020-10-21 15:00:00,50.47,50.48,50.43,50.46,0,0,30667
10060,2020-10-21 15:01:00,50.46,50.5,50.44,50.49,0,0,42786
10061,2020-10-21 15:02:00,50.49,50.49,50.47,50.49,0,0,31372
10062,2020-10-21 15:03:00,50.49,50.49,50.44,50.44,0,0,43394
10063,2020-10-21 15:04:00,50.44,50.44,50.33,50.4,0,0,59473
10064,2020-10-21 15:05:00,50.4,50.4,50.35,50.39,0,0,37486
10065,2020-10-21 15:06:00,50.39,50.44,50.37,50.4,0,0,40866
10066,2020-10-21 15:07:00,50.4,50.4,50.32,50.33,0,0,86636
10067,2020-10-21 15:08:00,50.32,50.35,50.26,50.26,0,0,52320
10068,2020-10-21 15:09:00,50.26,50.32,50.24,50.3,0,0,56813
10069,2020-10-21 15:10:00,50.31,50.31,50.21,50.23,0,0,49567
10070,2020-10-21 15:11:00,50.22,50.28,50.21,50.28,0,0,27745
10071,2020-10-21 15:12:00,50.28,50.33,50.28,50.29,0,0,56650
10072,2020-10-21 15:13:00,50.29,50.32,50.29,50.31,0,0,25108
10073,2020-10-21 15:14:00,50.3,50.37,50.29,50.37,0,0,56461
10074,2020-10-21 15:15:00,50.37,50.4,50.29,50.29,0,0,63468
10075,2020-10-21 15:16:00,50.29,50.34,50.29,50.32,0,0,18420
10076,2020-10-21 15:17:00,50.31,50.31,50.26,50.28,0,0,22018
10077,2020-10-21 15:18:00,50.28,50.3,50.26,50.28,0,0,41135
10078,2020-10-21 15:19:00,50.28,50.29,50.24,50.27,0,0,52400
10079,2020-10-21 15:20:00,50.26,50.31,50.24,50.26,0,0,46596
10080,2020-10-21 15:21:00,50.26,50.3,50.25,50.28,0,0,35034
10081,2020-10-21 15:22:00,50.28,50.32,50.26,50.32,0,0,26610
10082,2020-10-21 15:23:00,50.33,50.37,50.32,50.37,0,0,33572
10083,2020-10-21 15:24:00,50.36,50.38,50.35,50.37,0,0,46736
10084,2020-10-21 15:25:00,50.37,50.46,50.37,50.46,0,0,54348
10085,2020-10-21 15:26:00,50.46,50.49,50.46,50.46,0,0,48417
10086,2020-10-21 15:27:00,50.47,50.48,50.42,50.42,0,0,42432
10087,2020-10-21 15:28:00,50.42,50.44,50.38,50.38,0,0,49722
10088,2020-10-21 15:29:00,50.39,50.48,50.39,50.47,0,0,38117
10089,2020-10-21 15:30:00,50.47,50.49,50.42,50.48,0,0,46837
10090,2020-10-21 15:31:00,50.47,50.48,50.45,50.47,0,0,36591
10091,2020-10-21 15:32:00,50.47,50.53,50.47,50.51,0,0,168405
10092,2020-10-21 15:33:00,50.51,50.51,50.46,50.46,0,0,81464
10093,2020-10-21 15:34:00,50.46,50.47,50.35,50.4,0,0,100304
10094,2020-10-21 15:35:00,50.39,50.42,50.35,50.39,0,0,52932
10095,2020-10-21 15:36:00,50.39,50.39,50.25,50.25,0,0,114726
10096,2020-10-21 15:37:00,50.25,50.27,50.19,50.22,0,0,58639
10097,2020-10-21 15:38:00,50.21,50.26,50.18,50.26,0,0,155129
10098,2020-10-21 15:39:00,50.25,50.26,50.22,50.24,0,0,42409
10099,2020-10-21 15:40:00,50.24,50.27,50.17,50.18,0,0,69843
10100,2020-10-21 15:41:00,50.19,50.23,50.19,50.19,0,0,60756
10101,2020-10-21 15:42:00,50.2,50.21,50.12,50.14,0,0,61867
10102,2020-10-21 15:43:00,50.15,50.22,50.15,50.22,0,0,52893
10103,2020-10-21 15:44:00,50.22,50.23,50.19,50.22,0,0,67158
10104,2020-10-21 15:45:00,50.22,50.22,50.15,50.15,0,0,81175
10105,2020-10-21 15:46:00,50.15,50.18,50.1,50.11,0,0,82340
10106,2020-10-21 15:47:00,50.12,50.17,50.1,50.15,0,0,61742
10107,2020-10-21 15:48:00,50.15,50.17,50.1,50.11,0,0,97627
10108,2020-10-21 15:49:00,50.12,50.15,50.11,50.15,0,0,79097
10109,2020-10-21 15:50:00,50.14,50.17,50.08,50.17,0,0,118353
10110,2020-10-21 15:51:00,50.16,50.27,50.15,50.26,0,0,157213
10111,2020-10-21 15:52:00,50.25,50.26,50.23,50.26,0,0,117359
10112,2020-10-21 15:53:00,50.25,50.26,50.22,50.24,0,0,156406
10113,2020-10-21 15:54:00,50.23,50.24,50.2,50.21,0,0,134068
10114,2020-10-21 15:55:00,50.21,50.26,50.2,50.24,0,0,145761
10115,2020-10-21 15:56:00,50.24,50.24,50.17,50.19,0,0,147121
10116,2020-10-21 15:57:00,50.19,50.2,50.16,50.17,0,0,164333
10117,2020-10-21 15:58:00,50.16,50.2,50.16,50.19,0,0,171815
10118,2020-10-21 15:59:00,50.19,50.3,50.15,50.23,0,0,494549
10119,2020-10-22 09:30:00,50.0,50.26,50.0,50.23,0,0,322547
10120,2020-10-22 09:31:00,50.24,50.29,49.78,49.79,0,0,91344
10121,2020-10-22 09:32:00,49.85,49.88,49.44,49.45,0,0,184105
10122,2020-10-22 09:33:00,49.47,49.64,49.31,49.56,0,0,107517
10123,2020-10-22 09:34:00,49.56,49.69,49.52,49.56,0,0,42539
10124,2020-10-22 09:35:00,49.54,49.8,49.54,49.66,0,0,74752
10125,2020-10-22 09:36:00,49.64,49.66,49.38,49.4,0,0,116698
10126,2020-10-22 09:37:00,49.42,49.6,49.41,49.6,0,0,74243
10127,2020-10-22 09:38:00,49.59,49.63,49.52,49.63,0,0,57557
10128,2020-10-22 09:39:00,49.63,49.66,49.5,49.62,0,0,143489
10129,2020-10-22 09:40:00,49.62,49.75,49.52,49.58,0,0,66773
10130,2020-10-22 09:41:00,49.58,49.76,49.58,49.62,0,0,64916
10131,2020-10-22 09:42:00,49.63,49.63,49.44,49.49,0,0,57456
10132,2020-10-22 09:43:00,49.5,49.54,49.44,49.46,0,0,40097
10133,2020-10-22 09:44:00,49.46,49.48,49.28,49.31,0,0,115157
10134,2020-10-22 09:45:00,49.31,49.4,49.28,49.4,0,0,62026
10135,2020-10-22 09:46:00,49.4,49.42,49.16,49.21,0,0,81799
10136,2020-10-22 09:47:00,49.21,49.3,49.19,49.28,0,0,35161
10137,2020-10-22 09:48:00,49.29,49.34,49.21,49.32,0,0,59419
10138,2020-10-22 09:49:00,49.3,49.44,49.27,49.42,0,0,43984
10139,2020-10-22 09:50:00,49.42,49.44,49.35,49.42,0,0,32857
10140,2020-10-22 09:51:00,49.41,49.43,49.4,49.42,0,0,30680
10141,2020-10-22 09:52:00,49.42,49.51,49.4,49.49,0,0,55930
10142,2020-10-22 09:53:00,49.49,49.53,49.38,49.43,0,0,110116
10143,2020-10-22 09:54:00,49.43,49.52,49.39,49.39,0,0,31430
10144,2020-10-22 09:55:00,49.38,49.41,49.35,49.4,0,0,85603
10145,2020-10-22 09:56:00,49.4,49.52,49.37,49.48,0,0,25020
10146,2020-10-22 09:57:00,49.5,49.54,49.44,49.53,0,0,65157
10147,2020-10-22 09:58:00,49.53,49.53,49.38,49.4,0,0,49463
10148,2020-10-22 09:59:00,49.4,49.43,49.33,49.42,0,0,72669
10149,2020-10-22 10:00:00,49.42,49.47,49.34,49.36,0,0,49863
10150,2020-10-22 10:01:00,49.35,49.36,49.28,49.33,0,0,94759
10151,2020-10-22 10:02:00,49.32,49.32,49.19,49.2,0,0,93177
10152,2020-10-22 10:03:00,49.19,49.24,49.12,49.17,0,0,43549
10153,2020-10-22 10:04:00,49.16,49.24,49.15,49.22,0,0,54005
10154,2020-10-22 10:05:00,49.21,49.21,49.13,49.17,0,0,36605
10155,2020-10-22 10:06:00,49.18,49.18,49.05,49.1,0,0,47263
10156,2020-10-22 10:07:00,49.1,49.13,49.06,49.08,0,0,26801
10157,2020-10-22 10:08:00,49.07,49.09,49.0,49.05,0,0,56294
10158,2020-10-22 10:09:00,49.04,49.04,48.81,48.86,0,0,128579
10159,2020-10-22 10:10:00,48.85,48.87,48.76,48.83,0,0,110561
10160,2020-10-22 10:11:00,48.84,48.88,48.8,48.85,0,0,44724
10161,2020-10-22 10:12:00,48.85,48.86,48.77,48.84,0,0,35018
10162,2020-10-22 10:13:00,48.85,48.89,48.82,48.82,0,0,23128
10163,2020-10-22 10:14:00,48.83,48.84,48.76,48.82,0,0,48172
10164,2020-10-22 10:15:00,48.82,48.82,48.68,48.69,0,0,51504
10165,2020-10-22 10:16:00,48.7,48.81,48.66,48.81,0,0,51566
10166,2020-10-22 10:17:00,48.81,48.81,48.62,48.67,0,0,68367
10167,2020-10-22 10:18:00,48.66,48.66,48.58,48.61,0,0,76029
10168,2020-10-22 10:19:00,48.62,48.68,48.61,48.63,0,0,43724
10169,2020-10-22 10:20:00,48.64,48.64,48.46,48.52,0,0,110994
10170,2020-10-22 10:21:00,48.53,48.59,48.5,48.54,0,0,44370
10171,2020-10-22 10:22:00,48.53,48.63,48.53,48.61,0,0,32742
10172,2020-10-22 10:23:00,48.62,48.62,48.5,48.53,0,0,70672
10173,2020-10-22 10:24:00,48.53,48.53,48.29,48.35,0,0,149952
10174,2020-10-22 10:25:00,48.36,48.38,48.27,48.38,0,0,55522
10175,2020-10-22 10:26:00,48.37,48.4,48.33,48.36,0,0,44076
10176,2020-10-22 10:27:00,48.36,48.42,48.36,48.38,0,0,50872
10177,2020-10-22 10:28:00,48.39,48.43,48.38,48.42,0,0,34281
10178,2020-10-22 10:29:00,48.42,48.46,48.38,48.39,0,0,47003
10179,2020-10-22 10:30:00,48.39,48.46,48.38,48.46,0,0,43897
10180,2020-10-22 10:31:00,48.46,48.55,48.4,48.55,0,0,110312
10181,2020-10-22 10:32:00,48.55,48.55,48.4,48.4,0,0,51085
10182,2020-10-22 10:33:00,48.41,48.41,48.21,48.24,0,0,161543
10183,2020-10-22 10:34:00,48.25,48.31,48.23,48.28,0,0,35126
10184,2020-10-22 10:35:00,48.28,48.37,48.26,48.37,0,0,39097
10185,2020-10-22 10:36:00,48.38,48.44,48.33,48.44,0,0,33701
10186,2020-10-22 10:37:00,48.44,48.53,48.41,48.52,0,0,40163
10187,2020-10-22 10:38:00,48.51,48.53,48.48,48.49,0,0,42015
10188,2020-10-22 10:39:00,48.49,48.51,48.38,48.39,0,0,28312
10189,2020-10-22 10:40:00,48.39,48.39,48.28,48.29,0,0,46103
10190,2020-10-22 10:41:00,48.29,48.43,48.29,48.41,0,0,61453
10191,2020-10-22 10:42:00,48.41,48.49,48.38,48.49,0,0,45935
10192,2020-10-22 10:43:00,48.48,48.52,48.44,48.46,0,0,45793
10193,2020-10-22 10:44:00,48.45,48.49,48.29,48.29,0,0,101248
10194,2020-10-22 10:45:00,48.31,48.32,48.25,48.28,0,0,42472
10195,2020-10-22 10:46:00,48.29,48.3,48.25,48.28,0,0,75360
10196,2020-10-22 10:47:00,48.26,48.27,48.21,48.22,0,0,37692
10197,2020-10-22 10:48:00,48.22,48.24,48.15,48.18,0,0,74408
10198,2020-10-22 10:49:00,48.18,48.29,48.11,48.18,0,0,121523
10199,2020-10-22 10:50:00,48.18,48.2,48.12,48.19,0,0,39752
10200,2020-10-22 10:51:00,48.2,48.29,48.17,48.28,0,0,75017
10201,2020-10-22 10:52:00,48.26,48.32,48.18,48.19,0,0,46725
10202,2020-10-22 10:53:00,48.19,48.25,48.15,48.22,0,0,41161
10203,2020-10-22 10:54:00,48.23,48.25,48.18,48.2,0,0,50228
10204,2020-10-22 10:55:00,48.2,48.28,48.2,48.23,0,0,49914
10205,2020-10-22 10:56:00,48.23,48.29,48.23,48.28,0,0,45093
10206,2020-10-22 10:57:00,48.27,48.32,48.25,48.3,0,0,42577
10207,2020-10-22 10:58:00,48.31,48.33,48.27,48.28,0,0,27005
10208,2020-10-22 10:59:00,48.28,48.3,48.19,48.2,0,0,39587
10209,2020-10-22 11:00:00,48.19,48.29,48.17,48.27,0,0,57695
10210,2020-10-22 11:01:00,48.27,48.29,48.24,48.26,0,0,19691
10211,2020-10-22 11:02:00,48.25,48.3,48.24,48.26,0,0,22619
10212,2020-10-22 11:03:00,48.26,48.27,48.21,48.21,0,0,28122
10213,2020-10-22 11:04:00,48.2,48.21,48.15,48.19,0,0,101719
10214,2020-10-22 11:05:00,48.18,48.24,48.16,48.18,0,0,41839
10215,2020-10-22 11:06:00,48.19,48.19,48.15,48.16,0,0,43044
10216,2020-10-22 11:07:00,48.16,48.18,48.12,48.17,0,0,76666
10217,2020-10-22 11:08:00,48.18,48.18,48.14,48.15,0,0,17359
10218,2020-10-22 11:09:00,48.15,48.18,48.11,48.11,0,0,35688
10219,2020-10-22 11:10:00,48.11,48.16,48.11,48.15,0,0,27909
10220,2020-10-22 11:11:00,48.15,48.23,48.12,48.22,0,0,21246
10221,2020-10-22 11:12:00,48.21,48.3,48.19,48.26,0,0,48910
10222,2020-10-22 11:13:00,48.26,48.38,48.26,48.36,0,0,42566
10223,2020-10-22 11:14:00,48.36,48.49,48.35,48.48,0,0,55451
10224,2020-10-22 11:15:00,48.48,48.5,48.46,48.47,0,0,20970
10225,2020-10-22 11:16:00,48.46,48.47,48.38,48.46,0,0,20084
10226,2020-10-22 11:17:00,48.47,48.49,48.43,48.45,0,0,17277
10227,2020-10-22 11:18:00,48.46,48.47,48.34,48.37,0,0,18554
10228,2020-10-22 11:19:00,48.38,48.4,48.34,48.4,0,0,12087
10229,2020-10-22 11:20:00,48.4,48.52,48.4,48.51,0,0,22416
10230,2020-10-22 11:21:00,48.52,48.55,48.51,48.52,0,0,27391
10231,2020-10-22 11:22:00,48.51,48.51,48.47,48.51,0,0,27442
10232,2020-10-22 11:23:00,48.51,48.58,48.51,48.57,0,0,25781
10233,2020-10-22 11:24:00,48.57,48.6,48.54,48.54,0,0,30921
10234,2020-10-22 11:25:00,48.53,48.53,48.46,48.46,0,0,50736
10235,2020-10-22 11:26:00,48.47,48.49,48.42,48.44,0,0,27795
10236,2020-10-22 11:27:00,48.44,48.48,48.43,48.47,0,0,30638
10237,2020-10-22 11:28:00,48.48,48.48,48.39,48.4,0,0,31091
10238,2020-10-22 11:29:00,48.42,48.46,48.4,48.4,0,0,20589
10239,2020-10-22 11:30:00,48.4,48.44,48.35,48.39,0,0,47264
10240,2020-10-22 11:31:00,48.37,48.4,48.37,48.4,0,0,14741
10241,2020-10-22 11:32:00,48.41,48.42,48.33,48.35,0,0,26719
10242,2020-10-22 11:33:00,48.36,48.37,48.31,48.31,0,0,32163
10243,2020-10-22 11:34:00,48.31,48.32,48.24,48.26,0,0,59104
10244,2020-10-22 11:35:00,48.25,48.32,48.23,48.29,0,0,29952
10245,2020-10-22 11:36:00,48.3,48.32,48.28,48.29,0,0,38235
10246,2020-10-22 11:37:00,48.3,48.31,48.24,48.24,0,0,31656
10247,2020-10-22 11:38:00,48.24,48.28,48.24,48.27,0,0,22419
10248,2020-10-22 11:39:00,48.28,48.32,48.27,48.31,0,0,11840
10249,2020-10-22 11:40:00,48.32,48.33,48.25,48.26,0,0,15948
10250,2020-10-22 11:41:00,48.26,48.34,48.26,48.34,0,0,9867
10251,2020-10-22 11:42:00,48.34,48.42,48.32,48.42,0,0,27965
10252,2020-10-22 11:43:00,48.42,48.46,48.37,48.4,0,0,24358
10253,2020-10-22 11:44:00,48.4,48.44,48.37,48.41,0,0,12445
10254,2020-10-22 11:45:00,48.43,48.46,48.41,48.44,0,0,14513
10255,2020-10-22 11:46:00,48.43,48.5,48.43,48.5,0,0,16318
10256,2020-10-22 11:47:00,48.5,48.52,48.47,48.51,0,0,30370
10257,2020-10-22 11:48:00,48.52,48.53,48.49,48.51,0,0,21169
10258,2020-10-22 11:49:00,48.51,48.51,48.47,48.48,0,0,11374
10259,2020-10-22 11:50:00,48.48,48.53,48.48,48.53,0,0,22051
10260,2020-10-22 11:51:00,48.53,48.59,48.52,48.58,0,0,36438
10261,2020-10-22 11:52:00,48.57,48.58,48.53,48.54,0,0,10321
10262,2020-10-22 11:53:00,48.53,48.54,48.51,48.51,0,0,10972
10263,2020-10-22 11:54:00,48.5,48.51,48.44,48.44,0,0,29361
10264,2020-10-22 11:55:00,48.44,48.49,48.44,48.44,0,0,10327
10265,2020-10-22 11:56:00,48.45,48.49,48.44,48.49,0,0,11261
10266,2020-10-22 11:57:00,48.49,48.51,48.48,48.48,0,0,12149
10267,2020-10-22 11:58:00,48.47,48.51,48.46,48.49,0,0,7848
10268,2020-10-22 11:59:00,48.49,48.5,48.47,48.5,0,0,12251
10269,2020-10-22 12:00:00,48.49,48.51,48.46,48.47,0,0,16618
10270,2020-10-22 12:01:00,48.47,48.55,48.47,48.55,0,0,11443
10271,2020-10-22 12:02:00,48.54,48.63,48.54,48.6,0,0,33523
10272,2020-10-22 12:03:00,48.59,48.61,48.57,48.58,0,0,26665
10273,2020-10-22 12:04:00,48.58,48.58,48.54,48.57,0,0,45187
10274,2020-10-22 12:05:00,48.57,48.67,48.57,48.65,0,0,74363
10275,2020-10-22 12:06:00,48.66,48.73,48.65,48.71,0,0,35135
10276,2020-10-22 12:07:00,48.72,48.76,48.69,48.73,0,0,23902
10277,2020-10-22 12:08:00,48.74,48.78,48.74,48.78,0,0,31608
10278,2020-10-22 12:09:00,48.79,48.86,48.78,48.85,0,0,25412
10279,2020-10-22 12:10:00,48.86,48.86,48.82,48.85,0,0,36097
10280,2020-10-22 12:11:00,48.85,48.91,48.79,48.89,0,0,76538
10281,2020-10-22 12:12:00,48.89,48.93,48.87,48.92,0,0,28132
10282,2020-10-22 12:13:00,48.91,48.92,48.81,48.89,0,0,70519
10283,2020-10-22 12:14:00,48.89,48.95,48.88,48.94,0,0,49059
10284,2020-10-22 12:15:00,48.94,48.99,48.92,48.92,0,0,59911
10285,2020-10-22 12:16:00,48.92,48.92,48.89,48.9,0,0,7433
10286,2020-10-22 12:17:00,48.89,48.96,48.86,48.95,0,0,31594
10287,2020-10-22 12:18:00,48.95,48.99,48.95,48.99,0,0,18810
10288,2020-10-22 12:19:00,48.98,48.98,48.9,48.9,0,0,17234
10289,2020-10-22 12:20:00,48.91,48.94,48.88,48.93,0,0,28065
10290,2020-10-22 12:21:00,48.94,49.0,48.9,49.0,0,0,19059
10291,2020-10-22 12:22:00,48.99,49.03,48.99,49.0,0,0,20473
10292,2020-10-22 12:23:00,49.0,49.01,48.96,48.96,0,0,11433
10293,2020-10-22 12:24:00,48.97,49.04,48.95,49.04,0,0,64319
10294,2020-10-22 12:25:00,49.04,49.07,49.03,49.07,0,0,30048
10295,2020-10-22 12:26:00,49.07,49.12,49.06,49.11,0,0,20151
10296,2020-10-22 12:27:00,49.11,49.2,49.1,49.15,0,0,66205
10297,2020-10-22 12:28:00,49.15,49.2,49.13,49.17,0,0,56854
10298,2020-10-22 12:29:00,49.17,49.27,49.15,49.26,0,0,70378
10299,2020-10-22 12:30:00,49.25,49.25,49.17,49.17,0,0,32191
10300,2020-10-22 12:31:00,49.18,49.2,49.1,49.11,0,0,46716
10301,2020-10-22 12:32:00,49.11,49.14,49.09,49.1,0,0,24189
10302,2020-10-22 12:33:00,49.1,49.25,49.09,49.24,0,0,50071
10303,2020-10-22 12:34:00,49.23,49.26,49.19,49.19,0,0,27057
10304,2020-10-22 12:35:00,49.18,49.22,49.16,49.16,0,0,16669
10305,2020-10-22 12:36:00,49.16,49.17,49.09,49.13,0,0,21282
10306,2020-10-22 12:37:00,49.14,49.24,49.14,49.21,0,0,20256
10307,2020-10-22 12:38:00,49.21,49.24,49.18,49.23,0,0,15320
10308,2020-10-22 12:39:00,49.22,49.24,49.19,49.22,0,0,48936
10309,2020-10-22 12:40:00,49.21,49.21,49.14,49.16,0,0,10486
10310,2020-10-22 12:41:00,49.15,49.15,49.1,49.1,0,0,24222
10311,2020-10-22 12:42:00,49.1,49.12,49.01,49.02,0,0,38313
10312,2020-10-22 12:43:00,49.01,49.05,48.98,49.03,0,0,27511
10313,2020-10-22 12:44:00,49.04,49.16,49.02,49.11,0,0,85191
10314,2020-10-22 12:45:00,49.11,49.2,49.1,49.1,0,0,31949
10315,2020-10-22 12:46:00,49.08,49.1,49.02,49.03,0,0,83492
10316,2020-10-22 12:47:00,49.02,49.04,48.97,48.99,0,0,17519
10317,2020-10-22 12:48:00,49.0,49.13,48.99,49.13,0,0,35469
10318,2020-10-22 12:49:00,49.14,49.26,49.14,49.26,0,0,55878
10319,2020-10-22 12:50:00,49.26,49.3,49.19,49.25,0,0,96649
10320,2020-10-22 12:51:00,49.25,49.28,49.24,49.26,0,0,46749
10321,2020-10-22 12:52:00,49.26,49.26,49.19,49.22,0,0,17621
10322,2020-10-22 12:53:00,49.21,49.22,49.15,49.17,0,0,27081
10323,2020-10-22 12:54:00,49.16,49.19,49.14,49.18,0,0,13228
10324,2020-10-22 12:55:00,49.18,49.19,49.15,49.18,0,0,17438
10325,2020-10-22 12:56:00,49.18,49.26,49.18,49.24,0,0,31475
10326,2020-10-22 12:57:00,49.26,49.27,49.23,49.26,0,0,8205
10327,2020-10-22 12:58:00,49.25,49.32,49.23,49.3,0,0,54709
10328,2020-10-22 12:59:00,49.31,49.34,49.3,49.34,0,0,13319
10329,2020-10-22 13:00:00,49.33,49.41,49.33,49.4,0,0,44124
10330,2020-10-22 13:01:00,49.42,49.54,49.41,49.52,0,0,82280
10331,2020-10-22 13:02:00,49.52,49.56,49.5,49.51,0,0,86288
10332,2020-10-22 13:03:00,49.5,49.6,49.5,49.59,0,0,61518
10333,2020-10-22 13:04:00,49.58,49.65,49.57,49.62,0,0,38149
10334,2020-10-22 13:05:00,49.63,49.63,49.6,49.6,0,0,25336
10335,2020-10-22 13:06:00,49.6,49.7,49.6,49.7,0,0,53599
10336,2020-10-22 13:07:00,49.74,49.78,49.69,49.69,0,0,77250
10337,2020-10-22 13:08:00,49.7,49.77,49.68,49.69,0,0,42631
10338,2020-10-22 13:09:00,49.68,49.74,49.68,49.72,0,0,41297
10339,2020-10-22 13:10:00,49.71,49.86,49.69,49.86,0,0,69965
10340,2020-10-22 13:11:00,49.86,49.86,49.67,49.69,0,0,51952
10341,2020-10-22 13:12:00,49.7,49.73,49.68,49.71,0,0,14389
10342,2020-10-22 13:13:00,49.71,49.79,49.7,49.78,0,0,30074
10343,2020-10-22 13:14:00,49.78,49.86,49.76,49.84,0,0,83423
10344,2020-10-22 13:15:00,49.84,49.84,49.75,49.79,0,0,25517
10345,2020-10-22 13:16:00,49.78,49.82,49.73,49.8,0,0,45247
10346,2020-10-22 13:17:00,49.81,49.82,49.76,49.8,0,0,69763
10347,2020-10-22 13:18:00,49.79,49.81,49.79,49.81,0,0,43124
10348,2020-10-22 13:19:00,49.81,49.82,49.79,49.79,0,0,31432
10349,2020-10-22 13:20:00,49.8,49.81,49.76,49.79,0,0,70993
10350,2020-10-22 13:21:00,49.79,49.84,49.71,49.71,0,0,33355
10351,2020-10-22 13:22:00,49.72,49.74,49.67,49.72,0,0,19784
10352,2020-10-22 13:23:00,49.72,49.77,49.63,49.65,0,0,63038
10353,2020-10-22 13:24:00,49.64,49.74,49.64,49.73,0,0,61337
10354,2020-10-22 13:25:00,49.74,49.77,49.71,49.72,0,0,19501
10355,2020-10-22 13:26:00,49.72,49.74,49.72,49.72,0,0,12283
10356,2020-10-22 13:27:00,49.72,49.72,49.71,49.72,0,0,6920
10357,2020-10-22 13:28:00,49.72,49.75,49.7,49.72,0,0,40258
10358,2020-10-22 13:29:00,49.7,49.75,49.65,49.75,0,0,41598
10359,2020-10-22 13:30:00,49.74,49.74,49.67,49.71,0,0,25692
10360,2020-10-22 13:31:00,49.7,49.72,49.69,49.72,0,0,10140
10361,2020-10-22 13:32:00,49.73,49.73,49.66,49.71,0,0,24546
10362,2020-10-22 13:33:00,49.7,49.7,49.65,49.67,0,0,9336
10363,2020-10-22 13:34:00,49.68,49.73,49.68,49.7,0,0,23646
10364,2020-10-22 13:35:00,49.69,49.72,49.68,49.72,0,0,29042
10365,2020-10-22 13:36:00,49.72,49.73,49.69,49.69,0,0,12017
10366,2020-10-22 13:37:00,49.7,49.81,49.7,49.76,0,0,40481
10367,2020-10-22 13:38:00,49.76,49.79,49.76,49.76,0,0,8329
10368,2020-10-22 13:39:00,49.76,49.76,49.73,49.76,0,0,4312
10369,2020-10-22 13:40:00,49.75,49.76,49.71,49.72,0,0,11928
10370,2020-10-22 13:41:00,49.72,49.78,49.71,49.77,0,0,23036
10371,2020-10-22 13:42:00,49.77,49.77,49.75,49.76,0,0,5535
10372,2020-10-22 13:43:00,49.76,49.83,49.74,49.83,0,0,15405
10373,2020-10-22 13:44:00,49.84,49.9,49.83,49.89,0,0,49734
10374,2020-10-22 13:45:00,49.89,49.95,49.88,49.89,0,0,45424
10375,2020-10-22 13:46:00,49.89,49.92,49.88,49.92,0,0,24589
10376,2020-10-22 13:47:00,49.9,49.93,49.88,49.89,0,0,33928
10377,2020-10-22 13:48:00,49.88,49.9,49.88,49.88,0,0,21153
10378,2020-10-22 13:49:00,49.88,49.93,49.88,49.92,0,0,26845
10379,2020-10-22 13:50:00,49.92,49.94,49.88,49.9,0,0,31004
10380,2020-10-22 13:51:00,49.9,49.91,49.79,49.85,0,0,35510
10381,2020-10-22 13:52:00,49.84,49.92,49.83,49.92,0,0,18453
10382,2020-10-22 13:53:00,49.92,49.98,49.89,49.97,0,0,40435
10383,2020-10-22 13:54:00,49.96,49.99,49.92,49.97,0,0,27496
10384,2020-10-22 13:55:00,49.97,49.98,49.91,49.92,0,0,43983
10385,2020-10-22 13:56:00,49.91,49.91,49.85,49.86,0,0,18190
10386,2020-10-22 13:57:00,49.85,49.87,49.81,49.81,0,0,277488
10387,2020-10-22 13:58:00,49.81,49.82,49.74,49.74,0,0,26572
10388,2020-10-22 13:59:00,49.73,49.74,49.69,49.71,0,0,26645
10389,2020-10-22 14:00:00,49.72,49.81,49.72,49.81,0,0,23448
10390,2020-10-22 14:01:00,49.81,49.84,49.81,49.84,0,0,17111
10391,2020-10-22 14:02:00,49.83,49.87,49.8,49.86,0,0,27151
10392,2020-10-22 14:03:00,49.86,49.87,49.83,49.85,0,0,12364
10393,2020-10-22 14:04:00,49.86,49.86,49.79,49.79,0,0,20236
10394,2020-10-22 14:05:00,49.81,49.83,49.79,49.8,0,0,11903
10395,2020-10-22 14:06:00,49.8,49.84,49.8,49.83,0,0,12959
10396,2020-10-22 14:07:00,49.83,49.85,49.79,49.81,0,0,15558
10397,2020-10-22 14:08:00,49.81,49.85,49.79,49.83,0,0,12214
10398,2020-10-22 14:09:00,49.85,49.85,49.78,49.85,0,0,24722
10399,2020-10-22 14:10:00,49.84,49.86,49.83,49.84,0,0,9798
10400,2020-10-22 14:11:00,49.84,49.86,49.84,49.85,0,0,14083
10401,2020-10-22 14:12:00,49.85,49.85,49.83,49.83,0,0,21080
10402,2020-10-22 14:13:00,49.84,49.88,49.82,49.87,0,0,141443
10403,2020-10-22 14:14:00,49.87,49.87,49.72,49.76,0,0,61077
10404,2020-10-22 14:15:00,49.76,49.78,49.72,49.74,0,0,22931
10405,2020-10-22 14:16:00,49.74,49.8,49.73,49.78,0,0,55894
10406,2020-10-22 14:17:00,49.78,49.79,49.76,49.78,0,0,8522
10407,2020-10-22 14:18:00,49.78,49.78,49.72,49.76,0,0,45888
10408,2020-10-22 14:19:00,49.77,49.88,49.77,49.83,0,0,97922
10409,2020-10-22 14:20:00,49.84,49.85,49.76,49.76,0,0,18021
10410,2020-10-22 14:21:00,49.76,49.8,49.76,49.78,0,0,16192
10411,2020-10-22 14:22:00,49.79,49.79,49.77,49.77,0,0,7389
10412,2020-10-22 14:23:00,49.76,49.78,49.76,49.78,0,0,14403
10413,2020-10-22 14:24:00,49.79,49.82,49.79,49.82,0,0,12634
10414,2020-10-22 14:25:00,49.81,49.82,49.78,49.79,0,0,14098
10415,2020-10-22 14:26:00,49.8,49.8,49.77,49.77,0,0,7407
10416,2020-10-22 14:27:00,49.77,49.8,49.76,49.8,0,0,10785
10417,2020-10-22 14:28:00,49.79,49.79,49.76,49.78,0,0,9053
10418,2020-10-22 14:29:00,49.79,49.81,49.78,49.8,0,0,12110
10419,2020-10-22 14:30:00,49.79,49.79,49.75,49.76,0,0,14503
10420,2020-10-22 14:31:00,49.75,49.78,49.73,49.78,0,0,17029
10421,2020-10-22 14:32:00,49.78,49.78,49.74,49.75,0,0,10962
10422,2020-10-22 14:33:00,49.74,49.78,49.7,49.76,0,0,32066
10423,2020-10-22 14:34:00,49.77,49.81,49.77,49.78,0,0,11984
10424,2020-10-22 14:35:00,49.79,49.81,49.76,49.81,0,0,13217
10425,2020-10-22 14:36:00,49.8,49.81,49.79,49.81,0,0,24496
10426,2020-10-22 14:37:00,49.81,49.81,49.79,49.81,0,0,4587
10427,2020-10-22 14:38:00,49.8,49.8,49.76,49.78,0,0,13463
10428,2020-10-22 14:39:00,49.78,49.8,49.78,49.8,0,0,4187
10429,2020-10-22 14:40:00,49.8,49.81,49.77,49.78,0,0,15144
10430,2020-10-22 14:41:00,49.78,49.79,49.77,49.78,0,0,6824
10431,2020-10-22 14:42:00,49.79,49.85,49.78,49.83,0,0,24192
10432,2020-10-22 14:43:00,49.82,49.82,49.78,49.78,0,0,21239
10433,2020-10-22 14:44:00,49.77,49.78,49.76,49.76,0,0,12640
10434,2020-10-22 14:45:00,49.75,49.77,49.71,49.76,0,0,19293
10435,2020-10-22 14:46:00,49.75,49.75,49.73,49.73,0,0,9144
10436,2020-10-22 14:47:00,49.73,49.73,49.71,49.72,0,0,6463
10437,2020-10-22 14:48:00,49.72,49.74,49.72,49.73,0,0,17017
10438,2020-10-22 14:49:00,49.73,49.73,49.72,49.72,0,0,13574
10439,2020-10-22 14:50:00,49.72,49.73,49.67,49.71,0,0,23484
10440,2020-10-22 14:51:00,49.72,49.78,49.72,49.76,0,0,18315
10441,2020-10-22 14:52:00,49.76,49.81,49.76,49.78,0,0,12841
10442,2020-10-22 14:53:00,49.79,49.79,49.76,49.77,0,0,7663
10443,2020-10-22 14:54:00,49.77,49.82,49.76,49.78,0,0,19801
10444,2020-10-22 14:55:00,49.78,49.79,49.76,49.78,0,0,40004
10445,2020-10-22 14:56:00,49.78,49.79,49.77,49.79,0,0,12853
10446,2020-10-22 14:57:00,49.78,49.8,49.77,49.77,0,0,7660
10447,2020-10-22 14:58:00,49.77,49.77,49.73,49.74,0,0,171042
10448,2020-10-22 14:59:00,49.74,49.76,49.71,49.71,0,0,24012
10449,2020-10-22 15:00:00,49.72,49.75,49.72,49.74,0,0,30764
10450,2020-10-22 15:01:00,49.74,49.77,49.74,49.76,0,0,11806
10451,2020-10-22 15:02:00,49.77,49.78,49.75,49.77,0,0,10816
10452,2020-10-22 15:03:00,49.78,49.81,49.77,49.81,0,0,33150
10453,2020-10-22 15:04:00,49.81,49.81,49.78,49.8,0,0,24121
10454,2020-10-22 15:05:00,49.8,49.81,49.79,49.79,0,0,20719
10455,2020-10-22 15:06:00,49.79,49.79,49.76,49.78,0,0,25847
10456,2020-10-22 15:07:00,49.8,49.81,49.75,49.76,0,0,14476
10457,2020-10-22 15:08:00,49.75,49.76,49.74,49.74,0,0,9936
10458,2020-10-22 15:09:00,49.74,49.77,49.74,49.77,0,0,17117
10459,2020-10-22 15:10:00,49.76,49.78,49.73,49.74,0,0,17421
10460,2020-10-22 15:11:00,49.75,49.76,49.71,49.76,0,0,19373
10461,2020-10-22 15:12:00,49.76,49.77,49.73,49.74,0,0,10358
10462,2020-10-22 15:13:00,49.74,49.77,49.73,49.76,0,0,13487
10463,2020-10-22 15:14:00,49.76,49.77,49.76,49.76,0,0,15006
10464,2020-10-22 15:15:00,49.76,49.78,49.73,49.74,0,0,22193
10465,2020-10-22 15:16:00,49.74,49.75,49.72,49.74,0,0,5836
10466,2020-10-22 15:17:00,49.74,49.76,49.72,49.74,0,0,15298
10467,2020-10-22 15:18:00,49.74,49.75,49.72,49.75,0,0,11556
10468,2020-10-22 15:19:00,49.76,49.8,49.75,49.8,0,0,25744
10469,2020-10-22 15:20:00,49.79,49.97,49.79,49.96,0,0,65429
10470,2020-10-22 15:21:00,49.96,49.99,49.95,49.97,0,0,35105
10471,2020-10-22 15:22:00,49.97,49.99,49.94,49.94,0,0,89530
10472,2020-10-22 15:23:00,49.95,49.99,49.95,49.99,0,0,49643
10473,2020-10-22 15:24:00,49.99,50.08,49.98,50.03,0,0,242590
10474,2020-10-22 15:25:00,50.03,50.03,50.0,50.0,0,0,31786
10475,2020-10-22 15:26:00,49.99,50.03,49.99,50.03,0,0,27410
10476,2020-10-22 15:27:00,50.03,50.04,50.0,50.0,0,0,41005
10477,2020-10-22 15:28:00,50.0,50.02,49.99,50.01,0,0,26069
10478,2020-10-22 15:29:00,50.01,50.03,50.01,50.01,0,0,16145
10479,2020-10-22 15:30:00,50.01,50.03,50.0,50.01,0,0,20249
10480,2020-10-22 15:31:00,50.0,50.01,49.99,49.99,0,0,34043
10481,2020-10-22 15:32:00,49.99,50.02,49.99,50.0,0,0,14557
10482,2020-10-22 15:33:00,49.99,50.01,49.93,49.93,0,0,46911
10483,2020-10-22 15:34:00,49.93,49.94,49.9,49.93,0,0,35801
10484,2020-10-22 15:35:00,49.93,49.97,49.92,49.97,0,0,39494
10485,2020-10-22 15:36:00,49.97,50.0,49.96,50.0,0,0,67883
10486,2020-10-22 15:37:00,49.99,50.01,49.99,49.99,0,0,61969
10487,2020-10-22 15:38:00,49.99,50.03,49.98,49.99,0,0,210869
10488,2020-10-22 15:39:00,49.99,50.0,49.98,49.99,0,0,89755
10489,2020-10-22 15:40:00,49.99,50.03,49.99,50.03,0,0,40938
10490,2020-10-22 15:41:00,50.03,50.05,50.01,50.03,0,0,123235
10491,2020-10-22 15:42:00,50.02,50.07,50.02,50.07,0,0,48099
10492,2020-10-22 15:43:00,50.06,50.12,50.06,50.12,0,0,72441
10493,2020-10-22 15:44:00,50.12,50.19,50.11,50.18,0,0,92263
10494,2020-10-22 15:45:00,50.17,50.2,50.15,50.19,0,0,82555
10495,2020-10-22 15:46:00,50.2,50.22,50.19,50.21,0,0,68419
10496,2020-10-22 15:47:00,50.21,50.24,50.21,50.24,0,0,74865
10497,2020-10-22 15:48:00,50.23,50.26,50.22,50.24,0,0,89664
10498,2020-10-22 15:49:00,50.24,50.29,50.23,50.29,0,0,125867
10499,2020-10-22 15:50:00,50.29,50.34,50.28,50.31,0,0,150675
10500,2020-10-22 15:51:00,50.31,50.31,50.26,50.28,0,0,107437
10501,2020-10-22 15:52:00,50.28,50.28,50.22,50.23,0,0,107459
10502,2020-10-22 15:53:00,50.22,50.23,50.2,50.22,0,0,82365
10503,2020-10-22 15:54:00,50.22,50.24,50.21,50.24,0,0,94575
10504,2020-10-22 15:55:00,50.24,50.24,50.18,50.19,0,0,124324
10505,2020-10-22 15:56:00,50.18,50.2,50.16,50.19,0,0,128879
10506,2020-10-22 15:57:00,50.2,50.24,50.15,50.19,0,0,167509
10507,2020-10-22 15:58:00,50.19,50.22,50.18,50.21,0,0,177599
10508,2020-10-22 15:59:00,50.22,50.28,50.15,50.28,0,0,299161
10509,2020-10-23 09:30:00,50.2,50.2,50.14,50.14,0,0,47853
10510,2020-10-23 09:31:00,50.2,50.2,50.04,50.06,0,0,160951
10511,2020-10-23 09:32:00,50.04,50.07,49.96,50.0,0,0,60771
10512,2020-10-23 09:33:00,50.01,50.01,49.87,49.94,0,0,38970
10513,2020-10-23 09:34:00,49.92,49.94,49.77,49.79,0,0,34745
10514,2020-10-23 09:35:00,49.79,49.89,49.68,49.89,0,0,46839
10515,2020-10-23 09:36:00,49.87,49.98,49.79,49.95,0,0,28939
10516,2020-10-23 09:37:00,49.95,50.09,49.94,50.05,0,0,29821
10517,2020-10-23 09:38:00,50.08,50.17,50.07,50.13,0,0,23897
10518,2020-10-23 09:39:00,50.12,50.13,50.06,50.06,0,0,15489
10519,2020-10-23 09:40:00,50.07,50.07,49.99,49.99,0,0,18952
10520,2020-10-23 09:41:00,49.96,50.08,49.94,50.02,0,0,51697
10521,2020-10-23 09:42:00,50.01,50.07,49.95,49.96,0,0,34686
10522,2020-10-23 09:43:00,49.96,50.14,49.96,50.12,0,0,36854
10523,2020-10-23 09:44:00,50.12,50.16,50.09,50.13,0,0,16497
10524,2020-10-23 09:45:00,50.13,50.15,50.07,50.08,0,0,18941
10525,2020-10-23 09:46:00,50.08,50.16,50.03,50.15,0,0,26214
10526,2020-10-23 09:47:00,50.15,50.24,50.15,50.2,0,0,70671
10527,2020-10-23 09:48:00,50.19,50.23,50.02,50.03,0,0,41692
10528,2020-10-23 09:49:00,50.02,50.03,49.91,49.94,0,0,53832
10529,2020-10-23 09:50:00,49.95,49.98,49.91,49.94,0,0,26205
10530,2020-10-23 09:51:00,49.95,50.05,49.95,50.02,0,0,177201
10531,2020-10-23 09:52:00,50.01,50.06,49.99,50.03,0,0,39105
10532,2020-10-23 09:53:00,50.02,50.03,49.89,49.9,0,0,45789
10533,2020-10-23 09:54:00,49.9,49.95,49.83,49.93,0,0,25734
10534,2020-10-23 09:55:00,49.93,50.02,49.89,50.0,0,0,37286
10535,2020-10-23 09:56:00,50.01,50.03,49.92,49.93,0,0,40943
10536,2020-10-23 09:57:00,49.94,49.94,49.88,49.88,0,0,20994
10537,2020-10-23 09:58:00,49.88,49.91,49.83,49.84,0,0,51616
10538,2020-10-23 09:59:00,49.84,49.84,49.71,49.72,0,0,81399
10539,2020-10-23 10:00:00,49.72,49.72,49.58,49.58,0,0,115442
10540,2020-10-23 10:01:00,49.59,49.62,49.51,49.58,0,0,82428
10541,2020-10-23 10:02:00,49.57,49.57,49.51,49.52,0,0,35869
10542,2020-10-23 10:03:00,49.53,49.56,49.45,49.5,0,0,58061
10543,2020-10-23 10:04:00,49.5,49.57,49.5,49.56,0,0,146017
10544,2020-10-23 10:05:00,49.56,49.56,49.38,49.39,0,0,256608
10545,2020-10-23 10:06:00,49.39,49.45,49.35,49.37,0,0,147674
10546,2020-10-23 10:07:00,49.37,49.44,49.35,49.4,0,0,105026
10547,2020-10-23 10:08:00,49.4,49.46,49.35,49.45,0,0,138802
10548,2020-10-23 10:09:00,49.45,49.48,49.31,49.32,0,0,76789
10549,2020-10-23 10:10:00,49.32,49.41,49.28,49.31,0,0,247391
10550,2020-10-23 10:11:00,49.31,49.33,49.19,49.2,0,0,67445
10551,2020-10-23 10:12:00,49.2,49.27,49.18,49.23,0,0,198572
10552,2020-10-23 10:13:00,49.24,49.35,49.24,49.28,0,0,209028
10553,2020-10-23 10:14:00,49.28,49.29,49.24,49.25,0,0,139932
10554,2020-10-23 10:15:00,49.24,49.24,49.14,49.15,0,0,82824
10555,2020-10-23 10:16:00,49.15,49.19,49.05,49.13,0,0,358928
10556,2020-10-23 10:17:00,49.15,49.32,49.12,49.3,0,0,68722
10557,2020-10-23 10:18:00,49.3,49.3,49.24,49.27,0,0,101473
10558,2020-10-23 10:19:00,49.27,49.37,49.27,49.33,0,0,43636
10559,2020-10-23 10:20:00,49.33,49.41,49.31,49.4,0,0,69527
10560,2020-10-23 10:21:00,49.4,49.43,49.3,49.43,0,0,143027
10561,2020-10-23 10:22:00,49.43,49.52,49.43,49.47,0,0,56900
10562,2020-10-23 10:23:00,49.47,49.51,49.31,49.36,0,0,82335
10563,2020-10-23 10:24:00,49.39,49.41,49.35,49.35,0,0,46826
10564,2020-10-23 10:25:00,49.35,49.4,49.34,49.4,0,0,49219
10565,2020-10-23 10:26:00,49.4,49.42,49.38,49.38,0,0,76075
10566,2020-10-23 10:27:00,49.38,49.47,49.35,49.47,0,0,30096
10567,2020-10-23 10:28:00,49.46,49.54,49.46,49.5,0,0,46572
10568,2020-10-23 10:29:00,49.5,49.5,49.46,49.47,0,0,50068
10569,2020-10-23 10:30:00,49.47,49.61,49.46,49.6,0,0,108853
10570,2020-10-23 10:31:00,49.59,49.59,49.46,49.47,0,0,37895
10571,2020-10-23 10:32:00,49.46,49.58,49.46,49.54,0,0,34002
10572,2020-10-23 10:33:00,49.54,49.56,49.53,49.55,0,0,11538
10573,2020-10-23 10:34:00,49.56,49.6,49.47,49.47,0,0,51424
10574,2020-10-23 10:35:00,49.47,49.5,49.39,49.41,0,0,41025
10575,2020-10-23 10:36:00,49.42,49.42,49.31,49.31,0,0,38686
10576,2020-10-23 10:37:00,49.31,49.33,49.14,49.16,0,0,139542
10577,2020-10-23 10:38:00,49.16,49.18,49.01,49.01,0,0,119651
10578,2020-10-23 10:39:00,49.01,49.04,48.94,49.02,0,0,73802
10579,2020-10-23 10:40:00,49.03,49.2,49.03,49.14,0,0,42835
10580,2020-10-23 10:41:00,49.15,49.2,49.13,49.13,0,0,25755
10581,2020-10-23 10:42:00,49.13,49.2,49.12,49.15,0,0,33467
10582,2020-10-23 10:43:00,49.15,49.16,49.06,49.12,0,0,42165
10583,2020-10-23 10:44:00,49.15,49.16,49.01,49.08,0,0,34536
10584,2020-10-23 10:45:00,49.08,49.14,49.02,49.07,0,0,41835
10585,2020-10-23 10:46:00,49.06,49.13,49.05,49.09,0,0,21906
10586,2020-10-23 10:47:00,49.09,49.12,49.04,49.04,0,0,26907
10587,2020-10-23 10:48:00,49.05,49.11,49.05,49.07,0,0,31805
10588,2020-10-23 10:49:00,49.08,49.14,49.08,49.08,0,0,26602
10589,2020-10-23 10:50:00,49.09,49.11,48.99,49.02,0,0,45211
10590,2020-10-23 10:51:00,49.02,49.08,49.01,49.04,0,0,11821
10591,2020-10-23 10:52:00,49.05,49.06,49.01,49.05,0,0,13054
10592,2020-10-23 10:53:00,49.03,49.08,49.02,49.07,0,0,12614
10593,2020-10-23 10:54:00,49.06,49.17,49.06,49.14,0,0,67173
10594,2020-10-23 10:55:00,49.13,49.21,49.12,49.21,0,0,15587
10595,2020-10-23 10:56:00,49.23,49.39,49.23,49.39,0,0,31992
10596,2020-10-23 10:57:00,49.39,49.41,49.37,49.4,0,0,44009
10597,2020-10-23 10:58:00,49.4,49.4,49.34,49.35,0,0,30230
10598,2020-10-23 10:59:00,49.34,49.35,49.33,49.35,0,0,19441
10599,2020-10-23 11:00:00,49.35,49.36,49.31,49.34,0,0,53866
10600,2020-10-23 11:01:00,49.34,49.39,49.28,49.28,0,0,52971
10601,2020-10-23 11:02:00,49.28,49.3,49.17,49.22,0,0,47081
10602,2020-10-23 11:03:00,49.23,49.34,49.23,49.34,0,0,23508
10603,2020-10-23 11:04:00,49.35,49.37,49.32,49.36,0,0,21945
10604,2020-10-23 11:05:00,49.37,49.4,49.34,49.4,0,0,22822
10605,2020-10-23 11:06:00,49.4,49.4,49.38,49.4,0,0,25417
10606,2020-10-23 11:07:00,49.4,49.45,49.39,49.4,0,0,39421
10607,2020-10-23 11:08:00,49.4,49.47,49.4,49.45,0,0,24993
10608,2020-10-23 11:09:00,49.46,49.5,49.45,49.48,0,0,9793
10609,2020-10-23 11:10:00,49.49,49.51,49.44,49.5,0,0,27238
10610,2020-10-23 11:11:00,49.5,49.59,49.5,49.59,0,0,60995
10611,2020-10-23 11:12:00,49.59,49.64,49.59,49.59,0,0,51712
10612,2020-10-23 11:13:00,49.59,49.68,49.59,49.68,0,0,25040
10613,2020-10-23 11:14:00,49.68,49.72,49.66,49.72,0,0,25610
10614,2020-10-23 11:15:00,49.72,49.78,49.68,49.68,0,0,51744
10615,2020-10-23 11:16:00,49.69,49.8,49.69,49.78,0,0,32408
10616,2020-10-23 11:17:00,49.79,49.85,49.76,49.83,0,0,39846
10617,2020-10-23 11:18:00,49.82,49.84,49.75,49.81,0,0,72059
10618,2020-10-23 11:19:00,49.83,49.83,49.76,49.82,0,0,56557
10619,2020-10-23 11:20:00,49.82,49.9,49.81,49.81,0,0,50488
10620,2020-10-23 11:21:00,49.81,49.81,49.65,49.66,0,0,81144
10621,2020-10-23 11:22:00,49.67,49.69,49.62,49.67,0,0,27639
10622,2020-10-23 11:23:00,49.67,49.7,49.65,49.65,0,0,25811
10623,2020-10-23 11:24:00,49.66,49.66,49.58,49.62,0,0,25353
10624,2020-10-23 11:25:00,49.62,49.63,49.6,49.62,0,0,10791
10625,2020-10-23 11:26:00,49.62,49.67,49.61,49.67,0,0,14580
10626,2020-10-23 11:27:00,49.67,49.71,49.65,49.69,0,0,22473
10627,2020-10-23 11:28:00,49.68,49.79,49.68,49.79,0,0,18677
10628,2020-10-23 11:29:00,49.79,49.93,49.76,49.89,0,0,126024
10629,2020-10-23 11:30:00,49.88,49.94,49.86,49.91,0,0,33558
10630,2020-10-23 11:31:00,49.92,49.94,49.89,49.94,0,0,28480
10631,2020-10-23 11:32:00,49.93,50.09,49.93,50.06,0,0,88286
10632,2020-10-23 11:33:00,50.06,50.09,50.01,50.02,0,0,42781
10633,2020-10-23 11:34:00,50.01,50.03,49.95,50.02,0,0,36751
10634,2020-10-23 11:35:00,50.03,50.05,49.89,49.9,0,0,57591
10635,2020-10-23 11:36:00,49.9,49.92,49.82,49.83,0,0,34615
10636,2020-10-23 11:37:00,49.83,49.9,49.83,49.87,0,0,32609
10637,2020-10-23 11:38:00,49.89,49.89,49.81,49.85,0,0,8667
10638,2020-10-23 11:39:00,49.85,49.86,49.78,49.84,0,0,22630
10639,2020-10-23 11:40:00,49.81,49.83,49.79,49.79,0,0,39240
10640,2020-10-23 11:41:00,49.81,49.88,49.81,49.86,0,0,34069
10641,2020-10-23 11:42:00,49.88,49.91,49.83,49.84,0,0,31469
10642,2020-10-23 11:43:00,49.84,49.84,49.78,49.79,0,0,5672
10643,2020-10-23 11:44:00,49.78,49.78,49.69,49.69,0,0,25846
10644,2020-10-23 11:45:00,49.68,49.75,49.68,49.72,0,0,11721
10645,2020-10-23 11:46:00,49.72,49.72,49.53,49.61,0,0,94993
10646,2020-10-23 11:47:00,49.62,49.65,49.61,49.62,0,0,10413
10647,2020-10-23 11:48:00,49.62,49.67,49.61,49.61,0,0,15695
10648,2020-10-23 11:49:00,49.62,49.64,49.6,49.61,0,0,31202
10649,2020-10-23 11:50:00,49.61,49.65,49.61,49.62,0,0,16867
10650,2020-10-23 11:51:00,49.62,49.64,49.62,49.63,0,0,10274
10651,2020-10-23 11:52:00,49.61,49.62,49.55,49.58,0,0,14954
10652,2020-10-23 11:53:00,49.59,49.66,49.59,49.62,0,0,8602
10653,2020-10-23 11:54:00,49.62,49.65,49.56,49.56,0,0,20664
10654,2020-10-23 11:55:00,49.56,49.62,49.56,49.58,0,0,38754
10655,2020-10-23 11:56:00,49.58,49.63,49.56,49.63,0,0,7948
10656,2020-10-23 11:57:00,49.62,49.63,49.61,49.62,0,0,4053
10657,2020-10-23 11:58:00,49.62,49.62,49.6,49.62,0,0,4796
10658,2020-10-23 11:59:00,49.62,49.68,49.62,49.68,0,0,9774
10659,2020-10-23 12:00:00,49.68,49.68,49.57,49.6,0,0,38031
10660,2020-10-23 12:01:00,49.59,49.59,49.52,49.53,0,0,21614
10661,2020-10-23 12:02:00,49.52,49.58,49.5,49.58,0,0,21684
10662,2020-10-23 12:03:00,49.59,49.6,49.56,49.56,0,0,18418
10663,2020-10-23 12:04:00,49.57,49.58,49.55,49.56,0,0,7382
10664,2020-10-23 12:05:00,49.57,49.59,49.56,49.57,0,0,10370
10665,2020-10-23 12:06:00,49.57,49.6,49.57,49.59,0,0,9979
10666,2020-10-23 12:07:00,49.59,49.64,49.59,49.63,0,0,7286
10667,2020-10-23 12:08:00,49.64,49.65,49.62,49.65,0,0,8217
10668,2020-10-23 12:09:00,49.65,49.65,49.62,49.62,0,0,5734
10669,2020-10-23 12:10:00,49.63,49.65,49.63,49.65,0,0,9691
10670,2020-10-23 12:11:00,49.66,49.67,49.65,49.65,0,0,7093
10671,2020-10-23 12:12:00,49.65,49.65,49.61,49.61,0,0,23682
10672,2020-10-23 12:13:00,49.61,49.63,49.57,49.6,0,0,9294
10673,2020-10-23 12:14:00,49.6,49.63,49.6,49.61,0,0,6644
10674,2020-10-23 12:15:00,49.61,49.62,49.6,49.61,0,0,4501
10675,2020-10-23 12:16:00,49.62,49.64,49.45,49.54,0,0,60392
10676,2020-10-23 12:17:00,49.54,49.55,49.46,49.49,0,0,22561
10677,2020-10-23 12:18:00,49.49,49.52,49.44,49.5,0,0,22899
10678,2020-10-23 12:19:00,49.5,49.54,49.5,49.51,0,0,18207
10679,2020-10-23 12:20:00,49.53,49.53,49.4,49.41,0,0,20842
10680,2020-10-23 12:21:00,49.41,49.46,49.41,49.41,0,0,19604
10681,2020-10-23 12:22:00,49.43,49.51,49.41,49.5,0,0,16547
10682,2020-10-23 12:23:00,49.5,49.54,49.5,49.52,0,0,7633
10683,2020-10-23 12:24:00,49.53,49.53,49.51,49.53,0,0,5031
10684,2020-10-23 12:25:00,49.53,49.54,49.49,49.52,0,0,21420
10685,2020-10-23 12:26:00,49.53,49.57,49.53,49.56,0,0,11823
10686,2020-10-23 12:27:00,49.56,49.56,49.52,49.52,0,0,6169
10687,2020-10-23 12:28:00,49.53,49.54,49.53,49.53,0,0,10122
10688,2020-10-23 12:29:00,49.53,49.55,49.53,49.53,0,0,8745
10689,2020-10-23 12:30:00,49.52,49.53,49.47,49.48,0,0,19101
10690,2020-10-23 12:31:00,49.49,49.54,49.48,49.54,0,0,12667
10691,2020-10-23 12:32:00,49.55,49.55,49.52,49.54,0,0,4983
10692,2020-10-23 12:33:00,49.54,49.62,49.54,49.62,0,0,20649
10693,2020-10-23 12:34:00,49.62,49.62,49.59,49.6,0,0,11140
10694,2020-10-23 12:35:00,49.59,49.64,49.59,49.61,0,0,7192
10695,2020-10-23 12:36:00,49.62,49.63,49.59,49.61,0,0,7349
10696,2020-10-23 12:37:00,49.62,49.65,49.61,49.65,0,0,6002
10697,2020-10-23 12:38:00,49.66,49.66,49.59,49.6,0,0,36381
10698,2020-10-23 12:39:00,49.61,49.62,49.57,49.62,0,0,30567
10699,2020-10-23 12:40:00,49.61,49.66,49.6,49.66,0,0,10817
10700,2020-10-23 12:41:00,49.65,49.65,49.62,49.64,0,0,9816
10701,2020-10-23 12:42:00,49.64,49.66,49.64,49.65,0,0,5460
10702,2020-10-23 12:43:00,49.64,49.66,49.59,49.66,0,0,18231
10703,2020-10-23 12:44:00,49.65,49.69,49.65,49.69,0,0,7216
10704,2020-10-23 12:45:00,49.69,49.7,49.67,49.7,0,0,15286
10705,2020-10-23 12:46:00,49.69,49.71,49.66,49.7,0,0,9830
10706,2020-10-23 12:47:00,49.7,49.7,49.68,49.7,0,0,13041
10707,2020-10-23 12:48:00,49.69,49.72,49.69,49.72,0,0,17329
10708,2020-10-23 12:49:00,49.73,49.76,49.73,49.76,0,0,4476
10709,2020-10-23 12:50:00,49.76,49.83,49.76,49.79,0,0,42258
10710,2020-10-23 12:51:00,49.79,49.85,49.79,49.85,0,0,18616
10711,2020-10-23 12:52:00,49.85,49.85,49.81,49.81,0,0,18012
10712,2020-10-23 12:53:00,49.82,49.83,49.81,49.82,0,0,7264
10713,2020-10-23 12:54:00,49.81,49.85,49.8,49.85,0,0,11202
10714,2020-10-23 12:55:00,49.85,49.9,49.85,49.89,0,0,47852
10715,2020-10-23 12:56:00,49.88,49.88,49.81,49.82,0,0,15836
10716,2020-10-23 12:57:00,49.81,49.81,49.72,49.73,0,0,16556
10717,2020-10-23 12:58:00,49.74,49.83,49.71,49.81,0,0,17789
10718,2020-10-23 12:59:00,49.81,49.87,49.81,49.85,0,0,9814
10719,2020-10-23 13:00:00,49.85,49.87,49.83,49.87,0,0,9205
10720,2020-10-23 13:01:00,49.88,49.9,49.87,49.9,0,0,19318
10721,2020-10-23 13:02:00,49.9,49.92,49.89,49.9,0,0,15450
10722,2020-10-23 13:03:00,49.89,49.9,49.84,49.88,0,0,25904
10723,2020-10-23 13:04:00,49.87,49.92,49.86,49.91,0,0,38923
10724,2020-10-23 13:05:00,49.91,49.92,49.9,49.9,0,0,15140
10725,2020-10-23 13:06:00,49.9,49.93,49.88,49.93,0,0,39567
10726,2020-10-23 13:07:00,49.92,49.95,49.91,49.94,0,0,19743
10727,2020-10-23 13:08:00,49.95,49.95,49.9,49.91,0,0,7257
10728,2020-10-23 13:09:00,49.91,49.92,49.89,49.91,0,0,12822
10729,2020-10-23 13:10:00,49.9,49.93,49.89,49.91,0,0,14479
10730,2020-10-23 13:11:00,49.91,49.91,49.85,49.9,0,0,30524
10731,2020-10-23 13:12:00,49.89,49.9,49.87,49.87,0,0,3556
10732,2020-10-23 13:13:00,49.87,49.89,49.87,49.88,0,0,2266
10733,2020-10-23 13:14:00,49.87,49.87,49.85,49.86,0,0,9690
10734,2020-10-23 13:15:00,49.88,49.93,49.88,49.93,0,0,10113
10735,2020-10-23 13:16:00,49.93,49.94,49.87,49.88,0,0,13794
10736,2020-10-23 13:17:00,49.88,49.88,49.84,49.85,0,0,12048
10737,2020-10-23 13:18:00,49.86,49.88,49.84,49.87,0,0,5978
10738,2020-10-23 13:19:00,49.86,49.87,49.82,49.82,0,0,15202
10739,2020-10-23 13:20:00,49.81,49.81,49.77,49.79,0,0,21782
10740,2020-10-23 13:21:00,49.79,49.82,49.79,49.81,0,0,15383
10741,2020-10-23 13:22:00,49.8,49.81,49.79,49.8,0,0,3683
10742,2020-10-23 13:23:00,49.8,49.84,49.79,49.83,0,0,13248
10743,2020-10-23 13:24:00,49.84,49.88,49.82,49.87,0,0,6009
10744,2020-10-23 13:25:00,49.86,49.87,49.82,49.83,0,0,11664
10745,2020-10-23 13:26:00,49.83,49.84,49.81,49.83,0,0,3008
10746,2020-10-23 13:27:00,49.84,49.88,49.84,49.86,0,0,6577
10747,2020-10-23 13:28:00,49.86,49.92,49.86,49.92,0,0,16168
10748,2020-10-23 13:29:00,49.92,49.98,49.92,49.97,0,0,53650
10749,2020-10-23 13:30:00,49.97,50.04,49.97,50.04,0,0,56776
10750,2020-10-23 13:31:00,50.05,50.1,50.05,50.08,0,0,36339
10751,2020-10-23 13:32:00,50.08,50.1,50.06,50.07,0,0,27829
10752,2020-10-23 13:33:00,50.08,50.08,50.03,50.08,0,0,19091
10753,2020-10-23 13:34:00,50.08,50.08,50.02,50.06,0,0,27620
10754,2020-10-23 13:35:00,50.06,50.07,50.03,50.06,0,0,6952
10755,2020-10-23 13:36:00,50.04,50.08,50.02,50.06,0,0,14492
10756,2020-10-23 13:37:00,50.08,50.08,50.02,50.03,0,0,13814
10757,2020-10-23 13:38:00,50.05,50.08,50.05,50.06,0,0,14958
10758,2020-10-23 13:39:00,50.06,50.08,50.04,50.08,0,0,9851
10759,2020-10-23 13:40:00,50.08,50.11,50.06,50.06,0,0,26188
10760,2020-10-23 13:41:00,50.06,50.1,50.06,50.1,0,0,6662
10761,2020-10-23 13:42:00,50.1,50.11,50.08,50.1,0,0,6654
10762,2020-10-23 13:43:00,50.1,50.1,50.07,50.08,0,0,9481
10763,2020-10-23 13:44:00,50.08,50.1,50.07,50.1,0,0,8178
10764,2020-10-23 13:45:00,50.1,50.11,50.08,50.08,0,0,7771
10765,2020-10-23 13:46:00,50.09,50.13,50.08,50.13,0,0,18496
10766,2020-10-23 13:47:00,50.13,50.17,50.13,50.17,0,0,22839
10767,2020-10-23 13:48:00,50.16,50.17,50.15,50.17,0,0,18897
10768,2020-10-23 13:49:00,50.18,50.2,50.16,50.18,0,0,23992
10769,2020-10-23 13:50:00,50.17,50.21,50.17,50.2,0,0,15142
10770,2020-10-23 13:51:00,50.21,50.21,50.16,50.17,0,0,17618
10771,2020-10-23 13:52:00,50.17,50.19,50.16,50.17,0,0,8779
10772,2020-10-23 13:53:00,50.17,50.19,50.16,50.17,0,0,9187
10773,2020-10-23 13:54:00,50.17,50.19,50.17,50.17,0,0,9518
10774,2020-10-23 13:55:00,50.18,50.21,50.17,50.21,0,0,10031
10775,2020-10-23 13:56:00,50.21,50.24,50.21,50.22,0,0,32467
10776,2020-10-23 13:57:00,50.23,50.23,50.22,50.22,0,0,9836
10777,2020-10-23 13:58:00,50.22,50.24,50.21,50.23,0,0,9299
10778,2020-10-23 13:59:00,50.24,50.24,50.22,50.23,0,0,17883
10779,2020-10-23 14:00:00,50.23,50.32,50.22,50.31,0,0,84671
10780,2020-10-23 14:01:00,50.31,50.33,50.29,50.31,0,0,25245
10781,2020-10-23 14:02:00,50.31,50.34,50.31,50.33,0,0,15451
10782,2020-10-23 14:03:00,50.32,50.35,50.32,50.33,0,0,11242
10783,2020-10-23 14:04:00,50.33,50.37,50.33,50.37,0,0,38792
10784,2020-10-23 14:05:00,50.37,50.4,50.36,50.36,0,0,39333
10785,2020-10-23 14:06:00,50.35,50.36,50.29,50.3,0,0,35297
10786,2020-10-23 14:07:00,50.29,50.31,50.29,50.31,0,0,3146
10787,2020-10-23 14:08:00,50.31,50.34,50.31,50.33,0,0,21687
10788,2020-10-23 14:09:00,50.33,50.37,50.33,50.37,0,0,17816
10789,2020-10-23 14:10:00,50.38,50.39,50.32,50.35,0,0,37459
10790,2020-10-23 14:11:00,50.35,50.36,50.33,50.34,0,0,25689
10791,2020-10-23 14:12:00,50.33,50.33,50.22,50.23,0,0,52655
10792,2020-10-23 14:13:00,50.23,50.26,50.22,50.25,0,0,14234
10793,2020-10-23 14:14:00,50.24,50.27,50.24,50.26,0,0,8692
10794,2020-10-23 14:15:00,50.26,50.26,50.2,50.24,0,0,18995
10795,2020-10-23 14:16:00,50.24,50.27,50.22,50.26,0,0,16632
10796,2020-10-23 14:17:00,50.26,50.3,50.25,50.26,0,0,7517
10797,2020-10-23 14:18:00,50.27,50.29,50.26,50.26,0,0,20107
10798,2020-10-23 14:19:00,50.25,50.26,50.2,50.23,0,0,29243
10799,2020-10-23 14:20:00,50.23,50.23,50.17,50.18,0,0,21030
10800,2020-10-23 14:21:00,50.19,50.19,50.14,50.15,0,0,27381
10801,2020-10-23 14:22:00,50.15,50.17,50.12,50.14,0,0,23487
10802,2020-10-23 14:23:00,50.14,50.16,50.12,50.14,0,0,26930
10803,2020-10-23 14:24:00,50.15,50.16,50.13,50.15,0,0,16861
10804,2020-10-23 14:25:00,50.15,50.16,50.1,50.13,0,0,17793
10805,2020-10-23 14:26:00,50.13,50.16,50.1,50.15,0,0,18376
10806,2020-10-23 14:27:00,50.14,50.17,50.13,50.17,0,0,8124
10807,2020-10-23 14:28:00,50.15,50.19,50.15,50.17,0,0,10001
10808,2020-10-23 14:29:00,50.17,50.23,50.17,50.22,0,0,25237
10809,2020-10-23 14:30:00,50.22,50.24,50.21,50.22,0,0,12144
10810,2020-10-23 14:31:00,50.22,50.24,50.22,50.22,0,0,14687
10811,2020-10-23 14:32:00,50.22,50.29,50.22,50.28,0,0,18237
10812,2020-10-23 14:33:00,50.28,50.31,50.28,50.31,0,0,15785
10813,2020-10-23 14:34:00,50.3,50.35,50.3,50.35,0,0,19882
10814,2020-10-23 14:35:00,50.36,50.36,50.33,50.34,0,0,25834
10815,2020-10-23 14:36:00,50.33,50.37,50.29,50.35,0,0,32777
10816,2020-10-23 14:37:00,50.35,50.38,50.33,50.33,0,0,20388
10817,2020-10-23 14:38:00,50.33,50.36,50.33,50.35,0,0,8542
10818,2020-10-23 14:39:00,50.36,50.38,50.35,50.36,0,0,14974
10819,2020-10-23 14:40:00,50.37,50.39,50.36,50.37,0,0,17631
10820,2020-10-23 14:41:00,50.37,50.4,50.35,50.38,0,0,47292
10821,2020-10-23 14:42:00,50.38,50.38,50.34,50.35,0,0,36872
10822,2020-10-23 14:43:00,50.35,50.37,50.33,50.33,0,0,12919
10823,2020-10-23 14:44:00,50.33,50.35,50.33,50.33,0,0,10863
10824,2020-10-23 14:45:00,50.33,50.33,50.29,50.32,0,0,23548
10825,2020-10-23 14:46:00,50.31,50.36,50.31,50.34,0,0,15411
10826,2020-10-23 14:47:00,50.35,50.35,50.33,50.34,0,0,5856
10827,2020-10-23 14:48:00,50.34,50.35,50.32,50.33,0,0,21078
10828,2020-10-23 14:49:00,50.33,50.38,50.33,50.38,0,0,27930
10829,2020-10-23 14:50:00,50.37,50.38,50.36,50.37,0,0,14511
10830,2020-10-23 14:51:00,50.36,50.37,50.35,50.36,0,0,16943
10831,2020-10-23 14:52:00,50.36,50.37,50.35,50.37,0,0,28733
10832,2020-10-23 14:53:00,50.36,50.37,50.33,50.33,0,0,30215
10833,2020-10-23 14:54:00,50.33,50.33,50.27,50.28,0,0,16223
10834,2020-10-23 14:55:00,50.28,50.31,50.27,50.27,0,0,14648
10835,2020-10-23 14:56:00,50.28,50.33,50.28,50.32,0,0,10575
10836,2020-10-23 14:57:00,50.31,50.33,50.28,50.33,0,0,37192
10837,2020-10-23 14:58:00,50.33,50.33,50.22,50.23,0,0,46403
10838,2020-10-23 14:59:00,50.22,50.23,50.18,50.22,0,0,18236
10839,2020-10-23 15:00:00,50.21,50.22,50.17,50.2,0,0,29291
10840,2020-10-23 15:01:00,50.22,50.26,50.22,50.23,0,0,14659
10841,2020-10-23 15:02:00,50.23,50.23,50.19,50.22,0,0,13876
10842,2020-10-23 15:03:00,50.22,50.23,50.22,50.22,0,0,7483
10843,2020-10-23 15:04:00,50.23,50.24,50.22,50.22,0,0,16228
10844,2020-10-23 15:05:00,50.22,50.23,50.2,50.22,0,0,20595
10845,2020-10-23 15:06:00,50.23,50.24,50.22,50.24,0,0,3647
10846,2020-10-23 15:07:00,50.24,50.26,50.24,50.24,0,0,15921
10847,2020-10-23 15:08:00,50.24,50.28,50.24,50.28,0,0,12302
10848,2020-10-23 15:09:00,50.29,50.29,50.28,50.28,0,0,8386
10849,2020-10-23 15:10:00,50.28,50.32,50.28,50.31,0,0,19674
10850,2020-10-23 15:11:00,50.31,50.31,50.27,50.31,0,0,24720
10851,2020-10-23 15:12:00,50.31,50.31,50.28,50.31,0,0,11470
10852,2020-10-23 15:13:00,50.32,50.36,50.32,50.35,0,0,14446
10853,2020-10-23 15:14:00,50.35,50.36,50.33,50.34,0,0,27208
10854,2020-10-23 15:15:00,50.33,50.34,50.31,50.33,0,0,10516
10855,2020-10-23 15:16:00,50.32,50.33,50.32,50.33,0,0,7507
10856,2020-10-23 15:17:00,50.33,50.35,50.32,50.34,0,0,7953
10857,2020-10-23 15:18:00,50.33,50.35,50.31,50.35,0,0,24766
10858,2020-10-23 15:19:00,50.35,50.35,50.33,50.33,0,0,6810
10859,2020-10-23 15:20:00,50.33,50.35,50.33,50.33,0,0,16830
10860,2020-10-23 15:21:00,50.34,50.35,50.33,50.33,0,0,16670
10861,2020-10-23 15:22:00,50.34,50.34,50.33,50.33,0,0,10313
10862,2020-10-23 15:23:00,50.33,50.35,50.33,50.35,0,0,11282
10863,2020-10-23 15:24:00,50.35,50.35,50.3,50.31,0,0,21483
10864,2020-10-23 15:25:00,50.31,50.31,50.24,50.25,0,0,30096
10865,2020-10-23 15:26:00,50.26,50.28,50.26,50.27,0,0,9803
10866,2020-10-23 15:27:00,50.27,50.28,50.26,50.26,0,0,11635
10867,2020-10-23 15:28:00,50.26,50.29,50.24,50.29,0,0,11591
10868,2020-10-23 15:29:00,50.29,50.29,50.27,50.29,0,0,17357
10869,2020-10-23 15:30:00,50.3,50.3,50.25,50.26,0,0,19803
10870,2020-10-23 15:31:00,50.26,50.26,50.24,50.26,0,0,21226
10871,2020-10-23 15:32:00,50.25,50.26,50.23,50.25,0,0,17203
10872,2020-10-23 15:33:00,50.26,50.28,50.26,50.27,0,0,9434
10873,2020-10-23 15:34:00,50.27,50.28,50.26,50.27,0,0,14651
10874,2020-10-23 15:35:00,50.28,50.31,50.27,50.3,0,0,23376
10875,2020-10-23 15:36:00,50.31,50.31,50.29,50.3,0,0,11622
10876,2020-10-23 15:37:00,50.29,50.31,50.29,50.29,0,0,17705
10877,2020-10-23 15:38:00,50.29,50.33,50.29,50.33,0,0,13577
10878,2020-10-23 15:39:00,50.33,50.35,50.33,50.33,0,0,25264
10879,2020-10-23 15:40:00,50.33,50.35,50.32,50.35,0,0,29955
10880,2020-10-23 15:41:00,50.36,50.37,50.35,50.37,0,0,21745
10881,2020-10-23 15:42:00,50.37,50.4,50.37,50.38,0,0,28564
10882,2020-10-23 15:43:00,50.38,50.42,50.37,50.41,0,0,67492
10883,2020-10-23 15:44:00,50.41,50.45,50.4,50.44,0,0,35964
10884,2020-10-23 15:45:00,50.44,50.46,50.42,50.42,0,0,73940
10885,2020-10-23 15:46:00,50.42,50.43,50.4,50.42,0,0,37612
10886,2020-10-23 15:47:00,50.42,50.47,50.42,50.46,0,0,43580
10887,2020-10-23 15:48:00,50.46,50.5,50.46,50.47,0,0,79027
10888,2020-10-23 15:49:00,50.48,50.48,50.42,50.44,0,0,52423
10889,2020-10-23 15:50:00,50.44,50.47,50.42,50.44,0,0,59718
10890,2020-10-23 15:51:00,50.44,50.45,50.43,50.44,0,0,29740
10891,2020-10-23 15:52:00,50.44,50.46,50.38,50.39,0,0,89178
10892,2020-10-23 15:53:00,50.38,50.4,50.32,50.32,0,0,79686
10893,2020-10-23 15:54:00,50.33,50.37,50.32,50.37,0,0,55276
10894,2020-10-23 15:55:00,50.37,50.38,50.34,50.38,0,0,98462
10895,2020-10-23 15:56:00,50.37,50.39,50.35,50.38,0,0,86484
10896,2020-10-23 15:57:00,50.38,50.44,50.38,50.42,0,0,89617
10897,2020-10-23 15:58:00,50.42,50.44,50.39,50.43,0,0,92106
10898,2020-10-23 15:59:00,50.44,50.48,50.41,50.45,0,0,184081
10899,2020-10-26 09:30:00,50.0,50.08,49.85,49.88,0,0,325970
10900,2020-10-26 09:31:00,49.89,50.06,49.85,49.96,0,0,104940
10901,2020-10-26 09:32:00,49.97,50.11,49.94,49.98,0,0,49921
10902,2020-10-26 09:33:00,49.98,50.07,49.95,50.07,0,0,81870
10903,2020-10-26 09:34:00,50.07,50.17,50.04,50.08,0,0,58179
10904,2020-10-26 09:35:00,50.07,50.1,49.87,49.97,0,0,91472
10905,2020-10-26 09:36:00,49.97,50.14,49.97,50.09,0,0,68334
10906,2020-10-26 09:37:00,50.1,50.21,50.09,50.1,0,0,107299
10907,2020-10-26 09:38:00,50.11,50.12,49.9,49.95,0,0,133039
10908,2020-10-26 09:39:00,49.94,49.96,49.86,49.86,0,0,61496
10909,2020-10-26 09:40:00,49.87,49.95,49.8,49.91,0,0,100317
10910,2020-10-26 09:41:00,49.9,49.92,49.81,49.85,0,0,65813
10911,2020-10-26 09:42:00,49.86,49.86,49.71,49.74,0,0,106664
10912,2020-10-26 09:43:00,49.74,49.85,49.73,49.85,0,0,49834
10913,2020-10-26 09:44:00,49.85,50.0,49.85,49.99,0,0,61724
10914,2020-10-26 09:45:00,50.02,50.08,50.0,50.01,0,0,48272
10915,2020-10-26 09:46:00,50.01,50.02,49.75,49.81,0,0,71436
10916,2020-10-26 09:47:00,49.81,49.87,49.77,49.83,0,0,124618
10917,2020-10-26 09:48:00,49.83,49.94,49.81,49.94,0,0,45185
10918,2020-10-26 09:49:00,49.94,49.95,49.85,49.95,0,0,52605
10919,2020-10-26 09:50:00,49.95,50.05,49.95,50.01,0,0,33580
10920,2020-10-26 09:51:00,50.01,50.2,49.99,50.09,0,0,83525
10921,2020-10-26 09:52:00,50.1,50.16,50.05,50.05,0,0,61645
10922,2020-10-26 09:53:00,50.04,50.06,49.99,50.05,0,0,33827
10923,2020-10-26 09:54:00,50.05,50.15,50.04,50.15,0,0,43300
10924,2020-10-26 09:55:00,50.15,50.18,50.04,50.1,0,0,40054
10925,2020-10-26 09:56:00,50.1,50.16,50.1,50.12,0,0,26011
10926,2020-10-26 09:57:00,50.13,50.31,50.13,50.25,0,0,66394
10927,2020-10-26 09:58:00,50.25,50.25,50.15,50.17,0,0,29769
10928,2020-10-26 09:59:00,50.17,50.65,50.17,50.6,0,0,734837
10929,2020-10-26 10:00:00,50.6,50.61,50.48,50.48,0,0,323290
10930,2020-10-26 10:01:00,50.51,50.56,50.45,50.47,0,0,118635
10931,2020-10-26 10:02:00,50.47,50.49,50.38,50.48,0,0,122596
10932,2020-10-26 10:03:00,50.48,50.52,50.42,50.51,0,0,98392
10933,2020-10-26 10:04:00,50.51,50.53,50.32,50.35,0,0,142296
10934,2020-10-26 10:05:00,50.35,50.41,50.29,50.32,0,0,113364
10935,2020-10-26 10:06:00,50.31,50.32,50.02,50.06,0,0,169368
10936,2020-10-26 10:07:00,50.06,50.16,50.01,50.05,0,0,82263
10937,2020-10-26 10:08:00,50.06,50.07,49.99,50.04,0,0,90158
10938,2020-10-26 10:09:00,50.04,50.16,50.0,50.15,0,0,53901
10939,2020-10-26 10:10:00,50.16,50.18,49.97,50.02,0,0,53890
10940,2020-10-26 10:11:00,50.01,50.02,49.86,50.01,0,0,79174
10941,2020-10-26 10:12:00,50.01,50.05,49.94,49.95,0,0,45557
10942,2020-10-26 10:13:00,49.95,49.97,49.86,49.88,0,0,63577
10943,2020-10-26 10:14:00,49.89,49.89,49.8,49.85,0,0,300556
10944,2020-10-26 10:15:00,49.85,50.04,49.84,49.98,0,0,76846
10945,2020-10-26 10:16:00,49.97,50.1,49.94,49.95,0,0,76009
10946,2020-10-26 10:17:00,49.93,50.01,49.92,49.95,0,0,18467
10947,2020-10-26 10:18:00,49.96,50.03,49.94,49.99,0,0,33978
10948,2020-10-26 10:19:00,49.97,49.99,49.88,49.88,0,0,22997
10949,2020-10-26 10:20:00,49.89,49.93,49.86,49.9,0,0,34057
10950,2020-10-26 10:21:00,49.9,49.92,49.86,49.88,0,0,59067
10951,2020-10-26 10:22:00,49.88,49.96,49.85,49.95,0,0,29534
10952,2020-10-26 10:23:00,49.95,49.96,49.9,49.9,0,0,24383
10953,2020-10-26 10:24:00,49.89,49.94,49.89,49.9,0,0,33208
10954,2020-10-26 10:25:00,49.9,49.97,49.87,49.94,0,0,34575
10955,2020-10-26 10:26:00,49.94,49.96,49.85,49.88,0,0,39225
10956,2020-10-26 10:27:00,49.87,49.87,49.81,49.85,0,0,35178
10957,2020-10-26 10:28:00,49.84,49.85,49.77,49.83,0,0,84510
10958,2020-10-26 10:29:00,49.83,49.85,49.79,49.8,0,0,33683
10959,2020-10-26 10:30:00,49.79,49.86,49.72,49.72,0,0,61709
10960,2020-10-26 10:31:00,49.72,49.73,49.57,49.59,0,0,130619
10961,2020-10-26 10:32:00,49.59,49.63,49.51,49.53,0,0,37469
10962,2020-10-26 10:33:00,49.52,49.65,49.52,49.61,0,0,33187
10963,2020-10-26 10:34:00,49.63,49.69,49.63,49.67,0,0,19283
10964,2020-10-26 10:35:00,49.66,49.72,49.62,49.71,0,0,34638
10965,2020-10-26 10:36:00,49.72,49.82,49.69,49.78,0,0,50253
10966,2020-10-26 10:37:00,49.78,49.8,49.75,49.76,0,0,24471
10967,2020-10-26 10:38:00,49.75,49.77,49.7,49.76,0,0,17620
10968,2020-10-26 10:39:00,49.75,49.76,49.72,49.73,0,0,18512
10969,2020-10-26 10:40:00,49.73,49.74,49.69,49.74,0,0,16291
10970,2020-10-26 10:41:00,49.73,49.8,49.71,49.8,0,0,31878
10971,2020-10-26 10:42:00,49.79,49.88,49.77,49.86,0,0,33409
10972,2020-10-26 10:43:00,49.87,49.87,49.84,49.87,0,0,23251
10973,2020-10-26 10:44:00,49.88,49.99,49.88,49.96,0,0,45190
10974,2020-10-26 10:45:00,49.96,50.05,49.93,50.03,0,0,57175
10975,2020-10-26 10:46:00,50.04,50.07,49.91,49.94,0,0,39130
10976,2020-10-26 10:47:00,49.94,49.95,49.85,49.86,0,0,14654
10977,2020-10-26 10:48:00,49.85,49.85,49.77,49.78,0,0,33332
10978,2020-10-26 10:49:00,49.77,49.77,49.64,49.7,0,0,48415
10979,2020-10-26 10:50:00,49.69,49.69,49.53,49.54,0,0,34010
10980,2020-10-26 10:51:00,49.55,49.59,49.53,49.55,0,0,34809
10981,2020-10-26 10:52:00,49.53,49.56,49.51,49.51,0,0,33469
10982,2020-10-26 10:53:00,49.51,49.6,49.51,49.6,0,0,34798
10983,2020-10-26 10:54:00,49.61,49.65,49.56,49.57,0,0,74137
10984,2020-10-26 10:55:00,49.58,49.71,49.58,49.66,0,0,32917
10985,2020-10-26 10:56:00,49.66,49.69,49.63,49.67,0,0,16088
10986,2020-10-26 10:57:00,49.66,49.7,49.59,49.7,0,0,47622
10987,2020-10-26 10:58:00,49.69,49.73,49.64,49.66,0,0,84799
10988,2020-10-26 10:59:00,49.66,49.69,49.62,49.62,0,0,64801
10989,2020-10-26 11:00:00,49.62,49.62,49.53,49.54,0,0,22235
10990,2020-10-26 11:01:00,49.54,49.6,49.5,49.6,0,0,50510
10991,2020-10-26 11:02:00,49.62,49.62,49.55,49.56,0,0,30456
10992,2020-10-26 11:03:00,49.56,49.56,49.47,49.51,0,0,62563
10993,2020-10-26 11:04:00,49.5,49.65,49.49,49.61,0,0,23543
10994,2020-10-26 11:05:00,49.62,49.67,49.62,49.63,0,0,35168
10995,2020-10-26 11:06:00,49.65,49.67,49.64,49.65,0,0,10826
10996,2020-10-26 11:07:00,49.65,49.7,49.6,49.64,0,0,78468
10997,2020-10-26 11:08:00,49.63,49.63,49.58,49.58,0,0,37268
10998,2020-10-26 11:09:00,49.58,49.62,49.54,49.6,0,0,25330
10999,2020-10-26 11:10:00,49.6,49.63,49.59,49.62,0,0,22986
11000,2020-10-26 11:11:00,49.62,49.8,49.61,49.8,0,0,133287
11001,2020-10-26 11:12:00,49.8,49.84,49.78,49.8,0,0,32996
11002,2020-10-26 11:13:00,49.8,49.84,49.74,49.83,0,0,32298
11003,2020-10-26 11:14:00,49.82,49.83,49.72,49.75,0,0,15781
11004,2020-10-26 11:15:00,49.74,49.76,49.69,49.7,0,0,30517
11005,2020-10-26 11:16:00,49.68,49.71,49.61,49.63,0,0,24133
11006,2020-10-26 11:17:00,49.62,49.63,49.55,49.58,0,0,20254
11007,2020-10-26 11:18:00,49.58,49.58,49.52,49.53,0,0,20506
11008,2020-10-26 11:19:00,49.54,49.54,49.48,49.5,0,0,32633
11009,2020-10-26 11:20:00,49.51,49.53,49.46,49.5,0,0,35624
11010,2020-10-26 11:21:00,49.5,49.6,49.49,49.56,0,0,62830
11011,2020-10-26 11:22:00,49.55,49.58,49.51,49.52,0,0,12414
11012,2020-10-26 11:23:00,49.51,49.57,49.49,49.54,0,0,25654
11013,2020-10-26 11:24:00,49.53,49.58,49.51,49.56,0,0,30488
11014,2020-10-26 11:25:00,49.56,49.58,49.5,49.51,0,0,48915
11015,2020-10-26 11:26:00,49.5,49.53,49.48,49.49,0,0,19517
11016,2020-10-26 11:27:00,49.49,49.49,49.41,49.42,0,0,44342
11017,2020-10-26 11:28:00,49.43,49.46,49.37,49.43,0,0,45022
11018,2020-10-26 11:29:00,49.44,49.45,49.42,49.45,0,0,12415
11019,2020-10-26 11:30:00,49.45,49.49,49.4,49.45,0,0,27322
11020,2020-10-26 11:31:00,49.44,49.44,49.31,49.31,0,0,25303
11021,2020-10-26 11:32:00,49.31,49.32,49.25,49.31,0,0,32448
11022,2020-10-26 11:33:00,49.31,49.33,49.24,49.25,0,0,40281
11023,2020-10-26 11:34:00,49.24,49.24,49.21,49.22,0,0,48869
11024,2020-10-26 11:35:00,49.21,49.29,49.2,49.25,0,0,57550
11025,2020-10-26 11:36:00,49.26,49.35,49.26,49.31,0,0,18297
11026,2020-10-26 11:37:00,49.31,49.34,49.31,49.33,0,0,26595
11027,2020-10-26 11:38:00,49.32,49.33,49.27,49.29,0,0,23146
11028,2020-10-26 11:39:00,49.28,49.34,49.26,49.29,0,0,48338
11029,2020-10-26 11:40:00,49.29,49.29,49.16,49.22,0,0,53025
11030,2020-10-26 11:41:00,49.22,49.25,49.12,49.14,0,0,63680
11031,2020-10-26 11:42:00,49.14,49.18,49.12,49.15,0,0,18462
11032,2020-10-26 11:43:00,49.13,49.15,49.1,49.15,0,0,36994
11033,2020-10-26 11:44:00,49.16,49.19,49.1,49.13,0,0,36347
11034,2020-10-26 11:45:00,49.13,49.21,49.1,49.21,0,0,42008
11035,2020-10-26 11:46:00,49.21,49.29,49.21,49.26,0,0,28241
11036,2020-10-26 11:47:00,49.25,49.32,49.25,49.27,0,0,27505
11037,2020-10-26 11:48:00,49.28,49.29,49.19,49.19,0,0,12188
11038,2020-10-26 11:49:00,49.19,49.19,49.16,49.17,0,0,24126
11039,2020-10-26 11:50:00,49.17,49.17,48.98,49.06,0,0,145110
11040,2020-10-26 11:51:00,49.08,49.14,49.07,49.13,0,0,35018
11041,2020-10-26 11:52:00,49.15,49.22,49.12,49.21,0,0,40694
11042,2020-10-26 11:53:00,49.22,49.3,49.21,49.21,0,0,31374
11043,2020-10-26 11:54:00,49.2,49.25,49.2,49.23,0,0,27679
11044,2020-10-26 11:55:00,49.23,49.3,49.19,49.29,0,0,110052
11045,2020-10-26 11:56:00,49.29,49.32,49.23,49.25,0,0,27648
11046,2020-10-26 11:57:00,49.26,49.34,49.25,49.34,0,0,32102
11047,2020-10-26 11:58:00,49.36,49.39,49.32,49.33,0,0,30664
11048,2020-10-26 11:59:00,49.33,49.33,49.23,49.24,0,0,18181
11049,2020-10-26 12:00:00,49.24,49.27,49.18,49.27,0,0,28098
11050,2020-10-26 12:01:00,49.26,49.28,49.23,49.24,0,0,13483
11051,2020-10-26 12:02:00,49.25,49.27,49.22,49.26,0,0,9909
11052,2020-10-26 12:03:00,49.26,49.31,49.25,49.25,0,0,21021
11053,2020-10-26 12:04:00,49.24,49.33,49.22,49.33,0,0,23890
11054,2020-10-26 12:05:00,49.33,49.36,49.31,49.31,0,0,12283
11055,2020-10-26 12:06:00,49.31,49.31,49.26,49.28,0,0,10934
11056,2020-10-26 12:07:00,49.28,49.29,49.23,49.28,0,0,11541
11057,2020-10-26 12:08:00,49.28,49.33,49.27,49.29,0,0,25482
11058,2020-10-26 12:09:00,49.29,49.29,49.26,49.26,0,0,22585
11059,2020-10-26 12:10:00,49.26,49.31,49.26,49.28,0,0,18162
11060,2020-10-26 12:11:00,49.29,49.3,49.25,49.25,0,0,7181
11061,2020-10-26 12:12:00,49.24,49.33,49.24,49.31,0,0,28356
11062,2020-10-26 12:13:00,49.32,49.35,49.3,49.3,0,0,16957
11063,2020-10-26 12:14:00,49.33,49.35,49.23,49.26,0,0,22176
11064,2020-10-26 12:15:00,49.27,49.31,49.24,49.3,0,0,23304
11065,2020-10-26 12:16:00,49.3,49.36,49.29,49.34,0,0,16340
11066,2020-10-26 12:17:00,49.34,49.41,49.33,49.41,0,0,35151
11067,2020-10-26 12:18:00,49.41,49.41,49.35,49.36,0,0,16121
11068,2020-10-26 12:19:00,49.37,49.45,49.37,49.43,0,0,19639
11069,2020-10-26 12:20:00,49.43,49.44,49.31,49.34,0,0,19416
11070,2020-10-26 12:21:00,49.36,49.38,49.32,49.38,0,0,8287
11071,2020-10-26 12:22:00,49.38,49.41,49.36,49.41,0,0,14967
11072,2020-10-26 12:23:00,49.41,49.45,49.4,49.44,0,0,6027
11073,2020-10-26 12:24:00,49.43,49.47,49.43,49.44,0,0,15436
11074,2020-10-26 12:25:00,49.46,49.51,49.41,49.49,0,0,25170
11075,2020-10-26 12:26:00,49.51,49.52,49.48,49.52,0,0,25543
11076,2020-10-26 12:27:00,49.52,49.54,49.49,49.51,0,0,22046
11077,2020-10-26 12:28:00,49.51,49.51,49.43,49.44,0,0,15843
11078,2020-10-26 12:29:00,49.43,49.45,49.4,49.41,0,0,18231
11079,2020-10-26 12:30:00,49.41,49.41,49.32,49.35,0,0,22062
11080,2020-10-26 12:31:00,49.35,49.37,49.33,49.33,0,0,11051
11081,2020-10-26 12:32:00,49.34,49.34,49.29,49.29,0,0,15334
11082,2020-10-26 12:33:00,49.28,49.28,49.24,49.27,0,0,20186
11083,2020-10-26 12:34:00,49.27,49.27,49.22,49.22,0,0,17578
11084,2020-10-26 12:35:00,49.22,49.23,49.19,49.2,0,0,25256
11085,2020-10-26 12:36:00,49.21,49.29,49.21,49.28,0,0,26341
11086,2020-10-26 12:37:00,49.28,49.29,49.26,49.26,0,0,14157
11087,2020-10-26 12:38:00,49.26,49.28,49.18,49.19,0,0,13270
11088,2020-10-26 12:39:00,49.19,49.22,49.16,49.17,0,0,16487
11089,2020-10-26 12:40:00,49.17,49.19,49.16,49.18,0,0,13320
11090,2020-10-26 12:41:00,49.17,49.18,49.16,49.17,0,0,6729
11091,2020-10-26 12:42:00,49.17,49.19,49.17,49.18,0,0,10761
11092,2020-10-26 12:43:00,49.18,49.19,49.17,49.18,0,0,11019
11093,2020-10-26 12:44:00,49.19,49.2,49.15,49.2,0,0,20405
11094,2020-10-26 12:45:00,49.19,49.21,49.15,49.2,0,0,16272
11095,2020-10-26 12:46:00,49.19,49.19,49.08,49.08,0,0,20370
11096,2020-10-26 12:47:00,49.08,49.08,49.03,49.07,0,0,15839
11097,2020-10-26 12:48:00,49.07,49.1,49.05,49.06,0,0,21289
11098,2020-10-26 12:49:00,49.05,49.08,49.03,49.03,0,0,10547
11099,2020-10-26 12:50:00,49.04,49.06,49.02,49.04,0,0,16263
11100,2020-10-26 12:51:00,49.04,49.08,49.04,49.06,0,0,18712
11101,2020-10-26 12:52:00,49.05,49.05,48.97,49.01,0,0,44366
11102,2020-10-26 12:53:00,49.01,49.04,48.97,48.99,0,0,22471
11103,2020-10-26 12:54:00,49.01,49.01,48.96,48.97,0,0,14242
11104,2020-10-26 12:55:00,48.96,49.03,48.96,49.03,0,0,14134
11105,2020-10-26 12:56:00,49.03,49.06,48.99,48.99,0,0,24659
11106,2020-10-26 12:57:00,48.99,48.99,48.89,48.94,0,0,52746
11107,2020-10-26 12:58:00,48.94,49.01,48.94,48.99,0,0,14703
11108,2020-10-26 12:59:00,49.0,49.0,48.97,48.97,0,0,11818
11109,2020-10-26 13:00:00,48.97,49.03,48.93,48.99,0,0,73021
11110,2020-10-26 13:01:00,49.0,49.0,48.94,48.96,0,0,12961
11111,2020-10-26 13:02:00,48.95,49.04,48.94,49.03,0,0,75650
11112,2020-10-26 13:03:00,49.03,49.06,49.0,49.01,0,0,18582
11113,2020-10-26 13:04:00,49.0,49.02,48.99,48.99,0,0,10145
11114,2020-10-26 13:05:00,49.0,49.01,48.96,48.96,0,0,13206
11115,2020-10-26 13:06:00,48.95,48.96,48.92,48.94,0,0,24181
11116,2020-10-26 13:07:00,48.95,48.96,48.9,48.94,0,0,31742
11117,2020-10-26 13:08:00,48.93,48.94,48.78,48.83,0,0,53612
11118,2020-10-26 13:09:00,48.84,48.89,48.81,48.89,0,0,36788
11119,2020-10-26 13:10:00,48.88,48.9,48.83,48.83,0,0,29841
11120,2020-10-26 13:11:00,48.83,48.86,48.8,48.8,0,0,29293
11121,2020-10-26 13:12:00,48.79,48.8,48.76,48.76,0,0,39220
11122,2020-10-26 13:13:00,48.75,48.76,48.68,48.69,0,0,30023
11123,2020-10-26 13:14:00,48.68,48.79,48.68,48.78,0,0,20967
11124,2020-10-26 13:15:00,48.78,48.83,48.78,48.82,0,0,13962
11125,2020-10-26 13:16:00,48.83,48.84,48.74,48.76,0,0,18372
11126,2020-10-26 13:17:00,48.75,48.8,48.74,48.79,0,0,0
11127,2020-10-26 13:18:00,48.79,48.8,48.74,48.74,0,0,21973
11128,2020-10-26 13:19:00,48.75,48.78,48.72,48.73,0,0,12739
11129,2020-10-26 13:20:00,48.73,48.8,48.73,48.73,0,0,11576
11130,2020-10-26 13:21:00,48.74,48.79,48.74,48.77,0,0,15161
11131,2020-10-26 13:22:00,48.76,48.77,48.72,48.73,0,0,9596
11132,2020-10-26 13:23:00,48.72,48.73,48.66,48.69,0,0,26481
11133,2020-10-26 13:24:00,48.68,48.68,48.63,48.65,0,0,21513
11134,2020-10-26 13:25:00,48.65,48.71,48.65,48.66,0,0,10951
11135,2020-10-26 13:26:00,48.65,48.67,48.63,48.67,0,0,21020
11136,2020-10-26 13:27:00,48.68,48.71,48.63,48.65,0,0,22848
11137,2020-10-26 13:28:00,48.65,48.66,48.62,48.66,0,0,16425
11138,2020-10-26 13:29:00,48.65,48.66,48.61,48.61,0,0,20687
11139,2020-10-26 13:30:00,48.61,48.62,48.56,48.56,0,0,33389
11140,2020-10-26 13:31:00,48.56,48.59,48.53,48.54,0,0,23184
11141,2020-10-26 13:32:00,48.55,48.56,48.5,48.53,0,0,22235
11142,2020-10-26 13:33:00,48.52,48.52,48.47,48.49,0,0,40816
11143,2020-10-26 13:34:00,48.49,48.53,48.49,48.53,0,0,15282
11144,2020-10-26 13:35:00,48.53,48.56,48.5,48.56,0,0,17614
11145,2020-10-26 13:36:00,48.56,48.63,48.53,48.63,0,0,26441
11146,2020-10-26 13:37:00,48.62,48.71,48.6,48.71,0,0,26160
11147,2020-10-26 13:38:00,48.71,48.72,48.69,48.72,0,0,17573
11148,2020-10-26 13:39:00,48.72,48.82,48.71,48.81,0,0,33165
11149,2020-10-26 13:40:00,48.81,48.83,48.8,48.8,0,0,17318
11150,2020-10-26 13:41:00,48.8,48.84,48.8,48.83,0,0,7964
11151,2020-10-26 13:42:00,48.82,48.85,48.8,48.84,0,0,9041
11152,2020-10-26 13:43:00,48.85,48.85,48.81,48.81,0,0,9814
11153,2020-10-26 13:44:00,48.81,48.86,48.79,48.85,0,0,15200
11154,2020-10-26 13:45:00,48.85,48.85,48.8,48.83,0,0,16288
11155,2020-10-26 13:46:00,48.84,48.87,48.84,48.85,0,0,14989
11156,2020-10-26 13:47:00,48.86,48.87,48.83,48.83,0,0,14072
11157,2020-10-26 13:48:00,48.83,48.89,48.83,48.88,0,0,11467
11158,2020-10-26 13:49:00,48.87,48.9,48.86,48.89,0,0,14977
11159,2020-10-26 13:50:00,48.88,48.9,48.85,48.85,0,0,11909
11160,2020-10-26 13:51:00,48.85,48.89,48.85,48.85,0,0,11994
11161,2020-10-26 13:52:00,48.85,48.88,48.83,48.88,0,0,17797
11162,2020-10-26 13:53:00,48.88,48.89,48.88,48.89,0,0,7736
11163,2020-10-26 13:54:00,48.89,48.9,48.87,48.88,0,0,7839
11164,2020-10-26 13:55:00,48.88,48.89,48.85,48.85,0,0,11570
11165,2020-10-26 13:56:00,48.85,48.88,48.85,48.87,0,0,7654
11166,2020-10-26 13:57:00,48.87,48.93,48.87,48.93,0,0,19096
11167,2020-10-26 13:58:00,48.92,48.93,48.9,48.91,0,0,11433
11168,2020-10-26 13:59:00,48.92,48.97,48.92,48.97,0,0,12406
11169,2020-10-26 14:00:00,48.97,48.99,48.96,48.99,0,0,15104
11170,2020-10-26 14:01:00,48.99,49.0,48.96,48.99,0,0,14407
11171,2020-10-26 14:02:00,48.99,48.99,48.95,48.98,0,0,21125
11172,2020-10-26 14:03:00,48.97,48.99,48.91,48.92,0,0,24637
11173,2020-10-26 14:04:00,48.91,48.91,48.85,48.85,0,0,17629
11174,2020-10-26 14:05:00,48.86,48.86,48.79,48.82,0,0,50598
11175,2020-10-26 14:06:00,48.81,48.85,48.78,48.78,0,0,25947
11176,2020-10-26 14:07:00,48.79,48.85,48.78,48.81,0,0,19241
11177,2020-10-26 14:08:00,48.8,48.8,48.74,48.78,0,0,11264
11178,2020-10-26 14:09:00,48.78,48.83,48.78,48.83,0,0,12450
11179,2020-10-26 14:10:00,48.85,48.98,48.85,48.98,0,0,19196
11180,2020-10-26 14:11:00,48.96,48.98,48.91,48.91,0,0,12905
11181,2020-10-26 14:12:00,48.9,48.9,48.85,48.87,0,0,16182
11182,2020-10-26 14:13:00,48.87,48.88,48.84,48.85,0,0,10248
11183,2020-10-26 14:14:00,48.87,48.9,48.85,48.87,0,0,8308
11184,2020-10-26 14:15:00,48.87,48.91,48.87,48.9,0,0,13108
11185,2020-10-26 14:16:00,48.91,48.95,48.91,48.92,0,0,12936
11186,2020-10-26 14:17:00,48.93,48.93,48.88,48.89,0,0,15101
11187,2020-10-26 14:18:00,48.88,48.9,48.86,48.9,0,0,6848
11188,2020-10-26 14:19:00,48.9,48.93,48.89,48.9,0,0,9755
11189,2020-10-26 14:20:00,48.9,48.9,48.78,48.79,0,0,21817
11190,2020-10-26 14:21:00,48.8,48.86,48.79,48.85,0,0,16558
11191,2020-10-26 14:22:00,48.84,48.85,48.83,48.84,0,0,7414
11192,2020-10-26 14:23:00,48.83,48.83,48.81,48.82,0,0,4398
11193,2020-10-26 14:24:00,48.83,48.84,48.81,48.81,0,0,4590
11194,2020-10-26 14:25:00,48.81,48.85,48.78,48.85,0,0,20242
11195,2020-10-26 14:26:00,48.86,48.98,48.86,48.97,0,0,89724
11196,2020-10-26 14:27:00,48.96,48.98,48.95,48.96,0,0,87984
11197,2020-10-26 14:28:00,48.97,48.97,48.96,48.97,0,0,8708
11198,2020-10-26 14:29:00,48.98,49.05,48.98,49.04,0,0,33107
11199,2020-10-26 14:30:00,49.04,49.04,48.97,48.99,0,0,30662
11200,2020-10-26 14:31:00,48.99,49.0,48.96,48.96,0,0,7686
11201,2020-10-26 14:32:00,48.97,48.99,48.94,48.97,0,0,14203
11202,2020-10-26 14:33:00,48.97,48.97,48.91,48.92,0,0,27917
11203,2020-10-26 14:34:00,48.91,48.94,48.9,48.93,0,0,23632
11204,2020-10-26 14:35:00,48.93,48.94,48.9,48.9,0,0,13713
11205,2020-10-26 14:36:00,48.9,48.9,48.88,48.89,0,0,9100
11206,2020-10-26 14:37:00,48.9,48.93,48.9,48.92,0,0,7097
11207,2020-10-26 14:38:00,48.91,48.92,48.9,48.91,0,0,11229
11208,2020-10-26 14:39:00,48.92,48.95,48.92,48.93,0,0,5506
11209,2020-10-26 14:40:00,48.93,49.02,48.93,48.97,0,0,11076
11210,2020-10-26 14:41:00,48.97,48.98,48.94,48.96,0,0,9091
11211,2020-10-26 14:42:00,48.96,48.96,48.92,48.95,0,0,11731
11212,2020-10-26 14:43:00,48.96,48.99,48.94,48.97,0,0,16730
11213,2020-10-26 14:44:00,48.96,48.99,48.94,48.97,0,0,6440
11214,2020-10-26 14:45:00,48.97,48.97,48.9,48.92,0,0,12013
11215,2020-10-26 14:46:00,48.92,48.94,48.88,48.89,0,0,12171
11216,2020-10-26 14:47:00,48.89,48.9,48.87,48.89,0,0,30150
11217,2020-10-26 14:48:00,48.89,48.9,48.87,48.87,0,0,10692
11218,2020-10-26 14:49:00,48.87,48.89,48.83,48.87,0,0,46126
11219,2020-10-26 14:50:00,48.88,48.89,48.83,48.85,0,0,30761
11220,2020-10-26 14:51:00,48.85,48.94,48.85,48.88,0,0,28546
11221,2020-10-26 14:52:00,48.88,49.01,48.85,48.97,0,0,118167
11222,2020-10-26 14:53:00,48.97,48.99,48.94,48.99,0,0,17227
11223,2020-10-26 14:54:00,48.99,49.04,48.97,49.02,0,0,76749
11224,2020-10-26 14:55:00,49.03,49.12,49.02,49.1,0,0,27747
11225,2020-10-26 14:56:00,49.12,49.12,49.07,49.09,0,0,11816
11226,2020-10-26 14:57:00,49.08,49.11,49.07,49.08,0,0,15427
11227,2020-10-26 14:58:00,49.07,49.11,49.07,49.1,0,0,15009
11228,2020-10-26 14:59:00,49.11,49.11,49.08,49.11,0,0,20582
11229,2020-10-26 15:00:00,49.1,49.12,49.07,49.12,0,0,14121
11230,2020-10-26 15:01:00,49.12,49.19,49.12,49.18,0,0,26161
11231,2020-10-26 15:02:00,49.17,49.17,49.14,49.15,0,0,22002
11232,2020-10-26 15:03:00,49.15,49.17,49.12,49.12,0,0,19969
11233,2020-10-26 15:04:00,49.13,49.15,49.1,49.1,0,0,15712
11234,2020-10-26 15:05:00,49.11,49.13,49.08,49.09,0,0,12097
11235,2020-10-26 15:06:00,49.08,49.09,49.05,49.06,0,0,12885
11236,2020-10-26 15:07:00,49.06,49.11,49.05,49.1,0,0,14235
11237,2020-10-26 15:08:00,49.1,49.11,49.02,49.04,0,0,24211
11238,2020-10-26 15:09:00,49.04,49.08,49.04,49.08,0,0,15699
11239,2020-10-26 15:10:00,49.08,49.12,49.06,49.08,0,0,26560
11240,2020-10-26 15:11:00,49.08,49.12,49.08,49.12,0,0,19618
11241,2020-10-26 15:12:00,49.12,49.12,49.03,49.03,0,0,29896
11242,2020-10-26 15:13:00,49.03,49.05,49.0,49.03,0,0,13736
11243,2020-10-26 15:14:00,49.03,49.08,48.99,49.06,0,0,17860
11244,2020-10-26 15:15:00,49.05,49.09,49.05,49.08,0,0,12854
11245,2020-10-26 15:16:00,49.07,49.08,49.04,49.08,0,0,17382
11246,2020-10-26 15:17:00,49.06,49.15,49.06,49.09,0,0,14380
11247,2020-10-26 15:18:00,49.09,49.1,49.06,49.07,0,0,10083
11248,2020-10-26 15:19:00,49.07,49.08,49.06,49.07,0,0,6836
11249,2020-10-26 15:20:00,49.06,49.17,49.06,49.17,0,0,20580
11250,2020-10-26 15:21:00,49.17,49.18,49.15,49.15,0,0,19793
11251,2020-10-26 15:22:00,49.14,49.21,49.12,49.21,0,0,28694
11252,2020-10-26 15:23:00,49.21,49.22,49.16,49.18,0,0,17144
11253,2020-10-26 15:24:00,49.18,49.21,49.16,49.16,0,0,11590
11254,2020-10-26 15:25:00,49.15,49.19,49.14,49.14,0,0,13892
11255,2020-10-26 15:26:00,49.15,49.16,49.12,49.12,0,0,9638
11256,2020-10-26 15:27:00,49.13,49.14,49.09,49.13,0,0,19739
11257,2020-10-26 15:28:00,49.12,49.12,49.1,49.1,0,0,16401
11258,2020-10-26 15:29:00,49.11,49.14,49.1,49.11,0,0,23187
11259,2020-10-26 15:30:00,49.12,49.12,49.08,49.08,0,0,16003
11260,2020-10-26 15:31:00,49.08,49.08,49.01,49.05,0,0,30001
11261,2020-10-26 15:32:00,49.05,49.16,49.05,49.14,0,0,51123
11262,2020-10-26 15:33:00,49.15,49.15,49.1,49.1,0,0,25438
11263,2020-10-26 15:34:00,49.1,49.1,49.0,49.01,0,0,18045
11264,2020-10-26 15:35:00,49.01,49.02,48.94,48.94,0,0,53077
11265,2020-10-26 15:36:00,48.93,48.96,48.84,48.86,0,0,47906
11266,2020-10-26 15:37:00,48.86,48.89,48.85,48.87,0,0,35634
11267,2020-10-26 15:38:00,48.87,48.89,48.87,48.88,0,0,60211
11268,2020-10-26 15:39:00,48.89,48.9,48.87,48.9,0,0,49620
11269,2020-10-26 15:40:00,48.89,48.95,48.88,48.95,0,0,28594
11270,2020-10-26 15:41:00,48.94,48.94,48.9,48.92,0,0,26023
11271,2020-10-26 15:42:00,48.92,48.92,48.88,48.88,0,0,26928
11272,2020-10-26 15:43:00,48.88,48.89,48.85,48.88,0,0,44855
11273,2020-10-26 15:44:00,48.88,48.88,48.84,48.84,0,0,51919
11274,2020-10-26 15:45:00,48.83,48.84,48.78,48.8,0,0,59026
11275,2020-10-26 15:46:00,48.81,48.81,48.74,48.77,0,0,36098
11276,2020-10-26 15:47:00,48.77,48.79,48.74,48.76,0,0,44596
11277,2020-10-26 15:48:00,48.76,48.76,48.72,48.72,0,0,46203
11278,2020-10-26 15:49:00,48.72,48.72,48.6,48.61,0,0,149303
11279,2020-10-26 15:50:00,48.59,48.64,48.56,48.57,0,0,155992
11280,2020-10-26 15:51:00,48.57,48.6,48.52,48.53,0,0,154688
11281,2020-10-26 15:52:00,48.53,48.56,48.51,48.53,0,0,107967
11282,2020-10-26 15:53:00,48.53,48.55,48.42,48.42,0,0,129161
11283,2020-10-26 15:54:00,48.42,48.52,48.4,48.46,0,0,153967
11284,2020-10-26 15:55:00,48.47,48.59,48.47,48.51,0,0,246178
11285,2020-10-26 15:56:00,48.51,48.59,48.5,48.56,0,0,256074
11286,2020-10-26 15:57:00,48.56,48.72,48.56,48.72,0,0,277396
11287,2020-10-26 15:58:00,48.72,48.89,48.7,48.87,0,0,339487
11288,2020-10-26 15:59:00,48.87,48.99,48.8,48.99,0,0,637726
11289,2020-10-27 09:30:00,49.5,49.69,49.5,49.5,0,0,61417
11290,2020-10-27 09:31:00,49.55,49.58,49.5,49.57,0,0,3709
11291,2020-10-27 09:32:00,49.55,49.55,49.32,49.33,0,0,2508
11292,2020-10-27 09:33:00,49.4,49.4,49.14,49.19,0,0,186140
11293,2020-10-27 09:34:00,49.21,49.38,49.14,49.33,0,0,69111
11294,2020-10-27 09:35:00,49.33,49.45,49.27,49.41,0,0,38488
11295,2020-10-27 09:36:00,49.4,49.52,49.39,49.43,0,0,50046
11296,2020-10-27 09:37:00,49.44,49.62,49.44,49.53,0,0,151780
11297,2020-10-27 09:38:00,49.55,49.58,49.38,49.47,0,0,48251
11298,2020-10-27 09:39:00,49.45,49.6,49.34,49.59,0,0,61989
11299,2020-10-27 09:40:00,49.59,49.77,49.57,49.6,0,0,108340
11300,2020-10-27 09:41:00,49.59,49.74,49.58,49.67,0,0,46821
11301,2020-10-27 09:42:00,49.68,49.81,49.65,49.81,0,0,44174
11302,2020-10-27 09:43:00,49.82,50.03,49.82,49.95,0,0,100837
11303,2020-10-27 09:44:00,49.95,49.98,49.89,49.94,0,0,49402
11304,2020-10-27 09:45:00,49.93,49.99,49.85,49.88,0,0,32362
11305,2020-10-27 09:46:00,49.86,49.92,49.64,49.66,0,0,58105
11306,2020-10-27 09:47:00,49.66,49.68,49.62,49.67,0,0,28805
11307,2020-10-27 09:48:00,49.67,49.67,49.58,49.59,0,0,25121
11308,2020-10-27 09:49:00,49.59,49.59,49.47,49.52,0,0,41340
11309,2020-10-27 09:50:00,49.53,49.61,49.52,49.56,0,0,33598
11310,2020-10-27 09:51:00,49.56,49.69,49.56,49.67,0,0,41072
11311,2020-10-27 09:52:00,49.68,49.78,49.67,49.69,0,0,50865
11312,2020-10-27 09:53:00,49.7,49.77,49.69,49.71,0,0,32233
11313,2020-10-27 09:54:00,49.72,49.77,49.7,49.73,0,0,17486
11314,2020-10-27 09:55:00,49.74,49.82,49.66,49.66,0,0,39290
11315,2020-10-27 09:56:00,49.66,49.72,49.6,49.72,0,0,47173
11316,2020-10-27 09:57:00,49.71,49.75,49.66,49.75,0,0,20273
11317,2020-10-27 09:58:00,49.74,49.76,49.69,49.76,0,0,19524
11318,2020-10-27 09:59:00,49.76,49.9,49.76,49.88,0,0,42409
11319,2020-10-27 10:00:00,49.89,49.92,49.83,49.86,0,0,42681
11320,2020-10-27 10:01:00,49.87,49.95,49.85,49.92,0,0,33858
11321,2020-10-27 10:02:00,49.93,49.97,49.88,49.96,0,0,55512
11322,2020-10-27 10:03:00,49.96,50.0,49.93,50.0,0,0,51366
11323,2020-10-27 10:04:00,50.0,50.0,49.73,49.73,0,0,54098
11324,2020-10-27 10:05:00,49.72,49.8,49.68,49.8,0,0,31717
11325,2020-10-27 10:06:00,49.82,49.88,49.8,49.87,0,0,23614
11326,2020-10-27 10:07:00,49.87,49.94,49.85,49.94,0,0,18805
11327,2020-10-27 10:08:00,49.92,50.0,49.89,49.99,0,0,25649
11328,2020-10-27 10:09:00,49.97,50.08,49.94,50.08,0,0,69471
11329,2020-10-27 10:10:00,50.08,50.1,50.05,50.06,0,0,41792
11330,2020-10-27 10:11:00,50.06,50.08,50.02,50.07,0,0,51522
11331,2020-10-27 10:12:00,50.08,50.19,50.08,50.18,0,0,53411
11332,2020-10-27 10:13:00,50.19,50.29,50.18,50.23,0,0,72070
11333,2020-10-27 10:14:00,50.24,50.29,50.16,50.21,0,0,68674
11334,2020-10-27 10:15:00,50.21,50.3,50.19,50.29,0,0,66855
11335,2020-10-27 10:16:00,50.28,50.35,50.28,50.29,0,0,52641
11336,2020-10-27 10:17:00,50.29,50.31,50.13,50.15,0,0,47134
11337,2020-10-27 10:18:00,50.16,50.18,50.09,50.1,0,0,60805
11338,2020-10-27 10:19:00,50.1,50.28,50.1,50.28,0,0,94488
11339,2020-10-27 10:20:00,50.28,50.59,50.28,50.56,0,0,272480
11340,2020-10-27 10:21:00,50.57,50.57,50.38,50.4,0,0,201142
11341,2020-10-27 10:22:00,50.41,50.43,50.3,50.33,0,0,103794
11342,2020-10-27 10:23:00,50.33,50.48,50.32,50.44,0,0,106353
11343,2020-10-27 10:24:00,50.44,50.44,50.33,50.35,0,0,68239
11344,2020-10-27 10:25:00,50.36,50.38,50.32,50.34,0,0,53667
11345,2020-10-27 10:26:00,50.34,50.5,50.34,50.49,0,0,54626
11346,2020-10-27 10:27:00,50.49,50.62,50.48,50.6,0,0,172010
11347,2020-10-27 10:28:00,50.6,50.62,50.55,50.57,0,0,84901
11348,2020-10-27 10:29:00,50.56,50.61,50.5,50.58,0,0,69617
11349,2020-10-27 10:30:00,50.58,50.7,50.53,50.64,0,0,104667
11350,2020-10-27 10:31:00,50.65,50.78,50.65,50.78,0,0,116877
11351,2020-10-27 10:32:00,50.76,50.82,50.71,50.8,0,0,90912
11352,2020-10-27 10:33:00,50.8,50.88,50.76,50.87,0,0,97904
11353,2020-10-27 10:34:00,50.87,50.9,50.81,50.9,0,0,101811
11354,2020-10-27 10:35:00,50.89,51.0,50.88,50.95,0,0,107584
11355,2020-10-27 10:36:00,50.96,51.02,50.9,50.99,0,0,180550
11356,2020-10-27 10:37:00,50.99,51.05,50.91,50.93,0,0,105831
11357,2020-10-27 10:38:00,50.93,50.97,50.9,50.94,0,0,39871
11358,2020-10-27 10:39:00,50.94,50.97,50.88,50.95,0,0,82654
11359,2020-10-27 10:40:00,50.95,51.02,50.87,50.9,0,0,66198
11360,2020-10-27 10:41:00,50.9,50.9,50.82,50.87,0,0,49959
11361,2020-10-27 10:42:00,50.88,50.93,50.85,50.91,0,0,53530
11362,2020-10-27 10:43:00,50.9,51.04,50.89,51.02,0,0,57744
11363,2020-10-27 10:44:00,51.02,51.11,50.99,51.07,0,0,122236
11364,2020-10-27 10:45:00,51.08,51.13,50.98,50.98,0,0,64053
11365,2020-10-27 10:46:00,50.97,50.98,50.82,50.89,0,0,67150
11366,2020-10-27 10:47:00,50.9,51.13,50.9,51.13,0,0,98672
11367,2020-10-27 10:48:00,51.13,51.19,51.08,51.17,0,0,77826
11368,2020-10-27 10:49:00,51.17,51.22,51.1,51.12,0,0,56427
11369,2020-10-27 10:50:00,51.12,51.15,51.02,51.04,0,0,55011
11370,2020-10-27 10:51:00,51.04,51.12,50.99,51.11,0,0,52553
11371,2020-10-27 10:52:00,51.11,51.12,51.03,51.03,0,0,51486
11372,2020-10-27 10:53:00,51.04,51.06,50.99,51.0,0,0,57610
11373,2020-10-27 10:54:00,51.0,51.01,50.83,50.9,0,0,104163
11374,2020-10-27 10:55:00,50.9,50.94,50.82,50.82,0,0,39044
11375,2020-10-27 10:56:00,50.81,50.83,50.78,50.81,0,0,71948
11376,2020-10-27 10:57:00,50.81,50.88,50.81,50.85,0,0,29132
11377,2020-10-27 10:58:00,50.88,50.91,50.76,50.85,0,0,34196
11378,2020-10-27 10:59:00,50.84,50.86,50.82,50.85,0,0,27019
11379,2020-10-27 11:00:00,50.85,51.0,50.81,50.83,0,0,307927
11380,2020-10-27 11:01:00,50.83,50.89,50.78,50.8,0,0,77608
11381,2020-10-27 11:02:00,50.81,50.88,50.77,50.85,0,0,54317
11382,2020-10-27 11:03:00,50.87,50.88,50.8,50.8,0,0,29862
11383,2020-10-27 11:04:00,50.8,50.81,50.7,50.77,0,0,62785
11384,2020-10-27 11:05:00,50.78,50.78,50.71,50.74,0,0,47674
11385,2020-10-27 11:06:00,50.73,50.74,50.67,50.7,0,0,43876
11386,2020-10-27 11:07:00,50.71,50.72,50.65,50.66,0,0,150000
11387,2020-10-27 11:08:00,50.66,50.67,50.6,50.63,0,0,56194
11388,2020-10-27 11:09:00,50.65,50.67,50.62,50.66,0,0,23071
11389,2020-10-27 11:10:00,50.67,50.71,50.67,50.71,0,0,54698
11390,2020-10-27 11:11:00,50.72,50.75,50.67,50.69,0,0,38888
11391,2020-10-27 11:12:00,50.68,50.79,50.67,50.72,0,0,52822
11392,2020-10-27 11:13:00,50.74,50.74,50.68,50.68,0,0,31801
11393,2020-10-27 11:14:00,50.69,50.73,50.67,50.73,0,0,32075
11394,2020-10-27 11:15:00,50.75,50.75,50.7,50.71,0,0,24543
11395,2020-10-27 11:16:00,50.71,50.72,50.59,50.59,0,0,77496
11396,2020-10-27 11:17:00,50.6,50.63,50.5,50.63,0,0,100134
11397,2020-10-27 11:18:00,50.64,50.7,50.63,50.68,0,0,32642
11398,2020-10-27 11:19:00,50.68,50.68,50.62,50.66,0,0,21128
11399,2020-10-27 11:20:00,50.68,50.69,50.64,50.69,0,0,22231
11400,2020-10-27 11:21:00,50.69,50.7,50.65,50.66,0,0,25719
11401,2020-10-27 11:22:00,50.66,50.71,50.62,50.67,0,0,39639
11402,2020-10-27 11:23:00,50.68,50.71,50.67,50.69,0,0,13632
11403,2020-10-27 11:24:00,50.69,50.74,50.69,50.72,0,0,60042
11404,2020-10-27 11:25:00,50.71,50.74,50.64,50.67,0,0,61495
11405,2020-10-27 11:26:00,50.67,50.78,50.66,50.72,0,0,68764
11406,2020-10-27 11:27:00,50.73,50.73,50.64,50.66,0,0,48200
11407,2020-10-27 11:28:00,50.66,50.66,50.56,50.56,0,0,51828
11408,2020-10-27 11:29:00,50.56,50.57,50.5,50.5,0,0,39184
11409,2020-10-27 11:30:00,50.51,50.51,50.44,50.45,0,0,53022
11410,2020-10-27 11:31:00,50.46,50.51,50.44,50.47,0,0,24411
11411,2020-10-27 11:32:00,50.48,50.49,50.38,50.4,0,0,26424
11412,2020-10-27 11:33:00,50.41,50.42,50.38,50.39,0,0,27276
11413,2020-10-27 11:34:00,50.4,50.42,50.38,50.39,0,0,35424
11414,2020-10-27 11:35:00,50.39,50.39,50.32,50.35,0,0,32398
11415,2020-10-27 11:36:00,50.35,50.36,50.27,50.33,0,0,58500
11416,2020-10-27 11:37:00,50.33,50.33,50.26,50.27,0,0,38437
11417,2020-10-27 11:38:00,50.28,50.37,50.26,50.37,0,0,100001
11418,2020-10-27 11:39:00,50.39,50.41,50.31,50.35,0,0,38081
11419,2020-10-27 11:40:00,50.37,50.44,50.35,50.44,0,0,22967
11420,2020-10-27 11:41:00,50.43,50.48,50.42,50.44,0,0,18754
11421,2020-10-27 11:42:00,50.44,50.45,50.38,50.38,0,0,17922
11422,2020-10-27 11:43:00,50.38,50.42,50.35,50.4,0,0,15913
11423,2020-10-27 11:44:00,50.42,50.48,50.41,50.45,0,0,22396
11424,2020-10-27 11:45:00,50.46,50.47,50.42,50.42,0,0,23916
11425,2020-10-27 11:46:00,50.43,50.48,50.42,50.45,0,0,28540
11426,2020-10-27 11:47:00,50.46,50.46,50.4,50.41,0,0,14530
11427,2020-10-27 11:48:00,50.41,50.41,50.34,50.35,0,0,18365
11428,2020-10-27 11:49:00,50.35,50.35,50.28,50.31,0,0,14471
11429,2020-10-27 11:50:00,50.3,50.37,50.29,50.36,0,0,23117
11430,2020-10-27 11:51:00,50.36,50.36,50.3,50.33,0,0,13845
11431,2020-10-27 11:52:00,50.34,50.44,50.34,50.43,0,0,14995
11432,2020-10-27 11:53:00,50.43,50.45,50.42,50.45,0,0,13066
11433,2020-10-27 11:54:00,50.44,50.55,50.44,50.53,0,0,35142
11434,2020-10-27 11:55:00,50.53,50.55,50.48,50.48,0,0,28699
11435,2020-10-27 11:56:00,50.49,50.51,50.46,50.51,0,0,10451
11436,2020-10-27 11:57:00,50.51,50.53,50.51,50.52,0,0,22618
11437,2020-10-27 11:58:00,50.52,50.56,50.51,50.52,0,0,30918
11438,2020-10-27 11:59:00,50.51,50.51,50.44,50.46,0,0,27251
11439,2020-10-27 12:00:00,50.46,50.59,50.46,50.57,0,0,30113
11440,2020-10-27 12:01:00,50.57,50.62,50.57,50.6,0,0,34751
11441,2020-10-27 12:03:00,50.63,50.64,50.62,50.63,0,0,104130
11442,2020-10-27 12:04:00,50.63,50.65,50.58,50.59,0,0,30232
11443,2020-10-27 12:05:00,50.59,50.6,50.53,50.53,0,0,28433
11444,2020-10-27 12:06:00,50.52,50.54,50.51,50.51,0,0,10183
11445,2020-10-27 12:07:00,50.52,50.54,50.49,50.53,0,0,12245
11446,2020-10-27 12:08:00,50.53,50.53,50.47,50.47,0,0,15392
11447,2020-10-27 12:09:00,50.46,50.47,50.43,50.47,0,0,25829
11448,2020-10-27 12:10:00,50.47,50.91,50.4,50.4,0,0,44288
11449,2020-10-27 12:11:00,50.4,50.41,50.37,50.39,0,0,17371
11450,2020-10-27 12:12:00,50.39,50.41,50.31,50.31,0,0,20819
11451,2020-10-27 12:13:00,50.32,50.35,50.28,50.3,0,0,24587
11452,2020-10-27 12:14:00,50.29,50.33,50.26,50.27,0,0,11372
11453,2020-10-27 12:15:00,50.28,50.33,50.27,50.27,0,0,15777
11454,2020-10-27 12:16:00,50.28,50.3,50.26,50.27,0,0,20125
11455,2020-10-27 12:17:00,50.27,50.31,50.27,50.28,0,0,24172
11456,2020-10-27 12:18:00,50.28,50.28,50.16,50.16,0,0,65629
11457,2020-10-27 12:19:00,50.18,50.27,50.17,50.26,0,0,25639
11458,2020-10-27 12:20:00,50.26,50.36,50.26,50.33,0,0,25206
11459,2020-10-27 12:21:00,50.34,50.38,50.32,50.38,0,0,30902
11460,2020-10-27 12:22:00,50.38,50.39,50.37,50.39,0,0,7468
11461,2020-10-27 12:23:00,50.38,50.39,50.31,50.33,0,0,11031
11462,2020-10-27 12:24:00,50.34,50.36,50.33,50.35,0,0,8414
11463,2020-10-27 12:25:00,50.35,50.38,50.32,50.37,0,0,9335
11464,2020-10-27 12:26:00,50.37,50.42,50.37,50.4,0,0,8483
11465,2020-10-27 12:27:00,50.41,50.41,50.34,50.36,0,0,13667
11466,2020-10-27 12:28:00,50.36,50.37,50.34,50.35,0,0,6983
11467,2020-10-27 12:29:00,50.35,50.36,50.32,50.32,0,0,5723
11468,2020-10-27 12:30:00,50.33,50.34,50.28,50.29,0,0,10936
11469,2020-10-27 12:31:00,50.29,50.3,50.29,50.29,0,0,4361
11470,2020-10-27 12:32:00,50.29,50.29,50.23,50.27,0,0,28326
11471,2020-10-27 12:33:00,50.28,50.3,50.25,50.26,0,0,9259
11472,2020-10-27 12:34:00,50.26,50.3,50.25,50.26,0,0,12792
11473,2020-10-27 12:35:00,50.26,50.3,50.25,50.29,0,0,16768
11474,2020-10-27 12:36:00,50.29,50.34,50.29,50.34,0,0,4861
11475,2020-10-27 12:37:00,50.33,50.38,50.33,50.33,0,0,9488
11476,2020-10-27 12:38:00,50.34,50.36,50.34,50.35,0,0,90724
11477,2020-10-27 12:39:00,50.35,50.38,50.35,50.37,0,0,10964
11478,2020-10-27 12:40:00,50.38,50.43,50.38,50.43,0,0,7318
11479,2020-10-27 12:41:00,50.44,50.45,50.43,50.43,0,0,10061
11480,2020-10-27 12:42:00,50.44,50.44,50.4,50.41,0,0,13347
11481,2020-10-27 12:43:00,50.41,50.41,50.36,50.36,0,0,12076
11482,2020-10-27 12:44:00,50.37,50.38,50.34,50.36,0,0,7923
11483,2020-10-27 12:45:00,50.36,50.42,50.33,50.4,0,0,33076
11484,2020-10-27 12:46:00,50.4,50.48,50.4,50.48,0,0,32970
11485,2020-10-27 12:47:00,50.49,50.53,50.48,50.51,0,0,17765
11486,2020-10-27 12:48:00,50.52,50.54,50.46,50.48,0,0,9576
11487,2020-10-27 12:49:00,50.48,50.49,50.43,50.44,0,0,7604
11488,2020-10-27 12:50:00,50.44,50.44,50.33,50.33,0,0,35410
11489,2020-10-27 12:51:00,50.33,50.34,50.31,50.32,0,0,15954
11490,2020-10-27 12:52:00,50.32,50.41,50.32,50.4,0,0,25725
11491,2020-10-27 12:53:00,50.41,50.47,50.41,50.47,0,0,13012
11492,2020-10-27 12:54:00,50.47,50.5,50.46,50.49,0,0,5974
11493,2020-10-27 12:55:00,50.48,50.53,50.47,50.53,0,0,16421
11494,2020-10-27 12:56:00,50.53,50.56,50.5,50.5,0,0,39850
11495,2020-10-27 12:57:00,50.5,50.54,50.47,50.52,0,0,24854
11496,2020-10-27 12:58:00,50.52,50.52,50.45,50.51,0,0,23473
11497,2020-10-27 12:59:00,50.51,50.59,50.51,50.57,0,0,43418
11498,2020-10-27 13:00:00,50.56,50.56,50.49,50.53,0,0,38867
11499,2020-10-27 13:01:00,50.53,50.57,50.51,50.57,0,0,26796
11500,2020-10-27 13:02:00,50.57,50.58,50.51,50.54,0,0,30059
11501,2020-10-27 13:03:00,50.54,50.55,50.53,50.53,0,0,15143
11502,2020-10-27 13:04:00,50.54,50.58,50.54,50.57,0,0,25441
11503,2020-10-27 13:05:00,50.57,50.58,50.56,50.57,0,0,22893
11504,2020-10-27 13:06:00,50.58,50.6,50.55,50.6,0,0,27118
11505,2020-10-27 13:07:00,50.6,50.62,50.58,50.58,0,0,21068
11506,2020-10-27 13:08:00,50.58,50.59,50.56,50.58,0,0,15635
11507,2020-10-27 13:09:00,50.57,50.64,50.56,50.6,0,0,76200
11508,2020-10-27 13:10:00,50.6,50.62,50.59,50.6,0,0,28950
11509,2020-10-27 13:11:00,50.59,50.6,50.53,50.56,0,0,50446
11510,2020-10-27 13:12:00,50.56,50.59,50.55,50.56,0,0,11925
11511,2020-10-27 13:13:00,50.56,50.6,50.56,50.59,0,0,17828
11512,2020-10-27 13:14:00,50.58,50.63,50.55,50.63,0,0,38370
11513,2020-10-27 13:15:00,50.63,50.67,50.58,50.58,0,0,15094
11514,2020-10-27 13:16:00,50.59,50.62,50.59,50.61,0,0,6871
11515,2020-10-27 13:17:00,50.6,50.67,50.6,50.66,0,0,13799
11516,2020-10-27 13:18:00,50.68,50.7,50.65,50.68,0,0,14509
11517,2020-10-27 13:19:00,50.68,50.73,50.66,50.67,0,0,18296
11518,2020-10-27 13:20:00,50.67,50.75,50.67,50.74,0,0,61075
11519,2020-10-27 13:21:00,50.74,50.78,50.73,50.77,0,0,44105
11520,2020-10-27 13:22:00,50.78,50.87,50.78,50.84,0,0,82035
11521,2020-10-27 13:23:00,50.85,50.95,50.84,50.93,0,0,63014
11522,2020-10-27 13:24:00,50.94,50.94,50.88,50.92,0,0,28269
11523,2020-10-27 13:25:00,50.93,51.05,50.88,50.99,0,0,174889
11524,2020-10-27 13:26:00,50.99,51.0,50.94,50.97,0,0,32535
11525,2020-10-27 13:27:00,50.97,51.07,50.97,51.07,0,0,37466
11526,2020-10-27 13:28:00,51.06,51.07,51.02,51.02,0,0,77064
11527,2020-10-27 13:29:00,51.03,51.05,50.97,51.01,0,0,33146
11528,2020-10-27 13:30:00,51.02,51.06,51.01,51.01,0,0,38323
11529,2020-10-27 13:31:00,51.01,51.08,51.0,51.08,0,0,93520
11530,2020-10-27 13:32:00,51.08,51.15,51.08,51.12,0,0,77402
11531,2020-10-27 13:33:00,51.12,51.13,51.06,51.06,0,0,52615
11532,2020-10-27 13:34:00,51.06,51.07,51.0,51.03,0,0,43866
11533,2020-10-27 13:35:00,51.03,51.03,50.94,50.98,0,0,51873
11534,2020-10-27 13:36:00,50.99,51.07,50.98,51.07,0,0,26719
11535,2020-10-27 13:37:00,51.06,51.06,51.0,51.05,0,0,40170
11536,2020-10-27 13:38:00,51.04,51.1,51.04,51.06,0,0,39509
11537,2020-10-27 13:39:00,51.07,51.12,51.05,51.07,0,0,185806
11538,2020-10-27 13:40:00,51.07,51.08,51.01,51.03,0,0,42523
11539,2020-10-27 13:41:00,51.03,51.1,51.01,51.09,0,0,31309
11540,2020-10-27 13:42:00,51.08,51.15,51.08,51.13,0,0,73013
11541,2020-10-27 13:43:00,51.14,51.22,51.13,51.2,0,0,107730
11542,2020-10-27 13:44:00,51.21,51.25,51.21,51.23,0,0,49643
11543,2020-10-27 13:45:00,51.23,51.23,51.17,51.19,0,0,75367
11544,2020-10-27 13:46:00,51.19,51.27,51.18,51.24,0,0,82213
11545,2020-10-27 13:47:00,51.25,51.37,51.24,51.34,0,0,120224
11546,2020-10-27 13:48:00,51.33,51.47,51.33,51.41,0,0,122469
11547,2020-10-27 13:49:00,51.42,51.42,51.31,51.31,0,0,52781
11548,2020-10-27 13:50:00,51.31,51.35,51.29,51.3,0,0,41750
11549,2020-10-27 13:51:00,51.3,51.33,51.24,51.3,0,0,30232
11550,2020-10-27 13:52:00,51.29,51.29,51.21,51.22,0,0,41615
11551,2020-10-27 13:53:00,51.22,51.22,51.08,51.11,0,0,40363
11552,2020-10-27 13:54:00,51.1,51.15,51.09,51.12,0,0,22670
11553,2020-10-27 13:55:00,51.12,51.12,51.04,51.07,0,0,22816
11554,2020-10-27 13:56:00,51.06,51.1,51.06,51.08,0,0,21279
11555,2020-10-27 13:57:00,51.08,51.14,51.06,51.14,0,0,35872
11556,2020-10-27 13:58:00,51.13,51.17,51.1,51.16,0,0,27639
11557,2020-10-27 13:59:00,51.17,51.2,51.16,51.19,0,0,36997
11558,2020-10-27 14:00:00,51.19,51.22,51.06,51.07,0,0,44485
11559,2020-10-27 14:01:00,51.07,51.1,51.05,51.1,0,0,16274
11560,2020-10-27 14:02:00,51.1,51.14,51.08,51.11,0,0,22237
11561,2020-10-27 14:03:00,51.11,51.15,51.1,51.14,0,0,13171
11562,2020-10-27 14:04:00,51.14,51.14,51.09,51.1,0,0,10718
11563,2020-10-27 14:05:00,51.11,51.15,51.08,51.09,0,0,9282
11564,2020-10-27 14:06:00,51.08,51.11,51.08,51.1,0,0,11900
11565,2020-10-27 14:07:00,51.1,51.13,51.08,51.08,0,0,17326
11566,2020-10-27 14:08:00,51.07,51.08,51.03,51.07,0,0,18338
11567,2020-10-27 14:09:00,51.08,51.1,51.06,51.1,0,0,13105
11568,2020-10-27 14:10:00,51.1,51.1,51.06,51.09,0,0,12926
11569,2020-10-27 14:11:00,51.08,51.1,51.01,51.04,0,0,50478
11570,2020-10-27 14:12:00,51.04,51.05,50.97,50.97,0,0,50463
11571,2020-10-27 14:13:00,50.97,51.03,50.94,51.01,0,0,45109
11572,2020-10-27 14:14:00,51.01,51.06,51.0,51.05,0,0,24496
11573,2020-10-27 14:15:00,51.05,51.05,50.99,51.02,0,0,32311
11574,2020-10-27 14:16:00,51.01,51.01,50.94,50.97,0,0,17468
11575,2020-10-27 14:17:00,50.96,50.97,50.9,50.9,0,0,17892
11576,2020-10-27 14:18:00,50.92,50.95,50.9,50.94,0,0,30091
11577,2020-10-27 14:19:00,50.93,50.94,50.89,50.9,0,0,16680
11578,2020-10-27 14:20:00,50.9,50.93,50.85,50.93,0,0,36970
11579,2020-10-27 14:21:00,50.94,50.99,50.93,50.93,0,0,61992
11580,2020-10-27 14:22:00,50.94,50.98,50.92,50.98,0,0,22581
11581,2020-10-27 14:23:00,50.98,51.02,50.97,51.01,0,0,26404
11582,2020-10-27 14:24:00,51.01,51.02,50.98,50.99,0,0,17902
11583,2020-10-27 14:25:00,50.99,51.02,50.96,51.02,0,0,32306
11584,2020-10-27 14:26:00,51.03,51.1,51.0,51.06,0,0,162315
11585,2020-10-27 14:27:00,51.05,51.05,50.99,51.03,0,0,18855
11586,2020-10-27 14:28:00,51.04,51.04,51.02,51.04,0,0,17424
11587,2020-10-27 14:29:00,51.04,51.06,51.03,51.05,0,0,7514
11588,2020-10-27 14:30:00,51.04,51.09,51.01,51.01,0,0,18785
11589,2020-10-27 14:31:00,51.02,51.04,50.99,51.01,0,0,21725
11590,2020-10-27 14:32:00,51.02,51.02,50.99,51.0,0,0,57554
11591,2020-10-27 14:33:00,51.0,51.01,50.99,51.0,0,0,25959
11592,2020-10-27 14:34:00,51.0,51.02,50.98,51.0,0,0,28620
11593,2020-10-27 14:35:00,51.0,51.03,51.0,51.01,0,0,12437
11594,2020-10-27 14:36:00,51.02,51.07,51.01,51.06,0,0,23904
11595,2020-10-27 14:37:00,51.06,51.08,51.03,51.08,0,0,9980
11596,2020-10-27 14:38:00,51.07,51.08,51.03,51.03,0,0,16687
11597,2020-10-27 14:39:00,51.04,51.06,51.0,51.01,0,0,22473
11598,2020-10-27 14:40:00,51.01,51.06,51.0,51.06,0,0,26278
11599,2020-10-27 14:41:00,51.06,51.06,51.02,51.03,0,0,19605
11600,2020-10-27 14:42:00,51.03,51.03,51.0,51.0,0,0,19196
11601,2020-10-27 14:43:00,51.0,51.02,51.0,51.0,0,0,33739
11602,2020-10-27 14:44:00,51.0,51.04,51.0,51.04,0,0,35686
11603,2020-10-27 14:45:00,51.03,51.04,50.99,51.0,0,0,54833
11604,2020-10-27 14:46:00,51.01,51.06,50.98,51.06,0,0,54561
11605,2020-10-27 14:47:00,51.07,51.11,51.04,51.05,0,0,57130
11606,2020-10-27 14:48:00,51.05,51.15,51.05,51.15,0,0,49575
11607,2020-10-27 14:49:00,51.15,51.21,51.14,51.19,0,0,33219
11608,2020-10-27 14:50:00,51.19,51.22,51.17,51.19,0,0,24156
11609,2020-10-27 14:51:00,51.2,51.2,51.17,51.19,0,0,30702
11610,2020-10-27 14:52:00,51.2,51.25,51.2,51.24,0,0,84479
11611,2020-10-27 14:53:00,51.22,51.26,51.22,51.25,0,0,51893
11612,2020-10-27 14:54:00,51.26,51.33,51.25,51.32,0,0,43738
11613,2020-10-27 14:55:00,51.32,51.36,51.29,51.33,0,0,38112
11614,2020-10-27 14:56:00,51.34,51.38,51.33,51.37,0,0,51797
11615,2020-10-27 14:57:00,51.37,51.41,51.34,51.34,0,0,83818
11616,2020-10-27 14:58:00,51.35,51.38,51.3,51.34,0,0,40704
11617,2020-10-27 14:59:00,51.33,51.4,51.33,51.39,0,0,37893
11618,2020-10-27 15:00:00,51.39,51.4,51.36,51.4,0,0,26212
11619,2020-10-27 15:01:00,51.4,51.48,51.39,51.46,0,0,63440
11620,2020-10-27 15:02:00,51.47,51.49,51.45,51.46,0,0,113501
11621,2020-10-27 15:03:00,51.47,51.47,51.35,51.38,0,0,66642
11622,2020-10-27 15:04:00,51.37,51.37,51.29,51.32,0,0,27318
11623,2020-10-27 15:05:00,51.32,51.39,51.32,51.37,0,0,32890
11624,2020-10-27 15:06:00,51.36,51.38,51.31,51.32,0,0,50852
11625,2020-10-27 15:07:00,51.33,51.35,51.27,51.29,0,0,41354
11626,2020-10-27 15:08:00,51.29,51.32,51.24,51.24,0,0,30557
11627,2020-10-27 15:09:00,51.23,51.24,51.18,51.24,0,0,23158
11628,2020-10-27 15:10:00,51.24,51.29,51.24,51.26,0,0,37984
11629,2020-10-27 15:11:00,51.27,51.29,51.25,51.28,0,0,16651
11630,2020-10-27 15:12:00,51.28,51.29,51.24,51.26,0,0,18531
11631,2020-10-27 15:13:00,51.26,51.28,51.25,51.26,0,0,15065
11632,2020-10-27 15:14:00,51.26,51.26,51.2,51.22,0,0,24473
11633,2020-10-27 15:15:00,51.22,51.24,51.18,51.24,0,0,16263
11634,2020-10-27 15:16:00,51.22,51.26,51.19,51.26,0,0,24979
11635,2020-10-27 15:17:00,51.26,51.27,51.22,51.24,0,0,19042
11636,2020-10-27 15:18:00,51.25,51.27,51.24,51.25,0,0,17478
11637,2020-10-27 15:19:00,51.26,51.26,51.22,51.26,0,0,115711
11638,2020-10-27 15:20:00,51.25,51.26,51.17,51.23,0,0,57545
11639,2020-10-27 15:21:00,51.24,51.26,51.21,51.23,0,0,28588
11640,2020-10-27 15:22:00,51.23,51.32,51.23,51.3,0,0,44386
11641,2020-10-27 15:23:00,51.3,51.32,51.29,51.32,0,0,31262
11642,2020-10-27 15:24:00,51.32,51.33,51.3,51.32,0,0,86812
11643,2020-10-27 15:25:00,51.31,51.33,51.26,51.28,0,0,21383
11644,2020-10-27 15:26:00,51.28,51.32,51.27,51.31,0,0,26270
11645,2020-10-27 15:27:00,51.32,51.32,51.28,51.31,0,0,133478
11646,2020-10-27 15:28:00,51.31,51.31,51.28,51.3,0,0,34499
11647,2020-10-27 15:29:00,51.31,51.35,51.3,51.35,0,0,241694
11648,2020-10-27 15:30:00,51.34,51.35,51.19,51.21,0,0,60476
11649,2020-10-27 15:31:00,51.19,51.26,51.16,51.26,0,0,50634
11650,2020-10-27 15:32:00,51.26,51.29,51.24,51.27,0,0,44929
11651,2020-10-27 15:33:00,51.28,51.3,51.26,51.28,0,0,28478
11652,2020-10-27 15:34:00,51.27,51.32,51.27,51.31,0,0,23757
11653,2020-10-27 15:35:00,51.31,51.32,51.29,51.31,0,0,24699
11654,2020-10-27 15:36:00,51.31,51.35,51.31,51.32,0,0,45809
11655,2020-10-27 15:37:00,51.32,51.32,51.27,51.28,0,0,60656
11656,2020-10-27 15:38:00,51.28,51.32,51.26,51.31,0,0,47511
11657,2020-10-27 15:39:00,51.32,51.32,51.31,51.31,0,0,28163
11658,2020-10-27 15:40:00,51.31,51.42,51.31,51.42,0,0,66469
11659,2020-10-27 15:41:00,51.42,51.5,51.42,51.49,0,0,80845
11660,2020-10-27 15:42:00,51.49,51.51,51.45,51.48,0,0,109557
11661,2020-10-27 15:43:00,51.46,51.46,51.4,51.4,0,0,62554
11662,2020-10-27 15:44:00,51.4,51.42,51.39,51.4,0,0,33441
11663,2020-10-27 15:45:00,51.4,51.44,51.36,51.38,0,0,43448
11664,2020-10-27 15:46:00,51.37,51.41,51.36,51.37,0,0,39002
11665,2020-10-27 15:47:00,51.36,51.37,51.33,51.35,0,0,42159
11666,2020-10-27 15:48:00,51.35,51.37,51.29,51.31,0,0,47234
11667,2020-10-27 15:49:00,51.3,51.31,51.26,51.29,0,0,87781
11668,2020-10-27 15:50:00,51.29,51.37,51.28,51.35,0,0,80321
11669,2020-10-27 15:51:00,51.35,51.37,51.32,51.33,0,0,32418
11670,2020-10-27 15:52:00,51.32,51.33,51.28,51.29,0,0,56094
11671,2020-10-27 15:53:00,51.29,51.36,51.29,51.35,0,0,57632
11672,2020-10-27 15:54:00,51.35,51.4,51.33,51.4,0,0,72581
11673,2020-10-27 15:55:00,51.4,51.42,51.38,51.4,0,0,107646
11674,2020-10-27 15:56:00,51.4,51.41,51.33,51.34,0,0,97919
11675,2020-10-27 15:57:00,51.33,51.35,51.3,51.31,0,0,118577
11676,2020-10-27 15:58:00,51.31,51.38,51.3,51.38,0,0,109460
11677,2020-10-27 15:59:00,51.38,51.39,51.26,51.28,0,0,268776
11678,2020-10-28 09:30:00,49.6,49.82,49.5,49.78,0,0,184148
11679,2020-10-28 09:31:00,49.85,49.85,49.77,49.78,0,0,3896
11680,2020-10-28 09:32:00,49.83,49.93,49.79,49.9,0,0,13017
11681,2020-10-28 09:33:00,49.9,50.0,49.39,49.41,0,0,340801
11682,2020-10-28 09:34:00,49.38,49.49,49.26,49.35,0,0,104315
11683,2020-10-28 09:35:00,49.36,49.59,49.31,49.56,0,0,73794
11684,2020-10-28 09:36:00,49.56,49.69,49.49,49.65,0,0,109057
11685,2020-10-28 09:37:00,49.67,49.67,49.46,49.62,0,0,61139
11686,2020-10-28 09:38:00,49.61,49.69,49.55,49.6,0,0,79134
11687,2020-10-28 09:39:00,49.61,49.79,49.55,49.76,0,0,82193
11688,2020-10-28 09:40:00,49.76,49.77,49.56,49.57,0,0,82408
11689,2020-10-28 09:41:00,49.58,49.65,49.45,49.48,0,0,113867
11690,2020-10-28 09:42:00,49.46,49.46,49.24,49.27,0,0,112356
11691,2020-10-28 09:43:00,49.28,49.29,49.2,49.24,0,0,66606
11692,2020-10-28 09:44:00,49.24,49.26,49.02,49.05,0,0,98645
11693,2020-10-28 09:45:00,49.04,49.06,48.83,48.89,0,0,191635
11694,2020-10-28 09:46:00,48.89,49.04,48.88,49.04,0,0,72487
11695,2020-10-28 09:47:00,49.04,49.09,48.92,48.97,0,0,75758
11696,2020-10-28 09:48:00,48.97,49.2,48.95,49.19,0,0,86574
11697,2020-10-28 09:49:00,49.2,49.31,49.16,49.16,0,0,72431
11698,2020-10-28 09:50:00,49.16,49.16,49.01,49.06,0,0,54112
11699,2020-10-28 09:51:00,49.05,49.11,48.91,48.92,0,0,44307
11700,2020-10-28 09:52:00,48.9,48.97,48.83,48.83,0,0,57717
11701,2020-10-28 09:53:00,48.83,48.85,48.76,48.78,0,0,47881
11702,2020-10-28 09:54:00,48.76,48.82,48.75,48.75,0,0,59119
11703,2020-10-28 09:55:00,48.75,48.79,48.66,48.79,0,0,105622
11704,2020-10-28 09:56:00,48.78,48.82,48.76,48.76,0,0,36667
11705,2020-10-28 09:57:00,48.76,48.86,48.75,48.85,0,0,76863
11706,2020-10-28 09:58:00,48.85,48.85,48.81,48.81,0,0,47502
11707,2020-10-28 09:59:00,48.81,48.99,48.81,48.97,0,0,41815
11708,2020-10-28 10:00:00,48.95,48.97,48.83,48.96,0,0,49729
11709,2020-10-28 10:01:00,48.96,48.97,48.9,48.96,0,0,28534
11710,2020-10-28 10:02:00,48.93,49.0,48.78,48.85,0,0,82941
11711,2020-10-28 10:03:00,48.85,48.91,48.83,48.91,0,0,44305
11712,2020-10-28 10:04:00,48.92,49.05,48.92,49.01,0,0,57411
11713,2020-10-28 10:05:00,49.0,49.04,48.92,49.04,0,0,27351
11714,2020-10-28 10:06:00,49.04,49.24,49.04,49.22,0,0,127898
11715,2020-10-28 10:07:00,49.22,49.31,49.21,49.29,0,0,48237
11716,2020-10-28 10:08:00,49.3,49.49,49.29,49.46,0,0,81753
11717,2020-10-28 10:09:00,49.47,49.55,49.44,49.5,0,0,72276
11718,2020-10-28 10:10:00,49.51,49.55,49.43,49.46,0,0,55814
11719,2020-10-28 10:11:00,49.45,49.46,49.29,49.33,0,0,52168
11720,2020-10-28 10:12:00,49.32,49.44,49.32,49.43,0,0,21727
11721,2020-10-28 10:13:00,49.44,49.58,49.41,49.47,0,0,71802
11722,2020-10-28 10:14:00,49.47,49.47,49.4,49.43,0,0,36586
11723,2020-10-28 10:15:00,49.41,49.42,49.32,49.4,0,0,46474
11724,2020-10-28 10:16:00,49.4,49.43,49.23,49.24,0,0,28318
11725,2020-10-28 10:17:00,49.24,49.28,49.11,49.17,0,0,41317
11726,2020-10-28 10:18:00,49.17,49.22,49.08,49.08,0,0,44566
11727,2020-10-28 10:19:00,49.06,49.11,49.0,49.03,0,0,43271
11728,2020-10-28 10:20:00,49.04,49.13,49.04,49.07,0,0,24297
11729,2020-10-28 10:21:00,49.07,49.17,49.05,49.12,0,0,77402
11730,2020-10-28 10:22:00,49.12,49.24,49.08,49.14,0,0,55317
11731,2020-10-28 10:23:00,49.15,49.21,49.12,49.17,0,0,37912
11732,2020-10-28 10:24:00,49.18,49.21,49.12,49.14,0,0,30382
11733,2020-10-28 10:25:00,49.13,49.15,49.06,49.12,0,0,23541
11734,2020-10-28 10:26:00,49.13,49.21,49.11,49.13,0,0,28576
11735,2020-10-28 10:27:00,49.13,49.14,48.9,48.93,0,0,94838
11736,2020-10-28 10:28:00,48.92,49.08,48.91,49.0,0,0,27613
11737,2020-10-28 10:29:00,49.0,49.05,48.93,49.02,0,0,27024
11738,2020-10-28 10:30:00,49.03,49.04,48.95,49.03,0,0,29395
11739,2020-10-28 10:31:00,49.03,49.11,48.99,49.11,0,0,17218
11740,2020-10-28 10:32:00,49.1,49.17,49.08,49.09,0,0,59072
11741,2020-10-28 10:33:00,49.08,49.22,49.08,49.2,0,0,117667
11742,2020-10-28 10:34:00,49.22,49.27,49.17,49.27,0,0,69104
11743,2020-10-28 10:35:00,49.27,49.32,49.21,49.32,0,0,40371
11744,2020-10-28 10:36:00,49.32,49.42,49.27,49.41,0,0,38009
11745,2020-10-28 10:37:00,49.4,49.55,49.39,49.51,0,0,80630
11746,2020-10-28 10:38:00,49.52,49.52,49.47,49.48,0,0,41842
11747,2020-10-28 10:39:00,49.47,49.54,49.44,49.5,0,0,60226
11748,2020-10-28 10:40:00,49.49,49.57,49.45,49.56,0,0,55157
11749,2020-10-28 10:41:00,49.57,49.62,49.52,49.58,0,0,34283
11750,2020-10-28 10:42:00,49.58,49.62,49.56,49.62,0,0,34657
11751,2020-10-28 10:43:00,49.61,49.66,49.51,49.56,0,0,75812
11752,2020-10-28 10:44:00,49.53,49.7,49.52,49.69,0,0,53220
11753,2020-10-28 10:45:00,49.69,49.74,49.68,49.72,0,0,79919
11754,2020-10-28 10:46:00,49.71,49.72,49.63,49.7,0,0,50975
11755,2020-10-28 10:47:00,49.7,49.71,49.62,49.69,0,0,155002
11756,2020-10-28 10:48:00,49.69,49.69,49.59,49.6,0,0,38120
11757,2020-10-28 10:49:00,49.58,49.65,49.55,49.59,0,0,52225
11758,2020-10-28 10:50:00,49.59,49.65,49.56,49.64,0,0,37259
11759,2020-10-28 10:51:00,49.64,49.64,49.53,49.57,0,0,54313
11760,2020-10-28 10:52:00,49.57,49.58,49.46,49.47,0,0,126684
11761,2020-10-28 10:53:00,49.46,49.5,49.38,49.41,0,0,43521
11762,2020-10-28 10:54:00,49.42,49.53,49.4,49.5,0,0,46607
11763,2020-10-28 10:55:00,49.5,49.52,49.37,49.43,0,0,160043
11764,2020-10-28 10:56:00,49.44,49.44,49.38,49.39,0,0,16888
11765,2020-10-28 10:57:00,49.38,49.38,49.31,49.31,0,0,19907
11766,2020-10-28 10:58:00,49.31,49.44,49.28,49.44,0,0,75001
11767,2020-10-28 10:59:00,49.44,49.52,49.42,49.52,0,0,31409
11768,2020-10-28 11:00:00,49.51,49.53,49.46,49.48,0,0,90667
11769,2020-10-28 11:01:00,49.47,49.53,49.43,49.53,0,0,44370
11770,2020-10-28 11:02:00,49.54,49.54,49.39,49.4,0,0,20784
11771,2020-10-28 11:03:00,49.39,49.41,49.33,49.34,0,0,16519
11772,2020-10-28 11:04:00,49.35,49.38,49.26,49.32,0,0,55324
11773,2020-10-28 11:05:00,49.32,49.44,49.29,49.29,0,0,32316
11774,2020-10-28 11:06:00,49.3,49.32,49.23,49.26,0,0,18873
11775,2020-10-28 11:07:00,49.27,49.27,49.18,49.24,0,0,23650
11776,2020-10-28 11:08:00,49.24,49.31,49.24,49.31,0,0,20093
11777,2020-10-28 11:09:00,49.32,49.35,49.24,49.26,0,0,30567
11778,2020-10-28 11:10:00,49.25,49.27,49.22,49.23,0,0,26945
11779,2020-10-28 11:11:00,49.24,49.33,49.24,49.31,0,0,42771
11780,2020-10-28 11:12:00,49.31,49.4,49.29,49.39,0,0,41266
11781,2020-10-28 11:13:00,49.39,49.42,49.37,49.37,0,0,20162
11782,2020-10-28 11:14:00,49.36,49.44,49.32,49.44,0,0,33022
11783,2020-10-28 11:15:00,49.44,49.53,49.42,49.5,0,0,56044
11784,2020-10-28 11:16:00,49.51,49.53,49.41,49.47,0,0,49066
11785,2020-10-28 11:17:00,49.48,49.49,49.4,49.4,0,0,38402
11786,2020-10-28 11:18:00,49.41,49.41,49.34,49.38,0,0,25262
11787,2020-10-28 11:19:00,49.38,49.4,49.29,49.31,0,0,22186
11788,2020-10-28 11:20:00,49.32,49.36,49.18,49.2,0,0,33655
11789,2020-10-28 11:21:00,49.2,49.22,49.11,49.17,0,0,37438
11790,2020-10-28 11:22:00,49.16,49.17,49.06,49.09,0,0,48876
11791,2020-10-28 11:23:00,49.1,49.11,49.06,49.08,0,0,71278
11792,2020-10-28 11:24:00,49.08,49.08,49.05,49.06,0,0,21169
11793,2020-10-28 11:25:00,49.06,49.09,49.02,49.03,0,0,27352
11794,2020-10-28 11:26:00,49.03,49.1,48.97,49.09,0,0,56326
11795,2020-10-28 11:27:00,49.07,49.11,49.03,49.04,0,0,44994
11796,2020-10-28 11:28:00,49.04,49.07,49.0,49.03,0,0,30895
11797,2020-10-28 11:29:00,49.03,49.13,49.03,49.11,0,0,44486
11798,2020-10-28 11:30:00,49.1,49.1,49.05,49.1,0,0,40775
11799,2020-10-28 11:31:00,49.09,49.1,49.01,49.03,0,0,44971
11800,2020-10-28 11:32:00,49.02,49.02,48.94,48.96,0,0,66262
11801,2020-10-28 11:33:00,48.95,48.96,48.87,48.88,0,0,66254
11802,2020-10-28 11:34:00,48.88,48.88,48.77,48.83,0,0,119921
11803,2020-10-28 11:35:00,48.81,48.82,48.7,48.73,0,0,121043
11804,2020-10-28 11:36:00,48.73,48.76,48.6,48.63,0,0,133056
11805,2020-10-28 11:37:00,48.62,48.65,48.54,48.58,0,0,75693
11806,2020-10-28 11:38:00,48.58,48.71,48.58,48.71,0,0,49558
11807,2020-10-28 11:39:00,48.7,48.72,48.65,48.65,0,0,22817
11808,2020-10-28 11:40:00,48.64,48.64,48.51,48.52,0,0,103244
11809,2020-10-28 11:41:00,48.52,48.53,48.42,48.49,0,0,239998
11810,2020-10-28 11:42:00,48.5,48.55,48.45,48.53,0,0,87010
11811,2020-10-28 11:43:00,48.53,48.6,48.49,48.59,0,0,89587
11812,2020-10-28 11:44:00,48.6,48.62,48.55,48.59,0,0,46567
11813,2020-10-28 11:45:00,48.59,48.6,48.53,48.54,0,0,31827
11814,2020-10-28 11:46:00,48.54,48.63,48.53,48.62,0,0,51436
11815,2020-10-28 11:47:00,48.61,48.64,48.56,48.56,0,0,54685
11816,2020-10-28 11:48:00,48.56,48.63,48.52,48.53,0,0,48732
11817,2020-10-28 11:49:00,48.54,48.56,48.48,48.51,0,0,44797
11818,2020-10-28 11:50:00,48.52,48.52,48.33,48.39,0,0,84266
11819,2020-10-28 11:51:00,48.39,48.47,48.36,48.41,0,0,37785
11820,2020-10-28 11:52:00,48.41,48.49,48.4,48.44,0,0,29595
11821,2020-10-28 11:53:00,48.43,48.49,48.38,48.42,0,0,36484
11822,2020-10-28 11:54:00,48.42,48.5,48.37,48.48,0,0,25797
11823,2020-10-28 11:55:00,48.5,48.58,48.5,48.55,0,0,57461
11824,2020-10-28 11:56:00,48.55,48.59,48.52,48.58,0,0,36609
11825,2020-10-28 11:57:00,48.59,48.71,48.57,48.7,0,0,46982
11826,2020-10-28 11:58:00,48.7,48.7,48.61,48.65,0,0,32045
11827,2020-10-28 11:59:00,48.65,48.7,48.58,48.6,0,0,419297
11828,2020-10-28 12:00:00,48.6,48.74,48.6,48.65,0,0,48607
11829,2020-10-28 12:01:00,48.67,48.69,48.53,48.54,0,0,60477
11830,2020-10-28 12:02:00,48.55,48.64,48.55,48.6,0,0,29038
11831,2020-10-28 12:03:00,48.6,48.6,48.52,48.55,0,0,29207
11832,2020-10-28 12:04:00,48.56,48.65,48.56,48.58,0,0,31180
11833,2020-10-28 12:05:00,48.58,48.58,48.53,48.54,0,0,18291
11834,2020-10-28 12:06:00,48.53,48.68,48.53,48.61,0,0,40426
11835,2020-10-28 12:07:00,48.61,48.61,48.6,48.6,0,0,5223
11836,2020-10-28 12:08:00,48.65,48.67,48.64,48.64,0,0,33175
11837,2020-10-28 12:09:00,48.63,48.65,48.6,48.63,0,0,18939
11838,2020-10-28 12:10:00,48.62,48.62,48.56,48.56,0,0,25107
11839,2020-10-28 12:11:00,48.55,48.65,48.54,48.63,0,0,20111
11840,2020-10-28 12:12:00,48.62,48.67,48.62,48.66,0,0,16819
11841,2020-10-28 12:13:00,48.66,48.67,48.58,48.6,0,0,20651
11842,2020-10-28 12:14:00,48.61,48.67,48.61,48.63,0,0,16796
11843,2020-10-28 12:15:00,48.64,48.75,48.64,48.72,0,0,65460
11844,2020-10-28 12:16:00,48.7,48.71,48.65,48.66,0,0,11822
11845,2020-10-28 12:17:00,48.66,48.67,48.59,48.61,0,0,28871
11846,2020-10-28 12:18:00,48.6,48.66,48.6,48.65,0,0,8665
11847,2020-10-28 12:19:00,48.65,48.65,48.6,48.6,0,0,15647
11848,2020-10-28 12:20:00,48.62,48.65,48.52,48.54,0,0,57334
11849,2020-10-28 12:21:00,48.54,48.62,48.54,48.6,0,0,46112
11850,2020-10-28 12:22:00,48.6,48.61,48.56,48.6,0,0,39855
11851,2020-10-28 12:23:00,48.6,48.67,48.6,48.63,0,0,19967
11852,2020-10-28 12:24:00,48.63,48.65,48.6,48.61,0,0,22335
11853,2020-10-28 12:25:00,48.62,48.65,48.56,48.57,0,0,21275
11854,2020-10-28 12:26:00,48.58,48.63,48.57,48.6,0,0,23207
11855,2020-10-28 12:27:00,48.61,48.62,48.57,48.57,0,0,20444
11856,2020-10-28 12:28:00,48.56,48.56,48.52,48.56,0,0,21687
11857,2020-10-28 12:29:00,48.56,48.58,48.55,48.58,0,0,26333
11858,2020-10-28 12:30:00,48.57,48.58,48.54,48.56,0,0,225704
11859,2020-10-28 12:31:00,48.55,48.62,48.54,48.6,0,0,30008
11860,2020-10-28 12:32:00,48.61,48.69,48.6,48.68,0,0,22580
11861,2020-10-28 12:33:00,48.7,48.71,48.65,48.66,0,0,14745
11862,2020-10-28 12:34:00,48.65,48.73,48.65,48.72,0,0,20554
11863,2020-10-28 12:35:00,48.72,48.75,48.69,48.75,0,0,16901
11864,2020-10-28 12:36:00,48.75,48.77,48.72,48.74,0,0,18744
11865,2020-10-28 12:37:00,48.74,48.78,48.73,48.78,0,0,44152
11866,2020-10-28 12:38:00,48.77,48.78,48.71,48.72,0,0,21995
11867,2020-10-28 12:39:00,48.73,48.78,48.71,48.73,0,0,47175
11868,2020-10-28 12:40:00,48.73,48.76,48.7,48.7,0,0,40470
11869,2020-10-28 12:41:00,48.71,48.75,48.7,48.73,0,0,50305
11870,2020-10-28 12:42:00,48.73,48.73,48.64,48.66,0,0,34106
11871,2020-10-28 12:43:00,48.66,48.67,48.65,48.66,0,0,8584
11872,2020-10-28 12:44:00,48.66,48.7,48.63,48.68,0,0,17635
11873,2020-10-28 12:45:00,48.68,48.68,48.64,48.65,0,0,5656
11874,2020-10-28 12:46:00,48.65,48.66,48.6,48.6,0,0,25851
11875,2020-10-28 12:47:00,48.6,48.61,48.54,48.55,0,0,22914
11876,2020-10-28 12:48:00,48.55,48.55,48.52,48.54,0,0,14069
11877,2020-10-28 12:49:00,48.55,48.57,48.52,48.53,0,0,16506
11878,2020-10-28 12:50:00,48.53,48.53,48.34,48.39,0,0,154593
11879,2020-10-28 12:51:00,48.38,48.38,48.25,48.3,0,0,83097
11880,2020-10-28 12:52:00,48.29,48.37,48.28,48.37,0,0,23574
11881,2020-10-28 12:53:00,48.37,48.45,48.37,48.45,0,0,36272
11882,2020-10-28 12:54:00,48.45,48.47,48.41,48.44,0,0,15032
11883,2020-10-28 12:55:00,48.44,48.44,48.36,48.4,0,0,16557
11884,2020-10-28 12:56:00,48.4,48.46,48.39,48.46,0,0,15671
11885,2020-10-28 12:57:00,48.45,48.49,48.43,48.46,0,0,27558
11886,2020-10-28 12:58:00,48.45,48.49,48.43,48.45,0,0,32748
11887,2020-10-28 12:59:00,48.45,48.49,48.43,48.47,0,0,31607
11888,2020-10-28 13:00:00,48.47,48.55,48.45,48.52,0,0,27555
11889,2020-10-28 13:01:00,48.52,48.58,48.52,48.57,0,0,22488
11890,2020-10-28 13:02:00,48.57,48.59,48.52,48.56,0,0,34907
11891,2020-10-28 13:03:00,48.57,48.64,48.57,48.58,0,0,40243
11892,2020-10-28 13:04:00,48.58,48.58,48.5,48.53,0,0,49953
11893,2020-10-28 13:05:00,48.54,48.58,48.46,48.46,0,0,83454
11894,2020-10-28 13:06:00,48.45,48.48,48.43,48.44,0,0,14925
11895,2020-10-28 13:07:00,48.43,48.47,48.43,48.45,0,0,7724
11896,2020-10-28 13:08:00,48.44,48.5,48.43,48.49,0,0,24440
11897,2020-10-28 13:09:00,48.49,48.5,48.42,48.49,0,0,66902
11898,2020-10-28 13:10:00,48.49,48.52,48.38,48.42,0,0,94437
11899,2020-10-28 13:11:00,48.42,48.45,48.41,48.44,0,0,30977
11900,2020-10-28 13:12:00,48.43,48.45,48.4,48.42,0,0,22233
11901,2020-10-28 13:13:00,48.42,48.5,48.42,48.46,0,0,16545
11902,2020-10-28 13:14:00,48.47,48.5,48.47,48.49,0,0,33739
11903,2020-10-28 13:15:00,48.49,48.53,48.44,48.46,0,0,31916
11904,2020-10-28 13:16:00,48.45,48.46,48.4,48.4,0,0,22862
11905,2020-10-28 13:17:00,48.4,48.43,48.4,48.42,0,0,17901
11906,2020-10-28 13:18:00,48.42,48.47,48.42,48.45,0,0,10779
11907,2020-10-28 13:19:00,48.45,48.48,48.42,48.46,0,0,33770
11908,2020-10-28 13:20:00,48.45,48.45,48.35,48.39,0,0,19934
11909,2020-10-28 13:21:00,48.38,48.41,48.35,48.41,0,0,21690
11910,2020-10-28 13:22:00,48.4,48.51,48.4,48.49,0,0,62725
11911,2020-10-28 13:23:00,48.49,48.52,48.46,48.47,0,0,32749
11912,2020-10-28 13:24:00,48.47,48.53,48.46,48.53,0,0,42665
11913,2020-10-28 13:25:00,48.54,48.6,48.54,48.57,0,0,26857
11914,2020-10-28 13:26:00,48.56,48.57,48.51,48.54,0,0,25270
11915,2020-10-28 13:27:00,48.54,48.57,48.53,48.53,0,0,28309
11916,2020-10-28 13:28:00,48.53,48.66,48.53,48.65,0,0,54151
11917,2020-10-28 13:29:00,48.63,48.71,48.6,48.69,0,0,39688
11918,2020-10-28 13:30:00,48.68,48.71,48.6,48.62,0,0,52983
11919,2020-10-28 13:31:00,48.62,48.64,48.57,48.61,0,0,23649
11920,2020-10-28 13:32:00,48.6,48.61,48.59,48.6,0,0,11168
11921,2020-10-28 13:33:00,48.61,48.63,48.56,48.56,0,0,18663
11922,2020-10-28 13:34:00,48.56,48.65,48.56,48.65,0,0,19279
11923,2020-10-28 13:35:00,48.65,48.72,48.65,48.69,0,0,17693
11924,2020-10-28 13:36:00,48.69,48.7,48.66,48.68,0,0,27697
11925,2020-10-28 13:37:00,48.67,48.71,48.67,48.69,0,0,14986
11926,2020-10-28 13:38:00,48.7,48.71,48.66,48.7,0,0,16626
11927,2020-10-28 13:39:00,48.69,48.7,48.67,48.69,0,0,14073
11928,2020-10-28 13:40:00,48.68,48.69,48.66,48.66,0,0,14090
11929,2020-10-28 13:41:00,48.65,48.67,48.61,48.61,0,0,16101
11930,2020-10-28 13:42:00,48.62,48.63,48.59,48.62,0,0,12597
11931,2020-10-28 13:43:00,48.62,48.65,48.62,48.63,0,0,7470
11932,2020-10-28 13:44:00,48.63,48.64,48.62,48.64,0,0,9761
11933,2020-10-28 13:45:00,48.66,48.67,48.64,48.65,0,0,7319
11934,2020-10-28 13:46:00,48.66,48.69,48.66,48.67,0,0,14640
11935,2020-10-28 13:47:00,48.67,48.68,48.6,48.61,0,0,20513
11936,2020-10-28 13:48:00,48.62,48.64,48.61,48.64,0,0,21256
11937,2020-10-28 13:49:00,48.65,48.74,48.65,48.67,0,0,19875
11938,2020-10-28 13:50:00,48.66,48.69,48.63,48.63,0,0,49750
11939,2020-10-28 13:51:00,48.64,48.65,48.59,48.61,0,0,23604
11940,2020-10-28 13:52:00,48.61,48.67,48.6,48.66,0,0,21696
11941,2020-10-28 13:53:00,48.65,48.66,48.62,48.64,0,0,7455
11942,2020-10-28 13:54:00,48.63,48.68,48.63,48.67,0,0,8888
11943,2020-10-28 13:55:00,48.66,48.68,48.65,48.68,0,0,9629
11944,2020-10-28 13:56:00,48.69,48.75,48.69,48.73,0,0,14578
11945,2020-10-28 13:57:00,48.74,48.78,48.72,48.76,0,0,22715
11946,2020-10-28 13:58:00,48.76,48.81,48.75,48.81,0,0,16392
11947,2020-10-28 13:59:00,48.81,48.85,48.8,48.83,0,0,24197
11948,2020-10-28 14:00:00,48.82,48.82,48.75,48.76,0,0,25256
11949,2020-10-28 14:01:00,48.75,48.78,48.72,48.72,0,0,27573
11950,2020-10-28 14:02:00,48.74,48.8,48.74,48.8,0,0,18094
11951,2020-10-28 14:03:00,48.8,48.82,48.77,48.78,0,0,20781
11952,2020-10-28 14:04:00,48.79,48.84,48.78,48.78,0,0,14597
11953,2020-10-28 14:05:00,48.78,48.81,48.78,48.81,0,0,10553
11954,2020-10-28 14:06:00,48.81,48.85,48.81,48.84,0,0,29884
11955,2020-10-28 14:07:00,48.85,48.92,48.85,48.89,0,0,33935
11956,2020-10-28 14:08:00,48.88,48.94,48.85,48.85,0,0,37584
11957,2020-10-28 14:09:00,48.84,48.92,48.83,48.88,0,0,64289
11958,2020-10-28 14:10:00,48.88,48.88,48.81,48.81,0,0,50852
11959,2020-10-28 14:11:00,48.81,48.81,48.72,48.74,0,0,45220
11960,2020-10-28 14:12:00,48.73,48.75,48.7,48.7,0,0,13359
11961,2020-10-28 14:13:00,48.7,48.7,48.62,48.63,0,0,18743
11962,2020-10-28 14:14:00,48.62,48.64,48.56,48.57,0,0,31817
11963,2020-10-28 14:15:00,48.56,48.6,48.56,48.56,0,0,16575
11964,2020-10-28 14:16:00,48.57,48.59,48.56,48.57,0,0,10721
11965,2020-10-28 14:17:00,48.57,48.57,48.52,48.54,0,0,19065
11966,2020-10-28 14:18:00,48.54,48.64,48.54,48.64,0,0,21274
11967,2020-10-28 14:19:00,48.65,48.65,48.58,48.6,0,0,22030
11968,2020-10-28 14:20:00,48.6,48.63,48.59,48.6,0,0,16878
11969,2020-10-28 14:21:00,48.6,48.71,48.6,48.7,0,0,23331
11970,2020-10-28 14:22:00,48.69,48.78,48.69,48.77,0,0,19799
11971,2020-10-28 14:23:00,48.78,48.78,48.74,48.74,0,0,14458
11972,2020-10-28 14:24:00,48.74,48.85,48.74,48.84,0,0,31703
11973,2020-10-28 14:25:00,48.85,48.9,48.79,48.87,0,0,53765
11974,2020-10-28 14:26:00,48.87,48.88,48.79,48.84,0,0,18845
11975,2020-10-28 14:27:00,48.85,48.85,48.83,48.84,0,0,15754
11976,2020-10-28 14:28:00,48.84,48.92,48.82,48.92,0,0,23316
11977,2020-10-28 14:29:00,48.93,48.97,48.91,48.92,0,0,37969
11978,2020-10-28 14:30:00,48.92,48.97,48.89,48.9,0,0,32002
11979,2020-10-28 14:31:00,48.89,48.89,48.82,48.84,0,0,33736
11980,2020-10-28 14:32:00,48.83,48.87,48.82,48.82,0,0,16804
11981,2020-10-28 14:33:00,48.83,48.84,48.79,48.8,0,0,12390
11982,2020-10-28 14:34:00,48.79,48.83,48.78,48.81,0,0,13997
11983,2020-10-28 14:35:00,48.82,48.83,48.78,48.78,0,0,26040
11984,2020-10-28 14:36:00,48.78,48.79,48.74,48.78,0,0,29507
11985,2020-10-28 14:37:00,48.77,48.78,48.69,48.7,0,0,28248
11986,2020-10-28 14:38:00,48.7,48.74,48.68,48.72,0,0,19031
11987,2020-10-28 14:39:00,48.71,48.75,48.7,48.73,0,0,15101
11988,2020-10-28 14:40:00,48.72,48.75,48.71,48.74,0,0,29295
11989,2020-10-28 14:41:00,48.74,48.74,48.7,48.71,0,0,14347
11990,2020-10-28 14:42:00,48.71,48.8,48.71,48.78,0,0,23915
11991,2020-10-28 14:43:00,48.78,48.78,48.75,48.78,0,0,16299
11992,2020-10-28 14:44:00,48.77,48.79,48.74,48.74,0,0,51579
11993,2020-10-28 14:45:00,48.74,48.78,48.72,48.74,0,0,33629
11994,2020-10-28 14:46:00,48.74,48.79,48.73,48.76,0,0,15162
11995,2020-10-28 14:47:00,48.76,48.76,48.7,48.72,0,0,19000
11996,2020-10-28 14:48:00,48.71,48.74,48.69,48.73,0,0,21497
11997,2020-10-28 14:49:00,48.72,48.72,48.68,48.68,0,0,10815
11998,2020-10-28 14:50:00,48.69,48.76,48.69,48.7,0,0,14740
11999,2020-10-28 14:51:00,48.71,48.71,48.63,48.64,0,0,15302
12000,2020-10-28 14:52:00,48.64,48.65,48.6,48.62,0,0,17605
12001,2020-10-28 14:53:00,48.62,48.63,48.57,48.59,0,0,11161
12002,2020-10-28 14:54:00,48.59,48.59,48.55,48.56,0,0,13150
12003,2020-10-28 14:55:00,48.56,48.6,48.56,48.58,0,0,23294
12004,2020-10-28 14:56:00,48.6,48.67,48.59,48.65,0,0,23764
12005,2020-10-28 14:57:00,48.64,48.79,48.63,48.78,0,0,19743
12006,2020-10-28 14:58:00,48.78,48.8,48.76,48.79,0,0,25594
12007,2020-10-28 14:59:00,48.79,48.79,48.76,48.76,0,0,13411
12008,2020-10-28 15:00:00,48.78,48.8,48.78,48.79,0,0,17848
12009,2020-10-28 15:01:00,48.8,48.8,48.74,48.79,0,0,32385
12010,2020-10-28 15:02:00,48.79,48.85,48.78,48.8,0,0,33132
12011,2020-10-28 15:03:00,48.81,48.81,48.71,48.71,0,0,26105
12012,2020-10-28 15:04:00,48.71,48.72,48.69,48.72,0,0,14606
12013,2020-10-28 15:05:00,48.71,48.72,48.67,48.71,0,0,11877
12014,2020-10-28 15:06:00,48.72,48.77,48.67,48.68,0,0,35843
12015,2020-10-28 15:07:00,48.7,48.71,48.69,48.71,0,0,14126
12016,2020-10-28 15:08:00,48.71,48.78,48.7,48.74,0,0,19952
12017,2020-10-28 15:09:00,48.75,48.8,48.72,48.78,0,0,53035
12018,2020-10-28 15:10:00,48.76,48.78,48.73,48.73,0,0,20140
12019,2020-10-28 15:11:00,48.72,48.77,48.72,48.76,0,0,33745
12020,2020-10-28 15:12:00,48.76,48.85,48.72,48.84,0,0,53610
12021,2020-10-28 15:13:00,48.83,48.83,48.75,48.76,0,0,10974
12022,2020-10-28 15:14:00,48.77,48.79,48.76,48.76,0,0,19787
12023,2020-10-28 15:15:00,48.76,48.77,48.71,48.76,0,0,21850
12024,2020-10-28 15:16:00,48.76,48.78,48.74,48.76,0,0,19409
12025,2020-10-28 15:17:00,48.76,48.81,48.75,48.78,0,0,35579
12026,2020-10-28 15:18:00,48.79,48.85,48.79,48.85,0,0,21576
12027,2020-10-28 15:19:00,48.85,48.86,48.8,48.85,0,0,23273
12028,2020-10-28 15:20:00,48.85,48.87,48.84,48.85,0,0,18204
12029,2020-10-28 15:21:00,48.85,48.95,48.85,48.95,0,0,57782
12030,2020-10-28 15:22:00,48.95,49.01,48.93,48.99,0,0,70801
12031,2020-10-28 15:23:00,48.99,49.04,48.99,49.04,0,0,57793
12032,2020-10-28 15:24:00,49.04,49.08,48.97,49.08,0,0,41057
12033,2020-10-28 15:25:00,49.07,49.11,49.03,49.1,0,0,54853
12034,2020-10-28 15:26:00,49.1,49.16,49.09,49.16,0,0,54640
12035,2020-10-28 15:27:00,49.15,49.23,49.12,49.21,0,0,58532
12036,2020-10-28 15:28:00,49.2,49.25,49.16,49.2,0,0,49056
12037,2020-10-28 15:29:00,49.21,49.26,49.2,49.22,0,0,52900
12038,2020-10-28 15:30:00,49.21,49.33,49.21,49.33,0,0,58498
12039,2020-10-28 15:31:00,49.32,49.33,49.28,49.29,0,0,38498
12040,2020-10-28 15:32:00,49.3,49.41,49.26,49.37,0,0,104858
12041,2020-10-28 15:33:00,49.37,49.38,49.32,49.35,0,0,34525
12042,2020-10-28 15:34:00,49.35,49.37,49.28,49.29,0,0,22242
12043,2020-10-28 15:35:00,49.29,49.32,49.22,49.24,0,0,47810
12044,2020-10-28 15:36:00,49.23,49.26,49.16,49.17,0,0,82763
12045,2020-10-28 15:37:00,49.17,49.17,49.12,49.15,0,0,27169
12046,2020-10-28 15:38:00,49.14,49.15,49.08,49.08,0,0,56212
12047,2020-10-28 15:39:00,49.08,49.12,49.07,49.09,0,0,29542
12048,2020-10-28 15:40:00,49.1,49.14,49.1,49.14,0,0,26993
12049,2020-10-28 15:41:00,49.14,49.16,49.1,49.16,0,0,38242
12050,2020-10-28 15:42:00,49.15,49.21,49.15,49.17,0,0,50838
12051,2020-10-28 15:43:00,49.17,49.17,49.09,49.15,0,0,41881
12052,2020-10-28 15:44:00,49.14,49.14,49.03,49.04,0,0,39520
12053,2020-10-28 15:45:00,49.04,49.06,49.0,49.04,0,0,56203
12054,2020-10-28 15:46:00,49.03,49.04,48.95,48.95,0,0,99278
12055,2020-10-28 15:47:00,48.94,48.96,48.83,48.83,0,0,54514
12056,2020-10-28 15:48:00,48.83,48.89,48.83,48.86,0,0,60020
12057,2020-10-28 15:49:00,48.87,48.88,48.82,48.87,0,0,84746
12058,2020-10-28 15:50:00,48.87,48.89,48.77,48.77,0,0,161348
12059,2020-10-28 15:51:00,48.77,48.92,48.77,48.91,0,0,111792
12060,2020-10-28 15:52:00,48.9,49.01,48.9,48.99,0,0,99034
12061,2020-10-28 15:53:00,49.01,49.08,48.97,48.98,0,0,77808
12062,2020-10-28 15:54:00,48.99,49.03,48.87,48.87,0,0,56317
12063,2020-10-28 15:55:00,48.87,48.9,48.79,48.8,0,0,72354
12064,2020-10-28 15:56:00,48.81,48.82,48.72,48.76,0,0,129983
12065,2020-10-28 15:57:00,48.75,48.76,48.64,48.67,0,0,155174
12066,2020-10-28 15:58:00,48.68,48.77,48.67,48.72,0,0,162831
12067,2020-10-28 15:59:00,48.71,48.73,48.5,48.56,0,0,543944
12068,2020-10-29 09:30:00,51.95,52.0,51.59,51.71,0,0,1343744
12069,2020-10-29 09:31:00,51.62,51.7,51.17,51.45,0,0,372579
12070,2020-10-29 09:32:00,51.37,51.75,51.34,51.58,0,0,212020
12071,2020-10-29 09:33:00,51.55,51.74,51.55,51.63,0,0,226248
12072,2020-10-29 09:34:00,51.63,51.69,51.4,51.45,0,0,269706
12073,2020-10-29 09:35:00,51.45,51.51,50.85,50.9,0,0,380281
12074,2020-10-29 09:36:00,50.92,51.19,50.92,51.15,0,0,334310
12075,2020-10-29 09:37:00,51.18,51.18,50.92,51.01,0,0,148374
12076,2020-10-29 09:38:00,50.99,51.13,50.91,51.02,0,0,186926
12077,2020-10-29 09:39:00,51.02,51.29,51.0,51.14,0,0,229935
12078,2020-10-29 09:40:00,51.15,51.16,50.85,51.08,0,0,173023
12079,2020-10-29 09:41:00,51.04,51.16,51.01,51.11,0,0,138614
12080,2020-10-29 09:42:00,51.11,51.34,51.09,51.3,0,0,540996
12081,2020-10-29 09:43:00,51.3,51.43,51.26,51.43,0,0,240904
12082,2020-10-29 09:44:00,51.42,51.45,51.33,51.4,0,0,166653
12083,2020-10-29 09:45:00,51.42,51.59,51.37,51.59,0,0,279248
12084,2020-10-29 09:46:00,51.59,51.71,51.55,51.67,0,0,261095
12085,2020-10-29 09:47:00,51.66,51.76,51.58,51.7,0,0,187783
12086,2020-10-29 09:48:00,51.7,51.7,51.44,51.54,0,0,168695
12087,2020-10-29 09:49:00,51.54,51.61,51.25,51.32,0,0,175867
12088,2020-10-29 09:50:00,51.33,51.55,51.32,51.52,0,0,94840
12089,2020-10-29 09:51:00,51.51,51.8,51.51,51.8,0,0,93036
12090,2020-10-29 09:52:00,51.8,52.06,51.79,51.96,0,0,347181
12091,2020-10-29 09:53:00,51.96,51.96,51.82,51.94,0,0,305706
12092,2020-10-29 09:54:00,51.95,51.95,51.78,51.83,0,0,267287
12093,2020-10-29 09:55:00,51.84,51.88,51.72,51.86,0,0,284985
12094,2020-10-29 09:56:00,51.87,51.92,51.56,51.58,0,0,121458
12095,2020-10-29 09:57:00,51.56,51.59,51.34,51.37,0,0,160181
12096,2020-10-29 09:58:00,51.38,51.38,51.01,51.01,0,0,212920
12097,2020-10-29 09:59:00,51.01,51.11,50.72,50.89,0,0,307938
12098,2020-10-29 10:00:00,50.94,51.1,50.92,51.06,0,0,225629
12099,2020-10-29 10:01:00,51.07,51.17,51.01,51.03,0,0,156431
12100,2020-10-29 10:02:00,51.04,51.27,51.03,51.24,0,0,183493
12101,2020-10-29 10:03:00,51.25,51.34,51.22,51.29,0,0,106850
12102,2020-10-29 10:04:00,51.3,51.39,51.29,51.32,0,0,107649
12103,2020-10-29 10:05:00,51.33,51.43,51.3,51.42,0,0,105117
12104,2020-10-29 10:06:00,51.43,51.49,51.35,51.41,0,0,102279
12105,2020-10-29 10:07:00,51.41,51.5,51.38,51.48,0,0,126393
12106,2020-10-29 10:08:00,51.47,51.5,51.41,51.42,0,0,173441
12107,2020-10-29 10:09:00,51.44,51.44,51.13,51.15,0,0,245115
12108,2020-10-29 10:10:00,51.15,51.24,51.05,51.06,0,0,89650
12109,2020-10-29 10:11:00,51.06,51.07,50.93,50.97,0,0,88180
12110,2020-10-29 10:12:00,50.97,51.02,50.91,50.97,0,0,80890
12111,2020-10-29 10:13:00,50.99,51.21,50.99,51.05,0,0,125753
12112,2020-10-29 10:14:00,51.07,51.1,50.94,50.97,0,0,51940
12113,2020-10-29 10:15:00,50.97,51.04,50.92,50.99,0,0,75955
12114,2020-10-29 10:16:00,50.99,51.09,50.95,51.05,0,0,111600
12115,2020-10-29 10:17:00,51.04,51.27,51.03,51.19,0,0,94410
12116,2020-10-29 10:18:00,51.19,51.22,51.1,51.16,0,0,57312
12117,2020-10-29 10:19:00,51.16,51.3,51.1,51.23,0,0,58281
12118,2020-10-29 10:20:00,51.24,51.33,51.24,51.3,0,0,64865
12119,2020-10-29 10:21:00,51.3,51.32,51.26,51.32,0,0,44526
12120,2020-10-29 10:22:00,51.32,51.56,51.32,51.55,0,0,136137
12121,2020-10-29 10:23:00,51.56,51.69,51.51,51.59,0,0,144292
12122,2020-10-29 10:24:00,51.59,51.68,51.5,51.58,0,0,87774
12123,2020-10-29 10:25:00,51.58,51.6,51.5,51.53,0,0,62375
12124,2020-10-29 10:26:00,51.52,51.65,51.52,51.6,0,0,127958
12125,2020-10-29 10:27:00,51.6,51.63,51.51,51.52,0,0,57572
12126,2020-10-29 10:28:00,51.53,51.62,51.53,51.56,0,0,52087
12127,2020-10-29 10:29:00,51.56,51.6,51.53,51.58,0,0,50437
12128,2020-10-29 10:30:00,51.6,51.6,51.51,51.58,0,0,53604
12129,2020-10-29 10:31:00,51.58,51.58,51.5,51.52,0,0,41774
12130,2020-10-29 10:32:00,51.52,51.55,51.5,51.53,0,0,173229
12131,2020-10-29 10:33:00,51.53,51.54,51.24,51.24,0,0,180197
12132,2020-10-29 10:34:00,51.24,51.24,51.1,51.13,0,0,107681
12133,2020-10-29 10:35:00,51.11,51.13,51.03,51.06,0,0,87168
12134,2020-10-29 10:36:00,51.06,51.08,50.93,50.97,0,0,103119
12135,2020-10-29 10:37:00,50.97,51.1,50.96,51.07,0,0,114897
12136,2020-10-29 10:38:00,51.08,51.17,51.08,51.11,0,0,75105
12137,2020-10-29 10:39:00,51.12,51.13,51.01,51.02,0,0,132560
12138,2020-10-29 10:40:00,51.02,51.09,51.0,51.0,0,0,60087
12139,2020-10-29 10:41:00,51.0,51.0,50.85,50.85,0,0,123367
12140,2020-10-29 10:42:00,50.87,50.94,50.85,50.9,0,0,83931
12141,2020-10-29 10:43:00,50.9,51.06,50.86,51.03,0,0,74187
12142,2020-10-29 10:44:00,51.01,51.02,50.95,50.98,0,0,54992
12143,2020-10-29 10:45:00,50.98,50.99,50.93,50.97,0,0,57161
12144,2020-10-29 10:46:00,50.97,50.97,50.9,50.94,0,0,52367
12145,2020-10-29 10:47:00,50.94,50.96,50.9,50.91,0,0,59299
12146,2020-10-29 10:48:00,50.92,50.94,50.88,50.92,0,0,66984
12147,2020-10-29 10:49:00,50.91,50.91,50.71,50.74,0,0,159643
12148,2020-10-29 10:50:00,50.74,50.78,50.7,50.75,0,0,88746
12149,2020-10-29 10:51:00,50.76,50.76,50.57,50.63,0,0,177323
12150,2020-10-29 10:52:00,50.63,50.78,50.61,50.64,0,0,78138
12151,2020-10-29 10:53:00,50.64,50.75,50.61,50.72,0,0,65464
12152,2020-10-29 10:54:00,50.73,50.8,50.72,50.79,0,0,48722
12153,2020-10-29 10:55:00,50.79,50.89,50.78,50.85,0,0,91367
12154,2020-10-29 10:56:00,50.83,50.9,50.82,50.89,0,0,95136
12155,2020-10-29 10:57:00,50.89,50.94,50.86,50.88,0,0,54628
12156,2020-10-29 10:58:00,50.89,50.89,50.84,50.88,0,0,65993
12157,2020-10-29 10:59:00,50.88,50.93,50.85,50.92,0,0,31197
12158,2020-10-29 11:00:00,50.91,50.94,50.85,50.86,0,0,82029
12159,2020-10-29 11:01:00,50.86,50.87,50.72,50.74,0,0,116373
12160,2020-10-29 11:02:00,50.73,50.77,50.68,50.74,0,0,70629
12161,2020-10-29 11:03:00,50.75,50.94,50.75,50.93,0,0,68920
12162,2020-10-29 11:04:00,50.92,50.94,50.89,50.93,0,0,72019
12163,2020-10-29 11:05:00,50.92,51.04,50.9,50.95,0,0,129549
12164,2020-10-29 11:06:00,50.94,50.98,50.92,50.98,0,0,39189
12165,2020-10-29 11:07:00,50.97,51.04,50.95,50.98,0,0,45005
12166,2020-10-29 11:08:00,50.98,50.99,50.95,50.96,0,0,25450
12167,2020-10-29 11:09:00,50.97,51.05,50.95,50.95,0,0,66854
12168,2020-10-29 11:10:00,50.95,51.03,50.95,51.01,0,0,39333
12169,2020-10-29 11:11:00,50.99,51.1,50.95,51.09,0,0,69651
12170,2020-10-29 11:12:00,51.07,51.2,51.01,51.18,0,0,89591
12171,2020-10-29 11:13:00,51.17,51.34,51.14,51.32,0,0,87329
12172,2020-10-29 11:14:00,51.31,51.45,51.3,51.4,0,0,136359
12173,2020-10-29 11:15:00,51.41,51.55,51.39,51.45,0,0,138966
12174,2020-10-29 11:16:00,51.46,51.5,51.35,51.46,0,0,139671
12175,2020-10-29 11:17:00,51.46,51.69,51.44,51.65,0,0,186354
12176,2020-10-29 11:18:00,51.65,51.88,51.62,51.85,0,0,170647
12177,2020-10-29 11:19:00,51.87,51.89,51.8,51.87,0,0,218280
12178,2020-10-29 11:20:00,51.86,51.95,51.85,51.9,0,0,206682
12179,2020-10-29 11:21:00,51.9,51.93,51.81,51.92,0,0,115128
12180,2020-10-29 11:22:00,51.9,52.05,51.9,51.98,0,0,263188
12181,2020-10-29 11:23:00,51.96,51.99,51.83,51.91,0,0,129434
12182,2020-10-29 11:24:00,51.92,51.99,51.82,51.82,0,0,69785
12183,2020-10-29 11:25:00,51.83,51.97,51.8,51.84,0,0,117336
12184,2020-10-29 11:26:00,51.82,51.82,51.61,51.68,0,0,122917
12185,2020-10-29 11:27:00,51.66,51.7,51.6,51.7,0,0,54012
12186,2020-10-29 11:28:00,51.7,51.8,51.69,51.77,0,0,82293
12187,2020-10-29 11:29:00,51.76,51.8,51.73,51.78,0,0,46733
12188,2020-10-29 11:30:00,51.8,51.88,51.79,51.83,0,0,79131
12189,2020-10-29 11:31:00,51.83,51.99,51.81,51.99,0,0,95834
12190,2020-10-29 11:32:00,51.99,52.05,51.98,52.04,0,0,121274
12191,2020-10-29 11:33:00,52.04,52.05,51.93,51.98,0,0,99030
12192,2020-10-29 11:34:00,51.99,52.29,51.98,52.27,0,0,204510
12193,2020-10-29 11:35:00,52.27,52.28,52.12,52.15,0,0,158655
12194,2020-10-29 11:36:00,52.14,52.2,51.98,52.02,0,0,139165
12195,2020-10-29 11:37:00,52.03,52.08,51.92,51.92,0,0,118429
12196,2020-10-29 11:38:00,51.93,51.93,51.81,51.9,0,0,80417
12197,2020-10-29 11:39:00,51.9,51.92,51.77,51.88,0,0,77186
12198,2020-10-29 11:40:00,51.88,51.97,51.87,51.95,0,0,62780
12199,2020-10-29 11:41:00,51.94,51.94,51.8,51.83,0,0,42024
12200,2020-10-29 11:42:00,51.83,51.84,51.72,51.8,0,0,51219
12201,2020-10-29 11:43:00,51.81,51.86,51.76,51.86,0,0,66590
12202,2020-10-29 11:44:00,51.86,51.95,51.85,51.93,0,0,58328
12203,2020-10-29 11:45:00,51.94,51.94,51.78,51.86,0,0,44207
12204,2020-10-29 11:46:00,51.86,51.86,51.73,51.74,0,0,34466
12205,2020-10-29 11:47:00,51.74,51.82,51.73,51.82,0,0,22648
12206,2020-10-29 11:48:00,51.82,51.83,51.75,51.75,0,0,35353
12207,2020-10-29 11:49:00,51.73,51.78,51.72,51.75,0,0,72565
12208,2020-10-29 11:50:00,51.74,51.96,51.74,51.94,0,0,78663
12209,2020-10-29 11:51:00,51.94,51.99,51.84,51.86,0,0,67603
12210,2020-10-29 11:52:00,51.87,52.08,51.87,52.06,0,0,68310
12211,2020-10-29 11:53:00,52.06,52.06,51.76,51.87,0,0,56483
12212,2020-10-29 11:54:00,51.87,51.88,51.8,51.82,0,0,57624
12213,2020-10-29 11:55:00,51.82,51.93,51.82,51.85,0,0,49704
12214,2020-10-29 11:56:00,51.87,51.87,51.74,51.82,0,0,72842
12215,2020-10-29 11:57:00,51.83,51.84,51.5,51.59,0,0,136023
12216,2020-10-29 11:58:00,51.59,51.75,51.56,51.73,0,0,99726
12217,2020-10-29 11:59:00,51.73,51.77,51.63,51.72,0,0,98149
12218,2020-10-29 12:00:00,51.74,51.78,51.64,51.74,0,0,80319
12219,2020-10-29 12:01:00,51.72,51.77,51.67,51.72,0,0,68444
12220,2020-10-29 12:02:00,51.7,51.81,51.63,51.8,0,0,124061
12221,2020-10-29 12:03:00,51.82,51.82,51.78,51.79,0,0,80558
12222,2020-10-29 12:04:00,51.78,51.78,51.73,51.73,0,0,57434
12223,2020-10-29 12:05:00,51.74,51.81,51.73,51.8,0,0,57712
12224,2020-10-29 12:06:00,51.8,51.81,51.74,51.79,0,0,30438
12225,2020-10-29 12:07:00,51.79,51.97,51.78,51.97,0,0,97351
12226,2020-10-29 12:08:00,51.96,52.14,51.94,52.13,0,0,130766
12227,2020-10-29 12:09:00,52.13,52.15,52.09,52.14,0,0,135597
12228,2020-10-29 12:10:00,52.13,52.22,52.1,52.22,0,0,119561
12229,2020-10-29 12:11:00,52.23,52.27,52.14,52.18,0,0,142356
12230,2020-10-29 12:12:00,52.17,52.21,52.17,52.19,0,0,39187
12231,2020-10-29 12:13:00,52.28,52.38,52.28,52.38,0,0,150068
12232,2020-10-29 12:14:00,52.38,52.48,52.38,52.46,0,0,143059
12233,2020-10-29 12:15:00,52.46,52.48,52.41,52.43,0,0,143379
12234,2020-10-29 12:16:00,52.42,52.43,52.33,52.34,0,0,77271
12235,2020-10-29 12:17:00,52.33,52.33,52.26,52.28,0,0,77212
12236,2020-10-29 12:18:00,52.28,52.29,52.23,52.25,0,0,68706
12237,2020-10-29 12:19:00,52.24,52.31,52.22,52.28,0,0,169185
12238,2020-10-29 12:20:00,52.29,52.34,52.17,52.19,0,0,103121
12239,2020-10-29 12:21:00,52.19,52.19,52.05,52.12,0,0,137495
12240,2020-10-29 12:22:00,52.12,52.15,52.07,52.07,0,0,51410
12241,2020-10-29 12:23:00,52.08,52.12,52.04,52.09,0,0,75379
12242,2020-10-29 12:24:00,52.1,52.12,52.03,52.06,0,0,48819
12243,2020-10-29 12:25:00,52.06,52.08,51.94,51.95,0,0,96534
12244,2020-10-29 12:26:00,51.95,52.08,51.95,52.01,0,0,95416
12245,2020-10-29 12:27:00,52.02,52.14,51.97,52.13,0,0,130661
12246,2020-10-29 12:28:00,52.13,52.15,52.03,52.04,0,0,72219
12247,2020-10-29 12:29:00,52.05,52.07,51.98,52.06,0,0,116196
12248,2020-10-29 12:30:00,52.07,52.11,52.04,52.04,0,0,48105
12249,2020-10-29 12:31:00,52.05,52.05,51.85,51.9,0,0,66417
12250,2020-10-29 12:32:00,51.9,51.96,51.87,51.87,0,0,45497
12251,2020-10-29 12:33:00,51.87,51.9,51.84,51.9,0,0,45167
12252,2020-10-29 12:34:00,51.9,51.92,51.86,51.91,0,0,34972
12253,2020-10-29 12:35:00,51.92,51.99,51.87,51.99,0,0,71880
12254,2020-10-29 12:36:00,51.99,52.12,51.94,51.97,0,0,170983
12255,2020-10-29 12:37:00,51.98,52.02,51.96,52.01,0,0,54443
12256,2020-10-29 12:38:00,52.01,52.01,51.87,51.92,0,0,56755
12257,2020-10-29 12:39:00,51.91,52.22,51.91,52.19,0,0,535891
12258,2020-10-29 12:40:00,52.19,52.43,52.17,52.37,0,0,681675
12259,2020-10-29 12:41:00,52.37,52.47,52.36,52.45,0,0,423087
12260,2020-10-29 12:42:00,52.46,52.58,52.43,52.49,0,0,399721
12261,2020-10-29 12:43:00,52.49,52.53,52.36,52.45,0,0,199454
12262,2020-10-29 12:44:00,52.44,52.45,52.37,52.37,0,0,136736
12263,2020-10-29 12:45:00,52.37,52.4,52.23,52.33,0,0,163689
12264,2020-10-29 12:46:00,52.33,52.37,52.26,52.31,0,0,133958
12265,2020-10-29 12:47:00,52.31,52.35,52.26,52.33,0,0,147877
12266,2020-10-29 12:48:00,52.33,52.44,52.33,52.41,0,0,192391
12267,2020-10-29 12:49:00,52.41,52.43,52.26,52.33,0,0,138975
12268,2020-10-29 12:50:00,52.33,52.35,52.28,52.29,0,0,100002
12269,2020-10-29 12:51:00,52.29,52.29,52.17,52.22,0,0,122361
12270,2020-10-29 12:52:00,52.22,52.31,52.18,52.31,0,0,79393
12271,2020-10-29 12:53:00,52.31,52.34,52.27,52.29,0,0,70836
12272,2020-10-29 12:54:00,52.28,52.31,52.19,52.27,0,0,64235
12273,2020-10-29 12:55:00,52.24,52.25,52.17,52.18,0,0,74005
12274,2020-10-29 12:56:00,52.19,52.23,52.15,52.18,0,0,49437
12275,2020-10-29 12:57:00,52.16,52.24,52.16,52.19,0,0,65409
12276,2020-10-29 12:58:00,52.2,52.22,52.16,52.17,0,0,23420
12277,2020-10-29 12:59:00,52.18,52.24,52.18,52.21,0,0,70184
12278,2020-10-29 13:00:00,52.21,52.42,52.21,52.36,0,0,135982
12279,2020-10-29 13:01:00,52.35,52.44,52.34,52.41,0,0,82484
12280,2020-10-29 13:02:00,52.41,52.43,52.28,52.36,0,0,104534
12281,2020-10-29 13:03:00,52.35,52.35,52.23,52.29,0,0,67264
12282,2020-10-29 13:04:00,52.29,52.35,52.26,52.35,0,0,56656
12283,2020-10-29 13:05:00,52.35,52.4,52.35,52.4,0,0,128614
12284,2020-10-29 13:06:00,52.42,52.44,52.36,52.38,0,0,63995
12285,2020-10-29 13:07:00,52.39,52.44,52.33,52.43,0,0,115666
12286,2020-10-29 13:08:00,52.44,52.49,52.39,52.4,0,0,91323
12287,2020-10-29 13:09:00,52.41,52.45,52.35,52.42,0,0,70282
12288,2020-10-29 13:10:00,52.43,52.45,52.41,52.43,0,0,73009
12289,2020-10-29 13:11:00,52.43,52.46,52.38,52.44,0,0,106700
12290,2020-10-29 13:12:00,52.44,52.55,52.43,52.55,0,0,185552
12291,2020-10-29 13:13:00,52.55,52.61,52.54,52.6,0,0,165957
12292,2020-10-29 13:14:00,52.6,52.61,52.56,52.58,0,0,110917
12293,2020-10-29 13:15:00,52.57,52.58,52.51,52.51,0,0,89258
12294,2020-10-29 13:16:00,52.51,52.51,52.41,52.45,0,0,93463
12295,2020-10-29 13:17:00,52.46,52.48,52.39,52.39,0,0,50195
12296,2020-10-29 13:18:00,52.39,52.45,52.38,52.41,0,0,48740
12297,2020-10-29 13:19:00,52.42,52.43,52.4,52.42,0,0,33113
12298,2020-10-29 13:20:00,52.41,52.48,52.41,52.43,0,0,50930
12299,2020-10-29 13:21:00,52.43,52.49,52.4,52.48,0,0,54100
12300,2020-10-29 13:22:00,52.48,52.54,52.46,52.53,0,0,76396
12301,2020-10-29 13:23:00,52.53,52.56,52.5,52.56,0,0,50705
12302,2020-10-29 13:24:00,52.55,52.6,52.55,52.57,0,0,63678
12303,2020-10-29 13:25:00,52.57,52.58,52.52,52.53,0,0,50554
12304,2020-10-29 13:26:00,52.54,52.54,52.5,52.53,0,0,29870
12305,2020-10-29 13:27:00,52.53,52.58,52.53,52.56,0,0,67637
12306,2020-10-29 13:28:00,52.56,52.61,52.55,52.6,0,0,61169
12307,2020-10-29 13:29:00,52.61,52.62,52.57,52.59,0,0,62800
12308,2020-10-29 13:30:00,52.59,52.66,52.59,52.65,0,0,85875
12309,2020-10-29 13:31:00,52.64,52.72,52.62,52.71,0,0,94369
12310,2020-10-29 13:32:00,52.71,52.71,52.63,52.65,0,0,91982
12311,2020-10-29 13:33:00,52.65,52.68,52.64,52.68,0,0,55229
12312,2020-10-29 13:34:00,52.68,52.77,52.68,52.76,0,0,89050
12313,2020-10-29 13:35:00,52.76,52.77,52.62,52.68,0,0,79941
12314,2020-10-29 13:36:00,52.67,52.7,52.63,52.66,0,0,84172
12315,2020-10-29 13:37:00,52.66,52.7,52.66,52.7,0,0,32353
12316,2020-10-29 13:38:00,52.7,52.79,52.7,52.72,0,0,67500
12317,2020-10-29 13:39:00,52.74,52.8,52.73,52.78,0,0,57384
12318,2020-10-29 13:40:00,52.77,52.79,52.74,52.74,0,0,41484
12319,2020-10-29 13:41:00,52.75,52.77,52.73,52.77,0,0,43077
12320,2020-10-29 13:42:00,52.77,52.89,52.77,52.88,0,0,97884
12321,2020-10-29 13:43:00,52.89,52.93,52.88,52.93,0,0,115999
12322,2020-10-29 13:44:00,52.93,52.93,52.86,52.88,0,0,73185
12323,2020-10-29 13:45:00,52.88,52.89,52.82,52.83,0,0,75583
12324,2020-10-29 13:46:00,52.83,52.83,52.69,52.7,0,0,75715
12325,2020-10-29 13:47:00,52.71,52.71,52.5,52.58,0,0,188369
12326,2020-10-29 13:48:00,52.58,52.64,52.55,52.6,0,0,74353
12327,2020-10-29 13:49:00,52.6,52.66,52.6,52.65,0,0,88437
12328,2020-10-29 13:50:00,52.65,52.67,52.6,52.65,0,0,70112
12329,2020-10-29 13:51:00,52.65,52.79,52.63,52.78,0,0,116920
12330,2020-10-29 13:52:00,52.78,52.78,52.59,52.6,0,0,107070
12331,2020-10-29 13:53:00,52.6,52.64,52.52,52.53,0,0,76518
12332,2020-10-29 13:54:00,52.53,52.56,52.48,52.55,0,0,109317
12333,2020-10-29 13:55:00,52.56,52.57,52.4,52.47,0,0,98011
12334,2020-10-29 13:56:00,52.46,52.49,52.45,52.47,0,0,35348
12335,2020-10-29 13:57:00,52.47,52.48,52.41,52.46,0,0,54679
12336,2020-10-29 13:58:00,52.46,52.47,52.38,52.42,0,0,70832
12337,2020-10-29 13:59:00,52.42,52.42,52.33,52.35,0,0,69077
12338,2020-10-29 14:00:00,52.35,52.54,52.33,52.47,0,0,138887
12339,2020-10-29 14:01:00,52.46,52.55,52.45,52.49,0,0,106114
12340,2020-10-29 14:02:00,52.49,52.51,52.42,52.46,0,0,56413
12341,2020-10-29 14:03:00,52.46,52.48,52.37,52.39,0,0,61058
12342,2020-10-29 14:04:00,52.38,52.43,52.38,52.42,0,0,29191
12343,2020-10-29 14:05:00,52.42,52.47,52.41,52.44,0,0,70964
12344,2020-10-29 14:06:00,52.44,52.47,52.43,52.46,0,0,62534
12345,2020-10-29 14:07:00,52.46,52.47,52.43,52.45,0,0,62161
12346,2020-10-29 14:08:00,52.46,52.46,52.33,52.34,0,0,96503
12347,2020-10-29 14:09:00,52.34,52.35,52.22,52.23,0,0,98977
12348,2020-10-29 14:10:00,52.23,52.36,52.18,52.27,0,0,190335
12349,2020-10-29 14:11:00,52.26,52.29,52.2,52.29,0,0,55023
12350,2020-10-29 14:12:00,52.29,52.31,52.26,52.31,0,0,67835
12351,2020-10-29 14:13:00,52.31,52.38,52.28,52.38,0,0,57003
12352,2020-10-29 14:14:00,52.37,52.44,52.36,52.36,0,0,105965
12353,2020-10-29 14:15:00,52.37,52.41,52.31,52.32,0,0,68048
12354,2020-10-29 14:16:00,52.32,52.34,52.3,52.31,0,0,97388
12355,2020-10-29 14:17:00,52.31,52.4,52.31,52.38,0,0,52200
12356,2020-10-29 14:18:00,52.4,52.41,52.36,52.37,0,0,64249
12357,2020-10-29 14:19:00,52.36,52.42,52.28,52.29,0,0,81438
12358,2020-10-29 14:20:00,52.3,52.38,52.29,52.35,0,0,56221
12359,2020-10-29 14:21:00,52.36,52.41,52.36,52.38,0,0,37226
12360,2020-10-29 14:22:00,52.39,52.4,52.35,52.36,0,0,68766
12361,2020-10-29 14:23:00,52.37,52.4,52.35,52.39,0,0,55716
12362,2020-10-29 14:24:00,52.39,52.49,52.39,52.45,0,0,93828
12363,2020-10-29 14:25:00,52.45,52.47,52.43,52.44,0,0,62902
12364,2020-10-29 14:26:00,52.44,52.53,52.43,52.45,0,0,170941
12365,2020-10-29 14:27:00,52.45,52.48,52.43,52.48,0,0,78425
12366,2020-10-29 14:28:00,52.47,52.58,52.47,52.57,0,0,92073
12367,2020-10-29 14:29:00,52.58,52.67,52.56,52.62,0,0,94245
12368,2020-10-29 14:30:00,52.62,52.64,52.55,52.56,0,0,64295
12369,2020-10-29 14:31:00,52.57,52.64,52.55,52.59,0,0,89772
12370,2020-10-29 14:32:00,52.59,52.61,52.55,52.56,0,0,40300
12371,2020-10-29 14:33:00,52.56,52.57,52.46,52.49,0,0,127235
12372,2020-10-29 14:34:00,52.5,52.67,52.49,52.67,0,0,64277
12373,2020-10-29 14:35:00,52.67,52.69,52.65,52.68,0,0,81961
12374,2020-10-29 14:36:00,52.69,52.69,52.66,52.68,0,0,66165
12375,2020-10-29 14:37:00,52.68,52.69,52.6,52.61,0,0,121091
12376,2020-10-29 14:38:00,52.62,52.62,52.53,52.54,0,0,88013
12377,2020-10-29 14:39:00,52.54,52.54,52.48,52.49,0,0,59622
12378,2020-10-29 14:40:00,52.48,52.49,52.4,52.47,0,0,102737
12379,2020-10-29 14:41:00,52.46,52.51,52.43,52.49,0,0,80945
12380,2020-10-29 14:42:00,52.51,52.53,52.45,52.49,0,0,47255
12381,2020-10-29 14:43:00,52.49,52.52,52.4,52.42,0,0,63538
12382,2020-10-29 14:44:00,52.41,52.53,52.41,52.49,0,0,76054
12383,2020-10-29 14:45:00,52.5,52.52,52.44,52.49,0,0,53904
12384,2020-10-29 14:46:00,52.49,52.51,52.43,52.43,0,0,62488
12385,2020-10-29 14:47:00,52.45,52.52,52.41,52.52,0,0,56140
12386,2020-10-29 14:48:00,52.51,52.58,52.51,52.57,0,0,54963
12387,2020-10-29 14:49:00,52.56,52.57,52.48,52.49,0,0,65362
12388,2020-10-29 14:50:00,52.49,52.49,52.46,52.48,0,0,72395
12389,2020-10-29 14:51:00,52.49,52.54,52.46,52.47,0,0,69528
12390,2020-10-29 14:52:00,52.47,52.6,52.47,52.6,0,0,120343
12391,2020-10-29 14:53:00,52.61,52.62,52.58,52.6,0,0,84522
12392,2020-10-29 14:54:00,52.6,52.61,52.56,52.58,0,0,53766
12393,2020-10-29 14:55:00,52.58,52.67,52.58,52.65,0,0,89407
12394,2020-10-29 14:56:00,52.65,52.65,52.58,52.6,0,0,61191
12395,2020-10-29 14:57:00,52.59,52.6,52.53,52.58,0,0,39160
12396,2020-10-29 14:58:00,52.59,52.59,52.49,52.52,0,0,56249
12397,2020-10-29 14:59:00,52.51,52.55,52.48,52.54,0,0,52427
12398,2020-10-29 15:00:00,52.55,52.59,52.52,52.56,0,0,56630
12399,2020-10-29 15:01:00,52.57,52.6,52.55,52.58,0,0,47416
12400,2020-10-29 15:02:00,52.59,52.63,52.59,52.62,0,0,53841
12401,2020-10-29 15:03:00,52.62,52.63,52.58,52.62,0,0,47233
12402,2020-10-29 15:04:00,52.63,52.7,52.62,52.65,0,0,91705
12403,2020-10-29 15:05:00,52.65,52.69,52.56,52.6,0,0,138120
12404,2020-10-29 15:06:00,52.6,52.64,52.58,52.59,0,0,122373
12405,2020-10-29 15:07:00,52.59,52.6,52.55,52.57,0,0,135783
12406,2020-10-29 15:08:00,52.58,52.6,52.56,52.57,0,0,68810
12407,2020-10-29 15:09:00,52.58,52.58,52.51,52.55,0,0,62902
12408,2020-10-29 15:10:00,52.55,52.57,52.52,52.52,0,0,41371
12409,2020-10-29 15:11:00,52.53,52.54,52.49,52.53,0,0,74464
12410,2020-10-29 15:12:00,52.53,52.57,52.5,52.57,0,0,48712
12411,2020-10-29 15:13:00,52.56,52.6,52.52,52.54,0,0,46912
12412,2020-10-29 15:14:00,52.54,52.56,52.5,52.5,0,0,72443
12413,2020-10-29 15:15:00,52.5,52.58,52.49,52.56,0,0,94010
12414,2020-10-29 15:16:00,52.56,52.57,52.49,52.52,0,0,53515
12415,2020-10-29 15:17:00,52.52,52.52,52.36,52.37,0,0,111878
12416,2020-10-29 15:18:00,52.37,52.45,52.37,52.4,0,0,94240
12417,2020-10-29 15:19:00,52.4,52.49,52.39,52.49,0,0,107741
12418,2020-10-29 15:20:00,52.48,52.51,52.45,52.48,0,0,55171
12419,2020-10-29 15:21:00,52.48,52.55,52.45,52.54,0,0,96172
12420,2020-10-29 15:22:00,52.54,52.56,52.51,52.53,0,0,61325
12421,2020-10-29 15:23:00,52.53,52.55,52.5,52.51,0,0,52644
12422,2020-10-29 15:24:00,52.51,52.58,52.5,52.56,0,0,110219
12423,2020-10-29 15:25:00,52.56,52.59,52.55,52.59,0,0,78572
12424,2020-10-29 15:26:00,52.58,52.66,52.57,52.62,0,0,104657
12425,2020-10-29 15:27:00,52.62,52.62,52.56,52.57,0,0,55785
12426,2020-10-29 15:28:00,52.56,52.59,52.56,52.58,0,0,53580
12427,2020-10-29 15:29:00,52.57,52.61,52.55,52.6,0,0,116155
12428,2020-10-29 15:30:00,52.61,52.69,52.58,52.68,0,0,142135
12429,2020-10-29 15:31:00,52.68,52.69,52.6,52.62,0,0,89383
12430,2020-10-29 15:32:00,52.62,52.65,52.6,52.64,0,0,73715
12431,2020-10-29 15:33:00,52.64,52.73,52.63,52.63,0,0,139189
12432,2020-10-29 15:34:00,52.64,52.68,52.62,52.66,0,0,94027
12433,2020-10-29 15:35:00,52.66,52.66,52.64,52.66,0,0,116990
12434,2020-10-29 15:36:00,52.65,52.65,52.57,52.58,0,0,93710
12435,2020-10-29 15:37:00,52.58,52.61,52.55,52.56,0,0,69284
12436,2020-10-29 15:38:00,52.56,52.58,52.51,52.53,0,0,113738
12437,2020-10-29 15:39:00,52.53,52.59,52.52,52.56,0,0,82548
12438,2020-10-29 15:40:00,52.55,52.66,52.54,52.65,0,0,112478
12439,2020-10-29 15:41:00,52.65,52.67,52.61,52.65,0,0,171443
12440,2020-10-29 15:42:00,52.65,52.69,52.62,52.65,0,0,153871
12441,2020-10-29 15:43:00,52.65,52.66,52.57,52.58,0,0,108667
12442,2020-10-29 15:44:00,52.58,52.61,52.55,52.56,0,0,80624
12443,2020-10-29 15:45:00,52.56,52.56,52.51,52.55,0,0,119107
12444,2020-10-29 15:46:00,52.56,52.66,52.56,52.66,0,0,205287
12445,2020-10-29 15:47:00,52.66,52.69,52.63,52.68,0,0,150053
12446,2020-10-29 15:48:00,52.68,52.72,52.66,52.7,0,0,152122
12447,2020-10-29 15:49:00,52.7,52.72,52.66,52.69,0,0,178975
12448,2020-10-29 15:50:00,52.69,52.73,52.62,52.63,0,0,219093
12449,2020-10-29 15:51:00,52.63,52.65,52.54,52.54,0,0,254160
12450,2020-10-29 15:52:00,52.54,52.61,52.53,52.54,0,0,177007
12451,2020-10-29 15:53:00,52.55,52.57,52.51,52.53,0,0,244300
12452,2020-10-29 15:54:00,52.54,52.55,52.46,52.46,0,0,229403
12453,2020-10-29 15:55:00,52.47,52.47,52.26,52.33,0,0,410013
12454,2020-10-29 15:56:00,52.33,52.33,52.23,52.3,0,0,274787
12455,2020-10-29 15:57:00,52.3,52.46,52.28,52.45,0,0,364619
12456,2020-10-29 15:58:00,52.45,52.55,52.4,52.48,0,0,355871
12457,2020-10-29 15:59:00,52.49,52.52,52.28,52.43,0,0,672232
12458,2020-10-30 09:30:00,44.53,44.68,44.26,44.35,0,0,3396655
12459,2020-10-30 09:31:00,44.01,44.4,44.01,44.01,0,0,1486902
12460,2020-10-30 09:32:00,44.01,44.02,43.66,43.8,0,0,1391908
12461,2020-10-30 09:33:00,43.79,44.1,43.79,43.99,0,0,932347
12462,2020-10-30 09:34:00,44.01,44.4,43.85,44.2,0,0,825337
12463,2020-10-30 09:35:00,44.19,44.47,44.17,44.45,0,0,603561
12464,2020-10-30 09:36:00,44.78,44.9,44.74,44.88,0,0,894149
12465,2020-10-30 09:37:00,45.11,45.16,44.95,45.12,0,0,1342375
12466,2020-10-30 09:38:00,45.11,45.12,44.7,44.86,0,0,689889
12467,2020-10-30 09:39:00,44.85,44.87,44.61,44.64,0,0,549995
12468,2020-10-30 09:40:00,44.63,44.8,44.53,44.59,0,0,702824
12469,2020-10-30 09:41:00,44.61,44.61,44.02,44.03,0,0,752985
12470,2020-10-30 09:42:00,44.03,44.17,44.0,44.06,0,0,648259
12471,2020-10-30 09:43:00,44.05,44.18,43.9,43.94,0,0,641720
12472,2020-10-30 09:44:00,43.93,43.94,43.73,43.79,0,0,629324
12473,2020-10-30 09:45:00,43.78,43.88,43.7,43.85,0,0,691360
12474,2020-10-30 09:46:00,43.84,44.02,43.82,43.83,0,0,563350
12475,2020-10-30 09:47:00,43.83,43.83,43.5,43.53,0,0,1128212
12476,2020-10-30 09:48:00,43.53,43.66,43.36,43.55,0,0,791905
12477,2020-10-30 09:49:00,43.54,43.55,43.25,43.27,0,0,460282
12478,2020-10-30 09:50:00,43.28,43.4,43.2,43.38,0,0,555560
12479,2020-10-30 09:51:00,43.36,43.4,43.15,43.15,0,0,405917
12480,2020-10-30 09:52:00,43.15,43.39,43.14,43.17,0,0,600050
12481,2020-10-30 09:53:00,43.17,43.2,43.05,43.15,0,0,596624
12482,2020-10-30 09:54:00,43.15,43.45,43.13,43.4,0,0,465147
12483,2020-10-30 09:55:00,43.4,43.47,43.25,43.41,0,0,335702
12484,2020-10-30 09:56:00,43.42,43.66,43.4,43.64,0,0,547810
12485,2020-10-30 09:57:00,43.64,43.73,43.5,43.53,0,0,486765
12486,2020-10-30 09:58:00,43.53,43.74,43.53,43.58,0,0,297083
12487,2020-10-30 09:59:00,43.58,43.59,43.25,43.31,0,0,394091
12488,2020-10-30 10:00:00,43.31,43.44,43.21,43.24,0,0,386419
12489,2020-10-30 10:01:00,43.24,43.28,43.14,43.18,0,0,439554
12490,2020-10-30 10:02:00,43.17,43.43,43.1,43.36,0,0,525941
12491,2020-10-30 10:03:00,43.36,43.43,43.3,43.31,0,0,243250
12492,2020-10-30 10:04:00,43.3,43.38,43.17,43.3,0,0,241073
12493,2020-10-30 10:05:00,43.31,43.45,43.2,43.36,0,0,290537
12494,2020-10-30 10:06:00,43.36,43.42,43.27,43.37,0,0,224232
12495,2020-10-30 10:07:00,43.37,43.46,43.26,43.43,0,0,238358
12496,2020-10-30 10:08:00,43.42,43.42,43.24,43.38,0,0,232764
12497,2020-10-30 10:09:00,43.37,43.39,43.11,43.18,0,0,347468
12498,2020-10-30 10:10:00,43.17,43.18,42.89,42.9,0,0,1022737
12499,2020-10-30 10:11:00,42.9,42.96,42.78,42.87,0,0,608364
12500,2020-10-30 10:12:00,42.86,42.88,42.75,42.78,0,0,304020
12501,2020-10-30 10:13:00,42.78,42.84,42.75,42.81,0,0,288435
12502,2020-10-30 10:14:00,42.81,42.9,42.8,42.82,0,0,309396
12503,2020-10-30 10:15:00,42.81,42.87,42.75,42.75,0,0,329450
12504,2020-10-30 10:16:00,42.76,42.83,42.7,42.73,0,0,448258
12505,2020-10-30 10:17:00,42.71,42.74,42.6,42.72,0,0,411428
12506,2020-10-30 10:18:00,42.72,42.73,42.62,42.65,0,0,235167
12507,2020-10-30 10:19:00,42.65,42.88,42.63,42.88,0,0,384653
12508,2020-10-30 10:20:00,42.87,42.89,42.71,42.76,0,0,306051
12509,2020-10-30 10:21:00,42.76,42.93,42.76,42.92,0,0,289464
12510,2020-10-30 10:22:00,42.91,43.05,42.88,43.04,0,0,330897
12511,2020-10-30 10:23:00,43.03,43.08,42.98,43.02,0,0,369451
12512,2020-10-30 10:24:00,43.01,43.07,42.81,42.81,0,0,306632
12513,2020-10-30 10:25:00,42.81,42.9,42.77,42.87,0,0,256635
12514,2020-10-30 10:26:00,42.88,42.88,42.78,42.83,0,0,116567
12515,2020-10-30 10:27:00,42.83,42.99,42.81,42.95,0,0,253403
12516,2020-10-30 10:28:00,42.95,42.95,42.76,42.82,0,0,160061
12517,2020-10-30 10:29:00,42.81,42.81,42.61,42.63,0,0,177740
12518,2020-10-30 10:30:00,42.63,42.83,42.54,42.74,0,0,370309
12519,2020-10-30 10:31:00,42.73,42.86,42.65,42.83,0,0,159576
12520,2020-10-30 10:32:00,42.83,42.83,42.52,42.53,0,0,269172
12521,2020-10-30 10:33:00,42.52,42.61,42.5,42.53,0,0,371253
12522,2020-10-30 10:34:00,42.53,42.55,42.31,42.38,0,0,469176
12523,2020-10-30 10:35:00,42.37,42.37,42.26,42.26,0,0,263808
12524,2020-10-30 10:36:00,42.26,42.33,42.25,42.28,0,0,258165
12525,2020-10-30 10:37:00,42.28,42.34,42.25,42.33,0,0,284564
12526,2020-10-30 10:38:00,42.32,42.34,42.26,42.29,0,0,292737
12527,2020-10-30 10:39:00,42.29,42.45,42.27,42.44,0,0,400905
12528,2020-10-30 10:40:00,42.43,42.44,42.11,42.12,0,0,417832
12529,2020-10-30 10:41:00,42.11,42.17,42.07,42.12,0,0,261280
12530,2020-10-30 10:42:00,42.11,42.12,42.02,42.06,0,0,282774
12531,2020-10-30 10:43:00,42.06,42.17,42.02,42.04,0,0,269418
12532,2020-10-30 10:44:00,42.03,42.11,41.9,41.94,0,0,585129
12533,2020-10-30 10:45:00,41.94,42.16,41.91,42.11,0,0,335685
12534,2020-10-30 10:46:00,42.12,42.25,42.12,42.22,0,0,293116
12535,2020-10-30 10:47:00,42.22,42.27,42.1,42.15,0,0,306039
12536,2020-10-30 10:48:00,42.15,42.2,42.1,42.15,0,0,149345
12537,2020-10-30 10:49:00,42.14,42.18,42.1,42.1,0,0,151445
12538,2020-10-30 10:50:00,42.11,42.23,42.0,42.01,0,0,243602
12539,2020-10-30 10:51:00,42.02,42.34,41.95,42.3,0,0,314826
12540,2020-10-30 10:52:00,42.3,42.33,42.18,42.18,0,0,169336
12541,2020-10-30 10:53:00,42.19,42.19,41.91,42.07,0,0,313028
12542,2020-10-30 10:54:00,42.05,42.1,41.96,42.08,0,0,150873
12543,2020-10-30 10:55:00,42.08,42.26,42.08,42.23,0,0,199623
12544,2020-10-30 10:56:00,42.22,42.23,42.0,42.01,0,0,166881
12545,2020-10-30 10:57:00,42.01,42.12,41.98,42.01,0,0,144367
12546,2020-10-30 10:58:00,42.01,42.01,41.81,41.83,0,0,335608
12547,2020-10-30 10:59:00,41.83,41.91,41.75,41.78,0,0,228320
12548,2020-10-30 11:00:00,41.78,42.09,41.78,42.06,0,0,375472
12549,2020-10-30 11:01:00,42.05,42.05,41.97,42.04,0,0,150229
12550,2020-10-30 11:02:00,42.05,42.1,41.88,42.1,0,0,204065
12551,2020-10-30 11:03:00,42.1,42.17,42.07,42.13,0,0,139185
12552,2020-10-30 11:04:00,42.14,42.24,42.06,42.15,0,0,180043
12553,2020-10-30 11:05:00,42.16,42.21,42.0,42.12,0,0,134676
12554,2020-10-30 11:06:00,42.13,42.25,42.06,42.23,0,0,120014
12555,2020-10-30 11:07:00,42.23,42.24,42.14,42.15,0,0,94752
12556,2020-10-30 11:08:00,42.15,42.21,42.1,42.17,0,0,116148
12557,2020-10-30 11:09:00,42.16,42.18,42.0,42.03,0,0,339844
12558,2020-10-30 11:10:00,42.04,42.1,42.01,42.03,0,0,121565
12559,2020-10-30 11:11:00,42.03,42.16,42.0,42.15,0,0,155042
12560,2020-10-30 11:12:00,42.14,42.14,42.06,42.08,0,0,71151
12561,2020-10-30 11:13:00,42.08,42.19,42.01,42.14,0,0,160792
12562,2020-10-30 11:14:00,42.13,42.23,42.08,42.23,0,0,94383
12563,2020-10-30 11:15:00,42.22,42.28,42.11,42.14,0,0,163557
12564,2020-10-30 11:16:00,42.14,42.16,42.08,42.08,0,0,82872
12565,2020-10-30 11:17:00,42.08,42.08,41.92,41.94,0,0,223297
12566,2020-10-30 11:18:00,41.95,41.95,41.82,41.89,0,0,155291
12567,2020-10-30 11:19:00,41.88,41.96,41.78,41.79,0,0,194678
12568,2020-10-30 11:20:00,41.8,41.87,41.77,41.82,0,0,162826
12569,2020-10-30 11:21:00,41.81,41.91,41.8,41.8,0,0,157096
12570,2020-10-30 11:22:00,41.81,41.86,41.63,41.67,0,0,392169
12571,2020-10-30 11:23:00,41.68,41.87,41.67,41.87,0,0,297903
12572,2020-10-30 11:24:00,41.86,41.89,41.74,41.76,0,0,156659
12573,2020-10-30 11:25:00,41.76,41.81,41.67,41.76,0,0,212451
12574,2020-10-30 11:26:00,41.75,41.79,41.61,41.63,0,0,224120
12575,2020-10-30 11:27:00,41.63,41.7,41.57,41.6,0,0,243005
12576,2020-10-30 11:28:00,41.6,41.62,41.53,41.53,0,0,171206
12577,2020-10-30 11:29:00,41.53,41.69,41.53,41.67,0,0,148606
12578,2020-10-30 11:30:00,41.68,41.71,41.61,41.65,0,0,115850
12579,2020-10-30 11:31:00,41.64,41.67,41.6,41.64,0,0,101104
12580,2020-10-30 11:32:00,41.64,41.65,41.5,41.56,0,0,185083
12581,2020-10-30 11:33:00,41.56,41.56,41.48,41.49,0,0,193238
12582,2020-10-30 11:34:00,41.49,41.68,41.48,41.67,0,0,234867
12583,2020-10-30 11:35:00,41.67,41.72,41.61,41.61,0,0,92865
12584,2020-10-30 11:36:00,41.62,41.7,41.58,41.69,0,0,203068
12585,2020-10-30 11:37:00,41.7,41.7,41.61,41.61,0,0,58122
12586,2020-10-30 11:38:00,41.61,41.62,41.46,41.52,0,0,178159
12587,2020-10-30 11:39:00,41.51,41.59,41.5,41.56,0,0,94902
12588,2020-10-30 11:40:00,41.55,41.57,41.52,41.53,0,0,96402
12589,2020-10-30 11:41:00,41.53,41.67,41.53,41.66,0,0,112659
12590,2020-10-30 11:42:00,41.66,41.66,41.6,41.65,0,0,70559
12591,2020-10-30 11:43:00,41.65,41.74,41.62,41.67,0,0,109823
12592,2020-10-30 11:44:00,41.67,41.69,41.6,41.69,0,0,106022
12593,2020-10-30 11:45:00,41.68,41.68,41.52,41.56,0,0,141725
12594,2020-10-30 11:46:00,41.56,41.63,41.53,41.56,0,0,84573
12595,2020-10-30 11:47:00,41.56,41.63,41.55,41.6,0,0,95797
12596,2020-10-30 11:48:00,41.61,41.76,41.59,41.75,0,0,137486
12597,2020-10-30 11:49:00,41.75,41.76,41.69,41.71,0,0,148496
12598,2020-10-30 11:50:00,41.72,41.72,41.61,41.61,0,0,94647
12599,2020-10-30 11:51:00,41.62,41.67,41.57,41.65,0,0,135313
12600,2020-10-30 11:52:00,41.65,41.73,41.62,41.71,0,0,104428
12601,2020-10-30 11:53:00,41.72,41.81,41.72,41.78,0,0,111342
12602,2020-10-30 11:54:00,41.78,41.85,41.75,41.84,0,0,137893
12603,2020-10-30 11:55:00,41.86,41.86,41.8,41.85,0,0,178573
12604,2020-10-30 11:56:00,41.85,41.88,41.81,41.87,0,0,96499
12605,2020-10-30 11:57:00,41.87,41.93,41.84,41.89,0,0,189049
12606,2020-10-30 11:58:00,41.88,41.88,41.8,41.81,0,0,112913
12607,2020-10-30 11:59:00,41.81,41.87,41.79,41.87,0,0,118625
12608,2020-10-30 12:00:00,41.86,41.88,41.8,41.84,0,0,103237
12609,2020-10-30 12:01:00,41.85,41.98,41.84,41.93,0,0,170485
12610,2020-10-30 12:02:00,41.92,41.98,41.91,41.96,0,0,59620
12611,2020-10-30 12:03:00,42.01,42.07,42.01,42.06,0,0,306111
12612,2020-10-30 12:04:00,42.03,42.08,42.0,42.07,0,0,182004
12613,2020-10-30 12:05:00,42.08,42.15,42.05,42.1,0,0,256555
12614,2020-10-30 12:06:00,42.1,42.12,42.03,42.11,0,0,123944
12615,2020-10-30 12:07:00,42.11,42.13,42.05,42.06,0,0,131496
12616,2020-10-30 12:08:00,42.06,42.08,42.0,42.0,0,0,143920
12617,2020-10-30 12:09:00,42.01,42.09,42.0,42.03,0,0,142352
12618,2020-10-30 12:10:00,42.03,42.14,42.01,42.12,0,0,158856
12619,2020-10-30 12:11:00,42.11,42.15,42.08,42.09,0,0,128167
12620,2020-10-30 12:12:00,42.09,42.09,42.02,42.06,0,0,93765
12621,2020-10-30 12:13:00,42.06,42.07,41.98,42.01,0,0,173704
12622,2020-10-30 12:14:00,42.01,42.01,41.85,41.86,0,0,220722
12623,2020-10-30 12:15:00,41.85,41.91,41.85,41.88,0,0,152857
12624,2020-10-30 12:16:00,41.89,41.98,41.88,41.97,0,0,107421
12625,2020-10-30 12:17:00,41.97,42.08,41.97,42.05,0,0,105942
12626,2020-10-30 12:18:00,42.04,42.06,41.96,42.04,0,0,162695
12627,2020-10-30 12:19:00,42.05,42.09,41.97,42.03,0,0,134862
12628,2020-10-30 12:20:00,42.01,42.08,41.92,41.94,0,0,124990
12629,2020-10-30 12:21:00,41.94,41.94,41.81,41.82,0,0,187788
12630,2020-10-30 12:22:00,41.81,41.82,41.71,41.77,0,0,204982
12631,2020-10-30 12:23:00,41.76,41.82,41.75,41.79,0,0,93180
12632,2020-10-30 12:24:00,41.8,41.86,41.75,41.81,0,0,101729
12633,2020-10-30 12:25:00,41.81,41.81,41.68,41.74,0,0,143319
12634,2020-10-30 12:26:00,41.74,41.8,41.68,41.74,0,0,98370
12635,2020-10-30 12:27:00,41.74,41.83,41.7,41.81,0,0,114172
12636,2020-10-30 12:28:00,41.8,41.88,41.79,41.88,0,0,73223
12637,2020-10-30 12:29:00,41.87,41.89,41.81,41.88,0,0,102119
12638,2020-10-30 12:30:00,41.87,41.88,41.81,41.86,0,0,73978
12639,2020-10-30 12:31:00,41.85,41.9,41.82,41.82,0,0,66455
12640,2020-10-30 12:32:00,41.82,41.87,41.76,41.81,0,0,137467
12641,2020-10-30 12:33:00,41.81,41.89,41.81,41.88,0,0,167567
12642,2020-10-30 12:34:00,41.89,42.04,41.89,42.03,0,0,258269
12643,2020-10-30 12:35:00,42.02,42.03,41.95,41.98,0,0,111776
12644,2020-10-30 12:36:00,41.97,41.98,41.9,41.9,0,0,104649
12645,2020-10-30 12:37:00,41.91,41.92,41.82,41.9,0,0,108923
12646,2020-10-30 12:38:00,41.9,41.99,41.87,41.97,0,0,118545
12647,2020-10-30 12:39:00,41.97,42.0,41.94,41.97,0,0,117884
12648,2020-10-30 12:40:00,41.99,42.09,41.98,42.04,0,0,116472
12649,2020-10-30 12:41:00,42.05,42.12,42.0,42.08,0,0,135396
12650,2020-10-30 12:42:00,42.07,42.07,42.0,42.01,0,0,104608
12651,2020-10-30 12:43:00,42.0,42.07,41.95,41.96,0,0,91567
12652,2020-10-30 12:44:00,41.96,41.97,41.88,41.92,0,0,138704
12653,2020-10-30 12:45:00,41.91,41.93,41.8,41.82,0,0,135063
12654,2020-10-30 12:46:00,41.83,41.85,41.8,41.81,0,0,103722
12655,2020-10-30 12:47:00,41.81,41.93,41.8,41.91,0,0,133649
12656,2020-10-30 12:48:00,41.9,41.99,41.9,41.96,0,0,122147
12657,2020-10-30 12:49:00,41.96,42.02,41.92,42.01,0,0,66465
12658,2020-10-30 12:50:00,42.01,42.03,41.96,42.0,0,0,89540
12659,2020-10-30 12:51:00,41.99,42.03,41.95,42.0,0,0,79691
12660,2020-10-30 12:52:00,42.01,42.08,41.99,42.0,0,0,117330
12661,2020-10-30 12:53:00,42.0,42.06,41.97,42.06,0,0,87057
12662,2020-10-30 12:54:00,42.06,42.08,42.01,42.03,0,0,88241
12663,2020-10-30 12:55:00,42.03,42.06,42.01,42.01,0,0,51978
12664,2020-10-30 12:56:00,42.01,42.02,41.95,41.97,0,0,162920
12665,2020-10-30 12:57:00,41.97,42.02,41.95,42.01,0,0,45317
12666,2020-10-30 12:58:00,42.01,42.03,41.98,41.98,0,0,62222
12667,2020-10-30 12:59:00,41.99,42.03,41.98,42.01,0,0,42838
12668,2020-10-30 13:00:00,42.01,42.02,41.96,41.97,0,0,79500
12669,2020-10-30 13:01:00,41.98,42.17,41.97,42.15,0,0,243514
12670,2020-10-30 13:02:00,42.14,42.17,42.08,42.1,0,0,117398
12671,2020-10-30 13:03:00,42.1,42.11,42.06,42.08,0,0,41313
12672,2020-10-30 13:04:00,42.08,42.09,41.95,41.98,0,0,100761
12673,2020-10-30 13:05:00,41.99,41.99,41.92,41.94,0,0,73876
12674,2020-10-30 13:06:00,41.94,42.01,41.9,41.94,0,0,101208
12675,2020-10-30 13:07:00,41.94,41.94,41.85,41.89,0,0,89647
12676,2020-10-30 13:08:00,41.88,41.88,41.81,41.83,0,0,49047
12677,2020-10-30 13:09:00,41.83,41.87,41.82,41.87,0,0,45421
12678,2020-10-30 13:10:00,41.86,41.9,41.86,41.89,0,0,47287
12679,2020-10-30 13:11:00,41.89,41.9,41.84,41.85,0,0,57841
12680,2020-10-30 13:12:00,41.83,41.84,41.6,41.62,0,0,308200
12681,2020-10-30 13:13:00,41.62,41.65,41.53,41.53,0,0,268040
12682,2020-10-30 13:14:00,41.53,41.63,41.52,41.55,0,0,163912
12683,2020-10-30 13:15:00,41.54,41.56,41.3,41.32,0,0,512314
12684,2020-10-30 13:16:00,41.33,41.44,41.32,41.4,0,0,254895
12685,2020-10-30 13:17:00,41.41,41.61,41.38,41.6,0,0,218559
12686,2020-10-30 13:18:00,41.6,41.65,41.51,41.57,0,0,224771
12687,2020-10-30 13:19:00,41.56,41.57,41.51,41.53,0,0,98533
12688,2020-10-30 13:20:00,41.54,41.56,41.5,41.51,0,0,79672
12689,2020-10-30 13:21:00,41.51,41.55,41.51,41.52,0,0,97536
12690,2020-10-30 13:22:00,41.52,41.64,41.51,41.62,0,0,79768
12691,2020-10-30 13:23:00,41.62,41.71,41.62,41.66,0,0,263388
12692,2020-10-30 13:24:00,41.65,41.68,41.62,41.62,0,0,77768
12693,2020-10-30 13:25:00,41.62,41.66,41.6,41.6,0,0,84669
12694,2020-10-30 13:26:00,41.6,41.61,41.5,41.51,0,0,122144
12695,2020-10-30 13:27:00,41.5,41.58,41.47,41.57,0,0,90903
12696,2020-10-30 13:28:00,41.57,41.74,41.57,41.69,0,0,123158
12697,2020-10-30 13:29:00,41.69,41.72,41.66,41.71,0,0,55668
12698,2020-10-30 13:30:00,41.7,41.76,41.66,41.72,0,0,90563
12699,2020-10-30 13:31:00,41.71,41.77,41.7,41.77,0,0,61817
12700,2020-10-30 13:32:00,41.76,41.79,41.7,41.73,0,0,80393
12701,2020-10-30 13:33:00,41.73,41.75,41.62,41.63,0,0,87272
12702,2020-10-30 13:34:00,41.63,41.67,41.6,41.65,0,0,76218
12703,2020-10-30 13:35:00,41.65,41.72,41.65,41.67,0,0,74846
12704,2020-10-30 13:36:00,41.67,41.69,41.62,41.62,0,0,69135
12705,2020-10-30 13:37:00,41.63,41.67,41.6,41.65,0,0,62543
12706,2020-10-30 13:38:00,41.66,41.73,41.65,41.69,0,0,77383
12707,2020-10-30 13:39:00,41.69,41.76,41.67,41.73,0,0,84043
12708,2020-10-30 13:40:00,41.72,41.75,41.71,41.72,0,0,54556
12709,2020-10-30 13:41:00,41.72,41.73,41.7,41.72,0,0,49818
12710,2020-10-30 13:42:00,41.71,41.74,41.7,41.72,0,0,64841
12711,2020-10-30 13:43:00,41.71,41.72,41.63,41.65,0,0,52396
12712,2020-10-30 13:44:00,41.65,41.69,41.65,41.67,0,0,64583
12713,2020-10-30 13:45:00,41.66,41.66,41.61,41.61,0,0,138167
12714,2020-10-30 13:46:00,41.61,41.62,41.5,41.51,0,0,174060
12715,2020-10-30 13:47:00,41.5,41.51,41.42,41.5,0,0,127403
12716,2020-10-30 13:48:00,41.49,41.6,41.45,41.56,0,0,167684
12717,2020-10-30 13:49:00,41.56,41.61,41.52,41.61,0,0,70998
12718,2020-10-30 13:50:00,41.61,41.66,41.56,41.58,0,0,63775
12719,2020-10-30 13:51:00,41.58,41.58,41.5,41.51,0,0,75988
12720,2020-10-30 13:52:00,41.5,41.53,41.45,41.46,0,0,72600
12721,2020-10-30 13:53:00,41.47,41.47,41.39,41.45,0,0,168132
12722,2020-10-30 13:54:00,41.45,41.45,41.39,41.4,0,0,128380
12723,2020-10-30 13:55:00,41.4,41.48,41.39,41.44,0,0,118914
12724,2020-10-30 13:56:00,41.44,41.47,41.42,41.42,0,0,60464
12725,2020-10-30 13:57:00,41.42,41.44,41.38,41.43,0,0,96469
12726,2020-10-30 13:58:00,41.42,41.48,41.38,41.43,0,0,96207
12727,2020-10-30 13:59:00,41.42,41.42,41.41,41.42,0,0,42792
12728,2020-10-30 14:00:00,41.41,41.42,41.33,41.33,0,0,171574
12729,2020-10-30 14:01:00,41.33,41.36,41.25,41.3,0,0,187466
12730,2020-10-30 14:02:00,41.29,41.35,41.27,41.33,0,0,109160
12731,2020-10-30 14:03:00,41.32,41.35,41.28,41.34,0,0,105452
12732,2020-10-30 14:04:00,41.33,41.34,41.28,41.33,0,0,77041
12733,2020-10-30 14:05:00,41.32,41.45,41.31,41.41,0,0,186974
12734,2020-10-30 14:06:00,41.41,41.48,41.38,41.48,0,0,116497
12735,2020-10-30 14:07:00,41.48,41.5,41.45,41.48,0,0,99972
12736,2020-10-30 14:08:00,41.47,41.63,41.45,41.6,0,0,141672
12737,2020-10-30 14:09:00,41.6,41.66,41.6,41.65,0,0,93786
12738,2020-10-30 14:10:00,41.65,41.68,41.6,41.62,0,0,79624
12739,2020-10-30 14:11:00,41.62,41.74,41.6,41.71,0,0,182100
12740,2020-10-30 14:12:00,41.71,41.8,41.71,41.78,0,0,187400
12741,2020-10-30 14:13:00,41.77,41.82,41.73,41.75,0,0,152293
12742,2020-10-30 14:14:00,41.76,41.79,41.63,41.65,0,0,139989
12743,2020-10-30 14:15:00,41.65,41.67,41.62,41.67,0,0,50208
12744,2020-10-30 14:16:00,41.67,41.75,41.66,41.72,0,0,63425
12745,2020-10-30 14:17:00,41.73,41.81,41.7,41.78,0,0,80927
12746,2020-10-30 14:18:00,41.79,41.79,41.77,41.78,0,0,55716
12747,2020-10-30 14:19:00,41.78,41.78,41.72,41.72,0,0,57551
12748,2020-10-30 14:20:00,41.72,41.74,41.71,41.73,0,0,53022
12749,2020-10-30 14:21:00,41.73,41.73,41.66,41.67,0,0,97114
12750,2020-10-30 14:22:00,41.66,41.71,41.66,41.69,0,0,69246
12751,2020-10-30 14:23:00,41.69,41.69,41.66,41.67,0,0,27426
12752,2020-10-30 14:24:00,41.67,41.71,41.54,41.61,0,0,139715
12753,2020-10-30 14:25:00,41.61,41.62,41.51,41.51,0,0,81777
12754,2020-10-30 14:26:00,41.51,41.52,41.5,41.52,0,0,102169
12755,2020-10-30 14:27:00,41.51,41.55,41.51,41.53,0,0,66549
12756,2020-10-30 14:28:00,41.53,41.54,41.41,41.42,0,0,96761
12757,2020-10-30 14:29:00,41.42,41.45,41.39,41.39,0,0,91805
12758,2020-10-30 14:30:00,41.39,41.39,41.32,41.33,0,0,97222
12759,2020-10-30 14:31:00,41.33,41.37,41.31,41.37,0,0,82334
12760,2020-10-30 14:32:00,41.36,41.37,41.31,41.34,0,0,99407
12761,2020-10-30 14:33:00,41.35,41.35,41.25,41.32,0,0,159459
12762,2020-10-30 14:34:00,41.31,41.39,41.31,41.38,0,0,119063
12763,2020-10-30 14:35:00,41.39,41.4,41.34,41.34,0,0,45098
12764,2020-10-30 14:36:00,41.34,41.34,41.26,41.29,0,0,130129
12765,2020-10-30 14:37:00,41.29,41.39,41.28,41.38,0,0,107536
12766,2020-10-30 14:38:00,41.38,41.49,41.37,41.47,0,0,147580
12767,2020-10-30 14:39:00,41.47,41.5,41.43,41.46,0,0,86233
12768,2020-10-30 14:40:00,41.45,41.46,41.31,41.34,0,0,92031
12769,2020-10-30 14:41:00,41.35,41.38,41.3,41.31,0,0,66385
12770,2020-10-30 14:42:00,41.31,41.32,41.21,41.26,0,0,241875
12771,2020-10-30 14:43:00,41.25,41.26,41.2,41.22,0,0,124488
12772,2020-10-30 14:44:00,41.22,41.27,41.12,41.12,0,0,150959
12773,2020-10-30 14:45:00,41.13,41.26,41.12,41.26,0,0,158311
12774,2020-10-30 14:46:00,41.26,41.35,41.26,41.35,0,0,154860
12775,2020-10-30 14:47:00,41.33,41.35,41.26,41.31,0,0,116772
12776,2020-10-30 14:48:00,41.32,41.37,41.28,41.37,0,0,86448
12777,2020-10-30 14:49:00,41.37,41.44,41.35,41.43,0,0,117191
12778,2020-10-30 14:50:00,41.42,41.42,41.3,41.33,0,0,106354
12779,2020-10-30 14:51:00,41.33,41.37,41.31,41.33,0,0,47317
12780,2020-10-30 14:52:00,41.33,41.35,41.27,41.34,0,0,128598
12781,2020-10-30 14:53:00,41.34,41.39,41.29,41.39,0,0,78596
12782,2020-10-30 14:54:00,41.39,41.43,41.37,41.37,0,0,70748
12783,2020-10-30 14:55:00,41.37,41.41,41.33,41.4,0,0,70877
12784,2020-10-30 14:56:00,41.4,41.5,41.4,41.45,0,0,112757
12785,2020-10-30 14:57:00,41.44,41.49,41.43,41.49,0,0,69037
12786,2020-10-30 14:58:00,41.48,41.5,41.45,41.49,0,0,67710
12787,2020-10-30 14:59:00,41.49,41.49,41.4,41.4,0,0,69847
12788,2020-10-30 15:00:00,41.4,41.44,41.34,41.34,0,0,91256
12789,2020-10-30 15:01:00,41.34,41.36,41.3,41.31,0,0,138411
12790,2020-10-30 15:02:00,41.31,41.32,41.24,41.25,0,0,94234
12791,2020-10-30 15:03:00,41.24,41.25,41.15,41.17,0,0,183780
12792,2020-10-30 15:04:00,41.17,41.17,41.06,41.15,0,0,256965
12793,2020-10-30 15:05:00,41.14,41.19,41.12,41.16,0,0,111766
12794,2020-10-30 15:06:00,41.16,41.18,41.07,41.09,0,0,154836
12795,2020-10-30 15:07:00,41.08,41.14,41.08,41.1,0,0,93297
12796,2020-10-30 15:08:00,41.1,41.13,41.05,41.11,0,0,140148
12797,2020-10-30 15:09:00,41.12,41.12,41.07,41.1,0,0,59336
12798,2020-10-30 15:10:00,41.1,41.13,41.06,41.13,0,0,110484
12799,2020-10-30 15:11:00,41.13,41.18,41.12,41.13,0,0,112692
12800,2020-10-30 15:12:00,41.13,41.19,41.08,41.19,0,0,86847
12801,2020-10-30 15:13:00,41.19,41.2,41.15,41.16,0,0,76000
12802,2020-10-30 15:14:00,41.17,41.22,41.16,41.17,0,0,125626
12803,2020-10-30 15:15:00,41.17,41.19,41.12,41.12,0,0,93528
12804,2020-10-30 15:16:00,41.13,41.2,41.12,41.18,0,0,107071
12805,2020-10-30 15:17:00,41.18,41.2,41.06,41.13,0,0,114266
12806,2020-10-30 15:18:00,41.13,41.2,41.13,41.19,0,0,130544
12807,2020-10-30 15:19:00,41.19,41.26,41.16,41.19,0,0,95821
12808,2020-10-30 15:20:00,41.18,41.25,41.17,41.24,0,0,110988
12809,2020-10-30 15:21:00,41.24,41.26,41.21,41.24,0,0,85487
12810,2020-10-30 15:22:00,41.24,41.25,41.13,41.15,0,0,158950
12811,2020-10-30 15:23:00,41.16,41.25,41.16,41.22,0,0,92165
12812,2020-10-30 15:24:00,41.23,41.25,41.19,41.22,0,0,73624
12813,2020-10-30 15:25:00,41.23,41.24,41.17,41.19,0,0,75632
12814,2020-10-30 15:26:00,41.19,41.23,41.15,41.18,0,0,163724
12815,2020-10-30 15:27:00,41.18,41.25,41.17,41.18,0,0,104963
12816,2020-10-30 15:28:00,41.19,41.31,41.15,41.15,0,0,199663
12817,2020-10-30 15:29:00,41.15,41.16,41.08,41.08,0,0,115178
12818,2020-10-30 15:30:00,41.09,41.2,41.08,41.13,0,0,171001
12819,2020-10-30 15:31:00,41.12,41.14,41.1,41.1,0,0,103878
12820,2020-10-30 15:32:00,41.1,41.14,41.1,41.1,0,0,124465
12821,2020-10-30 15:33:00,41.1,41.12,41.09,41.1,0,0,122446
12822,2020-10-30 15:34:00,41.1,41.16,41.1,41.12,0,0,75462
12823,2020-10-30 15:35:00,41.12,41.13,41.1,41.12,0,0,66342
12824,2020-10-30 15:36:00,41.12,41.13,41.1,41.1,0,0,57278
12825,2020-10-30 15:37:00,41.1,41.11,41.06,41.07,0,0,205159
12826,2020-10-30 15:38:00,41.06,41.06,41.02,41.04,0,0,180548
12827,2020-10-30 15:39:00,41.04,41.05,41.03,41.05,0,0,278868
12828,2020-10-30 15:40:00,41.05,41.1,41.04,41.06,0,0,180732
12829,2020-10-30 15:41:00,41.06,41.06,41.04,41.04,0,0,129204
12830,2020-10-30 15:42:00,41.05,41.12,41.04,41.09,0,0,195795
12831,2020-10-30 15:43:00,41.08,41.13,41.08,41.12,0,0,146663
12832,2020-10-30 15:44:00,41.12,41.15,41.09,41.13,0,0,202365
12833,2020-10-30 15:45:00,41.14,41.21,41.13,41.19,0,0,213843
12834,2020-10-30 15:46:00,41.19,41.2,41.13,41.13,0,0,122173
12835,2020-10-30 15:47:00,41.13,41.14,41.03,41.03,0,0,133520
12836,2020-10-30 15:48:00,41.04,41.04,40.83,40.93,0,0,744925
12837,2020-10-30 15:49:00,40.93,41.03,40.9,40.96,0,0,318939
12838,2020-10-30 15:50:00,40.96,41.07,40.96,41.04,0,0,269136
12839,2020-10-30 15:51:00,41.04,41.15,41.04,41.13,0,0,324738
12840,2020-10-30 15:52:00,41.13,41.15,41.1,41.12,0,0,244503
12841,2020-10-30 15:53:00,41.12,41.21,41.11,41.2,0,0,358047
12842,2020-10-30 15:54:00,41.21,41.31,41.17,41.17,0,0,315030
12843,2020-10-30 15:55:00,41.16,41.25,41.14,41.24,0,0,319411
12844,2020-10-30 15:56:00,41.24,41.24,41.19,41.24,0,0,314311
12845,2020-10-30 15:57:00,41.23,41.3,41.2,41.22,0,0,434079
12846,2020-10-30 15:58:00,41.23,41.26,41.13,41.26,0,0,628311
12847,2020-10-30 15:59:00,41.26,41.4,41.24,41.37,0,0,734507
12848,2020-11-02 09:30:00,41.15,41.21,41.08,41.12,0,0,888438
12849,2020-11-02 09:31:00,41.16,41.2,40.55,40.58,0,0,827941
12850,2020-11-02 09:32:00,40.59,40.81,40.54,40.76,0,0,263304
12851,2020-11-02 09:33:00,40.77,40.89,40.13,40.33,0,0,473543
12852,2020-11-02 09:34:00,40.46,40.81,40.46,40.63,0,0,363370
12853,2020-11-02 09:35:00,40.67,40.94,40.63,40.79,0,0,214574
12854,2020-11-02 09:36:00,40.79,40.8,40.58,40.65,0,0,162475
12855,2020-11-02 09:37:00,40.65,40.72,40.44,40.6,0,0,176394
12856,2020-11-02 09:38:00,40.59,40.72,40.48,40.71,0,0,151711
12857,2020-11-02 09:39:00,40.71,41.24,40.71,41.14,0,0,306108
12858,2020-11-02 09:40:00,41.16,41.45,41.13,41.32,0,0,311996
12859,2020-11-02 09:41:00,41.33,41.6,41.18,41.19,0,0,267999
12860,2020-11-02 09:42:00,41.2,41.24,40.71,40.73,0,0,277079
12861,2020-11-02 09:43:00,40.73,40.8,40.63,40.63,0,0,200780
12862,2020-11-02 09:44:00,40.63,40.85,40.61,40.78,0,0,170847
12863,2020-11-02 09:45:00,40.78,40.95,40.61,40.61,0,0,141922
12864,2020-11-02 09:46:00,40.61,40.62,40.51,40.6,0,0,194830
12865,2020-11-02 09:47:00,40.6,40.75,40.59,40.69,0,0,128824
12866,2020-11-02 09:48:00,40.71,40.94,40.71,40.79,0,0,153028
12867,2020-11-02 09:49:00,40.8,40.87,40.74,40.86,0,0,90669
12868,2020-11-02 09:50:00,40.87,40.87,40.68,40.72,0,0,116318
12869,2020-11-02 09:51:00,40.72,40.79,40.69,40.72,0,0,88238
12870,2020-11-02 09:52:00,40.73,40.79,40.67,40.79,0,0,126953
12871,2020-11-02 09:53:00,40.78,40.88,40.7,40.78,0,0,151473
12872,2020-11-02 09:54:00,40.78,40.83,40.56,40.63,0,0,168440
12873,2020-11-02 09:55:00,40.64,40.66,40.42,40.42,0,0,191069
12874,2020-11-02 09:56:00,40.42,40.91,40.42,40.89,0,0,281204
12875,2020-11-02 09:57:00,40.88,41.06,40.88,41.03,0,0,233038
12876,2020-11-02 09:58:00,41.03,41.1,40.92,41.05,0,0,158689
12877,2020-11-02 09:59:00,41.05,41.09,40.83,40.87,0,0,156300
12878,2020-11-02 10:00:00,40.87,41.05,40.72,40.73,0,0,142209
12879,2020-11-02 10:01:00,40.72,40.81,40.62,40.77,0,0,118507
12880,2020-11-02 10:02:00,40.76,40.84,40.67,40.75,0,0,85647
12881,2020-11-02 10:03:00,40.74,40.74,40.54,40.56,0,0,113125
12882,2020-11-02 10:04:00,40.56,40.65,40.52,40.64,0,0,103162
12883,2020-11-02 10:05:00,40.62,40.7,40.51,40.56,0,0,107390
12884,2020-11-02 10:06:00,40.57,40.59,40.45,40.46,0,0,120549
12885,2020-11-02 10:07:00,40.46,40.57,40.45,40.5,0,0,136831
12886,2020-11-02 10:08:00,40.49,40.83,40.49,40.67,0,0,186099
12887,2020-11-02 10:09:00,40.68,40.68,40.55,40.58,0,0,109330
12888,2020-11-02 10:10:00,40.59,40.71,40.59,40.71,0,0,106111
12889,2020-11-02 10:11:00,40.72,40.74,40.57,40.69,0,0,107369
12890,2020-11-02 10:12:00,40.69,40.78,40.47,40.48,0,0,232278
12891,2020-11-02 10:13:00,40.47,40.56,40.46,40.53,0,0,221553
12892,2020-11-02 10:14:00,40.52,40.53,40.45,40.45,0,0,89727
12893,2020-11-02 10:15:00,40.45,40.46,40.35,40.38,0,0,235910
12894,2020-11-02 10:16:00,40.38,40.44,40.38,40.42,0,0,215343
12895,2020-11-02 10:17:00,40.42,40.55,40.41,40.5,0,0,139711
12896,2020-11-02 10:18:00,40.51,40.64,40.49,40.62,0,0,173924
12897,2020-11-02 10:19:00,40.63,40.74,40.62,40.72,0,0,147368
12898,2020-11-02 10:20:00,40.72,40.72,40.59,40.6,0,0,117392
12899,2020-11-02 10:21:00,40.6,40.71,40.6,40.61,0,0,110741
12900,2020-11-02 10:22:00,40.6,40.68,40.6,40.65,0,0,79609
12901,2020-11-02 10:23:00,40.65,40.7,40.62,40.64,0,0,84337
12902,2020-11-02 10:24:00,40.63,40.73,40.61,40.61,0,0,181523
12903,2020-11-02 10:25:00,40.61,40.62,40.53,40.54,0,0,99530
12904,2020-11-02 10:26:00,40.54,40.55,40.43,40.49,0,0,80877
12905,2020-11-02 10:27:00,40.48,40.57,40.48,40.56,0,0,53549
12906,2020-11-02 10:28:00,40.56,40.65,40.44,40.47,0,0,89267
12907,2020-11-02 10:29:00,40.46,40.49,40.41,40.42,0,0,64594
12908,2020-11-02 10:30:00,40.41,40.42,40.35,40.38,0,0,86324
12909,2020-11-02 10:31:00,40.37,40.37,40.26,40.31,0,0,139551
12910,2020-11-02 10:32:00,40.31,40.35,40.29,40.35,0,0,127520
12911,2020-11-02 10:33:00,40.34,40.39,40.17,40.18,0,0,215616
12912,2020-11-02 10:34:00,40.18,40.21,40.15,40.17,0,0,164307
12913,2020-11-02 10:35:00,40.16,40.17,40.1,40.12,0,0,208329
12914,2020-11-02 10:36:00,40.12,40.16,40.06,40.07,0,0,196503
12915,2020-11-02 10:37:00,40.07,40.09,40.05,40.08,0,0,178795
12916,2020-11-02 10:38:00,40.08,40.11,40.02,40.06,0,0,157675
12917,2020-11-02 10:39:00,40.07,40.08,40.02,40.03,0,0,112233
12918,2020-11-02 10:40:00,40.03,40.06,40.02,40.04,0,0,97988
12919,2020-11-02 10:41:00,40.03,40.06,40.02,40.02,0,0,118083
12920,2020-11-02 10:42:00,40.03,40.06,40.02,40.03,0,0,107097
12921,2020-11-02 10:43:00,40.03,40.05,40.01,40.04,0,0,113603
12922,2020-11-02 10:44:00,40.05,40.05,39.93,39.98,0,0,427176
12923,2020-11-02 10:45:00,39.99,40.05,39.96,40.04,0,0,175549
12924,2020-11-02 10:46:00,40.04,40.05,39.92,39.96,0,0,137549
12925,2020-11-02 10:47:00,39.96,40.04,39.92,39.92,0,0,159864
12926,2020-11-02 10:48:00,39.92,40.01,39.92,39.99,0,0,158493
12927,2020-11-02 10:49:00,40.0,40.04,39.96,39.97,0,0,135719
12928,2020-11-02 10:50:00,39.97,40.04,39.96,39.98,0,0,101076
12929,2020-11-02 10:51:00,39.99,40.03,39.94,39.99,0,0,94732
12930,2020-11-02 10:52:00,39.99,40.02,39.98,40.02,0,0,78280
12931,2020-11-02 10:53:00,40.02,40.03,39.98,40.01,0,0,156414
12932,2020-11-02 10:54:00,40.01,40.07,40.0,40.06,0,0,218873
12933,2020-11-02 10:55:00,40.06,40.06,39.98,40.03,0,0,162295
12934,2020-11-02 10:56:00,40.03,40.11,40.01,40.09,0,0,229537
12935,2020-11-02 10:57:00,40.09,40.12,40.03,40.12,0,0,123235
12936,2020-11-02 10:58:00,40.12,40.17,40.09,40.13,0,0,164390
12937,2020-11-02 10:59:00,40.12,40.14,40.03,40.08,0,0,88797
12938,2020-11-02 11:00:00,40.08,40.08,40.02,40.06,0,0,88154
12939,2020-11-02 11:01:00,40.04,40.06,39.87,39.87,0,0,214762
12940,2020-11-02 11:02:00,39.87,39.92,39.79,39.91,0,0,186834
12941,2020-11-02 11:03:00,39.92,39.99,39.9,39.94,0,0,184251
12942,2020-11-02 11:04:00,39.95,40.02,39.94,39.95,0,0,122506
12943,2020-11-02 11:05:00,39.95,39.98,39.9,39.96,0,0,90234
12944,2020-11-02 11:06:00,39.96,39.96,39.92,39.94,0,0,62111
12945,2020-11-02 11:07:00,39.95,39.95,39.83,39.86,0,0,121198
12946,2020-11-02 11:08:00,39.87,40.06,39.86,39.99,0,0,165025
12947,2020-11-02 11:09:00,40.01,40.04,39.97,40.02,0,0,86335
12948,2020-11-02 11:10:00,40.03,40.07,40.0,40.03,0,0,124093
12949,2020-11-02 11:11:00,40.03,40.05,39.99,40.05,0,0,81634
12950,2020-11-02 11:12:00,40.05,40.07,39.97,40.06,0,0,127839
12951,2020-11-02 11:13:00,40.06,40.08,40.04,40.06,0,0,121166
12952,2020-11-02 11:14:00,40.06,40.08,40.03,40.08,0,0,96672
12953,2020-11-02 11:15:00,40.08,40.08,39.99,40.0,0,0,89761
12954,2020-11-02 11:16:00,40.0,40.02,39.97,39.97,0,0,67656
12955,2020-11-02 11:17:00,39.97,40.04,39.97,40.01,0,0,98538
12956,2020-11-02 11:18:00,40.02,40.03,39.96,40.0,0,0,83458
12957,2020-11-02 11:19:00,40.01,40.01,39.8,39.91,0,0,180976
12958,2020-11-02 11:20:00,39.91,39.92,39.81,39.86,0,0,142274
12959,2020-11-02 11:21:00,39.85,39.89,39.75,39.77,0,0,264251
12960,2020-11-02 11:22:00,39.76,39.94,39.76,39.94,0,0,166278
12961,2020-11-02 11:23:00,39.94,39.95,39.86,39.87,0,0,71642
12962,2020-11-02 11:24:00,39.87,39.99,39.87,39.92,0,0,74521
12963,2020-11-02 11:25:00,39.91,39.93,39.88,39.9,0,0,74912
12964,2020-11-02 11:26:00,39.9,40.0,39.9,39.94,0,0,70592
12965,2020-11-02 11:27:00,39.94,40.04,39.93,40.01,0,0,76136
12966,2020-11-02 11:28:00,40.01,40.03,39.91,39.93,0,0,51282
12967,2020-11-02 11:29:00,39.92,39.93,39.79,39.81,0,0,76970
12968,2020-11-02 11:30:00,39.8,39.82,39.66,39.68,0,0,221966
12969,2020-11-02 11:31:00,39.69,39.8,39.69,39.78,0,0,105002
12970,2020-11-02 11:32:00,39.78,39.84,39.76,39.78,0,0,68368
12971,2020-11-02 11:33:00,39.79,39.83,39.74,39.74,0,0,89116
12972,2020-11-02 11:34:00,39.75,39.8,39.74,39.76,0,0,69530
12973,2020-11-02 11:35:00,39.76,39.79,39.71,39.76,0,0,66484
12974,2020-11-02 11:36:00,39.75,39.77,39.7,39.7,0,0,58989
12975,2020-11-02 11:37:00,39.7,39.78,39.69,39.74,0,0,124793
12976,2020-11-02 11:38:00,39.74,39.74,39.68,39.71,0,0,70685
12977,2020-11-02 11:39:00,39.71,39.83,39.71,39.8,0,0,121631
12978,2020-11-02 11:40:00,39.8,39.87,39.79,39.87,0,0,91221
12979,2020-11-02 11:41:00,39.86,39.9,39.81,39.9,0,0,90036
12980,2020-11-02 11:42:00,39.9,39.94,39.88,39.89,0,0,74478
12981,2020-11-02 11:43:00,39.9,39.9,39.86,39.87,0,0,38577
12982,2020-11-02 11:44:00,39.87,39.94,39.86,39.94,0,0,59436
12983,2020-11-02 11:45:00,39.94,39.94,39.8,39.83,0,0,89536
12984,2020-11-02 11:46:00,39.85,39.87,39.78,39.85,0,0,55107
12985,2020-11-02 11:47:00,39.87,39.91,39.87,39.89,0,0,66368
12986,2020-11-02 11:48:00,39.89,39.97,39.88,39.92,0,0,52557
12987,2020-11-02 11:49:00,39.92,39.97,39.85,39.85,0,0,56890
12988,2020-11-02 11:50:00,39.84,39.87,39.78,39.84,0,0,58183
12989,2020-11-02 11:51:00,39.84,39.92,39.84,39.89,0,0,38109
12990,2020-11-02 11:52:00,39.89,39.89,39.77,39.81,0,0,94305
12991,2020-11-02 11:53:00,39.81,39.82,39.76,39.81,0,0,65145
12992,2020-11-02 11:54:00,39.8,39.81,39.76,39.79,0,0,52260
12993,2020-11-02 11:55:00,39.79,39.81,39.71,39.74,0,0,64723
12994,2020-11-02 11:56:00,39.74,39.76,39.72,39.73,0,0,47442
12995,2020-11-02 11:57:00,39.73,39.76,39.7,39.71,0,0,84796
12996,2020-11-02 11:58:00,39.71,39.74,39.62,39.7,0,0,160795
12997,2020-11-02 11:59:00,39.71,39.75,39.69,39.69,0,0,76442
12998,2020-11-02 12:00:00,39.69,39.74,39.65,39.65,0,0,69617
12999,2020-11-02 12:01:00,39.65,39.67,39.56,39.61,0,0,210287
13000,2020-11-02 12:02:00,39.6,39.67,39.6,39.66,0,0,145899
13001,2020-11-02 12:03:00,39.67,39.73,39.62,39.62,0,0,107179
13002,2020-11-02 12:04:00,39.62,39.63,39.6,39.61,0,0,67833
13003,2020-11-02 12:05:00,39.6,39.69,39.58,39.65,0,0,119904
13004,2020-11-02 12:06:00,39.66,39.68,39.62,39.66,0,0,53031
13005,2020-11-02 12:07:00,39.67,39.69,39.63,39.69,0,0,49585
13006,2020-11-02 12:08:00,39.7,39.79,39.7,39.74,0,0,82712
13007,2020-11-02 12:09:00,39.75,39.76,39.72,39.76,0,0,34201
13008,2020-11-02 12:10:00,39.75,39.76,39.7,39.74,0,0,81228
13009,2020-11-02 12:11:00,39.74,39.74,39.61,39.64,0,0,134780
13010,2020-11-02 12:12:00,39.64,39.65,39.61,39.62,0,0,39183
13011,2020-11-02 12:13:00,39.62,39.67,39.6,39.65,0,0,52907
13012,2020-11-02 12:14:00,39.65,39.67,39.61,39.65,0,0,65635
13013,2020-11-02 12:15:00,39.64,39.69,39.61,39.62,0,0,35966
13014,2020-11-02 12:16:00,39.63,39.65,39.61,39.64,0,0,52805
13015,2020-11-02 12:17:00,39.64,39.65,39.57,39.58,0,0,121527
13016,2020-11-02 12:18:00,39.57,39.6,39.57,39.59,0,0,55106
13017,2020-11-02 12:19:00,39.59,39.62,39.58,39.58,0,0,31822
13018,2020-11-02 12:20:00,39.59,39.62,39.55,39.56,0,0,76515
13019,2020-11-02 12:21:00,39.56,39.6,39.56,39.57,0,0,58206
13020,2020-11-02 12:22:00,39.58,39.58,39.56,39.58,0,0,44248
13021,2020-11-02 12:23:00,39.58,39.64,39.58,39.63,0,0,77884
13022,2020-11-02 12:24:00,39.63,39.66,39.62,39.64,0,0,123704
13023,2020-11-02 12:25:00,39.63,39.65,39.62,39.64,0,0,77349
13024,2020-11-02 12:26:00,39.64,39.66,39.62,39.65,0,0,47643
13025,2020-11-02 12:27:00,39.66,39.67,39.64,39.65,0,0,147555
13026,2020-11-02 12:28:00,39.65,39.74,39.65,39.71,0,0,70741
13027,2020-11-02 12:29:00,39.7,39.75,39.68,39.75,0,0,80051
13028,2020-11-02 12:30:00,39.74,39.78,39.7,39.71,0,0,92813
13029,2020-11-02 12:31:00,39.7,39.74,39.69,39.73,0,0,81336
13030,2020-11-02 12:32:00,39.74,39.74,39.63,39.64,0,0,166236
13031,2020-11-02 12:33:00,39.64,39.68,39.63,39.64,0,0,90397
13032,2020-11-02 12:34:00,39.65,39.67,39.64,39.65,0,0,32508
13033,2020-11-02 12:35:00,39.65,39.72,39.65,39.69,0,0,39000
13034,2020-11-02 12:36:00,39.69,39.72,39.68,39.69,0,0,46807
13035,2020-11-02 12:37:00,39.68,39.69,39.61,39.65,0,0,80492
13036,2020-11-02 12:38:00,39.65,39.65,39.59,39.61,0,0,83649
13037,2020-11-02 12:39:00,39.61,39.63,39.58,39.61,0,0,85470
13038,2020-11-02 12:40:00,39.6,39.63,39.57,39.59,0,0,71716
13039,2020-11-02 12:41:00,39.59,39.64,39.56,39.62,0,0,116024
13040,2020-11-02 12:42:00,39.62,39.63,39.55,39.57,0,0,85944
13041,2020-11-02 12:43:00,39.57,39.58,39.55,39.56,0,0,64723
13042,2020-11-02 12:44:00,39.56,39.58,39.51,39.52,0,0,117470
13043,2020-11-02 12:45:00,39.51,39.53,39.44,39.46,0,0,214739
13044,2020-11-02 12:46:00,39.45,39.51,39.45,39.5,0,0,91708
13045,2020-11-02 12:47:00,39.5,39.5,39.44,39.46,0,0,73423
13046,2020-11-02 12:48:00,39.45,39.47,39.42,39.42,0,0,95795
13047,2020-11-02 12:49:00,39.43,39.44,39.37,39.38,0,0,188112
13048,2020-11-02 12:50:00,39.38,39.39,39.28,39.33,0,0,205549
13049,2020-11-02 12:51:00,39.33,39.35,39.28,39.31,0,0,154247
13050,2020-11-02 12:52:00,39.31,39.32,39.25,39.27,0,0,152104
13051,2020-11-02 12:53:00,39.27,39.3,39.26,39.27,0,0,90277
13052,2020-11-02 12:54:00,39.28,39.3,39.26,39.26,0,0,154053
13053,2020-11-02 12:55:00,39.26,39.29,39.26,39.28,0,0,84334
13054,2020-11-02 12:56:00,39.28,39.3,39.26,39.26,0,0,74026
13055,2020-11-02 12:57:00,39.26,39.29,39.2,39.21,0,0,231052
13056,2020-11-02 12:58:00,39.21,39.24,39.18,39.19,0,0,196237
13057,2020-11-02 12:59:00,39.19,39.21,39.15,39.17,0,0,175994
13058,2020-11-02 13:00:00,39.17,39.2,39.12,39.12,0,0,95389
13059,2020-11-02 13:01:00,39.12,39.15,39.03,39.04,0,0,276830
13060,2020-11-02 13:02:00,39.06,39.09,39.02,39.05,0,0,151096
13061,2020-11-02 13:03:00,39.05,39.23,39.05,39.22,0,0,295481
13062,2020-11-02 13:04:00,39.22,39.27,39.22,39.26,0,0,202154
13063,2020-11-02 13:05:00,39.26,39.3,39.2,39.28,0,0,131046
13064,2020-11-02 13:06:00,39.27,39.3,39.2,39.2,0,0,156779
13065,2020-11-02 13:07:00,39.21,39.24,39.12,39.17,0,0,164886
13066,2020-11-02 13:08:00,39.16,39.26,39.15,39.22,0,0,126519
13067,2020-11-02 13:09:00,39.22,39.22,39.15,39.15,0,0,73290
13068,2020-11-02 13:10:00,39.15,39.18,39.1,39.11,0,0,78285
13069,2020-11-02 13:11:00,39.12,39.12,39.07,39.08,0,0,114870
13070,2020-11-02 13:12:00,39.09,39.23,39.08,39.16,0,0,101304
13071,2020-11-02 13:13:00,39.15,39.17,39.12,39.15,0,0,56049
13072,2020-11-02 13:14:00,39.16,39.2,39.15,39.19,0,0,49451
13073,2020-11-02 13:15:00,39.19,39.22,39.18,39.19,0,0,53253
13074,2020-11-02 13:16:00,39.19,39.21,39.14,39.16,0,0,46790
13075,2020-11-02 13:17:00,39.17,39.17,39.14,39.15,0,0,92007
13076,2020-11-02 13:18:00,39.15,39.16,39.07,39.08,0,0,101909
13077,2020-11-02 13:19:00,39.07,39.08,39.02,39.02,0,0,65007
13078,2020-11-02 13:20:00,39.03,39.05,39.02,39.03,0,0,66002
13079,2020-11-02 13:21:00,39.04,39.05,39.01,39.03,0,0,114409
13080,2020-11-02 13:22:00,39.02,39.07,39.01,39.04,0,0,158369
13081,2020-11-02 13:23:00,39.04,39.06,39.04,39.06,0,0,169946
13082,2020-11-02 13:24:00,39.06,39.06,39.01,39.03,0,0,96900
13083,2020-11-02 13:25:00,39.03,39.03,38.93,38.98,0,0,304934
13084,2020-11-02 13:26:00,38.97,39.04,38.97,39.02,0,0,146416
13085,2020-11-02 13:27:00,39.01,39.02,38.97,39.01,0,0,87552
13086,2020-11-02 13:28:00,39.01,39.12,39.0,39.1,0,0,127087
13087,2020-11-02 13:29:00,39.11,39.18,39.09,39.18,0,0,120132
13088,2020-11-02 13:30:00,39.18,39.19,39.14,39.14,0,0,68409
13089,2020-11-02 13:31:00,39.13,39.17,39.12,39.15,0,0,58106
13090,2020-11-02 13:32:00,39.14,39.15,39.1,39.14,0,0,49518
13091,2020-11-02 13:33:00,39.13,39.14,39.11,39.13,0,0,58784
13092,2020-11-02 13:34:00,39.14,39.15,39.08,39.15,0,0,97567
13093,2020-11-02 13:35:00,39.15,39.25,39.14,39.25,0,0,136324
13094,2020-11-02 13:36:00,39.24,39.26,39.19,39.22,0,0,96828
13095,2020-11-02 13:37:00,39.22,39.25,39.21,39.24,0,0,68723
13096,2020-11-02 13:38:00,39.24,39.24,39.17,39.19,0,0,72296
13097,2020-11-02 13:39:00,39.18,39.23,39.16,39.23,0,0,53978
13098,2020-11-02 13:40:00,39.24,39.25,39.21,39.25,0,0,63048
13099,2020-11-02 13:41:00,39.26,39.33,39.23,39.28,0,0,165510
13100,2020-11-02 13:42:00,39.28,39.33,39.27,39.31,0,0,94001
13101,2020-11-02 13:43:00,39.31,39.32,39.28,39.32,0,0,102566
13102,2020-11-02 13:44:00,39.32,39.42,39.31,39.35,0,0,176712
13103,2020-11-02 13:45:00,39.34,39.38,39.29,39.29,0,0,75777
13104,2020-11-02 13:46:00,39.28,39.3,39.26,39.28,0,0,68352
13105,2020-11-02 13:47:00,39.28,39.3,39.27,39.28,0,0,64889
13106,2020-11-02 13:48:00,39.28,39.29,39.19,39.2,0,0,75585
13107,2020-11-02 13:49:00,39.2,39.23,39.18,39.2,0,0,75122
13108,2020-11-02 13:50:00,39.21,39.26,39.2,39.21,0,0,54175
13109,2020-11-02 13:51:00,39.22,39.22,39.1,39.12,0,0,58699
13110,2020-11-02 13:52:00,39.11,39.14,39.05,39.06,0,0,78286
13111,2020-11-02 13:53:00,39.06,39.1,38.98,39.01,0,0,139682
13112,2020-11-02 13:54:00,39.0,39.08,38.99,39.04,0,0,72458
13113,2020-11-02 13:55:00,39.05,39.05,38.95,38.99,0,0,109065
13114,2020-11-02 13:56:00,38.99,39.03,38.98,38.98,0,0,73867
13115,2020-11-02 13:57:00,38.98,39.01,38.98,38.99,0,0,70107
13116,2020-11-02 13:58:00,38.99,38.99,38.93,38.93,0,0,100961
13117,2020-11-02 13:59:00,38.94,39.0,38.93,39.0,0,0,114968
13118,2020-11-02 14:00:00,38.99,39.0,38.97,38.97,0,0,51787
13119,2020-11-02 14:01:00,38.97,39.0,38.95,38.99,0,0,70611
13120,2020-11-02 14:02:00,38.99,39.03,38.96,38.97,0,0,62719
13121,2020-11-02 14:03:00,38.96,38.99,38.96,38.96,0,0,82173
13122,2020-11-02 14:04:00,38.96,38.99,38.95,38.98,0,0,77447
13123,2020-11-02 14:05:00,38.98,39.12,38.95,39.11,0,0,137859
13124,2020-11-02 14:06:00,39.12,39.16,39.1,39.13,0,0,120902
13125,2020-11-02 14:07:00,39.14,39.14,39.1,39.12,0,0,63936
13126,2020-11-02 14:08:00,39.12,39.13,39.05,39.11,0,0,79359
13127,2020-11-02 14:09:00,39.11,39.22,39.11,39.19,0,0,173906
13128,2020-11-02 14:10:00,39.19,39.22,39.09,39.11,0,0,119748
13129,2020-11-02 14:11:00,39.12,39.18,39.11,39.18,0,0,29256
13130,2020-11-02 14:12:00,39.18,39.19,39.16,39.17,0,0,53228
13131,2020-11-02 14:13:00,39.18,39.18,39.15,39.17,0,0,49809
13132,2020-11-02 14:14:00,39.17,39.19,39.16,39.17,0,0,44343
13133,2020-11-02 14:15:00,39.17,39.17,39.13,39.14,0,0,46528
13134,2020-11-02 14:16:00,39.14,39.15,39.09,39.12,0,0,68252
13135,2020-11-02 14:17:00,39.12,39.14,39.11,39.13,0,0,29857
13136,2020-11-02 14:18:00,39.12,39.12,39.07,39.09,0,0,68634
13137,2020-11-02 14:19:00,39.09,39.12,39.08,39.12,0,0,49873
13138,2020-11-02 14:20:00,39.11,39.12,39.09,39.12,0,0,35154
13139,2020-11-02 14:21:00,39.12,39.22,39.11,39.22,0,0,124491
13140,2020-11-02 14:22:00,39.21,39.21,39.14,39.15,0,0,35666
13141,2020-11-02 14:23:00,39.15,39.18,39.12,39.18,0,0,124750
13142,2020-11-02 14:24:00,39.19,39.22,39.15,39.17,0,0,75226
13143,2020-11-02 14:25:00,39.17,39.17,39.1,39.13,0,0,63377
13144,2020-11-02 14:26:00,39.13,39.16,39.12,39.15,0,0,38300
13145,2020-11-02 14:27:00,39.14,39.17,39.11,39.16,0,0,56674
13146,2020-11-02 14:28:00,39.17,39.18,39.14,39.18,0,0,57221
13147,2020-11-02 14:29:00,39.18,39.23,39.13,39.23,0,0,66876
13148,2020-11-02 14:30:00,39.22,39.27,39.17,39.26,0,0,111879
13149,2020-11-02 14:31:00,39.19,39.22,39.19,39.21,0,0,60080
13150,2020-11-02 14:32:00,39.17,39.17,39.12,39.16,0,0,68791
13151,2020-11-02 14:33:00,39.15,39.2,39.15,39.17,0,0,53636
13152,2020-11-02 14:34:00,39.17,39.18,39.1,39.1,0,0,70310
13153,2020-11-02 14:35:00,39.1,39.16,39.08,39.09,0,0,59809
13154,2020-11-02 14:36:00,39.1,39.11,39.06,39.07,0,0,58156
13155,2020-11-02 14:37:00,39.06,39.07,39.02,39.06,0,0,79145
13156,2020-11-02 14:38:00,39.06,39.13,39.06,39.12,0,0,52215
13157,2020-11-02 14:39:00,39.13,39.16,39.12,39.13,0,0,66167
13158,2020-11-02 14:40:00,39.12,39.25,39.12,39.25,0,0,103086
13159,2020-11-02 14:41:00,39.24,39.25,39.16,39.23,0,0,78949
13160,2020-11-02 14:42:00,39.23,39.24,39.17,39.19,0,0,74099
13161,2020-11-02 14:43:00,39.18,39.23,39.18,39.2,0,0,58406
13162,2020-11-02 14:44:00,39.2,39.24,39.2,39.23,0,0,49810
13163,2020-11-02 14:45:00,39.24,39.29,39.21,39.27,0,0,121248
13164,2020-11-02 14:46:00,39.26,39.28,39.25,39.26,0,0,78304
13165,2020-11-02 14:47:00,39.26,39.26,39.21,39.23,0,0,54872
13166,2020-11-02 14:48:00,39.22,39.24,39.2,39.21,0,0,85290
13167,2020-11-02 14:49:00,39.2,39.22,39.19,39.22,0,0,31349
13168,2020-11-02 14:50:00,39.22,39.23,39.2,39.22,0,0,46247
13169,2020-11-02 14:51:00,39.22,39.26,39.2,39.22,0,0,79401
13170,2020-11-02 14:52:00,39.22,39.23,39.2,39.2,0,0,39039
13171,2020-11-02 14:53:00,39.21,39.27,39.2,39.26,0,0,95355
13172,2020-11-02 14:54:00,39.27,39.31,39.2,39.22,0,0,99496
13173,2020-11-02 14:55:00,39.22,39.24,39.17,39.18,0,0,58378
13174,2020-11-02 14:56:00,39.18,39.21,39.17,39.2,0,0,51821
13175,2020-11-02 14:57:00,39.2,39.26,39.18,39.26,0,0,89546
13176,2020-11-02 14:58:00,39.25,39.26,39.2,39.23,0,0,55456
13177,2020-11-02 14:59:00,39.24,39.24,39.16,39.18,0,0,57745
13178,2020-11-02 15:00:00,39.18,39.24,39.18,39.22,0,0,75837
13179,2020-11-02 15:01:00,39.22,39.29,39.19,39.28,0,0,109909
13180,2020-11-02 15:02:00,39.29,39.29,39.24,39.24,0,0,60809
13181,2020-11-02 15:03:00,39.24,39.28,39.24,39.28,0,0,92805
13182,2020-11-02 15:04:00,39.28,39.33,39.28,39.33,0,0,101699
13183,2020-11-02 15:05:00,39.32,39.32,39.24,39.24,0,0,96158
13184,2020-11-02 15:06:00,39.25,39.29,39.25,39.29,0,0,79275
13185,2020-11-02 15:07:00,39.29,39.32,39.27,39.28,0,0,92022
13186,2020-11-02 15:08:00,39.28,39.29,39.21,39.25,0,0,89439
13187,2020-11-02 15:09:00,39.25,39.28,39.24,39.27,0,0,45705
13188,2020-11-02 15:10:00,39.28,39.35,39.28,39.35,0,0,100369
13189,2020-11-02 15:11:00,39.35,39.35,39.3,39.31,0,0,45296
13190,2020-11-02 15:12:00,39.3,39.32,39.29,39.29,0,0,59282
13191,2020-11-02 15:13:00,39.3,39.3,39.26,39.28,0,0,35794
13192,2020-11-02 15:14:00,39.28,39.3,39.26,39.28,0,0,70549
13193,2020-11-02 15:15:00,39.29,39.31,39.28,39.31,0,0,78977
13194,2020-11-02 15:16:00,39.31,39.33,39.27,39.33,0,0,52231
13195,2020-11-02 15:17:00,39.33,39.34,39.29,39.33,0,0,63906
13196,2020-11-02 15:18:00,39.32,39.38,39.31,39.36,0,0,100833
13197,2020-11-02 15:19:00,39.36,39.36,39.33,39.33,0,0,41889
13198,2020-11-02 15:20:00,39.34,39.44,39.32,39.44,0,0,141050
13199,2020-11-02 15:21:00,39.43,39.43,39.34,39.4,0,0,88798
13200,2020-11-02 15:22:00,39.39,39.43,39.38,39.42,0,0,79784
13201,2020-11-02 15:23:00,39.42,39.42,39.37,39.39,0,0,63677
13202,2020-11-02 15:24:00,39.38,39.39,39.36,39.37,0,0,51220
13203,2020-11-02 15:25:00,39.36,39.38,39.34,39.34,0,0,47892
13204,2020-11-02 15:26:00,39.33,39.36,39.32,39.34,0,0,99688
13205,2020-11-02 15:27:00,39.36,39.37,39.26,39.28,0,0,123611
13206,2020-11-02 15:28:00,39.28,39.29,39.22,39.24,0,0,81038
13207,2020-11-02 15:29:00,39.23,39.31,39.23,39.31,0,0,81095
13208,2020-11-02 15:30:00,39.31,39.38,39.3,39.36,0,0,59716
13209,2020-11-02 15:31:00,39.37,39.37,39.28,39.29,0,0,63954
13210,2020-11-02 15:32:00,39.3,39.33,39.28,39.28,0,0,35524
13211,2020-11-02 15:33:00,39.28,39.28,39.23,39.24,0,0,38829
13212,2020-11-02 15:34:00,39.23,39.24,39.17,39.19,0,0,126333
13213,2020-11-02 15:35:00,39.2,39.21,39.13,39.13,0,0,154594
13214,2020-11-02 15:36:00,39.13,39.16,39.09,39.12,0,0,155299
13215,2020-11-02 15:37:00,39.11,39.13,39.08,39.12,0,0,72068
13216,2020-11-02 15:38:00,39.11,39.12,39.06,39.08,0,0,100426
13217,2020-11-02 15:39:00,39.08,39.2,39.08,39.13,0,0,114637
13218,2020-11-02 15:40:00,39.13,39.17,39.1,39.17,0,0,86688
13219,2020-11-02 15:41:00,39.17,39.2,39.15,39.19,0,0,83254
13220,2020-11-02 15:42:00,39.19,39.19,39.15,39.18,0,0,61718
13221,2020-11-02 15:43:00,39.18,39.23,39.18,39.18,0,0,113090
13222,2020-11-02 15:44:00,39.17,39.17,39.13,39.13,0,0,39734
13223,2020-11-02 15:45:00,39.12,39.18,39.12,39.17,0,0,139549
13224,2020-11-02 15:46:00,39.19,39.2,39.18,39.19,0,0,102012
13225,2020-11-02 15:47:00,39.19,39.2,39.15,39.17,0,0,106881
13226,2020-11-02 15:48:00,39.16,39.23,39.15,39.23,0,0,103588
13227,2020-11-02 15:49:00,39.23,39.26,39.19,39.23,0,0,172753
13228,2020-11-02 15:50:00,39.24,39.31,39.23,39.29,0,0,153298
13229,2020-11-02 15:51:00,39.29,39.3,39.25,39.26,0,0,135688
13230,2020-11-02 15:52:00,39.26,39.33,39.26,39.33,0,0,193012
13231,2020-11-02 15:53:00,39.33,39.35,39.32,39.33,0,0,147174
13232,2020-11-02 15:54:00,39.32,39.38,39.31,39.38,0,0,175805
13233,2020-11-02 15:55:00,39.38,39.5,39.37,39.49,0,0,307378
13234,2020-11-02 15:56:00,39.49,39.5,39.41,39.47,0,0,255658
13235,2020-11-02 15:57:00,39.47,39.49,39.44,39.46,0,0,251274
13236,2020-11-02 15:58:00,39.46,39.48,39.44,39.47,0,0,235782
13237,2020-11-02 15:59:00,39.47,39.49,39.4,39.46,0,0,384123
13238,2020-11-03 09:30:00,40.03,40.32,40.03,40.22,0,0,422219
13239,2020-11-03 09:31:00,40.22,40.52,40.18,40.5,0,0,635837
13240,2020-11-03 09:32:00,40.49,40.56,40.26,40.53,0,0,475341
13241,2020-11-03 09:33:00,40.52,40.63,40.47,40.58,0,0,385176
13242,2020-11-03 09:34:00,40.59,40.71,40.52,40.62,0,0,311705
13243,2020-11-03 09:35:00,40.62,40.83,40.57,40.69,0,0,387453
13244,2020-11-03 09:36:00,40.7,40.78,40.62,40.71,0,0,225601
13245,2020-11-03 09:37:00,40.72,40.83,40.68,40.83,0,0,208928
13246,2020-11-03 09:38:00,40.83,40.9,40.63,40.72,0,0,248025
13247,2020-11-03 09:39:00,40.7,40.85,40.65,40.78,0,0,211482
13248,2020-11-03 09:40:00,40.8,40.86,40.76,40.79,0,0,193017
13249,2020-11-03 09:41:00,40.79,41.03,40.78,40.97,0,0,320322
13250,2020-11-03 09:42:00,40.97,41.02,40.86,40.91,0,0,230135
13251,2020-11-03 09:43:00,40.91,40.97,40.87,40.93,0,0,163482
13252,2020-11-03 09:44:00,40.94,41.13,40.92,40.96,0,0,339143
13253,2020-11-03 09:45:00,40.97,41.15,40.9,41.15,0,0,257784
13254,2020-11-03 09:46:00,41.15,41.16,41.05,41.11,0,0,213523
13255,2020-11-03 09:47:00,41.1,41.12,40.97,40.99,0,0,127924
13256,2020-11-03 09:48:00,40.99,41.01,40.88,41.0,0,0,160407
13257,2020-11-03 09:49:00,40.99,41.0,40.81,40.83,0,0,176733
13258,2020-11-03 09:50:00,40.84,41.07,40.82,41.04,0,0,193656
13259,2020-11-03 09:51:00,41.03,41.1,40.99,41.02,0,0,114048
13260,2020-11-03 09:52:00,41.03,41.13,41.0,41.13,0,0,149479
13261,2020-11-03 09:53:00,41.13,41.23,41.03,41.03,0,0,246969
13262,2020-11-03 09:54:00,41.04,41.09,41.02,41.07,0,0,139805
13263,2020-11-03 09:55:00,41.06,41.11,41.0,41.03,0,0,162130
13264,2020-11-03 09:56:00,41.03,41.05,40.96,41.04,0,0,135641
13265,2020-11-03 09:57:00,41.05,41.19,41.05,41.16,0,0,177300
13266,2020-11-03 09:58:00,41.15,41.2,41.14,41.16,0,0,150319
13267,2020-11-03 09:59:00,41.17,41.29,41.17,41.29,0,0,163366
13268,2020-11-03 10:00:00,41.29,41.35,41.22,41.33,0,0,233895
13269,2020-11-03 10:01:00,41.33,41.4,41.31,41.36,0,0,249659
13270,2020-11-03 10:02:00,41.37,41.56,41.37,41.51,0,0,395353
13271,2020-11-03 10:03:00,41.5,41.61,41.5,41.56,0,0,280599
13272,2020-11-03 10:04:00,41.56,41.6,41.48,41.58,0,0,289315
13273,2020-11-03 10:05:00,41.57,41.57,41.46,41.52,0,0,214951
13274,2020-11-03 10:06:00,41.52,41.64,41.51,41.56,0,0,279487
13275,2020-11-03 10:07:00,41.55,41.66,41.54,41.65,0,0,229419
13276,2020-11-03 10:08:00,41.65,41.65,41.58,41.58,0,0,183621
13277,2020-11-03 10:09:00,41.58,41.58,41.43,41.51,0,0,276471
13278,2020-11-03 10:10:00,41.51,41.57,41.49,41.53,0,0,103480
13279,2020-11-03 10:11:00,41.54,41.56,41.51,41.51,0,0,87808
13280,2020-11-03 10:12:00,41.51,41.55,41.41,41.55,0,0,146017
13281,2020-11-03 10:13:00,41.55,41.75,41.55,41.74,0,0,327654
13282,2020-11-03 10:14:00,41.74,41.89,41.73,41.85,0,0,307792
13283,2020-11-03 10:15:00,41.86,41.88,41.77,41.81,0,0,157781
13284,2020-11-03 10:16:00,41.81,41.83,41.77,41.81,0,0,125579
13285,2020-11-03 10:17:00,41.8,41.88,41.8,41.87,0,0,122747
13286,2020-11-03 10:18:00,41.87,41.94,41.82,41.88,0,0,177328
13287,2020-11-03 10:19:00,41.88,41.91,41.84,41.85,0,0,135130
13288,2020-11-03 10:20:00,41.85,41.86,41.77,41.83,0,0,124310
13289,2020-11-03 10:21:00,41.85,41.85,41.73,41.76,0,0,117187
13290,2020-11-03 10:22:00,41.77,41.83,41.67,41.71,0,0,159670
13291,2020-11-03 10:23:00,41.7,41.71,41.56,41.56,0,0,195380
13292,2020-11-03 10:24:00,41.56,41.67,41.56,41.64,0,0,153665
13293,2020-11-03 10:25:00,41.63,41.67,41.52,41.58,0,0,149301
13294,2020-11-03 10:26:00,41.58,41.6,41.52,41.58,0,0,126035
13295,2020-11-03 10:27:00,41.58,41.6,41.54,41.55,0,0,116734
13296,2020-11-03 10:28:00,41.56,41.65,41.55,41.6,0,0,117976
13297,2020-11-03 10:29:00,41.62,41.7,41.61,41.65,0,0,142904
13298,2020-11-03 10:30:00,41.66,41.67,41.57,41.63,0,0,118767
13299,2020-11-03 10:31:00,41.64,41.68,41.56,41.56,0,0,116251
13300,2020-11-03 10:32:00,41.55,41.68,41.52,41.64,0,0,97989
13301,2020-11-03 10:33:00,41.64,41.71,41.53,41.53,0,0,166645
13302,2020-11-03 10:34:00,41.53,41.58,41.51,41.54,0,0,129127
13303,2020-11-03 10:35:00,41.53,41.6,41.46,41.48,0,0,110466
13304,2020-11-03 10:36:00,41.49,41.51,41.4,41.42,0,0,145453
13305,2020-11-03 10:37:00,41.42,41.46,41.37,41.44,0,0,195987
13306,2020-11-03 10:38:00,41.44,41.45,41.4,41.44,0,0,68666
13307,2020-11-03 10:39:00,41.44,41.46,41.36,41.44,0,0,123456
13308,2020-11-03 10:40:00,41.43,41.5,41.36,41.36,0,0,90233
13309,2020-11-03 10:41:00,41.37,41.4,41.33,41.39,0,0,85157
13310,2020-11-03 10:42:00,41.39,41.44,41.37,41.44,0,0,44460
13311,2020-11-03 10:43:00,41.44,41.59,41.44,41.58,0,0,126447
13312,2020-11-03 10:44:00,41.58,41.63,41.56,41.62,0,0,81707
13313,2020-11-03 10:45:00,41.62,41.66,41.57,41.63,0,0,115297
13314,2020-11-03 10:46:00,41.64,41.66,41.61,41.63,0,0,48348
13315,2020-11-03 10:47:00,41.63,41.77,41.63,41.75,0,0,116863
13316,2020-11-03 10:48:00,41.76,41.78,41.73,41.74,0,0,70162
13317,2020-11-03 10:49:00,41.74,41.85,41.74,41.84,0,0,148658
13318,2020-11-03 10:50:00,41.85,41.85,41.76,41.78,0,0,122873
13319,2020-11-03 10:51:00,41.77,41.78,41.69,41.71,0,0,127808
13320,2020-11-03 10:52:00,41.71,41.8,41.68,41.79,0,0,74173
13321,2020-11-03 10:53:00,41.79,41.82,41.76,41.78,0,0,79092
13322,2020-11-03 10:54:00,41.79,41.81,41.74,41.76,0,0,64535
13323,2020-11-03 10:55:00,41.76,41.78,41.73,41.77,0,0,69470
13324,2020-11-03 10:56:00,41.77,41.79,41.7,41.71,0,0,52718
13325,2020-11-03 10:57:00,41.71,41.74,41.65,41.65,0,0,83836
13326,2020-11-03 10:58:00,41.65,41.73,41.62,41.65,0,0,133062
13327,2020-11-03 10:59:00,41.64,41.7,41.64,41.7,0,0,74353
13328,2020-11-03 11:00:00,41.7,41.71,41.66,41.7,0,0,86247
13329,2020-11-03 11:01:00,41.69,41.69,41.59,41.64,0,0,106484
13330,2020-11-03 11:02:00,41.63,41.79,41.63,41.76,0,0,119498
13331,2020-11-03 11:03:00,41.76,41.76,41.71,41.73,0,0,65847
13332,2020-11-03 11:04:00,41.74,41.75,41.64,41.68,0,0,117259
13333,2020-11-03 11:05:00,41.68,41.77,41.66,41.74,0,0,113557
13334,2020-11-03 11:06:00,41.74,41.79,41.7,41.73,0,0,80521
13335,2020-11-03 11:07:00,41.73,41.76,41.7,41.75,0,0,48120
13336,2020-11-03 11:08:00,41.75,41.76,41.72,41.76,0,0,45007
13337,2020-11-03 11:09:00,41.75,41.78,41.72,41.75,0,0,44662
13338,2020-11-03 11:10:00,41.75,41.78,41.65,41.72,0,0,57992
13339,2020-11-03 11:11:00,41.71,41.72,41.63,41.69,0,0,48977
13340,2020-11-03 11:12:00,41.7,41.74,41.69,41.74,0,0,92572
13341,2020-11-03 11:13:00,41.74,41.78,41.72,41.78,0,0,50034
13342,2020-11-03 11:14:00,41.79,41.91,41.79,41.9,0,0,193132
13343,2020-11-03 11:15:00,41.89,41.93,41.88,41.9,0,0,117381
13344,2020-11-03 11:16:00,41.89,41.91,41.83,41.85,0,0,81003
13345,2020-11-03 11:17:00,41.86,41.86,41.8,41.83,0,0,54610
13346,2020-11-03 11:18:00,41.84,41.91,41.83,41.89,0,0,59532
13347,2020-11-03 11:19:00,41.9,41.91,41.84,41.9,0,0,42871
13348,2020-11-03 11:20:00,41.9,41.97,41.86,41.88,0,0,114013
13349,2020-11-03 11:21:00,41.88,41.91,41.84,41.85,0,0,38373
13350,2020-11-03 11:22:00,41.85,41.89,41.84,41.87,0,0,30731
13351,2020-11-03 11:23:00,41.86,41.87,41.75,41.76,0,0,85242
13352,2020-11-03 11:24:00,41.75,41.79,41.75,41.77,0,0,34815
13353,2020-11-03 11:25:00,41.77,41.79,41.66,41.69,0,0,312713
13354,2020-11-03 11:26:00,41.69,41.72,41.67,41.71,0,0,293046
13355,2020-11-03 11:27:00,41.71,41.77,41.67,41.67,0,0,89493
13356,2020-11-03 11:28:00,41.67,41.68,41.62,41.64,0,0,134157
13357,2020-11-03 11:29:00,41.65,41.67,41.63,41.65,0,0,67365
13358,2020-11-03 11:30:00,41.65,41.68,41.6,41.64,0,0,65126
13359,2020-11-03 11:31:00,41.64,41.67,41.61,41.64,0,0,93127
13360,2020-11-03 11:32:00,41.65,41.76,41.65,41.74,0,0,82508
13361,2020-11-03 11:33:00,41.74,41.75,41.7,41.74,0,0,83677
13362,2020-11-03 11:34:00,41.75,41.82,41.75,41.78,0,0,50878
13363,2020-11-03 11:35:00,41.77,41.78,41.71,41.72,0,0,45233
13364,2020-11-03 11:36:00,41.73,41.75,41.68,41.74,0,0,81087
13365,2020-11-03 11:37:00,41.75,41.86,41.75,41.84,0,0,59336
13366,2020-11-03 11:38:00,41.82,41.84,41.76,41.8,0,0,39051
13367,2020-11-03 11:39:00,41.79,41.81,41.78,41.8,0,0,39401
13368,2020-11-03 11:40:00,41.79,41.8,41.7,41.74,0,0,90533
13369,2020-11-03 11:41:00,41.76,41.77,41.71,41.73,0,0,32213
13370,2020-11-03 11:42:00,41.73,41.75,41.7,41.73,0,0,21080
13371,2020-11-03 11:43:00,41.74,41.74,41.71,41.73,0,0,28692
13372,2020-11-03 11:44:00,41.74,41.78,41.72,41.74,0,0,27111
13373,2020-11-03 11:45:00,41.73,41.74,41.67,41.74,0,0,77187
13374,2020-11-03 11:46:00,41.74,41.77,41.74,41.76,0,0,33295
13375,2020-11-03 11:47:00,41.76,41.82,41.76,41.8,0,0,27913
13376,2020-11-03 11:48:00,41.8,41.85,41.8,41.8,0,0,44621
13377,2020-11-03 11:49:00,41.81,41.83,41.79,41.81,0,0,26196
13378,2020-11-03 11:50:00,41.8,41.82,41.76,41.81,0,0,38285
13379,2020-11-03 11:51:00,41.81,41.81,41.74,41.78,0,0,31088
13380,2020-11-03 11:52:00,41.79,41.81,41.74,41.77,0,0,30874
13381,2020-11-03 11:53:00,41.78,41.81,41.75,41.77,0,0,25875
13382,2020-11-03 11:54:00,41.79,41.79,41.7,41.71,0,0,38699
13383,2020-11-03 11:55:00,41.71,41.74,41.65,41.72,0,0,134946
13384,2020-11-03 11:56:00,41.71,41.74,41.69,41.71,0,0,33177
13385,2020-11-03 11:57:00,41.7,41.71,41.64,41.69,0,0,52333
13386,2020-11-03 11:58:00,41.69,41.7,41.64,41.67,0,0,52437
13387,2020-11-03 11:59:00,41.68,41.71,41.67,41.69,0,0,38038
13388,2020-11-03 12:00:00,41.69,41.73,41.69,41.72,0,0,31754
13389,2020-11-03 12:01:00,41.72,41.72,41.67,41.67,0,0,30440
13390,2020-11-03 12:02:00,41.67,41.7,41.65,41.68,0,0,56736
13391,2020-11-03 12:03:00,41.68,41.69,41.62,41.62,0,0,61656
13392,2020-11-03 12:04:00,41.62,41.63,41.58,41.62,0,0,72241
13393,2020-11-03 12:05:00,41.61,41.62,41.56,41.58,0,0,34548
13394,2020-11-03 12:06:00,41.57,41.62,41.57,41.62,0,0,61483
13395,2020-11-03 12:07:00,41.62,41.63,41.6,41.61,0,0,53208
13396,2020-11-03 12:08:00,41.61,41.62,41.58,41.6,0,0,29200
13397,2020-11-03 12:09:00,41.6,41.64,41.59,41.61,0,0,26544
13398,2020-11-03 12:10:00,41.61,41.62,41.6,41.62,0,0,26374
13399,2020-11-03 12:11:00,41.62,41.63,41.6,41.62,0,0,30150
13400,2020-11-03 12:12:00,41.61,41.69,41.6,41.69,0,0,22666
13401,2020-11-03 12:13:00,41.68,41.74,41.68,41.71,0,0,36864
13402,2020-11-03 12:14:00,41.71,41.76,41.71,41.73,0,0,28937
13403,2020-11-03 12:15:00,41.73,41.77,41.73,41.75,0,0,48895
13404,2020-11-03 12:16:00,41.75,41.76,41.73,41.74,0,0,43167
13405,2020-11-03 12:17:00,41.75,41.77,41.74,41.76,0,0,12217
13406,2020-11-03 12:18:00,41.77,41.79,41.75,41.76,0,0,41579
13407,2020-11-03 12:19:00,41.76,41.77,41.73,41.74,0,0,16376
13408,2020-11-03 12:20:00,41.74,41.77,41.74,41.74,0,0,18592
13409,2020-11-03 12:21:00,41.74,41.82,41.73,41.81,0,0,26256
13410,2020-11-03 12:22:00,41.8,41.81,41.78,41.8,0,0,34624
13411,2020-11-03 12:23:00,41.8,41.81,41.79,41.79,0,0,16934
13412,2020-11-03 12:24:00,41.79,41.79,41.75,41.76,0,0,28339
13413,2020-11-03 12:25:00,41.77,41.77,41.75,41.77,0,0,17149
13414,2020-11-03 12:26:00,41.76,41.8,41.75,41.79,0,0,31070
13415,2020-11-03 12:27:00,41.8,41.8,41.78,41.79,0,0,20433
13416,2020-11-03 12:28:00,41.79,41.95,41.78,41.89,0,0,181735
13417,2020-11-03 12:29:00,41.9,41.94,41.89,41.9,0,0,27463
13418,2020-11-03 12:30:00,41.9,41.92,41.87,41.92,0,0,36703
13419,2020-11-03 12:31:00,41.92,41.92,41.85,41.85,0,0,29886
13420,2020-11-03 12:32:00,41.85,41.85,41.81,41.81,0,0,15673
13421,2020-11-03 12:33:00,41.82,41.85,41.78,41.81,0,0,23551
13422,2020-11-03 12:34:00,41.81,41.86,41.81,41.82,0,0,26666
13423,2020-11-03 12:35:00,41.83,41.86,41.78,41.79,0,0,21929
13424,2020-11-03 12:36:00,41.79,41.81,41.73,41.78,0,0,71550
13425,2020-11-03 12:37:00,41.78,41.8,41.76,41.76,0,0,16757
13426,2020-11-03 12:38:00,41.77,41.78,41.73,41.77,0,0,52402
13427,2020-11-03 12:39:00,41.77,41.79,41.75,41.79,0,0,21527
13428,2020-11-03 12:40:00,41.8,41.84,41.77,41.77,0,0,49598
13429,2020-11-03 12:41:00,41.79,41.79,41.71,41.72,0,0,30196
13430,2020-11-03 12:42:00,41.73,41.74,41.71,41.72,0,0,52235
13431,2020-11-03 12:43:00,41.72,41.81,41.72,41.78,0,0,50639
13432,2020-11-03 12:44:00,41.77,41.79,41.74,41.74,0,0,31934
13433,2020-11-03 12:45:00,41.75,41.76,41.72,41.73,0,0,22705
13434,2020-11-03 12:46:00,41.73,41.79,41.73,41.78,0,0,69189
13435,2020-11-03 12:47:00,41.79,41.84,41.77,41.8,0,0,40777
13436,2020-11-03 12:48:00,41.81,41.88,41.81,41.84,0,0,63737
13437,2020-11-03 12:49:00,41.84,41.88,41.83,41.87,0,0,38285
13438,2020-11-03 12:50:00,41.88,41.88,41.86,41.88,0,0,20923
13439,2020-11-03 12:51:00,41.87,41.9,41.83,41.83,0,0,19803
13440,2020-11-03 12:52:00,41.84,41.85,41.79,41.82,0,0,19006
13441,2020-11-03 12:53:00,41.82,41.83,41.78,41.78,0,0,45530
13442,2020-11-03 12:54:00,41.79,41.81,41.72,41.75,0,0,54411
13443,2020-11-03 12:55:00,41.75,41.77,41.73,41.74,0,0,23476
13444,2020-11-03 12:56:00,41.75,41.76,41.73,41.76,0,0,19328
13445,2020-11-03 12:57:00,41.76,41.8,41.76,41.79,0,0,50766
13446,2020-11-03 12:58:00,41.79,41.82,41.77,41.78,0,0,71703
13447,2020-11-03 12:59:00,41.79,41.84,41.79,41.82,0,0,42577
13448,2020-11-03 13:00:00,41.83,41.86,41.81,41.81,0,0,65445
13449,2020-11-03 13:01:00,41.81,41.89,41.81,41.84,0,0,43506
13450,2020-11-03 13:02:00,41.84,41.87,41.83,41.85,0,0,28795
13451,2020-11-03 13:03:00,41.85,41.89,41.84,41.87,0,0,35346
13452,2020-11-03 13:04:00,41.88,41.88,41.83,41.85,0,0,19214
13453,2020-11-03 13:05:00,41.85,41.85,41.82,41.82,0,0,53701
13454,2020-11-03 13:06:00,41.84,41.87,41.82,41.82,0,0,40876
13455,2020-11-03 13:07:00,41.83,41.84,41.81,41.82,0,0,29238
13456,2020-11-03 13:08:00,41.82,41.86,41.79,41.79,0,0,20608
13457,2020-11-03 13:09:00,41.79,41.82,41.78,41.78,0,0,26577
13458,2020-11-03 13:10:00,41.78,41.85,41.77,41.81,0,0,31625
13459,2020-11-03 13:11:00,41.81,41.81,41.77,41.79,0,0,40804
13460,2020-11-03 13:12:00,41.79,41.83,41.79,41.8,0,0,22946
13461,2020-11-03 13:13:00,41.8,41.83,41.8,41.82,0,0,10272
13462,2020-11-03 13:14:00,41.81,41.82,41.79,41.8,0,0,30268
13463,2020-11-03 13:15:00,41.81,41.82,41.76,41.76,0,0,12996
13464,2020-11-03 13:16:00,41.76,41.77,41.72,41.73,0,0,57073
13465,2020-11-03 13:17:00,41.73,41.74,41.72,41.74,0,0,16322
13466,2020-11-03 13:18:00,41.74,41.78,41.74,41.76,0,0,18779
13467,2020-11-03 13:19:00,41.74,41.76,41.73,41.76,0,0,13770
13468,2020-11-03 13:20:00,41.76,41.81,41.74,41.76,0,0,38630
13469,2020-11-03 13:21:00,41.75,41.75,41.72,41.74,0,0,16473
13470,2020-11-03 13:22:00,41.74,41.75,41.71,41.72,0,0,39313
13471,2020-11-03 13:23:00,41.72,41.74,41.69,41.72,0,0,49668
13472,2020-11-03 13:24:00,41.73,41.76,41.72,41.72,0,0,26258
13473,2020-11-03 13:25:00,41.72,41.74,41.69,41.71,0,0,15715
13474,2020-11-03 13:26:00,41.71,41.72,41.68,41.72,0,0,21574
13475,2020-11-03 13:27:00,41.72,41.74,41.71,41.72,0,0,12845
13476,2020-11-03 13:28:00,41.71,41.77,41.71,41.74,0,0,25203
13477,2020-11-03 13:29:00,41.74,41.78,41.74,41.78,0,0,27149
13478,2020-11-03 13:30:00,41.79,41.84,41.79,41.8,0,0,45006
13479,2020-11-03 13:31:00,41.79,41.79,41.76,41.78,0,0,37185
13480,2020-11-03 13:32:00,41.79,41.83,41.78,41.81,0,0,15100
13481,2020-11-03 13:33:00,41.81,41.83,41.79,41.81,0,0,12835
13482,2020-11-03 13:34:00,41.8,41.81,41.78,41.79,0,0,25730
13483,2020-11-03 13:35:00,41.78,41.79,41.74,41.74,0,0,20049
13484,2020-11-03 13:36:00,41.74,41.78,41.74,41.74,0,0,11785
13485,2020-11-03 13:37:00,41.73,41.73,41.66,41.71,0,0,42867
13486,2020-11-03 13:38:00,41.71,41.75,41.68,41.74,0,0,18138
13487,2020-11-03 13:39:00,41.73,41.74,41.71,41.72,0,0,20000
13488,2020-11-03 13:40:00,41.72,41.74,41.7,41.72,0,0,28846
13489,2020-11-03 13:41:00,41.73,41.75,41.73,41.74,0,0,10280
13490,2020-11-03 13:42:00,41.75,41.79,41.75,41.79,0,0,16964
13491,2020-11-03 13:43:00,41.79,41.82,41.76,41.78,0,0,38967
13492,2020-11-03 13:44:00,41.78,41.78,41.72,41.72,0,0,31242
13493,2020-11-03 13:45:00,41.72,41.73,41.64,41.65,0,0,43752
13494,2020-11-03 13:46:00,41.64,41.65,41.61,41.63,0,0,52797
13495,2020-11-03 13:47:00,41.63,41.63,41.6,41.62,0,0,47008
13496,2020-11-03 13:48:00,41.63,41.65,41.58,41.6,0,0,85623
13497,2020-11-03 13:49:00,41.6,41.64,41.6,41.62,0,0,66719
13498,2020-11-03 13:50:00,41.62,41.65,41.62,41.62,0,0,22042
13499,2020-11-03 13:51:00,41.61,41.65,41.61,41.62,0,0,25898
13500,2020-11-03 13:52:00,41.62,41.62,41.54,41.56,0,0,71346
13501,2020-11-03 13:53:00,41.56,41.58,41.53,41.58,0,0,52575
13502,2020-11-03 13:54:00,41.58,41.6,41.56,41.59,0,0,39649
13503,2020-11-03 13:55:00,41.6,41.62,41.56,41.58,0,0,69815
13504,2020-11-03 13:56:00,41.58,41.58,41.51,41.54,0,0,47504
13505,2020-11-03 13:57:00,41.54,41.55,41.52,41.54,0,0,16626
13506,2020-11-03 13:58:00,41.54,41.58,41.51,41.51,0,0,32965
13507,2020-11-03 13:59:00,41.51,41.53,41.5,41.51,0,0,29209
13508,2020-11-03 14:00:00,41.51,41.6,41.51,41.58,0,0,51223
13509,2020-11-03 14:01:00,41.59,41.66,41.59,41.64,0,0,54980
13510,2020-11-03 14:02:00,41.65,41.65,41.61,41.63,0,0,30129
13511,2020-11-03 14:03:00,41.63,41.63,41.6,41.63,0,0,23592
13512,2020-11-03 14:04:00,41.63,41.67,41.61,41.64,0,0,18677
13513,2020-11-03 14:05:00,41.64,41.66,41.6,41.63,0,0,47809
13514,2020-11-03 14:06:00,41.65,41.65,41.6,41.61,0,0,14188
13515,2020-11-03 14:07:00,41.62,41.62,41.55,41.57,0,0,31433
13516,2020-11-03 14:08:00,41.57,41.58,41.55,41.57,0,0,23996
13517,2020-11-03 14:09:00,41.57,41.58,41.54,41.58,0,0,42071
13518,2020-11-03 14:10:00,41.58,41.6,41.56,41.57,0,0,9872
13519,2020-11-03 14:11:00,41.57,41.67,41.57,41.66,0,0,29625
13520,2020-11-03 14:12:00,41.66,41.67,41.62,41.65,0,0,22539
13521,2020-11-03 14:13:00,41.65,41.74,41.63,41.69,0,0,39749
13522,2020-11-03 14:14:00,41.68,41.72,41.66,41.72,0,0,42176
13523,2020-11-03 14:15:00,41.71,41.74,41.68,41.74,0,0,21940
13524,2020-11-03 14:16:00,41.74,41.78,41.74,41.76,0,0,35615
13525,2020-11-03 14:17:00,41.76,41.77,41.71,41.71,0,0,37317
13526,2020-11-03 14:18:00,41.7,41.73,41.69,41.72,0,0,26012
13527,2020-11-03 14:19:00,41.72,41.76,41.71,41.75,0,0,34391
13528,2020-11-03 14:20:00,41.76,41.8,41.75,41.78,0,0,16978
13529,2020-11-03 14:21:00,41.79,41.8,41.76,41.78,0,0,16662
13530,2020-11-03 14:22:00,41.78,41.78,41.74,41.75,0,0,22369
13531,2020-11-03 14:23:00,41.76,41.77,41.7,41.74,0,0,31550
13532,2020-11-03 14:24:00,41.74,41.76,41.71,41.76,0,0,41140
13533,2020-11-03 14:25:00,41.76,41.79,41.74,41.74,0,0,26382
13534,2020-11-03 14:26:00,41.74,41.76,41.7,41.76,0,0,34513
13535,2020-11-03 14:27:00,41.75,41.76,41.72,41.75,0,0,27845
13536,2020-11-03 14:28:00,41.76,41.76,41.72,41.74,0,0,28488
13537,2020-11-03 14:29:00,41.74,41.75,41.72,41.73,0,0,36787
13538,2020-11-03 14:30:00,41.74,41.74,41.72,41.74,0,0,33696
13539,2020-11-03 14:31:00,41.74,41.83,41.74,41.8,0,0,62340
13540,2020-11-03 14:32:00,41.8,41.81,41.76,41.76,0,0,26640
13541,2020-11-03 14:33:00,41.76,41.76,41.73,41.76,0,0,26643
13542,2020-11-03 14:34:00,41.76,41.77,41.73,41.75,0,0,28682
13543,2020-11-03 14:35:00,41.74,41.78,41.74,41.77,0,0,18302
13544,2020-11-03 14:36:00,41.76,41.79,41.73,41.73,0,0,25191
13545,2020-11-03 14:37:00,41.74,41.75,41.73,41.74,0,0,31289
13546,2020-11-03 14:38:00,41.74,41.75,41.71,41.74,0,0,24652
13547,2020-11-03 14:39:00,41.74,41.75,41.72,41.74,0,0,26691
13548,2020-11-03 14:40:00,41.74,41.76,41.73,41.75,0,0,28471
13549,2020-11-03 14:41:00,41.76,41.77,41.73,41.73,0,0,31977
13550,2020-11-03 14:42:00,41.72,41.77,41.72,41.77,0,0,24340
13551,2020-11-03 14:43:00,41.77,41.79,41.76,41.79,0,0,20274
13552,2020-11-03 14:44:00,41.78,41.83,41.78,41.79,0,0,38174
13553,2020-11-03 14:45:00,41.78,41.78,41.74,41.74,0,0,18678
13554,2020-11-03 14:46:00,41.75,41.8,41.74,41.79,0,0,50232
13555,2020-11-03 14:47:00,41.79,41.83,41.79,41.79,0,0,33840
13556,2020-11-03 14:48:00,41.79,41.81,41.76,41.81,0,0,35247
13557,2020-11-03 14:49:00,41.81,41.83,41.79,41.81,0,0,24547
13558,2020-11-03 14:50:00,41.82,41.83,41.81,41.82,0,0,22292
13559,2020-11-03 14:51:00,41.81,41.82,41.79,41.8,0,0,24894
13560,2020-11-03 14:52:00,41.81,41.83,41.75,41.75,0,0,30318
13561,2020-11-03 14:53:00,41.75,41.78,41.74,41.76,0,0,24085
13562,2020-11-03 14:54:00,41.77,41.78,41.75,41.76,0,0,11530
13563,2020-11-03 14:55:00,41.76,41.77,41.73,41.76,0,0,31449
13564,2020-11-03 14:56:00,41.76,41.77,41.74,41.76,0,0,24453
13565,2020-11-03 14:57:00,41.76,41.78,41.74,41.74,0,0,30258
13566,2020-11-03 14:58:00,41.74,41.78,41.74,41.75,0,0,26044
13567,2020-11-03 14:59:00,41.76,41.78,41.74,41.75,0,0,33179
13568,2020-11-03 15:00:00,41.75,41.76,41.64,41.7,0,0,73472
13569,2020-11-03 15:01:00,41.69,41.71,41.65,41.7,0,0,25834
13570,2020-11-03 15:02:00,41.71,41.72,41.68,41.72,0,0,49245
13571,2020-11-03 15:03:00,41.72,41.74,41.7,41.72,0,0,22793
13572,2020-11-03 15:04:00,41.72,41.72,41.68,41.69,0,0,29858
13573,2020-11-03 15:05:00,41.68,41.73,41.67,41.72,0,0,37755
13574,2020-11-03 15:06:00,41.72,41.74,41.71,41.74,0,0,25179
13575,2020-11-03 15:07:00,41.73,41.74,41.71,41.72,0,0,32227
13576,2020-11-03 15:08:00,41.72,41.72,41.67,41.69,0,0,30151
13577,2020-11-03 15:09:00,41.68,41.73,41.67,41.72,0,0,27715
13578,2020-11-03 15:10:00,41.72,41.77,41.72,41.76,0,0,38854
13579,2020-11-03 15:11:00,41.76,41.78,41.72,41.78,0,0,47767
13580,2020-11-03 15:12:00,41.79,41.8,41.74,41.75,0,0,55208
13581,2020-11-03 15:13:00,41.76,41.77,41.72,41.73,0,0,31746
13582,2020-11-03 15:14:00,41.74,41.77,41.74,41.76,0,0,47180
13583,2020-11-03 15:15:00,41.76,41.77,41.73,41.75,0,0,39724
13584,2020-11-03 15:16:00,41.75,41.79,41.75,41.78,0,0,28823
13585,2020-11-03 15:17:00,41.78,41.8,41.76,41.78,0,0,83611
13586,2020-11-03 15:18:00,41.78,41.78,41.75,41.77,0,0,31835
13587,2020-11-03 15:19:00,41.77,41.77,41.74,41.76,0,0,57415
13588,2020-11-03 15:20:00,41.75,41.78,41.75,41.78,0,0,39684
13589,2020-11-03 15:21:00,41.77,41.78,41.74,41.76,0,0,63299
13590,2020-11-03 15:22:00,41.77,41.77,41.74,41.75,0,0,25735
13591,2020-11-03 15:23:00,41.76,41.81,41.7,41.72,0,0,74715
13592,2020-11-03 15:24:00,41.73,41.76,41.72,41.75,0,0,31532
13593,2020-11-03 15:25:00,41.75,41.78,41.74,41.77,0,0,39899
13594,2020-11-03 15:26:00,41.77,41.82,41.77,41.81,0,0,69065
13595,2020-11-03 15:27:00,41.81,41.85,41.81,41.84,0,0,41219
13596,2020-11-03 15:28:00,41.83,41.89,41.83,41.87,0,0,48048
13597,2020-11-03 15:29:00,41.86,41.93,41.86,41.93,0,0,71094
13598,2020-11-03 15:30:00,41.93,41.95,41.91,41.94,0,0,58600
13599,2020-11-03 15:31:00,41.95,41.97,41.93,41.96,0,0,59473
13600,2020-11-03 15:32:00,41.96,41.99,41.96,41.97,0,0,80966
13601,2020-11-03 15:33:00,41.97,42.07,41.97,42.06,0,0,196813
13602,2020-11-03 15:34:00,42.06,42.12,42.06,42.1,0,0,187731
13603,2020-11-03 15:35:00,42.1,42.1,42.0,42.02,0,0,125022
13604,2020-11-03 15:36:00,42.02,42.06,42.01,42.06,0,0,63393
13605,2020-11-03 15:37:00,42.06,42.07,42.04,42.06,0,0,47288
13606,2020-11-03 15:38:00,42.06,42.1,42.03,42.03,0,0,75065
13607,2020-11-03 15:39:00,42.03,42.05,42.01,42.03,0,0,73592
13608,2020-11-03 15:40:00,42.03,42.09,42.01,42.03,0,0,209271
13609,2020-11-03 15:41:00,42.03,42.03,41.98,42.01,0,0,153937
13610,2020-11-03 15:42:00,42.0,42.01,41.9,41.92,0,0,125019
13611,2020-11-03 15:43:00,41.91,41.98,41.91,41.97,0,0,55151
13612,2020-11-03 15:44:00,41.96,41.97,41.93,41.94,0,0,54349
13613,2020-11-03 15:45:00,41.93,42.03,41.92,42.0,0,0,109303
13614,2020-11-03 15:46:00,41.99,42.03,41.95,42.03,0,0,64415
13615,2020-11-03 15:47:00,42.03,42.03,42.0,42.01,0,0,94212
13616,2020-11-03 15:48:00,42.01,42.05,42.0,42.05,0,0,107608
13617,2020-11-03 15:49:00,42.05,42.06,42.0,42.01,0,0,99316
13618,2020-11-03 15:50:00,42.0,42.01,41.87,41.92,0,0,227825
13619,2020-11-03 15:51:00,41.92,41.93,41.9,41.92,0,0,321445
13620,2020-11-03 15:52:00,41.93,41.98,41.92,41.97,0,0,90711
13621,2020-11-03 15:53:00,41.97,41.99,41.96,41.96,0,0,114360
13622,2020-11-03 15:54:00,41.96,42.0,41.93,41.98,0,0,106966
13623,2020-11-03 15:55:00,41.97,41.98,41.89,41.91,0,0,150060
13624,2020-11-03 15:56:00,41.91,41.92,41.86,41.87,0,0,131021
13625,2020-11-03 15:57:00,41.87,41.88,41.81,41.85,0,0,173994
13626,2020-11-03 15:58:00,41.86,41.86,41.81,41.81,0,0,180450
13627,2020-11-03 15:59:00,41.81,41.83,41.71,41.72,0,0,398618
13628,2020-11-04 09:30:00,42.23,42.23,42.0,42.1,0,0,757163
13629,2020-11-04 09:31:00,42.08,42.12,41.8,41.86,0,0,47474
13630,2020-11-04 09:32:00,41.87,42.15,41.87,42.08,0,0,556624
13631,2020-11-04 09:33:00,42.07,42.16,42.0,42.08,0,0,202712
13632,2020-11-04 09:34:00,42.08,42.09,41.81,41.84,0,0,230993
13633,2020-11-04 09:35:00,41.84,41.89,41.66,41.79,0,0,248601
13634,2020-11-04 09:36:00,41.79,41.88,41.4,41.4,0,0,216871
13635,2020-11-04 09:37:00,41.42,41.5,41.15,41.27,0,0,315418
13636,2020-11-04 09:38:00,41.29,41.29,41.09,41.23,0,0,277332
13637,2020-11-04 09:39:00,41.23,41.24,41.05,41.09,0,0,246552
13638,2020-11-04 09:40:00,41.11,41.25,40.95,41.03,0,0,226789
13639,2020-11-04 09:41:00,41.03,41.18,40.97,41.01,0,0,202109
13640,2020-11-04 09:42:00,41.02,41.08,40.81,40.97,0,0,225032
13641,2020-11-04 09:43:00,40.98,41.11,40.88,41.05,0,0,179868
13642,2020-11-04 09:44:00,41.03,41.18,41.0,41.08,0,0,181792
13643,2020-11-04 09:45:00,41.07,41.23,41.06,41.12,0,0,186774
13644,2020-11-04 09:46:00,41.11,41.23,41.07,41.18,0,0,259018
13645,2020-11-04 09:47:00,41.2,41.22,41.02,41.12,0,0,370946
13646,2020-11-04 09:48:00,41.13,41.27,41.1,41.21,0,0,183743
13647,2020-11-04 09:49:00,41.21,41.27,41.17,41.24,0,0,171631
13648,2020-11-04 09:50:00,41.23,41.25,41.17,41.17,0,0,371871
13649,2020-11-04 09:51:00,41.19,41.24,41.01,41.24,0,0,125941
13650,2020-11-04 09:52:00,41.24,41.34,41.21,41.27,0,0,123536
13651,2020-11-04 09:53:00,41.27,41.39,41.26,41.36,0,0,142420
13652,2020-11-04 09:54:00,41.36,41.48,41.28,41.44,0,0,139283
13653,2020-11-04 09:55:00,41.44,41.67,41.4,41.64,0,0,239510
13654,2020-11-04 09:56:00,41.64,41.75,41.6,41.69,0,0,174268
13655,2020-11-04 09:57:00,41.69,41.71,41.6,41.69,0,0,91474
13656,2020-11-04 09:58:00,41.69,41.75,41.63,41.71,0,0,110646
13657,2020-11-04 09:59:00,41.72,41.77,41.68,41.72,0,0,95022
13658,2020-11-04 10:00:00,41.72,41.8,41.66,41.68,0,0,166861
13659,2020-11-04 10:01:00,41.66,41.71,41.55,41.57,0,0,152631
13660,2020-11-04 10:02:00,41.58,41.6,41.42,41.46,0,0,101453
13661,2020-11-04 10:03:00,41.46,41.55,41.44,41.49,0,0,99854
13662,2020-11-04 10:04:00,41.5,41.64,41.49,41.62,0,0,134158
13663,2020-11-04 10:05:00,41.62,41.77,41.62,41.73,0,0,110827
13664,2020-11-04 10:06:00,41.73,41.73,41.52,41.62,0,0,149499
13665,2020-11-04 10:07:00,41.6,41.68,41.46,41.51,0,0,124490
13666,2020-11-04 10:08:00,41.5,41.52,41.3,41.47,0,0,178185
13667,2020-11-04 10:09:00,41.48,41.77,41.48,41.76,0,0,189653
13668,2020-11-04 10:10:00,41.75,41.78,41.62,41.72,0,0,82440
13669,2020-11-04 10:11:00,41.71,41.73,41.6,41.7,0,0,109536
13670,2020-11-04 10:12:00,41.69,41.83,41.68,41.79,0,0,153064
13671,2020-11-04 10:13:00,41.8,41.89,41.78,41.86,0,0,111214
13672,2020-11-04 10:14:00,41.85,41.91,41.77,41.87,0,0,101572
13673,2020-11-04 10:15:00,41.88,41.92,41.32,41.44,0,0,563719
13674,2020-11-04 10:16:00,41.45,41.53,41.42,41.46,0,0,252911
13675,2020-11-04 10:17:00,41.47,41.62,41.44,41.61,0,0,161684
13676,2020-11-04 10:18:00,41.6,41.69,41.35,41.37,0,0,458016
13677,2020-11-04 10:19:00,41.38,41.4,41.28,41.32,0,0,153496
13678,2020-11-04 10:20:00,41.33,41.35,41.26,41.31,0,0,123251
13679,2020-11-04 10:21:00,41.33,41.39,41.29,41.3,0,0,194607
13680,2020-11-04 10:22:00,41.29,41.3,41.22,41.25,0,0,104329
13681,2020-11-04 10:23:00,41.26,41.3,41.18,41.29,0,0,110430
13682,2020-11-04 10:24:00,41.29,41.36,41.21,41.21,0,0,127417
13683,2020-11-04 10:25:00,41.22,41.35,41.19,41.25,0,0,76845
13684,2020-11-04 10:26:00,41.25,41.33,41.24,41.3,0,0,69756
13685,2020-11-04 10:27:00,41.29,41.4,41.29,41.29,0,0,144244
13686,2020-11-04 10:28:00,41.29,41.31,41.13,41.17,0,0,116248
13687,2020-11-04 10:29:00,41.17,41.18,41.12,41.17,0,0,71748
13688,2020-11-04 10:30:00,41.17,41.26,41.13,41.21,0,0,86646
13689,2020-11-04 10:31:00,41.19,41.25,41.11,41.22,0,0,119042
13690,2020-11-04 10:32:00,41.24,41.24,41.06,41.12,0,0,80555
13691,2020-11-04 10:33:00,41.11,41.2,41.11,41.15,0,0,99623
13692,2020-11-04 10:34:00,41.15,41.19,41.1,41.13,0,0,103595
13693,2020-11-04 10:35:00,41.13,41.16,41.04,41.07,0,0,175178
13694,2020-11-04 10:36:00,41.08,41.1,41.02,41.03,0,0,229349
13695,2020-11-04 10:37:00,41.03,41.04,40.98,40.99,0,0,189121
13696,2020-11-04 10:38:00,41.0,41.03,40.95,41.0,0,0,89430
13697,2020-11-04 10:39:00,40.99,41.01,40.9,40.91,0,0,101378
13698,2020-11-04 10:40:00,40.91,41.01,40.9,41.01,0,0,110910
13699,2020-11-04 10:41:00,41.01,41.04,40.95,40.99,0,0,78840
13700,2020-11-04 10:42:00,40.98,40.98,40.91,40.93,0,0,89241
13701,2020-11-04 10:43:00,40.92,40.94,40.86,40.92,0,0,109431
13702,2020-11-04 10:44:00,40.92,40.95,40.88,40.9,0,0,76153
13703,2020-11-04 10:45:00,40.9,40.97,40.88,40.95,0,0,113374
13704,2020-11-04 10:46:00,40.95,40.99,40.92,40.97,0,0,136114
13705,2020-11-04 10:47:00,40.97,41.03,40.97,41.0,0,0,196178
13706,2020-11-04 10:48:00,41.0,41.16,41.0,41.14,0,0,219548
13707,2020-11-04 10:49:00,41.13,41.18,41.1,41.12,0,0,203611
13708,2020-11-04 10:50:00,41.13,41.17,41.03,41.06,0,0,134683
13709,2020-11-04 10:51:00,41.06,41.1,40.96,40.98,0,0,114983
13710,2020-11-04 10:52:00,40.99,41.01,40.94,40.99,0,0,172950
13711,2020-11-04 10:53:00,40.99,41.05,40.97,41.02,0,0,73974
13712,2020-11-04 10:54:00,41.01,41.1,41.0,41.03,0,0,95588
13713,2020-11-04 10:55:00,41.02,41.04,40.95,40.95,0,0,87667
13714,2020-11-04 10:56:00,40.96,41.08,40.95,40.97,0,0,74418
13715,2020-11-04 10:57:00,40.98,40.99,40.95,40.95,0,0,47450
13716,2020-11-04 10:58:00,40.96,40.98,40.94,40.97,0,0,65797
13717,2020-11-04 10:59:00,40.97,41.05,40.97,41.05,0,0,74037
13718,2020-11-04 11:00:00,41.04,41.06,41.0,41.02,0,0,66681
13719,2020-11-04 11:01:00,41.02,41.05,40.93,40.94,0,0,86115
13720,2020-11-04 11:02:00,40.95,41.03,40.95,41.0,0,0,50253
13721,2020-11-04 11:03:00,41.01,41.05,40.97,40.98,0,0,108526
13722,2020-11-04 11:04:00,40.99,41.03,40.98,40.99,0,0,40973
13723,2020-11-04 11:05:00,40.99,41.07,40.99,41.05,0,0,43660
13724,2020-11-04 11:06:00,41.05,41.08,41.03,41.04,0,0,67247
13725,2020-11-04 11:07:00,41.04,41.04,41.0,41.02,0,0,48039
13726,2020-11-04 11:08:00,41.03,41.04,40.96,40.99,0,0,78678
13727,2020-11-04 11:09:00,40.99,41.0,40.95,40.97,0,0,67330
13728,2020-11-04 11:10:00,40.97,41.0,40.96,40.99,0,0,88283
13729,2020-11-04 11:11:00,40.99,41.03,40.98,41.01,0,0,41226
13730,2020-11-04 11:12:00,41.01,41.19,41.01,41.18,0,0,113877
13731,2020-11-04 11:13:00,41.17,41.23,41.13,41.15,0,0,148146
13732,2020-11-04 11:14:00,41.15,41.28,41.12,41.28,0,0,90074
13733,2020-11-04 11:15:00,41.28,41.29,41.18,41.26,0,0,123801
13734,2020-11-04 11:16:00,41.26,41.27,41.2,41.24,0,0,44245
13735,2020-11-04 11:17:00,41.24,41.29,41.2,41.24,0,0,42217
13736,2020-11-04 11:18:00,41.24,41.29,41.22,41.29,0,0,63011
13737,2020-11-04 11:19:00,41.28,41.29,41.24,41.26,0,0,50319
13738,2020-11-04 11:20:00,41.27,41.32,41.25,41.28,0,0,67100
13739,2020-11-04 11:21:00,41.28,41.34,41.25,41.28,0,0,68878
13740,2020-11-04 11:22:00,41.27,41.39,41.26,41.37,0,0,40393
13741,2020-11-04 11:23:00,41.37,41.41,41.3,41.35,0,0,85026
13742,2020-11-04 11:24:00,41.34,41.41,41.31,41.39,0,0,74616
13743,2020-11-04 11:25:00,41.38,41.49,41.37,41.45,0,0,96743
13744,2020-11-04 11:26:00,41.45,41.49,41.33,41.34,0,0,181129
13745,2020-11-04 11:27:00,41.34,41.38,41.24,41.27,0,0,78641
13746,2020-11-04 11:28:00,41.28,41.33,41.28,41.31,0,0,35437
13747,2020-11-04 11:29:00,41.31,41.41,41.31,41.32,0,0,66555
13748,2020-11-04 11:30:00,41.32,41.41,41.32,41.35,0,0,50980
13749,2020-11-04 11:31:00,41.34,41.42,41.34,41.37,0,0,32509
13750,2020-11-04 11:32:00,41.37,41.4,41.33,41.38,0,0,36322
13751,2020-11-04 11:33:00,41.38,41.4,41.35,41.36,0,0,40229
13752,2020-11-04 11:34:00,41.35,41.35,41.3,41.34,0,0,50222
13753,2020-11-04 11:35:00,41.34,41.38,41.33,41.33,0,0,53815
13754,2020-11-04 11:36:00,41.34,41.37,41.33,41.37,0,0,43154
13755,2020-11-04 11:37:00,41.37,41.37,41.31,41.31,0,0,26394
13756,2020-11-04 11:38:00,41.31,41.35,41.29,41.31,0,0,47299
13757,2020-11-04 11:39:00,41.31,41.37,41.31,41.35,0,0,43442
13758,2020-11-04 11:40:00,41.36,41.4,41.35,41.38,0,0,191469
13759,2020-11-04 11:41:00,41.38,41.41,41.36,41.38,0,0,33523
13760,2020-11-04 11:42:00,41.38,41.4,41.38,41.4,0,0,27699
13761,2020-11-04 11:43:00,41.4,41.44,41.36,41.43,0,0,57558
13762,2020-11-04 11:44:00,41.42,41.49,41.42,41.49,0,0,86263
13763,2020-11-04 11:45:00,41.49,41.54,41.48,41.53,0,0,42410
13764,2020-11-04 11:46:00,41.53,41.57,41.51,41.51,0,0,68198
13765,2020-11-04 11:47:00,41.51,41.56,41.5,41.53,0,0,51772
13766,2020-11-04 11:48:00,41.53,41.57,41.52,41.57,0,0,27040
13767,2020-11-04 11:49:00,41.57,41.64,41.56,41.64,0,0,61754
13768,2020-11-04 11:50:00,41.63,41.79,41.63,41.78,0,0,71821
13769,2020-11-04 11:51:00,41.79,41.83,41.76,41.82,0,0,86760
13770,2020-11-04 11:52:00,41.83,41.83,41.78,41.82,0,0,44864
13771,2020-11-04 11:53:00,41.81,41.86,41.75,41.85,0,0,75913
13772,2020-11-04 11:54:00,41.85,41.87,41.81,41.86,0,0,49719
13773,2020-11-04 11:55:00,41.85,41.88,41.8,41.84,0,0,68055
13774,2020-11-04 11:56:00,41.84,41.86,41.79,41.79,0,0,48368
13775,2020-11-04 11:57:00,41.8,41.89,41.8,41.88,0,0,40746
13776,2020-11-04 11:58:00,41.88,41.92,41.85,41.91,0,0,48619
13777,2020-11-04 11:59:00,41.91,41.92,41.8,41.84,0,0,63652
13778,2020-11-04 12:00:00,41.84,41.95,41.84,41.93,0,0,67955
13779,2020-11-04 12:01:00,41.92,41.98,41.92,41.94,0,0,61094
13780,2020-11-04 12:02:00,41.94,41.99,41.93,41.97,0,0,65610
13781,2020-11-04 12:03:00,41.97,42.04,41.96,42.04,0,0,93247
13782,2020-11-04 12:04:00,42.04,42.06,42.01,42.06,0,0,52400
13783,2020-11-04 12:05:00,42.06,42.09,42.05,42.07,0,0,57174
13784,2020-11-04 12:06:00,42.08,42.1,42.04,42.04,0,0,74926
13785,2020-11-04 12:07:00,42.04,42.05,41.97,42.0,0,0,169281
13786,2020-11-04 12:08:00,41.99,42.04,41.98,41.98,0,0,60951
13787,2020-11-04 12:09:00,41.98,42.03,41.96,42.03,0,0,75655
13788,2020-11-04 12:10:00,42.02,42.09,42.0,42.03,0,0,74553
13789,2020-11-04 12:11:00,42.03,42.08,42.03,42.03,0,0,42088
13790,2020-11-04 12:12:00,42.03,42.05,41.97,42.01,0,0,81809
13791,2020-11-04 12:13:00,42.0,42.09,41.98,42.07,0,0,55225
13792,2020-11-04 12:14:00,42.08,42.1,42.05,42.06,0,0,34223
13793,2020-11-04 12:15:00,42.06,42.08,42.03,42.03,0,0,50218
13794,2020-11-04 12:16:00,42.03,42.03,41.93,41.94,0,0,58058
13795,2020-11-04 12:17:00,41.93,41.95,41.86,41.88,0,0,86266
13796,2020-11-04 12:18:00,41.88,41.98,41.88,41.94,0,0,69878
13797,2020-11-04 12:19:00,41.95,41.99,41.93,41.98,0,0,55278
13798,2020-11-04 12:20:00,41.97,41.99,41.95,41.96,0,0,39130
13799,2020-11-04 12:21:00,41.96,41.97,41.91,41.93,0,0,23060
13800,2020-11-04 12:22:00,41.93,41.96,41.89,41.9,0,0,47384
13801,2020-11-04 12:23:00,41.9,41.9,41.8,41.83,0,0,122818
13802,2020-11-04 12:24:00,41.82,41.89,41.8,41.87,0,0,52812
13803,2020-11-04 12:25:00,41.86,41.86,41.78,41.79,0,0,58610
13804,2020-11-04 12:26:00,41.79,41.84,41.78,41.81,0,0,46985
13805,2020-11-04 12:27:00,41.81,41.83,41.79,41.81,0,0,37149
13806,2020-11-04 12:28:00,41.82,41.84,41.8,41.81,0,0,63676
13807,2020-11-04 12:29:00,41.81,41.92,41.81,41.89,0,0,76201
13808,2020-11-04 12:30:00,41.9,41.92,41.88,41.92,0,0,30328
13809,2020-11-04 12:31:00,41.91,41.97,41.9,41.94,0,0,42232
13810,2020-11-04 12:32:00,41.93,42.01,41.93,41.96,0,0,88020
13811,2020-11-04 12:33:00,41.96,41.98,41.94,41.95,0,0,22427
13812,2020-11-04 12:34:00,41.95,41.96,41.93,41.94,0,0,21520
13813,2020-11-04 12:35:00,41.94,41.96,41.91,41.93,0,0,68640
13814,2020-11-04 12:36:00,41.94,41.95,41.9,41.95,0,0,27861
13815,2020-11-04 12:37:00,41.96,41.98,41.94,41.95,0,0,27853
13816,2020-11-04 12:38:00,41.95,41.99,41.95,41.96,0,0,10205
13817,2020-11-04 12:39:00,41.96,41.99,41.96,41.99,0,0,46038
13818,2020-11-04 12:40:00,41.99,42.01,41.96,41.98,0,0,36122
13819,2020-11-04 12:41:00,41.97,41.99,41.95,41.96,0,0,22943
13820,2020-11-04 12:42:00,41.97,41.97,41.87,41.88,0,0,45189
13821,2020-11-04 12:43:00,41.89,41.92,41.87,41.9,0,0,24381
13822,2020-11-04 12:44:00,41.9,41.96,41.9,41.96,0,0,17732
13823,2020-11-04 12:45:00,41.96,41.99,41.95,41.99,0,0,62570
13824,2020-11-04 12:46:00,42.0,42.04,41.95,41.97,0,0,90348
13825,2020-11-04 12:47:00,41.97,42.0,41.91,41.91,0,0,43361
13826,2020-11-04 12:48:00,41.91,41.97,41.91,41.93,0,0,33711
13827,2020-11-04 12:49:00,41.92,41.92,41.84,41.85,0,0,49030
13828,2020-11-04 12:50:00,41.85,41.86,41.78,41.79,0,0,49456
13829,2020-11-04 12:51:00,41.78,41.79,41.73,41.78,0,0,56211
13830,2020-11-04 12:52:00,41.78,41.88,41.76,41.88,0,0,34783
13831,2020-11-04 12:53:00,41.88,41.89,41.83,41.85,0,0,35060
13832,2020-11-04 12:54:00,41.86,41.86,41.79,41.8,0,0,25910
13833,2020-11-04 12:55:00,41.81,41.84,41.79,41.81,0,0,26664
13834,2020-11-04 12:56:00,41.81,41.82,41.7,41.76,0,0,50861
13835,2020-11-04 12:57:00,41.75,41.75,41.7,41.7,0,0,37987
13836,2020-11-04 12:58:00,41.72,41.72,41.63,41.64,0,0,63814
13837,2020-11-04 12:59:00,41.64,41.67,41.63,41.65,0,0,47304
13838,2020-11-04 13:00:00,41.65,41.67,41.59,41.61,0,0,50504
13839,2020-11-04 13:01:00,41.6,41.66,41.56,41.56,0,0,41076
13840,2020-11-04 13:02:00,41.57,41.57,41.47,41.49,0,0,84878
13841,2020-11-04 13:03:00,41.49,41.51,41.45,41.46,0,0,76125
13842,2020-11-04 13:04:00,41.46,41.5,41.42,41.49,0,0,52615
13843,2020-11-04 13:05:00,41.49,41.53,41.49,41.5,0,0,40814
13844,2020-11-04 13:06:00,41.5,41.54,41.48,41.5,0,0,37328
13845,2020-11-04 13:07:00,41.5,41.53,41.47,41.48,0,0,37760
13846,2020-11-04 13:08:00,41.48,41.56,41.47,41.51,0,0,64697
13847,2020-11-04 13:09:00,41.52,41.52,41.48,41.48,0,0,25848
13848,2020-11-04 13:10:00,41.49,41.5,41.4,41.43,0,0,75353
13849,2020-11-04 13:11:00,41.44,41.44,41.38,41.39,0,0,41548
13850,2020-11-04 13:12:00,41.38,41.44,41.38,41.44,0,0,37173
13851,2020-11-04 13:13:00,41.44,41.45,41.4,41.42,0,0,32693
13852,2020-11-04 13:14:00,41.42,41.44,41.4,41.41,0,0,26452
13853,2020-11-04 13:15:00,41.4,41.52,41.4,41.51,0,0,44284
13854,2020-11-04 13:16:00,41.51,41.58,41.49,41.55,0,0,66628
13855,2020-11-04 13:17:00,41.54,41.57,41.53,41.57,0,0,25229
13856,2020-11-04 13:18:00,41.56,41.58,41.53,41.55,0,0,54197
13857,2020-11-04 13:19:00,41.54,41.62,41.54,41.57,0,0,49236
13858,2020-11-04 13:20:00,41.56,41.57,41.53,41.54,0,0,16208
13859,2020-11-04 13:21:00,41.54,41.59,41.52,41.59,0,0,23983
13860,2020-11-04 13:22:00,41.6,41.62,41.56,41.6,0,0,33842
13861,2020-11-04 13:23:00,41.6,41.63,41.57,41.59,0,0,48240
13862,2020-11-04 13:24:00,41.6,41.6,41.54,41.55,0,0,28882
13863,2020-11-04 13:25:00,41.56,41.61,41.52,41.58,0,0,25836
13864,2020-11-04 13:26:00,41.59,41.61,41.58,41.58,0,0,22343
13865,2020-11-04 13:27:00,41.59,41.63,41.58,41.62,0,0,31922
13866,2020-11-04 13:28:00,41.62,41.69,41.62,41.65,0,0,31047
13867,2020-11-04 13:29:00,41.63,41.7,41.6,41.7,0,0,31019
13868,2020-11-04 13:30:00,41.69,41.71,41.64,41.69,0,0,34959
13869,2020-11-04 13:31:00,41.69,41.75,41.66,41.75,0,0,29591
13870,2020-11-04 13:32:00,41.75,41.77,41.72,41.72,0,0,20734
13871,2020-11-04 13:33:00,41.72,41.76,41.72,41.76,0,0,25047
13872,2020-11-04 13:34:00,41.75,41.76,41.7,41.7,0,0,29135
13873,2020-11-04 13:35:00,41.7,41.74,41.67,41.74,0,0,43887
13874,2020-11-04 13:36:00,41.74,41.79,41.74,41.79,0,0,50370
13875,2020-11-04 13:37:00,41.79,41.85,41.79,41.84,0,0,50755
13876,2020-11-04 13:38:00,41.85,41.88,41.82,41.86,0,0,103285
13877,2020-11-04 13:39:00,41.87,41.87,41.76,41.77,0,0,42747
13878,2020-11-04 13:40:00,41.77,41.81,41.7,41.79,0,0,42597
13879,2020-11-04 13:41:00,41.79,41.81,41.71,41.71,0,0,45000
13880,2020-11-04 13:42:00,41.68,41.68,41.57,41.6,0,0,47044
13881,2020-11-04 13:43:00,41.61,41.63,41.58,41.6,0,0,18351
13882,2020-11-04 13:44:00,41.6,41.66,41.6,41.65,0,0,41899
13883,2020-11-04 13:45:00,41.66,41.71,41.64,41.7,0,0,36407
13884,2020-11-04 13:46:00,41.71,41.77,41.7,41.76,0,0,50793
13885,2020-11-04 13:47:00,41.75,41.8,41.74,41.8,0,0,28526
13886,2020-11-04 13:48:00,41.8,41.8,41.72,41.76,0,0,39050
13887,2020-11-04 13:49:00,41.76,41.81,41.76,41.79,0,0,56237
13888,2020-11-04 13:50:00,41.79,41.85,41.77,41.85,0,0,49852
13889,2020-11-04 13:51:00,41.85,41.91,41.84,41.89,0,0,85725
13890,2020-11-04 13:52:00,41.9,41.91,41.85,41.9,0,0,61533
13891,2020-11-04 13:53:00,41.91,41.95,41.87,41.95,0,0,54535
13892,2020-11-04 13:54:00,41.94,41.99,41.94,41.99,0,0,51888
13893,2020-11-04 13:55:00,41.99,42.08,41.97,41.99,0,0,135874
13894,2020-11-04 13:56:00,41.99,42.06,41.99,42.06,0,0,47134
13895,2020-11-04 13:57:00,42.06,42.11,42.03,42.1,0,0,89680
13896,2020-11-04 13:58:00,42.1,42.13,42.08,42.13,0,0,74029
13897,2020-11-04 13:59:00,42.11,42.2,42.1,42.19,0,0,81272
13898,2020-11-04 14:00:00,42.19,42.19,42.14,42.15,0,0,67261
13899,2020-11-04 14:01:00,42.15,42.22,42.13,42.21,0,0,58118
13900,2020-11-04 14:02:00,42.21,42.23,42.12,42.17,0,0,62874
13901,2020-11-04 14:03:00,42.18,42.25,42.18,42.2,0,0,81075
13902,2020-11-04 14:04:00,42.19,42.19,42.14,42.19,0,0,40492
13903,2020-11-04 14:05:00,42.19,42.22,42.17,42.22,0,0,44781
13904,2020-11-04 14:06:00,42.22,42.3,42.22,42.28,0,0,91570
13905,2020-11-04 14:07:00,42.28,42.32,42.26,42.29,0,0,56301
13906,2020-11-04 14:08:00,42.28,42.32,42.28,42.31,0,0,36267
13907,2020-11-04 14:09:00,42.32,42.34,42.23,42.33,0,0,69373
13908,2020-11-04 14:10:00,42.33,42.42,42.32,42.42,0,0,111833
13909,2020-11-04 14:11:00,42.42,42.51,42.4,42.5,0,0,211719
13910,2020-11-04 14:12:00,42.51,42.53,42.42,42.5,0,0,97028
13911,2020-11-04 14:13:00,42.49,42.49,42.46,42.49,0,0,28984
13912,2020-11-04 14:14:00,42.49,42.53,42.47,42.52,0,0,70393
13913,2020-11-04 14:15:00,42.52,42.53,42.43,42.51,0,0,57320
13914,2020-11-04 14:16:00,42.51,42.51,42.43,42.49,0,0,65676
13915,2020-11-04 14:17:00,42.5,42.61,42.5,42.53,0,0,99899
13916,2020-11-04 14:18:00,42.54,42.56,42.5,42.53,0,0,49293
13917,2020-11-04 14:19:00,42.54,42.56,42.51,42.51,0,0,39662
13918,2020-11-04 14:20:00,42.51,42.58,42.51,42.57,0,0,54778
13919,2020-11-04 14:21:00,42.58,42.6,42.44,42.44,0,0,73580
13920,2020-11-04 14:22:00,42.45,42.51,42.45,42.48,0,0,46485
13921,2020-11-04 14:23:00,42.49,42.61,42.49,42.6,0,0,92538
13922,2020-11-04 14:24:00,42.6,42.65,42.6,42.62,0,0,51145
13923,2020-11-04 14:25:00,42.62,42.62,42.49,42.5,0,0,73197
13924,2020-11-04 14:26:00,42.51,42.51,42.42,42.49,0,0,88397
13925,2020-11-04 14:27:00,42.49,42.51,42.46,42.47,0,0,42111
13926,2020-11-04 14:28:00,42.47,42.54,42.47,42.51,0,0,41818
13927,2020-11-04 14:29:00,42.51,42.51,42.47,42.48,0,0,36878
13928,2020-11-04 14:30:00,42.49,42.53,42.47,42.47,0,0,42351
13929,2020-11-04 14:31:00,42.46,42.53,42.45,42.53,0,0,41334
13930,2020-11-04 14:32:00,42.53,42.58,42.53,42.54,0,0,58472
13931,2020-11-04 14:33:00,42.55,42.56,42.5,42.5,0,0,31712
13932,2020-11-04 14:34:00,42.52,42.53,42.5,42.52,0,0,58049
13933,2020-11-04 14:35:00,42.53,42.55,42.49,42.54,0,0,34255
13934,2020-11-04 14:36:00,42.55,42.59,42.51,42.51,0,0,42696
13935,2020-11-04 14:37:00,42.52,42.55,42.49,42.55,0,0,36898
13936,2020-11-04 14:38:00,42.56,42.56,42.5,42.5,0,0,25161
13937,2020-11-04 14:39:00,42.51,42.52,42.48,42.51,0,0,36534
13938,2020-11-04 14:40:00,42.51,42.54,42.45,42.52,0,0,63613
13939,2020-11-04 14:41:00,42.54,42.54,42.45,42.45,0,0,41652
13940,2020-11-04 14:42:00,42.46,42.53,42.45,42.48,0,0,55167
13941,2020-11-04 14:43:00,42.49,42.51,42.49,42.5,0,0,30497
13942,2020-11-04 14:44:00,42.5,42.54,42.49,42.49,0,0,58310
13943,2020-11-04 14:45:00,42.49,42.53,42.49,42.51,0,0,25434
13944,2020-11-04 14:46:00,42.52,42.55,42.51,42.51,0,0,54688
13945,2020-11-04 14:47:00,42.51,42.54,42.49,42.51,0,0,45555
13946,2020-11-04 14:48:00,42.51,42.57,42.49,42.57,0,0,83076
13947,2020-11-04 14:49:00,42.58,42.59,42.5,42.53,0,0,35892
13948,2020-11-04 14:50:00,42.52,42.59,42.52,42.55,0,0,48080
13949,2020-11-04 14:51:00,42.56,42.61,42.56,42.58,0,0,42205
13950,2020-11-04 14:52:00,42.59,42.69,42.59,42.66,0,0,74858
13951,2020-11-04 14:53:00,42.65,42.67,42.65,42.65,0,0,39246
13952,2020-11-04 14:54:00,42.65,42.65,42.63,42.63,0,0,45584
13953,2020-11-04 14:55:00,42.64,42.65,42.61,42.62,0,0,57170
13954,2020-11-04 14:56:00,42.62,42.65,42.58,42.6,0,0,89614
13955,2020-11-04 14:57:00,42.6,42.64,42.58,42.61,0,0,48432
13956,2020-11-04 14:58:00,42.62,42.65,42.61,42.64,0,0,50459
13957,2020-11-04 14:59:00,42.64,42.66,42.61,42.63,0,0,58689
13958,2020-11-04 15:00:00,42.64,42.69,42.63,42.66,0,0,44246
13959,2020-11-04 15:01:00,42.67,42.69,42.65,42.69,0,0,30759
13960,2020-11-04 15:02:00,42.69,42.69,42.65,42.66,0,0,36434
13961,2020-11-04 15:03:00,42.65,42.65,42.6,42.6,0,0,77347
13962,2020-11-04 15:04:00,42.6,42.6,42.56,42.56,0,0,103912
13963,2020-11-04 15:05:00,42.56,42.56,42.5,42.5,0,0,105502
13964,2020-11-04 15:06:00,42.5,42.56,42.5,42.56,0,0,113092
13965,2020-11-04 15:07:00,42.56,42.62,42.56,42.62,0,0,35757
13966,2020-11-04 15:08:00,42.63,42.64,42.62,42.63,0,0,17297
13967,2020-11-04 15:09:00,42.63,42.69,42.62,42.67,0,0,65825
13968,2020-11-04 15:10:00,42.67,42.67,42.61,42.64,0,0,51399
13969,2020-11-04 15:11:00,42.64,42.64,42.62,42.62,0,0,35642
13970,2020-11-04 15:12:00,42.62,42.62,42.58,42.59,0,0,41457
13971,2020-11-04 15:13:00,42.6,42.63,42.58,42.63,0,0,43486
13972,2020-11-04 15:14:00,42.62,42.65,42.6,42.61,0,0,28617
13973,2020-11-04 15:15:00,42.62,42.62,42.57,42.58,0,0,56529
13974,2020-11-04 15:16:00,42.58,42.6,42.56,42.56,0,0,50671
13975,2020-11-04 15:17:00,42.56,42.58,42.54,42.58,0,0,48597
13976,2020-11-04 15:18:00,42.58,42.58,42.42,42.43,0,0,75703
13977,2020-11-04 15:19:00,42.44,42.45,42.36,42.4,0,0,110333
13978,2020-11-04 15:20:00,42.41,42.57,42.41,42.57,0,0,102363
13979,2020-11-04 15:21:00,42.57,42.57,42.5,42.51,0,0,45884
13980,2020-11-04 15:22:00,42.51,42.56,42.51,42.53,0,0,44584
13981,2020-11-04 15:23:00,42.52,42.55,42.51,42.55,0,0,53539
13982,2020-11-04 15:24:00,42.56,42.6,42.54,42.59,0,0,32234
13983,2020-11-04 15:25:00,42.59,42.61,42.56,42.59,0,0,44341
13984,2020-11-04 15:26:00,42.59,42.6,42.57,42.57,0,0,24125
13985,2020-11-04 15:27:00,42.58,42.6,42.56,42.59,0,0,57446
13986,2020-11-04 15:28:00,42.6,42.63,42.58,42.59,0,0,47526
13987,2020-11-04 15:29:00,42.58,42.58,42.54,42.56,0,0,42623
13988,2020-11-04 15:30:00,42.56,42.6,42.54,42.6,0,0,55931
13989,2020-11-04 15:31:00,42.59,42.61,42.53,42.53,0,0,85092
13990,2020-11-04 15:32:00,42.53,42.56,42.49,42.51,0,0,111664
13991,2020-11-04 15:33:00,42.52,42.62,42.51,42.6,0,0,63275
13992,2020-11-04 15:34:00,42.6,42.63,42.58,42.62,0,0,59878
13993,2020-11-04 15:35:00,42.62,42.65,42.61,42.64,0,0,63824
13994,2020-11-04 15:36:00,42.65,42.72,42.65,42.72,0,0,96921
13995,2020-11-04 15:37:00,42.71,42.78,42.69,42.76,0,0,116988
13996,2020-11-04 15:38:00,42.76,42.78,42.75,42.75,0,0,83576
13997,2020-11-04 15:39:00,42.75,42.76,42.72,42.76,0,0,91531
13998,2020-11-04 15:40:00,42.76,42.78,42.74,42.78,0,0,73356
13999,2020-11-04 15:41:00,42.78,42.78,42.72,42.75,0,0,93542
14000,2020-11-04 15:42:00,42.75,42.76,42.73,42.75,0,0,92210
14001,2020-11-04 15:43:00,42.75,42.78,42.74,42.78,0,0,84634
14002,2020-11-04 15:44:00,42.78,42.78,42.74,42.76,0,0,103759
14003,2020-11-04 15:45:00,42.75,42.85,42.75,42.84,0,0,157823
14004,2020-11-04 15:46:00,42.84,42.88,42.83,42.87,0,0,134835
14005,2020-11-04 15:47:00,42.86,42.88,42.85,42.87,0,0,103188
14006,2020-11-04 15:48:00,42.88,42.91,42.86,42.87,0,0,109098
14007,2020-11-04 15:49:00,42.86,42.87,42.79,42.83,0,0,85301
14008,2020-11-04 15:50:00,42.83,42.91,42.79,42.83,0,0,89556
14009,2020-11-04 15:51:00,42.82,42.85,42.79,42.8,0,0,93612
14010,2020-11-04 15:52:00,42.79,42.81,42.74,42.78,0,0,92009
14011,2020-11-04 15:53:00,42.79,42.89,42.79,42.87,0,0,169184
14012,2020-11-04 15:54:00,42.88,42.93,42.87,42.92,0,0,106292
14013,2020-11-04 15:55:00,42.92,42.92,42.81,42.81,0,0,109414
14014,2020-11-04 15:56:00,42.82,42.87,42.79,42.84,0,0,131947
14015,2020-11-04 15:57:00,42.85,42.86,42.76,42.78,0,0,102656
14016,2020-11-04 15:58:00,42.79,42.79,42.73,42.76,0,0,136002
14017,2020-11-04 15:59:00,42.76,42.81,42.71,42.74,0,0,244235
14018,2020-11-05 09:30:00,43.51,43.64,43.48,43.51,0,0,349850
14019,2020-11-05 09:31:00,43.54,43.55,43.2,43.37,0,0,486438
14020,2020-11-05 09:32:00,43.39,43.63,43.31,43.61,0,0,180097
14021,2020-11-05 09:33:00,43.61,43.64,43.44,43.56,0,0,93337
14022,2020-11-05 09:34:00,43.58,43.61,43.37,43.48,0,0,120103
14023,2020-11-05 09:35:00,43.46,43.47,43.07,43.12,0,0,173072
14024,2020-11-05 09:36:00,43.12,43.18,43.02,43.08,0,0,105591
14025,2020-11-05 09:37:00,43.08,43.25,43.07,43.18,0,0,128846
14026,2020-11-05 09:38:00,43.17,43.29,43.12,43.27,0,0,111734
14027,2020-11-05 09:39:00,43.27,43.35,43.22,43.29,0,0,80954
14028,2020-11-05 09:40:00,43.28,43.35,43.18,43.24,0,0,102855
14029,2020-11-05 09:41:00,43.25,43.28,43.14,43.19,0,0,108119
14030,2020-11-05 09:42:00,43.19,43.3,43.15,43.26,0,0,80537
14031,2020-11-05 09:43:00,43.27,43.34,43.2,43.2,0,0,129691
14032,2020-11-05 09:44:00,43.2,43.22,42.98,42.98,0,0,93768
14033,2020-11-05 09:45:00,43.0,43.06,42.94,42.94,0,0,116491
14034,2020-11-05 09:46:00,42.93,42.95,42.71,42.78,0,0,290377
14035,2020-11-05 09:47:00,42.77,42.78,42.48,42.64,0,0,166626
14036,2020-11-05 09:48:00,42.65,42.7,42.61,42.67,0,0,72216
14037,2020-11-05 09:49:00,42.65,42.76,42.64,42.68,0,0,65938
14038,2020-11-05 09:50:00,42.69,42.78,42.65,42.76,0,0,95367
14039,2020-11-05 09:51:00,42.77,42.77,42.65,42.68,0,0,132886
14040,2020-11-05 09:52:00,42.69,42.72,42.61,42.71,0,0,71177
14041,2020-11-05 09:53:00,42.72,42.79,42.64,42.76,0,0,142207
14042,2020-11-05 09:54:00,42.75,42.76,42.65,42.67,0,0,52650
14043,2020-11-05 09:55:00,42.67,42.83,42.66,42.76,0,0,85978
14044,2020-11-05 09:56:00,42.76,42.8,42.73,42.8,0,0,66795
14045,2020-11-05 09:57:00,42.8,42.87,42.75,42.83,0,0,96183
14046,2020-11-05 09:58:00,42.84,42.93,42.84,42.9,0,0,71185
14047,2020-11-05 09:59:00,42.9,42.91,42.76,42.82,0,0,89353
14048,2020-11-05 10:00:00,42.82,42.96,42.82,42.96,0,0,57902
14049,2020-11-05 10:01:00,42.95,43.07,42.95,43.05,0,0,126409
14050,2020-11-05 10:02:00,43.05,43.19,43.05,43.17,0,0,123282
14051,2020-11-05 10:03:00,43.16,43.19,43.11,43.11,0,0,65797
14052,2020-11-05 10:04:00,43.11,43.15,43.07,43.1,0,0,38020
14053,2020-11-05 10:05:00,43.09,43.1,43.0,43.04,0,0,72077
14054,2020-11-05 10:06:00,43.05,43.08,42.99,43.08,0,0,85156
14055,2020-11-05 10:07:00,43.08,43.23,43.08,43.19,0,0,77763
14056,2020-11-05 10:08:00,43.19,43.24,43.15,43.21,0,0,86234
14057,2020-11-05 10:09:00,43.22,43.23,43.14,43.17,0,0,47822
14058,2020-11-05 10:10:00,43.17,43.21,43.12,43.17,0,0,44345
14059,2020-11-05 10:11:00,43.18,43.18,43.06,43.09,0,0,27612
14060,2020-11-05 10:12:00,43.09,43.1,43.03,43.03,0,0,38391
14061,2020-11-05 10:13:00,43.03,43.03,42.92,42.96,0,0,74008
14062,2020-11-05 10:14:00,42.96,42.99,42.88,42.98,0,0,58435
14063,2020-11-05 10:15:00,42.97,43.08,42.95,43.04,0,0,48232
14064,2020-11-05 10:16:00,43.04,43.09,43.03,43.09,0,0,50695
14065,2020-11-05 10:17:00,43.1,43.19,43.08,43.18,0,0,61483
14066,2020-11-05 10:18:00,43.16,43.2,43.07,43.1,0,0,87229
14067,2020-11-05 10:19:00,43.09,43.18,43.08,43.15,0,0,86983
14068,2020-11-05 10:20:00,43.14,43.21,43.1,43.21,0,0,61507
14069,2020-11-05 10:21:00,43.2,43.22,43.17,43.17,0,0,71422
14070,2020-11-05 10:22:00,43.18,43.21,43.09,43.09,0,0,68153
14071,2020-11-05 10:23:00,43.1,43.12,42.99,43.06,0,0,52982
14072,2020-11-05 10:24:00,43.08,43.08,42.99,43.0,0,0,41937
14073,2020-11-05 10:25:00,43.0,43.01,42.9,42.9,0,0,69216
14074,2020-11-05 10:26:00,42.9,42.94,42.87,42.9,0,0,59002
14075,2020-11-05 10:27:00,42.9,42.96,42.88,42.9,0,0,52492
14076,2020-11-05 10:28:00,42.9,43.02,42.9,42.95,0,0,90616
14077,2020-11-05 10:29:00,42.94,42.98,42.9,42.93,0,0,49010
14078,2020-11-05 10:30:00,42.94,42.96,42.89,42.92,0,0,33576
14079,2020-11-05 10:31:00,42.94,43.01,42.93,43.01,0,0,40632
14080,2020-11-05 10:32:00,43.02,43.08,43.02,43.05,0,0,32707
14081,2020-11-05 10:33:00,43.03,43.06,42.99,43.05,0,0,27236
14082,2020-11-05 10:34:00,43.05,43.06,43.01,43.06,0,0,30574
14083,2020-11-05 10:35:00,43.06,43.1,43.01,43.09,0,0,38146
14084,2020-11-05 10:36:00,43.09,43.15,43.07,43.11,0,0,39947
14085,2020-11-05 10:37:00,43.12,43.19,43.12,43.18,0,0,31646
14086,2020-11-05 10:38:00,43.18,43.18,43.13,43.13,0,0,17023
14087,2020-11-05 10:39:00,43.13,43.13,43.1,43.12,0,0,21211
14088,2020-11-05 10:40:00,43.12,43.17,43.08,43.12,0,0,31583
14089,2020-11-05 10:41:00,43.13,43.18,43.13,43.18,0,0,27424
14090,2020-11-05 10:42:00,43.17,43.2,43.16,43.18,0,0,29095
14091,2020-11-05 10:43:00,43.17,43.19,43.1,43.12,0,0,80885
14092,2020-11-05 10:44:00,43.11,43.13,43.06,43.13,0,0,48990
14093,2020-11-05 10:45:00,43.13,43.16,43.09,43.13,0,0,18269
14094,2020-11-05 10:46:00,43.13,43.13,43.08,43.08,0,0,33717
14095,2020-11-05 10:47:00,43.08,43.1,43.03,43.05,0,0,40346
14096,2020-11-05 10:48:00,43.06,43.12,43.06,43.12,0,0,20195
14097,2020-11-05 10:49:00,43.12,43.17,43.12,43.17,0,0,38373
14098,2020-11-05 10:50:00,43.16,43.24,43.14,43.2,0,0,73737
14099,2020-11-05 10:51:00,43.21,43.21,43.15,43.17,0,0,50381
14100,2020-11-05 10:52:00,43.18,43.26,43.16,43.24,0,0,44775
14101,2020-11-05 10:53:00,43.23,43.3,43.23,43.28,0,0,55170
14102,2020-11-05 10:54:00,43.28,43.36,43.25,43.32,0,0,80612
14103,2020-11-05 10:55:00,43.33,43.37,43.3,43.31,0,0,47955
14104,2020-11-05 10:56:00,43.3,43.34,43.27,43.33,0,0,23991
14105,2020-11-05 10:57:00,43.33,43.35,43.31,43.31,0,0,21409
14106,2020-11-05 10:58:00,43.31,43.39,43.31,43.38,0,0,32695
14107,2020-11-05 10:59:00,43.39,43.5,43.38,43.44,0,0,168037
14108,2020-11-05 11:00:00,43.44,43.44,43.41,43.42,0,0,14251
14109,2020-11-05 11:01:00,43.42,43.43,43.36,43.38,0,0,26706
14110,2020-11-05 11:02:00,43.39,43.44,43.38,43.39,0,0,23281
14111,2020-11-05 11:03:00,43.39,43.44,43.38,43.42,0,0,36133
14112,2020-11-05 11:04:00,43.43,43.51,43.43,43.48,0,0,50671
14113,2020-11-05 11:05:00,43.47,43.53,43.47,43.49,0,0,41549
14114,2020-11-05 11:06:00,43.49,43.49,43.46,43.47,0,0,17914
14115,2020-11-05 11:07:00,43.47,43.47,43.4,43.44,0,0,35347
14116,2020-11-05 11:08:00,43.43,43.48,43.4,43.4,0,0,25642
14117,2020-11-05 11:09:00,43.4,43.4,43.35,43.38,0,0,44201
14118,2020-11-05 11:10:00,43.38,43.46,43.38,43.43,0,0,30221
14119,2020-11-05 11:11:00,43.42,43.43,43.31,43.37,0,0,48988
14120,2020-11-05 11:12:00,43.36,43.37,43.29,43.33,0,0,46813
14121,2020-11-05 11:13:00,43.33,43.37,43.29,43.36,0,0,24580
14122,2020-11-05 11:14:00,43.36,43.41,43.36,43.37,0,0,28725
14123,2020-11-05 11:15:00,43.38,43.42,43.33,43.35,0,0,33563
14124,2020-11-05 11:16:00,43.35,43.36,43.33,43.36,0,0,13327
14125,2020-11-05 11:17:00,43.36,43.38,43.32,43.32,0,0,16303
14126,2020-11-05 11:18:00,43.32,43.34,43.3,43.31,0,0,16860
14127,2020-11-05 11:19:00,43.31,43.31,43.27,43.27,0,0,18776
14128,2020-11-05 11:20:00,43.27,43.27,43.18,43.18,0,0,55691
14129,2020-11-05 11:21:00,43.19,43.25,43.19,43.22,0,0,17566
14130,2020-11-05 11:22:00,43.22,43.23,43.19,43.19,0,0,26332
14131,2020-11-05 11:23:00,43.2,43.22,43.19,43.22,0,0,35499
14132,2020-11-05 11:24:00,43.22,43.26,43.16,43.19,0,0,90218
14133,2020-11-05 11:25:00,43.19,43.28,43.18,43.26,0,0,51618
14134,2020-11-05 11:26:00,43.25,43.35,43.25,43.33,0,0,48383
14135,2020-11-05 11:27:00,43.34,43.36,43.31,43.33,0,0,33378
14136,2020-11-05 11:28:00,43.31,43.35,43.29,43.29,0,0,18010
14137,2020-11-05 11:29:00,43.27,43.31,43.25,43.31,0,0,33010
14138,2020-11-05 11:30:00,43.3,43.35,43.29,43.3,0,0,40954
14139,2020-11-05 11:31:00,43.31,43.35,43.29,43.35,0,0,27358
14140,2020-11-05 11:32:00,43.35,43.45,43.35,43.44,0,0,72992
14141,2020-11-05 11:33:00,43.44,43.45,43.41,43.42,0,0,28639
14142,2020-11-05 11:34:00,43.42,43.42,43.37,43.38,0,0,27780
14143,2020-11-05 11:35:00,43.38,43.39,43.32,43.35,0,0,40102
14144,2020-11-05 11:36:00,43.34,43.35,43.31,43.32,0,0,20823
14145,2020-11-05 11:37:00,43.33,43.37,43.31,43.37,0,0,17266
14146,2020-11-05 11:38:00,43.37,43.37,43.31,43.31,0,0,27747
14147,2020-11-05 11:39:00,43.31,43.35,43.29,43.33,0,0,30982
14148,2020-11-05 11:40:00,43.33,43.39,43.32,43.38,0,0,37574
14149,2020-11-05 11:41:00,43.37,43.38,43.32,43.33,0,0,18293
14150,2020-11-05 11:42:00,43.33,43.33,43.25,43.28,0,0,53320
14151,2020-11-05 11:43:00,43.3,43.3,43.24,43.25,0,0,17882
14152,2020-11-05 11:44:00,43.26,43.37,43.26,43.35,0,0,23614
14153,2020-11-05 11:45:00,43.35,43.47,43.35,43.43,0,0,93176
14154,2020-11-05 11:46:00,43.42,43.45,43.4,43.41,0,0,14930
14155,2020-11-05 11:47:00,43.41,43.42,43.38,43.39,0,0,12783
14156,2020-11-05 11:48:00,43.38,43.38,43.29,43.31,0,0,32772
14157,2020-11-05 11:49:00,43.31,43.34,43.29,43.33,0,0,16736
14158,2020-11-05 11:50:00,43.34,43.36,43.32,43.36,0,0,20368
14159,2020-11-05 11:51:00,43.35,43.47,43.35,43.46,0,0,55837
14160,2020-11-05 11:52:00,43.46,43.48,43.42,43.48,0,0,41222
14161,2020-11-05 11:53:00,43.48,43.53,43.48,43.51,0,0,67032
14162,2020-11-05 11:54:00,43.51,43.53,43.48,43.52,0,0,36980
14163,2020-11-05 11:55:00,43.52,43.54,43.46,43.47,0,0,24107
14164,2020-11-05 11:56:00,43.47,43.51,43.47,43.51,0,0,17336
14165,2020-11-05 11:57:00,43.51,43.58,43.51,43.55,0,0,42557
14166,2020-11-05 11:58:00,43.55,43.57,43.53,43.53,0,0,30648
14167,2020-11-05 11:59:00,43.54,43.55,43.51,43.53,0,0,24076
14168,2020-11-05 12:00:00,43.53,43.54,43.51,43.54,0,0,10219
14169,2020-11-05 12:01:00,43.54,43.57,43.53,43.53,0,0,16636
14170,2020-11-05 12:02:00,43.54,43.58,43.54,43.57,0,0,40756
14171,2020-11-05 12:03:00,43.56,43.58,43.52,43.52,0,0,25815
14172,2020-11-05 12:04:00,43.51,43.51,43.46,43.48,0,0,24590
14173,2020-11-05 12:05:00,43.49,43.53,43.49,43.53,0,0,14539
14174,2020-11-05 12:06:00,43.53,43.54,43.47,43.47,0,0,27780
14175,2020-11-05 12:07:00,43.48,43.51,43.46,43.5,0,0,30608
14176,2020-11-05 12:08:00,43.5,43.54,43.5,43.53,0,0,20943
14177,2020-11-05 12:09:00,43.53,43.58,43.52,43.58,0,0,35785
14178,2020-11-05 12:10:00,43.58,43.59,43.52,43.53,0,0,33296
14179,2020-11-05 12:11:00,43.53,43.54,43.49,43.53,0,0,37105
14180,2020-11-05 12:12:00,43.54,43.54,43.51,43.51,0,0,10200
14181,2020-11-05 12:13:00,43.52,43.54,43.51,43.53,0,0,8585
14182,2020-11-05 12:14:00,43.53,43.55,43.5,43.5,0,0,12805
14183,2020-11-05 12:15:00,43.51,43.55,43.47,43.55,0,0,12829
14184,2020-11-05 12:16:00,43.55,43.61,43.53,43.59,0,0,36319
14185,2020-11-05 12:17:00,43.59,43.59,43.56,43.58,0,0,9517
14186,2020-11-05 12:18:00,43.59,43.6,43.54,43.58,0,0,29370
14187,2020-11-05 12:19:00,43.59,43.59,43.55,43.55,0,0,14299
14188,2020-11-05 12:20:00,43.56,43.56,43.49,43.52,0,0,26705
14189,2020-11-05 12:21:00,43.49,43.53,43.49,43.51,0,0,16711
14190,2020-11-05 12:22:00,43.51,43.51,43.41,43.41,0,0,33801
14191,2020-11-05 12:23:00,43.41,43.46,43.4,43.46,0,0,24552
14192,2020-11-05 12:24:00,43.46,43.47,43.44,43.44,0,0,9875
14193,2020-11-05 12:25:00,43.44,43.49,43.44,43.47,0,0,27683
14194,2020-11-05 12:26:00,43.47,43.49,43.46,43.47,0,0,41346
14195,2020-11-05 12:27:00,43.46,43.5,43.45,43.5,0,0,22522
14196,2020-11-05 12:28:00,43.49,43.5,43.49,43.5,0,0,22318
14197,2020-11-05 12:29:00,43.5,43.5,43.48,43.49,0,0,16575
14198,2020-11-05 12:30:00,43.49,43.49,43.46,43.47,0,0,20784
14199,2020-11-05 12:31:00,43.48,43.48,43.45,43.46,0,0,9674
14200,2020-11-05 12:32:00,43.47,43.47,43.42,43.44,0,0,22696
14201,2020-11-05 12:33:00,43.44,43.45,43.42,43.44,0,0,9962
14202,2020-11-05 12:34:00,43.44,43.44,43.41,43.42,0,0,22673
14203,2020-11-05 12:35:00,43.42,43.48,43.41,43.48,0,0,31053
14204,2020-11-05 12:36:00,43.49,43.52,43.49,43.5,0,0,35050
14205,2020-11-05 12:37:00,43.51,43.53,43.5,43.52,0,0,10840
14206,2020-11-05 12:38:00,43.53,43.53,43.5,43.51,0,0,10436
14207,2020-11-05 12:39:00,43.51,43.51,43.49,43.49,0,0,7695
14208,2020-11-05 12:40:00,43.48,43.54,43.47,43.5,0,0,21674
14209,2020-11-05 12:41:00,43.5,43.5,43.45,43.46,0,0,26499
14210,2020-11-05 12:42:00,43.46,43.47,43.4,43.44,0,0,18106
14211,2020-11-05 12:43:00,43.44,43.49,43.43,43.48,0,0,15025
14212,2020-11-05 12:44:00,43.48,43.52,43.47,43.49,0,0,39207
14213,2020-11-05 12:45:00,43.5,43.58,43.5,43.56,0,0,27635
14214,2020-11-05 12:46:00,43.55,43.55,43.51,43.55,0,0,50777
14215,2020-11-05 12:47:00,43.55,43.57,43.54,43.56,0,0,8591
14216,2020-11-05 12:48:00,43.56,43.56,43.53,43.53,0,0,9305
14217,2020-11-05 12:49:00,43.54,43.54,43.53,43.54,0,0,4169
14218,2020-11-05 12:50:00,43.54,43.56,43.48,43.51,0,0,36540
14219,2020-11-05 12:51:00,43.51,43.52,43.49,43.51,0,0,11030
14220,2020-11-05 12:52:00,43.51,43.51,43.47,43.48,0,0,19069
14221,2020-11-05 12:53:00,43.47,43.54,43.46,43.54,0,0,21113
14222,2020-11-05 12:54:00,43.54,43.58,43.54,43.56,0,0,49965
14223,2020-11-05 12:55:00,43.57,43.59,43.55,43.56,0,0,14734
14224,2020-11-05 12:56:00,43.56,43.56,43.54,43.54,0,0,4553
14225,2020-11-05 12:57:00,43.54,43.54,43.51,43.52,0,0,11439
14226,2020-11-05 12:58:00,43.53,43.53,43.51,43.53,0,0,6735
14227,2020-11-05 12:59:00,43.53,43.53,43.5,43.52,0,0,12345
14228,2020-11-05 13:00:00,43.52,43.56,43.51,43.56,0,0,26577
14229,2020-11-05 13:01:00,43.56,43.6,43.55,43.59,0,0,44237
14230,2020-11-05 13:02:00,43.59,43.63,43.59,43.6,0,0,41070
14231,2020-11-05 13:03:00,43.61,43.66,43.58,43.65,0,0,64183
14232,2020-11-05 13:04:00,43.64,43.67,43.64,43.64,0,0,43541
14233,2020-11-05 13:05:00,43.64,43.65,43.62,43.64,0,0,15018
14234,2020-11-05 13:06:00,43.65,43.66,43.62,43.62,0,0,14328
14235,2020-11-05 13:07:00,43.63,43.64,43.6,43.63,0,0,20529
14236,2020-11-05 13:08:00,43.62,43.63,43.59,43.59,0,0,9005
14237,2020-11-05 13:09:00,43.6,43.61,43.6,43.6,0,0,4758
14238,2020-11-05 13:10:00,43.61,43.62,43.59,43.59,0,0,10095
14239,2020-11-05 13:11:00,43.61,43.62,43.59,43.59,0,0,9864
14240,2020-11-05 13:12:00,43.6,43.62,43.6,43.6,0,0,7819
14241,2020-11-05 13:13:00,43.6,43.61,43.58,43.6,0,0,7151
14242,2020-11-05 13:14:00,43.6,43.6,43.58,43.59,0,0,5647
14243,2020-11-05 13:15:00,43.58,43.59,43.53,43.55,0,0,27836
14244,2020-11-05 13:16:00,43.55,43.55,43.54,43.54,0,0,5479
14245,2020-11-05 13:17:00,43.54,43.56,43.53,43.55,0,0,9303
14246,2020-11-05 13:18:00,43.57,43.59,43.54,43.55,0,0,6668
14247,2020-11-05 13:19:00,43.56,43.56,43.52,43.53,0,0,18747
14248,2020-11-05 13:20:00,43.53,43.54,43.51,43.52,0,0,13354
14249,2020-11-05 13:21:00,43.52,43.56,43.51,43.54,0,0,14572
14250,2020-11-05 13:22:00,43.54,43.58,43.54,43.56,0,0,29770
14251,2020-11-05 13:23:00,43.57,43.57,43.53,43.53,0,0,5772
14252,2020-11-05 13:24:00,43.54,43.54,43.51,43.52,0,0,7624
14253,2020-11-05 13:25:00,43.52,43.53,43.51,43.52,0,0,7762
14254,2020-11-05 13:26:00,43.53,43.53,43.51,43.51,0,0,24621
14255,2020-11-05 13:27:00,43.51,43.52,43.5,43.5,0,0,9969
14256,2020-11-05 13:28:00,43.51,43.51,43.48,43.49,0,0,28343
14257,2020-11-05 13:29:00,43.49,43.5,43.48,43.5,0,0,19461
14258,2020-11-05 13:30:00,43.5,43.53,43.49,43.52,0,0,26516
14259,2020-11-05 13:31:00,43.52,43.53,43.48,43.48,0,0,13776
14260,2020-11-05 13:32:00,43.49,43.53,43.49,43.52,0,0,26112
14261,2020-11-05 13:33:00,43.52,43.52,43.5,43.51,0,0,8542
14262,2020-11-05 13:34:00,43.51,43.51,43.5,43.5,0,0,10987
14263,2020-11-05 13:35:00,43.5,43.55,43.49,43.55,0,0,24589
14264,2020-11-05 13:36:00,43.54,43.58,43.54,43.57,0,0,16734
14265,2020-11-05 13:37:00,43.57,43.57,43.54,43.56,0,0,9679
14266,2020-11-05 13:38:00,43.56,43.58,43.54,43.54,0,0,14642
14267,2020-11-05 13:39:00,43.54,43.56,43.54,43.54,0,0,13373
14268,2020-11-05 13:40:00,43.55,43.57,43.55,43.57,0,0,6941
14269,2020-11-05 13:41:00,43.58,43.62,43.58,43.61,0,0,33253
14270,2020-11-05 13:42:00,43.6,43.6,43.56,43.57,0,0,11843
14271,2020-11-05 13:43:00,43.57,43.58,43.57,43.58,0,0,2844
14272,2020-11-05 13:44:00,43.58,43.62,43.58,43.62,0,0,22331
14273,2020-11-05 13:45:00,43.62,43.62,43.6,43.61,0,0,16444
14274,2020-11-05 13:46:00,43.61,43.63,43.61,43.61,0,0,9571
14275,2020-11-05 13:47:00,43.61,43.63,43.6,43.62,0,0,24135
14276,2020-11-05 13:48:00,43.62,43.64,43.56,43.58,0,0,25307
14277,2020-11-05 13:49:00,43.58,43.61,43.58,43.61,0,0,10547
14278,2020-11-05 13:50:00,43.61,43.66,43.61,43.63,0,0,46626
14279,2020-11-05 13:51:00,43.63,43.63,43.6,43.62,0,0,15285
14280,2020-11-05 13:52:00,43.61,43.67,43.61,43.65,0,0,27854
14281,2020-11-05 13:53:00,43.66,43.79,43.66,43.78,0,0,142013
14282,2020-11-05 13:54:00,43.79,43.79,43.71,43.71,0,0,71240
14283,2020-11-05 13:55:00,43.71,43.76,43.69,43.7,0,0,24368
14284,2020-11-05 13:56:00,43.7,43.73,43.7,43.73,0,0,20698
14285,2020-11-05 13:57:00,43.72,43.74,43.7,43.74,0,0,19307
14286,2020-11-05 13:58:00,43.74,43.74,43.72,43.72,0,0,9304
14287,2020-11-05 13:59:00,43.72,43.73,43.69,43.7,0,0,15598
14288,2020-11-05 14:00:00,43.71,43.79,43.71,43.78,0,0,19435
14289,2020-11-05 14:01:00,43.77,43.79,43.75,43.78,0,0,29243
14290,2020-11-05 14:02:00,43.78,43.79,43.76,43.78,0,0,18447
14291,2020-11-05 14:03:00,43.78,43.79,43.74,43.78,0,0,32875
14292,2020-11-05 14:04:00,43.78,43.79,43.76,43.77,0,0,34871
14293,2020-11-05 14:05:00,43.76,43.77,43.68,43.68,0,0,31297
14294,2020-11-05 14:06:00,43.69,43.7,43.67,43.69,0,0,20461
14295,2020-11-05 14:07:00,43.69,43.69,43.67,43.68,0,0,17959
14296,2020-11-05 14:08:00,43.69,43.7,43.66,43.67,0,0,30147
14297,2020-11-05 14:09:00,43.69,43.74,43.67,43.74,0,0,39713
14298,2020-11-05 14:10:00,43.74,43.78,43.74,43.77,0,0,29365
14299,2020-11-05 14:11:00,43.77,43.77,43.7,43.74,0,0,34285
14300,2020-11-05 14:12:00,43.75,43.76,43.7,43.71,0,0,13205
14301,2020-11-05 14:13:00,43.7,43.73,43.7,43.71,0,0,14861
14302,2020-11-05 14:14:00,43.71,43.73,43.66,43.66,0,0,13170
14303,2020-11-05 14:15:00,43.66,43.72,43.66,43.71,0,0,16715
14304,2020-11-05 14:16:00,43.71,43.72,43.7,43.71,0,0,6270
14305,2020-11-05 14:17:00,43.7,43.7,43.68,43.69,0,0,9878
14306,2020-11-05 14:18:00,43.68,43.69,43.65,43.65,0,0,15819
14307,2020-11-05 14:19:00,43.66,43.67,43.64,43.66,0,0,9558
14308,2020-11-05 14:20:00,43.65,43.7,43.65,43.67,0,0,16124
14309,2020-11-05 14:21:00,43.67,43.69,43.65,43.68,0,0,18830
14310,2020-11-05 14:22:00,43.69,43.69,43.66,43.67,0,0,6729
14311,2020-11-05 14:23:00,43.67,43.67,43.64,43.64,0,0,16559
14312,2020-11-05 14:24:00,43.63,43.66,43.63,43.65,0,0,23965
14313,2020-11-05 14:25:00,43.64,43.65,43.63,43.64,0,0,16084
14314,2020-11-05 14:26:00,43.64,43.66,43.63,43.63,0,0,21789
14315,2020-11-05 14:27:00,43.64,43.64,43.61,43.62,0,0,12261
14316,2020-11-05 14:28:00,43.62,43.69,43.62,43.69,0,0,25177
14317,2020-11-05 14:29:00,43.69,43.69,43.65,43.65,0,0,12349
14318,2020-11-05 14:30:00,43.65,43.67,43.62,43.62,0,0,16181
14319,2020-11-05 14:31:00,43.62,43.63,43.6,43.6,0,0,21999
14320,2020-11-05 14:32:00,43.61,43.64,43.61,43.63,0,0,20612
14321,2020-11-05 14:33:00,43.63,43.65,43.62,43.65,0,0,15226
14322,2020-11-05 14:34:00,43.64,43.67,43.63,43.65,0,0,12243
14323,2020-11-05 14:35:00,43.65,43.66,43.62,43.62,0,0,20319
14324,2020-11-05 14:36:00,43.62,43.63,43.57,43.58,0,0,38239
14325,2020-11-05 14:37:00,43.58,43.69,43.58,43.68,0,0,36496
14326,2020-11-05 14:38:00,43.68,43.72,43.67,43.68,0,0,16187
14327,2020-11-05 14:39:00,43.69,43.69,43.65,43.66,0,0,14064
14328,2020-11-05 14:40:00,43.67,43.69,43.65,43.66,0,0,22818
14329,2020-11-05 14:41:00,43.66,43.68,43.65,43.67,0,0,19835
14330,2020-11-05 14:42:00,43.67,43.69,43.65,43.66,0,0,28845
14331,2020-11-05 14:43:00,43.67,43.68,43.65,43.67,0,0,21550
14332,2020-11-05 14:44:00,43.67,43.68,43.65,43.65,0,0,22597
14333,2020-11-05 14:45:00,43.65,43.7,43.6,43.68,0,0,65286
14334,2020-11-05 14:46:00,43.67,43.73,43.65,43.69,0,0,43311
14335,2020-11-05 14:47:00,43.69,43.74,43.68,43.71,0,0,28090
14336,2020-11-05 14:48:00,43.71,43.75,43.69,43.74,0,0,21896
14337,2020-11-05 14:49:00,43.75,43.79,43.71,43.75,0,0,0
14338,2020-11-05 14:50:00,43.77,43.8,43.76,43.78,0,0,31180
14339,2020-11-05 14:51:00,43.79,43.83,43.79,43.81,0,0,51405
14340,2020-11-05 14:52:00,43.81,43.84,43.81,43.84,0,0,13881
14341,2020-11-05 14:53:00,43.84,43.87,43.84,43.87,0,0,53405
14342,2020-11-05 14:54:00,43.87,43.88,43.83,43.87,0,0,51553
14343,2020-11-05 14:55:00,43.87,43.88,43.85,43.87,0,0,44188
14344,2020-11-05 14:56:00,43.86,43.89,43.8,43.88,0,0,30867
14345,2020-11-05 14:57:00,43.88,43.88,43.83,43.85,0,0,25200
14346,2020-11-05 14:58:00,43.85,43.85,43.83,43.85,0,0,20005
14347,2020-11-05 14:59:00,43.86,43.88,43.85,43.88,0,0,16786
14348,2020-11-05 15:00:00,43.87,43.89,43.87,43.87,0,0,43174
14349,2020-11-05 15:01:00,43.87,43.91,43.87,43.88,0,0,53034
14350,2020-11-05 15:02:00,43.87,43.91,43.87,43.88,0,0,22116
14351,2020-11-05 15:03:00,43.88,43.9,43.87,43.87,0,0,24048
14352,2020-11-05 15:04:00,43.88,43.89,43.85,43.85,0,0,27004
14353,2020-11-05 15:04:32,43.88,43.88,43.88,43.88,0,0,0
14354,2020-11-05 15:05:00,43.85,43.9,43.85,43.9,0,0,31800
14355,2020-11-05 15:06:00,43.9,43.91,43.88,43.88,0,0,15893
14356,2020-11-05 15:07:00,43.87,43.9,43.84,43.88,0,0,52715
14357,2020-11-05 15:08:00,43.89,43.89,43.86,43.87,0,0,25148
14358,2020-11-05 15:09:00,43.89,43.89,43.87,43.89,0,0,26970
14359,2020-11-05 15:10:00,43.9,43.9,43.87,43.88,0,0,37801
14360,2020-11-05 15:11:00,43.87,43.92,43.87,43.9,0,0,53373
14361,2020-11-05 15:11:58,43.9,43.9,43.9,43.9,0,0,0
14362,2020-11-05 15:12:00,43.9,43.91,43.84,43.88,0,0,21362
14363,2020-11-05 15:13:00,43.88,43.88,43.85,43.88,0,0,22061
14364,2020-11-05 15:14:00,43.88,43.9,43.85,43.85,0,0,28775
14365,2020-11-05 15:15:00,43.85,43.91,43.85,43.9,0,0,47344
14366,2020-11-05 15:16:00,43.9,43.93,43.87,43.91,0,0,41912
14367,2020-11-05 15:17:00,43.92,43.92,43.9,43.91,0,0,43792
14368,2020-11-05 15:18:00,43.91,43.96,43.91,43.94,0,0,85121
14369,2020-11-05 15:19:00,43.94,43.97,43.92,43.96,0,0,54061
14370,2020-11-05 15:20:00,43.96,43.98,43.95,43.97,0,0,37871
14371,2020-11-05 15:21:00,43.97,43.99,43.97,43.97,0,0,60451
14372,2020-11-05 15:22:00,43.97,43.98,43.96,43.97,0,0,28118
14373,2020-11-05 15:23:00,43.97,43.98,43.97,43.97,0,0,39865
14374,2020-11-05 15:24:00,43.97,43.98,43.94,43.96,0,0,33838
14375,2020-11-05 15:25:00,43.95,43.97,43.91,43.91,0,0,19502
14376,2020-11-05 15:26:00,43.91,43.97,43.9,43.94,0,0,22327
14377,2020-11-05 15:27:00,43.93,43.97,43.92,43.96,0,0,29345
14378,2020-11-05 15:28:00,43.96,43.97,43.95,43.96,0,0,39903
14379,2020-11-05 15:29:00,43.96,43.97,43.92,43.97,0,0,57199
14380,2020-11-05 15:30:00,43.97,44.04,43.96,43.97,0,0,149501
14381,2020-11-05 15:31:00,43.97,44.03,43.97,43.98,0,0,60561
14382,2020-11-05 15:32:00,43.99,43.99,43.94,43.97,0,0,56067
14383,2020-11-05 15:33:00,43.97,43.97,43.93,43.94,0,0,73502
14384,2020-11-05 15:34:00,43.95,43.95,43.9,43.92,0,0,57057
14385,2020-11-05 15:35:00,43.91,43.93,43.85,43.85,0,0,46481
14386,2020-11-05 15:36:00,43.85,43.89,43.83,43.83,0,0,47846
14387,2020-11-05 15:37:00,43.83,43.83,43.76,43.81,0,0,75037
14388,2020-11-05 15:38:00,43.81,43.81,43.76,43.79,0,0,29941
14389,2020-11-05 15:39:00,43.79,43.81,43.77,43.78,0,0,68265
14390,2020-11-05 15:40:00,43.78,43.86,43.78,43.85,0,0,64145
14391,2020-11-05 15:41:00,43.85,43.87,43.83,43.83,0,0,31148
14392,2020-11-05 15:42:00,43.84,43.84,43.79,43.8,0,0,32129
14393,2020-11-05 15:43:00,43.79,43.8,43.74,43.74,0,0,56577
14394,2020-11-05 15:44:00,43.74,43.77,43.68,43.69,0,0,61408
14395,2020-11-05 15:45:00,43.68,43.68,43.61,43.63,0,0,109909
14396,2020-11-05 15:46:00,43.63,43.68,43.63,43.67,0,0,50630
14397,2020-11-05 15:47:00,43.67,43.67,43.6,43.6,0,0,60957
14398,2020-11-05 15:48:00,43.61,43.7,43.61,43.65,0,0,51173
14399,2020-11-05 15:49:00,43.65,43.67,43.64,43.67,0,0,87278
14400,2020-11-05 15:50:00,43.65,43.79,43.62,43.74,0,0,91891
14401,2020-11-05 15:51:00,43.73,43.75,43.7,43.74,0,0,61475
14402,2020-11-05 15:52:00,43.74,43.75,43.67,43.67,0,0,64669
14403,2020-11-05 15:53:00,43.67,43.72,43.65,43.65,0,0,59221
14404,2020-11-05 15:54:00,43.65,43.71,43.65,43.71,0,0,53057
14405,2020-11-05 15:55:00,43.72,43.72,43.67,43.7,0,0,113927
14406,2020-11-05 15:56:00,43.7,43.71,43.63,43.65,0,0,133687
14407,2020-11-05 15:57:00,43.65,43.67,43.64,43.65,0,0,128388
14408,2020-11-05 15:58:00,43.65,43.76,43.65,43.75,0,0,271432
14409,2020-11-05 15:59:00,43.75,43.88,43.68,43.69,0,0,378939
14410,2020-11-06 09:30:00,43.51,43.72,43.45,43.67,0,0,213850
14411,2020-11-06 09:31:00,43.71,43.81,43.58,43.62,0,0,307857
14412,2020-11-06 09:32:00,43.64,43.7,43.33,43.48,0,0,102061
14413,2020-11-06 09:33:00,43.48,43.73,43.48,43.63,0,0,39542
14414,2020-11-06 09:34:00,43.66,43.79,43.62,43.7,0,0,44800
14415,2020-11-06 09:35:00,43.69,43.73,43.52,43.57,0,0,39226
14416,2020-11-06 09:36:00,43.58,43.58,43.36,43.41,0,0,73407
14417,2020-11-06 09:37:00,43.43,43.51,43.43,43.48,0,0,23010
14418,2020-11-06 10:02:00,43.39,43.4,43.39,43.4,0,0,1495883
14419,2020-11-06 10:03:00,43.4,43.43,43.38,43.39,0,0,32475
14420,2020-11-06 10:04:00,43.38,43.41,43.36,43.38,0,0,25607
14421,2020-11-06 10:05:00,43.37,43.49,43.37,43.43,0,0,52791
14422,2020-11-06 10:06:00,43.44,43.52,43.42,43.5,0,0,32309
14423,2020-11-06 10:07:00,43.48,43.54,43.46,43.49,0,0,34568
14424,2020-11-06 10:08:00,43.49,43.55,43.49,43.52,0,0,50809
14425,2020-11-06 10:09:00,43.51,43.51,43.46,43.51,0,0,18133
14426,2020-11-06 10:10:00,43.51,43.57,43.51,43.53,0,0,20581
14427,2020-11-06 10:11:00,43.53,43.58,43.52,43.57,0,0,26969
14428,2020-11-06 10:12:00,43.57,43.59,43.52,43.58,0,0,16728
14429,2020-11-06 10:13:00,43.58,43.67,43.56,43.58,0,0,50353
14430,2020-11-06 10:14:00,43.59,43.64,43.59,43.6,0,0,31837
14431,2020-11-06 10:15:00,43.6,43.65,43.57,43.64,0,0,52710
14432,2020-11-06 10:16:00,43.65,43.67,43.6,43.62,0,0,23026
14433,2020-11-06 10:17:00,43.63,43.69,43.62,43.68,0,0,45678
14434,2020-11-06 10:18:00,43.67,43.73,43.66,43.69,0,0,41127
14435,2020-11-06 10:19:00,43.73,43.78,43.71,43.78,0,0,59712
14436,2020-11-06 10:20:00,43.78,43.85,43.77,43.8,0,0,67878
14437,2020-11-06 10:21:00,43.8,43.9,43.79,43.87,0,0,40194
14438,2020-11-06 10:22:00,43.87,43.95,43.87,43.94,0,0,73903
14439,2020-11-06 10:23:00,43.94,43.99,43.92,43.95,0,0,50999
14440,2020-11-06 10:24:00,43.95,44.06,43.92,44.05,0,0,125600
14441,2020-11-06 10:25:00,44.04,44.13,44.03,44.13,0,0,119336
14442,2020-11-06 10:26:00,44.13,44.15,44.06,44.08,0,0,85826
14443,2020-11-06 10:27:00,44.08,44.13,44.08,44.1,0,0,49474
14444,2020-11-06 10:28:00,44.09,44.12,44.05,44.12,0,0,37560
14445,2020-11-06 10:29:00,44.12,44.14,44.09,44.09,0,0,38461
14446,2020-11-06 10:30:00,44.09,44.1,44.01,44.03,0,0,43226
14447,2020-11-06 10:31:00,44.03,44.08,43.99,44.03,0,0,33243
14448,2020-11-06 10:32:00,44.04,44.09,44.0,44.09,0,0,47383
14449,2020-11-06 10:33:00,44.08,44.14,44.08,44.1,0,0,84052
14450,2020-11-06 10:34:00,44.12,44.15,44.06,44.09,0,0,55978
14451,2020-11-06 10:35:00,44.1,44.1,44.01,44.03,0,0,53238
14452,2020-11-06 10:36:00,44.03,44.03,43.96,44.01,0,0,49721
14453,2020-11-06 10:37:00,44.01,44.08,43.98,44.07,0,0,28820
14454,2020-11-06 10:38:00,44.07,44.09,44.0,44.08,0,0,32899
14455,2020-11-06 10:39:00,44.06,44.1,44.04,44.1,0,0,42827
14456,2020-11-06 10:40:00,44.1,44.19,44.08,44.17,0,0,52649
14457,2020-11-06 10:41:00,44.17,44.18,44.1,44.12,0,0,44849
14458,2020-11-06 10:42:00,44.12,44.12,44.03,44.03,0,0,39475
14459,2020-11-06 10:43:00,44.03,44.04,43.98,44.0,0,0,34815
14460,2020-11-06 10:44:00,44.02,44.06,44.0,44.0,0,0,33746
14461,2020-11-06 10:45:00,44.01,44.01,43.9,43.98,0,0,158486
14462,2020-11-06 10:46:00,43.98,43.99,43.93,43.97,0,0,42258
14463,2020-11-06 10:47:00,43.96,43.99,43.94,43.96,0,0,18057
14464,2020-11-06 10:48:00,43.97,43.99,43.9,43.95,0,0,17423
14465,2020-11-06 10:49:00,43.95,43.99,43.91,43.94,0,0,17925
14466,2020-11-06 10:50:00,43.93,43.94,43.86,43.88,0,0,34573
14467,2020-11-06 10:51:00,43.89,43.9,43.84,43.86,0,0,35460
14468,2020-11-06 10:52:00,43.86,43.87,43.77,43.79,0,0,56510
14469,2020-11-06 10:53:00,43.8,43.81,43.7,43.76,0,0,144973
14470,2020-11-06 10:54:00,43.78,43.81,43.74,43.74,0,0,34952
14471,2020-11-06 10:55:00,43.74,43.74,43.57,43.58,0,0,88023
14472,2020-11-06 10:56:00,43.56,43.64,43.56,43.58,0,0,78953
14473,2020-11-06 10:57:00,43.56,43.57,43.48,43.56,0,0,68971
14474,2020-11-06 10:58:00,43.57,43.59,43.41,43.43,0,0,44339
14475,2020-11-06 10:59:00,43.43,43.51,43.36,43.5,0,0,67010
14476,2020-11-06 11:00:00,43.51,43.54,43.47,43.53,0,0,34631
14477,2020-11-06 11:01:00,43.52,43.59,43.49,43.55,0,0,45628
14478,2020-11-06 11:02:00,43.57,43.6,43.46,43.52,0,0,49837
14479,2020-11-06 11:03:00,43.53,43.56,43.49,43.56,0,0,12915
14480,2020-11-06 11:04:00,43.58,43.61,43.55,43.57,0,0,29006
14481,2020-11-06 11:05:00,43.58,43.64,43.57,43.62,0,0,23710
14482,2020-11-06 11:06:00,43.63,43.65,43.57,43.58,0,0,26217
14483,2020-11-06 11:07:00,43.59,43.65,43.59,43.65,0,0,14608
14484,2020-11-06 11:08:00,43.63,43.69,43.63,43.69,0,0,43385
14485,2020-11-06 11:09:00,43.68,43.75,43.67,43.74,0,0,71031
14486,2020-11-06 11:10:00,43.75,43.75,43.66,43.68,0,0,39736
14487,2020-11-06 11:11:00,43.69,43.74,43.68,43.74,0,0,24006
14488,2020-11-06 11:12:00,43.74,43.74,43.6,43.62,0,0,25902
14489,2020-11-06 11:13:00,43.61,43.62,43.46,43.46,0,0,117844
14490,2020-11-06 11:14:00,43.47,43.49,43.43,43.47,0,0,70794
14491,2020-11-06 11:15:00,43.48,43.49,43.38,43.41,0,0,35064
14492,2020-11-06 11:16:00,43.42,43.43,43.35,43.4,0,0,80247
14493,2020-11-06 11:17:00,43.39,43.45,43.37,43.44,0,0,45003
14494,2020-11-06 11:18:00,43.45,43.46,43.42,43.46,0,0,21571
14495,2020-11-06 11:19:00,43.45,43.47,43.44,43.47,0,0,21048
14496,2020-11-06 11:20:00,43.46,43.48,43.41,43.43,0,0,29570
14497,2020-11-06 11:21:00,43.43,43.5,43.42,43.48,0,0,25042
14498,2020-11-06 11:22:00,43.49,43.56,43.48,43.56,0,0,21951
14499,2020-11-06 11:23:00,43.55,43.56,43.46,43.47,0,0,53417
14500,2020-11-06 11:24:00,43.48,43.48,43.44,43.45,0,0,25458
14501,2020-11-06 11:25:00,43.45,43.53,43.45,43.49,0,0,16319
14502,2020-11-06 11:26:00,43.5,43.55,43.47,43.48,0,0,19530
14503,2020-11-06 11:27:00,43.49,43.54,43.47,43.53,0,0,24921
14504,2020-11-06 11:28:00,43.52,43.54,43.51,43.53,0,0,29455
14505,2020-11-06 11:29:00,43.54,43.54,43.43,43.53,0,0,39872
14506,2020-11-06 11:30:00,43.53,43.58,43.53,43.56,0,0,34199
14507,2020-11-06 11:31:00,43.56,43.57,43.52,43.53,0,0,18633
14508,2020-11-06 11:32:00,43.53,43.55,43.51,43.53,0,0,18951
14509,2020-11-06 11:33:00,43.55,43.64,43.55,43.62,0,0,25006
14510,2020-11-06 11:34:00,43.62,43.64,43.58,43.6,0,0,15763
14511,2020-11-06 11:35:00,43.61,43.67,43.6,43.63,0,0,24428
14512,2020-11-06 11:36:00,43.64,43.66,43.62,43.62,0,0,19788
14513,2020-11-06 11:37:00,43.62,43.62,43.58,43.58,0,0,15262
14514,2020-11-06 11:38:00,43.58,43.6,43.56,43.57,0,0,12437
14515,2020-11-06 11:39:00,43.59,43.62,43.56,43.6,0,0,79885
14516,2020-11-06 11:40:00,43.59,43.63,43.59,43.6,0,0,25320
14517,2020-11-06 11:41:00,43.6,43.6,43.57,43.57,0,0,22161
14518,2020-11-06 11:42:00,43.56,43.58,43.52,43.53,0,0,13644
14519,2020-11-06 11:43:00,43.54,43.54,43.46,43.5,0,0,46437
14520,2020-11-06 11:44:00,43.5,43.51,43.49,43.51,0,0,9667
14521,2020-11-06 11:45:00,43.5,43.51,43.45,43.49,0,0,36912
14522,2020-11-06 11:46:00,43.49,43.55,43.49,43.51,0,0,28251
14523,2020-11-06 11:47:00,43.5,43.52,43.5,43.5,0,0,6518
14524,2020-11-06 11:48:00,43.51,43.52,43.48,43.5,0,0,21820
14525,2020-11-06 11:49:00,43.51,43.51,43.45,43.46,0,0,25423
14526,2020-11-06 11:50:00,43.46,43.49,43.39,43.4,0,0,44088
14527,2020-11-06 11:51:00,43.41,43.48,43.41,43.48,0,0,29347
14528,2020-11-06 11:52:00,43.48,43.51,43.46,43.47,0,0,16595
14529,2020-11-06 11:53:00,43.47,43.49,43.39,43.39,0,0,37989
14530,2020-11-06 11:54:00,43.39,43.39,43.33,43.33,0,0,56924
14531,2020-11-06 11:55:00,43.33,43.33,43.25,43.26,0,0,56446
14532,2020-11-06 11:56:00,43.25,43.31,43.25,43.29,0,0,26881
14533,2020-11-06 11:57:00,43.32,43.35,43.28,43.28,0,0,29598
14534,2020-11-06 11:58:00,43.28,43.28,43.22,43.25,0,0,32022
14535,2020-11-06 11:59:00,43.24,43.24,43.13,43.15,0,0,93295
14536,2020-11-06 12:00:00,43.16,43.21,43.13,43.2,0,0,54776
14537,2020-11-06 12:01:00,43.19,43.23,43.18,43.22,0,0,71674
14538,2020-11-06 12:02:00,43.22,43.22,43.18,43.21,0,0,44262
14539,2020-11-06 12:03:00,43.22,43.28,43.22,43.26,0,0,26059
14540,2020-11-06 12:04:00,43.26,43.27,43.24,43.26,0,0,19279
14541,2020-11-06 12:05:00,43.26,43.28,43.22,43.24,0,0,34851
14542,2020-11-06 12:06:00,43.24,43.24,43.19,43.19,0,0,24550
14543,2020-11-06 12:07:00,43.19,43.19,43.15,43.18,0,0,25922
14544,2020-11-06 12:08:00,43.18,43.2,43.17,43.19,0,0,17645
14545,2020-11-06 12:09:00,43.2,43.23,43.19,43.23,0,0,24207
14546,2020-11-06 12:10:00,43.22,43.25,43.22,43.23,0,0,19990
14547,2020-11-06 12:11:00,43.23,43.29,43.22,43.29,0,0,25289
14548,2020-11-06 12:12:00,43.29,43.29,43.22,43.27,0,0,29132
14549,2020-11-06 12:13:00,43.27,43.27,43.24,43.26,0,0,23525
14550,2020-11-06 12:14:00,43.26,43.26,43.24,43.25,0,0,21469
14551,2020-11-06 12:15:00,43.24,43.25,43.16,43.17,0,0,23843
14552,2020-11-06 12:16:00,43.17,43.17,43.09,43.11,0,0,85611
14553,2020-11-06 12:17:00,43.1,43.16,43.1,43.1,0,0,31086
14554,2020-11-06 12:18:00,43.1,43.1,43.03,43.05,0,0,59577
14555,2020-11-06 12:19:00,43.05,43.13,43.05,43.1,0,0,52841
14556,2020-11-06 12:20:00,43.09,43.13,43.09,43.11,0,0,36296
14557,2020-11-06 12:21:00,43.11,43.11,43.08,43.11,0,0,21838
14558,2020-11-06 12:22:00,43.12,43.13,43.09,43.12,0,0,16333
14559,2020-11-06 12:23:00,43.12,43.13,43.09,43.1,0,0,14883
14560,2020-11-06 12:24:00,43.1,43.15,43.1,43.14,0,0,19891
14561,2020-11-06 12:25:00,43.14,43.15,43.11,43.12,0,0,38577
14562,2020-11-06 12:26:00,43.12,43.13,43.1,43.11,0,0,20847
14563,2020-11-06 12:27:00,43.11,43.11,43.05,43.05,0,0,53233
14564,2020-11-06 12:28:00,43.06,43.07,43.02,43.02,0,0,38991
14565,2020-11-06 12:29:00,43.03,43.06,43.03,43.06,0,0,26504
14566,2020-11-06 12:30:00,43.06,43.15,43.05,43.13,0,0,16884
14567,2020-11-06 12:31:00,43.13,43.21,43.13,43.18,0,0,22553
14568,2020-11-06 12:32:00,43.19,43.19,43.16,43.17,0,0,16868
14569,2020-11-06 12:33:00,43.16,43.17,43.13,43.13,0,0,20943
14570,2020-11-06 12:34:00,43.14,43.19,43.12,43.14,0,0,43854
14571,2020-11-06 12:35:00,43.18,43.18,43.09,43.1,0,0,39118
14572,2020-11-06 12:36:00,43.1,43.11,43.06,43.1,0,0,22994
14573,2020-11-06 12:37:00,43.1,43.14,43.1,43.1,0,0,27617
14574,2020-11-06 12:38:00,43.1,43.1,43.08,43.1,0,0,13721
14575,2020-11-06 12:39:00,43.1,43.12,43.09,43.12,0,0,16777
14576,2020-11-06 12:40:00,43.12,43.14,43.09,43.14,0,0,22117
14577,2020-11-06 12:41:00,43.15,43.15,43.12,43.13,0,0,23883
14578,2020-11-06 12:42:00,43.13,43.14,43.08,43.09,0,0,15403
14579,2020-11-06 12:43:00,43.09,43.1,43.07,43.08,0,0,12519
14580,2020-11-06 12:44:00,43.09,43.1,43.07,43.07,0,0,16269
14581,2020-11-06 12:45:00,43.07,43.07,43.03,43.06,0,0,21381
14582,2020-11-06 12:46:00,43.05,43.06,42.98,43.06,0,0,122463
14583,2020-11-06 12:47:00,43.06,43.09,43.05,43.05,0,0,12420
14584,2020-11-06 12:48:00,43.05,43.08,43.05,43.08,0,0,13162
14585,2020-11-06 12:49:00,43.08,43.12,43.08,43.08,0,0,35609
14586,2020-11-06 12:50:00,43.07,43.12,43.07,43.12,0,0,7891
14587,2020-11-06 12:51:00,43.12,43.15,43.11,43.15,0,0,35802
14588,2020-11-06 12:52:00,43.15,43.18,43.14,43.17,0,0,14678
14589,2020-11-06 12:53:00,43.17,43.2,43.17,43.2,0,0,32008
14590,2020-11-06 12:54:00,43.2,43.22,43.19,43.22,0,0,41162
14591,2020-11-06 12:55:00,43.22,43.23,43.21,43.22,0,0,15353
14592,2020-11-06 12:56:00,43.22,43.22,43.15,43.18,0,0,28565
14593,2020-11-06 12:57:00,43.19,43.2,43.17,43.18,0,0,23221
14594,2020-11-06 12:58:00,43.17,43.18,43.14,43.17,0,0,19773
14595,2020-11-06 12:59:00,43.17,43.2,43.17,43.19,0,0,24734
14596,2020-11-06 13:00:00,43.19,43.2,43.17,43.19,0,0,20281
14597,2020-11-06 13:01:00,43.2,43.2,43.14,43.15,0,0,29516
14598,2020-11-06 13:02:00,43.15,43.15,43.12,43.13,0,0,28348
14599,2020-11-06 13:03:00,43.13,43.18,43.13,43.17,0,0,30315
14600,2020-11-06 13:04:00,43.17,43.18,43.15,43.15,0,0,24109
14601,2020-11-06 13:05:00,43.15,43.15,43.11,43.11,0,0,30774
14602,2020-11-06 13:06:00,43.11,43.12,43.07,43.07,0,0,18769
14603,2020-11-06 13:07:00,43.07,43.07,43.01,43.03,0,0,34356
14604,2020-11-06 13:08:00,43.03,43.04,43.01,43.01,0,0,39394
14605,2020-11-06 13:09:00,43.01,43.08,43.01,43.07,0,0,29306
14606,2020-11-06 13:10:00,43.07,43.1,43.07,43.08,0,0,26223
14607,2020-11-06 13:11:00,43.09,43.12,43.08,43.09,0,0,13190
14608,2020-11-06 13:12:00,43.1,43.1,43.07,43.07,0,0,9128
14609,2020-11-06 13:13:00,43.07,43.09,43.06,43.06,0,0,20781
14610,2020-11-06 13:14:00,43.06,43.06,43.03,43.04,0,0,18056
14611,2020-11-06 13:15:00,43.04,43.09,43.04,43.08,0,0,15468
14612,2020-11-06 13:16:00,43.08,43.12,43.08,43.1,0,0,16402
14613,2020-11-06 13:17:00,43.11,43.11,43.07,43.07,0,0,15943
14614,2020-11-06 13:18:00,43.08,43.1,43.06,43.06,0,0,21541
14615,2020-11-06 13:19:00,43.08,43.12,43.08,43.1,0,0,14342
14616,2020-11-06 13:20:00,43.11,43.11,43.07,43.09,0,0,13940
14617,2020-11-06 13:21:00,43.1,43.1,43.03,43.05,0,0,27005
14618,2020-11-06 13:22:00,43.04,43.07,43.03,43.04,0,0,20594
14619,2020-11-06 13:23:00,43.03,43.07,43.02,43.07,0,0,21128
14620,2020-11-06 13:24:00,43.06,43.07,43.01,43.03,0,0,26435
14621,2020-11-06 13:25:00,43.03,43.06,43.03,43.05,0,0,34773
14622,2020-11-06 13:26:00,43.04,43.06,43.04,43.05,0,0,5800
14623,2020-11-06 13:27:00,43.06,43.09,43.06,43.08,0,0,34760
14624,2020-11-06 13:28:00,43.07,43.09,43.06,43.09,0,0,37277
14625,2020-11-06 13:29:00,43.09,43.11,43.07,43.1,0,0,15271
14626,2020-11-06 13:30:00,43.09,43.1,43.07,43.1,0,0,11710
14627,2020-11-06 13:31:00,43.1,43.1,43.08,43.08,0,0,9455
14628,2020-11-06 13:32:00,43.08,43.09,43.07,43.08,0,0,18832
14629,2020-11-06 13:33:00,43.09,43.09,43.06,43.06,0,0,15659
14630,2020-11-06 13:34:00,43.06,43.08,43.06,43.06,0,0,18120
14631,2020-11-06 13:35:00,43.07,43.08,43.04,43.05,0,0,12979
14632,2020-11-06 13:36:00,43.05,43.07,43.05,43.07,0,0,123186
14633,2020-11-06 13:37:00,43.07,43.16,43.07,43.15,0,0,40922
14634,2020-11-06 13:38:00,43.16,43.16,43.13,43.14,0,0,24783
14635,2020-11-06 13:39:00,43.13,43.13,43.1,43.1,0,0,15081
14636,2020-11-06 13:40:00,43.1,43.13,43.1,43.11,0,0,19631
14637,2020-11-06 13:41:00,43.12,43.12,43.1,43.1,0,0,6506
14638,2020-11-06 13:42:00,43.09,43.14,43.09,43.13,0,0,16428
14639,2020-11-06 13:43:00,43.13,43.13,43.09,43.09,0,0,13501
14640,2020-11-06 13:44:00,43.1,43.11,43.08,43.09,0,0,25022
14641,2020-11-06 13:45:00,43.08,43.13,43.07,43.13,0,0,19897
14642,2020-11-06 13:46:00,43.12,43.14,43.06,43.08,0,0,18312
14643,2020-11-06 13:47:00,43.08,43.09,43.06,43.08,0,0,17668
14644,2020-11-06 13:48:00,43.07,43.08,43.05,43.06,0,0,23745
14645,2020-11-06 13:49:00,43.06,43.1,43.06,43.1,0,0,16959
14646,2020-11-06 13:50:00,43.1,43.13,43.06,43.06,0,0,22504
14647,2020-11-06 13:51:00,43.07,43.07,43.06,43.07,0,0,12215
14648,2020-11-06 13:52:00,43.06,43.06,43.0,43.0,0,0,78313
14649,2020-11-06 13:53:00,43.0,43.02,43.0,43.01,0,0,36610
14650,2020-11-06 13:54:00,43.01,43.04,43.01,43.03,0,0,44439
14651,2020-11-06 13:55:00,43.04,43.05,43.01,43.02,0,0,25755
14652,2020-11-06 13:56:00,43.02,43.03,43.02,43.03,0,0,11386
14653,2020-11-06 13:57:00,43.02,43.06,43.02,43.04,0,0,22543
14654,2020-11-06 13:58:00,43.03,43.03,43.02,43.02,0,0,17367
14655,2020-11-06 13:59:00,43.03,43.04,43.01,43.03,0,0,16305
14656,2020-11-06 14:00:00,43.03,43.03,42.93,42.94,0,0,161808
14657,2020-11-06 14:01:00,42.93,42.95,42.91,42.94,0,0,78921
14658,2020-11-06 14:02:00,42.94,42.96,42.93,42.95,0,0,25796
14659,2020-11-06 14:03:00,42.96,42.99,42.93,42.93,0,0,133327
14660,2020-11-06 14:04:00,42.93,42.95,42.86,42.87,0,0,64117
14661,2020-11-06 14:05:00,42.88,42.9,42.88,42.89,0,0,46463
14662,2020-11-06 14:06:00,42.89,42.9,42.85,42.86,0,0,38463
14663,2020-11-06 14:07:00,42.87,42.89,42.82,42.87,0,0,69936
14664,2020-11-06 14:08:00,42.88,42.9,42.87,42.89,0,0,16179
14665,2020-11-06 14:09:00,42.88,42.92,42.88,42.9,0,0,23243
14666,2020-11-06 14:10:00,42.9,42.9,42.87,42.88,0,0,19669
14667,2020-11-06 14:11:00,42.88,42.88,42.85,42.86,0,0,16121
14668,2020-11-06 14:12:00,42.86,42.87,42.85,42.87,0,0,15084
14669,2020-11-06 14:13:00,42.87,42.91,42.87,42.9,0,0,26019
14670,2020-11-06 14:14:00,42.9,42.9,42.87,42.88,0,0,42956
14671,2020-11-06 14:15:00,42.88,42.88,42.86,42.87,0,0,18292
14672,2020-11-06 14:16:00,42.88,42.89,42.85,42.87,0,0,21865
14673,2020-11-06 14:17:00,42.87,42.88,42.85,42.88,0,0,15563
14674,2020-11-06 14:18:00,42.89,42.89,42.87,42.88,0,0,19221
14675,2020-11-06 14:19:00,42.87,42.88,42.85,42.87,0,0,9451
14676,2020-11-06 14:20:00,42.87,42.88,42.85,42.86,0,0,29002
14677,2020-11-06 14:21:00,42.86,42.89,42.85,42.89,0,0,18875
14678,2020-11-06 14:22:00,42.89,42.92,42.89,42.92,0,0,39753
14679,2020-11-06 14:23:00,42.92,42.94,42.92,42.92,0,0,28617
14680,2020-11-06 14:24:00,42.92,42.93,42.86,42.86,0,0,44229
14681,2020-11-06 14:25:00,42.86,42.87,42.82,42.84,0,0,39587
14682,2020-11-06 14:26:00,42.84,42.86,42.83,42.84,0,0,10159
14683,2020-11-06 14:27:00,42.84,42.86,42.83,42.85,0,0,75156
14684,2020-11-06 14:28:00,42.85,42.89,42.85,42.88,0,0,28257
14685,2020-11-06 14:29:00,42.89,42.9,42.88,42.88,0,0,38791
14686,2020-11-06 14:30:00,42.89,42.94,42.89,42.93,0,0,40542
14687,2020-11-06 14:31:00,42.94,43.0,42.94,42.99,0,0,54264
14688,2020-11-06 14:32:00,43.0,43.01,42.99,43.01,0,0,73732
14689,2020-11-06 14:33:00,43.02,43.04,43.0,43.04,0,0,52203
14690,2020-11-06 14:34:00,43.04,43.06,43.02,43.03,0,0,75871
14691,2020-11-06 14:35:00,43.03,43.04,43.0,43.02,0,0,27078
14692,2020-11-06 14:36:00,43.01,43.02,42.98,42.99,0,0,23518
14693,2020-11-06 14:37:00,42.98,42.99,42.96,42.98,0,0,33246
14694,2020-11-06 14:38:00,42.97,42.97,42.94,42.96,0,0,19700
14695,2020-11-06 14:39:00,42.96,42.99,42.95,42.97,0,0,30043
14696,2020-11-06 14:40:00,42.97,42.99,42.96,42.97,0,0,12437
14697,2020-11-06 14:41:00,42.96,43.01,42.96,43.01,0,0,20939
14698,2020-11-06 14:42:00,43.02,43.05,43.0,43.03,0,0,27192
14699,2020-11-06 14:43:00,43.03,43.05,43.0,43.01,0,0,44364
14700,2020-11-06 14:44:00,43.01,43.02,42.99,42.99,0,0,26909
14701,2020-11-06 14:45:00,42.99,43.01,42.96,42.97,0,0,30074
14702,2020-11-06 14:46:00,42.97,42.99,42.97,42.98,0,0,13609
14703,2020-11-06 14:47:00,42.98,42.99,42.97,42.98,0,0,20709
14704,2020-11-06 14:48:00,42.98,43.01,42.98,43.01,0,0,16140
14705,2020-11-06 14:49:00,43.0,43.02,43.0,43.02,0,0,19109
14706,2020-11-06 14:50:00,43.01,43.04,43.01,43.04,0,0,16456
14707,2020-11-06 14:51:00,43.04,43.05,43.03,43.03,0,0,16961
14708,2020-11-06 14:52:00,43.04,43.05,43.03,43.03,0,0,13608
14709,2020-11-06 14:53:00,43.03,43.05,43.03,43.04,0,0,12669
14710,2020-11-06 14:54:00,43.04,43.05,43.03,43.05,0,0,13248
14711,2020-11-06 14:55:00,43.04,43.04,43.01,43.03,0,0,26086
14712,2020-11-06 14:56:00,43.02,43.03,43.0,43.01,0,0,26081
14713,2020-11-06 14:57:00,43.0,43.01,42.99,42.99,0,0,32441
14714,2020-11-06 14:58:00,42.99,43.03,42.96,43.03,0,0,34713
14715,2020-11-06 14:59:00,43.03,43.09,43.03,43.09,0,0,34323
14716,2020-11-06 15:00:00,43.08,43.1,43.06,43.1,0,0,21420
14717,2020-11-06 15:01:00,43.1,43.11,43.06,43.09,0,0,24779
14718,2020-11-06 15:02:00,43.09,43.1,43.02,43.03,0,0,25939
14719,2020-11-06 15:03:00,43.03,43.06,43.03,43.06,0,0,24030
14720,2020-11-06 15:04:00,43.06,43.09,43.06,43.09,0,0,16365
14721,2020-11-06 15:05:00,43.1,43.1,43.04,43.04,0,0,44558
14722,2020-11-06 15:06:00,43.03,43.03,43.0,43.01,0,0,24587
14723,2020-11-06 15:07:00,43.01,43.03,43.01,43.02,0,0,15401
14724,2020-11-06 15:08:00,43.02,43.1,43.0,43.1,0,0,30318
14725,2020-11-06 15:09:00,43.09,43.11,43.08,43.09,0,0,40662
14726,2020-11-06 15:10:00,43.09,43.09,43.05,43.07,0,0,22879
14727,2020-11-06 15:11:00,43.08,43.1,43.08,43.09,0,0,27493
14728,2020-11-06 15:12:00,43.1,43.12,43.09,43.1,0,0,27726
14729,2020-11-06 15:13:00,43.1,43.13,43.1,43.12,0,0,15982
14730,2020-11-06 15:14:00,43.13,43.13,43.09,43.1,0,0,28155
14731,2020-11-06 15:15:00,43.1,43.13,43.1,43.11,0,0,12549
14732,2020-11-06 15:16:00,43.1,43.12,43.08,43.1,0,0,17622
14733,2020-11-06 15:17:00,43.1,43.1,43.08,43.08,0,0,20297
14734,2020-11-06 15:18:00,43.08,43.12,43.06,43.08,0,0,36652
14735,2020-11-06 15:19:00,43.08,43.11,43.06,43.08,0,0,37883
14736,2020-11-06 15:20:00,43.09,43.11,43.08,43.08,0,0,25687
14737,2020-11-06 15:21:00,43.08,43.08,43.01,43.02,0,0,39809
14738,2020-11-06 15:22:00,43.03,43.05,43.02,43.04,0,0,39819
14739,2020-11-06 15:23:00,43.04,43.1,43.03,43.1,0,0,26608
14740,2020-11-06 15:24:00,43.1,43.1,42.97,42.98,0,0,75873
14741,2020-11-06 15:25:00,42.99,42.99,42.95,42.96,0,0,37307
14742,2020-11-06 15:26:00,42.96,42.98,42.94,42.94,0,0,31875
14743,2020-11-06 15:27:00,42.94,43.04,42.93,43.03,0,0,48772
14744,2020-11-06 15:28:00,43.03,43.04,43.01,43.04,0,0,23187
14745,2020-11-06 15:29:00,43.03,43.03,42.99,43.01,0,0,25125
14746,2020-11-06 15:30:00,43.01,43.03,42.98,43.03,0,0,41869
14747,2020-11-06 15:31:00,43.03,43.08,43.03,43.08,0,0,53465
14748,2020-11-06 15:32:00,43.08,43.08,43.0,43.01,0,0,36014
14749,2020-11-06 15:33:00,43.01,43.03,43.0,43.01,0,0,28184
14750,2020-11-06 15:34:00,43.01,43.01,42.99,42.99,0,0,20479
14751,2020-11-06 15:35:00,42.99,43.03,42.99,43.0,0,0,48088
14752,2020-11-06 15:36:00,43.01,43.07,42.99,43.07,0,0,64943
14753,2020-11-06 15:37:00,43.06,43.07,43.03,43.03,0,0,22785
14754,2020-11-06 15:38:00,43.03,43.07,43.02,43.07,0,0,58633
14755,2020-11-06 15:39:00,43.07,43.07,43.05,43.06,0,0,24227
14756,2020-11-06 15:40:00,43.07,43.1,43.06,43.1,0,0,34933
14757,2020-11-06 15:41:00,43.1,43.1,43.07,43.08,0,0,39035
14758,2020-11-06 15:42:00,43.08,43.1,43.08,43.08,0,0,59966
14759,2020-11-06 15:43:00,43.08,43.09,43.04,43.04,0,0,42271
14760,2020-11-06 15:44:00,43.04,43.12,43.04,43.11,0,0,79831
14761,2020-11-06 15:45:00,43.11,43.11,43.07,43.1,0,0,52953
14762,2020-11-06 15:46:00,43.11,43.15,43.09,43.15,0,0,44219
14763,2020-11-06 15:47:00,43.14,43.15,43.13,43.14,0,0,41962
14764,2020-11-06 15:48:00,43.14,43.18,43.13,43.15,0,0,54316
14765,2020-11-06 15:49:00,43.15,43.17,43.14,43.15,0,0,54227
14766,2020-11-06 15:50:00,43.15,43.17,43.13,43.17,0,0,76854
14767,2020-11-06 15:51:00,43.17,43.17,43.11,43.15,0,0,72017
14768,2020-11-06 15:52:00,43.16,43.17,43.15,43.16,0,0,73928
14769,2020-11-06 15:53:00,43.17,43.2,43.15,43.2,0,0,82885
14770,2020-11-06 15:54:00,43.19,43.24,43.17,43.19,0,0,97524
14771,2020-11-06 15:55:00,43.19,43.19,43.13,43.15,0,0,96705
14772,2020-11-06 15:56:00,43.15,43.19,43.12,43.13,0,0,118719
14773,2020-11-06 15:57:00,43.13,43.17,43.12,43.15,0,0,143683
14774,2020-11-06 15:58:00,43.15,43.15,43.11,43.15,0,0,118691
14775,2020-11-06 15:59:00,43.14,43.15,43.07,43.11,0,0,293512
14776,2020-11-09 09:30:00,43.96,44.08,43.47,43.64,0,0,829726
14777,2020-11-09 09:31:00,43.67,44.04,43.6,43.78,0,0,40811
14778,2020-11-09 09:32:00,43.78,44.0,43.75,43.86,0,0,21599
14779,2020-11-09 09:33:00,43.76,43.79,43.51,43.64,0,0,18892
14780,2020-11-09 09:34:00,43.57,44.11,43.5,44.08,0,0,704627
14781,2020-11-09 09:35:00,44.08,44.54,44.07,44.49,0,0,282537
14782,2020-11-09 09:36:00,44.47,44.79,44.47,44.79,0,0,197718
14783,2020-11-09 09:37:00,44.78,44.81,44.5,44.62,0,0,169050
14784,2020-11-09 09:38:00,44.61,44.63,44.37,44.41,0,0,151444
14785,2020-11-09 09:39:00,44.4,44.61,44.3,44.55,0,0,167855
14786,2020-11-09 09:40:00,44.55,44.64,44.42,44.48,0,0,72117
14787,2020-11-09 09:41:00,44.48,44.61,44.42,44.44,0,0,251898
14788,2020-11-09 09:42:00,44.45,44.47,44.36,44.39,0,0,230456
14789,2020-11-09 09:43:00,44.38,44.51,44.34,44.41,0,0,94210
14790,2020-11-09 09:44:00,44.41,44.6,44.4,44.58,0,0,102850
14791,2020-11-09 09:45:00,44.49,44.7,44.49,44.49,0,0,169087
14792,2020-11-09 09:46:00,44.5,44.65,44.46,44.58,0,0,91291
14793,2020-11-09 09:47:00,44.59,44.68,44.55,44.64,0,0,59550
14794,2020-11-09 09:48:00,44.65,44.83,44.62,44.79,0,0,231940
14795,2020-11-09 09:49:00,44.79,44.88,44.68,44.83,0,0,118077
14796,2020-11-09 09:50:00,44.82,44.96,44.75,44.94,0,0,94945
14797,2020-11-09 09:51:00,44.95,45.04,44.94,45.02,0,0,307344
14798,2020-11-09 09:52:00,45.03,45.08,44.86,44.9,0,0,156001
14799,2020-11-09 09:53:00,44.88,44.96,44.72,44.79,0,0,257860
14800,2020-11-09 09:54:00,44.79,44.85,44.64,44.65,0,0,161219
14801,2020-11-09 09:55:00,44.64,44.66,44.47,44.54,0,0,92479
14802,2020-11-09 09:56:00,44.54,44.54,44.36,44.38,0,0,102247
14803,2020-11-09 09:57:00,44.38,44.38,44.14,44.28,0,0,352242
14804,2020-11-09 09:58:00,44.27,44.43,44.26,44.43,0,0,55380
14805,2020-11-09 09:59:00,44.43,44.46,44.35,44.4,0,0,51533
14806,2020-11-09 10:00:00,44.38,44.67,44.38,44.58,0,0,89806
14807,2020-11-09 10:01:00,44.58,44.79,44.56,44.76,0,0,80254
14808,2020-11-09 10:02:00,44.79,44.86,44.77,44.78,0,0,98148
14809,2020-11-09 10:03:00,44.77,44.98,44.77,44.97,0,0,74973
14810,2020-11-09 10:04:00,44.96,45.0,44.89,45.0,0,0,77552
14811,2020-11-09 10:05:00,45.0,45.01,44.83,44.84,0,0,114288
14812,2020-11-09 10:06:00,44.85,44.85,44.7,44.7,0,0,84597
14813,2020-11-09 10:07:00,44.7,44.83,44.68,44.71,0,0,59331
14814,2020-11-09 10:08:00,44.71,44.8,44.69,44.8,0,0,60796
14815,2020-11-09 10:09:00,44.8,44.81,44.68,44.74,0,0,59082
14816,2020-11-09 10:10:00,44.75,44.77,44.64,44.71,0,0,50984
14817,2020-11-09 10:11:00,44.71,44.79,44.69,44.75,0,0,29815
14818,2020-11-09 10:12:00,44.76,44.91,44.76,44.86,0,0,51909
14819,2020-11-09 10:13:00,44.85,44.95,44.79,44.92,0,0,57149
14820,2020-11-09 10:14:00,44.91,44.95,44.88,44.94,0,0,47958
14821,2020-11-09 10:15:00,44.94,45.04,44.89,44.93,0,0,152218
14822,2020-11-09 10:16:00,44.91,45.0,44.9,44.98,0,0,42574
14823,2020-11-09 10:17:00,44.98,45.06,44.94,45.06,0,0,59169
14824,2020-11-09 10:18:00,45.06,45.15,45.06,45.14,0,0,66811
14825,2020-11-09 10:19:00,45.13,45.15,45.07,45.09,0,0,40021
14826,2020-11-09 10:20:00,45.08,45.13,45.08,45.12,0,0,42512
14827,2020-11-09 10:21:00,45.12,45.18,45.06,45.16,0,0,67750
14828,2020-11-09 10:22:00,45.14,45.17,45.09,45.14,0,0,39236
14829,2020-11-09 10:23:00,45.13,45.14,45.04,45.09,0,0,53454
14830,2020-11-09 10:24:00,45.09,45.12,45.04,45.09,0,0,61484
14831,2020-11-09 10:25:00,45.09,45.12,45.07,45.09,0,0,73552
14832,2020-11-09 10:26:00,45.1,45.12,45.05,45.11,0,0,57679
14833,2020-11-09 10:27:00,45.11,45.12,44.94,44.97,0,0,110610
14834,2020-11-09 10:28:00,44.97,45.0,44.93,44.97,0,0,42076
14835,2020-11-09 10:29:00,44.97,45.01,44.82,44.84,0,0,57536
14836,2020-11-09 10:30:00,44.84,44.93,44.84,44.93,0,0,54679
14837,2020-11-09 10:31:00,44.93,44.99,44.92,44.92,0,0,31915
14838,2020-11-09 10:32:00,44.93,44.98,44.91,44.96,0,0,50152
14839,2020-11-09 10:33:00,44.96,45.0,44.94,44.94,0,0,25878
14840,2020-11-09 10:34:00,44.94,44.99,44.93,44.94,0,0,32151
14841,2020-11-09 10:35:00,44.94,44.99,44.87,44.87,0,0,37020
14842,2020-11-09 10:36:00,44.86,44.86,44.69,44.7,0,0,78591
14843,2020-11-09 10:37:00,44.7,44.72,44.62,44.69,0,0,52425
14844,2020-11-09 10:38:00,44.67,44.72,44.6,44.62,0,0,62360
14845,2020-11-09 10:39:00,44.61,44.65,44.6,44.62,0,0,23293
14846,2020-11-09 10:40:00,44.61,44.63,44.57,44.63,0,0,35131
14847,2020-11-09 10:41:00,44.62,44.68,44.61,44.63,0,0,45085
14848,2020-11-09 10:42:00,44.63,44.65,44.6,44.62,0,0,44412
14849,2020-11-09 10:43:00,44.62,44.66,44.59,44.65,0,0,24360
14850,2020-11-09 10:44:00,44.64,44.75,44.61,44.74,0,0,58463
14851,2020-11-09 10:45:00,44.73,44.78,44.62,44.69,0,0,56995
14852,2020-11-09 10:46:00,44.69,44.69,44.44,44.47,0,0,162026
14853,2020-11-09 10:47:00,44.46,44.49,44.42,44.47,0,0,54695
14854,2020-11-09 10:48:00,44.47,44.48,44.32,44.37,0,0,134440
14855,2020-11-09 10:49:00,44.37,44.37,44.21,44.24,0,0,68211
14856,2020-11-09 10:50:00,44.25,44.28,44.21,44.21,0,0,40152
14857,2020-11-09 10:51:00,44.21,44.22,44.11,44.13,0,0,57709
14858,2020-11-09 10:52:00,44.13,44.22,44.11,44.17,0,0,52437
14859,2020-11-09 10:53:00,44.18,44.2,44.11,44.12,0,0,28687
14860,2020-11-09 10:54:00,44.12,44.15,44.04,44.07,0,0,72863
14861,2020-11-09 10:55:00,44.08,44.08,43.94,43.95,0,0,57001
14862,2020-11-09 10:56:00,43.95,44.03,43.91,44.02,0,0,51656
14863,2020-11-09 10:57:00,44.03,44.1,43.99,44.03,0,0,55167
14864,2020-11-09 10:58:00,44.03,44.08,44.0,44.07,0,0,47035
14865,2020-11-09 10:59:00,44.08,44.08,43.99,44.01,0,0,83208
14866,2020-11-09 11:00:00,44.02,44.15,43.98,44.12,0,0,26350
14867,2020-11-09 11:01:00,44.12,44.2,44.09,44.15,0,0,36856
14868,2020-11-09 11:02:00,44.16,44.25,44.08,44.24,0,0,42208
14869,2020-11-09 11:03:00,44.24,44.25,44.18,44.19,0,0,66804
14870,2020-11-09 11:04:00,44.2,44.22,44.09,44.17,0,0,40728
14871,2020-11-09 11:05:00,44.18,44.22,44.12,44.14,0,0,24322
14872,2020-11-09 11:06:00,44.14,44.14,44.0,44.02,0,0,47469
14873,2020-11-09 11:07:00,44.02,44.05,43.92,43.97,0,0,55376
14874,2020-11-09 11:08:00,43.98,44.11,43.98,44.01,0,0,41496
14875,2020-11-09 11:09:00,44.01,44.1,44.01,44.04,0,0,30682
14876,2020-11-09 11:10:00,44.05,44.07,43.95,43.96,0,0,30575
14877,2020-11-09 11:11:00,43.97,44.03,43.95,43.98,0,0,19633
14878,2020-11-09 11:12:00,43.99,44.0,43.96,43.97,0,0,18232
14879,2020-11-09 11:13:00,43.98,44.07,43.97,44.0,0,0,15154
14880,2020-11-09 11:14:00,44.0,44.06,43.99,44.05,0,0,22326
14881,2020-11-09 11:15:00,44.05,44.16,44.05,44.15,0,0,29298
14882,2020-11-09 11:16:00,44.15,44.2,44.1,44.16,0,0,37514
14883,2020-11-09 11:17:00,44.14,44.14,44.04,44.13,0,0,14989
14884,2020-11-09 11:18:00,44.13,44.15,44.11,44.14,0,0,20847
14885,2020-11-09 11:19:00,44.15,44.18,44.09,44.18,0,0,35832
14886,2020-11-09 11:20:00,44.17,44.17,44.1,44.11,0,0,26272
14887,2020-11-09 11:21:00,44.11,44.12,44.06,44.07,0,0,24409
14888,2020-11-09 11:22:00,44.07,44.18,44.07,44.18,0,0,15775
14889,2020-11-09 11:23:00,44.2,44.23,44.17,44.21,0,0,24325
14890,2020-11-09 11:24:00,44.21,44.31,44.19,44.26,0,0,43604
14891,2020-11-09 11:25:00,44.26,44.32,44.26,44.31,0,0,38266
14892,2020-11-09 11:26:00,44.31,44.31,44.19,44.21,0,0,51738
14893,2020-11-09 11:27:00,44.2,44.26,44.18,44.26,0,0,28224
14894,2020-11-09 11:28:00,44.26,44.31,44.23,44.29,0,0,28343
14895,2020-11-09 11:29:00,44.29,44.33,44.28,44.33,0,0,23348
14896,2020-11-09 11:30:00,44.33,44.33,44.2,44.2,0,0,33513
14897,2020-11-09 11:31:00,44.21,44.25,44.16,44.17,0,0,16624
14898,2020-11-09 11:32:00,44.17,44.22,44.14,44.2,0,0,14088
14899,2020-11-09 11:33:00,44.2,44.26,44.18,44.25,0,0,15950
14900,2020-11-09 11:34:00,44.24,44.29,44.24,44.27,0,0,11171
14901,2020-11-09 11:35:00,44.28,44.31,44.22,44.29,0,0,20203
14902,2020-11-09 11:36:00,44.29,44.33,44.27,44.31,0,0,31870
14903,2020-11-09 11:37:00,44.32,44.38,44.32,44.37,0,0,20093
14904,2020-11-09 11:38:00,44.36,44.4,44.33,44.39,0,0,19566
14905,2020-11-09 11:39:00,44.39,44.4,44.37,44.38,0,0,15382
14906,2020-11-09 11:40:00,44.38,44.38,44.27,44.33,0,0,18123
14907,2020-11-09 11:41:00,44.33,44.35,44.24,44.29,0,0,22467
14908,2020-11-09 11:42:00,44.3,44.33,44.3,44.32,0,0,6938
14909,2020-11-09 11:43:00,44.33,44.34,44.28,44.32,0,0,25517
14910,2020-11-09 11:44:00,44.32,44.34,44.26,44.31,0,0,37448
14911,2020-11-09 11:45:00,44.31,44.33,44.22,44.26,0,0,18127
14912,2020-11-09 11:46:00,44.25,44.28,44.22,44.25,0,0,13083
14913,2020-11-09 11:47:00,44.24,44.24,44.14,44.21,0,0,43646
14914,2020-11-09 11:48:00,44.21,44.26,44.18,44.26,0,0,15802
14915,2020-11-09 11:49:00,44.25,44.25,44.13,44.14,0,0,20735
14916,2020-11-09 11:50:00,44.14,44.15,44.08,44.1,0,0,44730
14917,2020-11-09 11:51:00,44.1,44.12,44.07,44.1,0,0,16121
14918,2020-11-09 11:52:00,44.11,44.17,44.09,44.1,0,0,16989
14919,2020-11-09 11:53:00,44.11,44.15,44.08,44.15,0,0,25871
14920,2020-11-09 11:54:00,44.16,44.17,44.07,44.08,0,0,12630
14921,2020-11-09 11:55:00,44.09,44.11,44.06,44.11,0,0,24922
14922,2020-11-09 11:56:00,44.1,44.1,44.05,44.09,0,0,26311
14923,2020-11-09 11:57:00,44.1,44.1,44.06,44.08,0,0,11120
14924,2020-11-09 11:58:00,44.08,44.12,44.05,44.1,0,0,19856
14925,2020-11-09 11:59:00,44.1,44.11,44.08,44.1,0,0,15182
14926,2020-11-09 12:00:00,44.1,44.17,44.1,44.14,0,0,24826
14927,2020-11-09 12:01:00,44.15,44.2,44.1,44.11,0,0,32600
14928,2020-11-09 12:02:00,44.11,44.12,44.07,44.1,0,0,12207
14929,2020-11-09 12:03:00,44.08,44.11,44.07,44.08,0,0,13378
14930,2020-11-09 12:04:00,44.09,44.1,44.06,44.08,0,0,11891
14931,2020-11-09 12:05:00,44.1,44.1,44.06,44.07,0,0,14817
14932,2020-11-09 12:06:00,44.06,44.07,44.0,44.03,0,0,23718
14933,2020-11-09 12:07:00,44.03,44.12,44.03,44.07,0,0,30896
14934,2020-11-09 12:08:00,44.08,44.08,44.01,44.02,0,0,31378
14935,2020-11-09 12:09:00,44.04,44.08,44.01,44.01,0,0,11099
14936,2020-11-09 12:10:00,44.01,44.01,43.88,43.94,0,0,52091
14937,2020-11-09 12:11:00,43.93,43.96,43.91,43.92,0,0,29204
14938,2020-11-09 12:12:00,43.91,43.97,43.91,43.94,0,0,23116
14939,2020-11-09 12:13:00,43.94,43.97,43.9,43.96,0,0,18344
14940,2020-11-09 12:14:00,43.96,43.98,43.91,43.96,0,0,27114
14941,2020-11-09 12:15:00,43.97,43.97,43.94,43.95,0,0,24254
14942,2020-11-09 12:16:00,43.95,43.98,43.93,43.97,0,0,12575
14943,2020-11-09 12:17:00,43.98,44.04,43.97,44.01,0,0,20788
14944,2020-11-09 12:18:00,44.02,44.04,43.98,43.99,0,0,11321
14945,2020-11-09 12:19:00,43.98,44.01,43.95,43.97,0,0,12831
14946,2020-11-09 12:20:00,43.97,44.04,43.96,44.04,0,0,22028
14947,2020-11-09 12:21:00,44.05,44.06,44.02,44.06,0,0,15732
14948,2020-11-09 12:22:00,44.05,44.05,44.01,44.04,0,0,11388
14949,2020-11-09 12:23:00,44.03,44.05,44.03,44.05,0,0,14624
14950,2020-11-09 12:24:00,44.05,44.06,44.0,44.06,0,0,18902
14951,2020-11-09 12:25:00,44.06,44.14,44.05,44.13,0,0,56509
14952,2020-11-09 12:26:00,44.13,44.13,44.07,44.11,0,0,17264
14953,2020-11-09 12:27:00,44.11,44.11,44.05,44.05,0,0,16238
14954,2020-11-09 12:28:00,44.05,44.08,44.01,44.03,0,0,14925
14955,2020-11-09 12:29:00,44.04,44.1,44.03,44.09,0,0,13315
14956,2020-11-09 12:30:00,44.08,44.1,44.04,44.05,0,0,11921
14957,2020-11-09 12:31:00,44.05,44.08,44.04,44.08,0,0,16419
14958,2020-11-09 12:32:00,44.07,44.09,44.05,44.07,0,0,14932
14959,2020-11-09 12:33:00,44.08,44.13,44.04,44.13,0,0,13290
14960,2020-11-09 12:34:00,44.11,44.11,44.07,44.07,0,0,12120
14961,2020-11-09 12:35:00,44.06,44.06,43.97,43.97,0,0,15742
14962,2020-11-09 12:36:00,43.97,43.98,43.92,43.94,0,0,30587
14963,2020-11-09 12:37:00,43.93,43.95,43.89,43.92,0,0,40921
14964,2020-11-09 12:38:00,43.92,43.98,43.92,43.97,0,0,19586
14965,2020-11-09 12:39:00,43.98,43.98,43.95,43.96,0,0,13851
14966,2020-11-09 12:40:00,43.96,43.97,43.93,43.95,0,0,6337
14967,2020-11-09 12:41:00,43.95,44.0,43.94,43.99,0,0,8493
14968,2020-11-09 12:42:00,43.99,43.99,43.88,43.89,0,0,15399
14969,2020-11-09 12:43:00,43.88,43.94,43.88,43.94,0,0,16419
14970,2020-11-09 12:44:00,43.95,44.0,43.95,43.97,0,0,59650
14971,2020-11-09 12:45:00,43.98,44.0,43.96,43.98,0,0,25032
14972,2020-11-09 12:46:00,43.96,43.99,43.95,43.95,0,0,9131
14973,2020-11-09 12:47:00,43.94,43.94,43.88,43.91,0,0,23626
14974,2020-11-09 12:48:00,43.9,43.9,43.84,43.87,0,0,50690
14975,2020-11-09 12:49:00,43.86,43.91,43.86,43.91,0,0,10129
14976,2020-11-09 12:50:00,43.92,43.95,43.92,43.93,0,0,6353
14977,2020-11-09 12:51:00,43.92,43.94,43.92,43.93,0,0,9555
14978,2020-11-09 12:52:00,43.94,43.94,43.89,43.92,0,0,23714
14979,2020-11-09 12:53:00,43.92,43.95,43.91,43.92,0,0,17244
14980,2020-11-09 12:54:00,43.92,43.97,43.91,43.96,0,0,13211
14981,2020-11-09 12:55:00,43.95,43.96,43.92,43.93,0,0,39504
14982,2020-11-09 12:56:00,43.94,43.94,43.9,43.92,0,0,17825
14983,2020-11-09 12:57:00,43.92,43.94,43.9,43.92,0,0,14982
14984,2020-11-09 12:58:00,43.91,43.96,43.87,43.95,0,0,33355
14985,2020-11-09 12:59:00,43.94,44.01,43.94,43.97,0,0,29199
14986,2020-11-09 13:00:00,43.97,44.03,43.97,44.02,0,0,35769
14987,2020-11-09 13:01:00,44.01,44.02,43.98,44.01,0,0,18556
14988,2020-11-09 13:02:00,44.01,44.01,43.94,43.96,0,0,13279
14989,2020-11-09 13:03:00,43.97,43.98,43.93,43.97,0,0,12078
14990,2020-11-09 13:04:00,43.96,43.98,43.92,43.98,0,0,9232
14991,2020-11-09 13:05:00,43.97,43.98,43.95,43.97,0,0,22533
14992,2020-11-09 13:06:00,43.97,43.97,43.94,43.95,0,0,19947
14993,2020-11-09 13:07:00,43.96,43.97,43.93,43.95,0,0,7944
14994,2020-11-09 13:08:00,43.95,43.96,43.93,43.95,0,0,12761
14995,2020-11-09 13:09:00,43.95,43.96,43.91,43.94,0,0,11591
14996,2020-11-09 13:10:00,43.94,43.97,43.94,43.94,0,0,20307
14997,2020-11-09 13:11:00,43.95,43.97,43.94,43.97,0,0,19949
14998,2020-11-09 13:12:00,43.97,43.98,43.92,43.92,0,0,17730
14999,2020-11-09 13:13:00,43.92,43.94,43.89,43.9,0,0,25638
15000,2020-11-09 13:14:00,43.9,43.92,43.85,43.85,0,0,14781
15001,2020-11-09 13:15:00,43.86,43.86,43.82,43.83,0,0,21728
15002,2020-11-09 13:16:00,43.83,43.86,43.83,43.85,0,0,12405
15003,2020-11-09 13:17:00,43.85,43.88,43.83,43.84,0,0,27512
15004,2020-11-09 13:18:00,43.83,43.85,43.81,43.81,0,0,39169
15005,2020-11-09 13:19:00,43.81,43.86,43.77,43.82,0,0,322375
15006,2020-11-09 13:20:00,43.82,43.86,43.79,43.84,0,0,33414
15007,2020-11-09 13:21:00,43.84,43.91,43.84,43.88,0,0,28890
15008,2020-11-09 13:22:00,43.89,43.92,43.89,43.9,0,0,28971
15009,2020-11-09 13:23:00,43.9,43.91,43.88,43.91,0,0,13751
15010,2020-11-09 13:24:00,43.91,43.92,43.88,43.9,0,0,30575
15011,2020-11-09 13:25:00,43.9,43.91,43.85,43.87,0,0,50299
15012,2020-11-09 13:26:00,43.88,43.88,43.83,43.85,0,0,17514
15013,2020-11-09 13:27:00,43.85,43.86,43.83,43.85,0,0,8349
15014,2020-11-09 13:28:00,43.85,43.87,43.83,43.87,0,0,11467
15015,2020-11-09 13:29:00,43.87,43.93,43.86,43.92,0,0,29695
15016,2020-11-09 13:30:00,43.91,43.97,43.9,43.94,0,0,45895
15017,2020-11-09 13:31:00,43.94,43.98,43.93,43.97,0,0,29073
15018,2020-11-09 13:32:00,43.97,44.02,43.96,43.98,0,0,53660
15019,2020-11-09 13:33:00,43.97,43.97,43.93,43.94,0,0,11338
15020,2020-11-09 13:34:00,43.93,43.97,43.93,43.94,0,0,13942
15021,2020-11-09 13:35:00,43.94,43.97,43.94,43.97,0,0,5890
15022,2020-11-09 13:36:00,43.96,44.01,43.96,44.01,0,0,9597
15023,2020-11-09 13:37:00,44.01,44.07,44.01,44.06,0,0,15527
15024,2020-11-09 13:38:00,44.06,44.09,44.06,44.06,0,0,17412
15025,2020-11-09 13:39:00,44.07,44.09,44.06,44.07,0,0,19269
15026,2020-11-09 13:40:00,44.06,44.07,43.98,43.98,0,0,28886
15027,2020-11-09 13:41:00,43.97,43.98,43.94,43.94,0,0,14199
15028,2020-11-09 13:42:00,43.95,43.97,43.93,43.96,0,0,24438
15029,2020-11-09 13:43:00,43.96,43.98,43.96,43.97,0,0,8284
15030,2020-11-09 13:44:00,43.97,43.99,43.97,43.98,0,0,31355
15031,2020-11-09 13:45:00,43.98,44.01,43.97,43.97,0,0,16585
15032,2020-11-09 13:46:00,43.98,44.0,43.91,43.91,0,0,22392
15033,2020-11-09 13:47:00,43.91,43.96,43.88,43.95,0,0,15026
15034,2020-11-09 13:48:00,43.95,43.99,43.93,43.99,0,0,6253
15035,2020-11-09 13:49:00,43.99,44.01,43.97,44.01,0,0,17506
15036,2020-11-09 13:50:00,44.0,44.01,43.95,43.97,0,0,25393
15037,2020-11-09 13:51:00,43.97,43.98,43.94,43.96,0,0,10178
15038,2020-11-09 13:52:00,43.96,43.97,43.92,43.96,0,0,23374
15039,2020-11-09 13:53:00,43.95,43.97,43.93,43.97,0,0,8554
15040,2020-11-09 13:54:00,43.97,43.99,43.96,43.98,0,0,17812
15041,2020-11-09 13:55:00,43.98,43.99,43.9,43.93,0,0,16922
15042,2020-11-09 13:56:00,43.92,43.97,43.91,43.97,0,0,10502
15043,2020-11-09 13:57:00,43.96,43.97,43.94,43.96,0,0,18779
15044,2020-11-09 13:58:00,43.97,43.99,43.95,43.97,0,0,24162
15045,2020-11-09 13:59:00,43.97,44.0,43.93,43.95,0,0,24566
15046,2020-11-09 14:00:00,43.95,43.96,43.92,43.95,0,0,14550
15047,2020-11-09 14:01:00,43.95,43.97,43.94,43.96,0,0,11241
15048,2020-11-09 14:02:00,43.96,43.97,43.91,43.92,0,0,13684
15049,2020-11-09 14:03:00,43.91,43.93,43.87,43.93,0,0,15774
15050,2020-11-09 14:04:00,43.93,43.94,43.89,43.9,0,0,15956
15051,2020-11-09 14:05:00,43.9,43.91,43.88,43.91,0,0,7765
15052,2020-11-09 14:06:00,43.92,43.96,43.92,43.94,0,0,12544
15053,2020-11-09 14:07:00,43.93,43.94,43.89,43.92,0,0,6473
15054,2020-11-09 14:08:00,43.91,43.93,43.88,43.92,0,0,33058
15055,2020-11-09 14:09:00,43.93,43.94,43.88,43.88,0,0,10583
15056,2020-11-09 14:10:00,43.89,43.9,43.85,43.87,0,0,20586
15057,2020-11-09 14:11:00,43.87,43.88,43.86,43.88,0,0,18650
15058,2020-11-09 14:12:00,43.88,43.89,43.86,43.88,0,0,14324
15059,2020-11-09 14:13:00,43.89,43.91,43.88,43.9,0,0,12845
15060,2020-11-09 14:14:00,43.89,43.89,43.85,43.85,0,0,15404
15061,2020-11-09 14:15:00,43.85,43.88,43.83,43.83,0,0,16245
15062,2020-11-09 14:16:00,43.84,43.86,43.78,43.78,0,0,14659
15063,2020-11-09 14:17:00,43.79,43.81,43.78,43.79,0,0,21846
15064,2020-11-09 14:18:00,43.79,43.8,43.76,43.79,0,0,21371
15065,2020-11-09 14:19:00,43.8,43.81,43.75,43.75,0,0,21225
15066,2020-11-09 14:20:00,43.75,43.76,43.73,43.74,0,0,11843
15067,2020-11-09 14:21:00,43.73,43.73,43.63,43.68,0,0,53146
15068,2020-11-09 14:22:00,43.68,43.7,43.61,43.62,0,0,26715
15069,2020-11-09 14:23:00,43.62,43.66,43.58,43.59,0,0,25788
15070,2020-11-09 14:24:00,43.59,43.6,43.53,43.53,0,0,37800
15071,2020-11-09 14:25:00,43.53,43.56,43.5,43.55,0,0,62295
15072,2020-11-09 14:26:00,43.54,43.59,43.53,43.54,0,0,55227
15073,2020-11-09 14:27:00,43.55,43.58,43.55,43.56,0,0,17329
15074,2020-11-09 14:28:00,43.55,43.56,43.53,43.56,0,0,19467
15075,2020-11-09 14:29:00,43.56,43.56,43.5,43.51,0,0,22647
15076,2020-11-09 14:30:00,43.5,43.52,43.44,43.45,0,0,69977
15077,2020-11-09 14:31:00,43.45,43.46,43.42,43.44,0,0,19371
15078,2020-11-09 14:32:00,43.45,43.46,43.35,43.35,0,0,57343
15079,2020-11-09 14:33:00,43.35,43.37,43.29,43.29,0,0,32459
15080,2020-11-09 14:34:00,43.29,43.31,43.26,43.27,0,0,59689
15081,2020-11-09 14:35:00,43.27,43.37,43.26,43.36,0,0,60114
15082,2020-11-09 14:36:00,43.37,43.45,43.37,43.41,0,0,21362
15083,2020-11-09 14:37:00,43.41,43.42,43.4,43.42,0,0,19659
15084,2020-11-09 14:38:00,43.42,43.49,43.42,43.45,0,0,26688
15085,2020-11-09 14:39:00,43.45,43.46,43.42,43.44,0,0,21518
15086,2020-11-09 14:40:00,43.45,43.46,43.41,43.44,0,0,26392
15087,2020-11-09 14:41:00,43.44,43.47,43.44,43.46,0,0,22795
15088,2020-11-09 14:42:00,43.45,43.49,43.42,43.46,0,0,31848
15089,2020-11-09 14:43:00,43.46,43.5,43.46,43.48,0,0,33363
15090,2020-11-09 14:44:00,43.47,43.5,43.46,43.5,0,0,17427
15091,2020-11-09 14:45:00,43.49,43.5,43.46,43.49,0,0,23528
15092,2020-11-09 14:46:00,43.5,43.55,43.48,43.54,0,0,23716
15093,2020-11-09 14:47:00,43.54,43.58,43.54,43.58,0,0,14164
15094,2020-11-09 14:48:00,43.58,43.64,43.58,43.62,0,0,29297
15095,2020-11-09 14:49:00,43.62,43.65,43.58,43.63,0,0,22777
15096,2020-11-09 14:50:00,43.63,43.65,43.62,43.64,0,0,24598
15097,2020-11-09 14:51:00,43.64,43.66,43.6,43.65,0,0,43944
15098,2020-11-09 14:52:00,43.64,43.66,43.61,43.63,0,0,16083
15099,2020-11-09 14:53:00,43.62,43.64,43.54,43.59,0,0,35831
15100,2020-11-09 14:54:00,43.6,43.63,43.6,43.6,0,0,37313
15101,2020-11-09 14:55:00,43.62,43.66,43.62,43.65,0,0,30577
15102,2020-11-09 14:56:00,43.64,43.69,43.62,43.68,0,0,22557
15103,2020-11-09 14:57:00,43.68,43.72,43.67,43.72,0,0,23933
15104,2020-11-09 14:58:00,43.72,43.74,43.68,43.69,0,0,21588
15105,2020-11-09 14:59:00,43.69,43.69,43.64,43.69,0,0,17914
15106,2020-11-09 15:00:00,43.68,43.74,43.67,43.73,0,0,11820
15107,2020-11-09 15:01:00,43.74,43.82,43.73,43.81,0,0,28049
15108,2020-11-09 15:02:00,43.8,43.83,43.79,43.8,0,0,19906
15109,2020-11-09 15:03:00,43.8,43.8,43.77,43.78,0,0,20218
15110,2020-11-09 15:04:00,43.78,43.83,43.78,43.83,0,0,30579
15111,2020-11-09 15:05:00,43.83,43.83,43.78,43.78,0,0,27621
15112,2020-11-09 15:06:00,43.79,43.82,43.73,43.8,0,0,27768
15113,2020-11-09 15:07:00,43.81,43.82,43.77,43.79,0,0,22413
15114,2020-11-09 15:08:00,43.79,43.81,43.76,43.77,0,0,16986
15115,2020-11-09 15:09:00,43.78,43.78,43.72,43.74,0,0,34516
15116,2020-11-09 15:10:00,43.74,43.78,43.72,43.77,0,0,22523
15117,2020-11-09 15:11:00,43.76,43.78,43.71,43.71,0,0,19350
15118,2020-11-09 15:12:00,43.71,43.8,43.71,43.8,0,0,14911
15119,2020-11-09 15:13:00,43.8,43.8,43.76,43.76,0,0,21576
15120,2020-11-09 15:14:00,43.77,43.77,43.73,43.75,0,0,15216
15121,2020-11-09 15:15:00,43.76,43.77,43.75,43.76,0,0,11299
15122,2020-11-09 15:16:00,43.77,43.79,43.76,43.79,0,0,14325
15123,2020-11-09 15:17:00,43.78,43.8,43.76,43.78,0,0,20696
15124,2020-11-09 15:18:00,43.79,43.81,43.76,43.76,0,0,23410
15125,2020-11-09 15:19:00,43.76,43.76,43.71,43.72,0,0,22161
15126,2020-11-09 15:20:00,43.71,43.71,43.6,43.63,0,0,35549
15127,2020-11-09 15:21:00,43.64,43.64,43.6,43.61,0,0,49153
15128,2020-11-09 15:22:00,43.62,43.65,43.62,43.65,0,0,22541
15129,2020-11-09 15:23:00,43.65,43.65,43.61,43.61,0,0,20364
15130,2020-11-09 15:24:00,43.61,43.63,43.59,43.62,0,0,23899
15131,2020-11-09 15:25:00,43.62,43.63,43.57,43.6,0,0,33579
15132,2020-11-09 15:26:00,43.61,43.64,43.52,43.55,0,0,34230
15133,2020-11-09 15:27:00,43.56,43.58,43.53,43.54,0,0,34968
15134,2020-11-09 15:28:00,43.54,43.54,43.49,43.49,0,0,25597
15135,2020-11-09 15:29:00,43.49,43.5,43.4,43.42,0,0,67177
15136,2020-11-09 15:30:00,43.42,43.47,43.42,43.44,0,0,50481
15137,2020-11-09 15:31:00,43.44,43.51,43.44,43.44,0,0,36212
15138,2020-11-09 15:32:00,43.44,43.45,43.42,43.42,0,0,32474
15139,2020-11-09 15:33:00,43.43,43.43,43.35,43.38,0,0,46721
15140,2020-11-09 15:34:00,43.38,43.4,43.32,43.33,0,0,40503
15141,2020-11-09 15:35:00,43.33,43.37,43.31,43.35,0,0,58607
15142,2020-11-09 15:36:00,43.35,43.4,43.32,43.38,0,0,67584
15143,2020-11-09 15:37:00,43.38,43.42,43.37,43.4,0,0,45826
15144,2020-11-09 15:38:00,43.4,43.44,43.38,43.44,0,0,47415
15145,2020-11-09 15:39:00,43.44,43.47,43.4,43.47,0,0,38138
15146,2020-11-09 15:40:00,43.47,43.5,43.45,43.49,0,0,47703
15147,2020-11-09 15:41:00,43.49,43.51,43.46,43.49,0,0,42546
15148,2020-11-09 15:42:00,43.48,43.5,43.45,43.48,0,0,42370
15149,2020-11-09 15:43:00,43.48,43.49,43.44,43.48,0,0,41639
15150,2020-11-09 15:44:00,43.47,43.54,43.47,43.53,0,0,48819
15151,2020-11-09 15:45:00,43.54,43.56,43.49,43.51,0,0,58590
15152,2020-11-09 15:46:00,43.52,43.52,43.48,43.5,0,0,55394
15153,2020-11-09 15:47:00,43.49,43.49,43.45,43.47,0,0,51124
15154,2020-11-09 15:48:00,43.47,43.51,43.47,43.51,0,0,71358
15155,2020-11-09 15:49:00,43.51,43.53,43.47,43.51,0,0,60348
15156,2020-11-09 15:50:00,43.53,43.55,43.41,43.45,0,0,110989
15157,2020-11-09 15:51:00,43.44,43.47,43.43,43.47,0,0,79086
15158,2020-11-09 15:52:00,43.47,43.49,43.4,43.49,0,0,112901
15159,2020-11-09 15:53:00,43.48,43.52,43.47,43.47,0,0,78721
15160,2020-11-09 15:54:00,43.47,43.51,43.42,43.44,0,0,91541
15161,2020-11-09 15:55:00,43.44,43.48,43.38,43.42,0,0,126527
15162,2020-11-09 15:56:00,43.42,43.42,43.37,43.38,0,0,102261
15163,2020-11-09 15:57:00,43.39,43.42,43.31,43.38,0,0,157524
15164,2020-11-09 15:58:00,43.38,43.43,43.34,43.4,0,0,193097
15165,2020-11-09 15:59:00,43.39,43.4,43.11,43.18,0,0,554541
15166,2020-11-10 09:30:00,43.36,43.36,43.15,43.18,0,0,216049
15167,2020-11-10 09:31:00,43.17,43.32,43.0,43.1,0,0,301713
15168,2020-11-10 09:32:00,43.1,43.63,43.08,43.55,0,0,205376
15169,2020-11-10 09:33:00,43.55,43.76,43.51,43.73,0,0,131888
15170,2020-11-10 09:34:00,43.75,43.97,43.67,43.67,0,0,89038
15171,2020-11-10 09:35:00,43.7,43.86,43.4,43.42,0,0,62848
15172,2020-11-10 09:36:00,43.45,43.47,43.1,43.21,0,0,58972
15173,2020-11-10 09:37:00,43.21,43.25,43.11,43.12,0,0,54403
15174,2020-11-10 09:38:00,43.13,43.16,43.02,43.04,0,0,64564
15175,2020-11-10 09:39:00,43.04,43.09,42.95,43.03,0,0,168213
15176,2020-11-10 09:40:00,43.03,43.07,42.71,42.81,0,0,97444
15177,2020-11-10 09:41:00,42.82,42.91,42.74,42.84,0,0,51360
15178,2020-11-10 09:42:00,42.83,42.88,42.76,42.81,0,0,44920
15179,2020-11-10 09:43:00,42.81,42.96,42.79,42.87,0,0,47216
15180,2020-11-10 09:44:00,42.85,42.87,42.74,42.78,0,0,44491
15181,2020-11-10 09:45:00,42.78,42.84,42.7,42.72,0,0,36459
15182,2020-11-10 09:46:00,42.7,42.84,42.69,42.79,0,0,62460
15183,2020-11-10 09:47:00,42.79,42.85,42.68,42.72,0,0,35690
15184,2020-11-10 09:48:00,42.74,42.74,42.54,42.54,0,0,73719
15185,2020-11-10 09:49:00,42.55,42.76,42.52,42.73,0,0,61847
15186,2020-11-10 09:50:00,42.73,42.73,42.65,42.67,0,0,35917
15187,2020-11-10 09:51:00,42.67,42.73,42.63,42.69,0,0,52995
15188,2020-11-10 09:52:00,42.69,42.71,42.63,42.71,0,0,24330
15189,2020-11-10 09:53:00,42.7,42.72,42.59,42.59,0,0,35349
15190,2020-11-10 09:54:00,42.59,42.64,42.51,42.6,0,0,54929
15191,2020-11-10 09:55:00,42.6,42.71,42.59,42.69,0,0,49301
15192,2020-11-10 09:56:00,42.69,42.76,42.67,42.73,0,0,36993
15193,2020-11-10 09:57:00,42.72,42.77,42.66,42.74,0,0,44307
15194,2020-11-10 09:58:00,42.74,42.79,42.71,42.72,0,0,29549
15195,2020-11-10 09:59:00,42.73,42.79,42.67,42.78,0,0,35888
15196,2020-11-10 10:00:00,42.75,42.79,42.67,42.68,0,0,35870
15197,2020-11-10 10:01:00,42.67,42.81,42.63,42.79,0,0,27564
15198,2020-11-10 10:02:00,42.78,42.84,42.71,42.74,0,0,47554
15199,2020-11-10 10:03:00,42.75,42.76,42.58,42.75,0,0,46351
15200,2020-11-10 10:04:00,42.75,42.77,42.7,42.71,0,0,27938
15201,2020-11-10 10:05:00,42.72,42.72,42.6,42.64,0,0,34589
15202,2020-11-10 10:06:00,42.65,42.65,42.52,42.56,0,0,35858
15203,2020-11-10 10:07:00,42.57,42.57,42.32,42.38,0,0,140607
15204,2020-11-10 10:08:00,42.37,42.39,42.27,42.31,0,0,52104
15205,2020-11-10 10:09:00,42.3,42.38,42.29,42.33,0,0,36015
15206,2020-11-10 10:10:00,42.33,42.39,42.3,42.31,0,0,40809
15207,2020-11-10 10:11:00,42.31,42.32,42.15,42.18,0,0,69819
15208,2020-11-10 10:12:00,42.19,42.22,42.16,42.22,0,0,29803
15209,2020-11-10 10:13:00,42.23,42.28,42.18,42.28,0,0,60465
15210,2020-11-10 10:14:00,42.27,42.28,42.18,42.2,0,0,22512
15211,2020-11-10 10:15:00,42.19,42.22,42.09,42.15,0,0,46849
15212,2020-11-10 10:16:00,42.15,42.17,42.07,42.09,0,0,21178
15213,2020-11-10 10:17:00,42.08,42.09,42.05,42.07,0,0,22436
15214,2020-11-10 10:18:00,42.08,42.14,42.05,42.14,0,0,42849
15215,2020-11-10 10:19:00,42.12,42.14,42.06,42.06,0,0,41020
15216,2020-11-10 10:20:00,42.06,42.1,42.02,42.03,0,0,48285
15217,2020-11-10 10:21:00,42.03,42.03,41.94,41.96,0,0,156652
15218,2020-11-10 10:22:00,41.95,41.97,41.81,41.88,0,0,97065
15219,2020-11-10 10:23:00,41.86,41.99,41.86,41.96,0,0,25438
15220,2020-11-10 10:24:00,41.98,42.03,41.9,41.92,0,0,22742
15221,2020-11-10 10:25:00,41.92,41.97,41.9,41.92,0,0,38014
15222,2020-11-10 10:26:00,41.91,42.0,41.91,41.97,0,0,29674
15223,2020-11-10 10:27:00,41.98,41.98,41.85,41.87,0,0,29656
15224,2020-11-10 10:28:00,41.87,41.88,41.78,41.87,0,0,53405
15225,2020-11-10 10:29:00,41.85,41.88,41.8,41.83,0,0,26723
15226,2020-11-10 10:30:00,41.83,41.9,41.81,41.87,0,0,97416
15227,2020-11-10 10:31:00,41.88,41.88,41.8,41.83,0,0,25395
15228,2020-11-10 10:32:00,41.83,41.84,41.76,41.81,0,0,64676
15229,2020-11-10 10:33:00,41.81,41.86,41.78,41.8,0,0,36336
15230,2020-11-10 10:34:00,41.82,41.82,41.73,41.76,0,0,50813
15231,2020-11-10 10:35:00,41.76,41.82,41.72,41.77,0,0,35050
15232,2020-11-10 10:36:00,41.79,41.81,41.72,41.76,0,0,37347
15233,2020-11-10 10:37:00,41.76,41.79,41.61,41.64,0,0,63475
15234,2020-11-10 10:38:00,41.67,41.71,41.64,41.64,0,0,23948
15235,2020-11-10 10:39:00,41.64,41.72,41.62,41.67,0,0,35169
15236,2020-11-10 10:40:00,41.68,41.77,41.63,41.75,0,0,45424
15237,2020-11-10 10:41:00,41.74,41.77,41.71,41.73,0,0,16310
15238,2020-11-10 10:42:00,41.72,41.74,41.64,41.73,0,0,58201
15239,2020-11-10 10:43:00,41.73,41.78,41.66,41.66,0,0,31198
15240,2020-11-10 10:44:00,41.66,41.76,41.66,41.71,0,0,33764
15241,2020-11-10 10:45:00,41.72,41.83,41.69,41.78,0,0,40349
15242,2020-11-10 10:46:00,41.78,41.87,41.76,41.87,0,0,67392
15243,2020-11-10 10:47:00,41.87,41.93,41.85,41.93,0,0,44925
15244,2020-11-10 10:48:00,41.94,41.94,41.85,41.93,0,0,28049
15245,2020-11-10 10:49:00,41.92,42.0,41.92,41.99,0,0,33645
15246,2020-11-10 10:50:00,41.99,42.04,41.95,42.01,0,0,77945
15247,2020-11-10 10:51:00,42.0,42.05,41.96,42.03,0,0,40325
15248,2020-11-10 10:52:00,42.04,42.08,42.01,42.04,0,0,30672
15249,2020-11-10 10:53:00,42.02,42.1,41.98,42.07,0,0,49360
15250,2020-11-10 10:54:00,42.06,42.14,42.05,42.14,0,0,21569
15251,2020-11-10 10:55:00,42.13,42.14,42.03,42.13,0,0,25079
15252,2020-11-10 10:56:00,42.13,42.13,42.09,42.13,0,0,10430
15253,2020-11-10 10:57:00,42.12,42.15,42.08,42.1,0,0,15741
15254,2020-11-10 10:58:00,42.09,42.19,42.07,42.17,0,0,26323
15255,2020-11-10 10:59:00,42.17,42.17,42.09,42.16,0,0,29539
15256,2020-11-10 11:00:00,42.17,42.19,42.09,42.17,0,0,34246
15257,2020-11-10 11:01:00,42.19,42.22,42.16,42.2,0,0,26897
15258,2020-11-10 11:02:00,42.2,42.24,42.17,42.22,0,0,49693
15259,2020-11-10 11:03:00,42.21,42.27,42.21,42.24,0,0,46538
15260,2020-11-10 11:04:00,42.24,42.29,42.24,42.25,0,0,29272
15261,2020-11-10 11:05:00,42.25,42.33,42.21,42.28,0,0,28511
15262,2020-11-10 11:06:00,42.28,42.32,42.28,42.31,0,0,27896
15263,2020-11-10 11:07:00,42.3,42.3,42.14,42.17,0,0,34192
15264,2020-11-10 11:08:00,42.19,42.33,42.19,42.31,0,0,38879
15265,2020-11-10 11:09:00,42.31,42.31,42.2,42.24,0,0,40142
15266,2020-11-10 11:10:00,42.24,42.24,42.2,42.21,0,0,34869
15267,2020-11-10 11:11:00,42.21,42.22,42.14,42.17,0,0,20101
15268,2020-11-10 11:12:00,42.18,42.24,42.17,42.23,0,0,18899
15269,2020-11-10 11:13:00,42.23,42.23,42.15,42.18,0,0,21846
15270,2020-11-10 11:14:00,42.18,42.19,42.1,42.11,0,0,15586
15271,2020-11-10 11:15:00,42.11,42.14,42.11,42.13,0,0,18140
15272,2020-11-10 11:16:00,42.12,42.12,42.02,42.04,0,0,42069
15273,2020-11-10 11:17:00,42.04,42.07,42.03,42.06,0,0,13574
15274,2020-11-10 11:18:00,42.06,42.06,41.98,42.03,0,0,37725
15275,2020-11-10 11:19:00,42.03,42.1,42.02,42.09,0,0,21989
15276,2020-11-10 11:20:00,42.1,42.15,42.09,42.1,0,0,14904
15277,2020-11-10 11:21:00,42.1,42.14,42.03,42.03,0,0,25213
15278,2020-11-10 11:22:00,42.03,42.07,42.01,42.07,0,0,16039
15279,2020-11-10 11:23:00,42.07,42.19,42.06,42.15,0,0,32491
15280,2020-11-10 11:24:00,42.17,42.17,42.12,42.15,0,0,16979
15281,2020-11-10 11:25:00,42.15,42.22,42.15,42.21,0,0,29024
15282,2020-11-10 11:26:00,42.21,42.27,42.17,42.24,0,0,38106
15283,2020-11-10 11:27:00,42.24,42.26,42.17,42.17,0,0,20980
15284,2020-11-10 11:28:00,42.17,42.26,42.15,42.22,0,0,27192
15285,2020-11-10 11:29:00,42.23,42.28,42.23,42.25,0,0,49437
15286,2020-11-10 11:30:00,42.26,42.28,42.21,42.26,0,0,43987
15287,2020-11-10 11:31:00,42.26,42.33,42.24,42.32,0,0,30324
15288,2020-11-10 11:32:00,42.31,42.36,42.31,42.36,0,0,30764
15289,2020-11-10 11:33:00,42.34,42.43,42.34,42.38,0,0,34266
15290,2020-11-10 11:34:00,42.38,42.39,42.31,42.31,0,0,34142
15291,2020-11-10 11:35:00,42.32,42.38,42.3,42.33,0,0,27396
15292,2020-11-10 11:36:00,42.33,42.44,42.32,42.44,0,0,22403
15293,2020-11-10 11:37:00,42.43,42.48,42.42,42.43,0,0,48486
15294,2020-11-10 11:38:00,42.43,42.5,42.39,42.5,0,0,29679
15295,2020-11-10 11:39:00,42.49,42.54,42.47,42.51,0,0,22226
15296,2020-11-10 11:40:00,42.51,42.57,42.5,42.55,0,0,28498
15297,2020-11-10 11:41:00,42.55,42.59,42.52,42.58,0,0,27700
15298,2020-11-10 11:42:00,42.6,42.69,42.59,42.69,0,0,35369
15299,2020-11-10 11:43:00,42.69,42.69,42.66,42.68,0,0,81648
15300,2020-11-10 11:44:00,42.67,42.7,42.66,42.66,0,0,19861
15301,2020-11-10 11:45:00,42.67,42.74,42.67,42.72,0,0,28566
15302,2020-11-10 11:46:00,42.72,42.73,42.68,42.72,0,0,24786
15303,2020-11-10 11:47:00,42.72,42.72,42.63,42.65,0,0,35744
15304,2020-11-10 11:48:00,42.64,42.7,42.6,42.7,0,0,16287
15305,2020-11-10 11:49:00,42.71,42.77,42.7,42.77,0,0,11764
15306,2020-11-10 11:50:00,42.75,42.76,42.69,42.76,0,0,18267
15307,2020-11-10 11:51:00,42.76,42.76,42.68,42.68,0,0,28653
15308,2020-11-10 11:52:00,42.67,42.69,42.64,42.64,0,0,16359
15309,2020-11-10 11:53:00,42.66,42.67,42.59,42.65,0,0,21736
15310,2020-11-10 11:54:00,42.63,42.68,42.57,42.66,0,0,13261
15311,2020-11-10 11:55:00,42.65,42.7,42.62,42.68,0,0,13216
15312,2020-11-10 11:56:00,42.68,42.74,42.64,42.72,0,0,30445
15313,2020-11-10 11:57:00,42.72,42.74,42.65,42.66,0,0,14210
15314,2020-11-10 11:58:00,42.67,42.74,42.67,42.69,0,0,8003
15315,2020-11-10 11:59:00,42.7,42.71,42.67,42.69,0,0,14312
15316,2020-11-10 12:00:00,42.67,42.75,42.64,42.75,0,0,22085
15317,2020-11-10 12:01:00,42.74,42.87,42.74,42.82,0,0,50538
15318,2020-11-10 12:02:00,42.82,42.9,42.82,42.87,0,0,15164
15319,2020-11-10 12:03:00,42.86,42.87,42.82,42.86,0,0,10535
15320,2020-11-10 12:04:00,42.85,42.87,42.83,42.83,0,0,15026
15321,2020-11-10 12:05:00,42.83,42.83,42.76,42.77,0,0,14250
15322,2020-11-10 12:06:00,42.78,42.81,42.78,42.81,0,0,9490
15323,2020-11-10 12:07:00,42.81,42.9,42.81,42.89,0,0,19378
15324,2020-11-10 12:08:00,42.89,42.95,42.88,42.93,0,0,15861
15325,2020-11-10 12:09:00,42.93,42.93,42.87,42.87,0,0,12674
15326,2020-11-10 12:10:00,42.87,42.91,42.83,42.88,0,0,37381
15327,2020-11-10 12:11:00,42.88,42.94,42.88,42.92,0,0,13536
15328,2020-11-10 12:12:00,42.92,42.99,42.91,42.97,0,0,34845
15329,2020-11-10 12:13:00,42.97,42.98,42.94,42.94,0,0,24280
15330,2020-11-10 12:14:00,42.95,42.96,42.91,42.92,0,0,11919
15331,2020-11-10 12:15:00,42.92,42.92,42.87,42.88,0,0,23940
15332,2020-11-10 12:16:00,42.87,42.87,42.79,42.81,0,0,42203
15333,2020-11-10 12:17:00,42.81,42.82,42.77,42.8,0,0,26162
15334,2020-11-10 12:18:00,42.81,42.83,42.79,42.81,0,0,15533
15335,2020-11-10 12:19:00,42.8,42.85,42.73,42.83,0,0,26611
15336,2020-11-10 12:20:00,42.83,42.85,42.83,42.84,0,0,16355
15337,2020-11-10 12:21:00,42.83,42.86,42.8,42.86,0,0,7254
15338,2020-11-10 12:22:00,42.86,42.9,42.84,42.86,0,0,16368
15339,2020-11-10 12:23:00,42.85,42.87,42.83,42.83,0,0,18418
15340,2020-11-10 12:24:00,42.83,42.87,42.82,42.87,0,0,9784
15341,2020-11-10 12:25:00,42.87,42.88,42.82,42.85,0,0,5499
15342,2020-11-10 12:26:00,42.85,42.86,42.83,42.83,0,0,6063
15343,2020-11-10 12:27:00,42.83,42.83,42.76,42.77,0,0,36109
15344,2020-11-10 12:28:00,42.78,42.79,42.71,42.73,0,0,16382
15345,2020-11-10 12:29:00,42.72,42.75,42.71,42.75,0,0,17693
15346,2020-11-10 12:30:00,42.75,42.77,42.71,42.71,0,0,17278
15347,2020-11-10 12:31:00,42.7,42.75,42.7,42.71,0,0,17189
15348,2020-11-10 12:32:00,42.72,42.78,42.72,42.78,0,0,16929
15349,2020-11-10 12:33:00,42.78,42.78,42.72,42.73,0,0,5982
15350,2020-11-10 12:34:00,42.73,42.73,42.69,42.71,0,0,12666
15351,2020-11-10 12:35:00,42.72,42.72,42.63,42.64,0,0,17243
15352,2020-11-10 12:36:00,42.64,42.65,42.59,42.64,0,0,22821
15353,2020-11-10 12:37:00,42.63,42.63,42.57,42.6,0,0,20444
15354,2020-11-10 12:38:00,42.61,42.62,42.58,42.62,0,0,17817
15355,2020-11-10 12:39:00,42.62,42.63,42.58,42.62,0,0,14718
15356,2020-11-10 12:40:00,42.61,42.67,42.6,42.66,0,0,12789
15357,2020-11-10 12:41:00,42.66,42.68,42.64,42.68,0,0,14554
15358,2020-11-10 12:42:00,42.68,42.74,42.67,42.73,0,0,21008
15359,2020-11-10 12:43:00,42.73,42.74,42.71,42.73,0,0,8946
15360,2020-11-10 12:44:00,42.71,42.76,42.7,42.7,0,0,13824
15361,2020-11-10 12:45:00,42.7,42.71,42.62,42.69,0,0,39966
15362,2020-11-10 12:46:00,42.69,42.75,42.68,42.74,0,0,7880
15363,2020-11-10 12:47:00,42.75,42.78,42.73,42.76,0,0,8896
15364,2020-11-10 12:48:00,42.76,42.76,42.7,42.75,0,0,15578
15365,2020-11-10 12:49:00,42.75,42.75,42.71,42.75,0,0,7088
15366,2020-11-10 12:50:00,42.74,42.75,42.71,42.72,0,0,8528
15367,2020-11-10 12:51:00,42.72,42.74,42.69,42.74,0,0,19269
15368,2020-11-10 12:52:00,42.75,42.79,42.75,42.78,0,0,15702
15369,2020-11-10 12:53:00,42.79,42.85,42.79,42.79,0,0,12275
15370,2020-11-10 12:54:00,42.78,42.78,42.74,42.74,0,0,12132
15371,2020-11-10 12:55:00,42.75,42.76,42.74,42.75,0,0,10018
15372,2020-11-10 12:56:00,42.76,42.78,42.72,42.76,0,0,16798
15373,2020-11-10 12:57:00,42.76,42.8,42.75,42.79,0,0,6381
15374,2020-11-10 12:58:00,42.8,42.8,42.74,42.74,0,0,40828
15375,2020-11-10 12:59:00,42.73,42.78,42.72,42.76,0,0,82274
15376,2020-11-10 13:00:00,42.77,42.79,42.75,42.78,0,0,13375
15377,2020-11-10 13:01:00,42.8,42.88,42.8,42.87,0,0,10827
15378,2020-11-10 13:02:00,42.88,42.89,42.84,42.86,0,0,17404
15379,2020-11-10 13:03:00,42.87,42.88,42.84,42.85,0,0,11274
15380,2020-11-10 13:04:00,42.84,42.87,42.83,42.84,0,0,11593
15381,2020-11-10 13:05:00,42.84,42.84,42.81,42.83,0,0,8093
15382,2020-11-10 13:06:00,42.83,42.83,42.79,42.8,0,0,22267
15383,2020-11-10 13:07:00,42.82,42.83,42.76,42.77,0,0,5645
15384,2020-11-10 13:08:00,42.78,42.78,42.73,42.74,0,0,19428
15385,2020-11-10 13:09:00,42.74,42.75,42.71,42.75,0,0,14407
15386,2020-11-10 13:10:00,42.75,42.76,42.71,42.71,0,0,13533
15387,2020-11-10 13:11:00,42.71,42.71,42.63,42.65,0,0,23064
15388,2020-11-10 13:12:00,42.66,42.7,42.66,42.68,0,0,6446
15389,2020-11-10 13:13:00,42.69,42.69,42.65,42.65,0,0,5552
15390,2020-11-10 13:14:00,42.65,42.66,42.62,42.62,0,0,12995
15391,2020-11-10 13:15:00,42.62,42.62,42.59,42.59,0,0,18320
15392,2020-11-10 13:16:00,42.6,42.62,42.59,42.6,0,0,17078
15393,2020-11-10 13:17:00,42.6,42.61,42.54,42.57,0,0,40402
15394,2020-11-10 13:18:00,42.58,42.58,42.54,42.56,0,0,13316
15395,2020-11-10 13:19:00,42.56,42.57,42.53,42.53,0,0,17056
15396,2020-11-10 13:20:00,42.54,42.54,42.47,42.52,0,0,39661
15397,2020-11-10 13:21:00,42.52,42.52,42.47,42.49,0,0,14981
15398,2020-11-10 13:22:00,42.5,42.53,42.49,42.5,0,0,7657
15399,2020-11-10 13:23:00,42.49,42.5,42.45,42.48,0,0,20739
15400,2020-11-10 13:24:00,42.47,42.5,42.42,42.42,0,0,30693
15401,2020-11-10 13:25:00,42.43,42.44,42.4,42.42,0,0,27272
15402,2020-11-10 13:26:00,42.42,42.48,42.41,42.45,0,0,29769
15403,2020-11-10 13:27:00,42.44,42.45,42.41,42.45,0,0,14546
15404,2020-11-10 13:28:00,42.44,42.44,42.39,42.4,0,0,32844
15405,2020-11-10 13:29:00,42.4,42.42,42.37,42.42,0,0,36813
15406,2020-11-10 13:30:00,42.41,42.42,42.38,42.38,0,0,19845
15407,2020-11-10 13:31:00,42.38,42.38,42.35,42.37,0,0,31548
15408,2020-11-10 13:32:00,42.37,42.38,42.35,42.38,0,0,19877
15409,2020-11-10 13:33:00,42.37,42.38,42.31,42.33,0,0,31250
15410,2020-11-10 13:34:00,42.33,42.35,42.28,42.29,0,0,26114
15411,2020-11-10 13:35:00,42.29,42.34,42.26,42.33,0,0,29774
15412,2020-11-10 13:36:00,42.33,42.48,42.33,42.47,0,0,34902
15413,2020-11-10 13:37:00,42.47,42.52,42.46,42.5,0,0,23028
15414,2020-11-10 13:38:00,42.49,42.55,42.46,42.55,0,0,31686
15415,2020-11-10 13:39:00,42.55,42.58,42.52,42.53,0,0,47380
15416,2020-11-10 13:40:00,42.53,42.55,42.51,42.53,0,0,18428
15417,2020-11-10 13:41:00,42.52,42.54,42.51,42.51,0,0,12915
15418,2020-11-10 13:42:00,42.51,42.53,42.48,42.52,0,0,17439
15419,2020-11-10 13:43:00,42.51,42.52,42.49,42.51,0,0,4792
15420,2020-11-10 13:44:00,42.52,42.54,42.49,42.49,0,0,16146
15421,2020-11-10 13:45:00,42.5,42.5,42.44,42.44,0,0,13271
15422,2020-11-10 13:46:00,42.44,42.46,42.41,42.45,0,0,19831
15423,2020-11-10 13:47:00,42.46,42.47,42.44,42.45,0,0,11438
15424,2020-11-10 13:48:00,42.45,42.47,42.42,42.42,0,0,15096
15425,2020-11-10 13:49:00,42.42,42.42,42.39,42.41,0,0,14634
15426,2020-11-10 13:50:00,42.4,42.48,42.4,42.48,0,0,8845
15427,2020-11-10 13:51:00,42.49,42.51,42.48,42.49,0,0,8402
15428,2020-11-10 13:52:00,42.49,42.49,42.47,42.47,0,0,10184
15429,2020-11-10 13:53:00,42.47,42.51,42.47,42.5,0,0,11396
15430,2020-11-10 13:54:00,42.51,42.53,42.48,42.48,0,0,13099
15431,2020-11-10 13:55:00,42.48,42.48,42.43,42.46,0,0,11942
15432,2020-11-10 13:56:00,42.46,42.47,42.42,42.42,0,0,9639
15433,2020-11-10 13:57:00,42.43,42.43,42.36,42.4,0,0,110982
15434,2020-11-10 13:58:00,42.4,42.44,42.36,42.36,0,0,14491
15435,2020-11-10 13:59:00,42.37,42.42,42.37,42.42,0,0,10396
15436,2020-11-10 14:00:00,42.42,42.47,42.42,42.46,0,0,15555
15437,2020-11-10 14:01:00,42.45,42.46,42.43,42.44,0,0,13167
15438,2020-11-10 14:02:00,42.43,42.5,42.43,42.49,0,0,10799
15439,2020-11-10 14:03:00,42.5,42.54,42.49,42.54,0,0,17110
15440,2020-11-10 14:04:00,42.54,42.59,42.54,42.59,0,0,15547
15441,2020-11-10 14:05:00,42.6,42.63,42.6,42.62,0,0,7945
15442,2020-11-10 14:06:00,42.62,42.65,42.58,42.63,0,0,24266
15443,2020-11-10 14:07:00,42.64,42.64,42.56,42.56,0,0,11156
15444,2020-11-10 14:08:00,42.56,42.56,42.55,42.56,0,0,7481
15445,2020-11-10 14:09:00,42.56,42.6,42.56,42.58,0,0,14640
15446,2020-11-10 14:10:00,42.58,42.58,42.43,42.43,0,0,29811
15447,2020-11-10 14:11:00,42.44,42.45,42.31,42.35,0,0,76185
15448,2020-11-10 14:12:00,42.36,42.36,42.3,42.3,0,0,62794
15449,2020-11-10 14:13:00,42.31,42.37,42.31,42.37,0,0,13980
15450,2020-11-10 14:14:00,42.37,42.44,42.37,42.41,0,0,38762
15451,2020-11-10 14:15:00,42.4,42.46,42.4,42.42,0,0,24248
15452,2020-11-10 14:16:00,42.42,42.42,42.36,42.38,0,0,13951
15453,2020-11-10 14:17:00,42.38,42.38,42.33,42.36,0,0,31379
15454,2020-11-10 14:18:00,42.37,42.44,42.36,42.44,0,0,42471
15455,2020-11-10 14:19:00,42.44,42.49,42.44,42.48,0,0,20825
15456,2020-11-10 14:20:00,42.49,42.49,42.45,42.46,0,0,21758
15457,2020-11-10 14:21:00,42.46,42.46,42.41,42.41,0,0,13977
15458,2020-11-10 14:22:00,42.42,42.45,42.41,42.44,0,0,17493
15459,2020-11-10 14:23:00,42.44,42.47,42.44,42.44,0,0,20353
15460,2020-11-10 14:24:00,42.44,42.5,42.34,42.49,0,0,35745
15461,2020-11-10 14:25:00,42.49,42.6,42.49,42.56,0,0,19967
15462,2020-11-10 14:26:00,42.56,42.56,42.52,42.53,0,0,10907
15463,2020-11-10 14:27:00,42.54,42.54,42.36,42.37,0,0,61818
15464,2020-11-10 14:28:00,42.37,42.41,42.36,42.39,0,0,29088
15465,2020-11-10 14:29:00,42.39,42.43,42.39,42.42,0,0,10983
15466,2020-11-10 14:30:00,42.43,42.55,42.41,42.54,0,0,29174
15467,2020-11-10 14:31:00,42.55,42.58,42.51,42.53,0,0,38190
15468,2020-11-10 14:32:00,42.55,42.59,42.53,42.59,0,0,6716
15469,2020-11-10 14:33:00,42.57,42.63,42.57,42.59,0,0,16216
15470,2020-11-10 14:34:00,42.58,42.58,42.53,42.53,0,0,9631
15471,2020-11-10 14:35:00,42.53,42.54,42.42,42.47,0,0,37220
15472,2020-11-10 14:36:00,42.47,42.52,42.47,42.51,0,0,17093
15473,2020-11-10 14:37:00,42.52,42.62,42.52,42.62,0,0,9391
15474,2020-11-10 14:38:00,42.61,42.62,42.6,42.61,0,0,85887
15475,2020-11-10 14:39:00,42.61,42.62,42.59,42.62,0,0,11007
15476,2020-11-10 14:40:00,42.62,42.66,42.6,42.61,0,0,18926
15477,2020-11-10 14:41:00,42.61,42.62,42.57,42.58,0,0,10456
15478,2020-11-10 14:42:00,42.58,42.64,42.57,42.64,0,0,17177
15479,2020-11-10 14:43:00,42.64,42.69,42.64,42.69,0,0,22229
15480,2020-11-10 14:44:00,42.69,42.69,42.54,42.6,0,0,22440
15481,2020-11-10 14:45:00,42.6,42.62,42.57,42.59,0,0,15092
15482,2020-11-10 14:46:00,42.6,42.62,42.57,42.59,0,0,14454
15483,2020-11-10 14:47:00,42.58,42.67,42.58,42.67,0,0,14418
15484,2020-11-10 14:48:00,42.67,42.72,42.59,42.61,0,0,27900
15485,2020-11-10 14:49:00,42.6,42.62,42.58,42.6,0,0,15057
15486,2020-11-10 14:50:00,42.6,42.62,42.59,42.62,0,0,17130
15487,2020-11-10 14:51:00,42.63,42.67,42.62,42.65,0,0,33487
15488,2020-11-10 14:52:00,42.65,42.69,42.63,42.67,0,0,20959
15489,2020-11-10 14:53:00,42.66,42.67,42.58,42.59,0,0,12392
15490,2020-11-10 14:54:00,42.59,42.66,42.58,42.63,0,0,19289
15491,2020-11-10 14:55:00,42.62,42.65,42.61,42.64,0,0,18181
15492,2020-11-10 14:56:00,42.64,42.64,42.57,42.58,0,0,13563
15493,2020-11-10 14:57:00,42.57,42.61,42.57,42.59,0,0,22206
15494,2020-11-10 14:58:00,42.6,42.63,42.6,42.61,0,0,13262
15495,2020-11-10 14:59:00,42.61,42.65,42.58,42.6,0,0,31191
15496,2020-11-10 15:00:00,42.59,42.59,42.51,42.58,0,0,27966
15497,2020-11-10 15:01:00,42.59,42.65,42.58,42.59,0,0,16510
15498,2020-11-10 15:02:00,42.6,42.61,42.54,42.56,0,0,16341
15499,2020-11-10 15:03:00,42.57,42.58,42.56,42.56,0,0,11638
15500,2020-11-10 15:04:00,42.57,42.58,42.53,42.53,0,0,14151
15501,2020-11-10 15:05:00,42.53,42.56,42.51,42.51,0,0,18998
15502,2020-11-10 15:06:00,42.51,42.51,42.45,42.47,0,0,51441
15503,2020-11-10 15:07:00,42.47,42.5,42.38,42.41,0,0,56504
15504,2020-11-10 15:08:00,42.4,42.42,42.36,42.37,0,0,30240
15505,2020-11-10 15:09:00,42.37,42.4,42.36,42.38,0,0,23442
15506,2020-11-10 15:10:00,42.39,42.43,42.36,42.42,0,0,27931
15507,2020-11-10 15:11:00,42.43,42.43,42.31,42.33,0,0,20057
15508,2020-11-10 15:12:00,42.32,42.32,42.21,42.27,0,0,49094
15509,2020-11-10 15:13:00,42.27,42.31,42.24,42.26,0,0,29073
15510,2020-11-10 15:14:00,42.26,42.31,42.22,42.22,0,0,32322
15511,2020-11-10 15:15:00,42.23,42.28,42.22,42.26,0,0,34109
15512,2020-11-10 15:16:00,42.26,42.28,42.22,42.24,0,0,16761
15513,2020-11-10 15:17:00,42.23,42.27,42.23,42.27,0,0,52742
15514,2020-11-10 15:18:00,42.28,42.34,42.28,42.3,0,0,36651
15515,2020-11-10 15:19:00,42.31,42.36,42.31,42.36,0,0,35200
15516,2020-11-10 15:20:00,42.36,42.39,42.31,42.39,0,0,57846
15517,2020-11-10 15:21:00,42.38,42.39,42.32,42.37,0,0,33871
15518,2020-11-10 15:22:00,42.36,42.37,42.31,42.35,0,0,24703
15519,2020-11-10 15:23:00,42.35,42.39,42.32,42.35,0,0,24422
15520,2020-11-10 15:24:00,42.35,42.38,42.33,42.36,0,0,26175
15521,2020-11-10 15:25:00,42.36,42.37,42.26,42.26,0,0,30551
15522,2020-11-10 15:26:00,42.27,42.27,42.22,42.25,0,0,28320
15523,2020-11-10 15:27:00,42.25,42.33,42.25,42.33,0,0,16065
15524,2020-11-10 15:28:00,42.33,42.36,42.3,42.3,0,0,20994
15525,2020-11-10 15:29:00,42.3,42.35,42.3,42.33,0,0,20101
15526,2020-11-10 15:30:00,42.33,42.36,42.31,42.36,0,0,26136
15527,2020-11-10 15:31:00,42.37,42.4,42.34,42.35,0,0,38163
15528,2020-11-10 15:32:00,42.36,42.37,42.27,42.31,0,0,33438
15529,2020-11-10 15:33:00,42.31,42.33,42.3,42.31,0,0,14140
15530,2020-11-10 15:34:00,42.3,42.34,42.29,42.31,0,0,33598
15531,2020-11-10 15:35:00,42.31,42.34,42.29,42.29,0,0,37767
15532,2020-11-10 15:36:00,42.28,42.32,42.24,42.32,0,0,40580
15533,2020-11-10 15:37:00,42.32,42.33,42.26,42.27,0,0,28518
15534,2020-11-10 15:38:00,42.26,42.27,42.22,42.24,0,0,45196
15535,2020-11-10 15:39:00,42.24,42.26,42.21,42.26,0,0,41972
15536,2020-11-10 15:40:00,42.26,42.31,42.26,42.28,0,0,35605
15537,2020-11-10 15:41:00,42.29,42.3,42.27,42.27,0,0,31990
15538,2020-11-10 15:42:00,42.27,42.33,42.26,42.33,0,0,31880
15539,2020-11-10 15:43:00,42.33,42.4,42.33,42.38,0,0,69461
15540,2020-11-10 15:44:00,42.38,42.4,42.38,42.38,0,0,31251
15541,2020-11-10 15:45:00,42.38,42.38,42.34,42.37,0,0,79359
15542,2020-11-10 15:46:00,42.37,42.38,42.34,42.35,0,0,35001
15543,2020-11-10 15:47:00,42.35,42.37,42.32,42.33,0,0,42346
15544,2020-11-10 15:48:00,42.34,42.37,42.31,42.35,0,0,50671
15545,2020-11-10 15:49:00,42.36,42.4,42.34,42.4,0,0,53399
15546,2020-11-10 15:50:00,42.4,42.48,42.4,42.47,0,0,83774
15547,2020-11-10 15:51:00,42.47,42.47,42.32,42.33,0,0,77380
15548,2020-11-10 15:52:00,42.32,42.33,42.26,42.31,0,0,83020
15549,2020-11-10 15:53:00,42.32,42.37,42.31,42.37,0,0,66306
15550,2020-11-10 15:54:00,42.38,42.38,42.33,42.35,0,0,79854
15551,2020-11-10 15:55:00,42.35,42.4,42.35,42.35,0,0,77867
15552,2020-11-10 15:56:00,42.35,42.36,42.3,42.33,0,0,120168
15553,2020-11-10 15:57:00,42.33,42.41,42.32,42.39,0,0,104187
15554,2020-11-10 15:58:00,42.39,42.44,42.38,42.4,0,0,108010
15555,2020-11-10 15:59:00,42.4,42.42,42.34,42.41,0,0,148073
15556,2020-11-11 09:30:00,42.97,42.97,42.9,42.93,0,0,70444
15557,2020-11-11 09:31:00,42.95,43.13,42.95,43.13,0,0,3978
15558,2020-11-11 09:32:00,43.06,43.12,43.06,43.06,0,0,5830
15559,2020-11-11 09:33:00,43.12,43.13,43.01,43.13,0,0,3969
15560,2020-11-11 09:34:00,43.07,43.39,43.06,43.32,0,0,303922
15561,2020-11-11 09:35:00,43.29,43.33,43.18,43.22,0,0,41773
15562,2020-11-11 09:36:00,43.21,43.29,43.17,43.29,0,0,33848
15563,2020-11-11 09:37:00,43.28,43.29,43.08,43.08,0,0,42163
15564,2020-11-11 09:38:00,43.06,43.11,43.0,43.04,0,0,66445
15565,2020-11-11 09:39:00,43.05,43.14,43.01,43.12,0,0,53295
15566,2020-11-11 09:40:00,43.14,43.3,43.14,43.25,0,0,27789
15567,2020-11-11 09:41:00,43.23,43.25,43.19,43.23,0,0,50738
15568,2020-11-11 09:42:00,43.24,43.27,43.2,43.26,0,0,43258
15569,2020-11-11 09:43:00,43.27,43.29,43.08,43.14,0,0,64235
15570,2020-11-11 09:44:00,43.15,43.24,43.14,43.19,0,0,56666
15571,2020-11-11 09:45:00,43.21,43.21,43.11,43.14,0,0,15988
15572,2020-11-11 09:46:00,43.14,43.19,43.06,43.17,0,0,22918
15573,2020-11-11 09:47:00,43.16,43.23,43.15,43.16,0,0,52035
15574,2020-11-11 09:48:00,43.17,43.19,43.04,43.05,0,0,57756
15575,2020-11-11 09:49:00,43.04,43.14,43.01,43.14,0,0,46321
15576,2020-11-11 09:50:00,43.14,43.18,43.05,43.07,0,0,20697
15577,2020-11-11 09:51:00,43.07,43.17,43.07,43.17,0,0,24853
15578,2020-11-11 09:52:00,43.17,43.27,43.17,43.27,0,0,61110
15579,2020-11-11 09:53:00,43.27,43.27,43.19,43.27,0,0,16444
15580,2020-11-11 09:54:00,43.27,43.27,43.1,43.12,0,0,39263
15581,2020-11-11 09:55:00,43.13,43.19,43.06,43.06,0,0,27341
15582,2020-11-11 09:56:00,43.06,43.07,42.92,42.93,0,0,55290
15583,2020-11-11 09:57:00,42.92,42.98,42.86,42.98,0,0,36209
15584,2020-11-11 09:58:00,42.99,43.1,42.99,43.03,0,0,20651
15585,2020-11-11 09:59:00,43.04,43.07,42.98,42.99,0,0,24734
15586,2020-11-11 10:00:00,43.01,43.11,43.01,43.06,0,0,22676
15587,2020-11-11 10:01:00,43.05,43.15,43.05,43.12,0,0,15325
15588,2020-11-11 10:02:00,43.11,43.11,43.0,43.01,0,0,37053
15589,2020-11-11 10:03:00,43.01,43.14,42.99,43.12,0,0,16722
15590,2020-11-11 10:04:00,43.13,43.15,43.07,43.14,0,0,20733
15591,2020-11-11 10:05:00,43.14,43.2,43.14,43.19,0,0,23959
15592,2020-11-11 10:06:00,43.18,43.21,43.12,43.21,0,0,25489
15593,2020-11-11 10:07:00,43.22,43.34,43.22,43.33,0,0,58305
15594,2020-11-11 10:08:00,43.33,43.37,43.29,43.34,0,0,41660
15595,2020-11-11 10:09:00,43.35,43.35,43.28,43.33,0,0,45829
15596,2020-11-11 10:10:00,43.33,43.39,43.27,43.29,0,0,37068
15597,2020-11-11 10:11:00,43.28,43.31,43.24,43.29,0,0,29998
15598,2020-11-11 10:12:00,43.28,43.36,43.28,43.35,0,0,21444
15599,2020-11-11 10:13:00,43.35,43.41,43.28,43.38,0,0,29735
15600,2020-11-11 10:14:00,43.38,43.44,43.38,43.44,0,0,42312
15601,2020-11-11 10:15:00,43.44,43.51,43.43,43.43,0,0,70645
15602,2020-11-11 10:16:00,43.44,43.46,43.35,43.39,0,0,37520
15603,2020-11-11 10:17:00,43.42,43.45,43.37,43.39,0,0,24530
15604,2020-11-11 10:18:00,43.4,43.45,43.39,43.4,0,0,35652
15605,2020-11-11 10:19:00,43.38,43.4,43.35,43.37,0,0,32784
15606,2020-11-11 10:20:00,43.37,43.39,43.31,43.34,0,0,28658
15607,2020-11-11 10:21:00,43.34,43.37,43.26,43.3,0,0,29443
15608,2020-11-11 10:22:00,43.29,43.36,43.26,43.31,0,0,26372
15609,2020-11-11 10:23:00,43.33,43.37,43.31,43.31,0,0,14411
15610,2020-11-11 10:24:00,43.33,43.33,43.29,43.31,0,0,14500
15611,2020-11-11 10:25:00,43.3,43.34,43.28,43.33,0,0,14426
15612,2020-11-11 10:26:00,43.33,43.38,43.31,43.32,0,0,19967
15613,2020-11-11 10:27:00,43.32,43.32,43.28,43.3,0,0,24904
15614,2020-11-11 10:28:00,43.3,43.39,43.3,43.37,0,0,37638
15615,2020-11-11 10:29:00,43.37,43.45,43.35,43.45,0,0,22645
15616,2020-11-11 10:30:00,43.44,43.54,43.43,43.54,0,0,70501
15617,2020-11-11 10:31:00,43.54,43.64,43.54,43.64,0,0,55898
15618,2020-11-11 10:32:00,43.64,43.65,43.55,43.57,0,0,35465
15619,2020-11-11 10:33:00,43.55,43.62,43.55,43.56,0,0,56404
15620,2020-11-11 10:34:00,43.55,43.6,43.55,43.57,0,0,21350
15621,2020-11-11 10:35:00,43.55,43.56,43.5,43.52,0,0,20117
15622,2020-11-11 10:36:00,43.52,43.52,43.42,43.47,0,0,17756
15623,2020-11-11 10:37:00,43.46,43.46,43.39,43.41,0,0,15625
15624,2020-11-11 10:38:00,43.42,43.46,43.39,43.4,0,0,19833
15625,2020-11-11 10:39:00,43.39,43.4,43.32,43.39,0,0,29077
15626,2020-11-11 10:40:00,43.38,43.46,43.38,43.46,0,0,6772
15627,2020-11-11 10:41:00,43.46,43.46,43.34,43.35,0,0,21620
15628,2020-11-11 10:42:00,43.35,43.35,43.26,43.31,0,0,27753
15629,2020-11-11 10:43:00,43.29,43.3,43.19,43.19,0,0,30447
15630,2020-11-11 10:44:00,43.2,43.24,43.17,43.24,0,0,16706
15631,2020-11-11 10:45:00,43.26,43.28,43.21,43.22,0,0,22503
15632,2020-11-11 10:46:00,43.23,43.23,43.12,43.16,0,0,20714
15633,2020-11-11 10:47:00,43.16,43.17,43.12,43.15,0,0,13563
15634,2020-11-11 10:48:00,43.15,43.19,43.14,43.19,0,0,20722
15635,2020-11-11 10:49:00,43.18,43.19,43.1,43.11,0,0,19694
15636,2020-11-11 10:50:00,43.1,43.11,43.06,43.06,0,0,24565
15637,2020-11-11 10:51:00,43.06,43.09,42.95,42.95,0,0,41819
15638,2020-11-11 10:52:00,42.96,43.09,42.93,43.09,0,0,34270
15639,2020-11-11 10:53:00,43.09,43.16,43.09,43.12,0,0,18003
15640,2020-11-11 10:54:00,43.13,43.14,43.05,43.09,0,0,22293
15641,2020-11-11 10:55:00,43.11,43.14,43.1,43.14,0,0,21451
15642,2020-11-11 10:56:00,43.14,43.17,43.12,43.17,0,0,13068
15643,2020-11-11 10:57:00,43.18,43.2,43.13,43.13,0,0,24160
15644,2020-11-11 10:58:00,43.13,43.17,43.13,43.17,0,0,6068
15645,2020-11-11 10:59:00,43.17,43.21,43.13,43.13,0,0,15503
15646,2020-11-11 11:00:00,43.13,43.13,43.06,43.1,0,0,12746
15647,2020-11-11 11:01:00,43.1,43.1,43.01,43.03,0,0,17250
15648,2020-11-11 11:02:00,43.04,43.05,42.96,42.97,0,0,20017
15649,2020-11-11 11:03:00,42.97,43.0,42.94,43.0,0,0,22095
15650,2020-11-11 11:04:00,43.01,43.01,42.95,42.96,0,0,12688
15651,2020-11-11 11:05:00,42.95,42.99,42.94,42.97,0,0,13940
15652,2020-11-11 11:06:00,42.97,43.02,42.96,42.99,0,0,38208
15653,2020-11-11 11:07:00,42.98,42.99,42.9,42.99,0,0,26190
15654,2020-11-11 11:08:00,43.0,43.09,42.98,43.09,0,0,35347
15655,2020-11-11 11:09:00,43.09,43.3,43.08,43.29,0,0,206001
15656,2020-11-11 11:10:00,43.29,43.4,43.23,43.25,0,0,150375
15657,2020-11-11 11:11:00,43.25,43.28,43.14,43.15,0,0,67409
15658,2020-11-11 11:12:00,43.14,43.23,43.12,43.16,0,0,31448
15659,2020-11-11 11:13:00,43.15,43.18,43.12,43.15,0,0,20585
15660,2020-11-11 11:14:00,43.14,43.22,43.12,43.12,0,0,12980
15661,2020-11-11 11:15:00,43.14,43.14,43.09,43.12,0,0,31381
15662,2020-11-11 11:16:00,43.12,43.12,43.07,43.12,0,0,13259
15663,2020-11-11 11:17:00,43.12,43.17,43.12,43.14,0,0,8109
15664,2020-11-11 11:18:00,43.14,43.16,43.12,43.13,0,0,8721
15665,2020-11-11 11:19:00,43.13,43.19,43.12,43.19,0,0,12494
15666,2020-11-11 11:20:00,43.19,43.28,43.12,43.25,0,0,46199
15667,2020-11-11 11:21:00,43.24,43.24,43.15,43.16,0,0,17496
15668,2020-11-11 11:22:00,43.16,43.16,43.05,43.09,0,0,35873
15669,2020-11-11 11:23:00,43.08,43.13,43.07,43.08,0,0,17648
15670,2020-11-11 11:24:00,43.1,43.11,43.05,43.06,0,0,13459
15671,2020-11-11 11:25:00,43.06,43.1,43.0,43.1,0,0,39062
15672,2020-11-11 11:26:00,43.1,43.1,43.05,43.09,0,0,14660
15673,2020-11-11 11:27:00,43.09,43.11,43.05,43.07,0,0,25417
15674,2020-11-11 11:28:00,43.06,43.06,42.88,42.95,0,0,169761
15675,2020-11-11 11:29:00,42.94,42.97,42.89,42.92,0,0,10385
15676,2020-11-11 11:30:00,42.93,43.0,42.93,42.99,0,0,37742
15677,2020-11-11 11:31:00,42.99,43.0,42.94,42.97,0,0,17417
15678,2020-11-11 11:32:00,42.98,43.03,42.98,43.02,0,0,12566
15679,2020-11-11 11:33:00,43.01,43.02,42.97,42.98,0,0,6198
15680,2020-11-11 11:34:00,42.99,43.04,42.98,43.03,0,0,17858
15681,2020-11-11 11:35:00,43.03,43.03,42.97,42.98,0,0,31908
15682,2020-11-11 11:36:00,42.98,43.0,42.96,42.96,0,0,17056
15683,2020-11-11 11:37:00,42.96,42.99,42.93,42.99,0,0,12720
15684,2020-11-11 11:38:00,42.99,43.04,42.99,43.03,0,0,21798
15685,2020-11-11 11:39:00,43.03,43.06,43.0,43.06,0,0,14057
15686,2020-11-11 11:40:00,43.07,43.12,43.03,43.03,0,0,34686
15687,2020-11-11 11:41:00,43.03,43.03,42.98,42.99,0,0,19675
15688,2020-11-11 11:42:00,42.99,43.04,42.99,43.03,0,0,12953
15689,2020-11-11 11:43:00,43.04,43.09,43.04,43.09,0,0,6764
15690,2020-11-11 11:44:00,43.09,43.1,43.05,43.06,0,0,10416
15691,2020-11-11 11:45:00,43.05,43.06,42.99,42.99,0,0,10113
15692,2020-11-11 11:46:00,43.01,43.07,42.99,43.07,0,0,16399
15693,2020-11-11 11:47:00,43.08,43.08,43.05,43.08,0,0,6631
15694,2020-11-11 11:48:00,43.09,43.11,43.09,43.1,0,0,11851
15695,2020-11-11 11:49:00,43.1,43.12,43.09,43.12,0,0,6315
15696,2020-11-11 11:50:00,43.12,43.15,43.12,43.13,0,0,17419
15697,2020-11-11 11:51:00,43.13,43.13,43.12,43.13,0,0,8108
15698,2020-11-11 11:52:00,43.14,43.19,43.14,43.17,0,0,19386
15699,2020-11-11 11:53:00,43.18,43.18,43.13,43.13,0,0,5017
15700,2020-11-11 11:54:00,43.12,43.13,43.1,43.11,0,0,14793
15701,2020-11-11 11:55:00,43.1,43.13,43.09,43.1,0,0,10374
15702,2020-11-11 11:56:00,43.1,43.12,43.1,43.1,0,0,3666
15703,2020-11-11 11:57:00,43.11,43.12,43.1,43.1,0,0,9298
15704,2020-11-11 11:58:00,43.1,43.14,43.1,43.14,0,0,9772
15705,2020-11-11 11:59:00,43.14,43.15,43.12,43.12,0,0,8152
15706,2020-11-11 12:00:00,43.12,43.12,43.03,43.06,0,0,18445
15707,2020-11-11 12:01:00,43.05,43.07,43.03,43.05,0,0,19696
15708,2020-11-11 12:02:00,43.06,43.1,43.06,43.1,0,0,11470
15709,2020-11-11 12:03:00,43.1,43.1,43.06,43.08,0,0,9796
15710,2020-11-11 12:04:00,43.08,43.11,43.08,43.09,0,0,16123
15711,2020-11-11 12:05:00,43.07,43.12,43.07,43.11,0,0,7428
15712,2020-11-11 12:06:00,43.11,43.13,43.1,43.12,0,0,6191
15713,2020-11-11 12:07:00,43.12,43.14,43.09,43.12,0,0,20074
15714,2020-11-11 12:08:00,43.11,43.13,43.08,43.09,0,0,14833
15715,2020-11-11 12:09:00,43.1,43.18,43.09,43.17,0,0,15923
15716,2020-11-11 12:10:00,43.17,43.2,43.17,43.2,0,0,18936
15717,2020-11-11 12:11:00,43.2,43.21,43.18,43.19,0,0,34733
15718,2020-11-11 12:12:00,43.19,43.19,43.15,43.17,0,0,17656
15719,2020-11-11 12:13:00,43.16,43.16,43.12,43.12,0,0,11741
15720,2020-11-11 12:14:00,43.13,43.14,43.09,43.09,0,0,10113
15721,2020-11-11 12:15:00,43.09,43.11,43.06,43.06,0,0,12730
15722,2020-11-11 12:16:00,43.06,43.07,43.05,43.06,0,0,9464
15723,2020-11-11 12:17:00,43.06,43.06,43.01,43.03,0,0,6320
15724,2020-11-11 12:18:00,43.03,43.07,43.03,43.04,0,0,10187
15725,2020-11-11 12:19:00,43.05,43.08,43.05,43.07,0,0,6465
15726,2020-11-11 12:20:00,43.08,43.08,43.06,43.06,0,0,5954
15727,2020-11-11 12:21:00,43.07,43.11,43.06,43.1,0,0,8476
15728,2020-11-11 12:22:00,43.1,43.1,43.04,43.04,0,0,7328
15729,2020-11-11 12:23:00,43.04,43.09,43.03,43.09,0,0,9396
15730,2020-11-11 12:24:00,43.08,43.1,43.06,43.1,0,0,6960
15731,2020-11-11 12:25:00,43.1,43.11,43.06,43.08,0,0,7961
15732,2020-11-11 12:26:00,43.08,43.08,43.06,43.08,0,0,10004
15733,2020-11-11 12:27:00,43.08,43.1,43.08,43.09,0,0,6193
15734,2020-11-11 12:28:00,43.09,43.12,43.08,43.08,0,0,8750
15735,2020-11-11 12:29:00,43.08,43.08,43.04,43.06,0,0,9808
15736,2020-11-11 12:30:00,43.07,43.09,43.06,43.06,0,0,7834
15737,2020-11-11 12:31:00,43.05,43.07,43.04,43.04,0,0,20414
15738,2020-11-11 12:32:00,43.05,43.06,43.05,43.06,0,0,6238
15739,2020-11-11 12:33:00,43.07,43.09,43.07,43.08,0,0,8441
15740,2020-11-11 12:34:00,43.08,43.08,43.05,43.06,0,0,6430
15741,2020-11-11 12:35:00,43.05,43.06,43.03,43.03,0,0,9919
15742,2020-11-11 12:36:00,43.04,43.04,43.02,43.04,0,0,8538
15743,2020-11-11 12:37:00,43.03,43.04,43.02,43.04,0,0,11147
15744,2020-11-11 12:38:00,43.05,43.1,43.05,43.09,0,0,7251
15745,2020-11-11 12:39:00,43.1,43.14,43.09,43.13,0,0,28846
15746,2020-11-11 12:40:00,43.13,43.14,43.11,43.12,0,0,12583
15747,2020-11-11 12:41:00,43.12,43.13,43.11,43.11,0,0,10376
15748,2020-11-11 12:42:00,43.11,43.11,43.09,43.1,0,0,8823
15749,2020-11-11 12:43:00,43.1,43.12,43.08,43.08,0,0,5535
15750,2020-11-11 12:44:00,43.09,43.1,43.08,43.1,0,0,8754
15751,2020-11-11 12:45:00,43.09,43.12,43.09,43.11,0,0,13210
15752,2020-11-11 12:46:00,43.1,43.14,43.1,43.12,0,0,23575
15753,2020-11-11 12:47:00,43.12,43.13,43.1,43.11,0,0,11898
15754,2020-11-11 12:48:00,43.12,43.12,43.08,43.08,0,0,7695
15755,2020-11-11 12:49:00,43.08,43.12,43.08,43.1,0,0,9818
15756,2020-11-11 12:50:00,43.11,43.11,43.08,43.09,0,0,8144
15757,2020-11-11 12:51:00,43.09,43.11,43.07,43.11,0,0,11613
15758,2020-11-11 12:52:00,43.11,43.12,43.07,43.07,0,0,9182
15759,2020-11-11 12:53:00,43.09,43.09,43.06,43.08,0,0,10571
15760,2020-11-11 12:54:00,43.08,43.12,43.08,43.1,0,0,105827
15761,2020-11-11 12:55:00,43.1,43.1,43.07,43.08,0,0,11351
15762,2020-11-11 12:56:00,43.08,43.08,43.07,43.08,0,0,7136
15763,2020-11-11 12:57:00,43.08,43.1,43.08,43.08,0,0,10249
15764,2020-11-11 12:58:00,43.08,43.08,43.07,43.08,0,0,5673
15765,2020-11-11 12:59:00,43.08,43.08,43.01,43.02,0,0,36869
15766,2020-11-11 13:00:00,43.01,43.02,43.01,43.02,0,0,7808
15767,2020-11-11 13:01:00,43.02,43.04,43.0,43.01,0,0,21422
15768,2020-11-11 13:02:00,43.02,43.02,42.99,43.01,0,0,7741
15769,2020-11-11 13:03:00,43.01,43.06,43.01,43.04,0,0,5727
15770,2020-11-11 13:04:00,43.03,43.03,43.0,43.0,0,0,7537
15771,2020-11-11 13:05:00,43.0,43.02,42.97,42.99,0,0,6727
15772,2020-11-11 13:06:00,42.99,43.0,42.97,43.0,0,0,14079
15773,2020-11-11 13:07:00,43.0,43.03,43.0,43.03,0,0,7265
15774,2020-11-11 13:08:00,43.04,43.05,43.01,43.02,0,0,6609
15775,2020-11-11 13:09:00,43.01,43.02,42.98,43.02,0,0,6043
15776,2020-11-11 13:10:00,43.02,43.03,43.0,43.01,0,0,8309
15777,2020-11-11 13:11:00,43.0,43.0,42.96,42.98,0,0,12085
15778,2020-11-11 13:12:00,42.97,43.0,42.97,42.98,0,0,15665
15779,2020-11-11 13:13:00,42.99,43.01,42.99,42.99,0,0,7013
15780,2020-11-11 13:14:00,42.99,42.99,42.97,42.99,0,0,11561
15781,2020-11-11 13:15:00,43.0,43.02,43.0,43.02,0,0,15412
15782,2020-11-11 13:16:00,43.02,43.04,43.01,43.01,0,0,8493
15783,2020-11-11 13:17:00,43.01,43.02,42.97,42.97,0,0,11616
15784,2020-11-11 13:18:00,42.96,43.03,42.96,43.0,0,0,9346
15785,2020-11-11 13:19:00,42.99,43.01,42.99,43.01,0,0,4050
15786,2020-11-11 13:20:00,43.02,43.02,43.0,43.02,0,0,5278
15787,2020-11-11 13:21:00,43.03,43.03,43.02,43.03,0,0,5196
15788,2020-11-11 13:22:00,43.04,43.08,43.04,43.06,0,0,19724
15789,2020-11-11 13:23:00,43.06,43.1,43.06,43.09,0,0,14541
15790,2020-11-11 13:24:00,43.09,43.13,43.09,43.12,0,0,26857
15791,2020-11-11 13:25:00,43.12,43.12,43.05,43.06,0,0,20507
15792,2020-11-11 13:26:00,43.05,43.08,43.05,43.08,0,0,3813
15793,2020-11-11 13:27:00,43.09,43.1,43.05,43.07,0,0,19751
15794,2020-11-11 13:28:00,43.07,43.07,43.03,43.05,0,0,11900
15795,2020-11-11 13:29:00,43.04,43.08,43.04,43.05,0,0,12579
15796,2020-11-11 13:30:00,43.05,43.12,43.05,43.1,0,0,11091
15797,2020-11-11 13:31:00,43.11,43.11,43.1,43.1,0,0,7255
15798,2020-11-11 13:32:00,43.09,43.09,43.08,43.09,0,0,15781
15799,2020-11-11 13:33:00,43.08,43.1,43.08,43.09,0,0,5737
15800,2020-11-11 13:34:00,43.1,43.13,43.1,43.12,0,0,22336
15801,2020-11-11 13:35:00,43.13,43.13,43.1,43.1,0,0,13908
15802,2020-11-11 13:36:00,43.1,43.14,43.1,43.13,0,0,17500
15803,2020-11-11 13:37:00,43.14,43.16,43.13,43.15,0,0,34544
15804,2020-11-11 13:38:00,43.15,43.17,43.13,43.17,0,0,28148
15805,2020-11-11 13:39:00,43.16,43.16,43.15,43.16,0,0,10263
15806,2020-11-11 13:40:00,43.16,43.17,43.15,43.17,0,0,21121
15807,2020-11-11 13:41:00,43.16,43.22,43.16,43.22,0,0,18762
15808,2020-11-11 13:42:00,43.22,43.24,43.22,43.24,0,0,19360
15809,2020-11-11 13:43:00,43.24,43.29,43.23,43.29,0,0,35814
15810,2020-11-11 13:44:00,43.29,43.37,43.28,43.37,0,0,67320
15811,2020-11-11 13:45:00,43.37,43.37,43.33,43.35,0,0,37380
15812,2020-11-11 13:46:00,43.35,43.39,43.34,43.38,0,0,22518
15813,2020-11-11 13:47:00,43.37,43.38,43.26,43.3,0,0,61516
15814,2020-11-11 13:48:00,43.3,43.3,43.27,43.27,0,0,5516
15815,2020-11-11 13:49:00,43.27,43.28,43.25,43.26,0,0,11795
15816,2020-11-11 13:50:00,43.26,43.29,43.25,43.26,0,0,8507
15817,2020-11-11 13:51:00,43.26,43.28,43.24,43.28,0,0,12006
15818,2020-11-11 13:52:00,43.29,43.29,43.22,43.22,0,0,13677
15819,2020-11-11 13:53:00,43.23,43.3,43.23,43.29,0,0,21314
15820,2020-11-11 13:54:00,43.29,43.31,43.28,43.29,0,0,11712
15821,2020-11-11 13:55:00,43.29,43.29,43.27,43.29,0,0,6984
15822,2020-11-11 13:56:00,43.29,43.3,43.27,43.28,0,0,11110
15823,2020-11-11 13:57:00,43.28,43.28,43.24,43.26,0,0,9471
15824,2020-11-11 13:58:00,43.26,43.28,43.25,43.27,0,0,8572
15825,2020-11-11 13:59:00,43.26,43.29,43.26,43.28,0,0,11725
15826,2020-11-11 14:00:00,43.28,43.33,43.28,43.3,0,0,17507
15827,2020-11-11 14:01:00,43.31,43.32,43.31,43.32,0,0,8072
15828,2020-11-11 14:02:00,43.32,43.35,43.31,43.35,0,0,10756
15829,2020-11-11 14:03:00,43.35,43.4,43.35,43.38,0,0,28303
15830,2020-11-11 14:04:00,43.39,43.41,43.38,43.39,0,0,30778
15831,2020-11-11 14:05:00,43.38,43.4,43.38,43.4,0,0,4568
15832,2020-11-11 14:06:00,43.39,43.43,43.39,43.42,0,0,10238
15833,2020-11-11 14:07:00,43.43,43.47,43.43,43.46,0,0,15963
15834,2020-11-11 14:08:00,43.46,43.46,43.43,43.44,0,0,6521
15835,2020-11-11 14:09:00,43.43,43.43,43.37,43.38,0,0,24460
15836,2020-11-11 14:10:00,43.37,43.4,43.37,43.37,0,0,13092
15837,2020-11-11 14:11:00,43.36,43.39,43.36,43.39,0,0,3692
15838,2020-11-11 14:12:00,43.38,43.41,43.37,43.4,0,0,12047
15839,2020-11-11 14:13:00,43.41,43.42,43.36,43.36,0,0,13665
15840,2020-11-11 14:14:00,43.36,43.36,43.33,43.33,0,0,15069
15841,2020-11-11 14:15:00,43.33,43.38,43.33,43.34,0,0,6212
15842,2020-11-11 14:16:00,43.35,43.35,43.33,43.33,0,0,8789
15843,2020-11-11 14:17:00,43.34,43.35,43.3,43.32,0,0,13074
15844,2020-11-11 14:18:00,43.31,43.34,43.31,43.32,0,0,15450
15845,2020-11-11 14:19:00,43.31,43.31,43.27,43.28,0,0,10976
15846,2020-11-11 14:20:00,43.28,43.28,43.24,43.28,0,0,17919
15847,2020-11-11 14:21:00,43.29,43.32,43.29,43.31,0,0,7067
15848,2020-11-11 14:22:00,43.31,43.31,43.28,43.3,0,0,12144
15849,2020-11-11 14:23:00,43.31,43.32,43.29,43.3,0,0,8059
15850,2020-11-11 14:24:00,43.29,43.3,43.28,43.29,0,0,5049
15851,2020-11-11 14:25:00,43.29,43.29,43.24,43.25,0,0,6993
15852,2020-11-11 14:26:00,43.25,43.25,43.2,43.2,0,0,11385
15853,2020-11-11 14:27:00,43.2,43.22,43.2,43.22,0,0,8062
15854,2020-11-11 14:28:00,43.22,43.22,43.2,43.2,0,0,17725
15855,2020-11-11 14:29:00,43.21,43.22,43.19,43.21,0,0,14293
15856,2020-11-11 14:30:00,43.21,43.23,43.17,43.22,0,0,20439
15857,2020-11-11 14:31:00,43.22,43.26,43.22,43.25,0,0,11222
15858,2020-11-11 14:32:00,43.26,43.27,43.24,43.24,0,0,9952
15859,2020-11-11 14:33:00,43.23,43.24,43.22,43.24,0,0,7121
15860,2020-11-11 14:34:00,43.23,43.24,43.22,43.22,0,0,3709
15861,2020-11-11 14:35:00,43.22,43.24,43.19,43.22,0,0,27614
15862,2020-11-11 14:36:00,43.22,43.22,43.22,43.22,0,0,6008
15863,2020-11-11 14:37:00,43.22,43.26,43.22,43.26,0,0,12875
15864,2020-11-11 14:38:00,43.25,43.28,43.25,43.26,0,0,6735
15865,2020-11-11 14:39:00,43.26,43.26,43.21,43.21,0,0,7091
15866,2020-11-11 14:40:00,43.21,43.21,43.15,43.15,0,0,16370
15867,2020-11-11 14:41:00,43.15,43.17,43.12,43.13,0,0,9631
15868,2020-11-11 14:42:00,43.13,43.19,43.13,43.17,0,0,11638
15869,2020-11-11 14:43:00,43.17,43.2,43.17,43.19,0,0,8103
15870,2020-11-11 14:44:00,43.2,43.24,43.2,43.24,0,0,16018
15871,2020-11-11 14:45:00,43.23,43.23,43.2,43.21,0,0,15096
15872,2020-11-11 14:46:00,43.21,43.21,43.19,43.2,0,0,12402
15873,2020-11-11 14:47:00,43.19,43.19,43.15,43.15,0,0,11531
15874,2020-11-11 14:48:00,43.15,43.16,43.08,43.08,0,0,19381
15875,2020-11-11 14:49:00,43.1,43.12,43.1,43.1,0,0,34445
15876,2020-11-11 14:50:00,43.11,43.11,43.06,43.07,0,0,20951
15877,2020-11-11 14:51:00,43.07,43.12,43.07,43.12,0,0,9058
15878,2020-11-11 14:52:00,43.13,43.15,43.11,43.11,0,0,12422
15879,2020-11-11 14:53:00,43.11,43.12,43.09,43.12,0,0,8766
15880,2020-11-11 14:54:00,43.13,43.14,43.12,43.14,0,0,8928
15881,2020-11-11 14:55:00,43.12,43.13,43.1,43.13,0,0,10587
15882,2020-11-11 14:56:00,43.14,43.16,43.14,43.16,0,0,6514
15883,2020-11-11 14:57:00,43.15,43.16,43.13,43.14,0,0,7738
15884,2020-11-11 14:58:00,43.13,43.15,43.12,43.14,0,0,7746
15885,2020-11-11 14:59:00,43.14,43.14,43.08,43.11,0,0,18188
15886,2020-11-11 15:00:00,43.11,43.17,43.11,43.15,0,0,19519
15887,2020-11-11 15:01:00,43.15,43.15,43.12,43.12,0,0,5304
15888,2020-11-11 15:02:00,43.12,43.15,43.12,43.15,0,0,11001
15889,2020-11-11 15:03:00,43.16,43.19,43.16,43.16,0,0,19365
15890,2020-11-11 15:04:00,43.17,43.17,43.13,43.13,0,0,9668
15891,2020-11-11 15:05:00,43.12,43.13,43.09,43.1,0,0,8221
15892,2020-11-11 15:06:00,43.09,43.18,43.09,43.17,0,0,32004
15893,2020-11-11 15:07:00,43.16,43.16,43.13,43.14,0,0,7328
15894,2020-11-11 15:08:00,43.15,43.17,43.15,43.17,0,0,29205
15895,2020-11-11 15:09:00,43.17,43.17,43.14,43.17,0,0,12319
15896,2020-11-11 15:10:00,43.17,43.17,43.15,43.16,0,0,8306
15897,2020-11-11 15:11:00,43.15,43.17,43.15,43.17,0,0,5042
15898,2020-11-11 15:12:00,43.16,43.17,43.15,43.17,0,0,8686
15899,2020-11-11 15:13:00,43.17,43.2,43.17,43.19,0,0,15349
15900,2020-11-11 15:14:00,43.2,43.21,43.19,43.21,0,0,10056
15901,2020-11-11 15:15:00,43.2,43.21,43.18,43.19,0,0,14456
15902,2020-11-11 15:16:00,43.18,43.19,43.17,43.18,0,0,5921
15903,2020-11-11 15:17:00,43.18,43.21,43.18,43.18,0,0,9487
15904,2020-11-11 15:18:00,43.18,43.19,43.17,43.19,0,0,6526
15905,2020-11-11 15:19:00,43.19,43.23,43.19,43.22,0,0,11536
15906,2020-11-11 15:20:00,43.22,43.22,43.15,43.17,0,0,19561
15907,2020-11-11 15:21:00,43.18,43.19,43.15,43.17,0,0,9044
15908,2020-11-11 15:22:00,43.17,43.17,43.14,43.15,0,0,12815
15909,2020-11-11 15:23:00,43.15,43.15,43.1,43.12,0,0,17153
15910,2020-11-11 15:24:00,43.12,43.17,43.12,43.16,0,0,10811
15911,2020-11-11 15:25:00,43.17,43.17,43.12,43.14,0,0,18232
15912,2020-11-11 15:26:00,43.15,43.18,43.15,43.18,0,0,16154
15913,2020-11-11 15:27:00,43.18,43.19,43.16,43.18,0,0,13481
15914,2020-11-11 15:28:00,43.18,43.18,43.14,43.16,0,0,18873
15915,2020-11-11 15:29:00,43.17,43.19,43.17,43.17,0,0,13900
15916,2020-11-11 15:30:00,43.16,43.21,43.15,43.2,0,0,24380
15917,2020-11-11 15:31:00,43.19,43.21,43.19,43.21,0,0,16445
15918,2020-11-11 15:32:00,43.2,43.27,43.2,43.27,0,0,36576
15919,2020-11-11 15:33:00,43.26,43.26,43.22,43.23,0,0,24923
15920,2020-11-11 15:34:00,43.23,43.25,43.21,43.21,0,0,30061
15921,2020-11-11 15:35:00,43.21,43.21,43.16,43.19,0,0,24786
15922,2020-11-11 15:36:00,43.19,43.22,43.18,43.21,0,0,15472
15923,2020-11-11 15:37:00,43.21,43.22,43.21,43.21,0,0,23856
15924,2020-11-11 15:38:00,43.21,43.24,43.21,43.24,0,0,18680
15925,2020-11-11 15:39:00,43.24,43.26,43.24,43.24,0,0,34052
15926,2020-11-11 15:40:00,43.24,43.28,43.24,43.28,0,0,37278
15927,2020-11-11 15:41:00,43.28,43.36,43.28,43.35,0,0,43637
15928,2020-11-11 15:42:00,43.36,43.36,43.3,43.34,0,0,42653
15929,2020-11-11 15:43:00,43.34,43.37,43.33,43.35,0,0,24152
15930,2020-11-11 15:44:00,43.35,43.39,43.35,43.37,0,0,35000
15931,2020-11-11 15:45:00,43.37,43.39,43.34,43.38,0,0,34265
15932,2020-11-11 15:46:00,43.39,43.4,43.38,43.4,0,0,48717
15933,2020-11-11 15:47:00,43.4,43.43,43.38,43.41,0,0,43523
15934,2020-11-11 15:48:00,43.41,43.43,43.4,43.42,0,0,36134
15935,2020-11-11 15:49:00,43.42,43.47,43.41,43.47,0,0,49684
15936,2020-11-11 15:50:00,43.47,43.49,43.43,43.47,0,0,81561
15937,2020-11-11 15:51:00,43.47,43.54,43.46,43.54,0,0,96527
15938,2020-11-11 15:52:00,43.54,43.6,43.54,43.6,0,0,114049
15939,2020-11-11 15:53:00,43.6,43.61,43.52,43.57,0,0,113785
15940,2020-11-11 15:54:00,43.56,43.62,43.56,43.6,0,0,82690
15941,2020-11-11 15:55:00,43.59,43.6,43.53,43.59,0,0,100676
15942,2020-11-11 15:56:00,43.58,43.64,43.58,43.59,0,0,150878
15943,2020-11-11 15:57:00,43.6,43.66,43.58,43.66,0,0,142466
15944,2020-11-11 15:58:00,43.65,43.67,43.58,43.67,0,0,150787
15945,2020-11-11 15:59:00,43.67,43.73,43.62,43.62,0,0,349185
15946,2020-11-12 09:30:00,43.3,43.74,43.2,43.67,0,0,248283
15947,2020-11-12 09:31:00,43.67,43.68,43.54,43.64,0,0,30678
15948,2020-11-12 09:32:00,43.66,43.73,43.5,43.65,0,0,43585
15949,2020-11-12 09:33:00,43.69,43.69,43.55,43.67,0,0,44442
15950,2020-11-12 09:34:00,43.68,43.85,43.67,43.83,0,0,39718
15951,2020-11-12 09:35:00,43.84,44.0,43.81,43.95,0,0,67739
15952,2020-11-12 09:36:00,43.94,44.06,43.86,43.91,0,0,118003
15953,2020-11-12 09:37:00,43.94,44.09,43.94,44.08,0,0,28065
15954,2020-11-12 09:38:00,44.08,44.15,44.04,44.12,0,0,48924
15955,2020-11-12 09:39:00,44.11,44.11,43.96,43.98,0,0,33666
15956,2020-11-12 09:40:00,43.98,44.05,43.89,43.97,0,0,62869
15957,2020-11-12 09:41:00,43.97,44.04,43.89,44.0,0,0,36734
15958,2020-11-12 09:42:00,43.99,44.02,43.92,43.94,0,0,23840
15959,2020-11-12 09:43:00,43.95,43.96,43.83,43.92,0,0,29455
15960,2020-11-12 09:44:00,43.92,44.04,43.9,44.03,0,0,33494
15961,2020-11-12 09:45:00,44.02,44.08,44.0,44.01,0,0,49999
15962,2020-11-12 09:46:00,44.0,44.03,43.79,43.81,0,0,36090
15963,2020-11-12 09:47:00,43.81,43.83,43.75,43.8,0,0,32520
15964,2020-11-12 09:48:00,43.79,43.79,43.75,43.78,0,0,20025
15965,2020-11-12 09:49:00,43.77,43.77,43.7,43.7,0,0,22724
15966,2020-11-12 09:50:00,43.7,43.77,43.7,43.75,0,0,33136
15967,2020-11-12 09:51:00,43.73,43.83,43.68,43.8,0,0,44476
15968,2020-11-12 09:52:00,43.81,43.81,43.73,43.75,0,0,28822
15969,2020-11-12 09:53:00,43.74,43.8,43.73,43.78,0,0,18834
15970,2020-11-12 09:54:00,43.78,43.85,43.77,43.84,0,0,26168
15971,2020-11-12 09:55:00,43.84,43.84,43.72,43.72,0,0,12556
15972,2020-11-12 09:56:00,43.75,43.75,43.71,43.71,0,0,21234
15973,2020-11-12 09:57:00,43.72,43.9,43.71,43.89,0,0,27502
15974,2020-11-12 09:58:00,43.89,43.92,43.87,43.87,0,0,18253
15975,2020-11-12 09:59:00,43.87,43.9,43.8,43.8,0,0,11565
15976,2020-11-12 10:00:00,43.82,43.83,43.75,43.76,0,0,14521
15977,2020-11-12 10:01:00,43.75,43.96,43.75,43.96,0,0,40412
15978,2020-11-12 10:02:00,43.96,43.98,43.89,43.89,0,0,18841
15979,2020-11-12 10:03:00,43.9,43.92,43.86,43.86,0,0,12073
15980,2020-11-12 10:04:00,43.86,43.87,43.76,43.78,0,0,23556
15981,2020-11-12 10:05:00,43.79,43.85,43.78,43.78,0,0,16214
15982,2020-11-12 10:06:00,43.79,43.81,43.7,43.72,0,0,27517
15983,2020-11-12 10:07:00,43.7,43.71,43.65,43.67,0,0,26846
15984,2020-11-12 10:08:00,43.7,43.72,43.67,43.71,0,0,17491
15985,2020-11-12 10:09:00,43.71,43.72,43.66,43.72,0,0,30567
15986,2020-11-12 10:10:00,43.72,43.74,43.64,43.65,0,0,17068
15987,2020-11-12 10:11:00,43.66,43.72,43.66,43.69,0,0,15689
15988,2020-11-12 10:12:00,43.69,43.76,43.68,43.75,0,0,19663
15989,2020-11-12 10:13:00,43.74,43.79,43.69,43.72,0,0,26203
15990,2020-11-12 10:14:00,43.73,43.74,43.69,43.72,0,0,24535
15991,2020-11-12 10:15:00,43.73,43.75,43.67,43.69,0,0,15275
15992,2020-11-12 10:16:00,43.7,43.76,43.67,43.76,0,0,14694
15993,2020-11-12 10:17:00,43.75,43.75,43.63,43.65,0,0,44751
15994,2020-11-12 10:18:00,43.66,43.67,43.62,43.65,0,0,21752
15995,2020-11-12 10:19:00,43.65,43.68,43.63,43.66,0,0,40975
15996,2020-11-12 10:20:00,43.66,43.67,43.6,43.6,0,0,10598
15997,2020-11-12 10:21:00,43.61,43.64,43.57,43.57,0,0,15450
15998,2020-11-12 10:22:00,43.57,43.63,43.57,43.58,0,0,30777
15999,2020-11-12 10:23:00,43.59,43.6,43.52,43.58,0,0,40895
16000,2020-11-12 10:24:00,43.58,43.63,43.55,43.59,0,0,23857
16001,2020-11-12 10:25:00,43.59,43.65,43.57,43.64,0,0,23159
16002,2020-11-12 10:26:00,43.63,43.66,43.56,43.56,0,0,25711
16003,2020-11-12 10:27:00,43.56,43.56,43.53,43.53,0,0,33889
16004,2020-11-12 10:28:00,43.52,43.56,43.48,43.48,0,0,35171
16005,2020-11-12 10:29:00,43.48,43.49,43.44,43.44,0,0,25310
16006,2020-11-12 10:30:00,43.44,43.5,43.42,43.44,0,0,35583
16007,2020-11-12 10:31:00,43.44,43.47,43.43,43.44,0,0,33279
16008,2020-11-12 10:32:00,43.45,43.47,43.42,43.42,0,0,24629
16009,2020-11-12 10:33:00,43.43,43.45,43.4,43.44,0,0,32200
16010,2020-11-12 10:34:00,43.45,43.45,43.4,43.41,0,0,32736
16011,2020-11-12 10:35:00,43.4,43.45,43.37,43.4,0,0,56767
16012,2020-11-12 10:36:00,43.41,43.41,43.37,43.4,0,0,17319
16013,2020-11-12 10:37:00,43.39,43.44,43.37,43.43,0,0,37074
16014,2020-11-12 10:38:00,43.44,43.52,43.44,43.51,0,0,47854
16015,2020-11-12 10:39:00,43.51,43.51,43.47,43.5,0,0,18085
16016,2020-11-12 10:40:00,43.51,43.58,43.51,43.58,0,0,20868
16017,2020-11-12 10:41:00,43.57,43.64,43.57,43.62,0,0,22193
16018,2020-11-12 10:42:00,43.62,43.65,43.6,43.6,0,0,30031
16019,2020-11-12 10:43:00,43.58,43.6,43.56,43.56,0,0,32871
16020,2020-11-12 10:44:00,43.56,43.58,43.5,43.51,0,0,27788
16021,2020-11-12 10:45:00,43.52,43.52,43.45,43.45,0,0,11813
16022,2020-11-12 10:46:00,43.45,43.47,43.43,43.47,0,0,11687
16023,2020-11-12 10:47:00,43.47,43.5,43.44,43.5,0,0,8441
16024,2020-11-12 10:48:00,43.5,43.55,43.48,43.5,0,0,36694
16025,2020-11-12 10:49:00,43.51,43.52,43.48,43.48,0,0,26849
16026,2020-11-12 10:50:00,43.48,43.48,43.41,43.45,0,0,11953
16027,2020-11-12 10:51:00,43.45,43.52,43.45,43.47,0,0,41113
16028,2020-11-12 10:52:00,43.46,43.46,43.41,43.42,0,0,7486
16029,2020-11-12 10:53:00,43.42,43.46,43.42,43.44,0,0,10370
16030,2020-11-12 10:54:00,43.44,43.44,43.38,43.41,0,0,11535
16031,2020-11-12 10:55:00,43.4,43.44,43.4,43.43,0,0,9815
16032,2020-11-12 10:56:00,43.44,43.48,43.42,43.47,0,0,13227
16033,2020-11-12 10:57:00,43.46,43.5,43.46,43.48,0,0,15277
16034,2020-11-12 10:58:00,43.47,43.5,43.47,43.49,0,0,10290
16035,2020-11-12 10:59:00,43.49,43.49,43.42,43.42,0,0,21903
16036,2020-11-12 11:00:00,43.42,43.46,43.4,43.46,0,0,28471
16037,2020-11-12 11:01:00,43.45,43.48,43.44,43.47,0,0,9319
16038,2020-11-12 11:02:00,43.47,43.5,43.44,43.49,0,0,16490
16039,2020-11-12 11:03:00,43.49,43.5,43.45,43.46,0,0,19860
16040,2020-11-12 11:04:00,43.46,43.51,43.46,43.49,0,0,36486
16041,2020-11-12 11:05:00,43.5,43.54,43.48,43.53,0,0,57095
16042,2020-11-12 11:06:00,43.54,43.54,43.48,43.5,0,0,14527
16043,2020-11-12 11:07:00,43.5,43.5,43.47,43.49,0,0,10372
16044,2020-11-12 11:08:00,43.49,43.51,43.47,43.48,0,0,33755
16045,2020-11-12 11:09:00,43.48,43.51,43.47,43.49,0,0,28039
16046,2020-11-12 11:10:00,43.49,43.51,43.47,43.47,0,0,16760
16047,2020-11-12 11:11:00,43.46,43.49,43.43,43.47,0,0,24927
16048,2020-11-12 11:12:00,43.46,43.47,43.44,43.47,0,0,11892
16049,2020-11-12 11:13:00,43.46,43.46,43.43,43.44,0,0,6630
16050,2020-11-12 11:14:00,43.44,43.46,43.42,43.44,0,0,20768
16051,2020-11-12 11:15:00,43.43,43.43,43.4,43.43,0,0,12980
16052,2020-11-12 11:16:00,43.42,43.44,43.41,43.44,0,0,14147
16053,2020-11-12 11:17:00,43.45,43.5,43.44,43.47,0,0,68525
16054,2020-11-12 11:18:00,43.49,43.5,43.45,43.49,0,0,15510
16055,2020-11-12 11:19:00,43.49,43.52,43.48,43.52,0,0,10917
16056,2020-11-12 11:20:00,43.52,43.59,43.52,43.58,0,0,13414
16057,2020-11-12 11:21:00,43.57,43.63,43.56,43.62,0,0,25307
16058,2020-11-12 11:22:00,43.64,43.65,43.62,43.65,0,0,17350
16059,2020-11-12 11:23:00,43.65,43.67,43.63,43.66,0,0,12038
16060,2020-11-12 11:24:00,43.66,43.67,43.64,43.65,0,0,8818
16061,2020-11-12 11:25:00,43.66,43.66,43.62,43.65,0,0,11423
16062,2020-11-12 11:26:00,43.65,43.66,43.61,43.65,0,0,14553
16063,2020-11-12 11:27:00,43.65,43.67,43.63,43.65,0,0,9593
16064,2020-11-12 11:28:00,43.66,43.66,43.62,43.65,0,0,14548
16065,2020-11-12 11:29:00,43.66,43.71,43.66,43.71,0,0,8794
16066,2020-11-12 11:30:00,43.7,43.7,43.68,43.69,0,0,6689
16067,2020-11-12 11:31:00,43.69,43.74,43.67,43.71,0,0,21016
16068,2020-11-12 11:32:00,43.72,43.77,43.72,43.74,0,0,13798
16069,2020-11-12 11:33:00,43.75,43.76,43.72,43.72,0,0,12267
16070,2020-11-12 11:34:00,43.71,43.72,43.67,43.69,0,0,8017
16071,2020-11-12 11:35:00,43.69,43.76,43.69,43.76,0,0,12247
16072,2020-11-12 11:36:00,43.76,43.78,43.75,43.76,0,0,6094
16073,2020-11-12 11:37:00,43.77,43.77,43.75,43.76,0,0,9353
16074,2020-11-12 11:38:00,43.76,43.76,43.75,43.75,0,0,6935
16075,2020-11-12 11:39:00,43.76,43.76,43.72,43.72,0,0,13110
16076,2020-11-12 11:40:00,43.72,43.72,43.69,43.69,0,0,22111
16077,2020-11-12 11:41:00,43.69,43.71,43.68,43.71,0,0,7790
16078,2020-11-12 11:42:00,43.71,43.72,43.67,43.67,0,0,10525
16079,2020-11-12 11:43:00,43.67,43.69,43.65,43.69,0,0,10806
16080,2020-11-12 11:44:00,43.69,43.71,43.68,43.71,0,0,10588
16081,2020-11-12 11:45:00,43.71,43.73,43.69,43.73,0,0,12962
16082,2020-11-12 11:46:00,43.72,43.78,43.72,43.78,0,0,12408
16083,2020-11-12 11:47:00,43.78,43.78,43.7,43.71,0,0,13595
16084,2020-11-12 11:48:00,43.71,43.71,43.67,43.69,0,0,11391
16085,2020-11-12 11:49:00,43.68,43.71,43.68,43.7,0,0,11285
16086,2020-11-12 11:50:00,43.69,43.73,43.68,43.71,0,0,27937
16087,2020-11-12 11:51:00,43.72,43.73,43.69,43.73,0,0,4278
16088,2020-11-12 11:52:00,43.71,43.71,43.68,43.69,0,0,4284
16089,2020-11-12 11:53:00,43.7,43.72,43.69,43.72,0,0,11487
16090,2020-11-12 11:54:00,43.73,43.76,43.72,43.75,0,0,16340
16091,2020-11-12 11:55:00,43.76,43.78,43.76,43.77,0,0,14605
16092,2020-11-12 11:56:00,43.77,43.78,43.72,43.75,0,0,31357
16093,2020-11-12 11:57:00,43.76,43.82,43.76,43.79,0,0,23128
16094,2020-11-12 11:58:00,43.79,43.83,43.79,43.82,0,0,16770
16095,2020-11-12 11:59:00,43.83,43.83,43.81,43.82,0,0,5689
16096,2020-11-12 12:00:00,43.82,43.83,43.79,43.8,0,0,11114
16097,2020-11-12 12:01:00,43.8,43.82,43.8,43.81,0,0,8450
16098,2020-11-12 12:02:00,43.82,43.84,43.81,43.82,0,0,8350
16099,2020-11-12 12:03:00,43.82,43.83,43.8,43.81,0,0,12805
16100,2020-11-12 12:04:00,43.81,43.83,43.8,43.82,0,0,13452
16101,2020-11-12 12:05:00,43.82,43.82,43.77,43.79,0,0,8366
16102,2020-11-12 12:06:00,43.78,43.8,43.75,43.77,0,0,10254
16103,2020-11-12 12:07:00,43.76,43.79,43.76,43.79,0,0,10713
16104,2020-11-12 12:08:00,43.8,43.84,43.8,43.83,0,0,21750
16105,2020-11-12 12:09:00,43.83,43.83,43.81,43.83,0,0,3428
16106,2020-11-12 12:10:00,43.83,43.84,43.81,43.84,0,0,15798
16107,2020-11-12 12:11:00,43.84,43.85,43.84,43.84,0,0,9948
16108,2020-11-12 12:12:00,43.85,43.86,43.83,43.85,0,0,17949
16109,2020-11-12 12:13:00,43.85,43.86,43.85,43.85,0,0,8810
16110,2020-11-12 12:14:00,43.86,43.86,43.84,43.85,0,0,9085
16111,2020-11-12 12:15:00,43.85,43.87,43.84,43.86,0,0,9470
16112,2020-11-12 12:16:00,43.87,43.88,43.85,43.85,0,0,21502
16113,2020-11-12 12:17:00,43.85,43.86,43.84,43.84,0,0,15307
16114,2020-11-12 12:18:00,43.85,43.85,43.81,43.81,0,0,31338
16115,2020-11-12 12:19:00,43.81,43.82,43.81,43.81,0,0,9023
16116,2020-11-12 12:20:00,43.82,43.84,43.81,43.81,0,0,12488
16117,2020-11-12 12:21:00,43.8,43.8,43.74,43.76,0,0,11127
16118,2020-11-12 12:22:00,43.76,43.77,43.75,43.76,0,0,6077
16119,2020-11-12 12:23:00,43.77,43.78,43.76,43.77,0,0,12063
16120,2020-11-12 12:24:00,43.77,43.77,43.71,43.72,0,0,13303
16121,2020-11-12 12:25:00,43.72,43.72,43.67,43.71,0,0,16381
16122,2020-11-12 12:26:00,43.71,43.73,43.69,43.71,0,0,15835
16123,2020-11-12 12:27:00,43.7,43.7,43.66,43.67,0,0,16822
16124,2020-11-12 12:28:00,43.67,43.67,43.63,43.65,0,0,10678
16125,2020-11-12 12:29:00,43.65,43.65,43.62,43.63,0,0,15670
16126,2020-11-12 12:30:00,43.64,43.66,43.63,43.64,0,0,5245
16127,2020-11-12 12:31:00,43.64,43.67,43.64,43.65,0,0,5137
16128,2020-11-12 12:32:00,43.66,43.72,43.66,43.7,0,0,14946
16129,2020-11-12 12:33:00,43.71,43.72,43.7,43.71,0,0,5886
16130,2020-11-12 12:34:00,43.71,43.72,43.69,43.7,0,0,8841
16131,2020-11-12 12:35:00,43.71,43.74,43.71,43.72,0,0,27529
16132,2020-11-12 12:36:00,43.72,43.74,43.7,43.71,0,0,8218
16133,2020-11-12 12:37:00,43.71,43.72,43.7,43.71,0,0,7388
16134,2020-11-12 12:38:00,43.71,43.74,43.7,43.73,0,0,16170
16135,2020-11-12 12:39:00,43.72,43.72,43.66,43.67,0,0,25086
16136,2020-11-12 12:40:00,43.67,43.67,43.59,43.62,0,0,15182
16137,2020-11-12 12:41:00,43.62,43.64,43.58,43.58,0,0,10316
16138,2020-11-12 12:42:00,43.6,43.62,43.58,43.58,0,0,9081
16139,2020-11-12 12:43:00,43.58,43.58,43.56,43.57,0,0,7246
16140,2020-11-12 12:44:00,43.58,43.6,43.58,43.59,0,0,3224
16141,2020-11-12 12:45:00,43.58,43.6,43.53,43.54,0,0,12589
16142,2020-11-12 12:46:00,43.54,43.54,43.45,43.48,0,0,27280
16143,2020-11-12 12:47:00,43.47,43.49,43.43,43.43,0,0,21258
16144,2020-11-12 12:48:00,43.44,43.45,43.37,43.41,0,0,30140
16145,2020-11-12 12:49:00,43.4,43.4,43.35,43.36,0,0,16912
16146,2020-11-12 12:50:00,43.37,43.4,43.32,43.33,0,0,16861
16147,2020-11-12 12:51:00,43.32,43.36,43.28,43.3,0,0,23505
16148,2020-11-12 12:52:00,43.31,43.37,43.31,43.37,0,0,9066
16149,2020-11-12 12:53:00,43.36,43.37,43.34,43.36,0,0,7938
16150,2020-11-12 12:54:00,43.36,43.37,43.32,43.33,0,0,15230
16151,2020-11-12 12:55:00,43.33,43.35,43.31,43.31,0,0,12832
16152,2020-11-12 12:56:00,43.31,43.32,43.27,43.3,0,0,38635
16153,2020-11-12 12:57:00,43.3,43.38,43.3,43.35,0,0,13903
16154,2020-11-12 12:58:00,43.35,43.37,43.35,43.36,0,0,17853
16155,2020-11-12 12:59:00,43.35,43.38,43.35,43.37,0,0,4632
16156,2020-11-12 13:00:00,43.37,43.4,43.36,43.39,0,0,16411
16157,2020-11-12 13:01:00,43.39,43.42,43.38,43.39,0,0,12959
16158,2020-11-12 13:02:00,43.38,43.39,43.37,43.38,0,0,3771
16159,2020-11-12 13:03:00,43.39,43.44,43.38,43.42,0,0,20407
16160,2020-11-12 13:04:00,43.42,43.44,43.4,43.4,0,0,8604
16161,2020-11-12 13:05:00,43.4,43.42,43.4,43.41,0,0,10618
16162,2020-11-12 13:06:00,43.42,43.42,43.39,43.4,0,0,5145
16163,2020-11-12 13:07:00,43.42,43.42,43.38,43.39,0,0,12072
16164,2020-11-12 13:08:00,43.39,43.4,43.37,43.37,0,0,3640
16165,2020-11-12 13:09:00,43.38,43.38,43.35,43.37,0,0,11175
16166,2020-11-12 13:10:00,43.37,43.38,43.3,43.3,0,0,8807
16167,2020-11-12 13:11:00,43.32,43.32,43.29,43.3,0,0,11021
16168,2020-11-12 13:12:00,43.3,43.31,43.27,43.3,0,0,15334
16169,2020-11-12 13:13:00,43.31,43.31,43.27,43.28,0,0,20021
16170,2020-11-12 13:14:00,43.29,43.38,43.28,43.38,0,0,11681
16171,2020-11-12 13:15:00,43.38,43.42,43.37,43.38,0,0,5744
16172,2020-11-12 13:16:00,43.39,43.39,43.34,43.36,0,0,14417
16173,2020-11-12 13:17:00,43.36,43.36,43.31,43.31,0,0,16658
16174,2020-11-12 13:18:00,43.31,43.34,43.29,43.32,0,0,13320
16175,2020-11-12 13:19:00,43.32,43.35,43.3,43.3,0,0,76039
16176,2020-11-12 13:20:00,43.3,43.36,43.28,43.36,0,0,15370
16177,2020-11-12 13:21:00,43.36,43.36,43.34,43.36,0,0,59255
16178,2020-11-12 13:22:00,43.35,43.35,43.31,43.31,0,0,7486
16179,2020-11-12 13:23:00,43.31,43.33,43.29,43.33,0,0,12530
16180,2020-11-12 13:24:00,43.32,43.33,43.26,43.26,0,0,5969
16181,2020-11-12 13:25:00,43.26,43.29,43.25,43.28,0,0,12532
16182,2020-11-12 13:26:00,43.28,43.33,43.28,43.29,0,0,5751
16183,2020-11-12 13:27:00,43.28,43.28,43.23,43.24,0,0,17308
16184,2020-11-12 13:28:00,43.24,43.27,43.22,43.23,0,0,8789
16185,2020-11-12 13:29:00,43.22,43.23,43.21,43.21,0,0,6047
16186,2020-11-12 13:30:00,43.2,43.2,43.14,43.16,0,0,17924
16187,2020-11-12 13:31:00,43.19,43.28,43.19,43.25,0,0,12667
16188,2020-11-12 13:32:00,43.24,43.28,43.24,43.28,0,0,17600
16189,2020-11-12 13:33:00,43.29,43.33,43.28,43.31,0,0,22535
16190,2020-11-12 13:34:00,43.31,43.32,43.29,43.29,0,0,15373
16191,2020-11-12 13:35:00,43.3,43.31,43.28,43.29,0,0,33388
16192,2020-11-12 13:36:00,43.29,43.33,43.29,43.31,0,0,14136
16193,2020-11-12 13:37:00,43.31,43.34,43.31,43.33,0,0,16167
16194,2020-11-12 13:38:00,43.33,43.33,43.29,43.32,0,0,15129
16195,2020-11-12 13:39:00,43.31,43.31,43.29,43.29,0,0,4515
16196,2020-11-12 13:40:00,43.29,43.3,43.26,43.29,0,0,10396
16197,2020-11-12 13:41:00,43.29,43.31,43.28,43.31,0,0,12014
16198,2020-11-12 13:42:00,43.31,43.33,43.31,43.32,0,0,6008
16199,2020-11-12 13:43:00,43.32,43.33,43.32,43.32,0,0,13959
16200,2020-11-12 13:44:00,43.33,43.37,43.32,43.35,0,0,28606
16201,2020-11-12 13:45:00,43.35,43.37,43.35,43.36,0,0,10418
16202,2020-11-12 13:46:00,43.35,43.35,43.26,43.26,0,0,21596
16203,2020-11-12 13:47:00,43.28,43.28,43.27,43.28,0,0,5600
16204,2020-11-12 13:48:00,43.27,43.3,43.27,43.29,0,0,4914
16205,2020-11-12 13:49:00,43.29,43.31,43.28,43.29,0,0,13179
16206,2020-11-12 13:50:00,43.3,43.32,43.29,43.31,0,0,18802
16207,2020-11-12 13:51:00,43.29,43.34,43.29,43.33,0,0,12958
16208,2020-11-12 13:52:00,43.33,43.37,43.33,43.36,0,0,14686
16209,2020-11-12 13:53:00,43.36,43.36,43.33,43.33,0,0,17298
16210,2020-11-12 13:54:00,43.32,43.36,43.3,43.36,0,0,9365
16211,2020-11-12 13:55:00,43.35,43.35,43.33,43.33,0,0,7906
16212,2020-11-12 13:56:00,43.32,43.32,43.3,43.31,0,0,7619
16213,2020-11-12 13:57:00,43.31,43.31,43.28,43.29,0,0,8611
16214,2020-11-12 13:58:00,43.29,43.31,43.29,43.3,0,0,8513
16215,2020-11-12 13:59:00,43.31,43.31,43.29,43.29,0,0,17295
16216,2020-11-12 14:00:00,43.28,43.28,43.25,43.26,0,0,9620
16217,2020-11-12 14:01:00,43.25,43.29,43.24,43.28,0,0,10051
16218,2020-11-12 14:02:00,43.28,43.36,43.28,43.36,0,0,18919
16219,2020-11-12 14:03:00,43.36,43.37,43.34,43.35,0,0,12725
16220,2020-11-12 14:04:00,43.35,43.37,43.34,43.34,0,0,8378
16221,2020-11-12 14:05:00,43.36,43.37,43.33,43.35,0,0,8487
16222,2020-11-12 14:06:00,43.34,43.34,43.28,43.28,0,0,14208
16223,2020-11-12 14:07:00,43.29,43.3,43.28,43.28,0,0,6235
16224,2020-11-12 14:08:00,43.29,43.29,43.25,43.26,0,0,8825
16225,2020-11-12 14:09:00,43.27,43.27,43.25,43.26,0,0,3241
16226,2020-11-12 14:10:00,43.26,43.27,43.26,43.26,0,0,7377
16227,2020-11-12 14:11:00,43.25,43.25,43.23,43.23,0,0,9648
16228,2020-11-12 14:12:00,43.22,43.24,43.2,43.23,0,0,13741
16229,2020-11-12 14:13:00,43.24,43.24,43.21,43.22,0,0,4830
16230,2020-11-12 14:14:00,43.21,43.22,43.17,43.19,0,0,7779
16231,2020-11-12 14:15:00,43.19,43.2,43.17,43.2,0,0,14578
16232,2020-11-12 14:16:00,43.18,43.19,43.17,43.17,0,0,10018
16233,2020-11-12 14:17:00,43.17,43.19,43.17,43.18,0,0,2784
16234,2020-11-12 14:18:00,43.18,43.18,43.13,43.15,0,0,33402
16235,2020-11-12 14:19:00,43.15,43.18,43.14,43.16,0,0,45698
16236,2020-11-12 14:20:00,43.16,43.18,43.12,43.12,0,0,20828
16237,2020-11-12 14:21:00,43.12,43.17,43.07,43.16,0,0,22937
16238,2020-11-12 14:22:00,43.16,43.17,43.15,43.16,0,0,9456
16239,2020-11-12 14:23:00,43.16,43.18,43.15,43.16,0,0,8677
16240,2020-11-12 14:24:00,43.15,43.15,43.1,43.1,0,0,12192
16241,2020-11-12 14:25:00,43.1,43.13,43.08,43.12,0,0,24201
16242,2020-11-12 14:26:00,43.13,43.14,43.12,43.14,0,0,8815
16243,2020-11-12 14:27:00,43.13,43.14,43.1,43.11,0,0,18431
16244,2020-11-12 14:28:00,43.1,43.11,43.08,43.08,0,0,10753
16245,2020-11-12 14:29:00,43.08,43.09,43.07,43.08,0,0,14781
16246,2020-11-12 14:30:00,43.07,43.08,43.05,43.07,0,0,22511
16247,2020-11-12 14:31:00,43.06,43.1,43.04,43.08,0,0,19365
16248,2020-11-12 14:32:00,43.09,43.16,43.09,43.13,0,0,23075
16249,2020-11-12 14:33:00,43.13,43.15,43.11,43.13,0,0,97134
16250,2020-11-12 14:34:00,43.14,43.15,43.11,43.14,0,0,127631
16251,2020-11-12 14:35:00,43.15,43.16,43.13,43.15,0,0,14336
16252,2020-11-12 14:36:00,43.15,43.18,43.12,43.17,0,0,14556
16253,2020-11-12 14:37:00,43.18,43.18,43.15,43.16,0,0,8607
16254,2020-11-12 14:38:00,43.16,43.17,43.14,43.15,0,0,8164
16255,2020-11-12 14:39:00,43.15,43.15,43.12,43.15,0,0,9030
16256,2020-11-12 14:40:00,43.14,43.14,43.08,43.08,0,0,8801
16257,2020-11-12 14:41:00,43.1,43.1,43.02,43.03,0,0,22521
16258,2020-11-12 14:42:00,43.03,43.03,42.98,43.0,0,0,46603
16259,2020-11-12 14:43:00,42.99,43.03,42.97,42.97,0,0,16228
16260,2020-11-12 14:44:00,42.97,42.99,42.9,42.92,0,0,70589
16261,2020-11-12 14:45:00,42.91,42.96,42.9,42.94,0,0,23590
16262,2020-11-12 14:46:00,42.93,42.94,42.92,42.92,0,0,11104
16263,2020-11-12 14:47:00,42.92,42.95,42.91,42.94,0,0,23109
16264,2020-11-12 14:48:00,42.93,42.96,42.93,42.94,0,0,11607
16265,2020-11-12 14:49:00,42.95,42.96,42.94,42.95,0,0,20152
16266,2020-11-12 14:50:00,42.94,42.97,42.92,42.96,0,0,41165
16267,2020-11-12 14:51:00,42.96,42.96,42.94,42.94,0,0,15135
16268,2020-11-12 14:52:00,42.94,42.95,42.9,42.9,0,0,22846
16269,2020-11-12 14:53:00,42.91,42.91,42.81,42.81,0,0,53190
16270,2020-11-12 14:54:00,42.82,42.84,42.81,42.83,0,0,21267
16271,2020-11-12 14:55:00,42.82,42.86,42.77,42.84,0,0,43375
16272,2020-11-12 14:56:00,42.83,42.86,42.81,42.81,0,0,16044
16273,2020-11-12 14:57:00,42.83,42.85,42.78,42.79,0,0,30809
16274,2020-11-12 14:58:00,42.79,42.8,42.76,42.76,0,0,14898
16275,2020-11-12 14:59:00,42.77,42.79,42.77,42.77,0,0,10218
16276,2020-11-12 15:00:00,42.76,42.84,42.76,42.83,0,0,22257
16277,2020-11-12 15:01:00,42.83,42.83,42.79,42.81,0,0,24928
16278,2020-11-12 15:02:00,42.8,42.82,42.78,42.82,0,0,18096
16279,2020-11-12 15:03:00,42.83,42.85,42.82,42.85,0,0,13830
16280,2020-11-12 15:04:00,42.85,42.86,42.82,42.83,0,0,8886
16281,2020-11-12 15:05:00,42.82,42.86,42.81,42.86,0,0,17416
16282,2020-11-12 15:06:00,42.86,42.88,42.82,42.85,0,0,7707
16283,2020-11-12 15:07:00,42.84,42.88,42.84,42.85,0,0,17272
16284,2020-11-12 15:08:00,42.86,42.87,42.83,42.83,0,0,16567
16285,2020-11-12 15:09:00,42.83,42.86,42.83,42.85,0,0,11800
16286,2020-11-12 15:10:00,42.85,42.9,42.85,42.87,0,0,14846
16287,2020-11-12 15:11:00,42.88,42.88,42.85,42.86,0,0,11953
16288,2020-11-12 15:12:00,42.85,42.89,42.83,42.89,0,0,25726
16289,2020-11-12 15:13:00,42.88,42.9,42.87,42.9,0,0,11140
16290,2020-11-12 15:14:00,42.9,42.92,42.9,42.91,0,0,11533
16291,2020-11-12 15:15:00,42.91,42.91,42.88,42.88,0,0,9675
16292,2020-11-12 15:16:00,42.89,42.97,42.88,42.97,0,0,21646
16293,2020-11-12 15:17:00,42.97,42.99,42.94,42.97,0,0,16164
16294,2020-11-12 15:18:00,42.98,43.0,42.97,42.98,0,0,21590
16295,2020-11-12 15:19:00,42.99,43.01,42.97,43.01,0,0,20978
16296,2020-11-12 15:20:00,43.0,43.01,42.98,43.0,0,0,28107
16297,2020-11-12 15:21:00,42.99,42.99,42.94,42.95,0,0,24432
16298,2020-11-12 15:22:00,42.96,42.98,42.93,42.97,0,0,28074
16299,2020-11-12 15:23:00,42.98,43.0,42.98,42.99,0,0,13267
16300,2020-11-12 15:24:00,42.99,43.02,42.97,43.01,0,0,48307
16301,2020-11-12 15:25:00,43.01,43.02,42.99,43.01,0,0,19310
16302,2020-11-12 15:26:00,43.01,43.01,42.95,42.95,0,0,36743
16303,2020-11-12 15:27:00,42.95,42.97,42.94,42.96,0,0,19465
16304,2020-11-12 15:28:00,42.95,42.95,42.9,42.9,0,0,18282
16305,2020-11-12 15:29:00,42.91,42.92,42.9,42.9,0,0,10800
16306,2020-11-12 15:30:00,42.91,42.91,42.85,42.87,0,0,28182
16307,2020-11-12 15:31:00,42.87,42.87,42.85,42.87,0,0,19899
16308,2020-11-12 15:32:00,42.87,42.91,42.87,42.9,0,0,12612
16309,2020-11-12 15:33:00,42.9,42.93,42.88,42.9,0,0,27334
16310,2020-11-12 15:34:00,42.9,42.92,42.88,42.9,0,0,11370
16311,2020-11-12 15:35:00,42.89,42.9,42.82,42.83,0,0,25904
16312,2020-11-12 15:36:00,42.82,42.85,42.82,42.85,0,0,19946
16313,2020-11-12 15:37:00,42.84,42.86,42.83,42.84,0,0,21900
16314,2020-11-12 15:38:00,42.83,42.86,42.82,42.85,0,0,18950
16315,2020-11-12 15:39:00,42.86,42.9,42.86,42.9,0,0,19225
16316,2020-11-12 15:40:00,42.9,42.91,42.88,42.88,0,0,19559
16317,2020-11-12 15:41:00,42.89,42.9,42.87,42.88,0,0,33728
16318,2020-11-12 15:42:00,42.89,42.9,42.88,42.9,0,0,12660
16319,2020-11-12 15:43:00,42.89,42.89,42.85,42.85,0,0,24128
16320,2020-11-12 15:44:00,42.85,42.87,42.82,42.83,0,0,17083
16321,2020-11-12 15:45:00,42.83,42.85,42.82,42.84,0,0,30394
16322,2020-11-12 15:46:00,42.85,42.85,42.8,42.81,0,0,30121
16323,2020-11-12 15:47:00,42.81,42.81,42.74,42.75,0,0,53066
16324,2020-11-12 15:48:00,42.74,42.76,42.7,42.72,0,0,23417
16325,2020-11-12 15:49:00,42.72,42.78,42.72,42.78,0,0,33208
16326,2020-11-12 15:50:00,42.78,42.83,42.76,42.79,0,0,46129
16327,2020-11-12 15:51:00,42.8,42.8,42.71,42.71,0,0,42888
16328,2020-11-12 15:52:00,42.72,42.75,42.71,42.75,0,0,53592
16329,2020-11-12 15:53:00,42.75,42.76,42.71,42.72,0,0,41308
16330,2020-11-12 15:54:00,42.72,42.79,42.72,42.75,0,0,51981
16331,2020-11-12 15:55:00,42.75,42.76,42.72,42.72,0,0,61437
16332,2020-11-12 15:56:00,42.72,42.72,42.69,42.69,0,0,68285
16333,2020-11-12 15:57:00,42.69,42.73,42.68,42.68,0,0,72623
16334,2020-11-12 15:58:00,42.69,42.73,42.68,42.72,0,0,94430
16335,2020-11-12 15:59:00,42.72,42.83,42.72,42.82,0,0,173986
16336,2020-11-13 09:30:00,43.25,43.26,43.08,43.08,0,0,165027
16337,2020-11-13 09:31:00,43.09,43.09,42.93,42.96,0,0,31240
16338,2020-11-13 09:32:00,42.99,43.13,42.85,43.07,0,0,32237
16339,2020-11-13 09:33:00,43.15,43.18,42.98,43.02,0,0,14525
16340,2020-11-13 09:34:00,43.03,43.09,42.97,43.01,0,0,31354
16341,2020-11-13 09:35:00,43.01,43.02,42.91,43.01,0,0,15909
16342,2020-11-13 09:36:00,43.02,43.07,42.99,43.0,0,0,22493
16343,2020-11-13 09:37:00,42.99,43.07,42.99,43.03,0,0,29319
16344,2020-11-13 09:38:00,43.04,43.13,43.02,43.12,0,0,21817
16345,2020-11-13 09:39:00,43.12,43.18,43.01,43.05,0,0,15674
16346,2020-11-13 09:40:00,43.05,43.05,42.93,43.0,0,0,24977
16347,2020-11-13 09:41:00,43.02,43.15,43.02,43.1,0,0,34630
16348,2020-11-13 09:42:00,43.09,43.12,43.01,43.02,0,0,16054
16349,2020-11-13 09:43:00,43.02,43.08,43.0,43.03,0,0,18462
16350,2020-11-13 09:44:00,43.04,43.05,43.0,43.05,0,0,14221
16351,2020-11-13 09:45:00,43.04,43.05,43.0,43.01,0,0,22937
16352,2020-11-13 09:46:00,43.02,43.02,42.99,42.99,0,0,10289
16353,2020-11-13 09:47:00,43.0,43.06,43.0,43.01,0,0,16829
16354,2020-11-13 09:48:00,43.0,43.04,42.94,42.98,0,0,18524
16355,2020-11-13 09:49:00,42.97,43.04,42.97,43.03,0,0,15964
16356,2020-11-13 09:50:00,43.03,43.05,42.92,42.92,0,0,27437
16357,2020-11-13 09:51:00,42.92,43.02,42.92,42.99,0,0,18070
16358,2020-11-13 09:52:00,43.0,43.02,42.97,43.0,0,0,17598
16359,2020-11-13 09:53:00,43.0,43.02,42.98,42.99,0,0,26898
16360,2020-11-13 09:54:00,42.98,42.99,42.88,42.92,0,0,13791
16361,2020-11-13 09:55:00,42.92,42.98,42.92,42.96,0,0,11299
16362,2020-11-13 09:56:00,42.98,43.0,42.95,42.99,0,0,11177
16363,2020-11-13 09:57:00,42.98,42.98,42.9,42.95,0,0,7009
16364,2020-11-13 09:58:00,42.94,42.94,42.88,42.91,0,0,10416
16365,2020-11-13 09:59:00,42.92,42.92,42.86,42.89,0,0,15286
16366,2020-11-13 10:00:00,42.89,42.92,42.82,42.88,0,0,26377
16367,2020-11-13 10:01:00,42.88,42.88,42.82,42.84,0,0,28456
16368,2020-11-13 10:02:00,42.83,42.85,42.77,42.78,0,0,15966
16369,2020-11-13 10:03:00,42.78,42.81,42.76,42.78,0,0,23189
16370,2020-11-13 10:04:00,42.77,42.86,42.77,42.82,0,0,27948
16371,2020-11-13 10:05:00,42.81,42.81,42.65,42.65,0,0,37533
16372,2020-11-13 10:06:00,42.65,42.68,42.62,42.66,0,0,27378
16373,2020-11-13 10:07:00,42.65,42.68,42.65,42.66,0,0,30423
16374,2020-11-13 10:08:00,42.66,42.66,42.58,42.58,0,0,48268
16375,2020-11-13 10:09:00,42.59,42.63,42.58,42.61,0,0,38246
16376,2020-11-13 10:10:00,42.62,42.62,42.58,42.59,0,0,30091
16377,2020-11-13 10:11:00,42.6,42.63,42.53,42.56,0,0,41333
16378,2020-11-13 10:12:00,42.57,42.62,42.57,42.61,0,0,23426
16379,2020-11-13 10:13:00,42.61,42.65,42.6,42.65,0,0,27434
16380,2020-11-13 10:14:00,42.65,42.68,42.63,42.63,0,0,25271
16381,2020-11-13 10:15:00,42.63,42.65,42.58,42.59,0,0,11945
16382,2020-11-13 10:16:00,42.59,42.65,42.56,42.63,0,0,18101
16383,2020-11-13 10:17:00,42.64,42.64,42.53,42.53,0,0,21679
16384,2020-11-13 10:18:00,42.53,42.54,42.51,42.52,0,0,22060
16385,2020-11-13 10:19:00,42.52,42.54,42.47,42.53,0,0,33666
16386,2020-11-13 10:20:00,42.54,42.58,42.52,42.58,0,0,22281
16387,2020-11-13 10:21:00,42.56,42.59,42.56,42.59,0,0,12897
16388,2020-11-13 10:22:00,42.57,42.58,42.54,42.56,0,0,13960
16389,2020-11-13 10:23:00,42.56,42.63,42.56,42.61,0,0,16117
16390,2020-11-13 10:24:00,42.61,42.66,42.6,42.64,0,0,20866
16391,2020-11-13 10:25:00,42.65,42.65,42.6,42.63,0,0,10086
16392,2020-11-13 10:26:00,42.63,42.69,42.62,42.69,0,0,25666
16393,2020-11-13 10:27:00,42.67,42.73,42.66,42.69,0,0,16577
16394,2020-11-13 10:28:00,42.7,42.74,42.7,42.72,0,0,17363
16395,2020-11-13 10:29:00,42.73,42.78,42.73,42.76,0,0,18399
16396,2020-11-13 10:30:00,42.76,42.76,42.69,42.69,0,0,29928
16397,2020-11-13 10:31:00,42.7,42.7,42.65,42.65,0,0,8835
16398,2020-11-13 10:32:00,42.65,42.65,42.61,42.61,0,0,11717
16399,2020-11-13 10:33:00,42.62,42.65,42.61,42.65,0,0,9604
16400,2020-11-13 10:34:00,42.65,42.67,42.61,42.61,0,0,10854
16401,2020-11-13 10:35:00,42.61,42.62,42.59,42.61,0,0,14242
16402,2020-11-13 10:36:00,42.61,42.62,42.56,42.58,0,0,6184
16403,2020-11-13 10:37:00,42.58,42.6,42.56,42.58,0,0,10825
16404,2020-11-13 10:38:00,42.56,42.56,42.52,42.52,0,0,7113
16405,2020-11-13 10:39:00,42.53,42.54,42.43,42.45,0,0,31280
16406,2020-11-13 10:40:00,42.44,42.53,42.42,42.47,0,0,51570
16407,2020-11-13 10:41:00,42.48,42.55,42.48,42.52,0,0,17290
16408,2020-11-13 10:42:00,42.53,42.53,42.49,42.5,0,0,18915
16409,2020-11-13 10:43:00,42.51,42.55,42.5,42.53,0,0,13994
16410,2020-11-13 10:44:00,42.53,42.59,42.53,42.59,0,0,24968
16411,2020-11-13 10:45:00,42.6,42.65,42.59,42.59,0,0,16034
16412,2020-11-13 10:46:00,42.59,42.62,42.59,42.62,0,0,9942
16413,2020-11-13 10:47:00,42.61,42.64,42.59,42.64,0,0,9808
16414,2020-11-13 10:48:00,42.63,42.64,42.62,42.64,0,0,9450
16415,2020-11-13 10:49:00,42.63,42.63,42.61,42.63,0,0,7094
16416,2020-11-13 10:50:00,42.62,42.67,42.62,42.65,0,0,11950
16417,2020-11-13 10:51:00,42.65,42.66,42.61,42.63,0,0,11208
16418,2020-11-13 10:52:00,42.63,42.64,42.59,42.61,0,0,7907
16419,2020-11-13 10:53:00,42.59,42.69,42.59,42.67,0,0,23759
16420,2020-11-13 10:54:00,42.67,42.7,42.67,42.69,0,0,10558
16421,2020-11-13 10:55:00,42.69,42.7,42.64,42.65,0,0,7868
16422,2020-11-13 10:56:00,42.62,42.62,42.55,42.56,0,0,10724
16423,2020-11-13 10:57:00,42.56,42.56,42.48,42.51,0,0,126332
16424,2020-11-13 10:58:00,42.52,42.56,42.52,42.53,0,0,7191
16425,2020-11-13 10:59:00,42.53,42.6,42.53,42.6,0,0,7859
16426,2020-11-13 11:00:00,42.59,42.63,42.56,42.61,0,0,5523
16427,2020-11-13 11:01:00,42.6,42.64,42.6,42.62,0,0,10453
16428,2020-11-13 11:02:00,42.62,42.64,42.58,42.64,0,0,11251
16429,2020-11-13 11:03:00,42.63,42.69,42.63,42.67,0,0,118230
16430,2020-11-13 11:04:00,42.66,42.67,42.62,42.65,0,0,22002
16431,2020-11-13 11:05:00,42.65,42.67,42.61,42.64,0,0,20577
16432,2020-11-13 11:06:00,42.65,42.72,42.65,42.71,0,0,12481
16433,2020-11-13 11:07:00,42.72,42.76,42.7,42.72,0,0,22430
16434,2020-11-13 11:08:00,42.72,42.74,42.72,42.74,0,0,4897
16435,2020-11-13 11:09:00,42.74,42.75,42.73,42.75,0,0,15508
16436,2020-11-13 11:10:00,42.75,42.75,42.7,42.7,0,0,9352
16437,2020-11-13 11:11:00,42.71,42.78,42.71,42.77,0,0,18252
16438,2020-11-13 11:12:00,42.77,42.8,42.75,42.76,0,0,14609
16439,2020-11-13 11:13:00,42.76,42.8,42.76,42.77,0,0,11746
16440,2020-11-13 11:14:00,42.76,42.78,42.74,42.74,0,0,17958
16441,2020-11-13 11:15:00,42.75,42.78,42.74,42.76,0,0,6765
16442,2020-11-13 11:16:00,42.76,42.78,42.76,42.76,0,0,5715
16443,2020-11-13 11:17:00,42.76,42.87,42.76,42.87,0,0,44679
16444,2020-11-13 11:18:00,42.86,42.87,42.78,42.8,0,0,43116
16445,2020-11-13 11:19:00,42.8,42.8,42.74,42.76,0,0,19024
16446,2020-11-13 11:20:00,42.79,42.82,42.78,42.81,0,0,9689
16447,2020-11-13 11:21:00,42.81,42.84,42.79,42.84,0,0,6286
16448,2020-11-13 11:22:00,42.84,42.84,42.83,42.84,0,0,16588
16449,2020-11-13 11:23:00,42.83,42.88,42.83,42.88,0,0,8538
16450,2020-11-13 11:24:00,42.88,42.88,42.85,42.86,0,0,6937
16451,2020-11-13 11:25:00,42.88,42.95,42.81,42.88,0,0,61580
16452,2020-11-13 11:26:00,42.9,42.91,42.87,42.88,0,0,14471
16453,2020-11-13 11:27:00,42.88,42.91,42.88,42.9,0,0,9984
16454,2020-11-13 11:28:00,42.9,42.92,42.85,42.85,0,0,18660
16455,2020-11-13 11:29:00,42.85,42.88,42.85,42.87,0,0,7771
16456,2020-11-13 11:30:00,42.87,42.9,42.87,42.89,0,0,10762
16457,2020-11-13 11:31:00,42.89,42.89,42.83,42.86,0,0,7155
16458,2020-11-13 11:32:00,42.86,42.9,42.85,42.87,0,0,17420
16459,2020-11-13 11:33:00,42.88,42.92,42.86,42.89,0,0,33823
16460,2020-11-13 11:34:00,42.89,42.89,42.84,42.84,0,0,7888
16461,2020-11-13 11:35:00,42.84,42.87,42.82,42.82,0,0,12456
16462,2020-11-13 11:36:00,42.81,42.86,42.77,42.85,0,0,25181
16463,2020-11-13 11:37:00,42.87,42.87,42.83,42.85,0,0,18040
16464,2020-11-13 11:38:00,42.85,42.85,42.82,42.83,0,0,15009
16465,2020-11-13 11:39:00,42.83,42.85,42.83,42.84,0,0,14214
16466,2020-11-13 11:40:00,42.84,42.86,42.84,42.86,0,0,13962
16467,2020-11-13 11:41:00,42.85,42.88,42.85,42.88,0,0,4741
16468,2020-11-13 11:42:00,42.89,42.93,42.88,42.93,0,0,7864
16469,2020-11-13 11:43:00,42.94,42.96,42.93,42.95,0,0,5201
16470,2020-11-13 11:44:00,42.94,42.95,42.92,42.95,0,0,13931
16471,2020-11-13 11:45:00,42.96,42.96,42.94,42.94,0,0,11192
16472,2020-11-13 11:46:00,42.94,42.98,42.94,42.96,0,0,11548
16473,2020-11-13 11:47:00,42.95,42.98,42.95,42.96,0,0,19586
16474,2020-11-13 11:48:00,42.97,42.98,42.96,42.97,0,0,12560
16475,2020-11-13 11:49:00,42.97,42.98,42.97,42.97,0,0,5617
16476,2020-11-13 11:50:00,42.97,43.01,42.97,43.01,0,0,16692
16477,2020-11-13 11:51:00,43.03,43.03,42.97,42.97,0,0,13867
16478,2020-11-13 11:52:00,42.97,42.97,42.92,42.95,0,0,9257
16479,2020-11-13 11:53:00,42.94,43.0,42.94,42.99,0,0,12949
16480,2020-11-13 11:54:00,42.99,43.01,42.99,43.01,0,0,13765
16481,2020-11-13 11:55:00,43.01,43.05,43.0,43.03,0,0,10544
16482,2020-11-13 11:56:00,43.04,43.05,43.0,43.0,0,0,5467
16483,2020-11-13 11:57:00,43.01,43.03,42.98,43.0,0,0,11044
16484,2020-11-13 11:58:00,42.99,42.99,42.98,42.99,0,0,9998
16485,2020-11-13 11:59:00,42.98,42.98,42.91,42.92,0,0,8599
16486,2020-11-13 12:00:00,42.93,42.95,42.93,42.95,0,0,4149
16487,2020-11-13 12:01:00,42.95,42.95,42.92,42.92,0,0,7885
16488,2020-11-13 12:02:00,42.92,42.94,42.92,42.94,0,0,6681
16489,2020-11-13 12:03:00,42.92,42.97,42.92,42.97,0,0,9648
16490,2020-11-13 12:04:00,42.96,42.96,42.92,42.92,0,0,4126
16491,2020-11-13 12:05:00,42.93,42.95,42.91,42.94,0,0,8700
16492,2020-11-13 12:06:00,42.96,42.96,42.93,42.94,0,0,7029
16493,2020-11-13 12:07:00,42.94,42.95,42.89,42.91,0,0,11197
16494,2020-11-13 12:08:00,42.92,42.95,42.91,42.94,0,0,7598
16495,2020-11-13 12:09:00,42.93,42.95,42.92,42.94,0,0,5941
16496,2020-11-13 12:10:00,42.94,43.0,42.94,42.99,0,0,13499
16497,2020-11-13 12:11:00,42.99,43.01,42.97,43.0,0,0,9546
16498,2020-11-13 12:12:00,43.0,43.04,42.99,42.99,0,0,11056
16499,2020-11-13 12:13:00,43.0,43.01,42.98,42.99,0,0,8029
16500,2020-11-13 12:14:00,42.99,42.99,42.96,42.97,0,0,5238
16501,2020-11-13 12:15:00,42.96,42.97,42.93,42.94,0,0,6054
16502,2020-11-13 12:16:00,42.94,42.97,42.94,42.97,0,0,6723
16503,2020-11-13 12:17:00,42.97,42.98,42.96,42.98,0,0,4093
16504,2020-11-13 12:18:00,42.99,43.0,42.97,42.97,0,0,10384
16505,2020-11-13 12:19:00,42.97,42.98,42.96,42.96,0,0,6033
16506,2020-11-13 12:20:00,42.95,42.95,42.91,42.95,0,0,12154
16507,2020-11-13 12:21:00,42.95,42.95,42.92,42.93,0,0,6195
16508,2020-11-13 12:22:00,42.91,42.93,42.91,42.91,0,0,3246
16509,2020-11-13 12:23:00,42.92,42.94,42.89,42.92,0,0,11339
16510,2020-11-13 12:24:00,42.92,42.95,42.92,42.94,0,0,10587
16511,2020-11-13 12:25:00,42.95,42.98,42.94,42.97,0,0,8761
16512,2020-11-13 12:26:00,42.97,43.0,42.97,42.98,0,0,15517
16513,2020-11-13 12:27:00,42.98,42.98,42.96,42.96,0,0,8722
16514,2020-11-13 12:28:00,42.96,42.99,42.95,42.99,0,0,8087
16515,2020-11-13 12:29:00,42.98,43.0,42.97,42.99,0,0,6936
16516,2020-11-13 12:30:00,42.99,43.0,42.99,42.99,0,0,12333
16517,2020-11-13 12:31:00,42.99,43.03,42.98,43.03,0,0,13104
16518,2020-11-13 12:32:00,43.03,43.03,43.01,43.01,0,0,5892
16519,2020-11-13 12:33:00,43.01,43.03,43.01,43.02,0,0,4572
16520,2020-11-13 12:34:00,43.03,43.05,43.03,43.04,0,0,12974
16521,2020-11-13 12:35:00,43.03,43.04,43.03,43.04,0,0,5930
16522,2020-11-13 12:36:00,43.03,43.08,43.03,43.04,0,0,24051
16523,2020-11-13 12:37:00,43.04,43.07,43.04,43.07,0,0,11814
16524,2020-11-13 12:38:00,43.07,43.11,43.06,43.1,0,0,11183
16525,2020-11-13 12:39:00,43.1,43.1,43.06,43.07,0,0,7678
16526,2020-11-13 12:40:00,43.08,43.12,43.08,43.09,0,0,15277
16527,2020-11-13 12:41:00,43.09,43.12,43.09,43.1,0,0,8999
16528,2020-11-13 12:42:00,43.11,43.13,43.11,43.12,0,0,10453
16529,2020-11-13 12:43:00,43.12,43.13,43.12,43.12,0,0,10230
16530,2020-11-13 12:44:00,43.12,43.14,43.1,43.1,0,0,7476
16531,2020-11-13 12:45:00,43.1,43.12,43.1,43.1,0,0,7850
16532,2020-11-13 12:46:00,43.11,43.13,43.11,43.12,0,0,17219
16533,2020-11-13 12:47:00,43.12,43.14,43.11,43.13,0,0,6011
16534,2020-11-13 12:48:00,43.13,43.15,43.12,43.14,0,0,9792
16535,2020-11-13 12:49:00,43.15,43.17,43.14,43.17,0,0,12580
16536,2020-11-13 12:50:00,43.16,43.17,43.15,43.16,0,0,11759
16537,2020-11-13 12:51:00,43.16,43.19,43.16,43.17,0,0,36638
16538,2020-11-13 12:52:00,43.17,43.17,43.12,43.15,0,0,10916
16539,2020-11-13 12:53:00,43.16,43.18,43.14,43.15,0,0,12668
16540,2020-11-13 12:54:00,43.15,43.16,43.12,43.13,0,0,17366
16541,2020-11-13 12:55:00,43.13,43.17,43.13,43.16,0,0,9627
16542,2020-11-13 12:56:00,43.16,43.17,43.13,43.13,0,0,14170
16543,2020-11-13 12:57:00,43.13,43.14,43.12,43.13,0,0,7364
16544,2020-11-13 12:58:00,43.14,43.15,43.14,43.15,0,0,6685
16545,2020-11-13 12:59:00,43.15,43.18,43.15,43.17,0,0,19790
16546,2020-11-13 13:00:00,43.17,43.19,43.1,43.12,0,0,21139
16547,2020-11-13 13:01:00,43.12,43.15,43.12,43.13,0,0,6454
16548,2020-11-13 13:02:00,43.13,43.14,43.12,43.14,0,0,7240
16549,2020-11-13 13:03:00,43.14,43.15,43.13,43.14,0,0,8705
16550,2020-11-13 13:04:00,43.15,43.15,43.13,43.15,0,0,6923
16551,2020-11-13 13:05:00,43.16,43.16,43.13,43.15,0,0,4622
16552,2020-11-13 13:06:00,43.12,43.13,43.11,43.12,0,0,9050
16553,2020-11-13 13:07:00,43.13,43.15,43.13,43.14,0,0,4686
16554,2020-11-13 13:08:00,43.15,43.15,43.12,43.13,0,0,16112
16555,2020-11-13 13:09:00,43.13,43.13,43.1,43.13,0,0,7292
16556,2020-11-13 13:10:00,43.13,43.13,43.12,43.12,0,0,3873
16557,2020-11-13 13:11:00,43.12,43.12,43.07,43.11,0,0,15959
16558,2020-11-13 13:12:00,43.11,43.11,43.09,43.1,0,0,8021
16559,2020-11-13 13:13:00,43.11,43.11,43.1,43.1,0,0,9274
16560,2020-11-13 13:14:00,43.11,43.13,43.08,43.1,0,0,17961
16561,2020-11-13 13:15:00,43.09,43.09,43.06,43.07,0,0,20831
16562,2020-11-13 13:16:00,43.07,43.08,43.04,43.05,0,0,20440
16563,2020-11-13 13:17:00,43.05,43.1,43.05,43.08,0,0,11407
16564,2020-11-13 13:18:00,43.09,43.13,43.09,43.13,0,0,11880
16565,2020-11-13 13:19:00,43.12,43.14,43.1,43.12,0,0,12806
16566,2020-11-13 13:20:00,43.12,43.12,43.07,43.07,0,0,13827
16567,2020-11-13 13:21:00,43.07,43.11,43.07,43.09,0,0,9499
16568,2020-11-13 13:22:00,43.09,43.11,43.09,43.1,0,0,3161
16569,2020-11-13 13:23:00,43.11,43.13,43.09,43.12,0,0,11080
16570,2020-11-13 13:24:00,43.12,43.15,43.12,43.12,0,0,7892
16571,2020-11-13 13:25:00,43.12,43.15,43.12,43.15,0,0,7858
16572,2020-11-13 13:26:00,43.15,43.15,43.14,43.14,0,0,47427
16573,2020-11-13 13:27:00,43.14,43.14,43.1,43.1,0,0,11692
16574,2020-11-13 13:28:00,43.11,43.12,43.1,43.1,0,0,9638
16575,2020-11-13 13:29:00,43.11,43.14,43.1,43.12,0,0,9393
16576,2020-11-13 13:30:00,43.12,43.15,43.12,43.13,0,0,33912
16577,2020-11-13 13:31:00,43.14,43.15,43.1,43.15,0,0,16058
16578,2020-11-13 13:32:00,43.15,43.15,43.13,43.13,0,0,24031
16579,2020-11-13 13:33:00,43.14,43.14,43.12,43.14,0,0,8935
16580,2020-11-13 13:34:00,43.15,43.15,43.14,43.14,0,0,9493
16581,2020-11-13 13:35:00,43.14,43.14,43.12,43.14,0,0,14221
16582,2020-11-13 13:36:00,43.14,43.15,43.13,43.13,0,0,9948
16583,2020-11-13 13:37:00,43.13,43.15,43.13,43.15,0,0,25609
16584,2020-11-13 13:38:00,43.15,43.17,43.14,43.16,0,0,51978
16585,2020-11-13 13:39:00,43.16,43.17,43.15,43.15,0,0,10863
16586,2020-11-13 13:40:00,43.15,43.17,43.13,43.14,0,0,29926
16587,2020-11-13 13:41:00,43.13,43.14,43.12,43.14,0,0,16447
16588,2020-11-13 13:42:00,43.14,43.15,43.13,43.15,0,0,9399
16589,2020-11-13 13:43:00,43.15,43.15,43.12,43.15,0,0,9559
16590,2020-11-13 13:44:00,43.14,43.14,43.13,43.13,0,0,4986
16591,2020-11-13 13:45:00,43.13,43.16,43.12,43.15,0,0,16234
16592,2020-11-13 13:46:00,43.15,43.18,43.15,43.15,0,0,10179
16593,2020-11-13 13:47:00,43.15,43.17,43.15,43.17,0,0,9888
16594,2020-11-13 13:48:00,43.16,43.17,43.12,43.15,0,0,19673
16595,2020-11-13 13:49:00,43.15,43.17,43.12,43.15,0,0,16309
16596,2020-11-13 13:50:00,43.15,43.17,43.15,43.15,0,0,10574
16597,2020-11-13 13:51:00,43.15,43.17,43.12,43.13,0,0,9976
16598,2020-11-13 13:52:00,43.13,43.13,43.1,43.1,0,0,6602
16599,2020-11-13 13:53:00,43.1,43.11,43.08,43.09,0,0,10065
16600,2020-11-13 13:54:00,43.08,43.09,43.06,43.06,0,0,11111
16601,2020-11-13 13:55:00,43.05,43.07,43.02,43.06,0,0,18942
16602,2020-11-13 13:56:00,43.06,43.07,43.05,43.05,0,0,7110
16603,2020-11-13 13:57:00,43.06,43.06,43.03,43.03,0,0,14082
16604,2020-11-13 13:58:00,43.04,43.04,43.02,43.02,0,0,12795
16605,2020-11-13 13:59:00,43.02,43.04,42.97,42.99,0,0,28179
16606,2020-11-13 14:00:00,42.99,43.06,42.99,43.05,0,0,26018
16607,2020-11-13 14:01:00,43.04,43.06,43.04,43.04,0,0,42610
16608,2020-11-13 14:02:00,43.05,43.08,43.05,43.06,0,0,11347
16609,2020-11-13 14:03:00,43.06,43.12,43.06,43.12,0,0,9315
16610,2020-11-13 14:04:00,43.12,43.13,43.09,43.1,0,0,13285
16611,2020-11-13 14:05:00,43.1,43.13,43.1,43.13,0,0,7273
16612,2020-11-13 14:06:00,43.14,43.17,43.14,43.14,0,0,10727
16613,2020-11-13 14:07:00,43.14,43.15,43.11,43.11,0,0,12553
16614,2020-11-13 14:08:00,43.11,43.11,43.06,43.06,0,0,10669
16615,2020-11-13 14:09:00,43.07,43.07,43.03,43.05,0,0,12885
16616,2020-11-13 14:10:00,43.06,43.06,43.01,43.02,0,0,9422
16617,2020-11-13 14:11:00,43.02,43.03,42.99,43.0,0,0,15057
16618,2020-11-13 14:12:00,43.01,43.01,42.99,42.99,0,0,21571
16619,2020-11-13 14:13:00,43.0,43.01,42.99,43.0,0,0,15111
16620,2020-11-13 14:14:00,42.99,43.01,42.99,43.01,0,0,9272
16621,2020-11-13 14:15:00,42.99,42.99,42.96,42.99,0,0,26849
16622,2020-11-13 14:16:00,42.99,43.01,42.99,42.99,0,0,14265
16623,2020-11-13 14:17:00,42.99,43.03,42.99,43.03,0,0,5882
16624,2020-11-13 14:18:00,43.03,43.05,43.02,43.04,0,0,17137
16625,2020-11-13 14:19:00,43.04,43.05,43.02,43.05,0,0,6200
16626,2020-11-13 14:20:00,43.06,43.08,43.06,43.08,0,0,24825
16627,2020-11-13 14:21:00,43.08,43.14,43.08,43.12,0,0,11783
16628,2020-11-13 14:22:00,43.14,43.14,43.12,43.13,0,0,14889
16629,2020-11-13 14:23:00,43.12,43.16,43.12,43.15,0,0,11329
16630,2020-11-13 14:24:00,43.15,43.16,43.13,43.15,0,0,10216
16631,2020-11-13 14:25:00,43.15,43.16,43.11,43.12,0,0,16369
16632,2020-11-13 14:26:00,43.13,43.16,43.12,43.15,0,0,9067
16633,2020-11-13 14:27:00,43.15,43.17,43.13,43.13,0,0,13866
16634,2020-11-13 14:28:00,43.14,43.16,43.14,43.15,0,0,13567
16635,2020-11-13 14:29:00,43.15,43.17,43.14,43.15,0,0,11118
16636,2020-11-13 14:30:00,43.15,43.2,43.13,43.15,0,0,71050
16637,2020-11-13 14:31:00,43.15,43.16,43.13,43.13,0,0,12884
16638,2020-11-13 14:32:00,43.13,43.14,43.12,43.12,0,0,7110
16639,2020-11-13 14:33:00,43.12,43.12,43.09,43.11,0,0,12167
16640,2020-11-13 14:34:00,43.11,43.11,43.06,43.06,0,0,13636
16641,2020-11-13 14:35:00,43.06,43.09,43.06,43.07,0,0,13097
16642,2020-11-13 14:36:00,43.08,43.09,43.06,43.08,0,0,14848
16643,2020-11-13 14:37:00,43.09,43.13,43.09,43.09,0,0,11027
16644,2020-11-13 14:38:00,43.1,43.14,43.1,43.14,0,0,10591
16645,2020-11-13 14:39:00,43.14,43.17,43.14,43.15,0,0,7780
16646,2020-11-13 14:40:00,43.15,43.18,43.15,43.16,0,0,10299
16647,2020-11-13 14:41:00,43.16,43.16,43.14,43.14,0,0,7500
16648,2020-11-13 14:42:00,43.15,43.17,43.14,43.16,0,0,11623
16649,2020-11-13 14:43:00,43.16,43.17,43.15,43.15,0,0,6979
16650,2020-11-13 14:44:00,43.15,43.17,43.15,43.17,0,0,14704
16651,2020-11-13 14:45:00,43.17,43.18,43.16,43.17,0,0,8512
16652,2020-11-13 14:46:00,43.17,43.18,43.14,43.15,0,0,11159
16653,2020-11-13 14:47:00,43.15,43.19,43.14,43.19,0,0,14003
16654,2020-11-13 14:48:00,43.19,43.22,43.17,43.2,0,0,57228
16655,2020-11-13 14:49:00,43.2,43.2,43.13,43.17,0,0,32360
16656,2020-11-13 14:50:00,43.17,43.2,43.17,43.17,0,0,15300
16657,2020-11-13 14:51:00,43.17,43.24,43.17,43.24,0,0,33448
16658,2020-11-13 14:52:00,43.24,43.24,43.2,43.21,0,0,10523
16659,2020-11-13 14:53:00,43.21,43.23,43.19,43.2,0,0,28633
16660,2020-11-13 14:54:00,43.2,43.22,43.19,43.21,0,0,26606
16661,2020-11-13 14:55:00,43.2,43.24,43.2,43.23,0,0,17922
16662,2020-11-13 14:56:00,43.23,43.24,43.21,43.22,0,0,11261
16663,2020-11-13 14:57:00,43.22,43.24,43.22,43.24,0,0,10532
16664,2020-11-13 14:58:00,43.24,43.26,43.19,43.22,0,0,49965
16665,2020-11-13 14:59:00,43.22,43.29,43.19,43.24,0,0,38390
16666,2020-11-13 15:00:00,43.23,43.24,43.2,43.21,0,0,38249
16667,2020-11-13 15:01:00,43.21,43.22,43.2,43.22,0,0,13002
16668,2020-11-13 15:02:00,43.23,43.23,43.21,43.22,0,0,26075
16669,2020-11-13 15:03:00,43.22,43.23,43.21,43.22,0,0,7873
16670,2020-11-13 15:04:00,43.22,43.22,43.21,43.22,0,0,7034
16671,2020-11-13 15:05:00,43.22,43.23,43.21,43.23,0,0,28114
16672,2020-11-13 15:06:00,43.23,43.23,43.22,43.22,0,0,24182
16673,2020-11-13 15:07:00,43.22,43.23,43.21,43.22,0,0,6482
16674,2020-11-13 15:08:00,43.22,43.24,43.2,43.22,0,0,22444
16675,2020-11-13 15:09:00,43.22,43.22,43.2,43.22,0,0,19602
16676,2020-11-13 15:10:00,43.23,43.23,43.19,43.2,0,0,24023
16677,2020-11-13 15:11:00,43.2,43.21,43.17,43.17,0,0,19124
16678,2020-11-13 15:12:00,43.18,43.21,43.18,43.18,0,0,14744
16679,2020-11-13 15:13:00,43.19,43.19,43.13,43.13,0,0,32942
16680,2020-11-13 15:14:00,43.14,43.19,43.14,43.19,0,0,17899
16681,2020-11-13 15:15:00,43.19,43.21,43.18,43.19,0,0,19485
16682,2020-11-13 15:16:00,43.19,43.19,43.17,43.17,0,0,8170
16683,2020-11-13 15:17:00,43.17,43.18,43.12,43.13,0,0,13055
16684,2020-11-13 15:18:00,43.13,43.17,43.13,43.17,0,0,14776
16685,2020-11-13 15:19:00,43.16,43.18,43.15,43.18,0,0,8937
16686,2020-11-13 15:20:00,43.17,43.17,43.15,43.15,0,0,10849
16687,2020-11-13 15:21:00,43.15,43.19,43.15,43.19,0,0,16669
16688,2020-11-13 15:22:00,43.18,43.23,43.18,43.22,0,0,28660
16689,2020-11-13 15:23:00,43.22,43.23,43.21,43.22,0,0,16800
16690,2020-11-13 15:24:00,43.21,43.23,43.21,43.21,0,0,27213
16691,2020-11-13 15:25:00,43.21,43.29,43.21,43.28,0,0,99601
16692,2020-11-13 15:26:00,43.27,43.29,43.25,43.29,0,0,15531
16693,2020-11-13 15:27:00,43.29,43.3,43.26,43.26,0,0,12932
16694,2020-11-13 15:28:00,43.26,43.29,43.25,43.28,0,0,25837
16695,2020-11-13 15:29:00,43.28,43.28,43.26,43.27,0,0,9583
16696,2020-11-13 15:30:00,43.26,43.29,43.24,43.28,0,0,23297
16697,2020-11-13 15:31:00,43.28,43.33,43.27,43.32,0,0,26270
16698,2020-11-13 15:32:00,43.33,43.35,43.31,43.34,0,0,36583
16699,2020-11-13 15:33:00,43.33,43.35,43.31,43.35,0,0,13080
16700,2020-11-13 15:34:00,43.34,43.38,43.34,43.37,0,0,41370
16701,2020-11-13 15:35:00,43.37,43.39,43.35,43.38,0,0,28602
16702,2020-11-13 15:36:00,43.38,43.41,43.37,43.38,0,0,41174
16703,2020-11-13 15:37:00,43.38,43.38,43.35,43.36,0,0,17465
16704,2020-11-13 15:38:00,43.37,43.39,43.37,43.37,0,0,17202
16705,2020-11-13 15:39:00,43.37,43.38,43.34,43.34,0,0,15281
16706,2020-11-13 15:40:00,43.35,43.38,43.35,43.38,0,0,24029
16707,2020-11-13 15:41:00,43.38,43.38,43.35,43.37,0,0,28877
16708,2020-11-13 15:42:00,43.37,43.4,43.36,43.38,0,0,20293
16709,2020-11-13 15:43:00,43.38,43.4,43.38,43.4,0,0,43315
16710,2020-11-13 15:44:00,43.41,43.42,43.39,43.41,0,0,24377
16711,2020-11-13 15:45:00,43.41,43.42,43.38,43.42,0,0,49848
16712,2020-11-13 15:46:00,43.42,43.43,43.4,43.41,0,0,30508
16713,2020-11-13 15:47:00,43.41,43.41,43.39,43.4,0,0,30370
16714,2020-11-13 15:48:00,43.4,43.4,43.37,43.38,0,0,29948
16715,2020-11-13 15:49:00,43.38,43.38,43.33,43.35,0,0,41937
16716,2020-11-13 15:50:00,43.37,43.4,43.35,43.4,0,0,96463
16717,2020-11-13 15:51:00,43.4,43.4,43.35,43.37,0,0,36095
16718,2020-11-13 15:52:00,43.37,43.4,43.37,43.4,0,0,40698
16719,2020-11-13 15:53:00,43.4,43.42,43.37,43.39,0,0,46909
16720,2020-11-13 15:54:00,43.4,43.4,43.36,43.4,0,0,31702
16721,2020-11-13 15:55:00,43.4,43.44,43.39,43.43,0,0,56368
16722,2020-11-13 15:56:00,43.43,43.47,43.42,43.47,0,0,77019
16723,2020-11-13 15:57:00,43.47,43.5,43.44,43.49,0,0,96591
16724,2020-11-13 15:58:00,43.49,43.5,43.46,43.5,0,0,89492
16725,2020-11-13 15:59:00,43.5,43.53,43.44,43.48,0,0,168564
