,Datetime,Open,High,Low,Close,Stock Splits,Dividends,Volume
0,2020-09-15 09:30:00,26.08,26.19,25.91,26.09,0,0,575387
1,2020-09-15 09:31:00,26.09,26.13,25.96,26.06,0,0,100785
2,2020-09-15 09:32:00,26.05,26.19,26.03,26.13,0,0,96554
3,2020-09-15 09:33:00,26.13,26.16,26.03,26.13,0,0,66361
4,2020-09-15 09:34:00,26.13,26.18,26.04,26.05,0,0,84187
5,2020-09-15 09:35:00,26.05,26.1,25.98,25.99,0,0,66844
6,2020-09-15 09:36:00,25.98,26.15,25.96,26.09,0,0,80116
7,2020-09-15 09:37:00,26.08,26.2,26.08,26.17,0,0,64461
8,2020-09-15 09:38:00,26.17,26.25,26.13,26.18,0,0,123569
9,2020-09-15 09:39:00,26.19,26.34,26.18,26.33,0,0,107806
10,2020-09-15 09:40:00,26.33,26.35,26.25,26.26,0,0,75489
11,2020-09-15 09:41:00,26.26,26.27,26.19,26.22,0,0,70565
12,2020-09-15 09:42:00,26.22,26.23,26.16,26.16,0,0,60339
13,2020-09-15 09:43:00,26.16,26.19,26.1,26.13,0,0,62884
14,2020-09-15 09:44:00,26.14,26.14,25.99,26.01,0,0,98261
15,2020-09-15 09:45:00,26.02,26.02,25.88,25.89,0,0,113883
16,2020-09-15 09:46:00,25.89,26.0,25.88,26.0,0,0,122429
17,2020-09-15 09:47:00,26.01,26.02,25.94,26.0,0,0,43421
18,2020-09-15 09:48:00,26.02,26.02,25.92,25.92,0,0,49437
19,2020-09-15 09:49:00,25.92,25.95,25.84,25.88,0,0,67970
20,2020-09-15 09:50:00,25.87,25.89,25.74,25.74,0,0,111716
21,2020-09-15 09:51:00,25.73,25.85,25.73,25.78,0,0,99034
22,2020-09-15 09:52:00,25.8,25.89,25.8,25.87,0,0,60492
23,2020-09-15 09:53:00,25.88,25.91,25.87,25.91,0,0,50587
24,2020-09-15 09:54:00,25.92,25.92,25.89,25.91,0,0,40813
25,2020-09-15 09:55:00,25.91,25.92,25.88,25.89,0,0,44596
26,2020-09-15 09:56:00,25.88,25.89,25.81,25.83,0,0,46812
27,2020-09-15 09:57:00,25.82,25.92,25.82,25.89,0,0,52712
28,2020-09-15 09:58:00,25.89,25.92,25.87,25.87,0,0,55347
29,2020-09-15 09:59:00,25.88,25.88,25.85,25.85,0,0,42648
30,2020-09-15 10:00:00,25.85,25.91,25.84,25.9,0,0,69712
31,2020-09-15 10:01:00,25.9,25.95,25.88,25.9,0,0,61941
32,2020-09-15 10:02:00,25.9,25.91,25.84,25.87,0,0,65767
33,2020-09-15 10:03:00,25.86,25.87,25.78,25.78,0,0,58507
34,2020-09-15 10:04:00,25.78,25.78,25.62,25.64,0,0,104439
35,2020-09-15 10:05:00,25.64,25.71,25.63,25.71,0,0,80171
36,2020-09-15 10:06:00,25.71,25.72,25.6,25.69,0,0,78026
37,2020-09-15 10:07:00,25.7,25.73,25.68,25.71,0,0,74740
38,2020-09-15 10:08:00,25.7,25.73,25.68,25.72,0,0,43721
39,2020-09-15 10:09:00,25.72,25.77,25.67,25.75,0,0,29024
40,2020-09-15 10:10:00,25.75,25.76,25.68,25.74,0,0,25757
41,2020-09-15 10:11:00,25.74,25.76,25.69,25.7,0,0,27888
42,2020-09-15 10:12:00,25.7,25.73,25.65,25.66,0,0,41197
43,2020-09-15 10:13:00,25.67,25.68,25.53,25.61,0,0,88737
44,2020-09-15 10:14:00,25.6,25.61,25.57,25.59,0,0,55505
45,2020-09-15 10:15:00,25.59,25.6,25.54,25.55,0,0,62073
46,2020-09-15 10:16:00,25.55,25.58,25.55,25.57,0,0,33842
47,2020-09-15 10:17:00,25.57,25.58,25.53,25.54,0,0,30667
48,2020-09-15 10:18:00,25.54,25.56,25.53,25.54,0,0,32469
49,2020-09-15 10:19:00,25.54,25.54,25.34,25.36,0,0,164087
50,2020-09-15 10:20:00,25.35,25.43,25.35,25.42,0,0,115846
51,2020-09-15 10:21:00,25.42,25.54,25.41,25.51,0,0,79156
52,2020-09-15 10:22:00,25.51,25.59,25.49,25.51,0,0,79080
53,2020-09-15 10:23:00,25.52,25.57,25.52,25.55,0,0,32217
54,2020-09-15 10:24:00,25.55,25.55,25.49,25.51,0,0,50355
55,2020-09-15 10:25:00,25.51,25.53,25.5,25.5,0,0,21978
56,2020-09-15 10:26:00,25.5,25.59,25.45,25.59,0,0,43502
57,2020-09-15 10:27:00,25.58,25.59,25.56,25.57,0,0,27634
58,2020-09-15 10:28:00,25.58,25.58,25.54,25.57,0,0,24096
59,2020-09-15 10:29:00,25.58,25.59,25.56,25.58,0,0,31727
60,2020-09-15 10:30:00,25.58,25.6,25.55,25.58,0,0,38369
61,2020-09-15 10:31:00,25.58,25.64,25.58,25.64,0,0,29973
62,2020-09-15 10:32:00,25.64,25.64,25.57,25.6,0,0,23503
63,2020-09-15 10:33:00,25.6,25.6,25.58,25.6,0,0,25194
64,2020-09-15 10:34:00,25.6,25.68,25.57,25.66,0,0,110209
65,2020-09-15 10:35:00,25.66,25.68,25.65,25.65,0,0,27834
66,2020-09-15 10:36:00,25.65,25.65,25.59,25.62,0,0,27783
67,2020-09-15 10:37:00,25.63,25.63,25.6,25.61,0,0,17939
68,2020-09-15 10:38:00,25.62,25.64,25.6,25.64,0,0,34700
69,2020-09-15 10:39:00,25.64,25.65,25.6,25.64,0,0,61985
70,2020-09-15 10:40:00,25.64,25.64,25.45,25.47,0,0,76596
71,2020-09-15 10:41:00,25.48,25.5,25.44,25.45,0,0,46284
72,2020-09-15 10:42:00,25.45,25.49,25.4,25.48,0,0,40093
73,2020-09-15 10:43:00,25.48,25.49,25.46,25.47,0,0,41472
74,2020-09-15 10:44:00,25.47,25.49,25.43,25.45,0,0,49718
75,2020-09-15 10:45:00,25.46,25.5,25.46,25.49,0,0,30664
76,2020-09-15 10:46:00,25.48,25.49,25.47,25.47,0,0,25110
77,2020-09-15 10:47:00,25.48,25.49,25.44,25.44,0,0,33865
78,2020-09-15 10:48:00,25.45,25.45,25.39,25.39,0,0,42267
79,2020-09-15 10:49:00,25.4,25.44,25.39,25.44,0,0,55107
80,2020-09-15 10:50:00,25.45,25.45,25.42,25.43,0,0,31851
81,2020-09-15 10:51:00,25.43,25.43,25.42,25.42,0,0,2149
82,2020-09-15 10:53:00,25.45,25.49,25.44,25.49,0,0,128163
83,2020-09-15 10:54:00,25.49,25.57,25.49,25.54,0,0,37989
84,2020-09-15 10:55:00,25.53,25.58,25.52,25.57,0,0,26463
85,2020-09-15 10:56:00,25.58,25.61,25.56,25.58,0,0,33724
86,2020-09-15 10:57:00,25.58,25.64,25.56,25.64,0,0,60278
87,2020-09-15 10:58:00,25.64,25.65,25.62,25.65,0,0,32882
88,2020-09-15 10:59:00,25.65,25.7,25.65,25.69,0,0,35185
89,2020-09-15 11:00:00,25.7,25.86,25.69,25.69,0,0,126498
90,2020-09-15 11:01:00,25.69,25.69,25.61,25.64,0,0,39437
91,2020-09-15 11:02:00,25.64,25.67,25.64,25.67,0,0,22987
92,2020-09-15 11:03:00,25.68,25.71,25.68,25.69,0,0,16336
93,2020-09-15 11:04:00,25.7,25.74,25.69,25.72,0,0,29394
94,2020-09-15 11:05:00,25.72,25.77,25.71,25.75,0,0,26845
95,2020-09-15 11:06:00,25.76,25.77,25.72,25.72,0,0,22058
96,2020-09-15 11:07:00,25.72,25.72,25.69,25.7,0,0,15306
97,2020-09-15 11:08:00,25.7,25.74,25.7,25.73,0,0,21797
98,2020-09-15 11:09:00,25.74,25.77,25.73,25.77,0,0,28560
99,2020-09-15 11:10:00,25.77,25.8,25.76,25.76,0,0,39816
100,2020-09-15 11:11:00,25.76,25.8,25.74,25.8,0,0,29491
101,2020-09-15 11:12:00,25.8,25.82,25.76,25.76,0,0,52091
102,2020-09-15 11:13:00,25.77,25.78,25.76,25.76,0,0,18259
103,2020-09-15 11:14:00,25.76,25.76,25.73,25.76,0,0,25836
104,2020-09-15 11:15:00,25.75,25.77,25.72,25.76,0,0,38946
105,2020-09-15 11:16:00,25.77,25.77,25.72,25.75,0,0,26061
106,2020-09-15 11:17:00,25.75,25.76,25.74,25.75,0,0,21185
107,2020-09-15 11:18:00,25.75,25.76,25.72,25.73,0,0,21206
108,2020-09-15 11:19:00,25.74,25.77,25.73,25.76,0,0,30141
109,2020-09-15 11:20:00,25.76,25.77,25.74,25.75,0,0,28220
110,2020-09-15 11:21:00,25.74,25.83,25.74,25.83,0,0,56678
111,2020-09-15 11:22:00,25.83,25.84,25.81,25.83,0,0,20442
112,2020-09-15 11:23:00,25.83,25.84,25.78,25.78,0,0,56120
113,2020-09-15 11:24:00,25.78,25.8,25.75,25.76,0,0,31267
114,2020-09-15 11:25:00,25.76,25.77,25.73,25.74,0,0,33303
115,2020-09-15 11:26:00,25.74,25.76,25.69,25.69,0,0,28713
116,2020-09-15 11:27:00,25.69,25.73,25.67,25.73,0,0,20830
117,2020-09-15 11:28:00,25.73,25.74,25.7,25.72,0,0,23593
118,2020-09-15 11:29:00,25.72,25.77,25.7,25.72,0,0,56798
119,2020-09-15 11:30:00,25.72,25.74,25.71,25.72,0,0,21157
120,2020-09-15 11:31:00,25.73,25.77,25.72,25.76,0,0,23818
121,2020-09-15 11:32:00,25.75,25.78,25.75,25.76,0,0,52224
122,2020-09-15 11:33:00,25.77,25.78,25.75,25.75,0,0,24112
123,2020-09-15 11:34:00,25.75,25.76,25.72,25.74,0,0,36947
124,2020-09-15 11:35:00,25.74,25.74,25.71,25.73,0,0,14779
125,2020-09-15 11:36:00,25.73,25.76,25.73,25.75,0,0,23210
126,2020-09-15 11:37:00,25.75,25.76,25.71,25.72,0,0,22377
127,2020-09-15 11:38:00,25.72,25.73,25.7,25.7,0,0,11504
128,2020-09-15 11:39:00,25.71,25.74,25.71,25.73,0,0,16836
129,2020-09-15 11:40:00,25.74,25.74,25.71,25.73,0,0,15867
130,2020-09-15 11:41:00,25.73,25.73,25.7,25.71,0,0,22787
131,2020-09-15 11:42:00,25.7,25.7,25.66,25.67,0,0,22093
132,2020-09-15 11:43:00,25.67,25.69,25.67,25.67,0,0,10380
133,2020-09-15 11:44:00,25.68,25.68,25.63,25.64,0,0,18118
134,2020-09-15 11:45:00,25.65,25.65,25.61,25.62,0,0,13865
135,2020-09-15 11:46:00,25.62,25.64,25.61,25.61,0,0,15492
136,2020-09-15 11:47:00,25.61,25.64,25.61,25.62,0,0,10048
137,2020-09-15 11:48:00,25.63,25.64,25.61,25.61,0,0,9269
138,2020-09-15 11:49:00,25.61,25.67,25.61,25.62,0,0,35622
139,2020-09-15 11:50:00,25.62,25.63,25.59,25.62,0,0,62160
140,2020-09-15 11:51:00,25.63,25.66,25.63,25.63,0,0,13356
141,2020-09-15 11:52:00,25.64,25.67,25.64,25.64,0,0,36225
142,2020-09-15 11:53:00,25.64,25.67,25.63,25.66,0,0,22539
143,2020-09-15 11:54:00,25.67,25.68,25.65,25.67,0,0,13456
144,2020-09-15 11:55:00,25.68,25.71,25.67,25.7,0,0,23936
145,2020-09-15 11:56:00,25.7,25.73,25.7,25.72,0,0,14847
146,2020-09-15 11:57:00,25.72,25.72,25.68,25.71,0,0,22117
147,2020-09-15 11:58:00,25.72,25.73,25.72,25.72,0,0,13737
148,2020-09-15 11:59:00,25.72,25.74,25.7,25.73,0,0,19533
149,2020-09-15 12:00:00,25.72,25.75,25.72,25.75,0,0,18057
150,2020-09-15 12:01:00,25.76,25.78,25.75,25.76,0,0,21494
151,2020-09-15 12:02:00,25.76,25.78,25.76,25.77,0,0,24041
152,2020-09-15 12:03:00,25.77,25.79,25.76,25.77,0,0,37100
153,2020-09-15 12:04:00,25.76,25.77,25.76,25.76,0,0,22749
154,2020-09-15 12:05:00,25.76,25.77,25.75,25.76,0,0,11197
155,2020-09-15 12:06:00,25.76,25.77,25.75,25.77,0,0,11151
156,2020-09-15 12:07:00,25.76,25.78,25.76,25.77,0,0,42740
157,2020-09-15 12:08:00,25.77,25.77,25.76,25.76,0,0,10201
158,2020-09-15 12:09:00,25.76,25.77,25.72,25.74,0,0,29205
159,2020-09-15 12:10:00,25.74,25.75,25.72,25.72,0,0,17526
160,2020-09-15 12:11:00,25.73,25.74,25.71,25.74,0,0,13144
161,2020-09-15 12:12:00,25.74,25.75,25.73,25.73,0,0,7669
162,2020-09-15 12:13:00,25.74,25.8,25.74,25.8,0,0,15996
163,2020-09-15 12:14:00,25.79,25.84,25.77,25.83,0,0,28316
164,2020-09-15 12:15:00,25.84,25.86,25.83,25.85,0,0,16204
165,2020-09-15 12:16:00,25.85,25.87,25.85,25.87,0,0,17348
166,2020-09-15 12:17:00,25.87,25.88,25.86,25.87,0,0,15035
167,2020-09-15 12:18:00,25.87,25.9,25.86,25.89,0,0,15590
168,2020-09-15 12:19:00,25.9,25.94,25.89,25.91,0,0,43330
169,2020-09-15 12:20:00,25.91,25.94,25.89,25.91,0,0,39221
170,2020-09-15 12:21:00,25.91,25.95,25.9,25.95,0,0,17956
171,2020-09-15 12:22:00,25.95,25.96,25.92,25.93,0,0,16063
172,2020-09-15 12:23:00,25.92,25.92,25.91,25.92,0,0,14555
173,2020-09-15 12:24:00,25.91,25.92,25.9,25.9,0,0,15000
174,2020-09-15 12:25:00,25.91,25.92,25.89,25.91,0,0,19118
175,2020-09-15 12:26:00,25.91,25.93,25.91,25.92,0,0,12965
176,2020-09-15 12:27:00,25.92,25.93,25.92,25.93,0,0,13765
177,2020-09-15 12:28:00,25.93,25.94,25.92,25.94,0,0,16197
178,2020-09-15 12:29:00,25.95,25.98,25.94,25.97,0,0,31829
179,2020-09-15 12:30:00,25.97,26.0,25.96,25.98,0,0,34335
180,2020-09-15 12:31:00,25.99,26.0,25.97,25.98,0,0,17149
181,2020-09-15 12:32:00,25.98,25.99,25.97,25.99,0,0,10909
182,2020-09-15 12:33:00,25.99,26.0,25.93,25.94,0,0,21781
183,2020-09-15 12:34:00,25.94,25.95,25.92,25.94,0,0,13772
184,2020-09-15 12:35:00,25.94,25.96,25.94,25.94,0,0,12257
185,2020-09-15 12:36:00,25.95,25.95,25.93,25.93,0,0,9032
186,2020-09-15 12:37:00,25.93,25.94,25.93,25.94,0,0,9398
187,2020-09-15 12:38:00,25.93,25.95,25.93,25.94,0,0,16657
188,2020-09-15 12:39:00,25.95,25.98,25.93,25.98,0,0,26439
189,2020-09-15 12:40:00,25.98,26.0,25.97,25.98,0,0,19020
190,2020-09-15 12:41:00,25.99,25.99,25.98,25.99,0,0,10605
191,2020-09-15 12:42:00,25.99,26.0,25.97,25.98,0,0,16951
192,2020-09-15 12:43:00,25.98,26.01,25.98,26.0,0,0,43974
193,2020-09-15 12:44:00,26.01,26.03,26.01,26.02,0,0,30462
194,2020-09-15 12:45:00,26.01,26.04,26.01,26.02,0,0,33635
195,2020-09-15 12:46:00,26.03,26.03,26.01,26.01,0,0,22923
196,2020-09-15 12:47:00,26.01,26.01,25.98,26.0,0,0,13475
197,2020-09-15 12:48:00,25.99,26.01,25.99,26.01,0,0,9170
198,2020-09-15 12:49:00,26.01,26.01,26.0,26.0,0,0,11767
199,2020-09-15 12:50:00,26.01,26.01,25.85,25.92,0,0,475045
200,2020-09-15 12:51:00,25.92,25.96,25.91,25.95,0,0,33214
201,2020-09-15 12:52:00,25.95,25.98,25.95,25.98,0,0,16494
202,2020-09-15 12:53:00,25.98,25.99,25.97,25.98,0,0,21799
203,2020-09-15 12:54:00,25.98,26.0,25.98,25.99,0,0,19500
204,2020-09-15 12:55:00,25.99,26.01,25.99,26.0,0,0,27881
205,2020-09-15 12:56:00,26.0,26.01,25.97,25.97,0,0,40937
206,2020-09-15 12:57:00,25.98,25.98,25.96,25.97,0,0,12232
207,2020-09-15 12:58:00,25.96,25.97,25.92,25.92,0,0,19104
208,2020-09-15 12:59:00,25.92,25.92,25.88,25.88,0,0,12755
209,2020-09-15 13:00:00,25.89,25.9,25.86,25.89,0,0,28414
210,2020-09-15 13:01:00,25.9,25.93,25.89,25.92,0,0,32004
211,2020-09-15 13:02:00,25.92,25.92,25.9,25.91,0,0,13327
212,2020-09-15 13:03:00,25.91,25.91,25.87,25.87,0,0,17317
213,2020-09-15 13:04:00,25.86,25.86,25.78,25.78,0,0,40617
214,2020-09-15 13:05:00,25.78,25.82,25.78,25.82,0,0,51059
215,2020-09-15 13:06:00,25.81,25.82,25.81,25.82,0,0,13881
216,2020-09-15 13:07:00,25.82,25.82,25.81,25.82,0,0,18183
217,2020-09-15 13:08:00,25.82,25.88,25.81,25.86,0,0,32798
218,2020-09-15 13:09:00,25.87,25.9,25.86,25.89,0,0,25073
219,2020-09-15 13:10:00,25.89,25.93,25.89,25.9,0,0,36481
220,2020-09-15 13:11:00,25.91,25.93,25.9,25.92,0,0,16468
221,2020-09-15 13:12:00,25.93,25.93,25.91,25.92,0,0,27946
222,2020-09-15 13:13:00,25.93,25.93,25.91,25.91,0,0,7477
223,2020-09-15 13:14:00,25.92,25.95,25.91,25.93,0,0,31228
224,2020-09-15 13:15:00,25.92,25.96,25.92,25.95,0,0,11420
225,2020-09-15 13:16:00,25.94,25.95,25.94,25.95,0,0,11065
226,2020-09-15 13:17:00,25.95,25.96,25.95,25.95,0,0,9918
227,2020-09-15 13:18:00,25.95,25.96,25.95,25.95,0,0,24687
228,2020-09-15 13:19:00,25.96,25.98,25.95,25.98,0,0,28566
229,2020-09-15 13:20:00,25.98,25.98,25.94,25.95,0,0,24065
230,2020-09-15 13:21:00,25.95,25.97,25.93,25.94,0,0,24669
231,2020-09-15 13:22:00,25.95,25.95,25.93,25.93,0,0,12011
232,2020-09-15 13:23:00,25.93,25.97,25.92,25.95,0,0,39655
233,2020-09-15 13:24:00,25.95,25.97,25.95,25.96,0,0,15123
234,2020-09-15 13:25:00,25.97,25.98,25.96,25.98,0,0,6728
235,2020-09-15 13:26:00,25.98,25.99,25.97,25.97,0,0,19737
236,2020-09-15 13:27:00,25.97,25.99,25.96,25.99,0,0,11316
237,2020-09-15 13:28:00,25.99,26.01,25.98,26.0,0,0,28609
238,2020-09-15 13:29:00,26.0,26.01,26.0,26.0,0,0,10201
239,2020-09-15 13:30:00,26.0,26.03,26.0,26.03,0,0,28839
240,2020-09-15 13:31:00,26.02,26.04,26.01,26.03,0,0,24374
241,2020-09-15 13:32:00,26.03,26.03,25.99,25.99,0,0,50955
242,2020-09-15 13:33:00,25.99,25.99,25.96,25.96,0,0,25494
243,2020-09-15 13:34:00,25.97,26.01,25.96,26.01,0,0,20469
244,2020-09-15 13:35:00,26.01,26.01,26.0,26.01,0,0,20986
245,2020-09-15 13:36:00,26.0,26.04,26.0,26.03,0,0,15909
246,2020-09-15 13:37:00,26.03,26.05,26.03,26.05,0,0,20999
247,2020-09-15 13:38:00,26.04,26.06,26.03,26.06,0,0,29419
248,2020-09-15 13:39:00,26.05,26.06,26.02,26.03,0,0,26007
249,2020-09-15 13:40:00,26.03,26.05,26.01,26.02,0,0,18271
250,2020-09-15 13:41:00,26.02,26.06,26.02,26.05,0,0,14201
251,2020-09-15 13:42:00,26.06,26.07,26.04,26.05,0,0,26152
252,2020-09-15 13:43:00,26.06,26.07,26.05,26.06,0,0,12820
253,2020-09-15 13:44:00,26.06,26.07,26.04,26.07,0,0,11804
254,2020-09-15 13:45:00,26.07,26.07,26.03,26.06,0,0,26835
255,2020-09-15 13:46:00,26.06,26.09,26.06,26.09,0,0,44561
256,2020-09-15 13:47:00,26.08,26.08,26.04,26.05,0,0,27650
257,2020-09-15 13:48:00,26.05,26.05,26.02,26.03,0,0,15867
258,2020-09-15 13:49:00,26.04,26.04,26.01,26.01,0,0,21108
259,2020-09-15 13:50:00,26.02,26.03,26.0,26.01,0,0,18840
260,2020-09-15 13:51:00,26.01,26.01,25.98,26.0,0,0,28058
261,2020-09-15 13:52:00,26.0,26.0,25.99,26.0,0,0,22771
262,2020-09-15 13:53:00,26.0,26.0,25.98,25.98,0,0,19762
263,2020-09-15 13:54:00,25.98,26.01,25.96,26.01,0,0,18774
264,2020-09-15 13:55:00,26.0,26.01,26.0,26.01,0,0,3500
265,2020-09-15 13:56:00,26.0,26.02,26.0,26.01,0,0,14788
266,2020-09-15 13:57:00,26.02,26.03,26.0,26.0,0,0,12665
267,2020-09-15 13:58:00,26.0,26.01,25.97,25.98,0,0,14276
268,2020-09-15 13:59:00,25.98,25.98,25.95,25.97,0,0,18496
269,2020-09-15 14:00:00,25.97,25.99,25.97,25.98,0,0,17958
270,2020-09-15 14:01:00,25.99,25.99,25.98,25.99,0,0,11572
271,2020-09-15 14:02:00,25.98,26.01,25.98,26.01,0,0,23673
272,2020-09-15 14:03:00,26.01,26.01,25.98,25.98,0,0,12879
273,2020-09-15 14:04:00,25.98,25.99,25.98,25.99,0,0,7588
274,2020-09-15 14:05:00,25.99,26.02,25.99,26.01,0,0,12800
275,2020-09-15 14:06:00,26.01,26.02,26.0,26.0,0,0,12837
276,2020-09-15 14:07:00,26.0,26.01,25.99,26.01,0,0,26129
277,2020-09-15 14:08:00,26.0,26.0,25.97,25.97,0,0,61989
278,2020-09-15 14:09:00,25.98,25.98,25.93,25.93,0,0,19105
279,2020-09-15 14:10:00,25.92,25.95,25.91,25.95,0,0,23372
280,2020-09-15 14:11:00,25.95,25.98,25.94,25.98,0,0,22549
281,2020-09-15 14:12:00,25.98,25.98,25.95,25.95,0,0,10673
282,2020-09-15 14:13:00,25.95,25.98,25.95,25.98,0,0,9864
283,2020-09-15 14:14:00,25.98,26.0,25.97,25.97,0,0,15160
284,2020-09-15 14:15:00,25.98,25.98,25.97,25.98,0,0,5246
285,2020-09-15 14:16:00,25.98,25.99,25.97,25.98,0,0,16043
286,2020-09-15 14:17:00,25.98,25.99,25.97,25.99,0,0,11338
287,2020-09-15 14:18:00,25.99,26.03,25.99,26.02,0,0,28436
288,2020-09-15 14:19:00,26.02,26.05,26.01,26.05,0,0,39441
289,2020-09-15 14:20:00,26.05,26.05,26.04,26.05,0,0,17517
290,2020-09-15 14:21:00,26.05,26.05,26.03,26.03,0,0,16791
291,2020-09-15 14:22:00,26.03,26.04,26.02,26.04,0,0,20124
292,2020-09-15 14:23:00,26.03,26.11,26.03,26.08,0,0,91106
293,2020-09-15 14:24:00,26.08,26.09,26.08,26.09,0,0,24585
294,2020-09-15 14:25:00,26.09,26.09,26.05,26.06,0,0,24755
295,2020-09-15 14:26:00,26.07,26.07,26.05,26.06,0,0,28754
296,2020-09-15 14:27:00,26.07,26.09,26.07,26.08,0,0,13929
297,2020-09-15 14:28:00,26.09,26.11,26.08,26.08,0,0,31796
298,2020-09-15 14:29:00,26.09,26.1,26.08,26.09,0,0,19628
299,2020-09-15 14:30:00,26.1,26.12,26.1,26.11,0,0,23486
300,2020-09-15 14:31:00,26.1,26.12,26.1,26.11,0,0,31921
301,2020-09-15 14:32:00,26.12,26.12,26.08,26.08,0,0,27402
302,2020-09-15 14:33:00,26.08,26.08,26.07,26.07,0,0,16892
303,2020-09-15 14:34:00,26.08,26.08,26.06,26.07,0,0,34151
304,2020-09-15 14:35:00,26.07,26.1,26.06,26.1,0,0,21592
305,2020-09-15 14:36:00,26.09,26.11,26.09,26.11,0,0,19803
306,2020-09-15 14:37:00,26.11,26.12,26.09,26.11,0,0,59310
307,2020-09-15 14:38:00,26.11,26.12,26.11,26.11,0,0,33308
308,2020-09-15 14:39:00,26.12,26.12,26.11,26.11,0,0,23966
309,2020-09-15 14:40:00,26.11,26.12,26.11,26.11,0,0,9257
310,2020-09-15 14:41:00,26.12,26.15,26.11,26.14,0,0,50172
311,2020-09-15 14:42:00,26.14,26.16,26.14,26.15,0,0,38060
312,2020-09-15 14:43:00,26.15,26.15,26.13,26.14,0,0,16492
313,2020-09-15 14:44:00,26.14,26.16,26.13,26.16,0,0,28164
314,2020-09-15 14:45:00,26.16,26.2,26.15,26.19,0,0,104231
315,2020-09-15 14:46:00,26.18,26.19,26.16,26.17,0,0,27224
316,2020-09-15 14:47:00,26.17,26.19,26.16,26.16,0,0,50546
317,2020-09-15 14:48:00,26.16,26.16,26.13,26.15,0,0,28397
318,2020-09-15 14:49:00,26.15,26.15,26.13,26.14,0,0,31611
319,2020-09-15 14:50:00,26.14,26.15,26.13,26.15,0,0,31639
320,2020-09-15 14:51:00,26.15,26.16,26.15,26.16,0,0,19502
321,2020-09-15 14:52:00,26.16,26.18,26.15,26.15,0,0,33661
322,2020-09-15 14:53:00,26.15,26.15,26.14,26.15,0,0,15024
323,2020-09-15 14:54:00,26.15,26.18,26.14,26.18,0,0,26542
324,2020-09-15 14:55:00,26.18,26.18,26.15,26.15,0,0,14178
325,2020-09-15 14:56:00,26.16,26.16,26.14,26.14,0,0,18070
326,2020-09-15 14:57:00,26.14,26.15,26.11,26.12,0,0,34068
327,2020-09-15 14:58:00,26.12,26.13,26.1,26.1,0,0,18760
328,2020-09-15 14:59:00,26.1,26.14,26.1,26.14,0,0,22924
329,2020-09-15 15:00:00,26.14,26.15,26.12,26.13,0,0,19426
330,2020-09-15 15:01:00,26.13,26.16,26.12,26.15,0,0,38578
331,2020-09-15 15:02:00,26.14,26.16,26.14,26.15,0,0,44990
332,2020-09-15 15:03:00,26.15,26.16,26.14,26.16,0,0,42166
333,2020-09-15 15:04:00,26.16,26.16,25.69,25.77,0,0,641021
334,2020-09-15 15:05:00,25.77,25.88,25.68,25.74,0,0,207937
335,2020-09-15 15:06:00,25.73,25.82,25.62,25.81,0,0,307851
336,2020-09-15 15:07:00,25.81,25.86,25.79,25.81,0,0,160113
337,2020-09-15 15:08:00,25.8,25.92,25.76,25.87,0,0,267409
338,2020-09-15 15:09:00,25.88,25.96,25.84,25.85,0,0,331046
339,2020-09-15 15:10:00,25.85,25.92,25.8,25.89,0,0,166378
340,2020-09-15 15:11:00,25.9,25.94,25.7,25.71,0,0,158121
341,2020-09-15 15:12:00,25.72,25.8,25.63,25.72,0,0,150046
342,2020-09-15 15:13:00,25.73,25.74,25.63,25.74,0,0,218857
343,2020-09-15 15:14:00,25.76,25.85,25.75,25.79,0,0,198634
344,2020-09-15 15:15:00,25.79,25.8,25.46,25.47,0,0,258588
345,2020-09-15 15:16:00,25.47,25.65,25.46,25.6,0,0,218661
346,2020-09-15 15:17:00,25.6,25.6,25.54,25.55,0,0,103019
347,2020-09-15 15:18:00,25.55,25.56,25.35,25.42,0,0,278748
348,2020-09-15 15:19:00,25.41,25.44,25.36,25.42,0,0,128368
349,2020-09-15 15:20:00,25.42,25.45,25.36,25.44,0,0,123262
350,2020-09-15 15:21:00,25.44,25.5,25.39,25.48,0,0,324881
351,2020-09-15 15:22:00,25.47,25.53,25.43,25.43,0,0,64995
352,2020-09-15 15:23:00,25.43,25.51,25.42,25.46,0,0,97675
353,2020-09-15 15:24:00,25.46,25.5,25.45,25.5,0,0,100341
354,2020-09-15 15:25:00,25.5,25.52,25.45,25.48,0,0,90980
355,2020-09-15 15:26:00,25.49,25.61,25.49,25.58,0,0,129012
356,2020-09-15 15:27:00,25.58,25.58,25.44,25.44,0,0,501112
357,2020-09-15 15:28:00,25.44,25.46,25.36,25.39,0,0,126716
358,2020-09-15 15:29:00,25.39,25.47,25.39,25.47,0,0,128217
359,2020-09-15 15:30:00,25.47,25.53,25.46,25.51,0,0,100120
360,2020-09-15 15:31:00,25.52,25.53,25.48,25.49,0,0,71970
361,2020-09-15 15:32:00,25.49,25.55,25.49,25.51,0,0,85060
362,2020-09-15 15:33:00,25.51,25.52,25.49,25.5,0,0,50964
363,2020-09-15 15:34:00,25.5,25.53,25.48,25.5,0,0,71230
364,2020-09-15 15:35:00,25.49,25.5,25.45,25.49,0,0,82854
365,2020-09-15 15:36:00,25.49,25.52,25.47,25.48,0,0,118349
366,2020-09-15 15:37:00,25.49,25.49,25.42,25.44,0,0,116139
367,2020-09-15 15:38:00,25.44,25.47,25.38,25.47,0,0,234713
368,2020-09-15 15:39:00,25.47,25.5,25.45,25.48,0,0,82585
369,2020-09-15 15:40:00,25.49,25.5,25.47,25.47,0,0,129878
370,2020-09-15 15:41:00,25.47,25.48,25.42,25.45,0,0,93265
371,2020-09-15 15:42:00,25.45,25.56,25.44,25.54,0,0,149823
372,2020-09-15 15:43:00,25.54,25.55,25.5,25.52,0,0,118708
373,2020-09-15 15:44:00,25.52,25.53,25.47,25.5,0,0,121798
374,2020-09-15 15:45:00,25.5,25.51,25.47,25.49,0,0,84066
375,2020-09-15 15:46:00,25.49,25.5,25.48,25.48,0,0,101366
376,2020-09-15 15:47:00,25.49,25.49,25.45,25.47,0,0,105221
377,2020-09-15 15:48:00,25.46,25.51,25.46,25.5,0,0,58394
378,2020-09-15 15:49:00,25.49,25.51,25.47,25.49,0,0,96464
379,2020-09-15 15:50:00,25.49,25.54,25.49,25.53,0,0,53842
380,2020-09-15 15:51:00,25.54,25.58,25.54,25.56,0,0,63900
381,2020-09-15 15:52:00,25.56,25.58,25.55,25.58,0,0,79116
382,2020-09-15 15:53:00,25.58,25.62,25.58,25.6,0,0,96680
383,2020-09-15 15:54:00,25.6,25.68,25.59,25.68,0,0,96006
384,2020-09-15 15:55:00,25.68,25.73,25.68,25.71,0,0,251027
385,2020-09-15 15:56:00,25.72,25.72,25.65,25.69,0,0,330305
386,2020-09-15 15:57:00,25.69,25.7,25.67,25.67,0,0,237545
387,2020-09-15 15:58:00,25.67,25.7,25.64,25.67,0,0,338226
388,2020-09-15 15:59:00,25.67,25.71,25.6,25.64,0,0,416411
389,2020-09-16 09:30:00,25.53,25.63,25.36,25.5,0,0,387636
390,2020-09-16 09:31:00,25.53,25.59,25.41,25.43,0,0,58014
391,2020-09-16 09:32:00,25.45,25.55,25.4,25.43,0,0,74816
392,2020-09-16 09:33:00,25.43,25.71,25.4,25.71,0,0,156188
393,2020-09-16 09:34:00,25.72,25.76,25.47,25.49,0,0,255426
394,2020-09-16 09:35:00,25.5,25.53,25.35,25.41,0,0,177649
395,2020-09-16 09:36:00,25.4,25.49,25.4,25.47,0,0,38148
396,2020-09-16 09:37:00,25.49,25.56,25.44,25.54,0,0,47298
397,2020-09-16 09:38:00,25.54,25.57,25.48,25.56,0,0,43433
398,2020-09-16 09:39:00,25.57,25.59,25.49,25.49,0,0,58511
399,2020-09-16 09:40:00,25.49,25.5,25.39,25.4,0,0,184318
400,2020-09-16 09:41:00,25.41,25.55,25.4,25.55,0,0,56251
401,2020-09-16 09:42:00,25.55,25.63,25.55,25.62,0,0,110060
402,2020-09-16 09:43:00,25.62,25.73,25.61,25.71,0,0,60281
403,2020-09-16 09:44:00,25.72,25.78,25.7,25.72,0,0,75914
404,2020-09-16 09:45:00,25.7,25.72,25.63,25.64,0,0,31773
405,2020-09-16 09:46:00,25.64,25.67,25.61,25.62,0,0,23877
406,2020-09-16 09:47:00,25.64,25.7,25.63,25.67,0,0,57923
407,2020-09-16 09:48:00,25.66,25.66,25.58,25.58,0,0,39626
408,2020-09-16 09:49:00,25.58,25.58,25.39,25.4,0,0,50071
409,2020-09-16 09:50:00,25.4,25.4,25.26,25.3,0,0,140476
410,2020-09-16 09:51:00,25.31,25.36,25.26,25.32,0,0,95664
411,2020-09-16 09:52:00,25.32,25.39,25.31,25.34,0,0,82342
412,2020-09-16 09:53:00,25.35,25.41,25.24,25.29,0,0,238054
413,2020-09-16 09:54:00,25.3,25.38,25.28,25.32,0,0,55859
414,2020-09-16 09:55:00,25.32,25.37,25.32,25.35,0,0,42717
415,2020-09-16 09:56:00,25.34,25.37,25.34,25.36,0,0,214113
416,2020-09-16 09:57:00,25.35,25.38,25.29,25.3,0,0,60550
417,2020-09-16 09:58:00,25.29,25.34,25.26,25.33,0,0,33542
418,2020-09-16 09:59:00,25.33,25.42,25.33,25.41,0,0,42230
419,2020-09-16 10:00:00,25.41,25.45,25.37,25.37,0,0,61281
420,2020-09-16 10:01:00,25.37,25.43,25.35,25.42,0,0,21715
421,2020-09-16 10:02:00,25.42,25.45,25.4,25.45,0,0,20322
422,2020-09-16 10:03:00,25.45,25.47,25.43,25.45,0,0,37323
423,2020-09-16 10:04:00,25.46,25.48,25.41,25.42,0,0,30895
424,2020-09-16 10:05:00,25.43,25.52,25.41,25.52,0,0,35711
425,2020-09-16 10:06:00,25.52,25.56,25.5,25.56,0,0,34830
426,2020-09-16 10:07:00,25.56,25.58,25.54,25.58,0,0,44288
427,2020-09-16 10:08:00,25.58,25.64,25.58,25.62,0,0,32534
428,2020-09-16 10:09:00,25.63,25.66,25.62,25.63,0,0,36795
429,2020-09-16 10:10:00,25.63,25.72,25.62,25.71,0,0,41923
430,2020-09-16 10:11:00,25.71,25.71,25.68,25.7,0,0,34686
431,2020-09-16 10:12:00,25.7,25.71,25.61,25.67,0,0,55756
432,2020-09-16 10:13:00,25.66,25.68,25.57,25.64,0,0,43259
433,2020-09-16 10:14:00,25.64,25.65,25.6,25.6,0,0,45685
434,2020-09-16 10:15:00,25.61,25.62,25.58,25.6,0,0,26349
435,2020-09-16 10:16:00,25.6,25.61,25.55,25.56,0,0,26846
436,2020-09-16 10:17:00,25.56,25.56,25.52,25.54,0,0,24946
437,2020-09-16 10:18:00,25.55,25.58,25.53,25.54,0,0,36374
438,2020-09-16 10:19:00,25.54,25.55,25.53,25.53,0,0,16150
439,2020-09-16 10:20:00,25.54,25.59,25.53,25.58,0,0,23425
440,2020-09-16 10:21:00,25.58,25.63,25.58,25.62,0,0,13300
441,2020-09-16 10:22:00,25.63,25.63,25.57,25.59,0,0,50226
442,2020-09-16 10:23:00,25.59,25.6,25.58,25.6,0,0,15375
443,2020-09-16 10:24:00,25.59,25.61,25.59,25.61,0,0,30725
444,2020-09-16 10:25:00,25.61,25.61,25.56,25.56,0,0,17243
445,2020-09-16 10:26:00,25.56,25.56,25.47,25.47,0,0,47565
446,2020-09-16 10:27:00,25.48,25.49,25.45,25.46,0,0,51292
447,2020-09-16 10:28:00,25.46,25.49,25.44,25.45,0,0,109831
448,2020-09-16 10:29:00,25.44,25.52,25.43,25.52,0,0,61348
449,2020-09-16 10:30:00,25.51,25.58,25.51,25.58,0,0,33450
450,2020-09-16 10:31:00,25.58,25.58,25.53,25.53,0,0,38376
451,2020-09-16 10:32:00,25.54,25.54,25.5,25.51,0,0,36422
452,2020-09-16 10:33:00,25.52,25.56,25.49,25.55,0,0,61528
453,2020-09-16 10:34:00,25.55,25.62,25.55,25.61,0,0,58352
454,2020-09-16 10:35:00,25.61,25.61,25.57,25.57,0,0,45440
455,2020-09-16 10:36:00,25.58,25.58,25.53,25.53,0,0,29989
456,2020-09-16 10:37:00,25.53,25.56,25.49,25.55,0,0,74741
457,2020-09-16 10:38:00,25.55,25.56,25.5,25.51,0,0,121447
458,2020-09-16 10:39:00,25.51,25.51,25.42,25.43,0,0,24043
459,2020-09-16 10:40:00,25.42,25.45,25.42,25.43,0,0,25583
460,2020-09-16 10:41:00,25.44,25.49,25.43,25.48,0,0,26817
461,2020-09-16 10:42:00,25.48,25.51,25.47,25.48,0,0,40128
462,2020-09-16 10:43:00,25.47,25.5,25.45,25.47,0,0,70636
463,2020-09-16 10:44:00,25.48,25.49,25.46,25.47,0,0,28170
464,2020-09-16 10:45:00,25.47,25.49,25.42,25.42,0,0,36109
465,2020-09-16 10:46:00,25.42,25.47,25.42,25.45,0,0,35925
466,2020-09-16 10:47:00,25.46,25.46,25.42,25.43,0,0,53207
467,2020-09-16 10:48:00,25.43,25.45,25.42,25.44,0,0,45279
468,2020-09-16 10:49:00,25.43,25.44,25.39,25.39,0,0,48670
469,2020-09-16 10:50:00,25.4,25.41,25.31,25.32,0,0,59886
470,2020-09-16 10:51:00,25.32,25.38,25.31,25.38,0,0,77283
471,2020-09-16 10:52:00,25.38,25.38,25.32,25.32,0,0,47284
472,2020-09-16 10:53:00,25.33,25.33,25.31,25.32,0,0,18712
473,2020-09-16 10:54:00,25.34,25.34,25.32,25.33,0,0,259692
474,2020-09-16 10:55:00,25.41,25.45,25.39,25.44,0,0,33845
475,2020-09-16 10:56:00,25.45,25.52,25.45,25.52,0,0,24242
476,2020-09-16 10:57:00,25.52,25.52,25.43,25.43,0,0,32797
477,2020-09-16 10:58:00,25.43,25.44,25.41,25.41,0,0,26401
478,2020-09-16 10:59:00,25.41,25.41,25.38,25.39,0,0,18294
479,2020-09-16 11:00:00,25.39,25.42,25.39,25.4,0,0,24169
480,2020-09-16 11:01:00,25.39,25.4,25.35,25.36,0,0,19695
481,2020-09-16 11:02:00,25.36,25.38,25.35,25.37,0,0,26141
482,2020-09-16 11:03:00,25.36,25.36,25.33,25.33,0,0,34398
483,2020-09-16 11:04:00,25.34,25.34,25.32,25.32,0,0,17520
484,2020-09-16 11:05:00,25.32,25.32,25.29,25.3,0,0,50260
485,2020-09-16 11:06:00,25.31,25.34,25.31,25.33,0,0,25177
486,2020-09-16 11:07:00,25.33,25.34,25.31,25.32,0,0,16446
487,2020-09-16 11:08:00,25.31,25.32,25.3,25.31,0,0,9918
488,2020-09-16 11:09:00,25.31,25.33,25.31,25.31,0,0,27139
489,2020-09-16 11:10:00,25.31,25.33,25.29,25.3,0,0,16680
490,2020-09-16 11:11:00,25.3,25.3,25.27,25.28,0,0,19415
491,2020-09-16 11:12:00,25.27,25.29,25.26,25.28,0,0,35333
492,2020-09-16 11:13:00,25.29,25.35,25.28,25.35,0,0,44137
493,2020-09-16 11:14:00,25.34,25.4,25.34,25.4,0,0,30561
494,2020-09-16 11:15:00,25.4,25.41,25.39,25.41,0,0,20388
495,2020-09-16 11:16:00,25.41,25.45,25.38,25.44,0,0,132412
496,2020-09-16 11:17:00,25.45,25.45,25.39,25.39,0,0,46125
497,2020-09-16 11:18:00,25.39,25.43,25.39,25.43,0,0,25571
498,2020-09-16 11:19:00,25.43,25.44,25.42,25.43,0,0,24747
499,2020-09-16 11:20:00,25.43,25.45,25.42,25.44,0,0,36760
500,2020-09-16 11:21:00,25.43,25.47,25.42,25.47,0,0,19163
501,2020-09-16 11:22:00,25.48,25.52,25.48,25.51,0,0,37044
502,2020-09-16 11:23:00,25.51,25.54,25.48,25.54,0,0,57277
503,2020-09-16 11:24:00,25.53,25.53,25.48,25.48,0,0,18612
504,2020-09-16 11:25:00,25.47,25.48,25.43,25.47,0,0,33605
505,2020-09-16 11:27:00,25.51,25.51,25.5,25.5,0,0,36589
506,2020-09-16 11:28:00,25.5,25.51,25.47,25.47,0,0,20600
507,2020-09-16 11:29:00,25.47,25.49,25.47,25.48,0,0,17546
508,2020-09-16 11:30:00,25.48,25.49,25.44,25.45,0,0,23895
509,2020-09-16 11:31:00,25.44,25.49,25.44,25.49,0,0,21763
510,2020-09-16 11:32:00,25.49,25.49,25.44,25.44,0,0,29584
511,2020-09-16 11:33:00,25.44,25.45,25.42,25.45,0,0,25540
512,2020-09-16 11:34:00,25.45,25.45,25.42,25.42,0,0,120067
513,2020-09-16 11:35:00,25.43,25.44,25.42,25.43,0,0,16499
514,2020-09-16 11:36:00,25.44,25.47,25.43,25.46,0,0,7739
515,2020-09-16 11:37:00,25.47,25.47,25.42,25.42,0,0,17568
516,2020-09-16 11:38:00,25.42,25.43,25.41,25.41,0,0,17296
517,2020-09-16 11:39:00,25.41,25.43,25.41,25.42,0,0,17020
518,2020-09-16 11:40:00,25.42,25.42,25.41,25.42,0,0,14974
519,2020-09-16 11:41:00,25.43,25.43,25.41,25.41,0,0,6323
520,2020-09-16 11:42:00,25.41,25.42,25.38,25.39,0,0,26395
521,2020-09-16 11:43:00,25.38,25.4,25.37,25.38,0,0,37595
522,2020-09-16 11:44:00,25.39,25.39,25.34,25.35,0,0,20102
523,2020-09-16 11:45:00,25.35,25.38,25.35,25.37,0,0,53461
524,2020-09-16 11:46:00,25.38,25.41,25.37,25.41,0,0,14524
525,2020-09-16 11:47:00,25.41,25.41,25.37,25.38,0,0,20880
526,2020-09-16 11:48:00,25.38,25.38,25.36,25.38,0,0,11857
527,2020-09-16 11:49:00,25.38,25.39,25.37,25.39,0,0,13467
528,2020-09-16 11:50:00,25.38,25.39,25.36,25.36,0,0,18029
529,2020-09-16 11:51:00,25.37,25.37,25.36,25.36,0,0,6204
530,2020-09-16 11:52:00,25.35,25.36,25.34,25.36,0,0,24202
531,2020-09-16 11:53:00,25.36,25.37,25.35,25.36,0,0,7013
532,2020-09-16 11:54:00,25.35,25.39,25.35,25.38,0,0,17936
533,2020-09-16 11:55:00,25.38,25.4,25.37,25.39,0,0,14866
534,2020-09-16 11:56:00,25.38,25.39,25.37,25.39,0,0,14365
535,2020-09-16 11:57:00,25.39,25.39,25.38,25.38,0,0,4615
536,2020-09-16 11:58:00,25.39,25.4,25.38,25.4,0,0,9508
537,2020-09-16 11:59:00,25.4,25.41,25.36,25.36,0,0,44111
538,2020-09-16 12:00:00,25.36,25.38,25.36,25.37,0,0,19498
539,2020-09-16 12:01:00,25.38,25.38,25.37,25.38,0,0,5124
540,2020-09-16 12:02:00,25.38,25.38,25.35,25.36,0,0,28302
541,2020-09-16 12:03:00,25.35,25.44,25.34,25.43,0,0,175669
542,2020-09-16 12:04:00,25.43,25.46,25.43,25.43,0,0,129713
543,2020-09-16 12:05:00,25.43,25.44,25.39,25.39,0,0,35156
544,2020-09-16 12:06:00,25.4,25.4,25.38,25.39,0,0,21225
545,2020-09-16 12:07:00,25.4,25.41,25.39,25.41,0,0,24690
546,2020-09-16 12:08:00,25.41,25.45,25.41,25.43,0,0,26554
547,2020-09-16 12:09:00,25.44,25.44,25.41,25.42,0,0,23110
548,2020-09-16 12:10:00,25.42,25.44,25.41,25.41,0,0,14621
549,2020-09-16 12:11:00,25.42,25.42,25.38,25.4,0,0,16599
550,2020-09-16 12:12:00,25.4,25.42,25.39,25.39,0,0,23966
551,2020-09-16 12:13:00,25.39,25.4,25.39,25.39,0,0,17820
552,2020-09-16 12:14:00,25.39,25.42,25.39,25.42,0,0,13092
553,2020-09-16 12:15:00,25.42,25.44,25.4,25.4,0,0,90583
554,2020-09-16 12:16:00,25.41,25.41,25.37,25.38,0,0,24178
555,2020-09-16 12:17:00,25.38,25.38,25.36,25.38,0,0,16215
556,2020-09-16 12:18:00,25.38,25.4,25.36,25.39,0,0,44710
557,2020-09-16 12:19:00,25.4,25.41,25.4,25.41,0,0,9709
558,2020-09-16 12:20:00,25.41,25.42,25.39,25.39,0,0,16925
559,2020-09-16 12:21:00,25.4,25.41,25.4,25.4,0,0,16685
560,2020-09-16 12:22:00,25.4,25.4,25.35,25.36,0,0,184307
561,2020-09-16 12:23:00,25.36,25.36,25.34,25.36,0,0,45674
562,2020-09-16 12:24:00,25.36,25.36,25.35,25.36,0,0,9571
563,2020-09-16 12:25:00,25.36,25.36,25.32,25.33,0,0,118409
564,2020-09-16 12:26:00,25.34,25.34,25.32,25.33,0,0,10870
565,2020-09-16 12:27:00,25.33,25.33,25.31,25.32,0,0,14286
566,2020-09-16 12:28:00,25.31,25.35,25.31,25.35,0,0,25773
567,2020-09-16 12:29:00,25.34,25.35,25.33,25.34,0,0,21852
568,2020-09-16 12:30:00,25.34,25.34,25.31,25.32,0,0,31686
569,2020-09-16 12:31:00,25.33,25.33,25.31,25.33,0,0,18301
570,2020-09-16 12:32:00,25.32,25.33,25.31,25.32,0,0,15504
571,2020-09-16 12:33:00,25.32,25.35,25.32,25.34,0,0,104159
572,2020-09-16 12:34:00,25.34,25.36,25.33,25.35,0,0,300589
573,2020-09-16 12:35:00,25.34,25.36,25.34,25.35,0,0,260953
574,2020-09-16 12:36:00,25.35,25.36,25.32,25.33,0,0,12292
575,2020-09-16 12:37:00,25.33,25.34,25.33,25.33,0,0,7692
576,2020-09-16 12:38:00,25.33,25.34,25.3,25.33,0,0,34924
577,2020-09-16 12:39:00,25.33,25.37,25.32,25.35,0,0,32643
578,2020-09-16 12:40:00,25.35,25.35,25.33,25.35,0,0,15826
579,2020-09-16 12:41:00,25.35,25.37,25.34,25.36,0,0,24103
580,2020-09-16 12:42:00,25.36,25.37,25.34,25.34,0,0,15866
581,2020-09-16 12:43:00,25.35,25.35,25.33,25.33,0,0,9745
582,2020-09-16 12:44:00,25.33,25.36,25.33,25.36,0,0,27330
583,2020-09-16 12:45:00,25.36,25.37,25.34,25.34,0,0,14297
584,2020-09-16 12:46:00,25.34,25.35,25.33,25.35,0,0,12887
585,2020-09-16 12:47:00,25.35,25.36,25.32,25.35,0,0,76051
586,2020-09-16 12:48:00,25.35,25.36,25.35,25.35,0,0,13383
587,2020-09-16 12:49:00,25.35,25.35,25.34,25.35,0,0,14929
588,2020-09-16 12:50:00,25.34,25.35,25.31,25.31,0,0,16819
589,2020-09-16 12:51:00,25.32,25.32,25.3,25.31,0,0,67005
590,2020-09-16 12:52:00,25.31,25.31,25.28,25.28,0,0,39146
591,2020-09-16 12:53:00,25.28,25.29,25.27,25.29,0,0,76298
592,2020-09-16 12:54:00,25.29,25.3,25.28,25.3,0,0,61042
593,2020-09-16 12:55:00,25.3,25.32,25.3,25.3,0,0,27147
594,2020-09-16 12:56:00,25.3,25.32,25.27,25.27,0,0,38705
595,2020-09-16 12:57:00,25.27,25.29,25.27,25.27,0,0,38960
596,2020-09-16 12:58:00,25.27,25.29,25.27,25.27,0,0,22499
597,2020-09-16 12:59:00,25.27,25.29,25.26,25.27,0,0,50626
598,2020-09-16 13:00:00,25.28,25.29,25.27,25.27,0,0,24458
599,2020-09-16 13:01:00,25.28,25.28,25.25,25.28,0,0,36482
600,2020-09-16 13:02:00,25.28,25.3,25.28,25.28,0,0,26866
601,2020-09-16 13:03:00,25.29,25.3,25.28,25.3,0,0,23517
602,2020-09-16 13:04:00,25.3,25.33,25.29,25.3,0,0,40848
603,2020-09-16 13:05:00,25.31,25.33,25.3,25.32,0,0,235520
604,2020-09-16 13:06:00,25.32,25.33,25.31,25.32,0,0,15408
605,2020-09-16 13:07:00,25.33,25.35,25.31,25.33,0,0,38967
606,2020-09-16 13:08:00,25.33,25.33,25.31,25.32,0,0,29206
607,2020-09-16 13:09:00,25.33,25.34,25.32,25.33,0,0,10661
608,2020-09-16 13:10:00,25.32,25.34,25.32,25.33,0,0,74609
609,2020-09-16 13:11:00,25.34,25.38,25.33,25.37,0,0,57876
610,2020-09-16 13:12:00,25.38,25.4,25.36,25.36,0,0,28253
611,2020-09-16 13:13:00,25.36,25.39,25.36,25.39,0,0,19598
612,2020-09-16 13:14:00,25.39,25.44,25.39,25.41,0,0,101196
613,2020-09-16 13:15:00,25.42,25.42,25.39,25.39,0,0,19949
614,2020-09-16 13:16:00,25.4,25.4,25.36,25.36,0,0,207499
615,2020-09-16 13:17:00,25.37,25.38,25.34,25.36,0,0,24577
616,2020-09-16 13:18:00,25.35,25.37,25.34,25.34,0,0,9872
617,2020-09-16 13:19:00,25.34,25.36,25.33,25.35,0,0,12304
618,2020-09-16 13:20:00,25.36,25.36,25.34,25.35,0,0,11658
619,2020-09-16 13:21:00,25.34,25.35,25.34,25.35,0,0,9339
620,2020-09-16 13:22:00,25.35,25.37,25.34,25.37,0,0,17904
621,2020-09-16 13:23:00,25.38,25.39,25.37,25.38,0,0,13623
622,2020-09-16 13:24:00,25.38,25.39,25.37,25.38,0,0,12548
623,2020-09-16 13:25:00,25.37,25.38,25.34,25.34,0,0,50653
624,2020-09-16 13:26:00,25.35,25.35,25.32,25.34,0,0,13592
625,2020-09-16 13:27:00,25.34,25.34,25.31,25.31,0,0,12354
626,2020-09-16 13:28:00,25.32,25.34,25.32,25.33,0,0,22366
627,2020-09-16 13:29:00,25.34,25.34,25.31,25.32,0,0,14567
628,2020-09-16 13:30:00,25.32,25.35,25.31,25.35,0,0,9019
629,2020-09-16 13:31:00,25.34,25.35,25.34,25.34,0,0,27586
630,2020-09-16 13:32:00,25.34,25.35,25.33,25.35,0,0,6540
631,2020-09-16 13:33:00,25.35,25.36,25.34,25.35,0,0,42554
632,2020-09-16 13:34:00,25.36,25.39,25.36,25.38,0,0,13322
633,2020-09-16 13:35:00,25.38,25.39,25.35,25.36,0,0,11898
634,2020-09-16 13:36:00,25.36,25.36,25.35,25.36,0,0,3561
635,2020-09-16 13:37:00,25.36,25.36,25.35,25.36,0,0,35473
636,2020-09-16 13:38:00,25.35,25.36,25.34,25.36,0,0,7082
637,2020-09-16 13:39:00,25.35,25.37,25.35,25.36,0,0,15176
638,2020-09-16 13:40:00,25.36,25.39,25.34,25.35,0,0,16487
639,2020-09-16 13:41:00,25.34,25.35,25.32,25.32,0,0,20960
640,2020-09-16 13:42:00,25.33,25.34,25.32,25.33,0,0,12776
641,2020-09-16 13:43:00,25.33,25.33,25.3,25.3,0,0,25277
642,2020-09-16 13:44:00,25.31,25.31,25.28,25.3,0,0,23993
643,2020-09-16 13:45:00,25.29,25.31,25.29,25.3,0,0,15424
644,2020-09-16 13:46:00,25.3,25.31,25.3,25.31,0,0,28741
645,2020-09-16 13:47:00,25.31,25.33,25.3,25.31,0,0,34906
646,2020-09-16 13:48:00,25.31,25.32,25.3,25.32,0,0,18899
647,2020-09-16 13:49:00,25.31,25.32,25.31,25.32,0,0,5103
648,2020-09-16 13:50:00,25.32,25.32,25.31,25.32,0,0,11856
649,2020-09-16 13:51:00,25.32,25.33,25.31,25.33,0,0,8748
650,2020-09-16 13:52:00,25.34,25.35,25.33,25.34,0,0,4795
651,2020-09-16 13:53:00,25.35,25.37,25.35,25.36,0,0,31878
652,2020-09-16 13:54:00,25.36,25.36,25.34,25.35,0,0,28095
653,2020-09-16 13:55:00,25.35,25.36,25.33,25.35,0,0,11650
654,2020-09-16 13:56:00,25.35,25.38,25.35,25.38,0,0,41309
655,2020-09-16 13:57:00,25.38,25.41,25.38,25.4,0,0,38899
656,2020-09-16 13:58:00,25.41,25.41,25.39,25.39,0,0,11587
657,2020-09-16 13:59:00,25.39,25.41,25.39,25.39,0,0,19003
658,2020-09-16 14:00:00,25.39,25.42,25.39,25.4,0,0,19849
659,2020-09-16 14:01:00,25.4,25.42,25.39,25.42,0,0,14888
660,2020-09-16 14:02:00,25.41,25.42,25.37,25.38,0,0,28952
661,2020-09-16 14:03:00,25.38,25.38,25.33,25.35,0,0,22035
662,2020-09-16 14:04:00,25.34,25.35,25.33,25.34,0,0,15144
663,2020-09-16 14:05:00,25.35,25.38,25.34,25.36,0,0,23017
664,2020-09-16 14:06:00,25.37,25.37,25.33,25.34,0,0,16485
665,2020-09-16 14:07:00,25.34,25.37,25.34,25.37,0,0,17440
666,2020-09-16 14:08:00,25.37,25.39,25.36,25.37,0,0,16111
667,2020-09-16 14:09:00,25.36,25.36,25.34,25.34,0,0,7926
668,2020-09-16 14:10:00,25.35,25.36,25.33,25.33,0,0,19122
669,2020-09-16 14:11:00,25.33,25.37,25.33,25.35,0,0,23325
670,2020-09-16 14:12:00,25.35,25.39,25.35,25.38,0,0,13014
671,2020-09-16 14:13:00,25.39,25.41,25.38,25.41,0,0,38394
672,2020-09-16 14:14:00,25.41,25.43,25.4,25.42,0,0,105045
673,2020-09-16 14:15:00,25.42,25.48,25.42,25.48,0,0,36167
674,2020-09-16 14:16:00,25.47,25.49,25.45,25.49,0,0,46756
675,2020-09-16 14:17:00,25.49,25.51,25.49,25.5,0,0,29664
676,2020-09-16 14:18:00,25.5,25.51,25.46,25.48,0,0,24020
677,2020-09-16 14:19:00,25.47,25.48,25.45,25.46,0,0,30015
678,2020-09-16 14:20:00,25.46,25.48,25.44,25.44,0,0,49015
679,2020-09-16 14:21:00,25.45,25.48,25.44,25.48,0,0,36297
680,2020-09-16 14:22:00,25.48,25.49,25.46,25.49,0,0,67066
681,2020-09-16 14:23:00,25.49,25.51,25.48,25.5,0,0,34942
682,2020-09-16 14:24:00,25.5,25.51,25.48,25.48,0,0,32569
683,2020-09-16 14:25:00,25.49,25.49,25.44,25.45,0,0,22057
684,2020-09-16 14:26:00,25.45,25.47,25.42,25.44,0,0,21588
685,2020-09-16 14:27:00,25.44,25.47,25.44,25.45,0,0,7639
686,2020-09-16 14:28:00,25.45,25.46,25.43,25.45,0,0,10902
687,2020-09-16 14:29:00,25.45,25.48,25.45,25.47,0,0,10241
688,2020-09-16 14:30:00,25.47,25.51,25.47,25.5,0,0,29822
689,2020-09-16 14:31:00,25.5,25.5,25.48,25.49,0,0,11474
690,2020-09-16 14:32:00,25.48,25.49,25.47,25.48,0,0,13546
691,2020-09-16 14:33:00,25.48,25.5,25.48,25.49,0,0,38909
692,2020-09-16 14:34:00,25.49,25.52,25.49,25.51,0,0,24193
693,2020-09-16 14:35:00,25.51,25.52,25.49,25.5,0,0,40079
694,2020-09-16 14:36:00,25.5,25.52,25.5,25.51,0,0,15682
695,2020-09-16 14:37:00,25.51,25.52,25.5,25.51,0,0,7887
696,2020-09-16 14:38:00,25.51,25.56,25.51,25.56,0,0,23962
697,2020-09-16 14:39:00,25.56,25.59,25.56,25.58,0,0,113939
698,2020-09-16 14:40:00,25.59,25.62,25.58,25.58,0,0,71727
699,2020-09-16 14:41:00,25.59,25.61,25.57,25.59,0,0,28725
700,2020-09-16 14:42:00,25.59,25.59,25.57,25.58,0,0,14425
701,2020-09-16 14:43:00,25.58,25.58,25.57,25.57,0,0,20805
702,2020-09-16 14:44:00,25.56,25.56,25.5,25.51,0,0,21659
703,2020-09-16 14:45:00,25.51,25.51,25.43,25.45,0,0,38552
704,2020-09-16 14:46:00,25.45,25.46,25.4,25.42,0,0,59801
705,2020-09-16 14:47:00,25.42,25.43,25.42,25.42,0,0,11799
706,2020-09-16 14:48:00,25.42,25.42,25.36,25.36,0,0,36473
707,2020-09-16 14:49:00,25.36,25.38,25.34,25.36,0,0,24512
708,2020-09-16 14:50:00,25.36,25.36,25.33,25.34,0,0,46407
709,2020-09-16 14:51:00,25.34,25.35,25.3,25.32,0,0,35758
710,2020-09-16 14:52:00,25.32,25.33,25.3,25.32,0,0,24133
711,2020-09-16 14:53:00,25.32,25.32,25.26,25.27,0,0,61108
712,2020-09-16 14:54:00,25.28,25.28,25.26,25.26,0,0,17789
713,2020-09-16 14:55:00,25.26,25.27,25.25,25.26,0,0,59864
714,2020-09-16 14:56:00,25.27,25.29,25.25,25.27,0,0,36047
715,2020-09-16 14:57:00,25.27,25.28,25.22,25.26,0,0,111338
716,2020-09-16 14:58:00,25.25,25.3,25.25,25.3,0,0,45174
717,2020-09-16 14:59:00,25.31,25.31,25.28,25.3,0,0,53083
718,2020-09-16 15:00:00,25.3,25.32,25.28,25.29,0,0,75952
719,2020-09-16 15:01:00,25.29,25.33,25.28,25.32,0,0,87283
720,2020-09-16 15:02:00,25.32,25.32,25.29,25.31,0,0,67132
721,2020-09-16 15:03:00,25.32,25.32,25.3,25.31,0,0,39787
722,2020-09-16 15:04:00,25.31,25.35,25.3,25.33,0,0,66291
723,2020-09-16 15:05:00,25.33,25.33,25.26,25.26,0,0,38134
724,2020-09-16 15:06:00,25.26,25.28,25.26,25.27,0,0,33613
725,2020-09-16 15:07:00,25.28,25.3,25.27,25.3,0,0,35707
726,2020-09-16 15:08:00,25.29,25.3,25.27,25.29,0,0,20560
727,2020-09-16 15:09:00,25.29,25.29,25.27,25.28,0,0,29904
728,2020-09-16 15:10:00,25.28,25.3,25.22,25.23,0,0,42893
729,2020-09-16 15:11:00,25.23,25.23,25.19,25.22,0,0,95454
730,2020-09-16 15:12:00,25.22,25.22,25.2,25.21,0,0,21487
731,2020-09-16 15:13:00,25.2,25.21,25.17,25.2,0,0,83874
732,2020-09-16 15:14:00,25.2,25.22,25.19,25.21,0,0,29462
733,2020-09-16 15:15:00,25.2,25.22,25.19,25.2,0,0,73019
734,2020-09-16 15:16:00,25.19,25.2,25.14,25.16,0,0,53982
735,2020-09-16 15:17:00,25.16,25.17,25.14,25.16,0,0,60411
736,2020-09-16 15:18:00,25.16,25.17,25.14,25.16,0,0,72481
737,2020-09-16 15:19:00,25.16,25.18,25.16,25.17,0,0,84739
738,2020-09-16 15:20:00,25.17,25.18,25.16,25.17,0,0,42543
739,2020-09-16 15:21:00,25.17,25.19,25.16,25.18,0,0,30203
740,2020-09-16 15:22:00,25.18,25.22,25.17,25.2,0,0,53615
741,2020-09-16 15:23:00,25.2,25.2,25.18,25.19,0,0,29157
742,2020-09-16 15:24:00,25.19,25.19,25.15,25.16,0,0,30216
743,2020-09-16 15:25:00,25.16,25.18,25.15,25.17,0,0,29368
744,2020-09-16 15:26:00,25.17,25.19,25.15,25.16,0,0,19766
745,2020-09-16 15:27:00,25.16,25.17,25.14,25.14,0,0,23009
746,2020-09-16 15:28:00,25.15,25.17,25.14,25.17,0,0,28646
747,2020-09-16 15:29:00,25.17,25.18,25.17,25.17,0,0,11107
748,2020-09-16 15:30:00,25.17,25.25,25.17,25.22,0,0,120720
749,2020-09-16 15:31:00,25.23,25.23,25.15,25.16,0,0,44787
750,2020-09-16 15:32:00,25.17,25.2,25.15,25.15,0,0,36570
751,2020-09-16 15:33:00,25.16,25.21,25.14,25.2,0,0,43531
752,2020-09-16 15:34:00,25.19,25.22,25.19,25.22,0,0,24595
753,2020-09-16 15:35:00,25.22,25.28,25.22,25.27,0,0,51994
754,2020-09-16 15:36:00,25.26,25.28,25.26,25.27,0,0,32701
755,2020-09-16 15:37:00,25.27,25.28,25.25,25.27,0,0,86804
756,2020-09-16 15:38:00,25.26,25.28,25.25,25.25,0,0,42867
757,2020-09-16 15:39:00,25.26,25.27,25.25,25.27,0,0,28845
758,2020-09-16 15:40:00,25.27,25.27,25.2,25.25,0,0,121579
759,2020-09-16 15:41:00,25.25,25.28,25.25,25.27,0,0,37065
760,2020-09-16 15:42:00,25.27,25.3,25.27,25.28,0,0,30135
761,2020-09-16 15:43:00,25.29,25.32,25.28,25.32,0,0,43732
762,2020-09-16 15:44:00,25.32,25.37,25.31,25.32,0,0,72040
763,2020-09-16 15:45:00,25.32,25.32,25.3,25.32,0,0,39439
764,2020-09-16 15:46:00,25.32,25.36,25.32,25.35,0,0,39458
765,2020-09-16 15:47:00,25.34,25.41,25.34,25.4,0,0,42751
766,2020-09-16 15:48:00,25.4,25.41,25.39,25.4,0,0,49094
767,2020-09-16 15:49:00,25.4,25.43,25.29,25.3,0,0,111044
768,2020-09-16 15:50:00,25.31,25.33,25.28,25.3,0,0,56068
769,2020-09-16 15:51:00,25.3,25.33,25.29,25.31,0,0,56672
770,2020-09-16 15:52:00,25.31,25.34,25.31,25.32,0,0,31614
771,2020-09-16 15:53:00,25.33,25.35,25.31,25.34,0,0,53704
772,2020-09-16 15:54:00,25.33,25.35,25.33,25.34,0,0,72070
773,2020-09-16 15:55:00,25.35,25.35,25.29,25.3,0,0,121879
774,2020-09-16 15:56:00,25.31,25.35,25.3,25.35,0,0,121728
775,2020-09-16 15:57:00,25.34,25.34,25.29,25.3,0,0,142869
776,2020-09-16 15:58:00,25.3,25.33,25.29,25.3,0,0,71383
777,2020-09-16 15:59:00,25.3,25.32,25.27,25.31,0,0,147265
778,2020-09-17 09:30:00,24.84,25.04,24.75,24.96,0,0,667683
779,2020-09-17 09:31:00,24.95,25.21,24.95,25.13,0,0,84396
780,2020-09-17 09:32:00,25.14,25.2,25.04,25.04,0,0,81970
781,2020-09-17 09:33:00,25.07,25.1,24.98,25.1,0,0,73758
782,2020-09-17 09:34:00,25.11,25.13,24.94,24.97,0,0,42442
783,2020-09-17 09:35:00,24.98,25.01,24.85,24.95,0,0,43525
784,2020-09-17 09:36:00,24.94,25.04,24.94,25.01,0,0,58946
785,2020-09-17 09:37:00,24.99,25.0,24.92,24.95,0,0,47952
786,2020-09-17 09:38:00,24.96,25.0,24.9,24.98,0,0,38180
787,2020-09-17 09:39:00,24.99,24.99,24.92,24.94,0,0,45354
788,2020-09-17 09:40:00,24.93,25.0,24.91,24.92,0,0,33731
789,2020-09-17 09:41:00,24.92,24.92,24.82,24.83,0,0,35063
790,2020-09-17 09:42:00,24.83,24.89,24.81,24.83,0,0,42226
791,2020-09-17 09:43:00,24.84,24.91,24.77,24.78,0,0,67966
792,2020-09-17 09:44:00,24.78,24.82,24.74,24.76,0,0,31003
793,2020-09-17 09:45:00,24.72,24.74,24.69,24.69,0,0,51629
794,2020-09-17 09:46:00,24.77,24.83,24.77,24.83,0,0,55773
795,2020-09-17 09:47:00,24.82,24.91,24.81,24.86,0,0,33309
796,2020-09-17 09:48:00,24.85,24.86,24.8,24.85,0,0,37166
797,2020-09-17 09:49:00,24.85,24.89,24.84,24.88,0,0,28006
798,2020-09-17 09:50:00,24.88,24.94,24.88,24.91,0,0,32451
799,2020-09-17 09:51:00,24.91,24.91,24.86,24.87,0,0,56930
800,2020-09-17 09:52:00,24.87,25.0,24.85,24.98,0,0,60880
801,2020-09-17 09:53:00,24.97,25.06,24.96,25.03,0,0,32230
802,2020-09-17 09:54:00,25.03,25.05,25.0,25.0,0,0,55373
803,2020-09-17 09:55:00,25.01,25.09,25.01,25.08,0,0,32952
804,2020-09-17 09:56:00,25.09,25.13,25.08,25.09,0,0,27973
805,2020-09-17 09:57:00,25.09,25.1,25.03,25.04,0,0,24810
806,2020-09-17 09:58:00,25.05,25.06,25.0,25.04,0,0,37869
807,2020-09-17 09:59:00,25.04,25.07,24.97,25.06,0,0,66233
808,2020-09-17 10:00:00,25.06,25.18,25.06,25.14,0,0,52825
809,2020-09-17 10:01:00,25.14,25.16,25.09,25.09,0,0,24956
810,2020-09-17 10:02:00,25.08,25.21,25.08,25.2,0,0,110929
811,2020-09-17 10:03:00,25.2,25.27,25.2,25.26,0,0,87105
812,2020-09-17 10:04:00,25.26,25.26,25.19,25.2,0,0,42899
813,2020-09-17 10:05:00,25.19,25.27,25.17,25.27,0,0,53011
814,2020-09-17 10:06:00,25.27,25.27,25.23,25.23,0,0,42688
815,2020-09-17 10:07:00,25.23,25.28,25.23,25.25,0,0,28767
816,2020-09-17 10:08:00,25.24,25.25,25.22,25.23,0,0,19761
817,2020-09-17 10:09:00,25.23,25.23,25.17,25.17,0,0,25785
818,2020-09-17 10:10:00,25.16,25.2,25.15,25.16,0,0,22673
819,2020-09-17 10:11:00,25.16,25.2,25.14,25.19,0,0,22308
820,2020-09-17 10:12:00,25.19,25.19,25.16,25.16,0,0,14203
821,2020-09-17 10:13:00,25.15,25.16,25.11,25.11,0,0,38486
822,2020-09-17 10:14:00,25.12,25.13,25.11,25.11,0,0,46775
823,2020-09-17 10:15:00,25.11,25.16,25.1,25.16,0,0,37926
824,2020-09-17 10:16:00,25.16,25.2,25.15,25.2,0,0,35795
825,2020-09-17 10:17:00,25.2,25.25,25.2,25.23,0,0,30988
826,2020-09-17 10:18:00,25.24,25.29,25.24,25.24,0,0,77792
827,2020-09-17 10:19:00,25.25,25.3,25.25,25.26,0,0,36047
828,2020-09-17 10:20:00,25.26,25.35,25.24,25.34,0,0,46492
829,2020-09-17 10:21:00,25.33,25.37,25.32,25.34,0,0,45496
830,2020-09-17 10:22:00,25.34,25.36,25.28,25.28,0,0,56059
831,2020-09-17 10:23:00,25.28,25.28,25.18,25.19,0,0,42933
832,2020-09-17 10:24:00,25.2,25.24,25.18,25.19,0,0,46256
833,2020-09-17 10:25:00,25.18,25.2,25.16,25.17,0,0,67038
834,2020-09-17 10:26:00,25.17,25.19,25.17,25.18,0,0,39468
835,2020-09-17 10:27:00,25.19,25.21,25.19,25.2,0,0,11788
836,2020-09-17 10:28:00,25.2,25.23,25.19,25.21,0,0,25030
837,2020-09-17 10:29:00,25.22,25.22,25.18,25.19,0,0,29400
838,2020-09-17 10:30:00,25.18,25.19,25.13,25.18,0,0,43854
839,2020-09-17 10:31:00,25.17,25.17,25.1,25.11,0,0,15821
840,2020-09-17 10:32:00,25.1,25.16,25.08,25.09,0,0,75007
841,2020-09-17 10:33:00,25.08,25.08,25.02,25.06,0,0,40120
842,2020-09-17 10:34:00,25.07,25.11,25.07,25.09,0,0,17123
843,2020-09-17 10:35:00,25.1,25.15,25.1,25.14,0,0,20513
844,2020-09-17 10:36:00,25.13,25.16,25.13,25.13,0,0,32646
845,2020-09-17 10:37:00,25.11,25.12,25.08,25.11,0,0,23986
846,2020-09-17 10:38:00,25.11,25.12,25.08,25.11,0,0,28807
847,2020-09-17 10:39:00,25.11,25.16,25.1,25.16,0,0,20307
848,2020-09-17 10:40:00,25.15,25.16,25.12,25.15,0,0,30163
849,2020-09-17 10:41:00,25.14,25.15,25.06,25.06,0,0,19713
850,2020-09-17 10:42:00,25.06,25.17,25.06,25.17,0,0,44009
851,2020-09-17 10:43:00,25.16,25.17,25.14,25.17,0,0,20688
852,2020-09-17 10:44:00,25.16,25.17,25.15,25.16,0,0,11480
853,2020-09-17 10:45:00,25.15,25.19,25.15,25.19,0,0,29703
854,2020-09-17 10:46:00,25.15,25.16,25.12,25.12,0,0,20363
855,2020-09-17 10:47:00,25.13,25.14,25.12,25.12,0,0,21337
856,2020-09-17 10:48:00,25.12,25.13,25.09,25.09,0,0,35497
857,2020-09-17 10:49:00,25.09,25.11,25.06,25.1,0,0,34079
858,2020-09-17 10:50:00,25.11,25.15,25.11,25.14,0,0,68701
859,2020-09-17 10:51:00,25.14,25.16,25.11,25.12,0,0,32490
860,2020-09-17 10:52:00,25.12,25.13,25.11,25.12,0,0,12676
861,2020-09-17 10:53:00,25.13,25.15,25.13,25.14,0,0,19511
862,2020-09-17 10:54:00,25.14,25.17,25.13,25.16,0,0,14406
863,2020-09-17 10:55:00,25.15,25.17,25.14,25.14,0,0,13557
864,2020-09-17 10:56:00,25.14,25.16,25.14,25.15,0,0,31542
865,2020-09-17 10:57:00,25.16,25.17,25.14,25.14,0,0,9700
866,2020-09-17 10:58:00,25.13,25.15,25.09,25.11,0,0,22565
867,2020-09-17 10:59:00,25.1,25.14,25.1,25.14,0,0,30739
868,2020-09-17 11:00:00,25.14,25.15,25.11,25.11,0,0,14775
869,2020-09-17 11:01:00,25.11,25.12,25.11,25.12,0,0,16792
870,2020-09-17 11:02:00,25.12,25.14,25.11,25.11,0,0,14869
871,2020-09-17 11:03:00,25.12,25.14,25.1,25.14,0,0,90285
872,2020-09-17 11:04:00,25.14,25.16,25.12,25.14,0,0,69557
873,2020-09-17 11:05:00,25.15,25.17,25.14,25.16,0,0,24856
874,2020-09-17 11:06:00,25.17,25.25,25.17,25.25,0,0,20511
875,2020-09-17 11:07:00,25.24,25.28,25.24,25.24,0,0,27509
876,2020-09-17 11:08:00,25.24,25.25,25.22,25.22,0,0,13490
877,2020-09-17 11:09:00,25.23,25.24,25.19,25.19,0,0,16271
878,2020-09-17 11:10:00,25.19,25.22,25.19,25.22,0,0,13480
879,2020-09-17 11:11:00,25.21,25.22,25.18,25.19,0,0,15191
880,2020-09-17 11:12:00,25.19,25.2,25.19,25.2,0,0,1650
881,2020-09-17 11:13:00,25.18,25.19,25.18,25.18,0,0,23519
882,2020-09-17 11:14:00,25.17,25.17,25.16,25.16,0,0,18153
883,2020-09-17 11:15:00,25.22,25.23,25.22,25.23,0,0,19037
884,2020-09-17 11:16:00,25.23,25.23,25.21,25.22,0,0,14023
885,2020-09-17 11:17:00,25.21,25.25,25.17,25.2,0,0,114033
886,2020-09-17 11:18:00,25.21,25.21,25.14,25.15,0,0,33398
887,2020-09-17 11:19:00,25.15,25.15,25.1,25.1,0,0,18339
888,2020-09-17 11:20:00,25.09,25.11,25.05,25.06,0,0,38359
889,2020-09-17 11:21:00,25.07,25.07,25.03,25.04,0,0,10896
890,2020-09-17 11:22:00,25.04,25.04,25.02,25.03,0,0,11292
891,2020-09-17 11:23:00,25.02,25.08,25.02,25.06,0,0,16490
892,2020-09-17 11:24:00,25.06,25.06,25.04,25.04,0,0,13351
893,2020-09-17 11:25:00,25.05,25.05,25.02,25.02,0,0,7826
894,2020-09-17 11:26:00,25.02,25.04,25.01,25.02,0,0,22888
895,2020-09-17 11:27:00,25.01,25.03,25.01,25.02,0,0,15050
896,2020-09-17 11:28:00,25.03,25.06,25.03,25.04,0,0,14023
897,2020-09-17 11:29:00,25.04,25.05,25.03,25.04,0,0,11167
898,2020-09-17 11:30:00,25.05,25.06,25.01,25.02,0,0,25804
899,2020-09-17 11:31:00,25.03,25.03,25.01,25.02,0,0,16289
900,2020-09-17 11:32:00,25.02,25.08,25.01,25.06,0,0,19800
901,2020-09-17 11:33:00,25.05,25.05,25.0,25.0,0,0,44228
902,2020-09-17 11:34:00,25.0,25.01,24.96,24.99,0,0,76039
903,2020-09-17 11:35:00,24.99,25.02,24.97,25.0,0,0,29994
904,2020-09-17 11:36:00,25.01,25.02,25.0,25.01,0,0,25686
905,2020-09-17 11:37:00,25.01,25.06,25.01,25.04,0,0,24829
906,2020-09-17 11:38:00,25.05,25.05,25.0,25.01,0,0,12068
907,2020-09-17 11:39:00,25.0,25.0,24.96,24.96,0,0,18226
908,2020-09-17 11:40:00,24.97,25.0,24.97,24.99,0,0,40150
909,2020-09-17 11:41:00,24.99,24.99,24.94,24.95,0,0,25919
910,2020-09-17 11:42:00,24.95,24.96,24.94,24.95,0,0,14434
911,2020-09-17 11:43:00,24.95,24.96,24.92,24.92,0,0,16721
912,2020-09-17 11:44:00,24.92,24.92,24.88,24.9,0,0,24929
913,2020-09-17 11:45:00,24.91,24.91,24.88,24.89,0,0,14808
914,2020-09-17 11:46:00,24.9,24.92,24.89,24.92,0,0,13128
915,2020-09-17 11:47:00,24.92,24.92,24.9,24.91,0,0,19593
916,2020-09-17 11:48:00,24.91,24.91,24.86,24.86,0,0,26811
917,2020-09-17 11:49:00,24.86,24.88,24.84,24.84,0,0,17330
918,2020-09-17 11:50:00,24.84,24.86,24.84,24.85,0,0,25002
919,2020-09-17 11:51:00,24.85,24.85,24.83,24.84,0,0,18171
920,2020-09-17 11:52:00,24.83,24.86,24.83,24.86,0,0,23470
921,2020-09-17 11:53:00,24.86,24.89,24.85,24.89,0,0,26689
922,2020-09-17 11:54:00,24.88,24.93,24.88,24.92,0,0,20614
923,2020-09-17 11:55:00,24.93,24.95,24.92,24.94,0,0,21142
924,2020-09-17 11:56:00,24.94,24.95,24.92,24.93,0,0,60890
925,2020-09-17 11:57:00,24.93,24.94,24.92,24.92,0,0,15722
926,2020-09-17 11:58:00,24.92,24.92,24.9,24.9,0,0,4238
927,2020-09-17 11:59:00,24.91,24.91,24.89,24.9,0,0,11066
928,2020-09-17 12:00:00,24.9,24.9,24.89,24.9,0,0,55679
929,2020-09-17 12:01:00,24.9,24.97,24.9,24.96,0,0,19625
930,2020-09-17 12:02:00,24.95,24.95,24.91,24.92,0,0,19664
931,2020-09-17 12:03:00,24.92,24.92,24.89,24.9,0,0,26173
932,2020-09-17 12:04:00,24.91,24.92,24.91,24.91,0,0,10302
933,2020-09-17 12:05:00,24.9,24.91,24.89,24.91,0,0,20057
934,2020-09-17 12:06:00,24.9,24.91,24.88,24.9,0,0,49703
935,2020-09-17 12:07:00,24.9,24.9,24.85,24.86,0,0,34816
936,2020-09-17 12:08:00,24.86,24.9,24.86,24.87,0,0,31687
937,2020-09-17 12:09:00,24.89,24.89,24.86,24.86,0,0,23187
938,2020-09-17 12:10:00,24.87,24.89,24.87,24.89,0,0,14812
939,2020-09-17 12:11:00,24.89,24.89,24.83,24.84,0,0,21216
940,2020-09-17 12:12:00,24.83,24.85,24.81,24.84,0,0,31926
941,2020-09-17 12:13:00,24.83,24.89,24.82,24.88,0,0,49983
942,2020-09-17 12:14:00,24.89,24.9,24.85,24.87,0,0,77499
943,2020-09-17 12:15:00,24.88,24.89,24.86,24.87,0,0,14214
944,2020-09-17 12:16:00,24.88,24.9,24.88,24.88,0,0,19609
945,2020-09-17 12:17:00,24.88,24.88,24.83,24.83,0,0,15873
946,2020-09-17 12:18:00,24.84,24.85,24.83,24.85,0,0,13826
947,2020-09-17 12:19:00,24.85,24.88,24.85,24.87,0,0,11487
948,2020-09-17 12:20:00,24.87,24.87,24.83,24.85,0,0,13277
949,2020-09-17 12:21:00,24.84,24.88,24.84,24.86,0,0,13729
950,2020-09-17 12:22:00,24.86,24.88,24.85,24.88,0,0,20341
951,2020-09-17 12:23:00,24.87,24.88,24.85,24.86,0,0,7832
952,2020-09-17 12:24:00,24.86,24.88,24.85,24.86,0,0,19512
953,2020-09-17 12:25:00,24.86,24.87,24.83,24.83,0,0,12222
954,2020-09-17 12:26:00,24.83,24.85,24.82,24.85,0,0,11902
955,2020-09-17 12:27:00,24.85,24.88,24.85,24.88,0,0,12659
956,2020-09-17 12:28:00,24.89,24.9,24.88,24.88,0,0,18581
957,2020-09-17 12:29:00,24.88,24.89,24.88,24.89,0,0,7915
958,2020-09-17 12:30:00,24.88,24.9,24.87,24.89,0,0,17461
959,2020-09-17 12:31:00,24.9,24.92,24.9,24.9,0,0,38075
960,2020-09-17 12:32:00,24.9,24.9,24.88,24.9,0,0,12396
961,2020-09-17 12:33:00,24.89,24.91,24.89,24.9,0,0,8851
962,2020-09-17 12:34:00,24.89,24.91,24.88,24.91,0,0,13679
963,2020-09-17 12:35:00,24.91,24.92,24.89,24.9,0,0,18164
964,2020-09-17 12:36:00,24.9,24.9,24.89,24.9,0,0,12063
965,2020-09-17 12:37:00,24.9,24.91,24.88,24.89,0,0,44815
966,2020-09-17 12:38:00,24.89,24.92,24.89,24.91,0,0,15747
967,2020-09-17 12:39:00,24.91,24.92,24.9,24.92,0,0,22000
968,2020-09-17 12:40:00,24.92,24.94,24.9,24.94,0,0,53618
969,2020-09-17 12:41:00,24.94,24.94,24.91,24.91,0,0,13304
970,2020-09-17 12:42:00,24.92,24.92,24.87,24.87,0,0,27078
971,2020-09-17 12:43:00,24.88,24.89,24.87,24.89,0,0,9567
972,2020-09-17 12:44:00,24.88,24.91,24.88,24.91,0,0,29252
973,2020-09-17 12:45:00,24.9,24.9,24.88,24.9,0,0,9896
974,2020-09-17 12:46:00,24.9,24.9,24.85,24.86,0,0,31425
975,2020-09-17 12:47:00,24.87,24.87,24.83,24.83,0,0,11407
976,2020-09-17 12:48:00,24.83,24.85,24.82,24.83,0,0,32343
977,2020-09-17 12:49:00,24.83,24.85,24.83,24.84,0,0,11942
978,2020-09-17 12:50:00,24.84,24.85,24.82,24.83,0,0,48011
979,2020-09-17 12:51:00,24.82,24.88,24.82,24.88,0,0,20394
980,2020-09-17 12:52:00,24.87,24.87,24.84,24.85,0,0,9076
981,2020-09-17 12:53:00,24.84,24.85,24.83,24.83,0,0,11860
982,2020-09-17 12:54:00,24.84,24.85,24.83,24.85,0,0,8952
983,2020-09-17 12:55:00,24.84,24.88,24.83,24.88,0,0,38640
984,2020-09-17 12:56:00,24.87,24.88,24.87,24.88,0,0,8253
985,2020-09-17 12:57:00,24.89,24.93,24.89,24.92,0,0,47560
986,2020-09-17 12:58:00,24.92,24.93,24.9,24.91,0,0,9751
987,2020-09-17 12:59:00,24.9,24.92,24.89,24.92,0,0,12873
988,2020-09-17 13:00:00,24.92,24.96,24.91,24.96,0,0,20069
989,2020-09-17 13:01:00,24.95,24.97,24.93,24.96,0,0,25886
990,2020-09-17 13:02:00,24.95,24.97,24.93,24.95,0,0,11178
991,2020-09-17 13:03:00,24.96,24.98,24.94,24.94,0,0,48127
992,2020-09-17 13:04:00,24.94,24.94,24.92,24.93,0,0,20845
993,2020-09-17 13:05:00,24.93,24.97,24.93,24.97,0,0,37293
994,2020-09-17 13:06:00,24.97,25.0,24.97,25.0,0,0,13027
995,2020-09-17 13:07:00,25.0,25.01,24.99,24.99,0,0,28980
996,2020-09-17 13:08:00,24.99,25.0,24.98,25.0,0,0,17140
997,2020-09-17 13:09:00,25.0,25.01,24.99,24.99,0,0,19605
998,2020-09-17 13:10:00,25.0,25.01,24.99,25.0,0,0,12456
999,2020-09-17 13:11:00,25.0,25.02,25.0,25.01,0,0,6423
1000,2020-09-17 13:12:00,25.01,25.01,24.98,24.99,0,0,12142
1001,2020-09-17 13:13:00,24.99,24.99,24.98,24.99,0,0,24868
1002,2020-09-17 13:14:00,24.99,25.01,24.99,25.01,0,0,57327
1003,2020-09-17 13:15:00,25.01,25.02,24.98,24.98,0,0,34023
1004,2020-09-17 13:16:00,24.98,24.99,24.95,24.95,0,0,42876
1005,2020-09-17 13:17:00,24.95,24.98,24.95,24.98,0,0,16847
1006,2020-09-17 13:18:00,24.98,24.99,24.98,24.99,0,0,9972
1007,2020-09-17 13:19:00,24.99,24.99,24.96,24.96,0,0,45112
1008,2020-09-17 13:20:00,24.96,24.97,24.95,24.96,0,0,15459
1009,2020-09-17 13:21:00,24.95,24.98,24.95,24.97,0,0,27357
1010,2020-09-17 13:22:00,24.97,24.98,24.97,24.98,0,0,9019
1011,2020-09-17 13:23:00,24.97,24.98,24.96,24.98,0,0,20790
1012,2020-09-17 13:24:00,24.98,24.99,24.97,24.98,0,0,26509
1013,2020-09-17 13:25:00,24.99,25.02,24.98,25.02,0,0,39084
1014,2020-09-17 13:26:00,25.02,25.08,25.02,25.08,0,0,24557
1015,2020-09-17 13:27:00,25.07,25.08,25.03,25.04,0,0,15665
1016,2020-09-17 13:28:00,25.05,25.05,25.01,25.01,0,0,12549
1017,2020-09-17 13:29:00,25.02,25.06,25.02,25.05,0,0,14215
1018,2020-09-17 13:30:00,25.05,25.07,25.05,25.07,0,0,11709
1019,2020-09-17 13:31:00,25.07,25.07,25.06,25.07,0,0,4021
1020,2020-09-17 13:32:00,25.07,25.08,25.03,25.05,0,0,36534
1021,2020-09-17 13:33:00,25.05,25.07,25.04,25.06,0,0,15613
1022,2020-09-17 13:34:00,25.07,25.07,25.06,25.06,0,0,8963
1023,2020-09-17 13:35:00,25.06,25.11,25.05,25.09,0,0,33415
1024,2020-09-17 13:36:00,25.09,25.11,25.09,25.1,0,0,15570
1025,2020-09-17 13:37:00,25.1,25.1,25.09,25.09,0,0,17333
1026,2020-09-17 13:38:00,25.08,25.09,25.07,25.08,0,0,27487
1027,2020-09-17 13:39:00,25.09,25.1,25.08,25.1,0,0,6971
1028,2020-09-17 13:40:00,25.09,25.12,25.09,25.12,0,0,34875
1029,2020-09-17 13:41:00,25.13,25.14,25.11,25.12,0,0,26589
1030,2020-09-17 13:42:00,25.12,25.15,25.09,25.11,0,0,38575
1031,2020-09-17 13:43:00,25.11,25.17,25.1,25.16,0,0,116351
1032,2020-09-17 13:44:00,25.17,25.17,25.13,25.16,0,0,16223
1033,2020-09-17 13:45:00,25.16,25.17,25.16,25.16,0,0,7191
1034,2020-09-17 13:46:00,25.15,25.16,25.14,25.14,0,0,10095
1035,2020-09-17 13:47:00,25.15,25.15,25.12,25.13,0,0,10177
1036,2020-09-17 13:48:00,25.13,25.14,25.11,25.13,0,0,13540
1037,2020-09-17 13:49:00,25.13,25.16,25.13,25.14,0,0,12318
1038,2020-09-17 13:50:00,25.15,25.15,25.11,25.11,0,0,9418
1039,2020-09-17 13:51:00,25.11,25.13,25.11,25.12,0,0,10321
1040,2020-09-17 13:52:00,25.11,25.12,25.1,25.1,0,0,17563
1041,2020-09-17 13:53:00,25.11,25.11,25.07,25.08,0,0,19567
1042,2020-09-17 13:54:00,25.08,25.08,25.06,25.08,0,0,14491
1043,2020-09-17 13:55:00,25.08,25.08,25.05,25.07,0,0,11047
1044,2020-09-17 13:56:00,25.06,25.06,25.03,25.05,0,0,18707
1045,2020-09-17 13:57:00,25.06,25.07,25.05,25.05,0,0,12075
1046,2020-09-17 13:58:00,25.06,25.06,25.05,25.05,0,0,12255
1047,2020-09-17 13:59:00,25.06,25.08,25.06,25.08,0,0,20575
1048,2020-09-17 14:00:00,25.08,25.09,25.07,25.09,0,0,12522
1049,2020-09-17 14:01:00,25.09,25.1,25.07,25.09,0,0,27547
1050,2020-09-17 14:02:00,25.1,25.12,25.09,25.12,0,0,11858
1051,2020-09-17 14:03:00,25.12,25.14,25.12,25.13,0,0,11591
1052,2020-09-17 14:04:00,25.12,25.13,25.11,25.12,0,0,12387
1053,2020-09-17 14:05:00,25.12,25.15,25.11,25.14,0,0,10611
1054,2020-09-17 14:06:00,25.14,25.15,25.13,25.13,0,0,9016
1055,2020-09-17 14:07:00,25.14,25.15,25.14,25.14,0,0,11038
1056,2020-09-17 14:08:00,25.15,25.15,25.12,25.12,0,0,20094
1057,2020-09-17 14:09:00,25.12,25.13,25.11,25.12,0,0,10691
1058,2020-09-17 14:10:00,25.12,25.13,25.11,25.12,0,0,13130
1059,2020-09-17 14:11:00,25.13,25.17,25.13,25.15,0,0,18547
1060,2020-09-17 14:12:00,25.15,25.17,25.13,25.14,0,0,17307
1061,2020-09-17 14:13:00,25.14,25.15,25.13,25.14,0,0,11593
1062,2020-09-17 14:14:00,25.14,25.15,25.14,25.14,0,0,24414
1063,2020-09-17 14:15:00,25.15,25.15,25.14,25.15,0,0,10445
1064,2020-09-17 14:16:00,25.14,25.15,25.14,25.15,0,0,17346
1065,2020-09-17 14:17:00,25.15,25.15,25.14,25.15,0,0,12824
1066,2020-09-17 14:18:00,25.15,25.15,25.13,25.14,0,0,37836
1067,2020-09-17 14:19:00,25.14,25.16,25.14,25.15,0,0,12291
1068,2020-09-17 14:20:00,25.16,25.17,25.13,25.14,0,0,16617
1069,2020-09-17 14:21:00,25.14,25.15,25.13,25.13,0,0,17682
1070,2020-09-17 14:22:00,25.13,25.14,25.12,25.13,0,0,33135
1071,2020-09-17 14:23:00,25.13,25.19,25.12,25.18,0,0,36767
1072,2020-09-17 14:24:00,25.18,25.18,25.16,25.16,0,0,22441
1073,2020-09-17 14:25:00,25.17,25.18,25.16,25.17,0,0,17351
1074,2020-09-17 14:26:00,25.18,25.18,25.16,25.16,0,0,35273
1075,2020-09-17 14:27:00,25.17,25.17,25.15,25.15,0,0,44619
1076,2020-09-17 14:28:00,25.13,25.13,25.06,25.06,0,0,26549
1077,2020-09-17 14:29:00,25.07,25.09,25.07,25.08,0,0,18088
1078,2020-09-17 14:30:00,25.06,25.07,25.05,25.07,0,0,11723
1079,2020-09-17 14:31:00,25.07,25.08,25.07,25.07,0,0,21710
1080,2020-09-17 14:32:00,25.07,25.1,25.07,25.09,0,0,24853
1081,2020-09-17 14:33:00,25.08,25.1,25.08,25.09,0,0,56501
1082,2020-09-17 14:34:00,25.09,25.09,25.06,25.07,0,0,14577
1083,2020-09-17 14:35:00,25.07,25.09,25.07,25.08,0,0,16103
1084,2020-09-17 14:36:00,25.08,25.08,25.05,25.07,0,0,12801
1085,2020-09-17 14:37:00,25.06,25.08,25.06,25.08,0,0,15890
1086,2020-09-17 14:38:00,25.07,25.08,25.04,25.04,0,0,19506
1087,2020-09-17 14:39:00,25.04,25.04,25.01,25.02,0,0,33279
1088,2020-09-17 14:40:00,25.02,25.03,25.01,25.02,0,0,18220
1089,2020-09-17 14:41:00,25.03,25.06,25.03,25.04,0,0,18797
1090,2020-09-17 14:42:00,25.04,25.06,25.04,25.04,0,0,16839
1091,2020-09-17 14:43:00,25.04,25.05,25.04,25.05,0,0,6268
1092,2020-09-17 14:44:00,25.04,25.07,25.04,25.04,0,0,33900
1093,2020-09-17 14:45:00,25.04,25.07,25.03,25.07,0,0,19409
1094,2020-09-17 14:46:00,25.06,25.06,25.03,25.04,0,0,13455
1095,2020-09-17 14:47:00,25.05,25.06,25.05,25.06,0,0,11565
1096,2020-09-17 14:48:00,25.06,25.07,25.05,25.06,0,0,30420
1097,2020-09-17 14:49:00,25.07,25.07,25.04,25.06,0,0,23968
1098,2020-09-17 14:50:00,25.06,25.08,25.06,25.06,0,0,19316
1099,2020-09-17 14:51:00,25.05,25.08,25.04,25.08,0,0,10339
1100,2020-09-17 14:52:00,25.07,25.07,25.05,25.06,0,0,10079
1101,2020-09-17 14:53:00,25.06,25.07,25.05,25.07,0,0,13384
1102,2020-09-17 14:54:00,25.06,25.09,25.06,25.08,0,0,15566
1103,2020-09-17 14:55:00,25.08,25.12,25.08,25.12,0,0,27882
1104,2020-09-17 14:56:00,25.12,25.14,25.12,25.12,0,0,31557
1105,2020-09-17 14:57:00,25.13,25.14,25.12,25.13,0,0,18964
1106,2020-09-17 14:58:00,25.12,25.14,25.12,25.14,0,0,18946
1107,2020-09-17 14:59:00,25.14,25.14,25.09,25.11,0,0,42381
1108,2020-09-17 15:00:00,25.12,25.13,25.09,25.1,0,0,23483
1109,2020-09-17 15:01:00,25.1,25.1,25.09,25.09,0,0,18747
1110,2020-09-17 15:02:00,25.09,25.1,25.08,25.1,0,0,10728
1111,2020-09-17 15:03:00,25.09,25.09,25.06,25.06,0,0,25549
1112,2020-09-17 15:04:00,25.07,25.07,25.04,25.06,0,0,20942
1113,2020-09-17 15:05:00,25.06,25.08,25.06,25.07,0,0,19084
1114,2020-09-17 15:06:00,25.07,25.11,25.07,25.11,0,0,27711
1115,2020-09-17 15:07:00,25.11,25.15,25.11,25.15,0,0,15995
1116,2020-09-17 15:08:00,25.15,25.18,25.15,25.17,0,0,31237
1117,2020-09-17 15:09:00,25.18,25.21,25.18,25.18,0,0,30575
1118,2020-09-17 15:10:00,25.19,25.24,25.18,25.22,0,0,19838
1119,2020-09-17 15:11:00,25.22,25.25,25.21,25.25,0,0,24602
1120,2020-09-17 15:12:00,25.24,25.24,25.23,25.23,0,0,13965
1121,2020-09-17 15:13:00,25.23,25.27,25.23,25.27,0,0,49235
1122,2020-09-17 15:14:00,25.27,25.28,25.26,25.27,0,0,16058
1123,2020-09-17 15:15:00,25.27,25.29,25.25,25.25,0,0,42103
1124,2020-09-17 15:16:00,25.26,25.27,25.25,25.27,0,0,16840
1125,2020-09-17 15:17:00,25.27,25.27,25.25,25.26,0,0,14486
1126,2020-09-17 15:18:00,25.27,25.27,25.26,25.26,0,0,15184
1127,2020-09-17 15:19:00,25.26,25.27,25.23,25.23,0,0,19822
1128,2020-09-17 15:20:00,25.24,25.26,25.24,25.26,0,0,14682
1129,2020-09-17 15:21:00,25.26,25.26,25.24,25.24,0,0,22976
1130,2020-09-17 15:22:00,25.24,25.25,25.23,25.23,0,0,13921
1131,2020-09-17 15:23:00,25.23,25.24,25.22,25.24,0,0,6215
1132,2020-09-17 15:24:00,25.24,25.24,25.16,25.17,0,0,51714
1133,2020-09-17 15:25:00,25.16,25.17,25.12,25.13,0,0,24481
1134,2020-09-17 15:26:00,25.13,25.14,25.11,25.12,0,0,26271
1135,2020-09-17 15:27:00,25.11,25.12,25.1,25.11,0,0,10450
1136,2020-09-17 15:28:00,25.12,25.12,25.1,25.1,0,0,18168
1137,2020-09-17 15:29:00,25.11,25.15,25.11,25.12,0,0,36094
1138,2020-09-17 15:30:00,25.12,25.12,25.1,25.1,0,0,40979
1139,2020-09-17 15:31:00,25.1,25.15,25.09,25.15,0,0,29711
1140,2020-09-17 15:32:00,25.15,25.2,25.14,25.19,0,0,21881
1141,2020-09-17 15:33:00,25.18,25.2,25.16,25.16,0,0,31491
1142,2020-09-17 15:34:00,25.17,25.18,25.15,25.16,0,0,14199
1143,2020-09-17 15:35:00,25.15,25.18,25.15,25.15,0,0,23404
1144,2020-09-17 15:36:00,25.16,25.17,25.15,25.16,0,0,15845
1145,2020-09-17 15:37:00,25.16,25.16,25.1,25.1,0,0,44812
1146,2020-09-17 15:38:00,25.1,25.15,25.09,25.14,0,0,29371
1147,2020-09-17 15:39:00,25.14,25.17,25.13,25.15,0,0,25805
1148,2020-09-17 15:40:00,25.16,25.19,25.16,25.17,0,0,16649
1149,2020-09-17 15:41:00,25.18,25.19,25.16,25.18,0,0,19845
1150,2020-09-17 15:42:00,25.17,25.17,25.16,25.16,0,0,24606
1151,2020-09-17 15:43:00,25.16,25.17,25.15,25.17,0,0,14623
1152,2020-09-17 15:44:00,25.17,25.18,25.15,25.15,0,0,18085
1153,2020-09-17 15:45:00,25.16,25.17,25.14,25.14,0,0,29221
1154,2020-09-17 15:46:00,25.14,25.14,25.11,25.12,0,0,19606
1155,2020-09-17 15:47:00,25.12,25.17,25.12,25.16,0,0,27209
1156,2020-09-17 15:48:00,25.16,25.2,25.16,25.2,0,0,26171
1157,2020-09-17 15:49:00,25.2,25.21,25.18,25.19,0,0,31924
1158,2020-09-17 15:50:00,25.18,25.23,25.17,25.23,0,0,23939
1159,2020-09-17 15:51:00,25.23,25.23,25.2,25.22,0,0,53701
1160,2020-09-17 15:52:00,25.21,25.23,25.21,25.23,0,0,37834
1161,2020-09-17 15:53:00,25.24,25.3,25.23,25.27,0,0,63839
1162,2020-09-17 15:54:00,25.27,25.34,25.25,25.34,0,0,86372
1163,2020-09-17 15:55:00,25.34,25.34,25.29,25.29,0,0,109654
1164,2020-09-17 15:56:00,25.3,25.3,25.25,25.25,0,0,93598
1165,2020-09-17 15:57:00,25.25,25.27,25.23,25.25,0,0,168121
1166,2020-09-17 15:58:00,25.25,25.28,25.25,25.26,0,0,58205
1167,2020-09-17 15:59:00,25.25,25.31,25.25,25.3,0,0,114496
1168,2020-09-18 09:30:00,25.37,25.4,25.29,25.4,0,0,356510
1169,2020-09-18 09:31:00,25.39,25.42,25.17,25.23,0,0,98352
1170,2020-09-18 09:32:00,25.23,25.59,25.21,25.48,0,0,123088
1171,2020-09-18 09:33:00,25.48,25.55,25.35,25.4,0,0,29856
1172,2020-09-18 09:34:00,25.38,25.51,25.3,25.31,0,0,24837
1173,2020-09-18 09:35:00,25.31,25.37,25.29,25.33,0,0,9323
1174,2020-09-18 09:36:00,25.33,25.39,25.23,25.35,0,0,78352
1175,2020-09-18 09:37:00,25.35,25.42,25.32,25.41,0,0,22133
1176,2020-09-18 09:38:00,25.41,25.44,25.39,25.41,0,0,14444
1177,2020-09-18 09:39:00,25.41,25.41,25.36,25.37,0,0,32787
1178,2020-09-18 09:40:00,25.35,25.39,25.3,25.39,0,0,15787
1179,2020-09-18 09:41:00,25.4,25.58,25.32,25.5,0,0,266420
1180,2020-09-18 09:42:00,25.5,25.51,25.35,25.41,0,0,99101
1181,2020-09-18 09:43:00,25.41,25.42,25.36,25.4,0,0,33489
1182,2020-09-18 09:44:00,25.4,25.4,25.33,25.38,0,0,24274
1183,2020-09-18 09:45:00,25.38,25.39,25.25,25.25,0,0,27611
1184,2020-09-18 09:46:00,25.26,25.29,25.2,25.21,0,0,37893
1185,2020-09-18 09:47:00,25.21,25.22,25.18,25.21,0,0,26510
1186,2020-09-18 09:48:00,25.21,25.25,25.18,25.22,0,0,39204
1187,2020-09-18 09:49:00,25.24,25.26,25.21,25.25,0,0,20406
1188,2020-09-18 09:50:00,25.25,25.25,25.19,25.23,0,0,33207
1189,2020-09-18 09:51:00,25.23,25.35,25.23,25.33,0,0,37451
1190,2020-09-18 09:52:00,25.33,25.4,25.33,25.37,0,0,20332
1191,2020-09-18 09:53:00,25.38,25.38,25.32,25.33,0,0,20671
1192,2020-09-18 09:54:00,25.33,25.33,25.3,25.33,0,0,22929
1193,2020-09-18 09:55:00,25.31,25.33,25.27,25.33,0,0,12423
1194,2020-09-18 09:56:00,25.33,25.35,25.32,25.35,0,0,22998
1195,2020-09-18 09:57:00,25.35,25.36,25.34,25.36,0,0,14939
1196,2020-09-18 09:58:00,25.36,25.36,25.31,25.33,0,0,9793
1197,2020-09-18 09:59:00,25.34,25.53,25.33,25.47,0,0,91460
1198,2020-09-18 10:00:00,25.45,25.47,25.4,25.4,0,0,27640
1199,2020-09-18 10:01:00,25.41,25.45,25.4,25.44,0,0,12714
1200,2020-09-18 10:02:00,25.45,25.48,25.42,25.48,0,0,14156
1201,2020-09-18 10:03:00,25.48,25.54,25.47,25.52,0,0,26217
1202,2020-09-18 10:04:00,25.51,25.53,25.45,25.46,0,0,76539
1203,2020-09-18 10:05:00,25.42,25.49,25.42,25.49,0,0,20446
1204,2020-09-18 10:06:00,25.49,25.55,25.49,25.54,0,0,15686
1205,2020-09-18 10:07:00,25.55,25.58,25.5,25.5,0,0,36722
1206,2020-09-18 10:08:00,25.5,25.51,25.48,25.51,0,0,36872
1207,2020-09-18 10:09:00,25.5,25.52,25.49,25.5,0,0,18187
1208,2020-09-18 10:10:00,25.5,25.5,25.47,25.49,0,0,15628
1209,2020-09-18 10:11:00,25.49,25.57,25.49,25.55,0,0,17351
1210,2020-09-18 10:12:00,25.55,25.61,25.52,25.59,0,0,29946
1211,2020-09-18 10:13:00,25.59,25.61,25.57,25.61,0,0,13108
1212,2020-09-18 10:14:00,25.61,25.64,25.61,25.63,0,0,32123
1213,2020-09-18 10:15:00,25.63,25.65,25.62,25.65,0,0,22383
1214,2020-09-18 10:16:00,25.65,25.74,25.64,25.72,0,0,128738
1215,2020-09-18 10:17:00,25.71,25.71,25.64,25.64,0,0,24630
1216,2020-09-18 10:18:00,25.65,25.71,25.64,25.7,0,0,30656
1217,2020-09-18 10:19:00,25.7,25.73,25.65,25.65,0,0,71833
1218,2020-09-18 10:20:00,25.65,25.68,25.65,25.67,0,0,27273
1219,2020-09-18 10:21:00,25.67,25.68,25.64,25.65,0,0,16830
1220,2020-09-18 10:22:00,25.64,25.65,25.57,25.6,0,0,26574
1221,2020-09-18 10:23:00,25.59,25.62,25.58,25.62,0,0,16418
1222,2020-09-18 10:24:00,25.62,25.65,25.6,25.61,0,0,12651
1223,2020-09-18 10:25:00,25.61,25.62,25.56,25.56,0,0,12589
1224,2020-09-18 10:26:00,25.56,25.56,25.51,25.51,0,0,12993
1225,2020-09-18 10:27:00,25.51,25.53,25.49,25.5,0,0,14760
1226,2020-09-18 10:28:00,25.5,25.52,25.46,25.51,0,0,83417
1227,2020-09-18 10:29:00,25.51,25.54,25.51,25.53,0,0,10546
1228,2020-09-18 10:30:00,25.53,25.55,25.48,25.49,0,0,18750
1229,2020-09-18 10:31:00,25.49,25.49,25.43,25.43,0,0,15310
1230,2020-09-18 10:32:00,25.43,25.47,25.42,25.46,0,0,12437
1231,2020-09-18 10:33:00,25.46,25.49,25.46,25.49,0,0,15113
1232,2020-09-18 10:34:00,25.49,25.49,25.41,25.42,0,0,18301
1233,2020-09-18 10:35:00,25.42,25.45,25.42,25.44,0,0,21251
1234,2020-09-18 10:36:00,25.44,25.46,25.42,25.45,0,0,78539
1235,2020-09-18 10:37:00,25.46,25.55,25.42,25.43,0,0,154380
1236,2020-09-18 10:38:00,25.43,25.44,25.37,25.4,0,0,67929
1237,2020-09-18 10:39:00,25.4,25.4,25.34,25.37,0,0,40831
1238,2020-09-18 10:40:00,25.38,25.39,25.36,25.37,0,0,14714
1239,2020-09-18 10:41:00,25.37,25.4,25.36,25.4,0,0,16485
1240,2020-09-18 10:42:00,25.41,25.46,25.41,25.43,0,0,39243
1241,2020-09-18 10:43:00,25.42,25.46,25.42,25.44,0,0,17567
1242,2020-09-18 10:44:00,25.44,25.45,25.41,25.42,0,0,20519
1243,2020-09-18 10:45:00,25.41,25.42,25.39,25.4,0,0,19165
1244,2020-09-18 10:46:00,25.39,25.39,25.35,25.37,0,0,15436
1245,2020-09-18 10:47:00,25.36,25.41,25.36,25.41,0,0,13674
1246,2020-09-18 10:48:00,25.4,25.42,25.39,25.4,0,0,27421
1247,2020-09-18 10:49:00,25.4,25.4,25.36,25.39,0,0,28363
1248,2020-09-18 10:50:00,25.39,25.41,25.37,25.4,0,0,29057
1249,2020-09-18 10:51:00,25.39,25.41,25.38,25.39,0,0,14131
1250,2020-09-18 10:52:00,25.38,25.39,25.33,25.35,0,0,17011
1251,2020-09-18 10:53:00,25.35,25.35,25.32,25.33,0,0,12384
1252,2020-09-18 10:54:00,25.33,25.34,25.28,25.28,0,0,23818
1253,2020-09-18 10:55:00,25.28,25.29,25.23,25.23,0,0,23317
1254,2020-09-18 10:56:00,25.23,25.24,25.18,25.18,0,0,72334
1255,2020-09-18 10:57:00,25.19,25.26,25.18,25.26,0,0,41650
1256,2020-09-18 10:58:00,25.25,25.25,25.23,25.23,0,0,30350
1257,2020-09-18 10:59:00,25.23,25.25,25.22,25.22,0,0,26339
1258,2020-09-18 11:00:00,25.23,25.27,25.23,25.25,0,0,28412
1259,2020-09-18 11:01:00,25.25,25.26,25.22,25.22,0,0,30704
1260,2020-09-18 11:02:00,25.23,25.25,25.23,25.24,0,0,7543
1261,2020-09-18 11:03:00,25.24,25.26,25.24,25.25,0,0,14400
1262,2020-09-18 11:04:00,25.25,25.26,25.25,25.26,0,0,12383
1263,2020-09-18 11:05:00,25.25,25.26,25.24,25.25,0,0,15668
1264,2020-09-18 11:06:00,25.25,25.28,25.25,25.26,0,0,49911
1265,2020-09-18 11:07:00,25.27,25.28,25.25,25.25,0,0,6448
1266,2020-09-18 11:08:00,25.25,25.26,25.22,25.22,0,0,29843
1267,2020-09-18 11:09:00,25.22,25.23,25.2,25.2,0,0,18720
1268,2020-09-18 11:10:00,25.2,25.21,25.16,25.17,0,0,43059
1269,2020-09-18 11:11:00,25.17,25.17,25.14,25.15,0,0,40401
1270,2020-09-18 11:12:00,25.14,25.14,25.11,25.11,0,0,33447
1271,2020-09-18 11:13:00,25.11,25.12,25.07,25.11,0,0,20020
1272,2020-09-18 11:14:00,25.11,25.14,25.1,25.11,0,0,20635
1273,2020-09-18 11:15:00,25.12,25.19,25.12,25.18,0,0,21577
1274,2020-09-18 11:16:00,25.17,25.17,25.12,25.15,0,0,24249
1275,2020-09-18 11:17:00,25.15,25.15,25.08,25.1,0,0,16797
1276,2020-09-18 11:18:00,25.1,25.1,25.08,25.08,0,0,16071
1277,2020-09-18 11:19:00,25.09,25.1,25.08,25.08,0,0,28120
1278,2020-09-18 11:20:00,25.08,25.09,25.07,25.08,0,0,28042
1279,2020-09-18 11:21:00,25.08,25.1,25.07,25.1,0,0,24919
1280,2020-09-18 11:22:00,25.09,25.1,25.08,25.1,0,0,9552
1281,2020-09-18 11:23:00,25.09,25.11,25.08,25.1,0,0,31362
1282,2020-09-18 11:24:00,25.1,25.11,25.09,25.11,0,0,19343
1283,2020-09-18 11:25:00,25.1,25.14,25.1,25.13,0,0,16178
1284,2020-09-18 11:26:00,25.12,25.15,25.1,25.1,0,0,41368
1285,2020-09-18 11:27:00,25.09,25.12,25.08,25.11,0,0,16843
1286,2020-09-18 11:28:00,25.1,25.1,25.05,25.08,0,0,105107
1287,2020-09-18 11:29:00,25.08,25.09,25.07,25.08,0,0,68227
1288,2020-09-18 11:30:00,25.08,25.09,25.05,25.06,0,0,19617
1289,2020-09-18 11:31:00,25.05,25.06,24.99,25.02,0,0,111827
1290,2020-09-18 11:32:00,25.01,25.05,25.01,25.05,0,0,23944
1291,2020-09-18 11:33:00,25.05,25.07,25.02,25.03,0,0,28280
1292,2020-09-18 11:34:00,25.03,25.04,24.98,24.98,0,0,34209
1293,2020-09-18 11:35:00,24.97,24.99,24.96,24.99,0,0,15892
1294,2020-09-18 11:36:00,24.99,24.99,24.97,24.99,0,0,4564
1295,2020-09-18 11:37:00,24.95,24.96,24.94,24.95,0,0,26311
1296,2020-09-18 11:38:00,24.96,24.96,24.94,24.95,0,0,21648
1297,2020-09-18 11:39:00,24.94,24.98,24.94,24.98,0,0,15468
1298,2020-09-18 11:40:00,24.98,25.0,24.97,24.99,0,0,31494
1299,2020-09-18 11:41:00,24.99,25.0,24.97,24.98,0,0,34793
1300,2020-09-18 11:42:00,24.98,24.99,24.96,24.96,0,0,19591
1301,2020-09-18 11:43:00,24.95,24.95,24.92,24.93,0,0,15798
1302,2020-09-18 11:44:00,24.93,24.93,24.89,24.89,0,0,31104
1303,2020-09-18 11:45:00,24.89,24.98,24.87,24.98,0,0,48624
1304,2020-09-18 11:46:00,24.98,24.98,24.94,24.98,0,0,24415
1305,2020-09-18 11:47:00,24.98,24.99,24.95,24.97,0,0,20525
1306,2020-09-18 11:48:00,24.97,24.98,24.96,24.97,0,0,18092
1307,2020-09-18 11:49:00,24.97,25.0,24.97,25.0,0,0,14772
1308,2020-09-18 11:50:00,25.0,25.03,24.99,25.03,0,0,24114
1309,2020-09-18 11:51:00,25.02,25.03,24.99,24.99,0,0,14745
1310,2020-09-18 11:52:00,24.98,25.0,24.97,24.99,0,0,22073
1311,2020-09-18 11:53:00,25.0,25.02,25.0,25.01,0,0,14168
1312,2020-09-18 11:54:00,25.01,25.04,25.01,25.04,0,0,10078
1313,2020-09-18 11:55:00,25.04,25.05,25.03,25.05,0,0,9643
1314,2020-09-18 11:56:00,25.05,25.08,25.02,25.08,0,0,21613
1315,2020-09-18 11:57:00,25.08,25.11,25.07,25.1,0,0,55670
1316,2020-09-18 11:58:00,25.11,25.13,25.09,25.12,0,0,21012
1317,2020-09-18 11:59:00,25.13,25.15,25.11,25.14,0,0,28300
1318,2020-09-18 12:00:00,25.14,25.14,25.09,25.1,0,0,41303
1319,2020-09-18 12:01:00,25.1,25.15,25.1,25.14,0,0,489829
1320,2020-09-18 12:02:00,25.13,25.16,25.13,25.16,0,0,19222
1321,2020-09-18 12:03:00,25.16,25.16,25.12,25.12,0,0,14118
1322,2020-09-18 12:04:00,25.12,25.12,25.09,25.09,0,0,50247
1323,2020-09-18 12:05:00,25.09,25.1,25.06,25.08,0,0,177193
1324,2020-09-18 12:06:00,25.08,25.12,25.08,25.12,0,0,23786
1325,2020-09-18 12:07:00,25.12,25.12,25.11,25.12,0,0,12976
1326,2020-09-18 12:08:00,25.13,25.14,25.12,25.14,0,0,11292
1327,2020-09-18 12:09:00,25.14,25.14,25.12,25.12,0,0,9752
1328,2020-09-18 12:10:00,25.13,25.14,25.11,25.14,0,0,16275
1329,2020-09-18 12:11:00,25.14,25.14,25.1,25.12,0,0,18988
1330,2020-09-18 12:12:00,25.12,25.14,25.11,25.13,0,0,12266
1331,2020-09-18 12:13:00,25.13,25.13,25.09,25.09,0,0,10289
1332,2020-09-18 12:14:00,25.1,25.11,25.08,25.08,0,0,8551
1333,2020-09-18 12:15:00,25.08,25.08,25.04,25.05,0,0,17873
1334,2020-09-18 12:16:00,25.06,25.09,25.06,25.06,0,0,19120
1335,2020-09-18 12:17:00,25.05,25.06,25.03,25.06,0,0,15883
1336,2020-09-18 12:18:00,25.05,25.06,25.04,25.05,0,0,11963
1337,2020-09-18 12:19:00,25.05,25.06,25.04,25.05,0,0,11899
1338,2020-09-18 12:20:00,25.05,25.06,25.04,25.04,0,0,12192
1339,2020-09-18 12:21:00,25.05,25.05,25.02,25.03,0,0,7975
1340,2020-09-18 12:22:00,25.03,25.04,25.01,25.01,0,0,21981
1341,2020-09-18 12:23:00,25.02,25.03,25.0,25.01,0,0,19360
1342,2020-09-18 12:24:00,25.02,25.03,25.02,25.03,0,0,8194
1343,2020-09-18 12:25:00,25.03,25.03,25.01,25.02,0,0,10524
1344,2020-09-18 12:26:00,25.01,25.03,25.01,25.02,0,0,13737
1345,2020-09-18 12:27:00,25.01,25.02,24.99,25.0,0,0,33754
1346,2020-09-18 12:28:00,25.01,25.03,25.0,25.03,0,0,14236
1347,2020-09-18 12:29:00,25.02,25.05,25.01,25.05,0,0,12430
1348,2020-09-18 12:30:00,25.05,25.05,25.03,25.04,0,0,19510
1349,2020-09-18 12:31:00,25.03,25.03,24.97,24.99,0,0,33368
1350,2020-09-18 12:32:00,24.99,25.01,24.98,24.99,0,0,21192
1351,2020-09-18 12:33:00,24.98,24.98,24.97,24.97,0,0,8569
1352,2020-09-18 12:34:00,24.97,24.99,24.95,24.98,0,0,32197
1353,2020-09-18 12:35:00,24.98,24.99,24.97,24.99,0,0,11125
1354,2020-09-18 12:36:00,24.99,25.0,24.98,24.99,0,0,23452
1355,2020-09-18 12:37:00,24.98,24.98,24.92,24.93,0,0,35594
1356,2020-09-18 12:38:00,24.94,24.94,24.91,24.94,0,0,19056
1357,2020-09-18 12:39:00,24.94,24.95,24.94,24.94,0,0,18813
1358,2020-09-18 12:40:00,24.94,24.95,24.92,24.92,0,0,19726
1359,2020-09-18 12:41:00,24.93,24.93,24.9,24.91,0,0,24323
1360,2020-09-18 12:42:00,24.91,24.91,24.86,24.88,0,0,28417
1361,2020-09-18 12:43:00,24.87,24.88,24.85,24.85,0,0,19873
1362,2020-09-18 12:44:00,24.85,24.88,24.85,24.87,0,0,37981
1363,2020-09-18 12:45:00,24.88,24.9,24.88,24.89,0,0,22530
1364,2020-09-18 12:46:00,24.9,24.94,24.89,24.93,0,0,26899
1365,2020-09-18 12:47:00,24.92,24.95,24.89,24.94,0,0,33294
1366,2020-09-18 12:48:00,24.95,24.95,24.91,24.91,0,0,19886
1367,2020-09-18 12:49:00,24.91,24.93,24.9,24.91,0,0,23441
1368,2020-09-18 12:50:00,24.91,24.91,24.88,24.91,0,0,19746
1369,2020-09-18 12:51:00,24.9,24.92,24.9,24.92,0,0,20712
1370,2020-09-18 12:52:00,24.92,24.97,24.91,24.95,0,0,25759
1371,2020-09-18 12:53:00,24.96,24.96,24.92,24.92,0,0,21033
1372,2020-09-18 12:54:00,24.93,24.94,24.93,24.93,0,0,20167
1373,2020-09-18 12:55:00,24.93,24.94,24.92,24.93,0,0,22373
1374,2020-09-18 12:56:00,24.94,24.98,24.93,24.95,0,0,20123
1375,2020-09-18 12:57:00,24.94,24.94,24.93,24.93,0,0,11689
1376,2020-09-18 12:58:00,24.93,24.94,24.92,24.93,0,0,18217
1377,2020-09-18 12:59:00,24.93,24.94,24.92,24.93,0,0,16057
1378,2020-09-18 13:00:00,24.93,24.98,24.93,24.98,0,0,16347
1379,2020-09-18 13:01:00,24.99,24.99,24.98,24.99,0,0,5786
1380,2020-09-18 13:02:00,24.98,24.99,24.94,24.96,0,0,26113
1381,2020-09-18 13:03:00,24.95,25.0,24.95,24.99,0,0,14499
1382,2020-09-18 13:04:00,25.0,25.0,24.98,24.99,0,0,17243
1383,2020-09-18 13:05:00,24.98,24.99,24.95,24.97,0,0,18741
1384,2020-09-18 13:06:00,24.97,24.97,24.95,24.96,0,0,15751
1385,2020-09-18 13:07:00,24.96,24.96,24.95,24.95,0,0,10450
1386,2020-09-18 13:08:00,24.96,24.98,24.95,24.97,0,0,17525
1387,2020-09-18 13:09:00,24.97,24.98,24.94,24.97,0,0,26712
1388,2020-09-18 13:10:00,24.96,24.97,24.95,24.95,0,0,24245
1389,2020-09-18 13:11:00,24.95,24.97,24.95,24.95,0,0,15561
1390,2020-09-18 13:12:00,24.95,24.96,24.95,24.96,0,0,10500
1391,2020-09-18 13:13:00,24.96,24.96,24.94,24.96,0,0,18670
1392,2020-09-18 13:14:00,24.96,24.99,24.95,24.99,0,0,14199
1393,2020-09-18 13:15:00,24.98,24.99,24.95,24.95,0,0,18860
1394,2020-09-18 13:16:00,24.95,24.96,24.93,24.94,0,0,15391
1395,2020-09-18 13:17:00,24.94,24.95,24.93,24.95,0,0,11881
1396,2020-09-18 13:18:00,24.95,24.98,24.94,24.97,0,0,9372
1397,2020-09-18 13:19:00,24.97,24.98,24.96,24.98,0,0,13815
1398,2020-09-18 13:20:00,24.97,24.98,24.97,24.98,0,0,11325
1399,2020-09-18 13:21:00,24.98,24.98,24.95,24.95,0,0,7639
1400,2020-09-18 13:22:00,24.96,24.96,24.94,24.94,0,0,28550
1401,2020-09-18 13:23:00,24.94,24.94,24.9,24.91,0,0,17906
1402,2020-09-18 13:24:00,24.92,24.94,24.91,24.92,0,0,11981
1403,2020-09-18 13:25:00,24.92,24.94,24.91,24.92,0,0,17260
1404,2020-09-18 13:26:00,24.92,24.92,24.9,24.91,0,0,17441
1405,2020-09-18 13:27:00,24.91,24.91,24.87,24.88,0,0,28746
1406,2020-09-18 13:28:00,24.88,24.88,24.85,24.85,0,0,28954
1407,2020-09-18 13:29:00,24.85,24.85,24.82,24.84,0,0,49879
1408,2020-09-18 13:30:00,24.84,24.84,24.8,24.81,0,0,30875
1409,2020-09-18 13:31:00,24.81,24.83,24.76,24.82,0,0,47252
1410,2020-09-18 13:32:00,24.83,24.92,24.83,24.92,0,0,33446
1411,2020-09-18 13:33:00,24.92,24.93,24.89,24.92,0,0,34930
1412,2020-09-18 13:34:00,24.93,24.94,24.91,24.91,0,0,15332
1413,2020-09-18 13:35:00,24.92,24.92,24.89,24.89,0,0,11801
1414,2020-09-18 13:36:00,24.9,24.9,24.85,24.87,0,0,23244
1415,2020-09-18 13:37:00,24.86,24.87,24.84,24.85,0,0,13283
1416,2020-09-18 13:38:00,24.86,24.87,24.84,24.86,0,0,29379
1417,2020-09-18 13:39:00,24.87,24.88,24.86,24.86,0,0,14395
1418,2020-09-18 13:40:00,24.87,24.9,24.86,24.88,0,0,24216
1419,2020-09-18 13:41:00,24.87,24.9,24.87,24.89,0,0,16996
1420,2020-09-18 13:42:00,24.89,24.91,24.88,24.89,0,0,16119
1421,2020-09-18 13:43:00,24.89,24.9,24.87,24.9,0,0,16472
1422,2020-09-18 13:44:00,24.9,24.93,24.89,24.93,0,0,11035
1423,2020-09-18 13:45:00,24.92,24.94,24.91,24.93,0,0,16157
1424,2020-09-18 13:46:00,24.92,24.95,24.92,24.93,0,0,38216
1425,2020-09-18 13:47:00,24.94,24.96,24.94,24.95,0,0,18674
1426,2020-09-18 13:48:00,24.95,24.97,24.94,24.95,0,0,16600
1427,2020-09-18 13:49:00,24.94,24.96,24.94,24.95,0,0,36381
1428,2020-09-18 13:50:00,24.96,24.98,24.94,24.95,0,0,20384
1429,2020-09-18 13:51:00,24.96,24.96,24.94,24.96,0,0,16028
1430,2020-09-18 13:52:00,24.96,24.96,24.93,24.94,0,0,17580
1431,2020-09-18 13:53:00,24.93,24.96,24.93,24.95,0,0,12017
1432,2020-09-18 13:54:00,24.95,24.98,24.94,24.98,0,0,14100
1433,2020-09-18 13:55:00,24.97,24.98,24.96,24.98,0,0,9378
1434,2020-09-18 13:56:00,24.97,24.98,24.94,24.98,0,0,22985
1435,2020-09-18 13:57:00,24.98,25.0,24.98,25.0,0,0,30339
1436,2020-09-18 13:58:00,25.0,25.01,24.99,25.01,0,0,27141
1437,2020-09-18 13:59:00,25.0,25.01,25.0,25.01,0,0,12144
1438,2020-09-18 14:00:00,25.0,25.01,24.97,24.99,0,0,45051
1439,2020-09-18 14:01:00,24.99,24.99,24.94,24.96,0,0,35293
1440,2020-09-18 14:02:00,24.95,24.96,24.95,24.96,0,0,7158
1441,2020-09-18 14:03:00,24.96,24.99,24.95,24.99,0,0,27236
1442,2020-09-18 14:04:00,24.99,25.02,24.99,25.0,0,0,29099
1443,2020-09-18 14:05:00,25.0,25.02,25.0,25.01,0,0,26925
1444,2020-09-18 14:06:00,25.01,25.02,24.99,25.0,0,0,19008
1445,2020-09-18 14:07:00,25.0,25.01,24.97,24.98,0,0,52505
1446,2020-09-18 14:08:00,24.98,25.0,24.98,25.0,0,0,33730
1447,2020-09-18 14:09:00,25.0,25.0,24.99,24.99,0,0,16744
1448,2020-09-18 14:10:00,25.0,25.03,24.99,25.02,0,0,147552
1449,2020-09-18 14:11:00,25.02,25.03,25.01,25.02,0,0,23392
1450,2020-09-18 14:12:00,25.03,25.06,25.03,25.03,0,0,11502
1451,2020-09-18 14:13:00,25.03,25.04,25.01,25.03,0,0,17110
1452,2020-09-18 14:14:00,25.02,25.04,25.02,25.03,0,0,9827
1453,2020-09-18 14:15:00,25.04,25.04,25.02,25.04,0,0,6498
1454,2020-09-18 14:16:00,25.03,25.06,25.03,25.06,0,0,12682
1455,2020-09-18 14:17:00,25.05,25.06,25.0,25.0,0,0,21700
1456,2020-09-18 14:18:00,25.01,25.02,25.0,25.02,0,0,23994
1457,2020-09-18 14:19:00,25.01,25.02,24.99,25.01,0,0,18724
1458,2020-09-18 14:20:00,25.01,25.04,25.01,25.03,0,0,8948
1459,2020-09-18 14:21:00,25.04,25.05,25.04,25.05,0,0,22892
1460,2020-09-18 14:22:00,25.05,25.09,25.04,25.07,0,0,20903
1461,2020-09-18 14:23:00,25.07,25.08,25.06,25.08,0,0,13475
1462,2020-09-18 14:24:00,25.08,25.09,25.06,25.09,0,0,22410
1463,2020-09-18 14:25:00,25.09,25.1,25.08,25.09,0,0,11034
1464,2020-09-18 14:26:00,25.09,25.1,25.08,25.1,0,0,15218
1465,2020-09-18 14:27:00,25.1,25.1,25.06,25.07,0,0,14679
1466,2020-09-18 14:28:00,25.08,25.08,25.05,25.06,0,0,105171
1467,2020-09-18 14:29:00,25.06,25.08,25.06,25.08,0,0,28948
1468,2020-09-18 14:30:00,25.08,25.12,25.07,25.12,0,0,20848
1469,2020-09-18 14:31:00,25.12,25.12,25.06,25.09,0,0,35970
1470,2020-09-18 14:32:00,25.1,25.12,25.1,25.1,0,0,6394
1471,2020-09-18 14:33:00,25.1,25.13,25.1,25.12,0,0,16221
1472,2020-09-18 14:34:00,25.12,25.13,25.1,25.11,0,0,11926
1473,2020-09-18 14:35:00,25.11,25.11,25.08,25.08,0,0,11601
1474,2020-09-18 14:36:00,25.08,25.12,25.08,25.11,0,0,7614
1475,2020-09-18 14:37:00,25.12,25.16,25.11,25.16,0,0,36177
1476,2020-09-18 14:38:00,25.15,25.17,25.14,25.15,0,0,71485
1477,2020-09-18 14:39:00,25.11,25.16,25.11,25.16,0,0,66363
1478,2020-09-18 14:40:00,25.16,25.16,25.14,25.16,0,0,19683
1479,2020-09-18 14:41:00,25.16,25.18,25.15,25.15,0,0,18209
1480,2020-09-18 14:42:00,25.16,25.16,25.14,25.16,0,0,68412
1481,2020-09-18 14:43:00,25.16,25.16,25.15,25.15,0,0,19906
1482,2020-09-18 14:44:00,25.16,25.16,25.14,25.16,0,0,18259
1483,2020-09-18 14:45:00,25.16,25.16,25.15,25.16,0,0,10093
1484,2020-09-18 14:46:00,25.16,25.19,25.16,25.19,0,0,13012
1485,2020-09-18 14:47:00,25.19,25.21,25.18,25.2,0,0,19843
1486,2020-09-18 14:48:00,25.2,25.21,25.18,25.18,0,0,13452
1487,2020-09-18 14:49:00,25.18,25.21,25.18,25.21,0,0,13976
1488,2020-09-18 14:50:00,25.21,25.21,25.13,25.15,0,0,167852
1489,2020-09-18 14:51:00,25.15,25.16,25.13,25.14,0,0,67318
1490,2020-09-18 14:52:00,25.14,25.18,25.12,25.17,0,0,35179
1491,2020-09-18 14:53:00,25.18,25.21,25.17,25.2,0,0,17238
1492,2020-09-18 14:54:00,25.2,25.2,25.17,25.17,0,0,79770
1493,2020-09-18 14:55:00,25.18,25.18,25.11,25.14,0,0,42881
1494,2020-09-18 14:56:00,25.14,25.2,25.13,25.18,0,0,115575
1495,2020-09-18 14:57:00,25.18,25.19,25.14,25.16,0,0,26888
1496,2020-09-18 14:58:00,25.15,25.18,25.15,25.18,0,0,29005
1497,2020-09-18 14:59:00,25.18,25.19,25.17,25.19,0,0,17794
1498,2020-09-18 15:00:00,25.19,25.2,25.18,25.18,0,0,17435
1499,2020-09-18 15:01:00,25.18,25.19,25.17,25.17,0,0,25983
1500,2020-09-18 15:02:00,25.17,25.18,25.16,25.17,0,0,24812
1501,2020-09-18 15:03:00,25.18,25.2,25.17,25.19,0,0,24997
1502,2020-09-18 15:04:00,25.2,25.22,25.19,25.2,0,0,202053
1503,2020-09-18 15:05:00,25.2,25.21,25.19,25.21,0,0,22429
1504,2020-09-18 15:06:00,25.21,25.23,25.2,25.21,0,0,34490
1505,2020-09-18 15:07:00,25.2,25.2,25.17,25.18,0,0,37653
1506,2020-09-18 15:08:00,25.18,25.22,25.18,25.2,0,0,16144
1507,2020-09-18 15:09:00,25.2,25.21,25.19,25.2,0,0,10533
1508,2020-09-18 15:10:00,25.21,25.21,25.18,25.2,0,0,17038
1509,2020-09-18 15:11:00,25.19,25.2,25.18,25.19,0,0,34516
1510,2020-09-18 15:12:00,25.19,25.2,25.19,25.2,0,0,6891
1511,2020-09-18 15:13:00,25.2,25.21,25.19,25.19,0,0,24696
1512,2020-09-18 15:14:00,25.19,25.2,25.19,25.19,0,0,34020
1513,2020-09-18 15:15:00,25.2,25.26,25.2,25.23,0,0,46922
1514,2020-09-18 15:16:00,25.23,25.24,25.22,25.22,0,0,19795
1515,2020-09-18 15:17:00,25.22,25.26,25.22,25.25,0,0,25580
1516,2020-09-18 15:18:00,25.25,25.27,25.24,25.25,0,0,21514
1517,2020-09-18 15:19:00,25.25,25.26,25.23,25.23,0,0,14432
1518,2020-09-18 15:20:00,25.24,25.24,25.21,25.22,0,0,46298
1519,2020-09-18 15:21:00,25.21,25.22,25.19,25.2,0,0,74156
1520,2020-09-18 15:22:00,25.2,25.21,25.19,25.2,0,0,86690
1521,2020-09-18 15:23:00,25.2,25.22,25.2,25.21,0,0,61490
1522,2020-09-18 15:24:00,25.2,25.24,25.2,25.24,0,0,48064
1523,2020-09-18 15:25:00,25.24,25.24,25.2,25.2,0,0,88325
1524,2020-09-18 15:26:00,25.2,25.21,25.16,25.2,0,0,40639
1525,2020-09-18 15:27:00,25.21,25.23,25.2,25.2,0,0,27645
1526,2020-09-18 15:28:00,25.2,25.23,25.2,25.22,0,0,22381
1527,2020-09-18 15:29:00,25.21,25.24,25.21,25.24,0,0,29841
1528,2020-09-18 15:30:00,25.24,25.3,25.23,25.3,0,0,64190
1529,2020-09-18 15:31:00,25.3,25.34,25.3,25.34,0,0,58685
1530,2020-09-18 15:32:00,25.33,25.37,25.33,25.36,0,0,53103
1531,2020-09-18 15:33:00,25.36,25.37,25.33,25.35,0,0,124565
1532,2020-09-18 15:34:00,25.35,25.38,25.34,25.38,0,0,28159
1533,2020-09-18 15:35:00,25.38,25.4,25.37,25.39,0,0,40296
1534,2020-09-18 15:36:00,25.39,25.41,25.38,25.4,0,0,46859
1535,2020-09-18 15:37:00,25.38,25.39,25.33,25.34,0,0,44753
1536,2020-09-18 15:38:00,25.34,25.35,25.32,25.33,0,0,34415
1537,2020-09-18 15:39:00,25.33,25.35,25.33,25.34,0,0,42415
1538,2020-09-18 15:40:00,25.34,25.34,25.28,25.28,0,0,77534
1539,2020-09-18 15:41:00,25.28,25.29,25.27,25.28,0,0,58828
1540,2020-09-18 15:42:00,25.27,25.29,25.27,25.28,0,0,32647
1541,2020-09-18 15:43:00,25.28,25.32,25.28,25.32,0,0,41924
1542,2020-09-18 15:44:00,25.31,25.33,25.27,25.27,0,0,61359
1543,2020-09-18 15:45:00,25.28,25.3,25.27,25.27,0,0,79986
1544,2020-09-18 15:46:00,25.27,25.27,25.24,25.24,0,0,73041
1545,2020-09-18 15:47:00,25.24,25.32,25.23,25.31,0,0,169044
1546,2020-09-18 15:48:00,25.31,25.35,25.3,25.34,0,0,63708
1547,2020-09-18 15:49:00,25.35,25.36,25.3,25.34,0,0,154373
1548,2020-09-18 15:50:00,25.38,25.39,25.31,25.31,0,0,111010
1549,2020-09-18 15:51:00,25.32,25.36,25.3,25.36,0,0,78067
1550,2020-09-18 15:52:00,25.36,25.39,25.35,25.39,0,0,109204
1551,2020-09-18 15:53:00,25.39,25.42,25.38,25.4,0,0,82822
1552,2020-09-18 15:54:00,25.41,25.42,25.39,25.41,0,0,94100
1553,2020-09-18 15:55:00,25.42,25.51,25.42,25.44,0,0,160114
1554,2020-09-18 15:56:00,25.44,25.48,25.43,25.47,0,0,108855
1555,2020-09-18 15:57:00,25.46,25.49,25.44,25.48,0,0,117239
1556,2020-09-18 15:58:00,25.48,25.49,25.46,25.48,0,0,204727
1557,2020-09-18 15:59:00,25.48,25.55,25.46,25.53,0,0,661415
1558,2020-09-21 09:30:00,25.3,25.38,25.25,25.26,0,0,364596
1559,2020-09-21 09:31:00,25.28,25.44,25.28,25.44,0,0,43933
1560,2020-09-21 09:32:00,25.43,25.46,25.33,25.39,0,0,50583
1561,2020-09-21 09:33:00,25.43,25.5,25.37,25.47,0,0,63946
1562,2020-09-21 09:34:00,25.5,25.55,25.41,25.53,0,0,67590
1563,2020-09-21 09:35:00,25.54,25.57,25.37,25.42,0,0,84460
1564,2020-09-21 09:36:00,25.41,25.44,25.36,25.37,0,0,87549
1565,2020-09-21 09:37:00,25.37,25.38,25.19,25.21,0,0,56406
1566,2020-09-21 09:38:00,25.23,25.34,25.2,25.33,0,0,50467
1567,2020-09-21 09:39:00,25.35,25.35,25.29,25.3,0,0,25413
1568,2020-09-21 09:40:00,25.3,25.32,25.23,25.29,0,0,63890
1569,2020-09-21 09:41:00,25.29,25.3,25.22,25.24,0,0,29786
1570,2020-09-21 09:42:00,25.23,25.32,25.23,25.32,0,0,37268
1571,2020-09-21 09:43:00,25.32,25.35,25.29,25.34,0,0,31365
1572,2020-09-21 09:44:00,25.34,25.35,25.25,25.28,0,0,31551
1573,2020-09-21 09:45:00,25.27,25.36,25.25,25.35,0,0,60232
1574,2020-09-21 09:46:00,25.35,25.41,25.35,25.39,0,0,85903
1575,2020-09-21 09:47:00,25.38,25.46,25.37,25.46,0,0,38485
1576,2020-09-21 09:48:00,25.46,25.5,25.42,25.5,0,0,33128
1577,2020-09-21 09:49:00,25.49,25.58,25.49,25.56,0,0,64425
1578,2020-09-21 09:50:00,25.55,25.56,25.47,25.48,0,0,40532
1579,2020-09-21 09:51:00,25.48,25.51,25.45,25.51,0,0,48522
1580,2020-09-21 09:52:00,25.5,25.63,25.5,25.61,0,0,96519
1581,2020-09-21 09:53:00,25.6,25.69,25.59,25.66,0,0,85728
1582,2020-09-21 09:54:00,25.66,25.7,25.63,25.69,0,0,49077
1583,2020-09-21 09:55:00,25.68,25.68,25.59,25.6,0,0,60747
1584,2020-09-21 09:56:00,25.61,25.69,25.61,25.68,0,0,48018
1585,2020-09-21 09:57:00,25.69,25.71,25.65,25.7,0,0,47904
1586,2020-09-21 09:58:00,25.69,25.76,25.69,25.75,0,0,42115
1587,2020-09-21 09:59:00,25.75,25.76,25.69,25.73,0,0,35565
1588,2020-09-21 10:00:00,25.73,25.76,25.72,25.76,0,0,37985
1589,2020-09-21 10:01:00,25.73,25.8,25.71,25.8,0,0,54552
1590,2020-09-21 10:02:00,25.75,25.75,25.68,25.71,0,0,56285
1591,2020-09-21 10:03:00,25.7,25.71,25.64,25.67,0,0,62942
1592,2020-09-21 10:04:00,25.66,25.82,25.66,25.79,0,0,75231
1593,2020-09-21 10:05:00,25.8,25.82,25.72,25.75,0,0,117663
1594,2020-09-21 10:06:00,25.75,25.76,25.67,25.67,0,0,47339
1595,2020-09-21 10:07:00,25.67,25.72,25.65,25.68,0,0,91780
1596,2020-09-21 10:08:00,25.68,25.7,25.63,25.67,0,0,73048
1597,2020-09-21 10:09:00,25.68,25.73,25.67,25.7,0,0,38399
1598,2020-09-21 10:10:00,25.71,25.76,25.68,25.7,0,0,27325
1599,2020-09-21 10:11:00,25.7,25.72,25.68,25.7,0,0,13154
1600,2020-09-21 10:12:00,25.69,25.72,25.67,25.72,0,0,52340
1601,2020-09-21 10:13:00,25.72,25.72,25.67,25.67,0,0,14920
1602,2020-09-21 10:14:00,25.68,25.7,25.66,25.68,0,0,17638
1603,2020-09-21 10:15:00,25.67,25.68,25.65,25.67,0,0,27702
1604,2020-09-21 10:16:00,25.67,25.75,25.67,25.7,0,0,49257
1605,2020-09-21 10:17:00,25.7,25.71,25.68,25.7,0,0,21489
1606,2020-09-21 10:18:00,25.7,25.7,25.66,25.66,0,0,21435
1607,2020-09-21 10:19:00,25.67,25.7,25.66,25.7,0,0,22678
1608,2020-09-21 10:20:00,25.69,25.75,25.68,25.74,0,0,84853
1609,2020-09-21 10:21:00,25.75,25.82,25.72,25.73,0,0,102268
1610,2020-09-21 10:22:00,25.73,25.75,25.71,25.74,0,0,18220
1611,2020-09-21 10:23:00,25.72,25.73,25.66,25.68,0,0,23621
1612,2020-09-21 10:24:00,25.67,25.67,25.61,25.65,0,0,59067
1613,2020-09-21 10:25:00,25.64,25.67,25.62,25.64,0,0,32922
1614,2020-09-21 10:26:00,25.64,25.67,25.61,25.62,0,0,14504
1615,2020-09-21 10:27:00,25.63,25.64,25.57,25.58,0,0,19549
1616,2020-09-21 10:28:00,25.57,25.58,25.48,25.5,0,0,49481
1617,2020-09-21 10:29:00,25.5,25.55,25.48,25.53,0,0,81164
1618,2020-09-21 10:30:00,25.51,25.52,25.42,25.42,0,0,45429
1619,2020-09-21 10:31:00,25.42,25.51,25.4,25.5,0,0,48594
1620,2020-09-21 10:32:00,25.5,25.5,25.43,25.43,0,0,24239
1621,2020-09-21 10:33:00,25.44,25.49,25.44,25.49,0,0,26882
1622,2020-09-21 10:34:00,25.49,25.53,25.47,25.5,0,0,30858
1623,2020-09-21 10:35:00,25.51,25.52,25.44,25.45,0,0,47402
1624,2020-09-21 10:36:00,25.45,25.45,25.39,25.42,0,0,33608
1625,2020-09-21 10:37:00,25.4,25.4,25.34,25.38,0,0,28405
1626,2020-09-21 10:38:00,25.39,25.43,25.36,25.37,0,0,20207
1627,2020-09-21 10:39:00,25.37,25.4,25.34,25.34,0,0,20772
1628,2020-09-21 10:40:00,25.34,25.38,25.33,25.35,0,0,16763
1629,2020-09-21 10:41:00,25.35,25.42,25.35,25.42,0,0,35692
1630,2020-09-21 10:42:00,25.41,25.45,25.41,25.44,0,0,40941
1631,2020-09-21 10:43:00,25.44,25.45,25.39,25.4,0,0,48226
1632,2020-09-21 10:44:00,25.4,25.42,25.39,25.42,0,0,40394
1633,2020-09-21 10:45:00,25.42,25.47,25.42,25.45,0,0,33027
1634,2020-09-21 10:46:00,25.44,25.47,25.42,25.46,0,0,42057
1635,2020-09-21 10:47:00,25.47,25.5,25.45,25.48,0,0,45599
1636,2020-09-21 10:48:00,25.48,25.5,25.44,25.49,0,0,47359
1637,2020-09-21 10:49:00,25.49,25.56,25.47,25.55,0,0,24540
1638,2020-09-21 10:50:00,25.54,25.57,25.52,25.57,0,0,47972
1639,2020-09-21 10:51:00,25.57,25.58,25.55,25.57,0,0,56352
1640,2020-09-21 10:52:00,25.57,25.57,25.53,25.57,0,0,29102
1641,2020-09-21 10:53:00,25.57,25.65,25.57,25.65,0,0,31168
1642,2020-09-21 10:54:00,25.64,25.71,25.64,25.7,0,0,34458
1643,2020-09-21 10:55:00,25.7,25.73,25.7,25.7,0,0,31948
1644,2020-09-21 10:56:00,25.7,25.71,25.67,25.71,0,0,26718
1645,2020-09-21 10:57:00,25.71,25.71,25.64,25.7,0,0,26661
1646,2020-09-21 10:59:00,25.71,25.71,25.69,25.69,0,0,81141
1647,2020-09-21 11:00:00,25.69,25.73,25.67,25.73,0,0,43333
1648,2020-09-21 11:01:00,25.72,25.74,25.71,25.73,0,0,21622
1649,2020-09-21 11:02:00,25.73,25.78,25.73,25.77,0,0,76990
1650,2020-09-21 11:03:00,25.78,25.8,25.75,25.76,0,0,32329
1651,2020-09-21 11:04:00,25.75,25.75,25.73,25.73,0,0,57784
1652,2020-09-21 11:05:00,25.73,25.79,25.72,25.78,0,0,64873
1653,2020-09-21 11:06:00,25.79,25.82,25.77,25.81,0,0,25270
1654,2020-09-21 11:07:00,25.81,25.84,25.78,25.78,0,0,37502
1655,2020-09-21 11:08:00,25.79,25.82,25.78,25.81,0,0,26153
1656,2020-09-21 11:09:00,25.81,25.85,25.81,25.82,0,0,25421
1657,2020-09-21 11:10:00,25.81,25.81,25.74,25.74,0,0,16224
1658,2020-09-21 11:11:00,25.75,25.75,25.71,25.72,0,0,17229
1659,2020-09-21 11:12:00,25.72,25.75,25.71,25.72,0,0,111314
1660,2020-09-21 11:13:00,25.71,25.73,25.67,25.71,0,0,44040
1661,2020-09-21 11:14:00,25.71,25.74,25.67,25.67,0,0,17425
1662,2020-09-21 11:15:00,25.67,25.68,25.61,25.64,0,0,51463
1663,2020-09-21 11:16:00,25.64,25.69,25.61,25.67,0,0,119343
1664,2020-09-21 11:17:00,25.67,25.68,25.65,25.65,0,0,47928
1665,2020-09-21 11:18:00,25.65,25.66,25.63,25.65,0,0,14137
1666,2020-09-21 11:19:00,25.65,25.67,25.62,25.67,0,0,19874
1667,2020-09-21 11:20:00,25.67,25.68,25.65,25.65,0,0,37655
1668,2020-09-21 11:21:00,25.66,25.66,25.63,25.64,0,0,25924
1669,2020-09-21 11:22:00,25.63,25.63,25.57,25.59,0,0,14146
1670,2020-09-21 11:23:00,25.59,25.59,25.57,25.59,0,0,11161
1671,2020-09-21 11:24:00,25.59,25.59,25.57,25.58,0,0,21916
1672,2020-09-21 11:25:00,25.58,25.58,25.56,25.57,0,0,8764
1673,2020-09-21 11:26:00,25.57,25.6,25.57,25.59,0,0,9241
1674,2020-09-21 11:27:00,25.59,25.64,25.59,25.62,0,0,24954
1675,2020-09-21 11:28:00,25.63,25.66,25.63,25.66,0,0,15287
1676,2020-09-21 11:29:00,25.65,25.73,25.65,25.72,0,0,26743
1677,2020-09-21 11:30:00,25.72,25.79,25.7,25.78,0,0,26376
1678,2020-09-21 11:31:00,25.78,25.82,25.76,25.79,0,0,39824
1679,2020-09-21 11:32:00,25.8,25.81,25.78,25.79,0,0,33683
1680,2020-09-21 11:33:00,25.78,25.79,25.76,25.77,0,0,25311
1681,2020-09-21 11:34:00,25.76,25.83,25.76,25.81,0,0,55256
1682,2020-09-21 11:35:00,25.8,25.86,25.8,25.86,0,0,35547
1683,2020-09-21 11:36:00,25.86,25.9,25.86,25.88,0,0,51709
1684,2020-09-21 11:37:00,25.88,25.93,25.87,25.92,0,0,27372
1685,2020-09-21 11:38:00,25.92,25.95,25.91,25.95,0,0,36205
1686,2020-09-21 11:39:00,25.95,25.97,25.88,25.89,0,0,46076
1687,2020-09-21 11:40:00,25.89,25.94,25.88,25.94,0,0,25721
1688,2020-09-21 11:41:00,25.95,25.97,25.9,25.95,0,0,31962
1689,2020-09-21 11:42:00,25.95,26.04,25.95,26.01,0,0,107059
1690,2020-09-21 11:43:00,26.0,26.06,26.0,26.01,0,0,56966
1691,2020-09-21 11:44:00,26.01,26.06,25.99,26.01,0,0,28627
1692,2020-09-21 11:45:00,26.01,26.02,25.98,26.0,0,0,27248
1693,2020-09-21 11:46:00,25.99,26.03,25.99,26.02,0,0,21409
1694,2020-09-21 11:47:00,26.01,26.03,25.97,25.98,0,0,17958
1695,2020-09-21 11:48:00,25.98,25.98,25.96,25.96,0,0,15536
1696,2020-09-21 11:49:00,25.98,26.0,25.96,25.97,0,0,27429
1697,2020-09-21 11:50:00,25.97,26.0,25.97,25.98,0,0,18522
1698,2020-09-21 11:51:00,25.99,26.01,25.98,26.01,0,0,25625
1699,2020-09-21 11:52:00,26.01,26.06,26.0,26.06,0,0,32540
1700,2020-09-21 11:53:00,26.06,26.08,26.04,26.06,0,0,47821
1701,2020-09-21 11:54:00,26.06,26.08,26.04,26.07,0,0,21812
1702,2020-09-21 11:55:00,26.07,26.08,26.05,26.06,0,0,25353
1703,2020-09-21 11:56:00,26.06,26.08,26.06,26.06,0,0,16232
1704,2020-09-21 11:57:00,26.06,26.13,26.05,26.12,0,0,38462
1705,2020-09-21 11:58:00,26.12,26.13,26.06,26.07,0,0,29696
1706,2020-09-21 11:59:00,26.07,26.08,26.04,26.06,0,0,38355
1707,2020-09-21 12:00:00,26.06,26.14,26.06,26.14,0,0,33323
1708,2020-09-21 12:01:00,26.14,26.14,26.08,26.08,0,0,44041
1709,2020-09-21 12:02:00,26.08,26.09,26.06,26.07,0,0,12903
1710,2020-09-21 12:03:00,26.07,26.1,26.07,26.1,0,0,22110
1711,2020-09-21 12:04:00,26.11,26.14,26.11,26.13,0,0,8051
1712,2020-09-21 12:05:00,26.14,26.15,26.11,26.11,0,0,31999
1713,2020-09-21 12:06:00,26.12,26.13,26.09,26.1,0,0,23021
1714,2020-09-21 12:07:00,26.1,26.12,26.09,26.12,0,0,23042
1715,2020-09-21 12:08:00,26.13,26.16,26.13,26.16,0,0,24036
1716,2020-09-21 12:09:00,26.16,26.17,26.13,26.13,0,0,15869
1717,2020-09-21 12:10:00,26.12,26.13,26.1,26.1,0,0,19524
1718,2020-09-21 12:11:00,26.11,26.17,26.11,26.15,0,0,25580
1719,2020-09-21 12:12:00,26.16,26.16,26.11,26.11,0,0,16322
1720,2020-09-21 12:13:00,26.12,26.12,26.07,26.07,0,0,25454
1721,2020-09-21 12:14:00,26.07,26.07,26.04,26.04,0,0,22458
1722,2020-09-21 12:15:00,26.04,26.05,26.02,26.03,0,0,34128
1723,2020-09-21 12:16:00,26.03,26.03,25.99,26.0,0,0,39569
1724,2020-09-21 12:17:00,26.01,26.05,26.01,26.04,0,0,14956
1725,2020-09-21 12:18:00,26.05,26.08,26.04,26.07,0,0,28182
1726,2020-09-21 12:19:00,26.07,26.08,26.02,26.03,0,0,22122
1727,2020-09-21 12:20:00,26.03,26.06,25.98,25.98,0,0,25378
1728,2020-09-21 12:21:00,25.98,25.98,25.9,25.92,0,0,57492
1729,2020-09-21 12:22:00,25.92,25.96,25.91,25.95,0,0,27150
1730,2020-09-21 12:23:00,25.96,26.0,25.96,25.99,0,0,15719
1731,2020-09-21 12:24:00,25.99,26.0,25.99,25.99,0,0,12183
1732,2020-09-21 12:25:00,25.99,26.0,25.96,25.96,0,0,12822
1733,2020-09-21 12:26:00,25.97,26.05,25.97,26.03,0,0,29779
1734,2020-09-21 12:27:00,26.03,26.07,26.03,26.05,0,0,17444
1735,2020-09-21 12:28:00,26.05,26.07,26.03,26.03,0,0,20205
1736,2020-09-21 12:29:00,26.03,26.06,26.02,26.02,0,0,18466
1737,2020-09-21 12:30:00,26.03,26.08,26.01,26.07,0,0,39126
1738,2020-09-21 12:31:00,26.07,26.09,26.04,26.06,0,0,22721
1739,2020-09-21 12:32:00,26.06,26.07,26.05,26.06,0,0,7698
1740,2020-09-21 12:33:00,26.07,26.08,26.06,26.06,0,0,8081
1741,2020-09-21 12:34:00,26.05,26.06,26.03,26.05,0,0,9990
1742,2020-09-21 12:35:00,26.05,26.12,26.05,26.08,0,0,30633
1743,2020-09-21 12:36:00,26.08,26.09,26.08,26.09,0,0,15095
1744,2020-09-21 12:37:00,26.09,26.11,26.09,26.11,0,0,5467
1745,2020-09-21 12:38:00,26.1,26.1,26.07,26.08,0,0,13226
1746,2020-09-21 12:39:00,26.07,26.08,26.07,26.08,0,0,5543
1747,2020-09-21 12:40:00,26.08,26.11,26.06,26.1,0,0,32635
1748,2020-09-21 12:41:00,26.09,26.1,26.07,26.07,0,0,9476
1749,2020-09-21 12:42:00,26.07,26.09,26.07,26.08,0,0,9268
1750,2020-09-21 12:43:00,26.08,26.08,26.03,26.04,0,0,25099
1751,2020-09-21 12:44:00,26.05,26.07,26.04,26.07,0,0,10981
1752,2020-09-21 12:45:00,26.07,26.1,26.07,26.09,0,0,21581
1753,2020-09-21 12:46:00,26.09,26.09,26.05,26.05,0,0,8401
1754,2020-09-21 12:47:00,26.05,26.09,26.03,26.08,0,0,23743
1755,2020-09-21 12:48:00,26.08,26.09,26.08,26.08,0,0,6572
1756,2020-09-21 12:49:00,26.08,26.09,26.08,26.08,0,0,6574
1757,2020-09-21 12:50:00,26.08,26.08,26.04,26.06,0,0,14045
1758,2020-09-21 12:51:00,26.06,26.09,26.06,26.08,0,0,12495
1759,2020-09-21 12:52:00,26.08,26.1,26.08,26.09,0,0,15197
1760,2020-09-21 12:53:00,26.09,26.17,26.08,26.17,0,0,21630
1761,2020-09-21 12:54:00,26.16,26.17,26.13,26.13,0,0,18988
1762,2020-09-21 12:55:00,26.14,26.17,26.14,26.16,0,0,18362
1763,2020-09-21 12:56:00,26.17,26.18,26.16,26.18,0,0,18074
1764,2020-09-21 12:57:00,26.17,26.17,26.11,26.11,0,0,20106
1765,2020-09-21 12:58:00,26.11,26.11,26.09,26.1,0,0,13357
1766,2020-09-21 12:59:00,26.1,26.15,26.1,26.15,0,0,10370
1767,2020-09-21 13:00:00,26.15,26.16,26.11,26.13,0,0,14493
1768,2020-09-21 13:01:00,26.11,26.11,26.05,26.05,0,0,13703
1769,2020-09-21 13:02:00,26.05,26.07,26.05,26.06,0,0,4519
1770,2020-09-21 13:03:00,26.07,26.08,26.05,26.08,0,0,15759
1771,2020-09-21 13:04:00,26.08,26.1,26.08,26.09,0,0,9975
1772,2020-09-21 13:05:00,26.08,26.08,26.04,26.07,0,0,37174
1773,2020-09-21 13:06:00,26.06,26.11,26.06,26.1,0,0,22088
1774,2020-09-21 13:07:00,26.1,26.11,26.1,26.1,0,0,20229
1775,2020-09-21 13:08:00,26.11,26.15,26.1,26.1,0,0,14493
1776,2020-09-21 13:09:00,26.12,26.12,26.11,26.12,0,0,6547
1777,2020-09-21 13:10:00,26.12,26.12,26.09,26.11,0,0,29053
1778,2020-09-21 13:11:00,26.11,26.14,26.11,26.14,0,0,16407
1779,2020-09-21 13:12:00,26.14,26.15,26.13,26.14,0,0,11710
1780,2020-09-21 13:13:00,26.15,26.17,26.15,26.17,0,0,14195
1781,2020-09-21 13:14:00,26.16,26.16,26.15,26.15,0,0,19908
1782,2020-09-21 13:15:00,26.16,26.18,26.15,26.17,0,0,12224
1783,2020-09-21 13:16:00,26.17,26.17,26.15,26.17,0,0,7893
1784,2020-09-21 13:17:00,26.17,26.17,26.15,26.15,0,0,6396
1785,2020-09-21 13:18:00,26.16,26.17,26.13,26.13,0,0,13642
1786,2020-09-21 13:19:00,26.14,26.16,26.13,26.14,0,0,9539
1787,2020-09-21 13:20:00,26.13,26.16,26.13,26.15,0,0,8519
1788,2020-09-21 13:21:00,26.16,26.19,26.16,26.18,0,0,21846
1789,2020-09-21 13:22:00,26.18,26.18,26.17,26.17,0,0,6794
1790,2020-09-21 13:23:00,26.17,26.19,26.17,26.17,0,0,6804
1791,2020-09-21 13:24:00,26.18,26.23,26.18,26.22,0,0,27465
1792,2020-09-21 13:25:00,26.23,26.26,26.21,26.25,0,0,58293
1793,2020-09-21 13:26:00,26.25,26.26,26.24,26.25,0,0,32614
1794,2020-09-21 13:27:00,26.26,26.26,26.23,26.25,0,0,14593
1795,2020-09-21 13:28:00,26.25,26.28,26.25,26.27,0,0,41333
1796,2020-09-21 13:29:00,26.28,26.28,26.26,26.27,0,0,25603
1797,2020-09-21 13:30:00,26.28,26.32,26.28,26.3,0,0,26420
1798,2020-09-21 13:31:00,26.31,26.34,26.3,26.33,0,0,26369
1799,2020-09-21 13:32:00,26.33,26.33,26.28,26.28,0,0,33273
1800,2020-09-21 13:33:00,26.28,26.31,26.27,26.3,0,0,18626
1801,2020-09-21 13:34:00,26.3,26.31,26.29,26.3,0,0,12564
1802,2020-09-21 13:35:00,26.29,26.3,26.28,26.28,0,0,11866
1803,2020-09-21 13:36:00,26.28,26.34,26.28,26.32,0,0,35701
1804,2020-09-21 13:37:00,26.33,26.34,26.33,26.34,0,0,12712
1805,2020-09-21 13:38:00,26.33,26.35,26.33,26.34,0,0,105616
1806,2020-09-21 13:39:00,26.34,26.36,26.33,26.35,0,0,56026
1807,2020-09-21 13:40:00,26.36,26.36,26.33,26.35,0,0,24164
1808,2020-09-21 13:41:00,26.36,26.36,26.33,26.36,0,0,119048
1809,2020-09-21 13:42:00,26.36,26.37,26.35,26.35,0,0,14673
1810,2020-09-21 13:43:00,26.36,26.37,26.34,26.34,0,0,135717
1811,2020-09-21 13:44:00,26.34,26.35,26.3,26.3,0,0,54727
1812,2020-09-21 13:45:00,26.3,26.3,26.28,26.29,0,0,54721
1813,2020-09-21 13:46:00,26.29,26.31,26.28,26.29,0,0,35662
1814,2020-09-21 13:47:00,26.29,26.29,26.26,26.27,0,0,80306
1815,2020-09-21 13:48:00,26.28,26.28,26.23,26.23,0,0,24144
1816,2020-09-21 13:49:00,26.23,26.23,26.21,26.23,0,0,12961
1817,2020-09-21 13:50:00,26.22,26.24,26.22,26.23,0,0,12364
1818,2020-09-21 13:51:00,26.22,26.22,26.2,26.21,0,0,13273
1819,2020-09-21 13:52:00,26.2,26.2,26.17,26.17,0,0,18162
1820,2020-09-21 13:53:00,26.17,26.18,26.16,26.17,0,0,7421
1821,2020-09-21 13:54:00,26.16,26.16,26.13,26.14,0,0,9786
1822,2020-09-21 13:55:00,26.13,26.15,26.11,26.15,0,0,33483
1823,2020-09-21 13:56:00,26.15,26.16,26.14,26.16,0,0,8645
1824,2020-09-21 13:57:00,26.16,26.17,26.15,26.16,0,0,8185
1825,2020-09-21 13:58:00,26.17,26.18,26.16,26.17,0,0,12210
1826,2020-09-21 13:59:00,26.18,26.22,26.17,26.2,0,0,24750
1827,2020-09-21 14:00:00,26.21,26.23,26.2,26.22,0,0,13233
1828,2020-09-21 14:01:00,26.23,26.26,26.22,26.24,0,0,15809
1829,2020-09-21 14:02:00,26.25,26.25,26.2,26.22,0,0,14232
1830,2020-09-21 14:03:00,26.22,26.26,26.21,26.21,0,0,21801
1831,2020-09-21 14:04:00,26.22,26.25,26.22,26.23,0,0,18019
1832,2020-09-21 14:05:00,26.22,26.22,26.19,26.2,0,0,28105
1833,2020-09-21 14:06:00,26.2,26.2,26.18,26.18,0,0,13529
1834,2020-09-21 14:07:00,26.19,26.19,26.18,26.19,0,0,21391
1835,2020-09-21 14:08:00,26.19,26.19,26.17,26.19,0,0,21871
1836,2020-09-21 14:09:00,26.19,26.19,26.16,26.17,0,0,17968
1837,2020-09-21 14:10:00,26.17,26.19,26.16,26.16,0,0,26635
1838,2020-09-21 14:11:00,26.16,26.16,26.14,26.15,0,0,20027
1839,2020-09-21 14:12:00,26.15,26.15,26.13,26.14,0,0,19045
1840,2020-09-21 14:13:00,26.14,26.17,26.14,26.17,0,0,21531
1841,2020-09-21 14:14:00,26.17,26.19,26.17,26.18,0,0,22547
1842,2020-09-21 14:15:00,26.19,26.2,26.18,26.18,0,0,15558
1843,2020-09-21 14:16:00,26.18,26.22,26.18,26.19,0,0,26247
1844,2020-09-21 14:17:00,26.2,26.2,26.14,26.14,0,0,19454
1845,2020-09-21 14:18:00,26.14,26.15,26.12,26.13,0,0,13011
1846,2020-09-21 14:19:00,26.14,26.17,26.13,26.17,0,0,25131
1847,2020-09-21 14:20:00,26.18,26.2,26.16,26.2,0,0,22810
1848,2020-09-21 14:21:00,26.2,26.21,26.19,26.21,0,0,11613
1849,2020-09-21 14:22:00,26.2,26.24,26.2,26.2,0,0,9532
1850,2020-09-21 14:23:00,26.2,26.22,26.2,26.21,0,0,16710
1851,2020-09-21 14:24:00,26.2,26.2,26.19,26.19,0,0,18415
1852,2020-09-21 14:25:00,26.19,26.19,26.17,26.19,0,0,16038
1853,2020-09-21 14:26:00,26.2,26.22,26.19,26.21,0,0,11863
1854,2020-09-21 14:27:00,26.21,26.23,26.2,26.2,0,0,9797
1855,2020-09-21 14:28:00,26.2,26.23,26.19,26.22,0,0,30624
1856,2020-09-21 14:29:00,26.21,26.23,26.21,26.23,0,0,4058
1857,2020-09-21 14:30:00,26.22,26.23,26.2,26.22,0,0,18925
1858,2020-09-21 14:31:00,26.21,26.23,26.21,26.21,0,0,11560
1859,2020-09-21 14:32:00,26.2,26.22,26.2,26.21,0,0,26488
1860,2020-09-21 14:33:00,26.2,26.2,26.2,26.2,0,0,23385
1861,2020-09-21 14:34:00,26.2,26.23,26.2,26.23,0,0,17051
1862,2020-09-21 14:35:00,26.23,26.23,26.2,26.2,0,0,8867
1863,2020-09-21 14:36:00,26.21,26.21,26.2,26.2,0,0,11961
1864,2020-09-21 14:37:00,26.2,26.21,26.2,26.21,0,0,17463
1865,2020-09-21 14:38:00,26.22,26.27,26.22,26.26,0,0,25714
1866,2020-09-21 14:39:00,26.27,26.33,26.26,26.32,0,0,26012
1867,2020-09-21 14:40:00,26.31,26.33,26.3,26.3,0,0,20064
1868,2020-09-21 14:41:00,26.3,26.31,26.3,26.31,0,0,27264
1869,2020-09-21 14:42:00,26.3,26.32,26.28,26.29,0,0,35505
1870,2020-09-21 14:43:00,26.28,26.28,26.19,26.23,0,0,73161
1871,2020-09-21 14:44:00,26.24,26.27,26.24,26.25,0,0,12943
1872,2020-09-21 14:45:00,26.26,26.27,26.25,26.25,0,0,7305
1873,2020-09-21 14:46:00,26.25,26.27,26.25,26.25,0,0,29920
1874,2020-09-21 14:47:00,26.25,26.26,26.25,26.25,0,0,21349
1875,2020-09-21 14:48:00,26.25,26.26,26.25,26.26,0,0,36976
1876,2020-09-21 14:49:00,26.26,26.26,26.25,26.25,0,0,14285
1877,2020-09-21 14:50:00,26.25,26.27,26.25,26.26,0,0,19847
1878,2020-09-21 14:51:00,26.27,26.3,26.25,26.28,0,0,42397
1879,2020-09-21 14:52:00,26.28,26.29,26.25,26.27,0,0,32839
1880,2020-09-21 14:53:00,26.26,26.28,26.26,26.27,0,0,20872
1881,2020-09-21 14:54:00,26.27,26.27,26.25,26.26,0,0,12924
1882,2020-09-21 14:55:00,26.26,26.31,26.26,26.31,0,0,22987
1883,2020-09-21 14:56:00,26.3,26.33,26.29,26.32,0,0,36656
1884,2020-09-21 14:57:00,26.32,26.32,26.31,26.31,0,0,8119
1885,2020-09-21 14:58:00,26.32,26.33,26.3,26.3,0,0,15972
1886,2020-09-21 14:59:00,26.3,26.32,26.3,26.3,0,0,13616
1887,2020-09-21 15:00:00,26.3,26.33,26.3,26.33,0,0,11231
1888,2020-09-21 15:01:00,26.33,26.38,26.33,26.36,0,0,58658
1889,2020-09-21 15:02:00,26.36,26.37,26.35,26.35,0,0,8287
1890,2020-09-21 15:03:00,26.34,26.34,26.32,26.34,0,0,8598
1891,2020-09-21 15:04:00,26.33,26.37,26.33,26.36,0,0,15054
1892,2020-09-21 15:05:00,26.37,26.38,26.36,26.37,0,0,12543
1893,2020-09-21 15:06:00,26.37,26.38,26.36,26.37,0,0,6912
1894,2020-09-21 15:07:00,26.36,26.36,26.34,26.35,0,0,17392
1895,2020-09-21 15:08:00,26.35,26.42,26.35,26.4,0,0,38893
1896,2020-09-21 15:09:00,26.4,26.44,26.4,26.43,0,0,48680
1897,2020-09-21 15:10:00,26.43,26.45,26.42,26.42,0,0,24091
1898,2020-09-21 15:11:00,26.42,26.45,26.4,26.44,0,0,70753
1899,2020-09-21 15:12:00,26.44,26.45,26.43,26.43,0,0,31853
1900,2020-09-21 15:13:00,26.43,26.43,26.4,26.4,0,0,196970
1901,2020-09-21 15:14:00,26.41,26.41,26.37,26.38,0,0,24952
1902,2020-09-21 15:15:00,26.39,26.44,26.39,26.43,0,0,40063
1903,2020-09-21 15:16:00,26.42,26.42,26.4,26.41,0,0,23246
1904,2020-09-21 15:17:00,26.41,26.45,26.41,26.44,0,0,23444
1905,2020-09-21 15:18:00,26.43,26.45,26.42,26.44,0,0,36233
1906,2020-09-21 15:19:00,26.44,26.48,26.44,26.45,0,0,30758
1907,2020-09-21 15:20:00,26.45,26.46,26.41,26.42,0,0,23546
1908,2020-09-21 15:21:00,26.42,26.43,26.4,26.4,0,0,23131
1909,2020-09-21 15:22:00,26.4,26.48,26.4,26.46,0,0,33453
1910,2020-09-21 15:23:00,26.47,26.49,26.47,26.49,0,0,51002
1911,2020-09-21 15:24:00,26.48,26.52,26.48,26.52,0,0,80462
1912,2020-09-21 15:25:00,26.51,26.52,26.48,26.48,0,0,22916
1913,2020-09-21 15:26:00,26.48,26.5,26.48,26.49,0,0,23731
1914,2020-09-21 15:27:00,26.49,26.49,26.45,26.49,0,0,68473
1915,2020-09-21 15:28:00,26.49,26.5,26.46,26.47,0,0,16679
1916,2020-09-21 15:29:00,26.47,26.49,26.46,26.48,0,0,18030
1917,2020-09-21 15:30:00,26.47,26.49,26.47,26.47,0,0,34924
1918,2020-09-21 15:31:00,26.47,26.48,26.45,26.45,0,0,24386
1919,2020-09-21 15:32:00,26.45,26.47,26.44,26.45,0,0,66220
1920,2020-09-21 15:33:00,26.45,26.46,26.45,26.45,0,0,32396
1921,2020-09-21 15:34:00,26.45,26.48,26.45,26.48,0,0,61573
1922,2020-09-21 15:35:00,26.48,26.5,26.48,26.49,0,0,45807
1923,2020-09-21 15:36:00,26.49,26.5,26.45,26.45,0,0,80642
1924,2020-09-21 15:37:00,26.45,26.46,26.45,26.45,0,0,61605
1925,2020-09-21 15:38:00,26.46,26.47,26.45,26.45,0,0,51489
1926,2020-09-21 15:39:00,26.45,26.48,26.45,26.48,0,0,61153
1927,2020-09-21 15:40:00,26.48,26.48,26.45,26.46,0,0,42483
1928,2020-09-21 15:41:00,26.46,26.47,26.45,26.46,0,0,160353
1929,2020-09-21 15:42:00,26.46,26.47,26.42,26.43,0,0,49843
1930,2020-09-21 15:43:00,26.42,26.44,26.39,26.43,0,0,52353
1931,2020-09-21 15:44:00,26.42,26.45,26.42,26.44,0,0,37255
1932,2020-09-21 15:45:00,26.44,26.48,26.44,26.47,0,0,51468
1933,2020-09-21 15:46:00,26.48,26.48,26.43,26.44,0,0,30244
1934,2020-09-21 15:47:00,26.44,26.44,26.42,26.42,0,0,32354
1935,2020-09-21 15:48:00,26.43,26.47,26.43,26.46,0,0,52208
1936,2020-09-21 15:49:00,26.45,26.48,26.42,26.42,0,0,35359
1937,2020-09-21 15:50:00,26.42,26.5,26.42,26.5,0,0,79032
1938,2020-09-21 15:51:00,26.5,26.51,26.49,26.51,0,0,58074
1939,2020-09-21 15:52:00,26.5,26.55,26.5,26.55,0,0,61706
1940,2020-09-21 15:53:00,26.54,26.6,26.54,26.58,0,0,99748
1941,2020-09-21 15:54:00,26.59,26.63,26.59,26.62,0,0,127325
1942,2020-09-21 15:55:00,26.62,26.69,26.61,26.69,0,0,147682
1943,2020-09-21 15:56:00,26.69,26.7,26.62,26.64,0,0,146754
1944,2020-09-21 15:57:00,26.64,26.68,26.63,26.67,0,0,121754
1945,2020-09-21 15:58:00,26.67,26.69,26.63,26.68,0,0,181530
1946,2020-09-21 15:59:00,26.68,26.69,26.63,26.67,0,0,214341
1947,2020-09-22 09:30:00,26.73,26.85,26.69,26.82,0,0,212207
1948,2020-09-22 09:31:00,26.83,26.84,26.6,26.66,0,0,27151
1949,2020-09-22 09:32:00,26.66,26.74,26.65,26.67,0,0,25333
1950,2020-09-22 09:33:00,26.68,26.79,26.67,26.79,0,0,44960
1951,2020-09-22 09:34:00,26.79,26.84,26.77,26.8,0,0,20088
1952,2020-09-22 09:35:00,26.82,26.87,26.73,26.87,0,0,46082
1953,2020-09-22 09:36:00,26.85,26.86,26.72,26.73,0,0,39364
1954,2020-09-22 09:37:00,26.73,26.79,26.65,26.65,0,0,26423
1955,2020-09-22 09:38:00,26.65,26.67,26.57,26.57,0,0,32009
1956,2020-09-22 09:39:00,26.62,26.67,26.6,26.64,0,0,178595
1957,2020-09-22 09:40:00,26.61,26.62,26.53,26.55,0,0,73463
1958,2020-09-22 09:41:00,26.54,26.58,26.49,26.56,0,0,54051
1959,2020-09-22 09:42:00,26.57,26.67,26.56,26.67,0,0,30263
1960,2020-09-22 09:43:00,26.66,26.81,26.65,26.81,0,0,50452
1961,2020-09-22 09:44:00,26.82,26.82,26.71,26.75,0,0,81523
1962,2020-09-22 09:45:00,26.75,26.77,26.69,26.7,0,0,47325
1963,2020-09-22 09:46:00,26.7,26.78,26.7,26.72,0,0,76581
1964,2020-09-22 09:47:00,26.72,26.74,26.69,26.71,0,0,32417
1965,2020-09-22 09:48:00,26.72,26.75,26.68,26.75,0,0,90694
1966,2020-09-22 09:49:00,26.74,26.75,26.74,26.75,0,0,36665
1967,2020-09-22 09:50:00,26.75,26.75,26.62,26.62,0,0,77722
1968,2020-09-22 09:51:00,26.63,26.63,26.57,26.58,0,0,24452
1969,2020-09-22 09:52:00,26.58,26.6,26.55,26.55,0,0,82975
1970,2020-09-22 09:53:00,26.56,26.59,26.51,26.54,0,0,58458
1971,2020-09-22 09:54:00,26.54,26.54,26.48,26.48,0,0,43003
1972,2020-09-22 09:55:00,26.48,26.51,26.45,26.5,0,0,30708
1973,2020-09-22 09:56:00,26.5,26.53,26.49,26.53,0,0,22701
1974,2020-09-22 09:57:00,26.53,26.55,26.5,26.52,0,0,40757
1975,2020-09-22 09:58:00,26.52,26.58,26.52,26.57,0,0,16140
1976,2020-09-22 09:59:00,26.57,26.69,26.54,26.69,0,0,475656
1977,2020-09-22 10:00:00,26.68,26.74,26.68,26.74,0,0,43901
1978,2020-09-22 10:01:00,26.74,26.74,26.68,26.69,0,0,19121
1979,2020-09-22 10:02:00,26.7,26.73,26.67,26.67,0,0,20927
1980,2020-09-22 10:03:00,26.67,26.68,26.62,26.67,0,0,22587
1981,2020-09-22 10:04:00,26.67,26.72,26.66,26.72,0,0,14599
1982,2020-09-22 10:05:00,26.73,26.74,26.61,26.61,0,0,37001
1983,2020-09-22 10:06:00,26.62,26.64,26.56,26.56,0,0,42264
1984,2020-09-22 10:07:00,26.56,26.57,26.51,26.55,0,0,32622
1985,2020-09-22 10:08:00,26.55,26.58,26.51,26.53,0,0,22406
1986,2020-09-22 10:09:00,26.53,26.54,26.46,26.48,0,0,43848
1987,2020-09-22 10:10:00,26.49,26.59,26.48,26.59,0,0,78389
1988,2020-09-22 10:11:00,26.6,26.65,26.59,26.61,0,0,28812
1989,2020-09-22 10:12:00,26.61,26.62,26.54,26.56,0,0,29573
1990,2020-09-22 10:13:00,26.57,26.58,26.5,26.5,0,0,29625
1991,2020-09-22 10:14:00,26.5,26.56,26.49,26.49,0,0,34717
1992,2020-09-22 10:15:00,26.49,26.54,26.47,26.47,0,0,34408
1993,2020-09-22 10:16:00,26.46,26.48,26.35,26.37,0,0,47204
1994,2020-09-22 10:17:00,26.36,26.38,26.32,26.34,0,0,43006
1995,2020-09-22 10:18:00,26.34,26.41,26.34,26.37,0,0,24125
1996,2020-09-22 10:19:00,26.37,26.37,26.3,26.3,0,0,17011
1997,2020-09-22 10:20:00,26.32,26.35,26.25,26.26,0,0,27902
1998,2020-09-22 10:21:00,26.25,26.32,26.24,26.27,0,0,30473
1999,2020-09-22 10:22:00,26.27,26.31,26.2,26.24,0,0,24310
2000,2020-09-22 10:23:00,26.23,26.29,26.23,26.27,0,0,24150
2001,2020-09-22 10:24:00,26.28,26.3,26.25,26.25,0,0,13930
2002,2020-09-22 10:25:00,26.25,26.29,26.25,26.27,0,0,17447
2003,2020-09-22 10:26:00,26.28,26.3,26.25,26.28,0,0,71838
2004,2020-09-22 10:27:00,26.28,26.32,26.28,26.3,0,0,70136
2005,2020-09-22 10:28:00,26.3,26.34,26.28,26.31,0,0,149896
2006,2020-09-22 10:29:00,26.32,26.32,26.28,26.28,0,0,16219
2007,2020-09-22 10:30:00,26.28,26.3,26.27,26.3,0,0,18864
2008,2020-09-22 10:31:00,26.29,26.3,26.24,26.25,0,0,37517
2009,2020-09-22 10:32:00,26.25,26.25,26.19,26.21,0,0,35909
2010,2020-09-22 10:33:00,26.21,26.24,26.21,26.23,0,0,21973
2011,2020-09-22 10:34:00,26.23,26.25,26.22,26.25,0,0,32640
2012,2020-09-22 10:35:00,26.25,26.26,26.21,26.22,0,0,86201
2013,2020-09-22 10:36:00,26.24,26.25,26.22,26.23,0,0,52101
2014,2020-09-22 10:37:00,26.23,26.24,26.21,26.23,0,0,30875
2015,2020-09-22 10:38:00,26.22,26.23,26.21,26.22,0,0,18627
2016,2020-09-22 10:39:00,26.22,26.24,26.17,26.19,0,0,54591
2017,2020-09-22 10:40:00,26.19,26.21,26.18,26.2,0,0,26571
2018,2020-09-22 10:41:00,26.2,26.3,26.2,26.27,0,0,57356
2019,2020-09-22 10:42:00,26.26,26.27,26.21,26.24,0,0,33227
2020,2020-09-22 10:43:00,26.25,26.25,26.21,26.23,0,0,15051
2021,2020-09-22 10:44:00,26.22,26.22,26.18,26.18,0,0,94844
2022,2020-09-22 10:45:00,26.18,26.23,26.16,26.23,0,0,23127
2023,2020-09-22 10:46:00,26.23,26.23,26.18,26.19,0,0,20490
2024,2020-09-22 10:47:00,26.18,26.21,26.17,26.2,0,0,20808
2025,2020-09-22 10:48:00,26.19,26.2,26.17,26.17,0,0,19152
2026,2020-09-22 10:49:00,26.17,26.17,26.15,26.17,0,0,10191
2027,2020-09-22 10:50:00,26.17,26.2,26.15,26.2,0,0,19487
2028,2020-09-22 10:51:00,26.19,26.24,26.19,26.24,0,0,20651
2029,2020-09-22 10:52:00,26.24,26.24,26.23,26.24,0,0,12330
2030,2020-09-22 10:53:00,26.24,26.24,26.23,26.24,0,0,10037
2031,2020-09-22 10:54:00,26.24,26.26,26.23,26.24,0,0,31428
2032,2020-09-22 10:55:00,26.24,26.25,26.18,26.2,0,0,39655
2033,2020-09-22 10:56:00,26.19,26.19,26.17,26.17,0,0,7505
2034,2020-09-22 10:57:00,26.18,26.2,26.18,26.18,0,0,25265
2035,2020-09-22 10:58:00,26.19,26.2,26.18,26.2,0,0,21923
2036,2020-09-22 10:59:00,26.2,26.2,26.16,26.16,0,0,21732
2037,2020-09-22 11:00:00,26.16,26.21,26.16,26.2,0,0,14509
2038,2020-09-22 11:01:00,26.21,26.22,26.19,26.19,0,0,23819
2039,2020-09-22 11:02:00,26.19,26.2,26.16,26.18,0,0,30684
2040,2020-09-22 11:03:00,26.19,26.2,26.17,26.19,0,0,9906
2041,2020-09-22 11:05:00,26.19,26.2,26.18,26.19,0,0,75356
2042,2020-09-22 11:06:00,26.19,26.2,26.18,26.2,0,0,38074
2043,2020-09-22 11:07:00,26.2,26.21,26.18,26.19,0,0,15820
2044,2020-09-22 11:08:00,26.19,26.22,26.19,26.2,0,0,35103
2045,2020-09-22 11:09:00,26.21,26.27,26.2,26.26,0,0,28544
2046,2020-09-22 11:10:00,26.26,26.28,26.26,26.27,0,0,26350
2047,2020-09-22 11:11:00,26.28,26.28,26.25,26.25,0,0,23699
2048,2020-09-22 11:12:00,26.24,26.29,26.24,26.28,0,0,49747
2049,2020-09-22 11:13:00,26.28,26.31,26.27,26.29,0,0,60175
2050,2020-09-22 11:14:00,26.29,26.32,26.29,26.29,0,0,37761
2051,2020-09-22 11:15:00,26.29,26.3,26.27,26.27,0,0,73143
2052,2020-09-22 11:16:00,26.27,26.29,26.27,26.27,0,0,27037
2053,2020-09-22 11:17:00,26.27,26.36,26.27,26.34,0,0,52618
2054,2020-09-22 11:18:00,26.34,26.34,26.26,26.29,0,0,28623
2055,2020-09-22 11:19:00,26.29,26.29,26.24,26.25,0,0,64874
2056,2020-09-22 11:20:00,26.25,26.31,26.25,26.25,0,0,94860
2057,2020-09-22 11:21:00,26.25,26.26,26.23,26.25,0,0,30066
2058,2020-09-22 11:22:00,26.25,26.25,26.22,26.24,0,0,40544
2059,2020-09-22 11:23:00,26.25,26.32,26.25,26.3,0,0,30822
2060,2020-09-22 11:24:00,26.32,26.32,26.31,26.32,0,0,10111
2061,2020-09-22 11:25:00,26.32,26.33,26.3,26.3,0,0,13684
2062,2020-09-22 11:26:00,26.29,26.35,26.28,26.34,0,0,14896
2063,2020-09-22 11:27:00,26.35,26.39,26.34,26.39,0,0,13013
2064,2020-09-22 11:28:00,26.38,26.38,26.33,26.35,0,0,31149
2065,2020-09-22 11:29:00,26.35,26.35,26.33,26.33,0,0,12197
2066,2020-09-22 11:30:00,26.33,26.36,26.33,26.35,0,0,13665
2067,2020-09-22 11:31:00,26.36,26.37,26.33,26.37,0,0,20741
2068,2020-09-22 11:32:00,26.36,26.37,26.33,26.34,0,0,12130
2069,2020-09-22 11:33:00,26.35,26.38,26.34,26.36,0,0,26693
2070,2020-09-22 11:34:00,26.36,26.38,26.34,26.34,0,0,22187
2071,2020-09-22 11:35:00,26.34,26.34,26.29,26.3,0,0,63707
2072,2020-09-22 11:36:00,26.3,26.35,26.29,26.34,0,0,33113
2073,2020-09-22 11:37:00,26.35,26.38,26.34,26.37,0,0,19616
2074,2020-09-22 11:38:00,26.36,26.39,26.34,26.34,0,0,66891
2075,2020-09-22 11:39:00,26.34,26.35,26.33,26.35,0,0,15353
2076,2020-09-22 11:40:00,26.34,26.35,26.34,26.34,0,0,24589
2077,2020-09-22 11:41:00,26.35,26.36,26.34,26.34,0,0,59008
2078,2020-09-22 11:42:00,26.34,26.41,26.34,26.41,0,0,15351
2079,2020-09-22 11:43:00,26.41,26.44,26.41,26.43,0,0,17680
2080,2020-09-22 11:44:00,26.43,26.46,26.41,26.42,0,0,14853
2081,2020-09-22 11:45:00,26.42,26.45,26.42,26.45,0,0,13435
2082,2020-09-22 11:46:00,26.44,26.47,26.41,26.41,0,0,16288
2083,2020-09-22 11:47:00,26.41,26.42,26.39,26.4,0,0,21370
2084,2020-09-22 11:48:00,26.4,26.4,26.35,26.35,0,0,18797
2085,2020-09-22 11:49:00,26.36,26.38,26.35,26.36,0,0,11065
2086,2020-09-22 11:50:00,26.36,26.38,26.34,26.34,0,0,24870
2087,2020-09-22 11:51:00,26.34,26.34,26.29,26.3,0,0,22482
2088,2020-09-22 11:52:00,26.31,26.32,26.24,26.25,0,0,25831
2089,2020-09-22 11:53:00,26.25,26.27,26.25,26.25,0,0,12924
2090,2020-09-22 11:54:00,26.25,26.25,26.23,26.25,0,0,11356
2091,2020-09-22 11:55:00,26.25,26.25,26.23,26.24,0,0,27222
2092,2020-09-22 11:56:00,26.25,26.25,26.23,26.24,0,0,23427
2093,2020-09-22 11:57:00,26.25,26.25,26.24,26.25,0,0,10778
2094,2020-09-22 11:58:00,26.25,26.25,26.24,26.25,0,0,16781
2095,2020-09-22 11:59:00,26.25,26.26,26.23,26.24,0,0,35710
2096,2020-09-22 12:00:00,26.24,26.26,26.24,26.26,0,0,12049
2097,2020-09-22 12:01:00,26.27,26.3,26.26,26.29,0,0,17662
2098,2020-09-22 12:02:00,26.28,26.29,26.26,26.26,0,0,35434
2099,2020-09-22 12:03:00,26.26,26.27,26.25,26.27,0,0,13567
2100,2020-09-22 12:04:00,26.27,26.29,26.26,26.28,0,0,63375
2101,2020-09-22 12:05:00,26.28,26.3,26.28,26.29,0,0,12863
2102,2020-09-22 12:06:00,26.3,26.31,26.28,26.3,0,0,10403
2103,2020-09-22 12:07:00,26.3,26.31,26.28,26.3,0,0,19631
2104,2020-09-22 12:08:00,26.3,26.32,26.3,26.3,0,0,23195
2105,2020-09-22 12:09:00,26.3,26.3,26.26,26.27,0,0,10793
2106,2020-09-22 12:10:00,26.26,26.28,26.26,26.28,0,0,9456
2107,2020-09-22 12:11:00,26.27,26.33,26.27,26.33,0,0,16894
2108,2020-09-22 12:12:00,26.33,26.36,26.33,26.35,0,0,23889
2109,2020-09-22 12:13:00,26.35,26.36,26.33,26.33,0,0,15098
2110,2020-09-22 12:14:00,26.33,26.34,26.32,26.34,0,0,12008
2111,2020-09-22 12:15:00,26.34,26.34,26.32,26.33,0,0,12224
2112,2020-09-22 12:16:00,26.33,26.34,26.33,26.33,0,0,8589
2113,2020-09-22 12:17:00,26.32,26.34,26.31,26.34,0,0,27539
2114,2020-09-22 12:18:00,26.34,26.35,26.32,26.34,0,0,15011
2115,2020-09-22 12:19:00,26.33,26.33,26.28,26.28,0,0,11307
2116,2020-09-22 12:20:00,26.28,26.3,26.27,26.28,0,0,13630
2117,2020-09-22 12:21:00,26.28,26.29,26.27,26.29,0,0,12092
2118,2020-09-22 12:22:00,26.3,26.32,26.29,26.32,0,0,18460
2119,2020-09-22 12:23:00,26.32,26.34,26.32,26.33,0,0,6602
2120,2020-09-22 12:24:00,26.34,26.34,26.31,26.32,0,0,7894
2121,2020-09-22 12:25:00,26.32,26.32,26.28,26.28,0,0,12765
2122,2020-09-22 12:26:00,26.29,26.3,26.28,26.3,0,0,8250
2123,2020-09-22 12:27:00,26.3,26.31,26.28,26.31,0,0,8965
2124,2020-09-22 12:28:00,26.32,26.34,26.32,26.34,0,0,3941
2125,2020-09-22 12:29:00,26.34,26.36,26.34,26.35,0,0,11214
2126,2020-09-22 12:30:00,26.35,26.38,26.35,26.37,0,0,4138
2127,2020-09-22 12:31:00,26.38,26.38,26.37,26.38,0,0,4102
2128,2020-09-22 12:32:00,26.38,26.39,26.38,26.38,0,0,5465
2129,2020-09-22 12:33:00,26.38,26.38,26.36,26.37,0,0,4921
2130,2020-09-22 12:34:00,26.37,26.38,26.36,26.37,0,0,6626
2131,2020-09-22 12:35:00,26.36,26.37,26.33,26.37,0,0,16968
2132,2020-09-22 12:36:00,26.37,26.38,26.35,26.38,0,0,10382
2133,2020-09-22 12:37:00,26.38,26.39,26.37,26.38,0,0,4054
2134,2020-09-22 12:38:00,26.37,26.39,26.37,26.39,0,0,4737
2135,2020-09-22 12:39:00,26.39,26.4,26.38,26.39,0,0,11536
2136,2020-09-22 12:40:00,26.4,26.4,26.33,26.33,0,0,41549
2137,2020-09-22 12:41:00,26.34,26.34,26.32,26.34,0,0,23561
2138,2020-09-22 12:42:00,26.34,26.34,26.29,26.29,0,0,21770
2139,2020-09-22 12:43:00,26.28,26.31,26.28,26.31,0,0,14753
2140,2020-09-22 12:44:00,26.31,26.31,26.3,26.3,0,0,2566
2141,2020-09-22 12:45:00,26.31,26.31,26.26,26.28,0,0,18081
2142,2020-09-22 12:46:00,26.27,26.27,26.2,26.21,0,0,51032
2143,2020-09-22 12:47:00,26.21,26.22,26.19,26.22,0,0,22227
2144,2020-09-22 12:48:00,26.21,26.22,26.18,26.18,0,0,13252
2145,2020-09-22 12:49:00,26.19,26.19,26.17,26.19,0,0,14704
2146,2020-09-22 12:50:00,26.18,26.21,26.18,26.21,0,0,6863
2147,2020-09-22 12:51:00,26.21,26.22,26.21,26.22,0,0,17463
2148,2020-09-22 12:52:00,26.22,26.22,26.18,26.18,0,0,14522
2149,2020-09-22 12:53:00,26.19,26.21,26.18,26.2,0,0,7550
2150,2020-09-22 12:54:00,26.2,26.21,26.19,26.21,0,0,6101
2151,2020-09-22 12:55:00,26.21,26.21,26.19,26.2,0,0,15473
2152,2020-09-22 12:56:00,26.19,26.2,26.17,26.18,0,0,13869
2153,2020-09-22 12:57:00,26.18,26.2,26.18,26.2,0,0,16802
2154,2020-09-22 12:58:00,26.2,26.2,26.14,26.16,0,0,67426
2155,2020-09-22 12:59:00,26.16,26.17,26.1,26.12,0,0,73918
2156,2020-09-22 13:00:00,26.13,26.17,26.09,26.1,0,0,69102
2157,2020-09-22 13:01:00,26.09,26.12,26.07,26.09,0,0,33852
2158,2020-09-22 13:02:00,26.09,26.1,26.03,26.04,0,0,76138
2159,2020-09-22 13:03:00,26.05,26.08,25.96,26.02,0,0,158635
2160,2020-09-22 13:04:00,26.02,26.06,26.0,26.0,0,0,73962
2161,2020-09-22 13:05:00,26.01,26.07,26.0,26.05,0,0,244143
2162,2020-09-22 13:06:00,26.04,26.09,26.03,26.09,0,0,39407
2163,2020-09-22 13:07:00,26.09,26.11,26.08,26.11,0,0,12139
2164,2020-09-22 13:08:00,26.12,26.15,26.12,26.15,0,0,14934
2165,2020-09-22 13:09:00,26.14,26.16,26.14,26.16,0,0,10894
2166,2020-09-22 13:10:00,26.16,26.16,26.14,26.16,0,0,13323
2167,2020-09-22 13:11:00,26.16,26.17,26.16,26.17,0,0,20685
2168,2020-09-22 13:12:00,26.17,26.17,26.16,26.17,0,0,7451
2169,2020-09-22 13:13:00,26.17,26.21,26.17,26.19,0,0,51617
2170,2020-09-22 13:14:00,26.18,26.2,26.18,26.18,0,0,11593
2171,2020-09-22 13:15:00,26.18,26.19,26.16,26.18,0,0,16725
2172,2020-09-22 13:16:00,26.19,26.2,26.18,26.19,0,0,8388
2173,2020-09-22 13:17:00,26.19,26.21,26.18,26.2,0,0,17382
2174,2020-09-22 13:18:00,26.2,26.22,26.19,26.2,0,0,14677
2175,2020-09-22 13:19:00,26.21,26.23,26.21,26.23,0,0,10983
2176,2020-09-22 13:20:00,26.23,26.24,26.2,26.23,0,0,8445
2177,2020-09-22 13:21:00,26.23,26.24,26.22,26.22,0,0,13275
2178,2020-09-22 13:22:00,26.23,26.24,26.22,26.24,0,0,6890
2179,2020-09-22 13:23:00,26.24,26.25,26.23,26.25,0,0,10873
2180,2020-09-22 13:24:00,26.25,26.25,26.24,26.24,0,0,2839
2181,2020-09-22 13:25:00,26.25,26.27,26.24,26.25,0,0,19200
2182,2020-09-22 13:26:00,26.25,26.25,26.24,26.24,0,0,15537
2183,2020-09-22 13:27:00,26.25,26.26,26.24,26.25,0,0,4991
2184,2020-09-22 13:28:00,26.25,26.28,26.24,26.27,0,0,15046
2185,2020-09-22 13:29:00,26.27,26.29,26.26,26.29,0,0,6168
2186,2020-09-22 13:30:00,26.29,26.31,26.29,26.3,0,0,15320
2187,2020-09-22 13:31:00,26.3,26.31,26.28,26.29,0,0,7095
2188,2020-09-22 13:32:00,26.29,26.29,26.25,26.26,0,0,13852
2189,2020-09-22 13:33:00,26.25,26.27,26.25,26.25,0,0,8537
2190,2020-09-22 13:34:00,26.26,26.27,26.26,26.27,0,0,11423
2191,2020-09-22 13:35:00,26.27,26.27,26.25,26.25,0,0,7659
2192,2020-09-22 13:36:00,26.25,26.27,26.25,26.26,0,0,10442
2193,2020-09-22 13:37:00,26.26,26.28,26.26,26.28,0,0,7337
2194,2020-09-22 13:38:00,26.28,26.3,26.28,26.3,0,0,10803
2195,2020-09-22 13:39:00,26.29,26.31,26.29,26.31,0,0,15886
2196,2020-09-22 13:40:00,26.31,26.33,26.31,26.32,0,0,20011
2197,2020-09-22 13:41:00,26.32,26.35,26.32,26.35,0,0,57389
2198,2020-09-22 13:42:00,26.34,26.35,26.33,26.35,0,0,16179
2199,2020-09-22 13:43:00,26.35,26.35,26.33,26.34,0,0,10133
2200,2020-09-22 13:44:00,26.34,26.36,26.32,26.36,0,0,16356
2201,2020-09-22 13:45:00,26.36,26.37,26.33,26.34,0,0,14619
2202,2020-09-22 13:46:00,26.35,26.37,26.34,26.37,0,0,5924
2203,2020-09-22 13:47:00,26.36,26.38,26.35,26.38,0,0,8918
2204,2020-09-22 13:48:00,26.38,26.41,26.38,26.4,0,0,12779
2205,2020-09-22 13:49:00,26.41,26.41,26.39,26.41,0,0,10871
2206,2020-09-22 13:50:00,26.41,26.43,26.4,26.41,0,0,24663
2207,2020-09-22 13:51:00,26.41,26.44,26.41,26.43,0,0,58044
2208,2020-09-22 13:52:00,26.43,26.45,26.42,26.45,0,0,10327
2209,2020-09-22 13:53:00,26.46,26.47,26.44,26.45,0,0,10993
2210,2020-09-22 13:54:00,26.44,26.47,26.43,26.47,0,0,7970
2211,2020-09-22 13:55:00,26.47,26.55,26.47,26.53,0,0,55800
2212,2020-09-22 13:56:00,26.53,26.55,26.5,26.51,0,0,27175
2213,2020-09-22 13:57:00,26.5,26.54,26.5,26.52,0,0,16743
2214,2020-09-22 13:58:00,26.52,26.52,26.5,26.51,0,0,11580
2215,2020-09-22 13:59:00,26.51,26.52,26.5,26.52,0,0,16897
2216,2020-09-22 14:00:00,26.52,26.57,26.52,26.56,0,0,24746
2217,2020-09-22 14:01:00,26.56,26.57,26.55,26.55,0,0,12308
2218,2020-09-22 14:02:00,26.55,26.56,26.5,26.53,0,0,64055
2219,2020-09-22 14:03:00,26.53,26.56,26.53,26.54,0,0,5519
2220,2020-09-22 14:04:00,26.55,26.58,26.53,26.57,0,0,32171
2221,2020-09-22 14:05:00,26.57,26.58,26.52,26.52,0,0,13785
2222,2020-09-22 14:06:00,26.53,26.55,26.53,26.53,0,0,26027
2223,2020-09-22 14:07:00,26.53,26.54,26.5,26.5,0,0,6620
2224,2020-09-22 14:08:00,26.51,26.52,26.5,26.51,0,0,9338
2225,2020-09-22 14:09:00,26.51,26.52,26.5,26.5,0,0,9674
2226,2020-09-22 14:10:00,26.5,26.52,26.5,26.5,0,0,10784
2227,2020-09-22 14:11:00,26.5,26.51,26.5,26.51,0,0,7352
2228,2020-09-22 14:12:00,26.52,26.52,26.5,26.51,0,0,17642
2229,2020-09-22 14:13:00,26.52,26.53,26.5,26.52,0,0,9853
2230,2020-09-22 14:14:00,26.52,26.53,26.51,26.51,0,0,9100
2231,2020-09-22 14:15:00,26.52,26.54,26.52,26.53,0,0,16997
2232,2020-09-22 14:16:00,26.54,26.54,26.53,26.54,0,0,5384
2233,2020-09-22 14:17:00,26.54,26.54,26.51,26.52,0,0,9401
2234,2020-09-22 14:18:00,26.52,26.54,26.52,26.54,0,0,5698
2235,2020-09-22 14:19:00,26.53,26.55,26.52,26.52,0,0,14589
2236,2020-09-22 14:20:00,26.52,26.52,26.5,26.52,0,0,12664
2237,2020-09-22 14:21:00,26.52,26.53,26.5,26.5,0,0,17840
2238,2020-09-22 14:22:00,26.5,26.51,26.45,26.45,0,0,50702
2239,2020-09-22 14:23:00,26.45,26.48,26.43,26.43,0,0,33678
2240,2020-09-22 14:24:00,26.43,26.45,26.4,26.4,0,0,32059
2241,2020-09-22 14:25:00,26.4,26.45,26.4,26.43,0,0,23221
2242,2020-09-22 14:26:00,26.44,26.44,26.39,26.41,0,0,45607
2243,2020-09-22 14:27:00,26.42,26.44,26.41,26.42,0,0,21922
2244,2020-09-22 14:28:00,26.42,26.43,26.42,26.43,0,0,13857
2245,2020-09-22 14:29:00,26.43,26.44,26.4,26.43,0,0,17852
2246,2020-09-22 14:30:00,26.44,26.48,26.44,26.48,0,0,35085
2247,2020-09-22 14:31:00,26.47,26.48,26.45,26.47,0,0,9414
2248,2020-09-22 14:32:00,26.46,26.48,26.46,26.47,0,0,17989
2249,2020-09-22 14:33:00,26.47,26.47,26.44,26.44,0,0,11108
2250,2020-09-22 14:34:00,26.44,26.46,26.44,26.44,0,0,12574
2251,2020-09-22 14:35:00,26.44,26.44,26.41,26.41,0,0,14106
2252,2020-09-22 14:36:00,26.42,26.44,26.42,26.44,0,0,20916
2253,2020-09-22 14:37:00,26.45,26.45,26.44,26.45,0,0,9442
2254,2020-09-22 14:38:00,26.46,26.47,26.45,26.46,0,0,21508
2255,2020-09-22 14:39:00,26.47,26.47,26.45,26.47,0,0,12490
2256,2020-09-22 14:40:00,26.47,26.48,26.46,26.47,0,0,23337
2257,2020-09-22 14:41:00,26.47,26.49,26.46,26.49,0,0,24143
2258,2020-09-22 14:42:00,26.48,26.48,26.46,26.47,0,0,21855
2259,2020-09-22 14:43:00,26.47,26.47,26.42,26.45,0,0,1619832
2260,2020-09-22 14:44:00,26.44,26.51,26.44,26.5,0,0,16575
2261,2020-09-22 14:45:00,26.5,26.53,26.49,26.5,0,0,36047
2262,2020-09-22 14:46:00,26.5,26.5,26.48,26.5,0,0,31395
2263,2020-09-22 14:47:00,26.5,26.51,26.49,26.49,0,0,6534
2264,2020-09-22 14:48:00,26.49,26.5,26.44,26.44,0,0,16249
2265,2020-09-22 14:49:00,26.44,26.44,26.36,26.38,0,0,41547
2266,2020-09-22 14:50:00,26.38,26.45,26.37,26.43,0,0,50258
2267,2020-09-22 14:51:00,26.44,26.44,26.41,26.42,0,0,16439
2268,2020-09-22 14:52:00,26.42,26.42,26.41,26.42,0,0,14457
2269,2020-09-22 14:53:00,26.42,26.43,26.39,26.42,0,0,20371
2270,2020-09-22 14:54:00,26.42,26.44,26.41,26.44,0,0,18942
2271,2020-09-22 14:55:00,26.44,26.46,26.43,26.46,0,0,8113
2272,2020-09-22 14:56:00,26.46,26.47,26.42,26.42,0,0,16230
2273,2020-09-22 14:57:00,26.42,26.43,26.42,26.42,0,0,13757
2274,2020-09-22 14:58:00,26.42,26.43,26.41,26.42,0,0,17948
2275,2020-09-22 14:59:00,26.41,26.43,26.39,26.43,0,0,10817
2276,2020-09-22 15:00:00,26.43,26.43,26.38,26.4,0,0,14568
2277,2020-09-22 15:01:00,26.4,26.43,26.4,26.43,0,0,12426
2278,2020-09-22 15:02:00,26.42,26.44,26.41,26.41,0,0,20577
2279,2020-09-22 15:03:00,26.4,26.41,26.39,26.39,0,0,7678
2280,2020-09-22 15:04:00,26.4,26.4,26.37,26.39,0,0,19626
2281,2020-09-22 15:05:00,26.39,26.41,26.38,26.41,0,0,14326
2282,2020-09-22 15:06:00,26.4,26.42,26.4,26.42,0,0,21139
2283,2020-09-22 15:07:00,26.42,26.43,26.41,26.43,0,0,12361
2284,2020-09-22 15:08:00,26.42,26.45,26.42,26.44,0,0,8527
2285,2020-09-22 15:09:00,26.45,26.45,26.43,26.43,0,0,6028
2286,2020-09-22 15:10:00,26.43,26.45,26.42,26.45,0,0,12918
2287,2020-09-22 15:11:00,26.44,26.45,26.43,26.43,0,0,11207
2288,2020-09-22 15:12:00,26.43,26.43,26.4,26.4,0,0,30947
2289,2020-09-22 15:13:00,26.4,26.41,26.38,26.38,0,0,24493
2290,2020-09-22 15:14:00,26.39,26.39,26.35,26.35,0,0,20777
2291,2020-09-22 15:15:00,26.35,26.36,26.3,26.3,0,0,36092
2292,2020-09-22 15:16:00,26.3,26.36,26.3,26.33,0,0,23019
2293,2020-09-22 15:17:00,26.33,26.35,26.33,26.34,0,0,48366
2294,2020-09-22 15:18:00,26.34,26.35,26.34,26.35,0,0,11945
2295,2020-09-22 15:19:00,26.35,26.38,26.33,26.37,0,0,114781
2296,2020-09-22 15:20:00,26.36,26.38,26.36,26.36,0,0,6030
2297,2020-09-22 15:21:00,26.37,26.38,26.36,26.37,0,0,13901
2298,2020-09-22 15:22:00,26.36,26.36,26.34,26.36,0,0,34932
2299,2020-09-22 15:23:00,26.37,26.39,26.36,26.39,0,0,20741
2300,2020-09-22 15:24:00,26.38,26.39,26.35,26.35,0,0,21011
2301,2020-09-22 15:25:00,26.36,26.37,26.35,26.35,0,0,39246
2302,2020-09-22 15:26:00,26.35,26.42,26.34,26.41,0,0,71588
2303,2020-09-22 15:27:00,26.41,26.42,26.39,26.39,0,0,26878
2304,2020-09-22 15:28:00,26.39,26.4,26.38,26.39,0,0,21498
2305,2020-09-22 15:29:00,26.39,26.4,26.35,26.35,0,0,11426
2306,2020-09-22 15:30:00,26.35,26.35,26.33,26.34,0,0,47038
2307,2020-09-22 15:31:00,26.34,26.35,26.3,26.31,0,0,49110
2308,2020-09-22 15:32:00,26.31,26.38,26.3,26.37,0,0,61597
2309,2020-09-22 15:33:00,26.36,26.36,26.34,26.34,0,0,44480
2310,2020-09-22 15:34:00,26.34,26.36,26.33,26.34,0,0,57690
2311,2020-09-22 15:35:00,26.34,26.35,26.34,26.34,0,0,19369
2312,2020-09-22 15:36:00,26.34,26.37,26.34,26.36,0,0,47022
2313,2020-09-22 15:37:00,26.37,26.38,26.33,26.34,0,0,35887
2314,2020-09-22 15:38:00,26.34,26.36,26.34,26.36,0,0,36817
2315,2020-09-22 15:39:00,26.35,26.36,26.34,26.34,0,0,19672
2316,2020-09-22 15:40:00,26.34,26.36,26.34,26.35,0,0,60074
2317,2020-09-22 15:41:00,26.36,26.36,26.34,26.35,0,0,25300
2318,2020-09-22 15:42:00,26.34,26.36,26.34,26.35,0,0,46808
2319,2020-09-22 15:43:00,26.35,26.36,26.34,26.35,0,0,65767
2320,2020-09-22 15:44:00,26.35,26.36,26.35,26.35,0,0,12624
2321,2020-09-22 15:45:00,26.35,26.42,26.34,26.42,0,0,84415
2322,2020-09-22 15:46:00,26.42,26.45,26.41,26.44,0,0,64704
2323,2020-09-22 15:47:00,26.45,26.46,26.43,26.45,0,0,68830
2324,2020-09-22 15:48:00,26.45,26.46,26.43,26.45,0,0,42973
2325,2020-09-22 15:49:00,26.45,26.45,26.43,26.43,0,0,44975
2326,2020-09-22 15:50:00,26.43,26.45,26.42,26.42,0,0,67782
2327,2020-09-22 15:51:00,26.43,26.43,26.39,26.4,0,0,53425
2328,2020-09-22 15:52:00,26.39,26.41,26.38,26.38,0,0,69312
2329,2020-09-22 15:53:00,26.39,26.39,26.38,26.39,0,0,106470
2330,2020-09-22 15:54:00,26.39,26.44,26.38,26.43,0,0,99594
2331,2020-09-22 15:55:00,26.43,26.44,26.41,26.41,0,0,58397
2332,2020-09-22 15:56:00,26.42,26.42,26.39,26.4,0,0,63500
2333,2020-09-22 15:57:00,26.39,26.43,26.39,26.4,0,0,97423
2334,2020-09-22 15:58:00,26.4,26.41,26.39,26.39,0,0,133686
2335,2020-09-22 15:59:00,26.39,26.41,26.39,26.41,0,0,97064
2336,2020-09-23 09:30:00,26.4,26.43,26.27,26.37,0,0,175616
2337,2020-09-23 09:31:00,26.35,26.41,26.31,26.41,0,0,33631
2338,2020-09-23 09:32:00,26.39,26.42,26.36,26.41,0,0,12922
2339,2020-09-23 09:33:00,26.43,26.45,26.32,26.37,0,0,24337
2340,2020-09-23 09:34:00,26.35,26.45,26.35,26.45,0,0,31918
2341,2020-09-23 09:35:00,26.45,26.49,26.39,26.41,0,0,36006
2342,2020-09-23 09:36:00,26.41,26.43,26.33,26.34,0,0,28201
2343,2020-09-23 09:37:00,26.33,26.38,26.31,26.31,0,0,38758
2344,2020-09-23 09:38:00,26.31,26.39,26.23,26.38,0,0,20083
2345,2020-09-23 09:39:00,26.38,26.46,26.36,26.46,0,0,13169
2346,2020-09-23 09:40:00,26.45,26.5,26.41,26.5,0,0,26906
2347,2020-09-23 09:41:00,26.48,26.56,26.48,26.56,0,0,22584
2348,2020-09-23 09:42:00,26.57,26.61,26.56,26.61,0,0,18364
2349,2020-09-23 09:43:00,26.6,26.63,26.56,26.58,0,0,28464
2350,2020-09-23 09:44:00,26.59,26.65,26.58,26.59,0,0,20511
2351,2020-09-23 09:45:00,26.59,26.59,26.53,26.56,0,0,21451
2352,2020-09-23 09:46:00,26.58,26.6,26.55,26.59,0,0,20387
2353,2020-09-23 09:47:00,26.61,26.63,26.59,26.61,0,0,24384
2354,2020-09-23 09:48:00,26.63,26.63,26.56,26.6,0,0,30942
2355,2020-09-23 09:49:00,26.59,26.61,26.57,26.61,0,0,36258
2356,2020-09-23 09:50:00,26.6,26.67,26.59,26.63,0,0,31049
2357,2020-09-23 09:51:00,26.64,26.65,26.6,26.61,0,0,14809
2358,2020-09-23 09:52:00,26.6,26.62,26.54,26.54,0,0,25738
2359,2020-09-23 09:53:00,26.55,26.55,26.46,26.47,0,0,26976
2360,2020-09-23 09:54:00,26.48,26.54,26.47,26.53,0,0,27021
2361,2020-09-23 09:55:00,26.53,26.58,26.52,26.57,0,0,15569
2362,2020-09-23 09:56:00,26.57,26.6,26.56,26.58,0,0,22972
2363,2020-09-23 09:57:00,26.58,26.62,26.58,26.61,0,0,26716
2364,2020-09-23 09:58:00,26.61,26.64,26.59,26.64,0,0,25072
2365,2020-09-23 09:59:00,26.63,26.64,26.6,26.63,0,0,26707
2366,2020-09-23 10:00:00,26.64,26.67,26.62,26.66,0,0,28022
2367,2020-09-23 10:01:00,26.68,26.72,26.66,26.71,0,0,28557
2368,2020-09-23 10:02:00,26.71,26.77,26.71,26.77,0,0,35540
2369,2020-09-23 10:03:00,26.77,26.85,26.77,26.85,0,0,51860
2370,2020-09-23 10:04:00,26.84,26.89,26.81,26.89,0,0,45220
2371,2020-09-23 10:05:00,26.88,26.89,26.8,26.81,0,0,41898
2372,2020-09-23 10:06:00,26.8,26.83,26.77,26.78,0,0,26261
2373,2020-09-23 10:07:00,26.8,26.85,26.8,26.84,0,0,23117
2374,2020-09-23 10:08:00,26.84,26.84,26.77,26.78,0,0,35907
2375,2020-09-23 10:09:00,26.77,26.78,26.75,26.76,0,0,20737
2376,2020-09-23 10:10:00,26.77,26.81,26.74,26.8,0,0,21405
2377,2020-09-23 10:11:00,26.8,26.82,26.77,26.82,0,0,16362
2378,2020-09-23 10:12:00,26.82,26.83,26.75,26.75,0,0,38002
2379,2020-09-23 10:13:00,26.74,26.75,26.7,26.71,0,0,28526
2380,2020-09-23 10:14:00,26.72,26.83,26.66,26.81,0,0,64818
2381,2020-09-23 10:15:00,26.81,26.82,26.7,26.74,0,0,38241
2382,2020-09-23 10:16:00,26.74,26.75,26.67,26.68,0,0,55570
2383,2020-09-23 10:17:00,26.67,26.73,26.67,26.72,0,0,36480
2384,2020-09-23 10:18:00,26.72,26.74,26.66,26.69,0,0,19617
2385,2020-09-23 10:19:00,26.69,26.69,26.63,26.65,0,0,24776
2386,2020-09-23 10:20:00,26.65,26.68,26.62,26.64,0,0,55352
2387,2020-09-23 10:21:00,26.65,26.65,26.58,26.61,0,0,36262
2388,2020-09-23 10:22:00,26.6,26.66,26.6,26.65,0,0,53940
2389,2020-09-23 10:23:00,26.64,26.69,26.62,26.68,0,0,15143
2390,2020-09-23 10:24:00,26.67,26.68,26.65,26.67,0,0,17459
2391,2020-09-23 10:25:00,26.67,26.7,26.65,26.7,0,0,22032
2392,2020-09-23 10:26:00,26.72,26.77,26.72,26.77,0,0,20958
2393,2020-09-23 10:27:00,26.77,26.81,26.76,26.78,0,0,17421
2394,2020-09-23 10:28:00,26.77,26.85,26.77,26.85,0,0,25479
2395,2020-09-23 10:29:00,26.86,26.92,26.86,26.89,0,0,45489
2396,2020-09-23 10:30:00,26.89,26.9,26.86,26.87,0,0,24031
2397,2020-09-23 10:31:00,26.87,26.89,26.85,26.87,0,0,21137
2398,2020-09-23 10:32:00,26.87,26.92,26.87,26.92,0,0,20873
2399,2020-09-23 10:33:00,26.92,26.95,26.92,26.94,0,0,21347
2400,2020-09-23 10:34:00,26.94,26.96,26.92,26.94,0,0,26895
2401,2020-09-23 10:35:00,26.93,26.94,26.91,26.91,0,0,52823
2402,2020-09-23 10:36:00,26.91,26.96,26.91,26.94,0,0,39669
2403,2020-09-23 10:37:00,26.94,26.98,26.94,26.97,0,0,19849
2404,2020-09-23 10:38:00,26.98,26.99,26.95,26.98,0,0,15775
2405,2020-09-23 10:39:00,26.98,27.07,26.98,27.06,0,0,101831
2406,2020-09-23 10:40:00,27.06,27.13,27.06,27.13,0,0,126776
2407,2020-09-23 10:41:00,27.12,27.17,27.12,27.15,0,0,59200
2408,2020-09-23 10:42:00,27.14,27.16,27.11,27.15,0,0,30201
2409,2020-09-23 10:43:00,27.15,27.17,27.13,27.17,0,0,23661
2410,2020-09-23 10:44:00,27.17,27.18,27.12,27.14,0,0,24509
2411,2020-09-23 10:45:00,27.13,27.21,27.13,27.19,0,0,55562
2412,2020-09-23 10:46:00,27.19,27.2,27.16,27.2,0,0,20826
2413,2020-09-23 10:47:00,27.2,27.2,27.15,27.15,0,0,20571
2414,2020-09-23 10:48:00,27.15,27.18,27.15,27.17,0,0,16418
2415,2020-09-23 10:49:00,27.17,27.18,27.1,27.12,0,0,40331
2416,2020-09-23 10:50:00,27.11,27.12,27.08,27.12,0,0,59697
2417,2020-09-23 10:51:00,27.11,27.11,27.07,27.08,0,0,24439
2418,2020-09-23 10:52:00,27.08,27.1,27.04,27.04,0,0,16370
2419,2020-09-23 10:53:00,27.05,27.09,27.05,27.08,0,0,18165
2420,2020-09-23 10:54:00,27.09,27.16,27.09,27.16,0,0,20522
2421,2020-09-23 10:55:00,27.17,27.17,27.12,27.13,0,0,24886
2422,2020-09-23 10:56:00,27.12,27.16,27.12,27.15,0,0,32369
2423,2020-09-23 10:57:00,27.14,27.15,27.11,27.15,0,0,53101
2424,2020-09-23 10:58:00,27.14,27.14,27.05,27.07,0,0,46539
2425,2020-09-23 10:59:00,27.08,27.13,27.08,27.12,0,0,14488
2426,2020-09-23 11:00:00,27.13,27.15,27.12,27.13,0,0,24592
2427,2020-09-23 11:01:00,27.13,27.16,27.12,27.15,0,0,25342
2428,2020-09-23 11:02:00,27.16,27.21,27.15,27.2,0,0,26061
2429,2020-09-23 11:03:00,27.2,27.2,27.17,27.18,0,0,9936
2430,2020-09-23 11:04:00,27.18,27.19,27.14,27.16,0,0,11349
2431,2020-09-23 11:05:00,27.16,27.16,27.14,27.15,0,0,37678
2432,2020-09-23 11:06:00,27.15,27.17,27.12,27.12,0,0,24622
2433,2020-09-23 11:07:00,27.12,27.15,27.1,27.13,0,0,7219
2434,2020-09-23 11:08:00,27.14,27.2,27.14,27.19,0,0,16795
2435,2020-09-23 11:09:00,27.19,27.19,27.16,27.18,0,0,19466
2436,2020-09-23 11:10:00,27.19,27.21,27.18,27.19,0,0,25293
2437,2020-09-23 11:11:00,27.19,27.2,27.18,27.2,0,0,24687
2438,2020-09-23 11:12:00,27.2,27.26,27.2,27.25,0,0,70522
2439,2020-09-23 11:14:00,27.23,27.23,27.21,27.22,0,0,47263
2440,2020-09-23 11:15:00,27.23,27.26,27.23,27.25,0,0,32191
2441,2020-09-23 11:16:00,27.25,27.3,27.25,27.3,0,0,55592
2442,2020-09-23 11:17:00,27.3,27.3,27.27,27.28,0,0,23592
2443,2020-09-23 11:18:00,27.29,27.3,27.23,27.25,0,0,28900
2444,2020-09-23 11:19:00,27.24,27.27,27.24,27.25,0,0,14935
2445,2020-09-23 11:20:00,27.26,27.28,27.25,27.27,0,0,26949
2446,2020-09-23 11:21:00,27.27,27.27,27.16,27.19,0,0,40346
2447,2020-09-23 11:22:00,27.2,27.22,27.16,27.16,0,0,16763
2448,2020-09-23 11:23:00,27.16,27.16,27.11,27.12,0,0,31317
2449,2020-09-23 11:24:00,27.12,27.14,27.11,27.12,0,0,27105
2450,2020-09-23 11:25:00,27.13,27.18,27.12,27.18,0,0,31210
2451,2020-09-23 11:26:00,27.18,27.19,27.12,27.13,0,0,55356
2452,2020-09-23 11:27:00,27.12,27.14,27.1,27.12,0,0,35459
2453,2020-09-23 11:28:00,27.13,27.13,27.07,27.08,0,0,37838
2454,2020-09-23 11:29:00,27.07,27.07,27.0,27.02,0,0,67519
2455,2020-09-23 11:30:00,27.01,27.04,27.0,27.02,0,0,65218
2456,2020-09-23 11:31:00,27.02,27.02,26.96,26.97,0,0,27458
2457,2020-09-23 11:32:00,26.96,26.97,26.93,26.94,0,0,24969
2458,2020-09-23 11:33:00,26.94,26.94,26.91,26.91,0,0,34197
2459,2020-09-23 11:34:00,26.91,26.91,26.83,26.85,0,0,47864
2460,2020-09-23 11:35:00,26.84,26.84,26.81,26.81,0,0,27694
2461,2020-09-23 11:36:00,26.82,26.83,26.77,26.77,0,0,34835
2462,2020-09-23 11:37:00,26.77,26.84,26.77,26.83,0,0,37479
2463,2020-09-23 11:38:00,26.82,26.82,26.76,26.78,0,0,38788
2464,2020-09-23 11:39:00,26.78,26.78,26.75,26.77,0,0,18752
2465,2020-09-23 11:40:00,26.76,26.77,26.75,26.75,0,0,11009
2466,2020-09-23 11:41:00,26.75,26.76,26.74,26.75,0,0,13681
2467,2020-09-23 11:42:00,26.75,26.75,26.74,26.75,0,0,9006
2468,2020-09-23 11:43:00,26.76,26.76,26.72,26.75,0,0,16624
2469,2020-09-23 11:44:00,26.75,26.78,26.74,26.76,0,0,95119
2470,2020-09-23 11:45:00,26.76,26.77,26.75,26.77,0,0,18340
2471,2020-09-23 11:46:00,26.77,26.78,26.75,26.75,0,0,16957
2472,2020-09-23 11:47:00,26.76,26.76,26.74,26.76,0,0,13493
2473,2020-09-23 11:48:00,26.76,26.78,26.75,26.77,0,0,9286
2474,2020-09-23 11:49:00,26.77,26.78,26.75,26.76,0,0,10200
2475,2020-09-23 11:50:00,26.75,26.76,26.74,26.74,0,0,30773
2476,2020-09-23 11:51:00,26.73,26.75,26.73,26.75,0,0,25370
2477,2020-09-23 11:52:00,26.75,26.75,26.72,26.73,0,0,9685
2478,2020-09-23 11:53:00,26.73,26.75,26.71,26.71,0,0,15677
2479,2020-09-23 11:54:00,26.71,26.75,26.71,26.74,0,0,9453
2480,2020-09-23 11:55:00,26.74,26.75,26.72,26.73,0,0,11189
2481,2020-09-23 11:56:00,26.73,26.73,26.69,26.69,0,0,17039
2482,2020-09-23 11:57:00,26.7,26.73,26.69,26.72,0,0,18592
2483,2020-09-23 11:58:00,26.71,26.73,26.67,26.68,0,0,17983
2484,2020-09-23 11:59:00,26.68,26.68,26.63,26.67,0,0,21709
2485,2020-09-23 12:00:00,26.66,26.7,26.65,26.7,0,0,22612
2486,2020-09-23 12:01:00,26.69,26.72,26.68,26.72,0,0,21929
2487,2020-09-23 12:02:00,26.72,26.74,26.7,26.71,0,0,29754
2488,2020-09-23 12:03:00,26.7,26.71,26.69,26.7,0,0,16033
2489,2020-09-23 12:04:00,26.69,26.69,26.64,26.65,0,0,28573
2490,2020-09-23 12:05:00,26.65,26.65,26.62,26.62,0,0,15754
2491,2020-09-23 12:06:00,26.62,26.67,26.62,26.66,0,0,37156
2492,2020-09-23 12:07:00,26.67,26.7,26.67,26.7,0,0,20105
2493,2020-09-23 12:08:00,26.7,26.72,26.69,26.72,0,0,10835
2494,2020-09-23 12:09:00,26.72,26.73,26.7,26.7,0,0,13691
2495,2020-09-23 12:10:00,26.71,26.74,26.7,26.74,0,0,26695
2496,2020-09-23 12:11:00,26.74,26.74,26.72,26.72,0,0,8565
2497,2020-09-23 12:12:00,26.72,26.72,26.71,26.72,0,0,5761
2498,2020-09-23 12:13:00,26.72,26.77,26.71,26.75,0,0,27465
2499,2020-09-23 12:14:00,26.75,26.77,26.74,26.77,0,0,9233
2500,2020-09-23 12:15:00,26.77,26.78,26.76,26.77,0,0,16375
2501,2020-09-23 12:16:00,26.76,26.76,26.75,26.75,0,0,8341
2502,2020-09-23 12:17:00,26.75,26.77,26.75,26.75,0,0,13892
2503,2020-09-23 12:18:00,26.76,26.76,26.73,26.73,0,0,8928
2504,2020-09-23 12:19:00,26.74,26.75,26.71,26.71,0,0,8160
2505,2020-09-23 12:20:00,26.72,26.74,26.72,26.73,0,0,4844
2506,2020-09-23 12:21:00,26.72,26.73,26.71,26.73,0,0,26453
2507,2020-09-23 12:22:00,26.74,26.75,26.73,26.74,0,0,9395
2508,2020-09-23 12:23:00,26.74,26.75,26.73,26.75,0,0,13939
2509,2020-09-23 12:24:00,26.75,26.77,26.75,26.76,0,0,5755
2510,2020-09-23 12:25:00,26.77,26.8,26.77,26.79,0,0,5973
2511,2020-09-23 12:26:00,26.78,26.8,26.78,26.8,0,0,9328
2512,2020-09-23 12:27:00,26.81,26.85,26.8,26.85,0,0,31627
2513,2020-09-23 12:28:00,26.85,26.85,26.83,26.83,0,0,10261
2514,2020-09-23 12:29:00,26.84,26.84,26.82,26.84,0,0,41085
2515,2020-09-23 12:30:00,26.83,26.86,26.83,26.86,0,0,17429
2516,2020-09-23 12:31:00,26.86,26.86,26.83,26.84,0,0,29554
2517,2020-09-23 12:32:00,26.84,26.86,26.83,26.85,0,0,8968
2518,2020-09-23 12:33:00,26.86,26.89,26.86,26.88,0,0,37324
2519,2020-09-23 12:34:00,26.88,26.91,26.87,26.89,0,0,27351
2520,2020-09-23 12:35:00,26.89,26.89,26.84,26.85,0,0,13653
2521,2020-09-23 12:36:00,26.86,26.89,26.85,26.87,0,0,5833
2522,2020-09-23 12:37:00,26.87,26.89,26.87,26.89,0,0,10077
2523,2020-09-23 12:38:00,26.88,26.92,26.86,26.92,0,0,25776
2524,2020-09-23 12:39:00,26.92,26.95,26.91,26.95,0,0,21665
2525,2020-09-23 12:40:00,26.94,26.94,26.92,26.93,0,0,13363
2526,2020-09-23 12:41:00,26.94,26.94,26.92,26.93,0,0,10550
2527,2020-09-23 12:42:00,26.92,26.96,26.92,26.94,0,0,12011
2528,2020-09-23 12:43:00,26.95,26.97,26.95,26.97,0,0,7881
2529,2020-09-23 12:44:00,26.96,26.98,26.95,26.96,0,0,15072
2530,2020-09-23 12:45:00,26.96,26.97,26.93,26.93,0,0,18712
2531,2020-09-23 12:46:00,26.94,26.96,26.94,26.94,0,0,11959
2532,2020-09-23 12:47:00,26.93,26.95,26.93,26.94,0,0,8796
2533,2020-09-23 12:48:00,26.95,26.97,26.94,26.94,0,0,17520
2534,2020-09-23 12:49:00,26.94,26.96,26.94,26.96,0,0,9755
2535,2020-09-23 12:50:00,26.95,26.97,26.95,26.95,0,0,14705
2536,2020-09-23 12:51:00,26.96,26.97,26.95,26.95,0,0,9825
2537,2020-09-23 12:52:00,26.95,26.97,26.95,26.96,0,0,5575
2538,2020-09-23 12:53:00,26.97,26.97,26.91,26.92,0,0,14907
2539,2020-09-23 12:54:00,26.92,26.93,26.91,26.92,0,0,5581
2540,2020-09-23 12:55:00,26.92,26.93,26.92,26.92,0,0,3720
2541,2020-09-23 12:56:00,26.92,26.95,26.92,26.95,0,0,14910
2542,2020-09-23 12:57:00,26.95,26.97,26.95,26.97,0,0,4990
2543,2020-09-23 12:58:00,26.97,26.98,26.97,26.97,0,0,4294
2544,2020-09-23 12:59:00,26.98,26.98,26.96,26.98,0,0,11246
2545,2020-09-23 13:00:00,26.98,26.98,26.96,26.97,0,0,9143
2546,2020-09-23 13:01:00,26.97,26.97,26.92,26.92,0,0,14767
2547,2020-09-23 13:02:00,26.93,26.93,26.92,26.93,0,0,15969
2548,2020-09-23 13:03:00,26.94,26.95,26.94,26.95,0,0,4594
2549,2020-09-23 13:04:00,26.95,26.95,26.93,26.93,0,0,6769
2550,2020-09-23 13:05:00,26.93,26.93,26.92,26.92,0,0,3301
2551,2020-09-23 13:06:00,26.93,26.98,26.92,26.98,0,0,16546
2552,2020-09-23 13:07:00,26.99,26.99,26.98,26.99,0,0,3969
2553,2020-09-23 13:08:00,26.99,26.99,26.95,26.95,0,0,17181
2554,2020-09-23 13:09:00,26.95,27.0,26.95,27.0,0,0,10565
2555,2020-09-23 13:10:00,26.99,27.01,26.99,27.0,0,0,27268
2556,2020-09-23 13:11:00,26.99,27.02,26.99,27.01,0,0,14197
2557,2020-09-23 13:12:00,27.01,27.03,27.01,27.03,0,0,9383
2558,2020-09-23 13:13:00,27.03,27.03,27.01,27.01,0,0,4862
2559,2020-09-23 13:14:00,27.01,27.01,26.99,27.01,0,0,18660
2560,2020-09-23 13:15:00,27.01,27.04,27.0,27.03,0,0,10290
2561,2020-09-23 13:16:00,27.02,27.04,27.02,27.03,0,0,14803
2562,2020-09-23 13:17:00,27.03,27.04,27.03,27.04,0,0,5057
2563,2020-09-23 13:18:00,27.04,27.08,27.03,27.07,0,0,38226
2564,2020-09-23 13:19:00,27.06,27.06,27.03,27.03,0,0,4212
2565,2020-09-23 13:20:00,27.02,27.05,27.02,27.03,0,0,7989
2566,2020-09-23 13:21:00,27.02,27.03,26.99,27.0,0,0,8156
2567,2020-09-23 13:22:00,27.0,27.0,26.99,27.0,0,0,12283
2568,2020-09-23 13:23:00,26.99,27.0,26.97,26.98,0,0,11640
2569,2020-09-23 13:24:00,26.97,26.98,26.95,26.95,0,0,14146
2570,2020-09-23 13:25:00,26.95,26.97,26.94,26.95,0,0,18896
2571,2020-09-23 13:26:00,26.95,26.95,26.95,26.95,0,0,2141
2572,2020-09-23 13:27:00,26.95,27.0,26.95,27.0,0,0,81784
2573,2020-09-23 13:28:00,27.0,27.0,26.96,26.97,0,0,19695
2574,2020-09-23 13:29:00,26.96,26.97,26.94,26.94,0,0,26807
2575,2020-09-23 13:30:00,26.94,26.95,26.92,26.93,0,0,18184
2576,2020-09-23 13:31:00,26.93,26.94,26.91,26.92,0,0,32937
2577,2020-09-23 13:32:00,26.92,26.96,26.92,26.95,0,0,49380
2578,2020-09-23 13:33:00,26.95,26.96,26.94,26.95,0,0,12184
2579,2020-09-23 13:34:00,26.95,26.96,26.95,26.96,0,0,7695
2580,2020-09-23 13:35:00,26.95,26.96,26.94,26.94,0,0,10744
2581,2020-09-23 13:36:00,26.94,26.95,26.94,26.95,0,0,79024
2582,2020-09-23 13:37:00,26.95,26.97,26.95,26.95,0,0,6373
2583,2020-09-23 13:38:00,26.95,26.96,26.95,26.95,0,0,6204
2584,2020-09-23 13:39:00,26.95,26.95,26.88,26.89,0,0,16140
2585,2020-09-23 13:40:00,26.89,26.89,26.82,26.84,0,0,46186
2586,2020-09-23 13:41:00,26.84,26.87,26.83,26.86,0,0,21879
2587,2020-09-23 13:42:00,26.85,26.88,26.84,26.85,0,0,12107
2588,2020-09-23 13:43:00,26.84,26.84,26.81,26.82,0,0,13432
2589,2020-09-23 13:44:00,26.82,26.83,26.81,26.82,0,0,16007
2590,2020-09-23 13:45:00,26.82,26.82,26.78,26.81,0,0,16182
2591,2020-09-23 13:46:00,26.81,26.85,26.79,26.85,0,0,48308
2592,2020-09-23 13:47:00,26.85,26.88,26.84,26.87,0,0,28240
2593,2020-09-23 13:48:00,26.88,26.88,26.85,26.85,0,0,15614
2594,2020-09-23 13:49:00,26.85,26.87,26.84,26.86,0,0,4045
2595,2020-09-23 13:50:00,26.86,26.92,26.86,26.92,0,0,19643
2596,2020-09-23 13:51:00,26.92,26.93,26.88,26.88,0,0,26807
2597,2020-09-23 13:52:00,26.88,26.9,26.86,26.9,0,0,11689
2598,2020-09-23 13:53:00,26.88,26.88,26.84,26.87,0,0,26640
2599,2020-09-23 13:54:00,26.88,26.88,26.84,26.85,0,0,12130
2600,2020-09-23 13:55:00,26.86,26.86,26.84,26.85,0,0,11821
2601,2020-09-23 13:56:00,26.85,26.87,26.84,26.87,0,0,11218
2602,2020-09-23 13:57:00,26.87,26.87,26.84,26.84,0,0,5918
2603,2020-09-23 13:58:00,26.84,26.85,26.82,26.83,0,0,12536
2604,2020-09-23 13:59:00,26.82,26.85,26.81,26.84,0,0,22134
2605,2020-09-23 14:00:00,26.84,26.86,26.84,26.84,0,0,23334
2606,2020-09-23 14:01:00,26.84,26.86,26.84,26.85,0,0,28022
2607,2020-09-23 14:02:00,26.85,26.86,26.82,26.82,0,0,27340
2608,2020-09-23 14:03:00,26.81,26.85,26.78,26.84,0,0,36920
2609,2020-09-23 14:04:00,26.85,26.86,26.83,26.83,0,0,28508
2610,2020-09-23 14:05:00,26.84,26.86,26.84,26.86,0,0,7385
2611,2020-09-23 14:06:00,26.86,26.87,26.84,26.84,0,0,33295
2612,2020-09-23 14:07:00,26.85,26.87,26.84,26.85,0,0,53105
2613,2020-09-23 14:08:00,26.85,26.86,26.81,26.81,0,0,12203
2614,2020-09-23 14:09:00,26.82,26.82,26.81,26.82,0,0,20851
2615,2020-09-23 14:10:00,26.81,26.81,26.74,26.75,0,0,31755
2616,2020-09-23 14:11:00,26.75,26.75,26.72,26.72,0,0,34724
2617,2020-09-23 14:12:00,26.71,26.73,26.71,26.71,0,0,24071
2618,2020-09-23 14:13:00,26.72,26.73,26.7,26.72,0,0,49425
2619,2020-09-23 14:14:00,26.71,26.72,26.69,26.72,0,0,16824
2620,2020-09-23 14:15:00,26.71,26.72,26.69,26.7,0,0,24973
2621,2020-09-23 14:16:00,26.69,26.69,26.66,26.67,0,0,20708
2622,2020-09-23 14:17:00,26.67,26.67,26.63,26.63,0,0,33689
2623,2020-09-23 14:18:00,26.64,26.66,26.64,26.65,0,0,36891
2624,2020-09-23 14:19:00,26.65,26.65,26.57,26.58,0,0,39908
2625,2020-09-23 14:20:00,26.58,26.6,26.55,26.58,0,0,43645
2626,2020-09-23 14:21:00,26.57,26.61,26.55,26.61,0,0,18593
2627,2020-09-23 14:22:00,26.6,26.6,26.55,26.56,0,0,32880
2628,2020-09-23 14:23:00,26.57,26.58,26.56,26.56,0,0,12427
2629,2020-09-23 14:24:00,26.56,26.57,26.54,26.54,0,0,33960
2630,2020-09-23 14:25:00,26.55,26.57,26.53,26.57,0,0,26270
2631,2020-09-23 14:26:00,26.56,26.62,26.55,26.61,0,0,20582
2632,2020-09-23 14:27:00,26.61,26.63,26.59,26.61,0,0,17997
2633,2020-09-23 14:28:00,26.61,26.61,26.58,26.59,0,0,24727
2634,2020-09-23 14:29:00,26.58,26.6,26.57,26.59,0,0,35428
2635,2020-09-23 14:30:00,26.59,26.6,26.58,26.59,0,0,15760
2636,2020-09-23 14:31:00,26.58,26.58,26.54,26.54,0,0,12495
2637,2020-09-23 14:32:00,26.55,26.55,26.53,26.54,0,0,30081
2638,2020-09-23 14:33:00,26.55,26.62,26.55,26.61,0,0,33769
2639,2020-09-23 14:34:00,26.6,26.61,26.59,26.59,0,0,21600
2640,2020-09-23 14:35:00,26.59,26.6,26.56,26.56,0,0,33563
2641,2020-09-23 14:36:00,26.56,26.59,26.56,26.58,0,0,10466
2642,2020-09-23 14:37:00,26.59,26.6,26.58,26.59,0,0,23758
2643,2020-09-23 14:38:00,26.6,26.6,26.59,26.6,0,0,18567
2644,2020-09-23 14:39:00,26.59,26.6,26.58,26.58,0,0,33529
2645,2020-09-23 14:40:00,26.58,26.58,26.53,26.53,0,0,17450
2646,2020-09-23 14:41:00,26.53,26.55,26.52,26.54,0,0,14905
2647,2020-09-23 14:42:00,26.54,26.54,26.51,26.51,0,0,23237
2648,2020-09-23 14:43:00,26.51,26.51,26.47,26.48,0,0,58968
2649,2020-09-23 14:44:00,26.47,26.49,26.46,26.49,0,0,22638
2650,2020-09-23 14:45:00,26.49,26.5,26.49,26.5,0,0,24953
2651,2020-09-23 14:46:00,26.49,26.5,26.45,26.46,0,0,18261
2652,2020-09-23 14:47:00,26.47,26.47,26.42,26.42,0,0,39130
2653,2020-09-23 14:48:00,26.43,26.46,26.43,26.43,0,0,17924
2654,2020-09-23 14:49:00,26.43,26.46,26.43,26.46,0,0,26079
2655,2020-09-23 14:50:00,26.45,26.47,26.43,26.47,0,0,32097
2656,2020-09-23 14:51:00,26.46,26.47,26.45,26.45,0,0,28194
2657,2020-09-23 14:52:00,26.44,26.45,26.43,26.44,0,0,26277
2658,2020-09-23 14:53:00,26.45,26.47,26.43,26.45,0,0,19902
2659,2020-09-23 14:54:00,26.45,26.46,26.44,26.44,0,0,11477
2660,2020-09-23 14:55:00,26.44,26.45,26.42,26.43,0,0,15666
2661,2020-09-23 14:56:00,26.43,26.46,26.43,26.44,0,0,10924
2662,2020-09-23 14:57:00,26.44,26.44,26.4,26.41,0,0,24078
2663,2020-09-23 14:58:00,26.41,26.43,26.41,26.42,0,0,26847
2664,2020-09-23 14:59:00,26.41,26.42,26.41,26.42,0,0,18639
2665,2020-09-23 15:00:00,26.42,26.42,26.39,26.42,0,0,24262
2666,2020-09-23 15:01:00,26.42,26.42,26.4,26.42,0,0,27942
2667,2020-09-23 15:02:00,26.41,26.41,26.34,26.36,0,0,24030
2668,2020-09-23 15:03:00,26.36,26.36,26.32,26.33,0,0,21884
2669,2020-09-23 15:04:00,26.33,26.33,26.31,26.31,0,0,41432
2670,2020-09-23 15:05:00,26.31,26.33,26.31,26.32,0,0,35321
2671,2020-09-23 15:06:00,26.32,26.32,26.27,26.27,0,0,42216
2672,2020-09-23 15:07:00,26.28,26.29,26.25,26.28,0,0,45797
2673,2020-09-23 15:08:00,26.3,26.33,26.29,26.33,0,0,26195
2674,2020-09-23 15:09:00,26.33,26.36,26.33,26.35,0,0,15426
2675,2020-09-23 15:10:00,26.35,26.42,26.35,26.41,0,0,32352
2676,2020-09-23 15:11:00,26.41,26.44,26.4,26.43,0,0,9642
2677,2020-09-23 15:12:00,26.43,26.5,26.42,26.5,0,0,40099
2678,2020-09-23 15:13:00,26.5,26.53,26.49,26.51,0,0,21586
2679,2020-09-23 15:14:00,26.51,26.53,26.49,26.5,0,0,36013
2680,2020-09-23 15:15:00,26.5,26.5,26.43,26.44,0,0,36578
2681,2020-09-23 15:16:00,26.45,26.47,26.41,26.46,0,0,20156
2682,2020-09-23 15:17:00,26.47,26.51,26.45,26.51,0,0,16338
2683,2020-09-23 15:18:00,26.5,26.52,26.5,26.5,0,0,14953
2684,2020-09-23 15:19:00,26.5,26.54,26.5,26.52,0,0,11208
2685,2020-09-23 15:20:00,26.52,26.52,26.48,26.5,0,0,24555
2686,2020-09-23 15:21:00,26.5,26.55,26.5,26.52,0,0,23937
2687,2020-09-23 15:22:00,26.51,26.53,26.5,26.52,0,0,21871
2688,2020-09-23 15:23:00,26.52,26.53,26.51,26.51,0,0,19021
2689,2020-09-23 15:24:00,26.51,26.51,26.47,26.49,0,0,26412
2690,2020-09-23 15:25:00,26.49,26.5,26.45,26.47,0,0,26463
2691,2020-09-23 15:26:00,26.47,26.51,26.45,26.45,0,0,28432
2692,2020-09-23 15:27:00,26.45,26.46,26.43,26.44,0,0,18444
2693,2020-09-23 15:28:00,26.45,26.49,26.45,26.48,0,0,24003
2694,2020-09-23 15:29:00,26.48,26.54,26.48,26.54,0,0,21622
2695,2020-09-23 15:30:00,26.53,26.57,26.52,26.56,0,0,55391
2696,2020-09-23 15:31:00,26.57,26.66,26.56,26.66,0,0,78404
2697,2020-09-23 15:32:00,26.66,26.67,26.64,26.65,0,0,63469
2698,2020-09-23 15:33:00,26.66,26.67,26.62,26.67,0,0,50692
2699,2020-09-23 15:34:00,26.66,26.72,26.64,26.72,0,0,86305
2700,2020-09-23 15:35:00,26.71,26.72,26.68,26.7,0,0,91833
2701,2020-09-23 15:36:00,26.7,26.7,26.64,26.65,0,0,43642
2702,2020-09-23 15:37:00,26.65,26.66,26.63,26.66,0,0,32199
2703,2020-09-23 15:38:00,26.66,26.67,26.64,26.65,0,0,19550
2704,2020-09-23 15:39:00,26.64,26.66,26.62,26.66,0,0,36899
2705,2020-09-23 15:40:00,26.66,26.7,26.66,26.67,0,0,36933
2706,2020-09-23 15:41:00,26.67,26.68,26.64,26.67,0,0,30747
2707,2020-09-23 15:42:00,26.67,26.69,26.67,26.68,0,0,35114
2708,2020-09-23 15:43:00,26.67,26.68,26.63,26.65,0,0,31469
2709,2020-09-23 15:44:00,26.65,26.66,26.62,26.65,0,0,34073
2710,2020-09-23 15:45:00,26.64,26.64,26.59,26.59,0,0,71700
2711,2020-09-23 15:46:00,26.59,26.59,26.51,26.52,0,0,45693
2712,2020-09-23 15:47:00,26.52,26.53,26.43,26.44,0,0,49688
2713,2020-09-23 15:48:00,26.44,26.48,26.44,26.47,0,0,48544
2714,2020-09-23 15:49:00,26.47,26.48,26.45,26.47,0,0,34794
2715,2020-09-23 15:50:00,26.48,26.48,26.42,26.48,0,0,61900
2716,2020-09-23 15:51:00,26.48,26.49,26.42,26.43,0,0,40852
2717,2020-09-23 15:52:00,26.43,26.45,26.39,26.4,0,0,29128
2718,2020-09-23 15:53:00,26.39,26.42,26.37,26.39,0,0,38627
2719,2020-09-23 15:54:00,26.4,26.44,26.37,26.4,0,0,60830
2720,2020-09-23 15:55:00,26.41,26.46,26.41,26.45,0,0,51582
2721,2020-09-23 15:56:00,26.45,26.46,26.4,26.41,0,0,31127
2722,2020-09-23 15:57:00,26.41,26.41,26.38,26.39,0,0,0
2723,2020-09-23 15:58:00,26.4,26.41,26.37,26.38,0,0,66116
2724,2020-09-23 15:59:00,26.37,26.39,26.36,26.36,0,0,154224
2725,2020-09-24 09:30:00,26.23,26.25,25.93,26.24,0,0,200152
2726,2020-09-24 09:31:00,26.23,26.28,26.16,26.24,0,0,34115
2727,2020-09-24 09:32:00,26.26,26.28,26.26,26.26,0,0,767
2728,2020-09-24 09:34:00,26.03,26.07,25.9,25.9,0,0,121558
2729,2020-09-24 09:35:00,25.91,25.94,25.78,25.81,0,0,65015
2730,2020-09-24 09:36:00,25.81,25.89,25.81,25.83,0,0,17255
2731,2020-09-24 09:38:00,25.76,25.8,25.72,25.73,0,0,52169
2732,2020-09-24 09:39:00,25.78,25.8,25.73,25.74,0,0,34113
2733,2020-09-24 09:40:00,25.72,25.74,25.65,25.73,0,0,31863
2734,2020-09-24 09:41:00,25.74,25.79,25.73,25.74,0,0,13066
2735,2020-09-24 09:42:00,25.75,25.77,25.71,25.72,0,0,19103
2736,2020-09-24 09:43:00,25.73,25.86,25.73,25.83,0,0,77923
2737,2020-09-24 09:44:00,25.83,25.83,25.75,25.76,0,0,17668
2738,2020-09-24 09:45:00,25.76,25.82,25.7,25.78,0,0,39791
2739,2020-09-24 09:46:00,25.79,25.88,25.79,25.86,0,0,23728
2740,2020-09-24 09:47:00,25.85,25.95,25.81,25.95,0,0,28393
2741,2020-09-24 09:48:00,25.95,25.98,25.9,25.93,0,0,103898
2742,2020-09-24 09:49:00,25.92,25.94,25.88,25.94,0,0,18801
2743,2020-09-24 09:50:00,25.94,26.03,25.94,25.98,0,0,40112
2744,2020-09-24 09:51:00,25.98,26.07,25.98,26.07,0,0,41731
2745,2020-09-24 09:52:00,26.07,26.09,26.0,26.08,0,0,55251
2746,2020-09-24 09:53:00,26.09,26.15,26.07,26.08,0,0,24912
2747,2020-09-24 09:54:00,26.08,26.1,26.05,26.06,0,0,46782
2748,2020-09-24 09:55:00,26.07,26.11,26.05,26.06,0,0,14325
2749,2020-09-24 09:56:00,26.06,26.09,25.96,25.96,0,0,45032
2750,2020-09-24 09:57:00,25.94,25.96,25.84,25.84,0,0,26012
2751,2020-09-24 09:58:00,25.84,25.91,25.83,25.85,0,0,183663
2752,2020-09-24 09:59:00,25.85,25.9,25.84,25.9,0,0,13402
2753,2020-09-24 10:00:00,25.9,26.07,25.9,26.07,0,0,13962
2754,2020-09-24 10:01:00,26.08,26.2,26.08,26.2,0,0,17486
2755,2020-09-24 10:02:00,26.19,26.27,26.18,26.25,0,0,38059
2756,2020-09-24 10:03:00,26.25,26.3,26.25,26.29,0,0,32945
2757,2020-09-24 10:04:00,26.28,26.32,26.26,26.3,0,0,35989
2758,2020-09-24 10:05:00,26.3,26.37,26.27,26.31,0,0,39247
2759,2020-09-24 10:06:00,26.31,26.36,26.3,26.34,0,0,28114
2760,2020-09-24 10:07:00,26.33,26.34,26.21,26.25,0,0,31259
2761,2020-09-24 10:08:00,26.26,26.33,26.26,26.26,0,0,25295
2762,2020-09-24 10:09:00,26.26,26.29,26.25,26.25,0,0,14276
2763,2020-09-24 10:10:00,26.24,26.24,26.19,26.19,0,0,18149
2764,2020-09-24 10:11:00,26.19,26.22,26.15,26.22,0,0,9929
2765,2020-09-24 10:12:00,26.22,26.25,26.22,26.22,0,0,10863
2766,2020-09-24 10:13:00,26.21,26.21,26.14,26.14,0,0,22958
2767,2020-09-24 10:14:00,26.15,26.22,26.15,26.21,0,0,19769
2768,2020-09-24 10:15:00,26.22,26.25,26.2,26.24,0,0,20418
2769,2020-09-24 10:16:00,26.24,26.24,26.2,26.22,0,0,10606
2770,2020-09-24 10:17:00,26.22,26.27,26.19,26.26,0,0,10777
2771,2020-09-24 10:18:00,26.27,26.27,26.2,26.2,0,0,12053
2772,2020-09-24 10:19:00,26.2,26.23,26.2,26.22,0,0,12815
2773,2020-09-24 10:20:00,26.21,26.21,26.1,26.12,0,0,24700
2774,2020-09-24 10:21:00,26.12,26.15,26.04,26.04,0,0,19009
2775,2020-09-24 10:22:00,26.04,26.06,26.02,26.06,0,0,14760
2776,2020-09-24 10:23:00,26.05,26.09,25.98,25.99,0,0,15366
2777,2020-09-24 10:24:00,26.0,26.01,25.98,25.98,0,0,13416
2778,2020-09-24 10:25:00,25.98,26.0,25.89,25.91,0,0,39078
2779,2020-09-24 10:26:00,25.9,25.94,25.89,25.9,0,0,20161
2780,2020-09-24 10:27:00,25.91,25.92,25.88,25.88,0,0,16183
2781,2020-09-24 10:28:00,25.87,25.92,25.85,25.86,0,0,15337
2782,2020-09-24 10:29:00,25.86,25.9,25.85,25.9,0,0,9359
2783,2020-09-24 10:30:00,25.89,25.89,25.8,25.82,0,0,30491
2784,2020-09-24 10:31:00,25.82,25.87,25.79,25.8,0,0,21977
2785,2020-09-24 10:32:00,25.8,25.84,25.79,25.84,0,0,19091
2786,2020-09-24 10:33:00,25.83,25.85,25.8,25.81,0,0,14602
2787,2020-09-24 10:34:00,25.8,25.8,25.76,25.77,0,0,24731
2788,2020-09-24 10:35:00,25.79,25.81,25.74,25.77,0,0,19809
2789,2020-09-24 10:36:00,25.77,25.81,25.77,25.78,0,0,19314
2790,2020-09-24 10:37:00,25.78,25.78,25.72,25.74,0,0,22821
2791,2020-09-24 10:38:00,25.73,25.73,25.64,25.67,0,0,25444
2792,2020-09-24 10:39:00,25.67,25.72,25.67,25.7,0,0,22185
2793,2020-09-24 10:40:00,25.71,25.82,25.71,25.81,0,0,21338
2794,2020-09-24 10:41:00,25.81,25.88,25.81,25.85,0,0,24467
2795,2020-09-24 10:42:00,25.84,25.87,25.84,25.85,0,0,24044
2796,2020-09-24 10:43:00,25.85,25.85,25.8,25.82,0,0,22551
2797,2020-09-24 10:44:00,25.81,25.82,25.77,25.78,0,0,9561
2798,2020-09-24 10:45:00,25.79,26.02,25.79,26.0,0,0,42405
2799,2020-09-24 10:46:00,26.01,26.05,25.99,26.02,0,0,24903
2800,2020-09-24 10:47:00,26.02,26.08,26.0,26.08,0,0,15890
2801,2020-09-24 10:48:00,26.08,26.09,26.03,26.04,0,0,21932
2802,2020-09-24 10:49:00,26.05,26.09,26.04,26.04,0,0,12279
2803,2020-09-24 10:50:00,26.03,26.08,26.02,26.07,0,0,18589
2804,2020-09-24 10:51:00,26.07,26.08,26.03,26.04,0,0,21197
2805,2020-09-24 10:52:00,26.03,26.09,26.02,26.09,0,0,15789
2806,2020-09-24 10:53:00,26.09,26.14,26.09,26.14,0,0,17296
2807,2020-09-24 10:54:00,26.13,26.15,26.12,26.13,0,0,14167
2808,2020-09-24 10:55:00,26.12,26.15,26.09,26.15,0,0,18254
2809,2020-09-24 10:56:00,26.13,26.16,26.12,26.15,0,0,8961
2810,2020-09-24 10:57:00,26.15,26.18,26.15,26.16,0,0,25649
2811,2020-09-24 10:58:00,26.18,26.19,26.17,26.19,0,0,45224
2812,2020-09-24 10:59:00,26.22,26.22,26.2,26.22,0,0,18840
2813,2020-09-24 11:00:00,26.22,26.22,26.14,26.18,0,0,17501
2814,2020-09-24 11:01:00,26.18,26.18,26.13,26.17,0,0,15417
2815,2020-09-24 11:02:00,26.17,26.22,26.17,26.21,0,0,10080
2816,2020-09-24 11:03:00,26.19,26.19,26.08,26.09,0,0,31888
2817,2020-09-24 11:04:00,26.1,26.11,26.06,26.08,0,0,19031
2818,2020-09-24 11:05:00,26.09,26.14,26.09,26.14,0,0,12862
2819,2020-09-24 11:06:00,26.14,26.14,26.06,26.06,0,0,14829
2820,2020-09-24 11:07:00,26.06,26.07,26.0,26.01,0,0,65333
2821,2020-09-24 11:08:00,26.02,26.03,26.0,26.02,0,0,12781
2822,2020-09-24 11:09:00,26.02,26.03,25.98,26.02,0,0,26330
2823,2020-09-24 11:10:00,26.03,26.1,26.03,26.08,0,0,16223
2824,2020-09-24 11:11:00,26.09,26.14,26.07,26.14,0,0,9084
2825,2020-09-24 11:12:00,26.14,26.16,26.13,26.13,0,0,10712
2826,2020-09-24 11:13:00,26.13,26.16,26.11,26.16,0,0,12728
2827,2020-09-24 11:14:00,26.16,26.22,26.16,26.21,0,0,10580
2828,2020-09-24 11:15:00,26.22,26.22,26.17,26.18,0,0,8699
2829,2020-09-24 11:16:00,26.17,26.17,26.13,26.13,0,0,8652
2830,2020-09-24 11:17:00,26.13,26.15,26.12,26.15,0,0,10829
2831,2020-09-24 11:18:00,26.15,26.15,26.08,26.08,0,0,4069
2832,2020-09-24 11:19:00,26.07,26.15,26.07,26.13,0,0,10999
2833,2020-09-24 11:20:00,26.14,26.25,26.13,26.23,0,0,21389
2834,2020-09-24 11:21:00,26.24,26.25,26.21,26.22,0,0,5971
2835,2020-09-24 11:22:00,26.23,26.28,26.22,26.28,0,0,14531
2836,2020-09-24 11:23:00,26.28,26.3,26.26,26.28,0,0,3586
2837,2020-09-24 11:24:00,26.28,26.28,26.27,26.27,0,0,5244
2838,2020-09-24 11:25:00,26.26,26.34,26.26,26.34,0,0,9010
2839,2020-09-24 11:26:00,26.34,26.34,26.31,26.33,0,0,5768
2840,2020-09-24 11:27:00,26.33,26.35,26.32,26.34,0,0,8328
2841,2020-09-24 11:28:00,26.32,26.33,26.3,26.3,0,0,6518
2842,2020-09-24 11:29:00,26.29,26.3,26.27,26.27,0,0,7154
2843,2020-09-24 11:30:00,26.28,26.33,26.28,26.32,0,0,22555
2844,2020-09-24 11:31:00,26.3,26.3,26.27,26.3,0,0,8281
2845,2020-09-24 11:32:00,26.3,26.34,26.3,26.33,0,0,9195
2846,2020-09-24 11:33:00,26.32,26.35,26.32,26.33,0,0,6528
2847,2020-09-24 11:34:00,26.33,26.35,26.32,26.35,0,0,10196
2848,2020-09-24 11:35:00,26.33,26.35,26.32,26.34,0,0,7725
2849,2020-09-24 11:36:00,26.34,26.37,26.34,26.34,0,0,5008
2850,2020-09-24 11:37:00,26.33,26.33,26.27,26.29,0,0,33720
2851,2020-09-24 11:38:00,26.3,26.33,26.3,26.32,0,0,9838
2852,2020-09-24 11:39:00,26.3,26.3,26.28,26.3,0,0,7861
2853,2020-09-24 11:40:00,26.3,26.36,26.3,26.35,0,0,13382
2854,2020-09-24 11:41:00,26.35,26.38,26.34,26.37,0,0,10933
2855,2020-09-24 11:42:00,26.36,26.36,26.33,26.34,0,0,8902
2856,2020-09-24 11:43:00,26.33,26.33,26.29,26.29,0,0,9592
2857,2020-09-24 11:44:00,26.3,26.33,26.29,26.33,0,0,23022
2858,2020-09-24 11:45:00,26.33,26.35,26.32,26.33,0,0,18128
2859,2020-09-24 11:46:00,26.33,26.33,26.31,26.31,0,0,7098
2860,2020-09-24 11:47:00,26.31,26.33,26.26,26.27,0,0,46360
2861,2020-09-24 11:48:00,26.28,26.31,26.27,26.27,0,0,30576
2862,2020-09-24 11:49:00,26.27,26.31,26.27,26.31,0,0,5786
2863,2020-09-24 11:50:00,26.3,26.36,26.3,26.36,0,0,16815
2864,2020-09-24 11:51:00,26.37,26.38,26.36,26.36,0,0,11377
2865,2020-09-24 11:52:00,26.36,26.41,26.36,26.4,0,0,15279
2866,2020-09-24 11:53:00,26.4,26.4,26.38,26.4,0,0,20963
2867,2020-09-24 11:54:00,26.39,26.4,26.35,26.36,0,0,9221
2868,2020-09-24 11:55:00,26.36,26.42,26.36,26.42,0,0,16771
2869,2020-09-24 11:56:00,26.43,26.45,26.42,26.44,0,0,16262
2870,2020-09-24 11:57:00,26.45,26.49,26.43,26.49,0,0,34641
2871,2020-09-24 11:58:00,26.49,26.52,26.48,26.52,0,0,27753
2872,2020-09-24 11:59:00,26.52,26.57,26.51,26.57,0,0,11225
2873,2020-09-24 12:00:00,26.57,26.57,26.53,26.55,0,0,38289
2874,2020-09-24 12:01:00,26.56,26.58,26.55,26.56,0,0,9576
2875,2020-09-24 12:02:00,26.56,26.6,26.55,26.6,0,0,13475
2876,2020-09-24 12:03:00,26.59,26.62,26.56,26.58,0,0,20857
2877,2020-09-24 12:04:00,26.59,26.64,26.59,26.63,0,0,19789
2878,2020-09-24 12:05:00,26.63,26.66,26.63,26.66,0,0,18489
2879,2020-09-24 12:06:00,26.66,26.69,26.64,26.64,0,0,13319
2880,2020-09-24 12:07:00,26.65,26.72,26.65,26.71,0,0,23292
2881,2020-09-24 12:08:00,26.7,26.7,26.65,26.66,0,0,15152
2882,2020-09-24 12:09:00,26.66,26.7,26.65,26.69,0,0,16402
2883,2020-09-24 12:10:00,26.69,26.7,26.68,26.69,0,0,15282
2884,2020-09-24 12:11:00,26.69,26.7,26.68,26.69,0,0,17741
2885,2020-09-24 12:12:00,26.69,26.7,26.68,26.7,0,0,30265
2886,2020-09-24 12:13:00,26.69,26.75,26.69,26.74,0,0,50546
2887,2020-09-24 12:14:00,26.73,26.76,26.73,26.76,0,0,24839
2888,2020-09-24 12:15:00,26.77,26.8,26.76,26.78,0,0,19013
2889,2020-09-24 12:16:00,26.78,26.8,26.77,26.78,0,0,13322
2890,2020-09-24 12:17:00,26.78,26.78,26.74,26.75,0,0,38285
2891,2020-09-24 12:18:00,26.75,26.75,26.64,26.64,0,0,25779
2892,2020-09-24 12:19:00,26.64,26.68,26.63,26.68,0,0,21359
2893,2020-09-24 12:20:00,26.69,26.75,26.69,26.71,0,0,16154
2894,2020-09-24 12:21:00,26.72,26.72,26.67,26.69,0,0,7878
2895,2020-09-24 12:22:00,26.68,26.68,26.67,26.67,0,0,4031
2896,2020-09-24 12:23:00,26.67,26.67,26.64,26.65,0,0,13997
2897,2020-09-24 12:24:00,26.64,26.69,26.64,26.68,0,0,27342
2898,2020-09-24 12:25:00,26.67,26.7,26.67,26.7,0,0,8735
2899,2020-09-24 12:26:00,26.71,26.74,26.71,26.74,0,0,12297
2900,2020-09-24 12:27:00,26.74,26.75,26.73,26.73,0,0,19360
2901,2020-09-24 12:28:00,26.72,26.72,26.69,26.69,0,0,9770
2902,2020-09-24 12:29:00,26.7,26.71,26.68,26.7,0,0,21660
2903,2020-09-24 12:30:00,26.7,26.72,26.66,26.67,0,0,17778
2904,2020-09-24 12:31:00,26.67,26.68,26.65,26.66,0,0,9757
2905,2020-09-24 12:32:00,26.67,26.68,26.65,26.68,0,0,17880
2906,2020-09-24 12:33:00,26.67,26.68,26.62,26.64,0,0,31855
2907,2020-09-24 12:34:00,26.63,26.64,26.62,26.64,0,0,13388
2908,2020-09-24 12:35:00,26.63,26.68,26.63,26.67,0,0,20379
2909,2020-09-24 12:36:00,26.66,26.73,26.66,26.73,0,0,17872
2910,2020-09-24 12:37:00,26.72,26.72,26.7,26.72,0,0,12856
2911,2020-09-24 12:38:00,26.71,26.72,26.64,26.64,0,0,29088
2912,2020-09-24 12:39:00,26.63,26.66,26.63,26.64,0,0,7747
2913,2020-09-24 12:40:00,26.64,26.65,26.64,26.64,0,0,5664
2914,2020-09-24 12:41:00,26.65,26.66,26.64,26.66,0,0,18404
2915,2020-09-24 12:42:00,26.64,26.65,26.63,26.64,0,0,12713
2916,2020-09-24 12:43:00,26.64,26.67,26.64,26.67,0,0,15414
2917,2020-09-24 12:44:00,26.66,26.67,26.64,26.67,0,0,10149
2918,2020-09-24 12:45:00,26.68,26.68,26.66,26.68,0,0,10246
2919,2020-09-24 12:46:00,26.68,26.73,26.64,26.65,0,0,85172
2920,2020-09-24 12:47:00,26.64,26.69,26.63,26.68,0,0,37243
2921,2020-09-24 12:48:00,26.69,26.69,26.61,26.61,0,0,27544
2922,2020-09-24 12:49:00,26.62,26.63,26.58,26.62,0,0,26889
2923,2020-09-24 12:50:00,26.62,26.64,26.62,26.62,0,0,25140
2924,2020-09-24 12:51:00,26.62,26.68,26.62,26.67,0,0,23025
2925,2020-09-24 12:52:00,26.67,26.68,26.63,26.63,0,0,18038
2926,2020-09-24 12:53:00,26.63,26.65,26.61,26.63,0,0,33206
2927,2020-09-24 12:54:00,26.62,26.65,26.62,26.64,0,0,12753
2928,2020-09-24 12:55:00,26.64,26.69,26.64,26.68,0,0,5866
2929,2020-09-24 12:56:00,26.68,26.73,26.68,26.71,0,0,32000
2930,2020-09-24 12:57:00,26.7,26.73,26.7,26.73,0,0,12516
2931,2020-09-24 12:58:00,26.72,26.74,26.71,26.73,0,0,12859
2932,2020-09-24 12:59:00,26.73,26.75,26.72,26.75,0,0,16936
2933,2020-09-24 13:00:00,26.74,26.75,26.73,26.75,0,0,12271
2934,2020-09-24 13:01:00,26.76,26.77,26.74,26.75,0,0,25485
2935,2020-09-24 13:02:00,26.74,26.76,26.74,26.75,0,0,24266
2936,2020-09-24 13:03:00,26.75,26.76,26.74,26.75,0,0,7763
2937,2020-09-24 13:04:00,26.75,26.76,26.74,26.75,0,0,19503
2938,2020-09-24 13:05:00,26.75,26.75,26.72,26.72,0,0,22852
2939,2020-09-24 13:06:00,26.73,26.73,26.72,26.73,0,0,5156
2940,2020-09-24 13:07:00,26.73,26.74,26.7,26.72,0,0,17576
2941,2020-09-24 13:08:00,26.72,26.73,26.71,26.72,0,0,6080
2942,2020-09-24 13:09:00,26.72,26.72,26.69,26.72,0,0,10615
2943,2020-09-24 13:10:00,26.72,26.76,26.72,26.75,0,0,11342
2944,2020-09-24 13:11:00,26.76,26.79,26.75,26.78,0,0,12861
2945,2020-09-24 13:12:00,26.78,26.8,26.77,26.8,0,0,13188
2946,2020-09-24 13:13:00,26.8,26.8,26.78,26.78,0,0,8415
2947,2020-09-24 13:14:00,26.78,26.78,26.77,26.77,0,0,6271
2948,2020-09-24 13:15:00,26.77,26.81,26.77,26.81,0,0,18374
2949,2020-09-24 13:16:00,26.81,26.83,26.81,26.81,0,0,26556
2950,2020-09-24 13:17:00,26.81,26.82,26.8,26.81,0,0,13783
2951,2020-09-24 13:18:00,26.81,26.81,26.77,26.78,0,0,16985
2952,2020-09-24 13:19:00,26.78,26.78,26.75,26.75,0,0,20257
2953,2020-09-24 13:20:00,26.75,26.78,26.75,26.77,0,0,10795
2954,2020-09-24 13:21:00,26.77,26.8,26.76,26.8,0,0,10918
2955,2020-09-24 13:22:00,26.8,26.8,26.76,26.77,0,0,8779
2956,2020-09-24 13:23:00,26.77,26.81,26.76,26.81,0,0,11024
2957,2020-09-24 13:24:00,26.81,26.83,26.81,26.82,0,0,15833
2958,2020-09-24 13:25:00,26.81,26.84,26.81,26.83,0,0,22832
2959,2020-09-24 13:26:00,26.83,26.85,26.83,26.85,0,0,22731
2960,2020-09-24 13:27:00,26.86,26.89,26.85,26.85,0,0,24218
2961,2020-09-24 13:28:00,26.85,26.85,26.84,26.84,0,0,9055
2962,2020-09-24 13:29:00,26.85,26.9,26.84,26.9,0,0,10235
2963,2020-09-24 13:30:00,26.9,26.93,26.89,26.93,0,0,33394
2964,2020-09-24 13:31:00,26.94,26.95,26.92,26.94,0,0,32077
2965,2020-09-24 13:32:00,26.94,26.96,26.93,26.94,0,0,22809
2966,2020-09-24 13:33:00,26.94,26.97,26.92,26.97,0,0,20439
2967,2020-09-24 13:34:00,26.96,26.97,26.94,26.94,0,0,24560
2968,2020-09-24 13:35:00,26.95,26.95,26.91,26.92,0,0,11095
2969,2020-09-24 13:36:00,26.92,26.92,26.88,26.89,0,0,17914
2970,2020-09-24 13:37:00,26.9,26.9,26.86,26.88,0,0,7773
2971,2020-09-24 13:38:00,26.88,26.91,26.87,26.91,0,0,10286
2972,2020-09-24 13:39:00,26.91,26.92,26.9,26.91,0,0,13122
2973,2020-09-24 13:40:00,26.91,26.92,26.9,26.91,0,0,11180
2974,2020-09-24 13:41:00,26.91,26.91,26.88,26.88,0,0,11291
2975,2020-09-24 13:42:00,26.88,26.92,26.87,26.9,0,0,12054
2976,2020-09-24 13:43:00,26.9,26.9,26.82,26.83,0,0,51843
2977,2020-09-24 13:44:00,26.83,26.84,26.82,26.83,0,0,17412
2978,2020-09-24 13:45:00,26.83,26.85,26.8,26.85,0,0,16751
2979,2020-09-24 13:46:00,26.85,26.85,26.83,26.84,0,0,9239
2980,2020-09-24 13:47:00,26.84,26.85,26.82,26.83,0,0,7656
2981,2020-09-24 13:48:00,26.84,26.84,26.83,26.83,0,0,5912
2982,2020-09-24 13:49:00,26.83,26.83,26.81,26.81,0,0,7611
2983,2020-09-24 13:50:00,26.81,26.82,26.76,26.77,0,0,20355
2984,2020-09-24 13:51:00,26.77,26.78,26.73,26.75,0,0,23512
2985,2020-09-24 13:52:00,26.75,26.79,26.75,26.79,0,0,6560
2986,2020-09-24 13:53:00,26.79,26.79,26.76,26.77,0,0,9713
2987,2020-09-24 13:54:00,26.77,26.77,26.74,26.75,0,0,14302
2988,2020-09-24 13:55:00,26.75,26.75,26.71,26.72,0,0,7354
2989,2020-09-24 13:56:00,26.71,26.72,26.7,26.72,0,0,14087
2990,2020-09-24 13:57:00,26.73,26.75,26.72,26.75,0,0,8091
2991,2020-09-24 13:58:00,26.75,26.76,26.74,26.76,0,0,65079
2992,2020-09-24 13:59:00,26.76,26.76,26.75,26.76,0,0,15995
2993,2020-09-24 14:00:00,26.75,26.76,26.74,26.74,0,0,16182
2994,2020-09-24 14:01:00,26.74,26.74,26.71,26.72,0,0,14048
2995,2020-09-24 14:02:00,26.72,26.75,26.72,26.75,0,0,25743
2996,2020-09-24 14:03:00,26.75,26.75,26.72,26.73,0,0,20351
2997,2020-09-24 14:04:00,26.73,26.76,26.73,26.76,0,0,11967
2998,2020-09-24 14:05:00,26.76,26.77,26.75,26.76,0,0,10896
2999,2020-09-24 14:06:00,26.75,26.76,26.73,26.73,0,0,24052
3000,2020-09-24 14:07:00,26.73,26.74,26.73,26.73,0,0,5463
3001,2020-09-24 14:08:00,26.74,26.77,26.73,26.76,0,0,7391
3002,2020-09-24 14:09:00,26.76,26.77,26.76,26.77,0,0,3676
3003,2020-09-24 14:10:00,26.77,26.78,26.76,26.78,0,0,13042
3004,2020-09-24 14:11:00,26.78,26.8,26.78,26.78,0,0,25676
3005,2020-09-24 14:12:00,26.78,26.8,26.78,26.8,0,0,12964
3006,2020-09-24 14:13:00,26.79,26.8,26.78,26.78,0,0,8931
3007,2020-09-24 14:14:00,26.77,26.78,26.73,26.73,0,0,16905
3008,2020-09-24 14:15:00,26.73,26.75,26.72,26.75,0,0,17617
3009,2020-09-24 14:16:00,26.76,26.78,26.75,26.78,0,0,5301
3010,2020-09-24 14:17:00,26.77,26.78,26.74,26.75,0,0,16293
3011,2020-09-24 14:18:00,26.75,26.75,26.67,26.67,0,0,14316
3012,2020-09-24 14:19:00,26.67,26.67,26.63,26.64,0,0,27056
3013,2020-09-24 14:20:00,26.64,26.66,26.61,26.62,0,0,31194
3014,2020-09-24 14:21:00,26.63,26.66,26.62,26.62,0,0,15346
3015,2020-09-24 14:22:00,26.62,26.65,26.62,26.65,0,0,8611
3016,2020-09-24 14:23:00,26.64,26.67,26.64,26.66,0,0,13817
3017,2020-09-24 14:24:00,26.66,26.67,26.65,26.66,0,0,6460
3018,2020-09-24 14:25:00,26.66,26.68,26.65,26.68,0,0,34908
3019,2020-09-24 14:26:00,26.68,26.71,26.67,26.7,0,0,18678
3020,2020-09-24 14:27:00,26.7,26.7,26.67,26.68,0,0,6111
3021,2020-09-24 14:28:00,26.67,26.69,26.67,26.69,0,0,5121
3022,2020-09-24 14:29:00,26.68,26.69,26.67,26.67,0,0,15260
3023,2020-09-24 14:30:00,26.67,26.69,26.67,26.69,0,0,15591
3024,2020-09-24 14:31:00,26.7,26.74,26.7,26.73,0,0,15391
3025,2020-09-24 14:32:00,26.74,26.77,26.72,26.76,0,0,13973
3026,2020-09-24 14:33:00,26.76,26.77,26.75,26.77,0,0,8543
3027,2020-09-24 14:34:00,26.77,26.8,26.77,26.79,0,0,12868
3028,2020-09-24 14:35:00,26.79,26.8,26.78,26.79,0,0,15986
3029,2020-09-24 14:36:00,26.8,26.8,26.78,26.8,0,0,13564
3030,2020-09-24 14:37:00,26.8,26.84,26.8,26.84,0,0,10419
3031,2020-09-24 14:38:00,26.83,26.84,26.83,26.83,0,0,9943
3032,2020-09-24 14:39:00,26.84,26.86,26.84,26.86,0,0,9765
3033,2020-09-24 14:40:00,26.86,26.89,26.86,26.89,0,0,15789
3034,2020-09-24 14:41:00,26.88,26.89,26.87,26.89,0,0,10123
3035,2020-09-24 14:42:00,26.88,26.9,26.88,26.89,0,0,12185
3036,2020-09-24 14:43:00,26.89,26.9,26.88,26.9,0,0,16729
3037,2020-09-24 14:44:00,26.89,26.89,26.88,26.89,0,0,10038
3038,2020-09-24 14:45:00,26.89,26.89,26.85,26.86,0,0,29405
3039,2020-09-24 14:46:00,26.86,26.92,26.86,26.88,0,0,21431
3040,2020-09-24 14:47:00,26.88,26.88,26.85,26.85,0,0,19975
3041,2020-09-24 14:48:00,26.84,26.84,26.72,26.72,0,0,83957
3042,2020-09-24 14:49:00,26.71,26.71,26.66,26.67,0,0,14061
3043,2020-09-24 14:50:00,26.67,26.7,26.65,26.7,0,0,23391
3044,2020-09-24 14:51:00,26.71,26.71,26.65,26.65,0,0,22012
3045,2020-09-24 14:52:00,26.65,26.66,26.62,26.63,0,0,21818
3046,2020-09-24 14:53:00,26.64,26.64,26.59,26.59,0,0,15537
3047,2020-09-24 14:54:00,26.59,26.65,26.59,26.65,0,0,28783
3048,2020-09-24 14:55:00,26.65,26.66,26.64,26.65,0,0,17069
3049,2020-09-24 14:56:00,26.66,26.7,26.65,26.65,0,0,25274
3050,2020-09-24 14:57:00,26.65,26.67,26.64,26.67,0,0,9459
3051,2020-09-24 14:58:00,26.67,26.67,26.64,26.65,0,0,38065
3052,2020-09-24 14:59:00,26.65,26.69,26.65,26.65,0,0,20718
3053,2020-09-24 15:00:00,26.66,26.68,26.65,26.67,0,0,27693
3054,2020-09-24 15:01:00,26.67,26.67,26.64,26.66,0,0,23616
3055,2020-09-24 15:02:00,26.66,26.68,26.66,26.67,0,0,7435
3056,2020-09-24 15:03:00,26.67,26.67,26.65,26.67,0,0,15160
3057,2020-09-24 15:04:00,26.66,26.67,26.63,26.64,0,0,30470
3058,2020-09-24 15:05:00,26.63,26.65,26.63,26.65,0,0,11936
3059,2020-09-24 15:06:00,26.64,26.66,26.64,26.65,0,0,46670
3060,2020-09-24 15:07:00,26.66,26.67,26.62,26.64,0,0,10302
3061,2020-09-24 15:08:00,26.63,26.63,26.6,26.61,0,0,13012
3062,2020-09-24 15:09:00,26.62,26.64,26.61,26.62,0,0,10551
3063,2020-09-24 15:10:00,26.62,26.62,26.6,26.61,0,0,11267
3064,2020-09-24 15:11:00,26.6,26.61,26.6,26.6,0,0,12631
3065,2020-09-24 15:12:00,26.6,26.66,26.6,26.66,0,0,13787
3066,2020-09-24 15:13:00,26.65,26.66,26.63,26.64,0,0,17630
3067,2020-09-24 15:14:00,26.64,26.69,26.63,26.68,0,0,15124
3068,2020-09-24 15:15:00,26.67,26.67,26.65,26.66,0,0,19473
3069,2020-09-24 15:16:00,26.65,26.7,26.65,26.69,0,0,13541
3070,2020-09-24 15:17:00,26.69,26.69,26.65,26.67,0,0,15757
3071,2020-09-24 15:18:00,26.67,26.68,26.66,26.66,0,0,8729
3072,2020-09-24 15:19:00,26.65,26.66,26.61,26.61,0,0,20838
3073,2020-09-24 15:20:00,26.62,26.63,26.51,26.52,0,0,24381
3074,2020-09-24 15:21:00,26.53,26.53,26.51,26.52,0,0,11482
3075,2020-09-24 15:22:00,26.53,26.53,26.5,26.51,0,0,9463
3076,2020-09-24 15:23:00,26.5,26.52,26.49,26.5,0,0,11750
3077,2020-09-24 15:24:00,26.5,26.5,26.49,26.5,0,0,9048
3078,2020-09-24 15:25:00,26.5,26.53,26.47,26.48,0,0,33532
3079,2020-09-24 15:26:00,26.49,26.5,26.47,26.49,0,0,9075
3080,2020-09-24 15:27:00,26.5,26.51,26.49,26.49,0,0,8148
3081,2020-09-24 15:28:00,26.49,26.53,26.48,26.51,0,0,20105
3082,2020-09-24 15:29:00,26.51,26.52,26.5,26.5,0,0,10988
3083,2020-09-24 15:30:00,26.5,26.52,26.49,26.5,0,0,15311
3084,2020-09-24 15:31:00,26.5,26.5,26.45,26.45,0,0,11228
3085,2020-09-24 15:32:00,26.46,26.48,26.43,26.45,0,0,21230
3086,2020-09-24 15:33:00,26.45,26.5,26.45,26.47,0,0,21990
3087,2020-09-24 15:34:00,26.47,26.5,26.45,26.46,0,0,26990
3088,2020-09-24 15:35:00,26.47,26.47,26.41,26.41,0,0,21315
3089,2020-09-24 15:36:00,26.41,26.42,26.39,26.41,0,0,24105
3090,2020-09-24 15:37:00,26.41,26.46,26.41,26.45,0,0,17853
3091,2020-09-24 15:38:00,26.45,26.51,26.44,26.51,0,0,18333
3092,2020-09-24 15:39:00,26.51,26.6,26.51,26.6,0,0,25890
3093,2020-09-24 15:40:00,26.59,26.61,26.57,26.61,0,0,31340
3094,2020-09-24 15:41:00,26.61,26.61,26.59,26.59,0,0,10930
3095,2020-09-24 15:42:00,26.59,26.61,26.59,26.59,0,0,16635
3096,2020-09-24 15:43:00,26.59,26.6,26.57,26.58,0,0,32486
3097,2020-09-24 15:44:00,26.59,26.59,26.57,26.58,0,0,18395
3098,2020-09-24 15:45:00,26.58,26.65,26.58,26.63,0,0,28576
3099,2020-09-24 15:46:00,26.64,26.64,26.62,26.63,0,0,29202
3100,2020-09-24 15:47:00,26.64,26.68,26.64,26.67,0,0,29286
3101,2020-09-24 15:48:00,26.67,26.67,26.63,26.63,0,0,37154
3102,2020-09-24 15:49:00,26.63,26.63,26.53,26.53,0,0,47678
3103,2020-09-24 15:50:00,26.53,26.57,26.51,26.56,0,0,59706
3104,2020-09-24 15:51:00,26.56,26.59,26.54,26.59,0,0,32259
3105,2020-09-24 15:52:00,26.58,26.66,26.58,26.66,0,0,66515
3106,2020-09-24 15:53:00,26.65,26.66,26.59,26.6,0,0,34683
3107,2020-09-24 15:54:00,26.6,26.66,26.59,26.66,0,0,32332
3108,2020-09-24 15:55:00,26.66,26.68,26.59,26.59,0,0,42132
3109,2020-09-24 15:56:00,26.58,26.62,26.57,26.6,0,0,79195
3110,2020-09-24 15:57:00,26.6,26.62,26.58,26.59,0,0,51429
3111,2020-09-24 15:58:00,26.59,26.6,26.58,26.59,0,0,44208
3112,2020-09-24 15:59:00,26.59,26.6,26.57,26.58,0,0,88971
3113,2020-09-25 09:30:00,26.9,26.94,26.9,26.94,0,0,102712
3114,2020-09-25 09:31:00,26.92,27.15,26.92,27.02,0,0,81830
3115,2020-09-25 09:32:00,27.01,27.03,26.87,26.94,0,0,25438
3116,2020-09-25 09:33:00,26.93,26.99,26.88,26.96,0,0,17978
3117,2020-09-25 09:34:00,26.94,27.02,26.91,26.98,0,0,24467
3118,2020-09-25 09:35:00,26.97,27.13,26.97,27.13,0,0,45161
3119,2020-09-25 09:36:00,27.16,27.17,26.99,27.03,0,0,50751
3120,2020-09-25 09:37:00,27.05,27.09,27.02,27.03,0,0,20360
3121,2020-09-25 09:38:00,27.02,27.1,27.02,27.06,0,0,16841
3122,2020-09-25 09:39:00,27.04,27.07,26.91,27.02,0,0,22660
3123,2020-09-25 09:40:00,27.04,27.06,27.0,27.03,0,0,14439
3124,2020-09-25 09:41:00,27.05,27.05,27.01,27.01,0,0,30672
3125,2020-09-25 09:42:00,27.01,27.01,26.97,26.98,0,0,24036
3126,2020-09-25 09:43:00,26.99,26.99,26.89,26.92,0,0,12334
3127,2020-09-25 09:44:00,26.91,26.97,26.91,26.97,0,0,16763
3128,2020-09-25 09:45:00,26.97,26.99,26.95,26.96,0,0,12061
3129,2020-09-25 09:46:00,26.98,26.98,26.85,26.86,0,0,14671
3130,2020-09-25 09:47:00,26.85,26.87,26.69,26.69,0,0,39630
3131,2020-09-25 09:48:00,26.69,26.7,26.63,26.63,0,0,35818
3132,2020-09-25 09:49:00,26.64,26.75,26.64,26.72,0,0,18002
3133,2020-09-25 09:50:00,26.73,26.75,26.66,26.69,0,0,23502
3134,2020-09-25 09:51:00,26.69,26.78,26.68,26.78,0,0,27564
3135,2020-09-25 09:52:00,26.78,26.78,26.69,26.69,0,0,30323
3136,2020-09-25 09:53:00,26.69,26.72,26.66,26.67,0,0,11586
3137,2020-09-25 09:54:00,26.67,26.7,26.66,26.67,0,0,43021
3138,2020-09-25 09:55:00,26.68,26.68,26.6,26.65,0,0,50570
3139,2020-09-25 09:56:00,26.66,26.68,26.6,26.66,0,0,47854
3140,2020-09-25 09:57:00,26.65,26.78,26.63,26.77,0,0,22336
3141,2020-09-25 09:58:00,26.78,26.85,26.78,26.85,0,0,41033
3142,2020-09-25 09:59:00,26.86,26.88,26.83,26.86,0,0,38795
3143,2020-09-25 10:00:00,26.88,27.01,26.88,26.98,0,0,36507
3144,2020-09-25 10:01:00,26.99,27.01,26.97,27.01,0,0,39742
3145,2020-09-25 10:02:00,27.05,27.05,26.95,26.98,0,0,46366
3146,2020-09-25 10:03:00,26.99,26.99,26.88,26.93,0,0,15682
3147,2020-09-25 10:04:00,26.93,26.94,26.88,26.94,0,0,13499
3148,2020-09-25 10:05:00,26.93,26.98,26.93,26.95,0,0,16276
3149,2020-09-25 10:06:00,26.95,26.99,26.91,26.99,0,0,10388
3150,2020-09-25 10:07:00,26.99,27.0,26.94,26.95,0,0,14649
3151,2020-09-25 10:08:00,26.95,26.98,26.91,26.91,0,0,21262
3152,2020-09-25 10:09:00,26.92,26.99,26.91,26.99,0,0,14424
3153,2020-09-25 10:10:00,27.0,27.01,26.96,27.0,0,0,23065
3154,2020-09-25 10:11:00,27.0,27.06,27.0,27.05,0,0,16788
3155,2020-09-25 10:12:00,27.05,27.08,26.95,26.96,0,0,35770
3156,2020-09-25 10:13:00,26.96,26.98,26.92,26.93,0,0,21964
3157,2020-09-25 10:14:00,26.94,27.01,26.92,27.01,0,0,18509
3158,2020-09-25 10:15:00,27.01,27.09,27.0,27.09,0,0,18297
3159,2020-09-25 10:16:00,27.1,27.15,27.09,27.15,0,0,33140
3160,2020-09-25 10:17:00,27.15,27.15,27.1,27.1,0,0,21054
3161,2020-09-25 10:18:00,27.11,27.14,27.1,27.14,0,0,12894
3162,2020-09-25 10:19:00,27.13,27.14,27.05,27.06,0,0,19903
3163,2020-09-25 10:20:00,27.05,27.1,27.03,27.09,0,0,19665
3164,2020-09-25 10:21:00,27.08,27.11,27.07,27.08,0,0,13027
3165,2020-09-25 10:22:00,27.09,27.15,27.09,27.12,0,0,23282
3166,2020-09-25 10:23:00,27.12,27.18,27.12,27.17,0,0,40723
3167,2020-09-25 10:24:00,27.18,27.2,27.16,27.16,0,0,45315
3168,2020-09-25 10:25:00,27.16,27.19,27.16,27.18,0,0,20572
3169,2020-09-25 10:26:00,27.18,27.19,27.16,27.17,0,0,17855
3170,2020-09-25 10:27:00,27.18,27.21,27.17,27.21,0,0,28242
3171,2020-09-25 10:28:00,27.2,27.22,27.19,27.22,0,0,18053
3172,2020-09-25 10:29:00,27.21,27.22,27.17,27.17,0,0,24300
3173,2020-09-25 10:30:00,27.17,27.22,27.17,27.21,0,0,19441
3174,2020-09-25 10:31:00,27.21,27.25,27.21,27.23,0,0,33514
3175,2020-09-25 10:32:00,27.24,27.25,27.21,27.25,0,0,46919
3176,2020-09-25 10:33:00,27.25,27.29,27.25,27.29,0,0,28929
3177,2020-09-25 10:34:00,27.29,27.3,27.25,27.25,0,0,44188
3178,2020-09-25 10:35:00,27.25,27.25,27.19,27.25,0,0,16905
3179,2020-09-25 10:36:00,27.24,27.26,27.23,27.25,0,0,13212
3180,2020-09-25 10:37:00,27.25,27.25,27.18,27.19,0,0,109141
3181,2020-09-25 10:38:00,27.19,27.2,27.18,27.18,0,0,23069
3182,2020-09-25 10:39:00,27.17,27.22,27.15,27.22,0,0,34357
3183,2020-09-25 10:40:00,27.23,27.26,27.16,27.16,0,0,19456
3184,2020-09-25 10:41:00,27.15,27.15,27.08,27.08,0,0,25655
3185,2020-09-25 10:42:00,27.08,27.11,27.08,27.1,0,0,12654
3186,2020-09-25 10:43:00,27.1,27.12,27.08,27.12,0,0,9396
3187,2020-09-25 10:44:00,27.12,27.13,27.04,27.05,0,0,33425
3188,2020-09-25 10:45:00,27.05,27.1,27.05,27.09,0,0,28088
3189,2020-09-25 10:46:00,27.09,27.14,27.08,27.11,0,0,19597
3190,2020-09-25 10:47:00,27.1,27.1,27.01,27.01,0,0,14861
3191,2020-09-25 10:48:00,27.01,27.07,27.01,27.03,0,0,23167
3192,2020-09-25 10:49:00,27.02,27.04,26.98,27.03,0,0,29499
3193,2020-09-25 10:50:00,27.02,27.03,26.98,27.01,0,0,15886
3194,2020-09-25 10:51:00,27.02,27.06,27.02,27.05,0,0,28685
3195,2020-09-25 10:52:00,27.05,27.06,26.98,26.99,0,0,20452
3196,2020-09-25 10:53:00,26.98,27.03,26.98,27.03,0,0,11254
3197,2020-09-25 10:54:00,27.05,27.1,27.05,27.08,0,0,23887
3198,2020-09-25 10:55:00,27.08,27.08,27.04,27.05,0,0,11674
3199,2020-09-25 10:56:00,27.06,27.07,27.02,27.07,0,0,14617
3200,2020-09-25 10:57:00,27.06,27.07,27.03,27.04,0,0,8578
3201,2020-09-25 10:58:00,27.05,27.06,27.04,27.05,0,0,4922
3202,2020-09-25 11:00:00,27.01,27.02,27.01,27.01,0,0,94997
3203,2020-09-25 11:01:00,27.06,27.07,27.02,27.02,0,0,19175
3204,2020-09-25 11:02:00,27.03,27.04,27.0,27.0,0,0,16599
3205,2020-09-25 11:03:00,27.0,27.0,26.98,26.99,0,0,11289
3206,2020-09-25 11:04:00,26.99,27.03,26.99,27.01,0,0,20865
3207,2020-09-25 11:05:00,27.02,27.06,27.02,27.06,0,0,17807
3208,2020-09-25 11:06:00,27.06,27.13,27.06,27.12,0,0,22883
3209,2020-09-25 11:07:00,27.13,27.15,27.09,27.12,0,0,22838
3210,2020-09-25 11:08:00,27.13,27.14,27.11,27.14,0,0,9835
3211,2020-09-25 11:09:00,27.14,27.16,27.12,27.14,0,0,22655
3212,2020-09-25 11:10:00,27.13,27.16,27.11,27.15,0,0,15672
3213,2020-09-25 11:11:00,27.15,27.19,27.15,27.17,0,0,16465
3214,2020-09-25 11:12:00,27.18,27.21,27.17,27.2,0,0,18934
3215,2020-09-25 11:13:00,27.2,27.21,27.16,27.2,0,0,25559
3216,2020-09-25 11:14:00,27.21,27.24,27.21,27.24,0,0,12278
3217,2020-09-25 11:15:00,27.23,27.25,27.23,27.25,0,0,11843
3218,2020-09-25 11:16:00,27.24,27.26,27.22,27.22,0,0,13127
3219,2020-09-25 11:17:00,27.22,27.23,27.16,27.18,0,0,22394
3220,2020-09-25 11:18:00,27.19,27.24,27.19,27.2,0,0,15193
3221,2020-09-25 11:19:00,27.2,27.25,27.2,27.25,0,0,11995
3222,2020-09-25 11:20:00,27.25,27.25,27.22,27.23,0,0,11739
3223,2020-09-25 11:21:00,27.22,27.24,27.21,27.24,0,0,19334
3224,2020-09-25 11:22:00,27.24,27.26,27.24,27.25,0,0,12512
3225,2020-09-25 11:23:00,27.25,27.27,27.25,27.25,0,0,12534
3226,2020-09-25 11:24:00,27.26,27.26,27.24,27.24,0,0,17685
3227,2020-09-25 11:25:00,27.25,27.29,27.25,27.28,0,0,9917
3228,2020-09-25 11:26:00,27.28,27.3,27.27,27.28,0,0,15707
3229,2020-09-25 11:27:00,27.28,27.28,27.27,27.27,0,0,5443
3230,2020-09-25 11:28:00,27.27,27.27,27.25,27.27,0,0,20152
3231,2020-09-25 11:29:00,27.27,27.27,27.26,27.26,0,0,3589
3232,2020-09-25 11:30:00,27.26,27.26,27.22,27.22,0,0,26635
3233,2020-09-25 11:31:00,27.23,27.23,27.22,27.22,0,0,5519
3234,2020-09-25 11:32:00,27.22,27.24,27.22,27.23,0,0,8760
3235,2020-09-25 11:33:00,27.23,27.23,27.2,27.22,0,0,12482
3236,2020-09-25 11:34:00,27.22,27.27,27.22,27.27,0,0,7101
3237,2020-09-25 11:35:00,27.26,27.26,27.22,27.24,0,0,8630
3238,2020-09-25 11:36:00,27.23,27.24,27.2,27.2,0,0,4548
3239,2020-09-25 11:37:00,27.2,27.22,27.18,27.18,0,0,10990
3240,2020-09-25 11:38:00,27.19,27.19,27.14,27.14,0,0,21019
3241,2020-09-25 11:39:00,27.14,27.15,27.11,27.13,0,0,22016
3242,2020-09-25 11:40:00,27.14,27.18,27.14,27.17,0,0,8959
3243,2020-09-25 11:41:00,27.17,27.18,27.16,27.18,0,0,14534
3244,2020-09-25 11:42:00,27.18,27.18,27.14,27.14,0,0,9559
3245,2020-09-25 11:43:00,27.15,27.15,27.11,27.12,0,0,19321
3246,2020-09-25 11:44:00,27.12,27.12,27.1,27.1,0,0,9864
3247,2020-09-25 11:45:00,27.11,27.16,27.11,27.16,0,0,32166
3248,2020-09-25 11:46:00,27.16,27.18,27.13,27.15,0,0,28189
3249,2020-09-25 11:47:00,27.16,27.16,27.14,27.15,0,0,8645
3250,2020-09-25 11:48:00,27.14,27.17,27.14,27.17,0,0,6538
3251,2020-09-25 11:49:00,27.17,27.17,27.14,27.14,0,0,10376
3252,2020-09-25 11:50:00,27.15,27.18,27.14,27.18,0,0,12466
3253,2020-09-25 11:51:00,27.18,27.2,27.17,27.19,0,0,19945
3254,2020-09-25 11:52:00,27.19,27.19,27.16,27.16,0,0,5147
3255,2020-09-25 11:53:00,27.17,27.17,27.16,27.16,0,0,2048
3256,2020-09-25 11:54:00,27.16,27.17,27.15,27.17,0,0,5742
3257,2020-09-25 11:55:00,27.17,27.17,27.12,27.12,0,0,38945
3258,2020-09-25 11:56:00,27.11,27.16,27.11,27.16,0,0,13024
3259,2020-09-25 11:57:00,27.16,27.18,27.16,27.18,0,0,14562
3260,2020-09-25 11:58:00,27.17,27.17,27.16,27.17,0,0,3592
3261,2020-09-25 11:59:00,27.17,27.17,27.13,27.14,0,0,10339
3262,2020-09-25 12:00:00,27.14,27.16,27.14,27.14,0,0,5618
3263,2020-09-25 12:01:00,27.14,27.17,27.14,27.16,0,0,2672
3264,2020-09-25 12:02:00,27.15,27.17,27.14,27.17,0,0,19888
3265,2020-09-25 12:03:00,27.17,27.18,27.14,27.16,0,0,15563
3266,2020-09-25 12:04:00,27.15,27.16,27.14,27.15,0,0,8524
3267,2020-09-25 12:05:00,27.15,27.18,27.14,27.18,0,0,7408
3268,2020-09-25 12:06:00,27.17,27.2,27.17,27.2,0,0,10239
3269,2020-09-25 12:07:00,27.19,27.2,27.18,27.18,0,0,11126
3270,2020-09-25 12:08:00,27.19,27.19,27.17,27.17,0,0,3309
3271,2020-09-25 12:09:00,27.17,27.2,27.16,27.19,0,0,18120
3272,2020-09-25 12:10:00,27.19,27.19,27.18,27.18,0,0,8227
3273,2020-09-25 12:11:00,27.18,27.19,27.15,27.17,0,0,14570
3274,2020-09-25 12:12:00,27.16,27.18,27.16,27.18,0,0,10164
3275,2020-09-25 12:13:00,27.18,27.19,27.16,27.16,0,0,3630
3276,2020-09-25 12:14:00,27.16,27.19,27.16,27.19,0,0,5703
3277,2020-09-25 12:15:00,27.18,27.19,27.17,27.18,0,0,9191
3278,2020-09-25 12:16:00,27.17,27.18,27.12,27.13,0,0,21583
3279,2020-09-25 12:17:00,27.12,27.15,27.08,27.1,0,0,94856
3280,2020-09-25 12:18:00,27.1,27.1,27.05,27.05,0,0,25861
3281,2020-09-25 12:19:00,27.03,27.04,26.99,27.02,0,0,39832
3282,2020-09-25 12:20:00,27.02,27.02,26.96,26.97,0,0,59952
3283,2020-09-25 12:21:00,26.96,27.0,26.96,27.0,0,0,29775
3284,2020-09-25 12:22:00,26.99,27.02,26.98,27.01,0,0,11741
3285,2020-09-25 12:23:00,27.01,27.03,27.01,27.01,0,0,16137
3286,2020-09-25 12:24:00,27.01,27.01,26.96,27.01,0,0,17154
3287,2020-09-25 12:25:00,27.02,27.02,27.0,27.01,0,0,4936
3288,2020-09-25 12:26:00,27.01,27.01,27.0,27.0,0,0,10487
3289,2020-09-25 12:27:00,27.0,27.0,26.94,26.94,0,0,11875
3290,2020-09-25 12:28:00,26.95,27.0,26.94,27.0,0,0,7252
3291,2020-09-25 12:29:00,27.0,27.0,26.98,26.99,0,0,12734
3292,2020-09-25 12:30:00,27.0,27.04,27.0,27.03,0,0,18040
3293,2020-09-25 12:31:00,27.02,27.05,27.02,27.04,0,0,9372
3294,2020-09-25 12:32:00,27.03,27.03,26.98,26.99,0,0,11614
3295,2020-09-25 12:33:00,26.98,26.98,26.96,26.97,0,0,7351
3296,2020-09-25 12:34:00,26.97,27.0,26.97,27.0,0,0,5544
3297,2020-09-25 12:35:00,26.99,27.0,26.97,26.98,0,0,9807
3298,2020-09-25 12:36:00,26.98,26.98,26.97,26.97,0,0,4942
3299,2020-09-25 12:37:00,26.98,26.98,26.97,26.97,0,0,7173
3300,2020-09-25 12:38:00,26.98,26.98,26.93,26.94,0,0,19591
3301,2020-09-25 12:39:00,26.94,26.97,26.94,26.96,0,0,10536
3302,2020-09-25 12:40:00,26.97,27.01,26.97,27.01,0,0,9521
3303,2020-09-25 12:41:00,27.01,27.03,27.0,27.03,0,0,7618
3304,2020-09-25 12:42:00,27.03,27.03,27.01,27.03,0,0,9439
3305,2020-09-25 12:43:00,27.03,27.03,27.01,27.01,0,0,10386
3306,2020-09-25 12:44:00,27.01,27.05,27.01,27.04,0,0,9452
3307,2020-09-25 12:45:00,27.04,27.08,27.03,27.08,0,0,14439
3308,2020-09-25 12:46:00,27.08,27.08,27.06,27.07,0,0,6477
3309,2020-09-25 12:47:00,27.07,27.08,27.06,27.07,0,0,7776
3310,2020-09-25 12:48:00,27.06,27.07,27.05,27.06,0,0,5008
3311,2020-09-25 12:49:00,27.05,27.06,27.03,27.05,0,0,4902
3312,2020-09-25 12:50:00,27.05,27.06,27.04,27.06,0,0,7067
3313,2020-09-25 12:51:00,27.07,27.08,27.06,27.07,0,0,6786
3314,2020-09-25 12:52:00,27.06,27.08,27.06,27.07,0,0,5568
3315,2020-09-25 12:53:00,27.07,27.07,27.06,27.07,0,0,5941
3316,2020-09-25 12:54:00,27.08,27.09,27.08,27.08,0,0,5117
3317,2020-09-25 12:55:00,27.08,27.1,27.08,27.1,0,0,9462
3318,2020-09-25 12:56:00,27.09,27.1,27.08,27.1,0,0,5952
3319,2020-09-25 12:57:00,27.09,27.11,27.09,27.1,0,0,5846
3320,2020-09-25 12:58:00,27.1,27.12,27.09,27.09,0,0,6778
3321,2020-09-25 12:59:00,27.09,27.11,27.09,27.11,0,0,3462
3322,2020-09-25 13:00:00,27.1,27.11,27.07,27.08,0,0,13928
3323,2020-09-25 13:01:00,27.07,27.08,27.07,27.07,0,0,3251
3324,2020-09-25 13:02:00,27.07,27.1,27.07,27.09,0,0,24926
3325,2020-09-25 13:03:00,27.1,27.1,27.08,27.09,0,0,5304
3326,2020-09-25 13:04:00,27.08,27.09,27.04,27.05,0,0,16469
3327,2020-09-25 13:05:00,27.04,27.09,27.04,27.09,0,0,25681
3328,2020-09-25 13:06:00,27.09,27.12,27.08,27.1,0,0,8520
3329,2020-09-25 13:07:00,27.11,27.11,27.1,27.1,0,0,7751
3330,2020-09-25 13:08:00,27.1,27.11,27.09,27.09,0,0,7062
3331,2020-09-25 13:09:00,27.09,27.1,27.09,27.09,0,0,3577
3332,2020-09-25 13:10:00,27.09,27.09,27.08,27.08,0,0,19794
3333,2020-09-25 13:11:00,27.07,27.08,27.04,27.05,0,0,16002
3334,2020-09-25 13:12:00,27.05,27.07,27.04,27.07,0,0,7499
3335,2020-09-25 13:13:00,27.07,27.08,27.06,27.07,0,0,7028
3336,2020-09-25 13:14:00,27.06,27.08,27.06,27.07,0,0,3169
3337,2020-09-25 13:15:00,27.08,27.09,27.08,27.08,0,0,5340
3338,2020-09-25 13:16:00,27.08,27.09,27.04,27.06,0,0,17745
3339,2020-09-25 13:17:00,27.06,27.06,27.04,27.05,0,0,8013
3340,2020-09-25 13:18:00,27.05,27.08,27.04,27.07,0,0,7252
3341,2020-09-25 13:19:00,27.07,27.07,27.06,27.06,0,0,6403
3342,2020-09-25 13:20:00,27.07,27.08,27.07,27.08,0,0,5169
3343,2020-09-25 13:21:00,27.08,27.09,27.08,27.09,0,0,13144
3344,2020-09-25 13:22:00,27.09,27.09,27.08,27.08,0,0,3947
3345,2020-09-25 13:23:00,27.08,27.08,27.07,27.08,0,0,10899
3346,2020-09-25 13:24:00,27.07,27.08,27.06,27.06,0,0,5493
3347,2020-09-25 13:25:00,27.07,27.08,27.07,27.08,0,0,7024
3348,2020-09-25 13:26:00,27.08,27.09,27.07,27.08,0,0,15607
3349,2020-09-25 13:27:00,27.08,27.08,27.07,27.08,0,0,3683
3350,2020-09-25 13:28:00,27.07,27.08,27.05,27.05,0,0,19643
3351,2020-09-25 13:29:00,27.06,27.07,27.05,27.05,0,0,10300
3352,2020-09-25 13:30:00,27.06,27.07,27.05,27.07,0,0,10937
3353,2020-09-25 13:31:00,27.07,27.07,27.05,27.06,0,0,10249
3354,2020-09-25 13:32:00,27.07,27.07,27.05,27.05,0,0,5862
3355,2020-09-25 13:33:00,27.05,27.05,27.01,27.01,0,0,10181
3356,2020-09-25 13:34:00,27.02,27.05,27.0,27.05,0,0,7162
3357,2020-09-25 13:35:00,27.05,27.05,27.04,27.05,0,0,7044
3358,2020-09-25 13:36:00,27.05,27.06,27.04,27.06,0,0,11985
3359,2020-09-25 13:37:00,27.06,27.07,27.05,27.07,0,0,7251
3360,2020-09-25 13:38:00,27.07,27.08,27.06,27.07,0,0,8536
3361,2020-09-25 13:39:00,27.08,27.09,27.07,27.08,0,0,10108
3362,2020-09-25 13:40:00,27.08,27.09,27.08,27.08,0,0,9699
3363,2020-09-25 13:41:00,27.08,27.1,27.08,27.1,0,0,11031
3364,2020-09-25 13:42:00,27.1,27.11,27.09,27.1,0,0,6353
3365,2020-09-25 13:43:00,27.09,27.12,27.09,27.11,0,0,6340
3366,2020-09-25 13:44:00,27.12,27.12,27.08,27.1,0,0,13281
3367,2020-09-25 13:45:00,27.09,27.12,27.09,27.11,0,0,20229
3368,2020-09-25 13:46:00,27.11,27.12,27.1,27.12,0,0,9055
3369,2020-09-25 13:47:00,27.13,27.13,27.11,27.12,0,0,6560
3370,2020-09-25 13:48:00,27.12,27.13,27.11,27.13,0,0,6873
3371,2020-09-25 13:49:00,27.14,27.16,27.12,27.16,0,0,13636
3372,2020-09-25 13:50:00,27.16,27.18,27.15,27.17,0,0,13985
3373,2020-09-25 13:51:00,27.16,27.17,27.16,27.17,0,0,3058
3374,2020-09-25 13:52:00,27.17,27.17,27.14,27.15,0,0,8542
3375,2020-09-25 13:53:00,27.16,27.17,27.16,27.17,0,0,5131
3376,2020-09-25 13:54:00,27.17,27.18,27.16,27.16,0,0,6729
3377,2020-09-25 13:55:00,27.16,27.17,27.15,27.16,0,0,4008
3378,2020-09-25 13:56:00,27.16,27.16,27.15,27.16,0,0,4397
3379,2020-09-25 13:57:00,27.16,27.17,27.16,27.17,0,0,3558
3380,2020-09-25 13:58:00,27.16,27.17,27.16,27.17,0,0,1186
3381,2020-09-25 13:59:00,27.17,27.17,27.16,27.17,0,0,3659
3382,2020-09-25 14:00:00,27.17,27.17,27.16,27.16,0,0,1597
3383,2020-09-25 14:01:00,27.17,27.18,27.16,27.17,0,0,13533
3384,2020-09-25 14:02:00,27.17,27.18,27.17,27.17,0,0,4744
3385,2020-09-25 14:03:00,27.17,27.17,27.17,27.17,0,0,8439
3386,2020-09-25 14:04:00,27.17,27.17,27.16,27.17,0,0,5646
3387,2020-09-25 14:05:00,27.17,27.18,27.16,27.17,0,0,10592
3388,2020-09-25 14:06:00,27.17,27.23,27.17,27.23,0,0,28221
3389,2020-09-25 14:07:00,27.23,27.23,27.22,27.23,0,0,3309
3390,2020-09-25 14:08:00,27.23,27.23,27.18,27.18,0,0,16056
3391,2020-09-25 14:09:00,27.18,27.19,27.17,27.17,0,0,15203
3392,2020-09-25 14:10:00,27.17,27.18,27.16,27.16,0,0,7811
3393,2020-09-25 14:11:00,27.17,27.17,27.14,27.15,0,0,29235
3394,2020-09-25 14:12:00,27.15,27.15,27.14,27.15,0,0,24275
3395,2020-09-25 14:13:00,27.14,27.14,27.13,27.13,0,0,7250
3396,2020-09-25 14:14:00,27.13,27.13,27.12,27.12,0,0,2335
3397,2020-09-25 14:15:00,27.13,27.14,27.12,27.13,0,0,9544
3398,2020-09-25 14:16:00,27.14,27.21,27.14,27.2,0,0,10695
3399,2020-09-25 14:17:00,27.21,27.21,27.17,27.17,0,0,11519
3400,2020-09-25 14:18:00,27.17,27.21,27.17,27.21,0,0,11726
3401,2020-09-25 14:19:00,27.21,27.22,27.2,27.22,0,0,5434
3402,2020-09-25 14:20:00,27.22,27.22,27.19,27.19,0,0,3936
3403,2020-09-25 14:21:00,27.19,27.23,27.18,27.23,0,0,11700
3404,2020-09-25 14:22:00,27.23,27.25,27.23,27.25,0,0,9820
3405,2020-09-25 14:23:00,27.25,27.26,27.23,27.24,0,0,17928
3406,2020-09-25 14:24:00,27.24,27.25,27.23,27.23,0,0,18631
3407,2020-09-25 14:25:00,27.24,27.24,27.23,27.23,0,0,5247
3408,2020-09-25 14:26:00,27.24,27.24,27.22,27.22,0,0,4196
3409,2020-09-25 14:27:00,27.22,27.25,27.22,27.24,0,0,18008
3410,2020-09-25 14:28:00,27.24,27.25,27.22,27.22,0,0,4890
3411,2020-09-25 14:29:00,27.23,27.24,27.22,27.23,0,0,3864
3412,2020-09-25 14:30:00,27.22,27.22,27.2,27.2,0,0,6877
3413,2020-09-25 14:31:00,27.2,27.2,27.18,27.18,0,0,11460
3414,2020-09-25 14:32:00,27.19,27.19,27.17,27.18,0,0,12416
3415,2020-09-25 14:33:00,27.18,27.19,27.17,27.18,0,0,8846
3416,2020-09-25 14:34:00,27.19,27.2,27.16,27.17,0,0,11520
3417,2020-09-25 14:35:00,27.17,27.2,27.17,27.2,0,0,22664
3418,2020-09-25 14:36:00,27.2,27.2,27.18,27.18,0,0,9255
3419,2020-09-25 14:37:00,27.18,27.18,27.15,27.17,0,0,15227
3420,2020-09-25 14:38:00,27.17,27.19,27.17,27.19,0,0,16048
3421,2020-09-25 14:39:00,27.18,27.2,27.18,27.19,0,0,11755
3422,2020-09-25 14:40:00,27.19,27.2,27.19,27.2,0,0,6718
3423,2020-09-25 14:41:00,27.19,27.2,27.19,27.19,0,0,3954
3424,2020-09-25 14:42:00,27.19,27.19,27.17,27.17,0,0,18193
3425,2020-09-25 14:43:00,27.17,27.17,27.16,27.16,0,0,13168
3426,2020-09-25 14:44:00,27.17,27.18,27.17,27.17,0,0,11949
3427,2020-09-25 14:45:00,27.17,27.19,27.17,27.18,0,0,27339
3428,2020-09-25 14:46:00,27.19,27.19,27.18,27.18,0,0,4031
3429,2020-09-25 14:47:00,27.19,27.2,27.18,27.19,0,0,10622
3430,2020-09-25 14:48:00,27.19,27.19,27.18,27.18,0,0,6656
3431,2020-09-25 14:49:00,27.18,27.18,27.17,27.17,0,0,6642
3432,2020-09-25 14:50:00,27.17,27.19,27.17,27.18,0,0,35465
3433,2020-09-25 14:51:00,27.18,27.25,27.18,27.25,0,0,27122
3434,2020-09-25 14:52:00,27.25,27.28,27.25,27.27,0,0,22820
3435,2020-09-25 14:53:00,27.27,27.27,27.26,27.26,0,0,6915
3436,2020-09-25 14:54:00,27.26,27.28,27.25,27.27,0,0,19655
3437,2020-09-25 14:55:00,27.27,27.27,27.24,27.25,0,0,6788
3438,2020-09-25 14:56:00,27.24,27.26,27.23,27.26,0,0,7689
3439,2020-09-25 14:57:00,27.26,27.26,27.24,27.25,0,0,6329
3440,2020-09-25 14:58:00,27.25,27.27,27.25,27.27,0,0,6597
3441,2020-09-25 14:59:00,27.26,27.28,27.26,27.27,0,0,20718
3442,2020-09-25 15:00:00,27.27,27.3,27.27,27.3,0,0,9042
3443,2020-09-25 15:01:00,27.3,27.3,27.28,27.28,0,0,83539
3444,2020-09-25 15:02:00,27.29,27.29,27.28,27.28,0,0,10544
3445,2020-09-25 15:03:00,27.28,27.29,27.27,27.27,0,0,17760
3446,2020-09-25 15:04:00,27.27,27.28,27.26,27.26,0,0,28183
3447,2020-09-25 15:05:00,27.25,27.26,27.25,27.25,0,0,17647
3448,2020-09-25 15:06:00,27.25,27.25,27.24,27.24,0,0,4045
3449,2020-09-25 15:07:00,27.24,27.25,27.24,27.25,0,0,12344
3450,2020-09-25 15:08:00,27.25,27.26,27.24,27.25,0,0,13818
3451,2020-09-25 15:09:00,27.25,27.27,27.25,27.26,0,0,14346
3452,2020-09-25 15:10:00,27.25,27.26,27.24,27.26,0,0,26174
3453,2020-09-25 15:11:00,27.25,27.26,27.23,27.23,0,0,60788
3454,2020-09-25 15:12:00,27.23,27.23,27.21,27.22,0,0,7619
3455,2020-09-25 15:13:00,27.22,27.22,27.2,27.2,0,0,18158
3456,2020-09-25 15:14:00,27.21,27.23,27.2,27.23,0,0,7101
3457,2020-09-25 15:15:00,27.23,27.23,27.22,27.23,0,0,7440
3458,2020-09-25 15:16:00,27.23,27.26,27.22,27.26,0,0,13436
3459,2020-09-25 15:17:00,27.26,27.27,27.24,27.26,0,0,19955
3460,2020-09-25 15:18:00,27.27,27.3,27.27,27.28,0,0,25630
3461,2020-09-25 15:19:00,27.28,27.28,27.27,27.27,0,0,13410
3462,2020-09-25 15:20:00,27.28,27.29,27.27,27.28,0,0,7322
3463,2020-09-25 15:21:00,27.28,27.3,27.26,27.26,0,0,14189
3464,2020-09-25 15:22:00,27.27,27.27,27.23,27.25,0,0,37135
3465,2020-09-25 15:23:00,27.25,27.26,27.25,27.25,0,0,8122
3466,2020-09-25 15:24:00,27.25,27.25,27.24,27.25,0,0,5595
3467,2020-09-25 15:25:00,27.25,27.25,27.24,27.25,0,0,9934
3468,2020-09-25 15:26:00,27.24,27.25,27.23,27.25,0,0,20430
3469,2020-09-25 15:27:00,27.25,27.26,27.24,27.26,0,0,5094
3470,2020-09-25 15:28:00,27.25,27.25,27.25,27.25,0,0,4235
3471,2020-09-25 15:29:00,27.24,27.25,27.23,27.24,0,0,8645
3472,2020-09-25 15:30:00,27.24,27.28,27.24,27.26,0,0,29166
3473,2020-09-25 15:31:00,27.26,27.27,27.23,27.23,0,0,16304
3474,2020-09-25 15:32:00,27.23,27.25,27.23,27.23,0,0,11863
3475,2020-09-25 15:33:00,27.24,27.24,27.2,27.21,0,0,16883
3476,2020-09-25 15:34:00,27.2,27.21,27.19,27.19,0,0,9518
3477,2020-09-25 15:35:00,27.19,27.19,27.16,27.17,0,0,27271
3478,2020-09-25 15:36:00,27.17,27.18,27.17,27.18,0,0,19309
3479,2020-09-25 15:37:00,27.19,27.19,27.18,27.18,0,0,15484
3480,2020-09-25 15:38:00,27.18,27.21,27.18,27.2,0,0,15179
3481,2020-09-25 15:39:00,27.19,27.2,27.17,27.17,0,0,36497
3482,2020-09-25 15:40:00,27.17,27.18,27.15,27.16,0,0,28449
3483,2020-09-25 15:41:00,27.16,27.17,27.15,27.17,0,0,28767
3484,2020-09-25 15:42:00,27.17,27.22,27.17,27.2,0,0,80650
3485,2020-09-25 15:43:00,27.19,27.21,27.18,27.21,0,0,17631
3486,2020-09-25 15:44:00,27.21,27.24,27.2,27.22,0,0,29625
3487,2020-09-25 15:45:00,27.22,27.22,27.19,27.2,0,0,36262
3488,2020-09-25 15:46:00,27.2,27.22,27.19,27.21,0,0,24808
3489,2020-09-25 15:47:00,27.21,27.22,27.18,27.18,0,0,14394
3490,2020-09-25 15:48:00,27.18,27.22,27.18,27.21,0,0,30863
3491,2020-09-25 15:49:00,27.22,27.23,27.2,27.23,0,0,19620
3492,2020-09-25 15:50:00,27.23,27.23,27.17,27.18,0,0,56792
3493,2020-09-25 15:51:00,27.18,27.21,27.18,27.19,0,0,50565
3494,2020-09-25 15:52:00,27.19,27.24,27.19,27.22,0,0,32132
3495,2020-09-25 15:53:00,27.22,27.23,27.2,27.21,0,0,29005
3496,2020-09-25 15:54:00,27.21,27.25,27.2,27.25,0,0,35334
3497,2020-09-25 15:55:00,27.24,27.25,27.16,27.18,0,0,85250
3498,2020-09-25 15:56:00,27.18,27.23,27.18,27.19,0,0,46981
3499,2020-09-25 15:57:00,27.19,27.23,27.19,27.2,0,0,82350
3500,2020-09-25 15:58:00,27.19,27.24,27.18,27.23,0,0,134752
3501,2020-09-25 15:59:00,27.24,27.27,27.21,27.25,0,0,204806
3502,2020-09-28 09:30:00,27.3,27.58,27.25,27.55,0,0,319684
3503,2020-09-28 09:31:00,27.57,27.6,27.45,27.54,0,0,57008
3504,2020-09-28 09:32:00,27.53,27.58,27.44,27.53,0,0,33250
3505,2020-09-28 09:33:00,27.53,27.66,27.53,27.65,0,0,45343
3506,2020-09-28 09:34:00,27.64,27.71,27.64,27.7,0,0,34729
3507,2020-09-28 09:35:00,27.7,27.75,27.63,27.68,0,0,64186
3508,2020-09-28 09:36:00,27.69,27.77,27.68,27.69,0,0,30590
3509,2020-09-28 09:37:00,27.68,27.75,27.68,27.73,0,0,64780
3510,2020-09-28 09:38:00,27.73,27.81,27.72,27.75,0,0,63827
3511,2020-09-28 09:39:00,27.76,27.81,27.7,27.78,0,0,45328
3512,2020-09-28 09:40:00,27.76,27.85,27.71,27.85,0,0,36289
3513,2020-09-28 09:41:00,27.84,27.9,27.82,27.82,0,0,44285
3514,2020-09-28 09:42:00,27.83,27.92,27.83,27.85,0,0,57524
3515,2020-09-28 09:43:00,27.85,27.9,27.83,27.84,0,0,33781
3516,2020-09-28 09:44:00,27.84,27.85,27.8,27.84,0,0,24606
3517,2020-09-28 09:45:00,27.84,27.85,27.78,27.8,0,0,38542
3518,2020-09-28 09:46:00,27.79,27.8,27.7,27.73,0,0,62686
3519,2020-09-28 09:47:00,27.73,27.74,27.65,27.66,0,0,40834
3520,2020-09-28 09:48:00,27.66,27.7,27.63,27.63,0,0,25947
3521,2020-09-28 09:49:00,27.62,27.62,27.51,27.56,0,0,34101
3522,2020-09-28 09:50:00,27.57,27.57,27.47,27.48,0,0,30966
3523,2020-09-28 09:51:00,27.47,27.59,27.47,27.58,0,0,31283
3524,2020-09-28 09:52:00,27.59,27.68,27.58,27.67,0,0,23972
3525,2020-09-28 09:53:00,27.67,27.74,27.64,27.74,0,0,31699
3526,2020-09-28 09:54:00,27.74,27.76,27.73,27.74,0,0,36221
3527,2020-09-28 09:55:00,27.74,27.76,27.68,27.69,0,0,25841
3528,2020-09-28 09:56:00,27.7,27.75,27.69,27.71,0,0,31708
3529,2020-09-28 09:57:00,27.72,27.77,27.72,27.77,0,0,28769
3530,2020-09-28 09:58:00,27.77,27.8,27.72,27.72,0,0,38024
3531,2020-09-28 09:59:00,27.73,27.73,27.69,27.72,0,0,12976
3532,2020-09-28 10:00:00,27.73,27.74,27.69,27.69,0,0,10153
3533,2020-09-28 10:01:00,27.7,27.76,27.7,27.71,0,0,27995
3534,2020-09-28 10:02:00,27.7,27.82,27.68,27.81,0,0,31886
3535,2020-09-28 10:03:00,27.82,27.85,27.79,27.83,0,0,48016
3536,2020-09-28 10:04:00,27.83,27.84,27.81,27.82,0,0,11921
3537,2020-09-28 10:05:00,27.81,27.83,27.77,27.83,0,0,24888
3538,2020-09-28 10:06:00,27.83,27.83,27.76,27.78,0,0,18924
3539,2020-09-28 10:07:00,27.77,27.77,27.67,27.69,0,0,28289
3540,2020-09-28 10:08:00,27.69,27.8,27.69,27.79,0,0,16155
3541,2020-09-28 10:09:00,27.78,27.81,27.77,27.8,0,0,12766
3542,2020-09-28 10:10:00,27.8,27.82,27.79,27.79,0,0,8786
3543,2020-09-28 10:11:00,27.8,27.83,27.77,27.78,0,0,15136
3544,2020-09-28 10:12:00,27.77,27.84,27.77,27.78,0,0,16161
3545,2020-09-28 10:13:00,27.79,27.83,27.79,27.81,0,0,7498
3546,2020-09-28 10:14:00,27.82,27.85,27.82,27.83,0,0,16085
3547,2020-09-28 10:15:00,27.84,27.85,27.81,27.84,0,0,20706
3548,2020-09-28 10:16:00,27.85,27.88,27.83,27.83,0,0,20762
3549,2020-09-28 10:17:00,27.83,27.86,27.83,27.85,0,0,8092
3550,2020-09-28 10:18:00,27.85,27.85,27.81,27.81,0,0,7916
3551,2020-09-28 10:19:00,27.82,27.83,27.81,27.83,0,0,6686
3552,2020-09-28 10:20:00,27.83,27.83,27.78,27.8,0,0,25402
3553,2020-09-28 10:21:00,27.8,27.83,27.7,27.73,0,0,52989
3554,2020-09-28 10:22:00,27.73,27.75,27.69,27.75,0,0,48915
3555,2020-09-28 10:23:00,27.75,27.75,27.66,27.68,0,0,45323
3556,2020-09-28 10:24:00,27.68,27.68,27.56,27.6,0,0,46994
3557,2020-09-28 10:25:00,27.6,27.61,27.56,27.6,0,0,30297
3558,2020-09-28 10:26:00,27.6,27.65,27.58,27.62,0,0,26402
3559,2020-09-28 10:27:00,27.63,27.65,27.6,27.61,0,0,17541
3560,2020-09-28 10:28:00,27.6,27.62,27.59,27.61,0,0,22293
3561,2020-09-28 10:29:00,27.62,27.65,27.6,27.65,0,0,23483
3562,2020-09-28 10:30:00,27.64,27.64,27.6,27.64,0,0,36282
3563,2020-09-28 10:31:00,27.64,27.7,27.64,27.66,0,0,45989
3564,2020-09-28 10:32:00,27.66,27.66,27.6,27.62,0,0,31482
3565,2020-09-28 10:33:00,27.62,27.67,27.62,27.64,0,0,28380
3566,2020-09-28 10:34:00,27.64,27.64,27.55,27.56,0,0,24001
3567,2020-09-28 10:35:00,27.57,27.58,27.47,27.51,0,0,28578
3568,2020-09-28 10:36:00,27.51,27.51,27.49,27.5,0,0,9922
3569,2020-09-28 10:37:00,27.49,27.51,27.47,27.51,0,0,17957
3570,2020-09-28 10:38:00,27.51,27.52,27.47,27.47,0,0,28106
3571,2020-09-28 10:39:00,27.46,27.51,27.46,27.51,0,0,15210
3572,2020-09-28 10:40:00,27.51,27.53,27.48,27.49,0,0,23894
3573,2020-09-28 10:41:00,27.5,27.5,27.43,27.48,0,0,16790
3574,2020-09-28 10:42:00,27.48,27.5,27.47,27.47,0,0,7236
3575,2020-09-28 10:43:00,27.47,27.47,27.44,27.45,0,0,4903
3576,2020-09-28 10:44:00,27.44,27.48,27.42,27.48,0,0,26301
3577,2020-09-28 10:45:00,27.48,27.5,27.47,27.48,0,0,13334
3578,2020-09-28 10:46:00,27.47,27.54,27.44,27.54,0,0,184930
3579,2020-09-28 10:47:00,27.53,27.55,27.51,27.53,0,0,15228
3580,2020-09-28 10:48:00,27.54,27.58,27.53,27.56,0,0,25877
3581,2020-09-28 10:49:00,27.56,27.56,27.49,27.49,0,0,11408
3582,2020-09-28 10:50:00,27.48,27.5,27.46,27.46,0,0,19612
3583,2020-09-28 10:51:00,27.45,27.47,27.38,27.41,0,0,38467
3584,2020-09-28 10:52:00,27.42,27.46,27.4,27.42,0,0,26797
3585,2020-09-28 10:53:00,27.41,27.42,27.39,27.41,0,0,11139
3586,2020-09-28 10:54:00,27.4,27.4,27.35,27.36,0,0,70034
3587,2020-09-28 10:55:00,27.36,27.36,27.27,27.27,0,0,61327
3588,2020-09-28 10:56:00,27.27,27.34,27.27,27.34,0,0,43691
3589,2020-09-28 10:57:00,27.33,27.37,27.32,27.33,0,0,19204
3590,2020-09-28 10:58:00,27.34,27.35,27.31,27.31,0,0,10971
3591,2020-09-28 10:59:00,27.31,27.32,27.23,27.26,0,0,159311
3592,2020-09-28 11:00:00,27.26,27.32,27.26,27.31,0,0,19002
3593,2020-09-28 11:01:00,27.31,27.37,27.3,27.35,0,0,18535
3594,2020-09-28 11:02:00,27.36,27.4,27.35,27.4,0,0,20025
3595,2020-09-28 11:03:00,27.4,27.44,27.4,27.43,0,0,18756
3596,2020-09-28 11:04:00,27.44,27.45,27.4,27.4,0,0,12330
3597,2020-09-28 11:05:00,27.4,27.42,27.38,27.39,0,0,8648
3598,2020-09-28 11:07:00,27.48,27.49,27.48,27.49,0,0,61797
3599,2020-09-28 11:08:00,27.5,27.52,27.45,27.47,0,0,30811
3600,2020-09-28 11:09:00,27.46,27.51,27.46,27.46,0,0,7559
3601,2020-09-28 11:10:00,27.46,27.46,27.4,27.45,0,0,14422
3602,2020-09-28 11:11:00,27.44,27.47,27.43,27.44,0,0,16006
3603,2020-09-28 11:12:00,27.44,27.47,27.42,27.44,0,0,150057
3604,2020-09-28 11:13:00,27.43,27.46,27.42,27.45,0,0,6132
3605,2020-09-28 11:14:00,27.47,27.47,27.44,27.44,0,0,23471
3606,2020-09-28 11:15:00,27.44,27.48,27.44,27.48,0,0,5677
3607,2020-09-28 11:16:00,27.48,27.48,27.41,27.41,0,0,20282
3608,2020-09-28 11:17:00,27.4,27.41,27.33,27.34,0,0,17962
3609,2020-09-28 11:18:00,27.34,27.35,27.34,27.35,0,0,7219
3610,2020-09-28 11:19:00,27.35,27.35,27.31,27.32,0,0,15997
3611,2020-09-28 11:20:00,27.31,27.32,27.24,27.24,0,0,22885
3612,2020-09-28 11:21:00,27.25,27.32,27.25,27.32,0,0,13062
3613,2020-09-28 11:22:00,27.31,27.35,27.3,27.34,0,0,13715
3614,2020-09-28 11:23:00,27.34,27.37,27.34,27.37,0,0,17799
3615,2020-09-28 11:24:00,27.37,27.38,27.33,27.33,0,0,16289
3616,2020-09-28 11:25:00,27.32,27.34,27.32,27.33,0,0,10778
3617,2020-09-28 11:26:00,27.33,27.33,27.3,27.3,0,0,12026
3618,2020-09-28 11:27:00,27.3,27.3,27.27,27.28,0,0,8024
3619,2020-09-28 11:28:00,27.28,27.29,27.25,27.26,0,0,6868
3620,2020-09-28 11:29:00,27.26,27.28,27.26,27.28,0,0,6848
3621,2020-09-28 11:30:00,27.28,27.28,27.24,27.26,0,0,10998
3622,2020-09-28 11:31:00,27.26,27.26,27.22,27.24,0,0,12445
3623,2020-09-28 11:32:00,27.24,27.25,27.21,27.25,0,0,17046
3624,2020-09-28 11:33:00,27.24,27.25,27.17,27.17,0,0,30748
3625,2020-09-28 11:34:00,27.18,27.18,27.16,27.17,0,0,14025
3626,2020-09-28 11:35:00,27.17,27.19,27.17,27.18,0,0,12877
3627,2020-09-28 11:36:00,27.18,27.21,27.18,27.21,0,0,8830
3628,2020-09-28 11:37:00,27.2,27.24,27.2,27.2,0,0,15494
3629,2020-09-28 11:38:00,27.2,27.21,27.17,27.18,0,0,23941
3630,2020-09-28 11:39:00,27.17,27.21,27.17,27.21,0,0,12377
3631,2020-09-28 11:40:00,27.2,27.2,27.15,27.16,0,0,99490
3632,2020-09-28 11:41:00,27.15,27.15,27.04,27.04,0,0,47787
3633,2020-09-28 11:42:00,27.04,27.05,27.01,27.05,0,0,21942
3634,2020-09-28 11:43:00,27.04,27.08,27.04,27.08,0,0,13109
3635,2020-09-28 11:44:00,27.08,27.08,27.02,27.03,0,0,8488
3636,2020-09-28 11:45:00,27.03,27.04,27.0,27.02,0,0,29710
3637,2020-09-28 11:46:00,27.01,27.01,26.97,27.0,0,0,39797
3638,2020-09-28 11:47:00,26.98,27.0,26.95,26.99,0,0,17608
3639,2020-09-28 11:48:00,26.98,27.0,26.95,26.97,0,0,16841
3640,2020-09-28 11:49:00,26.96,26.98,26.93,26.97,0,0,15126
3641,2020-09-28 11:50:00,26.97,27.0,26.97,26.99,0,0,9111
3642,2020-09-28 11:51:00,26.98,27.0,26.97,27.0,0,0,15115
3643,2020-09-28 11:52:00,27.0,27.06,27.0,27.01,0,0,29816
3644,2020-09-28 11:53:00,27.01,27.03,27.01,27.02,0,0,9074
3645,2020-09-28 11:54:00,27.01,27.06,27.0,27.02,0,0,18820
3646,2020-09-28 11:55:00,27.03,27.03,27.0,27.0,0,0,19109
3647,2020-09-28 11:56:00,27.01,27.01,26.99,27.01,0,0,6104
3648,2020-09-28 11:57:00,27.0,27.01,26.98,27.0,0,0,17408
3649,2020-09-28 11:58:00,27.0,27.01,27.0,27.0,0,0,9149
3650,2020-09-28 11:59:00,27.0,27.04,27.0,27.02,0,0,11126
3651,2020-09-28 12:00:00,27.03,27.03,26.98,26.98,0,0,9595
3652,2020-09-28 12:01:00,26.98,26.98,26.95,26.95,0,0,12938
3653,2020-09-28 12:02:00,26.95,26.96,26.92,26.92,0,0,12528
3654,2020-09-28 12:03:00,26.93,26.93,26.91,26.91,0,0,14127
3655,2020-09-28 12:04:00,26.92,26.96,26.9,26.96,0,0,90492
3656,2020-09-28 12:05:00,26.98,27.0,26.96,26.97,0,0,15655
3657,2020-09-28 12:06:00,26.96,27.01,26.96,27.0,0,0,28940
3658,2020-09-28 12:07:00,26.99,27.0,26.98,26.99,0,0,9737
3659,2020-09-28 12:08:00,26.99,26.99,26.97,26.98,0,0,3929
3660,2020-09-28 12:09:00,26.98,27.01,26.98,27.01,0,0,12411
3661,2020-09-28 12:10:00,27.02,27.05,27.01,27.04,0,0,12969
3662,2020-09-28 12:11:00,27.03,27.05,27.01,27.04,0,0,8362
3663,2020-09-28 12:12:00,27.04,27.04,27.02,27.02,0,0,5056
3664,2020-09-28 12:13:00,27.02,27.03,27.0,27.01,0,0,8371
3665,2020-09-28 12:14:00,27.02,27.04,27.02,27.03,0,0,2465
3666,2020-09-28 12:15:00,27.02,27.05,27.01,27.02,0,0,5718
3667,2020-09-28 12:16:00,27.01,27.02,26.98,26.99,0,0,8187
3668,2020-09-28 12:17:00,26.99,26.99,26.98,26.99,0,0,6098
3669,2020-09-28 12:18:00,26.99,27.01,26.98,27.0,0,0,6235
3670,2020-09-28 12:19:00,27.0,27.0,26.98,26.98,0,0,3906
3671,2020-09-28 12:20:00,26.99,27.01,26.99,27.0,0,0,4390
3672,2020-09-28 12:21:00,27.0,27.0,26.98,26.99,0,0,6487
3673,2020-09-28 12:22:00,26.98,26.98,26.96,26.98,0,0,13425
3674,2020-09-28 12:23:00,26.99,27.0,26.99,27.0,0,0,3636
3675,2020-09-28 12:24:00,27.01,27.04,27.01,27.03,0,0,3825
3676,2020-09-28 12:25:00,27.03,27.06,27.02,27.05,0,0,6827
3677,2020-09-28 12:26:00,27.06,27.06,27.05,27.06,0,0,6065
3678,2020-09-28 12:27:00,27.06,27.08,27.06,27.07,0,0,12611
3679,2020-09-28 12:28:00,27.07,27.08,27.06,27.07,0,0,11145
3680,2020-09-28 12:29:00,27.07,27.08,27.05,27.08,0,0,10268
3681,2020-09-28 12:30:00,27.09,27.09,27.03,27.06,0,0,22080
3682,2020-09-28 12:31:00,27.05,27.08,27.05,27.07,0,0,8550
3683,2020-09-28 12:32:00,27.08,27.09,27.07,27.08,0,0,17874
3684,2020-09-28 12:33:00,27.08,27.11,27.08,27.09,0,0,9585
3685,2020-09-28 12:34:00,27.09,27.1,27.08,27.09,0,0,9274
3686,2020-09-28 12:35:00,27.09,27.11,27.09,27.11,0,0,9513
3687,2020-09-28 12:36:00,27.11,27.14,27.11,27.14,0,0,6247
3688,2020-09-28 12:37:00,27.14,27.14,27.14,27.14,0,0,4850
3689,2020-09-28 12:38:00,27.14,27.15,27.13,27.15,0,0,15197
3690,2020-09-28 12:39:00,27.15,27.16,27.14,27.16,0,0,16571
3691,2020-09-28 12:40:00,27.16,27.18,27.16,27.18,0,0,13261
3692,2020-09-28 12:41:00,27.17,27.2,27.17,27.19,0,0,14977
3693,2020-09-28 12:42:00,27.19,27.19,27.17,27.17,0,0,13297
3694,2020-09-28 12:43:00,27.17,27.18,27.17,27.18,0,0,9584
3695,2020-09-28 12:44:00,27.18,27.18,27.15,27.17,0,0,10668
3696,2020-09-28 12:45:00,27.17,27.19,27.16,27.19,0,0,8176
3697,2020-09-28 12:46:00,27.18,27.19,27.17,27.18,0,0,9425
3698,2020-09-28 12:47:00,27.18,27.2,27.18,27.19,0,0,12543
3699,2020-09-28 12:48:00,27.19,27.19,27.18,27.18,0,0,6569
3700,2020-09-28 12:49:00,27.18,27.18,27.17,27.17,0,0,4598
3701,2020-09-28 12:50:00,27.17,27.19,27.17,27.18,0,0,10145
3702,2020-09-28 12:51:00,27.18,27.19,27.18,27.19,0,0,9643
3703,2020-09-28 12:52:00,27.19,27.2,27.18,27.19,0,0,9365
3704,2020-09-28 12:53:00,27.19,27.2,27.18,27.19,0,0,8522
3705,2020-09-28 12:54:00,27.19,27.19,27.18,27.19,0,0,3871
3706,2020-09-28 12:55:00,27.19,27.25,27.19,27.25,0,0,14543
3707,2020-09-28 12:56:00,27.25,27.25,27.24,27.25,0,0,24283
3708,2020-09-28 12:57:00,27.25,27.26,27.25,27.26,0,0,8516
3709,2020-09-28 12:58:00,27.25,27.26,27.25,27.25,0,0,9114
3710,2020-09-28 12:59:00,27.25,27.26,27.25,27.26,0,0,2388
3711,2020-09-28 13:00:00,27.25,27.28,27.23,27.23,0,0,27757
3712,2020-09-28 13:01:00,27.22,27.22,27.16,27.17,0,0,34564
3713,2020-09-28 13:02:00,27.17,27.18,27.17,27.18,0,0,6443
3714,2020-09-28 13:03:00,27.18,27.21,27.18,27.2,0,0,7874
3715,2020-09-28 13:04:00,27.2,27.23,27.2,27.22,0,0,8231
3716,2020-09-28 13:05:00,27.23,27.23,27.2,27.2,0,0,9743
3717,2020-09-28 13:06:00,27.21,27.22,27.19,27.19,0,0,4786
3718,2020-09-28 13:07:00,27.19,27.19,27.15,27.17,0,0,18602
3719,2020-09-28 13:08:00,27.16,27.17,27.15,27.15,0,0,12680
3720,2020-09-28 13:09:00,27.16,27.16,27.1,27.11,0,0,14974
3721,2020-09-28 13:10:00,27.1,27.11,27.09,27.11,0,0,64596
3722,2020-09-28 13:11:00,27.12,27.14,27.11,27.12,0,0,38782
3723,2020-09-28 13:12:00,27.13,27.15,27.12,27.15,0,0,3922
3724,2020-09-28 13:13:00,27.15,27.16,27.14,27.15,0,0,8675
3725,2020-09-28 13:14:00,27.15,27.16,27.09,27.1,0,0,48085
3726,2020-09-28 13:15:00,27.1,27.11,27.09,27.1,0,0,19568
3727,2020-09-28 13:16:00,27.1,27.11,27.08,27.08,0,0,217876
3728,2020-09-28 13:17:00,27.09,27.09,27.04,27.05,0,0,19588
3729,2020-09-28 13:18:00,27.06,27.06,27.04,27.05,0,0,8032
3730,2020-09-28 13:19:00,27.05,27.06,27.03,27.06,0,0,5824
3731,2020-09-28 13:20:00,27.07,27.12,27.06,27.11,0,0,3885
3732,2020-09-28 13:21:00,27.11,27.11,27.08,27.08,0,0,7333
3733,2020-09-28 13:22:00,27.08,27.14,27.08,27.12,0,0,11136
3734,2020-09-28 13:23:00,27.12,27.12,27.1,27.11,0,0,8313
3735,2020-09-28 13:24:00,27.11,27.12,27.09,27.11,0,0,10075
3736,2020-09-28 13:25:00,27.1,27.12,27.1,27.11,0,0,17969
3737,2020-09-28 13:26:00,27.12,27.15,27.1,27.14,0,0,33649
3738,2020-09-28 13:27:00,27.14,27.17,27.13,27.15,0,0,16951
3739,2020-09-28 13:28:00,27.15,27.15,27.14,27.14,0,0,10212
3740,2020-09-28 13:29:00,27.14,27.14,27.12,27.12,0,0,4409
3741,2020-09-28 13:30:00,27.13,27.16,27.12,27.15,0,0,20280
3742,2020-09-28 13:31:00,27.16,27.16,27.14,27.15,0,0,37162
3743,2020-09-28 13:32:00,27.16,27.16,27.14,27.16,0,0,20549
3744,2020-09-28 13:33:00,27.16,27.16,27.15,27.15,0,0,5189
3745,2020-09-28 13:34:00,27.15,27.15,27.14,27.14,0,0,3131
3746,2020-09-28 13:35:00,27.15,27.15,27.11,27.11,0,0,8822
3747,2020-09-28 13:36:00,27.1,27.12,27.1,27.11,0,0,23304
3748,2020-09-28 13:37:00,27.11,27.13,27.11,27.12,0,0,17148
3749,2020-09-28 13:38:00,27.12,27.14,27.12,27.12,0,0,30787
3750,2020-09-28 13:39:00,27.13,27.13,27.12,27.13,0,0,10939
3751,2020-09-28 13:40:00,27.13,27.14,27.12,27.13,0,0,18342
3752,2020-09-28 13:41:00,27.13,27.13,27.08,27.09,0,0,27636
3753,2020-09-28 13:42:00,27.08,27.08,27.08,27.08,0,0,10710
3754,2020-09-28 13:43:00,27.08,27.09,27.02,27.03,0,0,55509
3755,2020-09-28 13:44:00,27.04,27.05,27.02,27.02,0,0,17237
3756,2020-09-28 13:45:00,27.03,27.06,27.03,27.04,0,0,99160
3757,2020-09-28 13:46:00,27.05,27.05,27.03,27.04,0,0,63686
3758,2020-09-28 13:47:00,27.04,27.06,27.04,27.06,0,0,14955
3759,2020-09-28 13:48:00,27.06,27.13,27.06,27.13,0,0,15053
3760,2020-09-28 13:49:00,27.14,27.14,27.09,27.09,0,0,19411
3761,2020-09-28 13:50:00,27.09,27.1,27.08,27.08,0,0,11447
3762,2020-09-28 13:51:00,27.08,27.11,27.08,27.1,0,0,12684
3763,2020-09-28 13:52:00,27.09,27.09,27.08,27.09,0,0,8396
3764,2020-09-28 13:53:00,27.1,27.11,27.09,27.09,0,0,8123
3765,2020-09-28 13:54:00,27.09,27.1,27.08,27.1,0,0,12602
3766,2020-09-28 13:55:00,27.09,27.1,27.08,27.08,0,0,12087
3767,2020-09-28 13:56:00,27.08,27.09,27.08,27.08,0,0,5345
3768,2020-09-28 13:57:00,27.08,27.08,27.07,27.08,0,0,5968
3769,2020-09-28 13:58:00,27.09,27.11,27.09,27.1,0,0,11660
3770,2020-09-28 13:59:00,27.1,27.13,27.1,27.1,0,0,8123
3771,2020-09-28 14:00:00,27.1,27.11,27.1,27.1,0,0,11935
3772,2020-09-28 14:01:00,27.1,27.1,27.09,27.09,0,0,18800
3773,2020-09-28 14:02:00,27.1,27.1,27.08,27.09,0,0,17272
3774,2020-09-28 14:03:00,27.09,27.09,27.06,27.08,0,0,14863
3775,2020-09-28 14:04:00,27.08,27.1,27.08,27.1,0,0,20193
3776,2020-09-28 14:05:00,27.1,27.14,27.09,27.14,0,0,12693
3777,2020-09-28 14:06:00,27.14,27.14,27.09,27.11,0,0,6419
3778,2020-09-28 14:07:00,27.12,27.14,27.11,27.13,0,0,11054
3779,2020-09-28 14:08:00,27.13,27.15,27.13,27.15,0,0,13688
3780,2020-09-28 14:09:00,27.14,27.15,27.13,27.14,0,0,22159
3781,2020-09-28 14:10:00,27.14,27.16,27.14,27.15,0,0,17249
3782,2020-09-28 14:11:00,27.15,27.17,27.15,27.16,0,0,4202
3783,2020-09-28 14:12:00,27.17,27.18,27.16,27.18,0,0,7211
3784,2020-09-28 14:13:00,27.17,27.17,27.15,27.16,0,0,6204
3785,2020-09-28 14:14:00,27.16,27.16,27.15,27.16,0,0,3527
3786,2020-09-28 14:15:00,27.16,27.17,27.15,27.16,0,0,9338
3787,2020-09-28 14:16:00,27.16,27.17,27.16,27.16,0,0,10268
3788,2020-09-28 14:17:00,27.16,27.16,27.16,27.16,0,0,7169
3789,2020-09-28 14:18:00,27.15,27.16,27.14,27.14,0,0,17149
3790,2020-09-28 14:19:00,27.14,27.14,27.11,27.12,0,0,20267
3791,2020-09-28 14:20:00,27.11,27.12,27.07,27.08,0,0,26898
3792,2020-09-28 14:21:00,27.08,27.08,27.07,27.08,0,0,13829
3793,2020-09-28 14:22:00,27.08,27.08,27.07,27.07,0,0,15537
3794,2020-09-28 14:23:00,27.07,27.07,27.06,27.07,0,0,12621
3795,2020-09-28 14:24:00,27.07,27.07,27.03,27.04,0,0,20023
3796,2020-09-28 14:25:00,27.05,27.06,27.04,27.05,0,0,10813
3797,2020-09-28 14:26:00,27.04,27.05,27.04,27.05,0,0,9433
3798,2020-09-28 14:27:00,27.04,27.07,27.04,27.07,0,0,30665
3799,2020-09-28 14:28:00,27.07,27.08,27.06,27.07,0,0,12559
3800,2020-09-28 14:29:00,27.07,27.08,27.07,27.08,0,0,9446
3801,2020-09-28 14:30:00,27.07,27.08,27.06,27.08,0,0,10044
3802,2020-09-28 14:31:00,27.08,27.13,27.08,27.12,0,0,13128
3803,2020-09-28 14:32:00,27.11,27.11,27.1,27.1,0,0,8804
3804,2020-09-28 14:33:00,27.1,27.11,27.07,27.1,0,0,48073
3805,2020-09-28 14:34:00,27.11,27.13,27.1,27.13,0,0,5417
3806,2020-09-28 14:35:00,27.12,27.13,27.09,27.1,0,0,6413
3807,2020-09-28 14:36:00,27.11,27.12,27.1,27.1,0,0,6810
3808,2020-09-28 14:37:00,27.1,27.14,27.1,27.14,0,0,10791
3809,2020-09-28 14:38:00,27.14,27.15,27.13,27.15,0,0,20768
3810,2020-09-28 14:39:00,27.15,27.15,27.13,27.15,0,0,4533
3811,2020-09-28 14:40:00,27.15,27.15,27.13,27.14,0,0,4992
3812,2020-09-28 14:41:00,27.13,27.13,27.1,27.11,0,0,17081
3813,2020-09-28 14:42:00,27.1,27.11,27.08,27.09,0,0,28642
3814,2020-09-28 14:43:00,27.1,27.1,27.08,27.1,0,0,22156
3815,2020-09-28 14:44:00,27.09,27.12,27.09,27.11,0,0,8403
3816,2020-09-28 14:45:00,27.1,27.11,27.1,27.1,0,0,14884
3817,2020-09-28 14:46:00,27.1,27.1,27.1,27.1,0,0,5446
3818,2020-09-28 14:47:00,27.1,27.11,27.08,27.1,0,0,28482
3819,2020-09-28 14:48:00,27.09,27.1,27.09,27.1,0,0,4458
3820,2020-09-28 14:49:00,27.09,27.1,27.08,27.09,0,0,5969
3821,2020-09-28 14:50:00,27.1,27.1,27.1,27.1,0,0,9788
3822,2020-09-28 14:51:00,27.1,27.11,27.09,27.1,0,0,36178
3823,2020-09-28 14:52:00,27.1,27.11,27.1,27.1,0,0,18507
3824,2020-09-28 14:53:00,27.1,27.11,27.1,27.1,0,0,4513
3825,2020-09-28 14:54:00,27.11,27.11,27.09,27.09,0,0,9895
3826,2020-09-28 14:55:00,27.09,27.1,27.07,27.1,0,0,11263
3827,2020-09-28 14:56:00,27.1,27.11,27.09,27.1,0,0,12042
3828,2020-09-28 14:57:00,27.1,27.11,27.09,27.09,0,0,6446
3829,2020-09-28 14:58:00,27.09,27.1,27.08,27.1,0,0,5970
3830,2020-09-28 14:59:00,27.1,27.1,27.08,27.1,0,0,5143
3831,2020-09-28 15:00:00,27.1,27.1,27.08,27.08,0,0,5874
3832,2020-09-28 15:01:00,27.08,27.1,27.08,27.09,0,0,11860
3833,2020-09-28 15:02:00,27.09,27.1,27.07,27.09,0,0,13731
3834,2020-09-28 15:03:00,27.08,27.08,27.07,27.08,0,0,6890
3835,2020-09-28 15:04:00,27.08,27.11,27.08,27.1,0,0,13370
3836,2020-09-28 15:05:00,27.11,27.11,27.1,27.1,0,0,12741
3837,2020-09-28 15:06:00,27.1,27.11,27.1,27.1,0,0,6443
3838,2020-09-28 15:07:00,27.1,27.1,27.09,27.1,0,0,12922
3839,2020-09-28 15:08:00,27.1,27.1,27.08,27.08,0,0,11152
3840,2020-09-28 15:09:00,27.08,27.09,27.07,27.07,0,0,9579
3841,2020-09-28 15:10:00,27.08,27.09,27.08,27.09,0,0,8582
3842,2020-09-28 15:11:00,27.09,27.1,27.08,27.1,0,0,25850
3843,2020-09-28 15:12:00,27.1,27.13,27.1,27.13,0,0,69617
3844,2020-09-28 15:13:00,27.13,27.13,27.12,27.13,0,0,7625
3845,2020-09-28 15:14:00,27.13,27.13,27.12,27.12,0,0,30926
3846,2020-09-28 15:15:00,27.12,27.13,27.11,27.12,0,0,10879
3847,2020-09-28 15:16:00,27.13,27.17,27.12,27.17,0,0,35367
3848,2020-09-28 15:17:00,27.17,27.17,27.16,27.17,0,0,16755
3849,2020-09-28 15:18:00,27.17,27.19,27.16,27.18,0,0,39818
3850,2020-09-28 15:19:00,27.18,27.19,27.18,27.19,0,0,10581
3851,2020-09-28 15:20:00,27.18,27.2,27.18,27.2,0,0,8160
3852,2020-09-28 15:21:00,27.21,27.21,27.2,27.21,0,0,4555
3853,2020-09-28 15:22:00,27.2,27.22,27.2,27.22,0,0,5601
3854,2020-09-28 15:23:00,27.22,27.22,27.2,27.2,0,0,32381
3855,2020-09-28 15:24:00,27.2,27.21,27.19,27.21,0,0,17939
3856,2020-09-28 15:25:00,27.21,27.25,27.21,27.24,0,0,15683
3857,2020-09-28 15:26:00,27.25,27.26,27.25,27.25,0,0,17672
3858,2020-09-28 15:27:00,27.25,27.25,27.25,27.25,0,0,6774
3859,2020-09-28 15:28:00,27.25,27.26,27.23,27.25,0,0,18988
3860,2020-09-28 15:29:00,27.25,27.26,27.2,27.22,0,0,37222
3861,2020-09-28 15:30:00,27.22,27.22,27.18,27.19,0,0,14266
3862,2020-09-28 15:31:00,27.2,27.21,27.15,27.15,0,0,83333
3863,2020-09-28 15:32:00,27.16,27.16,27.12,27.13,0,0,16751
3864,2020-09-28 15:33:00,27.13,27.15,27.12,27.15,0,0,22688
3865,2020-09-28 15:34:00,27.15,27.16,27.15,27.15,0,0,14299
3866,2020-09-28 15:35:00,27.16,27.16,27.13,27.13,0,0,22537
3867,2020-09-28 15:36:00,27.13,27.13,27.11,27.12,0,0,18126
3868,2020-09-28 15:37:00,27.13,27.14,27.12,27.13,0,0,10398
3869,2020-09-28 15:38:00,27.12,27.12,27.11,27.11,0,0,98230
3870,2020-09-28 15:39:00,27.11,27.14,27.1,27.11,0,0,55615
3871,2020-09-28 15:40:00,27.1,27.11,27.09,27.1,0,0,102709
3872,2020-09-28 15:41:00,27.1,27.1,27.08,27.09,0,0,44686
3873,2020-09-28 15:42:00,27.1,27.12,27.09,27.12,0,0,60056
3874,2020-09-28 15:43:00,27.12,27.14,27.12,27.14,0,0,57622
3875,2020-09-28 15:44:00,27.15,27.16,27.12,27.13,0,0,17705
3876,2020-09-28 15:45:00,27.14,27.15,27.12,27.13,0,0,28225
3877,2020-09-28 15:46:00,27.12,27.14,27.1,27.11,0,0,35291
3878,2020-09-28 15:47:00,27.12,27.15,27.11,27.15,0,0,15197
3879,2020-09-28 15:48:00,27.14,27.15,27.11,27.12,0,0,27315
3880,2020-09-28 15:49:00,27.12,27.12,27.08,27.08,0,0,28777
3881,2020-09-28 15:50:00,27.09,27.15,27.06,27.1,0,0,70173
3882,2020-09-28 15:51:00,27.1,27.1,27.09,27.1,0,0,12296
3883,2020-09-28 15:52:00,27.09,27.15,27.09,27.15,0,0,141574
3884,2020-09-28 15:53:00,27.15,27.15,27.1,27.11,0,0,54749
3885,2020-09-28 15:54:00,27.11,27.11,27.1,27.1,0,0,71212
3886,2020-09-28 15:55:00,27.1,27.12,27.09,27.11,0,0,74507
3887,2020-09-28 15:56:00,27.11,27.12,27.09,27.1,0,0,101964
3888,2020-09-28 15:57:00,27.1,27.1,27.06,27.06,0,0,98163
3889,2020-09-28 15:58:00,27.07,27.09,27.06,27.07,0,0,145812
3890,2020-09-28 15:59:00,27.08,27.08,27.03,27.07,0,0,183933
3891,2020-09-30 09:30:00,26.79,27.02,26.75,26.99,0,0,160581
3892,2020-09-30 09:31:00,27.02,27.04,26.96,27.0,0,0,16158
3893,2020-09-30 09:32:00,26.98,27.0,26.84,26.94,0,0,74548
3894,2020-09-30 09:33:00,26.93,26.97,26.85,26.91,0,0,39829
3895,2020-09-30 09:34:00,26.93,26.95,26.9,26.92,0,0,16494
3896,2020-09-30 09:35:00,26.93,26.96,26.86,26.87,0,0,62147
3897,2020-09-30 09:36:00,26.86,26.86,26.73,26.75,0,0,40952
3898,2020-09-30 09:37:00,26.75,26.86,26.74,26.8,0,0,19224
3899,2020-09-30 09:38:00,26.79,26.88,26.78,26.87,0,0,12315
3900,2020-09-30 09:39:00,26.87,26.89,26.82,26.85,0,0,21491
3901,2020-09-30 09:40:00,26.85,26.89,26.82,26.83,0,0,57994
3902,2020-09-30 09:41:00,26.88,26.91,26.82,26.88,0,0,64405
3903,2020-09-30 09:42:00,26.87,26.92,26.84,26.85,0,0,33123
3904,2020-09-30 09:43:00,26.85,26.89,26.84,26.88,0,0,18983
3905,2020-09-30 09:44:00,26.88,26.89,26.85,26.85,0,0,14091
3906,2020-09-30 09:45:00,26.85,26.89,26.82,26.87,0,0,72519
3907,2020-09-30 09:46:00,26.87,26.89,26.82,26.85,0,0,38458
3908,2020-09-30 09:47:00,26.85,26.92,26.84,26.92,0,0,58151
3909,2020-09-30 09:48:00,26.92,26.92,26.85,26.89,0,0,71295
3910,2020-09-30 09:49:00,26.91,26.92,26.88,26.89,0,0,26823
3911,2020-09-30 09:50:00,26.88,26.93,26.87,26.92,0,0,45367
3912,2020-09-30 09:51:00,26.92,26.93,26.89,26.9,0,0,35771
3913,2020-09-30 09:52:00,26.9,26.92,26.85,26.86,0,0,114313
3914,2020-09-30 09:53:00,26.86,26.9,26.83,26.89,0,0,21482
3915,2020-09-30 09:54:00,26.89,26.9,26.85,26.86,0,0,28394
3916,2020-09-30 09:55:00,26.87,26.91,26.86,26.86,0,0,25179
3917,2020-09-30 09:56:00,26.87,26.89,26.84,26.89,0,0,19230
3918,2020-09-30 09:57:00,26.89,26.92,26.89,26.89,0,0,65949
3919,2020-09-30 09:58:00,26.89,26.91,26.88,26.9,0,0,23055
3920,2020-09-30 09:59:00,26.9,26.9,26.84,26.86,0,0,23003
3921,2020-09-30 10:00:00,26.87,26.91,26.87,26.89,0,0,25509
3922,2020-09-30 10:01:00,26.88,26.9,26.86,26.89,0,0,23469
3923,2020-09-30 10:02:00,26.89,26.9,26.88,26.88,0,0,13979
3924,2020-09-30 10:03:00,26.88,26.91,26.86,26.89,0,0,22496
3925,2020-09-30 10:04:00,26.9,26.91,26.88,26.9,0,0,29634
3926,2020-09-30 10:05:00,26.89,26.9,26.87,26.9,0,0,12571
3927,2020-09-30 10:06:00,26.89,26.91,26.88,26.89,0,0,20023
3928,2020-09-30 10:07:00,26.89,26.91,26.88,26.9,0,0,17740
3929,2020-09-30 10:08:00,26.9,26.92,26.9,26.91,0,0,32661
3930,2020-09-30 10:09:00,26.91,26.92,26.87,26.88,0,0,46746
3931,2020-09-30 10:10:00,26.88,26.92,26.88,26.92,0,0,60946
3932,2020-09-30 10:11:00,26.92,26.92,26.89,26.91,0,0,26136
3933,2020-09-30 10:12:00,26.91,26.92,26.9,26.92,0,0,106890
3934,2020-09-30 10:13:00,26.92,26.92,26.88,26.89,0,0,52596
3935,2020-09-30 10:14:00,26.88,26.88,26.77,26.77,0,0,76562
3936,2020-09-30 10:15:00,26.77,26.77,26.7,26.73,0,0,41867
3937,2020-09-30 10:16:00,26.74,26.75,26.68,26.7,0,0,48008
3938,2020-09-30 10:17:00,26.7,26.74,26.67,26.74,0,0,29547
3939,2020-09-30 10:18:00,26.73,26.74,26.71,26.72,0,0,25780
3940,2020-09-30 10:19:00,26.73,26.73,26.67,26.7,0,0,40338
3941,2020-09-30 10:20:00,26.71,26.73,26.69,26.72,0,0,37736
3942,2020-09-30 10:21:00,26.75,26.75,26.7,26.75,0,0,46181
3943,2020-09-30 10:22:00,26.75,26.81,26.73,26.81,0,0,66401
3944,2020-09-30 10:23:00,26.81,26.83,26.77,26.79,0,0,37431
3945,2020-09-30 10:24:00,26.79,26.84,26.79,26.84,0,0,77688
3946,2020-09-30 10:25:00,26.84,26.89,26.82,26.82,0,0,49697
3947,2020-09-30 10:26:00,26.83,26.83,26.8,26.82,0,0,16116
3948,2020-09-30 10:27:00,26.82,26.85,26.78,26.85,0,0,253580
3949,2020-09-30 10:28:00,26.85,26.91,26.85,26.88,0,0,28756
3950,2020-09-30 10:29:00,26.88,26.9,26.85,26.87,0,0,30350
3951,2020-09-30 10:30:00,26.87,26.9,26.85,26.9,0,0,23390
3952,2020-09-30 10:31:00,26.9,26.96,26.88,26.95,0,0,40307
3953,2020-09-30 10:32:00,26.95,26.96,26.93,26.95,0,0,22474
3954,2020-09-30 10:33:00,26.95,26.95,26.9,26.92,0,0,44159
3955,2020-09-30 10:34:00,26.92,26.94,26.92,26.92,0,0,20064
3956,2020-09-30 10:35:00,26.93,26.95,26.86,26.86,0,0,25679
3957,2020-09-30 10:36:00,26.87,26.92,26.86,26.91,0,0,27156
3958,2020-09-30 10:37:00,26.91,26.93,26.9,26.91,0,0,42173
3959,2020-09-30 10:38:00,26.91,26.92,26.89,26.9,0,0,54987
3960,2020-09-30 10:39:00,26.9,26.92,26.89,26.9,0,0,58931
3961,2020-09-30 10:40:00,26.91,26.92,26.89,26.89,0,0,39613
3962,2020-09-30 10:41:00,26.89,26.91,26.88,26.9,0,0,9866
3963,2020-09-30 10:42:00,26.9,26.9,26.88,26.9,0,0,10131
3964,2020-09-30 10:43:00,26.9,26.92,26.9,26.92,0,0,17579
3965,2020-09-30 10:44:00,26.92,26.92,26.91,26.92,0,0,7229
3966,2020-09-30 10:45:00,26.92,26.92,26.88,26.88,0,0,10101
3967,2020-09-30 10:46:00,26.88,26.9,26.86,26.9,0,0,13225
3968,2020-09-30 10:47:00,26.9,26.91,26.88,26.88,0,0,17115
3969,2020-09-30 10:48:00,26.89,26.89,26.84,26.84,0,0,15703
3970,2020-09-30 10:49:00,26.85,26.85,26.82,26.82,0,0,9446
3971,2020-09-30 10:50:00,26.83,26.83,26.8,26.83,0,0,17828
3972,2020-09-30 10:51:00,26.82,26.83,26.81,26.81,0,0,14730
3973,2020-09-30 10:52:00,26.82,26.84,26.81,26.82,0,0,8373
3974,2020-09-30 10:53:00,26.82,26.84,26.82,26.84,0,0,4112
3975,2020-09-30 10:54:00,26.84,26.84,26.78,26.78,0,0,129398
3976,2020-09-30 10:55:00,26.78,26.79,26.75,26.78,0,0,39195
3977,2020-09-30 10:56:00,26.78,26.81,26.78,26.79,0,0,7236
3978,2020-09-30 10:57:00,26.79,26.79,26.76,26.76,0,0,20225
3979,2020-09-30 10:58:00,26.76,26.78,26.73,26.78,0,0,12480
3980,2020-09-30 10:59:00,26.77,26.77,26.76,26.77,0,0,16392
3981,2020-09-30 11:00:00,26.76,26.83,26.76,26.83,0,0,28889
3982,2020-09-30 11:01:00,26.81,26.82,26.78,26.81,0,0,22513
3983,2020-09-30 11:02:00,26.8,26.83,26.8,26.82,0,0,21598
3984,2020-09-30 11:03:00,26.81,26.86,26.81,26.85,0,0,21401
3985,2020-09-30 11:04:00,26.84,26.86,26.84,26.85,0,0,12584
3986,2020-09-30 11:05:00,26.86,26.92,26.85,26.9,0,0,17038
3987,2020-09-30 11:06:00,26.9,26.92,26.89,26.92,0,0,13217
3988,2020-09-30 11:07:00,26.92,26.93,26.92,26.93,0,0,7398
3989,2020-09-30 11:08:00,26.94,26.94,26.93,26.94,0,0,16922
3990,2020-09-30 11:09:00,26.94,26.95,26.93,26.94,0,0,38477
3991,2020-09-30 11:10:00,26.95,26.96,26.94,26.94,0,0,15299
3992,2020-09-30 11:11:00,26.95,26.97,26.95,26.95,0,0,41235
3993,2020-09-30 11:12:00,26.95,27.0,26.95,26.99,0,0,55112
3994,2020-09-30 11:13:00,26.99,27.12,26.99,27.09,0,0,62051
3995,2020-09-30 11:14:00,27.08,27.09,27.03,27.04,0,0,54459
3996,2020-09-30 11:15:00,27.03,27.05,27.0,27.03,0,0,56667
3997,2020-09-30 11:16:00,27.03,27.03,27.01,27.02,0,0,32499
3998,2020-09-30 11:17:00,27.03,27.06,27.02,27.03,0,0,74139
3999,2020-09-30 11:18:00,27.03,27.03,27.02,27.03,0,0,9036
4000,2020-09-30 11:19:00,27.03,27.03,27.0,27.0,0,0,18019
4001,2020-09-30 11:20:00,26.99,27.01,26.98,27.0,0,0,20446
4002,2020-09-30 11:21:00,27.01,27.01,26.99,27.0,0,0,20045
4003,2020-09-30 11:22:00,27.0,27.0,26.97,26.99,0,0,14594
4004,2020-09-30 11:23:00,26.98,26.98,26.95,26.98,0,0,18010
4005,2020-09-30 11:24:00,26.98,26.99,26.95,26.96,0,0,9304
4006,2020-09-30 11:25:00,26.97,26.98,26.94,26.94,0,0,24378
4007,2020-09-30 11:26:00,26.94,26.96,26.94,26.95,0,0,10530
4008,2020-09-30 11:27:00,26.95,26.95,26.93,26.95,0,0,44415
4009,2020-09-30 11:28:00,26.95,26.99,26.95,26.99,0,0,116301
4010,2020-09-30 11:29:00,26.99,27.06,26.96,27.06,0,0,80315
4011,2020-09-30 11:30:00,27.07,27.07,27.04,27.07,0,0,9060
4012,2020-09-30 11:31:00,27.07,27.09,27.07,27.07,0,0,7000
4013,2020-09-30 11:32:00,27.06,27.07,27.05,27.05,0,0,8561
4014,2020-09-30 11:33:00,27.05,27.05,27.02,27.02,0,0,11307
4015,2020-09-30 11:34:00,27.02,27.02,27.01,27.02,0,0,7259
4016,2020-09-30 11:35:00,27.03,27.07,27.03,27.07,0,0,20168
4017,2020-09-30 11:36:00,27.08,27.08,27.05,27.07,0,0,8910
4018,2020-09-30 11:37:00,27.07,27.09,27.07,27.08,0,0,6670
4019,2020-09-30 11:38:00,27.08,27.08,27.06,27.08,0,0,5117
4020,2020-09-30 11:39:00,27.08,27.1,27.08,27.08,0,0,11406
4021,2020-09-30 11:40:00,27.09,27.1,27.06,27.08,0,0,12209
4022,2020-09-30 11:41:00,27.07,27.09,27.06,27.09,0,0,5037
4023,2020-09-30 11:42:00,27.09,27.09,27.08,27.09,0,0,3169
4024,2020-09-30 11:43:00,27.1,27.13,27.1,27.11,0,0,19511
4025,2020-09-30 11:44:00,27.12,27.13,27.12,27.12,0,0,4908
4026,2020-09-30 11:45:00,27.12,27.13,27.12,27.13,0,0,8766
4027,2020-09-30 11:46:00,27.12,27.15,27.12,27.15,0,0,34884
4028,2020-09-30 11:47:00,27.14,27.16,27.13,27.16,0,0,7101
4029,2020-09-30 11:48:00,27.16,27.17,27.15,27.16,0,0,11902
4030,2020-09-30 11:49:00,27.16,27.18,27.16,27.18,0,0,5373
4031,2020-09-30 11:50:00,27.19,27.2,27.17,27.18,0,0,12171
4032,2020-09-30 11:51:00,27.17,27.17,27.16,27.17,0,0,7005
4033,2020-09-30 11:52:00,27.16,27.17,27.16,27.16,0,0,3328
4034,2020-09-30 11:53:00,27.17,27.17,27.16,27.16,0,0,4710437
4035,2020-09-30 11:54:00,27.17,27.17,27.16,27.17,0,0,9689
4036,2020-09-30 11:55:00,27.17,27.17,27.16,27.17,0,0,18349
4037,2020-09-30 11:56:00,27.17,27.17,27.11,27.11,0,0,14367
4038,2020-09-30 11:57:00,27.11,27.16,27.11,27.16,0,0,10197
4039,2020-09-30 11:58:00,27.16,27.16,27.15,27.15,0,0,5854
4040,2020-09-30 11:59:00,27.15,27.17,27.15,27.17,0,0,4304
4041,2020-09-30 12:00:00,27.17,27.18,27.16,27.17,0,0,9727
4042,2020-09-30 12:01:00,27.12,27.17,27.12,27.12,0,0,19195
4043,2020-09-30 12:02:00,27.13,27.16,27.12,27.16,0,0,25320
4044,2020-09-30 12:03:00,27.16,27.19,27.16,27.16,0,0,26534
4045,2020-09-30 12:04:00,27.16,27.18,27.14,27.18,0,0,100302
4046,2020-09-30 12:05:00,27.17,27.21,27.17,27.21,0,0,13678
4047,2020-09-30 12:06:00,27.2,27.22,27.19,27.21,0,0,13068
4048,2020-09-30 12:07:00,27.21,27.23,27.21,27.21,0,0,5952
4049,2020-09-30 12:08:00,27.21,27.21,27.18,27.19,0,0,14143
4050,2020-09-30 12:09:00,27.19,27.24,27.19,27.24,0,0,11489
4051,2020-09-30 12:10:00,27.24,27.25,27.23,27.24,0,0,5982
4052,2020-09-30 12:11:00,27.25,27.25,27.23,27.23,0,0,8932
4053,2020-09-30 12:12:00,27.22,27.24,27.22,27.24,0,0,7692
4054,2020-09-30 12:13:00,27.24,27.24,27.17,27.19,0,0,23856
4055,2020-09-30 12:14:00,27.17,27.18,27.16,27.18,0,0,5678
4056,2020-09-30 12:15:00,27.17,27.18,27.16,27.17,0,0,10864
4057,2020-09-30 12:16:00,27.16,27.16,27.14,27.15,0,0,1469
4058,2020-09-30 12:17:00,27.15,27.16,27.14,27.16,0,0,10326
4059,2020-09-30 12:18:00,27.15,27.16,27.15,27.16,0,0,5773
4060,2020-09-30 12:19:00,27.14,27.15,27.12,27.14,0,0,14689
4061,2020-09-30 12:20:00,27.14,27.16,27.13,27.15,0,0,3679
4062,2020-09-30 12:21:00,27.16,27.18,27.14,27.15,0,0,9595
4063,2020-09-30 12:22:00,27.15,27.15,27.14,27.14,0,0,8206
4064,2020-09-30 12:23:00,27.14,27.17,27.13,27.17,0,0,4261
4065,2020-09-30 12:24:00,27.17,27.17,27.15,27.16,0,0,5331
4066,2020-09-30 12:25:00,27.16,27.16,27.14,27.15,0,0,6503
4067,2020-09-30 12:26:00,27.15,27.18,27.14,27.18,0,0,41973
4068,2020-09-30 12:27:00,27.21,27.21,27.18,27.21,0,0,6373
4069,2020-09-30 12:28:00,27.21,27.21,27.2,27.2,0,0,4886
4070,2020-09-30 12:29:00,27.21,27.21,27.2,27.21,0,0,3205
4071,2020-09-30 12:30:00,27.2,27.21,27.15,27.16,0,0,12557
4072,2020-09-30 12:31:00,27.19,27.2,27.15,27.19,0,0,6485
4073,2020-09-30 12:32:00,27.19,27.19,27.18,27.18,0,0,5943
4074,2020-09-30 12:33:00,27.18,27.2,27.16,27.18,0,0,7928
4075,2020-09-30 12:34:00,27.18,27.18,27.16,27.16,0,0,3457
4076,2020-09-30 12:35:00,27.17,27.17,27.14,27.15,0,0,12166
4077,2020-09-30 12:36:00,27.15,27.16,27.14,27.14,0,0,5384
4078,2020-09-30 12:37:00,27.15,27.16,27.12,27.16,0,0,15495
4079,2020-09-30 12:38:00,27.16,27.16,27.14,27.15,0,0,6806
4080,2020-09-30 12:39:00,27.15,27.15,27.13,27.15,0,0,17068
4081,2020-09-30 12:40:00,27.15,27.17,27.15,27.16,0,0,9995
4082,2020-09-30 12:41:00,27.15,27.16,27.15,27.15,0,0,3617
4083,2020-09-30 12:42:00,27.15,27.16,27.12,27.13,0,0,9847
4084,2020-09-30 12:43:00,27.14,27.14,27.12,27.13,0,0,8322
4085,2020-09-30 12:44:00,27.14,27.15,27.12,27.15,0,0,15061
4086,2020-09-30 12:45:00,27.15,27.17,27.15,27.17,0,0,11870
4087,2020-09-30 12:46:00,27.16,27.17,27.15,27.17,0,0,7061
4088,2020-09-30 12:47:00,27.17,27.2,27.17,27.18,0,0,10721
4089,2020-09-30 12:48:00,27.18,27.18,27.17,27.17,0,0,5269
4090,2020-09-30 12:49:00,27.18,27.18,27.14,27.14,0,0,15282
4091,2020-09-30 12:50:00,27.14,27.15,27.13,27.14,0,0,7902
4092,2020-09-30 12:51:00,27.15,27.18,27.14,27.16,0,0,4982
4093,2020-09-30 12:52:00,27.16,27.17,27.14,27.14,0,0,7825
4094,2020-09-30 12:53:00,27.14,27.14,27.1,27.1,0,0,17106
4095,2020-09-30 12:54:00,27.1,27.11,27.09,27.11,0,0,7106
4096,2020-09-30 12:55:00,27.11,27.12,27.11,27.12,0,0,14209
4097,2020-09-30 12:56:00,27.12,27.13,27.11,27.11,0,0,4533
4098,2020-09-30 12:57:00,27.11,27.12,27.1,27.12,0,0,5116
4099,2020-09-30 12:58:00,27.12,27.15,27.11,27.15,0,0,6004
4100,2020-09-30 12:59:00,27.15,27.16,27.15,27.16,0,0,3430
4101,2020-09-30 13:00:00,27.16,27.16,27.11,27.12,0,0,8233
4102,2020-09-30 13:01:00,27.11,27.12,27.11,27.11,0,0,1690
4103,2020-09-30 13:02:00,27.11,27.11,27.06,27.06,0,0,9459
4104,2020-09-30 13:03:00,27.06,27.06,27.01,27.01,0,0,7784
4105,2020-09-30 13:04:00,27.0,27.02,27.0,27.01,0,0,6139
4106,2020-09-30 13:05:00,27.01,27.03,27.01,27.03,0,0,7619
4107,2020-09-30 13:06:00,27.02,27.03,27.0,27.0,0,0,6341
4108,2020-09-30 13:07:00,27.01,27.01,26.97,26.99,0,0,18494
4109,2020-09-30 13:08:00,26.99,26.99,26.97,26.99,0,0,7077
4110,2020-09-30 13:09:00,26.99,26.99,26.98,26.98,0,0,9171
4111,2020-09-30 13:10:00,26.99,27.0,26.97,26.99,0,0,21164
4112,2020-09-30 13:11:00,26.99,26.99,26.97,26.98,0,0,10389
4113,2020-09-30 13:12:00,26.98,26.99,26.98,26.99,0,0,5989
4114,2020-09-30 13:13:00,26.99,27.0,26.98,27.0,0,0,4090
4115,2020-09-30 13:14:00,27.0,27.02,26.99,26.99,0,0,15585
4116,2020-09-30 13:15:00,26.99,27.01,26.99,26.99,0,0,7826
4117,2020-09-30 13:16:00,27.0,27.02,26.99,27.02,0,0,3857
4118,2020-09-30 13:17:00,27.01,27.04,27.01,27.02,0,0,7244
4119,2020-09-30 13:18:00,27.02,27.03,27.0,27.01,0,0,13447
4120,2020-09-30 13:19:00,27.01,27.05,27.0,27.04,0,0,7924
4121,2020-09-30 13:20:00,27.03,27.03,27.01,27.02,0,0,6589
4122,2020-09-30 13:21:00,27.02,27.03,27.01,27.01,0,0,6857
4123,2020-09-30 13:22:00,27.01,27.02,27.0,27.01,0,0,15426
4124,2020-09-30 13:23:00,27.02,27.03,27.01,27.01,0,0,6722
4125,2020-09-30 13:24:00,27.02,27.03,27.0,27.03,0,0,8179
4126,2020-09-30 13:25:00,27.03,27.03,27.01,27.01,0,0,9795
4127,2020-09-30 13:26:00,27.0,27.05,27.0,27.05,0,0,23263
4128,2020-09-30 13:27:00,27.04,27.06,27.03,27.04,0,0,20907
4129,2020-09-30 13:28:00,27.04,27.04,27.03,27.03,0,0,10319
4130,2020-09-30 13:29:00,27.03,27.06,27.03,27.05,0,0,21316
4131,2020-09-30 13:30:00,27.05,27.08,27.05,27.07,0,0,10068
4132,2020-09-30 13:31:00,27.07,27.08,27.05,27.08,0,0,12658
4133,2020-09-30 13:32:00,27.08,27.08,27.06,27.06,0,0,4136
4134,2020-09-30 13:33:00,27.06,27.08,27.06,27.07,0,0,5198
4135,2020-09-30 13:34:00,27.07,27.09,27.06,27.09,0,0,13555
4136,2020-09-30 13:35:00,27.1,27.11,27.08,27.1,0,0,14842
4137,2020-09-30 13:36:00,27.11,27.11,27.09,27.09,0,0,4233
4138,2020-09-30 13:37:00,27.09,27.1,27.08,27.1,0,0,4738
4139,2020-09-30 13:38:00,27.09,27.1,27.09,27.09,0,0,3255
4140,2020-09-30 13:39:00,27.1,27.1,27.08,27.1,0,0,13618
4141,2020-09-30 13:40:00,27.11,27.11,27.09,27.09,0,0,10091
4142,2020-09-30 13:41:00,27.09,27.09,27.07,27.08,0,0,9465
4143,2020-09-30 13:42:00,27.07,27.07,27.06,27.07,0,0,5185
4144,2020-09-30 13:43:00,27.06,27.08,27.05,27.07,0,0,13267
4145,2020-09-30 13:44:00,27.07,27.09,27.07,27.08,0,0,8403
4146,2020-09-30 13:45:00,27.08,27.11,27.08,27.1,0,0,8664
4147,2020-09-30 13:46:00,27.1,27.12,27.09,27.12,0,0,8540
4148,2020-09-30 13:47:00,27.12,27.13,27.12,27.13,0,0,8630
4149,2020-09-30 13:48:00,27.12,27.13,27.12,27.12,0,0,12334
4150,2020-09-30 13:49:00,27.12,27.14,27.12,27.14,0,0,6422
4151,2020-09-30 13:50:00,27.14,27.15,27.14,27.15,0,0,2796
4152,2020-09-30 13:51:00,27.15,27.16,27.14,27.15,0,0,12204
4153,2020-09-30 13:52:00,27.13,27.14,27.12,27.12,0,0,5503
4154,2020-09-30 13:53:00,27.12,27.15,27.12,27.14,0,0,5341
4155,2020-09-30 13:54:00,27.15,27.17,27.15,27.16,0,0,7719
4156,2020-09-30 13:55:00,27.16,27.16,27.15,27.15,0,0,7893
4157,2020-09-30 13:56:00,27.15,27.18,27.15,27.18,0,0,9932
4158,2020-09-30 13:57:00,27.18,27.19,27.17,27.19,0,0,10545
4159,2020-09-30 13:58:00,27.19,27.19,27.17,27.17,0,0,4879
4160,2020-09-30 13:59:00,27.18,27.19,27.17,27.19,0,0,5238
4161,2020-09-30 14:00:00,27.19,27.2,27.19,27.19,0,0,2342
4162,2020-09-30 14:01:00,27.2,27.23,27.2,27.22,0,0,28400
4163,2020-09-30 14:02:00,27.23,27.23,27.22,27.23,0,0,3801
4164,2020-09-30 14:03:00,27.23,27.23,27.18,27.2,0,0,9510
4165,2020-09-30 14:04:00,27.19,27.2,27.18,27.18,0,0,5509
4166,2020-09-30 14:05:00,27.19,27.2,27.18,27.19,0,0,4809
4167,2020-09-30 14:06:00,27.2,27.22,27.19,27.22,0,0,9101
4168,2020-09-30 14:07:00,27.23,27.24,27.2,27.22,0,0,8630
4169,2020-09-30 14:08:00,27.22,27.23,27.21,27.21,0,0,9253
4170,2020-09-30 14:09:00,27.21,27.23,27.21,27.23,0,0,4687
4171,2020-09-30 14:10:00,27.23,27.24,27.23,27.23,0,0,4286
4172,2020-09-30 14:11:00,27.23,27.23,27.2,27.22,0,0,9513
4173,2020-09-30 14:12:00,27.21,27.21,27.2,27.2,0,0,2035
4174,2020-09-30 14:13:00,27.2,27.2,27.19,27.2,0,0,6204
4175,2020-09-30 14:14:00,27.19,27.21,27.19,27.19,0,0,6464
4176,2020-09-30 14:15:00,27.2,27.21,27.17,27.17,0,0,25211
4177,2020-09-30 14:16:00,27.17,27.17,27.16,27.17,0,0,5127
4178,2020-09-30 14:17:00,27.17,27.18,27.15,27.18,0,0,7063
4179,2020-09-30 14:18:00,27.18,27.19,27.16,27.17,0,0,9165
4180,2020-09-30 14:19:00,27.17,27.18,27.16,27.17,0,0,4733
4181,2020-09-30 14:20:00,27.17,27.2,27.17,27.2,0,0,17294
4182,2020-09-30 14:21:00,27.2,27.21,27.2,27.21,0,0,7742
4183,2020-09-30 14:22:00,27.22,27.24,27.21,27.24,0,0,23530
4184,2020-09-30 14:23:00,27.23,27.24,27.14,27.14,0,0,36807
4185,2020-09-30 14:24:00,27.15,27.17,27.1,27.12,0,0,18097
4186,2020-09-30 14:25:00,27.11,27.13,27.1,27.12,0,0,7640
4187,2020-09-30 14:26:00,27.12,27.15,27.11,27.12,0,0,18309
4188,2020-09-30 14:27:00,27.15,27.17,27.12,27.15,0,0,7966
4189,2020-09-30 14:28:00,27.16,27.19,27.14,27.19,0,0,12028
4190,2020-09-30 14:29:00,27.19,27.19,27.18,27.18,0,0,3542
4191,2020-09-30 14:30:00,27.17,27.18,27.15,27.16,0,0,15179
4192,2020-09-30 14:31:00,27.16,27.19,27.16,27.18,0,0,10871
4193,2020-09-30 14:32:00,27.18,27.22,27.15,27.22,0,0,26767
4194,2020-09-30 14:33:00,27.21,27.21,27.19,27.2,0,0,14732
4195,2020-09-30 14:34:00,27.2,27.2,27.19,27.2,0,0,4757
4196,2020-09-30 14:35:00,27.21,27.21,27.16,27.16,0,0,24672
4197,2020-09-30 14:36:00,27.16,27.16,27.14,27.15,0,0,28858
4198,2020-09-30 14:37:00,27.16,27.16,27.14,27.14,0,0,6707
4199,2020-09-30 14:38:00,27.14,27.14,27.13,27.13,0,0,4007
4200,2020-09-30 14:39:00,27.13,27.14,27.1,27.12,0,0,7608
4201,2020-09-30 14:40:00,27.12,27.14,27.11,27.13,0,0,5281
4202,2020-09-30 14:41:00,27.14,27.15,27.13,27.14,0,0,12857
4203,2020-09-30 14:42:00,27.14,27.15,27.11,27.11,0,0,10246
4204,2020-09-30 14:43:00,27.12,27.12,27.08,27.08,0,0,10778
4205,2020-09-30 14:44:00,27.06,27.09,27.03,27.09,0,0,11953
4206,2020-09-30 14:45:00,27.08,27.1,27.07,27.09,0,0,4971
4207,2020-09-30 14:46:00,27.1,27.1,27.08,27.08,0,0,5978
4208,2020-09-30 14:47:00,27.08,27.08,27.02,27.04,0,0,17602
4209,2020-09-30 14:48:00,27.02,27.05,27.02,27.02,0,0,8809
4210,2020-09-30 14:49:00,27.02,27.03,27.01,27.02,0,0,5942
4211,2020-09-30 14:50:00,27.01,27.02,26.98,27.02,0,0,28544
4212,2020-09-30 14:51:00,27.02,27.08,27.02,27.07,0,0,8769
4213,2020-09-30 14:52:00,27.07,27.08,27.06,27.08,0,0,8905
4214,2020-09-30 14:53:00,27.07,27.07,27.04,27.05,0,0,13299
4215,2020-09-30 14:54:00,27.05,27.05,27.01,27.02,0,0,5978
4216,2020-09-30 14:55:00,27.02,27.05,27.01,27.05,0,0,4097
4217,2020-09-30 14:56:00,27.05,27.11,27.05,27.1,0,0,12857
4218,2020-09-30 14:57:00,27.11,27.11,27.09,27.11,0,0,9483
4219,2020-09-30 14:58:00,27.11,27.13,27.1,27.13,0,0,10121
4220,2020-09-30 14:59:00,27.13,27.14,27.13,27.14,0,0,3622
4221,2020-09-30 15:00:00,27.13,27.15,27.12,27.14,0,0,6592
4222,2020-09-30 15:01:00,27.14,27.15,27.12,27.15,0,0,5710
4223,2020-09-30 15:02:00,27.14,27.14,27.12,27.13,0,0,5117
4224,2020-09-30 15:03:00,27.14,27.15,27.13,27.13,0,0,3513
4225,2020-09-30 15:04:00,27.13,27.13,27.09,27.09,0,0,8875
4226,2020-09-30 15:05:00,27.09,27.13,27.09,27.13,0,0,10785
4227,2020-09-30 15:06:00,27.12,27.13,27.12,27.13,0,0,8145
4228,2020-09-30 15:07:00,27.14,27.15,27.12,27.14,0,0,18069
4229,2020-09-30 15:08:00,27.14,27.17,27.14,27.16,0,0,11237
4230,2020-09-30 15:09:00,27.16,27.17,27.16,27.16,0,0,20879
4231,2020-09-30 15:10:00,27.16,27.17,27.15,27.15,0,0,8287
4232,2020-09-30 15:11:00,27.15,27.15,27.04,27.05,0,0,42091
4233,2020-09-30 15:12:00,27.06,27.1,27.06,27.08,0,0,15529
4234,2020-09-30 15:13:00,27.08,27.08,27.04,27.07,0,0,12310
4235,2020-09-30 15:14:00,27.07,27.08,27.07,27.08,0,0,6264
4236,2020-09-30 15:15:00,27.08,27.08,27.05,27.06,0,0,10812
4237,2020-09-30 15:16:00,27.05,27.07,27.03,27.03,0,0,24552
4238,2020-09-30 15:17:00,27.03,27.03,26.99,27.0,0,0,10147
4239,2020-09-30 15:18:00,27.0,27.01,26.99,26.99,0,0,6199
4240,2020-09-30 15:19:00,27.0,27.0,26.92,26.92,0,0,25094
4241,2020-09-30 15:20:00,26.92,26.93,26.9,26.91,0,0,25671
4242,2020-09-30 15:21:00,26.9,26.92,26.88,26.91,0,0,27940
4243,2020-09-30 15:22:00,26.91,26.92,26.91,26.92,0,0,14492
4244,2020-09-30 15:23:00,26.92,26.93,26.91,26.92,0,0,23689
4245,2020-09-30 15:24:00,26.91,26.95,26.91,26.93,0,0,14857
4246,2020-09-30 15:25:00,26.93,26.95,26.9,26.95,0,0,49193
4247,2020-09-30 15:26:00,26.94,26.99,26.94,26.99,0,0,13340
4248,2020-09-30 15:27:00,26.99,27.0,26.97,27.0,0,0,12569
4249,2020-09-30 15:28:00,27.0,27.03,26.99,27.03,0,0,25318
4250,2020-09-30 15:29:00,27.03,27.04,27.02,27.04,0,0,7485
4251,2020-09-30 15:30:00,27.03,27.03,26.94,26.96,0,0,18195
4252,2020-09-30 15:31:00,26.96,26.97,26.93,26.94,0,0,13247
4253,2020-09-30 15:32:00,26.93,26.93,26.91,26.93,0,0,24938
4254,2020-09-30 15:33:00,26.93,26.94,26.91,26.92,0,0,28389
4255,2020-09-30 15:34:00,26.92,26.95,26.91,26.94,0,0,21004
4256,2020-09-30 15:35:00,26.95,26.95,26.92,26.92,0,0,16742
4257,2020-09-30 15:36:00,26.92,26.95,26.92,26.93,0,0,10923
4258,2020-09-30 15:37:00,26.93,26.97,26.93,26.96,0,0,14101
4259,2020-09-30 15:38:00,26.97,27.0,26.97,27.0,0,0,30988
4260,2020-09-30 15:39:00,27.0,27.0,26.97,26.98,0,0,12775
4261,2020-09-30 15:40:00,26.97,26.97,26.92,26.94,0,0,15861
4262,2020-09-30 15:41:00,26.93,26.98,26.93,26.98,0,0,17731
4263,2020-09-30 15:42:00,26.98,26.98,26.97,26.97,0,0,21444
4264,2020-09-30 15:43:00,26.97,26.98,26.91,26.93,0,0,50656
4265,2020-09-30 15:44:00,26.92,26.93,26.91,26.92,0,0,34977
4266,2020-09-30 15:45:00,26.92,26.93,26.9,26.9,0,0,53191
4267,2020-09-30 15:46:00,26.9,26.9,26.89,26.9,0,0,21975
4268,2020-09-30 15:47:00,26.9,26.92,26.89,26.89,0,0,133373
4269,2020-09-30 15:48:00,26.89,26.9,26.84,26.85,0,0,75577
4270,2020-09-30 15:49:00,26.85,26.86,26.83,26.84,0,0,95709
4271,2020-09-30 15:50:00,26.85,26.86,26.83,26.85,0,0,84990
4272,2020-09-30 15:51:00,26.85,26.87,26.85,26.87,0,0,87761
4273,2020-09-30 15:52:00,26.86,26.87,26.84,26.85,0,0,89044
4274,2020-09-30 15:53:00,26.85,26.87,26.85,26.85,0,0,76479
4275,2020-09-30 15:54:00,26.86,26.86,26.82,26.82,0,0,84052
4276,2020-09-30 15:55:00,26.83,26.83,26.81,26.81,0,0,144496
4277,2020-09-30 15:56:00,26.82,26.85,26.81,26.83,0,0,133231
4278,2020-09-30 15:57:00,26.82,26.88,26.82,26.87,0,0,125759
4279,2020-09-30 15:58:00,26.87,26.88,26.87,26.88,0,0,63384
4280,2020-09-30 15:59:00,26.88,26.91,26.85,26.86,0,0,184393
4281,2020-10-01 09:30:00,27.19,27.19,26.88,26.9,0,0,251015
4282,2020-10-01 09:31:00,26.88,27.0,26.87,26.98,0,0,65065
4283,2020-10-01 09:32:00,26.97,27.15,26.9,27.13,0,0,77130
4284,2020-10-01 09:33:00,27.11,27.11,26.99,27.0,0,0,43306
4285,2020-10-01 09:34:00,27.0,27.1,27.0,27.04,0,0,83836
4286,2020-10-01 09:35:00,27.03,27.14,26.97,27.13,0,0,69001
4287,2020-10-01 09:36:00,27.13,27.24,27.11,27.24,0,0,80419
4288,2020-10-01 09:37:00,27.24,27.3,27.16,27.19,0,0,78009
4289,2020-10-01 09:38:00,27.19,27.24,27.11,27.23,0,0,33554
4290,2020-10-01 09:39:00,27.22,27.25,27.16,27.24,0,0,43741
4291,2020-10-01 09:40:00,27.25,27.28,27.18,27.28,0,0,35829
4292,2020-10-01 09:41:00,27.28,27.35,27.27,27.35,0,0,47249
4293,2020-10-01 09:42:00,27.33,27.35,27.29,27.33,0,0,30961
4294,2020-10-01 09:43:00,27.33,27.37,27.29,27.37,0,0,31879
4295,2020-10-01 09:44:00,27.38,27.42,27.36,27.37,0,0,52729
4296,2020-10-01 09:45:00,27.37,27.4,27.35,27.39,0,0,34960
4297,2020-10-01 09:46:00,27.41,27.41,27.36,27.36,0,0,31276
4298,2020-10-01 09:47:00,27.36,27.4,27.36,27.38,0,0,32219
4299,2020-10-01 09:48:00,27.39,27.45,27.39,27.45,0,0,42026
4300,2020-10-01 09:49:00,27.45,27.57,27.45,27.55,0,0,90318
4301,2020-10-01 09:50:00,27.54,27.59,27.54,27.55,0,0,36887
4302,2020-10-01 09:51:00,27.54,27.56,27.49,27.5,0,0,25168
4303,2020-10-01 09:52:00,27.5,27.5,27.46,27.46,0,0,22089
4304,2020-10-01 09:53:00,27.46,27.46,27.42,27.44,0,0,33417
4305,2020-10-01 09:54:00,27.45,27.46,27.38,27.42,0,0,29748
4306,2020-10-01 09:55:00,27.41,27.49,27.41,27.48,0,0,36211
4307,2020-10-01 09:56:00,27.48,27.52,27.42,27.44,0,0,36025
4308,2020-10-01 09:57:00,27.44,27.45,27.4,27.45,0,0,19590
4309,2020-10-01 09:58:00,27.44,27.44,27.36,27.4,0,0,24419
4310,2020-10-01 09:59:00,27.39,27.41,27.38,27.38,0,0,18287
4311,2020-10-01 10:00:00,27.37,27.38,27.28,27.3,0,0,105341
4312,2020-10-01 10:01:00,27.3,27.3,27.19,27.23,0,0,41683
4313,2020-10-01 10:02:00,27.24,27.28,27.23,27.28,0,0,25328
4314,2020-10-01 10:03:00,27.29,27.37,27.27,27.35,0,0,24955
4315,2020-10-01 10:04:00,27.36,27.37,27.27,27.28,0,0,20804
4316,2020-10-01 10:05:00,27.26,27.26,27.17,27.19,0,0,25294
4317,2020-10-01 10:06:00,27.18,27.2,27.13,27.15,0,0,30199
4318,2020-10-01 10:07:00,27.15,27.23,27.15,27.21,0,0,36984
4319,2020-10-01 10:08:00,27.2,27.2,27.11,27.15,0,0,34673
4320,2020-10-01 10:09:00,27.15,27.19,27.14,27.18,0,0,13873
4321,2020-10-01 10:10:00,27.17,27.24,27.17,27.22,0,0,18340
4322,2020-10-01 10:11:00,27.23,27.23,27.18,27.18,0,0,42465
4323,2020-10-01 10:12:00,27.18,27.23,27.18,27.2,0,0,25385
4324,2020-10-01 10:13:00,27.2,27.25,27.2,27.23,0,0,13790
4325,2020-10-01 10:14:00,27.23,27.26,27.23,27.25,0,0,18330
4326,2020-10-01 10:15:00,27.25,27.27,27.24,27.27,0,0,23174
4327,2020-10-01 10:16:00,27.26,27.26,27.21,27.21,0,0,21377
4328,2020-10-01 10:17:00,27.21,27.31,27.19,27.3,0,0,36560
4329,2020-10-01 10:18:00,27.31,27.38,27.3,27.36,0,0,24776
4330,2020-10-01 10:19:00,27.36,27.36,27.29,27.29,0,0,47042
4331,2020-10-01 10:20:00,27.4,27.41,27.3,27.4,0,0,29790
4332,2020-10-01 10:21:00,27.4,27.41,27.37,27.41,0,0,13958
4333,2020-10-01 10:22:00,27.41,27.43,27.37,27.42,0,0,40760
4334,2020-10-01 10:23:00,27.41,27.44,27.41,27.43,0,0,20410
4335,2020-10-01 10:24:00,27.43,27.43,27.35,27.35,0,0,24220
4336,2020-10-01 10:25:00,27.35,27.36,27.32,27.35,0,0,57114
4337,2020-10-01 10:26:00,27.36,27.37,27.24,27.24,0,0,29918
4338,2020-10-01 10:27:00,27.24,27.32,27.24,27.31,0,0,34644
4339,2020-10-01 10:28:00,27.3,27.31,27.24,27.24,0,0,14344
4340,2020-10-01 10:29:00,27.24,27.3,27.24,27.29,0,0,35777
4341,2020-10-01 10:30:00,27.28,27.28,27.21,27.23,0,0,15082
4342,2020-10-01 10:31:00,27.23,27.31,27.23,27.27,0,0,31772
4343,2020-10-01 10:32:00,27.25,27.28,27.25,27.25,0,0,16749
4344,2020-10-01 10:33:00,27.26,27.28,27.25,27.25,0,0,29423
4345,2020-10-01 10:34:00,27.25,27.27,27.24,27.25,0,0,11666
4346,2020-10-01 10:35:00,27.25,27.27,27.24,27.25,0,0,28536
4347,2020-10-01 10:36:00,27.25,27.27,27.24,27.27,0,0,21872
4348,2020-10-01 10:37:00,27.27,27.27,27.25,27.27,0,0,29619
4349,2020-10-01 10:38:00,27.27,27.27,27.25,27.25,0,0,36925
4350,2020-10-01 10:39:00,27.25,27.28,27.25,27.27,0,0,12059
4351,2020-10-01 10:40:00,27.28,27.28,27.25,27.25,0,0,21554
4352,2020-10-01 10:41:00,27.26,27.26,27.17,27.2,0,0,37054
4353,2020-10-01 10:42:00,27.21,27.22,27.18,27.18,0,0,15451
4354,2020-10-01 10:43:00,27.19,27.21,27.19,27.21,0,0,12393
4355,2020-10-01 10:44:00,27.21,27.26,27.2,27.26,0,0,16020
4356,2020-10-01 10:45:00,27.26,27.33,27.26,27.29,0,0,29348
4357,2020-10-01 10:46:00,27.28,27.29,27.28,27.29,0,0,16668
4358,2020-10-01 10:47:00,27.3,27.31,27.28,27.28,0,0,12700
4359,2020-10-01 10:48:00,27.28,27.29,27.23,27.29,0,0,23231
4360,2020-10-01 10:49:00,27.3,27.32,27.29,27.32,0,0,25297
4361,2020-10-01 10:50:00,27.33,27.33,27.3,27.31,0,0,19422
4362,2020-10-01 10:51:00,27.32,27.32,27.29,27.29,0,0,23618
4363,2020-10-01 10:52:00,27.3,27.35,27.29,27.34,0,0,14881
4364,2020-10-01 10:53:00,27.34,27.35,27.31,27.33,0,0,11299
4365,2020-10-01 10:54:00,27.32,27.35,27.31,27.32,0,0,17779
4366,2020-10-01 10:55:00,27.32,27.32,27.3,27.31,0,0,9808
4367,2020-10-01 10:56:00,27.31,27.31,27.29,27.31,0,0,24475
4368,2020-10-01 10:57:00,27.32,27.32,27.29,27.29,0,0,8111
4369,2020-10-01 10:58:00,27.3,27.35,27.28,27.35,0,0,31283
4370,2020-10-01 10:59:00,27.35,27.38,27.34,27.38,0,0,38866
4371,2020-10-01 11:00:00,27.39,27.41,27.35,27.37,0,0,25667
4372,2020-10-01 11:01:00,27.36,27.38,27.34,27.34,0,0,8151
4373,2020-10-01 11:02:00,27.34,27.35,27.33,27.35,0,0,15720
4374,2020-10-01 11:03:00,27.37,27.39,27.34,27.34,0,0,14149
4375,2020-10-01 11:04:00,27.34,27.37,27.32,27.36,0,0,19205
4376,2020-10-01 11:05:00,27.35,27.37,27.35,27.36,0,0,4975
4377,2020-10-01 11:06:00,27.36,27.4,27.35,27.4,0,0,21563
4378,2020-10-01 11:07:00,27.4,27.45,27.4,27.44,0,0,28538
4379,2020-10-01 11:08:00,27.46,27.47,27.44,27.46,0,0,36869
4380,2020-10-01 11:09:00,27.47,27.47,27.45,27.46,0,0,21269
4381,2020-10-01 11:10:00,27.46,27.46,27.42,27.43,0,0,29883
4382,2020-10-01 11:11:00,27.43,27.43,27.36,27.39,0,0,26917
4383,2020-10-01 11:12:00,27.39,27.43,27.39,27.42,0,0,9277
4384,2020-10-01 11:13:00,27.42,27.43,27.39,27.39,0,0,12498
4385,2020-10-01 11:14:00,27.4,27.4,27.37,27.37,0,0,9095
4386,2020-10-01 11:15:00,27.37,27.4,27.36,27.39,0,0,10967
4387,2020-10-01 11:16:00,27.39,27.39,27.36,27.36,0,0,14030
4388,2020-10-01 11:17:00,27.36,27.37,27.32,27.33,0,0,14111
4389,2020-10-01 11:18:00,27.33,27.38,27.33,27.38,0,0,23858
4390,2020-10-01 11:19:00,27.39,27.39,27.37,27.39,0,0,12082
4391,2020-10-01 11:20:00,27.4,27.42,27.39,27.4,0,0,12090
4392,2020-10-01 11:21:00,27.4,27.41,27.4,27.41,0,0,4053
4393,2020-10-01 11:22:00,27.41,27.42,27.4,27.42,0,0,24604
4394,2020-10-01 11:23:00,27.42,27.43,27.4,27.41,0,0,6817
4395,2020-10-01 11:24:00,27.41,27.43,27.41,27.42,0,0,9526
4396,2020-10-01 11:25:00,27.41,27.43,27.41,27.43,0,0,7188
4397,2020-10-01 11:26:00,27.42,27.43,27.42,27.42,0,0,5375
4398,2020-10-01 11:27:00,27.42,27.44,27.42,27.43,0,0,16638
4399,2020-10-01 11:28:00,27.44,27.44,27.43,27.43,0,0,9324
4400,2020-10-01 11:29:00,27.43,27.44,27.4,27.41,0,0,14873
4401,2020-10-01 11:30:00,27.41,27.43,27.41,27.42,0,0,6394
4402,2020-10-01 11:31:00,27.42,27.42,27.39,27.4,0,0,10979
4403,2020-10-01 11:32:00,27.4,27.43,27.39,27.42,0,0,15149
4404,2020-10-01 11:33:00,27.43,27.43,27.42,27.42,0,0,4279
4405,2020-10-01 11:34:00,27.42,27.44,27.42,27.42,0,0,7107
4406,2020-10-01 11:35:00,27.42,27.43,27.4,27.42,0,0,14264
4407,2020-10-01 11:36:00,27.41,27.42,27.4,27.41,0,0,9315
4408,2020-10-01 11:37:00,27.41,27.42,27.4,27.42,0,0,13161
4409,2020-10-01 11:38:00,27.42,27.44,27.42,27.43,0,0,6935
4410,2020-10-01 11:39:00,27.43,27.43,27.42,27.42,0,0,5743
4411,2020-10-01 11:40:00,27.42,27.42,27.42,27.42,0,0,4271
4412,2020-10-01 11:41:00,27.36,27.42,27.36,27.36,0,0,15299
4413,2020-10-01 11:42:00,27.36,27.37,27.35,27.35,0,0,14274
4414,2020-10-01 11:43:00,27.35,27.36,27.35,27.36,0,0,20378
4415,2020-10-01 11:44:00,27.36,27.36,27.35,27.36,0,0,7951
4416,2020-10-01 11:45:00,27.35,27.36,27.3,27.31,0,0,24981
4417,2020-10-01 11:46:00,27.32,27.32,27.29,27.29,0,0,12594
4418,2020-10-01 11:47:00,27.29,27.3,27.28,27.28,0,0,15873
4419,2020-10-01 11:48:00,27.28,27.3,27.27,27.28,0,0,29863
4420,2020-10-01 11:49:00,27.3,27.31,27.28,27.3,0,0,21552
4421,2020-10-01 11:50:00,27.27,27.3,27.27,27.27,0,0,11781
4422,2020-10-01 11:51:00,27.27,27.27,27.23,27.23,0,0,13495
4423,2020-10-01 11:52:00,27.22,27.25,27.22,27.25,0,0,17299
4424,2020-10-01 11:53:00,27.24,27.24,27.22,27.23,0,0,4746
4425,2020-10-01 11:54:00,27.22,27.23,27.21,27.22,0,0,11250
4426,2020-10-01 11:55:00,27.22,27.23,27.2,27.2,0,0,15697
4427,2020-10-01 11:56:00,27.2,27.22,27.2,27.22,0,0,19707
4428,2020-10-01 11:57:00,27.23,27.25,27.23,27.24,0,0,6604
4429,2020-10-01 11:58:00,27.23,27.24,27.22,27.23,0,0,10001
4430,2020-10-01 11:59:00,27.22,27.22,27.19,27.2,0,0,16136
4431,2020-10-01 12:00:00,27.2,27.21,27.19,27.19,0,0,8991
4432,2020-10-01 12:01:00,27.19,27.19,27.17,27.18,0,0,16110
4433,2020-10-01 12:02:00,27.18,27.19,27.17,27.18,0,0,11497
4434,2020-10-01 12:03:00,27.17,27.18,27.16,27.17,0,0,9545
4435,2020-10-01 12:04:00,27.17,27.18,27.17,27.17,0,0,6315
4436,2020-10-01 12:05:00,27.18,27.18,27.14,27.16,0,0,9613
4437,2020-10-01 12:06:00,27.15,27.18,27.15,27.18,0,0,15167
4438,2020-10-01 12:07:00,27.18,27.19,27.17,27.18,0,0,14253
4439,2020-10-01 12:08:00,27.18,27.2,27.18,27.18,0,0,5678
4440,2020-10-01 12:09:00,27.19,27.2,27.18,27.19,0,0,4899
4441,2020-10-01 12:10:00,27.19,27.23,27.19,27.23,0,0,13923
4442,2020-10-01 12:11:00,27.23,27.24,27.22,27.23,0,0,4945
4443,2020-10-01 12:12:00,27.22,27.23,27.21,27.23,0,0,13095
4444,2020-10-01 12:13:00,27.23,27.24,27.2,27.22,0,0,39077
4445,2020-10-01 12:14:00,27.21,27.23,27.2,27.23,0,0,18547
4446,2020-10-01 12:15:00,27.22,27.24,27.2,27.21,0,0,8413
4447,2020-10-01 12:16:00,27.2,27.2,27.17,27.2,0,0,18697
4448,2020-10-01 12:17:00,27.2,27.21,27.2,27.2,0,0,6121
4449,2020-10-01 12:18:00,27.2,27.2,27.15,27.15,0,0,17645
4450,2020-10-01 12:19:00,27.15,27.19,27.15,27.18,0,0,8186
4451,2020-10-01 12:20:00,27.19,27.22,27.19,27.21,0,0,16881
4452,2020-10-01 12:21:00,27.22,27.22,27.19,27.21,0,0,11236
4453,2020-10-01 12:22:00,27.21,27.26,27.21,27.25,0,0,16150
4454,2020-10-01 12:23:00,27.25,27.32,27.24,27.32,0,0,19508
4455,2020-10-01 12:24:00,27.33,27.33,27.32,27.32,0,0,10581
4456,2020-10-01 12:25:00,27.31,27.33,27.31,27.32,0,0,11138
4457,2020-10-01 12:26:00,27.32,27.32,27.28,27.29,0,0,10519
4458,2020-10-01 12:27:00,27.27,27.3,27.27,27.3,0,0,11722
4459,2020-10-01 12:28:00,27.3,27.31,27.3,27.3,0,0,8975
4460,2020-10-01 12:29:00,27.3,27.3,27.28,27.28,0,0,7436
4461,2020-10-01 12:30:00,27.28,27.31,27.28,27.31,0,0,15574
4462,2020-10-01 12:31:00,27.31,27.32,27.3,27.32,0,0,11466
4463,2020-10-01 12:32:00,27.32,27.33,27.31,27.31,0,0,4891
4464,2020-10-01 12:33:00,27.31,27.31,27.3,27.31,0,0,6825
4465,2020-10-01 12:34:00,27.31,27.32,27.27,27.28,0,0,11255
4466,2020-10-01 12:35:00,27.28,27.28,27.26,27.26,0,0,6400
4467,2020-10-01 12:36:00,27.27,27.27,27.25,27.25,0,0,13021
4468,2020-10-01 12:37:00,27.26,27.26,27.25,27.25,0,0,6977
4469,2020-10-01 12:38:00,27.25,27.25,27.22,27.24,0,0,18331
4470,2020-10-01 12:39:00,27.24,27.27,27.24,27.26,0,0,17623
4471,2020-10-01 12:40:00,27.26,27.27,27.26,27.27,0,0,11263
4472,2020-10-01 12:41:00,27.27,27.28,27.27,27.28,0,0,17763
4473,2020-10-01 12:42:00,27.28,27.29,27.27,27.28,0,0,8231
4474,2020-10-01 12:43:00,27.27,27.28,27.26,27.27,0,0,5572
4475,2020-10-01 12:44:00,27.27,27.28,27.24,27.24,0,0,4529
4476,2020-10-01 12:45:00,27.25,27.26,27.22,27.25,0,0,25238
4477,2020-10-01 12:46:00,27.25,27.26,27.25,27.25,0,0,3566
4478,2020-10-01 12:47:00,27.26,27.28,27.25,27.27,0,0,8874
4479,2020-10-01 12:48:00,27.27,27.27,27.25,27.26,0,0,7227
4480,2020-10-01 12:49:00,27.26,27.27,27.26,27.26,0,0,5920
4481,2020-10-01 12:50:00,27.25,27.26,27.25,27.26,0,0,14914
4482,2020-10-01 12:51:00,27.26,27.27,27.25,27.26,0,0,5305
4483,2020-10-01 12:52:00,27.27,27.27,27.26,27.27,0,0,10647
4484,2020-10-01 12:53:00,27.26,27.3,27.26,27.3,0,0,18196
4485,2020-10-01 12:54:00,27.29,27.32,27.29,27.32,0,0,6123
4486,2020-10-01 12:55:00,27.32,27.32,27.3,27.3,0,0,9163
4487,2020-10-01 12:56:00,27.31,27.31,27.27,27.28,0,0,15360
4488,2020-10-01 12:57:00,27.28,27.32,27.28,27.31,0,0,15061
4489,2020-10-01 12:58:00,27.31,27.31,27.27,27.28,0,0,11760
4490,2020-10-01 12:59:00,27.28,27.28,27.27,27.27,0,0,14986
4491,2020-10-01 13:00:00,27.27,27.3,27.27,27.29,0,0,17495
4492,2020-10-01 13:01:00,27.29,27.29,27.27,27.28,0,0,2757
4493,2020-10-01 13:02:00,27.28,27.28,27.27,27.28,0,0,3391
4494,2020-10-01 13:03:00,27.29,27.32,27.28,27.31,0,0,16884
4495,2020-10-01 13:04:00,27.31,27.32,27.3,27.31,0,0,5759
4496,2020-10-01 13:05:00,27.32,27.32,27.3,27.31,0,0,4604
4497,2020-10-01 13:06:00,27.31,27.33,27.31,27.33,0,0,14142
4498,2020-10-01 13:07:00,27.33,27.36,27.33,27.35,0,0,12382
4499,2020-10-01 13:08:00,27.36,27.36,27.33,27.34,0,0,9765
4500,2020-10-01 13:09:00,27.33,27.34,27.32,27.33,0,0,8583
4501,2020-10-01 13:10:00,27.33,27.34,27.31,27.33,0,0,9630
4502,2020-10-01 13:11:00,27.31,27.33,27.3,27.31,0,0,15335
4503,2020-10-01 13:12:00,27.31,27.35,27.31,27.33,0,0,18706
4504,2020-10-01 13:13:00,27.33,27.34,27.3,27.32,0,0,16222
4505,2020-10-01 13:14:00,27.32,27.32,27.28,27.29,0,0,8016
4506,2020-10-01 13:15:00,27.29,27.3,27.28,27.28,0,0,11915
4507,2020-10-01 13:16:00,27.29,27.29,27.25,27.25,0,0,6546
4508,2020-10-01 13:17:00,27.26,27.27,27.25,27.27,0,0,11321
4509,2020-10-01 13:18:00,27.27,27.28,27.26,27.27,0,0,5952
4510,2020-10-01 13:19:00,27.26,27.28,27.26,27.27,0,0,10719
4511,2020-10-01 13:20:00,27.28,27.31,27.27,27.3,0,0,16810
4512,2020-10-01 13:21:00,27.31,27.31,27.29,27.3,0,0,12441
4513,2020-10-01 13:22:00,27.29,27.31,27.29,27.31,0,0,6485
4514,2020-10-01 13:23:00,27.31,27.35,27.31,27.34,0,0,26334
4515,2020-10-01 13:24:00,27.34,27.37,27.33,27.36,0,0,12979
4516,2020-10-01 13:25:00,27.36,27.37,27.34,27.36,0,0,11803
4517,2020-10-01 13:26:00,27.35,27.37,27.35,27.37,0,0,9706
4518,2020-10-01 13:27:00,27.36,27.36,27.33,27.35,0,0,10404
4519,2020-10-01 13:28:00,27.35,27.35,27.3,27.32,0,0,7364
4520,2020-10-01 13:29:00,27.32,27.35,27.32,27.35,0,0,24410
4521,2020-10-01 13:30:00,27.35,27.36,27.33,27.35,0,0,19727
4522,2020-10-01 13:31:00,27.38,27.38,27.36,27.38,0,0,12065
4523,2020-10-01 13:32:00,27.38,27.38,27.35,27.38,0,0,15465
4524,2020-10-01 13:33:00,27.38,27.39,27.36,27.38,0,0,10033
4525,2020-10-01 13:34:00,27.38,27.38,27.37,27.38,0,0,13166
4526,2020-10-01 13:35:00,27.39,27.42,27.37,27.42,0,0,36577
4527,2020-10-01 13:36:00,27.42,27.43,27.4,27.4,0,0,10677
4528,2020-10-01 13:37:00,27.4,27.42,27.39,27.42,0,0,13821
4529,2020-10-01 13:38:00,27.42,27.42,27.4,27.4,0,0,5417
4530,2020-10-01 13:39:00,27.41,27.42,27.4,27.41,0,0,16694
4531,2020-10-01 13:40:00,27.42,27.42,27.41,27.42,0,0,11069
4532,2020-10-01 13:41:00,27.42,27.42,27.41,27.42,0,0,12471
4533,2020-10-01 13:42:00,27.42,27.42,27.39,27.42,0,0,20398
4534,2020-10-01 13:43:00,27.42,27.43,27.42,27.43,0,0,4672
4535,2020-10-01 13:44:00,27.42,27.44,27.42,27.42,0,0,16210
4536,2020-10-01 13:45:00,27.42,27.43,27.39,27.42,0,0,27550
4537,2020-10-01 13:46:00,27.42,27.43,27.42,27.43,0,0,5451
4538,2020-10-01 13:47:00,27.43,27.44,27.43,27.43,0,0,11993
4539,2020-10-01 13:48:00,27.43,27.45,27.43,27.45,0,0,9240
4540,2020-10-01 13:49:00,27.45,27.46,27.44,27.45,0,0,14233
4541,2020-10-01 13:50:00,27.44,27.45,27.42,27.42,0,0,10662
4542,2020-10-01 13:51:00,27.42,27.43,27.41,27.43,0,0,15480
4543,2020-10-01 13:52:00,27.43,27.44,27.43,27.44,0,0,7389
4544,2020-10-01 13:53:00,27.44,27.47,27.44,27.47,0,0,10092
4545,2020-10-01 13:54:00,27.47,27.48,27.46,27.46,0,0,8026
4546,2020-10-01 13:55:00,27.47,27.48,27.47,27.48,0,0,12918
4547,2020-10-01 13:56:00,27.47,27.48,27.46,27.46,0,0,13793
4548,2020-10-01 13:57:00,27.46,27.48,27.45,27.47,0,0,21329
4549,2020-10-01 13:58:00,27.47,27.47,27.46,27.47,0,0,13262
4550,2020-10-01 13:59:00,27.47,27.48,27.41,27.41,0,0,40757
4551,2020-10-01 14:00:00,27.42,27.46,27.39,27.4,0,0,31985
4552,2020-10-01 14:01:00,27.39,27.4,27.34,27.38,0,0,114653
4553,2020-10-01 14:02:00,27.39,27.39,27.34,27.35,0,0,82502
4554,2020-10-01 14:03:00,27.35,27.37,27.34,27.37,0,0,38636
4555,2020-10-01 14:04:00,27.37,27.41,27.36,27.41,0,0,15555
4556,2020-10-01 14:05:00,27.41,27.41,27.37,27.37,0,0,13906
4557,2020-10-01 14:06:00,27.36,27.39,27.33,27.39,0,0,34691
4558,2020-10-01 14:07:00,27.41,27.42,27.4,27.41,0,0,5380
4559,2020-10-01 14:08:00,27.42,27.43,27.37,27.38,0,0,184528
4560,2020-10-01 14:09:00,27.37,27.39,27.36,27.38,0,0,11491
4561,2020-10-01 14:10:00,27.39,27.41,27.39,27.4,0,0,34703
4562,2020-10-01 14:11:00,27.4,27.43,27.39,27.43,0,0,10713
4563,2020-10-01 14:12:00,27.43,27.43,27.38,27.4,0,0,16290
4564,2020-10-01 14:13:00,27.4,27.41,27.4,27.4,0,0,8872
4565,2020-10-01 14:14:00,27.41,27.44,27.41,27.43,0,0,47445
4566,2020-10-01 14:15:00,27.42,27.43,27.41,27.41,0,0,20020
4567,2020-10-01 14:16:00,27.4,27.41,27.38,27.4,0,0,14215
4568,2020-10-01 14:17:00,27.4,27.43,27.4,27.41,0,0,12976
4569,2020-10-01 14:18:00,27.4,27.41,27.38,27.39,0,0,16768
4570,2020-10-01 14:19:00,27.38,27.42,27.38,27.42,0,0,8055
4571,2020-10-01 14:20:00,27.42,27.49,27.42,27.48,0,0,20905
4572,2020-10-01 14:21:00,27.49,27.5,27.48,27.5,0,0,26096
4573,2020-10-01 14:22:00,27.5,27.5,27.48,27.5,0,0,21684
4574,2020-10-01 14:23:00,27.5,27.5,27.48,27.48,0,0,21508
4575,2020-10-01 14:24:00,27.48,27.49,27.48,27.49,0,0,7637
4576,2020-10-01 14:25:00,27.49,27.51,27.48,27.51,0,0,53587
4577,2020-10-01 14:26:00,27.5,27.55,27.5,27.54,0,0,28123
4578,2020-10-01 14:27:00,27.53,27.59,27.53,27.58,0,0,48661
4579,2020-10-01 14:28:00,27.59,27.64,27.59,27.64,0,0,55645
4580,2020-10-01 14:29:00,27.64,27.65,27.62,27.62,0,0,29201
4581,2020-10-01 14:30:00,27.62,27.62,27.58,27.6,0,0,24102
4582,2020-10-01 14:31:00,27.6,27.62,27.59,27.62,0,0,26094
4583,2020-10-01 14:32:00,27.61,27.62,27.6,27.61,0,0,15071
4584,2020-10-01 14:33:00,27.62,27.63,27.61,27.62,0,0,23572
4585,2020-10-01 14:34:00,27.62,27.65,27.6,27.64,0,0,22150
4586,2020-10-01 14:35:00,27.65,27.68,27.64,27.66,0,0,44165
4587,2020-10-01 14:36:00,27.66,27.68,27.65,27.67,0,0,10183
4588,2020-10-01 14:37:00,27.67,27.72,27.67,27.72,0,0,40997
4589,2020-10-01 14:38:00,27.72,27.75,27.72,27.75,0,0,41275
4590,2020-10-01 14:39:00,27.76,27.77,27.73,27.74,0,0,58971
4591,2020-10-01 14:40:00,27.75,27.76,27.74,27.76,0,0,19344
4592,2020-10-01 14:41:00,27.76,27.76,27.74,27.76,0,0,55649
4593,2020-10-01 14:42:00,27.75,27.76,27.73,27.74,0,0,36565
4594,2020-10-01 14:43:00,27.75,27.79,27.75,27.78,0,0,56593
4595,2020-10-01 14:44:00,27.79,27.84,27.79,27.82,0,0,61819
4596,2020-10-01 14:45:00,27.82,27.83,27.8,27.8,0,0,48668
4597,2020-10-01 14:46:00,27.81,27.83,27.8,27.82,0,0,46725
4598,2020-10-01 14:47:00,27.83,27.83,27.78,27.78,0,0,42737
4599,2020-10-01 14:48:00,27.78,27.84,27.78,27.84,0,0,24875
4600,2020-10-01 14:49:00,27.84,27.9,27.83,27.88,0,0,54753
4601,2020-10-01 14:50:00,27.88,27.89,27.87,27.89,0,0,46719
4602,2020-10-01 14:51:00,27.89,27.92,27.88,27.92,0,0,28080
4603,2020-10-01 14:52:00,27.92,27.95,27.92,27.94,0,0,74913
4604,2020-10-01 14:53:00,27.94,27.97,27.9,27.9,0,0,75668
4605,2020-10-01 14:54:00,27.91,27.93,27.9,27.92,0,0,25077
4606,2020-10-01 14:55:00,27.92,27.92,27.85,27.9,0,0,50968
4607,2020-10-01 14:56:00,27.9,27.91,27.89,27.91,0,0,22507
4608,2020-10-01 14:57:00,27.91,27.91,27.85,27.85,0,0,47078
4609,2020-10-01 14:58:00,27.86,27.88,27.84,27.88,0,0,27595
4610,2020-10-01 14:59:00,27.87,27.87,27.85,27.85,0,0,29190
4611,2020-10-01 15:00:00,27.85,27.88,27.85,27.88,0,0,34885
4612,2020-10-01 15:01:00,27.87,27.89,27.86,27.86,0,0,26630
4613,2020-10-01 15:02:00,27.86,27.9,27.85,27.89,0,0,23740
4614,2020-10-01 15:03:00,27.89,27.9,27.87,27.88,0,0,14284
4615,2020-10-01 15:04:00,27.87,27.9,27.86,27.88,0,0,33724
4616,2020-10-01 15:05:00,27.88,27.88,27.85,27.85,0,0,26896
4617,2020-10-01 15:06:00,27.85,27.85,27.81,27.83,0,0,42888
4618,2020-10-01 15:07:00,27.82,27.84,27.82,27.83,0,0,20675
4619,2020-10-01 15:08:00,27.83,27.83,27.81,27.81,0,0,14783
4620,2020-10-01 15:09:00,27.81,27.82,27.79,27.81,0,0,36217
4621,2020-10-01 15:10:00,27.81,27.84,27.81,27.83,0,0,19481
4622,2020-10-01 15:11:00,27.83,27.83,27.81,27.81,0,0,22235
4623,2020-10-01 15:12:00,27.81,27.82,27.8,27.81,0,0,11885
4624,2020-10-01 15:13:00,27.81,27.81,27.77,27.8,0,0,28026
4625,2020-10-01 15:14:00,27.8,27.81,27.79,27.79,0,0,30376
4626,2020-10-01 15:15:00,27.8,27.82,27.8,27.8,0,0,18210
4627,2020-10-01 15:16:00,27.81,27.81,27.8,27.81,0,0,14234
4628,2020-10-01 15:17:00,27.81,27.83,27.81,27.81,0,0,14091
4629,2020-10-01 15:18:00,27.82,27.82,27.79,27.8,0,0,14449
4630,2020-10-01 15:19:00,27.79,27.81,27.75,27.76,0,0,102488
4631,2020-10-01 15:20:00,27.76,27.76,27.68,27.75,0,0,166618
4632,2020-10-01 15:21:00,27.74,27.75,27.73,27.74,0,0,23079
4633,2020-10-01 15:22:00,27.74,27.74,27.71,27.74,0,0,13841
4634,2020-10-01 15:23:00,27.74,27.8,27.73,27.79,0,0,50278
4635,2020-10-01 15:24:00,27.78,27.79,27.73,27.74,0,0,65182
4636,2020-10-01 15:25:00,27.74,27.74,27.71,27.73,0,0,32253
4637,2020-10-01 15:26:00,27.72,27.76,27.72,27.76,0,0,25624
4638,2020-10-01 15:27:00,27.76,27.79,27.76,27.78,0,0,27883
4639,2020-10-01 15:28:00,27.78,27.83,27.78,27.82,0,0,34866
4640,2020-10-01 15:29:00,27.82,27.82,27.8,27.82,0,0,18114
4641,2020-10-01 15:30:00,27.82,27.83,27.77,27.77,0,0,54232
4642,2020-10-01 15:31:00,27.77,27.77,27.73,27.74,0,0,18176
4643,2020-10-01 15:32:00,27.73,27.81,27.73,27.8,0,0,42378
4644,2020-10-01 15:33:00,27.81,27.83,27.8,27.83,0,0,74555
4645,2020-10-01 15:34:00,27.82,27.83,27.81,27.82,0,0,29462
4646,2020-10-01 15:35:00,27.82,27.82,27.8,27.81,0,0,18785
4647,2020-10-01 15:36:00,27.8,27.82,27.8,27.82,0,0,19678
4648,2020-10-01 15:37:00,27.82,27.83,27.81,27.81,0,0,24179
4649,2020-10-01 15:38:00,27.82,27.82,27.76,27.77,0,0,28378
4650,2020-10-01 15:39:00,27.78,27.81,27.77,27.79,0,0,37659
4651,2020-10-01 15:40:00,27.8,27.8,27.78,27.78,0,0,13451
4652,2020-10-01 15:41:00,27.78,27.78,27.75,27.75,0,0,32106
4653,2020-10-01 15:42:00,27.76,27.78,27.75,27.78,0,0,51376
4654,2020-10-01 15:43:00,27.78,27.79,27.77,27.79,0,0,36779
4655,2020-10-01 15:44:00,27.78,27.79,27.76,27.76,0,0,15311
4656,2020-10-01 15:45:00,27.76,27.76,27.75,27.76,0,0,27695
4657,2020-10-01 15:46:00,27.76,27.77,27.76,27.76,0,0,11506
4658,2020-10-01 15:47:00,27.77,27.79,27.76,27.78,0,0,33380
4659,2020-10-01 15:48:00,27.78,27.79,27.78,27.78,0,0,24017
4660,2020-10-01 15:49:00,27.79,27.79,27.75,27.75,0,0,27003
4661,2020-10-01 15:50:00,27.76,27.83,27.76,27.82,0,0,74053
4662,2020-10-01 15:51:00,27.82,27.85,27.81,27.84,0,0,45093
4663,2020-10-01 15:52:00,27.84,27.92,27.83,27.91,0,0,94256
4664,2020-10-01 15:53:00,27.91,27.91,27.86,27.89,0,0,48779
4665,2020-10-01 15:54:00,27.89,27.92,27.88,27.91,0,0,81152
4666,2020-10-01 15:55:00,27.91,27.92,27.83,27.84,0,0,156677
4667,2020-10-01 15:56:00,27.83,27.9,27.83,27.9,0,0,107742
4668,2020-10-01 15:57:00,27.89,27.9,27.86,27.9,0,0,77056
4669,2020-10-01 15:58:00,27.9,27.92,27.87,27.91,0,0,149277
4670,2020-10-01 15:59:00,27.91,27.92,27.85,27.92,0,0,220957
4671,2020-10-02 09:30:00,27.28,27.5,27.23,27.5,0,0,447519
4672,2020-10-02 09:31:00,27.46,27.58,27.42,27.57,0,0,78969
4673,2020-10-02 09:32:00,27.57,27.72,27.53,27.66,0,0,80674
4674,2020-10-02 09:33:00,27.65,27.78,27.63,27.78,0,0,58260
4675,2020-10-02 09:34:00,27.76,27.83,27.69,27.74,0,0,53208
4676,2020-10-02 09:35:00,27.72,27.73,27.62,27.71,0,0,41757
4677,2020-10-02 09:36:00,27.73,27.77,27.68,27.72,0,0,34423
4678,2020-10-02 09:37:00,27.72,27.96,27.72,27.96,0,0,118923
4679,2020-10-02 09:38:00,27.96,28.03,27.92,27.96,0,0,97655
4680,2020-10-02 09:39:00,27.96,28.03,27.93,27.95,0,0,41331
4681,2020-10-02 09:40:00,27.94,27.97,27.7,27.75,0,0,93461
4682,2020-10-02 09:41:00,27.76,27.79,27.7,27.72,0,0,20564
4683,2020-10-02 09:42:00,27.73,27.8,27.72,27.73,0,0,21089
4684,2020-10-02 09:43:00,27.75,27.86,27.7,27.86,0,0,18484
4685,2020-10-02 09:44:00,27.84,27.86,27.79,27.8,0,0,19610
4686,2020-10-02 09:45:00,27.76,27.8,27.72,27.8,0,0,71531
4687,2020-10-02 09:46:00,27.81,27.91,27.81,27.87,0,0,34926
4688,2020-10-02 09:47:00,27.87,27.9,27.85,27.9,0,0,30563
4689,2020-10-02 09:48:00,27.9,27.95,27.89,27.93,0,0,14544
4690,2020-10-02 09:49:00,27.93,27.94,27.9,27.92,0,0,32778
4691,2020-10-02 09:50:00,27.92,27.96,27.87,27.87,0,0,25928
4692,2020-10-02 09:51:00,27.89,27.96,27.83,27.84,0,0,32843
4693,2020-10-02 09:52:00,27.83,27.94,27.83,27.88,0,0,43733
4694,2020-10-02 09:53:00,27.89,27.9,27.85,27.89,0,0,32049
4695,2020-10-02 09:54:00,27.88,27.97,27.87,27.96,0,0,42577
4696,2020-10-02 09:55:00,27.95,27.96,27.9,27.91,0,0,17153
4697,2020-10-02 09:56:00,27.92,27.98,27.91,27.98,0,0,33258
4698,2020-10-02 09:57:00,27.97,27.99,27.94,27.99,0,0,17431
4699,2020-10-02 09:58:00,28.0,28.04,27.98,28.0,0,0,51781
4700,2020-10-02 09:59:00,28.0,28.08,27.98,28.07,0,0,40678
4701,2020-10-02 10:00:00,28.08,28.08,28.03,28.03,0,0,27788
4702,2020-10-02 10:01:00,28.04,28.12,28.02,28.07,0,0,68017
4703,2020-10-02 10:02:00,28.06,28.06,28.0,28.03,0,0,67006
4704,2020-10-02 10:03:00,28.03,28.06,27.97,27.98,0,0,19418
4705,2020-10-02 10:04:00,27.96,27.97,27.93,27.95,0,0,24733
4706,2020-10-02 10:05:00,27.94,27.99,27.94,27.94,0,0,18852
4707,2020-10-02 10:06:00,27.94,27.94,27.85,27.86,0,0,28798
4708,2020-10-02 10:07:00,27.85,27.89,27.84,27.88,0,0,21529
4709,2020-10-02 10:08:00,27.88,27.91,27.85,27.86,0,0,15441
4710,2020-10-02 10:09:00,27.86,27.89,27.84,27.85,0,0,17507
4711,2020-10-02 10:10:00,27.86,27.86,27.8,27.8,0,0,24823
4712,2020-10-02 10:11:00,27.8,27.81,27.76,27.78,0,0,27613
4713,2020-10-02 10:12:00,27.78,27.81,27.74,27.8,0,0,25793
4714,2020-10-02 10:13:00,27.8,27.83,27.79,27.83,0,0,10802
4715,2020-10-02 10:14:00,27.82,27.85,27.82,27.84,0,0,22938
4716,2020-10-02 10:15:00,27.84,27.87,27.82,27.86,0,0,17515
4717,2020-10-02 10:16:00,27.85,27.85,27.82,27.82,0,0,7905
4718,2020-10-02 10:17:00,27.83,27.83,27.81,27.81,0,0,7078
4719,2020-10-02 10:18:00,27.82,27.88,27.81,27.88,0,0,13761
4720,2020-10-02 10:19:00,27.88,27.89,27.87,27.89,0,0,15191
4721,2020-10-02 10:20:00,27.88,27.89,27.84,27.84,0,0,14672
4722,2020-10-02 10:21:00,27.85,27.86,27.84,27.85,0,0,5583
4723,2020-10-02 10:22:00,27.85,27.85,27.83,27.83,0,0,17675
4724,2020-10-02 10:23:00,27.84,27.85,27.81,27.81,0,0,15022
4725,2020-10-02 10:24:00,27.8,27.8,27.69,27.7,0,0,44786
4726,2020-10-02 10:25:00,27.71,27.71,27.64,27.67,0,0,39125
4727,2020-10-02 10:26:00,27.67,27.7,27.67,27.7,0,0,41645
4728,2020-10-02 10:27:00,27.7,27.74,27.67,27.73,0,0,22575
4729,2020-10-02 10:28:00,27.74,27.77,27.71,27.72,0,0,20124
4730,2020-10-02 10:29:00,27.72,27.74,27.69,27.7,0,0,15080
4731,2020-10-02 10:30:00,27.71,27.71,27.61,27.62,0,0,27646
4732,2020-10-02 10:31:00,27.62,27.66,27.59,27.66,0,0,31400
4733,2020-10-02 10:32:00,27.66,27.66,27.62,27.63,0,0,42628
4734,2020-10-02 10:33:00,27.63,27.69,27.63,27.69,0,0,14962
4735,2020-10-02 10:34:00,27.69,27.73,27.68,27.69,0,0,32743
4736,2020-10-02 10:35:00,27.68,27.69,27.61,27.62,0,0,18955
4737,2020-10-02 10:36:00,27.62,27.65,27.62,27.65,0,0,13532
4738,2020-10-02 10:37:00,27.65,27.67,27.65,27.66,0,0,6764
4739,2020-10-02 10:38:00,27.66,27.68,27.62,27.62,0,0,33101
4740,2020-10-02 10:39:00,27.62,27.62,27.58,27.59,0,0,28217
4741,2020-10-02 10:40:00,27.59,27.63,27.58,27.59,0,0,33330
4742,2020-10-02 10:41:00,27.6,27.6,27.49,27.53,0,0,55177
4743,2020-10-02 10:42:00,27.52,27.6,27.52,27.6,0,0,29162
4744,2020-10-02 10:43:00,27.6,27.65,27.6,27.64,0,0,15333
4745,2020-10-02 10:44:00,27.64,27.67,27.63,27.67,0,0,46325
4746,2020-10-02 10:45:00,27.67,27.67,27.65,27.67,0,0,32518
4747,2020-10-02 10:46:00,27.67,27.75,27.67,27.74,0,0,22058
4748,2020-10-02 10:47:00,27.74,27.75,27.72,27.73,0,0,60992
4749,2020-10-02 10:48:00,27.73,27.74,27.72,27.73,0,0,10362
4750,2020-10-02 10:49:00,27.73,27.74,27.7,27.74,0,0,10834
4751,2020-10-02 10:50:00,27.73,27.74,27.66,27.66,0,0,26764
4752,2020-10-02 10:51:00,27.66,27.67,27.6,27.63,0,0,115828
4753,2020-10-02 10:52:00,27.64,27.73,27.64,27.73,0,0,12303
4754,2020-10-02 10:53:00,27.72,27.73,27.66,27.66,0,0,13962
4755,2020-10-02 10:54:00,27.65,27.66,27.61,27.62,0,0,12849
4756,2020-10-02 10:55:00,27.63,27.68,27.63,27.67,0,0,8569
4757,2020-10-02 10:56:00,27.67,27.68,27.66,27.68,0,0,8110
4758,2020-10-02 10:57:00,27.67,27.68,27.65,27.65,0,0,8575
4759,2020-10-02 10:58:00,27.66,27.66,27.64,27.66,0,0,11834
4760,2020-10-02 10:59:00,27.64,27.65,27.62,27.62,0,0,7165
4761,2020-10-02 11:00:00,27.62,27.62,27.58,27.61,0,0,25179
4762,2020-10-02 11:01:00,27.61,27.63,27.6,27.6,0,0,11448
4763,2020-10-02 11:02:00,27.61,27.67,27.61,27.65,0,0,12839
4764,2020-10-02 11:03:00,27.66,27.69,27.66,27.68,0,0,9449
4765,2020-10-02 11:04:00,27.67,27.68,27.59,27.63,0,0,20387
4766,2020-10-02 11:05:00,27.63,27.63,27.54,27.55,0,0,20690
4767,2020-10-02 11:06:00,27.55,27.61,27.55,27.61,0,0,9634
4768,2020-10-02 11:07:00,27.63,27.66,27.61,27.66,0,0,15436
4769,2020-10-02 11:08:00,27.66,27.69,27.65,27.65,0,0,13541
4770,2020-10-02 11:09:00,27.66,27.69,27.64,27.65,0,0,18714
4771,2020-10-02 11:10:00,27.65,27.68,27.64,27.67,0,0,8420
4772,2020-10-02 11:11:00,27.68,27.69,27.66,27.68,0,0,9093
4773,2020-10-02 11:12:00,27.69,27.72,27.67,27.72,0,0,25604
4774,2020-10-02 11:13:00,27.71,27.72,27.7,27.72,0,0,6201
4775,2020-10-02 11:14:00,27.72,27.73,27.72,27.72,0,0,11134
4776,2020-10-02 11:15:00,27.71,27.76,27.69,27.76,0,0,27091
4777,2020-10-02 11:16:00,27.76,27.83,27.76,27.82,0,0,21809
4778,2020-10-02 11:17:00,27.82,27.85,27.81,27.84,0,0,30889
4779,2020-10-02 11:18:00,27.84,27.85,27.82,27.85,0,0,48473
4780,2020-10-02 11:19:00,27.85,27.86,27.82,27.82,0,0,35210
4781,2020-10-02 11:20:00,27.83,27.84,27.81,27.83,0,0,17697
4782,2020-10-02 11:21:00,27.83,27.85,27.83,27.85,0,0,8204
4783,2020-10-02 11:22:00,27.84,27.84,27.81,27.82,0,0,11561
4784,2020-10-02 11:23:00,27.81,27.83,27.8,27.81,0,0,9158
4785,2020-10-02 11:24:00,27.81,27.82,27.79,27.81,0,0,8803
4786,2020-10-02 11:25:00,27.81,27.83,27.8,27.82,0,0,8546
4787,2020-10-02 11:26:00,27.81,27.81,27.75,27.77,0,0,13443
4788,2020-10-02 11:27:00,27.77,27.83,27.77,27.82,0,0,19163
4789,2020-10-02 11:28:00,27.83,27.83,27.79,27.8,0,0,6303
4790,2020-10-02 11:29:00,27.81,27.81,27.76,27.78,0,0,19497
4791,2020-10-02 11:30:00,27.78,27.78,27.73,27.74,0,0,14551
4792,2020-10-02 11:31:00,27.74,27.75,27.69,27.7,0,0,13107
4793,2020-10-02 11:32:00,27.71,27.74,27.7,27.74,0,0,18446
4794,2020-10-02 11:33:00,27.74,27.75,27.7,27.7,0,0,17842
4795,2020-10-02 11:34:00,27.7,27.73,27.68,27.73,0,0,25995
4796,2020-10-02 11:35:00,27.73,27.75,27.72,27.75,0,0,5362
4797,2020-10-02 11:36:00,27.74,27.75,27.72,27.72,0,0,18365
4798,2020-10-02 11:37:00,27.72,27.74,27.72,27.72,0,0,52011
4799,2020-10-02 11:38:00,27.72,27.72,27.7,27.71,0,0,15821
4800,2020-10-02 11:39:00,27.7,27.72,27.7,27.71,0,0,20679
4801,2020-10-02 11:40:00,27.71,27.71,27.67,27.67,0,0,39581
4802,2020-10-02 11:41:00,27.66,27.66,27.58,27.62,0,0,99034
4803,2020-10-02 11:42:00,27.63,27.68,27.62,27.66,0,0,19827
4804,2020-10-02 11:43:00,27.64,27.68,27.64,27.68,0,0,16949
4805,2020-10-02 11:44:00,27.67,27.72,27.66,27.72,0,0,3523
4806,2020-10-02 11:45:00,27.72,27.73,27.69,27.72,0,0,7752
4807,2020-10-02 11:46:00,27.72,27.73,27.72,27.72,0,0,3158
4808,2020-10-02 11:47:00,27.71,27.77,27.71,27.76,0,0,10833
4809,2020-10-02 11:48:00,27.76,27.79,27.75,27.76,0,0,15440
4810,2020-10-02 11:49:00,27.76,27.76,27.74,27.74,0,0,6495
4811,2020-10-02 11:50:00,27.75,27.81,27.74,27.81,0,0,11003
4812,2020-10-02 11:51:00,27.81,27.81,27.75,27.75,0,0,12538
4813,2020-10-02 11:52:00,27.75,27.76,27.69,27.69,0,0,7080
4814,2020-10-02 11:53:00,27.69,27.69,27.6,27.6,0,0,82551
4815,2020-10-02 11:54:00,27.59,27.6,27.55,27.57,0,0,21531
4816,2020-10-02 11:55:00,27.57,27.57,27.51,27.52,0,0,20294
4817,2020-10-02 11:56:00,27.51,27.54,27.49,27.52,0,0,45636
4818,2020-10-02 11:57:00,27.51,27.54,27.51,27.53,0,0,14214
4819,2020-10-02 11:58:00,27.52,27.55,27.51,27.54,0,0,13694
4820,2020-10-02 11:59:00,27.55,27.55,27.5,27.5,0,0,14207
4821,2020-10-02 12:00:00,27.49,27.49,27.43,27.43,0,0,11214
4822,2020-10-02 12:01:00,27.43,27.43,27.37,27.39,0,0,25948
4823,2020-10-02 12:02:00,27.39,27.4,27.37,27.39,0,0,20779
4824,2020-10-02 12:03:00,27.39,27.42,27.38,27.39,0,0,14456
4825,2020-10-02 12:04:00,27.38,27.39,27.37,27.38,0,0,14692
4826,2020-10-02 12:05:00,27.37,27.37,27.29,27.31,0,0,26120
4827,2020-10-02 12:06:00,27.31,27.37,27.31,27.35,0,0,17104
4828,2020-10-02 12:07:00,27.35,27.42,27.35,27.42,0,0,21347
4829,2020-10-02 12:08:00,27.42,27.43,27.39,27.4,0,0,36312
4830,2020-10-02 12:09:00,27.39,27.43,27.39,27.42,0,0,10737
4831,2020-10-02 12:10:00,27.42,27.44,27.41,27.41,0,0,15757
4832,2020-10-02 12:11:00,27.41,27.46,27.4,27.45,0,0,15399
4833,2020-10-02 12:12:00,27.45,27.48,27.44,27.47,0,0,10647
4834,2020-10-02 12:13:00,27.47,27.52,27.45,27.52,0,0,21031
4835,2020-10-02 12:14:00,27.52,27.55,27.49,27.49,0,0,13555
4836,2020-10-02 12:15:00,27.5,27.5,27.44,27.44,0,0,11766
4837,2020-10-02 12:16:00,27.45,27.49,27.44,27.46,0,0,10557
4838,2020-10-02 12:17:00,27.45,27.45,27.42,27.42,0,0,21153
4839,2020-10-02 12:18:00,27.42,27.46,27.42,27.46,0,0,17354
4840,2020-10-02 12:19:00,27.47,27.48,27.46,27.47,0,0,8591
4841,2020-10-02 12:20:00,27.48,27.51,27.48,27.49,0,0,18828
4842,2020-10-02 12:21:00,27.5,27.5,27.44,27.44,0,0,8983
4843,2020-10-02 12:22:00,27.43,27.43,27.4,27.41,0,0,16226
4844,2020-10-02 12:23:00,27.41,27.42,27.4,27.41,0,0,10311
4845,2020-10-02 12:24:00,27.41,27.44,27.4,27.41,0,0,12476
4846,2020-10-02 12:25:00,27.41,27.43,27.38,27.42,0,0,42415
4847,2020-10-02 12:26:00,27.43,27.47,27.41,27.45,0,0,33732
4848,2020-10-02 12:27:00,27.45,27.51,27.43,27.47,0,0,38116
4849,2020-10-02 12:28:00,27.47,27.47,27.44,27.46,0,0,16309
4850,2020-10-02 12:29:00,27.44,27.45,27.4,27.43,0,0,29760
4851,2020-10-02 12:30:00,27.43,27.44,27.42,27.42,0,0,17315
4852,2020-10-02 12:31:00,27.41,27.42,27.37,27.39,0,0,20784
4853,2020-10-02 12:32:00,27.39,27.42,27.38,27.39,0,0,21499
4854,2020-10-02 12:33:00,27.38,27.39,27.37,27.39,0,0,14029
4855,2020-10-02 12:34:00,27.39,27.44,27.39,27.41,0,0,11773
4856,2020-10-02 12:35:00,27.41,27.44,27.4,27.43,0,0,6321
4857,2020-10-02 12:36:00,27.43,27.45,27.41,27.44,0,0,9890
4858,2020-10-02 12:37:00,27.44,27.5,27.44,27.5,0,0,10409
4859,2020-10-02 12:38:00,27.5,27.52,27.49,27.52,0,0,20554
4860,2020-10-02 12:39:00,27.51,27.53,27.49,27.51,0,0,13437
4861,2020-10-02 12:40:00,27.51,27.54,27.51,27.52,0,0,6585
4862,2020-10-02 12:41:00,27.53,27.55,27.51,27.54,0,0,10423
4863,2020-10-02 12:42:00,27.54,27.56,27.5,27.51,0,0,19468
4864,2020-10-02 12:43:00,27.52,27.53,27.51,27.52,0,0,6483
4865,2020-10-02 12:44:00,27.51,27.57,27.51,27.56,0,0,30226
4866,2020-10-02 12:45:00,27.56,27.57,27.52,27.52,0,0,12996
4867,2020-10-02 12:46:00,27.53,27.54,27.5,27.51,0,0,13636
4868,2020-10-02 12:47:00,27.51,27.52,27.51,27.51,0,0,6187
4869,2020-10-02 12:48:00,27.52,27.55,27.51,27.55,0,0,11689
4870,2020-10-02 12:49:00,27.55,27.56,27.54,27.54,0,0,8951
4871,2020-10-02 12:50:00,27.55,27.55,27.5,27.5,0,0,14358
4872,2020-10-02 12:51:00,27.5,27.54,27.5,27.53,0,0,24197
4873,2020-10-02 12:52:00,27.54,27.54,27.52,27.53,0,0,13621
4874,2020-10-02 12:53:00,27.52,27.53,27.5,27.53,0,0,5844
4875,2020-10-02 12:54:00,27.53,27.56,27.53,27.54,0,0,3305
4876,2020-10-02 12:55:00,27.53,27.55,27.52,27.52,0,0,7527
4877,2020-10-02 12:56:00,27.53,27.57,27.52,27.57,0,0,10187
4878,2020-10-02 12:57:00,27.57,27.57,27.55,27.56,0,0,7078
4879,2020-10-02 12:58:00,27.56,27.58,27.55,27.55,0,0,16430
4880,2020-10-02 12:59:00,27.54,27.55,27.51,27.52,0,0,14454
4881,2020-10-02 13:00:00,27.52,27.52,27.48,27.49,0,0,12842
4882,2020-10-02 13:01:00,27.49,27.49,27.41,27.42,0,0,15419
4883,2020-10-02 13:02:00,27.41,27.43,27.41,27.42,0,0,6679
4884,2020-10-02 13:03:00,27.43,27.49,27.42,27.48,0,0,22658
4885,2020-10-02 13:04:00,27.48,27.5,27.47,27.48,0,0,8506
4886,2020-10-02 13:05:00,27.47,27.47,27.43,27.45,0,0,18511
4887,2020-10-02 13:06:00,27.44,27.45,27.42,27.45,0,0,12561
4888,2020-10-02 13:07:00,27.46,27.48,27.44,27.45,0,0,8476
4889,2020-10-02 13:08:00,27.44,27.45,27.43,27.44,0,0,4940
4890,2020-10-02 13:09:00,27.45,27.45,27.42,27.43,0,0,7063
4891,2020-10-02 13:10:00,27.43,27.45,27.42,27.45,0,0,8224
4892,2020-10-02 13:11:00,27.46,27.46,27.44,27.44,0,0,8770
4893,2020-10-02 13:12:00,27.44,27.44,27.39,27.41,0,0,47923
4894,2020-10-02 13:13:00,27.41,27.42,27.4,27.42,0,0,3809
4895,2020-10-02 13:14:00,27.42,27.48,27.42,27.45,0,0,40287
4896,2020-10-02 13:15:00,27.46,27.47,27.42,27.43,0,0,16768
4897,2020-10-02 13:16:00,27.42,27.42,27.41,27.41,0,0,7331
4898,2020-10-02 13:17:00,27.41,27.41,27.39,27.39,0,0,18813
4899,2020-10-02 13:18:00,27.39,27.44,27.39,27.43,0,0,22120
4900,2020-10-02 13:19:00,27.43,27.47,27.43,27.46,0,0,10118
4901,2020-10-02 13:20:00,27.47,27.5,27.45,27.5,0,0,25400
4902,2020-10-02 13:21:00,27.5,27.51,27.49,27.5,0,0,9096
4903,2020-10-02 13:22:00,27.5,27.5,27.45,27.47,0,0,11912
4904,2020-10-02 13:23:00,27.46,27.5,27.46,27.5,0,0,10354
4905,2020-10-02 13:24:00,27.5,27.53,27.5,27.51,0,0,5489
4906,2020-10-02 13:25:00,27.51,27.52,27.49,27.5,0,0,12619
4907,2020-10-02 13:26:00,27.5,27.51,27.47,27.5,0,0,9653
4908,2020-10-02 13:27:00,27.51,27.51,27.5,27.5,0,0,5450
4909,2020-10-02 13:28:00,27.5,27.5,27.47,27.48,0,0,15360
4910,2020-10-02 13:29:00,27.48,27.49,27.47,27.47,0,0,8948
4911,2020-10-02 13:30:00,27.47,27.47,27.44,27.44,0,0,5311
4912,2020-10-02 13:31:00,27.45,27.47,27.45,27.47,0,0,11489
4913,2020-10-02 13:32:00,27.47,27.47,27.43,27.45,0,0,10955
4914,2020-10-02 13:33:00,27.45,27.45,27.41,27.42,0,0,10039
4915,2020-10-02 13:34:00,27.42,27.45,27.42,27.45,0,0,6422
4916,2020-10-02 13:35:00,27.45,27.47,27.44,27.44,0,0,16833
4917,2020-10-02 13:36:00,27.44,27.45,27.44,27.44,0,0,3370
4918,2020-10-02 13:37:00,27.44,27.48,27.44,27.48,0,0,11964
4919,2020-10-02 13:38:00,27.48,27.49,27.47,27.48,0,0,8391
4920,2020-10-02 13:39:00,27.49,27.51,27.48,27.5,0,0,5148
4921,2020-10-02 13:40:00,27.51,27.51,27.43,27.44,0,0,18029
4922,2020-10-02 13:41:00,27.43,27.44,27.4,27.41,0,0,19172
4923,2020-10-02 13:42:00,27.42,27.43,27.41,27.42,0,0,12991
4924,2020-10-02 13:43:00,27.42,27.43,27.41,27.42,0,0,8209
4925,2020-10-02 13:44:00,27.43,27.43,27.41,27.41,0,0,6737
4926,2020-10-02 13:45:00,27.41,27.42,27.4,27.42,0,0,24255
4927,2020-10-02 13:46:00,27.41,27.42,27.4,27.42,0,0,8890
4928,2020-10-02 13:47:00,27.43,27.47,27.42,27.47,0,0,31938
4929,2020-10-02 13:48:00,27.47,27.5,27.47,27.5,0,0,13863
4930,2020-10-02 13:49:00,27.5,27.51,27.48,27.5,0,0,19395
4931,2020-10-02 13:50:00,27.51,27.56,27.51,27.56,0,0,24333
4932,2020-10-02 13:51:00,27.57,27.58,27.56,27.57,0,0,25016
4933,2020-10-02 13:52:00,27.57,27.58,27.51,27.51,0,0,14245
4934,2020-10-02 13:53:00,27.5,27.52,27.48,27.5,0,0,13724
4935,2020-10-02 13:54:00,27.5,27.56,27.5,27.55,0,0,8572
4936,2020-10-02 13:55:00,27.54,27.57,27.54,27.55,0,0,8664
4937,2020-10-02 13:56:00,27.55,27.57,27.55,27.57,0,0,5715
4938,2020-10-02 13:57:00,27.57,27.6,27.56,27.6,0,0,7047
4939,2020-10-02 13:58:00,27.59,27.61,27.58,27.61,0,0,13140
4940,2020-10-02 13:59:00,27.61,27.61,27.57,27.57,0,0,2480
4941,2020-10-02 14:00:00,27.57,27.59,27.56,27.59,0,0,12410
4942,2020-10-02 14:01:00,27.59,27.6,27.59,27.6,0,0,7097
4943,2020-10-02 14:02:00,27.6,27.6,27.57,27.57,0,0,8426
4944,2020-10-02 14:03:00,27.57,27.59,27.56,27.58,0,0,9367
4945,2020-10-02 14:04:00,27.58,27.59,27.58,27.59,0,0,3968
4946,2020-10-02 14:05:00,27.6,27.69,27.6,27.68,0,0,34294
4947,2020-10-02 14:06:00,27.68,27.69,27.66,27.66,0,0,10435
4948,2020-10-02 14:07:00,27.66,27.66,27.58,27.6,0,0,18804
4949,2020-10-02 14:08:00,27.61,27.61,27.6,27.6,0,0,8135
4950,2020-10-02 14:09:00,27.6,27.65,27.6,27.64,0,0,8794
4951,2020-10-02 14:10:00,27.64,27.66,27.6,27.61,0,0,10628
4952,2020-10-02 14:11:00,27.61,27.62,27.6,27.62,0,0,6640
4953,2020-10-02 14:12:00,27.63,27.65,27.62,27.65,0,0,8752
4954,2020-10-02 14:13:00,27.65,27.65,27.58,27.6,0,0,19305
4955,2020-10-02 14:14:00,27.6,27.61,27.59,27.61,0,0,4535
4956,2020-10-02 14:15:00,27.61,27.65,27.61,27.65,0,0,16101
4957,2020-10-02 14:16:00,27.65,27.65,27.64,27.64,0,0,8603
4958,2020-10-02 14:17:00,27.64,27.64,27.61,27.62,0,0,7039
4959,2020-10-02 14:18:00,27.63,27.66,27.62,27.64,0,0,8926
4960,2020-10-02 14:19:00,27.64,27.68,27.64,27.68,0,0,10868
4961,2020-10-02 14:20:00,27.69,27.71,27.68,27.71,0,0,18163
4962,2020-10-02 14:21:00,27.7,27.73,27.7,27.73,0,0,19823
4963,2020-10-02 14:22:00,27.73,27.74,27.67,27.71,0,0,44504
4964,2020-10-02 14:23:00,27.71,27.74,27.7,27.73,0,0,15148
4965,2020-10-02 14:24:00,27.73,27.74,27.72,27.73,0,0,11931
4966,2020-10-02 14:25:00,27.72,27.75,27.72,27.72,0,0,27276
4967,2020-10-02 14:26:00,27.71,27.74,27.71,27.74,0,0,9973
4968,2020-10-02 14:27:00,27.74,27.76,27.74,27.75,0,0,69996
4969,2020-10-02 14:28:00,27.76,27.78,27.75,27.78,0,0,14599
4970,2020-10-02 14:29:00,27.78,27.79,27.76,27.76,0,0,44825
4971,2020-10-02 14:30:00,27.77,27.77,27.76,27.76,0,0,13184
4972,2020-10-02 14:31:00,27.77,27.77,27.68,27.71,0,0,31710
4973,2020-10-02 14:32:00,27.7,27.72,27.68,27.7,0,0,54551
4974,2020-10-02 14:33:00,27.71,27.71,27.68,27.69,0,0,16533
4975,2020-10-02 14:34:00,27.7,27.72,27.65,27.65,0,0,18899
4976,2020-10-02 14:35:00,27.65,27.66,27.61,27.63,0,0,16271
4977,2020-10-02 14:36:00,27.62,27.67,27.61,27.63,0,0,14793
4978,2020-10-02 14:37:00,27.63,27.65,27.61,27.63,0,0,14737
4979,2020-10-02 14:38:00,27.63,27.72,27.63,27.71,0,0,26183
4980,2020-10-02 14:39:00,27.72,27.72,27.66,27.67,0,0,19181
4981,2020-10-02 14:40:00,27.68,27.69,27.62,27.62,0,0,26085
4982,2020-10-02 14:41:00,27.63,27.63,27.61,27.62,0,0,17458
4983,2020-10-02 14:42:00,27.61,27.64,27.61,27.63,0,0,11256
4984,2020-10-02 14:43:00,27.63,27.64,27.61,27.62,0,0,11696
4985,2020-10-02 14:44:00,27.61,27.65,27.6,27.64,0,0,10315
4986,2020-10-02 14:45:00,27.64,27.65,27.62,27.63,0,0,18358
4987,2020-10-02 14:46:00,27.62,27.69,27.62,27.68,0,0,10108
4988,2020-10-02 14:47:00,27.68,27.68,27.64,27.65,0,0,12201
4989,2020-10-02 14:48:00,27.65,27.65,27.62,27.63,0,0,11261
4990,2020-10-02 14:49:00,27.62,27.68,27.62,27.67,0,0,10088
4991,2020-10-02 14:50:00,27.67,27.68,27.64,27.65,0,0,14267
4992,2020-10-02 14:51:00,27.64,27.66,27.64,27.64,0,0,4959
4993,2020-10-02 14:52:00,27.64,27.64,27.62,27.62,0,0,6080
4994,2020-10-02 14:53:00,27.63,27.67,27.62,27.66,0,0,6587
4995,2020-10-02 14:54:00,27.66,27.66,27.64,27.64,0,0,4068
4996,2020-10-02 14:55:00,27.64,27.75,27.63,27.72,0,0,15201
4997,2020-10-02 14:56:00,27.72,27.73,27.68,27.69,0,0,8824
4998,2020-10-02 14:57:00,27.68,27.69,27.67,27.69,0,0,10200
4999,2020-10-02 14:58:00,27.69,27.72,27.68,27.7,0,0,11968
5000,2020-10-02 14:59:00,27.7,27.74,27.7,27.72,0,0,11271
5001,2020-10-02 15:00:00,27.71,27.73,27.7,27.71,0,0,5767
5002,2020-10-02 15:01:00,27.7,27.71,27.69,27.7,0,0,4971
5003,2020-10-02 15:02:00,27.69,27.69,27.66,27.67,0,0,23700
5004,2020-10-02 15:03:00,27.68,27.71,27.68,27.71,0,0,7251
5005,2020-10-02 15:04:00,27.7,27.7,27.69,27.69,0,0,7104
5006,2020-10-02 15:05:00,27.69,27.69,27.67,27.69,0,0,9540
5007,2020-10-02 15:06:00,27.68,27.68,27.65,27.68,0,0,7346
5008,2020-10-02 15:07:00,27.69,27.69,27.68,27.69,0,0,4667
5009,2020-10-02 15:08:00,27.69,27.7,27.67,27.67,0,0,9125
5010,2020-10-02 15:09:00,27.67,27.67,27.66,27.67,0,0,4896
5011,2020-10-02 15:10:00,27.67,27.7,27.67,27.7,0,0,10884
5012,2020-10-02 15:11:00,27.7,27.74,27.66,27.67,0,0,26048
5013,2020-10-02 15:12:00,27.67,27.69,27.63,27.69,0,0,56506
5014,2020-10-02 15:13:00,27.69,27.71,27.68,27.71,0,0,14805
5015,2020-10-02 15:14:00,27.7,27.71,27.67,27.67,0,0,6258
5016,2020-10-02 15:15:00,27.66,27.68,27.66,27.68,0,0,11295
5017,2020-10-02 15:16:00,27.68,27.7,27.68,27.7,0,0,19828
5018,2020-10-02 15:17:00,27.69,27.73,27.69,27.71,0,0,9746
5019,2020-10-02 15:18:00,27.72,27.72,27.68,27.69,0,0,8500
5020,2020-10-02 15:19:00,27.7,27.71,27.68,27.7,0,0,19276
5021,2020-10-02 15:20:00,27.71,27.72,27.67,27.71,0,0,13545
5022,2020-10-02 15:21:00,27.71,27.78,27.71,27.75,0,0,129420
5023,2020-10-02 15:22:00,27.74,27.75,27.71,27.74,0,0,12403
5024,2020-10-02 15:23:00,27.74,27.74,27.72,27.73,0,0,12467
5025,2020-10-02 15:24:00,27.73,27.75,27.71,27.74,0,0,10937
5026,2020-10-02 15:25:00,27.73,27.74,27.72,27.73,0,0,8823
5027,2020-10-02 15:26:00,27.72,27.75,27.72,27.74,0,0,14279
5028,2020-10-02 15:27:00,27.74,27.75,27.73,27.75,0,0,8692
5029,2020-10-02 15:28:00,27.74,27.78,27.74,27.77,0,0,36507
5030,2020-10-02 15:29:00,27.78,27.78,27.75,27.75,0,0,31151
5031,2020-10-02 15:30:00,27.74,27.75,27.72,27.73,0,0,27272
5032,2020-10-02 15:31:00,27.74,27.77,27.73,27.77,0,0,12966
5033,2020-10-02 15:32:00,27.76,27.79,27.76,27.78,0,0,25917
5034,2020-10-02 15:33:00,27.79,27.83,27.79,27.83,0,0,38170
5035,2020-10-02 15:34:00,27.82,27.84,27.81,27.83,0,0,21871
5036,2020-10-02 15:35:00,27.84,27.86,27.83,27.84,0,0,22135
5037,2020-10-02 15:36:00,27.85,27.87,27.84,27.87,0,0,21385
5038,2020-10-02 15:37:00,27.86,27.87,27.85,27.85,0,0,11029
5039,2020-10-02 15:38:00,27.85,27.85,27.8,27.81,0,0,20451
5040,2020-10-02 15:39:00,27.82,27.85,27.82,27.85,0,0,18036
5041,2020-10-02 15:40:00,27.86,27.87,27.85,27.87,0,0,9770
5042,2020-10-02 15:41:00,27.86,27.87,27.82,27.83,0,0,33761
5043,2020-10-02 15:42:00,27.82,27.85,27.82,27.84,0,0,22894
5044,2020-10-02 15:43:00,27.85,27.86,27.85,27.85,0,0,18175
5045,2020-10-02 15:44:00,27.86,27.86,27.85,27.86,0,0,19260
5046,2020-10-02 15:45:00,27.86,27.86,27.82,27.83,0,0,53656
5047,2020-10-02 15:46:00,27.82,27.83,27.81,27.83,0,0,23399
5048,2020-10-02 15:47:00,27.82,27.84,27.82,27.82,0,0,37140
5049,2020-10-02 15:48:00,27.83,27.83,27.8,27.8,0,0,46258
5050,2020-10-02 15:49:00,27.81,27.82,27.8,27.81,0,0,21074
5051,2020-10-02 15:50:00,27.82,27.82,27.74,27.76,0,0,88118
5052,2020-10-02 15:51:00,27.77,27.79,27.75,27.78,0,0,62589
5053,2020-10-02 15:52:00,27.79,27.83,27.78,27.83,0,0,64372
5054,2020-10-02 15:53:00,27.83,27.83,27.79,27.8,0,0,48605
5055,2020-10-02 15:54:00,27.8,27.81,27.77,27.8,0,0,44964
5056,2020-10-02 15:55:00,27.8,27.81,27.78,27.8,0,0,70905
5057,2020-10-02 15:56:00,27.79,27.8,27.77,27.8,0,0,108341
5058,2020-10-02 15:57:00,27.79,27.8,27.77,27.79,0,0,66539
5059,2020-10-02 15:58:00,27.78,27.81,27.77,27.81,0,0,118764
5060,2020-10-02 15:59:00,27.81,27.82,27.76,27.78,0,0,131576
5061,2020-10-05 09:30:00,28.0,28.0,27.86,27.86,0,0,180800
5062,2020-10-05 09:31:00,27.84,27.89,27.72,27.72,0,0,22573
5063,2020-10-05 09:32:00,27.72,27.75,27.72,27.75,0,0,1433
5064,2020-10-05 09:33:00,27.72,27.77,27.72,27.75,0,0,77676
5065,2020-10-05 09:34:00,27.79,27.81,27.73,27.78,0,0,39888
5066,2020-10-05 09:35:00,27.76,27.79,27.67,27.71,0,0,34925
5067,2020-10-05 09:36:00,27.7,27.76,27.69,27.76,0,0,38771
5068,2020-10-05 09:37:00,27.75,28.04,27.74,27.8,0,0,166521
5069,2020-10-05 09:38:00,27.82,27.91,27.78,27.86,0,0,76137
5070,2020-10-05 09:39:00,27.85,27.9,27.79,27.83,0,0,45216
5071,2020-10-05 09:40:00,27.83,27.84,27.78,27.83,0,0,34636
5072,2020-10-05 09:41:00,27.83,27.88,27.79,27.85,0,0,27464
5073,2020-10-05 09:42:00,27.85,27.9,27.84,27.84,0,0,38809
5074,2020-10-05 09:43:00,27.84,27.89,27.82,27.89,0,0,37993
5075,2020-10-05 09:44:00,27.86,27.88,27.84,27.84,0,0,13989
5076,2020-10-05 09:45:00,27.83,27.88,27.83,27.88,0,0,19985
5077,2020-10-05 09:46:00,27.88,28.09,27.88,28.06,0,0,294248
5078,2020-10-05 09:47:00,28.06,28.11,27.97,28.08,0,0,118711
5079,2020-10-05 09:48:00,28.07,28.09,28.0,28.08,0,0,45018
5080,2020-10-05 09:49:00,28.08,28.09,28.05,28.08,0,0,28036
5081,2020-10-05 09:50:00,28.08,28.15,28.03,28.07,0,0,50597
5082,2020-10-05 09:51:00,28.08,28.1,28.07,28.08,0,0,46032
5083,2020-10-05 09:52:00,28.08,28.09,28.04,28.07,0,0,60168
5084,2020-10-05 09:53:00,28.07,28.13,28.05,28.1,0,0,108441
5085,2020-10-05 09:54:00,28.12,28.25,28.09,28.23,0,0,358316
5086,2020-10-05 09:55:00,28.24,28.28,28.19,28.25,0,0,53150
5087,2020-10-05 09:56:00,28.26,28.36,28.23,28.34,0,0,64333
5088,2020-10-05 09:57:00,28.34,28.37,28.31,28.35,0,0,57177
5089,2020-10-05 09:58:00,28.35,28.38,28.28,28.33,0,0,97926
5090,2020-10-05 09:59:00,28.34,28.43,28.34,28.43,0,0,206546
5091,2020-10-05 10:00:00,28.45,28.48,28.39,28.43,0,0,109363
5092,2020-10-05 10:01:00,28.42,28.44,28.36,28.41,0,0,51840
5093,2020-10-05 10:02:00,28.41,28.52,28.36,28.51,0,0,116853
5094,2020-10-05 10:03:00,28.51,28.51,28.44,28.5,0,0,35000
5095,2020-10-05 10:04:00,28.51,28.53,28.49,28.5,0,0,36952
5096,2020-10-05 10:05:00,28.51,28.53,28.47,28.51,0,0,18079
5097,2020-10-05 10:06:00,28.5,28.56,28.48,28.54,0,0,65703
5098,2020-10-05 10:07:00,28.55,28.6,28.53,28.59,0,0,50208
5099,2020-10-05 10:08:00,28.59,28.63,28.56,28.59,0,0,61993
5100,2020-10-05 10:09:00,28.59,28.6,28.55,28.56,0,0,90265
5101,2020-10-05 10:10:00,28.56,28.64,28.54,28.63,0,0,78663
5102,2020-10-05 10:11:00,28.64,28.68,28.56,28.56,0,0,137313
5103,2020-10-05 10:12:00,28.57,28.61,28.53,28.57,0,0,57695
5104,2020-10-05 10:13:00,28.56,28.58,28.5,28.55,0,0,64763
5105,2020-10-05 10:14:00,28.55,28.65,28.55,28.65,0,0,47497
5106,2020-10-05 10:15:00,28.65,28.66,28.58,28.58,0,0,48321
5107,2020-10-05 10:16:00,28.58,28.61,28.58,28.61,0,0,26945
5108,2020-10-05 10:17:00,28.61,28.61,28.53,28.53,0,0,36240
5109,2020-10-05 10:18:00,28.52,28.55,28.49,28.52,0,0,37298
5110,2020-10-05 10:19:00,28.51,28.51,28.42,28.43,0,0,31352
5111,2020-10-05 10:20:00,28.43,28.45,28.41,28.41,0,0,33397
5112,2020-10-05 10:21:00,28.42,28.43,28.37,28.4,0,0,36969
5113,2020-10-05 10:22:00,28.39,28.45,28.39,28.45,0,0,20152
5114,2020-10-05 10:23:00,28.44,28.45,28.41,28.42,0,0,17655
5115,2020-10-05 10:24:00,28.42,28.45,28.36,28.38,0,0,26465
5116,2020-10-05 10:25:00,28.38,28.41,28.37,28.41,0,0,15241
5117,2020-10-05 10:26:00,28.4,28.45,28.4,28.43,0,0,23377
5118,2020-10-05 10:27:00,28.44,28.5,28.44,28.5,0,0,14601
5119,2020-10-05 10:28:00,28.49,28.5,28.46,28.5,0,0,35943
5120,2020-10-05 10:29:00,28.51,28.57,28.51,28.56,0,0,30501
5121,2020-10-05 10:30:00,28.57,28.61,28.57,28.59,0,0,54556
5122,2020-10-05 10:31:00,28.6,28.6,28.55,28.56,0,0,29403
5123,2020-10-05 10:32:00,28.57,28.62,28.57,28.62,0,0,19163
5124,2020-10-05 10:33:00,28.62,28.63,28.59,28.59,0,0,33918
5125,2020-10-05 10:34:00,28.58,28.6,28.57,28.6,0,0,12598
5126,2020-10-05 10:35:00,28.59,28.62,28.59,28.59,0,0,14137
5127,2020-10-05 10:36:00,28.59,28.61,28.58,28.6,0,0,20025
5128,2020-10-05 10:37:00,28.61,28.62,28.61,28.62,0,0,20783
5129,2020-10-05 10:38:00,28.62,28.64,28.56,28.56,0,0,22657
5130,2020-10-05 10:39:00,28.57,28.57,28.48,28.49,0,0,40525
5131,2020-10-05 10:40:00,28.5,28.53,28.49,28.53,0,0,60504
5132,2020-10-05 10:41:00,28.52,28.53,28.44,28.44,0,0,30157
5133,2020-10-05 10:42:00,28.44,28.45,28.42,28.44,0,0,24321
5134,2020-10-05 10:43:00,28.43,28.49,28.43,28.49,0,0,13201
5135,2020-10-05 10:44:00,28.49,28.49,28.42,28.42,0,0,23675
5136,2020-10-05 10:45:00,28.44,28.47,28.41,28.45,0,0,11227
5137,2020-10-05 10:46:00,28.45,28.47,28.43,28.43,0,0,14551
5138,2020-10-05 10:47:00,28.44,28.49,28.44,28.46,0,0,18228
5139,2020-10-05 10:48:00,28.47,28.48,28.46,28.47,0,0,5802
5140,2020-10-05 10:49:00,28.46,28.48,28.45,28.48,0,0,21511
5141,2020-10-05 10:50:00,28.48,28.51,28.48,28.5,0,0,21665
5142,2020-10-05 10:51:00,28.5,28.5,28.44,28.44,0,0,9642
5143,2020-10-05 10:52:00,28.44,28.45,28.43,28.44,0,0,9592
5144,2020-10-05 10:53:00,28.44,28.44,28.42,28.44,0,0,6596
5145,2020-10-05 10:54:00,28.44,28.45,28.42,28.42,0,0,14056
5146,2020-10-05 10:55:00,28.42,28.43,28.41,28.41,0,0,25376
5147,2020-10-05 10:56:00,28.4,28.41,28.37,28.38,0,0,20044
5148,2020-10-05 10:57:00,28.38,28.39,28.37,28.38,0,0,7118
5149,2020-10-05 10:58:00,28.39,28.42,28.39,28.42,0,0,17853
5150,2020-10-05 10:59:00,28.41,28.45,28.41,28.42,0,0,11457
5151,2020-10-05 11:00:00,28.42,28.43,28.4,28.41,0,0,9574
5152,2020-10-05 11:01:00,28.4,28.41,28.33,28.35,0,0,76351
5153,2020-10-05 11:02:00,28.35,28.41,28.34,28.4,0,0,28362
5154,2020-10-05 11:03:00,28.39,28.41,28.39,28.4,0,0,21105
5155,2020-10-05 11:04:00,28.4,28.42,28.38,28.39,0,0,25703
5156,2020-10-05 11:05:00,28.37,28.37,28.34,28.37,0,0,12297
5157,2020-10-05 11:06:00,28.36,28.36,28.31,28.31,0,0,9335
5158,2020-10-05 11:07:00,28.31,28.33,28.31,28.32,0,0,12657
5159,2020-10-05 11:08:00,28.32,28.37,28.31,28.35,0,0,21318
5160,2020-10-05 11:09:00,28.36,28.38,28.33,28.33,0,0,17811
5161,2020-10-05 11:10:00,28.33,28.33,28.31,28.32,0,0,8595
5162,2020-10-05 11:11:00,28.32,28.33,28.31,28.32,0,0,11615
5163,2020-10-05 11:12:00,28.32,28.33,28.3,28.32,0,0,14241
5164,2020-10-05 11:13:00,28.33,28.33,28.3,28.3,0,0,53650
5165,2020-10-05 11:14:00,28.31,28.32,28.25,28.25,0,0,24449
5166,2020-10-05 11:15:00,28.25,28.28,28.25,28.27,0,0,20765
5167,2020-10-05 11:16:00,28.27,28.33,28.27,28.3,0,0,26117
5168,2020-10-05 11:17:00,28.31,28.31,28.25,28.25,0,0,60610
5169,2020-10-05 11:18:00,28.25,28.26,28.24,28.25,0,0,10944
5170,2020-10-05 11:19:00,28.25,28.26,28.24,28.25,0,0,27575
5171,2020-10-05 11:20:00,28.25,28.28,28.25,28.25,0,0,25870
5172,2020-10-05 11:21:00,28.25,28.25,28.22,28.23,0,0,32333
5173,2020-10-05 11:22:00,28.23,28.23,28.19,28.19,0,0,19531
5174,2020-10-05 11:23:00,28.19,28.24,28.18,28.22,0,0,14468
5175,2020-10-05 11:24:00,28.23,28.25,28.22,28.24,0,0,14123
5176,2020-10-05 11:25:00,28.25,28.26,28.24,28.24,0,0,17088
5177,2020-10-05 11:26:00,28.24,28.25,28.24,28.24,0,0,8137
5178,2020-10-05 11:27:00,28.24,28.24,28.17,28.17,0,0,18070
5179,2020-10-05 11:28:00,28.17,28.21,28.16,28.21,0,0,29203
5180,2020-10-05 11:29:00,28.21,28.24,28.2,28.23,0,0,9385
5181,2020-10-05 11:30:00,28.23,28.27,28.23,28.25,0,0,24348
5182,2020-10-05 11:31:00,28.25,28.25,28.24,28.25,0,0,8141
5183,2020-10-05 11:32:00,28.24,28.25,28.23,28.24,0,0,14805
5184,2020-10-05 11:33:00,28.23,28.24,28.21,28.23,0,0,8430
5185,2020-10-05 11:34:00,28.23,28.23,28.21,28.21,0,0,10681
5186,2020-10-05 11:35:00,28.21,28.25,28.21,28.23,0,0,13433
5187,2020-10-05 11:36:00,28.22,28.23,28.21,28.21,0,0,7727
5188,2020-10-05 11:37:00,28.22,28.24,28.21,28.24,0,0,5249
5189,2020-10-05 11:38:00,28.23,28.24,28.22,28.22,0,0,17494
5190,2020-10-05 11:39:00,28.22,28.23,28.19,28.19,0,0,12878
5191,2020-10-05 11:40:00,28.18,28.19,28.16,28.17,0,0,30179
5192,2020-10-05 11:41:00,28.17,28.19,28.16,28.18,0,0,6459
5193,2020-10-05 11:42:00,28.18,28.19,28.17,28.17,0,0,6379
5194,2020-10-05 11:43:00,28.17,28.17,28.16,28.16,0,0,3405
5195,2020-10-05 11:44:00,28.17,28.17,28.16,28.16,0,0,5001
5196,2020-10-05 11:45:00,28.16,28.16,28.14,28.14,0,0,10577
5197,2020-10-05 11:46:00,28.15,28.17,28.14,28.16,0,0,7495
5198,2020-10-05 11:47:00,28.16,28.21,28.16,28.2,0,0,22492
5199,2020-10-05 11:48:00,28.19,28.23,28.18,28.23,0,0,13818
5200,2020-10-05 11:49:00,28.23,28.23,28.19,28.2,0,0,8632
5201,2020-10-05 11:50:00,28.19,28.23,28.18,28.22,0,0,24467
5202,2020-10-05 11:51:00,28.22,28.22,28.2,28.22,0,0,4426
5203,2020-10-05 11:52:00,28.21,28.22,28.21,28.21,0,0,3859
5204,2020-10-05 11:53:00,28.22,28.25,28.22,28.24,0,0,12772
5205,2020-10-05 11:54:00,28.23,28.24,28.19,28.2,0,0,8500
5206,2020-10-05 11:55:00,28.2,28.22,28.19,28.21,0,0,8045
5207,2020-10-05 11:56:00,28.21,28.22,28.21,28.22,0,0,11381
5208,2020-10-05 11:57:00,28.2,28.21,28.19,28.2,0,0,10642
5209,2020-10-05 11:58:00,28.2,28.23,28.2,28.22,0,0,4627
5210,2020-10-05 11:59:00,28.22,28.25,28.21,28.25,0,0,24080
5211,2020-10-05 12:00:00,28.25,28.25,28.23,28.23,0,0,18430
5212,2020-10-05 12:01:00,28.23,28.25,28.22,28.23,0,0,29525
5213,2020-10-05 12:02:00,28.22,28.23,28.21,28.21,0,0,5058
5214,2020-10-05 12:03:00,28.22,28.22,28.17,28.18,0,0,27857
5215,2020-10-05 12:04:00,28.18,28.2,28.18,28.19,0,0,9090
5216,2020-10-05 12:05:00,28.2,28.24,28.19,28.24,0,0,16608
5217,2020-10-05 12:06:00,28.25,28.25,28.23,28.23,0,0,8397
5218,2020-10-05 12:07:00,28.23,28.26,28.23,28.25,0,0,18954
5219,2020-10-05 12:08:00,28.25,28.25,28.23,28.23,0,0,3306
5220,2020-10-05 12:09:00,28.24,28.24,28.23,28.24,0,0,4566
5221,2020-10-05 12:10:00,28.23,28.25,28.23,28.24,0,0,4860
5222,2020-10-05 12:11:00,28.23,28.32,28.23,28.31,0,0,26508
5223,2020-10-05 12:12:00,28.32,28.33,28.31,28.31,0,0,9071
5224,2020-10-05 12:13:00,28.32,28.33,28.29,28.32,0,0,43309
5225,2020-10-05 12:14:00,28.32,28.32,28.28,28.28,0,0,10371
5226,2020-10-05 12:15:00,28.28,28.29,28.26,28.28,0,0,11209
5227,2020-10-05 12:16:00,28.27,28.28,28.27,28.27,0,0,2564
5228,2020-10-05 12:17:00,28.27,28.3,28.27,28.3,0,0,4565
5229,2020-10-05 12:18:00,28.29,28.3,28.28,28.3,0,0,2247
5230,2020-10-05 12:19:00,28.29,28.3,28.29,28.29,0,0,1866
5231,2020-10-05 12:20:00,28.28,28.28,28.27,28.27,0,0,5545
5232,2020-10-05 12:21:00,28.27,28.32,28.27,28.32,0,0,119769
5233,2020-10-05 12:22:00,28.31,28.33,28.3,28.33,0,0,128942
5234,2020-10-05 12:23:00,28.33,28.35,28.32,28.33,0,0,26740
5235,2020-10-05 12:24:00,28.33,28.33,28.32,28.32,0,0,17123
5236,2020-10-05 12:25:00,28.33,28.33,28.32,28.32,0,0,3114
5237,2020-10-05 12:26:00,28.33,28.34,28.31,28.34,0,0,10452
5238,2020-10-05 12:27:00,28.33,28.34,28.32,28.32,0,0,11781
5239,2020-10-05 12:28:00,28.32,28.32,28.3,28.31,0,0,9004
5240,2020-10-05 12:29:00,28.32,28.32,28.29,28.3,0,0,7953
5241,2020-10-05 12:30:00,28.3,28.3,28.27,28.28,0,0,21178
5242,2020-10-05 12:31:00,28.27,28.27,28.24,28.25,0,0,8700
5243,2020-10-05 12:32:00,28.25,28.25,28.25,28.25,0,0,9106
5244,2020-10-05 12:33:00,28.25,28.26,28.24,28.26,0,0,9596
5245,2020-10-05 12:34:00,28.26,28.29,28.25,28.28,0,0,35285
5246,2020-10-05 12:35:00,28.27,28.28,28.26,28.28,0,0,2667
5247,2020-10-05 12:36:00,28.27,28.27,28.25,28.27,0,0,13191
5248,2020-10-05 12:37:00,28.27,28.27,28.24,28.24,0,0,9898
5249,2020-10-05 12:38:00,28.24,28.25,28.21,28.21,0,0,14824
5250,2020-10-05 12:39:00,28.21,28.22,28.18,28.18,0,0,31511
5251,2020-10-05 12:40:00,28.18,28.19,28.17,28.18,0,0,15342
5252,2020-10-05 12:41:00,28.18,28.2,28.16,28.17,0,0,21343
5253,2020-10-05 12:42:00,28.17,28.19,28.17,28.18,0,0,5217
5254,2020-10-05 12:43:00,28.18,28.2,28.18,28.18,0,0,14134
5255,2020-10-05 12:44:00,28.18,28.21,28.18,28.21,0,0,8025
5256,2020-10-05 12:45:00,28.2,28.21,28.2,28.2,0,0,4607
5257,2020-10-05 12:46:00,28.2,28.2,28.18,28.18,0,0,3586
5258,2020-10-05 12:47:00,28.18,28.18,28.17,28.18,0,0,7111
5259,2020-10-05 12:48:00,28.18,28.18,28.14,28.16,0,0,17038
5260,2020-10-05 12:49:00,28.16,28.16,28.12,28.12,0,0,26766
5261,2020-10-05 12:50:00,28.12,28.14,28.12,28.13,0,0,11419
5262,2020-10-05 12:51:00,28.13,28.14,28.1,28.11,0,0,10922
5263,2020-10-05 12:52:00,28.11,28.14,28.11,28.13,0,0,8253
5264,2020-10-05 12:53:00,28.13,28.14,28.12,28.14,0,0,8850
5265,2020-10-05 12:54:00,28.15,28.15,28.11,28.12,0,0,23083
5266,2020-10-05 12:55:00,28.12,28.14,28.12,28.13,0,0,10519
5267,2020-10-05 12:56:00,28.12,28.14,28.12,28.14,0,0,5171
5268,2020-10-05 12:57:00,28.15,28.19,28.15,28.18,0,0,19014
5269,2020-10-05 12:58:00,28.19,28.21,28.18,28.2,0,0,11947
5270,2020-10-05 12:59:00,28.21,28.24,28.2,28.22,0,0,8170
5271,2020-10-05 13:00:00,28.22,28.22,28.19,28.2,0,0,6320
5272,2020-10-05 13:01:00,28.2,28.22,28.19,28.2,0,0,4491
5273,2020-10-05 13:02:00,28.19,28.19,28.14,28.14,0,0,15834
5274,2020-10-05 13:03:00,28.15,28.16,28.14,28.14,0,0,11023
5275,2020-10-05 13:04:00,28.14,28.14,28.12,28.13,0,0,9663
5276,2020-10-05 13:05:00,28.14,28.15,28.12,28.13,0,0,5028
5277,2020-10-05 13:06:00,28.14,28.15,28.12,28.13,0,0,3381
5278,2020-10-05 13:07:00,28.13,28.14,28.12,28.13,0,0,8043
5279,2020-10-05 13:08:00,28.14,28.14,28.12,28.12,0,0,12792
5280,2020-10-05 13:09:00,28.13,28.13,28.11,28.12,0,0,7306
5281,2020-10-05 13:10:00,28.13,28.14,28.13,28.14,0,0,3763
5282,2020-10-05 13:11:00,28.13,28.14,28.12,28.13,0,0,2823
5283,2020-10-05 13:12:00,28.14,28.14,28.13,28.13,0,0,3142
5284,2020-10-05 13:13:00,28.14,28.18,28.14,28.18,0,0,21297
5285,2020-10-05 13:14:00,28.18,28.19,28.17,28.19,0,0,8719
5286,2020-10-05 13:15:00,28.19,28.2,28.18,28.18,0,0,11715
5287,2020-10-05 13:16:00,28.18,28.18,28.16,28.16,0,0,12578
5288,2020-10-05 13:17:00,28.17,28.18,28.16,28.16,0,0,6281
5289,2020-10-05 13:18:00,28.16,28.19,28.16,28.19,0,0,4748
5290,2020-10-05 13:19:00,28.18,28.19,28.18,28.19,0,0,5247
5291,2020-10-05 13:20:00,28.18,28.18,28.15,28.15,0,0,13115
5292,2020-10-05 13:21:00,28.15,28.15,28.12,28.14,0,0,10230
5293,2020-10-05 13:22:00,28.14,28.15,28.14,28.15,0,0,4349
5294,2020-10-05 13:23:00,28.16,28.16,28.15,28.16,0,0,2650
5295,2020-10-05 13:24:00,28.16,28.17,28.15,28.16,0,0,4038
5296,2020-10-05 13:25:00,28.17,28.17,28.16,28.17,0,0,1706
5297,2020-10-05 13:26:00,28.17,28.18,28.16,28.18,0,0,7551
5298,2020-10-05 13:27:00,28.18,28.19,28.18,28.19,0,0,7870
5299,2020-10-05 13:28:00,28.19,28.19,28.17,28.18,0,0,6231
5300,2020-10-05 13:29:00,28.18,28.2,28.17,28.19,0,0,9651
5301,2020-10-05 13:30:00,28.19,28.19,28.18,28.19,0,0,3638
5302,2020-10-05 13:31:00,28.18,28.19,28.17,28.18,0,0,6729
5303,2020-10-05 13:32:00,28.18,28.19,28.17,28.18,0,0,17712
5304,2020-10-05 13:33:00,28.17,28.21,28.17,28.21,0,0,7926
5305,2020-10-05 13:34:00,28.2,28.22,28.2,28.21,0,0,3968
5306,2020-10-05 13:35:00,28.22,28.22,28.2,28.2,0,0,6546
5307,2020-10-05 13:36:00,28.2,28.2,28.2,28.2,0,0,2167
5308,2020-10-05 13:37:00,28.2,28.22,28.2,28.22,0,0,2856
5309,2020-10-05 13:38:00,28.22,28.23,28.21,28.22,0,0,5254
5310,2020-10-05 13:39:00,28.23,28.23,28.22,28.23,0,0,1712
5311,2020-10-05 13:40:00,28.22,28.23,28.22,28.23,0,0,8167
5312,2020-10-05 13:41:00,28.23,28.23,28.22,28.23,0,0,3116
5313,2020-10-05 13:42:00,28.23,28.23,28.2,28.22,0,0,16698
5314,2020-10-05 13:43:00,28.23,28.23,28.2,28.2,0,0,5211
5315,2020-10-05 13:44:00,28.21,28.23,28.21,28.23,0,0,6895
5316,2020-10-05 13:45:00,28.22,28.23,28.21,28.21,0,0,5941
5317,2020-10-05 13:46:00,28.21,28.22,28.19,28.19,0,0,11345
5318,2020-10-05 13:47:00,28.19,28.19,28.15,28.17,0,0,16213
5319,2020-10-05 13:48:00,28.17,28.18,28.13,28.13,0,0,13744
5320,2020-10-05 13:49:00,28.14,28.15,28.11,28.13,0,0,11940
5321,2020-10-05 13:50:00,28.13,28.14,28.11,28.12,0,0,6528
5322,2020-10-05 13:51:00,28.12,28.12,28.11,28.12,0,0,10534
5323,2020-10-05 13:52:00,28.12,28.13,28.11,28.13,0,0,4785
5324,2020-10-05 13:53:00,28.13,28.14,28.12,28.12,0,0,6551
5325,2020-10-05 13:54:00,28.12,28.18,28.12,28.18,0,0,10956
5326,2020-10-05 13:55:00,28.18,28.18,28.17,28.18,0,0,10961
5327,2020-10-05 13:56:00,28.18,28.19,28.16,28.18,0,0,14177
5328,2020-10-05 13:57:00,28.18,28.19,28.16,28.16,0,0,7998
5329,2020-10-05 13:58:00,28.17,28.17,28.15,28.16,0,0,4959
5330,2020-10-05 13:59:00,28.15,28.17,28.15,28.17,0,0,4451
5331,2020-10-05 14:00:00,28.17,28.18,28.16,28.16,0,0,5059
5332,2020-10-05 14:01:00,28.16,28.16,28.13,28.14,0,0,3965
5333,2020-10-05 14:02:00,28.13,28.14,28.12,28.12,0,0,9568
5334,2020-10-05 14:03:00,28.12,28.13,28.09,28.09,0,0,9539
5335,2020-10-05 14:04:00,28.09,28.1,28.09,28.09,0,0,5518
5336,2020-10-05 14:05:00,28.09,28.14,28.09,28.14,0,0,17974
5337,2020-10-05 14:06:00,28.13,28.15,28.12,28.15,0,0,6642
5338,2020-10-05 14:07:00,28.13,28.16,28.13,28.13,0,0,5602
5339,2020-10-05 14:08:00,28.14,28.14,28.11,28.13,0,0,5783
5340,2020-10-05 14:09:00,28.13,28.13,28.12,28.12,0,0,3093
5341,2020-10-05 14:10:00,28.11,28.14,28.11,28.14,0,0,6363
5342,2020-10-05 14:11:00,28.13,28.14,28.11,28.11,0,0,5966
5343,2020-10-05 14:12:00,28.11,28.11,28.1,28.1,0,0,3999
5344,2020-10-05 14:13:00,28.11,28.13,28.11,28.12,0,0,17984
5345,2020-10-05 14:14:00,28.12,28.13,28.12,28.12,0,0,3866
5346,2020-10-05 14:15:00,28.11,28.12,28.11,28.11,0,0,4611
5347,2020-10-05 14:16:00,28.11,28.12,28.1,28.12,0,0,3005
5348,2020-10-05 14:17:00,28.11,28.12,28.1,28.1,0,0,14403
5349,2020-10-05 14:18:00,28.1,28.11,28.1,28.1,0,0,10363
5350,2020-10-05 14:19:00,28.1,28.11,28.09,28.1,0,0,11334
5351,2020-10-05 14:20:00,28.1,28.11,28.1,28.1,0,0,7423
5352,2020-10-05 14:21:00,28.1,28.14,28.1,28.13,0,0,16481
5353,2020-10-05 14:22:00,28.12,28.13,28.12,28.12,0,0,3258
5354,2020-10-05 14:23:00,28.12,28.12,28.11,28.12,0,0,7763
5355,2020-10-05 14:24:00,28.11,28.12,28.1,28.1,0,0,3247
5356,2020-10-05 14:25:00,28.1,28.11,28.1,28.1,0,0,3678
5357,2020-10-05 14:26:00,28.1,28.11,28.09,28.09,0,0,8043
5358,2020-10-05 14:27:00,28.09,28.09,28.09,28.09,0,0,3192
5359,2020-10-05 14:28:00,28.09,28.1,28.09,28.09,0,0,7683
5360,2020-10-05 14:29:00,28.1,28.12,28.1,28.11,0,0,7606
5361,2020-10-05 14:30:00,28.11,28.14,28.11,28.12,0,0,10670
5362,2020-10-05 14:31:00,28.12,28.14,28.12,28.13,0,0,2633
5363,2020-10-05 14:32:00,28.13,28.14,28.13,28.13,0,0,11667
5364,2020-10-05 14:33:00,28.14,28.15,28.13,28.14,0,0,12369
5365,2020-10-05 14:34:00,28.15,28.15,28.14,28.15,0,0,3859
5366,2020-10-05 14:35:00,28.14,28.15,28.12,28.12,0,0,5729
5367,2020-10-05 14:36:00,28.13,28.16,28.12,28.15,0,0,8051
5368,2020-10-05 14:37:00,28.15,28.17,28.15,28.16,0,0,11162
5369,2020-10-05 14:38:00,28.17,28.17,28.15,28.16,0,0,5428
5370,2020-10-05 14:39:00,28.15,28.17,28.15,28.17,0,0,7607
5371,2020-10-05 14:40:00,28.17,28.17,28.16,28.17,0,0,5730
5372,2020-10-05 14:41:00,28.17,28.18,28.17,28.17,0,0,5305
5373,2020-10-05 14:42:00,28.17,28.18,28.17,28.17,0,0,3629
5374,2020-10-05 14:43:00,28.18,28.18,28.16,28.16,0,0,8376
5375,2020-10-05 14:44:00,28.15,28.17,28.15,28.16,0,0,6035
5376,2020-10-05 14:45:00,28.17,28.17,28.15,28.15,0,0,3406
5377,2020-10-05 14:46:00,28.15,28.15,28.14,28.15,0,0,6995
5378,2020-10-05 14:47:00,28.14,28.15,28.14,28.15,0,0,9671
5379,2020-10-05 14:48:00,28.15,28.15,28.14,28.15,0,0,10818
5380,2020-10-05 14:49:00,28.15,28.16,28.15,28.16,0,0,4876
5381,2020-10-05 14:50:00,28.16,28.18,28.15,28.18,0,0,9475
5382,2020-10-05 14:51:00,28.17,28.18,28.17,28.17,0,0,10924
5383,2020-10-05 14:52:00,28.18,28.18,28.16,28.16,0,0,104277
5384,2020-10-05 14:53:00,28.17,28.18,28.16,28.18,0,0,8667
5385,2020-10-05 14:54:00,28.18,28.2,28.18,28.2,0,0,11791
5386,2020-10-05 14:55:00,28.2,28.21,28.18,28.21,0,0,1388344
5387,2020-10-05 14:56:00,28.21,28.21,28.2,28.2,0,0,3282
5388,2020-10-05 14:57:00,28.21,28.25,28.2,28.24,0,0,22203
5389,2020-10-05 14:58:00,28.25,28.29,28.24,28.27,0,0,33152
5390,2020-10-05 14:59:00,28.28,28.34,28.27,28.32,0,0,82872
5391,2020-10-05 15:00:00,28.32,28.32,28.28,28.29,0,0,28337
5392,2020-10-05 15:01:00,28.28,28.3,28.26,28.3,0,0,9914
5393,2020-10-05 15:02:00,28.3,28.31,28.29,28.3,0,0,94342
5394,2020-10-05 15:03:00,28.3,28.3,28.28,28.28,0,0,24069
5395,2020-10-05 15:04:00,28.28,28.28,28.25,28.27,0,0,30495
5396,2020-10-05 15:05:00,28.26,28.27,28.22,28.23,0,0,60479
5397,2020-10-05 15:06:00,28.23,28.24,28.23,28.23,0,0,17317
5398,2020-10-05 15:07:00,28.23,28.27,28.23,28.26,0,0,8609
5399,2020-10-05 15:08:00,28.26,28.27,28.25,28.26,0,0,12989
5400,2020-10-05 15:09:00,28.25,28.26,28.25,28.25,0,0,3998
5401,2020-10-05 15:10:00,28.25,28.28,28.25,28.27,0,0,12448
5402,2020-10-05 15:11:00,28.26,28.27,28.25,28.25,0,0,6533
5403,2020-10-05 15:12:00,28.25,28.25,28.23,28.24,0,0,6941
5404,2020-10-05 15:13:00,28.24,28.24,28.22,28.24,0,0,11557
5405,2020-10-05 15:14:00,28.24,28.25,28.24,28.25,0,0,10268
5406,2020-10-05 15:15:00,28.25,28.26,28.24,28.24,0,0,8246
5407,2020-10-05 15:16:00,28.25,28.26,28.25,28.25,0,0,8925
5408,2020-10-05 15:17:00,28.25,28.26,28.24,28.24,0,0,6503
5409,2020-10-05 15:18:00,28.25,28.25,28.21,28.22,0,0,12247
5410,2020-10-05 15:19:00,28.22,28.24,28.21,28.24,0,0,9576
5411,2020-10-05 15:20:00,28.24,28.25,28.24,28.24,0,0,9028
5412,2020-10-05 15:21:00,28.25,28.25,28.23,28.25,0,0,21939
5413,2020-10-05 15:22:00,28.25,28.25,28.23,28.23,0,0,10894
5414,2020-10-05 15:23:00,28.24,28.25,28.23,28.25,0,0,12299
5415,2020-10-05 15:24:00,28.24,28.28,28.24,28.27,0,0,12238
5416,2020-10-05 15:25:00,28.27,28.28,28.26,28.26,0,0,7406
5417,2020-10-05 15:26:00,28.26,28.26,28.25,28.26,0,0,18318
5418,2020-10-05 15:27:00,28.27,28.3,28.26,28.3,0,0,192843
5419,2020-10-05 15:28:00,28.3,28.31,28.28,28.28,0,0,13570
5420,2020-10-05 15:29:00,28.28,28.29,28.27,28.27,0,0,16986
5421,2020-10-05 15:30:00,28.27,28.3,28.27,28.29,0,0,20754
5422,2020-10-05 15:31:00,28.3,28.31,28.28,28.3,0,0,49719
5423,2020-10-05 15:32:00,28.3,28.32,28.28,28.3,0,0,16994
5424,2020-10-05 15:33:00,28.3,28.31,28.27,28.3,0,0,30731
5425,2020-10-05 15:34:00,28.31,28.31,28.3,28.3,0,0,18975
5426,2020-10-05 15:35:00,28.31,28.32,28.3,28.32,0,0,19885
5427,2020-10-05 15:36:00,28.31,28.33,28.31,28.33,0,0,15188
5428,2020-10-05 15:37:00,28.33,28.36,28.33,28.35,0,0,17304
5429,2020-10-05 15:38:00,28.35,28.36,28.34,28.35,0,0,39974
5430,2020-10-05 15:39:00,28.35,28.36,28.32,28.32,0,0,21304
5431,2020-10-05 15:40:00,28.32,28.34,28.32,28.33,0,0,39077
5432,2020-10-05 15:41:00,28.32,28.33,28.32,28.32,0,0,10540
5433,2020-10-05 15:42:00,28.32,28.33,28.29,28.3,0,0,35374
5434,2020-10-05 15:43:00,28.29,28.31,28.29,28.31,0,0,21908
5435,2020-10-05 15:44:00,28.31,28.32,28.3,28.3,0,0,12703
5436,2020-10-05 15:45:00,28.3,28.31,28.29,28.31,0,0,23051
5437,2020-10-05 15:46:00,28.31,28.31,28.3,28.31,0,0,9043
5438,2020-10-05 15:47:00,28.31,28.31,28.29,28.29,0,0,11897
5439,2020-10-05 15:48:00,28.3,28.31,28.28,28.31,0,0,35181
5440,2020-10-05 15:49:00,28.31,28.32,28.31,28.31,0,0,19681
5441,2020-10-05 15:50:00,28.31,28.32,28.28,28.29,0,0,37886
5442,2020-10-05 15:51:00,28.28,28.31,28.28,28.29,0,0,20035
5443,2020-10-05 15:52:00,28.3,28.31,28.29,28.31,0,0,35874
5444,2020-10-05 15:53:00,28.31,28.31,28.3,28.31,0,0,39477
5445,2020-10-05 15:54:00,28.31,28.31,28.3,28.31,0,0,80965
5446,2020-10-05 15:55:00,28.3,28.31,28.25,28.26,0,0,71711
5447,2020-10-05 15:56:00,28.25,28.28,28.25,28.28,0,0,60624
5448,2020-10-05 15:57:00,28.28,28.3,28.28,28.3,0,0,78757
5449,2020-10-05 15:58:00,28.29,28.31,28.27,28.3,0,0,59245
5450,2020-10-05 15:59:00,28.3,28.3,28.26,28.28,0,0,100565
5451,2020-10-06 09:30:00,28.1,28.1,28.07,28.1,0,0,293679
5452,2020-10-06 09:31:00,28.1,28.18,28.04,28.09,0,0,60132
5453,2020-10-06 09:32:00,28.1,28.28,28.08,28.23,0,0,39082
5454,2020-10-06 09:33:00,28.22,28.27,28.19,28.2,0,0,42221
5455,2020-10-06 09:34:00,28.2,28.3,28.19,28.22,0,0,21805
5456,2020-10-06 09:35:00,28.21,28.29,28.17,28.24,0,0,30559
5457,2020-10-06 09:36:00,28.26,28.44,28.24,28.41,0,0,44075
5458,2020-10-06 09:37:00,28.42,28.49,28.4,28.49,0,0,22376
5459,2020-10-06 09:38:00,28.49,28.64,28.48,28.5,0,0,103467
5460,2020-10-06 09:39:00,28.5,28.54,28.48,28.49,0,0,19578
5461,2020-10-06 09:40:00,28.5,28.57,28.49,28.52,0,0,8466
5462,2020-10-06 09:41:00,28.53,28.55,28.48,28.52,0,0,40791
5463,2020-10-06 09:42:00,28.51,28.53,28.42,28.44,0,0,11175
5464,2020-10-06 09:43:00,28.45,28.53,28.44,28.53,0,0,18651
5465,2020-10-06 09:44:00,28.53,28.55,28.49,28.51,0,0,24094
5466,2020-10-06 09:45:00,28.5,28.55,28.49,28.5,0,0,20323
5467,2020-10-06 09:46:00,28.52,28.56,28.49,28.56,0,0,14035
5468,2020-10-06 09:47:00,28.55,28.58,28.51,28.52,0,0,14994
5469,2020-10-06 09:48:00,28.51,28.52,28.48,28.51,0,0,14901
5470,2020-10-06 09:49:00,28.5,28.51,28.48,28.51,0,0,9399
5471,2020-10-06 09:50:00,28.5,28.53,28.49,28.51,0,0,7502
5472,2020-10-06 09:51:00,28.51,28.6,28.51,28.6,0,0,18935
5473,2020-10-06 09:52:00,28.6,28.6,28.53,28.55,0,0,14984
5474,2020-10-06 09:53:00,28.54,28.65,28.54,28.64,0,0,38537
5475,2020-10-06 09:54:00,28.64,28.71,28.64,28.68,0,0,22172
5476,2020-10-06 09:55:00,28.67,28.72,28.67,28.68,0,0,14745
5477,2020-10-06 09:56:00,28.68,28.68,28.55,28.58,0,0,40731
5478,2020-10-06 09:57:00,28.58,28.59,28.53,28.53,0,0,39531
5479,2020-10-06 09:58:00,28.53,28.56,28.51,28.55,0,0,16581
5480,2020-10-06 09:59:00,28.55,28.57,28.51,28.57,0,0,22825
5481,2020-10-06 10:00:00,28.57,28.67,28.55,28.67,0,0,30412
5482,2020-10-06 10:01:00,28.67,28.75,28.67,28.75,0,0,17537
5483,2020-10-06 10:02:00,28.75,28.77,28.73,28.77,0,0,25947
5484,2020-10-06 10:03:00,28.76,28.79,28.75,28.77,0,0,21757
5485,2020-10-06 10:04:00,28.76,28.76,28.74,28.75,0,0,15744
5486,2020-10-06 10:05:00,28.75,28.77,28.69,28.69,0,0,9492
5487,2020-10-06 10:06:00,28.7,28.75,28.7,28.71,0,0,13975
5488,2020-10-06 10:07:00,28.71,28.79,28.67,28.78,0,0,40705
5489,2020-10-06 10:08:00,28.79,28.81,28.77,28.78,0,0,28592
5490,2020-10-06 10:09:00,28.8,28.85,28.79,28.85,0,0,45759
5491,2020-10-06 10:10:00,28.85,28.86,28.82,28.83,0,0,24958
5492,2020-10-06 10:11:00,28.83,28.84,28.8,28.8,0,0,13380
5493,2020-10-06 10:12:00,28.8,28.83,28.76,28.77,0,0,29901
5494,2020-10-06 10:13:00,28.77,28.77,28.76,28.76,0,0,770
5495,2020-10-06 10:14:00,28.72,28.74,28.7,28.72,0,0,101484
5496,2020-10-06 10:15:00,28.72,28.72,28.65,28.67,0,0,10836
5497,2020-10-06 10:16:00,28.67,28.68,28.65,28.68,0,0,7125
5498,2020-10-06 10:17:00,28.68,28.72,28.68,28.71,0,0,26246
5499,2020-10-06 10:18:00,28.71,28.78,28.7,28.75,0,0,12283
5500,2020-10-06 10:19:00,28.76,28.76,28.74,28.75,0,0,11720
5501,2020-10-06 10:20:00,28.75,28.75,28.72,28.74,0,0,9794
5502,2020-10-06 10:21:00,28.74,28.76,28.73,28.75,0,0,10877
5503,2020-10-06 10:22:00,28.75,28.76,28.73,28.75,0,0,9496
5504,2020-10-06 10:23:00,28.75,28.76,28.74,28.75,0,0,13007
5505,2020-10-06 10:24:00,28.74,28.76,28.73,28.73,0,0,24482
5506,2020-10-06 10:25:00,28.74,28.75,28.72,28.73,0,0,11818
5507,2020-10-06 10:26:00,28.72,28.75,28.7,28.74,0,0,14894
5508,2020-10-06 10:27:00,28.75,28.77,28.73,28.75,0,0,6982
5509,2020-10-06 10:28:00,28.75,28.8,28.75,28.8,0,0,17909
5510,2020-10-06 10:29:00,28.8,28.8,28.75,28.76,0,0,21037
5511,2020-10-06 10:30:00,28.76,28.8,28.76,28.8,0,0,5740
5512,2020-10-06 10:31:00,28.8,28.82,28.78,28.78,0,0,18929
5513,2020-10-06 10:32:00,28.78,28.79,28.75,28.77,0,0,16982
5514,2020-10-06 10:33:00,28.77,28.82,28.76,28.8,0,0,17028
5515,2020-10-06 10:34:00,28.8,28.82,28.78,28.82,0,0,14258
5516,2020-10-06 10:35:00,28.82,28.85,28.82,28.84,0,0,19929
5517,2020-10-06 10:36:00,28.85,28.86,28.84,28.84,0,0,9865
5518,2020-10-06 10:37:00,28.84,28.86,28.82,28.86,0,0,19447
5519,2020-10-06 10:38:00,28.86,28.88,28.85,28.86,0,0,17621
5520,2020-10-06 10:39:00,28.86,28.86,28.84,28.85,0,0,5684
5521,2020-10-06 10:40:00,28.85,28.87,28.84,28.87,0,0,8399
5522,2020-10-06 10:41:00,28.86,28.89,28.85,28.89,0,0,16150
5523,2020-10-06 10:42:00,28.88,28.91,28.88,28.9,0,0,34691
5524,2020-10-06 10:43:00,28.9,28.9,28.78,28.81,0,0,31511
5525,2020-10-06 10:44:00,28.82,28.82,28.78,28.81,0,0,20798
5526,2020-10-06 10:45:00,28.81,28.86,28.81,28.85,0,0,17627
5527,2020-10-06 10:46:00,28.85,28.88,28.83,28.88,0,0,7093
5528,2020-10-06 10:47:00,28.88,28.88,28.86,28.87,0,0,6605
5529,2020-10-06 10:48:00,28.86,28.89,28.85,28.86,0,0,20941
5530,2020-10-06 10:49:00,28.86,28.9,28.85,28.9,0,0,10018
5531,2020-10-06 10:50:00,28.9,28.92,28.9,28.9,0,0,15622
5532,2020-10-06 10:51:00,28.9,28.9,28.87,28.89,0,0,13574
5533,2020-10-06 10:52:00,28.9,28.9,28.88,28.89,0,0,14845
5534,2020-10-06 10:53:00,28.88,28.9,28.88,28.9,0,0,12639
5535,2020-10-06 10:54:00,28.89,28.9,28.86,28.86,0,0,9717
5536,2020-10-06 10:55:00,28.85,28.86,28.83,28.84,0,0,20009
5537,2020-10-06 10:56:00,28.85,28.85,28.83,28.83,0,0,6531
5538,2020-10-06 10:57:00,28.83,28.84,28.82,28.83,0,0,11493
5539,2020-10-06 10:58:00,28.83,28.84,28.8,28.8,0,0,29558
5540,2020-10-06 10:59:00,28.81,28.82,28.79,28.81,0,0,16516
5541,2020-10-06 11:00:00,28.81,28.82,28.8,28.82,0,0,6779
5542,2020-10-06 11:01:00,28.82,28.85,28.82,28.85,0,0,7959
5543,2020-10-06 11:02:00,28.84,28.85,28.82,28.83,0,0,6674
5544,2020-10-06 11:03:00,28.83,28.83,28.82,28.83,0,0,15297
5545,2020-10-06 11:04:00,28.83,28.83,28.78,28.81,0,0,17995
5546,2020-10-06 11:05:00,28.81,28.82,28.79,28.8,0,0,9271
5547,2020-10-06 11:06:00,28.8,28.81,28.78,28.81,0,0,7821
5548,2020-10-06 11:07:00,28.81,28.82,28.78,28.79,0,0,6665
5549,2020-10-06 11:08:00,28.8,28.81,28.8,28.81,0,0,915
5550,2020-10-06 11:09:00,28.79,28.79,28.75,28.76,0,0,21687
5551,2020-10-06 11:10:00,28.75,28.75,28.72,28.72,0,0,23091
5552,2020-10-06 11:11:00,28.68,28.68,28.67,28.67,0,0,19821
5553,2020-10-06 11:12:00,28.67,28.72,28.67,28.72,0,0,10701
5554,2020-10-06 11:13:00,28.72,28.74,28.7,28.72,0,0,11107
5555,2020-10-06 11:14:00,28.72,28.72,28.69,28.7,0,0,9103
5556,2020-10-06 11:15:00,28.7,28.7,28.68,28.68,0,0,7958
5557,2020-10-06 11:16:00,28.68,28.68,28.66,28.67,0,0,11732
5558,2020-10-06 11:17:00,28.67,28.67,28.63,28.65,0,0,8277
5559,2020-10-06 11:18:00,28.65,28.65,28.6,28.6,0,0,18208
5560,2020-10-06 11:19:00,28.61,28.61,28.54,28.54,0,0,39733
5561,2020-10-06 11:20:00,28.55,28.56,28.52,28.56,0,0,36045
5562,2020-10-06 11:21:00,28.56,28.57,28.53,28.53,0,0,20551
5563,2020-10-06 11:22:00,28.53,28.53,28.49,28.51,0,0,22034
5564,2020-10-06 11:23:00,28.51,28.51,28.4,28.43,0,0,56612
5565,2020-10-06 11:24:00,28.43,28.44,28.39,28.4,0,0,32929
5566,2020-10-06 11:25:00,28.4,28.4,28.37,28.38,0,0,16234
5567,2020-10-06 11:26:00,28.38,28.38,28.27,28.27,0,0,23939
5568,2020-10-06 11:27:00,28.27,28.37,28.27,28.37,0,0,37221
5569,2020-10-06 11:28:00,28.38,28.41,28.37,28.38,0,0,9857
5570,2020-10-06 11:29:00,28.38,28.41,28.37,28.39,0,0,28848
5571,2020-10-06 11:30:00,28.39,28.41,28.38,28.4,0,0,13305
5572,2020-10-06 11:31:00,28.39,28.41,28.38,28.4,0,0,10541
5573,2020-10-06 11:32:00,28.39,28.43,28.39,28.42,0,0,18412
5574,2020-10-06 11:33:00,28.44,28.48,28.44,28.45,0,0,15948
5575,2020-10-06 11:34:00,28.45,28.48,28.45,28.48,0,0,16014
5576,2020-10-06 11:35:00,28.48,28.49,28.47,28.49,0,0,8682
5577,2020-10-06 11:36:00,28.48,28.5,28.46,28.47,0,0,22422
5578,2020-10-06 11:37:00,28.47,28.5,28.45,28.5,0,0,13609
5579,2020-10-06 11:38:00,28.5,28.55,28.49,28.53,0,0,19751
5580,2020-10-06 11:39:00,28.53,28.54,28.51,28.53,0,0,8391
5581,2020-10-06 11:40:00,28.53,28.53,28.52,28.53,0,0,9292
5582,2020-10-06 11:41:00,28.52,28.54,28.51,28.52,0,0,10138
5583,2020-10-06 11:42:00,28.52,28.58,28.51,28.57,0,0,17408
5584,2020-10-06 11:43:00,28.57,28.58,28.56,28.57,0,0,7695
5585,2020-10-06 11:44:00,28.57,28.57,28.52,28.54,0,0,7266
5586,2020-10-06 11:45:00,28.54,28.57,28.51,28.51,0,0,7827
5587,2020-10-06 11:46:00,28.52,28.52,28.5,28.5,0,0,5232
5588,2020-10-06 11:47:00,28.51,28.51,28.43,28.43,0,0,51402
5589,2020-10-06 11:48:00,28.44,28.49,28.44,28.48,0,0,8728
5590,2020-10-06 11:49:00,28.48,28.48,28.43,28.43,0,0,7259
5591,2020-10-06 11:50:00,28.43,28.43,28.39,28.39,0,0,9083
5592,2020-10-06 11:51:00,28.39,28.39,28.36,28.36,0,0,6257
5593,2020-10-06 11:52:00,28.35,28.39,28.34,28.38,0,0,29281
5594,2020-10-06 11:53:00,28.38,28.39,28.37,28.38,0,0,15014
5595,2020-10-06 11:54:00,28.39,28.42,28.39,28.42,0,0,3411
5596,2020-10-06 11:55:00,28.42,28.47,28.4,28.47,0,0,10933
5597,2020-10-06 11:56:00,28.48,28.51,28.48,28.49,0,0,15319
5598,2020-10-06 11:57:00,28.5,28.5,28.48,28.5,0,0,2824
5599,2020-10-06 11:58:00,28.5,28.53,28.49,28.53,0,0,6594
5600,2020-10-06 11:59:00,28.52,28.52,28.5,28.51,0,0,4389
5601,2020-10-06 12:00:00,28.51,28.57,28.5,28.54,0,0,13874
5602,2020-10-06 12:01:00,28.55,28.56,28.54,28.54,0,0,2718
5603,2020-10-06 12:02:00,28.55,28.55,28.52,28.52,0,0,3467
5604,2020-10-06 12:03:00,28.53,28.54,28.53,28.54,0,0,4855
5605,2020-10-06 12:04:00,28.55,28.58,28.53,28.58,0,0,13590
5606,2020-10-06 12:05:00,28.57,28.59,28.56,28.56,0,0,16464
5607,2020-10-06 12:06:00,28.56,28.57,28.56,28.57,0,0,2481
5608,2020-10-06 12:07:00,28.57,28.58,28.56,28.56,0,0,5470
5609,2020-10-06 12:08:00,28.55,28.55,28.54,28.55,0,0,3147
5610,2020-10-06 12:09:00,28.54,28.55,28.54,28.55,0,0,3510
5611,2020-10-06 12:10:00,28.54,28.64,28.54,28.62,0,0,21613
5612,2020-10-06 12:11:00,28.62,28.64,28.61,28.61,0,0,23046
5613,2020-10-06 12:12:00,28.62,28.62,28.59,28.61,0,0,7945
5614,2020-10-06 12:13:00,28.6,28.62,28.6,28.61,0,0,7760
5615,2020-10-06 12:14:00,28.61,28.61,28.6,28.61,0,0,3213
5616,2020-10-06 12:15:00,28.61,28.66,28.61,28.64,0,0,19438
5617,2020-10-06 12:16:00,28.66,28.69,28.66,28.68,0,0,33930
5618,2020-10-06 12:17:00,28.67,28.67,28.66,28.66,0,0,3313
5619,2020-10-06 12:18:00,28.65,28.69,28.65,28.69,0,0,10302
5620,2020-10-06 12:19:00,28.7,28.7,28.67,28.69,0,0,5687
5621,2020-10-06 12:20:00,28.69,28.7,28.68,28.7,0,0,19330
5622,2020-10-06 12:21:00,28.71,28.73,28.69,28.73,0,0,8464
5623,2020-10-06 12:22:00,28.73,28.74,28.72,28.73,0,0,6009
5624,2020-10-06 12:23:00,28.73,28.75,28.71,28.74,0,0,19174
5625,2020-10-06 12:24:00,28.74,28.75,28.73,28.75,0,0,14189
5626,2020-10-06 12:25:00,28.75,28.79,28.75,28.79,0,0,34570
5627,2020-10-06 12:26:00,28.77,28.79,28.75,28.78,0,0,31819
5628,2020-10-06 12:27:00,28.78,28.78,28.74,28.74,0,0,39896
5629,2020-10-06 12:28:00,28.74,28.77,28.74,28.77,0,0,7510
5630,2020-10-06 12:29:00,28.77,28.77,28.76,28.76,0,0,6689
5631,2020-10-06 12:30:00,28.77,28.79,28.76,28.78,0,0,39161
5632,2020-10-06 12:31:00,28.78,28.79,28.77,28.78,0,0,15696
5633,2020-10-06 12:32:00,28.78,28.82,28.78,28.81,0,0,18509
5634,2020-10-06 12:33:00,28.82,28.83,28.81,28.82,0,0,12604
5635,2020-10-06 12:34:00,28.82,28.83,28.79,28.81,0,0,30653
5636,2020-10-06 12:35:00,28.82,28.84,28.82,28.84,0,0,7869
5637,2020-10-06 12:36:00,28.84,28.88,28.84,28.85,0,0,26901
5638,2020-10-06 12:37:00,28.85,28.88,28.84,28.88,0,0,13701
5639,2020-10-06 12:38:00,28.88,28.91,28.87,28.9,0,0,44810
5640,2020-10-06 12:39:00,28.9,28.91,28.87,28.9,0,0,12550
5641,2020-10-06 12:40:00,28.89,28.9,28.88,28.89,0,0,5798
5642,2020-10-06 12:41:00,28.9,28.93,28.89,28.92,0,0,53320
5643,2020-10-06 12:42:00,28.93,28.97,28.92,28.97,0,0,32524
5644,2020-10-06 12:43:00,28.96,28.97,28.92,28.93,0,0,19555
5645,2020-10-06 12:44:00,28.93,28.94,28.91,28.94,0,0,15587
5646,2020-10-06 12:45:00,28.94,28.94,28.92,28.93,0,0,21678
5647,2020-10-06 12:46:00,28.94,28.95,28.93,28.94,0,0,26398
5648,2020-10-06 12:47:00,28.93,28.97,28.93,28.97,0,0,30402
5649,2020-10-06 12:48:00,28.97,28.99,28.97,28.98,0,0,18768
5650,2020-10-06 12:49:00,28.98,28.99,28.97,28.99,0,0,11887
5651,2020-10-06 12:50:00,28.99,29.03,28.98,29.0,0,0,131666
5652,2020-10-06 12:51:00,29.0,29.02,28.99,29.0,0,0,48901
5653,2020-10-06 12:52:00,29.01,29.05,29.01,29.03,0,0,30689
5654,2020-10-06 12:53:00,29.02,29.05,29.01,29.01,0,0,40951
5655,2020-10-06 12:54:00,29.01,29.03,29.01,29.02,0,0,12501
5656,2020-10-06 12:55:00,29.02,29.02,29.01,29.02,0,0,10392
5657,2020-10-06 12:56:00,29.02,29.02,29.01,29.01,0,0,11244
5658,2020-10-06 12:57:00,29.02,29.02,28.99,29.01,0,0,42442
5659,2020-10-06 12:58:00,29.01,29.02,29.0,29.0,0,0,8877
5660,2020-10-06 12:59:00,29.0,29.03,29.0,29.01,0,0,17240
5661,2020-10-06 13:00:00,29.02,29.05,29.01,29.03,0,0,31593
5662,2020-10-06 13:01:00,29.03,29.03,29.0,29.01,0,0,14316
5663,2020-10-06 13:02:00,29.0,29.0,28.98,28.99,0,0,29630
5664,2020-10-06 13:03:00,29.0,29.05,29.0,29.01,0,0,29072
5665,2020-10-06 13:04:00,29.01,29.01,28.93,28.93,0,0,22852
5666,2020-10-06 13:05:00,28.94,28.94,28.92,28.94,0,0,23757
5667,2020-10-06 13:06:00,28.94,28.99,28.93,28.99,0,0,15942
5668,2020-10-06 13:07:00,28.99,29.0,28.99,28.99,0,0,19433
5669,2020-10-06 13:08:00,28.99,29.0,28.98,28.99,0,0,21618
5670,2020-10-06 13:09:00,28.99,29.0,28.98,28.99,0,0,6002
5671,2020-10-06 13:10:00,28.99,29.0,28.98,28.98,0,0,15423
5672,2020-10-06 13:11:00,28.98,28.99,28.96,28.98,0,0,8840
5673,2020-10-06 13:12:00,28.99,28.99,28.97,28.98,0,0,11528
5674,2020-10-06 13:13:00,28.98,28.98,28.94,28.95,0,0,14731
5675,2020-10-06 13:14:00,28.95,28.97,28.94,28.95,0,0,7793
5676,2020-10-06 13:15:00,28.95,28.97,28.95,28.97,0,0,5979
5677,2020-10-06 13:16:00,28.97,28.99,28.97,28.99,0,0,5268
5678,2020-10-06 13:17:00,28.99,28.99,28.98,28.99,0,0,3759
5679,2020-10-06 13:18:00,28.98,29.0,28.98,29.0,0,0,20524
5680,2020-10-06 13:19:00,28.99,29.0,28.95,28.96,0,0,35205
5681,2020-10-06 13:20:00,28.95,28.95,28.92,28.94,0,0,7210
5682,2020-10-06 13:21:00,28.93,28.93,28.9,28.92,0,0,76999
5683,2020-10-06 13:22:00,28.91,28.93,28.91,28.93,0,0,7182
5684,2020-10-06 13:23:00,28.92,28.92,28.9,28.91,0,0,5136
5685,2020-10-06 13:24:00,28.91,28.91,28.89,28.9,0,0,9295
5686,2020-10-06 13:25:00,28.9,28.9,28.87,28.88,0,0,14896
5687,2020-10-06 13:26:00,28.88,28.91,28.86,28.91,0,0,27733
5688,2020-10-06 13:27:00,28.91,28.93,28.91,28.91,0,0,23907
5689,2020-10-06 13:28:00,28.91,28.92,28.91,28.92,0,0,6254
5690,2020-10-06 13:29:00,28.92,28.99,28.92,28.97,0,0,14098
5691,2020-10-06 13:30:00,28.97,28.97,28.96,28.96,0,0,5093
5692,2020-10-06 13:31:00,28.97,28.97,28.95,28.97,0,0,13105
5693,2020-10-06 13:32:00,28.96,28.97,28.95,28.96,0,0,5579
5694,2020-10-06 13:33:00,28.96,28.97,28.95,28.95,0,0,4631
5695,2020-10-06 13:34:00,28.96,28.97,28.95,28.97,0,0,4765
5696,2020-10-06 13:35:00,28.97,28.97,28.95,28.95,0,0,12269
5697,2020-10-06 13:36:00,28.95,28.95,28.92,28.92,0,0,50548
5698,2020-10-06 13:37:00,28.92,28.92,28.88,28.89,0,0,11701
5699,2020-10-06 13:38:00,28.89,28.9,28.89,28.9,0,0,6324
5700,2020-10-06 13:39:00,28.92,28.95,28.91,28.94,0,0,7101
5701,2020-10-06 13:40:00,28.95,28.97,28.94,28.97,0,0,6094
5702,2020-10-06 13:41:00,28.97,28.99,28.97,28.99,0,0,4948
5703,2020-10-06 13:42:00,28.98,28.98,28.95,28.96,0,0,2902
5704,2020-10-06 13:43:00,28.95,28.95,28.92,28.93,0,0,6084
5705,2020-10-06 13:44:00,28.92,28.92,28.92,28.92,0,0,1917
5706,2020-10-06 13:45:00,28.92,28.94,28.91,28.91,0,0,5202
5707,2020-10-06 13:46:00,28.91,28.92,28.9,28.91,0,0,7662
5708,2020-10-06 13:47:00,28.91,28.93,28.88,28.93,0,0,15425
5709,2020-10-06 13:48:00,28.94,28.94,28.92,28.93,0,0,4305
5710,2020-10-06 13:49:00,28.93,28.94,28.92,28.92,0,0,4888
5711,2020-10-06 13:50:00,28.93,28.94,28.92,28.93,0,0,5364
5712,2020-10-06 13:51:00,28.93,28.96,28.93,28.95,0,0,7809
5713,2020-10-06 13:52:00,28.95,28.96,28.94,28.94,0,0,11879
5714,2020-10-06 13:53:00,28.94,28.94,28.94,28.94,0,0,1594
5715,2020-10-06 13:54:00,28.95,28.96,28.95,28.95,0,0,4672
5716,2020-10-06 13:55:00,28.95,28.96,28.95,28.95,0,0,1300
5717,2020-10-06 13:56:00,28.95,28.98,28.94,28.98,0,0,88944
5718,2020-10-06 13:57:00,28.99,28.99,28.98,28.99,0,0,11629
5719,2020-10-06 13:58:00,28.99,29.0,28.98,29.0,0,0,12220
5720,2020-10-06 13:59:00,28.99,29.0,28.99,29.0,0,0,38758
5721,2020-10-06 14:00:00,29.0,29.0,28.97,28.97,0,0,31517
5722,2020-10-06 14:01:00,28.97,28.98,28.95,28.96,0,0,3719
5723,2020-10-06 14:02:00,28.96,28.97,28.96,28.97,0,0,6204
5724,2020-10-06 14:03:00,28.97,28.99,28.97,28.98,0,0,4784
5725,2020-10-06 14:04:00,28.97,28.98,28.96,28.98,0,0,3673
5726,2020-10-06 14:05:00,28.98,28.99,28.97,28.98,0,0,3059
5727,2020-10-06 14:06:00,28.98,28.99,28.97,28.98,0,0,3853
5728,2020-10-06 14:07:00,28.98,29.01,28.98,29.0,0,0,20768
5729,2020-10-06 14:08:00,29.0,29.04,29.0,29.03,0,0,23639
5730,2020-10-06 14:09:00,29.03,29.03,29.01,29.02,0,0,7435
5731,2020-10-06 14:10:00,29.01,29.02,29.0,29.0,0,0,4365
5732,2020-10-06 14:11:00,29.01,29.03,29.0,29.03,0,0,12979
5733,2020-10-06 14:12:00,29.03,29.05,29.03,29.05,0,0,15755
5734,2020-10-06 14:13:00,29.05,29.05,29.04,29.05,0,0,4819
5735,2020-10-06 14:14:00,29.04,29.05,29.03,29.05,0,0,10518
5736,2020-10-06 14:15:00,29.05,29.07,29.05,29.06,0,0,26157
5737,2020-10-06 14:16:00,29.05,29.06,29.04,29.04,0,0,32756
5738,2020-10-06 14:17:00,29.04,29.04,29.01,29.02,0,0,12809
5739,2020-10-06 14:18:00,29.03,29.04,29.0,29.01,0,0,10320
5740,2020-10-06 14:19:00,29.01,29.03,29.0,29.02,0,0,7760
5741,2020-10-06 14:20:00,29.03,29.05,29.01,29.05,0,0,15929
5742,2020-10-06 14:21:00,29.05,29.06,29.04,29.04,0,0,9265
5743,2020-10-06 14:22:00,29.05,29.07,29.04,29.07,0,0,5898
5744,2020-10-06 14:23:00,29.06,29.07,29.05,29.07,0,0,6965
5745,2020-10-06 14:24:00,29.06,29.06,29.05,29.06,0,0,14678
5746,2020-10-06 14:25:00,29.07,29.09,29.06,29.08,0,0,5943
5747,2020-10-06 14:26:00,29.08,29.09,29.06,29.07,0,0,36547
5748,2020-10-06 14:27:00,29.06,29.07,29.04,29.06,0,0,18562
5749,2020-10-06 14:28:00,29.05,29.07,29.05,29.07,0,0,14989
5750,2020-10-06 14:29:00,29.06,29.06,29.05,29.06,0,0,10449
5751,2020-10-06 14:30:00,29.05,29.07,29.05,29.06,0,0,10862
5752,2020-10-06 14:31:00,29.06,29.06,29.04,29.04,0,0,10833
5753,2020-10-06 14:32:00,29.04,29.06,29.04,29.06,0,0,7989
5754,2020-10-06 14:33:00,29.06,29.07,29.05,29.06,0,0,7300
5755,2020-10-06 14:34:00,29.07,29.07,29.03,29.03,0,0,61266
5756,2020-10-06 14:35:00,29.04,29.05,29.03,29.05,0,0,5057
5757,2020-10-06 14:36:00,29.05,29.06,29.04,29.06,0,0,4072
5758,2020-10-06 14:37:00,29.05,29.06,29.05,29.06,0,0,4984
5759,2020-10-06 14:38:00,29.06,29.07,29.06,29.07,0,0,4295
5760,2020-10-06 14:39:00,29.07,29.07,29.06,29.07,0,0,8242
5761,2020-10-06 14:40:00,29.06,29.07,29.05,29.05,0,0,4593
5762,2020-10-06 14:41:00,29.04,29.06,29.03,29.05,0,0,10444
5763,2020-10-06 14:42:00,29.06,29.07,29.05,29.07,0,0,7953
5764,2020-10-06 14:43:00,29.07,29.08,29.07,29.08,0,0,6243
5765,2020-10-06 14:44:00,29.08,29.09,29.08,29.09,0,0,15079
5766,2020-10-06 14:45:00,29.08,29.09,29.08,29.09,0,0,6018
5767,2020-10-06 14:46:00,29.08,29.1,29.08,29.1,0,0,6365
5768,2020-10-06 14:47:00,29.1,29.1,29.08,29.08,0,0,13849
5769,2020-10-06 14:48:00,29.08,29.09,29.02,29.04,0,0,30675
5770,2020-10-06 14:49:00,29.04,29.05,28.97,28.98,0,0,84962
5771,2020-10-06 14:50:00,28.97,28.98,28.85,28.87,0,0,66009
5772,2020-10-06 14:51:00,28.87,28.89,28.81,28.87,0,0,34115
5773,2020-10-06 14:52:00,28.88,28.88,28.77,28.84,0,0,49457
5774,2020-10-06 14:53:00,28.83,28.87,28.78,28.78,0,0,31125
5775,2020-10-06 14:54:00,28.77,28.8,28.66,28.66,0,0,95917
5776,2020-10-06 14:55:00,28.66,28.66,28.48,28.52,0,0,59578
5777,2020-10-06 14:56:00,28.52,28.55,28.48,28.51,0,0,55512
5778,2020-10-06 14:57:00,28.52,28.64,28.52,28.62,0,0,60699
5779,2020-10-06 14:58:00,28.63,28.74,28.62,28.72,0,0,32496
5780,2020-10-06 14:59:00,28.72,28.73,28.66,28.71,0,0,52020
5781,2020-10-06 15:00:00,28.73,28.73,28.61,28.64,0,0,27789
5782,2020-10-06 15:01:00,28.63,28.66,28.56,28.57,0,0,42089
5783,2020-10-06 15:02:00,28.57,28.61,28.56,28.6,0,0,22337
5784,2020-10-06 15:03:00,28.61,28.64,28.59,28.6,0,0,41716
5785,2020-10-06 15:04:00,28.6,28.61,28.55,28.58,0,0,41125
5786,2020-10-06 15:05:00,28.58,28.59,28.53,28.53,0,0,29587
5787,2020-10-06 15:06:00,28.53,28.54,28.4,28.42,0,0,80924
5788,2020-10-06 15:07:00,28.43,28.44,28.35,28.37,0,0,42280
5789,2020-10-06 15:08:00,28.38,28.4,28.33,28.35,0,0,21380
5790,2020-10-06 15:09:00,28.35,28.39,28.34,28.37,0,0,31870
5791,2020-10-06 15:10:00,28.38,28.46,28.34,28.45,0,0,17842
5792,2020-10-06 15:11:00,28.44,28.48,28.41,28.48,0,0,39630
5793,2020-10-06 15:12:00,28.47,28.56,28.47,28.51,0,0,26016
5794,2020-10-06 15:13:00,28.51,28.53,28.47,28.53,0,0,19009
5795,2020-10-06 15:14:00,28.52,28.55,28.52,28.53,0,0,14740
5796,2020-10-06 15:15:00,28.53,28.6,28.5,28.6,0,0,27974
5797,2020-10-06 15:16:00,28.6,28.61,28.54,28.56,0,0,14970
5798,2020-10-06 15:17:00,28.56,28.61,28.53,28.59,0,0,36065
5799,2020-10-06 15:18:00,28.59,28.61,28.58,28.6,0,0,17397
5800,2020-10-06 15:19:00,28.61,28.61,28.55,28.56,0,0,19198
5801,2020-10-06 15:20:00,28.56,28.57,28.5,28.5,0,0,37538
5802,2020-10-06 15:21:00,28.5,28.54,28.47,28.51,0,0,18468
5803,2020-10-06 15:22:00,28.52,28.54,28.48,28.51,0,0,15342
5804,2020-10-06 15:23:00,28.5,28.54,28.49,28.53,0,0,17660
5805,2020-10-06 15:24:00,28.53,28.54,28.51,28.52,0,0,26700
5806,2020-10-06 15:25:00,28.53,28.54,28.52,28.52,0,0,12976
5807,2020-10-06 15:26:00,28.52,28.56,28.51,28.52,0,0,23510
5808,2020-10-06 15:27:00,28.52,28.61,28.52,28.61,0,0,19951
5809,2020-10-06 15:28:00,28.6,28.62,28.58,28.62,0,0,17294
5810,2020-10-06 15:29:00,28.62,28.65,28.62,28.62,0,0,17639
5811,2020-10-06 15:30:00,28.62,28.65,28.6,28.62,0,0,21823
5812,2020-10-06 15:31:00,28.61,28.63,28.6,28.62,0,0,15758
5813,2020-10-06 15:32:00,28.62,28.63,28.6,28.63,0,0,21261
5814,2020-10-06 15:33:00,28.63,28.67,28.62,28.65,0,0,19004
5815,2020-10-06 15:34:00,28.66,28.68,28.64,28.67,0,0,17766
5816,2020-10-06 15:35:00,28.67,28.67,28.63,28.63,0,0,39606
5817,2020-10-06 15:36:00,28.62,28.66,28.6,28.61,0,0,21094
5818,2020-10-06 15:37:00,28.62,28.63,28.56,28.58,0,0,31663
5819,2020-10-06 15:38:00,28.58,28.59,28.56,28.58,0,0,22611
5820,2020-10-06 15:39:00,28.58,28.59,28.57,28.58,0,0,27399
5821,2020-10-06 15:40:00,28.58,28.59,28.53,28.54,0,0,32190
5822,2020-10-06 15:41:00,28.54,28.55,28.51,28.53,0,0,24765
5823,2020-10-06 15:42:00,28.53,28.54,28.5,28.52,0,0,26366
5824,2020-10-06 15:43:00,28.52,28.53,28.51,28.52,0,0,19415
5825,2020-10-06 15:44:00,28.52,28.52,28.48,28.5,0,0,59198
5826,2020-10-06 15:45:00,28.49,28.5,28.42,28.42,0,0,30039
5827,2020-10-06 15:46:00,28.42,28.43,28.36,28.38,0,0,36900
5828,2020-10-06 15:47:00,28.37,28.41,28.34,28.35,0,0,43206
5829,2020-10-06 15:48:00,28.34,28.37,28.33,28.35,0,0,74259
5830,2020-10-06 15:49:00,28.35,28.39,28.35,28.38,0,0,26792
5831,2020-10-06 15:50:00,28.38,28.43,28.36,28.36,0,0,53539
5832,2020-10-06 15:51:00,28.37,28.42,28.35,28.4,0,0,69213
5833,2020-10-06 15:52:00,28.4,28.43,28.37,28.38,0,0,52547
5834,2020-10-06 15:53:00,28.37,28.42,28.36,28.38,0,0,41741
5835,2020-10-06 15:54:00,28.39,28.43,28.36,28.43,0,0,54129
5836,2020-10-06 15:55:00,28.43,28.49,28.43,28.49,0,0,59954
5837,2020-10-06 15:56:00,28.49,28.5,28.43,28.49,0,0,68858
5838,2020-10-06 15:57:00,28.49,28.5,28.44,28.5,0,0,61858
5839,2020-10-06 15:58:00,28.5,28.5,28.47,28.49,0,0,79256
5840,2020-10-06 15:59:00,28.49,28.51,28.44,28.45,0,0,108877
5841,2020-10-07 09:30:00,28.76,28.9,28.72,28.9,0,0,143140
5842,2020-10-07 09:31:00,28.92,29.0,28.87,28.96,0,0,35052
5843,2020-10-07 09:32:00,28.96,29.1,28.9,28.99,0,0,76430
5844,2020-10-07 09:33:00,28.95,29.1,28.95,29.06,0,0,22282
5845,2020-10-07 09:34:00,29.08,29.18,29.06,29.1,0,0,53125
5846,2020-10-07 09:35:00,29.14,29.28,29.13,29.27,0,0,52928
5847,2020-10-07 09:36:00,29.27,29.37,29.26,29.37,0,0,53075
5848,2020-10-07 09:37:00,29.37,29.39,29.33,29.39,0,0,34992
5849,2020-10-07 09:38:00,29.4,29.41,29.34,29.36,0,0,40773
5850,2020-10-07 09:39:00,29.35,29.38,29.26,29.34,0,0,94262
5851,2020-10-07 09:40:00,29.28,29.42,29.27,29.42,0,0,38926
5852,2020-10-07 09:41:00,29.4,29.45,29.4,29.44,0,0,55106
5853,2020-10-07 09:42:00,29.45,29.48,29.44,29.46,0,0,45705
5854,2020-10-07 09:43:00,29.46,29.48,29.44,29.47,0,0,31422
5855,2020-10-07 09:44:00,29.47,29.52,29.44,29.44,0,0,82314
5856,2020-10-07 09:45:00,29.43,29.45,29.36,29.38,0,0,32023
5857,2020-10-07 09:46:00,29.38,29.44,29.37,29.41,0,0,47372
5858,2020-10-07 09:47:00,29.41,29.48,29.4,29.42,0,0,73845
5859,2020-10-07 09:48:00,29.43,29.44,29.4,29.41,0,0,24532
5860,2020-10-07 09:49:00,29.42,29.42,29.27,29.28,0,0,29454
5861,2020-10-07 09:50:00,29.28,29.3,29.26,29.29,0,0,50575
5862,2020-10-07 09:51:00,29.29,29.36,29.28,29.29,0,0,33141
5863,2020-10-07 09:52:00,29.3,29.31,29.2,29.2,0,0,65119
5864,2020-10-07 09:53:00,29.2,29.24,29.17,29.22,0,0,35953
5865,2020-10-07 09:54:00,29.22,29.25,29.19,29.25,0,0,70355
5866,2020-10-07 09:55:00,29.28,29.28,29.17,29.18,0,0,118125
5867,2020-10-07 09:56:00,29.17,29.22,29.17,29.2,0,0,31243
5868,2020-10-07 09:57:00,29.2,29.24,29.2,29.21,0,0,37746
5869,2020-10-07 09:58:00,29.22,29.24,29.1,29.11,0,0,60270
5870,2020-10-07 09:59:00,29.11,29.15,29.1,29.12,0,0,31827
5871,2020-10-07 10:00:00,29.13,29.19,29.11,29.11,0,0,33471
5872,2020-10-07 10:01:00,29.11,29.17,29.1,29.17,0,0,17171
5873,2020-10-07 10:02:00,29.17,29.2,29.13,29.13,0,0,11478
5874,2020-10-07 10:03:00,29.13,29.17,29.11,29.12,0,0,40141
5875,2020-10-07 10:04:00,29.11,29.15,29.09,29.15,0,0,18080
5876,2020-10-07 10:05:00,29.15,29.2,29.13,29.17,0,0,16288
5877,2020-10-07 10:06:00,29.18,29.18,29.14,29.16,0,0,10293
5878,2020-10-07 10:07:00,29.16,29.2,29.16,29.19,0,0,17846
5879,2020-10-07 10:08:00,29.19,29.24,29.19,29.24,0,0,58513
5880,2020-10-07 10:09:00,29.24,29.27,29.21,29.21,0,0,32326
5881,2020-10-07 10:10:00,29.21,29.21,29.15,29.16,0,0,20757
5882,2020-10-07 10:11:00,29.15,29.15,29.09,29.1,0,0,41915
5883,2020-10-07 10:12:00,29.09,29.1,29.03,29.06,0,0,38333
5884,2020-10-07 10:13:00,29.06,29.07,28.98,29.02,0,0,39379
5885,2020-10-07 10:14:00,29.03,29.07,29.02,29.07,0,0,15795
5886,2020-10-07 10:15:00,29.08,29.14,29.08,29.11,0,0,13929
5887,2020-10-07 10:16:00,29.11,29.16,29.09,29.15,0,0,24643
5888,2020-10-07 10:17:00,29.16,29.27,29.14,29.27,0,0,35800
5889,2020-10-07 10:18:00,29.26,29.29,29.23,29.25,0,0,37769
5890,2020-10-07 10:19:00,29.24,29.27,29.22,29.26,0,0,11383
5891,2020-10-07 10:20:00,29.25,29.26,29.22,29.26,0,0,11911
5892,2020-10-07 10:21:00,29.26,29.28,29.23,29.23,0,0,12434
5893,2020-10-07 10:22:00,29.21,29.21,29.15,29.18,0,0,19035
5894,2020-10-07 10:23:00,29.16,29.2,29.09,29.09,0,0,17650
5895,2020-10-07 10:24:00,29.1,29.12,29.09,29.11,0,0,13495
5896,2020-10-07 10:25:00,29.1,29.12,29.07,29.09,0,0,17532
5897,2020-10-07 10:26:00,29.08,29.1,29.07,29.08,0,0,11826
5898,2020-10-07 10:27:00,29.08,29.09,28.98,28.99,0,0,39799
5899,2020-10-07 10:28:00,28.99,29.04,28.98,29.03,0,0,11416
5900,2020-10-07 10:29:00,29.04,29.05,29.01,29.03,0,0,7490
5901,2020-10-07 10:30:00,29.03,29.06,28.98,29.05,0,0,35315
5902,2020-10-07 10:31:00,29.04,29.06,29.02,29.06,0,0,12399
5903,2020-10-07 10:32:00,29.05,29.07,29.03,29.07,0,0,14436
5904,2020-10-07 10:33:00,29.06,29.11,29.06,29.1,0,0,29112
5905,2020-10-07 10:34:00,29.09,29.12,29.08,29.1,0,0,9851
5906,2020-10-07 10:35:00,29.09,29.11,29.07,29.09,0,0,6552
5907,2020-10-07 10:36:00,29.09,29.11,29.06,29.08,0,0,15449
5908,2020-10-07 10:37:00,29.09,29.11,29.08,29.1,0,0,12407
5909,2020-10-07 10:38:00,29.1,29.14,29.09,29.1,0,0,9084
5910,2020-10-07 10:39:00,29.11,29.14,29.08,29.09,0,0,17500
5911,2020-10-07 10:40:00,29.1,29.17,29.1,29.16,0,0,29010
5912,2020-10-07 10:41:00,29.15,29.2,29.15,29.18,0,0,20841
5913,2020-10-07 10:42:00,29.19,29.22,29.18,29.21,0,0,42165
5914,2020-10-07 10:43:00,29.22,29.25,29.22,29.25,0,0,22944
5915,2020-10-07 10:44:00,29.23,29.27,29.23,29.27,0,0,19502
5916,2020-10-07 10:45:00,29.26,29.28,29.26,29.28,0,0,25627
5917,2020-10-07 10:46:00,29.27,29.28,29.23,29.25,0,0,16500
5918,2020-10-07 10:47:00,29.24,29.29,29.23,29.29,0,0,13989
5919,2020-10-07 10:48:00,29.28,29.29,29.25,29.28,0,0,11712
5920,2020-10-07 10:49:00,29.29,29.3,29.26,29.27,0,0,16029
5921,2020-10-07 10:50:00,29.26,29.26,29.22,29.23,0,0,26093
5922,2020-10-07 10:51:00,29.23,29.25,29.22,29.25,0,0,20922
5923,2020-10-07 10:52:00,29.25,29.29,29.25,29.27,0,0,17693
5924,2020-10-07 10:53:00,29.27,29.28,29.26,29.27,0,0,5757
5925,2020-10-07 10:54:00,29.27,29.29,29.26,29.26,0,0,8814
5926,2020-10-07 10:55:00,29.26,29.29,29.25,29.28,0,0,15729
5927,2020-10-07 10:56:00,29.29,29.34,29.29,29.33,0,0,57337
5928,2020-10-07 10:57:00,29.33,29.34,29.27,29.29,0,0,18569
5929,2020-10-07 10:58:00,29.28,29.3,29.27,29.27,0,0,7006
5930,2020-10-07 10:59:00,29.27,29.3,29.25,29.25,0,0,8532
5931,2020-10-07 11:00:00,29.26,29.33,29.26,29.32,0,0,18337
5932,2020-10-07 11:01:00,29.32,29.34,29.32,29.33,0,0,16643
5933,2020-10-07 11:02:00,29.34,29.35,29.33,29.34,0,0,13577
5934,2020-10-07 11:03:00,29.34,29.39,29.34,29.38,0,0,23881
5935,2020-10-07 11:04:00,29.37,29.39,29.36,29.38,0,0,11211
5936,2020-10-07 11:05:00,29.38,29.39,29.38,29.39,0,0,5690
5937,2020-10-07 11:06:00,29.39,29.4,29.38,29.4,0,0,25005
5938,2020-10-07 11:07:00,29.39,29.4,29.38,29.39,0,0,10020
5939,2020-10-07 11:08:00,29.39,29.4,29.35,29.39,0,0,18635
5940,2020-10-07 11:09:00,29.39,29.41,29.38,29.41,0,0,9998
5941,2020-10-07 11:10:00,29.42,29.44,29.41,29.41,0,0,25105
5942,2020-10-07 11:11:00,29.47,29.47,29.45,29.46,0,0,34124
5943,2020-10-07 11:12:00,29.45,29.5,29.45,29.48,0,0,21166
5944,2020-10-07 11:13:00,29.48,29.5,29.47,29.5,0,0,9707
5945,2020-10-07 11:14:00,29.49,29.5,29.48,29.5,0,0,10923
5946,2020-10-07 11:15:00,29.5,29.63,29.5,29.62,0,0,142275
5947,2020-10-07 11:16:00,29.62,29.69,29.62,29.67,0,0,109804
5948,2020-10-07 11:17:00,29.66,29.69,29.65,29.67,0,0,24395
5949,2020-10-07 11:18:00,29.67,29.71,29.66,29.68,0,0,56778
5950,2020-10-07 11:19:00,29.68,29.7,29.66,29.67,0,0,7439
5951,2020-10-07 11:20:00,29.67,29.7,29.66,29.67,0,0,21897
5952,2020-10-07 11:21:00,29.67,29.71,29.64,29.71,0,0,117989
5953,2020-10-07 11:22:00,29.7,29.71,29.66,29.69,0,0,60204
5954,2020-10-07 11:23:00,29.69,29.75,29.69,29.72,0,0,39193
5955,2020-10-07 11:24:00,29.73,29.77,29.72,29.74,0,0,35044
5956,2020-10-07 11:25:00,29.75,29.76,29.73,29.75,0,0,23217
5957,2020-10-07 11:26:00,29.75,29.78,29.72,29.75,0,0,55841
5958,2020-10-07 11:27:00,29.75,29.78,29.75,29.78,0,0,32562
5959,2020-10-07 11:28:00,29.78,29.79,29.77,29.78,0,0,41718
5960,2020-10-07 11:29:00,29.78,29.8,29.76,29.78,0,0,224960
5961,2020-10-07 11:30:00,29.78,29.79,29.75,29.79,0,0,33808
5962,2020-10-07 11:31:00,29.78,29.8,29.71,29.72,0,0,51620
5963,2020-10-07 11:32:00,29.72,29.78,29.72,29.78,0,0,59550
5964,2020-10-07 11:33:00,29.78,29.79,29.76,29.77,0,0,37352
5965,2020-10-07 11:34:00,29.77,29.83,29.74,29.81,0,0,110970
5966,2020-10-07 11:35:00,29.81,29.84,29.8,29.83,0,0,39113
5967,2020-10-07 11:36:00,29.84,29.87,29.83,29.87,0,0,64918
5968,2020-10-07 11:37:00,29.88,29.94,29.88,29.94,0,0,101490
5969,2020-10-07 11:38:00,29.93,30.0,29.93,29.95,0,0,206044
5970,2020-10-07 11:39:00,29.96,29.97,29.92,29.95,0,0,45768
5971,2020-10-07 11:40:00,29.95,29.97,29.93,29.94,0,0,51845
5972,2020-10-07 11:41:00,29.94,29.96,29.88,29.91,0,0,38731
5973,2020-10-07 11:42:00,29.9,29.95,29.89,29.94,0,0,31690
5974,2020-10-07 11:43:00,29.94,30.0,29.94,29.99,0,0,101572
5975,2020-10-07 11:44:00,29.99,30.1,29.99,30.03,0,0,429387
5976,2020-10-07 11:45:00,30.04,30.06,30.01,30.01,0,0,66772
5977,2020-10-07 11:46:00,30.02,30.05,30.0,30.03,0,0,38880
5978,2020-10-07 11:47:00,30.02,30.08,30.02,30.07,0,0,39880
5979,2020-10-07 11:48:00,30.07,30.12,30.06,30.11,0,0,72076
5980,2020-10-07 11:49:00,30.1,30.15,30.1,30.14,0,0,48982
5981,2020-10-07 11:50:00,30.13,30.17,30.13,30.17,0,0,43896
5982,2020-10-07 11:51:00,30.16,30.29,30.16,30.29,0,0,255027
5983,2020-10-07 11:52:00,30.28,30.34,30.26,30.34,0,0,121179
5984,2020-10-07 11:53:00,30.34,30.34,30.29,30.32,0,0,57648
5985,2020-10-07 11:54:00,30.32,30.4,30.31,30.38,0,0,66456
5986,2020-10-07 11:55:00,30.38,30.53,30.38,30.5,0,0,191179
5987,2020-10-07 11:56:00,30.5,30.51,30.28,30.3,0,0,109464
5988,2020-10-07 11:57:00,30.28,30.33,30.25,30.26,0,0,112259
5989,2020-10-07 11:58:00,30.27,30.3,30.23,30.24,0,0,70560
5990,2020-10-07 11:59:00,30.24,30.26,30.18,30.19,0,0,82943
5991,2020-10-07 12:00:00,30.19,30.21,30.15,30.2,0,0,99886
5992,2020-10-07 12:01:00,30.19,30.26,30.14,30.23,0,0,85500
5993,2020-10-07 12:02:00,30.23,30.23,30.16,30.17,0,0,47059
5994,2020-10-07 12:03:00,30.17,30.19,30.09,30.13,0,0,85247
5995,2020-10-07 12:04:00,30.14,30.18,30.11,30.17,0,0,26984
5996,2020-10-07 12:05:00,30.18,30.18,30.01,30.14,0,0,57574
5997,2020-10-07 12:06:00,30.14,30.27,30.14,30.27,0,0,81370
5998,2020-10-07 12:07:00,30.26,30.26,30.18,30.18,0,0,51319
5999,2020-10-07 12:08:00,30.19,30.2,30.14,30.14,0,0,30835
6000,2020-10-07 12:09:00,30.14,30.15,30.07,30.09,0,0,45527
6001,2020-10-07 12:10:00,30.09,30.15,30.07,30.1,0,0,44573
6002,2020-10-07 12:11:00,30.11,30.12,30.08,30.1,0,0,47448
6003,2020-10-07 12:12:00,30.1,30.11,30.08,30.1,0,0,32338
6004,2020-10-07 12:13:00,30.1,30.16,30.1,30.11,0,0,46556
6005,2020-10-07 12:14:00,30.11,30.11,30.06,30.07,0,0,36327
6006,2020-10-07 12:15:00,30.07,30.11,30.04,30.08,0,0,70837
6007,2020-10-07 12:16:00,30.08,30.1,30.08,30.1,0,0,20320
6008,2020-10-07 12:17:00,30.1,30.11,30.07,30.1,0,0,28278
6009,2020-10-07 12:18:00,30.1,30.12,30.1,30.1,0,0,39616
6010,2020-10-07 12:19:00,30.1,30.14,30.08,30.11,0,0,48057
6011,2020-10-07 12:20:00,30.11,30.22,30.11,30.2,0,0,51870
6012,2020-10-07 12:21:00,30.2,30.2,30.19,30.19,0,0,37665
6013,2020-10-07 12:22:00,30.2,30.23,30.18,30.23,0,0,32458
6014,2020-10-07 12:23:00,30.22,30.23,30.15,30.15,0,0,59705
6015,2020-10-07 12:24:00,30.16,30.17,30.14,30.16,0,0,21850
6016,2020-10-07 12:25:00,30.16,30.16,30.15,30.15,0,0,16763
6017,2020-10-07 12:26:00,30.14,30.16,30.1,30.11,0,0,23413
6018,2020-10-07 12:27:00,30.1,30.11,29.98,30.08,0,0,137900
6019,2020-10-07 12:28:00,30.09,30.11,30.05,30.11,0,0,23208
6020,2020-10-07 12:29:00,30.11,30.17,30.08,30.17,0,0,27027
6021,2020-10-07 12:30:00,30.16,30.17,30.15,30.16,0,0,32189
6022,2020-10-07 12:31:00,30.16,30.2,30.15,30.17,0,0,43686
6023,2020-10-07 12:32:00,30.17,30.19,30.16,30.17,0,0,15657
6024,2020-10-07 12:33:00,30.17,30.22,30.17,30.22,0,0,58523
6025,2020-10-07 12:34:00,30.22,30.24,30.19,30.24,0,0,24280
6026,2020-10-07 12:35:00,30.23,30.29,30.23,30.29,0,0,53591
6027,2020-10-07 12:36:00,30.28,30.33,30.28,30.33,0,0,85928
6028,2020-10-07 12:37:00,30.32,30.33,30.24,30.25,0,0,67278
6029,2020-10-07 12:38:00,30.25,30.27,30.23,30.26,0,0,44610
6030,2020-10-07 12:39:00,30.26,30.26,30.2,30.22,0,0,37920
6031,2020-10-07 12:40:00,30.22,30.25,30.2,30.25,0,0,38808
6032,2020-10-07 12:41:00,30.25,30.25,30.17,30.17,0,0,45425
6033,2020-10-07 12:42:00,30.18,30.23,30.17,30.2,0,0,58906
6034,2020-10-07 12:43:00,30.2,30.28,30.2,30.25,0,0,67881
6035,2020-10-07 12:44:00,30.25,30.29,30.25,30.26,0,0,38720
6036,2020-10-07 12:45:00,30.26,30.36,30.25,30.36,0,0,31556
6037,2020-10-07 12:46:00,30.35,30.36,30.31,30.34,0,0,54880
6038,2020-10-07 12:47:00,30.34,30.38,30.34,30.38,0,0,36857
6039,2020-10-07 12:48:00,30.38,30.41,30.31,30.33,0,0,75561
6040,2020-10-07 12:49:00,30.33,30.35,30.3,30.31,0,0,43071
6041,2020-10-07 12:50:00,30.31,30.32,30.29,30.31,0,0,23660
6042,2020-10-07 12:51:00,30.31,30.35,30.3,30.35,0,0,21515
6043,2020-10-07 12:52:00,30.34,30.35,30.24,30.26,0,0,51245
6044,2020-10-07 12:53:00,30.26,30.28,30.23,30.23,0,0,20195
6045,2020-10-07 12:54:00,30.24,30.26,30.22,30.23,0,0,24076
6046,2020-10-07 12:55:00,30.22,30.24,30.19,30.19,0,0,21428
6047,2020-10-07 12:56:00,30.19,30.2,30.14,30.14,0,0,47052
6048,2020-10-07 12:57:00,30.15,30.19,30.15,30.17,0,0,38127
6049,2020-10-07 12:58:00,30.17,30.2,30.16,30.18,0,0,41810
6050,2020-10-07 12:59:00,30.17,30.19,30.16,30.17,0,0,23924
6051,2020-10-07 13:00:00,30.17,30.18,30.16,30.18,0,0,23248
6052,2020-10-07 13:01:00,30.17,30.26,30.17,30.25,0,0,56255
6053,2020-10-07 13:02:00,30.25,30.25,30.18,30.19,0,0,13399
6054,2020-10-07 13:03:00,30.18,30.2,30.17,30.2,0,0,15899
6055,2020-10-07 13:04:00,30.2,30.23,30.19,30.23,0,0,17752
6056,2020-10-07 13:05:00,30.23,30.24,30.22,30.22,0,0,12564
6057,2020-10-07 13:06:00,30.22,30.23,30.2,30.22,0,0,22397
6058,2020-10-07 13:07:00,30.21,30.22,30.19,30.19,0,0,18482
6059,2020-10-07 13:08:00,30.19,30.19,30.15,30.16,0,0,53158
6060,2020-10-07 13:09:00,30.16,30.18,30.15,30.16,0,0,11023
6061,2020-10-07 13:10:00,30.17,30.19,30.16,30.18,0,0,21431
6062,2020-10-07 13:11:00,30.18,30.19,30.17,30.18,0,0,6250
6063,2020-10-07 13:12:00,30.18,30.21,30.17,30.19,0,0,43949
6064,2020-10-07 13:13:00,30.19,30.2,30.18,30.2,0,0,18181
6065,2020-10-07 13:14:00,30.19,30.19,30.17,30.18,0,0,10532
6066,2020-10-07 13:15:00,30.17,30.18,30.14,30.14,0,0,44365
6067,2020-10-07 13:16:00,30.15,30.17,30.14,30.17,0,0,11651
6068,2020-10-07 13:17:00,30.17,30.18,30.15,30.15,0,0,12913
6069,2020-10-07 13:18:00,30.16,30.16,30.15,30.15,0,0,4065
6070,2020-10-07 13:19:00,30.15,30.15,30.12,30.14,0,0,21277
6071,2020-10-07 13:20:00,30.14,30.17,30.14,30.17,0,0,17609
6072,2020-10-07 13:21:00,30.18,30.19,30.17,30.18,0,0,15963
6073,2020-10-07 13:22:00,30.18,30.18,30.16,30.17,0,0,13055
6074,2020-10-07 13:23:00,30.16,30.17,30.16,30.16,0,0,8378
6075,2020-10-07 13:24:00,30.17,30.18,30.16,30.17,0,0,11366
6076,2020-10-07 13:25:00,30.18,30.18,30.14,30.14,0,0,12272
6077,2020-10-07 13:26:00,30.15,30.15,30.08,30.09,0,0,32782
6078,2020-10-07 13:27:00,30.1,30.11,30.09,30.1,0,0,13840
6079,2020-10-07 13:28:00,30.1,30.1,30.07,30.08,0,0,13862
6080,2020-10-07 13:29:00,30.09,30.09,30.07,30.08,0,0,11954
6081,2020-10-07 13:30:00,30.09,30.11,30.08,30.1,0,0,23804
6082,2020-10-07 13:31:00,30.1,30.1,30.08,30.08,0,0,13154
6083,2020-10-07 13:32:00,30.08,30.12,30.08,30.11,0,0,26561
6084,2020-10-07 13:33:00,30.11,30.12,30.07,30.08,0,0,53645
6085,2020-10-07 13:35:00,29.98,30.0,29.98,30.0,0,0,26487
6086,2020-10-07 13:36:00,30.0,30.01,29.99,30.0,0,0,8335
6087,2020-10-07 13:37:00,30.0,30.0,29.93,29.98,0,0,50306
6088,2020-10-07 13:38:00,29.97,29.98,29.96,29.97,0,0,3236
6089,2020-10-07 13:39:00,29.96,29.97,29.93,29.96,0,0,22331
6090,2020-10-07 13:40:00,29.96,29.96,29.93,29.94,0,0,16243
6091,2020-10-07 13:41:00,29.94,29.95,29.92,29.94,0,0,14641
6092,2020-10-07 13:42:00,29.94,29.94,29.89,29.89,0,0,21114
6093,2020-10-07 13:43:00,29.9,29.91,29.88,29.91,0,0,17152
6094,2020-10-07 13:44:00,29.91,29.97,29.9,29.94,0,0,14716
6095,2020-10-07 13:45:00,29.93,29.94,29.92,29.94,0,0,13611
6096,2020-10-07 13:46:00,29.94,29.94,29.92,29.93,0,0,16295
6097,2020-10-07 13:47:00,29.92,29.94,29.9,29.94,0,0,9233
6098,2020-10-07 13:48:00,29.93,29.97,29.93,29.95,0,0,17497
6099,2020-10-07 13:49:00,29.95,29.95,29.94,29.95,0,0,8220
6100,2020-10-07 13:50:00,29.95,29.95,29.94,29.95,0,0,9620
6101,2020-10-07 13:51:00,29.94,29.95,29.89,29.91,0,0,37662
6102,2020-10-07 13:52:00,29.9,29.92,29.9,29.9,0,0,15336
6103,2020-10-07 13:53:00,29.9,29.91,29.88,29.91,0,0,34261
6104,2020-10-07 13:54:00,29.91,29.92,29.84,29.85,0,0,70235
6105,2020-10-07 13:55:00,29.84,29.84,29.78,29.78,0,0,29856
6106,2020-10-07 13:56:00,29.78,29.81,29.75,29.8,0,0,29722
6107,2020-10-07 13:57:00,29.81,29.83,29.76,29.8,0,0,35401
6108,2020-10-07 13:58:00,29.81,29.82,29.78,29.79,0,0,13406
6109,2020-10-07 13:59:00,29.78,29.8,29.72,29.73,0,0,24712
6110,2020-10-07 14:00:00,29.73,29.75,29.72,29.73,0,0,27893
6111,2020-10-07 14:01:00,29.75,29.81,29.73,29.8,0,0,19325
6112,2020-10-07 14:02:00,29.8,29.84,29.8,29.84,0,0,47750
6113,2020-10-07 14:03:00,29.85,29.86,29.83,29.83,0,0,23394
6114,2020-10-07 14:04:00,29.82,29.82,29.8,29.8,0,0,9205
6115,2020-10-07 14:05:00,29.81,29.83,29.81,29.82,0,0,13267
6116,2020-10-07 14:06:00,29.83,29.83,29.81,29.82,0,0,7780
6117,2020-10-07 14:07:00,29.82,29.82,29.79,29.79,0,0,16756
6118,2020-10-07 14:08:00,29.78,29.78,29.68,29.69,0,0,33020
6119,2020-10-07 14:09:00,29.69,29.77,29.68,29.76,0,0,22532
6120,2020-10-07 14:10:00,29.75,29.77,29.68,29.7,0,0,33132
6121,2020-10-07 14:11:00,29.69,29.71,29.68,29.69,0,0,15410
6122,2020-10-07 14:12:00,29.69,29.7,29.67,29.68,0,0,13213
6123,2020-10-07 14:13:00,29.68,29.7,29.67,29.69,0,0,8110
6124,2020-10-07 14:14:00,29.69,29.69,29.67,29.67,0,0,10789
6125,2020-10-07 14:15:00,29.68,29.72,29.67,29.72,0,0,14966
6126,2020-10-07 14:16:00,29.72,29.73,29.71,29.73,0,0,8148
6127,2020-10-07 14:17:00,29.73,29.74,29.7,29.7,0,0,11090
6128,2020-10-07 14:18:00,29.7,29.73,29.69,29.69,0,0,15963
6129,2020-10-07 14:19:00,29.7,29.7,29.67,29.68,0,0,17561
6130,2020-10-07 14:20:00,29.69,29.69,29.68,29.68,0,0,19631
6131,2020-10-07 14:21:00,29.68,29.68,29.66,29.67,0,0,14782
6132,2020-10-07 14:22:00,29.67,29.67,29.61,29.67,0,0,25845
6133,2020-10-07 14:23:00,29.67,29.73,29.65,29.66,0,0,27282
6134,2020-10-07 14:24:00,29.66,29.69,29.66,29.69,0,0,12868
6135,2020-10-07 14:25:00,29.7,29.72,29.68,29.68,0,0,18734
6136,2020-10-07 14:26:00,29.68,29.68,29.65,29.66,0,0,11072
6137,2020-10-07 14:27:00,29.67,29.68,29.64,29.65,0,0,12646
6138,2020-10-07 14:28:00,29.64,29.64,29.59,29.61,0,0,38593
6139,2020-10-07 14:29:00,29.61,29.61,29.57,29.6,0,0,13601
6140,2020-10-07 14:30:00,29.6,29.62,29.59,29.62,0,0,10507
6141,2020-10-07 14:31:00,29.61,29.64,29.6,29.63,0,0,16270
6142,2020-10-07 14:32:00,29.62,29.63,29.6,29.62,0,0,26057
6143,2020-10-07 14:33:00,29.62,29.68,29.61,29.67,0,0,19696
6144,2020-10-07 14:34:00,29.68,29.68,29.67,29.67,0,0,10729
6145,2020-10-07 14:35:00,29.67,29.67,29.66,29.67,0,0,15382
6146,2020-10-07 14:36:00,29.67,29.68,29.67,29.68,0,0,12971
6147,2020-10-07 14:37:00,29.69,29.71,29.67,29.67,0,0,40265
6148,2020-10-07 14:38:00,29.66,29.66,29.65,29.65,0,0,4212
6149,2020-10-07 14:39:00,29.66,29.7,29.65,29.69,0,0,16814
6150,2020-10-07 14:40:00,29.7,29.7,29.63,29.64,0,0,25862
6151,2020-10-07 14:41:00,29.63,29.63,29.58,29.59,0,0,12509
6152,2020-10-07 14:42:00,29.59,29.64,29.58,29.64,0,0,11405
6153,2020-10-07 14:43:00,29.63,29.65,29.62,29.64,0,0,19505
6154,2020-10-07 14:44:00,29.63,29.63,29.58,29.62,0,0,21328
6155,2020-10-07 14:45:00,29.61,29.63,29.6,29.63,0,0,9168
6156,2020-10-07 14:46:00,29.62,29.67,29.62,29.66,0,0,12014
6157,2020-10-07 14:47:00,29.66,29.67,29.64,29.67,0,0,21264
6158,2020-10-07 14:48:00,29.66,29.67,29.65,29.65,0,0,7354
6159,2020-10-07 14:49:00,29.66,29.67,29.65,29.67,0,0,9411
6160,2020-10-07 14:50:00,29.67,29.67,29.66,29.66,0,0,8371
6161,2020-10-07 14:51:00,29.66,29.72,29.66,29.7,0,0,28984
6162,2020-10-07 14:52:00,29.7,29.7,29.68,29.69,0,0,11040
6163,2020-10-07 14:53:00,29.69,29.73,29.69,29.71,0,0,10188
6164,2020-10-07 14:54:00,29.71,29.73,29.69,29.7,0,0,11186
6165,2020-10-07 14:55:00,29.69,29.71,29.69,29.71,0,0,18114
6166,2020-10-07 14:56:00,29.7,29.73,29.7,29.73,0,0,13102
6167,2020-10-07 14:57:00,29.72,29.73,29.72,29.73,0,0,10066
6168,2020-10-07 14:58:00,29.73,29.74,29.73,29.74,0,0,4155
6169,2020-10-07 14:59:00,29.74,29.74,29.71,29.71,0,0,12054
6170,2020-10-07 15:00:00,29.71,29.72,29.69,29.72,0,0,12085
6171,2020-10-07 15:01:00,29.72,29.72,29.66,29.67,0,0,21292
6172,2020-10-07 15:02:00,29.68,29.72,29.68,29.7,0,0,15891
6173,2020-10-07 15:03:00,29.71,29.73,29.7,29.7,0,0,14528
6174,2020-10-07 15:04:00,29.71,29.72,29.7,29.72,0,0,6724
6175,2020-10-07 15:05:00,29.72,29.73,29.7,29.71,0,0,16128
6176,2020-10-07 15:06:00,29.71,29.73,29.71,29.72,0,0,16223
6177,2020-10-07 15:07:00,29.72,29.72,29.69,29.7,0,0,11871
6178,2020-10-07 15:08:00,29.7,29.71,29.7,29.7,0,0,5092
6179,2020-10-07 15:09:00,29.7,29.71,29.67,29.67,0,0,26373
6180,2020-10-07 15:10:00,29.67,29.69,29.66,29.69,0,0,12488
6181,2020-10-07 15:11:00,29.69,29.7,29.68,29.7,0,0,10322
6182,2020-10-07 15:12:00,29.7,29.73,29.68,29.72,0,0,11484
6183,2020-10-07 15:13:00,29.73,29.74,29.72,29.73,0,0,13455
6184,2020-10-07 15:14:00,29.72,29.73,29.71,29.72,0,0,13763
6185,2020-10-07 15:15:00,29.72,29.74,29.71,29.72,0,0,21428
6186,2020-10-07 15:16:00,29.73,29.74,29.72,29.72,0,0,8139
6187,2020-10-07 15:17:00,29.73,29.73,29.63,29.65,0,0,54147
6188,2020-10-07 15:18:00,29.64,29.67,29.6,29.63,0,0,54785
6189,2020-10-07 15:19:00,29.62,29.63,29.55,29.55,0,0,52781
6190,2020-10-07 15:20:00,29.55,29.59,29.55,29.58,0,0,32642
6191,2020-10-07 15:21:00,29.58,29.58,29.55,29.56,0,0,30404
6192,2020-10-07 15:22:00,29.57,29.57,29.47,29.52,0,0,59778
6193,2020-10-07 15:23:00,29.52,29.58,29.51,29.58,0,0,25740
6194,2020-10-07 15:24:00,29.58,29.58,29.57,29.57,0,0,24042
6195,2020-10-07 15:25:00,29.57,29.59,29.57,29.59,0,0,16408
6196,2020-10-07 15:26:00,29.58,29.6,29.58,29.58,0,0,12324
6197,2020-10-07 15:27:00,29.58,29.59,29.57,29.58,0,0,30556
6198,2020-10-07 15:28:00,29.58,29.58,29.55,29.58,0,0,16446
6199,2020-10-07 15:29:00,29.58,29.59,29.56,29.57,0,0,26709
6200,2020-10-07 15:30:00,29.57,29.58,29.52,29.55,0,0,60288
6201,2020-10-07 15:31:00,29.54,29.54,29.51,29.52,0,0,24975
6202,2020-10-07 15:32:00,29.52,29.53,29.5,29.5,0,0,20646
6203,2020-10-07 15:33:00,29.5,29.54,29.48,29.49,0,0,55343
6204,2020-10-07 15:34:00,29.49,29.49,29.47,29.47,0,0,15078
6205,2020-10-07 15:35:00,29.47,29.47,29.43,29.47,0,0,43775
6206,2020-10-07 15:36:00,29.47,29.48,29.46,29.48,0,0,16812
6207,2020-10-07 15:37:00,29.48,29.5,29.47,29.5,0,0,18335
6208,2020-10-07 15:38:00,29.5,29.51,29.44,29.44,0,0,56687
6209,2020-10-07 15:39:00,29.44,29.46,29.42,29.45,0,0,33953
6210,2020-10-07 15:40:00,29.44,29.46,29.44,29.46,0,0,29165
6211,2020-10-07 15:41:00,29.45,29.48,29.45,29.45,0,0,29002
6212,2020-10-07 15:42:00,29.45,29.46,29.41,29.42,0,0,22446
6213,2020-10-07 15:43:00,29.42,29.44,29.39,29.43,0,0,48401
6214,2020-10-07 15:44:00,29.43,29.44,29.4,29.42,0,0,24116
6215,2020-10-07 15:45:00,29.42,29.42,29.39,29.4,0,0,21903
6216,2020-10-07 15:46:00,29.4,29.4,29.36,29.39,0,0,55733
6217,2020-10-07 15:47:00,29.4,29.4,29.38,29.4,0,0,34918
6218,2020-10-07 15:48:00,29.4,29.4,29.38,29.4,0,0,37762
6219,2020-10-07 15:49:00,29.4,29.41,29.39,29.4,0,0,30671
6220,2020-10-07 15:50:00,29.4,29.44,29.4,29.42,0,0,125955
6221,2020-10-07 15:51:00,29.42,29.42,29.39,29.41,0,0,82439
6222,2020-10-07 15:52:00,29.41,29.43,29.4,29.41,0,0,37872
6223,2020-10-07 15:53:00,29.4,29.41,29.35,29.38,0,0,113981
6224,2020-10-07 15:54:00,29.37,29.43,29.37,29.42,0,0,52942
6225,2020-10-07 15:55:00,29.42,29.45,29.4,29.44,0,0,73917
6226,2020-10-07 15:56:00,29.44,29.48,29.44,29.47,0,0,88555
6227,2020-10-07 15:57:00,29.47,29.48,29.45,29.48,0,0,106664
6228,2020-10-07 15:58:00,29.48,29.48,29.43,29.43,0,0,74487
6229,2020-10-07 15:59:00,29.43,29.47,29.4,29.45,0,0,213048
6230,2020-10-08 09:30:00,29.62,29.84,29.58,29.83,0,0,337297
6231,2020-10-08 09:31:00,29.85,29.92,29.76,29.89,0,0,71797
6232,2020-10-08 09:32:00,29.9,30.04,29.86,29.96,0,0,100907
6233,2020-10-08 09:33:00,29.98,30.01,29.9,29.91,0,0,52560
6234,2020-10-08 09:34:00,29.92,29.94,29.75,29.88,0,0,73879
6235,2020-10-08 09:35:00,29.88,29.92,29.85,29.9,0,0,28345
6236,2020-10-08 09:36:00,29.9,29.99,29.83,29.98,0,0,50950
6237,2020-10-08 09:37:00,29.99,30.0,29.91,29.95,0,0,25285
6238,2020-10-08 09:38:00,29.95,30.0,29.94,30.0,0,0,40766
6239,2020-10-08 09:39:00,30.0,30.0,29.93,29.96,0,0,32094
6240,2020-10-08 09:40:00,29.95,29.96,29.81,29.82,0,0,40722
6241,2020-10-08 09:41:00,29.82,29.82,29.72,29.78,0,0,43224
6242,2020-10-08 09:42:00,29.78,29.83,29.78,29.79,0,0,17334
6243,2020-10-08 09:43:00,29.8,29.8,29.64,29.64,0,0,60388
6244,2020-10-08 09:44:00,29.64,29.73,29.63,29.72,0,0,33220
6245,2020-10-08 09:45:00,29.72,29.72,29.6,29.67,0,0,34269
6246,2020-10-08 09:46:00,29.66,29.69,29.65,29.67,0,0,15186
6247,2020-10-08 09:47:00,29.67,29.7,29.61,29.63,0,0,31865
6248,2020-10-08 09:48:00,29.63,29.66,29.6,29.63,0,0,17916
6249,2020-10-08 09:49:00,29.64,29.65,29.55,29.55,0,0,25599
6250,2020-10-08 09:50:00,29.55,29.67,29.53,29.67,0,0,46460
6251,2020-10-08 09:51:00,29.67,29.72,29.65,29.69,0,0,28251
6252,2020-10-08 09:52:00,29.7,29.74,29.67,29.68,0,0,26444
6253,2020-10-08 09:53:00,29.68,29.75,29.68,29.74,0,0,22130
6254,2020-10-08 09:54:00,29.74,29.83,29.74,29.78,0,0,23749
6255,2020-10-08 09:55:00,29.79,29.86,29.79,29.85,0,0,18511
6256,2020-10-08 09:56:00,29.83,29.88,29.81,29.86,0,0,10108
6257,2020-10-08 09:57:00,29.86,29.9,29.85,29.9,0,0,27611
6258,2020-10-08 09:58:00,29.89,29.9,29.83,29.86,0,0,16736
6259,2020-10-08 09:59:00,29.86,29.88,29.86,29.88,0,0,14434
6260,2020-10-08 10:00:00,29.9,29.9,29.85,29.85,0,0,6707
6261,2020-10-08 10:01:00,29.85,29.85,29.81,29.81,0,0,9849
6262,2020-10-08 10:02:00,29.8,29.81,29.78,29.8,0,0,16212
6263,2020-10-08 10:03:00,29.79,29.82,29.73,29.82,0,0,15201
6264,2020-10-08 10:04:00,29.81,29.86,29.8,29.86,0,0,17266
6265,2020-10-08 10:05:00,29.87,29.91,29.85,29.87,0,0,16426
6266,2020-10-08 10:06:00,29.87,29.88,29.86,29.86,0,0,10072
6267,2020-10-08 10:07:00,29.87,29.89,29.86,29.87,0,0,21651
6268,2020-10-08 10:08:00,29.88,29.89,29.85,29.86,0,0,12089
6269,2020-10-08 10:09:00,29.87,29.87,29.8,29.85,0,0,21106
6270,2020-10-08 10:10:00,29.86,29.88,29.83,29.83,0,0,26499
6271,2020-10-08 10:11:00,29.83,29.83,29.79,29.8,0,0,11138
6272,2020-10-08 10:12:00,29.79,29.88,29.78,29.88,0,0,18312
6273,2020-10-08 10:13:00,29.88,29.89,29.83,29.84,0,0,17567
6274,2020-10-08 10:14:00,29.83,29.84,29.8,29.84,0,0,27519
6275,2020-10-08 10:15:00,29.84,29.84,29.81,29.84,0,0,10357
6276,2020-10-08 10:16:00,29.84,29.9,29.84,29.89,0,0,15437
6277,2020-10-08 10:17:00,29.9,29.9,29.75,29.81,0,0,72363
6278,2020-10-08 10:18:00,29.81,29.82,29.8,29.82,0,0,20068
6279,2020-10-08 10:19:00,29.83,29.84,29.81,29.82,0,0,11405
6280,2020-10-08 10:20:00,29.82,29.86,29.81,29.81,0,0,21034
6281,2020-10-08 10:21:00,29.81,29.84,29.8,29.84,0,0,15966
6282,2020-10-08 10:22:00,29.83,29.84,29.8,29.8,0,0,10906
6283,2020-10-08 10:23:00,29.79,29.79,29.69,29.69,0,0,12307
6284,2020-10-08 10:24:00,29.7,29.72,29.68,29.71,0,0,14949
6285,2020-10-08 10:25:00,29.72,29.74,29.67,29.67,0,0,34726
6286,2020-10-08 10:26:00,29.68,29.71,29.67,29.71,0,0,13268
6287,2020-10-08 10:27:00,29.71,29.73,29.69,29.73,0,0,10364
6288,2020-10-08 10:28:00,29.72,29.74,29.71,29.73,0,0,24141
6289,2020-10-08 10:29:00,29.74,29.76,29.73,29.75,0,0,9340
6290,2020-10-08 10:30:00,29.76,29.78,29.74,29.78,0,0,13870
6291,2020-10-08 10:31:00,29.77,29.8,29.76,29.8,0,0,9409
6292,2020-10-08 10:32:00,29.8,29.8,29.78,29.8,0,0,18908
6293,2020-10-08 10:33:00,29.8,29.84,29.8,29.84,0,0,18501
6294,2020-10-08 10:34:00,29.84,29.84,29.82,29.83,0,0,13693
6295,2020-10-08 10:35:00,29.83,29.84,29.81,29.83,0,0,13149
6296,2020-10-08 10:36:00,29.83,29.83,29.79,29.83,0,0,43716
6297,2020-10-08 10:37:00,29.82,29.83,29.8,29.82,0,0,30109
6298,2020-10-08 10:38:00,29.82,29.82,29.81,29.82,0,0,2758
6299,2020-10-08 10:39:00,29.82,29.84,29.82,29.83,0,0,16437
6300,2020-10-08 10:40:00,29.83,29.85,29.83,29.84,0,0,21947
6301,2020-10-08 10:41:00,29.83,29.84,29.82,29.84,0,0,15062
6302,2020-10-08 10:42:00,29.84,29.84,29.84,29.84,0,0,6439
6303,2020-10-08 10:43:00,29.84,29.84,29.82,29.83,0,0,15377
6304,2020-10-08 10:44:00,29.83,29.87,29.82,29.86,0,0,12617
6305,2020-10-08 10:45:00,29.87,29.9,29.87,29.9,0,0,29212
6306,2020-10-08 10:46:00,29.89,29.89,29.83,29.83,0,0,24768
6307,2020-10-08 10:47:00,29.82,29.82,29.78,29.8,0,0,30462
6308,2020-10-08 10:48:00,29.8,29.8,29.79,29.79,0,0,6848
6309,2020-10-08 10:49:00,29.78,29.79,29.75,29.76,0,0,11874
6310,2020-10-08 10:50:00,29.76,29.8,29.76,29.78,0,0,13516
6311,2020-10-08 10:51:00,29.78,29.79,29.77,29.77,0,0,6172
6312,2020-10-08 10:52:00,29.78,29.78,29.71,29.71,0,0,5809
6313,2020-10-08 10:53:00,29.72,29.74,29.69,29.71,0,0,12007
6314,2020-10-08 10:54:00,29.71,29.71,29.64,29.64,0,0,28907
6315,2020-10-08 10:55:00,29.65,29.66,29.64,29.66,0,0,9386
6316,2020-10-08 10:56:00,29.66,29.72,29.66,29.71,0,0,12803
6317,2020-10-08 10:57:00,29.71,29.73,29.7,29.72,0,0,21666
6318,2020-10-08 10:58:00,29.71,29.72,29.69,29.69,0,0,7481
6319,2020-10-08 10:59:00,29.69,29.74,29.69,29.74,0,0,24138
6320,2020-10-08 11:00:00,29.75,29.8,29.75,29.8,0,0,15258
6321,2020-10-08 11:01:00,29.8,29.83,29.8,29.82,0,0,14830
6322,2020-10-08 11:02:00,29.82,29.83,29.82,29.83,0,0,7142
6323,2020-10-08 11:03:00,29.83,29.83,29.81,29.82,0,0,7151
6324,2020-10-08 11:04:00,29.83,29.84,29.82,29.82,0,0,6553
6325,2020-10-08 11:05:00,29.83,29.85,29.83,29.84,0,0,24638
6326,2020-10-08 11:06:00,29.84,29.86,29.84,29.86,0,0,23399
6327,2020-10-08 11:07:00,29.87,29.91,29.87,29.89,0,0,15014
6328,2020-10-08 11:08:00,29.89,29.91,29.88,29.9,0,0,12144
6329,2020-10-08 11:09:00,29.9,29.92,29.9,29.91,0,0,12085
6330,2020-10-08 11:10:00,29.92,29.92,29.9,29.91,0,0,7647
6331,2020-10-08 11:11:00,29.95,29.95,29.94,29.95,0,0,18209
6332,2020-10-08 11:12:00,29.95,29.95,29.95,29.95,0,0,2873
6333,2020-10-08 11:13:00,29.97,29.98,29.96,29.97,0,0,16121
6334,2020-10-08 11:14:00,29.97,30.06,29.96,30.02,0,0,104496
6335,2020-10-08 11:15:00,30.02,30.04,29.98,29.98,0,0,48816
6336,2020-10-08 11:16:00,29.98,30.0,29.97,30.0,0,0,10800
6337,2020-10-08 11:17:00,29.99,30.02,29.99,30.01,0,0,11371
6338,2020-10-08 11:18:00,30.01,30.05,30.01,30.03,0,0,24717
6339,2020-10-08 11:19:00,30.03,30.03,29.99,29.99,0,0,16785
6340,2020-10-08 11:20:00,29.99,30.01,29.96,29.96,0,0,12431
6341,2020-10-08 11:21:00,29.97,29.98,29.9,29.91,0,0,14652
6342,2020-10-08 11:22:00,29.91,29.94,29.9,29.94,0,0,10233
6343,2020-10-08 11:23:00,29.94,29.97,29.94,29.95,0,0,9226
6344,2020-10-08 11:24:00,29.94,29.98,29.94,29.97,0,0,8733
6345,2020-10-08 11:25:00,29.96,29.97,29.94,29.95,0,0,9866
6346,2020-10-08 11:26:00,29.94,29.94,29.92,29.92,0,0,6184
6347,2020-10-08 11:27:00,29.91,29.97,29.91,29.96,0,0,19119
6348,2020-10-08 11:28:00,29.97,29.97,29.93,29.96,0,0,22704
6349,2020-10-08 11:29:00,29.95,29.99,29.95,29.98,0,0,11618
6350,2020-10-08 11:30:00,29.97,29.98,29.94,29.94,0,0,11616
6351,2020-10-08 11:31:00,29.94,29.94,29.89,29.9,0,0,17456
6352,2020-10-08 11:32:00,29.9,29.92,29.89,29.89,0,0,27221
6353,2020-10-08 11:33:00,29.9,29.9,29.84,29.85,0,0,28234
6354,2020-10-08 11:34:00,29.86,29.87,29.86,29.87,0,0,7229
6355,2020-10-08 11:35:00,29.87,29.92,29.87,29.91,0,0,12313
6356,2020-10-08 11:36:00,29.91,29.94,29.91,29.92,0,0,14755
6357,2020-10-08 11:37:00,29.92,29.93,29.91,29.91,0,0,7811
6358,2020-10-08 11:38:00,29.91,29.92,29.87,29.89,0,0,38013
6359,2020-10-08 11:39:00,29.89,29.9,29.87,29.9,0,0,38479
6360,2020-10-08 11:40:00,29.89,29.9,29.89,29.9,0,0,5606
6361,2020-10-08 11:41:00,29.91,29.94,29.9,29.94,0,0,19991
6362,2020-10-08 11:42:00,29.93,29.93,29.89,29.9,0,0,9427
6363,2020-10-08 11:43:00,29.9,29.92,29.9,29.91,0,0,4772
6364,2020-10-08 11:44:00,29.91,29.93,29.91,29.92,0,0,6884
6365,2020-10-08 11:45:00,29.91,29.92,29.9,29.92,0,0,6528
6366,2020-10-08 11:46:00,29.93,29.93,29.92,29.93,0,0,3369
6367,2020-10-08 11:47:00,29.93,29.93,29.91,29.91,0,0,6046
6368,2020-10-08 11:48:00,29.9,29.93,29.9,29.93,0,0,6384
6369,2020-10-08 11:49:00,29.93,29.95,29.93,29.95,0,0,6210
6370,2020-10-08 11:50:00,29.95,29.95,29.92,29.92,0,0,4640
6371,2020-10-08 11:51:00,29.93,29.95,29.93,29.94,0,0,8622
6372,2020-10-08 11:52:00,29.93,29.93,29.9,29.91,0,0,24580
6373,2020-10-08 11:53:00,29.91,29.92,29.9,29.92,0,0,6668
6374,2020-10-08 11:54:00,29.91,29.92,29.87,29.87,0,0,5043
6375,2020-10-08 11:55:00,29.88,29.9,29.88,29.9,0,0,4805
6376,2020-10-08 11:56:00,29.89,29.94,29.89,29.93,0,0,8874
6377,2020-10-08 11:57:00,29.93,29.98,29.93,29.97,0,0,12399
6378,2020-10-08 11:58:00,29.97,29.97,29.95,29.96,0,0,6250
6379,2020-10-08 11:59:00,29.97,29.98,29.97,29.98,0,0,12776
6380,2020-10-08 12:00:00,29.98,30.04,29.98,30.03,0,0,49996
6381,2020-10-08 12:01:00,30.03,30.05,29.99,30.01,0,0,24623
6382,2020-10-08 12:02:00,30.02,30.04,30.0,30.01,0,0,25588
6383,2020-10-08 12:03:00,30.01,30.02,30.0,30.0,0,0,6468
6384,2020-10-08 12:04:00,30.01,30.02,29.99,29.99,0,0,8197
6385,2020-10-08 12:05:00,30.0,30.01,29.99,30.0,0,0,12671
6386,2020-10-08 12:06:00,30.0,30.01,29.98,30.0,0,0,17599
6387,2020-10-08 12:07:00,30.0,30.03,30.0,30.01,0,0,16364
6388,2020-10-08 12:08:00,30.02,30.02,30.01,30.01,0,0,4122
6389,2020-10-08 12:09:00,30.01,30.02,29.99,30.0,0,0,17451
6390,2020-10-08 12:10:00,30.0,30.01,29.99,29.99,0,0,8028
6391,2020-10-08 12:11:00,29.99,30.0,29.98,30.0,0,0,3594
6392,2020-10-08 12:12:00,30.0,30.0,29.99,29.99,0,0,5688
6393,2020-10-08 12:13:00,30.0,30.02,29.99,30.02,0,0,9835
6394,2020-10-08 12:14:00,30.01,30.03,30.01,30.02,0,0,9673
6395,2020-10-08 12:15:00,30.02,30.03,29.98,29.99,0,0,21378
6396,2020-10-08 12:16:00,29.99,29.99,29.96,29.97,0,0,10309
6397,2020-10-08 12:17:00,29.97,29.98,29.96,29.97,0,0,10508
6398,2020-10-08 12:18:00,29.97,30.0,29.97,30.0,0,0,13185
6399,2020-10-08 12:19:00,30.0,30.01,29.99,30.0,0,0,14830
6400,2020-10-08 12:20:00,30.0,30.0,29.98,29.99,0,0,21815
6401,2020-10-08 12:21:00,29.99,30.0,29.98,30.0,0,0,8046
6402,2020-10-08 12:22:00,30.0,30.01,29.99,29.99,0,0,12597
6403,2020-10-08 12:23:00,29.99,29.99,29.97,29.98,0,0,5534
6404,2020-10-08 12:24:00,29.97,30.01,29.97,30.01,0,0,16733
6405,2020-10-08 12:25:00,30.0,30.01,29.99,29.99,0,0,11347
6406,2020-10-08 12:26:00,29.98,29.99,29.97,29.97,0,0,4904
6407,2020-10-08 12:27:00,29.98,29.98,29.97,29.97,0,0,2416
6408,2020-10-08 12:28:00,29.98,29.98,29.94,29.94,0,0,9408
6409,2020-10-08 12:29:00,29.94,29.94,29.93,29.94,0,0,5614
6410,2020-10-08 12:30:00,29.94,29.98,29.93,29.97,0,0,21409
6411,2020-10-08 12:31:00,29.97,29.98,29.96,29.97,0,0,5066
6412,2020-10-08 12:32:00,29.98,30.0,29.98,29.99,0,0,10552
6413,2020-10-08 12:33:00,29.99,29.99,29.97,29.98,0,0,4618
6414,2020-10-08 12:34:00,29.97,29.97,29.96,29.97,0,0,5023
6415,2020-10-08 12:35:00,29.97,29.97,29.96,29.97,0,0,3961
6416,2020-10-08 12:36:00,29.97,29.97,29.95,29.97,0,0,6971
6417,2020-10-08 12:37:00,29.97,29.99,29.97,29.97,0,0,8021
6418,2020-10-08 12:38:00,29.98,30.0,29.98,29.99,0,0,8016
6419,2020-10-08 12:39:00,29.99,30.0,29.98,29.99,0,0,7645
6420,2020-10-08 12:40:00,30.0,30.0,30.0,30.0,0,0,9317
6421,2020-10-08 12:41:00,30.0,30.0,29.99,30.0,0,0,5815
6422,2020-10-08 12:42:00,30.0,30.02,30.0,30.01,0,0,12619
6423,2020-10-08 12:43:00,30.01,30.03,30.01,30.03,0,0,10280
6424,2020-10-08 12:44:00,30.02,30.03,30.01,30.01,0,0,9863
6425,2020-10-08 12:45:00,30.01,30.03,30.01,30.01,0,0,18452
6426,2020-10-08 12:46:00,30.02,30.04,30.02,30.04,0,0,12278
6427,2020-10-08 12:47:00,30.04,30.04,30.03,30.03,0,0,11134
6428,2020-10-08 12:48:00,30.03,30.05,30.02,30.02,0,0,24125
6429,2020-10-08 12:49:00,30.02,30.02,29.97,29.98,0,0,13222
6430,2020-10-08 12:50:00,29.99,30.01,29.98,30.01,0,0,18060
6431,2020-10-08 12:51:00,30.0,30.01,30.0,30.0,0,0,5148
6432,2020-10-08 12:52:00,30.01,30.02,30.0,30.02,0,0,3200
6433,2020-10-08 12:53:00,30.01,30.03,30.0,30.03,0,0,9420
6434,2020-10-08 12:54:00,30.03,30.03,30.0,30.01,0,0,10907
6435,2020-10-08 12:55:00,30.0,30.01,30.0,30.0,0,0,9248
6436,2020-10-08 12:56:00,30.01,30.02,29.98,29.99,0,0,12107
6437,2020-10-08 12:57:00,29.99,30.01,29.98,30.01,0,0,6998
6438,2020-10-08 12:58:00,30.01,30.04,30.01,30.03,0,0,20282
6439,2020-10-08 12:59:00,30.04,30.04,30.02,30.02,0,0,13342
6440,2020-10-08 13:00:00,30.02,30.02,30.0,30.0,0,0,8998
6441,2020-10-08 13:01:00,30.0,30.01,29.98,29.98,0,0,10602
6442,2020-10-08 13:02:00,29.99,29.99,29.95,29.95,0,0,23102
6443,2020-10-08 13:03:00,29.95,29.97,29.95,29.97,0,0,8424
6444,2020-10-08 13:04:00,29.97,29.97,29.96,29.97,0,0,8796
6445,2020-10-08 13:05:00,29.97,29.99,29.97,29.98,0,0,7393
6446,2020-10-08 13:06:00,29.98,30.0,29.97,29.98,0,0,8692
6447,2020-10-08 13:07:00,29.98,29.99,29.97,29.99,0,0,5833
6448,2020-10-08 13:08:00,29.99,30.0,29.98,30.0,0,0,17723
6449,2020-10-08 13:09:00,30.0,30.01,30.0,30.01,0,0,7840
6450,2020-10-08 13:10:00,30.01,30.03,30.0,30.03,0,0,13149
6451,2020-10-08 13:11:00,30.03,30.03,29.99,30.0,0,0,21329
6452,2020-10-08 13:12:00,30.0,30.01,29.99,30.0,0,0,6546
6453,2020-10-08 13:13:00,30.01,30.02,30.0,30.0,0,0,7174
6454,2020-10-08 13:14:00,30.01,30.01,30.0,30.0,0,0,8735
6455,2020-10-08 13:15:00,30.02,30.02,30.01,30.02,0,0,7532
6456,2020-10-08 13:16:00,30.02,30.03,30.02,30.03,0,0,4310
6457,2020-10-08 13:17:00,30.03,30.03,30.0,30.01,0,0,8796
6458,2020-10-08 13:18:00,30.02,30.02,30.01,30.02,0,0,4811
6459,2020-10-08 13:19:00,30.02,30.03,30.01,30.02,0,0,12227
6460,2020-10-08 13:20:00,30.02,30.02,29.98,29.98,0,0,14734
6461,2020-10-08 13:21:00,29.99,30.01,29.99,30.01,0,0,8104
6462,2020-10-08 13:22:00,30.0,30.02,30.0,30.01,0,0,9259
6463,2020-10-08 13:23:00,30.01,30.02,29.98,29.98,0,0,13419
6464,2020-10-08 13:24:00,29.98,29.98,29.94,29.96,0,0,11553
6465,2020-10-08 13:25:00,29.96,29.97,29.94,29.94,0,0,29845
6466,2020-10-08 13:26:00,29.94,29.95,29.92,29.92,0,0,9667
6467,2020-10-08 13:27:00,29.92,29.93,29.92,29.93,0,0,5131
6468,2020-10-08 13:28:00,29.94,29.94,29.93,29.94,0,0,4343
6469,2020-10-08 13:29:00,29.95,29.95,29.92,29.92,0,0,7612
6470,2020-10-08 13:30:00,29.92,29.93,29.9,29.93,0,0,12303
6471,2020-10-08 13:31:00,29.94,29.94,29.93,29.94,0,0,2906
6472,2020-10-08 13:32:00,29.95,29.95,29.94,29.94,0,0,1821
6473,2020-10-08 13:33:00,29.94,29.95,29.93,29.93,0,0,4752
6474,2020-10-08 13:34:00,29.93,29.94,29.9,29.91,0,0,9532
6475,2020-10-08 13:35:00,29.9,29.94,29.9,29.94,0,0,21702
6476,2020-10-08 13:36:00,29.93,29.94,29.91,29.91,0,0,43616
6477,2020-10-08 13:37:00,29.91,29.91,29.88,29.88,0,0,4067
6478,2020-10-08 13:38:00,29.88,29.9,29.87,29.9,0,0,9568
6479,2020-10-08 13:39:00,29.9,29.9,29.88,29.88,0,0,6877
6480,2020-10-08 13:40:00,29.87,29.9,29.87,29.9,0,0,5363
6481,2020-10-08 13:41:00,29.9,29.91,29.9,29.9,0,0,49346
6482,2020-10-08 13:42:00,29.9,29.93,29.9,29.93,0,0,12832
6483,2020-10-08 13:43:00,29.92,29.93,29.91,29.91,0,0,6787
6484,2020-10-08 13:44:00,29.91,29.94,29.9,29.94,0,0,21510
6485,2020-10-08 13:45:00,29.94,29.94,29.91,29.92,0,0,8052
6486,2020-10-08 13:46:00,29.91,29.94,29.91,29.93,0,0,4501
6487,2020-10-08 13:47:00,29.93,29.94,29.93,29.93,0,0,2086
6488,2020-10-08 13:48:00,29.93,29.93,29.91,29.92,0,0,15554
6489,2020-10-08 13:49:00,29.92,29.94,29.92,29.94,0,0,6914
6490,2020-10-08 13:50:00,29.93,29.96,29.93,29.96,0,0,25116
6491,2020-10-08 13:51:00,29.96,29.96,29.95,29.95,0,0,4715
6492,2020-10-08 13:52:00,29.95,29.96,29.95,29.96,0,0,6032
6493,2020-10-08 13:53:00,29.96,29.96,29.95,29.95,0,0,1525
6494,2020-10-08 13:54:00,29.96,29.96,29.94,29.95,0,0,10738
6495,2020-10-08 13:55:00,29.95,29.96,29.95,29.96,0,0,21169
6496,2020-10-08 13:56:00,29.95,29.96,29.94,29.94,0,0,13641
6497,2020-10-08 13:57:00,29.94,29.95,29.94,29.94,0,0,11259
6498,2020-10-08 13:58:00,29.94,29.94,29.9,29.92,0,0,11916
6499,2020-10-08 13:59:00,29.91,29.92,29.9,29.91,0,0,14146
6500,2020-10-08 14:00:00,29.92,29.92,29.9,29.92,0,0,9382
6501,2020-10-08 14:01:00,29.92,29.93,29.91,29.91,0,0,6890
6502,2020-10-08 14:02:00,29.91,29.93,29.91,29.92,0,0,2602
6503,2020-10-08 14:03:00,29.92,29.93,29.91,29.92,0,0,9282
6504,2020-10-08 14:04:00,29.92,29.93,29.91,29.91,0,0,6426
6505,2020-10-08 14:05:00,29.91,29.93,29.91,29.93,0,0,6435
6506,2020-10-08 14:06:00,29.93,29.94,29.92,29.94,0,0,4308
6507,2020-10-08 14:07:00,29.94,29.94,29.93,29.94,0,0,5886
6508,2020-10-08 14:08:00,29.94,29.96,29.94,29.96,0,0,6998
6509,2020-10-08 14:09:00,29.96,29.97,29.96,29.96,0,0,19356
6510,2020-10-08 14:10:00,29.97,29.97,29.96,29.97,0,0,4295
6511,2020-10-08 14:11:00,29.97,29.97,29.96,29.96,0,0,91510
6512,2020-10-08 14:12:00,29.96,29.97,29.95,29.96,0,0,13335
6513,2020-10-08 14:13:00,29.97,29.97,29.94,29.95,0,0,6394
6514,2020-10-08 14:14:00,29.95,29.95,29.94,29.95,0,0,7027
6515,2020-10-08 14:15:00,29.94,29.97,29.94,29.97,0,0,5745
6516,2020-10-08 14:16:00,29.97,29.98,29.97,29.98,0,0,5863
6517,2020-10-08 14:17:00,29.97,29.98,29.97,29.98,0,0,7140
6518,2020-10-08 14:18:00,29.98,30.0,29.98,30.0,0,0,19262
6519,2020-10-08 14:19:00,30.0,30.0,29.97,29.98,0,0,12786
6520,2020-10-08 14:20:00,29.97,29.97,29.96,29.97,0,0,2457
6521,2020-10-08 14:21:00,29.97,29.99,29.96,29.99,0,0,12982
6522,2020-10-08 14:22:00,29.99,30.0,29.97,29.98,0,0,9990
6523,2020-10-08 14:23:00,29.98,29.99,29.98,29.98,0,0,7006
6524,2020-10-08 14:24:00,29.99,30.0,29.99,30.0,0,0,2438
6525,2020-10-08 14:25:00,29.99,30.0,29.98,30.0,0,0,6552
6526,2020-10-08 14:26:00,30.0,30.0,29.99,30.0,0,0,8990
6527,2020-10-08 14:27:00,30.0,30.0,29.99,30.0,0,0,4844
6528,2020-10-08 14:28:00,30.0,30.0,29.98,29.98,0,0,6126
6529,2020-10-08 14:29:00,29.98,29.99,29.98,29.98,0,0,4912
6530,2020-10-08 14:30:00,29.99,29.99,29.98,29.99,0,0,2719
6531,2020-10-08 14:31:00,29.99,29.99,29.97,29.99,0,0,21282
6532,2020-10-08 14:32:00,29.99,29.99,29.98,29.98,0,0,2381
6533,2020-10-08 14:33:00,29.99,29.99,29.98,29.99,0,0,10043
6534,2020-10-08 14:34:00,29.99,30.0,29.98,29.99,0,0,21210
6535,2020-10-08 14:35:00,29.99,29.99,29.91,29.91,0,0,19496
6536,2020-10-08 14:36:00,29.92,29.93,29.92,29.92,0,0,8742
6537,2020-10-08 14:37:00,29.92,29.93,29.92,29.93,0,0,4246
6538,2020-10-08 14:38:00,29.94,29.97,29.93,29.97,0,0,8150
6539,2020-10-08 14:39:00,29.97,29.97,29.96,29.97,0,0,19899
6540,2020-10-08 14:40:00,29.97,29.97,29.95,29.95,0,0,6750
6541,2020-10-08 14:41:00,29.95,29.95,29.94,29.94,0,0,4482
6542,2020-10-08 14:42:00,29.95,29.96,29.94,29.96,0,0,8674
6543,2020-10-08 14:43:00,29.95,29.98,29.95,29.97,0,0,6427
6544,2020-10-08 14:44:00,29.98,29.98,29.96,29.96,0,0,12073
6545,2020-10-08 14:45:00,29.96,29.98,29.95,29.97,0,0,14166
6546,2020-10-08 14:46:00,29.98,29.99,29.97,29.99,0,0,20786
6547,2020-10-08 14:47:00,29.99,30.0,29.99,29.99,0,0,6287
6548,2020-10-08 14:48:00,29.99,30.03,29.99,30.02,0,0,49498
6549,2020-10-08 14:49:00,30.02,30.04,30.02,30.02,0,0,15948
6550,2020-10-08 14:50:00,30.03,30.03,30.02,30.02,0,0,7639
6551,2020-10-08 14:51:00,30.02,30.03,30.02,30.03,0,0,6701
6552,2020-10-08 14:52:00,30.03,30.03,30.01,30.01,0,0,7582
6553,2020-10-08 14:53:00,30.01,30.03,30.01,30.03,0,0,13268
6554,2020-10-08 14:54:00,30.03,30.03,30.02,30.03,0,0,4306
6555,2020-10-08 14:55:00,30.03,30.03,30.02,30.02,0,0,9710
6556,2020-10-08 14:56:00,30.02,30.03,30.0,30.01,0,0,14920
6557,2020-10-08 14:57:00,30.01,30.02,30.01,30.02,0,0,4299
6558,2020-10-08 14:58:00,30.01,30.01,29.99,30.0,0,0,11448
6559,2020-10-08 14:59:00,30.0,30.0,29.99,30.0,0,0,11277
6560,2020-10-08 15:00:00,30.0,30.01,29.97,29.97,0,0,12048
6561,2020-10-08 15:01:00,29.98,29.98,29.91,29.92,0,0,30038
6562,2020-10-08 15:02:00,29.93,29.93,29.91,29.93,0,0,16928
6563,2020-10-08 15:03:00,29.92,29.93,29.92,29.93,0,0,5862
6564,2020-10-08 15:04:00,29.92,29.93,29.92,29.93,0,0,3342
6565,2020-10-08 15:05:00,29.92,29.94,29.91,29.93,0,0,14608
6566,2020-10-08 15:06:00,29.94,29.94,29.92,29.92,0,0,8192
6567,2020-10-08 15:07:00,29.92,29.92,29.89,29.9,0,0,7866
6568,2020-10-08 15:08:00,29.9,29.91,29.89,29.91,0,0,4902
6569,2020-10-08 15:09:00,29.91,29.91,29.89,29.89,0,0,4498
6570,2020-10-08 15:10:00,29.89,29.92,29.89,29.91,0,0,9107
6571,2020-10-08 15:11:00,29.92,29.94,29.91,29.94,0,0,6498
6572,2020-10-08 15:12:00,29.93,29.94,29.93,29.94,0,0,7162
6573,2020-10-08 15:13:00,29.93,29.94,29.92,29.92,0,0,4425
6574,2020-10-08 15:14:00,29.92,29.92,29.91,29.91,0,0,6392
6575,2020-10-08 15:15:00,29.92,29.92,29.91,29.91,0,0,2743
6576,2020-10-08 15:16:00,29.91,29.92,29.89,29.9,0,0,14309
6577,2020-10-08 15:17:00,29.9,29.9,29.88,29.89,0,0,9529
6578,2020-10-08 15:18:00,29.9,29.9,29.89,29.89,0,0,5338
6579,2020-10-08 15:19:00,29.89,29.9,29.89,29.9,0,0,4981
6580,2020-10-08 15:20:00,29.9,29.91,29.9,29.9,0,0,7134
6581,2020-10-08 15:21:00,29.9,29.9,29.89,29.9,0,0,13276
6582,2020-10-08 15:22:00,29.9,29.92,29.89,29.91,0,0,8584
6583,2020-10-08 15:23:00,29.92,29.94,29.92,29.94,0,0,21823
6584,2020-10-08 15:24:00,29.94,29.94,29.92,29.92,0,0,9322
6585,2020-10-08 15:25:00,29.93,29.95,29.92,29.95,0,0,12174
6586,2020-10-08 15:26:00,29.94,29.96,29.94,29.96,0,0,5605
6587,2020-10-08 15:27:00,29.96,29.96,29.94,29.94,0,0,14386
6588,2020-10-08 15:28:00,29.94,29.95,29.93,29.95,0,0,12602
6589,2020-10-08 15:29:00,29.95,29.95,29.94,29.94,0,0,4228
6590,2020-10-08 15:30:00,29.94,29.95,29.94,29.95,0,0,5903
6591,2020-10-08 15:31:00,29.95,29.98,29.95,29.98,0,0,16115
6592,2020-10-08 15:32:00,29.98,29.98,29.97,29.98,0,0,8863
6593,2020-10-08 15:33:00,29.98,29.98,29.97,29.97,0,0,6129
6594,2020-10-08 15:34:00,29.98,29.98,29.97,29.98,0,0,7440
6595,2020-10-08 15:35:00,29.98,29.98,29.96,29.97,0,0,21519
6596,2020-10-08 15:36:00,29.97,29.97,29.96,29.97,0,0,9568
6597,2020-10-08 15:37:00,29.97,29.98,29.96,29.97,0,0,18303
6598,2020-10-08 15:38:00,29.98,29.99,29.98,29.99,0,0,18554
6599,2020-10-08 15:39:00,29.99,29.99,29.93,29.94,0,0,40044
6600,2020-10-08 15:40:00,29.93,29.94,29.92,29.93,0,0,18809
6601,2020-10-08 15:41:00,29.94,29.94,29.93,29.93,0,0,4565
6602,2020-10-08 15:42:00,29.93,29.95,29.93,29.93,0,0,30888
6603,2020-10-08 15:43:00,29.93,29.95,29.93,29.95,0,0,11363
6604,2020-10-08 15:44:00,29.94,29.95,29.94,29.94,0,0,8196
6605,2020-10-08 15:45:00,29.94,29.95,29.94,29.95,0,0,12950
6606,2020-10-08 15:46:00,29.94,29.96,29.94,29.95,0,0,17309
6607,2020-10-08 15:47:00,29.95,29.97,29.95,29.97,0,0,31392
6608,2020-10-08 15:48:00,29.97,29.99,29.97,29.98,0,0,45883
6609,2020-10-08 15:49:00,29.97,30.0,29.92,29.97,0,0,124776
6610,2020-10-08 15:50:00,29.98,29.99,29.95,29.99,0,0,40960
6611,2020-10-08 15:51:00,29.99,30.0,29.98,30.0,0,0,43454
6612,2020-10-08 15:52:00,30.0,30.0,29.99,29.99,0,0,34534
6613,2020-10-08 15:53:00,29.99,30.04,29.99,30.02,0,0,107898
6614,2020-10-08 15:54:00,30.01,30.02,30.0,30.01,0,0,47823
6615,2020-10-08 15:55:00,30.0,30.03,30.0,30.03,0,0,69749
6616,2020-10-08 15:56:00,30.03,30.03,30.02,30.02,0,0,35156
6617,2020-10-08 15:57:00,30.02,30.02,29.99,30.0,0,0,59894
6618,2020-10-08 15:58:00,30.0,30.01,29.99,30.0,0,0,73937
6619,2020-10-08 15:59:00,30.0,30.0,29.96,29.99,0,0,107005
6620,2020-10-09 09:30:00,30.2,30.26,30.13,30.19,0,0,124498
6621,2020-10-09 09:31:00,30.15,30.23,30.03,30.23,0,0,47207
6622,2020-10-09 09:32:00,30.23,30.24,30.14,30.22,0,0,47934
6623,2020-10-09 09:33:00,30.2,30.24,30.11,30.19,0,0,39416
6624,2020-10-09 09:34:00,30.21,30.3,30.18,30.28,0,0,57984
6625,2020-10-09 09:35:00,30.27,30.3,30.2,30.3,0,0,46484
6626,2020-10-09 09:36:00,30.29,30.29,30.18,30.21,0,0,21278
6627,2020-10-09 09:37:00,30.19,30.2,30.03,30.07,0,0,22139
6628,2020-10-09 09:38:00,30.06,30.14,30.06,30.11,0,0,13197
6629,2020-10-09 09:39:00,30.12,30.17,30.07,30.11,0,0,13492
6630,2020-10-09 09:40:00,30.11,30.11,30.07,30.07,0,0,8781
6631,2020-10-09 09:41:00,30.07,30.11,30.06,30.11,0,0,14747
6632,2020-10-09 09:42:00,30.11,30.13,30.1,30.1,0,0,18237
6633,2020-10-09 09:43:00,30.11,30.16,30.09,30.11,0,0,22180
6634,2020-10-09 09:44:00,30.09,30.15,30.07,30.07,0,0,8988
6635,2020-10-09 09:45:00,30.09,30.13,30.08,30.11,0,0,12694
6636,2020-10-09 09:46:00,30.11,30.12,30.07,30.08,0,0,12610
6637,2020-10-09 09:47:00,30.08,30.12,30.08,30.09,0,0,10740
6638,2020-10-09 09:48:00,30.1,30.17,30.09,30.15,0,0,22284
6639,2020-10-09 09:49:00,30.14,30.16,30.13,30.14,0,0,7910
6640,2020-10-09 09:50:00,30.14,30.17,30.14,30.14,0,0,21976
6641,2020-10-09 09:51:00,30.14,30.2,30.14,30.18,0,0,8372
6642,2020-10-09 09:52:00,30.18,30.29,30.18,30.27,0,0,163198
6643,2020-10-09 09:53:00,30.27,30.3,30.24,30.24,0,0,16151
6644,2020-10-09 09:54:00,30.25,30.31,30.25,30.31,0,0,14936
6645,2020-10-09 09:55:00,30.32,30.32,30.25,30.28,0,0,13183
6646,2020-10-09 09:56:00,30.29,30.31,30.28,30.31,0,0,11354
6647,2020-10-09 09:57:00,30.31,30.32,30.28,30.28,0,0,25492
6648,2020-10-09 09:58:00,30.29,30.32,30.27,30.3,0,0,21662
6649,2020-10-09 09:59:00,30.31,30.32,30.28,30.31,0,0,17317
6650,2020-10-09 10:00:00,30.3,30.31,30.28,30.31,0,0,19745
6651,2020-10-09 10:01:00,30.31,30.32,30.28,30.31,0,0,20579
6652,2020-10-09 10:02:00,30.31,30.36,30.31,30.34,0,0,16609
6653,2020-10-09 10:03:00,30.35,30.35,30.24,30.33,0,0,51156
6654,2020-10-09 10:04:00,30.34,30.37,30.34,30.36,0,0,15438
6655,2020-10-09 10:05:00,30.36,30.4,30.36,30.37,0,0,55677
6656,2020-10-09 10:06:00,30.37,30.42,30.35,30.42,0,0,71684
6657,2020-10-09 10:07:00,30.42,30.44,30.4,30.42,0,0,32304
6658,2020-10-09 10:08:00,30.42,30.43,30.4,30.41,0,0,129992
6659,2020-10-09 10:09:00,30.42,30.42,30.4,30.4,0,0,15459
6660,2020-10-09 10:10:00,30.41,30.49,30.41,30.49,0,0,59326
6661,2020-10-09 10:11:00,30.49,30.52,30.45,30.45,0,0,59577
6662,2020-10-09 10:12:00,30.45,30.51,30.43,30.43,0,0,32386
6663,2020-10-09 10:13:00,30.43,30.43,30.4,30.42,0,0,12911
6664,2020-10-09 10:14:00,30.43,30.45,30.42,30.45,0,0,12732
6665,2020-10-09 10:15:00,30.47,30.51,30.46,30.51,0,0,18949
6666,2020-10-09 10:16:00,30.5,30.53,30.5,30.53,0,0,14275
6667,2020-10-09 10:17:00,30.53,30.53,30.5,30.5,0,0,13161
6668,2020-10-09 10:18:00,30.5,30.5,30.45,30.48,0,0,15145
6669,2020-10-09 10:19:00,30.48,30.5,30.47,30.48,0,0,8271
6670,2020-10-09 10:20:00,30.49,30.5,30.46,30.46,0,0,11741
6671,2020-10-09 10:21:00,30.46,30.47,30.43,30.44,0,0,11260
6672,2020-10-09 10:22:00,30.44,30.47,30.44,30.45,0,0,5356
6673,2020-10-09 10:23:00,30.45,30.48,30.45,30.47,0,0,49474
6674,2020-10-09 10:24:00,30.48,30.5,30.48,30.48,0,0,25925
6675,2020-10-09 10:25:00,30.48,30.49,30.46,30.48,0,0,20621
6676,2020-10-09 10:26:00,30.47,30.49,30.47,30.48,0,0,13755
6677,2020-10-09 10:27:00,30.49,30.51,30.49,30.51,0,0,24879
6678,2020-10-09 10:28:00,30.52,30.57,30.51,30.56,0,0,24893
6679,2020-10-09 10:29:00,30.55,30.58,30.55,30.58,0,0,20913
6680,2020-10-09 10:30:00,30.58,30.71,30.58,30.71,0,0,47171
6681,2020-10-09 10:31:00,30.71,30.8,30.7,30.76,0,0,89212
6682,2020-10-09 10:32:00,30.75,30.82,30.75,30.79,0,0,65330
6683,2020-10-09 10:33:00,30.8,30.81,30.78,30.8,0,0,32342
6684,2020-10-09 10:34:00,30.8,30.82,30.78,30.82,0,0,61749
6685,2020-10-09 10:35:00,30.82,30.83,30.78,30.78,0,0,90332
6686,2020-10-09 10:36:00,30.78,30.79,30.77,30.78,0,0,25281
6687,2020-10-09 10:37:00,30.77,30.83,30.77,30.82,0,0,48209
6688,2020-10-09 10:38:00,30.82,30.82,30.79,30.81,0,0,34331
6689,2020-10-09 10:39:00,30.81,30.81,30.77,30.79,0,0,42225
6690,2020-10-09 10:40:00,30.79,30.92,30.79,30.91,0,0,104298
6691,2020-10-09 10:41:00,30.92,30.96,30.91,30.95,0,0,79978
6692,2020-10-09 10:42:00,30.94,30.94,30.85,30.91,0,0,35309
6693,2020-10-09 10:43:00,30.91,30.91,30.86,30.86,0,0,12348
6694,2020-10-09 10:44:00,30.85,30.87,30.83,30.87,0,0,28834
6695,2020-10-09 10:45:00,30.87,30.89,30.87,30.88,0,0,15387
6696,2020-10-09 10:46:00,30.89,30.89,30.83,30.83,0,0,31574
6697,2020-10-09 10:47:00,30.83,30.83,30.75,30.77,0,0,34065
6698,2020-10-09 10:48:00,30.77,30.78,30.73,30.77,0,0,27742
6699,2020-10-09 10:49:00,30.77,30.83,30.77,30.82,0,0,57550
6700,2020-10-09 10:50:00,30.82,30.83,30.72,30.75,0,0,58157
6701,2020-10-09 10:51:00,30.75,30.81,30.75,30.8,0,0,21662
6702,2020-10-09 10:52:00,30.8,30.81,30.78,30.81,0,0,11882
6703,2020-10-09 10:53:00,30.81,30.83,30.81,30.83,0,0,27294
6704,2020-10-09 10:54:00,30.82,30.82,30.73,30.73,0,0,30644
6705,2020-10-09 10:55:00,30.73,30.73,30.7,30.73,0,0,29580
6706,2020-10-09 10:56:00,30.7,30.7,30.67,30.67,0,0,26200
6707,2020-10-09 10:57:00,30.68,30.68,30.65,30.66,0,0,20384
6708,2020-10-09 10:58:00,30.65,30.67,30.64,30.67,0,0,12280
6709,2020-10-09 10:59:00,30.67,30.69,30.67,30.68,0,0,13472
6710,2020-10-09 11:00:00,30.68,30.68,30.64,30.66,0,0,10548
6711,2020-10-09 11:01:00,30.66,30.67,30.63,30.67,0,0,7660
6712,2020-10-09 11:02:00,30.66,30.75,30.65,30.74,0,0,42355
6713,2020-10-09 11:03:00,30.74,30.76,30.74,30.75,0,0,20637
6714,2020-10-09 11:04:00,30.75,30.75,30.72,30.72,0,0,6831
6715,2020-10-09 11:05:00,30.72,30.72,30.7,30.7,0,0,11934
6716,2020-10-09 11:06:00,30.7,30.73,30.69,30.71,0,0,16036
6717,2020-10-09 11:07:00,30.71,30.72,30.69,30.69,0,0,16723
6718,2020-10-09 11:08:00,30.69,30.74,30.69,30.72,0,0,11092
6719,2020-10-09 11:09:00,30.72,30.73,30.7,30.73,0,0,7226
6720,2020-10-09 11:10:00,30.73,30.75,30.7,30.71,0,0,10356
6721,2020-10-09 11:11:00,30.71,30.72,30.69,30.69,0,0,11847
6722,2020-10-09 11:12:00,30.69,30.71,30.69,30.69,0,0,13753
6723,2020-10-09 11:13:00,30.7,30.7,30.69,30.69,0,0,13471
6724,2020-10-09 11:14:00,30.68,30.7,30.68,30.7,0,0,12964
6725,2020-10-09 11:15:00,30.69,30.7,30.64,30.69,0,0,44542
6726,2020-10-09 11:16:00,30.69,30.74,30.69,30.74,0,0,50218
6727,2020-10-09 11:17:00,30.74,30.75,30.73,30.75,0,0,23314
6728,2020-10-09 11:18:00,30.75,30.85,30.75,30.82,0,0,75663
6729,2020-10-09 11:19:00,30.82,30.87,30.79,30.85,0,0,99161
6730,2020-10-09 11:20:00,30.86,31.07,30.84,31.05,0,0,434904
6731,2020-10-09 11:21:00,31.06,31.33,31.04,31.32,0,0,312526
6732,2020-10-09 11:22:00,31.31,31.4,31.26,31.31,0,0,364130
6733,2020-10-09 11:23:00,31.3,31.47,31.28,31.44,0,0,204322
6734,2020-10-09 11:24:00,31.44,31.5,31.42,31.46,0,0,216626
6735,2020-10-09 11:25:00,31.45,31.52,31.45,31.48,0,0,197028
6736,2020-10-09 11:26:00,31.49,31.49,31.33,31.39,0,0,170129
6737,2020-10-09 11:27:00,31.38,31.43,31.35,31.39,0,0,93795
6738,2020-10-09 11:28:00,31.39,31.47,31.36,31.46,0,0,90394
6739,2020-10-09 11:29:00,31.46,31.54,31.45,31.53,0,0,80576
6740,2020-10-09 11:30:00,31.54,31.59,31.52,31.57,0,0,64756
6741,2020-10-09 11:31:00,31.56,31.58,31.53,31.53,0,0,74228
6742,2020-10-09 11:32:00,31.52,31.56,31.46,31.5,0,0,66402
6743,2020-10-09 11:33:00,31.5,31.55,31.49,31.54,0,0,60929
6744,2020-10-09 11:34:00,31.52,31.53,31.48,31.51,0,0,75144
6745,2020-10-09 11:35:00,31.52,31.54,31.49,31.5,0,0,57673
6746,2020-10-09 11:36:00,31.5,31.55,31.5,31.54,0,0,46937
6747,2020-10-09 11:37:00,31.54,31.66,31.54,31.64,0,0,142060
6748,2020-10-09 11:38:00,31.64,31.65,31.58,31.59,0,0,60449
6749,2020-10-09 11:39:00,31.59,31.62,31.57,31.61,0,0,103333
6750,2020-10-09 11:40:00,31.61,31.63,31.57,31.58,0,0,47963
6751,2020-10-09 11:41:00,31.57,31.57,31.51,31.55,0,0,59968
6752,2020-10-09 11:42:00,31.55,31.55,31.49,31.5,0,0,56023
6753,2020-10-09 11:43:00,31.49,31.53,31.45,31.5,0,0,85385
6754,2020-10-09 11:44:00,31.5,31.52,31.49,31.51,0,0,51484
6755,2020-10-09 11:45:00,31.51,31.52,31.5,31.5,0,0,35400
6756,2020-10-09 11:46:00,31.5,31.54,31.5,31.53,0,0,43408
6757,2020-10-09 11:47:00,31.54,31.55,31.48,31.48,0,0,37387
6758,2020-10-09 11:48:00,31.49,31.49,31.46,31.48,0,0,61952
6759,2020-10-09 11:49:00,31.47,31.54,31.47,31.51,0,0,46169
6760,2020-10-09 11:50:00,31.5,31.5,31.46,31.5,0,0,68144
6761,2020-10-09 11:51:00,31.5,31.5,31.44,31.5,0,0,137538
6762,2020-10-09 11:52:00,31.51,31.51,31.47,31.47,0,0,76654
6763,2020-10-09 11:53:00,31.48,31.48,31.4,31.42,0,0,105355
6764,2020-10-09 11:54:00,31.41,31.45,31.4,31.4,0,0,85553
6765,2020-10-09 11:55:00,31.41,31.41,31.38,31.39,0,0,67099
6766,2020-10-09 11:56:00,31.4,31.4,31.37,31.38,0,0,221221
6767,2020-10-09 11:57:00,31.37,31.38,31.34,31.38,0,0,85864
6768,2020-10-09 11:58:00,31.38,31.46,31.37,31.46,0,0,39518
6769,2020-10-09 11:59:00,31.45,31.49,31.45,31.48,0,0,59813
6770,2020-10-09 12:00:00,31.47,31.49,31.46,31.48,0,0,43189
6771,2020-10-09 12:01:00,31.48,31.5,31.47,31.49,0,0,33276
6772,2020-10-09 12:02:00,31.49,31.53,31.49,31.52,0,0,45618
6773,2020-10-09 12:03:00,31.51,31.52,31.49,31.51,0,0,55080
6774,2020-10-09 12:04:00,31.5,31.51,31.47,31.48,0,0,156174
6775,2020-10-09 12:05:00,31.47,31.5,31.46,31.48,0,0,55203
6776,2020-10-09 12:06:00,31.48,31.49,31.38,31.38,0,0,56548
6777,2020-10-09 12:07:00,31.39,31.39,31.29,31.32,0,0,79436
6778,2020-10-09 12:08:00,31.32,31.37,31.32,31.37,0,0,47213
6779,2020-10-09 12:09:00,31.37,31.4,31.37,31.39,0,0,28239
6780,2020-10-09 12:10:00,31.39,31.5,31.38,31.49,0,0,54793
6781,2020-10-09 12:11:00,31.5,31.5,31.47,31.5,0,0,31149
6782,2020-10-09 12:12:00,31.5,31.52,31.49,31.5,0,0,34878
6783,2020-10-09 12:13:00,31.5,31.5,31.45,31.45,0,0,35382
6784,2020-10-09 12:14:00,31.45,31.48,31.44,31.45,0,0,19636
6785,2020-10-09 12:15:00,31.45,31.48,31.43,31.43,0,0,40819
6786,2020-10-09 12:16:00,31.43,31.44,31.39,31.43,0,0,168777
6787,2020-10-09 12:17:00,31.43,31.43,31.36,31.36,0,0,45239
6788,2020-10-09 12:18:00,31.36,31.36,31.33,31.33,0,0,17756
6789,2020-10-09 12:19:00,31.33,31.33,31.27,31.29,0,0,53091
6790,2020-10-09 12:20:00,31.28,31.29,31.25,31.26,0,0,36341
6791,2020-10-09 12:21:00,31.26,31.28,31.24,31.26,0,0,65502
6792,2020-10-09 12:22:00,31.27,31.32,31.27,31.31,0,0,44234
6793,2020-10-09 12:23:00,31.31,31.32,31.25,31.29,0,0,46469
6794,2020-10-09 12:24:00,31.27,31.28,31.22,31.26,0,0,39473
6795,2020-10-09 12:25:00,31.26,31.27,31.26,31.26,0,0,8513
6796,2020-10-09 12:26:00,31.26,31.27,31.23,31.25,0,0,51129
6797,2020-10-09 12:27:00,31.25,31.26,31.18,31.23,0,0,38551
6798,2020-10-09 12:28:00,31.22,31.22,31.13,31.16,0,0,43005
6799,2020-10-09 12:29:00,31.15,31.18,31.15,31.17,0,0,29174
6800,2020-10-09 12:30:00,31.17,31.19,31.17,31.18,0,0,15880
6801,2020-10-09 12:31:00,31.19,31.22,31.15,31.16,0,0,59380
6802,2020-10-09 12:32:00,31.16,31.18,31.14,31.17,0,0,10508
6803,2020-10-09 12:33:00,31.18,31.19,31.17,31.19,0,0,12250
6804,2020-10-09 12:34:00,31.19,31.23,31.18,31.23,0,0,23064
6805,2020-10-09 12:35:00,31.22,31.23,31.21,31.22,0,0,15308
6806,2020-10-09 12:36:00,31.22,31.24,31.21,31.22,0,0,11935
6807,2020-10-09 12:37:00,31.23,31.25,31.22,31.24,0,0,19221
6808,2020-10-09 12:38:00,31.24,31.25,31.23,31.24,0,0,12580
6809,2020-10-09 12:39:00,31.25,31.25,31.23,31.23,0,0,16083
6810,2020-10-09 12:40:00,31.22,31.24,31.22,31.24,0,0,21045
6811,2020-10-09 12:41:00,31.24,31.25,31.23,31.24,0,0,29161
6812,2020-10-09 12:42:00,31.24,31.25,31.23,31.24,0,0,23221
6813,2020-10-09 12:43:00,31.24,31.26,31.24,31.25,0,0,20350
6814,2020-10-09 12:44:00,31.25,31.28,31.25,31.28,0,0,17514
6815,2020-10-09 12:45:00,31.28,31.3,31.27,31.29,0,0,33587
6816,2020-10-09 12:46:00,31.28,31.33,31.28,31.32,0,0,30339
6817,2020-10-09 12:47:00,31.33,31.35,31.32,31.34,0,0,50043
6818,2020-10-09 12:48:00,31.34,31.39,31.34,31.39,0,0,66590
6819,2020-10-09 12:49:00,31.39,31.4,31.38,31.38,0,0,31572
6820,2020-10-09 12:50:00,31.39,31.42,31.38,31.42,0,0,29890
6821,2020-10-09 12:51:00,31.42,31.46,31.42,31.44,0,0,48053
6822,2020-10-09 12:52:00,31.43,31.45,31.42,31.42,0,0,22269
6823,2020-10-09 12:53:00,31.43,31.44,31.42,31.44,0,0,18025
6824,2020-10-09 12:54:00,31.43,31.46,31.43,31.46,0,0,13165
6825,2020-10-09 12:55:00,31.46,31.47,31.41,31.41,0,0,43153
6826,2020-10-09 12:56:00,31.41,31.42,31.31,31.31,0,0,58845
6827,2020-10-09 12:57:00,31.32,31.32,31.24,31.25,0,0,49599
6828,2020-10-09 12:58:00,31.25,31.25,31.15,31.19,0,0,73116
6829,2020-10-09 12:59:00,31.19,31.24,31.18,31.22,0,0,35711
6830,2020-10-09 13:00:00,31.21,31.23,31.15,31.15,0,0,53302
6831,2020-10-09 13:01:00,31.16,31.16,31.07,31.12,0,0,69526
6832,2020-10-09 13:02:00,31.12,31.19,31.11,31.19,0,0,24729
6833,2020-10-09 13:03:00,31.18,31.2,31.17,31.18,0,0,18438
6834,2020-10-09 13:04:00,31.19,31.25,31.19,31.23,0,0,23635
6835,2020-10-09 13:05:00,31.24,31.26,31.22,31.25,0,0,17698
6836,2020-10-09 13:06:00,31.25,31.31,31.25,31.3,0,0,12133
6837,2020-10-09 13:07:00,31.3,31.31,31.26,31.26,0,0,22990
6838,2020-10-09 13:08:00,31.26,31.26,31.24,31.24,0,0,16240
6839,2020-10-09 13:09:00,31.25,31.25,31.19,31.23,0,0,41660
6840,2020-10-09 13:10:00,31.22,31.23,31.21,31.22,0,0,23536
6841,2020-10-09 13:11:00,31.21,31.23,31.2,31.2,0,0,27886
6842,2020-10-09 13:12:00,31.2,31.2,31.13,31.14,0,0,36610
6843,2020-10-09 13:13:00,31.15,31.16,31.14,31.14,0,0,19173
6844,2020-10-09 13:14:00,31.15,31.17,31.14,31.15,0,0,15435
6845,2020-10-09 13:15:00,31.15,31.17,31.14,31.14,0,0,31903
6846,2020-10-09 13:16:00,31.13,31.14,31.09,31.09,0,0,45096
6847,2020-10-09 13:17:00,31.09,31.13,31.09,31.13,0,0,29036
6848,2020-10-09 13:18:00,31.13,31.17,31.12,31.16,0,0,19118
6849,2020-10-09 13:19:00,31.16,31.16,31.14,31.14,0,0,16114
6850,2020-10-09 13:20:00,31.14,31.14,31.1,31.11,0,0,42384
6851,2020-10-09 13:21:00,31.12,31.13,31.1,31.11,0,0,13997
6852,2020-10-09 13:22:00,31.1,31.12,31.09,31.1,0,0,9030
6853,2020-10-09 13:23:00,31.09,31.1,31.07,31.08,0,0,25355
6854,2020-10-09 13:24:00,31.09,31.09,31.06,31.06,0,0,11240
6855,2020-10-09 13:25:00,31.07,31.1,31.06,31.09,0,0,19429
6856,2020-10-09 13:26:00,31.09,31.1,31.08,31.09,0,0,16290
6857,2020-10-09 13:27:00,31.1,31.14,31.09,31.13,0,0,15629
6858,2020-10-09 13:28:00,31.14,31.15,31.13,31.14,0,0,11685
6859,2020-10-09 13:29:00,31.15,31.15,31.12,31.12,0,0,14712
6860,2020-10-09 13:30:00,31.12,31.13,31.1,31.11,0,0,13146
6861,2020-10-09 13:31:00,31.12,31.12,31.08,31.08,0,0,17442
6862,2020-10-09 13:32:00,31.09,31.09,31.0,31.06,0,0,71947
6863,2020-10-09 13:33:00,31.05,31.07,31.04,31.06,0,0,23358
6864,2020-10-09 13:34:00,31.05,31.08,31.05,31.07,0,0,4623
6865,2020-10-09 13:35:00,31.08,31.09,31.07,31.09,0,0,14369
6866,2020-10-09 13:36:00,31.09,31.09,31.08,31.08,0,0,5923
6867,2020-10-09 13:37:00,31.08,31.09,31.07,31.08,0,0,20715
6868,2020-10-09 13:38:00,31.08,31.09,31.07,31.07,0,0,8285
6869,2020-10-09 13:39:00,31.07,31.08,31.06,31.06,0,0,7460
6870,2020-10-09 13:40:00,31.07,31.08,31.04,31.06,0,0,13442
6871,2020-10-09 13:41:00,31.05,31.05,31.04,31.04,0,0,8944
6872,2020-10-09 13:42:00,31.04,31.06,31.04,31.05,0,0,16934
6873,2020-10-09 13:43:00,31.05,31.06,31.03,31.06,0,0,7850
6874,2020-10-09 13:44:00,31.06,31.09,31.06,31.08,0,0,29752
6875,2020-10-09 13:45:00,31.09,31.1,31.07,31.08,0,0,15398
6876,2020-10-09 13:46:00,31.08,31.09,31.07,31.08,0,0,10291
6877,2020-10-09 13:47:00,31.09,31.14,31.08,31.14,0,0,26314
6878,2020-10-09 13:48:00,31.13,31.14,31.11,31.11,0,0,14682
6879,2020-10-09 13:49:00,31.11,31.12,31.09,31.1,0,0,20564
6880,2020-10-09 13:50:00,31.1,31.11,31.09,31.1,0,0,6617
6881,2020-10-09 13:51:00,31.11,31.11,31.1,31.1,0,0,5558
6882,2020-10-09 13:52:00,31.1,31.11,31.08,31.09,0,0,10179
6883,2020-10-09 13:53:00,31.09,31.1,31.09,31.09,0,0,9936
6884,2020-10-09 13:54:00,31.09,31.1,31.08,31.08,0,0,7000
6885,2020-10-09 13:55:00,31.09,31.09,31.08,31.09,0,0,12221
6886,2020-10-09 13:56:00,31.08,31.1,31.08,31.1,0,0,5580
6887,2020-10-09 13:57:00,31.09,31.1,31.08,31.08,0,0,12525
6888,2020-10-09 13:58:00,31.08,31.09,31.08,31.09,0,0,10330
6889,2020-10-09 13:59:00,31.09,31.11,31.08,31.1,0,0,35776
6890,2020-10-09 14:00:00,31.1,31.14,31.1,31.13,0,0,20744
6891,2020-10-09 14:01:00,31.14,31.14,31.13,31.14,0,0,12968
6892,2020-10-09 14:02:00,31.14,31.18,31.13,31.18,0,0,19881
6893,2020-10-09 14:03:00,31.18,31.18,31.16,31.16,0,0,10736
6894,2020-10-09 14:04:00,31.16,31.16,31.15,31.16,0,0,6693
6895,2020-10-09 14:05:00,31.16,31.17,31.15,31.16,0,0,22048
6896,2020-10-09 14:06:00,31.16,31.16,31.15,31.15,0,0,5471
6897,2020-10-09 14:07:00,31.16,31.16,31.14,31.16,0,0,17495
6898,2020-10-09 14:08:00,31.15,31.17,31.15,31.16,0,0,29735
6899,2020-10-09 14:09:00,31.16,31.16,31.14,31.14,0,0,11685
6900,2020-10-09 14:10:00,31.15,31.16,31.12,31.12,0,0,19199
6901,2020-10-09 14:11:00,31.13,31.13,31.1,31.1,0,0,12742
6902,2020-10-09 14:12:00,31.11,31.12,31.1,31.1,0,0,11390
6903,2020-10-09 14:13:00,31.1,31.11,31.1,31.11,0,0,4038
6904,2020-10-09 14:14:00,31.1,31.12,31.09,31.11,0,0,12803
6905,2020-10-09 14:15:00,31.11,31.12,31.09,31.11,0,0,12089
6906,2020-10-09 14:16:00,31.11,31.11,31.1,31.11,0,0,5978
6907,2020-10-09 14:17:00,31.1,31.12,31.1,31.11,0,0,46555
6908,2020-10-09 14:18:00,31.12,31.12,31.11,31.12,0,0,6789
6909,2020-10-09 14:19:00,31.12,31.14,31.12,31.13,0,0,8184
6910,2020-10-09 14:20:00,31.13,31.13,31.11,31.12,0,0,19092
6911,2020-10-09 14:21:00,31.12,31.12,31.11,31.11,0,0,7795
6912,2020-10-09 14:22:00,31.12,31.12,31.11,31.11,0,0,10229
6913,2020-10-09 14:23:00,31.11,31.11,31.08,31.09,0,0,17043
6914,2020-10-09 14:24:00,31.1,31.1,31.08,31.09,0,0,9763
6915,2020-10-09 14:25:00,31.08,31.09,31.07,31.08,0,0,13381
6916,2020-10-09 14:26:00,31.08,31.09,31.08,31.08,0,0,15621
6917,2020-10-09 14:27:00,31.08,31.12,31.08,31.1,0,0,26265
6918,2020-10-09 14:28:00,31.11,31.12,31.1,31.11,0,0,8795
6919,2020-10-09 14:29:00,31.1,31.1,31.08,31.1,0,0,20696
6920,2020-10-09 14:30:00,31.1,31.11,31.08,31.09,0,0,13089
6921,2020-10-09 14:31:00,31.08,31.11,31.08,31.1,0,0,6253
6922,2020-10-09 14:32:00,31.1,31.11,31.1,31.1,0,0,3103
6923,2020-10-09 14:33:00,31.1,31.11,31.1,31.1,0,0,6984
6924,2020-10-09 14:34:00,31.1,31.1,31.09,31.1,0,0,16832
6925,2020-10-09 14:35:00,31.1,31.1,31.08,31.08,0,0,17288
6926,2020-10-09 14:36:00,31.09,31.1,31.08,31.1,0,0,17871
6927,2020-10-09 14:37:00,31.09,31.11,31.09,31.11,0,0,15280
6928,2020-10-09 14:38:00,31.1,31.12,31.1,31.12,0,0,10232
6929,2020-10-09 14:39:00,31.11,31.12,31.08,31.1,0,0,41621
6930,2020-10-09 14:40:00,31.1,31.1,31.07,31.09,0,0,24559
6931,2020-10-09 14:41:00,31.09,31.09,31.08,31.09,0,0,4669
6932,2020-10-09 14:42:00,31.09,31.09,31.08,31.09,0,0,18247
6933,2020-10-09 14:43:00,31.08,31.09,31.08,31.09,0,0,6807
6934,2020-10-09 14:44:00,31.1,31.11,31.09,31.1,0,0,10902
6935,2020-10-09 14:45:00,31.1,31.11,31.09,31.11,0,0,13532
6936,2020-10-09 14:46:00,31.11,31.11,31.09,31.09,0,0,14019
6937,2020-10-09 14:47:00,31.09,31.12,31.09,31.12,0,0,11072
6938,2020-10-09 14:48:00,31.11,31.12,31.11,31.12,0,0,4621
6939,2020-10-09 14:49:00,31.11,31.12,31.09,31.09,0,0,15407
6940,2020-10-09 14:50:00,31.09,31.1,31.07,31.1,0,0,37445
6941,2020-10-09 14:51:00,31.1,31.12,31.1,31.11,0,0,9422
6942,2020-10-09 14:52:00,31.11,31.12,31.11,31.11,0,0,4001
6943,2020-10-09 14:53:00,31.11,31.14,31.1,31.13,0,0,59147
6944,2020-10-09 14:54:00,31.13,31.16,31.13,31.15,0,0,23753
6945,2020-10-09 14:55:00,31.15,31.15,31.14,31.15,0,0,4404
6946,2020-10-09 14:56:00,31.15,31.15,31.11,31.11,0,0,19781
6947,2020-10-09 14:57:00,31.11,31.15,31.1,31.13,0,0,20525
6948,2020-10-09 14:58:00,31.14,31.14,31.13,31.13,0,0,7010
6949,2020-10-09 14:59:00,31.12,31.13,31.11,31.12,0,0,11776
6950,2020-10-09 15:00:00,31.12,31.12,31.1,31.11,0,0,14879
6951,2020-10-09 15:01:00,31.1,31.1,31.04,31.05,0,0,25281
6952,2020-10-09 15:02:00,31.05,31.06,31.04,31.06,0,0,16665
6953,2020-10-09 15:03:00,31.06,31.06,31.04,31.04,0,0,9068
6954,2020-10-09 15:04:00,31.04,31.09,31.04,31.08,0,0,12552
6955,2020-10-09 15:05:00,31.08,31.1,31.08,31.1,0,0,14874
6956,2020-10-09 15:06:00,31.09,31.1,31.08,31.08,0,0,16792
6957,2020-10-09 15:07:00,31.08,31.1,31.07,31.07,0,0,13467
6958,2020-10-09 15:08:00,31.07,31.08,31.07,31.08,0,0,17629
6959,2020-10-09 15:09:00,31.08,31.09,31.07,31.07,0,0,16126
6960,2020-10-09 15:10:00,31.06,31.08,31.06,31.08,0,0,14347
6961,2020-10-09 15:11:00,31.07,31.09,31.07,31.08,0,0,5752
6962,2020-10-09 15:12:00,31.09,31.1,31.08,31.08,0,0,22194
6963,2020-10-09 15:13:00,31.08,31.1,31.08,31.1,0,0,14494
6964,2020-10-09 15:14:00,31.1,31.12,31.1,31.12,0,0,21467
6965,2020-10-09 15:15:00,31.12,31.14,31.12,31.12,0,0,20544
6966,2020-10-09 15:16:00,31.12,31.13,31.11,31.12,0,0,13656
6967,2020-10-09 15:17:00,31.12,31.14,31.11,31.13,0,0,12194
6968,2020-10-09 15:18:00,31.13,31.14,31.13,31.13,0,0,7001
6969,2020-10-09 15:19:00,31.13,31.13,31.1,31.12,0,0,26686
6970,2020-10-09 15:20:00,31.12,31.13,31.11,31.13,0,0,12498
6971,2020-10-09 15:21:00,31.13,31.14,31.12,31.13,0,0,15499
6972,2020-10-09 15:22:00,31.13,31.14,31.12,31.13,0,0,26142
6973,2020-10-09 15:23:00,31.14,31.14,31.13,31.14,0,0,7097
6974,2020-10-09 15:24:00,31.14,31.14,31.12,31.14,0,0,19252
6975,2020-10-09 15:25:00,31.14,31.14,31.13,31.14,0,0,6885
6976,2020-10-09 15:26:00,31.14,31.17,31.13,31.16,0,0,46867
6977,2020-10-09 15:27:00,31.17,31.17,31.15,31.15,0,0,16377
6978,2020-10-09 15:28:00,31.15,31.15,31.12,31.13,0,0,18728
6979,2020-10-09 15:29:00,31.13,31.17,31.13,31.17,0,0,49327
6980,2020-10-09 15:30:00,31.17,31.17,31.13,31.13,0,0,26071
6981,2020-10-09 15:31:00,31.12,31.13,31.09,31.09,0,0,24264
6982,2020-10-09 15:32:00,31.08,31.1,31.07,31.07,0,0,18424
6983,2020-10-09 15:33:00,31.07,31.07,31.06,31.07,0,0,17956
6984,2020-10-09 15:34:00,31.06,31.07,31.05,31.06,0,0,17616
6985,2020-10-09 15:35:00,31.05,31.06,31.01,31.03,0,0,43171
6986,2020-10-09 15:36:00,31.03,31.05,31.03,31.03,0,0,17120
6987,2020-10-09 15:37:00,31.03,31.03,31.01,31.01,0,0,15868
6988,2020-10-09 15:38:00,31.01,31.03,31.01,31.02,0,0,13051
6989,2020-10-09 15:39:00,31.02,31.03,30.98,31.0,0,0,61869
6990,2020-10-09 15:40:00,31.0,31.02,31.0,31.0,0,0,15787
6991,2020-10-09 15:41:00,31.0,31.02,31.0,31.0,0,0,29824
6992,2020-10-09 15:42:00,31.0,31.03,31.0,31.02,0,0,31167
6993,2020-10-09 15:43:00,31.02,31.04,31.02,31.04,0,0,86753
6994,2020-10-09 15:44:00,31.04,31.04,31.03,31.03,0,0,38551
6995,2020-10-09 15:45:00,31.03,31.04,31.01,31.01,0,0,34093
6996,2020-10-09 15:46:00,31.01,31.02,30.99,31.02,0,0,42209
6997,2020-10-09 15:47:00,31.02,31.04,31.01,31.01,0,0,53616
6998,2020-10-09 15:48:00,31.01,31.01,30.98,30.99,0,0,34025
6999,2020-10-09 15:49:00,30.99,31.01,30.98,30.99,0,0,32438
7000,2020-10-09 15:50:00,30.98,31.04,30.98,31.03,0,0,98772
7001,2020-10-09 15:51:00,31.02,31.03,31.01,31.02,0,0,39064
7002,2020-10-09 15:52:00,31.01,31.02,30.99,31.0,0,0,48557
7003,2020-10-09 15:53:00,30.99,31.01,30.98,31.0,0,0,45687
7004,2020-10-09 15:54:00,31.0,31.0,30.98,30.99,0,0,25184
7005,2020-10-09 15:55:00,30.99,30.99,30.92,30.93,0,0,129926
7006,2020-10-09 15:56:00,30.93,30.95,30.93,30.93,0,0,0
7007,2020-10-09 15:57:00,30.94,30.98,30.93,30.98,0,0,95056
7008,2020-10-09 15:58:00,30.98,31.03,30.98,31.03,0,0,128352
7009,2020-10-09 15:59:00,31.02,31.03,31.0,31.01,0,0,204341
7010,2020-10-13 09:30:00,32.05,32.15,32.0,32.05,0,0,283017
7011,2020-10-13 09:31:00,32.05,32.25,32.03,32.22,0,0,71457
7012,2020-10-13 09:32:00,32.22,32.39,32.18,32.37,0,0,105893
7013,2020-10-13 09:33:00,32.35,32.45,32.3,32.44,0,0,87094
7014,2020-10-13 09:34:00,32.42,32.44,32.25,32.29,0,0,51462
7015,2020-10-13 09:35:00,32.27,32.4,32.27,32.39,0,0,31574
7016,2020-10-13 09:36:00,32.38,32.45,32.35,32.39,0,0,40027
7017,2020-10-13 09:37:00,32.39,32.42,32.33,32.36,0,0,31420
7018,2020-10-13 09:38:00,32.36,32.36,32.18,32.28,0,0,78008
7019,2020-10-13 09:39:00,32.3,32.36,32.26,32.26,0,0,30835
7020,2020-10-13 09:40:00,32.27,32.35,32.26,32.31,0,0,27358
7021,2020-10-13 09:41:00,32.31,32.35,32.3,32.35,0,0,24970
7022,2020-10-13 09:42:00,32.35,32.4,32.33,32.39,0,0,98682
7023,2020-10-13 09:43:00,32.39,32.44,32.38,32.43,0,0,53498
7024,2020-10-13 09:44:00,32.42,32.47,32.4,32.42,0,0,151461
7025,2020-10-13 09:45:00,32.41,32.41,32.35,32.38,0,0,61989
7026,2020-10-13 09:46:00,32.38,32.44,32.38,32.42,0,0,42571
7027,2020-10-13 09:47:00,32.41,32.41,32.34,32.36,0,0,22092
7028,2020-10-13 09:48:00,32.35,32.37,32.31,32.32,0,0,34926
7029,2020-10-13 09:49:00,32.33,32.33,32.26,32.27,0,0,81244
7030,2020-10-13 09:50:00,32.26,32.28,32.24,32.24,0,0,36245
7031,2020-10-13 09:51:00,32.24,32.26,32.18,32.24,0,0,55306
7032,2020-10-13 09:52:00,32.25,32.26,32.19,32.21,0,0,32383
7033,2020-10-13 09:53:00,32.21,32.24,32.18,32.19,0,0,46071
7034,2020-10-13 09:54:00,32.19,32.2,32.12,32.19,0,0,69831
7035,2020-10-13 09:55:00,32.19,32.23,32.19,32.21,0,0,45215
7036,2020-10-13 09:56:00,32.2,32.21,32.11,32.2,0,0,155333
7037,2020-10-13 09:57:00,32.19,32.24,32.17,32.23,0,0,71770
7038,2020-10-13 09:58:00,32.23,32.26,32.21,32.21,0,0,40084
7039,2020-10-13 09:59:00,32.21,32.24,32.2,32.24,0,0,37225
7040,2020-10-13 10:00:00,32.24,32.32,32.23,32.31,0,0,91510
7041,2020-10-13 10:01:00,32.32,32.37,32.28,32.33,0,0,162246
7042,2020-10-13 10:02:00,32.33,32.39,32.32,32.37,0,0,43803
7043,2020-10-13 10:03:00,32.38,32.38,32.24,32.26,0,0,36521
7044,2020-10-13 10:04:00,32.25,32.3,32.2,32.2,0,0,66835
7045,2020-10-13 10:05:00,32.2,32.24,32.19,32.24,0,0,44911
7046,2020-10-13 10:06:00,32.24,32.27,32.02,32.03,0,0,93502
7047,2020-10-13 10:07:00,32.02,32.13,31.98,32.08,0,0,141141
7048,2020-10-13 10:08:00,32.1,32.16,32.08,32.14,0,0,43261
7049,2020-10-13 10:09:00,32.15,32.2,32.14,32.16,0,0,17456
7050,2020-10-13 10:10:00,32.16,32.21,32.16,32.19,0,0,27676
7051,2020-10-13 10:11:00,32.2,32.2,32.1,32.11,0,0,31525
7052,2020-10-13 10:12:00,32.11,32.15,32.07,32.09,0,0,28110
7053,2020-10-13 10:13:00,32.09,32.11,32.05,32.06,0,0,20930
7054,2020-10-13 10:14:00,32.06,32.07,32.03,32.06,0,0,15878
7055,2020-10-13 10:15:00,32.06,32.07,32.02,32.06,0,0,33186
7056,2020-10-13 10:16:00,32.06,32.13,32.06,32.11,0,0,20892
7057,2020-10-13 10:17:00,32.1,32.13,32.09,32.13,0,0,16976
7058,2020-10-13 10:18:00,32.13,32.15,32.1,32.12,0,0,20237
7059,2020-10-13 10:19:00,32.12,32.2,32.12,32.17,0,0,29183
7060,2020-10-13 10:20:00,32.18,32.2,32.16,32.2,0,0,27603
7061,2020-10-13 10:21:00,32.2,32.2,32.13,32.14,0,0,30196
7062,2020-10-13 10:22:00,32.15,32.2,32.13,32.19,0,0,23612
7063,2020-10-13 10:23:00,32.19,32.2,32.17,32.17,0,0,16428
7064,2020-10-13 10:24:00,32.16,32.17,32.14,32.17,0,0,12028
7065,2020-10-13 10:25:00,32.17,32.17,32.14,32.17,0,0,16566
7066,2020-10-13 10:26:00,32.17,32.17,32.15,32.17,0,0,24557
7067,2020-10-13 10:27:00,32.16,32.17,32.13,32.15,0,0,12419
7068,2020-10-13 10:28:00,32.14,32.15,32.09,32.1,0,0,17980
7069,2020-10-13 10:29:00,32.09,32.12,32.09,32.1,0,0,11802
7070,2020-10-13 10:30:00,32.12,32.13,32.08,32.1,0,0,17340
7071,2020-10-13 10:31:00,32.11,32.14,32.09,32.12,0,0,22639
7072,2020-10-13 10:32:00,32.14,32.18,32.12,32.12,0,0,17730
7073,2020-10-13 10:33:00,32.14,32.14,32.04,32.04,0,0,16284
7074,2020-10-13 10:34:00,32.06,32.08,32.03,32.03,0,0,8715
7075,2020-10-13 10:35:00,32.03,32.1,32.03,32.1,0,0,12243
7076,2020-10-13 10:36:00,32.11,32.14,32.09,32.09,0,0,10874
7077,2020-10-13 10:37:00,32.08,32.08,32.03,32.06,0,0,17769
7078,2020-10-13 10:38:00,32.08,32.12,32.08,32.12,0,0,12531
7079,2020-10-13 10:39:00,32.11,32.13,32.08,32.1,0,0,14888
7080,2020-10-13 10:40:00,32.1,32.13,32.07,32.07,0,0,11992
7081,2020-10-13 10:41:00,32.07,32.08,32.03,32.06,0,0,19731
7082,2020-10-13 10:42:00,32.08,32.11,32.06,32.08,0,0,14850
7083,2020-10-13 10:43:00,32.07,32.1,32.06,32.09,0,0,11208
7084,2020-10-13 10:44:00,32.08,32.08,32.06,32.07,0,0,27665
7085,2020-10-13 10:45:00,32.07,32.08,32.0,32.01,0,0,55105
7086,2020-10-13 10:46:00,32.01,32.05,32.0,32.01,0,0,23810
7087,2020-10-13 10:47:00,32.01,32.04,32.01,32.03,0,0,13727
7088,2020-10-13 10:48:00,32.03,32.04,32.02,32.03,0,0,7809
7089,2020-10-13 10:49:00,32.04,32.04,31.95,31.96,0,0,29448
7090,2020-10-13 10:50:00,31.95,31.96,31.9,31.92,0,0,31107
7091,2020-10-13 10:51:00,31.92,31.95,31.92,31.93,0,0,24304
7092,2020-10-13 10:52:00,31.93,31.99,31.92,31.93,0,0,36618
7093,2020-10-13 10:53:00,31.93,31.94,31.91,31.92,0,0,15694
7094,2020-10-13 10:54:00,31.92,31.95,31.87,31.94,0,0,55058
7095,2020-10-13 10:55:00,31.94,31.97,31.93,31.97,0,0,15370
7096,2020-10-13 10:56:00,31.97,32.01,31.96,31.99,0,0,27732
7097,2020-10-13 10:57:00,32.0,32.01,32.0,32.01,0,0,20037
7098,2020-10-13 10:58:00,32.01,32.02,31.95,31.96,0,0,26714
7099,2020-10-13 10:59:00,31.97,31.97,31.91,31.95,0,0,19132
7100,2020-10-13 11:00:00,31.95,31.97,31.93,31.93,0,0,10067
7101,2020-10-13 11:01:00,31.93,31.93,31.9,31.91,0,0,12035
7102,2020-10-13 11:02:00,31.91,31.96,31.9,31.95,0,0,16514
7103,2020-10-13 11:03:00,31.95,31.95,31.92,31.92,0,0,7085
7104,2020-10-13 11:04:00,31.92,31.97,31.92,31.97,0,0,10066
7105,2020-10-13 11:05:00,31.97,31.99,31.96,31.96,0,0,13712
7106,2020-10-13 11:06:00,31.97,31.97,31.95,31.97,0,0,8142
7107,2020-10-13 11:07:00,31.96,31.97,31.93,31.96,0,0,14492
7108,2020-10-13 11:08:00,31.97,32.01,31.97,32.0,0,0,20609
7109,2020-10-13 11:09:00,32.01,32.01,32.01,32.01,0,0,7506
7110,2020-10-13 11:10:00,32.01,32.04,32.0,32.0,0,0,28483
7111,2020-10-13 11:11:00,32.0,32.0,31.98,32.0,0,0,16420
7112,2020-10-13 11:12:00,32.0,32.04,31.99,32.04,0,0,23886
7113,2020-10-13 11:13:00,32.04,32.09,32.04,32.08,0,0,14224
7114,2020-10-13 11:14:00,32.09,32.09,32.08,32.09,0,0,11652
7115,2020-10-13 11:15:00,32.09,32.15,32.09,32.15,0,0,51106
7116,2020-10-13 11:16:00,32.15,32.18,32.15,32.16,0,0,19118
7117,2020-10-13 11:17:00,32.16,32.16,32.13,32.16,0,0,17748
7118,2020-10-13 11:18:00,32.15,32.15,32.12,32.13,0,0,18359
7119,2020-10-13 11:19:00,32.14,32.22,32.14,32.2,0,0,39724
7120,2020-10-13 11:20:00,32.21,32.22,32.16,32.18,0,0,65157
7121,2020-10-13 11:21:00,32.19,32.25,32.19,32.23,0,0,29610
7122,2020-10-13 11:22:00,32.22,32.24,32.22,32.24,0,0,5049
7123,2020-10-13 11:23:00,32.24,32.26,32.22,32.25,0,0,18558
7124,2020-10-13 11:24:00,32.26,32.28,32.26,32.28,0,0,11523
7125,2020-10-13 11:25:00,32.28,32.28,32.24,32.25,0,0,17969
7126,2020-10-13 11:26:00,32.25,32.27,32.24,32.26,0,0,12309
7127,2020-10-13 11:27:00,32.26,32.28,32.26,32.28,0,0,17375
7128,2020-10-13 11:28:00,32.27,32.28,32.26,32.28,0,0,8188
7129,2020-10-13 11:29:00,32.27,32.28,32.27,32.27,0,0,14805
7130,2020-10-13 11:30:00,32.28,32.28,32.25,32.27,0,0,19021
7131,2020-10-13 11:31:00,32.28,32.31,32.27,32.29,0,0,34573
7132,2020-10-13 11:32:00,32.3,32.32,32.28,32.31,0,0,31663
7133,2020-10-13 11:33:00,32.31,32.32,32.29,32.31,0,0,20051
7134,2020-10-13 11:34:00,32.31,32.33,32.31,32.31,0,0,96111
7135,2020-10-13 11:35:00,32.32,32.33,32.31,32.31,0,0,9940
7136,2020-10-13 11:36:00,32.32,32.32,32.29,32.29,0,0,11461
7137,2020-10-13 11:37:00,32.29,32.34,32.28,32.33,0,0,23348
7138,2020-10-13 11:38:00,32.33,32.33,32.28,32.28,0,0,36222
7139,2020-10-13 11:39:00,32.29,32.33,32.29,32.33,0,0,19675
7140,2020-10-13 11:40:00,32.33,32.35,32.31,32.32,0,0,16664
7141,2020-10-13 11:41:00,32.32,32.32,32.27,32.3,0,0,23968
7142,2020-10-13 11:42:00,32.29,32.3,32.27,32.28,0,0,13631
7143,2020-10-13 11:43:00,32.28,32.31,32.28,32.31,0,0,17304
7144,2020-10-13 11:44:00,32.3,32.33,32.29,32.33,0,0,11792
7145,2020-10-13 11:45:00,32.33,32.33,32.27,32.28,0,0,31076
7146,2020-10-13 11:46:00,32.28,32.3,32.28,32.29,0,0,9422
7147,2020-10-13 11:47:00,32.29,32.29,32.26,32.27,0,0,31037
7148,2020-10-13 11:48:00,32.26,32.31,32.25,32.29,0,0,49219
7149,2020-10-13 11:49:00,32.3,32.3,32.26,32.28,0,0,15011
7150,2020-10-13 11:50:00,32.28,32.34,32.28,32.32,0,0,67430
7151,2020-10-13 11:51:00,32.33,32.38,32.32,32.38,0,0,18002
7152,2020-10-13 11:52:00,32.38,32.38,32.33,32.33,0,0,9604
7153,2020-10-13 11:53:00,32.32,32.35,32.32,32.34,0,0,9160
7154,2020-10-13 11:54:00,32.33,32.35,32.32,32.35,0,0,16457
7155,2020-10-13 11:55:00,32.34,32.36,32.34,32.36,0,0,24256
7156,2020-10-13 11:56:00,32.35,32.38,32.35,32.36,0,0,17864
7157,2020-10-13 11:57:00,32.35,32.38,32.35,32.38,0,0,18794
7158,2020-10-13 11:58:00,32.38,32.43,32.38,32.41,0,0,41645
7159,2020-10-13 11:59:00,32.42,32.44,32.41,32.44,0,0,58882
7160,2020-10-13 12:00:00,32.44,32.45,32.43,32.44,0,0,50130
7161,2020-10-13 12:01:00,32.44,32.44,32.42,32.44,0,0,22511
7162,2020-10-13 12:02:00,32.45,32.45,32.42,32.42,0,0,19935
7163,2020-10-13 12:03:00,32.43,32.45,32.42,32.44,0,0,21020
7164,2020-10-13 12:04:00,32.44,32.46,32.43,32.44,0,0,15741
7165,2020-10-13 12:05:00,32.44,32.45,32.38,32.45,0,0,42004
7166,2020-10-13 12:06:00,32.46,32.46,32.44,32.45,0,0,4481
7167,2020-10-13 12:07:00,32.45,32.47,32.43,32.44,0,0,13822
7168,2020-10-13 12:08:00,32.43,32.47,32.43,32.47,0,0,7616
7169,2020-10-13 12:09:00,32.46,32.47,32.45,32.45,0,0,8807
7170,2020-10-13 12:10:00,32.46,32.46,32.34,32.34,0,0,20254
7171,2020-10-13 12:11:00,32.33,32.33,32.26,32.26,0,0,32428
7172,2020-10-13 12:12:00,32.26,32.31,32.26,32.29,0,0,69260
7173,2020-10-13 12:13:00,32.29,32.34,32.29,32.31,0,0,13911
7174,2020-10-13 12:14:00,32.32,32.33,32.31,32.31,0,0,11040
7175,2020-10-13 12:15:00,32.31,32.31,32.24,32.26,0,0,27740
7176,2020-10-13 12:16:00,32.26,32.27,32.24,32.26,0,0,26987
7177,2020-10-13 12:17:00,32.26,32.26,32.24,32.25,0,0,13488
7178,2020-10-13 12:18:00,32.25,32.25,32.23,32.24,0,0,10737
7179,2020-10-13 12:19:00,32.24,32.24,32.19,32.19,0,0,17663
7180,2020-10-13 12:20:00,32.18,32.18,32.15,32.18,0,0,27341
7181,2020-10-13 12:21:00,32.19,32.19,32.14,32.15,0,0,21954
7182,2020-10-13 12:22:00,32.14,32.19,32.13,32.19,0,0,13566
7183,2020-10-13 12:23:00,32.21,32.22,32.18,32.2,0,0,45005
7184,2020-10-13 12:24:00,32.21,32.21,32.13,32.19,0,0,30803
7185,2020-10-13 12:25:00,32.19,32.21,32.19,32.19,0,0,10422
7186,2020-10-13 12:26:00,32.19,32.2,32.16,32.2,0,0,10242
7187,2020-10-13 12:27:00,32.19,32.22,32.19,32.2,0,0,31727
7188,2020-10-13 12:28:00,32.2,32.26,32.19,32.24,0,0,25253
7189,2020-10-13 12:29:00,32.24,32.27,32.24,32.26,0,0,23154
7190,2020-10-13 12:30:00,32.26,32.26,32.23,32.24,0,0,17088
7191,2020-10-13 12:31:00,32.24,32.24,32.23,32.24,0,0,7458
7192,2020-10-13 12:32:00,32.24,32.28,32.24,32.26,0,0,22005
7193,2020-10-13 12:33:00,32.26,32.27,32.26,32.26,0,0,9160
7194,2020-10-13 12:34:00,32.26,32.26,32.22,32.23,0,0,11989
7195,2020-10-13 12:35:00,32.23,32.26,32.22,32.24,0,0,9408
7196,2020-10-13 12:36:00,32.24,32.25,32.19,32.21,0,0,30103
7197,2020-10-13 12:37:00,32.2,32.23,32.19,32.19,0,0,10275
7198,2020-10-13 12:38:00,32.19,32.2,32.16,32.17,0,0,13849
7199,2020-10-13 12:39:00,32.17,32.19,32.17,32.17,0,0,14312
7200,2020-10-13 12:40:00,32.18,32.2,32.17,32.19,0,0,9357
7201,2020-10-13 12:41:00,32.2,32.21,32.18,32.19,0,0,14405
7202,2020-10-13 12:42:00,32.2,32.2,32.18,32.19,0,0,11337
7203,2020-10-13 12:43:00,32.19,32.23,32.19,32.23,0,0,13631
7204,2020-10-13 12:44:00,32.23,32.23,32.22,32.23,0,0,7169
7205,2020-10-13 12:45:00,32.24,32.24,32.21,32.22,0,0,22228
7206,2020-10-13 12:46:00,32.24,32.24,32.2,32.22,0,0,8702
7207,2020-10-13 12:47:00,32.22,32.23,32.18,32.19,0,0,15188
7208,2020-10-13 12:48:00,32.18,32.22,32.18,32.22,0,0,7076
7209,2020-10-13 12:49:00,32.23,32.24,32.22,32.23,0,0,20890
7210,2020-10-13 12:50:00,32.23,32.26,32.22,32.26,0,0,20647
7211,2020-10-13 12:51:00,32.25,32.31,32.25,32.29,0,0,19231
7212,2020-10-13 12:52:00,32.29,32.31,32.27,32.27,0,0,14414
7213,2020-10-13 12:53:00,32.28,32.31,32.28,32.29,0,0,7952
7214,2020-10-13 12:54:00,32.28,32.29,32.27,32.29,0,0,32055
7215,2020-10-13 12:55:00,32.28,32.31,32.28,32.29,0,0,7683
7216,2020-10-13 12:56:00,32.29,32.29,32.28,32.28,0,0,8718
7217,2020-10-13 12:57:00,32.28,32.32,32.28,32.29,0,0,16798
7218,2020-10-13 12:58:00,32.29,32.3,32.28,32.29,0,0,10266
7219,2020-10-13 12:59:00,32.28,32.29,32.26,32.27,0,0,9948
7220,2020-10-13 13:00:00,32.28,32.28,32.24,32.25,0,0,8751
7221,2020-10-13 13:01:00,32.25,32.28,32.24,32.28,0,0,7779
7222,2020-10-13 13:02:00,32.28,32.28,32.27,32.28,0,0,6942
7223,2020-10-13 13:03:00,32.27,32.31,32.26,32.3,0,0,12968
7224,2020-10-13 13:04:00,32.31,32.31,32.29,32.3,0,0,5790
7225,2020-10-13 13:05:00,32.3,32.3,32.28,32.29,0,0,8942
7226,2020-10-13 13:06:00,32.29,32.29,32.27,32.27,0,0,8394
7227,2020-10-13 13:07:00,32.28,32.28,32.2,32.22,0,0,67867
7228,2020-10-13 13:08:00,32.21,32.24,32.21,32.24,0,0,13990
7229,2020-10-13 13:09:00,32.24,32.24,32.21,32.21,0,0,15080
7230,2020-10-13 13:10:00,32.21,32.25,32.21,32.25,0,0,9683
7231,2020-10-13 13:11:00,32.24,32.28,32.24,32.28,0,0,22321
7232,2020-10-13 13:12:00,32.28,32.32,32.27,32.32,0,0,8875
7233,2020-10-13 13:13:00,32.31,32.33,32.31,32.33,0,0,15689
7234,2020-10-13 13:14:00,32.33,32.34,32.31,32.33,0,0,8421
7235,2020-10-13 13:15:00,32.33,32.37,32.32,32.35,0,0,13063
7236,2020-10-13 13:16:00,32.35,32.39,32.34,32.38,0,0,6149
7237,2020-10-13 13:17:00,32.38,32.38,32.36,32.38,0,0,11193
7238,2020-10-13 13:18:00,32.37,32.4,32.37,32.39,0,0,16279
7239,2020-10-13 13:19:00,32.39,32.4,32.38,32.39,0,0,17090
7240,2020-10-13 13:20:00,32.39,32.4,32.38,32.39,0,0,8736
7241,2020-10-13 13:21:00,32.39,32.4,32.38,32.38,0,0,10123
7242,2020-10-13 13:22:00,32.38,32.38,32.37,32.37,0,0,6014
7243,2020-10-13 13:23:00,32.37,32.38,32.31,32.37,0,0,34938
7244,2020-10-13 13:24:00,32.37,32.41,32.37,32.4,0,0,40326
7245,2020-10-13 13:25:00,32.4,32.41,32.38,32.39,0,0,13360
7246,2020-10-13 13:26:00,32.39,32.42,32.39,32.4,0,0,21609
7247,2020-10-13 13:27:00,32.4,32.41,32.37,32.37,0,0,14851
7248,2020-10-13 13:28:00,32.38,32.41,32.37,32.4,0,0,28413
7249,2020-10-13 13:29:00,32.4,32.42,32.4,32.42,0,0,6750
7250,2020-10-13 13:30:00,32.41,32.42,32.4,32.42,0,0,67922
7251,2020-10-13 13:31:00,32.42,32.42,32.4,32.4,0,0,12667
7252,2020-10-13 13:32:00,32.4,32.42,32.38,32.42,0,0,15988
7253,2020-10-13 13:33:00,32.41,32.42,32.4,32.42,0,0,4673
7254,2020-10-13 13:34:00,32.41,32.42,32.4,32.4,0,0,14665
7255,2020-10-13 13:35:00,32.41,32.43,32.4,32.42,0,0,14134
7256,2020-10-13 13:36:00,32.42,32.44,32.42,32.43,0,0,14264
7257,2020-10-13 13:37:00,32.43,32.45,32.42,32.45,0,0,16053
7258,2020-10-13 13:38:00,32.45,32.48,32.45,32.47,0,0,30238
7259,2020-10-13 13:39:00,32.47,32.47,32.46,32.46,0,0,15074
7260,2020-10-13 13:40:00,32.47,32.49,32.47,32.48,0,0,5512
7261,2020-10-13 13:41:00,32.49,32.51,32.47,32.49,0,0,133672
7262,2020-10-13 13:42:00,32.49,32.49,32.47,32.48,0,0,7056
7263,2020-10-13 13:43:00,32.49,32.49,32.46,32.47,0,0,13168
7264,2020-10-13 13:44:00,32.47,32.47,32.39,32.4,0,0,38613
7265,2020-10-13 13:45:00,32.4,32.4,32.37,32.38,0,0,23507
7266,2020-10-13 13:46:00,32.37,32.37,32.3,32.32,0,0,41661
7267,2020-10-13 13:47:00,32.32,32.37,32.32,32.35,0,0,11363
7268,2020-10-13 13:48:00,32.36,32.38,32.35,32.38,0,0,13844
7269,2020-10-13 13:49:00,32.37,32.4,32.37,32.38,0,0,13895
7270,2020-10-13 13:50:00,32.38,32.4,32.38,32.39,0,0,6046
7271,2020-10-13 13:51:00,32.38,32.43,32.38,32.41,0,0,14195
7272,2020-10-13 13:52:00,32.41,32.41,32.39,32.39,0,0,17138
7273,2020-10-13 13:53:00,32.38,32.4,32.37,32.38,0,0,13205
7274,2020-10-13 13:54:00,32.38,32.4,32.37,32.37,0,0,14674
7275,2020-10-13 13:55:00,32.38,32.39,32.37,32.37,0,0,3789
7276,2020-10-13 13:56:00,32.38,32.38,32.32,32.32,0,0,25710
7277,2020-10-13 13:57:00,32.33,32.33,32.23,32.23,0,0,26651
7278,2020-10-13 13:58:00,32.24,32.26,32.23,32.26,0,0,14638
7279,2020-10-13 13:59:00,32.24,32.27,32.24,32.25,0,0,9690
7280,2020-10-13 14:00:00,32.25,32.26,32.22,32.24,0,0,12622
7281,2020-10-13 14:01:00,32.22,32.24,32.21,32.21,0,0,12622
7282,2020-10-13 14:02:00,32.21,32.24,32.2,32.21,0,0,109249
7283,2020-10-13 14:03:00,32.23,32.24,32.2,32.24,0,0,21073
7284,2020-10-13 14:04:00,32.25,32.28,32.24,32.28,0,0,20077
7285,2020-10-13 14:05:00,32.28,32.28,32.25,32.28,0,0,14227
7286,2020-10-13 14:06:00,32.27,32.27,32.25,32.26,0,0,10282
7287,2020-10-13 14:07:00,32.25,32.25,32.23,32.23,0,0,12871
7288,2020-10-13 14:08:00,32.23,32.24,32.15,32.19,0,0,51239
7289,2020-10-13 14:09:00,32.19,32.2,32.18,32.19,0,0,5537
7290,2020-10-13 14:10:00,32.19,32.21,32.18,32.21,0,0,10864
7291,2020-10-13 14:11:00,32.21,32.22,32.19,32.21,0,0,13412
7292,2020-10-13 14:12:00,32.22,32.24,32.21,32.22,0,0,14656
7293,2020-10-13 14:13:00,32.22,32.22,32.19,32.21,0,0,6495
7294,2020-10-13 14:14:00,32.2,32.22,32.2,32.22,0,0,13541
7295,2020-10-13 14:15:00,32.21,32.22,32.18,32.19,0,0,11206
7296,2020-10-13 14:16:00,32.18,32.22,32.15,32.22,0,0,17831
7297,2020-10-13 14:17:00,32.22,32.26,32.2,32.26,0,0,15867
7298,2020-10-13 14:18:00,32.26,32.28,32.26,32.27,0,0,3277
7299,2020-10-13 14:19:00,32.28,32.32,32.27,32.29,0,0,35833
7300,2020-10-13 14:20:00,32.29,32.32,32.28,32.28,0,0,27458
7301,2020-10-13 14:21:00,32.28,32.29,32.26,32.26,0,0,7406
7302,2020-10-13 14:22:00,32.26,32.26,32.24,32.26,0,0,14448
7303,2020-10-13 14:23:00,32.25,32.27,32.25,32.26,0,0,10729
7304,2020-10-13 14:24:00,32.26,32.31,32.26,32.29,0,0,15724
7305,2020-10-13 14:25:00,32.3,32.32,32.3,32.32,0,0,10242
7306,2020-10-13 14:26:00,32.31,32.32,32.31,32.32,0,0,5949
7307,2020-10-13 14:27:00,32.32,32.32,32.3,32.3,0,0,8342
7308,2020-10-13 14:28:00,32.29,32.3,32.23,32.23,0,0,14212
7309,2020-10-13 14:29:00,32.23,32.25,32.23,32.24,0,0,21347
7310,2020-10-13 14:30:00,32.24,32.24,32.15,32.15,0,0,33438
7311,2020-10-13 14:31:00,32.15,32.21,32.15,32.21,0,0,14298
7312,2020-10-13 14:32:00,32.2,32.23,32.19,32.22,0,0,10543
7313,2020-10-13 14:33:00,32.23,32.29,32.22,32.29,0,0,23416
7314,2020-10-13 14:34:00,32.3,32.31,32.28,32.29,0,0,21689
7315,2020-10-13 14:35:00,32.28,32.29,32.25,32.26,0,0,10004
7316,2020-10-13 14:36:00,32.27,32.27,32.23,32.26,0,0,9680
7317,2020-10-13 14:37:00,32.26,32.29,32.26,32.26,0,0,10667
7318,2020-10-13 14:38:00,32.27,32.31,32.27,32.3,0,0,8977
7319,2020-10-13 14:39:00,32.29,32.29,32.28,32.29,0,0,6322
7320,2020-10-13 14:40:00,32.29,32.29,32.27,32.27,0,0,5610
7321,2020-10-13 14:41:00,32.28,32.28,32.23,32.26,0,0,12289
7322,2020-10-13 14:42:00,32.26,32.31,32.26,32.3,0,0,10913
7323,2020-10-13 14:43:00,32.31,32.31,32.28,32.31,0,0,11261
7324,2020-10-13 14:44:00,32.3,32.32,32.29,32.3,0,0,8737
7325,2020-10-13 14:45:00,32.3,32.32,32.26,32.27,0,0,14989
7326,2020-10-13 14:46:00,32.25,32.27,32.24,32.26,0,0,7329
7327,2020-10-13 14:47:00,32.26,32.26,32.25,32.26,0,0,5253
7328,2020-10-13 14:48:00,32.26,32.28,32.25,32.28,0,0,10353
7329,2020-10-13 14:49:00,32.28,32.29,32.28,32.28,0,0,6368
7330,2020-10-13 14:50:00,32.29,32.31,32.28,32.29,0,0,8028
7331,2020-10-13 14:51:00,32.29,32.31,32.28,32.28,0,0,8198
7332,2020-10-13 14:52:00,32.28,32.31,32.28,32.28,0,0,14541
7333,2020-10-13 14:53:00,32.28,32.29,32.28,32.29,0,0,6255
7334,2020-10-13 14:54:00,32.29,32.29,32.27,32.27,0,0,4969
7335,2020-10-13 14:55:00,32.28,32.31,32.27,32.31,0,0,13893
7336,2020-10-13 14:56:00,32.31,32.33,32.31,32.31,0,0,11119
7337,2020-10-13 14:57:00,32.31,32.32,32.31,32.32,0,0,7680
7338,2020-10-13 14:58:00,32.31,32.32,32.31,32.32,0,0,5253
7339,2020-10-13 14:59:00,32.31,32.33,32.31,32.31,0,0,8107
7340,2020-10-13 15:00:00,32.31,32.33,32.3,32.33,0,0,13976
7341,2020-10-13 15:01:00,32.33,32.35,32.33,32.33,0,0,13097
7342,2020-10-13 15:02:00,32.34,32.35,32.32,32.33,0,0,26746
7343,2020-10-13 15:03:00,32.33,32.34,32.32,32.34,0,0,10036
7344,2020-10-13 15:04:00,32.35,32.39,32.34,32.38,0,0,9330
7345,2020-10-13 15:05:00,32.38,32.39,32.37,32.37,0,0,25027
7346,2020-10-13 15:06:00,32.38,32.38,32.34,32.35,0,0,74882
7347,2020-10-13 15:07:00,32.35,32.35,32.31,32.31,0,0,40324
7348,2020-10-13 15:08:00,32.31,32.33,32.29,32.33,0,0,28167
7349,2020-10-13 15:09:00,32.32,32.35,32.29,32.3,0,0,20067
7350,2020-10-13 15:10:00,32.3,32.32,32.3,32.31,0,0,23420
7351,2020-10-13 15:11:00,32.3,32.33,32.29,32.33,0,0,40123
7352,2020-10-13 15:12:00,32.34,32.4,32.34,32.39,0,0,11879
7353,2020-10-13 15:13:00,32.39,32.4,32.37,32.37,0,0,15743
7354,2020-10-13 15:14:00,32.36,32.37,32.35,32.36,0,0,10636
7355,2020-10-13 15:15:00,32.35,32.37,32.35,32.36,0,0,10866
7356,2020-10-13 15:16:00,32.36,32.37,32.36,32.37,0,0,7935
7357,2020-10-13 15:17:00,32.37,32.38,32.37,32.38,0,0,9368
7358,2020-10-13 15:18:00,32.37,32.4,32.37,32.39,0,0,19637
7359,2020-10-13 15:19:00,32.4,32.4,32.38,32.38,0,0,22512
7360,2020-10-13 15:20:00,32.38,32.39,32.37,32.38,0,0,23062
7361,2020-10-13 15:21:00,32.39,32.41,32.38,32.41,0,0,13569
7362,2020-10-13 15:22:00,32.4,32.43,32.4,32.42,0,0,16763
7363,2020-10-13 15:23:00,32.42,32.43,32.42,32.43,0,0,6348
7364,2020-10-13 15:24:00,32.44,32.45,32.44,32.44,0,0,8421
7365,2020-10-13 15:25:00,32.44,32.48,32.44,32.48,0,0,12354
7366,2020-10-13 15:26:00,32.47,32.48,32.47,32.47,0,0,7098
7367,2020-10-13 15:27:00,32.47,32.49,32.47,32.49,0,0,35778
7368,2020-10-13 15:28:00,32.48,32.49,32.4,32.42,0,0,41743
7369,2020-10-13 15:29:00,32.42,32.45,32.41,32.45,0,0,14055
7370,2020-10-13 15:30:00,32.44,32.45,32.44,32.44,0,0,11090
7371,2020-10-13 15:31:00,32.44,32.45,32.44,32.44,0,0,10501
7372,2020-10-13 15:32:00,32.44,32.45,32.44,32.44,0,0,6979
7373,2020-10-13 15:33:00,32.45,32.47,32.44,32.47,0,0,27409
7374,2020-10-13 15:34:00,32.47,32.47,32.39,32.39,0,0,36796
7375,2020-10-13 15:35:00,32.4,32.44,32.4,32.43,0,0,14155
7376,2020-10-13 15:36:00,32.44,32.45,32.43,32.44,0,0,9133
7377,2020-10-13 15:37:00,32.44,32.45,32.41,32.41,0,0,17633
7378,2020-10-13 15:38:00,32.4,32.4,32.33,32.38,0,0,54419
7379,2020-10-13 15:39:00,32.38,32.41,32.38,32.4,0,0,17041
7380,2020-10-13 15:40:00,32.4,32.42,32.4,32.42,0,0,6945
7381,2020-10-13 15:41:00,32.42,32.43,32.42,32.42,0,0,20800
7382,2020-10-13 15:42:00,32.42,32.42,32.39,32.4,0,0,36412
7383,2020-10-13 15:43:00,32.39,32.4,32.39,32.4,0,0,9311
7384,2020-10-13 15:44:00,32.4,32.42,32.39,32.4,0,0,20473
7385,2020-10-13 15:45:00,32.41,32.44,32.4,32.43,0,0,41915
7386,2020-10-13 15:46:00,32.43,32.43,32.41,32.42,0,0,14461
7387,2020-10-13 15:47:00,32.43,32.44,32.42,32.44,0,0,20941
7388,2020-10-13 15:48:00,32.44,32.44,32.41,32.42,0,0,19348
7389,2020-10-13 15:49:00,32.42,32.43,32.4,32.4,0,0,25264
7390,2020-10-13 15:50:00,32.41,32.42,32.4,32.42,0,0,34974
7391,2020-10-13 15:51:00,32.42,32.44,32.4,32.4,0,0,56834
7392,2020-10-13 15:52:00,32.4,32.42,32.39,32.42,0,0,29070
7393,2020-10-13 15:53:00,32.42,32.44,32.4,32.41,0,0,60379
7394,2020-10-13 15:54:00,32.41,32.42,32.38,32.38,0,0,66140
7395,2020-10-13 15:55:00,32.38,32.45,32.38,32.45,0,0,70844
7396,2020-10-13 15:56:00,32.44,32.47,32.43,32.47,0,0,99813
7397,2020-10-13 15:57:00,32.47,32.5,32.46,32.5,0,0,127952
7398,2020-10-13 15:58:00,32.49,32.5,32.48,32.5,0,0,145473
7399,2020-10-13 15:59:00,32.5,32.51,32.42,32.42,0,0,190921
7400,2020-10-12 09:30:00,31.79,31.79,31.51,31.63,0,0,466559
7401,2020-10-12 09:31:00,31.64,31.66,31.45,31.6,0,0,114633
7402,2020-10-12 09:32:00,31.62,31.65,31.57,31.62,0,0,58306
7403,2020-10-12 09:33:00,31.62,31.65,31.57,31.59,0,0,33622
7404,2020-10-12 09:34:00,31.59,31.65,31.56,31.62,0,0,40775
7405,2020-10-12 09:35:00,31.6,31.68,31.58,31.6,0,0,55506
7406,2020-10-12 09:36:00,31.59,31.68,31.57,31.58,0,0,50731
7407,2020-10-12 09:37:00,31.57,31.61,31.47,31.47,0,0,48772
7408,2020-10-12 09:38:00,31.47,31.58,31.47,31.55,0,0,46495
7409,2020-10-12 09:39:00,31.54,31.56,31.4,31.41,0,0,51270
7410,2020-10-12 09:40:00,31.42,31.43,31.19,31.19,0,0,49387
7411,2020-10-12 09:41:00,31.18,31.29,31.13,31.28,0,0,59495
7412,2020-10-12 09:42:00,31.28,31.32,31.21,31.26,0,0,37667
7413,2020-10-12 09:43:00,31.25,31.35,31.2,31.33,0,0,59309
7414,2020-10-12 09:44:00,31.32,31.38,31.27,31.31,0,0,32376
7415,2020-10-12 09:45:00,31.31,31.34,31.13,31.16,0,0,48128
7416,2020-10-12 09:46:00,31.17,31.31,31.15,31.31,0,0,31090
7417,2020-10-12 09:47:00,31.28,31.37,31.28,31.37,0,0,21780
7418,2020-10-12 09:48:00,31.38,31.43,31.37,31.41,0,0,25619
7419,2020-10-12 09:49:00,31.42,31.42,31.26,31.27,0,0,23014
7420,2020-10-12 09:50:00,31.28,31.36,31.28,31.35,0,0,24207
7421,2020-10-12 09:51:00,31.36,31.39,31.35,31.39,0,0,29788
7422,2020-10-12 09:52:00,31.38,31.42,31.36,31.41,0,0,44660
7423,2020-10-12 09:53:00,31.4,31.48,31.39,31.45,0,0,39038
7424,2020-10-12 09:54:00,31.45,31.47,31.43,31.45,0,0,27668
7425,2020-10-12 09:55:00,31.45,31.54,31.45,31.49,0,0,56792
7426,2020-10-12 09:56:00,31.5,31.57,31.5,31.56,0,0,44662
7427,2020-10-12 09:57:00,31.56,31.63,31.56,31.62,0,0,50780
7428,2020-10-12 09:58:00,31.62,31.63,31.6,31.6,0,0,26691
7429,2020-10-12 09:59:00,31.61,31.64,31.6,31.63,0,0,26765
7430,2020-10-12 10:00:00,31.62,31.62,31.47,31.47,0,0,36921
7431,2020-10-12 10:01:00,31.47,31.49,31.44,31.49,0,0,20114
7432,2020-10-12 10:02:00,31.49,31.56,31.49,31.56,0,0,26280
7433,2020-10-12 10:03:00,31.56,31.58,31.55,31.58,0,0,36448
7434,2020-10-12 10:04:00,31.57,31.6,31.53,31.54,0,0,23829
7435,2020-10-12 10:05:00,31.53,31.61,31.5,31.61,0,0,35665
7436,2020-10-12 10:06:00,31.6,31.64,31.56,31.56,0,0,49339
7437,2020-10-12 10:07:00,31.56,31.57,31.49,31.55,0,0,41474
7438,2020-10-12 10:08:00,31.56,31.56,31.47,31.48,0,0,25756
7439,2020-10-12 10:09:00,31.47,31.47,31.42,31.44,0,0,21042
7440,2020-10-12 10:10:00,31.45,31.52,31.44,31.52,0,0,21189
7441,2020-10-12 10:11:00,31.52,31.6,31.52,31.57,0,0,34442
7442,2020-10-12 10:12:00,31.58,31.67,31.57,31.67,0,0,34770
7443,2020-10-12 10:13:00,31.67,31.7,31.64,31.7,0,0,58446
7444,2020-10-12 10:14:00,31.7,31.76,31.67,31.76,0,0,53570
7445,2020-10-12 10:15:00,31.76,31.77,31.7,31.74,0,0,30899
7446,2020-10-12 10:16:00,31.75,31.88,31.74,31.88,0,0,76006
7447,2020-10-12 10:17:00,31.88,31.9,31.85,31.86,0,0,44727
7448,2020-10-12 10:18:00,31.85,31.88,31.81,31.88,0,0,23909
7449,2020-10-12 10:19:00,31.87,31.91,31.85,31.9,0,0,40849
7450,2020-10-12 10:20:00,31.9,31.91,31.84,31.84,0,0,31048
7451,2020-10-12 10:21:00,31.85,31.9,31.82,31.83,0,0,22012
7452,2020-10-12 10:22:00,31.83,31.83,31.74,31.76,0,0,24879
7453,2020-10-12 10:23:00,31.76,31.82,31.75,31.81,0,0,16946
7454,2020-10-12 10:24:00,31.81,31.82,31.77,31.79,0,0,17330
7455,2020-10-12 10:25:00,31.79,31.81,31.77,31.79,0,0,30008
7456,2020-10-12 10:26:00,31.79,31.79,31.7,31.71,0,0,26315
7457,2020-10-12 10:27:00,31.7,31.75,31.7,31.72,0,0,20314
7458,2020-10-12 10:28:00,31.72,31.76,31.72,31.75,0,0,18184
7459,2020-10-12 10:29:00,31.76,31.81,31.76,31.8,0,0,26061
7460,2020-10-12 10:30:00,31.79,31.82,31.76,31.78,0,0,26250
7461,2020-10-12 10:31:00,31.77,31.77,31.68,31.69,0,0,31723
7462,2020-10-12 10:32:00,31.68,31.73,31.68,31.7,0,0,38517
7463,2020-10-12 10:33:00,31.7,31.73,31.69,31.71,0,0,23793
7464,2020-10-12 10:34:00,31.7,31.71,31.66,31.7,0,0,26410
7465,2020-10-12 10:35:00,31.71,31.73,31.69,31.72,0,0,18052
7466,2020-10-12 10:36:00,31.72,31.73,31.63,31.64,0,0,24211
7467,2020-10-12 10:37:00,31.65,31.65,31.62,31.64,0,0,23029
7468,2020-10-12 10:38:00,31.64,31.66,31.63,31.64,0,0,23927
7469,2020-10-12 10:39:00,31.64,31.75,31.6,31.74,0,0,70141
7470,2020-10-12 10:40:00,31.74,31.76,31.73,31.76,0,0,14620
7471,2020-10-12 10:41:00,31.75,31.78,31.74,31.75,0,0,31585
7472,2020-10-12 10:42:00,31.75,31.83,31.75,31.78,0,0,47371
7473,2020-10-12 10:43:00,31.78,31.78,31.77,31.77,0,0,30393
7474,2020-10-12 10:44:00,31.78,31.81,31.77,31.79,0,0,34133
7475,2020-10-12 10:45:00,31.8,31.8,31.72,31.73,0,0,27906
7476,2020-10-12 10:46:00,31.72,31.79,31.71,31.78,0,0,28000
7477,2020-10-12 10:47:00,31.78,31.81,31.77,31.79,0,0,18809
7478,2020-10-12 10:48:00,31.8,31.8,31.76,31.78,0,0,36403
7479,2020-10-12 10:49:00,31.79,31.84,31.79,31.83,0,0,37292
7480,2020-10-12 10:50:00,31.83,31.84,31.81,31.83,0,0,21721
7481,2020-10-12 10:51:00,31.83,31.85,31.83,31.84,0,0,27020
7482,2020-10-12 10:52:00,31.84,31.87,31.84,31.85,0,0,37195
7483,2020-10-12 10:53:00,31.85,31.86,31.83,31.83,0,0,38421
7484,2020-10-12 10:54:00,31.84,31.84,31.78,31.82,0,0,78610
7485,2020-10-12 10:55:00,31.82,31.85,31.8,31.81,0,0,42727
7486,2020-10-12 10:56:00,31.81,31.84,31.79,31.84,0,0,32054
7487,2020-10-12 10:57:00,31.85,31.86,31.84,31.85,0,0,20760
7488,2020-10-12 10:58:00,31.85,31.86,31.85,31.85,0,0,12073
7489,2020-10-12 10:59:00,31.85,31.86,31.8,31.81,0,0,29881
7490,2020-10-12 11:00:00,31.81,31.86,31.8,31.85,0,0,55935
7491,2020-10-12 11:01:00,31.85,31.9,31.85,31.89,0,0,67125
7492,2020-10-12 11:02:00,31.89,31.91,31.86,31.89,0,0,49826
7493,2020-10-12 11:03:00,31.89,31.91,31.89,31.9,0,0,21416
7494,2020-10-12 11:04:00,31.9,31.93,31.89,31.92,0,0,82448
7495,2020-10-12 11:05:00,31.93,31.93,31.89,31.9,0,0,80733
7496,2020-10-12 11:06:00,31.89,31.9,31.83,31.85,0,0,33300
7497,2020-10-12 11:07:00,31.85,31.86,31.81,31.82,0,0,24737
7498,2020-10-12 11:08:00,31.82,31.84,31.79,31.82,0,0,58291
7499,2020-10-12 11:09:00,31.81,31.81,31.77,31.78,0,0,26066
7500,2020-10-12 11:10:00,31.77,31.82,31.77,31.8,0,0,26703
7501,2020-10-12 11:11:00,31.8,31.81,31.72,31.73,0,0,53500
7502,2020-10-12 11:12:00,31.73,31.75,31.72,31.74,0,0,30833
7503,2020-10-12 11:13:00,31.74,31.74,31.7,31.72,0,0,27334
7504,2020-10-12 11:14:00,31.72,31.77,31.72,31.77,0,0,16498
7505,2020-10-12 11:15:00,31.77,31.78,31.71,31.72,0,0,37799
7506,2020-10-12 11:16:00,31.72,31.75,31.69,31.75,0,0,68903
7507,2020-10-12 11:17:00,31.74,31.78,31.74,31.77,0,0,42084
7508,2020-10-12 11:18:00,31.76,31.79,31.75,31.75,0,0,38061
7509,2020-10-12 11:19:00,31.75,31.77,31.75,31.76,0,0,18246
7510,2020-10-12 11:20:00,31.76,31.78,31.68,31.69,0,0,68295
7511,2020-10-12 11:21:00,31.68,31.68,31.62,31.65,0,0,42099
7512,2020-10-12 11:22:00,31.65,31.68,31.64,31.67,0,0,17047
7513,2020-10-12 11:23:00,31.67,31.69,31.67,31.67,0,0,22890
7514,2020-10-12 11:24:00,31.67,31.69,31.65,31.66,0,0,50245
7515,2020-10-12 11:25:00,31.66,31.67,31.64,31.64,0,0,22715
7516,2020-10-12 11:26:00,31.65,31.68,31.64,31.68,0,0,33069
7517,2020-10-12 11:27:00,31.69,31.69,31.67,31.67,0,0,12019
7518,2020-10-12 11:28:00,31.67,31.67,31.64,31.65,0,0,18253
7519,2020-10-12 11:29:00,31.65,31.65,31.57,31.57,0,0,42246
7520,2020-10-12 11:30:00,31.57,31.63,31.56,31.63,0,0,18390
7521,2020-10-12 11:31:00,31.63,31.64,31.61,31.62,0,0,21224
7522,2020-10-12 11:32:00,31.61,31.63,31.6,31.62,0,0,20921
7523,2020-10-12 11:33:00,31.63,31.63,31.61,31.61,0,0,21973
7524,2020-10-12 11:34:00,31.61,31.61,31.59,31.6,0,0,18242
7525,2020-10-12 11:35:00,31.59,31.59,31.57,31.57,0,0,18358
7526,2020-10-12 11:36:00,31.57,31.58,31.56,31.57,0,0,17372
7527,2020-10-12 11:37:00,31.56,31.6,31.56,31.57,0,0,32000
7528,2020-10-12 11:38:00,31.57,31.6,31.57,31.58,0,0,49279
7529,2020-10-12 11:39:00,31.58,31.6,31.57,31.57,0,0,37326
7530,2020-10-12 11:40:00,31.58,31.59,31.57,31.59,0,0,8691
7531,2020-10-12 11:41:00,31.58,31.58,31.56,31.56,0,0,9667
7532,2020-10-12 11:42:00,31.57,31.61,31.57,31.6,0,0,29045
7533,2020-10-12 11:43:00,31.6,31.61,31.57,31.57,0,0,38195
7534,2020-10-12 11:44:00,31.56,31.57,31.54,31.57,0,0,22230
7535,2020-10-12 11:45:00,31.57,31.57,31.56,31.57,0,0,4997
7536,2020-10-12 11:46:00,31.57,31.6,31.56,31.58,0,0,15505
7537,2020-10-12 11:47:00,31.58,31.61,31.52,31.52,0,0,46045
7538,2020-10-12 11:48:00,31.52,31.53,31.49,31.5,0,0,44353
7539,2020-10-12 11:49:00,31.5,31.51,31.49,31.5,0,0,27088
7540,2020-10-12 11:50:00,31.5,31.52,31.5,31.51,0,0,32531
7541,2020-10-12 11:51:00,31.51,31.52,31.51,31.52,0,0,6713
7542,2020-10-12 11:52:00,31.52,31.53,31.5,31.5,0,0,61288
7543,2020-10-12 11:53:00,31.5,31.5,31.48,31.49,0,0,27070
7544,2020-10-12 11:54:00,31.49,31.55,31.48,31.55,0,0,21841
7545,2020-10-12 11:55:00,31.55,31.56,31.54,31.56,0,0,14003
7546,2020-10-12 11:56:00,31.56,31.57,31.53,31.57,0,0,33824
7547,2020-10-12 11:57:00,31.56,31.57,31.55,31.56,0,0,26230
7548,2020-10-12 11:58:00,31.56,31.6,31.56,31.57,0,0,23494
7549,2020-10-12 11:59:00,31.57,31.58,31.56,31.57,0,0,9369
7550,2020-10-12 12:00:00,31.57,31.6,31.57,31.6,0,0,12884
7551,2020-10-12 12:01:00,31.6,31.61,31.59,31.6,0,0,35772
7552,2020-10-12 12:02:00,31.6,31.62,31.59,31.62,0,0,9372
7553,2020-10-12 12:03:00,31.62,31.64,31.62,31.64,0,0,14915
7554,2020-10-12 12:04:00,31.63,31.64,31.61,31.62,0,0,18543
7555,2020-10-12 12:05:00,31.63,31.63,31.52,31.52,0,0,28955
7556,2020-10-12 12:06:00,31.52,31.53,31.51,31.51,0,0,24266
7557,2020-10-12 12:07:00,31.51,31.51,31.5,31.5,0,0,49897
7558,2020-10-12 12:08:00,31.5,31.54,31.5,31.52,0,0,22201
7559,2020-10-12 12:09:00,31.53,31.53,31.51,31.53,0,0,19891
7560,2020-10-12 12:10:00,31.54,31.54,31.52,31.53,0,0,18048
7561,2020-10-12 12:11:00,31.54,31.55,31.53,31.55,0,0,13988
7562,2020-10-12 12:12:00,31.55,31.59,31.55,31.57,0,0,21264
7563,2020-10-12 12:13:00,31.57,31.59,31.56,31.58,0,0,13624
7564,2020-10-12 12:14:00,31.59,31.61,31.58,31.6,0,0,27799
7565,2020-10-12 12:15:00,31.61,31.62,31.58,31.59,0,0,22407
7566,2020-10-12 12:16:00,31.6,31.6,31.59,31.6,0,0,8706
7567,2020-10-12 12:17:00,31.59,31.59,31.55,31.56,0,0,16784
7568,2020-10-12 12:18:00,31.56,31.58,31.56,31.58,0,0,6062
7569,2020-10-12 12:19:00,31.59,31.59,31.58,31.58,0,0,7389
7570,2020-10-12 12:20:00,31.58,31.6,31.58,31.59,0,0,36189
7571,2020-10-12 12:21:00,31.59,31.59,31.58,31.59,0,0,14063
7572,2020-10-12 12:22:00,31.59,31.6,31.59,31.6,0,0,6730
7573,2020-10-12 12:23:00,31.6,31.6,31.59,31.59,0,0,14275
7574,2020-10-12 12:24:00,31.6,31.61,31.59,31.61,0,0,7204
7575,2020-10-12 12:25:00,31.6,31.62,31.6,31.61,0,0,10299
7576,2020-10-12 12:26:00,31.63,31.64,31.62,31.62,0,0,11387
7577,2020-10-12 12:27:00,31.63,31.64,31.61,31.61,0,0,12162
7578,2020-10-12 12:28:00,31.61,31.62,31.61,31.61,0,0,17624
7579,2020-10-12 12:29:00,31.62,31.62,31.61,31.61,0,0,11034
7580,2020-10-12 12:30:00,31.61,31.61,31.58,31.58,0,0,17464
7581,2020-10-12 12:31:00,31.58,31.58,31.57,31.57,0,0,4683
7582,2020-10-12 12:32:00,31.57,31.57,31.52,31.54,0,0,11429
7583,2020-10-12 12:33:00,31.54,31.6,31.54,31.59,0,0,20205
7584,2020-10-12 12:34:00,31.59,31.61,31.59,31.59,0,0,15528
7585,2020-10-12 12:35:00,31.59,31.61,31.59,31.6,0,0,5218
7586,2020-10-12 12:36:00,31.6,31.6,31.58,31.6,0,0,10615
7587,2020-10-12 12:37:00,31.59,31.59,31.57,31.58,0,0,12482
7588,2020-10-12 12:38:00,31.58,31.6,31.58,31.6,0,0,5693
7589,2020-10-12 12:39:00,31.6,31.62,31.6,31.62,0,0,11978
7590,2020-10-12 12:40:00,31.63,31.69,31.63,31.69,0,0,14199
7591,2020-10-12 12:41:00,31.68,31.71,31.68,31.71,0,0,13989
7592,2020-10-12 12:42:00,31.7,31.71,31.69,31.69,0,0,18383
7593,2020-10-12 12:43:00,31.69,31.69,31.65,31.67,0,0,19917
7594,2020-10-12 12:44:00,31.67,31.69,31.67,31.68,0,0,7299
7595,2020-10-12 12:45:00,31.68,31.68,31.67,31.67,0,0,16923
7596,2020-10-12 12:46:00,31.68,31.68,31.63,31.63,0,0,38800
7597,2020-10-12 12:47:00,31.63,31.66,31.62,31.63,0,0,15223
7598,2020-10-12 12:48:00,31.64,31.65,31.63,31.64,0,0,66210
7599,2020-10-12 12:49:00,31.64,31.67,31.63,31.67,0,0,15783
7600,2020-10-12 12:50:00,31.66,31.67,31.61,31.62,0,0,21007
7601,2020-10-12 12:51:00,31.61,31.63,31.61,31.61,0,0,11611
7602,2020-10-12 12:52:00,31.61,31.61,31.59,31.6,0,0,14348
7603,2020-10-12 12:53:00,31.61,31.64,31.61,31.63,0,0,18320
7604,2020-10-12 12:54:00,31.63,31.64,31.6,31.61,0,0,12344
7605,2020-10-12 12:55:00,31.6,31.61,31.58,31.58,0,0,11800
7606,2020-10-12 12:56:00,31.58,31.59,31.58,31.58,0,0,13946
7607,2020-10-12 12:57:00,31.58,31.59,31.56,31.57,0,0,11264
7608,2020-10-12 12:58:00,31.57,31.57,31.56,31.57,0,0,2259
7609,2020-10-12 12:59:00,31.57,31.6,31.56,31.6,0,0,10964
7610,2020-10-12 13:00:00,31.6,31.61,31.6,31.6,0,0,5965
7611,2020-10-12 13:01:00,31.61,31.64,31.6,31.63,0,0,15640
7612,2020-10-12 13:02:00,31.64,31.64,31.63,31.64,0,0,13748
7613,2020-10-12 13:03:00,31.64,31.68,31.64,31.67,0,0,16803
7614,2020-10-12 13:04:00,31.67,31.68,31.66,31.67,0,0,13141
7615,2020-10-12 13:05:00,31.67,31.68,31.63,31.64,0,0,15195
7616,2020-10-12 13:06:00,31.64,31.65,31.62,31.63,0,0,11708
7617,2020-10-12 13:07:00,31.62,31.64,31.62,31.63,0,0,6671
7618,2020-10-12 13:08:00,31.62,31.63,31.62,31.62,0,0,4313
7619,2020-10-12 13:09:00,31.63,31.64,31.62,31.62,0,0,8307
7620,2020-10-12 13:10:00,31.62,31.64,31.6,31.64,0,0,8718
7621,2020-10-12 13:11:00,31.64,31.65,31.63,31.63,0,0,6852
7622,2020-10-12 13:12:00,31.63,31.64,31.61,31.61,0,0,6935
7623,2020-10-12 13:13:00,31.61,31.62,31.59,31.61,0,0,6257
7624,2020-10-12 13:14:00,31.61,31.62,31.6,31.62,0,0,4794
7625,2020-10-12 13:15:00,31.61,31.66,31.61,31.66,0,0,9070
7626,2020-10-12 13:16:00,31.66,31.68,31.65,31.68,0,0,8147
7627,2020-10-12 13:17:00,31.67,31.69,31.67,31.69,0,0,12355
7628,2020-10-12 13:18:00,31.69,31.7,31.69,31.69,0,0,5489
7629,2020-10-12 13:19:00,31.69,31.72,31.69,31.72,0,0,17695
7630,2020-10-12 13:20:00,31.71,31.71,31.7,31.71,0,0,14064
7631,2020-10-12 13:21:00,31.71,31.72,31.71,31.72,0,0,16988
7632,2020-10-12 13:22:00,31.72,31.72,31.7,31.72,0,0,12052
7633,2020-10-12 13:23:00,31.72,31.73,31.72,31.73,0,0,6644
7634,2020-10-12 13:24:00,31.72,31.73,31.71,31.72,0,0,9111
7635,2020-10-12 13:25:00,31.73,31.74,31.73,31.74,0,0,8382
7636,2020-10-12 13:26:00,31.74,31.75,31.73,31.74,0,0,18335
7637,2020-10-12 13:27:00,31.73,31.75,31.72,31.72,0,0,8154
7638,2020-10-12 13:28:00,31.73,31.74,31.73,31.74,0,0,6670
7639,2020-10-12 13:29:00,31.74,31.74,31.72,31.73,0,0,9719
7640,2020-10-12 13:30:00,31.73,31.73,31.69,31.69,0,0,14019
7641,2020-10-12 13:31:00,31.7,31.7,31.69,31.7,0,0,4596
7642,2020-10-12 13:32:00,31.7,31.7,31.69,31.69,0,0,10238
7643,2020-10-12 13:33:00,31.69,31.7,31.66,31.68,0,0,21947
7644,2020-10-12 13:34:00,31.68,31.68,31.67,31.67,0,0,4253
7645,2020-10-12 13:35:00,31.68,31.68,31.67,31.67,0,0,6370
7646,2020-10-12 13:36:00,31.68,31.7,31.67,31.7,0,0,9363
7647,2020-10-12 13:37:00,31.71,31.73,31.71,31.72,0,0,9314
7648,2020-10-12 13:38:00,31.72,31.78,31.72,31.77,0,0,20740
7649,2020-10-12 13:39:00,31.78,31.79,31.76,31.78,0,0,15008
7650,2020-10-12 13:40:00,31.78,31.8,31.78,31.8,0,0,10583
7651,2020-10-12 13:41:00,31.79,31.8,31.78,31.79,0,0,20086
7652,2020-10-12 13:42:00,31.79,31.81,31.79,31.81,0,0,28570
7653,2020-10-12 13:43:00,31.8,31.81,31.78,31.79,0,0,19289
7654,2020-10-12 13:44:00,31.79,31.8,31.79,31.8,0,0,5373
7655,2020-10-12 13:45:00,31.79,31.81,31.79,31.8,0,0,10047
7656,2020-10-12 13:46:00,31.81,31.81,31.8,31.8,0,0,8156
7657,2020-10-12 13:47:00,31.8,31.8,31.73,31.74,0,0,16335
7658,2020-10-12 13:48:00,31.73,31.73,31.69,31.71,0,0,17751
7659,2020-10-12 13:49:00,31.72,31.76,31.72,31.75,0,0,16220
7660,2020-10-12 13:50:00,31.76,31.76,31.74,31.75,0,0,9436
7661,2020-10-12 13:51:00,31.75,31.77,31.74,31.77,0,0,19221
7662,2020-10-12 13:52:00,31.77,31.8,31.77,31.8,0,0,9751
7663,2020-10-12 13:53:00,31.79,31.81,31.78,31.79,0,0,17693
7664,2020-10-12 13:54:00,31.79,31.79,31.77,31.78,0,0,18406
7665,2020-10-12 13:55:00,31.79,31.81,31.78,31.81,0,0,17336
7666,2020-10-12 13:56:00,31.81,31.83,31.81,31.83,0,0,14344
7667,2020-10-12 13:57:00,31.83,31.86,31.83,31.85,0,0,30182
7668,2020-10-12 13:58:00,31.85,31.88,31.84,31.87,0,0,23785
7669,2020-10-12 13:59:00,31.87,31.88,31.87,31.88,0,0,25978
7670,2020-10-12 14:00:00,31.88,31.9,31.87,31.89,0,0,42413
7671,2020-10-12 14:01:00,31.89,31.91,31.89,31.91,0,0,53877
7672,2020-10-12 14:02:00,31.91,31.91,31.9,31.91,0,0,6199
7673,2020-10-12 14:03:00,31.91,31.92,31.82,31.89,0,0,98290
7674,2020-10-12 14:04:00,31.9,31.91,31.87,31.87,0,0,34646
7675,2020-10-12 14:05:00,31.88,31.89,31.86,31.88,0,0,13401
7676,2020-10-12 14:06:00,31.87,31.88,31.87,31.88,0,0,5052
7677,2020-10-12 14:07:00,31.87,31.92,31.87,31.9,0,0,31253
7678,2020-10-12 14:08:00,31.91,31.93,31.91,31.93,0,0,33941
7679,2020-10-12 14:09:00,31.93,31.93,31.92,31.93,0,0,25870
7680,2020-10-12 14:10:00,31.93,31.94,31.92,31.93,0,0,24955
7681,2020-10-12 14:11:00,31.93,31.93,31.91,31.92,0,0,23382
7682,2020-10-12 14:12:00,31.91,31.92,31.91,31.91,0,0,6018
7683,2020-10-12 14:13:00,31.92,31.98,31.91,31.97,0,0,350928
7684,2020-10-12 14:14:00,31.98,32.1,31.98,32.1,0,0,339607
7685,2020-10-12 14:15:00,32.1,32.1,32.05,32.05,0,0,43629
7686,2020-10-12 14:16:00,32.05,32.06,32.01,32.01,0,0,31064
7687,2020-10-12 14:17:00,32.01,32.01,32.0,32.0,0,0,10078
7688,2020-10-12 14:18:00,32.0,32.01,31.98,31.99,0,0,75968
7689,2020-10-12 14:19:00,31.99,32.0,31.95,31.98,0,0,35528
7690,2020-10-12 14:20:00,32.0,32.0,31.97,31.97,0,0,25708
7691,2020-10-12 14:21:00,31.97,31.98,31.9,31.91,0,0,42017
7692,2020-10-12 14:22:00,31.9,31.91,31.88,31.88,0,0,55204
7693,2020-10-12 14:23:00,31.88,31.89,31.87,31.89,0,0,39698
7694,2020-10-12 14:24:00,31.89,31.89,31.85,31.85,0,0,20659
7695,2020-10-12 14:25:00,31.85,31.89,31.84,31.89,0,0,22930
7696,2020-10-12 14:26:00,31.89,31.92,31.88,31.91,0,0,16304
7697,2020-10-12 14:27:00,31.91,31.92,31.91,31.92,0,0,16643
7698,2020-10-12 14:28:00,31.92,31.93,31.92,31.93,0,0,11804
7699,2020-10-12 14:29:00,31.93,31.93,31.92,31.92,0,0,13965
7700,2020-10-12 14:30:00,31.92,31.93,31.92,31.92,0,0,9077
7701,2020-10-12 14:31:00,31.93,31.97,31.93,31.93,0,0,35916
7702,2020-10-12 14:32:00,31.93,31.93,31.92,31.93,0,0,13313
7703,2020-10-12 14:33:00,31.92,31.93,31.92,31.92,0,0,16137
7704,2020-10-12 14:34:00,31.93,31.93,31.92,31.92,0,0,21008
7705,2020-10-12 14:35:00,31.92,31.93,31.87,31.9,0,0,21190
7706,2020-10-12 14:36:00,31.9,31.92,31.88,31.88,0,0,113254
7707,2020-10-12 14:37:00,31.88,31.91,31.87,31.9,0,0,8601
7708,2020-10-12 14:38:00,31.9,31.91,31.89,31.89,0,0,13378
7709,2020-10-12 14:39:00,31.9,31.91,31.88,31.9,0,0,7950
7710,2020-10-12 14:40:00,31.9,31.9,31.89,31.89,0,0,10658
7711,2020-10-12 14:41:00,31.89,31.89,31.88,31.89,0,0,6649
7712,2020-10-12 14:42:00,31.88,31.89,31.86,31.86,0,0,12650
7713,2020-10-12 14:43:00,31.85,31.87,31.82,31.87,0,0,24610
7714,2020-10-12 14:44:00,31.88,31.89,31.86,31.87,0,0,11808
7715,2020-10-12 14:45:00,31.87,31.88,31.83,31.88,0,0,20880
7716,2020-10-12 14:46:00,31.88,31.9,31.87,31.87,0,0,10749
7717,2020-10-12 14:47:00,31.87,31.88,31.86,31.87,0,0,8518
7718,2020-10-12 14:48:00,31.88,31.88,31.85,31.86,0,0,15463
7719,2020-10-12 14:49:00,31.85,31.85,31.81,31.83,0,0,11909
7720,2020-10-12 14:50:00,31.83,31.88,31.83,31.86,0,0,22303
7721,2020-10-12 14:51:00,31.85,31.88,31.85,31.88,0,0,14002
7722,2020-10-12 14:52:00,31.88,31.88,31.85,31.86,0,0,15956
7723,2020-10-12 14:53:00,31.86,31.89,31.86,31.86,0,0,10767
7724,2020-10-12 14:54:00,31.87,31.87,31.85,31.85,0,0,3415
7725,2020-10-12 14:55:00,31.86,31.88,31.84,31.84,0,0,18274
7726,2020-10-12 14:56:00,31.84,31.85,31.79,31.8,0,0,36967
7727,2020-10-12 14:57:00,31.81,31.81,31.78,31.78,0,0,16516
7728,2020-10-12 14:58:00,31.79,31.79,31.75,31.76,0,0,19276
7729,2020-10-12 14:59:00,31.76,31.79,31.75,31.78,0,0,25979
7730,2020-10-12 15:00:00,31.79,31.83,31.78,31.8,0,0,51411
7731,2020-10-12 15:01:00,31.8,31.82,31.79,31.79,0,0,10855
7732,2020-10-12 15:02:00,31.79,31.79,31.72,31.76,0,0,35414
7733,2020-10-12 15:03:00,31.77,31.79,31.77,31.77,0,0,11046
7734,2020-10-12 15:04:00,31.78,31.81,31.78,31.81,0,0,15217
7735,2020-10-12 15:05:00,31.81,31.81,31.78,31.79,0,0,20752
7736,2020-10-12 15:06:00,31.79,31.81,31.79,31.8,0,0,13890
7737,2020-10-12 15:07:00,31.8,31.82,31.79,31.79,0,0,18825
7738,2020-10-12 15:08:00,31.79,31.8,31.77,31.78,0,0,12383
7739,2020-10-12 15:09:00,31.78,31.8,31.77,31.77,0,0,15253
7740,2020-10-12 15:10:00,31.78,31.81,31.77,31.78,0,0,29030
7741,2020-10-12 15:11:00,31.77,31.81,31.77,31.81,0,0,13524
7742,2020-10-12 15:12:00,31.8,31.84,31.8,31.83,0,0,20154
7743,2020-10-12 15:13:00,31.83,31.83,31.78,31.78,0,0,21145
7744,2020-10-12 15:14:00,31.78,31.8,31.77,31.77,0,0,18235
7745,2020-10-12 15:15:00,31.78,31.8,31.77,31.79,0,0,10887
7746,2020-10-12 15:16:00,31.79,31.8,31.78,31.8,0,0,11778
7747,2020-10-12 15:17:00,31.8,31.8,31.75,31.75,0,0,22291
7748,2020-10-12 15:18:00,31.75,31.75,31.7,31.72,0,0,31831
7749,2020-10-12 15:19:00,31.72,31.76,31.71,31.75,0,0,28700
7750,2020-10-12 15:20:00,31.76,31.77,31.74,31.75,0,0,24616
7751,2020-10-12 15:21:00,31.74,31.77,31.73,31.76,0,0,22350
7752,2020-10-12 15:22:00,31.76,31.77,31.76,31.76,0,0,5245
7753,2020-10-12 15:23:00,31.76,31.76,31.68,31.68,0,0,22386
7754,2020-10-12 15:24:00,31.68,31.74,31.68,31.72,0,0,29133
7755,2020-10-12 15:25:00,31.73,31.74,31.72,31.72,0,0,16119
7756,2020-10-12 15:26:00,31.71,31.73,31.69,31.69,0,0,20548
7757,2020-10-12 15:27:00,31.7,31.71,31.68,31.68,0,0,18883
7758,2020-10-12 15:28:00,31.68,31.74,31.68,31.74,0,0,22143
7759,2020-10-12 15:29:00,31.74,31.75,31.73,31.74,0,0,53943
7760,2020-10-12 15:30:00,31.74,31.74,31.72,31.73,0,0,18866
7761,2020-10-12 15:31:00,31.72,31.72,31.68,31.69,0,0,26004
7762,2020-10-12 15:32:00,31.69,31.7,31.68,31.69,0,0,20589
7763,2020-10-12 15:33:00,31.69,31.72,31.69,31.71,0,0,19365
7764,2020-10-12 15:34:00,31.71,31.71,31.64,31.64,0,0,29594
7765,2020-10-12 15:35:00,31.65,31.65,31.61,31.63,0,0,35083
7766,2020-10-12 15:36:00,31.62,31.63,31.62,31.63,0,0,29850
7767,2020-10-12 15:37:00,31.63,31.65,31.63,31.65,0,0,11658
7768,2020-10-12 15:38:00,31.65,31.65,31.64,31.65,0,0,40461
7769,2020-10-12 15:39:00,31.65,31.68,31.65,31.66,0,0,31865
7770,2020-10-12 15:40:00,31.66,31.67,31.65,31.66,0,0,25311
7771,2020-10-12 15:41:00,31.66,31.66,31.58,31.59,0,0,52051
7772,2020-10-12 15:42:00,31.58,31.71,31.58,31.71,0,0,64307
7773,2020-10-12 15:43:00,31.71,31.75,31.7,31.72,0,0,59105
7774,2020-10-12 15:44:00,31.71,31.74,31.69,31.74,0,0,24335
7775,2020-10-12 15:45:00,31.73,31.74,31.71,31.74,0,0,35489
7776,2020-10-12 15:46:00,31.73,31.74,31.7,31.74,0,0,51161
7777,2020-10-12 15:47:00,31.74,31.74,31.73,31.74,0,0,24482
7778,2020-10-12 15:48:00,31.73,31.73,31.69,31.69,0,0,43237
7779,2020-10-12 15:49:00,31.69,31.72,31.68,31.71,0,0,50888
7780,2020-10-12 15:50:00,31.71,31.72,31.67,31.7,0,0,80503
7781,2020-10-12 15:51:00,31.7,31.71,31.69,31.69,0,0,45008
7782,2020-10-12 15:52:00,31.7,31.71,31.68,31.7,0,0,92384
7783,2020-10-12 15:53:00,31.7,31.76,31.7,31.76,0,0,119998
7784,2020-10-12 15:54:00,31.75,31.77,31.75,31.76,0,0,70346
7785,2020-10-12 15:55:00,31.76,31.8,31.74,31.75,0,0,106824
7786,2020-10-12 15:56:00,31.75,31.78,31.73,31.78,0,0,75483
7787,2020-10-12 15:57:00,31.78,31.78,31.77,31.77,0,0,94514
7788,2020-10-12 15:58:00,31.77,31.79,31.77,31.77,0,0,100442
7789,2020-10-12 15:59:00,31.78,31.81,31.77,31.79,0,0,289832
7790,2020-10-14 09:30:00,32.84,33.0,32.77,32.92,0,0,601262
7791,2020-10-14 09:31:00,32.91,32.91,32.66,32.75,0,0,82127
7792,2020-10-14 09:32:00,32.73,32.77,32.53,32.56,0,0,59620
7793,2020-10-14 09:33:00,32.56,32.72,32.56,32.62,0,0,34112
7794,2020-10-14 09:34:00,32.59,32.65,32.42,32.61,0,0,81762
7795,2020-10-14 09:35:00,32.6,32.61,32.4,32.46,0,0,33176
7796,2020-10-14 09:36:00,32.49,32.51,32.33,32.41,0,0,78060
7797,2020-10-14 09:37:00,32.42,32.61,32.42,32.53,0,0,36559
7798,2020-10-14 09:38:00,32.51,32.65,32.42,32.65,0,0,29555
7799,2020-10-14 09:39:00,32.65,32.65,32.54,32.55,0,0,20388
7800,2020-10-14 09:40:00,32.56,32.59,32.45,32.49,0,0,25402
7801,2020-10-14 09:41:00,32.47,32.65,32.47,32.65,0,0,51080
7802,2020-10-14 09:42:00,32.65,32.72,32.61,32.7,0,0,39768
7803,2020-10-14 09:43:00,32.73,32.73,32.6,32.62,0,0,37395
7804,2020-10-14 09:44:00,32.61,32.64,32.53,32.53,0,0,27512
7805,2020-10-14 09:45:00,32.52,32.6,32.48,32.6,0,0,25540
7806,2020-10-14 09:46:00,32.61,32.61,32.53,32.53,0,0,26299
7807,2020-10-14 09:47:00,32.53,32.58,32.53,32.56,0,0,15122
7808,2020-10-14 09:48:00,32.55,32.55,32.43,32.44,0,0,30511
7809,2020-10-14 09:49:00,32.44,32.48,32.4,32.4,0,0,31476
7810,2020-10-14 09:50:00,32.4,32.43,32.34,32.4,0,0,53375
7811,2020-10-14 09:51:00,32.4,32.41,32.37,32.39,0,0,27272
7812,2020-10-14 09:52:00,32.4,32.46,32.3,32.33,0,0,82864
7813,2020-10-14 09:53:00,32.33,32.41,32.32,32.41,0,0,26285
7814,2020-10-14 09:54:00,32.41,32.5,32.39,32.49,0,0,21756
7815,2020-10-14 09:55:00,32.49,32.5,32.44,32.44,0,0,26581
7816,2020-10-14 09:56:00,32.43,32.49,32.4,32.49,0,0,17492
7817,2020-10-14 09:57:00,32.49,32.51,32.47,32.51,0,0,43536
7818,2020-10-14 09:58:00,32.51,32.51,32.42,32.47,0,0,38551
7819,2020-10-14 09:59:00,32.47,32.51,32.47,32.48,0,0,35698
7820,2020-10-14 10:00:00,32.47,32.53,32.4,32.41,0,0,30589
7821,2020-10-14 10:01:00,32.39,32.4,32.37,32.37,0,0,30569
7822,2020-10-14 10:02:00,32.37,32.38,32.32,32.37,0,0,27580
7823,2020-10-14 10:03:00,32.37,32.38,32.22,32.28,0,0,41329
7824,2020-10-14 10:04:00,32.29,32.42,32.29,32.4,0,0,51150
7825,2020-10-14 10:05:00,32.39,32.39,32.33,32.33,0,0,14721
7826,2020-10-14 10:06:00,32.32,32.37,32.31,32.33,0,0,17979
7827,2020-10-14 10:07:00,32.33,32.36,32.31,32.32,0,0,19107
7828,2020-10-14 10:08:00,32.3,32.35,32.29,32.35,0,0,22656
7829,2020-10-14 10:09:00,32.35,32.5,32.33,32.48,0,0,27907
7830,2020-10-14 10:10:00,32.49,32.52,32.47,32.5,0,0,25761
7831,2020-10-14 10:11:00,32.5,32.54,32.47,32.48,0,0,27475
7832,2020-10-14 10:12:00,32.47,32.48,32.36,32.38,0,0,25217
7833,2020-10-14 10:13:00,32.39,32.4,32.35,32.37,0,0,38847
7834,2020-10-14 10:14:00,32.38,32.46,32.36,32.45,0,0,35685
7835,2020-10-14 10:15:00,32.45,32.47,32.42,32.43,0,0,15751
7836,2020-10-14 10:16:00,32.44,32.44,32.34,32.4,0,0,35837
7837,2020-10-14 10:17:00,32.42,32.42,32.38,32.4,0,0,17696
7838,2020-10-14 10:18:00,32.4,32.42,32.37,32.39,0,0,28610
7839,2020-10-14 10:19:00,32.39,32.41,32.38,32.41,0,0,19339
7840,2020-10-14 10:20:00,32.42,32.47,32.4,32.47,0,0,31108
7841,2020-10-14 10:21:00,32.47,32.47,32.44,32.46,0,0,13397
7842,2020-10-14 10:22:00,32.45,32.45,32.42,32.43,0,0,13547
7843,2020-10-14 10:23:00,32.43,32.49,32.42,32.49,0,0,23961
7844,2020-10-14 10:24:00,32.49,32.5,32.47,32.48,0,0,21003
7845,2020-10-14 10:25:00,32.47,32.47,32.41,32.42,0,0,33679
7846,2020-10-14 10:26:00,32.42,32.47,32.42,32.45,0,0,30490
7847,2020-10-14 10:27:00,32.46,32.48,32.44,32.45,0,0,14744
7848,2020-10-14 10:28:00,32.45,32.46,32.41,32.42,0,0,49039
7849,2020-10-14 10:29:00,32.42,32.48,32.42,32.44,0,0,48425
7850,2020-10-14 10:30:00,32.44,32.46,32.42,32.42,0,0,30453
7851,2020-10-14 10:31:00,32.42,32.42,32.38,32.4,0,0,25849
7852,2020-10-14 10:32:00,32.39,32.43,32.39,32.42,0,0,19561
7853,2020-10-14 10:33:00,32.42,32.44,32.39,32.43,0,0,20072
7854,2020-10-14 10:34:00,32.43,32.45,32.39,32.44,0,0,26139
7855,2020-10-14 10:35:00,32.45,32.47,32.42,32.44,0,0,28961
7856,2020-10-14 10:36:00,32.45,32.49,32.45,32.46,0,0,15856
7857,2020-10-14 10:37:00,32.46,32.47,32.43,32.46,0,0,18819
7858,2020-10-14 10:38:00,32.46,32.47,32.44,32.47,0,0,8468
7859,2020-10-14 10:39:00,32.47,32.47,32.44,32.46,0,0,15354
7860,2020-10-14 10:40:00,32.46,32.46,32.43,32.46,0,0,14488
7861,2020-10-14 10:41:00,32.45,32.47,32.44,32.47,0,0,12929
7862,2020-10-14 10:42:00,32.47,32.47,32.43,32.45,0,0,17914
7863,2020-10-14 10:43:00,32.44,32.49,32.42,32.47,0,0,26396
7864,2020-10-14 10:44:00,32.47,32.49,32.45,32.47,0,0,19396
7865,2020-10-14 10:45:00,32.47,32.53,32.44,32.52,0,0,33658
7866,2020-10-14 10:46:00,32.51,32.55,32.51,32.53,0,0,30035
7867,2020-10-14 10:47:00,32.54,32.54,32.5,32.51,0,0,19903
7868,2020-10-14 10:48:00,32.52,32.53,32.51,32.53,0,0,12161
7869,2020-10-14 10:49:00,32.53,32.53,32.52,32.53,0,0,21298
7870,2020-10-14 10:50:00,32.53,32.56,32.51,32.55,0,0,13784
7871,2020-10-14 10:51:00,32.53,32.55,32.51,32.55,0,0,17023
7872,2020-10-14 10:52:00,32.54,32.56,32.53,32.56,0,0,11077
7873,2020-10-14 10:53:00,32.56,32.57,32.53,32.55,0,0,14224
7874,2020-10-14 10:54:00,32.56,32.63,32.56,32.62,0,0,43086
7875,2020-10-14 10:55:00,32.63,32.63,32.58,32.6,0,0,14264
7876,2020-10-14 10:56:00,32.6,32.64,32.6,32.63,0,0,9766
7877,2020-10-14 10:57:00,32.64,32.68,32.63,32.68,0,0,33474
7878,2020-10-14 10:58:00,32.67,32.69,32.67,32.69,0,0,23603
7879,2020-10-14 10:59:00,32.69,32.71,32.68,32.69,0,0,26608
7880,2020-10-14 11:00:00,32.69,32.71,32.69,32.71,0,0,26037
7881,2020-10-14 11:01:00,32.7,32.71,32.68,32.68,0,0,14760
7882,2020-10-14 11:02:00,32.69,32.7,32.67,32.67,0,0,23937
7883,2020-10-14 11:03:00,32.67,32.74,32.67,32.74,0,0,23103
7884,2020-10-14 11:04:00,32.75,32.77,32.74,32.76,0,0,41341
7885,2020-10-14 11:05:00,32.77,32.83,32.76,32.83,0,0,32798
7886,2020-10-14 11:06:00,32.84,32.85,32.81,32.84,0,0,30264
7887,2020-10-14 11:07:00,32.84,32.85,32.83,32.85,0,0,26046
7888,2020-10-14 11:08:00,32.85,32.88,32.85,32.88,0,0,24406
7889,2020-10-14 11:09:00,32.88,32.88,32.83,32.83,0,0,41444
7890,2020-10-14 11:10:00,32.84,32.84,32.75,32.78,0,0,43202
7891,2020-10-14 11:11:00,32.78,32.78,32.74,32.77,0,0,18171
7892,2020-10-14 11:12:00,32.78,32.78,32.73,32.74,0,0,14417
7893,2020-10-14 11:13:00,32.74,32.74,32.73,32.74,0,0,5587
7894,2020-10-14 11:14:00,32.74,32.74,32.71,32.71,0,0,28821
7895,2020-10-14 11:15:00,32.71,32.74,32.68,32.74,0,0,25121
7896,2020-10-14 11:16:00,32.73,32.75,32.69,32.74,0,0,27726
7897,2020-10-14 11:17:00,32.73,32.74,32.69,32.7,0,0,10705
7898,2020-10-14 11:18:00,32.69,32.69,32.67,32.68,0,0,21794
7899,2020-10-14 11:19:00,32.69,32.7,32.67,32.7,0,0,15999
7900,2020-10-14 11:20:00,32.7,32.72,32.64,32.65,0,0,17532
7901,2020-10-14 11:21:00,32.65,32.66,32.62,32.66,0,0,19193
7902,2020-10-14 11:22:00,32.67,32.77,32.67,32.77,0,0,31434
7903,2020-10-14 11:23:00,32.77,32.77,32.73,32.73,0,0,13191
7904,2020-10-14 11:24:00,32.74,32.78,32.71,32.78,0,0,10705
7905,2020-10-14 11:25:00,32.78,32.82,32.78,32.81,0,0,33238
7906,2020-10-14 11:26:00,32.81,32.83,32.8,32.82,0,0,22312
7907,2020-10-14 11:27:00,32.81,32.82,32.72,32.72,0,0,7863
7908,2020-10-14 11:28:00,32.74,32.78,32.73,32.75,0,0,8511
7909,2020-10-14 11:29:00,32.75,32.76,32.72,32.74,0,0,14462
7910,2020-10-14 11:30:00,32.74,32.76,32.72,32.76,0,0,12030
7911,2020-10-14 11:31:00,32.77,32.82,32.76,32.78,0,0,28914
7912,2020-10-14 11:32:00,32.78,32.79,32.74,32.76,0,0,48453
7913,2020-10-14 11:33:00,32.77,32.77,32.76,32.77,0,0,8884
7914,2020-10-14 11:34:00,32.77,32.81,32.76,32.8,0,0,12987
7915,2020-10-14 11:35:00,32.8,32.83,32.8,32.81,0,0,17123
7916,2020-10-14 11:36:00,32.81,32.81,32.76,32.78,0,0,20662
7917,2020-10-14 11:37:00,32.78,32.79,32.74,32.76,0,0,20561
7918,2020-10-14 11:38:00,32.75,32.76,32.72,32.74,0,0,6066
7919,2020-10-14 11:39:00,32.72,32.76,32.72,32.75,0,0,18022
7920,2020-10-14 11:40:00,32.76,32.78,32.75,32.78,0,0,24031
7921,2020-10-14 11:41:00,32.78,32.79,32.77,32.78,0,0,13335
7922,2020-10-14 11:42:00,32.78,32.83,32.78,32.82,0,0,57670
7923,2020-10-14 11:43:00,32.82,32.82,32.78,32.78,0,0,8538
7924,2020-10-14 11:44:00,32.78,32.78,32.75,32.76,0,0,6934
7925,2020-10-14 11:45:00,32.76,32.76,32.67,32.68,0,0,126085
7926,2020-10-14 11:46:00,32.68,32.7,32.67,32.69,0,0,27451
7927,2020-10-14 11:47:00,32.68,32.69,32.62,32.65,0,0,39249
7928,2020-10-14 11:48:00,32.65,32.65,32.62,32.65,0,0,23667
7929,2020-10-14 11:49:00,32.65,32.71,32.65,32.71,0,0,29348
7930,2020-10-14 11:50:00,32.72,32.72,32.61,32.62,0,0,18040
7931,2020-10-14 11:51:00,32.61,32.62,32.58,32.6,0,0,40622
7932,2020-10-14 11:52:00,32.6,32.61,32.58,32.58,0,0,28731
7933,2020-10-14 11:53:00,32.59,32.6,32.56,32.56,0,0,25089
7934,2020-10-14 11:54:00,32.56,32.56,32.51,32.53,0,0,32838
7935,2020-10-14 11:55:00,32.53,32.58,32.53,32.58,0,0,51721
7936,2020-10-14 11:56:00,32.57,32.58,32.56,32.56,0,0,22906
7937,2020-10-14 11:57:00,32.56,32.56,32.53,32.53,0,0,7081
7938,2020-10-14 11:58:00,32.53,32.53,32.47,32.47,0,0,35027
7939,2020-10-14 11:59:00,32.48,32.48,32.45,32.46,0,0,56549
7940,2020-10-14 12:00:00,32.46,32.47,32.43,32.43,0,0,30140
7941,2020-10-14 12:01:00,32.43,32.46,32.4,32.42,0,0,27360
7942,2020-10-14 12:02:00,32.42,32.42,32.35,32.37,0,0,27347
7943,2020-10-14 12:03:00,32.36,32.36,32.26,32.27,0,0,34973
7944,2020-10-14 12:04:00,32.26,32.31,32.22,32.31,0,0,82504
7945,2020-10-14 12:05:00,32.3,32.3,32.25,32.3,0,0,24607
7946,2020-10-14 12:06:00,32.29,32.38,32.28,32.37,0,0,37567
7947,2020-10-14 12:07:00,32.36,32.38,32.31,32.31,0,0,26068
7948,2020-10-14 12:08:00,32.31,32.31,32.24,32.26,0,0,30419
7949,2020-10-14 12:09:00,32.26,32.27,32.24,32.24,0,0,16768
7950,2020-10-14 12:10:00,32.24,32.24,32.15,32.15,0,0,46040
7951,2020-10-14 12:11:00,32.16,32.21,32.15,32.2,0,0,24889
7952,2020-10-14 12:12:00,32.2,32.2,32.1,32.13,0,0,27309
7953,2020-10-14 12:13:00,32.14,32.18,32.1,32.1,0,0,60082
7954,2020-10-14 12:14:00,32.1,32.12,32.06,32.1,0,0,41179
7955,2020-10-14 12:15:00,32.1,32.14,32.09,32.13,0,0,17574
7956,2020-10-14 12:16:00,32.12,32.13,32.1,32.13,0,0,9565
7957,2020-10-14 12:17:00,32.15,32.16,32.12,32.14,0,0,15927
7958,2020-10-14 12:18:00,32.14,32.14,32.08,32.08,0,0,14154
7959,2020-10-14 12:19:00,32.08,32.08,32.03,32.06,0,0,24867
7960,2020-10-14 12:20:00,32.07,32.07,32.02,32.07,0,0,13436
7961,2020-10-14 12:21:00,32.07,32.08,32.06,32.07,0,0,11286
7962,2020-10-14 12:22:00,32.06,32.07,32.03,32.03,0,0,18710
7963,2020-10-14 12:23:00,32.03,32.03,31.95,31.97,0,0,102810
7964,2020-10-14 12:24:00,31.99,32.02,31.98,31.99,0,0,25333
7965,2020-10-14 12:25:00,31.99,32.02,31.99,31.99,0,0,18166
7966,2020-10-14 12:26:00,31.99,32.0,31.97,31.97,0,0,16956
7967,2020-10-14 12:27:00,31.98,31.99,31.97,31.98,0,0,19004
7968,2020-10-14 12:28:00,31.98,32.02,31.98,32.0,0,0,21570
7969,2020-10-14 12:29:00,32.0,32.04,32.0,32.04,0,0,19272
7970,2020-10-14 12:30:00,32.03,32.05,32.0,32.01,0,0,33971
7971,2020-10-14 12:31:00,32.01,32.04,31.93,32.02,0,0,53009
7972,2020-10-14 12:32:00,32.02,32.04,32.0,32.03,0,0,36025
7973,2020-10-14 12:33:00,32.03,32.06,32.03,32.04,0,0,34528
7974,2020-10-14 12:34:00,32.04,32.04,31.98,31.99,0,0,63878
7975,2020-10-14 12:35:00,31.99,32.04,31.99,32.03,0,0,23122
7976,2020-10-14 12:36:00,32.03,32.04,31.98,32.01,0,0,12588
7977,2020-10-14 12:37:00,32.0,32.04,31.99,32.03,0,0,29704
7978,2020-10-14 12:38:00,32.03,32.06,32.02,32.04,0,0,24970
7979,2020-10-14 12:39:00,32.04,32.1,32.04,32.1,0,0,29899
7980,2020-10-14 12:40:00,32.1,32.15,32.1,32.15,0,0,54050
7981,2020-10-14 12:41:00,32.15,32.16,32.12,32.12,0,0,40974
7982,2020-10-14 12:42:00,32.1,32.12,32.08,32.11,0,0,14774
7983,2020-10-14 12:43:00,32.1,32.13,32.1,32.12,0,0,15580
7984,2020-10-14 12:44:00,32.12,32.13,32.1,32.1,0,0,30289
7985,2020-10-14 12:45:00,32.1,32.12,32.09,32.1,0,0,32959
7986,2020-10-14 12:46:00,32.1,32.12,32.1,32.1,0,0,12758
7987,2020-10-14 12:47:00,32.11,32.11,32.1,32.1,0,0,15068
7988,2020-10-14 12:48:00,32.1,32.11,32.08,32.08,0,0,19996
7989,2020-10-14 12:49:00,32.08,32.09,32.06,32.08,0,0,30915
7990,2020-10-14 12:50:00,32.07,32.08,32.04,32.06,0,0,21482
7991,2020-10-14 12:51:00,32.06,32.07,32.05,32.05,0,0,16235
7992,2020-10-14 12:52:00,32.06,32.06,32.03,32.04,0,0,39250
7993,2020-10-14 12:53:00,32.04,32.1,32.04,32.1,0,0,10193
7994,2020-10-14 12:54:00,32.1,32.13,32.1,32.11,0,0,12243
7995,2020-10-14 12:55:00,32.11,32.13,32.1,32.13,0,0,18074
7996,2020-10-14 12:56:00,32.14,32.16,32.1,32.11,0,0,22021
7997,2020-10-14 12:57:00,32.11,32.12,32.1,32.1,0,0,10536
7998,2020-10-14 12:58:00,32.1,32.14,32.09,32.14,0,0,9276
7999,2020-10-14 12:59:00,32.13,32.15,32.12,32.12,0,0,7959
8000,2020-10-14 13:00:00,32.12,32.14,32.12,32.13,0,0,10268
8001,2020-10-14 13:01:00,32.13,32.16,32.12,32.14,0,0,39211
8002,2020-10-14 13:02:00,32.15,32.16,32.14,32.15,0,0,9170
8003,2020-10-14 13:03:00,32.14,32.16,32.13,32.14,0,0,9152
8004,2020-10-14 13:04:00,32.14,32.15,32.11,32.12,0,0,10968
8005,2020-10-14 13:05:00,32.13,32.13,32.12,32.12,0,0,4540
8006,2020-10-14 13:06:00,32.13,32.13,32.1,32.1,0,0,11460
8007,2020-10-14 13:07:00,32.1,32.12,32.1,32.11,0,0,13370
8008,2020-10-14 13:08:00,32.12,32.13,32.11,32.12,0,0,6085
8009,2020-10-14 13:09:00,32.13,32.14,32.12,32.12,0,0,8058
8010,2020-10-14 13:10:00,32.13,32.13,32.12,32.13,0,0,5172
8011,2020-10-14 13:11:00,32.12,32.13,32.11,32.12,0,0,7525
8012,2020-10-14 13:12:00,32.11,32.12,32.1,32.12,0,0,11965
8013,2020-10-14 13:13:00,32.12,32.12,32.11,32.11,0,0,11650
8014,2020-10-14 13:14:00,32.11,32.12,32.1,32.1,0,0,13586
8015,2020-10-14 13:15:00,32.1,32.11,32.1,32.1,0,0,6677
8016,2020-10-14 13:16:00,32.1,32.16,32.09,32.15,0,0,18309
8017,2020-10-14 13:17:00,32.15,32.15,32.12,32.13,0,0,33436
8018,2020-10-14 13:18:00,32.13,32.18,32.13,32.17,0,0,12757
8019,2020-10-14 13:19:00,32.17,32.22,32.16,32.22,0,0,26045
8020,2020-10-14 13:20:00,32.22,32.24,32.17,32.2,0,0,36546
8021,2020-10-14 13:21:00,32.21,32.23,32.19,32.19,0,0,15840
8022,2020-10-14 13:22:00,32.19,32.2,32.18,32.18,0,0,4234
8023,2020-10-14 13:23:00,32.19,32.19,32.17,32.17,0,0,6332
8024,2020-10-14 13:24:00,32.17,32.17,32.15,32.17,0,0,17335
8025,2020-10-14 13:25:00,32.17,32.17,32.15,32.17,0,0,7766
8026,2020-10-14 13:26:00,32.17,32.19,32.17,32.18,0,0,4942
8027,2020-10-14 13:27:00,32.18,32.19,32.17,32.19,0,0,8777
8028,2020-10-14 13:28:00,32.2,32.21,32.16,32.17,0,0,9245
8029,2020-10-14 13:29:00,32.17,32.18,32.12,32.13,0,0,8685
8030,2020-10-14 13:30:00,32.13,32.15,32.12,32.13,0,0,25569
8031,2020-10-14 13:31:00,32.13,32.15,32.13,32.13,0,0,11369
8032,2020-10-14 13:32:00,32.13,32.13,32.08,32.09,0,0,24744
8033,2020-10-14 13:33:00,32.1,32.11,32.09,32.1,0,0,13428
8034,2020-10-14 13:34:00,32.1,32.11,32.09,32.1,0,0,6730
8035,2020-10-14 13:35:00,32.11,32.12,32.1,32.12,0,0,9472
8036,2020-10-14 13:36:00,32.11,32.17,32.11,32.16,0,0,23128
8037,2020-10-14 13:37:00,32.15,32.16,32.13,32.15,0,0,8055
8038,2020-10-14 13:38:00,32.15,32.17,32.15,32.17,0,0,5169
8039,2020-10-14 13:39:00,32.17,32.18,32.16,32.17,0,0,3564
8040,2020-10-14 13:40:00,32.17,32.23,32.17,32.21,0,0,11076
8041,2020-10-14 13:41:00,32.22,32.22,32.19,32.21,0,0,16450
8042,2020-10-14 13:42:00,32.22,32.24,32.22,32.23,0,0,5994
8043,2020-10-14 13:43:00,32.24,32.26,32.23,32.25,0,0,10369
8044,2020-10-14 13:44:00,32.25,32.25,32.22,32.22,0,0,15236
8045,2020-10-14 13:45:00,32.23,32.26,32.23,32.25,0,0,8414
8046,2020-10-14 13:46:00,32.25,32.25,32.23,32.24,0,0,4230
8047,2020-10-14 13:47:00,32.23,32.24,32.22,32.24,0,0,4274
8048,2020-10-14 13:48:00,32.23,32.24,32.22,32.24,0,0,4153
8049,2020-10-14 13:49:00,32.25,32.26,32.24,32.24,0,0,12737
8050,2020-10-14 13:50:00,32.24,32.24,32.23,32.24,0,0,10276
8051,2020-10-14 13:51:00,32.24,32.24,32.21,32.22,0,0,11393
8052,2020-10-14 13:52:00,32.22,32.25,32.21,32.24,0,0,10115
8053,2020-10-14 13:53:00,32.25,32.26,32.24,32.26,0,0,19440
8054,2020-10-14 13:54:00,32.27,32.29,32.27,32.28,0,0,11227
8055,2020-10-14 13:55:00,32.29,32.29,32.26,32.28,0,0,116166
8056,2020-10-14 13:56:00,32.28,32.31,32.28,32.3,0,0,10487
8057,2020-10-14 13:57:00,32.31,32.36,32.29,32.33,0,0,72819
8058,2020-10-14 13:58:00,32.34,32.34,32.32,32.33,0,0,14519
8059,2020-10-14 13:59:00,32.34,32.35,32.32,32.33,0,0,14558
8060,2020-10-14 14:00:00,32.33,32.34,32.3,32.33,0,0,106069
8061,2020-10-14 14:01:00,32.33,32.36,32.32,32.35,0,0,32287
8062,2020-10-14 14:02:00,32.35,32.36,32.33,32.34,0,0,18842
8063,2020-10-14 14:03:00,32.34,32.35,32.32,32.32,0,0,41188
8064,2020-10-14 14:04:00,32.33,32.35,32.32,32.33,0,0,212948
8065,2020-10-14 14:05:00,32.34,32.36,32.33,32.36,0,0,15519
8066,2020-10-14 14:06:00,32.35,32.42,32.35,32.42,0,0,21466
8067,2020-10-14 14:07:00,32.41,32.41,32.37,32.38,0,0,63482
8068,2020-10-14 14:08:00,32.37,32.42,32.37,32.41,0,0,10601
8069,2020-10-14 14:09:00,32.42,32.42,32.41,32.42,0,0,12602
8070,2020-10-14 14:10:00,32.43,32.47,32.41,32.45,0,0,18855
8071,2020-10-14 14:11:00,32.44,32.49,32.44,32.49,0,0,15482
8072,2020-10-14 14:12:00,32.49,32.51,32.46,32.48,0,0,34170
8073,2020-10-14 14:13:00,32.47,32.49,32.47,32.49,0,0,20385
8074,2020-10-14 14:14:00,32.49,32.51,32.48,32.5,0,0,27981
8075,2020-10-14 14:15:00,32.5,32.5,32.46,32.47,0,0,28251
8076,2020-10-14 14:16:00,32.47,32.51,32.47,32.51,0,0,20534
8077,2020-10-14 14:17:00,32.51,32.53,32.5,32.51,0,0,34278
8078,2020-10-14 14:18:00,32.51,32.52,32.5,32.51,0,0,35721
8079,2020-10-14 14:19:00,32.51,32.52,32.49,32.5,0,0,31950
8080,2020-10-14 14:20:00,32.49,32.51,32.49,32.5,0,0,34702
8081,2020-10-14 14:21:00,32.5,32.51,32.5,32.5,0,0,15793
8082,2020-10-14 14:22:00,32.51,32.52,32.49,32.51,0,0,42059
8083,2020-10-14 14:23:00,32.51,32.51,32.49,32.51,0,0,17789
8084,2020-10-14 14:24:00,32.51,32.54,32.5,32.52,0,0,26244
8085,2020-10-14 14:25:00,32.52,32.53,32.51,32.52,0,0,26131
8086,2020-10-14 14:26:00,32.52,32.52,32.46,32.48,0,0,92760
8087,2020-10-14 14:27:00,32.48,32.5,32.33,32.33,0,0,45541
8088,2020-10-14 14:28:00,32.34,32.4,32.33,32.4,0,0,20070
8089,2020-10-14 14:29:00,32.41,32.42,32.4,32.4,0,0,15097
8090,2020-10-14 14:30:00,32.4,32.44,32.39,32.41,0,0,31393
8091,2020-10-14 14:31:00,32.42,32.42,32.4,32.41,0,0,17365
8092,2020-10-14 14:32:00,32.41,32.44,32.4,32.42,0,0,40876
8093,2020-10-14 14:33:00,32.42,32.42,32.4,32.4,0,0,15591
8094,2020-10-14 14:34:00,32.4,32.44,32.4,32.42,0,0,30529
8095,2020-10-14 14:35:00,32.44,32.45,32.4,32.4,0,0,19862
8096,2020-10-14 14:36:00,32.4,32.41,32.38,32.41,0,0,24019
8097,2020-10-14 14:37:00,32.4,32.41,32.4,32.4,0,0,12536
8098,2020-10-14 14:38:00,32.4,32.42,32.39,32.4,0,0,28100
8099,2020-10-14 14:39:00,32.4,32.42,32.4,32.41,0,0,16096
8100,2020-10-14 14:40:00,32.4,32.42,32.4,32.41,0,0,12843
8101,2020-10-14 14:41:00,32.4,32.46,32.39,32.42,0,0,14342
8102,2020-10-14 14:42:00,32.42,32.42,32.4,32.41,0,0,13992
8103,2020-10-14 14:43:00,32.42,32.42,32.35,32.36,0,0,14584
8104,2020-10-14 14:44:00,32.36,32.39,32.35,32.38,0,0,14570
8105,2020-10-14 14:45:00,32.38,32.38,32.35,32.37,0,0,18879
8106,2020-10-14 14:46:00,32.38,32.4,32.37,32.39,0,0,6907
8107,2020-10-14 14:47:00,32.39,32.4,32.36,32.37,0,0,8982
8108,2020-10-14 14:48:00,32.37,32.4,32.35,32.38,0,0,9891
8109,2020-10-14 14:49:00,32.38,32.4,32.38,32.38,0,0,9944
8110,2020-10-14 14:50:00,32.38,32.46,32.38,32.46,0,0,34418
8111,2020-10-14 14:51:00,32.46,32.5,32.46,32.46,0,0,39908
8112,2020-10-14 14:52:00,32.45,32.48,32.44,32.47,0,0,11305
8113,2020-10-14 14:53:00,32.48,32.51,32.47,32.49,0,0,14706
8114,2020-10-14 14:54:00,32.49,32.49,32.46,32.47,0,0,20090
8115,2020-10-14 14:55:00,32.48,32.49,32.47,32.49,0,0,9913
8116,2020-10-14 14:56:00,32.49,32.54,32.49,32.53,0,0,18823
8117,2020-10-14 14:57:00,32.53,32.58,32.52,32.53,0,0,31049
8118,2020-10-14 14:58:00,32.54,32.57,32.54,32.56,0,0,13496
8119,2020-10-14 14:59:00,32.56,32.56,32.54,32.54,0,0,16726
8120,2020-10-14 15:00:00,32.54,32.56,32.54,32.54,0,0,9465
8121,2020-10-14 15:01:00,32.54,32.57,32.54,32.55,0,0,43214
8122,2020-10-14 15:02:00,32.56,32.58,32.55,32.55,0,0,11725
8123,2020-10-14 15:03:00,32.55,32.58,32.55,32.57,0,0,10331
8124,2020-10-14 15:04:00,32.58,32.58,32.54,32.56,0,0,15611
8125,2020-10-14 15:05:00,32.56,32.56,32.54,32.55,0,0,14663
8126,2020-10-14 15:06:00,32.55,32.63,32.55,32.63,0,0,29445
8127,2020-10-14 15:07:00,32.62,32.63,32.55,32.6,0,0,22034
8128,2020-10-14 15:08:00,32.6,32.68,32.6,32.63,0,0,37517
8129,2020-10-14 15:09:00,32.62,32.66,32.62,32.64,0,0,23232
8130,2020-10-14 15:10:00,32.63,32.69,32.63,32.69,0,0,13696
8131,2020-10-14 15:11:00,32.69,32.73,32.68,32.72,0,0,23423
8132,2020-10-14 15:12:00,32.72,32.73,32.72,32.72,0,0,17234
8133,2020-10-14 15:13:00,32.71,32.71,32.69,32.7,0,0,11824
8134,2020-10-14 15:14:00,32.69,32.72,32.68,32.72,0,0,22971
8135,2020-10-14 15:15:00,32.72,32.72,32.67,32.69,0,0,20115
8136,2020-10-14 15:16:00,32.68,32.69,32.67,32.67,0,0,11675
8137,2020-10-14 15:17:00,32.66,32.76,32.66,32.74,0,0,105974
8138,2020-10-14 15:18:00,32.74,32.76,32.72,32.72,0,0,13209
8139,2020-10-14 15:19:00,32.72,32.72,32.68,32.68,0,0,16544
8140,2020-10-14 15:20:00,32.68,32.73,32.68,32.72,0,0,31865
8141,2020-10-14 15:21:00,32.72,32.72,32.7,32.71,0,0,20622
8142,2020-10-14 15:22:00,32.71,32.77,32.71,32.76,0,0,30811
8143,2020-10-14 15:23:00,32.75,32.78,32.75,32.76,0,0,22761
8144,2020-10-14 15:24:00,32.76,32.77,32.75,32.75,0,0,36720
8145,2020-10-14 15:25:00,32.76,32.76,32.73,32.74,0,0,33022
8146,2020-10-14 15:26:00,32.74,32.76,32.72,32.76,0,0,15640
8147,2020-10-14 15:27:00,32.76,32.76,32.74,32.74,0,0,34276
8148,2020-10-14 15:28:00,32.75,32.75,32.72,32.74,0,0,13654
8149,2020-10-14 15:29:00,32.75,32.76,32.74,32.76,0,0,15371
8150,2020-10-14 15:30:00,32.76,32.79,32.76,32.78,0,0,35187
8151,2020-10-14 15:31:00,32.78,32.8,32.77,32.79,0,0,12506
8152,2020-10-14 15:32:00,32.79,32.85,32.79,32.85,0,0,30539
8153,2020-10-14 15:33:00,32.85,32.85,32.83,32.83,0,0,28489
8154,2020-10-14 15:34:00,32.84,32.89,32.83,32.88,0,0,41647
8155,2020-10-14 15:35:00,32.89,32.89,32.87,32.88,0,0,51386
8156,2020-10-14 15:36:00,32.89,32.92,32.88,32.92,0,0,47316
8157,2020-10-14 15:37:00,32.91,32.95,32.88,32.9,0,0,158788
8158,2020-10-14 15:38:00,32.9,32.9,32.81,32.84,0,0,66771
8159,2020-10-14 15:39:00,32.84,32.84,32.81,32.82,0,0,35283
8160,2020-10-14 15:40:00,32.83,32.85,32.81,32.83,0,0,31094
8161,2020-10-14 15:41:00,32.83,32.84,32.81,32.83,0,0,28578
8162,2020-10-14 15:42:00,32.82,32.83,32.82,32.83,0,0,37850
8163,2020-10-14 15:43:00,32.84,32.84,32.83,32.84,0,0,25625
8164,2020-10-14 15:44:00,32.83,33.1,32.83,33.07,0,0,588960
8165,2020-10-14 15:45:00,33.07,33.07,32.87,32.9,0,0,301613
8166,2020-10-14 15:46:00,32.9,32.96,32.9,32.92,0,0,173836
8167,2020-10-14 15:47:00,32.92,32.95,32.83,32.89,0,0,156617
8168,2020-10-14 15:48:00,32.9,32.9,32.88,32.89,0,0,92983
8169,2020-10-14 15:49:00,32.89,32.94,32.87,32.93,0,0,145285
8170,2020-10-14 15:50:00,32.93,33.1,32.93,33.08,0,0,430833
8171,2020-10-14 15:51:00,33.08,33.27,33.08,33.23,0,0,631272
8172,2020-10-14 15:52:00,33.23,33.23,32.88,32.99,0,0,202364
8173,2020-10-14 15:53:00,32.99,33.06,32.99,33.04,0,0,96948
8174,2020-10-14 15:54:00,33.04,33.09,33.04,33.09,0,0,165755
8175,2020-10-14 15:55:00,33.09,33.12,32.85,32.85,0,0,192767
8176,2020-10-14 15:56:00,32.85,32.92,32.84,32.85,0,0,123094
8177,2020-10-14 15:57:00,32.85,32.86,32.83,32.85,0,0,101945
8178,2020-10-14 15:58:00,32.85,32.85,32.79,32.79,0,0,149989
8179,2020-10-14 15:59:00,32.79,32.81,32.72,32.74,0,0,186990
8180,2020-10-15 09:30:00,32.13,32.23,31.58,31.64,0,0,506566
8181,2020-10-15 09:31:00,31.69,32.03,31.58,31.97,0,0,72428
8182,2020-10-15 09:32:00,31.96,32.05,31.91,32.0,0,0,33540
8183,2020-10-15 09:33:00,31.94,32.06,31.86,31.93,0,0,27677
8184,2020-10-15 09:34:00,31.86,31.91,31.7,31.73,0,0,30985
8185,2020-10-15 09:35:00,31.71,31.87,31.63,31.71,0,0,70870
8186,2020-10-15 09:36:00,31.74,31.91,31.7,31.81,0,0,60619
8187,2020-10-15 09:37:00,31.8,31.8,31.67,31.73,0,0,27512
8188,2020-10-15 09:38:00,31.73,31.75,31.61,31.63,0,0,37014
8189,2020-10-15 09:39:00,31.63,31.67,31.53,31.53,0,0,40774
8190,2020-10-15 09:40:00,31.52,31.66,31.46,31.66,0,0,97317
8191,2020-10-15 09:41:00,31.69,31.76,31.64,31.74,0,0,49656
8192,2020-10-15 09:42:00,31.73,31.76,31.66,31.75,0,0,33787
8193,2020-10-15 09:43:00,31.74,31.88,31.72,31.84,0,0,34396
8194,2020-10-15 09:44:00,31.84,32.05,31.84,32.01,0,0,65554
8195,2020-10-15 09:45:00,32.02,32.03,31.92,31.94,0,0,27042
8196,2020-10-15 09:46:00,31.94,31.98,31.9,31.94,0,0,42589
8197,2020-10-15 09:47:00,31.93,31.97,31.9,31.95,0,0,50270
8198,2020-10-15 09:48:00,31.95,32.02,31.93,32.02,0,0,52673
8199,2020-10-15 09:49:00,32.01,32.03,31.98,32.0,0,0,28289
8200,2020-10-15 09:50:00,32.0,32.04,31.95,32.01,0,0,32718
8201,2020-10-15 09:51:00,32.02,32.08,31.98,32.05,0,0,82562
8202,2020-10-15 09:52:00,32.05,32.1,31.99,32.07,0,0,101650
8203,2020-10-15 09:53:00,32.07,32.13,32.06,32.12,0,0,213021
8204,2020-10-15 09:54:00,32.12,32.13,32.03,32.08,0,0,59657
8205,2020-10-15 09:55:00,32.08,32.27,32.08,32.23,0,0,133918
8206,2020-10-15 09:56:00,32.22,32.24,32.11,32.13,0,0,34229
8207,2020-10-15 09:57:00,32.11,32.11,32.01,32.03,0,0,43914
8208,2020-10-15 09:58:00,32.05,32.11,32.04,32.08,0,0,24067
8209,2020-10-15 09:59:00,32.06,32.21,32.06,32.21,0,0,29713
8210,2020-10-15 10:00:00,32.22,32.22,32.09,32.1,0,0,45881
8211,2020-10-15 10:01:00,32.1,32.15,32.01,32.05,0,0,44299
8212,2020-10-15 10:02:00,32.05,32.12,32.03,32.1,0,0,35928
8213,2020-10-15 10:03:00,32.11,32.12,32.05,32.1,0,0,27489
8214,2020-10-15 10:04:00,32.1,32.12,32.08,32.08,0,0,24381
8215,2020-10-15 10:05:00,32.09,32.13,32.08,32.11,0,0,44267
8216,2020-10-15 10:06:00,32.11,32.14,32.1,32.12,0,0,29306
8217,2020-10-15 10:07:00,32.12,32.13,32.02,32.02,0,0,19097
8218,2020-10-15 10:08:00,32.02,32.03,31.95,31.98,0,0,36383
8219,2020-10-15 10:09:00,31.98,31.99,31.92,31.93,0,0,27683
8220,2020-10-15 10:10:00,31.94,31.94,31.86,31.88,0,0,39272
8221,2020-10-15 10:11:00,31.89,31.92,31.85,31.88,0,0,20062
8222,2020-10-15 10:12:00,31.88,31.91,31.85,31.89,0,0,16136
8223,2020-10-15 10:13:00,31.89,31.93,31.87,31.92,0,0,13919
8224,2020-10-15 10:14:00,31.92,31.94,31.86,31.86,0,0,25838
8225,2020-10-15 10:15:00,31.86,31.88,31.85,31.88,0,0,19256
8226,2020-10-15 10:16:00,31.88,32.02,31.88,32.0,0,0,40970
8227,2020-10-15 10:17:00,32.01,32.06,31.99,32.06,0,0,19794
8228,2020-10-15 10:18:00,32.07,32.13,32.06,32.07,0,0,29805
8229,2020-10-15 10:19:00,32.06,32.09,31.98,31.98,0,0,27249
8230,2020-10-15 10:20:00,31.98,32.05,31.98,32.03,0,0,13094
8231,2020-10-15 10:21:00,32.03,32.05,32.02,32.03,0,0,15895
8232,2020-10-15 10:22:00,32.03,32.11,32.03,32.04,0,0,9719
8233,2020-10-15 10:23:00,32.02,32.04,32.0,32.01,0,0,13396
8234,2020-10-15 10:24:00,32.01,32.08,32.0,32.0,0,0,11236
8235,2020-10-15 10:25:00,32.01,32.02,31.93,31.93,0,0,34691
8236,2020-10-15 10:26:00,31.94,31.94,31.86,31.91,0,0,24263
8237,2020-10-15 10:27:00,31.92,31.92,31.85,31.9,0,0,18254
8238,2020-10-15 10:28:00,31.89,31.92,31.86,31.9,0,0,10669
8239,2020-10-15 10:29:00,31.89,31.9,31.86,31.88,0,0,16749
8240,2020-10-15 10:30:00,31.88,31.88,31.78,31.78,0,0,29713
8241,2020-10-15 10:31:00,31.78,31.89,31.78,31.87,0,0,15590
8242,2020-10-15 10:32:00,31.86,31.89,31.81,31.85,0,0,11118
8243,2020-10-15 10:33:00,31.84,31.88,31.81,31.86,0,0,16298
8244,2020-10-15 10:34:00,31.86,31.89,31.82,31.82,0,0,57870
8245,2020-10-15 10:35:00,31.81,31.82,31.73,31.76,0,0,45948
8246,2020-10-15 10:36:00,31.76,31.77,31.73,31.74,0,0,40792
8247,2020-10-15 10:37:00,31.74,31.74,31.7,31.71,0,0,32630
8248,2020-10-15 10:38:00,31.7,31.71,31.63,31.63,0,0,29086
8249,2020-10-15 10:39:00,31.63,31.64,31.49,31.58,0,0,93007
8250,2020-10-15 10:40:00,31.58,31.71,31.57,31.71,0,0,49812
8251,2020-10-15 10:41:00,31.7,31.79,31.7,31.77,0,0,49215
8252,2020-10-15 10:42:00,31.78,31.82,31.76,31.77,0,0,34402
8253,2020-10-15 10:43:00,31.77,31.84,31.77,31.84,0,0,28496
8254,2020-10-15 10:44:00,31.84,31.94,31.84,31.92,0,0,21814
8255,2020-10-15 10:45:00,31.91,31.94,31.89,31.94,0,0,14931
8256,2020-10-15 10:46:00,31.93,31.99,31.93,31.99,0,0,12477
8257,2020-10-15 10:47:00,31.99,32.03,31.97,32.02,0,0,21624
8258,2020-10-15 10:48:00,32.03,32.08,32.01,32.08,0,0,26140
8259,2020-10-15 10:49:00,32.08,32.08,32.03,32.08,0,0,15443
8260,2020-10-15 10:50:00,32.08,32.15,32.08,32.15,0,0,38950
8261,2020-10-15 10:51:00,32.14,32.19,32.13,32.16,0,0,52449
8262,2020-10-15 10:52:00,32.17,32.2,32.16,32.19,0,0,19935
8263,2020-10-15 10:53:00,32.18,32.19,32.1,32.12,0,0,33004
8264,2020-10-15 10:54:00,32.12,32.12,32.07,32.12,0,0,30306
8265,2020-10-15 10:55:00,32.13,32.13,32.07,32.07,0,0,17722
8266,2020-10-15 10:56:00,32.07,32.2,32.05,32.2,0,0,44208
8267,2020-10-15 10:57:00,32.19,32.26,32.19,32.22,0,0,46830
8268,2020-10-15 10:58:00,32.24,32.28,32.24,32.25,0,0,19203
8269,2020-10-15 10:59:00,32.25,32.28,32.24,32.28,0,0,12654
8270,2020-10-15 11:00:00,32.28,32.3,32.24,32.29,0,0,47113
8271,2020-10-15 11:01:00,32.28,32.29,32.24,32.25,0,0,45373
8272,2020-10-15 11:02:00,32.24,32.34,32.23,32.28,0,0,63193
8273,2020-10-15 11:03:00,32.28,32.31,32.27,32.28,0,0,55150
8274,2020-10-15 11:04:00,32.28,32.38,32.28,32.33,0,0,28410
8275,2020-10-15 11:05:00,32.34,32.34,32.29,32.33,0,0,21523
8276,2020-10-15 11:06:00,32.33,32.41,32.33,32.41,0,0,40427
8277,2020-10-15 11:07:00,32.4,32.53,32.4,32.53,0,0,269136
8278,2020-10-15 11:08:00,32.53,32.57,32.48,32.48,0,0,36721
8279,2020-10-15 11:09:00,32.48,32.53,32.47,32.49,0,0,31022
8280,2020-10-15 11:10:00,32.48,32.52,32.47,32.51,0,0,41936
8281,2020-10-15 11:11:00,32.51,32.6,32.51,32.6,0,0,34136
8282,2020-10-15 11:12:00,32.6,32.61,32.56,32.58,0,0,28569
8283,2020-10-15 11:13:00,32.57,32.63,32.56,32.6,0,0,30743
8284,2020-10-15 11:14:00,32.61,32.65,32.59,32.64,0,0,35872
8285,2020-10-15 11:15:00,32.62,32.62,32.56,32.57,0,0,17673
8286,2020-10-15 11:16:00,32.56,32.62,32.55,32.62,0,0,29121
8287,2020-10-15 11:17:00,32.61,32.67,32.59,32.67,0,0,41811
8288,2020-10-15 11:18:00,32.67,32.68,32.64,32.68,0,0,21522
8289,2020-10-15 11:19:00,32.67,32.71,32.65,32.71,0,0,24167
8290,2020-10-15 11:20:00,32.71,32.75,32.67,32.69,0,0,114501
8291,2020-10-15 11:21:00,32.69,32.75,32.69,32.74,0,0,56239
8292,2020-10-15 11:22:00,32.75,32.75,32.7,32.74,0,0,22749
8293,2020-10-15 11:23:00,32.73,32.74,32.72,32.74,0,0,22601
8294,2020-10-15 11:24:00,32.73,32.74,32.68,32.71,0,0,45793
8295,2020-10-15 11:25:00,32.71,32.75,32.65,32.68,0,0,26184
8296,2020-10-15 11:26:00,32.67,32.73,32.67,32.72,0,0,14504
8297,2020-10-15 11:27:00,32.73,32.74,32.67,32.67,0,0,33802
8298,2020-10-15 11:28:00,32.67,32.69,32.63,32.65,0,0,32015
8299,2020-10-15 11:29:00,32.64,32.67,32.62,32.65,0,0,20036
8300,2020-10-15 11:30:00,32.66,32.67,32.64,32.65,0,0,10927
8301,2020-10-15 11:31:00,32.65,32.67,32.64,32.65,0,0,14547
8302,2020-10-15 11:32:00,32.66,32.68,32.65,32.67,0,0,10802
8303,2020-10-15 11:33:00,32.67,32.7,32.67,32.69,0,0,12848
8304,2020-10-15 11:34:00,32.69,32.74,32.68,32.73,0,0,39421
8305,2020-10-15 11:35:00,32.73,32.75,32.71,32.72,0,0,56944
8306,2020-10-15 11:36:00,32.72,32.75,32.71,32.74,0,0,13929
8307,2020-10-15 11:37:00,32.75,32.75,32.69,32.73,0,0,46083
8308,2020-10-15 11:38:00,32.72,32.75,32.72,32.74,0,0,13813
8309,2020-10-15 11:39:00,32.75,32.98,32.75,32.96,0,0,92579
8310,2020-10-15 11:40:00,32.97,32.97,32.87,32.9,0,0,82629
8311,2020-10-15 11:41:00,32.9,32.95,32.9,32.94,0,0,28642
8312,2020-10-15 11:42:00,32.94,32.94,32.91,32.92,0,0,20656
8313,2020-10-15 11:43:00,32.92,32.94,32.91,32.93,0,0,12990
8314,2020-10-15 11:44:00,32.94,32.95,32.9,32.92,0,0,20325
8315,2020-10-15 11:45:00,32.93,32.94,32.91,32.93,0,0,16814
8316,2020-10-15 11:46:00,32.92,32.93,32.91,32.91,0,0,22727
8317,2020-10-15 11:47:00,32.92,32.94,32.91,32.92,0,0,35069
8318,2020-10-15 11:48:00,32.92,32.94,32.88,32.89,0,0,27459
8319,2020-10-15 11:49:00,32.9,32.92,32.87,32.92,0,0,22874
8320,2020-10-15 11:50:00,32.92,32.94,32.91,32.92,0,0,22438
8321,2020-10-15 11:51:00,32.93,32.94,32.91,32.92,0,0,47687
8322,2020-10-15 11:52:00,32.92,32.96,32.9,32.91,0,0,37421
8323,2020-10-15 11:53:00,32.91,32.96,32.89,32.96,0,0,52958
8324,2020-10-15 11:54:00,32.96,32.97,32.92,32.92,0,0,13111
8325,2020-10-15 11:55:00,32.93,32.94,32.9,32.92,0,0,21449
8326,2020-10-15 11:56:00,32.92,32.92,32.9,32.91,0,0,28172
8327,2020-10-15 11:57:00,32.92,32.93,32.91,32.92,0,0,47964
8328,2020-10-15 11:58:00,32.92,32.92,32.78,32.78,0,0,40550
8329,2020-10-15 11:59:00,32.78,32.8,32.7,32.73,0,0,65987
8330,2020-10-15 12:00:00,32.74,32.79,32.74,32.77,0,0,29061
8331,2020-10-15 12:01:00,32.77,32.79,32.74,32.74,0,0,18197
8332,2020-10-15 12:02:00,32.75,32.76,32.64,32.75,0,0,94399
8333,2020-10-15 12:03:00,32.76,32.83,32.71,32.82,0,0,46102
8334,2020-10-15 12:04:00,32.83,32.84,32.79,32.8,0,0,18370
8335,2020-10-15 12:05:00,32.8,32.84,32.78,32.81,0,0,34368
8336,2020-10-15 12:06:00,32.8,32.81,32.78,32.81,0,0,19583
8337,2020-10-15 12:07:00,32.81,32.85,32.78,32.78,0,0,19619
8338,2020-10-15 12:08:00,32.78,32.79,32.71,32.72,0,0,15291
8339,2020-10-15 12:09:00,32.72,32.73,32.66,32.66,0,0,16355
8340,2020-10-15 12:10:00,32.67,32.69,32.65,32.65,0,0,11578
8341,2020-10-15 12:11:00,32.65,32.7,32.65,32.69,0,0,27350
8342,2020-10-15 12:12:00,32.68,32.69,32.65,32.65,0,0,14493
8343,2020-10-15 12:13:00,32.65,32.66,32.63,32.65,0,0,13820
8344,2020-10-15 12:14:00,32.65,32.65,32.61,32.62,0,0,11381
8345,2020-10-15 12:15:00,32.62,32.62,32.6,32.62,0,0,16092
8346,2020-10-15 12:16:00,32.61,32.64,32.58,32.64,0,0,17554
8347,2020-10-15 12:17:00,32.63,32.65,32.62,32.62,0,0,14808
8348,2020-10-15 12:18:00,32.63,32.64,32.61,32.64,0,0,10258
8349,2020-10-15 12:19:00,32.65,32.66,32.64,32.65,0,0,14861
8350,2020-10-15 12:20:00,32.65,32.65,32.62,32.64,0,0,5843
8351,2020-10-15 12:21:00,32.63,32.66,32.63,32.64,0,0,4787
8352,2020-10-15 12:22:00,32.63,32.64,32.61,32.62,0,0,5567
8353,2020-10-15 12:23:00,32.62,32.62,32.58,32.58,0,0,12363
8354,2020-10-15 12:24:00,32.58,32.58,32.54,32.54,0,0,7348
8355,2020-10-15 12:25:00,32.54,32.58,32.53,32.58,0,0,26699
8356,2020-10-15 12:26:00,32.57,32.61,32.57,32.61,0,0,16009
8357,2020-10-15 12:27:00,32.6,32.6,32.56,32.56,0,0,11709
8358,2020-10-15 12:28:00,32.56,32.57,32.52,32.55,0,0,26298
8359,2020-10-15 12:29:00,32.56,32.59,32.56,32.57,0,0,9344
8360,2020-10-15 12:30:00,32.56,32.58,32.56,32.56,0,0,9001
8361,2020-10-15 12:31:00,32.57,32.62,32.56,32.6,0,0,8896
8362,2020-10-15 12:32:00,32.58,32.58,32.51,32.51,0,0,6673
8363,2020-10-15 12:33:00,32.52,32.52,32.45,32.49,0,0,66823
8364,2020-10-15 12:34:00,32.48,32.51,32.48,32.51,0,0,9250
8365,2020-10-15 12:35:00,32.5,32.5,32.49,32.49,0,0,6853
8366,2020-10-15 12:36:00,32.5,32.51,32.49,32.49,0,0,8632
8367,2020-10-15 12:37:00,32.49,32.51,32.47,32.47,0,0,7374
8368,2020-10-15 12:38:00,32.48,32.49,32.46,32.47,0,0,13180
8369,2020-10-15 12:39:00,32.48,32.49,32.48,32.49,0,0,4180
8370,2020-10-15 12:40:00,32.49,32.51,32.47,32.5,0,0,21479
8371,2020-10-15 12:41:00,32.5,32.51,32.49,32.5,0,0,11082
8372,2020-10-15 12:42:00,32.49,32.49,32.46,32.46,0,0,8928
8373,2020-10-15 12:43:00,32.46,32.46,32.4,32.42,0,0,8798
8374,2020-10-15 12:44:00,32.42,32.44,32.41,32.44,0,0,9804
8375,2020-10-15 12:45:00,32.44,32.46,32.43,32.44,0,0,7525
8376,2020-10-15 12:46:00,32.44,32.45,32.44,32.45,0,0,5030
8377,2020-10-15 12:47:00,32.46,32.51,32.46,32.49,0,0,12310
8378,2020-10-15 12:48:00,32.49,32.49,32.44,32.44,0,0,8515
8379,2020-10-15 12:49:00,32.44,32.46,32.44,32.45,0,0,4687
8380,2020-10-15 12:50:00,32.45,32.48,32.44,32.48,0,0,7409
8381,2020-10-15 12:51:00,32.49,32.51,32.48,32.51,0,0,8593
8382,2020-10-15 12:52:00,32.51,32.54,32.5,32.52,0,0,12150
8383,2020-10-15 12:53:00,32.53,32.53,32.5,32.51,0,0,8952
8384,2020-10-15 12:54:00,32.51,32.54,32.5,32.53,0,0,10579
8385,2020-10-15 12:55:00,32.53,32.55,32.51,32.53,0,0,15462
8386,2020-10-15 12:56:00,32.54,32.54,32.52,32.53,0,0,7233
8387,2020-10-15 12:57:00,32.52,32.52,32.49,32.49,0,0,8818
8388,2020-10-15 12:58:00,32.49,32.5,32.45,32.47,0,0,7812
8389,2020-10-15 12:59:00,32.47,32.5,32.47,32.49,0,0,10959
8390,2020-10-15 13:00:00,32.49,32.51,32.49,32.5,0,0,9515
8391,2020-10-15 13:01:00,32.49,32.49,32.48,32.49,0,0,5526
8392,2020-10-15 13:02:00,32.49,32.49,32.46,32.48,0,0,15713
8393,2020-10-15 13:03:00,32.47,32.49,32.46,32.47,0,0,12963
8394,2020-10-15 13:04:00,32.47,32.49,32.47,32.49,0,0,6241
8395,2020-10-15 13:05:00,32.49,32.49,32.42,32.47,0,0,71007
8396,2020-10-15 13:06:00,32.47,32.48,32.45,32.45,0,0,12407
8397,2020-10-15 13:07:00,32.46,32.49,32.46,32.47,0,0,14205
8398,2020-10-15 13:08:00,32.48,32.48,32.44,32.48,0,0,8465
8399,2020-10-15 13:09:00,32.48,32.48,32.47,32.48,0,0,9210
8400,2020-10-15 13:10:00,32.47,32.47,32.46,32.47,0,0,6449
8401,2020-10-15 13:11:00,32.47,32.47,32.44,32.45,0,0,5618
8402,2020-10-15 13:12:00,32.44,32.46,32.42,32.46,0,0,12736
8403,2020-10-15 13:13:00,32.46,32.47,32.45,32.47,0,0,9562
8404,2020-10-15 13:14:00,32.47,32.47,32.38,32.4,0,0,20130
8405,2020-10-15 13:15:00,32.39,32.44,32.38,32.44,0,0,16513
8406,2020-10-15 13:16:00,32.44,32.48,32.43,32.47,0,0,20277
8407,2020-10-15 13:17:00,32.48,32.48,32.37,32.37,0,0,27261
8408,2020-10-15 13:18:00,32.38,32.4,32.36,32.4,0,0,21942
8409,2020-10-15 13:19:00,32.4,32.43,32.4,32.4,0,0,14102
8410,2020-10-15 13:20:00,32.4,32.43,32.39,32.39,0,0,12759
8411,2020-10-15 13:21:00,32.4,32.4,32.37,32.37,0,0,10771
8412,2020-10-15 13:22:00,32.38,32.38,32.28,32.3,0,0,51675
8413,2020-10-15 13:23:00,32.29,32.31,32.24,32.27,0,0,41413
8414,2020-10-15 13:24:00,32.26,32.31,32.25,32.31,0,0,19454
8415,2020-10-15 13:25:00,32.31,32.31,32.29,32.3,0,0,11976
8416,2020-10-15 13:26:00,32.3,32.32,32.3,32.31,0,0,10330
8417,2020-10-15 13:27:00,32.31,32.31,32.26,32.26,0,0,7106
8418,2020-10-15 13:28:00,32.27,32.27,32.24,32.26,0,0,13410
8419,2020-10-15 13:29:00,32.26,32.28,32.26,32.26,0,0,7837
8420,2020-10-15 13:30:00,32.26,32.27,32.25,32.26,0,0,10283
8421,2020-10-15 13:31:00,32.26,32.28,32.26,32.28,0,0,5748
8422,2020-10-15 13:32:00,32.28,32.31,32.28,32.3,0,0,12665
8423,2020-10-15 13:33:00,32.3,32.31,32.28,32.3,0,0,13258
8424,2020-10-15 13:34:00,32.29,32.31,32.26,32.31,0,0,11547
8425,2020-10-15 13:35:00,32.31,32.35,32.31,32.33,0,0,11881
8426,2020-10-15 13:36:00,32.33,32.35,32.31,32.32,0,0,19978
8427,2020-10-15 13:37:00,32.33,32.34,32.31,32.31,0,0,11627
8428,2020-10-15 13:38:00,32.32,32.37,32.31,32.37,0,0,10980
8429,2020-10-15 13:39:00,32.38,32.4,32.36,32.36,0,0,9193
8430,2020-10-15 13:40:00,32.36,32.36,32.33,32.35,0,0,8684
8431,2020-10-15 13:41:00,32.35,32.36,32.34,32.35,0,0,18751
8432,2020-10-15 13:42:00,32.35,32.35,32.31,32.33,0,0,5696
8433,2020-10-15 13:43:00,32.33,32.33,32.31,32.32,0,0,9853
8434,2020-10-15 13:44:00,32.32,32.36,32.31,32.33,0,0,12521
8435,2020-10-15 13:45:00,32.35,32.37,32.35,32.37,0,0,14057
8436,2020-10-15 13:46:00,32.36,32.38,32.36,32.38,0,0,14416
8437,2020-10-15 13:47:00,32.38,32.39,32.36,32.38,0,0,15397
8438,2020-10-15 13:48:00,32.38,32.39,32.37,32.38,0,0,2699
8439,2020-10-15 13:49:00,32.38,32.38,32.35,32.35,0,0,7649
8440,2020-10-15 13:50:00,32.34,32.37,32.33,32.37,0,0,17019
8441,2020-10-15 13:51:00,32.37,32.39,32.36,32.37,0,0,8713
8442,2020-10-15 13:52:00,32.38,32.38,32.33,32.34,0,0,5003
8443,2020-10-15 13:53:00,32.34,32.41,32.33,32.41,0,0,12129
8444,2020-10-15 13:54:00,32.41,32.43,32.38,32.38,0,0,18453
8445,2020-10-15 13:55:00,32.38,32.39,32.38,32.38,0,0,7159
8446,2020-10-15 13:56:00,32.37,32.38,32.37,32.38,0,0,7921
8447,2020-10-15 13:57:00,32.39,32.4,32.39,32.4,0,0,11360
8448,2020-10-15 13:58:00,32.4,32.41,32.38,32.38,0,0,18128
8449,2020-10-15 13:59:00,32.38,32.42,32.38,32.38,0,0,13013
8450,2020-10-15 14:00:00,32.38,32.41,32.38,32.4,0,0,6958
8451,2020-10-15 14:01:00,32.39,32.39,32.33,32.33,0,0,15554
8452,2020-10-15 14:02:00,32.32,32.35,32.28,32.28,0,0,23383
8453,2020-10-15 14:03:00,32.29,32.3,32.23,32.24,0,0,63830
8454,2020-10-15 14:04:00,32.26,32.28,32.24,32.28,0,0,18092
8455,2020-10-15 14:05:00,32.27,32.27,32.26,32.26,0,0,7102
8456,2020-10-15 14:06:00,32.26,32.26,32.22,32.26,0,0,21689
8457,2020-10-15 14:07:00,32.26,32.28,32.25,32.28,0,0,17207
8458,2020-10-15 14:08:00,32.27,32.3,32.27,32.28,0,0,9574
8459,2020-10-15 14:09:00,32.29,32.29,32.28,32.28,0,0,14991
8460,2020-10-15 14:10:00,32.28,32.29,32.21,32.22,0,0,18564
8461,2020-10-15 14:11:00,32.21,32.22,32.12,32.12,0,0,43740
8462,2020-10-15 14:12:00,32.12,32.16,32.12,32.16,0,0,31539
8463,2020-10-15 14:13:00,32.15,32.22,32.15,32.21,0,0,23602
8464,2020-10-15 14:14:00,32.21,32.22,32.19,32.19,0,0,9114
8465,2020-10-15 14:15:00,32.19,32.22,32.19,32.22,0,0,14996
8466,2020-10-15 14:16:00,32.22,32.26,32.22,32.26,0,0,15321
8467,2020-10-15 14:17:00,32.27,32.27,32.22,32.24,0,0,12461
8468,2020-10-15 14:18:00,32.24,32.24,32.22,32.22,0,0,15803
8469,2020-10-15 14:19:00,32.23,32.25,32.23,32.24,0,0,11444
8470,2020-10-15 14:20:00,32.25,32.27,32.25,32.26,0,0,9613
8471,2020-10-15 14:21:00,32.26,32.26,32.23,32.24,0,0,9346
8472,2020-10-15 14:22:00,32.24,32.24,32.19,32.22,0,0,25542
8473,2020-10-15 14:23:00,32.22,32.24,32.22,32.22,0,0,12426
8474,2020-10-15 14:24:00,32.22,32.26,32.22,32.26,0,0,15942
8475,2020-10-15 14:25:00,32.25,32.27,32.25,32.27,0,0,4393
8476,2020-10-15 14:26:00,32.27,32.28,32.25,32.28,0,0,14392
8477,2020-10-15 14:27:00,32.28,32.28,32.26,32.28,0,0,7898
8478,2020-10-15 14:28:00,32.28,32.28,32.24,32.24,0,0,9104
8479,2020-10-15 14:29:00,32.24,32.26,32.2,32.26,0,0,23233
8480,2020-10-15 14:30:00,32.25,32.31,32.25,32.3,0,0,38929
8481,2020-10-15 14:31:00,32.31,32.34,32.3,32.34,0,0,10906
8482,2020-10-15 14:32:00,32.33,32.36,32.33,32.36,0,0,22055
8483,2020-10-15 14:33:00,32.35,32.37,32.35,32.37,0,0,11960
8484,2020-10-15 14:34:00,32.37,32.37,32.36,32.36,0,0,7571
8485,2020-10-15 14:35:00,32.36,32.37,32.29,32.3,0,0,27725
8486,2020-10-15 14:36:00,32.3,32.36,32.3,32.36,0,0,19854
8487,2020-10-15 14:37:00,32.35,32.37,32.35,32.37,0,0,12340
8488,2020-10-15 14:38:00,32.38,32.38,32.31,32.31,0,0,8980
8489,2020-10-15 14:39:00,32.31,32.32,32.27,32.31,0,0,30026
8490,2020-10-15 14:40:00,32.31,32.35,32.31,32.33,0,0,19825
8491,2020-10-15 14:41:00,32.33,32.35,32.33,32.34,0,0,12366
8492,2020-10-15 14:42:00,32.33,32.33,32.3,32.31,0,0,5746
8493,2020-10-15 14:43:00,32.31,32.31,32.27,32.27,0,0,6428
8494,2020-10-15 14:44:00,32.27,32.28,32.27,32.28,0,0,12289
8495,2020-10-15 14:45:00,32.28,32.29,32.27,32.27,0,0,6401
8496,2020-10-15 14:46:00,32.28,32.28,32.27,32.27,0,0,8974
8497,2020-10-15 14:47:00,32.27,32.28,32.26,32.28,0,0,14012
8498,2020-10-15 14:48:00,32.27,32.28,32.26,32.28,0,0,17722
8499,2020-10-15 14:49:00,32.28,32.28,32.27,32.28,0,0,12356
8500,2020-10-15 14:50:00,32.28,32.33,32.28,32.33,0,0,12279
8501,2020-10-15 14:51:00,32.33,32.34,32.28,32.28,0,0,15129
8502,2020-10-15 14:52:00,32.28,32.29,32.28,32.29,0,0,10529
8503,2020-10-15 14:53:00,32.28,32.31,32.28,32.28,0,0,15365
8504,2020-10-15 14:54:00,32.28,32.28,32.23,32.26,0,0,18419
8505,2020-10-15 14:55:00,32.25,32.28,32.24,32.28,0,0,13076
8506,2020-10-15 14:56:00,32.28,32.3,32.25,32.26,0,0,23323
8507,2020-10-15 14:57:00,32.26,32.29,32.24,32.27,0,0,14331
8508,2020-10-15 14:58:00,32.28,32.31,32.27,32.31,0,0,12609
8509,2020-10-15 14:59:00,32.31,32.36,32.31,32.36,0,0,17971
8510,2020-10-15 15:00:00,32.36,32.38,32.35,32.38,0,0,17626
8511,2020-10-15 15:01:00,32.37,32.4,32.37,32.4,0,0,6871
8512,2020-10-15 15:02:00,32.39,32.44,32.39,32.44,0,0,11826
8513,2020-10-15 15:03:00,32.44,32.47,32.43,32.45,0,0,28168
8514,2020-10-15 15:04:00,32.45,32.46,32.43,32.46,0,0,21002
8515,2020-10-15 15:05:00,32.46,32.49,32.46,32.46,0,0,34835
8516,2020-10-15 15:06:00,32.46,32.48,32.46,32.47,0,0,8631
8517,2020-10-15 15:07:00,32.47,32.49,32.46,32.48,0,0,6629
8518,2020-10-15 15:08:00,32.49,32.49,32.45,32.46,0,0,23807
8519,2020-10-15 15:09:00,32.45,32.5,32.45,32.5,0,0,30675
8520,2020-10-15 15:10:00,32.5,32.53,32.49,32.5,0,0,104175
8521,2020-10-15 15:11:00,32.51,32.51,32.42,32.42,0,0,30500
8522,2020-10-15 15:12:00,32.42,32.46,32.42,32.46,0,0,39432
8523,2020-10-15 15:13:00,32.46,32.46,32.42,32.44,0,0,18489
8524,2020-10-15 15:14:00,32.44,32.47,32.43,32.43,0,0,11227
8525,2020-10-15 15:15:00,32.43,32.45,32.43,32.45,0,0,10806
8526,2020-10-15 15:16:00,32.45,32.47,32.45,32.46,0,0,7330
8527,2020-10-15 15:17:00,32.46,32.52,32.46,32.52,0,0,20577
8528,2020-10-15 15:18:00,32.52,32.53,32.51,32.51,0,0,14805
8529,2020-10-15 15:19:00,32.51,32.53,32.49,32.53,0,0,9145
8530,2020-10-15 15:20:00,32.52,32.52,32.5,32.51,0,0,8007
8531,2020-10-15 15:21:00,32.51,32.52,32.51,32.51,0,0,13804
8532,2020-10-15 15:22:00,32.5,32.52,32.49,32.52,0,0,9296
8533,2020-10-15 15:23:00,32.52,32.52,32.5,32.51,0,0,8765
8534,2020-10-15 15:24:00,32.51,32.53,32.51,32.52,0,0,8997
8535,2020-10-15 15:25:00,32.51,32.59,32.51,32.58,0,0,25440
8536,2020-10-15 15:26:00,32.59,32.59,32.54,32.56,0,0,15362
8537,2020-10-15 15:27:00,32.56,32.57,32.56,32.57,0,0,4075
8538,2020-10-15 15:28:00,32.57,32.58,32.56,32.58,0,0,17006
8539,2020-10-15 15:29:00,32.57,32.58,32.56,32.57,0,0,5260
8540,2020-10-15 15:30:00,32.58,32.58,32.52,32.55,0,0,22862
8541,2020-10-15 15:31:00,32.54,32.56,32.54,32.56,0,0,10564
8542,2020-10-15 15:32:00,32.56,32.6,32.56,32.59,0,0,15123
8543,2020-10-15 15:33:00,32.6,32.6,32.54,32.54,0,0,12911
8544,2020-10-15 15:34:00,32.55,32.56,32.5,32.53,0,0,28029
8545,2020-10-15 15:35:00,32.53,32.56,32.53,32.56,0,0,9778
8546,2020-10-15 15:36:00,32.56,32.58,32.55,32.56,0,0,20002
8547,2020-10-15 15:37:00,32.55,32.56,32.53,32.54,0,0,14113
8548,2020-10-15 15:38:00,32.54,32.54,32.52,32.52,0,0,13681
8549,2020-10-15 15:39:00,32.53,32.54,32.51,32.52,0,0,17077
8550,2020-10-15 15:40:00,32.52,32.53,32.51,32.52,0,0,22878
8551,2020-10-15 15:41:00,32.51,32.59,32.51,32.58,0,0,27076
8552,2020-10-15 15:42:00,32.58,32.58,32.55,32.55,0,0,16066
8553,2020-10-15 15:43:00,32.56,32.56,32.55,32.55,0,0,6944
8554,2020-10-15 15:44:00,32.54,32.55,32.49,32.51,0,0,25882
8555,2020-10-15 15:45:00,32.51,32.51,32.44,32.49,0,0,41197
8556,2020-10-15 15:46:00,32.5,32.52,32.49,32.52,0,0,17386
8557,2020-10-15 15:47:00,32.52,32.54,32.49,32.49,0,0,24222
8558,2020-10-15 15:48:00,32.49,32.51,32.49,32.49,0,0,21625
8559,2020-10-15 15:49:00,32.49,32.52,32.48,32.51,0,0,18840
8560,2020-10-15 15:50:00,32.5,32.53,32.46,32.51,0,0,49874
8561,2020-10-15 15:51:00,32.5,32.51,32.49,32.51,0,0,22158
8562,2020-10-15 15:52:00,32.5,32.51,32.47,32.5,0,0,53093
8563,2020-10-15 15:53:00,32.5,32.53,32.49,32.52,0,0,30104
8564,2020-10-15 15:54:00,32.53,32.53,32.48,32.49,0,0,30539
8565,2020-10-15 15:55:00,32.49,32.51,32.48,32.5,0,0,54272
8566,2020-10-15 15:56:00,32.5,32.55,32.49,32.54,0,0,60858
8567,2020-10-15 15:57:00,32.55,32.59,32.53,32.58,0,0,72195
8568,2020-10-15 15:58:00,32.59,32.6,32.55,32.59,0,0,124714
8569,2020-10-15 15:59:00,32.6,32.61,32.56,32.56,0,0,129815
8570,2020-10-16 09:30:00,32.87,32.9,32.75,32.81,0,0,138080
8571,2020-10-16 09:31:00,32.81,32.87,32.79,32.83,0,0,118832
8572,2020-10-16 09:32:00,32.83,32.97,32.83,32.94,0,0,63900
8573,2020-10-16 09:33:00,32.97,33.06,32.95,33.01,0,0,122090
8574,2020-10-16 09:34:00,33.01,33.09,32.96,33.04,0,0,46613
8575,2020-10-16 09:35:00,33.07,33.07,32.75,32.78,0,0,47295
8576,2020-10-16 09:36:00,32.77,32.82,32.76,32.79,0,0,26973
8577,2020-10-16 09:37:00,32.79,32.79,32.7,32.75,0,0,31038
8578,2020-10-16 09:38:00,32.75,32.8,32.73,32.74,0,0,12233
8579,2020-10-16 09:39:00,32.74,32.79,32.72,32.72,0,0,18353
8580,2020-10-16 09:40:00,32.71,32.81,32.71,32.76,0,0,53439
8581,2020-10-16 09:41:00,32.76,32.82,32.75,32.8,0,0,35179
8582,2020-10-16 09:42:00,32.81,32.87,32.8,32.86,0,0,26521
8583,2020-10-16 09:43:00,32.86,32.94,32.86,32.89,0,0,27082
8584,2020-10-16 09:44:00,32.89,32.99,32.89,32.99,0,0,19431
8585,2020-10-16 09:45:00,32.96,33.04,32.85,32.87,0,0,64769
8586,2020-10-16 09:46:00,32.86,32.9,32.84,32.88,0,0,32083
8587,2020-10-16 09:47:00,32.88,32.91,32.88,32.9,0,0,11245
8588,2020-10-16 09:48:00,32.91,32.93,32.81,32.81,0,0,23855
8589,2020-10-16 09:49:00,32.8,32.81,32.65,32.66,0,0,50018
8590,2020-10-16 09:50:00,32.65,32.66,32.58,32.62,0,0,26009
8591,2020-10-16 09:51:00,32.63,32.63,32.53,32.54,0,0,51004
8592,2020-10-16 09:52:00,32.55,32.68,32.55,32.68,0,0,13358
8593,2020-10-16 09:53:00,32.68,32.69,32.65,32.67,0,0,22640
8594,2020-10-16 09:54:00,32.66,32.66,32.58,32.61,0,0,22956
8595,2020-10-16 09:55:00,32.61,32.69,32.61,32.69,0,0,12759
8596,2020-10-16 09:56:00,32.67,32.71,32.62,32.62,0,0,19159
8597,2020-10-16 09:57:00,32.63,32.69,32.63,32.68,0,0,7366
8598,2020-10-16 09:58:00,32.68,32.69,32.62,32.64,0,0,14068
8599,2020-10-16 09:59:00,32.62,32.67,32.62,32.67,0,0,13629
8600,2020-10-16 10:00:00,32.67,32.69,32.65,32.69,0,0,3715
8601,2020-10-16 10:01:00,32.66,32.75,32.65,32.7,0,0,31915
8602,2020-10-16 10:02:00,32.7,32.74,32.69,32.74,0,0,14472
8603,2020-10-16 10:03:00,32.75,32.76,32.72,32.75,0,0,9856
8604,2020-10-16 10:04:00,32.75,32.81,32.74,32.74,0,0,31819
8605,2020-10-16 10:05:00,32.76,32.79,32.65,32.69,0,0,39446
8606,2020-10-16 10:06:00,32.68,32.7,32.58,32.7,0,0,29851
8607,2020-10-16 10:07:00,32.7,32.72,32.69,32.72,0,0,17953
8608,2020-10-16 10:08:00,32.72,32.74,32.7,32.71,0,0,9527
8609,2020-10-16 10:09:00,32.71,32.71,32.63,32.65,0,0,21554
8610,2020-10-16 10:10:00,32.65,32.69,32.64,32.65,0,0,17355
8611,2020-10-16 10:11:00,32.65,32.66,32.61,32.63,0,0,25735
8612,2020-10-16 10:12:00,32.64,32.65,32.61,32.61,0,0,30653
8613,2020-10-16 10:13:00,32.62,32.63,32.52,32.53,0,0,36695
8614,2020-10-16 10:14:00,32.53,32.57,32.48,32.55,0,0,31563
8615,2020-10-16 10:15:00,32.54,32.56,32.51,32.56,0,0,10170
8616,2020-10-16 10:16:00,32.56,32.56,32.53,32.54,0,0,9589
8617,2020-10-16 10:17:00,32.55,32.6,32.55,32.6,0,0,7670
8618,2020-10-16 10:18:00,32.61,32.65,32.61,32.65,0,0,12978
8619,2020-10-16 10:19:00,32.64,32.68,32.63,32.63,0,0,24678
8620,2020-10-16 10:20:00,32.63,32.65,32.61,32.63,0,0,10713
8621,2020-10-16 10:21:00,32.62,32.66,32.62,32.63,0,0,8023
8622,2020-10-16 10:22:00,32.63,32.65,32.63,32.63,0,0,9032
8623,2020-10-16 10:23:00,32.63,32.66,32.62,32.62,0,0,16338
8624,2020-10-16 10:24:00,32.62,32.64,32.6,32.63,0,0,13006
8625,2020-10-16 10:25:00,32.64,32.66,32.62,32.62,0,0,11722
8626,2020-10-16 10:26:00,32.63,32.64,32.62,32.63,0,0,6818
8627,2020-10-16 10:27:00,32.63,32.65,32.63,32.65,0,0,23516
8628,2020-10-16 10:28:00,32.65,32.68,32.64,32.67,0,0,9026
8629,2020-10-16 10:29:00,32.67,32.68,32.64,32.66,0,0,18059
8630,2020-10-16 10:30:00,32.67,32.68,32.65,32.68,0,0,7651
8631,2020-10-16 10:31:00,32.67,32.73,32.67,32.73,0,0,13373
8632,2020-10-16 10:32:00,32.71,32.75,32.71,32.74,0,0,12317
8633,2020-10-16 10:33:00,32.72,32.76,32.72,32.74,0,0,19706
8634,2020-10-16 10:34:00,32.74,32.75,32.72,32.74,0,0,15127
8635,2020-10-16 10:35:00,32.74,32.74,32.69,32.69,0,0,26148
8636,2020-10-16 10:36:00,32.69,32.69,32.6,32.62,0,0,24498
8637,2020-10-16 10:37:00,32.63,32.67,32.62,32.67,0,0,10957
8638,2020-10-16 10:38:00,32.67,32.69,32.65,32.69,0,0,15363
8639,2020-10-16 10:39:00,32.69,32.72,32.68,32.72,0,0,8337
8640,2020-10-16 10:40:00,32.72,32.73,32.69,32.73,0,0,13489
8641,2020-10-16 10:41:00,32.74,32.74,32.7,32.72,0,0,8453
8642,2020-10-16 10:42:00,32.72,32.75,32.72,32.74,0,0,6537
8643,2020-10-16 10:43:00,32.74,32.74,32.69,32.72,0,0,14054
8644,2020-10-16 10:44:00,32.72,32.75,32.71,32.74,0,0,7078
8645,2020-10-16 10:45:00,32.75,32.76,32.74,32.76,0,0,9906
8646,2020-10-16 10:46:00,32.75,32.75,32.7,32.7,0,0,13840
8647,2020-10-16 10:47:00,32.71,32.73,32.69,32.71,0,0,14483
8648,2020-10-16 10:48:00,32.7,32.71,32.69,32.71,0,0,13961
8649,2020-10-16 10:49:00,32.71,32.71,32.66,32.67,0,0,20307
8650,2020-10-16 10:50:00,32.67,32.68,32.65,32.67,0,0,35966
8651,2020-10-16 10:51:00,32.67,32.71,32.67,32.7,0,0,12060
8652,2020-10-16 10:52:00,32.7,32.71,32.66,32.66,0,0,7977
8653,2020-10-16 10:53:00,32.67,32.72,32.65,32.71,0,0,25631
8654,2020-10-16 10:54:00,32.71,32.73,32.71,32.72,0,0,7259
8655,2020-10-16 10:55:00,32.72,32.74,32.72,32.72,0,0,5430
8656,2020-10-16 10:56:00,32.72,32.72,32.69,32.71,0,0,8646
8657,2020-10-16 10:57:00,32.7,32.72,32.69,32.7,0,0,18480
8658,2020-10-16 10:58:00,32.69,32.71,32.69,32.71,0,0,12813
8659,2020-10-16 10:59:00,32.71,32.72,32.7,32.72,0,0,10539
8660,2020-10-16 11:01:00,32.72,32.72,32.72,32.72,0,0,30889
8661,2020-10-16 11:02:00,32.71,32.73,32.7,32.73,0,0,11462
8662,2020-10-16 11:03:00,32.74,32.74,32.73,32.74,0,0,5969
8663,2020-10-16 11:04:00,32.74,32.74,32.72,32.72,0,0,8996
8664,2020-10-16 11:05:00,32.72,32.72,32.69,32.71,0,0,5558
8665,2020-10-16 11:06:00,32.7,32.71,32.69,32.69,0,0,4839
8666,2020-10-16 11:07:00,32.69,32.7,32.66,32.68,0,0,26643
8667,2020-10-16 11:08:00,32.67,32.67,32.61,32.62,0,0,22287
8668,2020-10-16 11:09:00,32.62,32.63,32.6,32.63,0,0,16758
8669,2020-10-16 11:10:00,32.63,32.68,32.63,32.67,0,0,31005
8670,2020-10-16 11:11:00,32.68,32.72,32.68,32.71,0,0,16945
8671,2020-10-16 11:12:00,32.7,32.72,32.7,32.71,0,0,5024
8672,2020-10-16 11:13:00,32.71,32.71,32.7,32.71,0,0,3455
8673,2020-10-16 11:14:00,32.71,32.72,32.7,32.72,0,0,13869
8674,2020-10-16 11:15:00,32.71,32.72,32.69,32.7,0,0,20223
8675,2020-10-16 11:16:00,32.71,32.72,32.69,32.7,0,0,13427
8676,2020-10-16 11:17:00,32.7,32.7,32.69,32.69,0,0,26980
8677,2020-10-16 11:18:00,32.68,32.69,32.67,32.67,0,0,23051
8678,2020-10-16 11:19:00,32.67,32.74,32.67,32.72,0,0,19102
8679,2020-10-16 11:20:00,32.72,32.72,32.66,32.66,0,0,35057
8680,2020-10-16 11:21:00,32.66,32.67,32.65,32.67,0,0,18750
8681,2020-10-16 11:22:00,32.67,32.7,32.66,32.69,0,0,25400
8682,2020-10-16 11:23:00,32.68,32.69,32.61,32.65,0,0,42076
8683,2020-10-16 11:24:00,32.65,32.67,32.62,32.62,0,0,42525
8684,2020-10-16 11:25:00,32.61,32.61,32.53,32.56,0,0,20671
8685,2020-10-16 11:26:00,32.55,32.55,32.47,32.48,0,0,41089
8686,2020-10-16 11:27:00,32.47,32.51,32.45,32.49,0,0,31330
8687,2020-10-16 11:28:00,32.49,32.49,32.47,32.47,0,0,9590
8688,2020-10-16 11:29:00,32.47,32.48,32.43,32.44,0,0,17958
8689,2020-10-16 11:30:00,32.42,32.44,32.39,32.44,0,0,40491
8690,2020-10-16 11:31:00,32.43,32.51,32.42,32.51,0,0,25211
8691,2020-10-16 11:32:00,32.5,32.52,32.47,32.49,0,0,12833
8692,2020-10-16 11:33:00,32.47,32.51,32.47,32.49,0,0,19261
8693,2020-10-16 11:34:00,32.5,32.56,32.5,32.55,0,0,24368
8694,2020-10-16 11:35:00,32.54,32.55,32.52,32.53,0,0,6093
8695,2020-10-16 11:36:00,32.53,32.59,32.53,32.58,0,0,12489
8696,2020-10-16 11:37:00,32.58,32.6,32.54,32.57,0,0,18354
8697,2020-10-16 11:38:00,32.57,32.59,32.54,32.55,0,0,7207
8698,2020-10-16 11:39:00,32.56,32.56,32.48,32.49,0,0,12781
8699,2020-10-16 11:40:00,32.49,32.49,32.45,32.46,0,0,22564
8700,2020-10-16 11:41:00,32.47,32.51,32.44,32.5,0,0,37239
8701,2020-10-16 11:42:00,32.51,32.52,32.5,32.5,0,0,12504
8702,2020-10-16 11:43:00,32.49,32.53,32.49,32.52,0,0,6643
8703,2020-10-16 11:44:00,32.53,32.53,32.52,32.52,0,0,4688
8704,2020-10-16 11:45:00,32.53,32.56,32.51,32.56,0,0,8830
8705,2020-10-16 11:46:00,32.55,32.56,32.55,32.55,0,0,6453
8706,2020-10-16 11:47:00,32.55,32.56,32.52,32.53,0,0,11714
8707,2020-10-16 11:48:00,32.53,32.55,32.53,32.53,0,0,7393
8708,2020-10-16 11:49:00,32.54,32.56,32.52,32.55,0,0,17688
8709,2020-10-16 11:50:00,32.56,32.6,32.56,32.59,0,0,13531
8710,2020-10-16 11:51:00,32.59,32.6,32.58,32.58,0,0,12070
8711,2020-10-16 11:52:00,32.57,32.57,32.53,32.55,0,0,23445
8712,2020-10-16 11:53:00,32.54,32.56,32.53,32.56,0,0,28827
8713,2020-10-16 11:54:00,32.56,32.59,32.55,32.58,0,0,11349
8714,2020-10-16 11:55:00,32.57,32.59,32.57,32.58,0,0,7399
8715,2020-10-16 11:56:00,32.59,32.6,32.57,32.57,0,0,11261
8716,2020-10-16 11:57:00,32.57,32.58,32.56,32.58,0,0,6790
8717,2020-10-16 11:58:00,32.57,32.6,32.57,32.6,0,0,6376
8718,2020-10-16 11:59:00,32.59,32.61,32.59,32.6,0,0,10298
8719,2020-10-16 12:00:00,32.59,32.59,32.57,32.59,0,0,15925
8720,2020-10-16 12:01:00,32.6,32.61,32.58,32.6,0,0,9661
8721,2020-10-16 12:02:00,32.6,32.64,32.6,32.64,0,0,9818
8722,2020-10-16 12:03:00,32.64,32.7,32.64,32.69,0,0,14869
8723,2020-10-16 12:04:00,32.7,32.7,32.66,32.67,0,0,28654
8724,2020-10-16 12:05:00,32.67,32.68,32.66,32.66,0,0,16009
8725,2020-10-16 12:06:00,32.66,32.69,32.6,32.6,0,0,16029
8726,2020-10-16 12:07:00,32.58,32.6,32.56,32.58,0,0,9954
8727,2020-10-16 12:08:00,32.58,32.6,32.58,32.58,0,0,2471
8728,2020-10-16 12:09:00,32.6,32.6,32.59,32.6,0,0,3935
8729,2020-10-16 12:10:00,32.6,32.62,32.58,32.58,0,0,3343
8730,2020-10-16 12:11:00,32.58,32.59,32.54,32.54,0,0,4257
8731,2020-10-16 12:12:00,32.54,32.55,32.52,32.54,0,0,10382
8732,2020-10-16 12:13:00,32.54,32.54,32.51,32.54,0,0,9759
8733,2020-10-16 12:14:00,32.55,32.58,32.54,32.58,0,0,5076
8734,2020-10-16 12:15:00,32.58,32.6,32.58,32.59,0,0,7041
8735,2020-10-16 12:16:00,32.59,32.61,32.58,32.6,0,0,5673
8736,2020-10-16 12:17:00,32.6,32.61,32.58,32.6,0,0,41069
8737,2020-10-16 12:18:00,32.6,32.62,32.59,32.6,0,0,4142
8738,2020-10-16 12:19:00,32.61,32.63,32.61,32.62,0,0,3618
8739,2020-10-16 12:20:00,32.63,32.64,32.6,32.6,0,0,3384
8740,2020-10-16 12:21:00,32.61,32.62,32.6,32.62,0,0,4153
8741,2020-10-16 12:22:00,32.61,32.62,32.6,32.6,0,0,4182
8742,2020-10-16 12:23:00,32.6,32.63,32.6,32.6,0,0,3083
8743,2020-10-16 12:24:00,32.6,32.62,32.6,32.62,0,0,15271
8744,2020-10-16 12:25:00,32.62,32.62,32.6,32.62,0,0,7948
8745,2020-10-16 12:26:00,32.62,32.64,32.62,32.64,0,0,4511
8746,2020-10-16 12:27:00,32.64,32.65,32.63,32.63,0,0,5635
8747,2020-10-16 12:28:00,32.64,32.64,32.62,32.63,0,0,3439
8748,2020-10-16 12:29:00,32.63,32.63,32.62,32.63,0,0,3680
8749,2020-10-16 12:30:00,32.62,32.64,32.62,32.63,0,0,6985
8750,2020-10-16 12:31:00,32.63,32.63,32.61,32.61,0,0,4096
8751,2020-10-16 12:32:00,32.61,32.61,32.55,32.6,0,0,17641
8752,2020-10-16 12:33:00,32.58,32.6,32.58,32.6,0,0,5774
8753,2020-10-16 12:34:00,32.6,32.6,32.58,32.58,0,0,8593
8754,2020-10-16 12:35:00,32.58,32.58,32.55,32.56,0,0,2941
8755,2020-10-16 12:36:00,32.56,32.57,32.53,32.53,0,0,7137
8756,2020-10-16 12:37:00,32.53,32.54,32.51,32.52,0,0,14175
8757,2020-10-16 12:38:00,32.52,32.55,32.51,32.54,0,0,8069
8758,2020-10-16 12:39:00,32.53,32.54,32.53,32.54,0,0,3729
8759,2020-10-16 12:40:00,32.53,32.56,32.52,32.54,0,0,4398
8760,2020-10-16 12:41:00,32.54,32.54,32.51,32.51,0,0,5274
8761,2020-10-16 12:42:00,32.5,32.5,32.47,32.49,0,0,16163
8762,2020-10-16 12:43:00,32.49,32.53,32.49,32.51,0,0,11105
8763,2020-10-16 12:44:00,32.53,32.55,32.53,32.53,0,0,7693
8764,2020-10-16 12:45:00,32.54,32.55,32.51,32.54,0,0,3505
8765,2020-10-16 12:46:00,32.55,32.57,32.54,32.56,0,0,10129
8766,2020-10-16 12:47:00,32.55,32.56,32.54,32.56,0,0,9005
8767,2020-10-16 12:48:00,32.57,32.57,32.55,32.56,0,0,3554
8768,2020-10-16 12:49:00,32.55,32.58,32.54,32.58,0,0,8887
8769,2020-10-16 12:50:00,32.57,32.58,32.55,32.56,0,0,5669
8770,2020-10-16 12:51:00,32.55,32.55,32.53,32.54,0,0,3254
8771,2020-10-16 12:52:00,32.55,32.56,32.54,32.54,0,0,2893
8772,2020-10-16 12:53:00,32.54,32.56,32.53,32.54,0,0,3525
8773,2020-10-16 12:54:00,32.54,32.57,32.54,32.57,0,0,9507
8774,2020-10-16 12:55:00,32.58,32.58,32.55,32.55,0,0,5838
8775,2020-10-16 12:56:00,32.54,32.57,32.54,32.56,0,0,5425
8776,2020-10-16 12:57:00,32.57,32.58,32.56,32.58,0,0,8678
8777,2020-10-16 12:58:00,32.58,32.6,32.57,32.58,0,0,3651
8778,2020-10-16 12:59:00,32.57,32.58,32.56,32.58,0,0,7935
8779,2020-10-16 13:00:00,32.58,32.58,32.56,32.56,0,0,4131
8780,2020-10-16 13:01:00,32.56,32.58,32.56,32.57,0,0,4105
8781,2020-10-16 13:02:00,32.58,32.6,32.58,32.6,0,0,3403
8782,2020-10-16 13:03:00,32.6,32.62,32.6,32.61,0,0,27083
8783,2020-10-16 13:04:00,32.62,32.64,32.61,32.61,0,0,9866
8784,2020-10-16 13:05:00,32.62,32.63,32.62,32.63,0,0,3383
8785,2020-10-16 13:06:00,32.63,32.63,32.6,32.62,0,0,4255
8786,2020-10-16 13:07:00,32.62,32.64,32.62,32.63,0,0,7525
8787,2020-10-16 13:08:00,32.62,32.66,32.62,32.66,0,0,7201
8788,2020-10-16 13:09:00,32.67,32.69,32.67,32.69,0,0,2901
8789,2020-10-16 13:10:00,32.68,32.69,32.67,32.68,0,0,3042
8790,2020-10-16 13:11:00,32.69,32.7,32.68,32.69,0,0,6125
8791,2020-10-16 13:12:00,32.71,32.72,32.71,32.72,0,0,8234
8792,2020-10-16 13:13:00,32.72,32.72,32.69,32.7,0,0,5181
8793,2020-10-16 13:14:00,32.7,32.71,32.7,32.71,0,0,2774
8794,2020-10-16 13:15:00,32.71,32.71,32.69,32.69,0,0,6552
8795,2020-10-16 13:16:00,32.69,32.73,32.69,32.73,0,0,8007
8796,2020-10-16 13:17:00,32.72,32.72,32.69,32.69,0,0,9826
8797,2020-10-16 13:18:00,32.69,32.69,32.68,32.69,0,0,5057
8798,2020-10-16 13:19:00,32.69,32.71,32.68,32.69,0,0,7082
8799,2020-10-16 13:20:00,32.68,32.7,32.67,32.7,0,0,7872
8800,2020-10-16 13:21:00,32.7,32.72,32.69,32.69,0,0,4431
8801,2020-10-16 13:22:00,32.7,32.71,32.69,32.7,0,0,4328
8802,2020-10-16 13:23:00,32.69,32.72,32.68,32.69,0,0,9167
8803,2020-10-16 13:24:00,32.69,32.69,32.66,32.67,0,0,3140
8804,2020-10-16 13:25:00,32.66,32.67,32.64,32.65,0,0,5058
8805,2020-10-16 13:26:00,32.66,32.66,32.63,32.63,0,0,4739
8806,2020-10-16 13:27:00,32.63,32.66,32.63,32.66,0,0,5199
8807,2020-10-16 13:28:00,32.65,32.67,32.63,32.65,0,0,7414
8808,2020-10-16 13:29:00,32.65,32.66,32.63,32.63,0,0,34938
8809,2020-10-16 13:30:00,32.64,32.65,32.6,32.6,0,0,30817
8810,2020-10-16 13:31:00,32.6,32.62,32.59,32.59,0,0,64519
8811,2020-10-16 13:32:00,32.6,32.62,32.6,32.6,0,0,5760
8812,2020-10-16 13:33:00,32.6,32.6,32.59,32.6,0,0,2706
8813,2020-10-16 13:34:00,32.6,32.62,32.6,32.61,0,0,6038
8814,2020-10-16 13:35:00,32.61,32.61,32.6,32.61,0,0,8927
8815,2020-10-16 13:36:00,32.61,32.65,32.6,32.65,0,0,4847
8816,2020-10-16 13:37:00,32.65,32.65,32.63,32.64,0,0,7576
8817,2020-10-16 13:38:00,32.64,32.65,32.63,32.63,0,0,3712
8818,2020-10-16 13:39:00,32.63,32.65,32.62,32.64,0,0,2392
8819,2020-10-16 13:40:00,32.64,32.69,32.64,32.69,0,0,10108
8820,2020-10-16 13:41:00,32.69,32.69,32.67,32.69,0,0,2688
8821,2020-10-16 13:42:00,32.68,32.68,32.65,32.67,0,0,5233
8822,2020-10-16 13:43:00,32.66,32.66,32.65,32.65,0,0,9348
8823,2020-10-16 13:44:00,32.65,32.66,32.63,32.64,0,0,5469
8824,2020-10-16 13:45:00,32.64,32.65,32.61,32.61,0,0,10058
8825,2020-10-16 13:46:00,32.61,32.63,32.61,32.62,0,0,4101
8826,2020-10-16 13:47:00,32.63,32.65,32.62,32.65,0,0,22417
8827,2020-10-16 13:48:00,32.64,32.66,32.62,32.66,0,0,11900
8828,2020-10-16 13:49:00,32.66,32.68,32.65,32.68,0,0,4767
8829,2020-10-16 13:50:00,32.67,32.67,32.64,32.64,0,0,3369
8830,2020-10-16 13:51:00,32.63,32.65,32.63,32.63,0,0,10671
8831,2020-10-16 13:52:00,32.64,32.66,32.63,32.66,0,0,19098
8832,2020-10-16 13:53:00,32.65,32.66,32.64,32.65,0,0,12207
8833,2020-10-16 13:54:00,32.65,32.65,32.61,32.62,0,0,9736
8834,2020-10-16 13:55:00,32.61,32.62,32.58,32.59,0,0,9681
8835,2020-10-16 13:56:00,32.58,32.6,32.57,32.59,0,0,4246
8836,2020-10-16 13:57:00,32.59,32.6,32.57,32.58,0,0,13025
8837,2020-10-16 13:58:00,32.58,32.6,32.58,32.6,0,0,5693
8838,2020-10-16 13:59:00,32.6,32.63,32.6,32.63,0,0,4583
8839,2020-10-16 14:00:00,32.63,32.66,32.63,32.66,0,0,15984
8840,2020-10-16 14:01:00,32.64,32.64,32.62,32.64,0,0,1830
8841,2020-10-16 14:02:00,32.62,32.64,32.61,32.61,0,0,4609
8842,2020-10-16 14:03:00,32.61,32.62,32.58,32.59,0,0,7150
8843,2020-10-16 14:04:00,32.58,32.58,32.54,32.57,0,0,11480
8844,2020-10-16 14:05:00,32.56,32.59,32.56,32.59,0,0,1909
8845,2020-10-16 14:06:00,32.59,32.6,32.59,32.6,0,0,3208
8846,2020-10-16 14:07:00,32.6,32.62,32.59,32.59,0,0,5641
8847,2020-10-16 14:08:00,32.6,32.6,32.57,32.57,0,0,3076
8848,2020-10-16 14:09:00,32.58,32.58,32.57,32.57,0,0,1173
8849,2020-10-16 14:10:00,32.56,32.58,32.55,32.56,0,0,13660
8850,2020-10-16 14:11:00,32.56,32.58,32.56,32.58,0,0,5929
8851,2020-10-16 14:12:00,32.58,32.6,32.58,32.59,0,0,13261
8852,2020-10-16 14:13:00,32.59,32.6,32.56,32.58,0,0,4973
8853,2020-10-16 14:14:00,32.58,32.6,32.58,32.6,0,0,9922
8854,2020-10-16 14:15:00,32.6,32.6,32.56,32.56,0,0,6184
8855,2020-10-16 14:16:00,32.57,32.58,32.56,32.57,0,0,5877
8856,2020-10-16 14:17:00,32.57,32.57,32.55,32.56,0,0,3237
8857,2020-10-16 14:18:00,32.55,32.56,32.55,32.56,0,0,2964
8858,2020-10-16 14:19:00,32.56,32.58,32.55,32.58,0,0,3539
8859,2020-10-16 14:20:00,32.58,32.58,32.57,32.58,0,0,3037
8860,2020-10-16 14:21:00,32.57,32.58,32.54,32.54,0,0,7492
8861,2020-10-16 14:22:00,32.54,32.56,32.54,32.56,0,0,6751
8862,2020-10-16 14:23:00,32.56,32.56,32.54,32.54,0,0,5616
8863,2020-10-16 14:24:00,32.54,32.54,32.53,32.53,0,0,6951
8864,2020-10-16 14:25:00,32.52,32.53,32.52,32.53,0,0,7603
8865,2020-10-16 14:26:00,32.53,32.54,32.53,32.53,0,0,7475
8866,2020-10-16 14:27:00,32.53,32.55,32.53,32.54,0,0,9756
8867,2020-10-16 14:28:00,32.55,32.59,32.55,32.58,0,0,8847
8868,2020-10-16 14:29:00,32.57,32.58,32.56,32.57,0,0,2437
8869,2020-10-16 14:30:00,32.57,32.58,32.57,32.58,0,0,10364
8870,2020-10-16 14:31:00,32.58,32.6,32.58,32.6,0,0,9784
8871,2020-10-16 14:32:00,32.6,32.6,32.58,32.59,0,0,8833
8872,2020-10-16 14:33:00,32.59,32.59,32.55,32.55,0,0,3872
8873,2020-10-16 14:34:00,32.56,32.56,32.55,32.55,0,0,4003
8874,2020-10-16 14:35:00,32.55,32.55,32.54,32.54,0,0,2465
8875,2020-10-16 14:36:00,32.54,32.54,32.53,32.54,0,0,9993
8876,2020-10-16 14:37:00,32.55,32.58,32.55,32.56,0,0,14186
8877,2020-10-16 14:38:00,32.57,32.59,32.56,32.59,0,0,14597
8878,2020-10-16 14:39:00,32.59,32.6,32.58,32.58,0,0,7558
8879,2020-10-16 14:40:00,32.59,32.59,32.56,32.56,0,0,6597
8880,2020-10-16 14:41:00,32.56,32.58,32.56,32.58,0,0,7039
8881,2020-10-16 14:42:00,32.58,32.59,32.58,32.58,0,0,4160
8882,2020-10-16 14:43:00,32.58,32.59,32.58,32.58,0,0,3559
8883,2020-10-16 14:44:00,32.59,32.6,32.58,32.6,0,0,4054
8884,2020-10-16 14:45:00,32.59,32.6,32.58,32.6,0,0,5036
8885,2020-10-16 14:46:00,32.6,32.6,32.57,32.57,0,0,3999
8886,2020-10-16 14:47:00,32.58,32.6,32.58,32.6,0,0,9759
8887,2020-10-16 14:48:00,32.6,32.62,32.6,32.6,0,0,6625
8888,2020-10-16 14:49:00,32.6,32.6,32.58,32.6,0,0,7374
8889,2020-10-16 14:50:00,32.61,32.63,32.61,32.62,0,0,5984
8890,2020-10-16 14:51:00,32.63,32.63,32.62,32.62,0,0,3726
8891,2020-10-16 14:52:00,32.63,32.64,32.62,32.64,0,0,5076
8892,2020-10-16 14:53:00,32.64,32.65,32.62,32.64,0,0,4980
8893,2020-10-16 14:54:00,32.65,32.65,32.63,32.65,0,0,25123
8894,2020-10-16 14:55:00,32.64,32.67,32.64,32.67,0,0,11848
8895,2020-10-16 14:56:00,32.66,32.68,32.65,32.67,0,0,18861
8896,2020-10-16 14:57:00,32.67,32.67,32.65,32.65,0,0,5964
8897,2020-10-16 14:58:00,32.65,32.66,32.64,32.64,0,0,3643
8898,2020-10-16 14:59:00,32.63,32.65,32.63,32.64,0,0,11916
8899,2020-10-16 15:00:00,32.63,32.67,32.63,32.67,0,0,8079
8900,2020-10-16 15:01:00,32.67,32.67,32.65,32.67,0,0,5590
8901,2020-10-16 15:02:00,32.66,32.67,32.62,32.62,0,0,10126
8902,2020-10-16 15:03:00,32.62,32.62,32.61,32.61,0,0,7887
8903,2020-10-16 15:04:00,32.61,32.62,32.58,32.58,0,0,7028
8904,2020-10-16 15:05:00,32.58,32.59,32.56,32.57,0,0,9245
8905,2020-10-16 15:06:00,32.58,32.59,32.58,32.59,0,0,8424
8906,2020-10-16 15:07:00,32.6,32.61,32.58,32.59,0,0,5731
8907,2020-10-16 15:08:00,32.58,32.59,32.57,32.58,0,0,10210
8908,2020-10-16 15:09:00,32.59,32.62,32.58,32.6,0,0,10431
8909,2020-10-16 15:10:00,32.59,32.61,32.58,32.58,0,0,6367
8910,2020-10-16 15:11:00,32.58,32.59,32.57,32.58,0,0,8613
8911,2020-10-16 15:12:00,32.58,32.58,32.56,32.56,0,0,8661
8912,2020-10-16 15:13:00,32.56,32.56,32.54,32.54,0,0,9285
8913,2020-10-16 15:14:00,32.54,32.54,32.5,32.5,0,0,19560
8914,2020-10-16 15:15:00,32.51,32.53,32.5,32.53,0,0,14235
8915,2020-10-16 15:16:00,32.53,32.55,32.51,32.54,0,0,15162
8916,2020-10-16 15:17:00,32.55,32.55,32.51,32.51,0,0,7870
8917,2020-10-16 15:18:00,32.52,32.52,32.49,32.5,0,0,17173
8918,2020-10-16 15:19:00,32.51,32.53,32.5,32.51,0,0,9846
8919,2020-10-16 15:20:00,32.51,32.52,32.49,32.49,0,0,8181
8920,2020-10-16 15:21:00,32.5,32.51,32.49,32.5,0,0,20437
8921,2020-10-16 15:22:00,32.49,32.5,32.46,32.47,0,0,20110
8922,2020-10-16 15:23:00,32.47,32.47,32.44,32.44,0,0,18382
8923,2020-10-16 15:24:00,32.44,32.48,32.43,32.47,0,0,28451
8924,2020-10-16 15:25:00,32.47,32.47,32.43,32.44,0,0,9085
8925,2020-10-16 15:26:00,32.44,32.45,32.43,32.44,0,0,17251
8926,2020-10-16 15:27:00,32.45,32.46,32.43,32.44,0,0,12030
8927,2020-10-16 15:28:00,32.44,32.45,32.42,32.44,0,0,13268
8928,2020-10-16 15:29:00,32.44,32.45,32.42,32.42,0,0,25883
8929,2020-10-16 15:30:00,32.42,32.44,32.4,32.42,0,0,16457
8930,2020-10-16 15:31:00,32.41,32.42,32.4,32.4,0,0,11901
8931,2020-10-16 15:32:00,32.4,32.42,32.38,32.41,0,0,38660
8932,2020-10-16 15:33:00,32.4,32.41,32.37,32.37,0,0,15537
8933,2020-10-16 15:34:00,32.38,32.38,32.32,32.35,0,0,33118
8934,2020-10-16 15:35:00,32.36,32.37,32.34,32.36,0,0,37146
8935,2020-10-16 15:36:00,32.35,32.38,32.35,32.38,0,0,23663
8936,2020-10-16 15:37:00,32.38,32.39,32.37,32.38,0,0,17860
8937,2020-10-16 15:38:00,32.38,32.39,32.35,32.35,0,0,18499
8938,2020-10-16 15:39:00,32.35,32.36,32.33,32.35,0,0,25243
8939,2020-10-16 15:40:00,32.35,32.36,32.3,32.31,0,0,24482
8940,2020-10-16 15:41:00,32.31,32.32,32.26,32.27,0,0,26432
8941,2020-10-16 15:42:00,32.27,32.28,32.26,32.28,0,0,22933
8942,2020-10-16 15:43:00,32.28,32.28,32.21,32.22,0,0,65686
8943,2020-10-16 15:44:00,32.22,32.28,32.21,32.27,0,0,20601
8944,2020-10-16 15:45:00,32.28,32.28,32.25,32.27,0,0,28647
8945,2020-10-16 15:46:00,32.28,32.3,32.27,32.28,0,0,35295
8946,2020-10-16 15:47:00,32.28,32.29,32.26,32.28,0,0,18587
8947,2020-10-16 15:48:00,32.28,32.29,32.25,32.28,0,0,35923
8948,2020-10-16 15:49:00,32.28,32.29,32.26,32.26,0,0,31369
8949,2020-10-16 15:50:00,32.26,32.26,32.19,32.23,0,0,85833
8950,2020-10-16 15:51:00,32.24,32.24,32.13,32.15,0,0,59098
8951,2020-10-16 15:52:00,32.15,32.17,32.13,32.13,0,0,66382
8952,2020-10-16 15:53:00,32.14,32.16,32.12,32.12,0,0,41426
8953,2020-10-16 15:54:00,32.12,32.26,32.12,32.15,0,0,152960
8954,2020-10-16 15:55:00,32.16,32.2,32.15,32.18,0,0,63777
8955,2020-10-16 15:56:00,32.17,32.19,32.15,32.15,0,0,53118
8956,2020-10-16 15:57:00,32.15,32.25,32.15,32.24,0,0,63308
8957,2020-10-16 15:58:00,32.24,32.26,32.22,32.25,0,0,107237
8958,2020-10-16 15:59:00,32.25,32.26,32.2,32.24,0,0,218961
8959,2020-10-19 09:30:00,32.5,32.56,32.39,32.44,0,0,135697
8960,2020-10-19 09:31:00,32.48,32.56,32.44,32.46,0,0,25168
8961,2020-10-19 09:32:00,32.46,32.46,32.35,32.38,0,0,29718
8962,2020-10-19 09:33:00,32.4,32.59,32.37,32.54,0,0,32814
8963,2020-10-19 09:34:00,32.56,32.56,32.44,32.53,0,0,22442
8964,2020-10-19 09:35:00,32.52,32.65,32.51,32.63,0,0,23607
8965,2020-10-19 09:36:00,32.63,32.69,32.59,32.64,0,0,25875
8966,2020-10-19 09:37:00,32.63,32.67,32.58,32.62,0,0,22125
8967,2020-10-19 09:38:00,32.64,32.72,32.62,32.66,0,0,32753
8968,2020-10-19 09:39:00,32.67,32.79,32.63,32.78,0,0,35586
8969,2020-10-19 09:40:00,32.8,32.84,32.67,32.7,0,0,35866
8970,2020-10-19 09:41:00,32.69,32.77,32.68,32.7,0,0,25660
8971,2020-10-19 09:42:00,32.69,32.89,32.69,32.84,0,0,33909
8972,2020-10-19 09:43:00,32.83,32.9,32.81,32.84,0,0,26986
8973,2020-10-19 09:44:00,32.82,32.82,32.74,32.75,0,0,25871
8974,2020-10-19 09:45:00,32.76,32.83,32.75,32.81,0,0,24623
8975,2020-10-19 09:46:00,32.81,32.81,32.77,32.78,0,0,43855
8976,2020-10-19 09:47:00,32.77,32.78,32.74,32.76,0,0,76726
8977,2020-10-19 09:48:00,32.77,32.84,32.76,32.81,0,0,23559
8978,2020-10-19 09:49:00,32.81,32.83,32.76,32.82,0,0,22087
8979,2020-10-19 09:50:00,32.82,32.82,32.74,32.75,0,0,10546
8980,2020-10-19 09:51:00,32.75,32.78,32.7,32.7,0,0,20537
8981,2020-10-19 09:52:00,32.69,32.7,32.64,32.69,0,0,24459
8982,2020-10-19 09:53:00,32.7,32.7,32.64,32.65,0,0,11460
8983,2020-10-19 09:54:00,32.64,32.64,32.58,32.6,0,0,23596
8984,2020-10-19 09:55:00,32.61,32.63,32.55,32.55,0,0,18626
8985,2020-10-19 09:56:00,32.56,32.62,32.54,32.6,0,0,22623
8986,2020-10-19 09:57:00,32.59,32.61,32.54,32.54,0,0,12063
8987,2020-10-19 09:58:00,32.54,32.6,32.51,32.6,0,0,40054
8988,2020-10-19 09:59:00,32.59,32.59,32.48,32.52,0,0,62684
8989,2020-10-19 10:00:00,32.5,32.51,32.43,32.43,0,0,19685
8990,2020-10-19 10:01:00,32.43,32.49,32.42,32.44,0,0,23390
8991,2020-10-19 10:02:00,32.42,32.44,32.37,32.44,0,0,21807
8992,2020-10-19 10:03:00,32.45,32.6,32.44,32.57,0,0,22891
8993,2020-10-19 10:04:00,32.57,32.58,32.5,32.51,0,0,24121
8994,2020-10-19 10:05:00,32.51,32.52,32.48,32.48,0,0,11133
8995,2020-10-19 10:06:00,32.5,32.58,32.49,32.54,0,0,15560
8996,2020-10-19 10:07:00,32.56,32.58,32.51,32.52,0,0,19081
8997,2020-10-19 10:08:00,32.53,32.53,32.48,32.51,0,0,12663
8998,2020-10-19 10:09:00,32.51,32.51,32.34,32.36,0,0,23562
8999,2020-10-19 10:10:00,32.37,32.41,32.33,32.39,0,0,32784
9000,2020-10-19 10:11:00,32.38,32.4,32.34,32.35,0,0,21127
9001,2020-10-19 10:12:00,32.35,32.47,32.32,32.46,0,0,23223
9002,2020-10-19 10:13:00,32.45,32.5,32.42,32.5,0,0,22353
9003,2020-10-19 10:14:00,32.49,32.51,32.43,32.47,0,0,15258
9004,2020-10-19 10:15:00,32.44,32.49,32.44,32.48,0,0,14438
9005,2020-10-19 10:16:00,32.47,32.53,32.47,32.53,0,0,13450
9006,2020-10-19 10:17:00,32.52,32.6,32.5,32.59,0,0,15270
9007,2020-10-19 10:18:00,32.59,32.65,32.57,32.65,0,0,25149
9008,2020-10-19 10:19:00,32.65,32.69,32.63,32.64,0,0,22371
9009,2020-10-19 10:20:00,32.64,32.64,32.6,32.6,0,0,12895
9010,2020-10-19 10:21:00,32.6,32.63,32.58,32.63,0,0,22587
9011,2020-10-19 10:22:00,32.62,32.69,32.62,32.67,0,0,10540
9012,2020-10-19 10:23:00,32.68,32.68,32.64,32.67,0,0,9538
9013,2020-10-19 10:24:00,32.67,32.69,32.66,32.67,0,0,10276
9014,2020-10-19 10:25:00,32.67,32.75,32.67,32.74,0,0,21329
9015,2020-10-19 10:26:00,32.74,32.78,32.74,32.76,0,0,18458
9016,2020-10-19 10:27:00,32.76,32.77,32.72,32.75,0,0,10449
9017,2020-10-19 10:28:00,32.76,32.76,32.7,32.71,0,0,8028
9018,2020-10-19 10:29:00,32.71,32.74,32.69,32.71,0,0,15659
9019,2020-10-19 10:30:00,32.71,32.71,32.66,32.67,0,0,19551
9020,2020-10-19 10:31:00,32.67,32.69,32.64,32.64,0,0,6905
9021,2020-10-19 10:32:00,32.64,32.66,32.63,32.65,0,0,11958
9022,2020-10-19 10:33:00,32.64,32.68,32.63,32.66,0,0,9069
9023,2020-10-19 10:34:00,32.65,32.65,32.58,32.58,0,0,11029
9024,2020-10-19 10:35:00,32.58,32.59,32.51,32.51,0,0,19320
9025,2020-10-19 10:36:00,32.51,32.52,32.42,32.42,0,0,41616
9026,2020-10-19 10:37:00,32.42,32.44,32.38,32.42,0,0,37097
9027,2020-10-19 10:38:00,32.43,32.45,32.4,32.41,0,0,22231
9028,2020-10-19 10:39:00,32.42,32.52,32.42,32.51,0,0,11129
9029,2020-10-19 10:40:00,32.5,32.54,32.49,32.51,0,0,17050
9030,2020-10-19 10:41:00,32.51,32.54,32.49,32.52,0,0,22004
9031,2020-10-19 10:42:00,32.53,32.58,32.52,32.57,0,0,11364
9032,2020-10-19 10:43:00,32.58,32.58,32.53,32.53,0,0,10926
9033,2020-10-19 10:44:00,32.53,32.54,32.47,32.47,0,0,62001
9034,2020-10-19 10:45:00,32.47,32.47,32.38,32.4,0,0,21366
9035,2020-10-19 10:46:00,32.39,32.48,32.38,32.46,0,0,20552
9036,2020-10-19 10:47:00,32.46,32.46,32.36,32.37,0,0,13995
9037,2020-10-19 10:48:00,32.37,32.41,32.36,32.39,0,0,22882
9038,2020-10-19 10:49:00,32.4,32.41,32.38,32.41,0,0,11511
9039,2020-10-19 10:50:00,32.42,32.48,32.39,32.43,0,0,41652
9040,2020-10-19 10:51:00,32.44,32.44,32.38,32.39,0,0,13395
9041,2020-10-19 10:52:00,32.38,32.42,32.36,32.4,0,0,16424
9042,2020-10-19 10:53:00,32.4,32.46,32.4,32.44,0,0,13293
9043,2020-10-19 10:54:00,32.44,32.46,32.44,32.45,0,0,8242
9044,2020-10-19 10:55:00,32.44,32.45,32.4,32.44,0,0,9963
9045,2020-10-19 10:56:00,32.46,32.46,32.4,32.46,0,0,11070
9046,2020-10-19 10:57:00,32.46,32.53,32.46,32.51,0,0,18348
9047,2020-10-19 10:58:00,32.51,32.53,32.51,32.51,0,0,10309
9048,2020-10-19 10:59:00,32.51,32.51,32.49,32.5,0,0,5417
9049,2020-10-19 11:00:00,32.51,32.54,32.49,32.52,0,0,14133
9050,2020-10-19 11:01:00,32.53,32.53,32.48,32.51,0,0,9791
9051,2020-10-19 11:02:00,32.51,32.54,32.51,32.52,0,0,13488
9052,2020-10-19 11:03:00,32.52,32.61,32.52,32.58,0,0,21931
9053,2020-10-19 11:04:00,32.58,32.6,32.56,32.59,0,0,11932
9054,2020-10-19 11:05:00,32.59,32.61,32.57,32.6,0,0,11638
9055,2020-10-19 11:06:00,32.6,32.6,32.53,32.57,0,0,16031
9056,2020-10-19 11:07:00,32.56,32.57,32.5,32.51,0,0,21619
9057,2020-10-19 11:08:00,32.52,32.54,32.5,32.51,0,0,14727
9058,2020-10-19 11:09:00,32.52,32.53,32.52,32.53,0,0,5061
9059,2020-10-19 11:10:00,32.54,32.54,32.5,32.5,0,0,20713
9060,2020-10-19 11:11:00,32.51,32.53,32.51,32.53,0,0,9994
9061,2020-10-19 11:12:00,32.53,32.55,32.51,32.51,0,0,7221
9062,2020-10-19 11:13:00,32.52,32.53,32.51,32.51,0,0,4616
9063,2020-10-19 11:14:00,32.51,32.55,32.5,32.55,0,0,13417
9064,2020-10-19 11:15:00,32.55,32.61,32.54,32.58,0,0,12127
9065,2020-10-19 11:16:00,32.56,32.58,32.54,32.57,0,0,8667
9066,2020-10-19 11:17:00,32.58,32.63,32.58,32.58,0,0,23573
9067,2020-10-19 11:18:00,32.59,32.59,32.56,32.56,0,0,5583
9068,2020-10-19 11:19:00,32.55,32.56,32.53,32.53,0,0,5769
9069,2020-10-19 11:20:00,32.53,32.54,32.5,32.53,0,0,14671
9070,2020-10-19 11:21:00,32.55,32.56,32.51,32.51,0,0,3229
9071,2020-10-19 11:22:00,32.5,32.51,32.46,32.46,0,0,13331
9072,2020-10-19 11:23:00,32.46,32.47,32.41,32.47,0,0,10482
9073,2020-10-19 11:24:00,32.46,32.47,32.44,32.46,0,0,11736
9074,2020-10-19 11:25:00,32.47,32.53,32.45,32.52,0,0,13828
9075,2020-10-19 11:26:00,32.52,32.56,32.5,32.56,0,0,88426
9076,2020-10-19 11:27:00,32.56,32.59,32.55,32.57,0,0,5981
9077,2020-10-19 11:28:00,32.56,32.58,32.55,32.56,0,0,4789
9078,2020-10-19 11:29:00,32.55,32.66,32.55,32.65,0,0,373161
9079,2020-10-19 11:30:00,32.65,32.72,32.63,32.69,0,0,38687
9080,2020-10-19 11:31:00,32.68,32.69,32.6,32.6,0,0,20388
9081,2020-10-19 11:32:00,32.6,32.61,32.58,32.58,0,0,14357
9082,2020-10-19 11:33:00,32.58,32.62,32.58,32.6,0,0,7145
9083,2020-10-19 11:34:00,32.6,32.61,32.57,32.58,0,0,7136
9084,2020-10-19 11:35:00,32.58,32.62,32.54,32.54,0,0,44567
9085,2020-10-19 11:36:00,32.55,32.58,32.54,32.56,0,0,15049
9086,2020-10-19 11:37:00,32.57,32.59,32.57,32.58,0,0,27076
9087,2020-10-19 11:38:00,32.57,32.59,32.55,32.56,0,0,15423
9088,2020-10-19 11:39:00,32.57,32.59,32.52,32.52,0,0,20933
9089,2020-10-19 11:40:00,32.53,32.56,32.51,32.56,0,0,25030
9090,2020-10-19 11:41:00,32.56,32.56,32.54,32.54,0,0,30277
9091,2020-10-19 11:42:00,32.53,32.55,32.51,32.53,0,0,59752
9092,2020-10-19 11:43:00,32.54,32.54,32.5,32.54,0,0,20305
9093,2020-10-19 11:44:00,32.54,32.54,32.53,32.54,0,0,5679
9094,2020-10-19 11:45:00,32.54,32.54,32.49,32.49,0,0,12722
9095,2020-10-19 11:46:00,32.49,32.51,32.48,32.49,0,0,14058
9096,2020-10-19 11:47:00,32.5,32.53,32.47,32.47,0,0,15793
9097,2020-10-19 11:48:00,32.48,32.51,32.48,32.49,0,0,6313
9098,2020-10-19 11:49:00,32.51,32.51,32.43,32.43,0,0,11223
9099,2020-10-19 11:50:00,32.43,32.46,32.41,32.46,0,0,14614
9100,2020-10-19 11:51:00,32.46,32.51,32.45,32.48,0,0,220886
9101,2020-10-19 11:52:00,32.48,32.51,32.46,32.5,0,0,15720
9102,2020-10-19 11:53:00,32.51,32.54,32.49,32.5,0,0,10866
9103,2020-10-19 11:54:00,32.51,32.51,32.49,32.5,0,0,6010
9104,2020-10-19 11:55:00,32.51,32.54,32.5,32.54,0,0,4705
9105,2020-10-19 11:56:00,32.53,32.54,32.5,32.5,0,0,7273
9106,2020-10-19 11:57:00,32.51,32.52,32.49,32.51,0,0,11753
9107,2020-10-19 11:58:00,32.51,32.52,32.49,32.49,0,0,11637
9108,2020-10-19 11:59:00,32.49,32.49,32.47,32.48,0,0,14129
9109,2020-10-19 12:00:00,32.49,32.52,32.49,32.51,0,0,10985
9110,2020-10-19 12:01:00,32.51,32.51,32.48,32.51,0,0,9699
9111,2020-10-19 12:02:00,32.49,32.49,32.47,32.49,0,0,6911
9112,2020-10-19 12:03:00,32.49,32.49,32.47,32.49,0,0,28269
9113,2020-10-19 12:04:00,32.49,32.49,32.43,32.44,0,0,8599
9114,2020-10-19 12:05:00,32.42,32.44,32.4,32.4,0,0,17379
9115,2020-10-19 12:06:00,32.41,32.42,32.38,32.4,0,0,22253
9116,2020-10-19 12:07:00,32.41,32.46,32.41,32.46,0,0,12849
9117,2020-10-19 12:08:00,32.45,32.46,32.42,32.44,0,0,12479
9118,2020-10-19 12:09:00,32.44,32.44,32.38,32.4,0,0,13384
9119,2020-10-19 12:10:00,32.4,32.42,32.38,32.4,0,0,9314
9120,2020-10-19 12:11:00,32.4,32.41,32.38,32.39,0,0,30161
9121,2020-10-19 12:12:00,32.4,32.4,32.39,32.39,0,0,8107
9122,2020-10-19 12:13:00,32.39,32.4,32.37,32.4,0,0,11178
9123,2020-10-19 12:14:00,32.4,32.4,32.37,32.38,0,0,4892
9124,2020-10-19 12:15:00,32.37,32.38,32.35,32.37,0,0,16658
9125,2020-10-19 12:16:00,32.37,32.41,32.37,32.39,0,0,7418
9126,2020-10-19 12:17:00,32.39,32.39,32.33,32.34,0,0,26566
9127,2020-10-19 12:18:00,32.35,32.37,32.34,32.36,0,0,31236
9128,2020-10-19 12:19:00,32.34,32.39,32.34,32.35,0,0,7088
9129,2020-10-19 12:20:00,32.36,32.37,32.33,32.34,0,0,7414
9130,2020-10-19 12:21:00,32.34,32.34,32.28,32.29,0,0,36315
9131,2020-10-19 12:22:00,32.3,32.31,32.28,32.29,0,0,25193
9132,2020-10-19 12:23:00,32.3,32.33,32.3,32.31,0,0,7690
9133,2020-10-19 12:24:00,32.3,32.31,32.3,32.31,0,0,12974
9134,2020-10-19 12:25:00,32.31,32.32,32.29,32.32,0,0,12413
9135,2020-10-19 12:26:00,32.32,32.34,32.32,32.34,0,0,6941
9136,2020-10-19 12:27:00,32.33,32.37,32.33,32.35,0,0,16548
9137,2020-10-19 12:28:00,32.35,32.39,32.34,32.34,0,0,20799
9138,2020-10-19 12:29:00,32.33,32.37,32.33,32.37,0,0,15950
9139,2020-10-19 12:30:00,32.37,32.42,32.37,32.42,0,0,12315
9140,2020-10-19 12:31:00,32.41,32.42,32.41,32.42,0,0,3822
9141,2020-10-19 12:32:00,32.42,32.44,32.41,32.43,0,0,9992
9142,2020-10-19 12:33:00,32.44,32.44,32.43,32.43,0,0,9307
9143,2020-10-19 12:34:00,32.44,32.46,32.42,32.46,0,0,10427
9144,2020-10-19 12:35:00,32.46,32.46,32.44,32.45,0,0,7817
9145,2020-10-19 12:36:00,32.46,32.48,32.46,32.48,0,0,7987
9146,2020-10-19 12:37:00,32.48,32.49,32.47,32.49,0,0,4564
9147,2020-10-19 12:38:00,32.49,32.49,32.47,32.48,0,0,11636
9148,2020-10-19 12:39:00,32.48,32.48,32.44,32.46,0,0,6959
9149,2020-10-19 12:40:00,32.47,32.51,32.47,32.51,0,0,6259
9150,2020-10-19 12:41:00,32.51,32.51,32.48,32.48,0,0,4882
9151,2020-10-19 12:42:00,32.49,32.5,32.48,32.48,0,0,2625
9152,2020-10-19 12:43:00,32.49,32.51,32.49,32.49,0,0,9133
9153,2020-10-19 12:44:00,32.5,32.5,32.48,32.49,0,0,6569
9154,2020-10-19 12:45:00,32.49,32.52,32.49,32.51,0,0,6050
9155,2020-10-19 12:46:00,32.5,32.52,32.5,32.51,0,0,7673
9156,2020-10-19 12:47:00,32.52,32.54,32.51,32.52,0,0,6955
9157,2020-10-19 12:48:00,32.53,32.53,32.49,32.51,0,0,9964
9158,2020-10-19 12:49:00,32.51,32.53,32.51,32.53,0,0,15631
9159,2020-10-19 12:50:00,32.52,32.55,32.52,32.54,0,0,11652
9160,2020-10-19 12:51:00,32.54,32.54,32.49,32.49,0,0,12183
9161,2020-10-19 12:52:00,32.49,32.51,32.49,32.51,0,0,4866
9162,2020-10-19 12:53:00,32.51,32.54,32.51,32.53,0,0,6752
9163,2020-10-19 12:54:00,32.54,32.54,32.52,32.52,0,0,13326
9164,2020-10-19 12:55:00,32.53,32.56,32.52,32.56,0,0,4626
9165,2020-10-19 12:56:00,32.55,32.57,32.54,32.56,0,0,8700
9166,2020-10-19 12:57:00,32.56,32.59,32.56,32.57,0,0,6845
9167,2020-10-19 12:58:00,32.56,32.58,32.56,32.57,0,0,9749
9168,2020-10-19 12:59:00,32.56,32.56,32.53,32.54,0,0,5830
9169,2020-10-19 13:00:00,32.53,32.56,32.53,32.55,0,0,5976
9170,2020-10-19 13:01:00,32.55,32.57,32.54,32.54,0,0,5711
9171,2020-10-19 13:02:00,32.54,32.56,32.54,32.55,0,0,5088
9172,2020-10-19 13:03:00,32.55,32.56,32.54,32.54,0,0,5315
9173,2020-10-19 13:04:00,32.53,32.53,32.51,32.52,0,0,6920
9174,2020-10-19 13:05:00,32.51,32.55,32.51,32.54,0,0,14748
9175,2020-10-19 13:06:00,32.55,32.57,32.55,32.57,0,0,8260
9176,2020-10-19 13:07:00,32.57,32.57,32.55,32.56,0,0,4306
9177,2020-10-19 13:08:00,32.57,32.58,32.56,32.56,0,0,6210
9178,2020-10-19 13:09:00,32.56,32.58,32.55,32.56,0,0,11224
9179,2020-10-19 13:10:00,32.57,32.59,32.57,32.59,0,0,6460
9180,2020-10-19 13:11:00,32.58,32.61,32.58,32.59,0,0,10170
9181,2020-10-19 13:12:00,32.6,32.62,32.59,32.6,0,0,8367
9182,2020-10-19 13:13:00,32.6,32.6,32.58,32.58,0,0,35381
9183,2020-10-19 13:14:00,32.58,32.62,32.58,32.6,0,0,9938
9184,2020-10-19 13:15:00,32.61,32.62,32.6,32.6,0,0,4945
9185,2020-10-19 13:16:00,32.6,32.61,32.58,32.58,0,0,5624
9186,2020-10-19 13:17:00,32.58,32.6,32.58,32.6,0,0,8295
9187,2020-10-19 13:18:00,32.61,32.62,32.6,32.61,0,0,5903
9188,2020-10-19 13:19:00,32.61,32.62,32.59,32.61,0,0,11497
9189,2020-10-19 13:20:00,32.62,32.65,32.62,32.64,0,0,17833
9190,2020-10-19 13:21:00,32.63,32.64,32.63,32.64,0,0,3286
9191,2020-10-19 13:22:00,32.65,32.65,32.64,32.65,0,0,4343
9192,2020-10-19 13:23:00,32.65,32.67,32.65,32.65,0,0,19203
9193,2020-10-19 13:24:00,32.65,32.65,32.6,32.6,0,0,10541
9194,2020-10-19 13:25:00,32.61,32.61,32.56,32.56,0,0,10839
9195,2020-10-19 13:26:00,32.56,32.58,32.56,32.56,0,0,5844
9196,2020-10-19 13:27:00,32.57,32.58,32.56,32.57,0,0,3157
9197,2020-10-19 13:28:00,32.57,32.58,32.57,32.57,0,0,4307
9198,2020-10-19 13:29:00,32.57,32.58,32.53,32.58,0,0,30604
9199,2020-10-19 13:30:00,32.58,32.61,32.58,32.61,0,0,5771
9200,2020-10-19 13:31:00,32.6,32.61,32.59,32.59,0,0,2585
9201,2020-10-19 13:32:00,32.58,32.59,32.56,32.56,0,0,9833
9202,2020-10-19 13:33:00,32.56,32.58,32.56,32.57,0,0,3127
9203,2020-10-19 13:34:00,32.57,32.58,32.54,32.54,0,0,4713
9204,2020-10-19 13:35:00,32.55,32.58,32.54,32.57,0,0,8199
9205,2020-10-19 13:36:00,32.58,32.58,32.54,32.54,0,0,3333
9206,2020-10-19 13:37:00,32.55,32.56,32.54,32.56,0,0,4080
9207,2020-10-19 13:38:00,32.57,32.58,32.57,32.58,0,0,10230
9208,2020-10-19 13:39:00,32.57,32.65,32.56,32.65,0,0,88113
9209,2020-10-19 13:40:00,32.65,32.72,32.65,32.67,0,0,91112
9210,2020-10-19 13:41:00,32.67,32.68,32.64,32.64,0,0,21292
9211,2020-10-19 13:42:00,32.64,32.65,32.62,32.63,0,0,13991
9212,2020-10-19 13:43:00,32.63,32.63,32.6,32.6,0,0,13952
9213,2020-10-19 13:44:00,32.6,32.63,32.6,32.61,0,0,15245
9214,2020-10-19 13:45:00,32.61,32.61,32.59,32.6,0,0,16720
9215,2020-10-19 13:46:00,32.59,32.62,32.59,32.62,0,0,8782
9216,2020-10-19 13:47:00,32.62,32.62,32.52,32.53,0,0,23284
9217,2020-10-19 13:48:00,32.53,32.54,32.51,32.54,0,0,12339
9218,2020-10-19 13:49:00,32.54,32.56,32.53,32.55,0,0,9607
9219,2020-10-19 13:50:00,32.56,32.6,32.56,32.58,0,0,12681
9220,2020-10-19 13:51:00,32.59,32.59,32.55,32.55,0,0,10385
9221,2020-10-19 13:52:00,32.56,32.58,32.54,32.58,0,0,4860
9222,2020-10-19 13:53:00,32.56,32.56,32.51,32.51,0,0,4259
9223,2020-10-19 13:54:00,32.51,32.51,32.48,32.5,0,0,27611
9224,2020-10-19 13:55:00,32.51,32.53,32.49,32.53,0,0,5420
9225,2020-10-19 13:56:00,32.53,32.54,32.53,32.53,0,0,11164
9226,2020-10-19 13:57:00,32.54,32.56,32.54,32.55,0,0,7892
9227,2020-10-19 13:58:00,32.54,32.54,32.5,32.53,0,0,9340
9228,2020-10-19 13:59:00,32.53,32.57,32.53,32.56,0,0,9278
9229,2020-10-19 14:00:00,32.56,32.56,32.52,32.54,0,0,10782
9230,2020-10-19 14:01:00,32.55,32.55,32.49,32.51,0,0,12956
9231,2020-10-19 14:02:00,32.51,32.53,32.51,32.52,0,0,10807
9232,2020-10-19 14:03:00,32.53,32.53,32.51,32.53,0,0,9476
9233,2020-10-19 14:04:00,32.53,32.53,32.5,32.51,0,0,5954
9234,2020-10-19 14:05:00,32.51,32.52,32.49,32.49,0,0,6722
9235,2020-10-19 14:06:00,32.49,32.5,32.47,32.47,0,0,10935
9236,2020-10-19 14:07:00,32.47,32.51,32.47,32.51,0,0,9200
9237,2020-10-19 14:08:00,32.51,32.53,32.51,32.51,0,0,7401
9238,2020-10-19 14:09:00,32.51,32.51,32.46,32.46,0,0,14944
9239,2020-10-19 14:10:00,32.46,32.47,32.45,32.47,0,0,12914
9240,2020-10-19 14:11:00,32.46,32.49,32.46,32.48,0,0,6607
9241,2020-10-19 14:12:00,32.47,32.5,32.47,32.49,0,0,12326
9242,2020-10-19 14:13:00,32.49,32.51,32.49,32.51,0,0,4794
9243,2020-10-19 14:14:00,32.5,32.53,32.49,32.53,0,0,6352
9244,2020-10-19 14:15:00,32.53,32.55,32.53,32.55,0,0,7479
9245,2020-10-19 14:16:00,32.56,32.59,32.56,32.58,0,0,6473
9246,2020-10-19 14:17:00,32.58,32.58,32.56,32.57,0,0,10181
9247,2020-10-19 14:18:00,32.56,32.58,32.56,32.56,0,0,2837
9248,2020-10-19 14:19:00,32.56,32.56,32.55,32.55,0,0,3328
9249,2020-10-19 14:20:00,32.56,32.56,32.55,32.55,0,0,3634
9250,2020-10-19 14:21:00,32.54,32.54,32.53,32.54,0,0,3123
9251,2020-10-19 14:22:00,32.53,32.56,32.52,32.55,0,0,21781
9252,2020-10-19 14:23:00,32.55,32.56,32.54,32.55,0,0,3998
9253,2020-10-19 14:24:00,32.54,32.56,32.54,32.56,0,0,9279
9254,2020-10-19 14:25:00,32.56,32.56,32.53,32.53,0,0,4006
9255,2020-10-19 14:26:00,32.52,32.54,32.52,32.53,0,0,4803
9256,2020-10-19 14:27:00,32.53,32.56,32.53,32.56,0,0,6649
9257,2020-10-19 14:28:00,32.56,32.56,32.54,32.54,0,0,3985
9258,2020-10-19 14:29:00,32.54,32.55,32.52,32.52,0,0,10107
9259,2020-10-19 14:30:00,32.52,32.52,32.51,32.51,0,0,5808
9260,2020-10-19 14:31:00,32.51,32.55,32.51,32.54,0,0,4764
9261,2020-10-19 14:32:00,32.55,32.56,32.5,32.51,0,0,10735
9262,2020-10-19 14:33:00,32.51,32.51,32.47,32.48,0,0,11867
9263,2020-10-19 14:34:00,32.49,32.49,32.44,32.47,0,0,16023
9264,2020-10-19 14:35:00,32.46,32.46,32.43,32.44,0,0,4810
9265,2020-10-19 14:36:00,32.45,32.46,32.44,32.46,0,0,8797
9266,2020-10-19 14:37:00,32.45,32.45,32.42,32.42,0,0,16364
9267,2020-10-19 14:38:00,32.42,32.44,32.41,32.42,0,0,12903
9268,2020-10-19 14:39:00,32.42,32.45,32.41,32.42,0,0,10514
9269,2020-10-19 14:40:00,32.43,32.46,32.42,32.44,0,0,7309
9270,2020-10-19 14:41:00,32.45,32.45,32.43,32.43,0,0,10342
9271,2020-10-19 14:42:00,32.43,32.45,32.41,32.42,0,0,16331
9272,2020-10-19 14:43:00,32.42,32.42,32.41,32.41,0,0,3340
9273,2020-10-19 14:44:00,32.42,32.42,32.39,32.4,0,0,17750
9274,2020-10-19 14:45:00,32.4,32.4,32.35,32.35,0,0,14938
9275,2020-10-19 14:46:00,32.35,32.36,32.33,32.33,0,0,11218
9276,2020-10-19 14:47:00,32.33,32.39,32.33,32.38,0,0,16228
9277,2020-10-19 14:48:00,32.38,32.38,32.35,32.35,0,0,11650
9278,2020-10-19 14:49:00,32.36,32.36,32.34,32.34,0,0,7652
9279,2020-10-19 14:50:00,32.33,32.35,32.32,32.35,0,0,16670
9280,2020-10-19 14:51:00,32.35,32.36,32.34,32.35,0,0,7417
9281,2020-10-19 14:52:00,32.34,32.35,32.33,32.33,0,0,3818
9282,2020-10-19 14:53:00,32.34,32.35,32.32,32.33,0,0,11981
9283,2020-10-19 14:54:00,32.33,32.33,32.3,32.33,0,0,8944
9284,2020-10-19 14:55:00,32.34,32.4,32.33,32.39,0,0,33111
9285,2020-10-19 14:56:00,32.39,32.4,32.38,32.38,0,0,18038
9286,2020-10-19 14:57:00,32.39,32.4,32.36,32.36,0,0,8430
9287,2020-10-19 14:58:00,32.36,32.37,32.33,32.33,0,0,12853
9288,2020-10-19 14:59:00,32.32,32.32,32.28,32.3,0,0,28084
9289,2020-10-19 15:00:00,32.29,32.3,32.27,32.28,0,0,34726
9290,2020-10-19 15:01:00,32.28,32.28,32.16,32.19,0,0,43260
9291,2020-10-19 15:02:00,32.18,32.22,32.15,32.17,0,0,26652
9292,2020-10-19 15:03:00,32.17,32.21,32.17,32.21,0,0,23514
9293,2020-10-19 15:04:00,32.21,32.21,32.16,32.19,0,0,14248
9294,2020-10-19 15:05:00,32.18,32.18,32.13,32.14,0,0,16362
9295,2020-10-19 15:06:00,32.13,32.14,32.1,32.13,0,0,22852
9296,2020-10-19 15:07:00,32.13,32.15,32.12,32.12,0,0,11120
9297,2020-10-19 15:08:00,32.12,32.13,32.1,32.12,0,0,9425
9298,2020-10-19 15:09:00,32.13,32.15,32.1,32.14,0,0,14861
9299,2020-10-19 15:10:00,32.15,32.15,32.13,32.14,0,0,10058
9300,2020-10-19 15:11:00,32.15,32.15,32.13,32.13,0,0,9701
9301,2020-10-19 15:12:00,32.12,32.16,32.12,32.14,0,0,12615
9302,2020-10-19 15:13:00,32.14,32.15,32.12,32.14,0,0,10194
9303,2020-10-19 15:14:00,32.14,32.2,32.14,32.19,0,0,21057
9304,2020-10-19 15:15:00,32.19,32.19,32.17,32.17,0,0,7809
9305,2020-10-19 15:16:00,32.17,32.17,32.14,32.14,0,0,10233
9306,2020-10-19 15:17:00,32.15,32.19,32.15,32.17,0,0,9126
9307,2020-10-19 15:18:00,32.18,32.18,32.12,32.12,0,0,15430
9308,2020-10-19 15:19:00,32.12,32.13,32.11,32.12,0,0,9844
9309,2020-10-19 15:20:00,32.12,32.14,32.11,32.14,0,0,18947
9310,2020-10-19 15:21:00,32.15,32.17,32.12,32.13,0,0,8216
9311,2020-10-19 15:22:00,32.13,32.14,32.12,32.12,0,0,6412
9312,2020-10-19 15:23:00,32.11,32.12,32.09,32.09,0,0,8798
9313,2020-10-19 15:24:00,32.09,32.09,32.03,32.03,0,0,12307
9314,2020-10-19 15:25:00,32.03,32.06,32.01,32.05,0,0,46677
9315,2020-10-19 15:26:00,32.04,32.1,32.04,32.09,0,0,20044
9316,2020-10-19 15:27:00,32.09,32.1,32.06,32.06,0,0,15277
9317,2020-10-19 15:28:00,32.06,32.11,32.06,32.1,0,0,17639
9318,2020-10-19 15:29:00,32.1,32.11,32.08,32.1,0,0,24468
9319,2020-10-19 15:30:00,32.1,32.12,32.09,32.12,0,0,14859
9320,2020-10-19 15:31:00,32.12,32.18,32.12,32.17,0,0,11108
9321,2020-10-19 15:32:00,32.17,32.18,32.15,32.16,0,0,15979
9322,2020-10-19 15:33:00,32.16,32.17,32.15,32.17,0,0,9117
9323,2020-10-19 15:34:00,32.17,32.18,32.15,32.17,0,0,14602
9324,2020-10-19 15:35:00,32.17,32.19,32.17,32.18,0,0,14772
9325,2020-10-19 15:36:00,32.18,32.19,32.15,32.15,0,0,12585
9326,2020-10-19 15:37:00,32.15,32.15,32.14,32.15,0,0,19477
9327,2020-10-19 15:38:00,32.15,32.19,32.15,32.15,0,0,10934
9328,2020-10-19 15:39:00,32.15,32.19,32.15,32.19,0,0,11005
9329,2020-10-19 15:40:00,32.18,32.21,32.16,32.17,0,0,27159
9330,2020-10-19 15:41:00,32.17,32.19,32.15,32.15,0,0,22699
9331,2020-10-19 15:42:00,32.15,32.16,32.12,32.15,0,0,38037
9332,2020-10-19 15:43:00,32.16,32.17,32.13,32.13,0,0,21032
9333,2020-10-19 15:44:00,32.13,32.15,32.08,32.1,0,0,43992
9334,2020-10-19 15:45:00,32.1,32.15,32.1,32.13,0,0,24078
9335,2020-10-19 15:46:00,32.14,32.15,32.12,32.13,0,0,15068
9336,2020-10-19 15:47:00,32.14,32.17,32.13,32.15,0,0,26014
9337,2020-10-19 15:48:00,32.15,32.16,32.14,32.14,0,0,12163
9338,2020-10-19 15:49:00,32.13,32.15,32.12,32.14,0,0,25669
9339,2020-10-19 15:50:00,32.13,32.14,32.08,32.1,0,0,66166
9340,2020-10-19 15:51:00,32.1,32.11,32.08,32.1,0,0,28384
9341,2020-10-19 15:52:00,32.11,32.11,32.09,32.1,0,0,29345
9342,2020-10-19 15:53:00,32.1,32.1,32.08,32.09,0,0,26651
9343,2020-10-19 15:54:00,32.09,32.1,32.04,32.04,0,0,33439
9344,2020-10-19 15:55:00,32.05,32.1,32.05,32.09,0,0,55612
9345,2020-10-19 15:56:00,32.09,32.13,32.08,32.12,0,0,49477
9346,2020-10-19 15:57:00,32.12,32.21,32.12,32.21,0,0,101001
9347,2020-10-19 15:58:00,32.21,32.22,32.19,32.22,0,0,84069
9348,2020-10-19 15:59:00,32.22,32.26,32.2,32.25,0,0,211603
9349,2020-10-20 09:30:00,32.34,32.44,32.27,32.28,0,0,109666
9350,2020-10-20 09:31:00,32.33,32.44,32.24,32.37,0,0,30004
9351,2020-10-20 09:32:00,32.4,32.44,32.25,32.44,0,0,11784
9352,2020-10-20 09:33:00,32.38,32.47,32.38,32.47,0,0,16560
9353,2020-10-20 09:34:00,32.47,32.47,32.25,32.25,0,0,15376
9354,2020-10-20 09:35:00,32.23,32.31,32.21,32.23,0,0,19474
9355,2020-10-20 09:36:00,32.25,32.31,32.15,32.17,0,0,25901
9356,2020-10-20 09:37:00,32.16,32.16,31.91,31.93,0,0,111658
9357,2020-10-20 09:38:00,31.92,31.99,31.89,31.96,0,0,99961
9358,2020-10-20 09:39:00,31.95,31.96,31.77,31.77,0,0,63540
9359,2020-10-20 09:40:00,31.77,31.94,31.77,31.84,0,0,50084
9360,2020-10-20 09:41:00,31.84,31.93,31.8,31.87,0,0,37645
9361,2020-10-20 09:42:00,31.88,31.88,31.77,31.78,0,0,37181
9362,2020-10-20 09:43:00,31.8,31.82,31.73,31.79,0,0,40406
9363,2020-10-20 09:44:00,31.79,31.81,31.72,31.75,0,0,38314
9364,2020-10-20 09:45:00,31.74,31.87,31.73,31.87,0,0,40850
9365,2020-10-20 09:46:00,31.88,32.05,31.88,32.05,0,0,152083
9366,2020-10-20 09:47:00,32.04,32.05,31.85,31.87,0,0,30429
9367,2020-10-20 09:48:00,31.86,31.93,31.85,31.93,0,0,33575
9368,2020-10-20 09:49:00,31.93,31.94,31.84,31.84,0,0,18417
9369,2020-10-20 09:50:00,31.85,31.9,31.83,31.88,0,0,20663
9370,2020-10-20 09:51:00,31.9,31.9,31.82,31.87,0,0,20633
9371,2020-10-20 09:52:00,31.87,31.91,31.83,31.9,0,0,19436
9372,2020-10-20 09:53:00,31.91,31.95,31.89,31.91,0,0,20102
9373,2020-10-20 09:54:00,31.9,31.98,31.9,31.91,0,0,50667
9374,2020-10-20 09:55:00,31.93,31.95,31.88,31.93,0,0,33539
9375,2020-10-20 09:56:00,31.94,31.95,31.92,31.95,0,0,18932
9376,2020-10-20 09:57:00,31.94,31.94,31.88,31.93,0,0,21853
9377,2020-10-20 09:58:00,31.93,32.01,31.92,32.01,0,0,14523
9378,2020-10-20 09:59:00,32.02,32.17,32.01,32.13,0,0,47728
9379,2020-10-20 10:00:00,32.12,32.14,32.08,32.08,0,0,23593
9380,2020-10-20 10:01:00,32.08,32.08,32.01,32.06,0,0,32343
9381,2020-10-20 10:02:00,32.05,32.06,31.95,31.95,0,0,10473
9382,2020-10-20 10:03:00,31.96,31.97,31.87,31.88,0,0,29402
9383,2020-10-20 10:04:00,31.9,31.96,31.9,31.94,0,0,11249
9384,2020-10-20 10:05:00,31.92,32.0,31.91,32.0,0,0,29527
9385,2020-10-20 10:06:00,32.01,32.01,31.95,32.01,0,0,12256
9386,2020-10-20 10:07:00,32.0,32.02,32.0,32.01,0,0,9864
9387,2020-10-20 10:08:00,32.0,32.06,32.0,32.03,0,0,17310
9388,2020-10-20 10:09:00,32.04,32.04,31.93,31.95,0,0,12183
9389,2020-10-20 10:10:00,31.93,31.97,31.92,31.95,0,0,20569
9390,2020-10-20 10:11:00,31.96,31.98,31.94,31.97,0,0,8528
9391,2020-10-20 10:12:00,31.97,32.07,31.97,32.05,0,0,15860
9392,2020-10-20 10:13:00,32.06,32.07,31.99,32.0,0,0,10075
9393,2020-10-20 10:14:00,32.01,32.01,31.94,31.94,0,0,14469
9394,2020-10-20 10:15:00,31.94,31.94,31.87,31.91,0,0,43282
9395,2020-10-20 10:16:00,31.92,31.92,31.88,31.91,0,0,6419
9396,2020-10-20 10:17:00,31.91,31.94,31.9,31.93,0,0,4780
9397,2020-10-20 10:18:00,31.93,32.0,31.91,32.0,0,0,12758
9398,2020-10-20 10:19:00,31.98,32.01,31.91,31.94,0,0,11192
9399,2020-10-20 10:20:00,31.93,31.97,31.92,31.94,0,0,8479
9400,2020-10-20 10:21:00,31.94,31.95,31.91,31.95,0,0,9218
9401,2020-10-20 10:22:00,31.96,31.97,31.92,31.93,0,0,3075
9402,2020-10-20 10:23:00,31.94,31.96,31.9,31.95,0,0,13522
9403,2020-10-20 10:24:00,31.95,31.97,31.94,31.97,0,0,9115
9404,2020-10-20 10:25:00,31.97,31.97,31.89,31.89,0,0,13028
9405,2020-10-20 10:26:00,31.89,31.89,31.81,31.82,0,0,27697
9406,2020-10-20 10:27:00,31.81,31.84,31.78,31.82,0,0,26883
9407,2020-10-20 10:28:00,31.82,31.83,31.76,31.79,0,0,21909
9408,2020-10-20 10:29:00,31.78,31.81,31.76,31.79,0,0,14286
9409,2020-10-20 10:30:00,31.79,31.84,31.76,31.83,0,0,11207
9410,2020-10-20 10:31:00,31.85,31.9,31.83,31.87,0,0,14569
9411,2020-10-20 10:32:00,31.88,31.89,31.86,31.88,0,0,7846
9412,2020-10-20 10:33:00,31.88,31.92,31.87,31.91,0,0,7156
9413,2020-10-20 10:34:00,31.91,31.94,31.91,31.91,0,0,4741
9414,2020-10-20 10:35:00,31.91,32.02,31.91,32.02,0,0,16941
9415,2020-10-20 10:36:00,32.02,32.03,31.99,32.0,0,0,11756
9416,2020-10-20 10:37:00,32.0,32.0,31.95,31.98,0,0,10399
9417,2020-10-20 10:38:00,31.99,32.0,31.96,31.97,0,0,6496
9418,2020-10-20 10:39:00,31.97,31.99,31.96,31.98,0,0,6454
9419,2020-10-20 10:40:00,31.98,31.99,31.92,31.92,0,0,23674
9420,2020-10-20 10:41:00,31.91,31.92,31.9,31.92,0,0,8727
9421,2020-10-20 10:42:00,31.92,31.93,31.85,31.86,0,0,11253
9422,2020-10-20 10:43:00,31.86,31.87,31.83,31.83,0,0,10225
9423,2020-10-20 10:44:00,31.83,31.85,31.79,31.84,0,0,20366
9424,2020-10-20 10:45:00,31.83,31.89,31.83,31.87,0,0,15942
9425,2020-10-20 10:46:00,31.87,31.87,31.77,31.78,0,0,10249
9426,2020-10-20 10:47:00,31.78,31.79,31.66,31.69,0,0,47227
9427,2020-10-20 10:48:00,31.7,31.7,31.64,31.68,0,0,18841
9428,2020-10-20 10:49:00,31.7,31.7,31.64,31.65,0,0,20596
9429,2020-10-20 10:50:00,31.66,31.7,31.64,31.64,0,0,25325
9430,2020-10-20 10:51:00,31.64,31.68,31.64,31.67,0,0,16483
9431,2020-10-20 10:52:00,31.68,31.68,31.62,31.66,0,0,35439
9432,2020-10-20 10:53:00,31.66,31.67,31.61,31.61,0,0,28438
9433,2020-10-20 10:54:00,31.63,31.65,31.52,31.58,0,0,71311
9434,2020-10-20 10:55:00,31.57,31.61,31.52,31.53,0,0,30266
9435,2020-10-20 10:56:00,31.54,31.63,31.54,31.59,0,0,21528
9436,2020-10-20 10:57:00,31.58,31.62,31.56,31.59,0,0,11198
9437,2020-10-20 10:58:00,31.6,31.62,31.55,31.57,0,0,14639
9438,2020-10-20 10:59:00,31.58,31.66,31.58,31.59,0,0,12555
9439,2020-10-20 11:00:00,31.59,31.62,31.57,31.6,0,0,7670
9440,2020-10-20 11:01:00,31.6,31.6,31.47,31.47,0,0,53831
9441,2020-10-20 11:02:00,31.47,31.49,31.38,31.41,0,0,61974
9442,2020-10-20 11:03:00,31.41,31.46,31.37,31.38,0,0,41151
9443,2020-10-20 11:04:00,31.39,31.53,31.39,31.5,0,0,25815
9444,2020-10-20 11:05:00,31.52,31.52,31.45,31.5,0,0,24739
9445,2020-10-20 11:06:00,31.51,31.52,31.46,31.5,0,0,15189
9446,2020-10-20 11:07:00,31.51,31.57,31.49,31.55,0,0,14273
9447,2020-10-20 11:08:00,31.53,31.59,31.53,31.58,0,0,26798
9448,2020-10-20 11:09:00,31.59,31.62,31.57,31.6,0,0,27395
9449,2020-10-20 11:10:00,31.59,31.64,31.55,31.62,0,0,39393
9450,2020-10-20 11:11:00,31.61,31.62,31.55,31.56,0,0,14675
9451,2020-10-20 11:12:00,31.55,31.59,31.54,31.58,0,0,15675
9452,2020-10-20 11:13:00,31.58,31.59,31.57,31.57,0,0,13217
9453,2020-10-20 11:14:00,31.63,31.66,31.62,31.64,0,0,14352
9454,2020-10-20 11:15:00,31.61,31.63,31.6,31.61,0,0,32727
9455,2020-10-20 11:16:00,31.61,31.64,31.57,31.62,0,0,28304
9456,2020-10-20 11:17:00,31.61,31.66,31.61,31.63,0,0,15354
9457,2020-10-20 11:18:00,31.61,31.62,31.58,31.59,0,0,11856
9458,2020-10-20 11:19:00,31.6,31.63,31.59,31.62,0,0,10322
9459,2020-10-20 11:20:00,31.62,31.62,31.58,31.61,0,0,10733
9460,2020-10-20 11:21:00,31.61,31.62,31.61,31.61,0,0,5985
9461,2020-10-20 11:22:00,31.61,31.61,31.58,31.58,0,0,12155
9462,2020-10-20 11:23:00,31.59,31.65,31.59,31.65,0,0,19859
9463,2020-10-20 11:24:00,31.64,31.69,31.64,31.66,0,0,27865
9464,2020-10-20 11:25:00,31.66,31.66,31.63,31.63,0,0,8139
9465,2020-10-20 11:26:00,31.63,31.63,31.55,31.56,0,0,15855
9466,2020-10-20 11:27:00,31.56,31.56,31.5,31.5,0,0,12259
9467,2020-10-20 11:28:00,31.49,31.51,31.47,31.5,0,0,15883
9468,2020-10-20 11:29:00,31.49,31.51,31.43,31.45,0,0,22930
9469,2020-10-20 11:30:00,31.45,31.48,31.44,31.45,0,0,12143
9470,2020-10-20 11:31:00,31.45,31.49,31.45,31.48,0,0,15458
9471,2020-10-20 11:32:00,31.47,31.47,31.42,31.47,0,0,25804
9472,2020-10-20 11:33:00,31.47,31.52,31.46,31.46,0,0,30375
9473,2020-10-20 11:34:00,31.45,31.47,31.39,31.39,0,0,21564
9474,2020-10-20 11:35:00,31.39,31.42,31.39,31.42,0,0,14210
9475,2020-10-20 11:36:00,31.43,31.48,31.42,31.48,0,0,17096
9476,2020-10-20 11:37:00,31.48,31.5,31.46,31.47,0,0,17837
9477,2020-10-20 11:38:00,31.48,31.48,31.44,31.46,0,0,5935
9478,2020-10-20 11:39:00,31.45,31.51,31.44,31.5,0,0,17177
9479,2020-10-20 11:40:00,31.5,31.51,31.49,31.49,0,0,7457
9480,2020-10-20 11:41:00,31.47,31.49,31.45,31.46,0,0,10775
9481,2020-10-20 11:42:00,31.46,31.47,31.42,31.43,0,0,11752
9482,2020-10-20 11:43:00,31.43,31.48,31.43,31.48,0,0,16655
9483,2020-10-20 11:44:00,31.49,31.53,31.48,31.5,0,0,12286
9484,2020-10-20 11:45:00,31.5,31.53,31.5,31.51,0,0,9334
9485,2020-10-20 11:46:00,31.51,31.51,31.47,31.49,0,0,5599
9486,2020-10-20 11:47:00,31.49,31.51,31.45,31.45,0,0,15938
9487,2020-10-20 11:48:00,31.45,31.46,31.44,31.44,0,0,18319
9488,2020-10-20 11:49:00,31.45,31.45,31.4,31.42,0,0,15065
9489,2020-10-20 11:50:00,31.42,31.43,31.41,31.41,0,0,11250
9490,2020-10-20 11:51:00,31.41,31.43,31.37,31.42,0,0,22889
9491,2020-10-20 11:52:00,31.42,31.44,31.41,31.43,0,0,8646
9492,2020-10-20 11:53:00,31.43,31.44,31.35,31.36,0,0,14399
9493,2020-10-20 11:54:00,31.36,31.41,31.36,31.38,0,0,18712
9494,2020-10-20 11:55:00,31.37,31.42,31.37,31.4,0,0,14892
9495,2020-10-20 11:56:00,31.39,31.4,31.36,31.38,0,0,13285
9496,2020-10-20 11:57:00,31.39,31.41,31.37,31.38,0,0,12343
9497,2020-10-20 11:58:00,31.39,31.39,31.35,31.36,0,0,9070
9498,2020-10-20 11:59:00,31.37,31.42,31.37,31.41,0,0,17815
9499,2020-10-20 12:00:00,31.42,31.42,31.38,31.4,0,0,15343
9500,2020-10-20 12:01:00,31.39,31.39,31.34,31.36,0,0,33865
9501,2020-10-20 12:02:00,31.35,31.44,31.35,31.4,0,0,26490
9502,2020-10-20 12:03:00,31.41,31.41,31.35,31.35,0,0,18676
9503,2020-10-20 12:04:00,31.36,31.36,31.33,31.33,0,0,17496
9504,2020-10-20 12:05:00,31.34,31.35,31.31,31.32,0,0,20334
9505,2020-10-20 12:06:00,31.32,31.34,31.31,31.33,0,0,7112
9506,2020-10-20 12:07:00,31.32,31.32,31.27,31.28,0,0,25594
9507,2020-10-20 12:08:00,31.27,31.29,31.27,31.28,0,0,10134
9508,2020-10-20 12:09:00,31.29,31.3,31.28,31.28,0,0,12606
9509,2020-10-20 12:10:00,31.29,31.33,31.29,31.3,0,0,18266
9510,2020-10-20 12:11:00,31.31,31.34,31.31,31.34,0,0,9651
9511,2020-10-20 12:12:00,31.34,31.36,31.31,31.31,0,0,14922
9512,2020-10-20 12:13:00,31.32,31.33,31.3,31.3,0,0,10397
9513,2020-10-20 12:14:00,31.31,31.31,31.23,31.3,0,0,38318
9514,2020-10-20 12:15:00,31.3,31.33,31.29,31.29,0,0,13361
9515,2020-10-20 12:16:00,31.29,31.3,31.27,31.3,0,0,6100
9516,2020-10-20 12:17:00,31.3,31.34,31.29,31.34,0,0,13014
9517,2020-10-20 12:18:00,31.35,31.36,31.31,31.32,0,0,7489
9518,2020-10-20 12:19:00,31.33,31.36,31.32,31.34,0,0,23101
9519,2020-10-20 12:20:00,31.34,31.38,31.28,31.28,0,0,176793
9520,2020-10-20 12:21:00,31.28,31.31,31.27,31.28,0,0,73178
9521,2020-10-20 12:22:00,31.29,31.3,31.23,31.23,0,0,33544
9522,2020-10-20 12:23:00,31.24,31.28,31.24,31.24,0,0,27428
9523,2020-10-20 12:24:00,31.24,31.24,31.19,31.21,0,0,57144
9524,2020-10-20 12:25:00,31.2,31.22,31.16,31.21,0,0,44658
9525,2020-10-20 12:26:00,31.21,31.24,31.19,31.24,0,0,18855
9526,2020-10-20 12:27:00,31.24,31.24,31.2,31.24,0,0,32918
9527,2020-10-20 12:28:00,31.23,31.27,31.23,31.26,0,0,13481
9528,2020-10-20 12:29:00,31.26,31.27,31.25,31.25,0,0,15223
9529,2020-10-20 12:30:00,31.25,31.27,31.24,31.25,0,0,15122
9530,2020-10-20 12:31:00,31.26,31.27,31.23,31.23,0,0,9978
9531,2020-10-20 12:32:00,31.23,31.23,31.14,31.17,0,0,36999
9532,2020-10-20 12:33:00,31.16,31.23,31.16,31.21,0,0,26898
9533,2020-10-20 12:34:00,31.22,31.26,31.21,31.26,0,0,21829
9534,2020-10-20 12:35:00,31.27,31.29,31.23,31.25,0,0,15234
9535,2020-10-20 12:36:00,31.25,31.25,31.22,31.25,0,0,7420
9536,2020-10-20 12:37:00,31.24,31.26,31.21,31.26,0,0,17897
9537,2020-10-20 12:38:00,31.26,31.27,31.25,31.25,0,0,11450
9538,2020-10-20 12:39:00,31.24,31.26,31.23,31.23,0,0,22732
9539,2020-10-20 12:40:00,31.23,31.24,31.2,31.22,0,0,9859
9540,2020-10-20 12:41:00,31.22,31.22,31.18,31.2,0,0,20000
9541,2020-10-20 12:42:00,31.2,31.21,31.18,31.2,0,0,10624
9542,2020-10-20 12:43:00,31.2,31.22,31.19,31.2,0,0,13195
9543,2020-10-20 12:44:00,31.21,31.21,31.17,31.19,0,0,11769
9544,2020-10-20 12:45:00,31.2,31.23,31.17,31.17,0,0,13636
9545,2020-10-20 12:46:00,31.17,31.17,31.07,31.08,0,0,19682
9546,2020-10-20 12:47:00,31.08,31.1,31.06,31.08,0,0,23438
9547,2020-10-20 12:48:00,31.08,31.08,31.03,31.05,0,0,18341
9548,2020-10-20 12:49:00,31.05,31.06,31.03,31.03,0,0,15817
9549,2020-10-20 12:50:00,31.04,31.04,30.92,30.93,0,0,147950
9550,2020-10-20 12:51:00,30.94,30.97,30.9,30.96,0,0,53798
9551,2020-10-20 12:52:00,30.97,31.0,30.95,30.98,0,0,21265
9552,2020-10-20 12:53:00,30.98,30.98,30.93,30.95,0,0,22486
9553,2020-10-20 12:54:00,30.94,30.97,30.91,30.91,0,0,23538
9554,2020-10-20 12:55:00,30.92,30.93,30.88,30.88,0,0,32310
9555,2020-10-20 12:56:00,30.88,30.92,30.85,30.89,0,0,38792
9556,2020-10-20 12:57:00,30.89,30.91,30.88,30.9,0,0,21438
9557,2020-10-20 12:58:00,30.91,30.95,30.89,30.9,0,0,25087
9558,2020-10-20 12:59:00,30.89,30.92,30.88,30.9,0,0,21154
9559,2020-10-20 13:00:00,30.9,30.94,30.88,30.92,0,0,24369
9560,2020-10-20 13:01:00,30.92,30.94,30.9,30.93,0,0,24690
9561,2020-10-20 13:02:00,30.93,30.96,30.92,30.92,0,0,18976
9562,2020-10-20 13:03:00,30.93,30.98,30.93,30.95,0,0,38355
9563,2020-10-20 13:04:00,30.95,31.06,30.95,31.06,0,0,47345
9564,2020-10-20 13:05:00,31.05,31.08,31.04,31.06,0,0,23541
9565,2020-10-20 13:06:00,31.05,31.06,31.03,31.05,0,0,35346
9566,2020-10-20 13:07:00,31.05,31.05,31.02,31.03,0,0,19714
9567,2020-10-20 13:08:00,31.03,31.04,31.01,31.03,0,0,19747
9568,2020-10-20 13:09:00,31.02,31.05,31.01,31.02,0,0,13208
9569,2020-10-20 13:10:00,31.02,31.03,31.01,31.01,0,0,8121
9570,2020-10-20 13:11:00,31.01,31.07,31.0,31.07,0,0,21962
9571,2020-10-20 13:12:00,31.06,31.09,31.03,31.07,0,0,16437
9572,2020-10-20 13:13:00,31.07,31.09,31.05,31.08,0,0,14211
9573,2020-10-20 13:14:00,31.08,31.11,31.07,31.1,0,0,21882
9574,2020-10-20 13:15:00,31.09,31.13,31.09,31.11,0,0,15752
9575,2020-10-20 13:16:00,31.12,31.13,31.1,31.11,0,0,10815
9576,2020-10-20 13:17:00,31.12,31.12,31.1,31.1,0,0,18511
9577,2020-10-20 13:18:00,31.11,31.11,31.08,31.08,0,0,6101
9578,2020-10-20 13:19:00,31.08,31.13,31.08,31.09,0,0,17003
9579,2020-10-20 13:20:00,31.09,31.09,31.07,31.09,0,0,15732
9580,2020-10-20 13:21:00,31.1,31.11,31.08,31.09,0,0,8005
9581,2020-10-20 13:22:00,31.09,31.1,31.06,31.06,0,0,5381
9582,2020-10-20 13:23:00,31.06,31.06,31.04,31.05,0,0,18051
9583,2020-10-20 13:24:00,31.05,31.06,31.03,31.05,0,0,8044
9584,2020-10-20 13:25:00,31.06,31.08,31.02,31.04,0,0,20801
9585,2020-10-20 13:26:00,31.02,31.04,31.02,31.03,0,0,8138
9586,2020-10-20 13:27:00,31.04,31.05,31.04,31.04,0,0,4303
9587,2020-10-20 13:28:00,31.05,31.05,30.99,31.0,0,0,32946
9588,2020-10-20 13:29:00,31.0,31.0,30.97,30.98,0,0,13968
9589,2020-10-20 13:30:00,30.99,31.0,30.93,30.93,0,0,17828
9590,2020-10-20 13:31:00,30.94,30.97,30.93,30.96,0,0,16463
9591,2020-10-20 13:32:00,30.96,30.99,30.96,30.97,0,0,8853
9592,2020-10-20 13:33:00,30.97,30.98,30.95,30.97,0,0,10775
9593,2020-10-20 13:34:00,30.98,31.0,30.97,31.0,0,0,8238
9594,2020-10-20 13:35:00,31.0,31.01,30.97,30.98,0,0,24626
9595,2020-10-20 13:36:00,31.0,31.03,31.0,31.03,0,0,24027
9596,2020-10-20 13:37:00,31.02,31.03,31.0,31.02,0,0,16143
9597,2020-10-20 13:38:00,31.02,31.03,31.02,31.02,0,0,15539
9598,2020-10-20 13:39:00,31.01,31.02,30.99,30.99,0,0,17628
9599,2020-10-20 13:40:00,30.99,31.0,30.98,30.99,0,0,10788
9600,2020-10-20 13:41:00,30.98,31.0,30.97,30.99,0,0,17449
9601,2020-10-20 13:42:00,30.99,30.99,30.97,30.98,0,0,3424
9602,2020-10-20 13:43:00,30.97,30.98,30.96,30.96,0,0,11066
9603,2020-10-20 13:44:00,30.97,30.97,30.94,30.94,0,0,10737
9604,2020-10-20 13:45:00,30.94,30.96,30.92,30.93,0,0,22348
9605,2020-10-20 13:46:00,30.93,30.94,30.92,30.93,0,0,23667
9606,2020-10-20 13:47:00,30.94,30.95,30.93,30.94,0,0,15657
9607,2020-10-20 13:48:00,30.94,30.94,30.93,30.94,0,0,12244
9608,2020-10-20 13:49:00,30.95,31.02,30.95,31.02,0,0,14357
9609,2020-10-20 13:50:00,31.01,31.01,30.99,30.99,0,0,7191
9610,2020-10-20 13:51:00,30.98,30.99,30.96,30.97,0,0,13906
9611,2020-10-20 13:52:00,30.98,31.05,30.98,31.05,0,0,48964
9612,2020-10-20 13:53:00,31.06,31.11,31.06,31.11,0,0,29678
9613,2020-10-20 13:54:00,31.11,31.13,31.05,31.05,0,0,15898
9614,2020-10-20 13:55:00,31.06,31.08,31.05,31.06,0,0,8952
9615,2020-10-20 13:56:00,31.05,31.07,31.03,31.04,0,0,14164
9616,2020-10-20 13:57:00,31.05,31.07,30.99,31.03,0,0,13252
9617,2020-10-20 13:58:00,31.03,31.09,31.02,31.08,0,0,9791
9618,2020-10-20 13:59:00,31.09,31.18,31.09,31.18,0,0,30694
9619,2020-10-20 14:00:00,31.17,31.21,31.15,31.21,0,0,28998
9620,2020-10-20 14:01:00,31.2,31.24,31.19,31.21,0,0,22648
9621,2020-10-20 14:02:00,31.2,31.22,31.19,31.2,0,0,7132
9622,2020-10-20 14:03:00,31.19,31.22,31.18,31.19,0,0,28278
9623,2020-10-20 14:04:00,31.18,31.19,31.12,31.12,0,0,57217
9624,2020-10-20 14:05:00,31.13,31.16,31.13,31.14,0,0,31340
9625,2020-10-20 14:06:00,31.15,31.17,31.14,31.17,0,0,45170
9626,2020-10-20 14:07:00,31.17,31.17,31.17,31.17,0,0,7186
9627,2020-10-20 14:08:00,31.17,31.2,31.17,31.2,0,0,7926
9628,2020-10-20 14:09:00,31.19,31.2,31.18,31.18,0,0,14196
9629,2020-10-20 14:10:00,31.18,31.19,31.17,31.17,0,0,9362
9630,2020-10-20 14:11:00,31.17,31.24,31.17,31.23,0,0,13418
9631,2020-10-20 14:12:00,31.22,31.23,31.19,31.2,0,0,9906
9632,2020-10-20 14:13:00,31.21,31.23,31.2,31.23,0,0,11462
9633,2020-10-20 14:14:00,31.22,31.23,31.22,31.23,0,0,5367
9634,2020-10-20 14:15:00,31.23,31.24,31.21,31.21,0,0,9420
9635,2020-10-20 14:16:00,31.22,31.22,31.18,31.2,0,0,28420
9636,2020-10-20 14:17:00,31.21,31.22,31.2,31.22,0,0,10336
9637,2020-10-20 14:18:00,31.21,31.23,31.21,31.23,0,0,18741
9638,2020-10-20 14:19:00,31.23,31.23,31.19,31.2,0,0,11183
9639,2020-10-20 14:20:00,31.2,31.21,31.14,31.17,0,0,25335
9640,2020-10-20 14:21:00,31.17,31.2,31.17,31.19,0,0,10696
9641,2020-10-20 14:22:00,31.19,31.21,31.19,31.2,0,0,6831
9642,2020-10-20 14:23:00,31.19,31.22,31.19,31.22,0,0,10612
9643,2020-10-20 14:24:00,31.22,31.24,31.21,31.21,0,0,9392
9644,2020-10-20 14:25:00,31.22,31.23,31.2,31.22,0,0,33360
9645,2020-10-20 14:26:00,31.21,31.24,31.21,31.24,0,0,13626
9646,2020-10-20 14:27:00,31.25,31.26,31.24,31.25,0,0,8072
9647,2020-10-20 14:28:00,31.25,31.25,31.23,31.24,0,0,11028
9648,2020-10-20 14:29:00,31.24,31.24,31.2,31.23,0,0,17582
9649,2020-10-20 14:30:00,31.23,31.26,31.21,31.21,0,0,18200
9650,2020-10-20 14:31:00,31.22,31.22,31.2,31.2,0,0,9557
9651,2020-10-20 14:32:00,31.2,31.23,31.2,31.22,0,0,24283
9652,2020-10-20 14:33:00,31.21,31.22,31.2,31.21,0,0,21191
9653,2020-10-20 14:34:00,31.21,31.21,31.19,31.19,0,0,7822
9654,2020-10-20 14:35:00,31.19,31.19,31.16,31.17,0,0,18014
9655,2020-10-20 14:36:00,31.17,31.17,31.15,31.16,0,0,7808
9656,2020-10-20 14:37:00,31.15,31.18,31.15,31.18,0,0,21168
9657,2020-10-20 14:38:00,31.17,31.17,31.14,31.15,0,0,12987
9658,2020-10-20 14:39:00,31.16,31.16,31.14,31.16,0,0,15479
9659,2020-10-20 14:40:00,31.16,31.19,31.15,31.19,0,0,14372
9660,2020-10-20 14:41:00,31.19,31.19,31.17,31.17,0,0,9316
9661,2020-10-20 14:42:00,31.17,31.17,31.15,31.16,0,0,8091
9662,2020-10-20 14:43:00,31.16,31.18,31.16,31.17,0,0,8918
9663,2020-10-20 14:44:00,31.17,31.17,31.16,31.17,0,0,12010
9664,2020-10-20 14:45:00,31.17,31.17,31.14,31.14,0,0,11171
9665,2020-10-20 14:46:00,31.15,31.15,31.1,31.11,0,0,21502
9666,2020-10-20 14:47:00,31.1,31.11,31.08,31.09,0,0,16521
9667,2020-10-20 14:48:00,31.09,31.09,31.05,31.06,0,0,22584
9668,2020-10-20 14:49:00,31.07,31.09,31.06,31.07,0,0,9064
9669,2020-10-20 14:50:00,31.07,31.07,31.03,31.03,0,0,7509
9670,2020-10-20 14:51:00,31.02,31.03,31.02,31.03,0,0,14528
9671,2020-10-20 14:52:00,31.03,31.04,31.02,31.02,0,0,10123
9672,2020-10-20 14:53:00,31.01,31.02,30.99,31.0,0,0,19174
9673,2020-10-20 14:54:00,31.0,31.0,30.97,30.97,0,0,14148
9674,2020-10-20 14:55:00,30.98,31.02,30.98,31.0,0,0,19982
9675,2020-10-20 14:56:00,30.99,31.01,30.98,31.0,0,0,12843
9676,2020-10-20 14:57:00,31.0,31.02,31.0,31.01,0,0,8555
9677,2020-10-20 14:58:00,31.01,31.02,31.0,31.0,0,0,13466
9678,2020-10-20 14:59:00,31.0,31.01,31.0,31.0,0,0,5729
9679,2020-10-20 15:00:00,31.0,31.04,31.0,31.03,0,0,17234
9680,2020-10-20 15:01:00,31.03,31.04,31.02,31.03,0,0,5122
9681,2020-10-20 15:02:00,31.03,31.06,31.03,31.06,0,0,13518
9682,2020-10-20 15:03:00,31.06,31.06,31.04,31.04,0,0,13827
9683,2020-10-20 15:04:00,31.05,31.05,31.03,31.04,0,0,13157
9684,2020-10-20 15:05:00,31.04,31.04,30.98,30.98,0,0,14959
9685,2020-10-20 15:06:00,30.97,30.98,30.91,30.91,0,0,43073
9686,2020-10-20 15:07:00,30.91,30.93,30.9,30.93,0,0,24736
9687,2020-10-20 15:08:00,30.92,30.93,30.9,30.91,0,0,11592
9688,2020-10-20 15:09:00,30.91,30.91,30.87,30.89,0,0,24777
9689,2020-10-20 15:10:00,30.89,30.9,30.78,30.85,0,0,66805
9690,2020-10-20 15:11:00,30.86,30.89,30.84,30.89,0,0,26780
9691,2020-10-20 15:12:00,30.89,30.89,30.86,30.89,0,0,14653
9692,2020-10-20 15:13:00,30.88,30.9,30.86,30.9,0,0,26002
9693,2020-10-20 15:14:00,30.9,30.9,30.88,30.88,0,0,12872
9694,2020-10-20 15:15:00,30.88,30.89,30.83,30.89,0,0,16994
9695,2020-10-20 15:16:00,30.89,30.9,30.88,30.9,0,0,8219
9696,2020-10-20 15:17:00,30.89,30.9,30.83,30.86,0,0,27163
9697,2020-10-20 15:18:00,30.87,30.9,30.87,30.9,0,0,14592
9698,2020-10-20 15:19:00,30.9,30.94,30.89,30.93,0,0,16737
9699,2020-10-20 15:20:00,30.92,30.93,30.91,30.91,0,0,16485
9700,2020-10-20 15:21:00,30.91,30.92,30.89,30.89,0,0,11409
9701,2020-10-20 15:22:00,30.89,30.92,30.88,30.9,0,0,15561
9702,2020-10-20 15:23:00,30.9,30.93,30.89,30.92,0,0,17321
9703,2020-10-20 15:24:00,30.92,30.97,30.92,30.95,0,0,35395
9704,2020-10-20 15:25:00,30.94,30.96,30.94,30.96,0,0,12689
9705,2020-10-20 15:26:00,30.95,30.97,30.95,30.97,0,0,10865
9706,2020-10-20 15:27:00,30.97,30.97,30.94,30.94,0,0,15999
9707,2020-10-20 15:28:00,30.94,30.97,30.94,30.97,0,0,21563
9708,2020-10-20 15:29:00,30.97,31.0,30.96,30.98,0,0,15967
9709,2020-10-20 15:30:00,30.98,30.98,30.96,30.97,0,0,16403
9710,2020-10-20 15:31:00,30.98,30.98,30.96,30.98,0,0,14018
9711,2020-10-20 15:32:00,30.98,30.98,30.93,30.94,0,0,21815
9712,2020-10-20 15:33:00,30.93,30.93,30.88,30.88,0,0,46081
9713,2020-10-20 15:34:00,30.89,30.92,30.88,30.91,0,0,18277
9714,2020-10-20 15:35:00,30.91,30.92,30.9,30.9,0,0,10398
9715,2020-10-20 15:36:00,30.9,30.91,30.86,30.86,0,0,83974
9716,2020-10-20 15:37:00,30.86,30.9,30.86,30.9,0,0,37045
9717,2020-10-20 15:38:00,30.9,30.91,30.89,30.9,0,0,17709
9718,2020-10-20 15:39:00,30.89,30.9,30.87,30.89,0,0,14941
9719,2020-10-20 15:40:00,30.89,30.97,30.89,30.97,0,0,40822
9720,2020-10-20 15:41:00,30.96,30.97,30.94,30.94,0,0,21867
9721,2020-10-20 15:42:00,30.94,30.94,30.92,30.94,0,0,29098
9722,2020-10-20 15:43:00,30.94,30.97,30.93,30.93,0,0,31831
9723,2020-10-20 15:44:00,30.93,30.93,30.9,30.9,0,0,20362
9724,2020-10-20 15:45:00,30.9,30.9,30.85,30.85,0,0,41590
9725,2020-10-20 15:46:00,30.85,30.86,30.84,30.84,0,0,33508
9726,2020-10-20 15:47:00,30.84,30.85,30.79,30.79,0,0,48711
9727,2020-10-20 15:48:00,30.8,30.84,30.78,30.83,0,0,54123
9728,2020-10-20 15:49:00,30.83,30.83,30.79,30.8,0,0,42204
9729,2020-10-20 15:50:00,30.79,30.88,30.77,30.87,0,0,83874
9730,2020-10-20 15:51:00,30.87,30.89,30.83,30.83,0,0,55518
9731,2020-10-20 15:52:00,30.83,30.86,30.8,30.83,0,0,81179
9732,2020-10-20 15:53:00,30.82,30.87,30.82,30.85,0,0,43910
9733,2020-10-20 15:54:00,30.86,30.87,30.81,30.81,0,0,34181
9734,2020-10-20 15:55:00,30.81,30.82,30.77,30.77,0,0,54923
9735,2020-10-20 15:56:00,30.78,30.79,30.72,30.77,0,0,154510
9736,2020-10-20 15:57:00,30.77,30.83,30.77,30.83,0,0,82043
9737,2020-10-20 15:58:00,30.82,30.85,30.81,30.84,0,0,98922
9738,2020-10-20 15:59:00,30.84,30.9,30.8,30.82,0,0,132722
9739,2020-10-21 09:30:00,29.24,29.35,28.57,28.57,0,0,1112846
9740,2020-10-21 09:31:00,28.67,28.94,28.56,28.85,0,0,349345
9741,2020-10-21 09:32:00,28.87,28.92,28.34,28.44,0,0,442830
9742,2020-10-21 09:33:00,28.47,28.82,28.4,28.76,0,0,164615
9743,2020-10-21 09:34:00,28.78,28.82,28.57,28.59,0,0,212546
9744,2020-10-21 09:35:00,28.6,28.71,28.51,28.67,0,0,162392
9745,2020-10-21 09:36:00,28.67,28.82,28.66,28.81,0,0,132661
9746,2020-10-21 09:37:00,28.82,28.91,28.64,28.64,0,0,139316
9747,2020-10-21 09:38:00,28.64,28.67,28.54,28.64,0,0,178072
9748,2020-10-21 09:39:00,28.63,28.7,28.53,28.7,0,0,140386
9749,2020-10-21 09:40:00,28.68,28.85,28.67,28.72,0,0,467547
9750,2020-10-21 09:41:00,28.71,28.82,28.7,28.74,0,0,113876
9751,2020-10-21 09:42:00,28.74,28.81,28.67,28.79,0,0,102925
9752,2020-10-21 09:43:00,28.78,29.03,28.78,29.02,0,0,204154
9753,2020-10-21 09:44:00,29.03,29.12,29.02,29.05,0,0,148870
9754,2020-10-21 09:45:00,29.05,29.22,29.04,29.19,0,0,206959
9755,2020-10-21 09:46:00,29.19,29.24,29.1,29.16,0,0,124220
9756,2020-10-21 09:47:00,29.17,29.25,29.1,29.11,0,0,94537
9757,2020-10-21 09:48:00,29.1,29.1,28.98,29.03,0,0,148468
9758,2020-10-21 09:49:00,29.02,29.03,28.89,28.95,0,0,64288
9759,2020-10-21 09:50:00,28.96,29.02,28.95,29.02,0,0,80590
9760,2020-10-21 09:51:00,29.0,29.02,28.93,28.96,0,0,61570
9761,2020-10-21 09:52:00,28.99,29.09,28.97,29.01,0,0,79395
9762,2020-10-21 09:53:00,29.01,29.02,28.84,28.87,0,0,106801
9763,2020-10-21 09:54:00,28.85,28.91,28.83,28.86,0,0,97027
9764,2020-10-21 09:55:00,28.85,28.89,28.72,28.75,0,0,147057
9765,2020-10-21 09:56:00,28.74,28.76,28.65,28.66,0,0,73819
9766,2020-10-21 09:57:00,28.67,28.74,28.67,28.7,0,0,90286
9767,2020-10-21 09:58:00,28.71,28.86,28.71,28.85,0,0,59012
9768,2020-10-21 09:59:00,28.87,28.88,28.8,28.82,0,0,84575
9769,2020-10-21 10:00:00,28.82,28.9,28.81,28.82,0,0,66543
9770,2020-10-21 10:01:00,28.83,28.84,28.71,28.72,0,0,42296
9771,2020-10-21 10:02:00,28.71,28.72,28.57,28.58,0,0,142092
9772,2020-10-21 10:03:00,28.57,28.78,28.57,28.76,0,0,78587
9773,2020-10-21 10:04:00,28.76,28.8,28.72,28.76,0,0,67460
9774,2020-10-21 10:05:00,28.78,29.1,28.75,29.07,0,0,210221
9775,2020-10-21 10:06:00,29.07,29.1,29.0,29.02,0,0,163784
9776,2020-10-21 10:07:00,29.02,29.02,28.89,28.89,0,0,47441
9777,2020-10-21 10:08:00,28.9,28.98,28.9,28.93,0,0,53253
9778,2020-10-21 10:09:00,28.93,29.02,28.91,29.01,0,0,48754
9779,2020-10-21 10:10:00,29.0,29.09,29.0,29.06,0,0,63269
9780,2020-10-21 10:11:00,29.06,29.08,29.01,29.07,0,0,53992
9781,2020-10-21 10:12:00,29.07,29.16,29.04,29.14,0,0,88335
9782,2020-10-21 10:13:00,29.14,29.15,29.11,29.13,0,0,48941
9783,2020-10-21 10:14:00,29.13,29.25,29.13,29.23,0,0,117552
9784,2020-10-21 10:15:00,29.23,29.24,29.15,29.17,0,0,129608
9785,2020-10-21 10:16:00,29.17,29.25,29.17,29.23,0,0,97343
9786,2020-10-21 10:17:00,29.22,29.23,29.15,29.17,0,0,89232
9787,2020-10-21 10:18:00,29.17,29.18,29.13,29.14,0,0,40417
9788,2020-10-21 10:19:00,29.14,29.24,29.13,29.23,0,0,33200
9789,2020-10-21 10:20:00,29.22,29.28,29.22,29.28,0,0,76583
9790,2020-10-21 10:21:00,29.27,29.32,29.26,29.27,0,0,56228
9791,2020-10-21 10:22:00,29.27,29.28,29.25,29.26,0,0,51972
9792,2020-10-21 10:23:00,29.27,29.33,29.26,29.31,0,0,79069
9793,2020-10-21 10:24:00,29.31,29.32,29.19,29.2,0,0,50309
9794,2020-10-21 10:25:00,29.2,29.22,29.15,29.17,0,0,51793
9795,2020-10-21 10:26:00,29.17,29.2,29.15,29.16,0,0,48432
9796,2020-10-21 10:27:00,29.16,29.16,29.1,29.12,0,0,76786
9797,2020-10-21 10:28:00,29.12,29.14,29.06,29.08,0,0,62374
9798,2020-10-21 10:29:00,29.07,29.13,29.07,29.13,0,0,77183
9799,2020-10-21 10:30:00,29.13,29.19,29.13,29.14,0,0,52146
9800,2020-10-21 10:31:00,29.14,29.22,29.1,29.21,0,0,30708
9801,2020-10-21 10:32:00,29.2,29.22,29.18,29.19,0,0,40161
9802,2020-10-21 10:33:00,29.2,29.28,29.19,29.25,0,0,56587
9803,2020-10-21 10:34:00,29.25,29.29,29.25,29.26,0,0,46955
9804,2020-10-21 10:35:00,29.25,29.33,29.25,29.32,0,0,58087
9805,2020-10-21 10:36:00,29.31,29.33,29.23,29.24,0,0,93658
9806,2020-10-21 10:37:00,29.23,29.24,29.22,29.23,0,0,57875
9807,2020-10-21 10:38:00,29.24,29.3,29.23,29.29,0,0,45789
9808,2020-10-21 10:39:00,29.3,29.32,29.27,29.31,0,0,43456
9809,2020-10-21 10:40:00,29.31,29.38,29.29,29.32,0,0,79831
9810,2020-10-21 10:41:00,29.31,29.32,29.24,29.28,0,0,35458
9811,2020-10-21 10:42:00,29.29,29.34,29.25,29.34,0,0,18423
9812,2020-10-21 10:43:00,29.34,29.35,29.31,29.33,0,0,30387
9813,2020-10-21 10:44:00,29.33,29.38,29.33,29.33,0,0,25769
9814,2020-10-21 10:45:00,29.32,29.36,29.32,29.33,0,0,12312
9815,2020-10-21 10:46:00,29.32,29.34,29.28,29.29,0,0,24499
9816,2020-10-21 10:47:00,29.3,29.3,29.25,29.26,0,0,18772
9817,2020-10-21 10:48:00,29.26,29.27,29.24,29.25,0,0,36989
9818,2020-10-21 10:49:00,29.25,29.26,29.2,29.24,0,0,64464
9819,2020-10-21 10:50:00,29.24,29.28,29.24,29.27,0,0,44167
9820,2020-10-21 10:51:00,29.27,29.35,29.26,29.3,0,0,34699
9821,2020-10-21 10:52:00,29.29,29.3,29.26,29.28,0,0,37732
9822,2020-10-21 10:53:00,29.28,29.29,29.27,29.28,0,0,34281
9823,2020-10-21 10:54:00,29.28,29.35,29.28,29.33,0,0,50091
9824,2020-10-21 10:55:00,29.33,29.36,29.3,29.33,0,0,26005
9825,2020-10-21 10:56:00,29.33,29.33,29.25,29.25,0,0,42206
9826,2020-10-21 10:59:00,29.19,29.24,29.19,29.23,0,0,272708
9827,2020-10-21 11:00:00,29.19,29.19,29.17,29.19,0,0,91798
9828,2020-10-21 11:01:00,29.18,29.23,29.18,29.23,0,0,81717
9829,2020-10-21 11:02:00,29.23,29.27,29.2,29.2,0,0,47929
9830,2020-10-21 11:03:00,29.2,29.22,29.18,29.19,0,0,46305
9831,2020-10-21 11:04:00,29.18,29.21,29.14,29.17,0,0,41105
9832,2020-10-21 11:05:00,29.17,29.18,29.15,29.16,0,0,26251
9833,2020-10-21 11:06:00,29.16,29.17,29.08,29.11,0,0,37896
9834,2020-10-21 11:07:00,29.11,29.11,29.01,29.01,0,0,50265
9835,2020-10-21 11:08:00,29.01,29.01,28.98,28.99,0,0,74202
9836,2020-10-21 11:09:00,28.98,29.0,28.93,29.0,0,0,30811
9837,2020-10-21 11:10:00,29.0,29.0,28.92,28.94,0,0,46782
9838,2020-10-21 11:11:00,28.95,28.96,28.86,28.89,0,0,47758
9839,2020-10-21 11:12:00,28.89,28.9,28.85,28.88,0,0,68579
9840,2020-10-21 11:13:00,28.87,28.89,28.83,28.84,0,0,35488
9841,2020-10-21 11:14:00,28.84,28.84,28.78,28.78,0,0,44914
9842,2020-10-21 11:15:00,28.78,28.83,28.77,28.79,0,0,46496
9843,2020-10-21 11:16:00,28.79,28.83,28.79,28.83,0,0,25611
9844,2020-10-21 11:17:00,28.82,28.84,28.71,28.75,0,0,61052
9845,2020-10-21 11:27:00,29.03,29.06,29.02,29.06,0,0,401981
9846,2020-10-21 11:28:00,29.06,29.06,29.02,29.03,0,0,34938
9847,2020-10-21 11:29:00,29.03,29.05,29.01,29.01,0,0,26050
9848,2020-10-21 11:30:00,29.02,29.06,29.0,29.02,0,0,28158
9849,2020-10-21 11:31:00,29.02,29.05,29.01,29.05,0,0,23251
9850,2020-10-21 11:32:00,29.05,29.05,29.0,29.01,0,0,16085
9851,2020-10-21 11:33:00,29.01,29.04,28.99,29.04,0,0,28143
9852,2020-10-21 11:34:00,29.04,29.05,29.01,29.02,0,0,19421
9853,2020-10-21 11:35:00,29.02,29.03,29.01,29.02,0,0,17000
9854,2020-10-21 11:36:00,29.02,29.03,29.0,29.0,0,0,18764
9855,2020-10-21 11:37:00,29.0,29.0,28.98,28.99,0,0,12308
9856,2020-10-21 11:38:00,28.99,29.01,28.98,28.99,0,0,28176
9857,2020-10-21 11:39:00,28.99,29.01,28.97,29.0,0,0,18107
9858,2020-10-21 11:40:00,29.0,29.01,28.97,28.97,0,0,27334
9859,2020-10-21 11:41:00,28.98,28.98,28.92,28.95,0,0,37185
9860,2020-10-21 11:42:00,28.94,28.98,28.94,28.95,0,0,27851
9861,2020-10-21 11:43:00,28.95,29.0,28.94,28.99,0,0,31009
9862,2020-10-21 11:44:00,29.0,29.01,28.98,29.0,0,0,38636
9863,2020-10-21 11:45:00,29.0,29.06,28.99,29.05,0,0,75076
9864,2020-10-21 11:46:00,29.05,29.08,29.02,29.02,0,0,33175
9865,2020-10-21 11:47:00,29.02,29.03,29.0,29.02,0,0,14000
9866,2020-10-21 11:48:00,29.02,29.04,29.01,29.03,0,0,15447
9867,2020-10-21 11:49:00,29.02,29.05,29.02,29.05,0,0,20369
9868,2020-10-21 11:50:00,29.05,29.06,29.04,29.05,0,0,26461
9869,2020-10-21 11:51:00,29.04,29.05,29.0,29.0,0,0,15493
9870,2020-10-21 11:52:00,29.0,29.03,29.0,29.02,0,0,11807
9871,2020-10-21 11:53:00,29.02,29.09,29.02,29.09,0,0,25049
9872,2020-10-21 11:54:00,29.09,29.1,29.06,29.06,0,0,32544
9873,2020-10-21 11:55:00,29.06,29.06,29.04,29.05,0,0,13787
9874,2020-10-21 11:56:00,29.05,29.05,29.01,29.01,0,0,18178
9875,2020-10-21 11:57:00,29.02,29.02,29.0,29.0,0,0,32421
9876,2020-10-21 11:58:00,29.0,29.0,28.89,28.9,0,0,51830
9877,2020-10-21 11:59:00,28.91,28.97,28.9,28.97,0,0,31923
9878,2020-10-21 12:00:00,28.97,28.99,28.95,28.95,0,0,16207
9879,2020-10-21 12:01:00,28.95,28.96,28.93,28.96,0,0,11737
9880,2020-10-21 12:02:00,28.95,28.96,28.94,28.94,0,0,17746
9881,2020-10-21 12:03:00,28.94,28.98,28.94,28.97,0,0,14930
9882,2020-10-21 12:04:00,28.97,28.97,28.94,28.94,0,0,18712
9883,2020-10-21 12:05:00,28.94,28.94,28.91,28.92,0,0,20734
9884,2020-10-21 12:06:00,28.91,28.91,28.88,28.9,0,0,26117
9885,2020-10-21 12:07:00,28.9,28.94,28.9,28.93,0,0,20660
9886,2020-10-21 12:08:00,28.92,28.94,28.91,28.93,0,0,20740
9887,2020-10-21 12:09:00,28.94,28.94,28.91,28.91,0,0,22785
9888,2020-10-21 12:10:00,28.9,28.91,28.86,28.86,0,0,31756
9889,2020-10-21 12:11:00,28.86,28.87,28.82,28.83,0,0,20942
9890,2020-10-21 12:12:00,28.83,28.83,28.79,28.81,0,0,42413
9891,2020-10-21 12:13:00,28.82,28.82,28.78,28.8,0,0,35697
9892,2020-10-21 12:14:00,28.8,28.84,28.8,28.83,0,0,25551
9893,2020-10-21 12:15:00,28.83,28.84,28.81,28.83,0,0,20024
9894,2020-10-21 12:16:00,28.83,28.83,28.8,28.82,0,0,15541
9895,2020-10-21 12:17:00,28.81,28.88,28.81,28.88,0,0,23355
9896,2020-10-21 12:18:00,28.87,28.87,28.85,28.85,0,0,7214
9897,2020-10-21 12:19:00,28.86,28.88,28.85,28.86,0,0,15229
9898,2020-10-21 12:20:00,28.86,28.95,28.85,28.95,0,0,55831
9899,2020-10-21 12:21:00,28.95,28.98,28.94,28.96,0,0,30142
9900,2020-10-21 12:22:00,28.97,28.98,28.93,28.95,0,0,43266
9901,2020-10-21 12:23:00,28.95,28.98,28.93,28.94,0,0,31645
9902,2020-10-21 12:24:00,28.94,28.94,28.88,28.89,0,0,26201
9903,2020-10-21 12:25:00,28.88,28.9,28.87,28.89,0,0,28212
9904,2020-10-21 12:26:00,28.89,28.9,28.83,28.83,0,0,42252
9905,2020-10-21 12:27:00,28.83,28.85,28.81,28.83,0,0,37709
9906,2020-10-21 12:28:00,28.83,28.84,28.81,28.84,0,0,32782
9907,2020-10-21 12:29:00,28.85,28.85,28.79,28.79,0,0,30199
9908,2020-10-21 12:30:00,28.79,28.8,28.76,28.77,0,0,34141
9909,2020-10-21 12:31:00,28.77,28.82,28.77,28.77,0,0,23444
9910,2020-10-21 12:32:00,28.77,28.78,28.75,28.75,0,0,27937
9911,2020-10-21 12:33:00,28.75,28.75,28.68,28.7,0,0,45414
9912,2020-10-21 12:34:00,28.69,28.69,28.64,28.65,0,0,50888
9913,2020-10-21 12:35:00,28.64,28.66,28.64,28.65,0,0,30766
9914,2020-10-21 12:36:00,28.65,28.67,28.63,28.63,0,0,39172
9915,2020-10-21 12:37:00,28.64,28.64,28.62,28.63,0,0,18409
9916,2020-10-21 12:38:00,28.63,28.63,28.61,28.63,0,0,28425
9917,2020-10-21 12:39:00,28.63,28.64,28.61,28.63,0,0,36455
9918,2020-10-21 12:40:00,28.63,28.65,28.61,28.64,0,0,22300
9919,2020-10-21 12:41:00,28.64,28.64,28.62,28.64,0,0,22914
9920,2020-10-21 12:42:00,28.64,28.64,28.56,28.56,0,0,50920
9921,2020-10-21 12:43:00,28.56,28.57,28.55,28.57,0,0,17100
9922,2020-10-21 12:44:00,28.56,28.56,28.52,28.56,0,0,36632
9923,2020-10-21 12:45:00,28.56,28.57,28.54,28.55,0,0,18256
9924,2020-10-21 12:46:00,28.56,28.58,28.56,28.56,0,0,17625
9925,2020-10-21 12:47:00,28.56,28.56,28.54,28.55,0,0,20102
9926,2020-10-21 12:48:00,28.54,28.55,28.53,28.53,0,0,24818
9927,2020-10-21 12:49:00,28.54,28.54,28.52,28.52,0,0,13225
9928,2020-10-21 12:50:00,28.52,28.54,28.47,28.53,0,0,147116
9929,2020-10-21 12:51:00,28.53,28.59,28.53,28.57,0,0,32035
9930,2020-10-21 12:52:00,28.56,28.6,28.56,28.59,0,0,15187
9931,2020-10-21 12:53:00,28.59,28.59,28.56,28.58,0,0,20735
9932,2020-10-21 12:54:00,28.58,28.58,28.52,28.53,0,0,32470
9933,2020-10-21 12:55:00,28.53,28.55,28.52,28.53,0,0,17711
9934,2020-10-21 12:56:00,28.53,28.54,28.52,28.54,0,0,17841
9935,2020-10-21 12:57:00,28.54,28.57,28.52,28.52,0,0,20148
9936,2020-10-21 12:58:00,28.51,28.52,28.47,28.49,0,0,26554
9937,2020-10-21 12:59:00,28.49,28.5,28.46,28.49,0,0,25690
9938,2020-10-21 13:00:00,28.48,28.49,28.47,28.49,0,0,21554
9939,2020-10-21 13:01:00,28.49,28.5,28.42,28.42,0,0,96832
9940,2020-10-21 13:02:00,28.41,28.45,28.4,28.43,0,0,101654
9941,2020-10-21 13:03:00,28.43,28.45,28.41,28.42,0,0,25976
9942,2020-10-21 13:04:00,28.42,28.44,28.41,28.44,0,0,21796
9943,2020-10-21 13:05:00,28.43,28.44,28.41,28.42,0,0,26425
9944,2020-10-21 13:06:00,28.43,28.44,28.37,28.38,0,0,38746
9945,2020-10-21 13:07:00,28.38,28.44,28.37,28.42,0,0,47778
9946,2020-10-21 13:08:00,28.42,28.43,28.41,28.43,0,0,13442
9947,2020-10-21 13:09:00,28.42,28.47,28.41,28.46,0,0,38717
9948,2020-10-21 13:10:00,28.46,28.51,28.45,28.5,0,0,35428
9949,2020-10-21 13:11:00,28.5,28.53,28.49,28.49,0,0,27991
9950,2020-10-21 13:12:00,28.49,28.51,28.48,28.51,0,0,17643
9951,2020-10-21 13:13:00,28.52,28.53,28.48,28.5,0,0,27516
9952,2020-10-21 13:14:00,28.5,28.52,28.49,28.52,0,0,21959
9953,2020-10-21 13:15:00,28.51,28.57,28.5,28.57,0,0,50724
9954,2020-10-21 13:16:00,28.57,28.6,28.56,28.59,0,0,49963
9955,2020-10-21 13:17:00,28.59,28.6,28.56,28.58,0,0,21405
9956,2020-10-21 13:18:00,28.58,28.67,28.57,28.66,0,0,71252
9957,2020-10-21 13:19:00,28.66,28.66,28.64,28.65,0,0,19943
9958,2020-10-21 13:20:00,28.66,28.67,28.63,28.63,0,0,27138
9959,2020-10-21 13:21:00,28.62,28.62,28.58,28.59,0,0,29017
9960,2020-10-21 13:22:00,28.59,28.61,28.58,28.58,0,0,71836
9961,2020-10-21 13:23:00,28.57,28.59,28.53,28.59,0,0,23672
9962,2020-10-21 13:24:00,28.6,28.6,28.58,28.59,0,0,43928
9963,2020-10-21 13:25:00,28.59,28.59,28.53,28.57,0,0,56194
9964,2020-10-21 13:26:00,28.56,28.59,28.54,28.58,0,0,18759
9965,2020-10-21 13:27:00,28.58,28.58,28.55,28.57,0,0,13003
9966,2020-10-21 13:28:00,28.57,28.59,28.53,28.54,0,0,35189
9967,2020-10-21 13:29:00,28.55,28.55,28.53,28.53,0,0,17853
9968,2020-10-21 13:30:00,28.53,28.58,28.52,28.57,0,0,19842
9969,2020-10-21 13:31:00,28.57,28.58,28.55,28.58,0,0,11950
9970,2020-10-21 13:32:00,28.58,28.61,28.57,28.59,0,0,22947
9971,2020-10-21 13:33:00,28.58,28.62,28.58,28.6,0,0,12370
9972,2020-10-21 13:34:00,28.6,28.62,28.6,28.61,0,0,11945
9973,2020-10-21 13:35:00,28.62,28.64,28.58,28.58,0,0,44054
9974,2020-10-21 13:36:00,28.58,28.61,28.58,28.6,0,0,13985
9975,2020-10-21 13:37:00,28.6,28.62,28.58,28.6,0,0,10032
9976,2020-10-21 13:38:00,28.6,28.6,28.57,28.58,0,0,17144
9977,2020-10-21 13:39:00,28.58,28.58,28.49,28.51,0,0,43564
9978,2020-10-21 13:40:00,28.52,28.55,28.52,28.53,0,0,21176
9979,2020-10-21 13:41:00,28.53,28.58,28.51,28.52,0,0,24752
9980,2020-10-21 13:42:00,28.52,28.52,28.45,28.48,0,0,44465
9981,2020-10-21 13:43:00,28.48,28.5,28.46,28.5,0,0,12930
9982,2020-10-21 13:44:00,28.5,28.55,28.49,28.55,0,0,17614
9983,2020-10-21 13:45:00,28.54,28.55,28.53,28.55,0,0,9934
9984,2020-10-21 13:46:00,28.55,28.57,28.54,28.55,0,0,12726
9985,2020-10-21 13:47:00,28.55,28.58,28.53,28.56,0,0,29831
9986,2020-10-21 13:48:00,28.56,28.58,28.54,28.58,0,0,15629
9987,2020-10-21 13:49:00,28.57,28.66,28.57,28.66,0,0,23241
9988,2020-10-21 13:50:00,28.65,28.69,28.65,28.68,0,0,67471
9989,2020-10-21 13:51:00,28.67,28.68,28.65,28.65,0,0,25399
9990,2020-10-21 13:52:00,28.64,28.65,28.63,28.63,0,0,12096
9991,2020-10-21 13:53:00,28.64,28.64,28.61,28.62,0,0,15418
9992,2020-10-21 13:54:00,28.62,28.65,28.62,28.63,0,0,21961
9993,2020-10-21 13:55:00,28.63,28.64,28.61,28.64,0,0,18077
9994,2020-10-21 13:56:00,28.64,28.7,28.63,28.7,0,0,42903
9995,2020-10-21 13:57:00,28.69,28.75,28.69,28.73,0,0,57843
9996,2020-10-21 13:58:00,28.73,28.77,28.73,28.75,0,0,44992
9997,2020-10-21 13:59:00,28.75,28.78,28.75,28.76,0,0,18092
9998,2020-10-21 14:00:00,28.76,28.78,28.7,28.78,0,0,38481
9999,2020-10-21 14:01:00,28.78,28.8,28.75,28.77,0,0,25870
10000,2020-10-21 14:02:00,28.77,28.8,28.75,28.77,0,0,30589
10001,2020-10-21 14:03:00,28.78,28.8,28.72,28.73,0,0,98143
10002,2020-10-21 14:04:00,28.73,28.76,28.73,28.76,0,0,12723
10003,2020-10-21 14:05:00,28.76,28.78,28.75,28.77,0,0,23647
10004,2020-10-21 14:06:00,28.76,28.76,28.75,28.76,0,0,104970
10005,2020-10-21 14:07:00,28.76,28.76,28.75,28.75,0,0,17514
10006,2020-10-21 14:08:00,28.76,28.76,28.75,28.75,0,0,14117
10007,2020-10-21 14:09:00,28.75,28.76,28.73,28.75,0,0,31951
10008,2020-10-21 14:10:00,28.76,28.76,28.75,28.75,0,0,32345
10009,2020-10-21 14:11:00,28.75,28.8,28.75,28.78,0,0,43910
10010,2020-10-21 14:12:00,28.78,28.79,28.75,28.76,0,0,12116
10011,2020-10-21 14:13:00,28.77,28.8,28.76,28.76,0,0,16573
10012,2020-10-21 14:14:00,28.76,28.77,28.75,28.77,0,0,13475
10013,2020-10-21 14:15:00,28.77,28.77,28.75,28.75,0,0,11997
10014,2020-10-21 14:16:00,28.75,28.77,28.75,28.75,0,0,28099
10015,2020-10-21 14:17:00,28.76,28.77,28.75,28.75,0,0,13601
10016,2020-10-21 14:18:00,28.76,28.77,28.75,28.75,0,0,17263
10017,2020-10-21 14:19:00,28.75,28.76,28.7,28.74,0,0,44025
10018,2020-10-21 14:20:00,28.74,28.82,28.74,28.82,0,0,25273
10019,2020-10-21 14:21:00,28.82,28.84,28.79,28.8,0,0,33487
10020,2020-10-21 14:22:00,28.8,28.8,28.77,28.79,0,0,12506
10021,2020-10-21 14:23:00,28.79,28.8,28.75,28.75,0,0,14759
10022,2020-10-21 14:24:00,28.75,28.8,28.74,28.8,0,0,24158
10023,2020-10-21 14:25:00,28.79,28.84,28.79,28.83,0,0,21453
10024,2020-10-21 14:26:00,28.84,28.9,28.83,28.9,0,0,51603
10025,2020-10-21 14:27:00,28.9,28.92,28.89,28.92,0,0,32771
10026,2020-10-21 14:28:00,28.92,28.94,28.92,28.93,0,0,20155
10027,2020-10-21 14:29:00,28.93,28.94,28.91,28.93,0,0,31369
10028,2020-10-21 14:30:00,28.93,28.94,28.9,28.92,0,0,22068
10029,2020-10-21 14:31:00,28.92,28.94,28.92,28.94,0,0,14070
10030,2020-10-21 14:32:00,28.93,28.97,28.93,28.97,0,0,42466
10031,2020-10-21 14:33:00,28.96,29.0,28.96,29.0,0,0,29696
10032,2020-10-21 14:34:00,28.99,28.99,28.94,28.98,0,0,30607
10033,2020-10-21 14:35:00,28.99,29.0,28.93,28.94,0,0,36535
10034,2020-10-21 14:36:00,28.93,28.95,28.9,28.91,0,0,27652
10035,2020-10-21 14:37:00,28.91,28.93,28.9,28.91,0,0,12809
10036,2020-10-21 14:38:00,28.91,28.92,28.89,28.9,0,0,12665
10037,2020-10-21 14:39:00,28.9,28.91,28.89,28.9,0,0,10828
10038,2020-10-21 14:40:00,28.91,28.94,28.91,28.92,0,0,18163
10039,2020-10-21 14:41:00,28.92,28.92,28.9,28.9,0,0,16047
10040,2020-10-21 14:42:00,28.9,28.93,28.89,28.92,0,0,12788
10041,2020-10-21 14:43:00,28.92,28.92,28.88,28.89,0,0,7320
10042,2020-10-21 14:44:00,28.88,28.88,28.83,28.83,0,0,53301
10043,2020-10-21 14:45:00,28.83,28.85,28.83,28.84,0,0,18912
10044,2020-10-21 14:46:00,28.84,28.86,28.83,28.85,0,0,15136
10045,2020-10-21 14:47:00,28.85,28.85,28.84,28.84,0,0,11212
10046,2020-10-21 14:48:00,28.85,28.86,28.84,28.86,0,0,12234
10047,2020-10-21 14:49:00,28.86,28.87,28.84,28.84,0,0,10866
10048,2020-10-21 14:50:00,28.84,28.85,28.83,28.84,0,0,26833
10049,2020-10-21 14:51:00,28.85,28.88,28.84,28.88,0,0,19431
10050,2020-10-21 14:52:00,28.88,28.92,28.87,28.91,0,0,18322
10051,2020-10-21 14:53:00,28.91,28.93,28.9,28.92,0,0,15186
10052,2020-10-21 14:54:00,28.92,28.93,28.91,28.92,0,0,8193
10053,2020-10-21 14:55:00,28.93,28.95,28.92,28.93,0,0,10756
10054,2020-10-21 14:56:00,28.93,28.97,28.92,28.94,0,0,22808
10055,2020-10-21 14:57:00,28.95,28.96,28.94,28.95,0,0,6468
10056,2020-10-21 14:58:00,28.95,28.95,28.94,28.95,0,0,6566
10057,2020-10-21 14:59:00,28.95,28.96,28.95,28.95,0,0,23707
10058,2020-10-21 15:00:00,28.96,28.97,28.94,28.95,0,0,23974
10059,2020-10-21 15:01:00,28.94,29.0,28.93,29.0,0,0,30015
10060,2020-10-21 15:02:00,29.0,29.0,28.98,28.99,0,0,28020
10061,2020-10-21 15:03:00,28.99,29.0,28.95,28.95,0,0,35415
10062,2020-10-21 15:04:00,28.95,28.95,28.91,28.92,0,0,21846
10063,2020-10-21 15:05:00,28.92,28.93,28.91,28.92,0,0,14234
10064,2020-10-21 15:06:00,28.92,28.92,28.9,28.9,0,0,13660
10065,2020-10-21 15:07:00,28.9,28.94,28.87,28.94,0,0,28552
10066,2020-10-21 15:08:00,28.94,28.98,28.93,28.95,0,0,46889
10067,2020-10-21 15:09:00,28.95,28.97,28.94,28.97,0,0,16787
10068,2020-10-21 15:10:00,28.97,28.97,28.93,28.94,0,0,17352
10069,2020-10-21 15:11:00,28.94,28.94,28.89,28.89,0,0,31306
10070,2020-10-21 15:12:00,28.9,28.9,28.87,28.89,0,0,26840
10071,2020-10-21 15:13:00,28.89,28.9,28.85,28.89,0,0,33974
10072,2020-10-21 15:14:00,28.89,28.93,28.88,28.92,0,0,24949
10073,2020-10-21 15:15:00,28.92,28.95,28.91,28.93,0,0,27892
10074,2020-10-21 15:16:00,28.94,28.95,28.92,28.94,0,0,31358
10075,2020-10-21 15:17:00,28.94,28.94,28.92,28.93,0,0,16767
10076,2020-10-21 15:18:00,28.93,28.95,28.92,28.94,0,0,21961
10077,2020-10-21 15:19:00,28.94,28.96,28.92,28.95,0,0,20568
10078,2020-10-21 15:20:00,28.95,28.99,28.94,28.97,0,0,24796
10079,2020-10-21 15:21:00,28.97,28.97,28.96,28.97,0,0,12813
10080,2020-10-21 15:22:00,28.97,28.98,28.95,28.97,0,0,14483
10081,2020-10-21 15:23:00,28.97,28.98,28.95,28.97,0,0,16722
10082,2020-10-21 15:24:00,28.98,28.98,28.96,28.96,0,0,15467
10083,2020-10-21 15:25:00,28.97,29.0,28.97,29.0,0,0,19617
10084,2020-10-21 15:26:00,29.0,29.02,29.0,29.01,0,0,14678
10085,2020-10-21 15:27:00,29.02,29.04,29.01,29.02,0,0,50800
10086,2020-10-21 15:28:00,29.02,29.02,29.0,29.0,0,0,34987
10087,2020-10-21 15:29:00,29.0,29.02,29.0,29.02,0,0,26746
10088,2020-10-21 15:30:00,29.01,29.02,29.0,29.02,0,0,28570
10089,2020-10-21 15:31:00,29.01,29.02,29.01,29.01,0,0,21285
10090,2020-10-21 15:32:00,29.01,29.02,28.96,28.99,0,0,63909
10091,2020-10-21 15:33:00,28.99,29.0,28.94,28.96,0,0,49399
10092,2020-10-21 15:34:00,28.96,28.97,28.91,28.92,0,0,31345
10093,2020-10-21 15:35:00,28.93,28.95,28.92,28.94,0,0,25055
10094,2020-10-21 15:36:00,28.93,28.93,28.91,28.91,0,0,15994
10095,2020-10-21 15:37:00,28.91,28.93,28.88,28.89,0,0,49283
10096,2020-10-21 15:38:00,28.89,28.9,28.88,28.9,0,0,13387
10097,2020-10-21 15:39:00,28.9,28.91,28.88,28.91,0,0,26660
10098,2020-10-21 15:40:00,28.9,28.92,28.89,28.9,0,0,22129
10099,2020-10-21 15:41:00,28.9,28.9,28.81,28.83,0,0,74407
10100,2020-10-21 15:42:00,28.82,28.84,28.82,28.82,0,0,34221
10101,2020-10-21 15:43:00,28.82,28.85,28.81,28.82,0,0,41664
10102,2020-10-21 15:44:00,28.82,28.82,28.76,28.77,0,0,43735
10103,2020-10-21 15:45:00,28.77,28.79,28.75,28.78,0,0,44012
10104,2020-10-21 15:46:00,28.78,28.79,28.75,28.75,0,0,27352
10105,2020-10-21 15:47:00,28.76,28.8,28.76,28.8,0,0,29144
10106,2020-10-21 15:48:00,28.8,28.8,28.76,28.8,0,0,73339
10107,2020-10-21 15:49:00,28.8,28.83,28.77,28.83,0,0,83043
10108,2020-10-21 15:50:00,28.83,28.83,28.8,28.82,0,0,84495
10109,2020-10-21 15:51:00,28.82,28.82,28.79,28.82,0,0,59122
10110,2020-10-21 15:52:00,28.82,28.83,28.79,28.81,0,0,39546
10111,2020-10-21 15:53:00,28.81,28.84,28.8,28.83,0,0,52282
10112,2020-10-21 15:54:00,28.83,28.85,28.82,28.84,0,0,42819
10113,2020-10-21 15:55:00,28.84,28.86,28.83,28.84,0,0,58712
10114,2020-10-21 15:56:00,28.84,28.85,28.82,28.83,0,0,50917
10115,2020-10-21 15:57:00,28.83,28.84,28.77,28.81,0,0,93047
10116,2020-10-21 15:58:00,28.81,28.85,28.81,28.83,0,0,95050
10117,2020-10-21 15:59:00,28.84,28.88,28.76,28.87,0,0,222084
10118,2020-10-22 09:30:00,28.72,28.72,28.52,28.52,0,0,224388
10119,2020-10-22 09:31:00,28.53,28.64,28.51,28.58,0,0,39786
10120,2020-10-22 09:32:00,28.57,28.6,28.3,28.3,0,0,160918
10121,2020-10-22 09:33:00,28.33,28.49,28.22,28.48,0,0,92746
10122,2020-10-22 09:34:00,28.48,28.5,28.3,28.32,0,0,60673
10123,2020-10-22 09:35:00,28.34,28.42,28.33,28.38,0,0,58618
10124,2020-10-22 09:36:00,28.39,28.63,28.39,28.57,0,0,57947
10125,2020-10-22 09:37:00,28.53,28.64,28.53,28.62,0,0,24559
10126,2020-10-22 09:38:00,28.62,28.68,28.6,28.6,0,0,20742
10127,2020-10-22 09:39:00,28.6,28.6,28.48,28.54,0,0,24100
10128,2020-10-22 09:40:00,28.55,28.63,28.5,28.61,0,0,29192
10129,2020-10-22 09:41:00,28.6,28.74,28.6,28.7,0,0,33688
10130,2020-10-22 09:42:00,28.7,28.82,28.7,28.81,0,0,23045
10131,2020-10-22 09:43:00,28.81,28.85,28.72,28.85,0,0,27225
10132,2020-10-22 09:44:00,28.83,28.93,28.82,28.92,0,0,73610
10133,2020-10-22 09:45:00,28.91,28.97,28.9,28.97,0,0,23562
10134,2020-10-22 09:46:00,28.98,29.1,28.95,29.08,0,0,78150
10135,2020-10-22 09:47:00,29.08,29.17,29.03,29.16,0,0,30905
10136,2020-10-22 09:48:00,29.15,29.19,29.06,29.08,0,0,39817
10137,2020-10-22 09:49:00,29.07,29.11,29.0,29.04,0,0,42002
10138,2020-10-22 09:50:00,29.01,29.14,29.01,29.14,0,0,36552
10139,2020-10-22 09:51:00,29.14,29.17,29.12,29.17,0,0,10402
10140,2020-10-22 09:52:00,29.16,29.18,29.08,29.11,0,0,22532
10141,2020-10-22 09:53:00,29.1,29.11,29.0,29.02,0,0,25073
10142,2020-10-22 09:54:00,29.03,29.06,28.96,28.99,0,0,26425
10143,2020-10-22 09:55:00,28.98,29.03,28.98,29.01,0,0,13923
10144,2020-10-22 09:56:00,29.0,29.02,28.99,29.01,0,0,13426
10145,2020-10-22 09:57:00,29.0,29.0,28.95,28.97,0,0,14075
10146,2020-10-22 09:58:00,28.98,28.99,28.91,28.97,0,0,26827
10147,2020-10-22 09:59:00,28.96,28.99,28.93,28.98,0,0,12751
10148,2020-10-22 10:00:00,28.96,28.98,28.82,28.82,0,0,30491
10149,2020-10-22 10:01:00,28.8,28.84,28.77,28.81,0,0,30638
10150,2020-10-22 10:02:00,28.81,28.84,28.73,28.83,0,0,30310
10151,2020-10-22 10:03:00,28.83,28.83,28.75,28.79,0,0,14802
10152,2020-10-22 10:04:00,28.78,28.78,28.68,28.73,0,0,16127
10153,2020-10-22 10:05:00,28.73,28.8,28.73,28.8,0,0,29939
10154,2020-10-22 10:06:00,28.79,28.82,28.77,28.82,0,0,10663
10155,2020-10-22 10:07:00,28.81,28.82,28.79,28.8,0,0,14383
10156,2020-10-22 10:08:00,28.79,28.83,28.79,28.83,0,0,11443
10157,2020-10-22 10:09:00,28.82,28.82,28.71,28.72,0,0,14057
10158,2020-10-22 10:10:00,28.72,28.76,28.71,28.75,0,0,32000
10159,2020-10-22 10:11:00,28.76,28.77,28.73,28.75,0,0,6359
10160,2020-10-22 10:12:00,28.74,28.75,28.7,28.73,0,0,24652
10161,2020-10-22 10:13:00,28.74,28.74,28.66,28.66,0,0,16172
10162,2020-10-22 10:14:00,28.66,28.68,28.61,28.66,0,0,29274
10163,2020-10-22 10:15:00,28.66,28.66,28.6,28.65,0,0,10763
10164,2020-10-22 10:16:00,28.65,28.67,28.62,28.67,0,0,24072
10165,2020-10-22 10:17:00,28.65,28.69,28.6,28.61,0,0,16164
10166,2020-10-22 10:18:00,28.6,28.6,28.54,28.57,0,0,26874
10167,2020-10-22 10:19:00,28.57,28.58,28.5,28.54,0,0,21993
10168,2020-10-22 10:20:00,28.53,28.57,28.52,28.53,0,0,13969
10169,2020-10-22 10:21:00,28.55,28.56,28.53,28.53,0,0,11750
10170,2020-10-22 10:22:00,28.54,28.62,28.54,28.6,0,0,11351
10171,2020-10-22 10:23:00,28.6,28.61,28.55,28.57,0,0,12252
10172,2020-10-22 10:24:00,28.57,28.57,28.51,28.52,0,0,20116
10173,2020-10-22 10:25:00,28.52,28.54,28.49,28.53,0,0,39954
10174,2020-10-22 10:26:00,28.54,28.59,28.53,28.57,0,0,19788
10175,2020-10-22 10:27:00,28.59,28.6,28.57,28.6,0,0,11167
10176,2020-10-22 10:28:00,28.6,28.65,28.58,28.63,0,0,9992
10177,2020-10-22 10:29:00,28.64,28.64,28.59,28.62,0,0,10055
10178,2020-10-22 10:30:00,28.62,28.64,28.6,28.6,0,0,14182
10179,2020-10-22 10:31:00,28.6,28.61,28.47,28.47,0,0,71854
10180,2020-10-22 10:32:00,28.48,28.48,28.41,28.41,0,0,28695
10181,2020-10-22 10:33:00,28.4,28.42,28.39,28.42,0,0,25887
10182,2020-10-22 10:34:00,28.42,28.47,28.4,28.4,0,0,17473
10183,2020-10-22 10:35:00,28.41,28.45,28.39,28.45,0,0,24792
10184,2020-10-22 10:36:00,28.45,28.5,28.42,28.5,0,0,12974
10185,2020-10-22 10:37:00,28.5,28.52,28.49,28.5,0,0,11337
10186,2020-10-22 10:38:00,28.5,28.5,28.46,28.47,0,0,11882
10187,2020-10-22 10:39:00,28.47,28.47,28.39,28.42,0,0,20231
10188,2020-10-22 10:40:00,28.42,28.42,28.33,28.35,0,0,19988
10189,2020-10-22 10:41:00,28.36,28.37,28.34,28.36,0,0,15425
10190,2020-10-22 10:42:00,28.35,28.36,28.32,28.32,0,0,23791
10191,2020-10-22 10:43:00,28.32,28.32,28.27,28.27,0,0,27887
10192,2020-10-22 10:44:00,28.26,28.26,28.18,28.22,0,0,76133
10193,2020-10-22 10:45:00,28.21,28.27,28.21,28.25,0,0,26235
10194,2020-10-22 10:46:00,28.26,28.4,28.25,28.38,0,0,36795
10195,2020-10-22 10:47:00,28.39,28.39,28.35,28.39,0,0,16024
10196,2020-10-22 10:48:00,28.39,28.42,28.36,28.41,0,0,48066
10197,2020-10-22 10:49:00,28.4,28.4,28.33,28.36,0,0,11207
10198,2020-10-22 10:50:00,28.37,28.38,28.29,28.35,0,0,15560
10199,2020-10-22 10:51:00,28.35,28.48,28.34,28.47,0,0,38802
10200,2020-10-22 10:52:00,28.48,28.5,28.42,28.44,0,0,18411
10201,2020-10-22 10:53:00,28.43,28.43,28.39,28.39,0,0,17064
10202,2020-10-22 10:54:00,28.39,28.42,28.36,28.42,0,0,18485
10203,2020-10-22 10:55:00,28.41,28.45,28.4,28.43,0,0,23009
10204,2020-10-22 10:56:00,28.45,28.5,28.42,28.5,0,0,26603
10205,2020-10-22 10:57:00,28.5,28.51,28.48,28.49,0,0,18904
10206,2020-10-22 10:58:00,28.49,28.49,28.44,28.48,0,0,17458
10207,2020-10-22 10:59:00,28.47,28.49,28.47,28.48,0,0,8463
10208,2020-10-22 11:00:00,28.47,28.52,28.46,28.52,0,0,12889
10209,2020-10-22 11:01:00,28.51,28.51,28.48,28.5,0,0,19427
10210,2020-10-22 11:02:00,28.5,28.53,28.5,28.52,0,0,14163
10211,2020-10-22 11:03:00,28.52,28.52,28.5,28.51,0,0,15199
10212,2020-10-22 11:04:00,28.52,28.52,28.49,28.52,0,0,20484
10213,2020-10-22 11:05:00,28.52,28.52,28.47,28.48,0,0,12765
10214,2020-10-22 11:06:00,28.47,28.49,28.38,28.38,0,0,11971
10215,2020-10-22 11:07:00,28.38,28.39,28.35,28.37,0,0,13024
10216,2020-10-22 11:08:00,28.38,28.38,28.31,28.33,0,0,22393
10217,2020-10-22 11:09:00,28.33,28.33,28.29,28.31,0,0,15273
10218,2020-10-22 11:10:00,28.31,28.33,28.3,28.33,0,0,24380
10219,2020-10-22 11:11:00,28.33,28.4,28.33,28.37,0,0,28807
10220,2020-10-22 11:12:00,28.37,28.41,28.36,28.4,0,0,8702
10221,2020-10-22 11:13:00,28.41,28.48,28.41,28.47,0,0,16126
10222,2020-10-22 11:14:00,28.46,28.52,28.45,28.5,0,0,14804
10223,2020-10-22 11:15:00,28.5,28.55,28.5,28.55,0,0,18087
10224,2020-10-22 11:16:00,28.55,28.56,28.52,28.53,0,0,10366
10225,2020-10-22 11:17:00,28.52,28.55,28.51,28.53,0,0,9365
10226,2020-10-22 11:18:00,28.53,28.53,28.49,28.5,0,0,9518
10227,2020-10-22 11:19:00,28.5,28.51,28.5,28.5,0,0,5275
10228,2020-10-22 11:20:00,28.51,28.54,28.51,28.53,0,0,10780
10229,2020-10-22 11:21:00,28.54,28.57,28.51,28.56,0,0,13384
10230,2020-10-22 11:22:00,28.56,28.56,28.54,28.56,0,0,11068
10231,2020-10-22 11:23:00,28.56,28.57,28.55,28.57,0,0,3918
10232,2020-10-22 11:24:00,28.57,28.58,28.56,28.56,0,0,10387
10233,2020-10-22 11:25:00,28.56,28.57,28.55,28.55,0,0,6621
10234,2020-10-22 11:26:00,28.55,28.6,28.55,28.59,0,0,18206
10235,2020-10-22 11:27:00,28.59,28.65,28.59,28.65,0,0,38331
10236,2020-10-22 11:28:00,28.66,28.67,28.62,28.63,0,0,12659
10237,2020-10-22 11:29:00,28.64,28.66,28.63,28.64,0,0,12748
10238,2020-10-22 11:30:00,28.65,28.71,28.65,28.66,0,0,13435
10239,2020-10-22 11:31:00,28.64,28.68,28.64,28.66,0,0,7828
10240,2020-10-22 11:32:00,28.67,28.69,28.66,28.68,0,0,7224
10241,2020-10-22 11:33:00,28.67,28.68,28.64,28.65,0,0,13428
10242,2020-10-22 11:34:00,28.65,28.65,28.58,28.62,0,0,8841
10243,2020-10-22 11:35:00,28.61,28.61,28.56,28.57,0,0,20917
10244,2020-10-22 11:36:00,28.57,28.61,28.57,28.6,0,0,16118
10245,2020-10-22 11:37:00,28.6,28.61,28.57,28.58,0,0,15846
10246,2020-10-22 11:38:00,28.58,28.58,28.55,28.56,0,0,8128
10247,2020-10-22 11:39:00,28.56,28.58,28.54,28.55,0,0,11051
10248,2020-10-22 11:40:00,28.55,28.57,28.53,28.54,0,0,9861
10249,2020-10-22 11:41:00,28.54,28.58,28.54,28.58,0,0,11978
10250,2020-10-22 11:42:00,28.58,28.62,28.58,28.61,0,0,17980
10251,2020-10-22 11:43:00,28.62,28.63,28.61,28.63,0,0,10620
10252,2020-10-22 11:44:00,28.63,28.63,28.59,28.59,0,0,18118
10253,2020-10-22 11:45:00,28.58,28.6,28.56,28.58,0,0,7412
10254,2020-10-22 11:46:00,28.58,28.62,28.57,28.61,0,0,16576
10255,2020-10-22 11:47:00,28.6,28.65,28.59,28.65,0,0,13478
10256,2020-10-22 11:48:00,28.65,28.66,28.61,28.63,0,0,11877
10257,2020-10-22 11:49:00,28.62,28.64,28.62,28.62,0,0,8539
10258,2020-10-22 11:50:00,28.62,28.66,28.62,28.66,0,0,24352
10259,2020-10-22 11:51:00,28.66,28.67,28.61,28.64,0,0,18130
10260,2020-10-22 11:52:00,28.65,28.67,28.63,28.67,0,0,20476
10261,2020-10-22 11:53:00,28.67,28.68,28.66,28.68,0,0,13700
10262,2020-10-22 11:54:00,28.68,28.68,28.65,28.66,0,0,15200
10263,2020-10-22 11:55:00,28.65,28.67,28.65,28.66,0,0,13456
10264,2020-10-22 11:56:00,28.65,28.67,28.65,28.65,0,0,7762
10265,2020-10-22 11:57:00,28.65,28.66,28.59,28.59,0,0,26705
10266,2020-10-22 11:58:00,28.59,28.6,28.58,28.59,0,0,18258
10267,2020-10-22 11:59:00,28.6,28.6,28.57,28.58,0,0,20962
10268,2020-10-22 12:00:00,28.58,28.58,28.53,28.53,0,0,14977
10269,2020-10-22 12:01:00,28.53,28.55,28.53,28.54,0,0,17577
10270,2020-10-22 12:02:00,28.55,28.57,28.51,28.51,0,0,21355
10271,2020-10-22 12:03:00,28.51,28.55,28.5,28.55,0,0,9307
10272,2020-10-22 12:04:00,28.55,28.56,28.53,28.55,0,0,15593
10273,2020-10-22 12:05:00,28.56,28.57,28.55,28.56,0,0,8842
10274,2020-10-22 12:06:00,28.55,28.59,28.55,28.59,0,0,12082
10275,2020-10-22 12:07:00,28.6,28.6,28.58,28.58,0,0,13756
10276,2020-10-22 12:08:00,28.58,28.6,28.58,28.58,0,0,10705
10277,2020-10-22 12:09:00,28.58,28.6,28.57,28.59,0,0,14673
10278,2020-10-22 12:10:00,28.59,28.6,28.58,28.6,0,0,5257
10279,2020-10-22 12:11:00,28.59,28.59,28.57,28.58,0,0,8065
10280,2020-10-22 12:12:00,28.57,28.57,28.55,28.56,0,0,5104
10281,2020-10-22 12:13:00,28.56,28.56,28.51,28.51,0,0,10042
10282,2020-10-22 12:14:00,28.51,28.52,28.5,28.51,0,0,8498
10283,2020-10-22 12:15:00,28.5,28.6,28.5,28.57,0,0,18761
10284,2020-10-22 12:16:00,28.57,28.57,28.55,28.55,0,0,7673
10285,2020-10-22 12:17:00,28.54,28.54,28.52,28.53,0,0,6946
10286,2020-10-22 12:18:00,28.52,28.53,28.5,28.5,0,0,11485
10287,2020-10-22 12:19:00,28.5,28.51,28.49,28.51,0,0,58362
10288,2020-10-22 12:20:00,28.5,28.54,28.47,28.51,0,0,28207
10289,2020-10-22 12:21:00,28.51,28.56,28.51,28.56,0,0,19518
10290,2020-10-22 12:22:00,28.56,28.58,28.54,28.56,0,0,25117
10291,2020-10-22 12:23:00,28.56,28.57,28.54,28.56,0,0,15369
10292,2020-10-22 12:24:00,28.56,28.57,28.53,28.55,0,0,17921
10293,2020-10-22 12:25:00,28.55,28.57,28.52,28.54,0,0,49608
10294,2020-10-22 12:26:00,28.53,28.55,28.52,28.54,0,0,10772
10295,2020-10-22 12:27:00,28.54,28.55,28.51,28.55,0,0,35361
10296,2020-10-22 12:28:00,28.55,28.58,28.54,28.56,0,0,36503
10297,2020-10-22 12:29:00,28.55,28.58,28.54,28.58,0,0,14625
10298,2020-10-22 12:30:00,28.58,28.61,28.57,28.57,0,0,20211
10299,2020-10-22 12:31:00,28.56,28.56,28.49,28.49,0,0,35375
10300,2020-10-22 12:32:00,28.48,28.48,28.39,28.45,0,0,121576
10301,2020-10-22 12:33:00,28.44,28.45,28.38,28.4,0,0,50667
10302,2020-10-22 12:34:00,28.41,28.42,28.38,28.42,0,0,14552
10303,2020-10-22 12:35:00,28.41,28.41,28.39,28.4,0,0,9822
10304,2020-10-22 12:36:00,28.41,28.41,28.38,28.39,0,0,8877
10305,2020-10-22 12:37:00,28.39,28.43,28.39,28.42,0,0,7035
10306,2020-10-22 12:38:00,28.42,28.42,28.4,28.41,0,0,8031
10307,2020-10-22 12:39:00,28.42,28.43,28.41,28.43,0,0,7298
10308,2020-10-22 12:40:00,28.42,28.43,28.39,28.39,0,0,11749
10309,2020-10-22 12:41:00,28.4,28.41,28.38,28.38,0,0,9239
10310,2020-10-22 12:42:00,28.38,28.39,28.35,28.36,0,0,16532
10311,2020-10-22 12:43:00,28.35,28.39,28.34,28.38,0,0,18951
10312,2020-10-22 12:44:00,28.38,28.4,28.38,28.39,0,0,11061
10313,2020-10-22 12:45:00,28.39,28.41,28.38,28.39,0,0,13615
10314,2020-10-22 12:46:00,28.39,28.41,28.38,28.39,0,0,8210
10315,2020-10-22 12:47:00,28.39,28.4,28.38,28.39,0,0,13787
10316,2020-10-22 12:48:00,28.38,28.42,28.37,28.42,0,0,18495
10317,2020-10-22 12:49:00,28.41,28.44,28.41,28.44,0,0,16621
10318,2020-10-22 12:50:00,28.43,28.5,28.43,28.48,0,0,53928
10319,2020-10-22 12:51:00,28.49,28.5,28.47,28.47,0,0,19467
10320,2020-10-22 12:52:00,28.47,28.48,28.46,28.47,0,0,2581
10321,2020-10-22 12:53:00,28.47,28.5,28.45,28.49,0,0,9307
10322,2020-10-22 12:54:00,28.48,28.49,28.48,28.49,0,0,6051
10323,2020-10-22 12:55:00,28.48,28.49,28.45,28.49,0,0,27569
10324,2020-10-22 12:56:00,28.49,28.53,28.49,28.51,0,0,14000
10325,2020-10-22 12:57:00,28.51,28.52,28.5,28.52,0,0,5537
10326,2020-10-22 12:58:00,28.51,28.53,28.5,28.53,0,0,6440
10327,2020-10-22 12:59:00,28.53,28.54,28.51,28.52,0,0,6940
10328,2020-10-22 13:00:00,28.53,28.55,28.53,28.55,0,0,5422
10329,2020-10-22 13:01:00,28.55,28.56,28.53,28.55,0,0,12321
10330,2020-10-22 13:02:00,28.55,28.55,28.52,28.53,0,0,9895
10331,2020-10-22 13:03:00,28.54,28.57,28.52,28.52,0,0,10656
10332,2020-10-22 13:04:00,28.53,28.53,28.51,28.52,0,0,7646
10333,2020-10-22 13:05:00,28.53,28.54,28.51,28.51,0,0,10382
10334,2020-10-22 13:06:00,28.52,28.53,28.52,28.52,0,0,5587
10335,2020-10-22 13:07:00,28.53,28.57,28.52,28.56,0,0,11078
10336,2020-10-22 13:08:00,28.55,28.57,28.54,28.55,0,0,12761
10337,2020-10-22 13:09:00,28.55,28.56,28.54,28.55,0,0,14213
10338,2020-10-22 13:10:00,28.55,28.57,28.55,28.57,0,0,15322
10339,2020-10-22 13:11:00,28.57,28.57,28.55,28.55,0,0,4715
10340,2020-10-22 13:12:00,28.55,28.59,28.55,28.57,0,0,7196
10341,2020-10-22 13:13:00,28.58,28.58,28.57,28.58,0,0,13395
10342,2020-10-22 13:14:00,28.58,28.67,28.58,28.63,0,0,32498
10343,2020-10-22 13:15:00,28.63,28.66,28.61,28.64,0,0,10315
10344,2020-10-22 13:16:00,28.64,28.64,28.6,28.62,0,0,17895
10345,2020-10-22 13:17:00,28.61,28.61,28.59,28.59,0,0,15816
10346,2020-10-22 13:18:00,28.6,28.6,28.56,28.57,0,0,15516
10347,2020-10-22 13:19:00,28.56,28.58,28.56,28.57,0,0,4239
10348,2020-10-22 13:20:00,28.58,28.59,28.58,28.58,0,0,5828
10349,2020-10-22 13:21:00,28.58,28.59,28.58,28.58,0,0,9494
10350,2020-10-22 13:22:00,28.58,28.61,28.58,28.6,0,0,10547
10351,2020-10-22 13:23:00,28.6,28.61,28.59,28.6,0,0,24163
10352,2020-10-22 13:24:00,28.61,28.62,28.6,28.62,0,0,5389
10353,2020-10-22 13:25:00,28.62,28.66,28.62,28.65,0,0,47529
10354,2020-10-22 13:26:00,28.65,28.66,28.65,28.66,0,0,8766
10355,2020-10-22 13:27:00,28.65,28.66,28.64,28.66,0,0,5516
10356,2020-10-22 13:28:00,28.66,28.67,28.66,28.66,0,0,7993
10357,2020-10-22 13:29:00,28.66,28.66,28.63,28.66,0,0,7802
10358,2020-10-22 13:30:00,28.66,28.67,28.63,28.64,0,0,7177
10359,2020-10-22 13:31:00,28.64,28.66,28.64,28.66,0,0,8055
10360,2020-10-22 13:32:00,28.66,28.66,28.63,28.63,0,0,7568
10361,2020-10-22 13:33:00,28.62,28.62,28.59,28.59,0,0,8274
10362,2020-10-22 13:34:00,28.59,28.66,28.59,28.66,0,0,10999
10363,2020-10-22 13:35:00,28.66,28.67,28.65,28.65,0,0,7156
10364,2020-10-22 13:36:00,28.66,28.67,28.65,28.67,0,0,3945
10365,2020-10-22 13:37:00,28.68,28.69,28.67,28.69,0,0,8730
10366,2020-10-22 13:38:00,28.68,28.72,28.68,28.72,0,0,13209
10367,2020-10-22 13:39:00,28.72,28.73,28.7,28.72,0,0,4250
10368,2020-10-22 13:40:00,28.72,28.73,28.71,28.72,0,0,4563
10369,2020-10-22 13:41:00,28.72,28.75,28.72,28.74,0,0,18145
10370,2020-10-22 13:42:00,28.74,28.76,28.73,28.75,0,0,7254
10371,2020-10-22 13:43:00,28.75,28.83,28.75,28.83,0,0,21312
10372,2020-10-22 13:44:00,28.82,28.83,28.79,28.81,0,0,13175
10373,2020-10-22 13:45:00,28.81,28.83,28.81,28.81,0,0,7939
10374,2020-10-22 13:46:00,28.81,28.87,28.81,28.87,0,0,21719
10375,2020-10-22 13:47:00,28.86,28.86,28.83,28.83,0,0,12301
10376,2020-10-22 13:48:00,28.84,28.85,28.82,28.82,0,0,11335
10377,2020-10-22 13:49:00,28.82,28.86,28.82,28.86,0,0,6261
10378,2020-10-22 13:50:00,28.87,28.87,28.84,28.85,0,0,14374
10379,2020-10-22 13:51:00,28.85,28.87,28.83,28.84,0,0,13661
10380,2020-10-22 13:52:00,28.83,28.85,28.83,28.85,0,0,17907
10381,2020-10-22 13:53:00,28.86,28.86,28.83,28.85,0,0,11000
10382,2020-10-22 13:54:00,28.86,28.86,28.83,28.83,0,0,8473
10383,2020-10-22 13:55:00,28.83,28.87,28.83,28.87,0,0,20280
10384,2020-10-22 13:56:00,28.86,28.88,28.86,28.88,0,0,7666
10385,2020-10-22 13:57:00,28.86,28.87,28.83,28.83,0,0,21383
10386,2020-10-22 13:58:00,28.83,28.85,28.82,28.84,0,0,16413
10387,2020-10-22 13:59:00,28.84,28.86,28.82,28.82,0,0,29885
10388,2020-10-22 14:00:00,28.83,28.88,28.83,28.86,0,0,11511
10389,2020-10-22 14:01:00,28.86,28.87,28.84,28.84,0,0,14485
10390,2020-10-22 14:02:00,28.84,28.84,28.81,28.81,0,0,16218
10391,2020-10-22 14:03:00,28.82,28.82,28.76,28.76,0,0,17905
10392,2020-10-22 14:04:00,28.77,28.77,28.74,28.74,0,0,14046
10393,2020-10-22 14:05:00,28.73,28.74,28.7,28.7,0,0,14660
10394,2020-10-22 14:06:00,28.7,28.73,28.7,28.72,0,0,11613
10395,2020-10-22 14:07:00,28.71,28.74,28.7,28.72,0,0,13555
10396,2020-10-22 14:08:00,28.71,28.73,28.69,28.69,0,0,6466
10397,2020-10-22 14:09:00,28.7,28.7,28.67,28.67,0,0,11762
10398,2020-10-22 14:10:00,28.67,28.71,28.67,28.67,0,0,17130
10399,2020-10-22 14:11:00,28.67,28.72,28.67,28.71,0,0,12263
10400,2020-10-22 14:12:00,28.71,28.74,28.71,28.74,0,0,57596
10401,2020-10-22 14:13:00,28.75,28.78,28.75,28.77,0,0,4466
10402,2020-10-22 14:14:00,28.77,28.78,28.76,28.76,0,0,7262
10403,2020-10-22 14:15:00,28.77,28.78,28.76,28.77,0,0,4885
10404,2020-10-22 14:16:00,28.77,28.83,28.77,28.81,0,0,13106
10405,2020-10-22 14:17:00,28.82,28.82,28.81,28.81,0,0,6365
10406,2020-10-22 14:18:00,28.8,28.81,28.78,28.8,0,0,6843
10407,2020-10-22 14:19:00,28.8,28.81,28.8,28.81,0,0,4486
10408,2020-10-22 14:20:00,28.81,28.81,28.78,28.78,0,0,6559
10409,2020-10-22 14:21:00,28.78,28.78,28.75,28.76,0,0,18198
10410,2020-10-22 14:22:00,28.76,28.76,28.73,28.74,0,0,4946
10411,2020-10-22 14:23:00,28.73,28.74,28.72,28.73,0,0,4415
10412,2020-10-22 14:24:00,28.73,28.75,28.73,28.73,0,0,8154
10413,2020-10-22 14:25:00,28.73,28.73,28.72,28.72,0,0,5457
10414,2020-10-22 14:26:00,28.71,28.73,28.71,28.72,0,0,21132
10415,2020-10-22 14:27:00,28.71,28.72,28.67,28.68,0,0,23537
10416,2020-10-22 14:28:00,28.68,28.71,28.68,28.71,0,0,14876
10417,2020-10-22 14:29:00,28.7,28.71,28.69,28.7,0,0,12230
10418,2020-10-22 14:30:00,28.69,28.69,28.66,28.67,0,0,16912
10419,2020-10-22 14:31:00,28.67,28.69,28.67,28.68,0,0,29694
10420,2020-10-22 14:32:00,28.68,28.69,28.68,28.68,0,0,1773
10421,2020-10-22 14:33:00,28.69,28.69,28.68,28.69,0,0,4646
10422,2020-10-22 14:34:00,28.68,28.73,28.68,28.73,0,0,15112
10423,2020-10-22 14:35:00,28.73,28.76,28.72,28.76,0,0,11049
10424,2020-10-22 14:36:00,28.75,28.76,28.72,28.73,0,0,8472
10425,2020-10-22 14:37:00,28.73,28.75,28.73,28.74,0,0,11650
10426,2020-10-22 14:38:00,28.74,28.74,28.72,28.73,0,0,5583
10427,2020-10-22 14:39:00,28.72,28.74,28.72,28.74,0,0,5174
10428,2020-10-22 14:40:00,28.73,28.73,28.71,28.72,0,0,5810
10429,2020-10-22 14:41:00,28.71,28.71,28.69,28.69,0,0,4608
10430,2020-10-22 14:42:00,28.69,28.7,28.69,28.7,0,0,3690
10431,2020-10-22 14:43:00,28.7,28.71,28.69,28.7,0,0,12885
10432,2020-10-22 14:44:00,28.69,28.72,28.69,28.69,0,0,9471
10433,2020-10-22 14:45:00,28.7,28.7,28.67,28.68,0,0,125163
10434,2020-10-22 14:46:00,28.68,28.69,28.68,28.68,0,0,5090
10435,2020-10-22 14:47:00,28.68,28.69,28.68,28.68,0,0,10976
10436,2020-10-22 14:48:00,28.68,28.71,28.68,28.7,0,0,11013
10437,2020-10-22 14:49:00,28.7,28.7,28.68,28.68,0,0,4939
10438,2020-10-22 14:50:00,28.68,28.69,28.67,28.68,0,0,10164
10439,2020-10-22 14:51:00,28.69,28.7,28.67,28.7,0,0,16228
10440,2020-10-22 14:52:00,28.69,28.72,28.69,28.71,0,0,21845
10441,2020-10-22 14:53:00,28.71,28.72,28.71,28.72,0,0,3429
10442,2020-10-22 14:54:00,28.72,28.72,28.69,28.69,0,0,11385
10443,2020-10-22 14:55:00,28.69,28.7,28.69,28.69,0,0,2956
10444,2020-10-22 14:56:00,28.69,28.7,28.68,28.68,0,0,9924
10445,2020-10-22 14:57:00,28.68,28.69,28.67,28.68,0,0,7747
10446,2020-10-22 14:58:00,28.67,28.67,28.66,28.67,0,0,14145
10447,2020-10-22 14:59:00,28.68,28.68,28.64,28.64,0,0,13517
10448,2020-10-22 15:00:00,28.64,28.64,28.62,28.64,0,0,23699
10449,2020-10-22 15:01:00,28.64,28.65,28.63,28.63,0,0,12458
10450,2020-10-22 15:02:00,28.63,28.65,28.62,28.62,0,0,10858
10451,2020-10-22 15:03:00,28.62,28.63,28.6,28.6,0,0,18769
10452,2020-10-22 15:04:00,28.6,28.64,28.59,28.64,0,0,51045
10453,2020-10-22 15:05:00,28.63,28.64,28.63,28.64,0,0,26956
10454,2020-10-22 15:06:00,28.64,28.66,28.63,28.66,0,0,30771
10455,2020-10-22 15:07:00,28.66,28.66,28.64,28.64,0,0,33881
10456,2020-10-22 15:08:00,28.64,28.66,28.63,28.65,0,0,17869
10457,2020-10-22 15:09:00,28.65,28.66,28.64,28.65,0,0,13100
10458,2020-10-22 15:10:00,28.65,28.65,28.64,28.64,0,0,14821
10459,2020-10-22 15:11:00,28.64,28.64,28.61,28.61,0,0,30567
10460,2020-10-22 15:12:00,28.61,28.61,28.53,28.53,0,0,41291
10461,2020-10-22 15:13:00,28.53,28.55,28.53,28.53,0,0,18372
10462,2020-10-22 15:14:00,28.54,28.56,28.53,28.56,0,0,12324
10463,2020-10-22 15:15:00,28.56,28.56,28.53,28.55,0,0,23945
10464,2020-10-22 15:16:00,28.55,28.56,28.54,28.55,0,0,11797
10465,2020-10-22 15:17:00,28.55,28.56,28.53,28.54,0,0,23165
10466,2020-10-22 15:18:00,28.53,28.58,28.53,28.57,0,0,18095
10467,2020-10-22 15:19:00,28.58,28.59,28.57,28.58,0,0,16491
10468,2020-10-22 15:20:00,28.58,28.6,28.58,28.59,0,0,22208
10469,2020-10-22 15:21:00,28.59,28.6,28.59,28.59,0,0,16339
10470,2020-10-22 15:22:00,28.59,28.6,28.58,28.59,0,0,13335
10471,2020-10-22 15:23:00,28.59,28.62,28.58,28.61,0,0,20921
10472,2020-10-22 15:24:00,28.61,28.61,28.59,28.59,0,0,14991
10473,2020-10-22 15:25:00,28.6,28.61,28.59,28.6,0,0,13019
10474,2020-10-22 15:26:00,28.6,28.61,28.6,28.61,0,0,13314
10475,2020-10-22 15:27:00,28.62,28.67,28.61,28.63,0,0,30309
10476,2020-10-22 15:28:00,28.62,28.62,28.6,28.62,0,0,21686
10477,2020-10-22 15:29:00,28.62,28.63,28.59,28.6,0,0,15330
10478,2020-10-22 15:30:00,28.6,28.62,28.6,28.62,0,0,23273
10479,2020-10-22 15:31:00,28.62,28.63,28.6,28.61,0,0,15584
10480,2020-10-22 15:32:00,28.61,28.63,28.6,28.63,0,0,17270
10481,2020-10-22 15:33:00,28.62,28.64,28.62,28.63,0,0,16907
10482,2020-10-22 15:34:00,28.62,28.65,28.62,28.62,0,0,17990
10483,2020-10-22 15:35:00,28.62,28.64,28.62,28.64,0,0,18377
10484,2020-10-22 15:36:00,28.64,28.65,28.63,28.65,0,0,7361
10485,2020-10-22 15:37:00,28.65,28.66,28.63,28.64,0,0,27464
10486,2020-10-22 15:38:00,28.64,28.65,28.63,28.64,0,0,9219
10487,2020-10-22 15:39:00,28.65,28.66,28.64,28.64,0,0,13165
10488,2020-10-22 15:40:00,28.64,28.64,28.59,28.6,0,0,51436
10489,2020-10-22 15:41:00,28.6,28.62,28.6,28.6,0,0,28399
10490,2020-10-22 15:42:00,28.61,28.62,28.59,28.6,0,0,36363
10491,2020-10-22 15:43:00,28.6,28.61,28.59,28.6,0,0,22449
10492,2020-10-22 15:44:00,28.61,28.61,28.59,28.6,0,0,18525
10493,2020-10-22 15:45:00,28.59,28.61,28.58,28.59,0,0,41906
10494,2020-10-22 15:46:00,28.59,28.61,28.59,28.6,0,0,29075
10495,2020-10-22 15:47:00,28.6,28.61,28.6,28.6,0,0,5203
10496,2020-10-22 15:48:00,28.6,28.61,28.59,28.59,0,0,26566
10497,2020-10-22 15:49:00,28.59,28.6,28.59,28.59,0,0,28360
10498,2020-10-22 15:50:00,28.6,28.64,28.6,28.61,0,0,58397
10499,2020-10-22 15:51:00,28.61,28.62,28.58,28.58,0,0,26890
10500,2020-10-22 15:52:00,28.58,28.59,28.57,28.58,0,0,44154
10501,2020-10-22 15:53:00,28.58,28.58,28.56,28.57,0,0,61727
10502,2020-10-22 15:54:00,28.57,28.59,28.56,28.58,0,0,69892
10503,2020-10-22 15:55:00,28.58,28.58,28.54,28.55,0,0,35930
10504,2020-10-22 15:56:00,28.55,28.55,28.53,28.53,0,0,58268
10505,2020-10-22 15:57:00,28.53,28.59,28.52,28.56,0,0,124439
10506,2020-10-22 15:58:00,28.56,28.57,28.55,28.56,0,0,35073
10507,2020-10-22 15:59:00,28.56,28.62,28.55,28.62,0,0,120357
10508,2020-10-23 09:30:00,28.6,28.62,28.31,28.35,0,0,219211
10509,2020-10-23 09:31:00,28.38,28.38,28.2,28.35,0,0,43232
10510,2020-10-23 09:32:00,28.33,28.45,28.33,28.37,0,0,37904
10511,2020-10-23 09:33:00,28.37,28.37,28.2,28.24,0,0,41220
10512,2020-10-23 09:34:00,28.24,28.44,28.2,28.35,0,0,35097
10513,2020-10-23 09:35:00,28.32,28.5,28.28,28.48,0,0,38605
10514,2020-10-23 09:36:00,28.43,28.55,28.39,28.49,0,0,42206
10515,2020-10-23 09:37:00,28.48,28.65,28.44,28.58,0,0,53292
10516,2020-10-23 09:38:00,28.59,28.6,28.48,28.5,0,0,34743
10517,2020-10-23 09:39:00,28.48,28.54,28.45,28.51,0,0,32023
10518,2020-10-23 09:40:00,28.51,28.57,28.38,28.38,0,0,63827
10519,2020-10-23 09:41:00,28.39,28.44,28.37,28.39,0,0,16312
10520,2020-10-23 09:42:00,28.38,28.41,28.31,28.32,0,0,33639
10521,2020-10-23 09:43:00,28.32,28.46,28.31,28.44,0,0,64679
10522,2020-10-23 09:44:00,28.45,28.5,28.39,28.49,0,0,28361
10523,2020-10-23 09:45:00,28.5,28.5,28.4,28.43,0,0,21558
10524,2020-10-23 09:46:00,28.42,28.47,28.39,28.44,0,0,28111
10525,2020-10-23 09:47:00,28.47,28.56,28.47,28.47,0,0,41589
10526,2020-10-23 09:48:00,28.47,28.47,28.36,28.39,0,0,22815
10527,2020-10-23 09:49:00,28.39,28.41,28.32,28.35,0,0,26371
10528,2020-10-23 09:50:00,28.36,28.36,28.22,28.22,0,0,33130
10529,2020-10-23 09:51:00,28.21,28.24,28.15,28.22,0,0,48624
10530,2020-10-23 09:52:00,28.21,28.22,28.12,28.17,0,0,74939
10531,2020-10-23 09:53:00,28.15,28.17,28.11,28.11,0,0,61984
10532,2020-10-23 09:54:00,28.12,28.16,28.09,28.15,0,0,49520
10533,2020-10-23 09:55:00,28.15,28.27,28.15,28.25,0,0,63065
10534,2020-10-23 09:56:00,28.25,28.34,28.23,28.3,0,0,50145
10535,2020-10-23 09:57:00,28.29,28.32,28.27,28.3,0,0,26070
10536,2020-10-23 09:58:00,28.31,28.33,28.27,28.32,0,0,22628
10537,2020-10-23 09:59:00,28.31,28.36,28.26,28.36,0,0,39001
10538,2020-10-23 10:00:00,28.36,28.41,28.32,28.33,0,0,29380
10539,2020-10-23 10:01:00,28.33,28.33,28.3,28.32,0,0,20393
10540,2020-10-23 10:02:00,28.32,28.33,28.28,28.31,0,0,23706
10541,2020-10-23 10:03:00,28.32,28.39,28.32,28.38,0,0,27831
10542,2020-10-23 10:04:00,28.39,28.46,28.39,28.44,0,0,27938
10543,2020-10-23 10:05:00,28.43,28.49,28.4,28.48,0,0,23900
10544,2020-10-23 10:06:00,28.48,28.53,28.46,28.53,0,0,21040
10545,2020-10-23 10:07:00,28.53,28.59,28.52,28.58,0,0,17841
10546,2020-10-23 10:08:00,28.58,28.61,28.58,28.59,0,0,13136
10547,2020-10-23 10:09:00,28.59,28.63,28.58,28.61,0,0,23901
10548,2020-10-23 10:10:00,28.61,28.61,28.53,28.53,0,0,16869
10549,2020-10-23 10:11:00,28.54,28.54,28.49,28.53,0,0,20178
10550,2020-10-23 10:12:00,28.53,28.64,28.53,28.6,0,0,21822
10551,2020-10-23 10:13:00,28.61,28.61,28.57,28.6,0,0,20042
10552,2020-10-23 10:14:00,28.6,28.76,28.6,28.74,0,0,40854
10553,2020-10-23 10:15:00,28.74,28.76,28.66,28.67,0,0,44452
10554,2020-10-23 10:16:00,28.68,28.7,28.65,28.67,0,0,26078
10555,2020-10-23 10:17:00,28.67,28.67,28.62,28.65,0,0,19685
10556,2020-10-23 10:18:00,28.66,28.7,28.66,28.69,0,0,22790
10557,2020-10-23 10:19:00,28.68,28.69,28.67,28.67,0,0,15230
10558,2020-10-23 10:20:00,28.68,28.69,28.66,28.67,0,0,11916
10559,2020-10-23 10:21:00,28.67,28.67,28.63,28.64,0,0,26806
10560,2020-10-23 10:22:00,28.64,28.64,28.57,28.58,0,0,35029
10561,2020-10-23 10:23:00,28.58,28.6,28.48,28.5,0,0,44532
10562,2020-10-23 10:24:00,28.5,28.52,28.48,28.49,0,0,28733
10563,2020-10-23 10:25:00,28.48,28.52,28.47,28.5,0,0,20013
10564,2020-10-23 10:26:00,28.51,28.54,28.5,28.5,0,0,41658
10565,2020-10-23 10:27:00,28.49,28.55,28.47,28.55,0,0,11089
10566,2020-10-23 10:28:00,28.55,28.58,28.53,28.57,0,0,20815
10567,2020-10-23 10:29:00,28.57,28.58,28.51,28.51,0,0,16487
10568,2020-10-23 10:30:00,28.51,28.58,28.5,28.57,0,0,13363
10569,2020-10-23 10:31:00,28.58,28.58,28.55,28.55,0,0,12705
10570,2020-10-23 10:32:00,28.56,28.69,28.56,28.69,0,0,17586
10571,2020-10-23 10:33:00,28.68,28.74,28.64,28.74,0,0,22030
10572,2020-10-23 10:34:00,28.75,28.79,28.75,28.76,0,0,17729
10573,2020-10-23 10:35:00,28.75,28.77,28.71,28.75,0,0,21534
10574,2020-10-23 10:36:00,28.75,28.77,28.71,28.72,0,0,36637
10575,2020-10-23 10:37:00,28.72,28.73,28.71,28.72,0,0,13831
10576,2020-10-23 10:38:00,28.72,28.72,28.67,28.69,0,0,36812
10577,2020-10-23 10:39:00,28.69,28.69,28.67,28.69,0,0,20683
10578,2020-10-23 10:40:00,28.69,28.74,28.69,28.74,0,0,9846
10579,2020-10-23 10:41:00,28.75,28.8,28.75,28.8,0,0,15702
10580,2020-10-23 10:42:00,28.8,28.82,28.79,28.8,0,0,17511
10581,2020-10-23 10:43:00,28.8,28.9,28.8,28.9,0,0,38172
10582,2020-10-23 10:44:00,28.89,28.89,28.77,28.8,0,0,31158
10583,2020-10-23 10:45:00,28.8,28.81,28.75,28.76,0,0,22464
10584,2020-10-23 10:46:00,28.77,28.83,28.77,28.83,0,0,14315
10585,2020-10-23 10:47:00,28.83,28.85,28.77,28.77,0,0,23052
10586,2020-10-23 10:48:00,28.77,28.83,28.77,28.82,0,0,9551
10587,2020-10-23 10:49:00,28.82,28.86,28.82,28.84,0,0,6972
10588,2020-10-23 10:50:00,28.84,28.84,28.77,28.78,0,0,16135
10589,2020-10-23 10:51:00,28.79,28.81,28.7,28.72,0,0,32795
10590,2020-10-23 10:52:00,28.73,28.75,28.71,28.75,0,0,10270
10591,2020-10-23 10:53:00,28.76,28.77,28.72,28.75,0,0,6389
10592,2020-10-23 10:54:00,28.75,28.78,28.67,28.78,0,0,26842
10593,2020-10-23 10:55:00,28.78,28.81,28.75,28.81,0,0,10416
10594,2020-10-23 10:56:00,28.81,28.88,28.81,28.88,0,0,24158
10595,2020-10-23 10:57:00,28.87,28.93,28.86,28.91,0,0,28209
10596,2020-10-23 10:58:00,28.92,28.95,28.89,28.89,0,0,10508
10597,2020-10-23 10:59:00,28.9,28.93,28.89,28.93,0,0,5294
10598,2020-10-23 11:00:00,28.93,28.94,28.91,28.93,0,0,13887
10599,2020-10-23 11:01:00,28.94,28.97,28.94,28.95,0,0,30363
10600,2020-10-23 11:02:00,28.95,28.98,28.9,28.97,0,0,36931
10601,2020-10-23 11:03:00,28.97,29.01,28.97,29.0,0,0,24884
10602,2020-10-23 11:04:00,29.0,29.01,28.96,28.96,0,0,11147
10603,2020-10-23 11:05:00,28.97,29.0,28.97,29.0,0,0,12460
10604,2020-10-23 11:06:00,28.99,29.01,28.98,28.98,0,0,23988
10605,2020-10-23 11:07:00,28.98,28.99,28.95,28.97,0,0,15580
10606,2020-10-23 11:08:00,28.96,28.98,28.93,28.98,0,0,11499
10607,2020-10-23 11:09:00,28.97,28.98,28.96,28.96,0,0,8947
10608,2020-10-23 11:10:00,28.96,28.97,28.9,28.95,0,0,15847
10609,2020-10-23 11:11:00,28.96,28.99,28.96,28.98,0,0,6898
10610,2020-10-23 11:12:00,28.98,29.02,28.98,29.01,0,0,16563
10611,2020-10-23 11:13:00,29.01,29.01,28.98,29.0,0,0,9019
10612,2020-10-23 11:14:00,28.99,29.01,28.99,29.0,0,0,10372
10613,2020-10-23 11:15:00,29.0,29.0,28.95,28.95,0,0,29998
10614,2020-10-23 11:16:00,28.96,28.97,28.91,28.97,0,0,15837
10615,2020-10-23 11:17:00,28.97,28.98,28.93,28.93,0,0,7019
10616,2020-10-23 11:18:00,28.92,28.97,28.9,28.97,0,0,10009
10617,2020-10-23 11:19:00,28.97,29.0,28.95,28.97,0,0,62537
10618,2020-10-23 11:20:00,28.97,28.99,28.91,28.91,0,0,21525
10619,2020-10-23 11:21:00,28.9,28.91,28.86,28.88,0,0,33299
10620,2020-10-23 11:22:00,28.88,28.88,28.81,28.83,0,0,37264
10621,2020-10-23 11:23:00,28.83,28.84,28.81,28.83,0,0,10056
10622,2020-10-23 11:24:00,28.83,28.83,28.81,28.83,0,0,14154
10623,2020-10-23 11:25:00,28.83,28.85,28.83,28.85,0,0,10599
10624,2020-10-23 11:26:00,28.85,28.85,28.8,28.81,0,0,23112
10625,2020-10-23 11:27:00,28.81,28.83,28.81,28.82,0,0,10690
10626,2020-10-23 11:28:00,28.81,28.84,28.81,28.81,0,0,10873
10627,2020-10-23 11:29:00,28.81,28.86,28.78,28.86,0,0,16155
10628,2020-10-23 11:30:00,28.86,28.86,28.83,28.85,0,0,12873
10629,2020-10-23 11:31:00,28.85,28.9,28.85,28.89,0,0,13989
10630,2020-10-23 11:32:00,28.89,28.93,28.86,28.88,0,0,28957
10631,2020-10-23 11:33:00,28.87,28.89,28.87,28.88,0,0,19041
10632,2020-10-23 11:34:00,28.87,28.87,28.85,28.87,0,0,17993
10633,2020-10-23 11:35:00,28.86,28.86,28.83,28.85,0,0,20639
10634,2020-10-23 11:36:00,28.84,28.84,28.83,28.84,0,0,3546
10635,2020-10-23 11:37:00,28.83,28.83,28.75,28.76,0,0,132421
10636,2020-10-23 11:38:00,28.75,28.84,28.75,28.81,0,0,21336
10637,2020-10-23 11:39:00,28.81,28.82,28.75,28.77,0,0,17138
10638,2020-10-23 11:40:00,28.77,28.79,28.75,28.78,0,0,7333
10639,2020-10-23 11:41:00,28.78,28.81,28.78,28.79,0,0,6397
10640,2020-10-23 11:42:00,28.8,28.82,28.8,28.81,0,0,3517
10641,2020-10-23 11:43:00,28.82,28.82,28.81,28.81,0,0,7029
10642,2020-10-23 11:44:00,28.81,28.83,28.8,28.83,0,0,3666
10643,2020-10-23 11:45:00,28.83,28.84,28.82,28.82,0,0,5248
10644,2020-10-23 11:46:00,28.81,28.81,28.76,28.77,0,0,13088
10645,2020-10-23 11:47:00,28.76,28.76,28.72,28.73,0,0,8279
10646,2020-10-23 11:48:00,28.73,28.73,28.7,28.7,0,0,13428
10647,2020-10-23 11:49:00,28.71,28.72,28.7,28.7,0,0,5470
10648,2020-10-23 11:50:00,28.7,28.73,28.7,28.72,0,0,7488
10649,2020-10-23 11:51:00,28.72,28.73,28.69,28.71,0,0,4718
10650,2020-10-23 11:52:00,28.7,28.7,28.68,28.68,0,0,7624
10651,2020-10-23 11:53:00,28.68,28.71,28.68,28.71,0,0,4080
10652,2020-10-23 11:54:00,28.7,28.72,28.7,28.7,0,0,5465
10653,2020-10-23 11:55:00,28.7,28.72,28.7,28.72,0,0,4661
10654,2020-10-23 11:56:00,28.71,28.74,28.7,28.73,0,0,6248
10655,2020-10-23 11:57:00,28.74,28.74,28.73,28.74,0,0,7082
10656,2020-10-23 11:58:00,28.73,28.74,28.73,28.73,0,0,5289
10657,2020-10-23 11:59:00,28.72,28.73,28.71,28.71,0,0,6594
10658,2020-10-23 12:00:00,28.71,28.71,28.69,28.69,0,0,7096
10659,2020-10-23 12:01:00,28.69,28.71,28.67,28.67,0,0,7174
10660,2020-10-23 12:02:00,28.67,28.68,28.66,28.67,0,0,15730
10661,2020-10-23 12:03:00,28.68,28.69,28.67,28.68,0,0,8077
10662,2020-10-23 12:04:00,28.67,28.7,28.67,28.69,0,0,3656
10663,2020-10-23 12:05:00,28.69,28.69,28.67,28.68,0,0,13218
10664,2020-10-23 12:06:00,28.69,28.69,28.68,28.68,0,0,3142
10665,2020-10-23 12:07:00,28.68,28.71,28.68,28.69,0,0,30508
10666,2020-10-23 12:08:00,28.69,28.69,28.68,28.69,0,0,2968
10667,2020-10-23 12:09:00,28.7,28.7,28.68,28.69,0,0,4575
10668,2020-10-23 12:10:00,28.69,28.69,28.68,28.68,0,0,4013
10669,2020-10-23 12:11:00,28.68,28.69,28.67,28.67,0,0,10195
10670,2020-10-23 12:12:00,28.66,28.66,28.65,28.66,0,0,4212
10671,2020-10-23 12:13:00,28.65,28.65,28.62,28.64,0,0,14070
10672,2020-10-23 12:14:00,28.63,28.64,28.62,28.62,0,0,9235
10673,2020-10-23 12:15:00,28.61,28.62,28.6,28.62,0,0,13445
10674,2020-10-23 12:16:00,28.61,28.67,28.56,28.58,0,0,49659
10675,2020-10-23 12:17:00,28.58,28.6,28.57,28.58,0,0,9862
10676,2020-10-23 12:18:00,28.57,28.59,28.57,28.59,0,0,12770
10677,2020-10-23 12:19:00,28.6,28.62,28.59,28.6,0,0,23476
10678,2020-10-23 12:20:00,28.61,28.61,28.56,28.59,0,0,16484
10679,2020-10-23 12:21:00,28.59,28.62,28.59,28.62,0,0,8716
10680,2020-10-23 12:22:00,28.63,28.65,28.57,28.61,0,0,25515
10681,2020-10-23 12:23:00,28.61,28.63,28.61,28.63,0,0,4230
10682,2020-10-23 12:24:00,28.62,28.62,28.61,28.61,0,0,2386
10683,2020-10-23 12:25:00,28.62,28.66,28.61,28.64,0,0,8186
10684,2020-10-23 12:26:00,28.64,28.67,28.64,28.66,0,0,4861
10685,2020-10-23 12:27:00,28.67,28.69,28.66,28.68,0,0,10798
10686,2020-10-23 12:28:00,28.68,28.7,28.68,28.68,0,0,8175
10687,2020-10-23 12:29:00,28.68,28.69,28.68,28.68,0,0,4333
10688,2020-10-23 12:30:00,28.68,28.69,28.64,28.64,0,0,6135
10689,2020-10-23 12:31:00,28.65,28.67,28.65,28.66,0,0,6194
10690,2020-10-23 12:32:00,28.66,28.67,28.66,28.67,0,0,5219
10691,2020-10-23 12:33:00,28.67,28.69,28.66,28.69,0,0,8822
10692,2020-10-23 12:34:00,28.69,28.69,28.65,28.65,0,0,9405
10693,2020-10-23 12:35:00,28.66,28.66,28.65,28.65,0,0,8268
10694,2020-10-23 12:36:00,28.65,28.65,28.62,28.62,0,0,17309
10695,2020-10-23 12:37:00,28.63,28.65,28.62,28.65,0,0,13770
10696,2020-10-23 12:38:00,28.65,28.65,28.62,28.63,0,0,15958
10697,2020-10-23 12:39:00,28.62,28.65,28.62,28.64,0,0,4579
10698,2020-10-23 12:40:00,28.63,28.65,28.62,28.64,0,0,8374
10699,2020-10-23 12:41:00,28.65,28.65,28.62,28.62,0,0,24148
10700,2020-10-23 12:42:00,28.62,28.65,28.62,28.64,0,0,6667
10701,2020-10-23 12:43:00,28.64,28.65,28.61,28.65,0,0,8680
10702,2020-10-23 12:44:00,28.65,28.65,28.64,28.64,0,0,14705
10703,2020-10-23 12:45:00,28.65,28.65,28.63,28.64,0,0,5230
10704,2020-10-23 12:46:00,28.64,28.65,28.64,28.64,0,0,3729
10705,2020-10-23 12:47:00,28.64,28.65,28.63,28.63,0,0,10615
10706,2020-10-23 12:48:00,28.64,28.66,28.64,28.65,0,0,4376
10707,2020-10-23 12:49:00,28.65,28.65,28.64,28.64,0,0,14068
10708,2020-10-23 12:50:00,28.63,28.65,28.63,28.65,0,0,7200
10709,2020-10-23 12:51:00,28.65,28.66,28.65,28.66,0,0,14927
10710,2020-10-23 12:52:00,28.66,28.69,28.65,28.68,0,0,15151
10711,2020-10-23 12:53:00,28.69,28.69,28.66,28.66,0,0,6541
10712,2020-10-23 12:54:00,28.66,28.66,28.65,28.66,0,0,12942
10713,2020-10-23 12:55:00,28.66,28.66,28.64,28.65,0,0,12064
10714,2020-10-23 12:56:00,28.65,28.65,28.63,28.63,0,0,9195
10715,2020-10-23 12:57:00,28.63,28.65,28.61,28.65,0,0,20498
10716,2020-10-23 12:58:00,28.65,28.67,28.65,28.66,0,0,7129
10717,2020-10-23 12:59:00,28.67,28.67,28.66,28.67,0,0,4957
10718,2020-10-23 13:00:00,28.67,28.67,28.66,28.66,0,0,7229
10719,2020-10-23 13:01:00,28.67,28.67,28.66,28.66,0,0,9433
10720,2020-10-23 13:02:00,28.66,28.7,28.66,28.7,0,0,20300
10721,2020-10-23 13:03:00,28.7,28.73,28.7,28.72,0,0,48880
10722,2020-10-23 13:04:00,28.72,28.81,28.72,28.79,0,0,39355
10723,2020-10-23 13:05:00,28.8,28.82,28.8,28.81,0,0,11261
10724,2020-10-23 13:06:00,28.81,28.82,28.79,28.82,0,0,7454
10725,2020-10-23 13:07:00,28.83,28.83,28.81,28.82,0,0,6131
10726,2020-10-23 13:08:00,28.82,28.83,28.81,28.83,0,0,4375
10727,2020-10-23 13:09:00,28.82,28.84,28.82,28.83,0,0,5200
10728,2020-10-23 13:10:00,28.84,28.84,28.82,28.82,0,0,9749
10729,2020-10-23 13:11:00,28.83,28.83,28.77,28.78,0,0,37239
10730,2020-10-23 13:12:00,28.78,28.78,28.75,28.75,0,0,11132
10731,2020-10-23 13:13:00,28.75,28.78,28.75,28.77,0,0,9281
10732,2020-10-23 13:14:00,28.77,28.79,28.77,28.79,0,0,9533
10733,2020-10-23 13:15:00,28.79,28.85,28.79,28.83,0,0,9515
10734,2020-10-23 13:16:00,28.82,28.82,28.78,28.79,0,0,6055
10735,2020-10-23 13:17:00,28.8,28.8,28.78,28.79,0,0,6776
10736,2020-10-23 13:18:00,28.79,28.8,28.78,28.79,0,0,4544
10737,2020-10-23 13:19:00,28.8,28.8,28.78,28.79,0,0,5491
10738,2020-10-23 13:20:00,28.79,28.8,28.78,28.79,0,0,14287
10739,2020-10-23 13:21:00,28.8,28.82,28.79,28.82,0,0,8271
10740,2020-10-23 13:22:00,28.82,28.82,28.81,28.81,0,0,5316
10741,2020-10-23 13:23:00,28.81,28.83,28.81,28.83,0,0,4126
10742,2020-10-23 13:24:00,28.83,28.84,28.83,28.84,0,0,4525
10743,2020-10-23 13:25:00,28.84,28.86,28.82,28.86,0,0,12869
10744,2020-10-23 13:26:00,28.86,28.86,28.83,28.83,0,0,20905
10745,2020-10-23 13:27:00,28.84,28.84,28.81,28.81,0,0,13403
10746,2020-10-23 13:28:00,28.8,28.81,28.8,28.81,0,0,4701
10747,2020-10-23 13:29:00,28.81,28.82,28.8,28.82,0,0,6870
10748,2020-10-23 13:30:00,28.82,28.83,28.81,28.81,0,0,7698
10749,2020-10-23 13:31:00,28.82,28.83,28.82,28.83,0,0,5362
10750,2020-10-23 13:32:00,28.84,28.85,28.83,28.84,0,0,2819
10751,2020-10-23 13:33:00,28.83,28.83,28.81,28.81,0,0,5386
10752,2020-10-23 13:34:00,28.82,28.82,28.81,28.81,0,0,6920
10753,2020-10-23 13:35:00,28.82,28.83,28.8,28.82,0,0,8680
10754,2020-10-23 13:36:00,28.82,28.83,28.79,28.81,0,0,4948
10755,2020-10-23 13:37:00,28.8,28.8,28.75,28.76,0,0,20442
10756,2020-10-23 13:38:00,28.77,28.77,28.76,28.77,0,0,4551
10757,2020-10-23 13:39:00,28.77,28.77,28.76,28.76,0,0,11452
10758,2020-10-23 13:40:00,28.76,28.78,28.76,28.77,0,0,3811
10759,2020-10-23 13:41:00,28.76,28.77,28.76,28.77,0,0,11041
10760,2020-10-23 13:42:00,28.77,28.78,28.76,28.76,0,0,3266
10761,2020-10-23 13:43:00,28.76,28.77,28.75,28.75,0,0,8949
10762,2020-10-23 13:44:00,28.75,28.76,28.74,28.75,0,0,5454
10763,2020-10-23 13:45:00,28.75,28.76,28.75,28.76,0,0,10083
10764,2020-10-23 13:46:00,28.77,28.79,28.76,28.79,0,0,11407
10765,2020-10-23 13:47:00,28.78,28.79,28.78,28.79,0,0,2822
10766,2020-10-23 13:48:00,28.78,28.79,28.75,28.78,0,0,10799
10767,2020-10-23 13:49:00,28.77,28.79,28.77,28.78,0,0,2964
10768,2020-10-23 13:50:00,28.79,28.81,28.78,28.8,0,0,5371
10769,2020-10-23 13:51:00,28.81,28.82,28.81,28.82,0,0,3905
10770,2020-10-23 13:52:00,28.82,28.83,28.82,28.83,0,0,2931
10771,2020-10-23 13:53:00,28.82,28.83,28.81,28.83,0,0,5836
10772,2020-10-23 13:54:00,28.82,28.83,28.82,28.82,0,0,3070
10773,2020-10-23 13:55:00,28.81,28.85,28.81,28.84,0,0,7974
10774,2020-10-23 13:56:00,28.84,28.85,28.84,28.84,0,0,1079
10775,2020-10-23 13:57:00,28.85,28.85,28.83,28.83,0,0,4349
10776,2020-10-23 13:58:00,28.83,28.84,28.8,28.8,0,0,4743
10777,2020-10-23 13:59:00,28.81,28.82,28.8,28.82,0,0,8573
10778,2020-10-23 14:00:00,28.82,28.84,28.82,28.84,0,0,19673
10779,2020-10-23 14:01:00,28.84,28.85,28.84,28.85,0,0,2944
10780,2020-10-23 14:02:00,28.84,28.86,28.84,28.86,0,0,4877
10781,2020-10-23 14:03:00,28.85,28.85,28.83,28.83,0,0,3494
10782,2020-10-23 14:04:00,28.83,28.84,28.83,28.84,0,0,8012
10783,2020-10-23 14:05:00,28.85,28.86,28.83,28.83,0,0,8866
10784,2020-10-23 14:06:00,28.84,28.84,28.78,28.8,0,0,24724
10785,2020-10-23 14:07:00,28.81,28.81,28.76,28.76,0,0,26776
10786,2020-10-23 14:08:00,28.75,28.77,28.75,28.75,0,0,20421
10787,2020-10-23 14:09:00,28.76,28.81,28.75,28.77,0,0,32033
10788,2020-10-23 14:10:00,28.77,28.79,28.75,28.75,0,0,37754
10789,2020-10-23 14:11:00,28.75,28.75,28.71,28.72,0,0,31404
10790,2020-10-23 14:12:00,28.72,28.73,28.7,28.7,0,0,14607
10791,2020-10-23 14:13:00,28.71,28.74,28.69,28.74,0,0,21760
10792,2020-10-23 14:14:00,28.74,28.76,28.73,28.75,0,0,7251
10793,2020-10-23 14:15:00,28.76,28.76,28.72,28.74,0,0,68556
10794,2020-10-23 14:16:00,28.74,28.75,28.74,28.75,0,0,10922
10795,2020-10-23 14:17:00,28.75,28.76,28.74,28.75,0,0,5051
10796,2020-10-23 14:18:00,28.75,28.75,28.73,28.73,0,0,11190
10797,2020-10-23 14:19:00,28.73,28.73,28.7,28.7,0,0,7723
10798,2020-10-23 14:20:00,28.7,28.72,28.69,28.7,0,0,71772
10799,2020-10-23 14:21:00,28.71,28.72,28.7,28.72,0,0,7187
10800,2020-10-23 14:22:00,28.72,28.73,28.7,28.7,0,0,6286
10801,2020-10-23 14:23:00,28.71,28.75,28.7,28.75,0,0,8850
10802,2020-10-23 14:24:00,28.75,28.76,28.74,28.75,0,0,7202
10803,2020-10-23 14:25:00,28.76,28.77,28.75,28.77,0,0,8964
10804,2020-10-23 14:26:00,28.77,28.78,28.77,28.77,0,0,3879
10805,2020-10-23 14:27:00,28.77,28.77,28.75,28.75,0,0,9799
10806,2020-10-23 14:28:00,28.75,28.75,28.74,28.75,0,0,6059
10807,2020-10-23 14:29:00,28.74,28.77,28.74,28.76,0,0,16845
10808,2020-10-23 14:30:00,28.76,28.76,28.75,28.76,0,0,5529
10809,2020-10-23 14:31:00,28.77,28.8,28.76,28.8,0,0,11049
10810,2020-10-23 14:32:00,28.8,28.84,28.8,28.83,0,0,15072
10811,2020-10-23 14:33:00,28.83,28.84,28.83,28.83,0,0,8618
10812,2020-10-23 14:34:00,28.84,28.84,28.83,28.83,0,0,7077
10813,2020-10-23 14:35:00,28.83,28.83,28.8,28.81,0,0,11821
10814,2020-10-23 14:36:00,28.82,28.82,28.78,28.79,0,0,22691
10815,2020-10-23 14:37:00,28.8,28.8,28.75,28.78,0,0,33110
10816,2020-10-23 14:38:00,28.79,28.82,28.78,28.8,0,0,34178
10817,2020-10-23 14:40:00,28.8,28.81,28.79,28.8,0,0,8896
10818,2020-10-23 14:41:00,28.8,28.81,28.78,28.78,0,0,20074
10819,2020-10-23 14:42:00,28.79,28.79,28.77,28.78,0,0,9305
10820,2020-10-23 14:43:00,28.78,28.79,28.77,28.77,0,0,8149
10821,2020-10-23 14:44:00,28.78,28.78,28.75,28.75,0,0,11783
10822,2020-10-23 14:45:00,28.76,28.76,28.73,28.75,0,0,25832
10823,2020-10-23 14:46:00,28.75,28.78,28.75,28.77,0,0,12362
10824,2020-10-23 14:47:00,28.76,28.78,28.76,28.77,0,0,5486
10825,2020-10-23 14:48:00,28.77,28.78,28.72,28.72,0,0,19643
10826,2020-10-23 14:49:00,28.73,28.73,28.72,28.72,0,0,3459
10827,2020-10-23 14:50:00,28.73,28.73,28.72,28.73,0,0,11561
10828,2020-10-23 14:51:00,28.72,28.73,28.71,28.73,0,0,7761
10829,2020-10-23 14:52:00,28.72,28.72,28.7,28.72,0,0,3428
10830,2020-10-23 14:53:00,28.72,28.72,28.7,28.71,0,0,18479
10831,2020-10-23 14:54:00,28.7,28.7,28.68,28.68,0,0,12189
10832,2020-10-23 14:55:00,28.69,28.69,28.67,28.67,0,0,3639
10833,2020-10-23 14:56:00,28.67,28.69,28.67,28.67,0,0,15251
10834,2020-10-23 14:57:00,28.67,28.67,28.64,28.64,0,0,5696
10835,2020-10-23 14:58:00,28.64,28.65,28.6,28.61,0,0,21343
10836,2020-10-23 14:59:00,28.61,28.65,28.59,28.63,0,0,30663
10837,2020-10-23 15:00:00,28.64,28.65,28.63,28.63,0,0,8617
10838,2020-10-23 15:01:00,28.63,28.65,28.63,28.64,0,0,9178
10839,2020-10-23 15:02:00,28.63,28.64,28.63,28.64,0,0,6127
10840,2020-10-23 15:03:00,28.63,28.63,28.59,28.61,0,0,41124
10841,2020-10-23 15:04:00,28.61,28.62,28.61,28.61,0,0,6013
10842,2020-10-23 15:05:00,28.61,28.61,28.58,28.58,0,0,25148
10843,2020-10-23 15:06:00,28.58,28.61,28.58,28.6,0,0,18005
10844,2020-10-23 15:07:00,28.6,28.6,28.59,28.59,0,0,12879
10845,2020-10-23 15:08:00,28.59,28.6,28.58,28.6,0,0,16836
10846,2020-10-23 15:09:00,28.61,28.62,28.6,28.61,0,0,18989
10847,2020-10-23 15:10:00,28.61,28.62,28.6,28.61,0,0,8688
10848,2020-10-23 15:11:00,28.61,28.61,28.6,28.6,0,0,8812
10849,2020-10-23 15:12:00,28.61,28.61,28.56,28.58,0,0,23959
10850,2020-10-23 15:13:00,28.58,28.63,28.58,28.62,0,0,25568
10851,2020-10-23 15:14:00,28.62,28.62,28.61,28.62,0,0,9903
10852,2020-10-23 15:15:00,28.62,28.62,28.6,28.62,0,0,16487
10853,2020-10-23 15:16:00,28.62,28.64,28.62,28.64,0,0,13603
10854,2020-10-23 15:17:00,28.64,28.67,28.64,28.66,0,0,22709
10855,2020-10-23 15:18:00,28.66,28.66,28.64,28.64,0,0,33465
10856,2020-10-23 15:19:00,28.64,28.65,28.6,28.6,0,0,10548
10857,2020-10-23 15:20:00,28.6,28.62,28.6,28.61,0,0,23715
10858,2020-10-23 15:21:00,28.62,28.62,28.59,28.59,0,0,21057
10859,2020-10-23 15:22:00,28.59,28.61,28.58,28.59,0,0,22899
10860,2020-10-23 15:23:00,28.6,28.62,28.59,28.62,0,0,15174
10861,2020-10-23 15:24:00,28.61,28.63,28.61,28.62,0,0,5430
10862,2020-10-23 15:25:00,28.62,28.63,28.61,28.61,0,0,12919
10863,2020-10-23 15:26:00,28.61,28.65,28.61,28.65,0,0,20816
10864,2020-10-23 15:27:00,28.64,28.65,28.61,28.64,0,0,38653
10865,2020-10-23 15:28:00,28.63,28.64,28.62,28.64,0,0,11688
10866,2020-10-23 15:29:00,28.63,28.65,28.62,28.64,0,0,17548
10867,2020-10-23 15:30:00,28.64,28.65,28.62,28.63,0,0,16920
10868,2020-10-23 15:31:00,28.63,28.63,28.61,28.61,0,0,8008
10869,2020-10-23 15:32:00,28.62,28.64,28.61,28.62,0,0,9100
10870,2020-10-23 15:33:00,28.62,28.64,28.62,28.64,0,0,13724
10871,2020-10-23 15:34:00,28.64,28.64,28.6,28.61,0,0,22507
10872,2020-10-23 15:35:00,28.6,28.62,28.6,28.6,0,0,15376
10873,2020-10-23 15:36:00,28.6,28.62,28.6,28.61,0,0,8369
10874,2020-10-23 15:37:00,28.62,28.63,28.61,28.62,0,0,13990
10875,2020-10-23 15:38:00,28.62,28.63,28.61,28.63,0,0,12463
10876,2020-10-23 15:39:00,28.63,28.64,28.62,28.64,0,0,7138
10877,2020-10-23 15:40:00,28.64,28.67,28.64,28.67,0,0,18917
10878,2020-10-23 15:41:00,28.67,28.67,28.66,28.67,0,0,9505
10879,2020-10-23 15:42:00,28.67,28.68,28.66,28.67,0,0,30062
10880,2020-10-23 15:43:00,28.67,28.7,28.67,28.69,0,0,14687
10881,2020-10-23 15:44:00,28.69,28.71,28.69,28.71,0,0,21532
10882,2020-10-23 15:45:00,28.7,28.72,28.69,28.71,0,0,23649
10883,2020-10-23 15:46:00,28.72,28.73,28.7,28.7,0,0,29224
10884,2020-10-23 15:47:00,28.71,28.72,28.7,28.72,0,0,5964
10885,2020-10-23 15:48:00,28.72,28.74,28.71,28.73,0,0,19789
10886,2020-10-23 15:49:00,28.74,28.74,28.69,28.69,0,0,20592
10887,2020-10-23 15:50:00,28.69,28.71,28.68,28.7,0,0,30022
10888,2020-10-23 15:51:00,28.69,28.71,28.69,28.71,0,0,6599
10889,2020-10-23 15:52:00,28.7,28.72,28.7,28.7,0,0,22118
10890,2020-10-23 15:53:00,28.7,28.71,28.7,28.7,0,0,3305
10891,2020-10-23 15:54:00,28.7,28.73,28.7,28.73,0,0,40236
10892,2020-10-23 15:55:00,28.73,28.74,28.72,28.73,0,0,32538
10893,2020-10-23 15:56:00,28.73,28.74,28.72,28.74,0,0,32787
10894,2020-10-23 15:57:00,28.73,28.74,28.7,28.73,0,0,60061
10895,2020-10-23 15:58:00,28.74,28.76,28.73,28.75,0,0,36758
10896,2020-10-23 15:59:00,28.75,28.78,28.71,28.75,0,0,169203
10897,2020-10-26 09:30:00,28.65,28.78,28.6,28.73,0,0,163970
10898,2020-10-26 09:31:00,28.76,28.96,28.7,28.96,0,0,15519
10899,2020-10-26 09:32:00,28.92,28.99,28.84,28.99,0,0,31019
10900,2020-10-26 09:33:00,28.99,29.15,28.96,29.03,0,0,72884
10901,2020-10-26 09:34:00,29.06,29.09,29.03,29.04,0,0,17444
10902,2020-10-26 09:35:00,29.09,29.1,28.95,29.01,0,0,31457
10903,2020-10-26 09:36:00,29.01,29.01,28.85,28.88,0,0,41300
10904,2020-10-26 09:37:00,28.88,28.94,28.86,28.88,0,0,38578
10905,2020-10-26 09:38:00,28.87,29.06,28.85,29.03,0,0,30798
10906,2020-10-26 09:39:00,29.04,29.04,28.95,29.03,0,0,20969
10907,2020-10-26 09:40:00,29.03,29.08,29.02,29.04,0,0,57370
10908,2020-10-26 09:41:00,29.04,29.05,28.87,28.9,0,0,34101
10909,2020-10-26 09:42:00,28.89,28.9,28.73,28.79,0,0,31152
10910,2020-10-26 09:43:00,28.78,28.81,28.75,28.78,0,0,16846
10911,2020-10-26 09:44:00,28.76,28.82,28.74,28.75,0,0,22264
10912,2020-10-26 09:45:00,28.75,28.79,28.7,28.72,0,0,35039
10913,2020-10-26 09:46:00,28.72,28.75,28.67,28.68,0,0,22009
10914,2020-10-26 09:47:00,28.68,28.74,28.68,28.73,0,0,42453
10915,2020-10-26 09:48:00,28.73,28.74,28.69,28.73,0,0,30693
10916,2020-10-26 09:49:00,28.72,28.73,28.69,28.73,0,0,21352
10917,2020-10-26 09:50:00,28.74,28.75,28.67,28.7,0,0,15937
10918,2020-10-26 09:51:00,28.7,28.73,28.66,28.73,0,0,16007
10919,2020-10-26 09:52:00,28.75,28.8,28.73,28.76,0,0,13030
10920,2020-10-26 09:53:00,28.75,28.78,28.72,28.74,0,0,23754
10921,2020-10-26 09:54:00,28.74,28.79,28.74,28.78,0,0,14348
10922,2020-10-26 09:55:00,28.8,28.8,28.73,28.73,0,0,21564
10923,2020-10-26 09:56:00,28.74,28.76,28.66,28.67,0,0,28410
10924,2020-10-26 09:57:00,28.66,28.69,28.6,28.67,0,0,59710
10925,2020-10-26 09:58:00,28.68,28.68,28.61,28.64,0,0,22921
10926,2020-10-26 09:59:00,28.64,28.66,28.61,28.65,0,0,15679
10927,2020-10-26 10:00:00,28.66,28.7,28.59,28.6,0,0,22283
10928,2020-10-26 10:01:00,28.59,28.62,28.55,28.55,0,0,19821
10929,2020-10-26 10:02:00,28.56,28.6,28.5,28.57,0,0,39854
10930,2020-10-26 10:03:00,28.6,28.68,28.58,28.62,0,0,59739
10931,2020-10-26 10:04:00,28.63,28.66,28.61,28.61,0,0,36181
10932,2020-10-26 10:05:00,28.63,28.68,28.6,28.61,0,0,22508
10933,2020-10-26 10:06:00,28.61,28.61,28.56,28.58,0,0,13704
10934,2020-10-26 10:07:00,28.59,28.61,28.52,28.58,0,0,19839
10935,2020-10-26 10:08:00,28.57,28.64,28.57,28.61,0,0,10940
10936,2020-10-26 10:09:00,28.6,28.68,28.57,28.67,0,0,35704
10937,2020-10-26 10:10:00,28.68,28.73,28.67,28.71,0,0,34852
10938,2020-10-26 10:11:00,28.72,28.72,28.61,28.61,0,0,26632
10939,2020-10-26 10:12:00,28.62,28.63,28.6,28.62,0,0,9463
10940,2020-10-26 10:13:00,28.62,28.62,28.53,28.55,0,0,20415
10941,2020-10-26 10:14:00,28.54,28.61,28.54,28.58,0,0,19495
10942,2020-10-26 10:15:00,28.58,28.6,28.56,28.6,0,0,9770
10943,2020-10-26 10:16:00,28.6,28.6,28.56,28.59,0,0,6380
10944,2020-10-26 10:17:00,28.6,28.61,28.57,28.6,0,0,6749
10945,2020-10-26 10:18:00,28.61,28.62,28.58,28.61,0,0,8251
10946,2020-10-26 10:19:00,28.6,28.61,28.56,28.56,0,0,16144
10947,2020-10-26 10:20:00,28.56,28.6,28.56,28.57,0,0,8832
10948,2020-10-26 10:21:00,28.56,28.57,28.52,28.53,0,0,19716
10949,2020-10-26 10:22:00,28.54,28.56,28.48,28.56,0,0,28784
10950,2020-10-26 10:23:00,28.56,28.57,28.51,28.52,0,0,10223
10951,2020-10-26 10:24:00,28.51,28.52,28.48,28.5,0,0,13730
10952,2020-10-26 10:25:00,28.49,28.5,28.43,28.44,0,0,21442
10953,2020-10-26 10:26:00,28.43,28.43,28.35,28.4,0,0,47927
10954,2020-10-26 10:27:00,28.4,28.41,28.38,28.39,0,0,16969
10955,2020-10-26 10:28:00,28.4,28.4,28.35,28.4,0,0,15426
10956,2020-10-26 10:29:00,28.38,28.39,28.34,28.34,0,0,18718
10957,2020-10-26 10:30:00,28.34,28.34,28.28,28.31,0,0,39210
10958,2020-10-26 10:31:00,28.31,28.34,28.29,28.32,0,0,20349
10959,2020-10-26 10:32:00,28.32,28.34,28.24,28.24,0,0,79655
10960,2020-10-26 10:33:00,28.24,28.27,28.23,28.24,0,0,20889
10961,2020-10-26 10:34:00,28.24,28.25,28.23,28.23,0,0,12403
10962,2020-10-26 10:35:00,28.23,28.23,28.16,28.17,0,0,26903
10963,2020-10-26 10:36:00,28.17,28.26,28.16,28.23,0,0,25816
10964,2020-10-26 10:37:00,28.24,28.26,28.23,28.24,0,0,21840
10965,2020-10-26 10:38:00,28.25,28.29,28.22,28.28,0,0,26019
10966,2020-10-26 10:39:00,28.28,28.28,28.25,28.26,0,0,10018
10967,2020-10-26 10:40:00,28.26,28.27,28.23,28.26,0,0,15461
10968,2020-10-26 10:41:00,28.26,28.28,28.25,28.25,0,0,9376
10969,2020-10-26 10:42:00,28.24,28.27,28.23,28.27,0,0,9274
10970,2020-10-26 10:43:00,28.26,28.27,28.23,28.24,0,0,19778
10971,2020-10-26 10:44:00,28.23,28.28,28.23,28.26,0,0,14078
10972,2020-10-26 10:45:00,28.25,28.26,28.23,28.25,0,0,11825
10973,2020-10-26 10:46:00,28.25,28.27,28.22,28.22,0,0,8831
10974,2020-10-26 10:47:00,28.22,28.24,28.2,28.21,0,0,16363
10975,2020-10-26 10:48:00,28.21,28.22,28.17,28.2,0,0,21145
10976,2020-10-26 10:49:00,28.21,28.21,28.17,28.19,0,0,16141
10977,2020-10-26 10:50:00,28.2,28.21,28.15,28.15,0,0,10283
10978,2020-10-26 10:51:00,28.16,28.18,28.12,28.14,0,0,26710
10979,2020-10-26 10:52:00,28.14,28.15,28.12,28.13,0,0,18547
10980,2020-10-26 10:53:00,28.12,28.13,28.09,28.09,0,0,19903
10981,2020-10-26 10:54:00,28.09,28.12,28.08,28.1,0,0,16834
10982,2020-10-26 10:55:00,28.1,28.11,28.09,28.11,0,0,10080
10983,2020-10-26 10:56:00,28.1,28.11,28.07,28.09,0,0,27979
10984,2020-10-26 10:57:00,28.09,28.1,28.07,28.08,0,0,13591
10985,2020-10-26 10:58:00,28.1,28.1,28.04,28.04,0,0,43587
10986,2020-10-26 10:59:00,28.03,28.06,27.99,28.04,0,0,106705
10987,2020-10-26 11:00:00,28.04,28.05,28.0,28.01,0,0,83943
10988,2020-10-26 11:01:00,28.0,28.0,27.93,27.95,0,0,33320
10989,2020-10-26 11:02:00,27.95,27.98,27.92,27.93,0,0,27187
10990,2020-10-26 11:03:00,27.92,27.93,27.86,27.89,0,0,42734
10991,2020-10-26 11:04:00,27.9,27.95,27.88,27.94,0,0,18519
10992,2020-10-26 11:05:00,27.95,27.95,27.9,27.9,0,0,61723
10993,2020-10-26 11:06:00,27.89,27.94,27.88,27.92,0,0,20272
10994,2020-10-26 11:07:00,27.92,27.96,27.91,27.92,0,0,33691
10995,2020-10-26 11:08:00,27.93,27.93,27.81,27.87,0,0,81268
10996,2020-10-26 11:09:00,27.86,27.92,27.83,27.91,0,0,32297
10997,2020-10-26 11:10:00,27.91,27.91,27.86,27.88,0,0,22867
10998,2020-10-26 11:11:00,27.87,27.9,27.86,27.9,0,0,20129
10999,2020-10-26 11:12:00,27.9,27.91,27.89,27.91,0,0,14778
11000,2020-10-26 11:13:00,27.9,27.91,27.86,27.9,0,0,38038
11001,2020-10-26 11:14:00,27.9,27.9,27.86,27.87,0,0,19639
11002,2020-10-26 11:15:00,27.87,27.88,27.79,27.82,0,0,61440
11003,2020-10-26 11:16:00,27.81,27.84,27.78,27.79,0,0,20298
11004,2020-10-26 11:17:00,27.8,27.8,27.76,27.78,0,0,34512
11005,2020-10-26 11:18:00,27.78,27.8,27.71,27.74,0,0,61420
11006,2020-10-26 11:19:00,27.73,27.79,27.72,27.73,0,0,43079
11007,2020-10-26 11:20:00,27.74,27.77,27.72,27.76,0,0,51553
11008,2020-10-26 11:21:00,27.76,27.84,27.76,27.78,0,0,129009
11009,2020-10-26 11:22:00,27.79,27.79,27.73,27.74,0,0,51265
11010,2020-10-26 11:23:00,27.73,27.73,27.7,27.72,0,0,38206
11011,2020-10-26 11:24:00,27.72,27.76,27.7,27.7,0,0,27727
11012,2020-10-26 11:25:00,27.7,27.74,27.66,27.74,0,0,41116
11013,2020-10-26 11:26:00,27.75,27.77,27.73,27.75,0,0,26336
11014,2020-10-26 11:27:00,27.75,27.79,27.74,27.77,0,0,31052
11015,2020-10-26 11:28:00,27.77,27.77,27.72,27.73,0,0,20104
11016,2020-10-26 11:29:00,27.74,27.77,27.73,27.76,0,0,14672
11017,2020-10-26 11:30:00,27.76,27.8,27.74,27.74,0,0,52815
11018,2020-10-26 11:31:00,27.74,27.75,27.66,27.67,0,0,59345
11019,2020-10-26 11:32:00,27.67,27.68,27.6,27.61,0,0,90469
11020,2020-10-26 11:33:00,27.62,27.68,27.58,27.66,0,0,45638
11021,2020-10-26 11:34:00,27.66,27.66,27.59,27.64,0,0,42576
11022,2020-10-26 11:35:00,27.63,27.71,27.61,27.69,0,0,33565
11023,2020-10-26 11:36:00,27.68,27.74,27.68,27.74,0,0,30031
11024,2020-10-26 11:37:00,27.73,27.77,27.73,27.76,0,0,18494
11025,2020-10-26 11:38:00,27.76,27.79,27.76,27.77,0,0,13073
11026,2020-10-26 11:39:00,27.78,27.84,27.78,27.82,0,0,25814
11027,2020-10-26 11:40:00,27.81,27.87,27.79,27.85,0,0,22621
11028,2020-10-26 11:41:00,27.84,27.87,27.83,27.84,0,0,22951
11029,2020-10-26 11:42:00,27.83,27.84,27.8,27.81,0,0,23450
11030,2020-10-26 11:43:00,27.81,27.81,27.73,27.73,0,0,17748
11031,2020-10-26 11:44:00,27.71,27.74,27.69,27.74,0,0,43709
11032,2020-10-26 11:45:00,27.75,27.83,27.73,27.82,0,0,47719
11033,2020-10-26 11:46:00,27.82,27.83,27.8,27.83,0,0,9591
11034,2020-10-26 11:47:00,27.83,27.91,27.83,27.91,0,0,37435
11035,2020-10-26 11:48:00,27.91,27.93,27.88,27.91,0,0,7694
11036,2020-10-26 11:49:00,27.89,27.91,27.88,27.88,0,0,14085
11037,2020-10-26 11:50:00,27.88,27.89,27.82,27.83,0,0,49684
11038,2020-10-26 11:51:00,27.83,27.85,27.79,27.81,0,0,57128
11039,2020-10-26 11:52:00,27.82,27.84,27.81,27.83,0,0,27092
11040,2020-10-26 11:53:00,27.83,27.84,27.81,27.84,0,0,28632
11041,2020-10-26 11:54:00,27.85,27.91,27.85,27.88,0,0,14178
11042,2020-10-26 11:55:00,27.89,27.9,27.87,27.89,0,0,15281
11043,2020-10-26 11:56:00,27.89,27.9,27.85,27.86,0,0,14081
11044,2020-10-26 11:57:00,27.85,27.9,27.85,27.89,0,0,16978
11045,2020-10-26 11:58:00,27.89,27.89,27.84,27.86,0,0,8920
11046,2020-10-26 11:59:00,27.87,27.87,27.78,27.78,0,0,26314
11047,2020-10-26 12:00:00,27.78,27.84,27.77,27.81,0,0,66005
11048,2020-10-26 12:01:00,27.82,27.86,27.81,27.84,0,0,15339
11049,2020-10-26 12:02:00,27.85,27.85,27.81,27.85,0,0,19432
11050,2020-10-26 12:03:00,27.85,27.85,27.8,27.82,0,0,9960
11051,2020-10-26 12:04:00,27.81,27.89,27.81,27.85,0,0,23362
11052,2020-10-26 12:05:00,27.85,27.92,27.83,27.9,0,0,32824
11053,2020-10-26 12:06:00,27.88,27.88,27.84,27.86,0,0,6314
11054,2020-10-26 12:07:00,27.85,27.85,27.83,27.85,0,0,12947
11055,2020-10-26 12:08:00,27.85,27.88,27.85,27.86,0,0,7797
11056,2020-10-26 12:09:00,27.85,27.85,27.77,27.8,0,0,21650
11057,2020-10-26 12:10:00,27.81,27.86,27.81,27.84,0,0,5272
11058,2020-10-26 12:11:00,27.85,27.87,27.83,27.83,0,0,16248
11059,2020-10-26 12:12:00,27.84,27.85,27.82,27.82,0,0,9389
11060,2020-10-26 12:13:00,27.82,27.83,27.76,27.77,0,0,11863
11061,2020-10-26 12:14:00,27.76,27.78,27.72,27.73,0,0,29542
11062,2020-10-26 12:15:00,27.74,27.75,27.7,27.73,0,0,14836
11063,2020-10-26 12:16:00,27.74,27.77,27.73,27.75,0,0,9314
11064,2020-10-26 12:17:00,27.76,27.79,27.76,27.76,0,0,7703
11065,2020-10-26 12:18:00,27.76,27.78,27.74,27.76,0,0,12617
11066,2020-10-26 12:19:00,27.77,27.77,27.71,27.72,0,0,31277
11067,2020-10-26 12:20:00,27.72,27.73,27.64,27.67,0,0,19789
11068,2020-10-26 12:21:00,27.68,27.7,27.65,27.67,0,0,15991
11069,2020-10-26 12:22:00,27.67,27.69,27.65,27.69,0,0,15020
11070,2020-10-26 12:23:00,27.7,27.72,27.68,27.7,0,0,17031
11071,2020-10-26 12:24:00,27.69,27.69,27.67,27.67,0,0,6131
11072,2020-10-26 12:25:00,27.67,27.71,27.67,27.67,0,0,12201
11073,2020-10-26 12:26:00,27.68,27.68,27.64,27.65,0,0,13152
11074,2020-10-26 12:27:00,27.66,27.67,27.63,27.65,0,0,4864
11075,2020-10-26 12:28:00,27.66,27.7,27.65,27.69,0,0,6727
11076,2020-10-26 12:29:00,27.68,27.71,27.66,27.67,0,0,13444
11077,2020-10-26 12:30:00,27.67,27.67,27.64,27.66,0,0,9549
11078,2020-10-26 12:31:00,27.66,27.68,27.65,27.67,0,0,9753
11079,2020-10-26 12:32:00,27.67,27.67,27.65,27.65,0,0,6263
11080,2020-10-26 12:33:00,27.65,27.65,27.62,27.63,0,0,6249
11081,2020-10-26 12:34:00,27.63,27.63,27.6,27.61,0,0,12959
11082,2020-10-26 12:35:00,27.61,27.63,27.6,27.6,0,0,13926
11083,2020-10-26 12:36:00,27.6,27.64,27.6,27.62,0,0,35614
11084,2020-10-26 12:37:00,27.62,27.62,27.53,27.53,0,0,75120
11085,2020-10-26 12:38:00,27.54,27.57,27.45,27.48,0,0,114317
11086,2020-10-26 12:39:00,27.49,27.58,27.46,27.56,0,0,34293
11087,2020-10-26 12:40:00,27.57,27.61,27.57,27.61,0,0,10104
11088,2020-10-26 12:41:00,27.6,27.62,27.52,27.53,0,0,19716
11089,2020-10-26 12:42:00,27.53,27.55,27.52,27.54,0,0,17170
11090,2020-10-26 12:43:00,27.54,27.56,27.53,27.55,0,0,10456
11091,2020-10-26 12:44:00,27.53,27.56,27.51,27.56,0,0,9128
11092,2020-10-26 12:45:00,27.53,27.53,27.5,27.51,0,0,11053
11093,2020-10-26 12:46:00,27.5,27.54,27.47,27.52,0,0,34879
11094,2020-10-26 12:47:00,27.52,27.55,27.52,27.52,0,0,13294
11095,2020-10-26 12:48:00,27.52,27.53,27.5,27.5,0,0,9016
11096,2020-10-26 12:49:00,27.5,27.51,27.47,27.47,0,0,8171
11097,2020-10-26 12:50:00,27.45,27.49,27.44,27.49,0,0,14869
11098,2020-10-26 12:51:00,27.49,27.51,27.49,27.5,0,0,6219
11099,2020-10-26 12:52:00,27.5,27.51,27.47,27.49,0,0,9087
11100,2020-10-26 12:53:00,27.5,27.5,27.45,27.47,0,0,10609
11101,2020-10-26 12:54:00,27.47,27.48,27.46,27.47,0,0,11321
11102,2020-10-26 12:55:00,27.47,27.49,27.44,27.48,0,0,10056
11103,2020-10-26 12:56:00,27.48,27.53,27.48,27.53,0,0,37271
11104,2020-10-26 12:57:00,27.55,27.55,27.46,27.47,0,0,14740
11105,2020-10-26 12:58:00,27.47,27.49,27.46,27.47,0,0,7840
11106,2020-10-26 12:59:00,27.47,27.47,27.44,27.47,0,0,13488
11107,2020-10-26 13:00:00,27.46,27.46,27.44,27.45,0,0,10088
11108,2020-10-26 13:01:00,27.44,27.44,27.38,27.38,0,0,23262
11109,2020-10-26 13:02:00,27.39,27.4,27.36,27.38,0,0,20090
11110,2020-10-26 13:03:00,27.39,27.42,27.37,27.37,0,0,21908
11111,2020-10-26 13:04:00,27.37,27.38,27.33,27.35,0,0,82638
11112,2020-10-26 13:05:00,27.34,27.35,27.28,27.32,0,0,36178
11113,2020-10-26 13:06:00,27.31,27.31,27.27,27.27,0,0,58345
11114,2020-10-26 13:07:00,27.28,27.31,27.26,27.29,0,0,85377
11115,2020-10-26 13:08:00,27.3,27.3,27.2,27.23,0,0,66604
11116,2020-10-26 13:09:00,27.22,27.23,27.17,27.19,0,0,102364
11117,2020-10-26 13:10:00,27.19,27.27,27.19,27.27,0,0,69083
11118,2020-10-26 13:11:00,27.27,27.33,27.27,27.33,0,0,29146
11119,2020-10-26 13:12:00,27.33,27.41,27.33,27.41,0,0,34243
11120,2020-10-26 13:13:00,27.41,27.45,27.4,27.43,0,0,30820
11121,2020-10-26 13:14:00,27.42,27.48,27.42,27.48,0,0,25610
11122,2020-10-26 13:15:00,27.48,27.48,27.43,27.44,0,0,16828
11123,2020-10-26 13:16:00,27.44,27.45,27.4,27.41,0,0,22155
11124,2020-10-26 13:17:00,27.41,27.45,27.4,27.4,0,0,14284
11125,2020-10-26 13:18:00,27.4,27.42,27.38,27.39,0,0,11149
11126,2020-10-26 13:19:00,27.4,27.4,27.37,27.39,0,0,23631
11127,2020-10-26 13:20:00,27.4,27.43,27.39,27.41,0,0,14034
11128,2020-10-26 13:21:00,27.42,27.48,27.42,27.47,0,0,12174
11129,2020-10-26 13:22:00,27.47,27.49,27.47,27.49,0,0,8772
11130,2020-10-26 13:23:00,27.49,27.5,27.46,27.48,0,0,15386
11131,2020-10-26 13:24:00,27.48,27.5,27.48,27.48,0,0,5988
11132,2020-10-26 13:25:00,27.47,27.49,27.43,27.43,0,0,7584
11133,2020-10-26 13:26:00,27.43,27.44,27.39,27.4,0,0,15490
11134,2020-10-26 13:27:00,27.4,27.41,27.36,27.37,0,0,13657
11135,2020-10-26 13:28:00,27.37,27.39,27.35,27.39,0,0,7780
11136,2020-10-26 13:29:00,27.38,27.38,27.36,27.36,0,0,8024
11137,2020-10-26 13:30:00,27.35,27.35,27.29,27.29,0,0,28150
11138,2020-10-26 13:31:00,27.27,27.33,27.27,27.32,0,0,17137
11139,2020-10-26 13:32:00,27.32,27.34,27.31,27.34,0,0,8532
11140,2020-10-26 13:33:00,27.34,27.35,27.32,27.33,0,0,13503
11141,2020-10-26 13:34:00,27.34,27.35,27.32,27.33,0,0,7863
11142,2020-10-26 13:35:00,27.33,27.33,27.3,27.32,0,0,10125
11143,2020-10-26 13:36:00,27.32,27.35,27.32,27.35,0,0,15285
11144,2020-10-26 13:37:00,27.34,27.36,27.32,27.36,0,0,29194
11145,2020-10-26 13:38:00,27.35,27.37,27.35,27.37,0,0,15499
11146,2020-10-26 13:39:00,27.36,27.43,27.36,27.41,0,0,13774
11147,2020-10-26 13:40:00,27.42,27.43,27.4,27.42,0,0,18537
11148,2020-10-26 13:41:00,27.41,27.45,27.41,27.45,0,0,20538
11149,2020-10-26 13:42:00,27.44,27.47,27.43,27.45,0,0,26683
11150,2020-10-26 13:43:00,27.45,27.46,27.44,27.45,0,0,13642
11151,2020-10-26 13:44:00,27.44,27.46,27.41,27.46,0,0,41974
11152,2020-10-26 13:45:00,27.45,27.52,27.45,27.52,0,0,15308
11153,2020-10-26 13:46:00,27.52,27.57,27.52,27.56,0,0,35172
11154,2020-10-26 13:47:00,27.55,27.56,27.55,27.56,0,0,14437
11155,2020-10-26 13:48:00,27.56,27.6,27.55,27.57,0,0,19526
11156,2020-10-26 13:49:00,27.57,27.61,27.55,27.6,0,0,22824
11157,2020-10-26 13:50:00,27.6,27.64,27.59,27.62,0,0,27731
11158,2020-10-26 13:51:00,27.62,27.63,27.6,27.62,0,0,9213
11159,2020-10-26 13:52:00,27.62,27.65,27.6,27.61,0,0,9702
11160,2020-10-26 13:53:00,27.62,27.63,27.6,27.61,0,0,9796
11161,2020-10-26 13:54:00,27.61,27.68,27.61,27.67,0,0,27307
11162,2020-10-26 13:55:00,27.67,27.7,27.64,27.64,0,0,60535
11163,2020-10-26 13:56:00,27.64,27.69,27.61,27.62,0,0,97912
11164,2020-10-26 13:57:00,27.61,27.65,27.6,27.64,0,0,9310
11165,2020-10-26 13:58:00,27.62,27.62,27.6,27.61,0,0,6135
11166,2020-10-26 13:59:00,27.61,27.65,27.6,27.6,0,0,14928
11167,2020-10-26 14:00:00,27.6,27.61,27.6,27.6,0,0,7454
11168,2020-10-26 14:01:00,27.6,27.63,27.59,27.62,0,0,16172
11169,2020-10-26 14:02:00,27.63,27.63,27.62,27.62,0,0,19411
11170,2020-10-26 14:03:00,27.63,27.69,27.62,27.69,0,0,30759
11171,2020-10-26 14:04:00,27.68,27.68,27.59,27.59,0,0,17033
11172,2020-10-26 14:05:00,27.59,27.62,27.58,27.62,0,0,21489
11173,2020-10-26 14:06:00,27.62,27.63,27.6,27.62,0,0,11110
11174,2020-10-26 14:07:00,27.62,27.63,27.57,27.58,0,0,12098
11175,2020-10-26 14:08:00,27.57,27.57,27.47,27.47,0,0,42590
11176,2020-10-26 14:09:00,27.48,27.57,27.47,27.54,0,0,52573
11177,2020-10-26 14:10:00,27.54,27.55,27.52,27.55,0,0,12257
11178,2020-10-26 14:11:00,27.54,27.54,27.5,27.5,0,0,11178
11179,2020-10-26 14:12:00,27.51,27.52,27.47,27.48,0,0,12741
11180,2020-10-26 14:13:00,27.48,27.49,27.45,27.48,0,0,11061
11181,2020-10-26 14:14:00,27.48,27.5,27.47,27.47,0,0,22969
11182,2020-10-26 14:15:00,27.47,27.53,27.47,27.52,0,0,14287
11183,2020-10-26 14:16:00,27.52,27.55,27.52,27.55,0,0,9690
11184,2020-10-26 14:17:00,27.55,27.56,27.54,27.55,0,0,6541
11185,2020-10-26 14:18:00,27.55,27.56,27.55,27.56,0,0,2863
11186,2020-10-26 14:19:00,27.55,27.57,27.55,27.56,0,0,6773
11187,2020-10-26 14:20:00,27.55,27.55,27.51,27.51,0,0,9258
11188,2020-10-26 14:21:00,27.52,27.54,27.52,27.54,0,0,7115
11189,2020-10-26 14:22:00,27.54,27.54,27.52,27.53,0,0,5595
11190,2020-10-26 14:23:00,27.53,27.54,27.52,27.53,0,0,4229
11191,2020-10-26 14:24:00,27.53,27.54,27.51,27.52,0,0,15854
11192,2020-10-26 14:25:00,27.53,27.57,27.51,27.57,0,0,10439
11193,2020-10-26 14:26:00,27.57,27.62,27.57,27.62,0,0,12494
11194,2020-10-26 14:27:00,27.62,27.63,27.6,27.62,0,0,5703
11195,2020-10-26 14:28:00,27.62,27.63,27.6,27.63,0,0,6523
11196,2020-10-26 14:29:00,27.63,27.64,27.61,27.61,0,0,4957
11197,2020-10-26 14:30:00,27.62,27.64,27.59,27.59,0,0,10019
11198,2020-10-26 14:31:00,27.59,27.64,27.59,27.59,0,0,8372
11199,2020-10-26 14:32:00,27.59,27.67,27.59,27.65,0,0,14142
11200,2020-10-26 14:33:00,27.66,27.68,27.64,27.64,0,0,11151
11201,2020-10-26 14:34:00,27.65,27.68,27.65,27.68,0,0,8398
11202,2020-10-26 14:35:00,27.67,27.67,27.63,27.64,0,0,15469
11203,2020-10-26 14:36:00,27.64,27.65,27.64,27.64,0,0,10386
11204,2020-10-26 14:37:00,27.64,27.67,27.64,27.66,0,0,4654
11205,2020-10-26 14:38:00,27.66,27.69,27.65,27.69,0,0,9109
11206,2020-10-26 14:39:00,27.69,27.73,27.69,27.72,0,0,10863
11207,2020-10-26 14:40:00,27.71,27.78,27.71,27.76,0,0,25326
11208,2020-10-26 14:41:00,27.76,27.76,27.73,27.73,0,0,13288
11209,2020-10-26 14:42:00,27.74,27.74,27.7,27.7,0,0,6076
11210,2020-10-26 14:43:00,27.71,27.73,27.69,27.69,0,0,8530
11211,2020-10-26 14:44:00,27.67,27.7,27.67,27.69,0,0,6694
11212,2020-10-26 14:45:00,27.68,27.68,27.64,27.64,0,0,17809
11213,2020-10-26 14:46:00,27.65,27.65,27.6,27.6,0,0,21662
11214,2020-10-26 14:47:00,27.6,27.62,27.59,27.61,0,0,6256
11215,2020-10-26 14:48:00,27.62,27.64,27.61,27.61,0,0,9675
11216,2020-10-26 14:49:00,27.6,27.6,27.59,27.59,0,0,7101
11217,2020-10-26 14:50:00,27.6,27.62,27.59,27.61,0,0,11087
11218,2020-10-26 14:51:00,27.62,27.65,27.61,27.61,0,0,12944
11219,2020-10-26 14:52:00,27.61,27.66,27.59,27.65,0,0,19108
11220,2020-10-26 14:53:00,27.65,27.67,27.63,27.67,0,0,7474
11221,2020-10-26 14:54:00,27.67,27.67,27.65,27.66,0,0,24228
11222,2020-10-26 14:55:00,27.66,27.68,27.65,27.68,0,0,8958
11223,2020-10-26 14:56:00,27.68,27.68,27.67,27.67,0,0,4851
11224,2020-10-26 14:57:00,27.68,27.7,27.67,27.68,0,0,10170
11225,2020-10-26 14:58:00,27.68,27.72,27.68,27.71,0,0,5037
11226,2020-10-26 14:59:00,27.71,27.71,27.69,27.69,0,0,5899
11227,2020-10-26 15:00:00,27.69,27.72,27.68,27.72,0,0,6410
11228,2020-10-26 15:01:00,27.73,27.76,27.72,27.75,0,0,8910
11229,2020-10-26 15:02:00,27.74,27.74,27.72,27.72,0,0,13231
11230,2020-10-26 15:03:00,27.72,27.73,27.68,27.68,0,0,8565
11231,2020-10-26 15:04:00,27.68,27.7,27.68,27.7,0,0,4222
11232,2020-10-26 15:05:00,27.7,27.74,27.67,27.67,0,0,18480
11233,2020-10-26 15:06:00,27.67,27.68,27.67,27.67,0,0,4149
11234,2020-10-26 15:07:00,27.68,27.68,27.65,27.66,0,0,15943
11235,2020-10-26 15:08:00,27.67,27.68,27.64,27.64,0,0,8629
11236,2020-10-26 15:09:00,27.64,27.64,27.62,27.63,0,0,14067
11237,2020-10-26 15:10:00,27.64,27.65,27.58,27.61,0,0,30156
11238,2020-10-26 15:11:00,27.61,27.62,27.61,27.62,0,0,5186
11239,2020-10-26 15:12:00,27.62,27.62,27.6,27.62,0,0,9839
11240,2020-10-26 15:13:00,27.62,27.62,27.61,27.62,0,0,8431
11241,2020-10-26 15:14:00,27.62,27.62,27.61,27.61,0,0,8332
11242,2020-10-26 15:15:00,27.61,27.67,27.61,27.66,0,0,10568
11243,2020-10-26 15:16:00,27.66,27.66,27.62,27.64,0,0,10438
11244,2020-10-26 15:17:00,27.63,27.68,27.61,27.66,0,0,39073
11245,2020-10-26 15:18:00,27.65,27.65,27.63,27.64,0,0,5043
11246,2020-10-26 15:19:00,27.64,27.65,27.64,27.64,0,0,5257
11247,2020-10-26 15:20:00,27.64,27.68,27.64,27.67,0,0,17900
11248,2020-10-26 15:21:00,27.69,27.69,27.66,27.66,0,0,4082
11249,2020-10-26 15:22:00,27.67,27.69,27.61,27.69,0,0,55112
11250,2020-10-26 15:23:00,27.69,27.69,27.65,27.65,0,0,5588
11251,2020-10-26 15:24:00,27.65,27.67,27.65,27.66,0,0,8022
11252,2020-10-26 15:25:00,27.65,27.67,27.64,27.65,0,0,9778
11253,2020-10-26 15:26:00,27.65,27.67,27.65,27.66,0,0,8321
11254,2020-10-26 15:27:00,27.66,27.67,27.65,27.67,0,0,10937
11255,2020-10-26 15:28:00,27.66,27.66,27.65,27.66,0,0,6263
11256,2020-10-26 15:29:00,27.66,27.66,27.65,27.66,0,0,11087
11257,2020-10-26 15:30:00,27.67,27.68,27.65,27.66,0,0,17760
11258,2020-10-26 15:31:00,27.65,27.65,27.6,27.64,0,0,111683
11259,2020-10-26 15:32:00,27.63,27.72,27.62,27.72,0,0,89418
11260,2020-10-26 15:33:00,27.73,27.74,27.72,27.73,0,0,14416
11261,2020-10-26 15:34:00,27.72,27.72,27.7,27.71,0,0,8393
11262,2020-10-26 15:35:00,27.7,27.7,27.68,27.69,0,0,14350
11263,2020-10-26 15:36:00,27.68,27.68,27.64,27.64,0,0,7671
11264,2020-10-26 15:37:00,27.64,27.67,27.64,27.66,0,0,11155
11265,2020-10-26 15:38:00,27.67,27.72,27.67,27.7,0,0,12272
11266,2020-10-26 15:39:00,27.7,27.71,27.69,27.7,0,0,10571
11267,2020-10-26 15:40:00,27.7,27.73,27.68,27.73,0,0,14268
11268,2020-10-26 15:41:00,27.72,27.73,27.72,27.72,0,0,8684
11269,2020-10-26 15:42:00,27.73,27.73,27.72,27.73,0,0,7559
11270,2020-10-26 15:43:00,27.72,27.73,27.7,27.72,0,0,11748
11271,2020-10-26 15:44:00,27.72,27.73,27.68,27.68,0,0,23096
11272,2020-10-26 15:45:00,27.69,27.7,27.67,27.69,0,0,15213
11273,2020-10-26 15:46:00,27.69,27.69,27.66,27.66,0,0,19471
11274,2020-10-26 15:47:00,27.67,27.68,27.66,27.68,0,0,10620
11275,2020-10-26 15:48:00,27.68,27.69,27.65,27.66,0,0,23978
11276,2020-10-26 15:49:00,27.66,27.67,27.64,27.65,0,0,20459
11277,2020-10-26 15:50:00,27.65,27.68,27.64,27.68,0,0,45403
11278,2020-10-26 15:51:00,27.68,27.7,27.68,27.69,0,0,9674
11279,2020-10-26 15:52:00,27.69,27.72,27.69,27.71,0,0,23756
11280,2020-10-26 15:53:00,27.71,27.71,27.68,27.7,0,0,30940
11281,2020-10-26 15:54:00,27.71,27.73,27.7,27.71,0,0,20371
11282,2020-10-26 15:55:00,27.72,27.76,27.68,27.75,0,0,116306
11283,2020-10-26 15:56:00,27.74,27.76,27.73,27.75,0,0,30131
11284,2020-10-26 15:57:00,27.74,27.76,27.72,27.73,0,0,52102
11285,2020-10-26 15:58:00,27.73,27.74,27.71,27.72,0,0,36272
11286,2020-10-26 15:59:00,27.73,27.75,27.71,27.73,0,0,112062
11287,2020-10-27 09:30:00,28.07,28.27,27.8,28.19,0,0,227359
11288,2020-10-27 09:31:00,28.19,28.25,28.05,28.23,0,0,24382
11289,2020-10-27 09:32:00,28.21,28.25,28.1,28.17,0,0,35932
11290,2020-10-27 09:33:00,28.16,28.19,28.06,28.07,0,0,24763
11291,2020-10-27 09:34:00,28.07,28.19,28.06,28.17,0,0,64880
11292,2020-10-27 09:35:00,28.2,28.35,28.14,28.31,0,0,31826
11293,2020-10-27 09:36:00,28.32,28.36,28.28,28.32,0,0,24925
11294,2020-10-27 09:37:00,28.34,28.36,28.23,28.25,0,0,31766
11295,2020-10-27 09:38:00,28.23,28.24,28.14,28.14,0,0,27017
11296,2020-10-27 09:39:00,28.15,28.17,28.11,28.17,0,0,21702
11297,2020-10-27 09:40:00,28.17,28.25,28.16,28.24,0,0,16284
11298,2020-10-27 09:41:00,28.25,28.27,28.2,28.22,0,0,12301
11299,2020-10-27 09:42:00,28.22,28.29,28.22,28.29,0,0,19529
11300,2020-10-27 09:43:00,28.28,28.3,28.24,28.24,0,0,15934
11301,2020-10-27 09:44:00,28.26,28.29,28.25,28.29,0,0,12716
11302,2020-10-27 09:45:00,28.29,28.32,28.27,28.3,0,0,14230
11303,2020-10-27 09:46:00,28.31,28.38,28.23,28.23,0,0,22033
11304,2020-10-27 09:47:00,28.22,28.22,28.16,28.19,0,0,21408
11305,2020-10-27 09:48:00,28.18,28.22,28.17,28.18,0,0,19526
11306,2020-10-27 09:49:00,28.17,28.17,28.1,28.15,0,0,22664
11307,2020-10-27 09:50:00,28.16,28.17,28.11,28.15,0,0,12382
11308,2020-10-27 09:51:00,28.17,28.21,28.14,28.21,0,0,8573
11309,2020-10-27 09:52:00,28.21,28.22,28.15,28.18,0,0,17115
11310,2020-10-27 09:53:00,28.2,28.24,28.2,28.2,0,0,6660
11311,2020-10-27 09:54:00,28.21,28.26,28.2,28.26,0,0,10846
11312,2020-10-27 09:55:00,28.25,28.26,28.21,28.21,0,0,7869
11313,2020-10-27 09:56:00,28.2,28.2,28.13,28.16,0,0,18862
11314,2020-10-27 09:57:00,28.16,28.16,28.11,28.14,0,0,51747
11315,2020-10-27 09:58:00,28.15,28.17,28.06,28.1,0,0,23572
11316,2020-10-27 09:59:00,28.12,28.16,28.08,28.13,0,0,32619
11317,2020-10-27 10:00:00,28.14,28.14,28.03,28.03,0,0,21158
11318,2020-10-27 10:01:00,28.05,28.1,28.02,28.09,0,0,9146
11319,2020-10-27 10:02:00,28.1,28.13,28.07,28.09,0,0,36016
11320,2020-10-27 10:03:00,28.11,28.12,28.03,28.04,0,0,27456
11321,2020-10-27 10:04:00,28.07,28.08,27.92,27.93,0,0,31931
11322,2020-10-27 10:05:00,27.91,27.94,27.89,27.94,0,0,16692
11323,2020-10-27 10:06:00,27.94,27.99,27.91,27.97,0,0,13945
11324,2020-10-27 10:07:00,27.99,28.1,27.98,28.1,0,0,27021
11325,2020-10-27 10:08:00,28.09,28.1,28.0,28.02,0,0,45150
11326,2020-10-27 10:09:00,28.02,28.02,27.95,27.97,0,0,30986
11327,2020-10-27 10:10:00,27.98,28.03,27.94,28.01,0,0,21191
11328,2020-10-27 10:11:00,28.0,28.02,27.96,27.98,0,0,22375
11329,2020-10-27 10:12:00,27.99,28.05,27.99,28.0,0,0,23004
11330,2020-10-27 10:13:00,28.0,28.03,28.0,28.01,0,0,8816
11331,2020-10-27 10:14:00,28.01,28.03,27.91,27.93,0,0,43443
11332,2020-10-27 10:15:00,27.94,27.94,27.86,27.86,0,0,27655
11333,2020-10-27 10:16:00,27.87,27.93,27.87,27.88,0,0,17707
11334,2020-10-27 10:17:00,27.88,27.99,27.87,27.98,0,0,31955
11335,2020-10-27 10:18:00,27.98,28.01,27.94,27.97,0,0,18682
11336,2020-10-27 10:19:00,27.97,27.97,27.94,27.94,0,0,18632
11337,2020-10-27 10:20:00,27.93,28.05,27.93,28.03,0,0,13812
11338,2020-10-27 10:21:00,28.04,28.05,28.01,28.03,0,0,10527
11339,2020-10-27 10:22:00,28.04,28.04,27.99,28.02,0,0,12269
11340,2020-10-27 10:23:00,28.01,28.06,28.01,28.02,0,0,14158
11341,2020-10-27 10:24:00,28.02,28.08,28.02,28.07,0,0,5129
11342,2020-10-27 10:25:00,28.06,28.1,28.04,28.07,0,0,8149
11343,2020-10-27 10:26:00,28.07,28.11,28.07,28.1,0,0,17854
11344,2020-10-27 10:27:00,28.1,28.14,28.09,28.1,0,0,17173
11345,2020-10-27 10:28:00,28.12,28.12,28.07,28.07,0,0,9521
11346,2020-10-27 10:29:00,28.08,28.11,28.06,28.1,0,0,9656
11347,2020-10-27 10:30:00,28.11,28.14,28.09,28.12,0,0,12807
11348,2020-10-27 10:31:00,28.13,28.14,28.12,28.13,0,0,14318
11349,2020-10-27 10:32:00,28.12,28.13,28.08,28.1,0,0,17961
11350,2020-10-27 10:33:00,28.1,28.12,28.08,28.11,0,0,5373
11351,2020-10-27 10:34:00,28.11,28.17,28.07,28.17,0,0,18203
11352,2020-10-27 10:35:00,28.16,28.18,28.14,28.14,0,0,15591
11353,2020-10-27 10:36:00,28.13,28.17,28.12,28.17,0,0,7899
11354,2020-10-27 10:37:00,28.17,28.24,28.17,28.19,0,0,19672
11355,2020-10-27 10:38:00,28.2,28.21,28.15,28.17,0,0,7625
11356,2020-10-27 10:39:00,28.17,28.17,28.14,28.16,0,0,8478
11357,2020-10-27 10:40:00,28.17,28.19,28.14,28.14,0,0,7808
11358,2020-10-27 10:41:00,28.15,28.15,28.12,28.12,0,0,11543
11359,2020-10-27 10:42:00,28.13,28.17,28.13,28.16,0,0,7166
11360,2020-10-27 10:43:00,28.16,28.17,28.14,28.14,0,0,8747
11361,2020-10-27 10:44:00,28.14,28.18,28.11,28.17,0,0,23385
11362,2020-10-27 10:45:00,28.17,28.18,28.14,28.14,0,0,9026
11363,2020-10-27 10:46:00,28.14,28.14,28.05,28.06,0,0,28688
11364,2020-10-27 10:47:00,28.07,28.1,28.07,28.07,0,0,12711
11365,2020-10-27 10:48:00,28.07,28.09,28.06,28.08,0,0,5168
11366,2020-10-27 10:49:00,28.07,28.16,28.06,28.13,0,0,49146
11367,2020-10-27 10:50:00,28.11,28.17,28.11,28.16,0,0,67740
11368,2020-10-27 10:51:00,28.16,28.25,28.16,28.25,0,0,39645
11369,2020-10-27 10:52:00,28.25,28.27,28.24,28.25,0,0,19531
11370,2020-10-27 10:53:00,28.26,28.27,28.19,28.22,0,0,20258
11371,2020-10-27 10:54:00,28.22,28.25,28.21,28.24,0,0,12862
11372,2020-10-27 10:55:00,28.25,28.3,28.25,28.3,0,0,16807
11373,2020-10-27 10:56:00,28.29,28.36,28.25,28.25,0,0,57737
11374,2020-10-27 10:57:00,28.26,28.31,28.26,28.31,0,0,11806
11375,2020-10-27 10:58:00,28.31,28.33,28.28,28.32,0,0,28311
11376,2020-10-27 10:59:00,28.32,28.32,28.29,28.3,0,0,17615
11377,2020-10-27 11:00:00,28.3,28.37,28.3,28.33,0,0,16133
11378,2020-10-27 11:01:00,28.34,28.35,28.22,28.23,0,0,37050
11379,2020-10-27 11:02:00,28.24,28.34,28.22,28.34,0,0,11840
11380,2020-10-27 11:03:00,28.34,28.4,28.33,28.35,0,0,40666
11381,2020-10-27 11:04:00,28.34,28.37,28.34,28.35,0,0,25003
11382,2020-10-27 11:05:00,28.35,28.39,28.35,28.37,0,0,35644
11383,2020-10-27 11:06:00,28.38,28.38,28.35,28.35,0,0,11613
11384,2020-10-27 11:07:00,28.35,28.4,28.35,28.39,0,0,23629
11385,2020-10-27 11:08:00,28.4,28.41,28.35,28.39,0,0,14827
11386,2020-10-27 11:09:00,28.4,28.46,28.39,28.39,0,0,35036
11387,2020-10-27 11:10:00,28.4,28.4,28.36,28.39,0,0,12458
11388,2020-10-27 11:11:00,28.4,28.41,28.34,28.38,0,0,14345
11389,2020-10-27 11:12:00,28.38,28.43,28.38,28.42,0,0,7915
11390,2020-10-27 11:13:00,28.42,28.42,28.38,28.38,0,0,5449
11391,2020-10-27 11:14:00,28.37,28.4,28.37,28.38,0,0,9714
11392,2020-10-27 11:15:00,28.38,28.4,28.37,28.38,0,0,6990
11393,2020-10-27 11:16:00,28.38,28.4,28.36,28.4,0,0,37442
11394,2020-10-27 11:17:00,28.4,28.43,28.39,28.42,0,0,9089
11395,2020-10-27 11:18:00,28.42,28.44,28.41,28.42,0,0,16141
11396,2020-10-27 11:19:00,28.41,28.41,28.4,28.41,0,0,6911
11397,2020-10-27 11:20:00,28.41,28.42,28.4,28.41,0,0,10739
11398,2020-10-27 11:21:00,28.41,28.43,28.41,28.41,0,0,7817
11399,2020-10-27 11:22:00,28.42,28.46,28.42,28.45,0,0,32878
11400,2020-10-27 11:23:00,28.45,28.46,28.43,28.43,0,0,18575
11401,2020-10-27 11:24:00,28.43,28.44,28.4,28.41,0,0,35133
11402,2020-10-27 11:25:00,28.41,28.44,28.4,28.43,0,0,18128
11403,2020-10-27 11:26:00,28.43,28.45,28.43,28.44,0,0,12287
11404,2020-10-27 11:27:00,28.43,28.43,28.4,28.41,0,0,14004
11405,2020-10-27 11:28:00,28.42,28.42,28.37,28.4,0,0,21414
11406,2020-10-27 11:29:00,28.4,28.41,28.37,28.39,0,0,15495
11407,2020-10-27 11:30:00,28.39,28.4,28.36,28.36,0,0,15977
11408,2020-10-27 11:31:00,28.36,28.37,28.33,28.33,0,0,21830
11409,2020-10-27 11:32:00,28.34,28.34,28.32,28.32,0,0,22362
11410,2020-10-27 11:33:00,28.32,28.32,28.25,28.25,0,0,25044
11411,2020-10-27 11:34:00,28.25,28.32,28.25,28.31,0,0,26956
11412,2020-10-27 11:35:00,28.33,28.33,28.31,28.31,0,0,15212
11413,2020-10-27 11:36:00,28.32,28.35,28.32,28.34,0,0,12459
11414,2020-10-27 11:37:00,28.34,28.34,28.33,28.34,0,0,9883
11415,2020-10-27 11:38:00,28.34,28.34,28.32,28.33,0,0,4923
11416,2020-10-27 11:39:00,28.32,28.33,28.29,28.29,0,0,6778
11417,2020-10-27 11:40:00,28.29,28.33,28.29,28.32,0,0,12000
11418,2020-10-27 11:41:00,28.32,28.35,28.32,28.34,0,0,12423
11419,2020-10-27 11:42:00,28.34,28.34,28.3,28.3,0,0,10623
11420,2020-10-27 11:43:00,28.3,28.33,28.29,28.32,0,0,7281
11421,2020-10-27 11:44:00,28.32,28.32,28.27,28.27,0,0,13716
11422,2020-10-27 11:45:00,28.27,28.27,28.24,28.24,0,0,9830
11423,2020-10-27 11:46:00,28.24,28.26,28.24,28.26,0,0,12491
11424,2020-10-27 11:47:00,28.25,28.26,28.23,28.24,0,0,10501
11425,2020-10-27 11:48:00,28.24,28.28,28.24,28.27,0,0,9109
11426,2020-10-27 11:49:00,28.28,28.28,28.26,28.26,0,0,7172
11427,2020-10-27 11:50:00,28.27,28.28,28.26,28.28,0,0,12130
11428,2020-10-27 11:51:00,28.27,28.27,28.23,28.23,0,0,7773
11429,2020-10-27 11:52:00,28.24,28.26,28.24,28.26,0,0,6432
11430,2020-10-27 11:53:00,28.26,28.27,28.24,28.25,0,0,6436
11431,2020-10-27 11:54:00,28.24,28.25,28.24,28.25,0,0,9304
11432,2020-10-27 11:55:00,28.24,28.25,28.21,28.21,0,0,18880
11433,2020-10-27 11:56:00,28.22,28.24,28.2,28.22,0,0,12341
11434,2020-10-27 11:57:00,28.23,28.25,28.23,28.24,0,0,4778
11435,2020-10-27 11:58:00,28.23,28.23,28.21,28.22,0,0,6282
11436,2020-10-27 11:59:00,28.22,28.23,28.2,28.23,0,0,6115
11437,2020-10-27 12:00:00,28.21,28.26,28.21,28.26,0,0,21207
11438,2020-10-27 12:01:00,28.26,28.26,28.22,28.22,0,0,10458
11439,2020-10-27 12:03:00,28.25,28.25,28.25,28.25,0,0,7564
11440,2020-10-27 12:04:00,28.25,28.25,28.21,28.22,0,0,6477
11441,2020-10-27 12:05:00,28.21,28.21,28.18,28.19,0,0,8557
11442,2020-10-27 12:06:00,28.19,28.2,28.18,28.19,0,0,6393
11443,2020-10-27 12:07:00,28.18,28.2,28.18,28.2,0,0,4373
11444,2020-10-27 12:08:00,28.21,28.22,28.21,28.21,0,0,5709
11445,2020-10-27 12:09:00,28.23,28.25,28.22,28.25,0,0,6833
11446,2020-10-27 12:10:00,28.26,28.28,28.21,28.21,0,0,12650
11447,2020-10-27 12:11:00,28.22,28.23,28.2,28.2,0,0,10390
11448,2020-10-27 12:12:00,28.22,28.24,28.21,28.24,0,0,2846
11449,2020-10-27 12:13:00,28.24,28.24,28.23,28.23,0,0,5135
11450,2020-10-27 12:14:00,28.22,28.24,28.19,28.19,0,0,5128
11451,2020-10-27 12:15:00,28.2,28.23,28.2,28.23,0,0,10559
11452,2020-10-27 12:16:00,28.24,28.24,28.23,28.24,0,0,3109
11453,2020-10-27 12:17:00,28.24,28.26,28.24,28.26,0,0,2989
11454,2020-10-27 12:18:00,28.26,28.26,28.23,28.23,0,0,3765
11455,2020-10-27 12:19:00,28.24,28.26,28.23,28.25,0,0,5740
11456,2020-10-27 12:20:00,28.27,28.31,28.27,28.28,0,0,17904
11457,2020-10-27 12:21:00,28.27,28.27,28.25,28.26,0,0,4897
11458,2020-10-27 12:22:00,28.26,28.27,28.26,28.26,0,0,4369
11459,2020-10-27 12:23:00,28.26,28.28,28.25,28.26,0,0,4324
11460,2020-10-27 12:24:00,28.26,28.27,28.25,28.25,0,0,3309
11461,2020-10-27 12:25:00,28.26,28.27,28.26,28.26,0,0,3895
11462,2020-10-27 12:26:00,28.27,28.27,28.26,28.27,0,0,3286
11463,2020-10-27 12:27:00,28.27,28.28,28.26,28.28,0,0,6752
11464,2020-10-27 12:28:00,28.28,28.29,28.27,28.28,0,0,5840
11465,2020-10-27 12:29:00,28.28,28.28,28.26,28.26,0,0,5585
11466,2020-10-27 12:30:00,28.27,28.27,28.26,28.27,0,0,2399
11467,2020-10-27 12:31:00,28.28,28.29,28.27,28.28,0,0,1950
11468,2020-10-27 12:32:00,28.26,28.27,28.25,28.25,0,0,11707
11469,2020-10-27 12:33:00,28.26,28.26,28.23,28.24,0,0,12934
11470,2020-10-27 12:34:00,28.24,28.24,28.18,28.18,0,0,17126
11471,2020-10-27 12:35:00,28.19,28.19,28.18,28.19,0,0,6144
11472,2020-10-27 12:36:00,28.18,28.18,28.17,28.17,0,0,19493
11473,2020-10-27 12:37:00,28.18,28.19,28.17,28.17,0,0,14684
11474,2020-10-27 12:38:00,28.18,28.28,28.17,28.28,0,0,78378
11475,2020-10-27 12:39:00,28.27,28.27,28.23,28.24,0,0,13010
11476,2020-10-27 12:40:00,28.26,28.27,28.23,28.24,0,0,12169
11477,2020-10-27 12:41:00,28.24,28.26,28.23,28.24,0,0,5221
11478,2020-10-27 12:42:00,28.23,28.23,28.23,28.23,0,0,1057
11479,2020-10-27 12:43:00,28.24,28.25,28.24,28.25,0,0,1518
11480,2020-10-27 12:44:00,28.24,28.24,28.23,28.23,0,0,3911
11481,2020-10-27 12:45:00,28.22,28.23,28.2,28.23,0,0,8726
11482,2020-10-27 12:46:00,28.23,28.26,28.23,28.25,0,0,4111
11483,2020-10-27 12:47:00,28.25,28.27,28.25,28.27,0,0,3840
11484,2020-10-27 12:48:00,28.28,28.28,28.28,28.28,0,0,478
11485,2020-10-27 12:49:00,28.28,28.28,28.25,28.25,0,0,5664
11486,2020-10-27 12:50:00,28.25,28.29,28.25,28.29,0,0,4559
11487,2020-10-27 12:51:00,28.3,28.33,28.3,28.3,0,0,8082
11488,2020-10-27 12:52:00,28.3,28.3,28.29,28.3,0,0,2852
11489,2020-10-27 12:53:00,28.29,28.3,28.28,28.29,0,0,2594
11490,2020-10-27 12:54:00,28.3,28.33,28.3,28.32,0,0,5211
11491,2020-10-27 12:55:00,28.32,28.33,28.28,28.28,0,0,11008
11492,2020-10-27 12:56:00,28.28,28.3,28.27,28.3,0,0,7498
11493,2020-10-27 12:57:00,28.3,28.31,28.29,28.3,0,0,2581
11494,2020-10-27 12:58:00,28.3,28.3,28.26,28.29,0,0,7072
11495,2020-10-27 12:59:00,28.29,28.31,28.29,28.3,0,0,5257
11496,2020-10-27 13:00:00,28.29,28.29,28.27,28.27,0,0,1380
11497,2020-10-27 13:01:00,28.27,28.29,28.27,28.29,0,0,5749
11498,2020-10-27 13:02:00,28.29,28.31,28.28,28.3,0,0,6290
11499,2020-10-27 13:03:00,28.29,28.3,28.27,28.27,0,0,4341
11500,2020-10-27 13:04:00,28.28,28.36,28.28,28.36,0,0,82803
11501,2020-10-27 13:05:00,28.37,28.37,28.36,28.36,0,0,7363
11502,2020-10-27 13:06:00,28.36,28.38,28.34,28.35,0,0,34436
11503,2020-10-27 13:07:00,28.35,28.39,28.34,28.36,0,0,11337
11504,2020-10-27 13:08:00,28.36,28.4,28.34,28.38,0,0,27807
11505,2020-10-27 13:09:00,28.38,28.4,28.38,28.39,0,0,82702
11506,2020-10-27 13:10:00,28.4,28.4,28.35,28.36,0,0,10919
11507,2020-10-27 13:11:00,28.36,28.36,28.34,28.35,0,0,12053
11508,2020-10-27 13:12:00,28.35,28.36,28.33,28.33,0,0,3577
11509,2020-10-27 13:13:00,28.34,28.35,28.33,28.33,0,0,7972
11510,2020-10-27 13:14:00,28.34,28.36,28.33,28.35,0,0,13826
11511,2020-10-27 13:15:00,28.34,28.34,28.32,28.32,0,0,1947
11512,2020-10-27 13:16:00,28.32,28.32,28.28,28.28,0,0,9168
11513,2020-10-27 13:17:00,28.27,28.29,28.27,28.27,0,0,3129
11514,2020-10-27 13:18:00,28.28,28.29,28.26,28.26,0,0,2798
11515,2020-10-27 13:19:00,28.26,28.27,28.26,28.26,0,0,3629
11516,2020-10-27 13:20:00,28.26,28.27,28.24,28.24,0,0,4099
11517,2020-10-27 13:21:00,28.24,28.24,28.24,28.24,0,0,4164
11518,2020-10-27 13:22:00,28.25,28.25,28.24,28.24,0,0,6147
11519,2020-10-27 13:23:00,28.25,28.26,28.24,28.26,0,0,2602
11520,2020-10-27 13:24:00,28.26,28.26,28.23,28.23,0,0,6830
11521,2020-10-27 13:25:00,28.23,28.23,28.17,28.17,0,0,18301
11522,2020-10-27 13:26:00,28.17,28.18,28.14,28.17,0,0,49251
11523,2020-10-27 13:27:00,28.18,28.22,28.17,28.19,0,0,8671
11524,2020-10-27 13:28:00,28.19,28.19,28.17,28.17,0,0,9482
11525,2020-10-27 13:29:00,28.17,28.17,28.16,28.16,0,0,5169
11526,2020-10-27 13:30:00,28.16,28.17,28.14,28.17,0,0,26230
11527,2020-10-27 13:31:00,28.17,28.17,28.15,28.16,0,0,8991
11528,2020-10-27 13:32:00,28.17,28.18,28.17,28.18,0,0,2037
11529,2020-10-27 13:33:00,28.18,28.19,28.17,28.17,0,0,5130
11530,2020-10-27 13:34:00,28.17,28.17,28.16,28.17,0,0,3779
11531,2020-10-27 13:35:00,28.17,28.17,28.15,28.17,0,0,5649
11532,2020-10-27 13:36:00,28.17,28.19,28.17,28.19,0,0,6847
11533,2020-10-27 13:37:00,28.19,28.19,28.18,28.18,0,0,2050
11534,2020-10-27 13:38:00,28.18,28.2,28.15,28.15,0,0,36916
11535,2020-10-27 13:39:00,28.15,28.17,28.14,28.14,0,0,48734
11536,2020-10-27 13:40:00,28.14,28.15,28.1,28.11,0,0,42921
11537,2020-10-27 13:41:00,28.1,28.14,28.1,28.12,0,0,24963
11538,2020-10-27 13:42:00,28.13,28.13,28.11,28.12,0,0,4627
11539,2020-10-27 13:43:00,28.13,28.13,28.11,28.12,0,0,2840
11540,2020-10-27 13:44:00,28.11,28.13,28.11,28.13,0,0,3407
11541,2020-10-27 13:45:00,28.12,28.13,28.12,28.13,0,0,4823
11542,2020-10-27 13:46:00,28.13,28.14,28.13,28.13,0,0,3778
11543,2020-10-27 13:47:00,28.13,28.13,28.1,28.1,0,0,14952
11544,2020-10-27 13:48:00,28.11,28.13,28.11,28.11,0,0,5703
11545,2020-10-27 13:49:00,28.12,28.15,28.12,28.14,0,0,11909
11546,2020-10-27 13:50:00,28.15,28.16,28.15,28.16,0,0,3082
11547,2020-10-27 13:51:00,28.16,28.17,28.14,28.15,0,0,10795
11548,2020-10-27 13:52:00,28.14,28.14,28.08,28.09,0,0,12271
11549,2020-10-27 13:53:00,28.08,28.1,28.08,28.09,0,0,7017
11550,2020-10-27 13:54:00,28.09,28.11,28.09,28.11,0,0,12938
11551,2020-10-27 13:55:00,28.11,28.12,28.09,28.1,0,0,7685
11552,2020-10-27 13:56:00,28.1,28.12,28.1,28.12,0,0,4225
11553,2020-10-27 13:57:00,28.12,28.12,28.1,28.11,0,0,5640
11554,2020-10-27 13:58:00,28.11,28.11,28.01,28.01,0,0,76989
11555,2020-10-27 13:59:00,28.01,28.02,27.99,28.01,0,0,35512
11556,2020-10-27 14:00:00,28.01,28.05,27.98,27.98,0,0,31572
11557,2020-10-27 14:01:00,27.98,28.01,27.98,27.99,0,0,14722
11558,2020-10-27 14:02:00,27.99,27.99,27.98,27.99,0,0,2693
11559,2020-10-27 14:03:00,27.99,28.03,27.99,28.0,0,0,18842
11560,2020-10-27 14:04:00,28.0,28.01,27.99,27.99,0,0,7139
11561,2020-10-27 14:05:00,27.99,27.99,27.96,27.97,0,0,16384
11562,2020-10-27 14:06:00,27.97,27.99,27.95,27.97,0,0,17758
11563,2020-10-27 14:07:00,27.97,27.99,27.95,27.99,0,0,9296
11564,2020-10-27 14:08:00,27.98,27.99,27.97,27.99,0,0,7431
11565,2020-10-27 14:09:00,27.99,28.0,27.99,27.99,0,0,9919
11566,2020-10-27 14:10:00,27.99,27.99,27.97,27.98,0,0,7581
11567,2020-10-27 14:11:00,27.98,28.0,27.98,27.98,0,0,18814
11568,2020-10-27 14:12:00,27.99,28.0,27.99,28.0,0,0,4946
11569,2020-10-27 14:13:00,27.99,28.0,27.99,28.0,0,0,9092
11570,2020-10-27 14:14:00,28.0,28.0,27.99,28.0,0,0,43230
11571,2020-10-27 14:15:00,28.0,28.0,27.99,28.0,0,0,12133
11572,2020-10-27 14:16:00,27.99,28.0,27.97,27.99,0,0,11414
11573,2020-10-27 14:17:00,27.99,28.0,27.98,27.98,0,0,9571
11574,2020-10-27 14:18:00,27.99,27.99,27.96,27.99,0,0,12420
11575,2020-10-27 14:19:00,27.98,27.99,27.97,27.99,0,0,8259
11576,2020-10-27 14:20:00,27.99,27.99,27.98,27.98,0,0,14360
11577,2020-10-27 14:21:00,27.99,27.99,27.98,27.99,0,0,4394
11578,2020-10-27 14:22:00,27.99,28.0,27.97,27.98,0,0,10260
11579,2020-10-27 14:23:00,27.99,28.0,27.98,27.98,0,0,9970
11580,2020-10-27 14:24:00,27.98,27.99,27.98,27.99,0,0,2397
11581,2020-10-27 14:25:00,27.98,28.0,27.98,28.0,0,0,6173
11582,2020-10-27 14:26:00,28.0,28.0,27.96,27.97,0,0,22843
11583,2020-10-27 14:27:00,27.97,27.97,27.96,27.97,0,0,13263
11584,2020-10-27 14:28:00,27.97,28.0,27.97,28.0,0,0,14651
11585,2020-10-27 14:29:00,28.0,28.0,27.98,27.99,0,0,16684
11586,2020-10-27 14:30:00,27.99,28.0,27.95,27.95,0,0,26411
11587,2020-10-27 14:31:00,27.94,27.97,27.93,27.97,0,0,22837
11588,2020-10-27 14:32:00,27.97,27.97,27.96,27.97,0,0,9693
11589,2020-10-27 14:33:00,27.97,27.98,27.97,27.98,0,0,3801
11590,2020-10-27 14:34:00,27.98,27.98,27.97,27.98,0,0,5034
11591,2020-10-27 14:35:00,27.98,27.99,27.97,27.99,0,0,12508
11592,2020-10-27 14:36:00,27.99,28.0,27.98,27.99,0,0,12451
11593,2020-10-27 14:37:00,27.99,27.99,27.96,27.97,0,0,8985
11594,2020-10-27 14:38:00,27.97,27.97,27.94,27.94,0,0,16696
11595,2020-10-27 14:39:00,27.94,27.95,27.94,27.94,0,0,9297
11596,2020-10-27 14:40:00,27.94,27.95,27.93,27.94,0,0,34868
11597,2020-10-27 14:41:00,27.95,27.95,27.93,27.94,0,0,16071
11598,2020-10-27 14:42:00,27.94,27.94,27.93,27.93,0,0,13615
11599,2020-10-27 14:43:00,27.93,27.93,27.91,27.91,0,0,24467
11600,2020-10-27 14:44:00,27.92,27.92,27.91,27.92,0,0,7280
11601,2020-10-27 14:45:00,27.92,27.92,27.9,27.9,0,0,7920
11602,2020-10-27 14:46:00,27.89,27.9,27.87,27.89,0,0,8743
11603,2020-10-27 14:47:00,27.89,27.91,27.89,27.9,0,0,8465
11604,2020-10-27 14:48:00,27.91,27.92,27.9,27.91,0,0,10163
11605,2020-10-27 14:49:00,27.92,27.93,27.92,27.92,0,0,11849
11606,2020-10-27 14:50:00,27.92,27.92,27.92,27.92,0,0,8788
11607,2020-10-27 14:51:00,27.92,27.92,27.91,27.92,0,0,6877
11608,2020-10-27 14:52:00,27.92,27.92,27.91,27.91,0,0,7685
11609,2020-10-27 14:53:00,27.91,27.92,27.9,27.92,0,0,8661
11610,2020-10-27 14:54:00,27.92,27.93,27.92,27.92,0,0,10941
11611,2020-10-27 14:55:00,27.92,27.92,27.9,27.92,0,0,17122
11612,2020-10-27 14:56:00,27.92,27.93,27.92,27.92,0,0,5085
11613,2020-10-27 14:57:00,27.92,27.94,27.92,27.93,0,0,28425
11614,2020-10-27 14:58:00,27.93,27.95,27.93,27.94,0,0,36444
11615,2020-10-27 14:59:00,27.94,27.95,27.94,27.94,0,0,32158
11616,2020-10-27 15:00:00,27.94,27.96,27.92,27.95,0,0,17108
11617,2020-10-27 15:01:00,27.95,27.97,27.94,27.96,0,0,42639
11618,2020-10-27 15:02:00,27.96,27.97,27.95,27.97,0,0,18187
11619,2020-10-27 15:03:00,27.96,27.96,27.94,27.94,0,0,9520
11620,2020-10-27 15:04:00,27.94,27.94,27.92,27.92,0,0,11528
11621,2020-10-27 15:05:00,27.93,27.93,27.91,27.92,0,0,10234
11622,2020-10-27 15:06:00,27.92,27.92,27.9,27.9,0,0,10183
11623,2020-10-27 15:07:00,27.92,27.93,27.91,27.92,0,0,15582
11624,2020-10-27 15:08:00,27.92,27.93,27.92,27.92,0,0,6648
11625,2020-10-27 15:09:00,27.92,27.92,27.91,27.92,0,0,6734
11626,2020-10-27 15:10:00,27.93,27.94,27.92,27.93,0,0,11721
11627,2020-10-27 15:11:00,27.92,27.92,27.91,27.91,0,0,10568
11628,2020-10-27 15:12:00,27.92,27.92,27.9,27.91,0,0,10405
11629,2020-10-27 15:13:00,27.91,27.92,27.9,27.91,0,0,3037
11630,2020-10-27 15:14:00,27.91,27.92,27.9,27.91,0,0,9273
11631,2020-10-27 15:15:00,27.91,27.91,27.89,27.91,0,0,15043
11632,2020-10-27 15:16:00,27.9,27.92,27.89,27.91,0,0,18947
11633,2020-10-27 15:17:00,27.91,27.91,27.89,27.9,0,0,7572
11634,2020-10-27 15:18:00,27.9,27.92,27.89,27.9,0,0,63935
11635,2020-10-27 15:19:00,27.89,27.91,27.89,27.91,0,0,7526
11636,2020-10-27 15:20:00,27.9,27.94,27.89,27.94,0,0,23553
11637,2020-10-27 15:21:00,27.94,27.99,27.94,27.98,0,0,13836
11638,2020-10-27 15:22:00,27.98,27.99,27.97,27.97,0,0,7951
11639,2020-10-27 15:23:00,27.97,27.98,27.95,27.98,0,0,30243
11640,2020-10-27 15:24:00,27.98,27.99,27.97,27.98,0,0,3958
11641,2020-10-27 15:25:00,27.98,28.0,27.98,27.99,0,0,7882
11642,2020-10-27 15:26:00,27.99,28.0,27.98,28.0,0,0,39485
11643,2020-10-27 15:27:00,28.0,28.01,27.98,28.0,0,0,48540
11644,2020-10-27 15:28:00,28.0,28.0,27.98,28.0,0,0,18919
11645,2020-10-27 15:29:00,28.0,28.02,27.98,27.99,0,0,36178
11646,2020-10-27 15:30:00,27.99,27.99,27.95,27.95,0,0,15633
11647,2020-10-27 15:31:00,27.95,28.0,27.95,28.0,0,0,18338
11648,2020-10-27 15:32:00,28.0,28.0,27.98,27.99,0,0,11121
11649,2020-10-27 15:33:00,28.0,28.0,27.98,28.0,0,0,7169
11650,2020-10-27 15:34:00,28.0,28.0,27.99,28.0,0,0,29510
11651,2020-10-27 15:35:00,28.0,28.0,27.99,28.0,0,0,9654
11652,2020-10-27 15:36:00,28.0,28.0,27.98,28.0,0,0,31824
11653,2020-10-27 15:37:00,27.99,28.0,27.99,28.0,0,0,25598
11654,2020-10-27 15:38:00,28.0,28.0,27.98,28.0,0,0,49358
11655,2020-10-27 15:39:00,28.0,28.0,27.99,27.99,0,0,10580
11656,2020-10-27 15:40:00,28.0,28.0,27.99,28.0,0,0,32307
11657,2020-10-27 15:41:00,28.0,28.01,27.99,28.0,0,0,61475
11658,2020-10-27 15:42:00,28.0,28.0,27.98,28.0,0,0,51196
11659,2020-10-27 15:43:00,28.0,28.02,27.99,28.02,0,0,28863
11660,2020-10-27 15:44:00,28.01,28.02,28.0,28.01,0,0,24511
11661,2020-10-27 15:45:00,28.02,28.03,28.01,28.01,0,0,22543
11662,2020-10-27 15:46:00,28.01,28.02,28.0,28.0,0,0,22782
11663,2020-10-27 15:47:00,28.0,28.02,28.0,28.02,0,0,14402
11664,2020-10-27 15:48:00,28.01,28.02,28.0,28.01,0,0,18391
11665,2020-10-27 15:49:00,28.01,28.02,27.97,28.02,0,0,57061
11666,2020-10-27 15:50:00,28.01,28.02,27.98,28.0,0,0,43180
11667,2020-10-27 15:51:00,28.01,28.01,27.98,27.98,0,0,16380
11668,2020-10-27 15:52:00,27.99,28.01,27.98,28.01,0,0,33460
11669,2020-10-27 15:53:00,28.01,28.02,28.0,28.02,0,0,23762
11670,2020-10-27 15:54:00,28.01,28.02,28.0,28.0,0,0,36718
11671,2020-10-27 15:55:00,28.0,28.0,27.97,28.0,0,0,71024
11672,2020-10-27 15:56:00,28.0,28.0,27.96,27.97,0,0,69904
11673,2020-10-27 15:57:00,27.97,27.99,27.96,27.97,0,0,57176
11674,2020-10-27 15:58:00,27.97,27.98,27.97,27.98,0,0,71692
11675,2020-10-27 15:59:00,27.98,27.98,27.92,27.92,0,0,181559
11676,2020-10-28 09:30:00,27.5,27.62,27.36,27.55,0,0,202003
11677,2020-10-28 09:31:00,27.55,27.59,27.5,27.53,0,0,10198
11678,2020-10-28 09:32:00,27.55,27.55,27.4,27.5,0,0,23347
11679,2020-10-28 09:33:00,27.5,27.53,27.45,27.49,0,0,27337
11680,2020-10-28 09:34:00,27.47,27.53,27.35,27.38,0,0,44873
11681,2020-10-28 09:35:00,27.36,27.4,27.06,27.19,0,0,62059
11682,2020-10-28 09:36:00,27.21,27.26,27.15,27.24,0,0,25034
11683,2020-10-28 09:37:00,27.2,27.28,27.14,27.24,0,0,24171
11684,2020-10-28 09:38:00,27.25,27.41,27.25,27.33,0,0,48664
11685,2020-10-28 09:39:00,27.33,27.41,27.33,27.37,0,0,19208
11686,2020-10-28 09:40:00,27.39,27.4,27.24,27.24,0,0,38398
11687,2020-10-28 09:41:00,27.27,27.32,27.21,27.24,0,0,30411
11688,2020-10-28 09:42:00,27.21,27.27,27.21,27.27,0,0,24723
11689,2020-10-28 09:43:00,27.27,27.31,27.16,27.17,0,0,48587
11690,2020-10-28 09:44:00,27.17,27.23,27.17,27.18,0,0,19354
11691,2020-10-28 09:45:00,27.18,27.18,27.05,27.1,0,0,57927
11692,2020-10-28 09:46:00,27.12,27.19,26.95,27.19,0,0,173471
11693,2020-10-28 09:47:00,27.19,27.27,27.19,27.24,0,0,25507
11694,2020-10-28 09:48:00,27.23,27.26,27.17,27.17,0,0,18449
11695,2020-10-28 09:49:00,27.17,27.18,27.05,27.06,0,0,33073
11696,2020-10-28 09:50:00,27.06,27.06,26.94,26.94,0,0,34978
11697,2020-10-28 09:51:00,26.96,27.01,26.95,26.96,0,0,39427
11698,2020-10-28 09:52:00,26.95,26.96,26.92,26.96,0,0,60972
11699,2020-10-28 09:53:00,26.95,26.95,26.86,26.89,0,0,24301
11700,2020-10-28 09:54:00,26.89,26.92,26.86,26.88,0,0,52902
11701,2020-10-28 09:55:00,26.87,26.91,26.79,26.87,0,0,250283
11702,2020-10-28 09:56:00,26.87,26.89,26.82,26.86,0,0,58186
11703,2020-10-28 09:57:00,26.85,26.86,26.81,26.83,0,0,62889
11704,2020-10-28 09:58:00,26.83,26.89,26.82,26.85,0,0,123060
11705,2020-10-28 09:59:00,26.85,26.9,26.82,26.83,0,0,85702
11706,2020-10-28 10:00:00,26.85,26.85,26.8,26.81,0,0,47355
11707,2020-10-28 10:01:00,26.81,26.81,26.71,26.8,0,0,74019
11708,2020-10-28 10:02:00,26.8,26.84,26.72,26.74,0,0,61281
11709,2020-10-28 10:03:00,26.74,26.76,26.69,26.75,0,0,33898
11710,2020-10-28 10:04:00,26.77,26.8,26.72,26.74,0,0,44091
11711,2020-10-28 10:05:00,26.74,26.77,26.7,26.73,0,0,29559
11712,2020-10-28 10:06:00,26.74,26.76,26.72,26.75,0,0,41878
11713,2020-10-28 10:07:00,26.75,26.76,26.7,26.73,0,0,68216
11714,2020-10-28 10:08:00,26.72,26.76,26.72,26.76,0,0,57022
11715,2020-10-28 10:09:00,26.75,26.82,26.74,26.79,0,0,51422
11716,2020-10-28 10:10:00,26.78,26.79,26.71,26.75,0,0,40301
11717,2020-10-28 10:11:00,26.75,26.75,26.66,26.67,0,0,40504
11718,2020-10-28 10:12:00,26.66,26.69,26.63,26.68,0,0,63680
11719,2020-10-28 10:13:00,26.69,26.7,26.53,26.53,0,0,78778
11720,2020-10-28 10:14:00,26.53,26.58,26.51,26.58,0,0,41322
11721,2020-10-28 10:15:00,26.57,26.64,26.56,26.64,0,0,31695
11722,2020-10-28 10:16:00,26.65,26.65,26.55,26.59,0,0,32489
11723,2020-10-28 10:17:00,26.59,26.61,26.51,26.58,0,0,67315
11724,2020-10-28 10:18:00,26.59,26.61,26.52,26.54,0,0,28962
11725,2020-10-28 10:19:00,26.55,26.6,26.51,26.51,0,0,33800
11726,2020-10-28 10:20:00,26.52,26.57,26.51,26.52,0,0,26267
11727,2020-10-28 10:21:00,26.53,26.61,26.49,26.59,0,0,58009
11728,2020-10-28 10:22:00,26.58,26.64,26.58,26.62,0,0,18528
11729,2020-10-28 10:23:00,26.61,26.75,26.61,26.7,0,0,32278
11730,2020-10-28 10:24:00,26.7,26.73,26.67,26.69,0,0,114567
11731,2020-10-28 10:25:00,26.69,26.69,26.59,26.62,0,0,22787
11732,2020-10-28 10:26:00,26.62,26.68,26.62,26.64,0,0,28813
11733,2020-10-28 10:27:00,26.64,26.66,26.63,26.64,0,0,15137
11734,2020-10-28 10:28:00,26.63,26.64,26.58,26.61,0,0,37709
11735,2020-10-28 10:29:00,26.62,26.72,26.6,26.72,0,0,90093
11736,2020-10-28 10:30:00,26.71,26.72,26.61,26.62,0,0,30583
11737,2020-10-28 10:31:00,26.62,26.71,26.61,26.7,0,0,17698
11738,2020-10-28 10:32:00,26.7,26.76,26.67,26.71,0,0,33548
11739,2020-10-28 10:33:00,26.69,26.73,26.67,26.73,0,0,20550
11740,2020-10-28 10:34:00,26.72,26.77,26.7,26.77,0,0,20802
11741,2020-10-28 10:35:00,26.77,26.78,26.72,26.75,0,0,28230
11742,2020-10-28 10:36:00,26.75,26.78,26.74,26.75,0,0,44088
11743,2020-10-28 10:37:00,26.75,26.8,26.72,26.79,0,0,26484
11744,2020-10-28 10:38:00,26.78,26.81,26.76,26.77,0,0,23704
11745,2020-10-28 10:39:00,26.76,26.76,26.72,26.72,0,0,28806
11746,2020-10-28 10:40:00,26.73,26.77,26.7,26.76,0,0,26253
11747,2020-10-28 10:41:00,26.76,26.79,26.72,26.73,0,0,23794
11748,2020-10-28 10:42:00,26.74,26.76,26.68,26.68,0,0,30064
11749,2020-10-28 10:43:00,26.69,26.69,26.64,26.64,0,0,19936
11750,2020-10-28 10:44:00,26.63,26.66,26.63,26.65,0,0,16435
11751,2020-10-28 10:45:00,26.65,26.69,26.64,26.66,0,0,21652
11752,2020-10-28 10:46:00,26.67,26.67,26.6,26.61,0,0,20381
11753,2020-10-28 10:47:00,26.62,26.69,26.6,26.69,0,0,23829
11754,2020-10-28 10:48:00,26.69,26.72,26.68,26.69,0,0,17976
11755,2020-10-28 10:49:00,26.69,26.7,26.68,26.7,0,0,10161
11756,2020-10-28 10:50:00,26.7,26.7,26.67,26.68,0,0,17317
11757,2020-10-28 10:51:00,26.68,26.75,26.68,26.7,0,0,34114
11758,2020-10-28 10:52:00,26.69,26.7,26.63,26.63,0,0,18576
11759,2020-10-28 10:53:00,26.64,26.66,26.61,26.66,0,0,18704
11760,2020-10-28 10:54:00,26.65,26.68,26.65,26.67,0,0,12765
11761,2020-10-28 10:55:00,26.67,26.67,26.59,26.6,0,0,26574
11762,2020-10-28 10:56:00,26.6,26.61,26.55,26.56,0,0,39399
11763,2020-10-28 10:57:00,26.55,26.56,26.5,26.52,0,0,52474
11764,2020-10-28 10:58:00,26.52,26.55,26.51,26.54,0,0,38286
11765,2020-10-28 10:59:00,26.55,26.68,26.53,26.68,0,0,83880
11766,2020-10-28 11:00:00,26.67,26.77,26.66,26.77,0,0,32563
11767,2020-10-28 11:01:00,26.76,26.78,26.75,26.77,0,0,17587
11768,2020-10-28 11:02:00,26.77,26.78,26.75,26.77,0,0,19182
11769,2020-10-28 11:03:00,26.79,26.8,26.74,26.8,0,0,41826
11770,2020-10-28 11:04:00,26.8,26.8,26.76,26.78,0,0,14813
11771,2020-10-28 11:05:00,26.78,26.87,26.78,26.82,0,0,124408
11772,2020-10-28 11:06:00,26.82,26.86,26.81,26.83,0,0,34486
11773,2020-10-28 11:07:00,26.83,26.85,26.83,26.84,0,0,11819
11774,2020-10-28 11:08:00,26.84,26.87,26.83,26.83,0,0,18476
11775,2020-10-28 11:09:00,26.83,26.84,26.78,26.79,0,0,19745
11776,2020-10-28 11:10:00,26.78,26.81,26.76,26.81,0,0,30393
11777,2020-10-28 11:11:00,26.81,26.83,26.8,26.82,0,0,23609
11778,2020-10-28 11:12:00,26.81,26.84,26.79,26.84,0,0,13052
11779,2020-10-28 11:13:00,26.85,26.87,26.81,26.81,0,0,82631
11780,2020-10-28 11:14:00,26.82,26.82,26.79,26.8,0,0,11223
11781,2020-10-28 11:15:00,26.8,26.81,26.77,26.8,0,0,21399
11782,2020-10-28 11:16:00,26.8,26.81,26.78,26.81,0,0,12031
11783,2020-10-28 11:17:00,26.81,26.85,26.78,26.79,0,0,41707
11784,2020-10-28 11:18:00,26.79,26.81,26.78,26.8,0,0,12856
11785,2020-10-28 11:19:00,26.8,26.8,26.77,26.79,0,0,11135
11786,2020-10-28 11:20:00,26.8,26.82,26.78,26.82,0,0,19014
11787,2020-10-28 11:21:00,26.82,26.86,26.82,26.83,0,0,20985
11788,2020-10-28 11:22:00,26.84,26.86,26.8,26.81,0,0,53082
11789,2020-10-28 11:23:00,26.81,26.82,26.76,26.77,0,0,26450
11790,2020-10-28 11:24:00,26.77,26.83,26.76,26.83,0,0,11009
11791,2020-10-28 11:25:00,26.83,26.85,26.81,26.81,0,0,54134
11792,2020-10-28 11:26:00,26.82,26.85,26.8,26.85,0,0,155094
11793,2020-10-28 11:27:00,26.85,26.88,26.84,26.85,0,0,67255
11794,2020-10-28 11:28:00,26.86,26.87,26.82,26.83,0,0,14610
11795,2020-10-28 11:29:00,26.83,26.83,26.81,26.82,0,0,12561
11796,2020-10-28 11:30:00,26.82,26.82,26.78,26.81,0,0,26277
11797,2020-10-28 11:31:00,26.81,26.83,26.79,26.8,0,0,56182
11798,2020-10-28 11:32:00,26.8,26.81,26.78,26.81,0,0,38313
11799,2020-10-28 11:33:00,26.81,26.81,26.8,26.81,0,0,5310
11800,2020-10-28 11:34:00,26.81,26.81,26.74,26.76,0,0,40215
11801,2020-10-28 11:35:00,26.76,26.8,26.76,26.8,0,0,17087
11802,2020-10-28 11:36:00,26.8,26.81,26.76,26.77,0,0,22127
11803,2020-10-28 11:37:00,26.77,26.78,26.75,26.76,0,0,56903
11804,2020-10-28 11:38:00,26.77,26.81,26.76,26.8,0,0,15279
11805,2020-10-28 11:39:00,26.79,26.79,26.78,26.78,0,0,9381
11806,2020-10-28 11:40:00,26.79,26.79,26.76,26.77,0,0,10500
11807,2020-10-28 11:41:00,26.76,26.83,26.76,26.83,0,0,17044
11808,2020-10-28 11:42:00,26.83,26.84,26.81,26.83,0,0,10744
11809,2020-10-28 11:43:00,26.83,26.84,26.83,26.83,0,0,8036
11810,2020-10-28 11:44:00,26.84,26.89,26.83,26.88,0,0,35185
11811,2020-10-28 11:45:00,26.88,26.9,26.88,26.89,0,0,7396
11812,2020-10-28 11:46:00,26.9,26.9,26.88,26.88,0,0,13420
11813,2020-10-28 11:47:00,26.88,26.89,26.86,26.86,0,0,131865
11814,2020-10-28 11:48:00,26.86,26.88,26.85,26.86,0,0,28425
11815,2020-10-28 11:49:00,26.86,26.86,26.84,26.86,0,0,11220
11816,2020-10-28 11:50:00,26.85,26.85,26.82,26.84,0,0,16862
11817,2020-10-28 11:51:00,26.84,26.86,26.84,26.85,0,0,12499
11818,2020-10-28 11:52:00,26.85,26.89,26.85,26.89,0,0,20603
11819,2020-10-28 11:53:00,26.89,26.91,26.89,26.91,0,0,13373
11820,2020-10-28 11:54:00,26.91,26.93,26.9,26.93,0,0,24856
11821,2020-10-28 11:55:00,26.92,26.92,26.88,26.89,0,0,21294
11822,2020-10-28 11:56:00,26.88,26.9,26.86,26.89,0,0,91517
11823,2020-10-28 11:57:00,26.86,26.92,26.86,26.9,0,0,23628
11824,2020-10-28 11:58:00,26.9,26.9,26.87,26.87,0,0,18761
11825,2020-10-28 11:59:00,26.88,26.88,26.81,26.83,0,0,21931
11826,2020-10-28 12:00:00,26.83,26.85,26.82,26.82,0,0,12967
11827,2020-10-28 12:01:00,26.82,26.82,26.78,26.78,0,0,28396
11828,2020-10-28 12:02:00,26.78,26.8,26.76,26.76,0,0,38650
11829,2020-10-28 12:03:00,26.76,26.76,26.72,26.72,0,0,17660
11830,2020-10-28 12:04:00,26.73,26.73,26.7,26.71,0,0,18914
11831,2020-10-28 12:05:00,26.71,26.73,26.7,26.73,0,0,17578
11832,2020-10-28 12:06:00,26.73,26.76,26.71,26.74,0,0,37380
11833,2020-10-28 12:07:00,26.74,26.76,26.74,26.74,0,0,9327
11834,2020-10-28 12:08:00,26.75,26.75,26.73,26.73,0,0,19770
11835,2020-10-28 12:09:00,26.73,26.74,26.72,26.73,0,0,20617
11836,2020-10-28 12:10:00,26.73,26.73,26.71,26.71,0,0,16829
11837,2020-10-28 12:11:00,26.71,26.74,26.71,26.73,0,0,21411
11838,2020-10-28 12:12:00,26.72,26.75,26.72,26.75,0,0,12431
11839,2020-10-28 12:13:00,26.75,26.76,26.73,26.74,0,0,9817
11840,2020-10-28 12:14:00,26.74,26.76,26.73,26.76,0,0,21090
11841,2020-10-28 12:15:00,26.76,26.77,26.75,26.77,0,0,23396
11842,2020-10-28 12:16:00,26.77,26.77,26.74,26.75,0,0,12563
11843,2020-10-28 12:17:00,26.75,26.77,26.73,26.76,0,0,17475
11844,2020-10-28 12:18:00,26.77,26.77,26.75,26.76,0,0,12545
11845,2020-10-28 12:19:00,26.75,26.78,26.75,26.77,0,0,21613
11846,2020-10-28 12:20:00,26.77,26.78,26.74,26.75,0,0,14912
11847,2020-10-28 12:21:00,26.75,26.76,26.75,26.75,0,0,6536
11848,2020-10-28 12:22:00,26.76,26.76,26.73,26.75,0,0,19434
11849,2020-10-28 12:23:00,26.75,26.76,26.74,26.74,0,0,20765
11850,2020-10-28 12:24:00,26.75,26.75,26.74,26.75,0,0,4308
11851,2020-10-28 12:25:00,26.74,26.76,26.74,26.74,0,0,28692
11852,2020-10-28 12:26:00,26.74,26.74,26.73,26.73,0,0,2938
11853,2020-10-28 12:27:00,26.74,26.74,26.71,26.72,0,0,10043
11854,2020-10-28 12:28:00,26.71,26.72,26.69,26.69,0,0,27950
11855,2020-10-28 12:29:00,26.68,26.68,26.67,26.67,0,0,16173
11856,2020-10-28 12:30:00,26.67,26.67,26.65,26.65,0,0,22142
11857,2020-10-28 12:31:00,26.65,26.66,26.64,26.65,0,0,24077
11858,2020-10-28 12:32:00,26.64,26.66,26.63,26.65,0,0,32310
11859,2020-10-28 12:33:00,26.65,26.66,26.64,26.66,0,0,15638
11860,2020-10-28 12:34:00,26.65,26.66,26.64,26.65,0,0,8033
11861,2020-10-28 12:35:00,26.66,26.67,26.64,26.67,0,0,11016
11862,2020-10-28 12:36:00,26.67,26.67,26.66,26.67,0,0,14958
11863,2020-10-28 12:37:00,26.66,26.67,26.65,26.66,0,0,22433
11864,2020-10-28 12:38:00,26.66,26.67,26.65,26.65,0,0,1202
11865,2020-10-28 12:39:00,26.66,26.66,26.65,26.65,0,0,24626
11866,2020-10-28 12:40:00,26.64,26.65,26.63,26.65,0,0,8267
11867,2020-10-28 12:41:00,26.65,26.65,26.64,26.65,0,0,3320
11868,2020-10-28 12:42:00,26.65,26.65,26.63,26.65,0,0,12298
11869,2020-10-28 12:43:00,26.65,26.67,26.64,26.67,0,0,20972
11870,2020-10-28 12:44:00,26.67,26.67,26.65,26.66,0,0,22175
11871,2020-10-28 12:45:00,26.65,26.66,26.65,26.65,0,0,5321
11872,2020-10-28 12:46:00,26.65,26.66,26.64,26.66,0,0,8981
11873,2020-10-28 12:47:00,26.65,26.66,26.62,26.62,0,0,20236
11874,2020-10-28 12:48:00,26.62,26.64,26.61,26.62,0,0,10989
11875,2020-10-28 12:49:00,26.62,26.64,26.6,26.6,0,0,13342
11876,2020-10-28 12:50:00,26.6,26.61,26.6,26.61,0,0,7604
11877,2020-10-28 12:51:00,26.61,26.62,26.6,26.61,0,0,38787
11878,2020-10-28 12:52:00,26.61,26.64,26.61,26.64,0,0,5667
11879,2020-10-28 12:53:00,26.64,26.67,26.64,26.66,0,0,11457
11880,2020-10-28 12:54:00,26.65,26.66,26.65,26.66,0,0,1236
11881,2020-10-28 12:55:00,26.66,26.66,26.64,26.65,0,0,24116
11882,2020-10-28 12:56:00,26.65,26.66,26.64,26.66,0,0,10396
11883,2020-10-28 12:57:00,26.66,26.66,26.65,26.66,0,0,19468
11884,2020-10-28 12:58:00,26.65,26.66,26.64,26.65,0,0,3599
11885,2020-10-28 12:59:00,26.64,26.65,26.63,26.63,0,0,4051
11886,2020-10-28 13:00:00,26.63,26.65,26.62,26.65,0,0,7842
11887,2020-10-28 13:01:00,26.65,26.66,26.64,26.65,0,0,11313
11888,2020-10-28 13:02:00,26.65,26.66,26.64,26.65,0,0,6433
11889,2020-10-28 13:03:00,26.64,26.66,26.64,26.64,0,0,11234
11890,2020-10-28 13:04:00,26.65,26.65,26.63,26.64,0,0,9685
11891,2020-10-28 13:05:00,26.65,26.65,26.62,26.65,0,0,8598
11892,2020-10-28 13:06:00,26.65,26.65,26.63,26.64,0,0,4791
11893,2020-10-28 13:07:00,26.63,26.64,26.63,26.64,0,0,6635
11894,2020-10-28 13:08:00,26.63,26.65,26.63,26.65,0,0,3709
11895,2020-10-28 13:09:00,26.64,26.64,26.59,26.6,0,0,25024
11896,2020-10-28 13:10:00,26.6,26.6,26.58,26.58,0,0,12020
11897,2020-10-28 13:11:00,26.57,26.58,26.57,26.58,0,0,10868
11898,2020-10-28 13:12:00,26.58,26.59,26.57,26.59,0,0,4873
11899,2020-10-28 13:13:00,26.59,26.62,26.58,26.6,0,0,12224
11900,2020-10-28 13:14:00,26.6,26.62,26.6,26.62,0,0,1522
11901,2020-10-28 13:15:00,26.62,26.63,26.61,26.61,0,0,13447
11902,2020-10-28 13:16:00,26.6,26.6,26.56,26.56,0,0,7260
11903,2020-10-28 13:17:00,26.56,26.57,26.56,26.56,0,0,7060
11904,2020-10-28 13:18:00,26.58,26.62,26.57,26.61,0,0,17167
11905,2020-10-28 13:19:00,26.61,26.65,26.6,26.65,0,0,10934
11906,2020-10-28 13:20:00,26.64,26.64,26.61,26.63,0,0,13850
11907,2020-10-28 13:21:00,26.62,26.64,26.62,26.64,0,0,5887
11908,2020-10-28 13:22:00,26.64,26.65,26.63,26.65,0,0,30412
11909,2020-10-28 13:23:00,26.65,26.65,26.6,26.61,0,0,12645
11910,2020-10-28 13:24:00,26.6,26.61,26.6,26.61,0,0,11236
11911,2020-10-28 13:25:00,26.62,26.63,26.61,26.61,0,0,28086
11912,2020-10-28 13:26:00,26.62,26.63,26.61,26.63,0,0,9429
11913,2020-10-28 13:27:00,26.62,26.64,26.62,26.63,0,0,77241
11914,2020-10-28 13:28:00,26.62,26.68,26.62,26.67,0,0,31947
11915,2020-10-28 13:29:00,26.67,26.67,26.65,26.67,0,0,8362
11916,2020-10-28 13:30:00,26.66,26.67,26.65,26.67,0,0,26437
11917,2020-10-28 13:31:00,26.67,26.67,26.65,26.66,0,0,12135
11918,2020-10-28 13:32:00,26.66,26.66,26.65,26.65,0,0,4400
11919,2020-10-28 13:33:00,26.64,26.66,26.64,26.65,0,0,13923
11920,2020-10-28 13:34:00,26.64,26.65,26.64,26.64,0,0,40050
11921,2020-10-28 13:35:00,26.65,26.66,26.64,26.66,0,0,39872
11922,2020-10-28 13:36:00,26.66,26.71,26.65,26.71,0,0,50530
11923,2020-10-28 13:37:00,26.7,26.72,26.7,26.72,0,0,11299
11924,2020-10-28 13:38:00,26.71,26.72,26.7,26.72,0,0,15260
11925,2020-10-28 13:39:00,26.72,26.72,26.7,26.71,0,0,6327
11926,2020-10-28 13:40:00,26.72,26.72,26.7,26.72,0,0,6696
11927,2020-10-28 13:41:00,26.71,26.72,26.67,26.69,0,0,11994
11928,2020-10-28 13:42:00,26.7,26.71,26.68,26.7,0,0,13172
11929,2020-10-28 13:43:00,26.69,26.7,26.69,26.69,0,0,11282
11930,2020-10-28 13:44:00,26.69,26.69,26.67,26.67,0,0,19649
11931,2020-10-28 13:45:00,26.67,26.68,26.67,26.67,0,0,23529
11932,2020-10-28 13:46:00,26.68,26.71,26.67,26.7,0,0,18238
11933,2020-10-28 13:47:00,26.7,26.71,26.69,26.69,0,0,26559
11934,2020-10-28 13:48:00,26.69,26.7,26.69,26.7,0,0,23788
11935,2020-10-28 13:49:00,26.7,26.72,26.7,26.72,0,0,20385
11936,2020-10-28 13:50:00,26.72,26.72,26.71,26.72,0,0,3991
11937,2020-10-28 13:51:00,26.72,26.72,26.7,26.72,0,0,40210
11938,2020-10-28 13:52:00,26.72,26.75,26.71,26.75,0,0,76804
11939,2020-10-28 13:53:00,26.75,26.76,26.75,26.75,0,0,14255
11940,2020-10-28 13:54:00,26.75,26.78,26.75,26.78,0,0,29765
11941,2020-10-28 13:55:00,26.77,26.78,26.74,26.74,0,0,27391
11942,2020-10-28 13:56:00,26.75,26.75,26.73,26.73,0,0,7342
11943,2020-10-28 13:57:00,26.73,26.74,26.72,26.73,0,0,15531
11944,2020-10-28 13:58:00,26.72,26.73,26.71,26.72,0,0,11331
11945,2020-10-28 13:59:00,26.72,26.74,26.71,26.72,0,0,18074
11946,2020-10-28 14:00:00,26.72,26.72,26.69,26.69,0,0,12720
11947,2020-10-28 14:01:00,26.69,26.7,26.66,26.67,0,0,16503
11948,2020-10-28 14:02:00,26.67,26.75,26.67,26.74,0,0,14879
11949,2020-10-28 14:03:00,26.75,26.75,26.73,26.73,0,0,10469
11950,2020-10-28 14:04:00,26.74,26.74,26.71,26.73,0,0,10117
11951,2020-10-28 14:05:00,26.73,26.74,26.72,26.74,0,0,9822
11952,2020-10-28 14:06:00,26.74,26.74,26.71,26.74,0,0,29905
11953,2020-10-28 14:07:00,26.74,26.74,26.72,26.74,0,0,8065
11954,2020-10-28 14:08:00,26.73,26.73,26.71,26.71,0,0,7299
11955,2020-10-28 14:09:00,26.72,26.72,26.68,26.7,0,0,39349
11956,2020-10-28 14:10:00,26.69,26.7,26.68,26.7,0,0,23181
11957,2020-10-28 14:11:00,26.69,26.69,26.67,26.68,0,0,8615
11958,2020-10-28 14:12:00,26.67,26.68,26.67,26.67,0,0,122189
11959,2020-10-28 14:13:00,26.67,26.67,26.63,26.63,0,0,18166
11960,2020-10-28 14:14:00,26.62,26.64,26.62,26.62,0,0,70126
11961,2020-10-28 14:15:00,26.62,26.62,26.58,26.58,0,0,29379
11962,2020-10-28 14:16:00,26.58,26.61,26.58,26.61,0,0,17773
11963,2020-10-28 14:17:00,26.6,26.61,26.58,26.58,0,0,8187
11964,2020-10-28 14:18:00,26.58,26.62,26.58,26.61,0,0,16079
11965,2020-10-28 14:19:00,26.61,26.62,26.56,26.57,0,0,31279
11966,2020-10-28 14:20:00,26.57,26.58,26.56,26.56,0,0,17885
11967,2020-10-28 14:21:00,26.56,26.57,26.56,26.56,0,0,25179
11968,2020-10-28 14:22:00,26.56,26.58,26.55,26.57,0,0,32565
11969,2020-10-28 14:23:00,26.58,26.63,26.57,26.62,0,0,20544
11970,2020-10-28 14:24:00,26.62,26.64,26.62,26.62,0,0,12861
11971,2020-10-28 14:25:00,26.64,26.64,26.61,26.63,0,0,10346
11972,2020-10-28 14:26:00,26.63,26.66,26.61,26.66,0,0,13064
11973,2020-10-28 14:27:00,26.66,26.66,26.64,26.64,0,0,78685
11974,2020-10-28 14:28:00,26.65,26.66,26.64,26.66,0,0,18820
11975,2020-10-28 14:29:00,26.66,26.67,26.65,26.67,0,0,9431
11976,2020-10-28 14:30:00,26.67,26.67,26.64,26.65,0,0,6628
11977,2020-10-28 14:31:00,26.65,26.65,26.63,26.65,0,0,22133
11978,2020-10-28 14:32:00,26.65,26.66,26.64,26.65,0,0,10706
11979,2020-10-28 14:33:00,26.65,26.66,26.61,26.62,0,0,12323
11980,2020-10-28 14:34:00,26.62,26.64,26.62,26.63,0,0,3516
11981,2020-10-28 14:35:00,26.64,26.64,26.61,26.61,0,0,7134
11982,2020-10-28 14:36:00,26.62,26.63,26.58,26.59,0,0,12082
11983,2020-10-28 14:37:00,26.59,26.63,26.58,26.63,0,0,15563
11984,2020-10-28 14:38:00,26.64,26.64,26.62,26.62,0,0,6040
11985,2020-10-28 14:39:00,26.63,26.63,26.62,26.62,0,0,2653
11986,2020-10-28 14:40:00,26.62,26.64,26.62,26.64,0,0,8154
11987,2020-10-28 14:41:00,26.64,26.64,26.62,26.64,0,0,5567
11988,2020-10-28 14:42:00,26.63,26.66,26.63,26.64,0,0,19080
11989,2020-10-28 14:43:00,26.65,26.65,26.63,26.64,0,0,12085
11990,2020-10-28 14:44:00,26.65,26.65,26.63,26.65,0,0,3911
11991,2020-10-28 14:45:00,26.65,26.65,26.63,26.65,0,0,11080
11992,2020-10-28 14:46:00,26.65,26.65,26.62,26.62,0,0,7229
11993,2020-10-28 14:47:00,26.62,26.62,26.61,26.61,0,0,6410
11994,2020-10-28 14:48:00,26.61,26.63,26.61,26.63,0,0,5087
11995,2020-10-28 14:49:00,26.62,26.64,26.62,26.63,0,0,10344
11996,2020-10-28 14:50:00,26.62,26.64,26.61,26.62,0,0,13874
11997,2020-10-28 14:51:00,26.62,26.63,26.61,26.62,0,0,9650
11998,2020-10-28 14:52:00,26.61,26.61,26.61,26.61,0,0,857
11999,2020-10-28 14:53:00,26.61,26.62,26.6,26.61,0,0,9946
12000,2020-10-28 14:54:00,26.6,26.6,26.57,26.57,0,0,7709
12001,2020-10-28 14:55:00,26.58,26.62,26.57,26.62,0,0,15205
12002,2020-10-28 14:56:00,26.62,26.64,26.61,26.64,0,0,9829
12003,2020-10-28 14:57:00,26.65,26.69,26.65,26.69,0,0,26474
12004,2020-10-28 14:58:00,26.69,26.7,26.68,26.68,0,0,7651
12005,2020-10-28 14:59:00,26.68,26.68,26.67,26.67,0,0,14454
12006,2020-10-28 15:00:00,26.68,26.68,26.67,26.67,0,0,16374
12007,2020-10-28 15:01:00,26.67,26.67,26.63,26.64,0,0,23683
12008,2020-10-28 15:02:00,26.64,26.67,26.63,26.66,0,0,15823
12009,2020-10-28 15:03:00,26.66,26.66,26.65,26.66,0,0,5390
12010,2020-10-28 15:04:00,26.65,26.67,26.63,26.67,0,0,16038
12011,2020-10-28 15:05:00,26.66,26.67,26.66,26.67,0,0,5405
12012,2020-10-28 15:06:00,26.66,26.68,26.65,26.66,0,0,9206
12013,2020-10-28 15:07:00,26.66,26.66,26.65,26.66,0,0,6731
12014,2020-10-28 15:08:00,26.66,26.7,26.66,26.7,0,0,13511
12015,2020-10-28 15:09:00,26.69,26.69,26.68,26.69,0,0,6331
12016,2020-10-28 15:10:00,26.7,26.73,26.68,26.72,0,0,16099
12017,2020-10-28 15:11:00,26.71,26.73,26.69,26.7,0,0,19595
12018,2020-10-28 15:12:00,26.7,26.75,26.7,26.75,0,0,9621
12019,2020-10-28 15:13:00,26.75,26.75,26.72,26.75,0,0,22744
12020,2020-10-28 15:14:00,26.75,26.76,26.74,26.74,0,0,5239
12021,2020-10-28 15:15:00,26.74,26.74,26.72,26.73,0,0,8595
12022,2020-10-28 15:16:00,26.74,26.75,26.71,26.72,0,0,17543
12023,2020-10-28 15:17:00,26.72,26.74,26.72,26.74,0,0,3532
12024,2020-10-28 15:18:00,26.74,26.76,26.73,26.76,0,0,21304
12025,2020-10-28 15:19:00,26.77,26.77,26.76,26.77,0,0,5951
12026,2020-10-28 15:20:00,26.76,26.77,26.75,26.75,0,0,4842
12027,2020-10-28 15:21:00,26.76,26.8,26.75,26.8,0,0,37269
12028,2020-10-28 15:22:00,26.8,26.81,26.79,26.79,0,0,23184
12029,2020-10-28 15:23:00,26.8,26.82,26.79,26.82,0,0,13363
12030,2020-10-28 15:24:00,26.82,26.87,26.82,26.87,0,0,18295
12031,2020-10-28 15:25:00,26.86,26.86,26.83,26.84,0,0,29867
12032,2020-10-28 15:26:00,26.85,26.94,26.84,26.91,0,0,54203
12033,2020-10-28 15:27:00,26.9,26.95,26.9,26.92,0,0,18858
12034,2020-10-28 15:28:00,26.91,26.93,26.9,26.92,0,0,11856
12035,2020-10-28 15:29:00,26.91,26.91,26.86,26.86,0,0,16275
12036,2020-10-28 15:30:00,26.86,26.92,26.86,26.92,0,0,17693
12037,2020-10-28 15:31:00,26.92,26.95,26.92,26.93,0,0,13172
12038,2020-10-28 15:32:00,26.93,26.95,26.91,26.93,0,0,10524
12039,2020-10-28 15:33:00,26.94,26.95,26.93,26.95,0,0,6722
12040,2020-10-28 15:34:00,26.95,26.97,26.93,26.94,0,0,27061
12041,2020-10-28 15:35:00,26.94,26.96,26.92,26.92,0,0,25710
12042,2020-10-28 15:36:00,26.92,26.92,26.83,26.84,0,0,52284
12043,2020-10-28 15:37:00,26.82,26.82,26.79,26.79,0,0,15670
12044,2020-10-28 15:38:00,26.79,26.79,26.75,26.75,0,0,15596
12045,2020-10-28 15:39:00,26.75,26.76,26.74,26.75,0,0,33673
12046,2020-10-28 15:40:00,26.74,26.75,26.74,26.75,0,0,21399
12047,2020-10-28 15:41:00,26.75,26.76,26.7,26.76,0,0,39899
12048,2020-10-28 15:42:00,26.75,26.75,26.75,26.75,0,0,5682
12049,2020-10-28 15:43:00,26.75,26.75,26.7,26.72,0,0,47139
12050,2020-10-28 15:44:00,26.71,26.72,26.71,26.71,0,0,10667
12051,2020-10-28 15:45:00,26.7,26.72,26.7,26.72,0,0,26391
12052,2020-10-28 15:46:00,26.72,26.72,26.67,26.68,0,0,131438
12053,2020-10-28 15:47:00,26.67,26.67,26.62,26.62,0,0,21447
12054,2020-10-28 15:48:00,26.62,26.63,26.6,26.6,0,0,97426
12055,2020-10-28 15:49:00,26.6,26.61,26.57,26.58,0,0,48827
12056,2020-10-28 15:50:00,26.59,26.59,26.57,26.57,0,0,41674
12057,2020-10-28 15:51:00,26.58,26.62,26.57,26.59,0,0,58067
12058,2020-10-28 15:52:00,26.6,26.6,26.57,26.58,0,0,58440
12059,2020-10-28 15:53:00,26.58,26.6,26.56,26.58,0,0,47512
12060,2020-10-28 15:54:00,26.58,26.58,26.52,26.52,0,0,56471
12061,2020-10-28 15:55:00,26.53,26.54,26.5,26.52,0,0,62718
12062,2020-10-28 15:56:00,26.52,26.54,26.47,26.52,0,0,144807
12063,2020-10-28 15:57:00,26.53,26.55,26.51,26.53,0,0,60489
12064,2020-10-28 15:58:00,26.54,26.58,26.51,26.52,0,0,53756
12065,2020-10-28 15:59:00,26.52,26.58,26.5,26.58,0,0,151669
12066,2020-10-29 09:30:00,26.78,26.81,26.54,26.61,0,0,130640
12067,2020-10-29 09:31:00,26.62,26.67,26.57,26.57,0,0,13993
12068,2020-10-29 09:32:00,26.58,26.61,26.5,26.53,0,0,51668
12069,2020-10-29 09:33:00,26.51,26.65,26.5,26.64,0,0,22031
12070,2020-10-29 09:34:00,26.64,26.64,26.52,26.55,0,0,14352
12071,2020-10-29 09:35:00,26.54,26.57,26.42,26.44,0,0,83958
12072,2020-10-29 09:36:00,26.44,26.52,26.43,26.5,0,0,28310
12073,2020-10-29 09:37:00,26.5,26.58,26.45,26.5,0,0,31994
12074,2020-10-29 09:38:00,26.5,26.5,26.36,26.43,0,0,22159
12075,2020-10-29 09:39:00,26.43,26.49,26.42,26.49,0,0,18200
12076,2020-10-29 09:40:00,26.48,26.48,26.39,26.45,0,0,29017
12077,2020-10-29 09:41:00,26.45,26.51,26.44,26.49,0,0,18997
12078,2020-10-29 09:42:00,26.5,26.54,26.37,26.38,0,0,36343
12079,2020-10-29 09:43:00,26.39,26.45,26.37,26.39,0,0,22402
12080,2020-10-29 09:44:00,26.4,26.4,26.34,26.34,0,0,25348
12081,2020-10-29 09:45:00,26.33,26.39,26.26,26.27,0,0,46874
12082,2020-10-29 09:46:00,26.28,26.36,26.28,26.31,0,0,57903
12083,2020-10-29 09:47:00,26.3,26.33,26.25,26.33,0,0,17984
12084,2020-10-29 09:48:00,26.33,26.35,26.27,26.31,0,0,26463
12085,2020-10-29 09:49:00,26.32,26.33,26.28,26.32,0,0,18906
12086,2020-10-29 09:50:00,26.32,26.35,26.29,26.33,0,0,18773
12087,2020-10-29 09:51:00,26.34,26.36,26.31,26.34,0,0,16797
12088,2020-10-29 09:52:00,26.34,26.39,26.32,26.32,0,0,18691
12089,2020-10-29 09:53:00,26.3,26.3,26.17,26.19,0,0,52285
12090,2020-10-29 09:54:00,26.21,26.33,26.2,26.32,0,0,39472
12091,2020-10-29 09:55:00,26.31,26.38,26.28,26.38,0,0,30510
12092,2020-10-29 09:56:00,26.39,26.44,26.38,26.42,0,0,22107
12093,2020-10-29 09:57:00,26.42,26.44,26.4,26.43,0,0,50107
12094,2020-10-29 09:58:00,26.42,26.47,26.41,26.47,0,0,17854
12095,2020-10-29 09:59:00,26.47,26.5,26.45,26.47,0,0,29039
12096,2020-10-29 10:00:00,26.46,26.47,26.38,26.44,0,0,45093
12097,2020-10-29 10:01:00,26.44,26.48,26.4,26.4,0,0,37271
12098,2020-10-29 10:02:00,26.4,26.48,26.4,26.47,0,0,35297
12099,2020-10-29 10:03:00,26.47,26.5,26.47,26.49,0,0,35001
12100,2020-10-29 10:04:00,26.5,26.54,26.5,26.52,0,0,32870
12101,2020-10-29 10:05:00,26.52,26.57,26.5,26.51,0,0,56422
12102,2020-10-29 10:06:00,26.51,26.59,26.51,26.55,0,0,28537
12103,2020-10-29 10:07:00,26.55,26.63,26.55,26.57,0,0,23479
12104,2020-10-29 10:08:00,26.58,26.62,26.56,26.6,0,0,24846
12105,2020-10-29 10:09:00,26.61,26.62,26.6,26.62,0,0,17939
12106,2020-10-29 10:10:00,26.62,26.7,26.62,26.67,0,0,27366
12107,2020-10-29 10:11:00,26.67,26.67,26.61,26.61,0,0,21086
12108,2020-10-29 10:12:00,26.62,26.65,26.62,26.64,0,0,15514
12109,2020-10-29 10:13:00,26.64,26.67,26.64,26.67,0,0,9425
12110,2020-10-29 10:14:00,26.67,26.68,26.59,26.63,0,0,16662
12111,2020-10-29 10:15:00,26.65,26.66,26.59,26.59,0,0,9643
12112,2020-10-29 10:16:00,26.59,26.61,26.56,26.61,0,0,15622
12113,2020-10-29 10:17:00,26.61,26.68,26.59,26.66,0,0,14791
12114,2020-10-29 10:18:00,26.66,26.69,26.65,26.66,0,0,13130
12115,2020-10-29 10:19:00,26.67,26.68,26.64,26.65,0,0,15846
12116,2020-10-29 10:20:00,26.65,26.66,26.54,26.58,0,0,14214
12117,2020-10-29 10:21:00,26.58,26.59,26.56,26.58,0,0,8099
12118,2020-10-29 10:22:00,26.58,26.6,26.56,26.56,0,0,9620
12119,2020-10-29 10:23:00,26.55,26.55,26.53,26.53,0,0,8113
12120,2020-10-29 10:24:00,26.54,26.57,26.5,26.52,0,0,19601
12121,2020-10-29 10:25:00,26.53,26.55,26.5,26.53,0,0,15264
12122,2020-10-29 10:26:00,26.53,26.55,26.51,26.54,0,0,10857
12123,2020-10-29 10:27:00,26.53,26.55,26.47,26.48,0,0,13435
12124,2020-10-29 10:28:00,26.48,26.58,26.47,26.58,0,0,13794
12125,2020-10-29 10:29:00,26.57,26.62,26.56,26.56,0,0,22960
12126,2020-10-29 10:30:00,26.56,26.56,26.5,26.5,0,0,9657
12127,2020-10-29 10:31:00,26.49,26.51,26.42,26.48,0,0,31086
12128,2020-10-29 10:32:00,26.49,26.49,26.37,26.41,0,0,34580
12129,2020-10-29 10:33:00,26.41,26.42,26.31,26.31,0,0,31203
12130,2020-10-29 10:34:00,26.3,26.3,26.23,26.26,0,0,28654
12131,2020-10-29 10:35:00,26.26,26.27,26.21,26.22,0,0,31413
12132,2020-10-29 10:36:00,26.22,26.25,26.17,26.24,0,0,40252
12133,2020-10-29 10:37:00,26.26,26.32,26.25,26.32,0,0,23598
12134,2020-10-29 10:38:00,26.32,26.33,26.3,26.33,0,0,15925
12135,2020-10-29 10:39:00,26.34,26.34,26.31,26.31,0,0,13943
12136,2020-10-29 10:40:00,26.31,26.33,26.29,26.3,0,0,28700
12137,2020-10-29 10:41:00,26.29,26.32,26.28,26.3,0,0,18370
12138,2020-10-29 10:42:00,26.3,26.33,26.28,26.33,0,0,15920
12139,2020-10-29 10:43:00,26.33,26.38,26.33,26.37,0,0,13031
12140,2020-10-29 10:44:00,26.36,26.38,26.36,26.36,0,0,10977
12141,2020-10-29 10:45:00,26.37,26.43,26.36,26.4,0,0,15414
12142,2020-10-29 10:46:00,26.4,26.41,26.38,26.38,0,0,42658
12143,2020-10-29 10:47:00,26.37,26.38,26.35,26.35,0,0,5367
12144,2020-10-29 10:48:00,26.37,26.38,26.36,26.36,0,0,8332
12145,2020-10-29 10:49:00,26.36,26.36,26.33,26.34,0,0,11185
12146,2020-10-29 10:50:00,26.35,26.39,26.33,26.36,0,0,35985
12147,2020-10-29 10:51:00,26.37,26.37,26.35,26.35,0,0,15695
12148,2020-10-29 10:52:00,26.35,26.41,26.35,26.4,0,0,18593
12149,2020-10-29 10:53:00,26.41,26.5,26.41,26.47,0,0,15910
12150,2020-10-29 10:54:00,26.48,26.49,26.45,26.45,0,0,7569
12151,2020-10-29 10:55:00,26.46,26.55,26.46,26.52,0,0,16935
12152,2020-10-29 10:56:00,26.52,26.54,26.47,26.53,0,0,15439
12153,2020-10-29 10:57:00,26.54,26.57,26.51,26.52,0,0,12328
12154,2020-10-29 10:58:00,26.51,26.53,26.5,26.52,0,0,11905
12155,2020-10-29 10:59:00,26.52,26.54,26.49,26.53,0,0,22498
12156,2020-10-29 11:00:00,26.54,26.56,26.5,26.52,0,0,10447
12157,2020-10-29 11:01:00,26.52,26.53,26.49,26.5,0,0,18621
12158,2020-10-29 11:02:00,26.51,26.52,26.45,26.46,0,0,10659
12159,2020-10-29 11:03:00,26.47,26.55,26.47,26.55,0,0,13834
12160,2020-10-29 11:04:00,26.55,26.6,26.55,26.6,0,0,25683
12161,2020-10-29 11:05:00,26.6,26.6,26.5,26.51,0,0,23554
12162,2020-10-29 11:06:00,26.51,26.52,26.5,26.52,0,0,6861
12163,2020-10-29 11:07:00,26.51,26.51,26.47,26.49,0,0,20507
12164,2020-10-29 11:08:00,26.49,26.49,26.44,26.46,0,0,14737
12165,2020-10-29 11:09:00,26.45,26.48,26.44,26.45,0,0,16651
12166,2020-10-29 11:10:00,26.44,26.46,26.42,26.43,0,0,22849
12167,2020-10-29 11:11:00,26.42,26.45,26.41,26.43,0,0,45215
12168,2020-10-29 11:12:00,26.42,26.53,26.42,26.53,0,0,25421
12169,2020-10-29 11:13:00,26.52,26.58,26.52,26.57,0,0,13092
12170,2020-10-29 11:14:00,26.57,26.57,26.52,26.52,0,0,18041
12171,2020-10-29 11:15:00,26.52,26.54,26.5,26.52,0,0,13752
12172,2020-10-29 11:16:00,26.52,26.52,26.5,26.5,0,0,4801
12173,2020-10-29 11:17:00,26.5,26.51,26.49,26.5,0,0,19400
12174,2020-10-29 11:18:00,26.5,26.5,26.49,26.5,0,0,2419
12175,2020-10-29 11:19:00,26.5,26.5,26.48,26.5,0,0,8803
12176,2020-10-29 11:20:00,26.49,26.55,26.49,26.52,0,0,25490
12177,2020-10-29 11:21:00,26.53,26.55,26.52,26.54,0,0,12089
12178,2020-10-29 11:22:00,26.54,26.54,26.51,26.51,0,0,6731
12179,2020-10-29 11:23:00,26.51,26.52,26.46,26.46,0,0,11704
12180,2020-10-29 11:24:00,26.47,26.5,26.46,26.5,0,0,13129
12181,2020-10-29 11:25:00,26.49,26.53,26.47,26.53,0,0,18320
12182,2020-10-29 11:26:00,26.53,26.54,26.51,26.54,0,0,10081
12183,2020-10-29 11:27:00,26.55,26.55,26.52,26.54,0,0,7684
12184,2020-10-29 11:28:00,26.54,26.55,26.54,26.54,0,0,11551
12185,2020-10-29 11:29:00,26.53,26.54,26.49,26.5,0,0,7859
12186,2020-10-29 11:30:00,26.5,26.53,26.48,26.48,0,0,10170
12187,2020-10-29 11:31:00,26.49,26.51,26.48,26.5,0,0,6304
12188,2020-10-29 11:32:00,26.5,26.52,26.49,26.51,0,0,7809
12189,2020-10-29 11:33:00,26.51,26.51,26.47,26.47,0,0,7134
12190,2020-10-29 11:34:00,26.46,26.48,26.46,26.46,0,0,4866
12191,2020-10-29 11:35:00,26.47,26.48,26.44,26.44,0,0,11563
12192,2020-10-29 11:36:00,26.43,26.47,26.43,26.47,0,0,10770
12193,2020-10-29 11:37:00,26.47,26.47,26.44,26.45,0,0,6587
12194,2020-10-29 11:38:00,26.45,26.45,26.43,26.43,0,0,4640
12195,2020-10-29 11:39:00,26.43,26.44,26.42,26.44,0,0,18360
12196,2020-10-29 11:40:00,26.44,26.44,26.43,26.43,0,0,6265
12197,2020-10-29 11:41:00,26.42,26.42,26.41,26.42,0,0,6201
12198,2020-10-29 11:42:00,26.43,26.43,26.41,26.42,0,0,3560
12199,2020-10-29 11:43:00,26.42,26.42,26.4,26.41,0,0,5064
12200,2020-10-29 11:44:00,26.4,26.41,26.38,26.41,0,0,15434
12201,2020-10-29 11:45:00,26.41,26.41,26.37,26.39,0,0,9198
12202,2020-10-29 11:46:00,26.39,26.39,26.37,26.38,0,0,7723
12203,2020-10-29 11:47:00,26.38,26.4,26.38,26.39,0,0,13222
12204,2020-10-29 11:48:00,26.39,26.4,26.37,26.38,0,0,6197
12205,2020-10-29 11:49:00,26.38,26.39,26.35,26.37,0,0,8571
12206,2020-10-29 11:50:00,26.36,26.4,26.34,26.4,0,0,15391
12207,2020-10-29 11:51:00,26.4,26.4,26.34,26.35,0,0,14423
12208,2020-10-29 11:52:00,26.35,26.4,26.34,26.38,0,0,7913
12209,2020-10-29 11:53:00,26.37,26.4,26.37,26.39,0,0,14512
12210,2020-10-29 11:54:00,26.39,26.42,26.39,26.42,0,0,7230
12211,2020-10-29 11:55:00,26.43,26.46,26.43,26.46,0,0,4968
12212,2020-10-29 11:56:00,26.45,26.5,26.45,26.5,0,0,6546
12213,2020-10-29 11:57:00,26.5,26.51,26.4,26.4,0,0,8744
12214,2020-10-29 11:58:00,26.4,26.42,26.35,26.41,0,0,28984
12215,2020-10-29 11:59:00,26.41,26.44,26.4,26.44,0,0,10325
12216,2020-10-29 12:00:00,26.45,26.46,26.43,26.44,0,0,7722
12217,2020-10-29 12:01:00,26.43,26.45,26.43,26.43,0,0,7975
12218,2020-10-29 12:02:00,26.44,26.48,26.43,26.48,0,0,5614
12219,2020-10-29 12:03:00,26.47,26.48,26.45,26.48,0,0,4106
12220,2020-10-29 12:04:00,26.47,26.47,26.45,26.46,0,0,3900
12221,2020-10-29 12:05:00,26.46,26.49,26.46,26.49,0,0,9721
12222,2020-10-29 12:06:00,26.49,26.51,26.49,26.5,0,0,3207
12223,2020-10-29 12:07:00,26.5,26.54,26.5,26.54,0,0,17380
12224,2020-10-29 12:08:00,26.54,26.54,26.53,26.54,0,0,7085
12225,2020-10-29 12:09:00,26.55,26.55,26.52,26.52,0,0,6066
12226,2020-10-29 12:10:00,26.52,26.55,26.52,26.53,0,0,4101
12227,2020-10-29 12:11:00,26.52,26.56,26.52,26.56,0,0,12964
12228,2020-10-29 12:12:00,26.56,26.57,26.54,26.54,0,0,2758
12229,2020-10-29 12:13:00,26.56,26.57,26.56,26.56,0,0,11764
12230,2020-10-29 12:14:00,26.57,26.58,26.56,26.58,0,0,7263
12231,2020-10-29 12:15:00,26.58,26.58,26.56,26.58,0,0,6340
12232,2020-10-29 12:16:00,26.57,26.59,26.57,26.58,0,0,10118
12233,2020-10-29 12:17:00,26.58,26.58,26.55,26.56,0,0,4336
12234,2020-10-29 12:18:00,26.55,26.56,26.55,26.55,0,0,3611
12235,2020-10-29 12:19:00,26.55,26.56,26.55,26.55,0,0,6097
12236,2020-10-29 12:20:00,26.55,26.56,26.54,26.55,0,0,11340
12237,2020-10-29 12:21:00,26.55,26.57,26.54,26.56,0,0,14879
12238,2020-10-29 12:22:00,26.56,26.58,26.55,26.55,0,0,7877
12239,2020-10-29 12:23:00,26.56,26.57,26.54,26.55,0,0,7269
12240,2020-10-29 12:24:00,26.55,26.55,26.5,26.51,0,0,14196
12241,2020-10-29 12:25:00,26.51,26.55,26.51,26.53,0,0,14648
12242,2020-10-29 12:26:00,26.52,26.53,26.5,26.5,0,0,28979
12243,2020-10-29 12:27:00,26.5,26.5,26.48,26.5,0,0,34504
12244,2020-10-29 12:28:00,26.5,26.5,26.48,26.48,0,0,3897
12245,2020-10-29 12:29:00,26.48,26.5,26.48,26.5,0,0,5164
12246,2020-10-29 12:30:00,26.49,26.5,26.48,26.5,0,0,8178
12247,2020-10-29 12:31:00,26.49,26.5,26.43,26.44,0,0,11361
12248,2020-10-29 12:32:00,26.44,26.46,26.44,26.45,0,0,6996
12249,2020-10-29 12:33:00,26.45,26.46,26.44,26.45,0,0,6248
12250,2020-10-29 12:34:00,26.45,26.48,26.45,26.48,0,0,7367
12251,2020-10-29 12:35:00,26.47,26.47,26.44,26.46,0,0,10370
12252,2020-10-29 12:36:00,26.46,26.49,26.46,26.49,0,0,11504
12253,2020-10-29 12:37:00,26.48,26.52,26.48,26.52,0,0,13925
12254,2020-10-29 12:38:00,26.52,26.52,26.46,26.47,0,0,15265
12255,2020-10-29 12:39:00,26.47,26.47,26.44,26.45,0,0,8343
12256,2020-10-29 12:40:00,26.46,26.51,26.45,26.51,0,0,15029
12257,2020-10-29 12:41:00,26.51,26.51,26.49,26.49,0,0,6323
12258,2020-10-29 12:42:00,26.5,26.52,26.5,26.51,0,0,3824
12259,2020-10-29 12:43:00,26.51,26.51,26.49,26.5,0,0,3591
12260,2020-10-29 12:44:00,26.5,26.5,26.49,26.5,0,0,3184
12261,2020-10-29 12:45:00,26.49,26.5,26.48,26.49,0,0,5466
12262,2020-10-29 12:46:00,26.49,26.5,26.48,26.5,0,0,6386
12263,2020-10-29 12:47:00,26.5,26.51,26.49,26.51,0,0,10807
12264,2020-10-29 12:48:00,26.51,26.53,26.51,26.53,0,0,8108
12265,2020-10-29 12:49:00,26.52,26.53,26.5,26.53,0,0,9945
12266,2020-10-29 12:50:00,26.53,26.53,26.49,26.49,0,0,3301
12267,2020-10-29 12:51:00,26.48,26.48,26.44,26.44,0,0,5468
12268,2020-10-29 12:52:00,26.45,26.47,26.43,26.47,0,0,10674
12269,2020-10-29 12:53:00,26.47,26.48,26.45,26.47,0,0,5037
12270,2020-10-29 12:54:00,26.47,26.48,26.44,26.44,0,0,5947
12271,2020-10-29 12:55:00,26.43,26.43,26.4,26.4,0,0,13455
12272,2020-10-29 12:56:00,26.41,26.42,26.4,26.4,0,0,6921
12273,2020-10-29 12:57:00,26.41,26.41,26.4,26.4,0,0,9001
12274,2020-10-29 12:58:00,26.4,26.42,26.38,26.41,0,0,14745
12275,2020-10-29 12:59:00,26.4,26.41,26.37,26.38,0,0,7791
12276,2020-10-29 13:00:00,26.38,26.39,26.38,26.39,0,0,5707
12277,2020-10-29 13:01:00,26.39,26.4,26.39,26.39,0,0,8054
12278,2020-10-29 13:02:00,26.39,26.41,26.38,26.4,0,0,7560
12279,2020-10-29 13:03:00,26.4,26.4,26.37,26.37,0,0,8432
12280,2020-10-29 13:04:00,26.37,26.39,26.36,26.36,0,0,7370
12281,2020-10-29 13:05:00,26.37,26.38,26.36,26.38,0,0,8015
12282,2020-10-29 13:06:00,26.38,26.41,26.38,26.41,0,0,7181
12283,2020-10-29 13:07:00,26.41,26.41,26.38,26.38,0,0,8463
12284,2020-10-29 13:08:00,26.38,26.4,26.38,26.4,0,0,11707
12285,2020-10-29 13:09:00,26.39,26.39,26.36,26.38,0,0,9911
12286,2020-10-29 13:10:00,26.38,26.39,26.36,26.37,0,0,4808
12287,2020-10-29 13:11:00,26.38,26.4,26.38,26.39,0,0,6557
12288,2020-10-29 13:12:00,26.39,26.41,26.39,26.41,0,0,12499
12289,2020-10-29 13:13:00,26.42,26.44,26.42,26.43,0,0,7766
12290,2020-10-29 13:14:00,26.44,26.47,26.43,26.45,0,0,5832
12291,2020-10-29 13:15:00,26.46,26.47,26.43,26.44,0,0,9373
12292,2020-10-29 13:16:00,26.44,26.44,26.42,26.42,0,0,7892
12293,2020-10-29 13:17:00,26.42,26.45,26.42,26.45,0,0,8877
12294,2020-10-29 13:18:00,26.44,26.45,26.42,26.43,0,0,4767
12295,2020-10-29 13:19:00,26.43,26.44,26.42,26.42,0,0,4734
12296,2020-10-29 13:20:00,26.42,26.43,26.42,26.43,0,0,3548
12297,2020-10-29 13:21:00,26.43,26.43,26.42,26.42,0,0,6439
12298,2020-10-29 13:22:00,26.42,26.47,26.42,26.46,0,0,6621
12299,2020-10-29 13:23:00,26.46,26.48,26.45,26.48,0,0,2355
12300,2020-10-29 13:24:00,26.48,26.5,26.48,26.5,0,0,5906
12301,2020-10-29 13:25:00,26.5,26.5,26.46,26.46,0,0,8557
12302,2020-10-29 13:26:00,26.46,26.47,26.45,26.47,0,0,4500
12303,2020-10-29 13:27:00,26.47,26.48,26.47,26.48,0,0,3553
12304,2020-10-29 13:28:00,26.48,26.5,26.48,26.49,0,0,14430
12305,2020-10-29 13:29:00,26.49,26.5,26.48,26.48,0,0,4779
12306,2020-10-29 13:30:00,26.47,26.49,26.47,26.49,0,0,6747
12307,2020-10-29 13:31:00,26.49,26.49,26.48,26.49,0,0,5476
12308,2020-10-29 13:32:00,26.48,26.49,26.47,26.48,0,0,22127
12309,2020-10-29 13:33:00,26.48,26.49,26.47,26.49,0,0,4593
12310,2020-10-29 13:34:00,26.49,26.5,26.49,26.5,0,0,4171
12311,2020-10-29 13:35:00,26.49,26.49,26.47,26.48,0,0,5862
12312,2020-10-29 13:36:00,26.47,26.48,26.45,26.46,0,0,9472
12313,2020-10-29 13:37:00,26.46,26.47,26.45,26.46,0,0,9612
12314,2020-10-29 13:38:00,26.45,26.45,26.44,26.44,0,0,6438
12315,2020-10-29 13:39:00,26.44,26.44,26.42,26.42,0,0,5167
12316,2020-10-29 13:40:00,26.42,26.43,26.41,26.41,0,0,10407
12317,2020-10-29 13:41:00,26.42,26.42,26.41,26.41,0,0,2431
12318,2020-10-29 13:42:00,26.41,26.43,26.41,26.43,0,0,7034
12319,2020-10-29 13:43:00,26.43,26.45,26.43,26.44,0,0,4653
12320,2020-10-29 13:44:00,26.43,26.44,26.41,26.41,0,0,12013
12321,2020-10-29 13:45:00,26.42,26.42,26.41,26.41,0,0,5022
12322,2020-10-29 13:46:00,26.42,26.44,26.42,26.44,0,0,6192
12323,2020-10-29 13:47:00,26.43,26.44,26.42,26.43,0,0,9448
12324,2020-10-29 13:48:00,26.44,26.45,26.42,26.45,0,0,13014
12325,2020-10-29 13:49:00,26.44,26.45,26.43,26.44,0,0,13348
12326,2020-10-29 13:50:00,26.44,26.46,26.43,26.45,0,0,11138
12327,2020-10-29 13:51:00,26.44,26.49,26.44,26.48,0,0,10702
12328,2020-10-29 13:52:00,26.48,26.49,26.46,26.49,0,0,21288
12329,2020-10-29 13:53:00,26.49,26.5,26.49,26.5,0,0,7811
12330,2020-10-29 13:54:00,26.5,26.52,26.48,26.52,0,0,18504
12331,2020-10-29 13:55:00,26.52,26.52,26.49,26.5,0,0,9486
12332,2020-10-29 13:56:00,26.51,26.52,26.5,26.51,0,0,15099
12333,2020-10-29 13:57:00,26.51,26.53,26.51,26.51,0,0,8227
12334,2020-10-29 13:58:00,26.52,26.53,26.49,26.52,0,0,10586
12335,2020-10-29 13:59:00,26.52,26.53,26.52,26.52,0,0,3668
12336,2020-10-29 14:00:00,26.52,26.59,26.52,26.57,0,0,32178
12337,2020-10-29 14:01:00,26.56,26.58,26.56,26.57,0,0,7736
12338,2020-10-29 14:02:00,26.58,26.58,26.53,26.54,0,0,8035
12339,2020-10-29 14:03:00,26.55,26.55,26.54,26.54,0,0,6023
12340,2020-10-29 14:04:00,26.54,26.63,26.54,26.59,0,0,67885
12341,2020-10-29 14:05:00,26.59,26.6,26.56,26.58,0,0,12167
12342,2020-10-29 14:06:00,26.58,26.59,26.56,26.58,0,0,23876
12343,2020-10-29 14:07:00,26.58,26.59,26.56,26.59,0,0,15868
12344,2020-10-29 14:08:00,26.59,26.61,26.58,26.61,0,0,8253
12345,2020-10-29 14:09:00,26.6,26.61,26.58,26.6,0,0,10947
12346,2020-10-29 14:10:00,26.6,26.61,26.58,26.58,0,0,9868
12347,2020-10-29 14:11:00,26.58,26.62,26.58,26.62,0,0,8082
12348,2020-10-29 14:12:00,26.62,26.63,26.61,26.61,0,0,14728
12349,2020-10-29 14:13:00,26.61,26.65,26.61,26.64,0,0,12787
12350,2020-10-29 14:14:00,26.64,26.66,26.62,26.66,0,0,14838
12351,2020-10-29 14:15:00,26.65,26.68,26.65,26.68,0,0,9017
12352,2020-10-29 14:16:00,26.68,26.68,26.65,26.67,0,0,10315
12353,2020-10-29 14:17:00,26.67,26.71,26.67,26.7,0,0,12430
12354,2020-10-29 14:18:00,26.7,26.71,26.68,26.7,0,0,18339
12355,2020-10-29 14:19:00,26.69,26.71,26.67,26.69,0,0,13137
12356,2020-10-29 14:20:00,26.68,26.71,26.68,26.71,0,0,10597
12357,2020-10-29 14:21:00,26.7,26.71,26.7,26.71,0,0,9547
12358,2020-10-29 14:22:00,26.71,26.72,26.7,26.7,0,0,4480
12359,2020-10-29 14:23:00,26.7,26.7,26.67,26.68,0,0,7124
12360,2020-10-29 14:24:00,26.69,26.71,26.69,26.71,0,0,11655
12361,2020-10-29 14:25:00,26.71,26.72,26.7,26.7,0,0,4895
12362,2020-10-29 14:26:00,26.7,26.7,26.69,26.7,0,0,4008
12363,2020-10-29 14:27:00,26.69,26.72,26.68,26.71,0,0,15653
12364,2020-10-29 14:28:00,26.72,26.72,26.69,26.7,0,0,6470
12365,2020-10-29 14:29:00,26.7,26.75,26.7,26.73,0,0,9732
12366,2020-10-29 14:30:00,26.73,26.73,26.67,26.68,0,0,3428
12367,2020-10-29 14:31:00,26.68,26.71,26.67,26.71,0,0,10647
12368,2020-10-29 14:32:00,26.7,26.73,26.7,26.73,0,0,10057
12369,2020-10-29 14:33:00,26.73,26.78,26.73,26.77,0,0,32656
12370,2020-10-29 14:34:00,26.77,26.79,26.76,26.78,0,0,22456
12371,2020-10-29 14:35:00,26.77,26.77,26.74,26.74,0,0,5143
12372,2020-10-29 14:36:00,26.74,26.75,26.73,26.73,0,0,7745
12373,2020-10-29 14:37:00,26.72,26.73,26.68,26.68,0,0,7992
12374,2020-10-29 14:38:00,26.68,26.72,26.65,26.69,0,0,49082
12375,2020-10-29 14:39:00,26.7,26.71,26.69,26.71,0,0,3853
12376,2020-10-29 14:40:00,26.71,26.72,26.68,26.68,0,0,8709
12377,2020-10-29 14:41:00,26.69,26.71,26.69,26.71,0,0,13399
12378,2020-10-29 14:42:00,26.71,26.71,26.69,26.69,0,0,3423
12379,2020-10-29 14:43:00,26.69,26.69,26.66,26.67,0,0,6601
12380,2020-10-29 14:44:00,26.67,26.69,26.66,26.69,0,0,6295
12381,2020-10-29 14:45:00,26.68,26.68,26.65,26.67,0,0,10808
12382,2020-10-29 14:46:00,26.67,26.67,26.63,26.66,0,0,18955
12383,2020-10-29 14:47:00,26.67,26.67,26.65,26.67,0,0,7734
12384,2020-10-29 14:48:00,26.66,26.67,26.65,26.66,0,0,3571
12385,2020-10-29 14:49:00,26.65,26.66,26.63,26.63,0,0,8152
12386,2020-10-29 14:50:00,26.63,26.64,26.62,26.62,0,0,19620
12387,2020-10-29 14:51:00,26.62,26.62,26.59,26.62,0,0,16919
12388,2020-10-29 14:52:00,26.61,26.62,26.6,26.61,0,0,13450
12389,2020-10-29 14:53:00,26.61,26.61,26.59,26.6,0,0,5719
12390,2020-10-29 14:54:00,26.59,26.62,26.58,26.62,0,0,80746
12391,2020-10-29 14:55:00,26.62,26.64,26.62,26.63,0,0,5870
12392,2020-10-29 14:56:00,26.62,26.64,26.61,26.61,0,0,9020
12393,2020-10-29 14:57:00,26.61,26.63,26.6,26.63,0,0,9045
12394,2020-10-29 14:58:00,26.63,26.64,26.61,26.62,0,0,5652
12395,2020-10-29 14:59:00,26.61,26.61,26.58,26.59,0,0,15214
12396,2020-10-29 15:00:00,26.59,26.61,26.59,26.61,0,0,13186
12397,2020-10-29 15:01:00,26.61,26.62,26.59,26.62,0,0,10880
12398,2020-10-29 15:02:00,26.64,26.67,26.63,26.66,0,0,11118
12399,2020-10-29 15:03:00,26.66,26.67,26.64,26.67,0,0,12196
12400,2020-10-29 15:04:00,26.67,26.71,26.67,26.67,0,0,26106
12401,2020-10-29 15:05:00,26.68,26.7,26.67,26.69,0,0,19915
12402,2020-10-29 15:06:00,26.69,26.69,26.67,26.68,0,0,12910
12403,2020-10-29 15:07:00,26.68,26.69,26.66,26.66,0,0,2795
12404,2020-10-29 15:08:00,26.67,26.69,26.66,26.67,0,0,28754
12405,2020-10-29 15:09:00,26.66,26.66,26.64,26.66,0,0,13735
12406,2020-10-29 15:10:00,26.66,26.68,26.66,26.67,0,0,9177
12407,2020-10-29 15:11:00,26.68,26.68,26.64,26.64,0,0,7391
12408,2020-10-29 15:12:00,26.64,26.65,26.62,26.65,0,0,13389
12409,2020-10-29 15:13:00,26.65,26.67,26.65,26.65,0,0,5684
12410,2020-10-29 15:14:00,26.65,26.65,26.63,26.64,0,0,5408
12411,2020-10-29 15:15:00,26.64,26.64,26.61,26.63,0,0,10889
12412,2020-10-29 15:16:00,26.63,26.64,26.61,26.62,0,0,5151
12413,2020-10-29 15:17:00,26.62,26.63,26.61,26.62,0,0,10885
12414,2020-10-29 15:18:00,26.62,26.63,26.61,26.62,0,0,5141
12415,2020-10-29 15:19:00,26.62,26.68,26.62,26.67,0,0,19646
12416,2020-10-29 15:20:00,26.67,26.69,26.66,26.66,0,0,15942
12417,2020-10-29 15:21:00,26.66,26.7,26.66,26.68,0,0,11110
12418,2020-10-29 15:22:00,26.69,26.7,26.69,26.7,0,0,7649
12419,2020-10-29 15:23:00,26.7,26.7,26.68,26.69,0,0,12640
12420,2020-10-29 15:24:00,26.68,26.7,26.68,26.69,0,0,13118
12421,2020-10-29 15:25:00,26.68,26.69,26.67,26.68,0,0,8054
12422,2020-10-29 15:26:00,26.67,26.7,26.67,26.68,0,0,10246
12423,2020-10-29 15:27:00,26.67,26.69,26.67,26.68,0,0,5676
12424,2020-10-29 15:28:00,26.68,26.68,26.65,26.66,0,0,8703
12425,2020-10-29 15:29:00,26.66,26.66,26.63,26.65,0,0,12325
12426,2020-10-29 15:30:00,26.65,26.66,26.63,26.66,0,0,20983
12427,2020-10-29 15:31:00,26.67,26.68,26.67,26.67,0,0,18748
12428,2020-10-29 15:32:00,26.67,26.67,26.64,26.66,0,0,11358
12429,2020-10-29 15:33:00,26.66,26.66,26.64,26.64,0,0,6430
12430,2020-10-29 15:34:00,26.63,26.65,26.63,26.65,0,0,17763
12431,2020-10-29 15:35:00,26.65,26.66,26.64,26.65,0,0,14894
12432,2020-10-29 15:36:00,26.65,26.65,26.63,26.64,0,0,7312
12433,2020-10-29 15:37:00,26.63,26.64,26.63,26.63,0,0,8447
12434,2020-10-29 15:38:00,26.64,26.65,26.63,26.65,0,0,20389
12435,2020-10-29 15:39:00,26.65,26.67,26.64,26.67,0,0,17185
12436,2020-10-29 15:40:00,26.67,26.67,26.66,26.67,0,0,5489
12437,2020-10-29 15:41:00,26.67,26.71,26.66,26.71,0,0,34194
12438,2020-10-29 15:42:00,26.71,26.75,26.7,26.72,0,0,50960
12439,2020-10-29 15:43:00,26.73,26.73,26.7,26.7,0,0,6907
12440,2020-10-29 15:44:00,26.7,26.72,26.7,26.7,0,0,16458
12441,2020-10-29 15:45:00,26.7,26.73,26.68,26.73,0,0,54385
12442,2020-10-29 15:46:00,26.73,26.75,26.73,26.75,0,0,68712
12443,2020-10-29 15:47:00,26.75,26.77,26.74,26.77,0,0,25216
12444,2020-10-29 15:48:00,26.78,26.8,26.77,26.8,0,0,19154
12445,2020-10-29 15:49:00,26.8,26.8,26.77,26.78,0,0,31267
12446,2020-10-29 15:50:00,26.78,26.81,26.76,26.76,0,0,33828
12447,2020-10-29 15:51:00,26.77,26.77,26.75,26.75,0,0,25189
12448,2020-10-29 15:52:00,26.75,26.81,26.75,26.8,0,0,49323
12449,2020-10-29 15:53:00,26.8,26.83,26.8,26.82,0,0,40509
12450,2020-10-29 15:54:00,26.82,26.82,26.75,26.76,0,0,32549
12451,2020-10-29 15:55:00,26.75,26.77,26.74,26.76,0,0,66014
12452,2020-10-29 15:56:00,26.75,26.76,26.7,26.73,0,0,40429
12453,2020-10-29 15:57:00,26.73,26.78,26.72,26.77,0,0,71646
12454,2020-10-29 15:58:00,26.77,26.77,26.74,26.75,0,0,88341
12455,2020-10-29 15:59:00,26.75,26.78,26.72,26.74,0,0,215520
12456,2020-10-30 09:30:00,26.49,26.55,26.31,26.33,0,0,82921
12457,2020-10-30 09:31:00,26.31,26.38,26.31,26.33,0,0,35928
12458,2020-10-30 09:32:00,26.33,26.39,26.2,26.39,0,0,41967
12459,2020-10-30 09:33:00,26.36,26.53,26.35,26.51,0,0,26016
12460,2020-10-30 09:34:00,26.53,26.63,26.49,26.57,0,0,22373
12461,2020-10-30 09:35:00,26.57,26.57,26.34,26.42,0,0,30680
12462,2020-10-30 09:36:00,26.4,26.47,26.4,26.47,0,0,33050
12463,2020-10-30 09:37:00,26.44,26.47,26.41,26.47,0,0,8490
12464,2020-10-30 09:38:00,26.48,26.51,26.44,26.5,0,0,22283
12465,2020-10-30 09:39:00,26.48,26.54,26.42,26.43,0,0,11876
12466,2020-10-30 09:40:00,26.42,26.42,26.36,26.36,0,0,22561
12467,2020-10-30 09:41:00,26.36,26.39,26.3,26.38,0,0,28097
12468,2020-10-30 09:42:00,26.38,26.48,26.38,26.44,0,0,15392
12469,2020-10-30 09:43:00,26.46,26.48,26.41,26.45,0,0,9399
12470,2020-10-30 09:44:00,26.44,26.44,26.38,26.42,0,0,18646
12471,2020-10-30 09:45:00,26.42,26.49,26.38,26.45,0,0,13816
12472,2020-10-30 09:46:00,26.45,26.59,26.44,26.52,0,0,20769
12473,2020-10-30 09:47:00,26.54,26.54,26.46,26.46,0,0,52352
12474,2020-10-30 09:48:00,26.46,26.48,26.4,26.41,0,0,25173
12475,2020-10-30 09:49:00,26.41,26.43,26.36,26.36,0,0,21257
12476,2020-10-30 09:50:00,26.36,26.39,26.33,26.37,0,0,28164
12477,2020-10-30 09:51:00,26.37,26.38,26.2,26.22,0,0,41613
12478,2020-10-30 09:52:00,26.2,26.26,26.16,26.16,0,0,39886
12479,2020-10-30 09:53:00,26.16,26.18,26.09,26.18,0,0,30483
12480,2020-10-30 09:54:00,26.18,26.23,26.17,26.17,0,0,24978
12481,2020-10-30 09:55:00,26.16,26.29,26.11,26.29,0,0,8785
12482,2020-10-30 09:56:00,26.29,26.33,26.24,26.26,0,0,10002
12483,2020-10-30 09:57:00,26.25,26.3,26.25,26.28,0,0,8191
12484,2020-10-30 09:58:00,26.28,26.33,26.26,26.33,0,0,4952
12485,2020-10-30 09:59:00,26.32,26.32,26.25,26.25,0,0,3961
12486,2020-10-30 10:00:00,26.26,26.31,26.23,26.27,0,0,11700
12487,2020-10-30 10:01:00,26.22,26.22,26.16,26.21,0,0,4742
12488,2020-10-30 10:02:00,26.22,26.25,26.18,26.25,0,0,3383
12489,2020-10-30 10:03:00,26.27,26.33,26.26,26.33,0,0,10363
12490,2020-10-30 10:04:00,26.28,26.28,26.22,26.25,0,0,4427
12491,2020-10-30 10:05:00,26.27,26.27,26.25,26.26,0,0,4733
12492,2020-10-30 10:06:00,26.26,26.33,26.24,26.3,0,0,19565
12493,2020-10-30 10:07:00,26.3,26.3,26.25,26.25,0,0,11309
12494,2020-10-30 10:08:00,26.27,26.27,26.19,26.22,0,0,8052
12495,2020-10-30 10:09:00,26.19,26.2,26.13,26.13,0,0,23877
12496,2020-10-30 10:10:00,26.13,26.19,26.1,26.17,0,0,24526
12497,2020-10-30 10:11:00,26.17,26.18,26.13,26.15,0,0,15432
12498,2020-10-30 10:12:00,26.14,26.16,26.1,26.15,0,0,16460
12499,2020-10-30 10:13:00,26.16,26.17,26.1,26.13,0,0,8482
12500,2020-10-30 10:14:00,26.1,26.11,26.07,26.1,0,0,10456
12501,2020-10-30 10:15:00,26.09,26.12,26.09,26.12,0,0,12448
12502,2020-10-30 10:16:00,26.12,26.13,26.05,26.05,0,0,11652
12503,2020-10-30 10:17:00,26.04,26.08,26.03,26.07,0,0,16600
12504,2020-10-30 10:18:00,26.07,26.08,26.03,26.04,0,0,17129
12505,2020-10-30 10:19:00,26.04,26.09,26.03,26.05,0,0,18297
12506,2020-10-30 10:20:00,26.05,26.05,25.95,26.02,0,0,92907
12507,2020-10-30 10:21:00,26.0,26.03,25.96,26.03,0,0,31142
12508,2020-10-30 10:22:00,26.02,26.02,25.97,25.98,0,0,36291
12509,2020-10-30 10:23:00,25.99,26.0,25.94,25.95,0,0,11155
12510,2020-10-30 10:24:00,25.97,26.0,25.96,25.98,0,0,16982
12511,2020-10-30 10:25:00,25.98,25.98,25.94,25.95,0,0,25532
12512,2020-10-30 10:26:00,25.94,25.94,25.9,25.91,0,0,13128
12513,2020-10-30 10:27:00,25.91,25.96,25.9,25.9,0,0,35186
12514,2020-10-30 10:28:00,25.9,25.97,25.88,25.93,0,0,50786
12515,2020-10-30 10:29:00,25.92,25.92,25.89,25.92,0,0,10631
12516,2020-10-30 10:30:00,25.91,25.98,25.87,25.96,0,0,28453
12517,2020-10-30 10:31:00,25.96,26.0,25.95,25.96,0,0,18872
12518,2020-10-30 10:32:00,25.94,25.94,25.87,25.91,0,0,43123
12519,2020-10-30 10:33:00,25.91,25.94,25.9,25.92,0,0,15475
12520,2020-10-30 10:34:00,25.91,25.93,25.84,25.84,0,0,39136
12521,2020-10-30 10:35:00,25.84,25.85,25.79,25.82,0,0,34130
12522,2020-10-30 10:36:00,25.81,25.82,25.75,25.8,0,0,21083
12523,2020-10-30 10:37:00,25.8,25.86,25.8,25.82,0,0,21797
12524,2020-10-30 10:38:00,25.83,25.85,25.81,25.85,0,0,13066
12525,2020-10-30 10:39:00,25.85,25.86,25.81,25.85,0,0,28260
12526,2020-10-30 10:40:00,25.83,25.83,25.73,25.76,0,0,20892
12527,2020-10-30 10:41:00,25.76,25.81,25.76,25.81,0,0,10458
12528,2020-10-30 10:42:00,25.81,25.84,25.78,25.79,0,0,20687
12529,2020-10-30 10:43:00,25.8,25.83,25.74,25.74,0,0,26678
12530,2020-10-30 10:44:00,25.75,25.77,25.69,25.73,0,0,37582
12531,2020-10-30 10:45:00,25.73,25.78,25.71,25.77,0,0,14561
12532,2020-10-30 10:46:00,25.77,25.79,25.72,25.74,0,0,25822
12533,2020-10-30 10:47:00,25.75,25.75,25.63,25.63,0,0,40339
12534,2020-10-30 10:48:00,25.64,25.65,25.6,25.61,0,0,25076
12535,2020-10-30 10:49:00,25.62,25.65,25.61,25.62,0,0,29540
12536,2020-10-30 10:50:00,25.62,25.67,25.58,25.67,0,0,43707
12537,2020-10-30 10:51:00,25.67,25.7,25.66,25.7,0,0,10391
12538,2020-10-30 10:52:00,25.71,25.77,25.71,25.75,0,0,11625
12539,2020-10-30 10:53:00,25.75,25.75,25.68,25.72,0,0,13346
12540,2020-10-30 10:54:00,25.71,25.78,25.7,25.77,0,0,12058
12541,2020-10-30 10:55:00,25.78,25.79,25.76,25.78,0,0,17309
12542,2020-10-30 10:56:00,25.79,25.79,25.7,25.73,0,0,18801
12543,2020-10-30 10:57:00,25.73,25.74,25.7,25.73,0,0,13692
12544,2020-10-30 10:58:00,25.72,25.73,25.66,25.66,0,0,13082
12545,2020-10-30 10:59:00,25.65,25.68,25.65,25.67,0,0,32723
12546,2020-10-30 11:00:00,25.68,25.85,25.68,25.84,0,0,83779
12547,2020-10-30 11:01:00,25.84,25.88,25.81,25.85,0,0,38885
12548,2020-10-30 11:02:00,25.85,25.85,25.79,25.85,0,0,18915
12549,2020-10-30 11:03:00,25.86,25.91,25.85,25.91,0,0,14662
12550,2020-10-30 11:04:00,25.91,25.94,25.91,25.94,0,0,44522
12551,2020-10-30 11:05:00,25.94,25.96,25.92,25.93,0,0,39881
12552,2020-10-30 11:06:00,25.93,25.94,25.91,25.93,0,0,23128
12553,2020-10-30 11:07:00,25.93,25.95,25.87,25.88,0,0,16113
12554,2020-10-30 11:08:00,25.89,25.89,25.83,25.84,0,0,43548
12555,2020-10-30 11:09:00,25.84,25.87,25.73,25.74,0,0,39168
12556,2020-10-30 11:10:00,25.75,25.81,25.75,25.79,0,0,15550
12557,2020-10-30 11:11:00,25.8,25.87,25.8,25.86,0,0,6736
12558,2020-10-30 11:12:00,25.86,25.88,25.84,25.88,0,0,13596
12559,2020-10-30 11:13:00,25.88,25.88,25.81,25.82,0,0,24485
12560,2020-10-30 11:14:00,25.82,25.89,25.81,25.89,0,0,11412
12561,2020-10-30 11:15:00,25.88,25.89,25.84,25.85,0,0,11381
12562,2020-10-30 11:16:00,25.85,25.87,25.84,25.84,0,0,11741
12563,2020-10-30 11:17:00,25.82,25.82,25.75,25.76,0,0,13006
12564,2020-10-30 11:18:00,25.75,25.76,25.73,25.74,0,0,12946
12565,2020-10-30 11:19:00,25.73,25.78,25.73,25.75,0,0,18464
12566,2020-10-30 11:20:00,25.75,25.77,25.73,25.75,0,0,13910
12567,2020-10-30 11:21:00,25.75,25.81,25.74,25.81,0,0,10328
12568,2020-10-30 11:22:00,25.81,25.81,25.74,25.74,0,0,9847
12569,2020-10-30 11:23:00,25.74,25.76,25.73,25.75,0,0,5148
12570,2020-10-30 11:24:00,25.76,25.81,25.74,25.81,0,0,24984
12571,2020-10-30 11:25:00,25.83,25.83,25.76,25.77,0,0,42652
12572,2020-10-30 11:26:00,25.76,25.78,25.75,25.75,0,0,11522
12573,2020-10-30 11:27:00,25.74,25.74,25.7,25.7,0,0,28881
12574,2020-10-30 11:28:00,25.7,25.71,25.7,25.71,0,0,10954
12575,2020-10-30 11:29:00,25.7,25.72,25.69,25.7,0,0,44526
12576,2020-10-30 11:30:00,25.69,25.69,25.63,25.64,0,0,37208
12577,2020-10-30 11:31:00,25.64,25.67,25.64,25.66,0,0,9316
12578,2020-10-30 11:32:00,25.67,25.68,25.65,25.66,0,0,18043
12579,2020-10-30 11:33:00,25.66,25.66,25.63,25.66,0,0,12755
12580,2020-10-30 11:34:00,25.66,25.66,25.64,25.65,0,0,15398
12581,2020-10-30 11:35:00,25.65,25.65,25.57,25.62,0,0,49108
12582,2020-10-30 11:36:00,25.61,25.62,25.59,25.62,0,0,14162
12583,2020-10-30 11:37:00,25.62,25.64,25.58,25.64,0,0,52567
12584,2020-10-30 11:38:00,25.63,25.64,25.59,25.61,0,0,8295
12585,2020-10-30 11:39:00,25.61,25.67,25.61,25.65,0,0,12373
12586,2020-10-30 11:40:00,25.65,25.65,25.48,25.53,0,0,113632
12587,2020-10-30 11:41:00,25.54,25.57,25.51,25.52,0,0,43011
12588,2020-10-30 11:42:00,25.53,25.61,25.52,25.55,0,0,18074
12589,2020-10-30 11:43:00,25.56,25.63,25.56,25.61,0,0,5034
12590,2020-10-30 11:44:00,25.62,25.66,25.6,25.65,0,0,100273
12591,2020-10-30 11:45:00,25.64,25.64,25.62,25.64,0,0,105699
12592,2020-10-30 11:46:00,25.64,25.66,25.64,25.64,0,0,211081
12593,2020-10-30 11:47:00,25.65,25.71,25.64,25.69,0,0,25329
12594,2020-10-30 11:48:00,25.67,25.73,25.66,25.72,0,0,125808
12595,2020-10-30 11:49:00,25.72,25.76,25.69,25.75,0,0,48724
12596,2020-10-30 11:50:00,25.76,25.77,25.74,25.74,0,0,12484
12597,2020-10-30 11:51:00,25.74,25.75,25.72,25.75,0,0,21052
12598,2020-10-30 11:52:00,25.75,25.75,25.71,25.72,0,0,27961
12599,2020-10-30 11:53:00,25.72,25.72,25.67,25.69,0,0,21344
12600,2020-10-30 11:54:00,25.7,25.75,25.7,25.74,0,0,9048
12601,2020-10-30 11:55:00,25.74,25.75,25.71,25.71,0,0,12619
12602,2020-10-30 11:56:00,25.7,25.72,25.69,25.71,0,0,21434
12603,2020-10-30 11:57:00,25.71,25.72,25.69,25.71,0,0,19861
12604,2020-10-30 11:58:00,25.72,25.72,25.69,25.69,0,0,28246
12605,2020-10-30 11:59:00,25.69,25.71,25.69,25.7,0,0,8074
12606,2020-10-30 12:00:00,25.7,25.71,25.67,25.71,0,0,19558
12607,2020-10-30 12:01:00,25.7,25.74,25.7,25.73,0,0,28103
12608,2020-10-30 12:02:00,25.72,25.75,25.72,25.75,0,0,51588
12609,2020-10-30 12:03:00,25.8,25.8,25.78,25.8,0,0,96479
12610,2020-10-30 12:04:00,25.8,25.81,25.77,25.77,0,0,19674
12611,2020-10-30 12:05:00,25.78,25.8,25.76,25.79,0,0,54861
12612,2020-10-30 12:06:00,25.79,25.8,25.79,25.79,0,0,11641
12613,2020-10-30 12:07:00,25.8,25.83,25.77,25.83,0,0,83746
12614,2020-10-30 12:08:00,25.83,25.86,25.83,25.86,0,0,12289
12615,2020-10-30 12:09:00,25.86,25.88,25.78,25.79,0,0,19922
12616,2020-10-30 12:10:00,25.78,25.83,25.78,25.82,0,0,11024
12617,2020-10-30 12:11:00,25.82,25.87,25.82,25.87,0,0,8592
12618,2020-10-30 12:12:00,25.87,25.91,25.87,25.91,0,0,9316
12619,2020-10-30 12:13:00,25.9,25.9,25.88,25.9,0,0,9940
12620,2020-10-30 12:14:00,25.89,25.93,25.89,25.9,0,0,15705
12621,2020-10-30 12:15:00,25.91,25.92,25.87,25.91,0,0,22731
12622,2020-10-30 12:16:00,25.92,25.98,25.92,25.97,0,0,11148
12623,2020-10-30 12:17:00,25.97,25.99,25.96,25.97,0,0,9841
12624,2020-10-30 12:18:00,25.96,25.99,25.96,25.99,0,0,4844
12625,2020-10-30 12:19:00,25.98,26.0,25.97,25.98,0,0,8856
12626,2020-10-30 12:20:00,25.97,25.99,25.97,25.99,0,0,5959
12627,2020-10-30 12:21:00,25.98,25.99,25.97,25.98,0,0,12494
12628,2020-10-30 12:22:00,25.97,25.99,25.96,25.96,0,0,29000
12629,2020-10-30 12:23:00,25.96,25.96,25.93,25.94,0,0,18839
12630,2020-10-30 12:24:00,25.94,25.94,25.91,25.92,0,0,33938
12631,2020-10-30 12:25:00,25.92,25.92,25.84,25.84,0,0,51113
12632,2020-10-30 12:26:00,25.84,25.89,25.84,25.88,0,0,107947
12633,2020-10-30 12:27:00,25.87,25.88,25.84,25.84,0,0,93953
12634,2020-10-30 12:28:00,25.85,25.87,25.84,25.86,0,0,59677
12635,2020-10-30 12:29:00,25.85,25.86,25.83,25.84,0,0,60530
12636,2020-10-30 12:30:00,25.84,25.85,25.83,25.84,0,0,15018
12637,2020-10-30 12:31:00,25.84,25.87,25.84,25.85,0,0,56820
12638,2020-10-30 12:32:00,25.86,25.86,25.83,25.83,0,0,27068
12639,2020-10-30 12:33:00,25.83,25.84,25.81,25.83,0,0,78852
12640,2020-10-30 12:34:00,25.84,25.88,25.84,25.88,0,0,18817
12641,2020-10-30 12:35:00,25.87,25.96,25.87,25.96,0,0,7564
12642,2020-10-30 12:36:00,25.95,25.99,25.94,25.95,0,0,38138
12643,2020-10-30 12:37:00,25.93,25.97,25.91,25.93,0,0,27118
12644,2020-10-30 12:38:00,25.93,25.97,25.93,25.97,0,0,13458
12645,2020-10-30 12:39:00,25.97,25.99,25.94,25.99,0,0,10956
12646,2020-10-30 12:40:00,25.99,26.0,25.98,26.0,0,0,18840
12647,2020-10-30 12:41:00,25.99,26.0,25.97,25.97,0,0,9543
12648,2020-10-30 12:42:00,25.97,25.98,25.92,25.92,0,0,15767
12649,2020-10-30 12:43:00,25.94,25.94,25.91,25.91,0,0,33350
12650,2020-10-30 12:44:00,25.9,25.91,25.87,25.88,0,0,13969
12651,2020-10-30 12:45:00,25.87,25.88,25.83,25.83,0,0,27534
12652,2020-10-30 12:46:00,25.83,25.84,25.78,25.78,0,0,22362
12653,2020-10-30 12:47:00,25.78,25.79,25.67,25.72,0,0,88112
12654,2020-10-30 12:48:00,25.73,25.73,25.6,25.6,0,0,60067
12655,2020-10-30 12:49:00,25.6,25.61,25.54,25.6,0,0,131578
12656,2020-10-30 12:50:00,25.61,25.66,25.59,25.64,0,0,57950
12657,2020-10-30 12:51:00,25.67,25.68,25.61,25.66,0,0,20949
12658,2020-10-30 12:52:00,25.65,25.74,25.65,25.7,0,0,32070
12659,2020-10-30 12:53:00,25.7,25.71,25.68,25.68,0,0,25549
12660,2020-10-30 12:54:00,25.69,25.71,25.68,25.7,0,0,12635
12661,2020-10-30 12:55:00,25.7,25.71,25.67,25.69,0,0,14127
12662,2020-10-30 12:56:00,25.68,25.68,25.62,25.62,0,0,32283
12663,2020-10-30 12:57:00,25.62,25.67,25.62,25.66,0,0,25673
12664,2020-10-30 12:58:00,25.66,25.67,25.65,25.65,0,0,19822
12665,2020-10-30 12:59:00,25.66,25.72,25.64,25.71,0,0,27725
12666,2020-10-30 13:00:00,25.7,25.74,25.7,25.74,0,0,4792
12667,2020-10-30 13:01:00,25.74,25.78,25.74,25.75,0,0,16953
12668,2020-10-30 13:02:00,25.75,25.76,25.74,25.74,0,0,6692
12669,2020-10-30 13:03:00,25.74,25.74,25.69,25.69,0,0,15939
12670,2020-10-30 13:04:00,25.68,25.7,25.66,25.67,0,0,15867
12671,2020-10-30 13:05:00,25.68,25.7,25.67,25.68,0,0,12119
12672,2020-10-30 13:06:00,25.67,25.7,25.67,25.69,0,0,8183
12673,2020-10-30 13:07:00,25.69,25.71,25.69,25.69,0,0,12036
12674,2020-10-30 13:08:00,25.7,25.7,25.67,25.67,0,0,7460
12675,2020-10-30 13:09:00,25.67,25.67,25.65,25.66,0,0,13722
12676,2020-10-30 13:10:00,25.65,25.66,25.63,25.63,0,0,29355
12677,2020-10-30 13:11:00,25.62,25.62,25.61,25.62,0,0,15381
12678,2020-10-30 13:12:00,25.62,25.67,25.61,25.65,0,0,12785
12679,2020-10-30 13:13:00,25.64,25.66,25.62,25.63,0,0,19929
12680,2020-10-30 13:14:00,25.62,25.64,25.58,25.58,0,0,11768
12681,2020-10-30 13:15:00,25.59,25.63,25.59,25.59,0,0,21121
12682,2020-10-30 13:16:00,25.59,25.61,25.58,25.61,0,0,6466
12683,2020-10-30 13:17:00,25.6,25.61,25.59,25.6,0,0,99448
12684,2020-10-30 13:18:00,25.59,25.64,25.59,25.62,0,0,11170
12685,2020-10-30 13:19:00,25.62,25.62,25.59,25.61,0,0,8313
12686,2020-10-30 13:20:00,25.6,25.61,25.58,25.58,0,0,23853
12687,2020-10-30 13:21:00,25.58,25.59,25.55,25.55,0,0,19471
12688,2020-10-30 13:22:00,25.54,25.55,25.52,25.55,0,0,14281
12689,2020-10-30 13:23:00,25.56,25.58,25.56,25.57,0,0,2894
12690,2020-10-30 13:24:00,25.56,25.56,25.54,25.56,0,0,5112
12691,2020-10-30 13:25:00,25.56,25.58,25.55,25.58,0,0,7392
12692,2020-10-30 13:26:00,25.58,25.58,25.57,25.58,0,0,8415
12693,2020-10-30 13:27:00,25.58,25.58,25.53,25.54,0,0,9981
12694,2020-10-30 13:28:00,25.54,25.63,25.54,25.6,0,0,18551
12695,2020-10-30 13:29:00,25.6,25.62,25.6,25.61,0,0,5375
12696,2020-10-30 13:30:00,25.61,25.63,25.59,25.62,0,0,9004
12697,2020-10-30 13:31:00,25.62,25.62,25.59,25.6,0,0,7985
12698,2020-10-30 13:32:00,25.61,25.61,25.6,25.61,0,0,3991
12699,2020-10-30 13:33:00,25.61,25.62,25.59,25.62,0,0,12949
12700,2020-10-30 13:34:00,25.62,25.64,25.6,25.6,0,0,6543
12701,2020-10-30 13:35:00,25.59,25.61,25.58,25.58,0,0,13613
12702,2020-10-30 13:36:00,25.58,25.58,25.55,25.57,0,0,24023
12703,2020-10-30 13:37:00,25.57,25.57,25.55,25.56,0,0,7539
12704,2020-10-30 13:38:00,25.55,25.56,25.55,25.56,0,0,16577
12705,2020-10-30 13:39:00,25.57,25.6,25.57,25.6,0,0,30986
12706,2020-10-30 13:40:00,25.59,25.61,25.59,25.59,0,0,10770
12707,2020-10-30 13:41:00,25.59,25.61,25.58,25.6,0,0,13090
12708,2020-10-30 13:42:00,25.61,25.67,25.61,25.66,0,0,16859
12709,2020-10-30 13:43:00,25.66,25.67,25.65,25.66,0,0,18563
12710,2020-10-30 13:44:00,25.66,25.66,25.64,25.65,0,0,34832
12711,2020-10-30 13:45:00,25.65,25.68,25.64,25.68,0,0,19999
12712,2020-10-30 13:46:00,25.68,25.69,25.62,25.62,0,0,114508
12713,2020-10-30 13:47:00,25.62,25.65,25.62,25.65,0,0,9388
12714,2020-10-30 13:48:00,25.65,25.69,25.65,25.68,0,0,16265
12715,2020-10-30 13:49:00,25.68,25.71,25.68,25.7,0,0,8534
12716,2020-10-30 13:50:00,25.71,25.74,25.71,25.73,0,0,11536
12717,2020-10-30 13:51:00,25.73,25.75,25.71,25.72,0,0,11663
12718,2020-10-30 13:52:00,25.72,25.75,25.71,25.71,0,0,17795
12719,2020-10-30 13:53:00,25.7,25.72,25.69,25.7,0,0,11934
12720,2020-10-30 13:54:00,25.71,25.75,25.71,25.74,0,0,16009
12721,2020-10-30 13:55:00,25.73,25.77,25.72,25.76,0,0,43683
12722,2020-10-30 13:56:00,25.76,25.79,25.75,25.75,0,0,11991
12723,2020-10-30 13:57:00,25.75,25.78,25.75,25.76,0,0,10609
12724,2020-10-30 13:58:00,25.76,25.78,25.75,25.76,0,0,24248
12725,2020-10-30 13:59:00,25.76,25.78,25.75,25.76,0,0,9785
12726,2020-10-30 14:00:00,25.76,25.76,25.73,25.74,0,0,17144
12727,2020-10-30 14:01:00,25.74,25.75,25.67,25.7,0,0,136826
12728,2020-10-30 14:02:00,25.7,25.72,25.69,25.71,0,0,33451
12729,2020-10-30 14:03:00,25.72,25.72,25.69,25.7,0,0,15247
12730,2020-10-30 14:04:00,25.7,25.76,25.69,25.75,0,0,39619
12731,2020-10-30 14:05:00,25.74,25.82,25.72,25.82,0,0,60202
12732,2020-10-30 14:06:00,25.82,25.91,25.82,25.9,0,0,21691
12733,2020-10-30 14:07:00,25.9,25.94,25.89,25.92,0,0,45274
12734,2020-10-30 14:08:00,25.92,25.96,25.89,25.94,0,0,18929
12735,2020-10-30 14:09:00,25.94,25.97,25.94,25.96,0,0,19376
12736,2020-10-30 14:10:00,25.97,25.98,25.93,25.93,0,0,5080
12737,2020-10-30 14:11:00,25.93,25.94,25.91,25.91,0,0,13848
12738,2020-10-30 14:12:00,25.92,25.95,25.92,25.93,0,0,10184
12739,2020-10-30 14:13:00,25.94,25.94,25.91,25.92,0,0,19367
12740,2020-10-30 14:14:00,25.92,25.92,25.87,25.88,0,0,7279
12741,2020-10-30 14:15:00,25.88,25.92,25.87,25.92,0,0,5285
12742,2020-10-30 14:16:00,25.92,25.94,25.92,25.92,0,0,10159
12743,2020-10-30 14:17:00,25.91,25.93,25.91,25.93,0,0,10103
12744,2020-10-30 14:18:00,25.94,25.96,25.94,25.95,0,0,12906
12745,2020-10-30 14:19:00,25.95,25.96,25.92,25.96,0,0,9535
12746,2020-10-30 14:20:00,25.96,25.96,25.94,25.96,0,0,9442
12747,2020-10-30 14:21:00,25.97,25.97,25.92,25.92,0,0,17125
12748,2020-10-30 14:22:00,25.92,25.92,25.91,25.92,0,0,8113
12749,2020-10-30 14:23:00,25.93,25.94,25.92,25.92,0,0,14517
12750,2020-10-30 14:24:00,25.92,25.93,25.86,25.88,0,0,23527
12751,2020-10-30 14:25:00,25.89,25.89,25.85,25.85,0,0,7782
12752,2020-10-30 14:26:00,25.85,25.86,25.8,25.8,0,0,14280
12753,2020-10-30 14:27:00,25.8,25.83,25.79,25.79,0,0,9972
12754,2020-10-30 14:28:00,25.8,25.81,25.79,25.79,0,0,13935
12755,2020-10-30 14:29:00,25.79,25.81,25.78,25.81,0,0,14301
12756,2020-10-30 14:30:00,25.81,25.82,25.8,25.81,0,0,11101
12757,2020-10-30 14:31:00,25.81,25.82,25.8,25.81,0,0,9096
12758,2020-10-30 14:32:00,25.81,25.82,25.79,25.8,0,0,8871
12759,2020-10-30 14:33:00,25.79,25.79,25.76,25.76,0,0,18613
12760,2020-10-30 14:34:00,25.76,25.78,25.76,25.77,0,0,11229
12761,2020-10-30 14:35:00,25.77,25.78,25.75,25.76,0,0,12187
12762,2020-10-30 14:36:00,25.76,25.76,25.74,25.76,0,0,7250
12763,2020-10-30 14:37:00,25.76,25.81,25.76,25.81,0,0,21412
12764,2020-10-30 14:38:00,25.82,25.91,25.82,25.91,0,0,17112
12765,2020-10-30 14:39:00,25.9,25.9,25.87,25.89,0,0,6935
12766,2020-10-30 14:40:00,25.9,25.9,25.85,25.86,0,0,7812
12767,2020-10-30 14:41:00,25.85,25.85,25.83,25.83,0,0,4068
12768,2020-10-30 14:42:00,25.83,25.84,25.83,25.83,0,0,11876
12769,2020-10-30 14:43:00,25.83,25.84,25.82,25.84,0,0,9175
12770,2020-10-30 14:44:00,25.83,25.84,25.82,25.83,0,0,4580
12771,2020-10-30 14:45:00,25.83,25.85,25.81,25.84,0,0,8992
12772,2020-10-30 14:46:00,25.84,25.85,25.84,25.85,0,0,13159
12773,2020-10-30 14:47:00,25.85,25.85,25.83,25.84,0,0,4798
12774,2020-10-30 14:48:00,25.84,25.87,25.83,25.87,0,0,13379
12775,2020-10-30 14:49:00,25.88,25.88,25.87,25.87,0,0,9829
12776,2020-10-30 14:50:00,25.88,25.88,25.83,25.84,0,0,10358
12777,2020-10-30 14:51:00,25.84,25.86,25.83,25.85,0,0,9223
12778,2020-10-30 14:52:00,25.85,25.85,25.82,25.82,0,0,7434
12779,2020-10-30 14:53:00,25.82,25.85,25.81,25.85,0,0,9583
12780,2020-10-30 14:54:00,25.84,25.85,25.84,25.84,0,0,8061
12781,2020-10-30 14:55:00,25.84,25.87,25.83,25.86,0,0,6967
12782,2020-10-30 14:56:00,25.86,25.87,25.85,25.85,0,0,8056
12783,2020-10-30 14:57:00,25.86,25.87,25.85,25.87,0,0,5591
12784,2020-10-30 14:58:00,25.87,25.88,25.86,25.86,0,0,31797
12785,2020-10-30 14:59:00,25.86,25.87,25.82,25.82,0,0,66100
12786,2020-10-30 15:00:00,25.82,25.82,25.78,25.8,0,0,16120
12787,2020-10-30 15:01:00,25.8,25.85,25.8,25.81,0,0,16769
12788,2020-10-30 15:02:00,25.81,25.82,25.81,25.82,0,0,13918
12789,2020-10-30 15:03:00,25.82,25.82,25.8,25.8,0,0,11057
12790,2020-10-30 15:04:00,25.79,25.81,25.79,25.81,0,0,12462
12791,2020-10-30 15:05:00,25.81,25.82,25.76,25.76,0,0,13758
12792,2020-10-30 15:06:00,25.76,25.77,25.76,25.77,0,0,5202
12793,2020-10-30 15:07:00,25.76,25.78,25.76,25.77,0,0,12745
12794,2020-10-30 15:08:00,25.77,25.78,25.77,25.77,0,0,7179
12795,2020-10-30 15:09:00,25.76,25.77,25.76,25.76,0,0,4837
12796,2020-10-30 15:10:00,25.76,25.77,25.75,25.75,0,0,28343
12797,2020-10-30 15:11:00,25.75,25.82,25.75,25.79,0,0,18116
12798,2020-10-30 15:12:00,25.79,25.82,25.79,25.81,0,0,10536
12799,2020-10-30 15:13:00,25.8,25.82,25.79,25.8,0,0,12137
12800,2020-10-30 15:14:00,25.8,25.82,25.8,25.81,0,0,14454
12801,2020-10-30 15:15:00,25.8,25.82,25.78,25.81,0,0,19899
12802,2020-10-30 15:16:00,25.81,25.83,25.81,25.82,0,0,19888
12803,2020-10-30 15:17:00,25.82,25.82,25.78,25.78,0,0,24879
12804,2020-10-30 15:18:00,25.78,25.79,25.77,25.77,0,0,14190
12805,2020-10-30 15:19:00,25.78,25.81,25.78,25.8,0,0,34091
12806,2020-10-30 15:20:00,25.81,25.87,25.8,25.86,0,0,34057
12807,2020-10-30 15:21:00,25.85,25.86,25.84,25.84,0,0,20013
12808,2020-10-30 15:22:00,25.83,25.84,25.82,25.83,0,0,16282
12809,2020-10-30 15:23:00,25.83,25.84,25.81,25.81,0,0,105878
12810,2020-10-30 15:24:00,25.82,25.82,25.78,25.8,0,0,0
12811,2020-10-30 15:25:00,25.81,25.81,25.74,25.74,0,0,15576
12812,2020-10-30 15:26:00,25.74,25.75,25.67,25.68,0,0,116441
12813,2020-10-30 15:27:00,25.69,25.75,25.69,25.73,0,0,18963
12814,2020-10-30 15:28:00,25.72,25.74,25.7,25.73,0,0,44949
12815,2020-10-30 15:29:00,25.73,25.74,25.72,25.72,0,0,11911
12816,2020-10-30 15:30:00,25.73,25.74,25.71,25.73,0,0,19805
12817,2020-10-30 15:31:00,25.72,25.73,25.69,25.69,0,0,19231
12818,2020-10-30 15:32:00,25.7,25.7,25.65,25.65,0,0,18537
12819,2020-10-30 15:33:00,25.65,25.66,25.63,25.66,0,0,23131
12820,2020-10-30 15:34:00,25.66,25.69,25.65,25.68,0,0,17488
12821,2020-10-30 15:35:00,25.68,25.68,25.67,25.68,0,0,8342
12822,2020-10-30 15:36:00,25.67,25.68,25.61,25.61,0,0,40022
12823,2020-10-30 15:37:00,25.61,25.64,25.6,25.63,0,0,25024
12824,2020-10-30 15:38:00,25.63,25.67,25.63,25.65,0,0,33468
12825,2020-10-30 15:39:00,25.66,25.72,25.66,25.72,0,0,18261
12826,2020-10-30 15:40:00,25.72,25.74,25.67,25.67,0,0,40144
12827,2020-10-30 15:41:00,25.67,25.67,25.65,25.66,0,0,25365
12828,2020-10-30 15:42:00,25.65,25.65,25.62,25.62,0,0,61991
12829,2020-10-30 15:43:00,25.63,25.63,25.59,25.6,0,0,82582
12830,2020-10-30 15:44:00,25.6,25.67,25.6,25.66,0,0,89107
12831,2020-10-30 15:45:00,25.66,25.66,25.64,25.65,0,0,32042
12832,2020-10-30 15:46:00,25.65,25.65,25.6,25.6,0,0,59163
12833,2020-10-30 15:47:00,25.6,25.6,25.58,25.59,0,0,43395
12834,2020-10-30 15:48:00,25.6,25.61,25.58,25.59,0,0,39995
12835,2020-10-30 15:49:00,25.59,25.61,25.59,25.59,0,0,57419
12836,2020-10-30 15:50:00,25.59,25.62,25.58,25.58,0,0,89562
12837,2020-10-30 15:51:00,25.58,25.59,25.58,25.58,0,0,44991
12838,2020-10-30 15:52:00,25.58,25.59,25.57,25.59,0,0,53775
12839,2020-10-30 15:53:00,25.58,25.59,25.56,25.58,0,0,69597
12840,2020-10-30 15:54:00,25.58,25.64,25.58,25.58,0,0,111953
12841,2020-10-30 15:55:00,25.59,25.61,25.58,25.6,0,0,52731
12842,2020-10-30 15:56:00,25.6,25.62,25.6,25.6,0,0,149520
12843,2020-10-30 15:57:00,25.6,25.61,25.6,25.6,0,0,103807
12844,2020-10-30 15:58:00,25.61,25.61,25.59,25.6,0,0,213010
12845,2020-10-30 15:59:00,25.59,25.6,25.57,25.57,0,0,360145
